Rank,Year,Class_Name,Author_ID,Author_Name,Total_Papers,Final_Score,Raw_Trend_Score,Paper_List_Details
1,2022,컴퓨터학,329291404,김동회,4,2.3912,1.6156760000000001,"[기존 SARIMA와 GRU를 결합하는 새로운 하이브리드 단기 기상 데이터 예측 방법 제안]
   └ 학회: 한국디지털콘텐츠학회 (IF: 1.48)
--------------------------------
[MFCC 기반 환경음 분류 CNN에서 커널 사이즈와 풀링 레이어에 의한 성능분석]
   └ 학회: 한국디지털콘텐츠학회 (IF: 1.48)
--------------------------------
[딥러닝을 이용한 청각장애인 위험방지 및 STT 서비스의 통합 플랫폼 구현]
   └ 학회: 한국디지털콘텐츠학회 (IF: 1.48)
--------------------------------
[음질 개선을 위한 새로운 활성함수와 데이터 전처리를 가진 4단계 U-Net 신경망 제안]
   └ 학회: 한국디지털콘텐츠학회 (IF: 1.48)"
2,2022,컴퓨터학,855191866,정윤아,2,1.5021,1.014928,"[MFCC 기반 환경음 분류 CNN에서 커널 사이즈와 풀링 레이어에 의한 성능분석]
   └ 학회: 한국디지털콘텐츠학회 (IF: 1.48)
--------------------------------
[딥러닝을 이용한 청각장애인 위험방지 및 STT 서비스의 통합 플랫폼 구현]
   └ 학회: 한국디지털콘텐츠학회 (IF: 1.48)"
3,2022,컴퓨터학,867140693,김세하,2,1.3861,0.93657,"[딥러닝을 이용한 청각장애인 위험방지 및 STT 서비스의 통합 플랫폼 구현]
   └ 학회: 한국디지털콘텐츠학회 (IF: 1.48)
--------------------------------
[음질 개선을 위한 새로운 활성함수와 데이터 전처리를 가진 4단계 U-Net 신경망 제안]
   └ 학회: 한국디지털콘텐츠학회 (IF: 1.48)"
4,2022,컴퓨터학,899183614,송주환,3,0.9913,0.6697799999999999,"[펠티어 모듈과 PID 제어를 이용한 온도 정밀제어 시스템 개발]
   └ 학회: 한국디지털콘텐츠학회 (IF: 1.48)
--------------------------------
[딥러닝 기반의 가금류 객체 탐지 알고리즘]
   └ 학회: 한국디지털콘텐츠학회 (IF: 1.48)
--------------------------------
[딥러닝 기반 알고리즘을 활용한 산불 객체 탐지]
   └ 학회: 한국디지털콘텐츠학회 (IF: 1.48)"
5,2022,컴퓨터학,562214,이상진,22,0.9068,1.401117,"[얼굴 탐지 기술을 활용한 딥페이크 영상의 저작권 침해 여부 탐지]
   └ 학회: 한국디지털포렌식학회 (IF: 0.65)
--------------------------------
[HTML 및 URL 특징을 이용한 유해사이트 수집 시스템]
   └ 학회: 한국디지털포렌식학회 (IF: 0.65)
--------------------------------
[불법 웹툰 사이트 정보를 통한 사이트 연관성 분석]
   └ 학회: 한국디지털포렌식학회 (IF: 0.65)
--------------------------------
[Memcached 데이터베이스 디지털 포렌식 조사 기법 연구: 안티-포렌식 대응방안을 중점으로]
   └ 학회: 한국디지털포렌식학회 (IF: 0.65)
--------------------------------
[PC 환경에서 보안 메신저 Wire 앱의 사용자 데이터 캐싱 메커니즘 연구]
   └ 학회: 한국디지털포렌식학회 (IF: 0.65)
--------------------------------
[비트코인 지갑의 아티팩트 분석 연구]
   └ 학회: 한국디지털포렌식학회 (IF: 0.65)
--------------------------------
[사이버 위협정보 검색 서비스를 활용한 불법사이트 실 IP 주소 추적 기법]
   └ 학회: 한국디지털포렌식학회 (IF: 0.65)
--------------------------------
[경 · 검 수사권 조정에 따른 디지털증거 인수 · 인계 과정상 증거능력 유지방안]
   └ 학회: 한국디지털포렌식학회 (IF: 0.65)
--------------------------------
[상품권 탈취형 메신저 피싱 대응 방안]
   └ 학회: 한국디지털포렌식학회 (IF: 0.65)
--------------------------------
[한글(HWP) 클립보드 임시파일과 텔레메트리 데이터를 활용한 문서 편집 이력 추적 연구]
   └ 학회: 한국디지털포렌식학회 (IF: 0.65)
--------------------------------
[무선 디지털카메라의 소유자 특정 방안에 대한 연구]
   └ 학회: 한국디지털포렌식학회 (IF: 0.65)
--------------------------------
[모바일 앱 아티팩트 데이터베이스 구축 및 관리 방안]
   └ 학회: 한국디지털포렌식학회 (IF: 0.65)
--------------------------------
[델파이기법을 활용한 디지털증거 관련 압수수색 현장에서 피압수자 참여 및 수색방법 개선방안]
   └ 학회: 한국디지털포렌식학회 (IF: 0.65)
--------------------------------
[안드로이드 환경에서의 Telegram X 메신저 아티팩트 분석]
   └ 학회: 한국디지털포렌식학회 (IF: 0.65)
--------------------------------
[PDF 파일 내 생성프로그램 특징 및 출처 조사 기법 연구]
   └ 학회: 한국디지털포렌식학회 (IF: 0.65)
--------------------------------
[윈도우 환경에서의 Wickr 메신저 포렌식 분석]
   └ 학회: 한국디지털포렌식학회 (IF: 0.65)
--------------------------------
[현장 대응용 리눅스 기반 서버 정보 식별 및 데이터 수집 시스템]
   └ 학회: 한국디지털포렌식학회 (IF: 0.65)
--------------------------------
[Windows 11에 설치된 Windows Subsystem for Android 포렌식 기법]
   └ 학회: 한국디지털포렌식학회 (IF: 0.65)
--------------------------------
[안드로이드 기기 내 파일 공유 어플리케이션에 관한 디지털 포렌식 연구]
   └ 학회: 한국디지털포렌식학회 (IF: 0.65)
--------------------------------
[정찰 드론 보안성 평가 기준에 대한 연구]
   └ 학회: 한국정보보호학회 (IF: 0.39)
--------------------------------
[메신저피싱 경험사례 분석을 통한 대응방안 연구]
   └ 학회: 한국정보보호학회 (IF: 0.39)
--------------------------------
[악성코드 대응을 위한 신뢰할 수 있는 AI 프레임워크]
   └ 학회: 한국정보보호학회 (IF: 0.39)"
6,2022,컴퓨터학,114009371,김진술,6,0.8546,0.577426,"[이미지 내 객체 분류를 위한 노드 가지치기 기반 압축된 심층 합성곱 신경망 모델]
   └ 학회: 한국디지털콘텐츠학회 (IF: 1.48)
--------------------------------
[전력 사용량 데이터 패턴 분석을 위한 시계열 이미지 생성 방안 연구]
   └ 학회: 한국디지털콘텐츠학회 (IF: 1.48)
--------------------------------
[Development of a Smart Wearable Anti-drowning System for Swimmers]
   └ 학회: 한국디지털콘텐츠학회 (IF: 1.48)
--------------------------------
[Pre-processing optimization for learning power consumption prediction models]
   └ 학회: 한국디지털콘텐츠학회 (IF: 1.48)
--------------------------------
[A Survey on Microservices Use Cases for AI based Application on Hybrid Cloud]
   └ 학회: 한국디지털콘텐츠학회 (IF: 1.48)
--------------------------------
[An Internet of Things (IoT)-based Veterinary Support System for Livestock Skin Disease Health Care using MobileNetV2]
   └ 학회: 한국디지털콘텐츠학회 (IF: 1.48)"
7,2022,컴퓨터학,411188298,우탁,6,0.8477,0.5727609999999999,"[합성곱 신경망 알고리즘이 도입된 인공지능 인지 시스템을 통한 게임 AI의 행동 메커니즘 향상 및 FPS 게임의 난이도 조절 방법론 제안]
   └ 학회: 한국디지털콘텐츠학회 (IF: 1.48)
--------------------------------
[모바일 수집형 RPG의 사용자 분석 : “쿠키런: 킹덤”을 중심으로]
   └ 학회: 한국디지털콘텐츠학회 (IF: 1.48)
--------------------------------
[메타버스 플랫폼에서의 지속적인 몰입 요소 분석 연구]
   └ 학회: 한국디지털콘텐츠학회 (IF: 1.48)
--------------------------------
[디자인적 사고 방법론에 기반한 온라인 화상 미팅 애플리케이션 디자인]
   └ 학회: 한국디지털콘텐츠학회 (IF: 1.48)
--------------------------------
[미취학 아동을 위한 VR 교육 콘텐츠 개발 연구]
   └ 학회: 한국디지털콘텐츠학회 (IF: 1.48)
--------------------------------
[동체시력훈련을 위한 기능성게임 개발]
   └ 학회: 한국디지털콘텐츠학회 (IF: 1.48)"
8,2022,컴퓨터학,558801067,민정익,2,0.838,0.566234,"[합성곱 신경망을 통한 조도 변화에 따른 생활 폐기물 분류]
   └ 학회: 한국디지털콘텐츠학회 (IF: 1.48)
--------------------------------
[CNN 기반 사과의 품질 등급 분류를 위한 영향력 있는 색상 채널 탐색]
   └ 학회: 한국디지털콘텐츠학회 (IF: 1.48)"
9,2022,컴퓨터학,351775880,김청원,2,0.7897,0.533584,"[전문가 평가를 활용한 정량적 음원 퀄리티 분류 시스템]
   └ 학회: 한국디지털콘텐츠학회 (IF: 1.48)
--------------------------------
[정성 정보를 활용한 주가 급락 예측 연구]
   └ 학회: 한국디지털콘텐츠학회 (IF: 1.48)"
10,2022,컴퓨터학,905262820,박정흠,12,0.7737,1.190296,"[PC 환경에서 보안 메신저 Wire 앱의 사용자 데이터 캐싱 메커니즘 연구]
   └ 학회: 한국디지털포렌식학회 (IF: 0.65)
--------------------------------
[한글(HWP) 클립보드 임시파일과 텔레메트리 데이터를 활용한 문서 편집 이력 추적 연구]
   └ 학회: 한국디지털포렌식학회 (IF: 0.65)
--------------------------------
[무선 디지털카메라의 소유자 특정 방안에 대한 연구]
   └ 학회: 한국디지털포렌식학회 (IF: 0.65)
--------------------------------
[모바일 앱 아티팩트 데이터베이스 구축 및 관리 방안]
   └ 학회: 한국디지털포렌식학회 (IF: 0.65)
--------------------------------
[안드로이드 환경에서의 Telegram X 메신저 아티팩트 분석]
   └ 학회: 한국디지털포렌식학회 (IF: 0.65)
--------------------------------
[PDF 파일 내 생성프로그램 특징 및 출처 조사 기법 연구]
   └ 학회: 한국디지털포렌식학회 (IF: 0.65)
--------------------------------
[윈도우 환경에서의 Wickr 메신저 포렌식 분석]
   └ 학회: 한국디지털포렌식학회 (IF: 0.65)
--------------------------------
[현장 대응용 리눅스 기반 서버 정보 식별 및 데이터 수집 시스템]
   └ 학회: 한국디지털포렌식학회 (IF: 0.65)
--------------------------------
[Windows 11에 설치된 Windows Subsystem for Android 포렌식 기법]
   └ 학회: 한국디지털포렌식학회 (IF: 0.65)
--------------------------------
[안드로이드 기기 내 파일 공유 어플리케이션에 관한 디지털 포렌식 연구]
   └ 학회: 한국디지털포렌식학회 (IF: 0.65)
--------------------------------
[Windows 시스템 및 지갑 앱 아티팩트 분석을 통한 암호화폐 수사 지원 기술 연구]
   └ 학회: 한국디지털포렌식학회 (IF: 0.65)
--------------------------------
[메타마스크(MetaMask) 암호화폐 지갑 아티팩트 분석]
   └ 학회: 한국디지털포렌식학회 (IF: 0.65)"
11,2022,컴퓨터학,349093302,정예진,1,0.751,0.507464,"[딥러닝을 이용한 청각장애인 위험방지 및 STT 서비스의 통합 플랫폼 구현]
   └ 학회: 한국디지털콘텐츠학회 (IF: 1.48)"
12,2022,컴퓨터학,432028987,안정근,1,0.6613,0.4468289999999999,"[합성곱 신경망 알고리즘이 도입된 인공지능 인지 시스템을 통한 게임 AI의 행동 메커니즘 향상 및 FPS 게임의 난이도 조절 방법론 제안]
   └ 학회: 한국디지털콘텐츠학회 (IF: 1.48)"
13,2022,컴퓨터학,831431067,김철년,1,0.624,0.42164199999999996,"[유튜브 알고리즘 요인 탐색을 위한 역공학설계 연구 - 머신러닝과 딥러닝 응용을 중심으로]
   └ 학회: 한국디지털콘텐츠학회 (IF: 1.48)"
14,2022,컴퓨터학,311820606,배승주,1,0.624,0.42164199999999996,"[유튜브 알고리즘 요인 탐색을 위한 역공학설계 연구 - 머신러닝과 딥러닝 응용을 중심으로]
   └ 학회: 한국디지털콘텐츠학회 (IF: 1.48)"
15,2022,컴퓨터학,464001604,하윤수,1,0.624,0.42164199999999996,"[유튜브 알고리즘 요인 탐색을 위한 역공학설계 연구 - 머신러닝과 딥러닝 응용을 중심으로]
   └ 학회: 한국디지털콘텐츠학회 (IF: 1.48)"
16,2022,컴퓨터학,872250,이상호,1,0.624,0.42164199999999996,"[유튜브 알고리즘 요인 탐색을 위한 역공학설계 연구 - 머신러닝과 딥러닝 응용을 중심으로]
   └ 학회: 한국디지털콘텐츠학회 (IF: 1.48)"
17,2022,컴퓨터학,215477876,서경진,3,0.6047,0.40858399999999995,"[스크립트를 활용한 아바타 콘텐츠 제작 시스템]
   └ 학회: 한국디지털콘텐츠학회 (IF: 1.48)
--------------------------------
[스캔 기반의 게임 캐릭터로 만든 실사형 얼굴 랜드마크 데이터세트]
   └ 학회: 한국디지털콘텐츠학회 (IF: 1.48)
--------------------------------
[KLSG : 한국어 기반 대용량 음성 행동 데이터셋]
   └ 학회: 한국디지털콘텐츠학회 (IF: 1.48)"
18,2022,컴퓨터학,761385466,강환수,1,0.6047,0.40858399999999995,"[텐서플로 기반 딥러닝 수업 모형 개발]
   └ 학회: 한국디지털콘텐츠학회 (IF: 1.48)"
19,2022,컴퓨터학,632311715,조진형,1,0.6047,0.40858399999999995,"[텐서플로 기반 딥러닝 수업 모형 개발]
   └ 학회: 한국디지털콘텐츠학회 (IF: 1.48)"
20,2022,컴퓨터학,361077180,김희천,1,0.6047,0.40858399999999995,"[텐서플로 기반 딥러닝 수업 모형 개발]
   └ 학회: 한국디지털콘텐츠학회 (IF: 1.48)"
21,2022,컴퓨터학,398956311,오상원,5,0.5426,0.366605,"[이미지 내 객체 분류를 위한 노드 가지치기 기반 압축된 심층 합성곱 신경망 모델]
   └ 학회: 한국디지털콘텐츠학회 (IF: 1.48)
--------------------------------
[전력 사용량 데이터 패턴 분석을 위한 시계열 이미지 생성 방안 연구]
   └ 학회: 한국디지털콘텐츠학회 (IF: 1.48)
--------------------------------
[RF energy harvesting system for charging mobile phones]
   └ 학회: 한국디지털콘텐츠학회 (IF: 1.48)
--------------------------------
[Pre-processing optimization for learning power consumption prediction models]
   └ 학회: 한국디지털콘텐츠학회 (IF: 1.48)
--------------------------------
[A Survey on Microservices Use Cases for AI based Application on Hybrid Cloud]
   └ 학회: 한국디지털콘텐츠학회 (IF: 1.48)"
22,2022,컴퓨터학,102154858,이은주,1,0.5398,0.36474,"[CNN 기반 사과의 품질 등급 분류를 위한 영향력 있는 색상 채널 탐색]
   └ 학회: 한국디지털콘텐츠학회 (IF: 1.48)"
23,2022,컴퓨터학,484740911,김윤,3,0.5297,0.7677269999999999,"[자유 앵커 방식과 합성곱 신경망을 이용한 강인한 실시간 번호판 인식 시스템]
   └ 학회: 한국컴퓨터정보학회 (IF: 0.69)
--------------------------------
[EMR 데이터를 활용한 욕창 발생 방지 및 데이터 처리 방법]
   └ 학회: 한국컴퓨터정보학회 (IF: 0.69)
--------------------------------
[소형 스케일 객체 탐지 레이블 재할당 기법]
   └ 학회: 한국컴퓨터정보학회 (IF: 0.69)"
24,2022,컴퓨터학,624091182,오승민,1,0.5108,0.34515,"[이미지 내 객체 분류를 위한 노드 가지치기 기반 압축된 심층 합성곱 신경망 모델]
   └ 학회: 한국디지털콘텐츠학회 (IF: 1.48)"
25,2022,컴퓨터학,417917031,김영광,1,0.5108,0.34515,"[이미지 내 객체 분류를 위한 노드 가지치기 기반 압축된 심층 합성곱 신경망 모델]
   └ 학회: 한국디지털콘텐츠학회 (IF: 1.48)"
26,2022,컴퓨터학,571818740,신혜주,1,0.5108,0.34515,"[이미지 내 객체 분류를 위한 노드 가지치기 기반 압축된 심층 합성곱 신경망 모델]
   └ 학회: 한국디지털콘텐츠학회 (IF: 1.48)"
27,2022,컴퓨터학,211162484,이평화,1,0.4956,0.33488999999999997,"[딥러닝 기반 알고리즘을 활용한 산불 객체 탐지]
   └ 학회: 한국디지털콘텐츠학회 (IF: 1.48)"
28,2022,컴퓨터학,339959292,김명호,2,0.4853,0.703359,"[유튜브 기반 교육용 동영상 추천 시스템 설계 및 구현]
   └ 학회: 한국컴퓨터정보학회 (IF: 0.69)
--------------------------------
[1인 가구 환경에서 프라이버시 보호 영상을 활용한 위험 행동 인식에 관한 연구]
   └ 학회: 한국컴퓨터정보학회 (IF: 0.69)"
29,2022,컴퓨터학,912281206,이영선,3,0.4832,0.326492,"[일반 및 특수 교육과정에서의 가상현실(VR) 적용 연구 고찰]
   └ 학회: 한국디지털콘텐츠학회 (IF: 1.48)
--------------------------------
[학령기 교육 분야에서의 메타버스 중재 연구 동향 분석]
   └ 학회: 한국디지털콘텐츠학회 (IF: 1.48)
--------------------------------
[성인 초기 장애인을 위한 메타버스 기반 고용가능성 증진 프로그램 개발]
   └ 학회: 한국디지털콘텐츠학회 (IF: 1.48)"
30,2022,컴퓨터학,987364986,황인호,8,0.4755,0.330222,"[메타버스 공동체 의식이 메타버스 요청지원 의도에 미치는 영향: 디지털 역량의 조절 효과]
   └ 학회: 한국디지털콘텐츠학회 (IF: 1.48)
--------------------------------
[정보보안 관련 조직 공정성이 조직원의 자기결정성을 통해 제언 행동에 미치는 영향]
   └ 학회: 한국디지털콘텐츠학회 (IF: 1.48)
--------------------------------
[조직 업무 환경과 조직 지원이 지식관리시스템 수용에 미치는 영향: 기술수용모델의 역할]
   └ 학회: 한국디지털콘텐츠학회 (IF: 1.48)
--------------------------------
[조직 내 정보보안 작업 복잡성과 경쟁적 분위기에 따른 정보보안 가치 차이의 영향]
   └ 학회: 한국디지털콘텐츠학회 (IF: 1.48)
--------------------------------
[메타버스 원격실재감이 상호작용 관련 가치를 통해 지속적 이용 의도에 미치는 영향: 메타버스 플랫폼 신뢰의 조절 효과]
   └ 학회: 한국디지털콘텐츠학회 (IF: 1.48)
--------------------------------
[메타버스 관련 자기결정성이 내적 동기를 통해 지속적 이용 의도에 미치는 영향: 구성원 신뢰의 조절 효과]
   └ 학회: 한국전자거래학회 (IF: 1.36)
--------------------------------
[지식관리시스템 품질과 업무 환경이 조직원의 지식공유에 미치는 영향: 기술수용모델의 확장]
   └ 학회: 한국전자거래학회 (IF: 1.36)
--------------------------------
[정보보안 조직 공정성과 긍정심리자본이 업무 스트레스 완화에 미치는 영향 연구]
   └ 학회: 한국정보보호학회 (IF: 0.39)"
31,2022,컴퓨터학,848944200,명현정,1,0.4666,0.31529999999999997,"[딥러닝 기반의 가금류 객체 탐지 알고리즘]
   └ 학회: 한국디지털콘텐츠학회 (IF: 1.48)"
32,2022,컴퓨터학,337794217,윤성심,1,0.4528,0.305971,"[초단시간 강우예측을 위한 U-Net 기반 재귀적 예측 모델]
   └ 학회: 한국디지털콘텐츠학회 (IF: 1.48)"
33,2022,컴퓨터학,284038624,윤종찬,1,0.4339,0.319032,"[데이터 융합을 위한 관계형 테이블 임베딩 기법]
   └ 학회: 한국전자거래학회 (IF: 1.36)"
34,2022,컴퓨터학,264256,김한준,1,0.4339,0.319032,"[데이터 융합을 위한 관계형 테이블 임베딩 기법]
   └ 학회: 한국전자거래학회 (IF: 1.36)"
35,2022,컴퓨터학,328635580,김미서,1,0.4307,0.29104599999999997,"[딥러닝 기반 수어 교육 온라인 플랫폼 구현]
   └ 학회: 한국디지털콘텐츠학회 (IF: 1.48)"
36,2022,컴퓨터학,259613873,유문희,1,0.4307,0.29104599999999997,"[딥러닝 기반 수어 교육 온라인 플랫폼 구현]
   └ 학회: 한국디지털콘텐츠학회 (IF: 1.48)"
37,2022,컴퓨터학,256604097,장지현,1,0.4307,0.29104599999999997,"[딥러닝 기반 수어 교육 온라인 플랫폼 구현]
   └ 학회: 한국디지털콘텐츠학회 (IF: 1.48)"
38,2022,컴퓨터학,406958610,최정윤,1,0.4307,0.29104599999999997,"[딥러닝 기반 수어 교육 온라인 플랫폼 구현]
   └ 학회: 한국디지털콘텐츠학회 (IF: 1.48)"
39,2022,컴퓨터학,626636718,나고은,1,0.4307,0.29104599999999997,"[딥러닝 기반 수어 교육 온라인 플랫폼 구현]
   └ 학회: 한국디지털콘텐츠학회 (IF: 1.48)"
40,2022,컴퓨터학,638058853,김미숙,1,0.4307,0.29104599999999997,"[딥러닝 기반 수어 교육 온라인 플랫폼 구현]
   └ 학회: 한국디지털콘텐츠학회 (IF: 1.48)"
41,2022,컴퓨터학,715659021,나정조,1,0.4307,0.29104599999999997,"[딥러닝 기반 수어 교육 온라인 플랫폼 구현]
   └ 학회: 한국디지털콘텐츠학회 (IF: 1.48)"
42,2022,컴퓨터학,529227809,양장훈,1,0.4225,0.285448,"[Reinforcement Learning for the Consensus of a Multi-agent System with Unknown Time Varying Delays]
   └ 학회: 한국디지털콘텐츠학회 (IF: 1.48)"
43,2022,컴퓨터학,562614395,신윤종,1,0.4128,0.278919,"[디지털 트윈 환경에서의 이상치 탐지 알고리즘 비교분석]
   └ 학회: 한국디지털콘텐츠학회 (IF: 1.48)"
44,2022,컴퓨터학,897327314,이남연,1,0.4128,0.278919,"[디지털 트윈 환경에서의 이상치 탐지 알고리즘 비교분석]
   └ 학회: 한국디지털콘텐츠학회 (IF: 1.48)"
45,2022,컴퓨터학,948080461,손태식,8,0.4054,0.410447,"[RMF를 활용한 정보보호 관리제도 발전 방안]
   └ 학회: 한국디지털콘텐츠학회 (IF: 1.48)
--------------------------------
[Google Rapid Response 기반 랜섬웨어 공격 대응 방안]
   └ 학회: 한국디지털콘텐츠학회 (IF: 1.48)
--------------------------------
[LSTM Autoencoder 기반 내부자 데이터 유출 징후 탐지]
   └ 학회: 한국디지털콘텐츠학회 (IF: 1.48)
--------------------------------
[사무용 SW 프로세스 메모리 데이터 분석]
   └ 학회: 한국디지털포렌식학회 (IF: 0.65)
--------------------------------
[중고거래 어플리케이션에서의 아티팩트 수집 및 분석]
   └ 학회: 한국디지털포렌식학회 (IF: 0.65)
--------------------------------
[랜섬웨어에서 메모리 덤프를 통한 파일 복호화에 관한 연구]
   └ 학회: 한국디지털포렌식학회 (IF: 0.65)
--------------------------------
[webOS 기반 스마트 TV 아티팩트 분석]
   └ 학회: 한국디지털포렌식학회 (IF: 0.65)
--------------------------------
[스마트홈 가전 및 IoT 기기 포렌식을 통한 범죄 수사에 사용될 수 있는 아티팩트 획득]
   └ 학회: 한국디지털포렌식학회 (IF: 0.65)"
46,2022,컴퓨터학,642847800,김남규,2,0.4016,0.5820919999999999,"[저해상 동양화 객체 탐지의 효율성 향상을 위한 이미지 초고해상화 기반 선택적 레이블링 방법론]
   └ 학회: 한국컴퓨터정보학회 (IF: 0.69)
--------------------------------
[이질적 지식증류를 활용한 텍스트 분류 방법론]
   └ 학회: 한국컴퓨터정보학회 (IF: 0.69)"
47,2022,컴퓨터학,919379237,한영석,1,0.3958,0.29104599999999997,"[C-ITS를 위한 CCTV 영상의 실시간 동적 객체 탐지 가속화]
   └ 학회: 한국전자거래학회 (IF: 1.36)"
48,2022,컴퓨터학,5497834,정재윤,1,0.3958,0.29104599999999997,"[C-ITS를 위한 CCTV 영상의 실시간 동적 객체 탐지 가속화]
   └ 학회: 한국전자거래학회 (IF: 1.36)"
49,2022,컴퓨터학,5494281,박태정,3,0.3949,0.266792,"[비유클리드 공간 분할을 위한 구면좌표계 기반 Octree의 특징과 한계 분석]
   └ 학회: 한국디지털콘텐츠학회 (IF: 1.48)
--------------------------------
[CNN 기반 CCTV 동영상 내 보행자 응급 상황 자동 감지 기술 연구]
   └ 학회: 한국디지털콘텐츠학회 (IF: 1.48)
--------------------------------
[서로 다른 색상 공간을 가지는 스테레오 이미지에서 마스크를 착용한 사람들에 대한 3차원 공간 정보 획득]
   └ 학회: 한국디지털콘텐츠학회 (IF: 1.48)"
50,2022,컴퓨터학,646145544,김지훈,2,0.3949,0.266792,"[스크립트를 활용한 아바타 콘텐츠 제작 시스템]
   └ 학회: 한국디지털콘텐츠학회 (IF: 1.48)
--------------------------------
[스캔 기반의 게임 캐릭터로 만든 실사형 얼굴 랜드마크 데이터세트]
   └ 학회: 한국디지털콘텐츠학회 (IF: 1.48)"
51,2022,컴퓨터학,130986249,안영은,1,0.3949,0.266792,"[랜드마크 기반 앙상블 네트워크를 이용한 얼굴 표정 분류]
   └ 학회: 한국디지털콘텐츠학회 (IF: 1.48)"
52,2022,컴퓨터학,928895574,이지민,1,0.3949,0.266792,"[랜드마크 기반 앙상블 네트워크를 이용한 얼굴 표정 분류]
   └ 학회: 한국디지털콘텐츠학회 (IF: 1.48)"
53,2022,컴퓨터학,441564042,김민구,1,0.3949,0.266792,"[랜드마크 기반 앙상블 네트워크를 이용한 얼굴 표정 분류]
   └ 학회: 한국디지털콘텐츠학회 (IF: 1.48)"
54,2022,컴퓨터학,266104655,반성범,1,0.3949,0.266792,"[랜드마크 기반 앙상블 네트워크를 이용한 얼굴 표정 분류]
   └ 학회: 한국디지털콘텐츠학회 (IF: 1.48)"
55,2022,컴퓨터학,423439423,송인서,1,0.3949,0.266792,"[CNN 기반 CCTV 동영상 내 보행자 응급 상황 자동 감지 기술 연구]
   └ 학회: 한국디지털콘텐츠학회 (IF: 1.48)"
56,2022,컴퓨터학,925863225,전태흘,1,0.3949,0.266792,"[전문가 평가를 활용한 정량적 음원 퀄리티 분류 시스템]
   └ 학회: 한국디지털콘텐츠학회 (IF: 1.48)"
57,2022,컴퓨터학,762176320,이유림,1,0.3949,0.266792,"[전문가 평가를 활용한 정량적 음원 퀄리티 분류 시스템]
   └ 학회: 한국디지털콘텐츠학회 (IF: 1.48)"
58,2022,컴퓨터학,666373664,정지수,1,0.3949,0.266792,"[정성 정보를 활용한 주가 급락 예측 연구]
   └ 학회: 한국디지털콘텐츠학회 (IF: 1.48)"
59,2022,컴퓨터학,665508673,최정우,1,0.3949,0.266792,"[스캔 기반의 게임 캐릭터로 만든 실사형 얼굴 랜드마크 데이터세트]
   └ 학회: 한국디지털콘텐츠학회 (IF: 1.48)"
60,2022,컴퓨터학,775018623,최인호,1,0.3949,0.266792,"[스캔 기반의 게임 캐릭터로 만든 실사형 얼굴 랜드마크 데이터세트]
   └ 학회: 한국디지털콘텐츠학회 (IF: 1.48)"
61,2022,컴퓨터학,553888986,김태종,4,0.3838,0.25933000000000006,"[뉴스 빅데이터 활용 메타버스 트렌드 분석]
   └ 학회: 한국디지털콘텐츠학회 (IF: 1.48)
--------------------------------
[토픽 모델링 기반 한국사회 트라우마 이슈 분석]
   └ 학회: 한국디지털콘텐츠학회 (IF: 1.48)
--------------------------------
[토픽 모델링 기반 디지털 전환(Digital Transformation) 동향 분석 : 1994~2021년 뉴스 빅데이터를 중심으로]
   └ 학회: 한국디지털콘텐츠학회 (IF: 1.48)
--------------------------------
[뉴스 빅데이터 기반 탄소중립 토픽 분석: 2006~2022년 국내 언론보도를 중심으로]
   └ 학회: 한국디지털콘텐츠학회 (IF: 1.48)"
62,2022,컴퓨터학,557678391,문남미,2,0.3682,0.533584,"[딥러닝 기반 반려동물 모니터링 시스템 및 활동 인식 장치]
   └ 학회: 한국컴퓨터정보학회 (IF: 0.69)
--------------------------------
[이미지와 센서 데이터를 활용한 딥러닝 기반 반려동물 이상행동 탐지 서비스]
   └ 학회: 한국컴퓨터정보학회 (IF: 0.69)"
63,2022,컴퓨터학,464797324,홍민성,1,0.3628,0.266792,"[심층 융합 기반 다중 대상 교차 도메인 추천]
   └ 학회: 한국전자거래학회 (IF: 1.36)"
64,2022,컴퓨터학,382279137,강성은,1,0.3628,0.266792,"[심층 융합 기반 다중 대상 교차 도메인 추천]
   └ 학회: 한국전자거래학회 (IF: 1.36)"
65,2022,컴퓨터학,823853231,정남호,1,0.3628,0.266792,"[심층 융합 기반 다중 대상 교차 도메인 추천]
   └ 학회: 한국전자거래학회 (IF: 1.36)"
66,2022,컴퓨터학,172502,이정민,1,0.3498,0.349815,"[사용자 경험 향상을 위한 딥러닝 기반 차량용 AR 매뉴얼]
   └ 학회: 한국컴퓨터그래픽스학회 (IF: 1.0)"
67,2022,컴퓨터학,433751128,김준학,1,0.3498,0.349815,"[사용자 경험 향상을 위한 딥러닝 기반 차량용 AR 매뉴얼]
   └ 학회: 한국컴퓨터그래픽스학회 (IF: 1.0)"
68,2022,컴퓨터학,766243432,석정원,1,0.3498,0.349815,"[사용자 경험 향상을 위한 딥러닝 기반 차량용 AR 매뉴얼]
   └ 학회: 한국컴퓨터그래픽스학회 (IF: 1.0)"
69,2022,컴퓨터학,218003126,박진호,1,0.3498,0.349815,"[사용자 경험 향상을 위한 딥러닝 기반 차량용 AR 매뉴얼]
   └ 학회: 한국컴퓨터그래픽스학회 (IF: 1.0)"
70,2022,컴퓨터학,753726512,홍헬렌,2,0.3312,0.331158,"[비소세포폐암 환자의 재발 예측을 위한 흉부 CT 영상 패치 기반 CNN 분류 및 시각화]
   └ 학회: 한국컴퓨터그래픽스학회 (IF: 1.0)
--------------------------------
[GAN 기반 의료영상 생성 모델에 대한 품질 및 다양성 평가 및 분석]
   └ 학회: 한국컴퓨터그래픽스학회 (IF: 1.0)"
71,2022,컴퓨터학,871455448,안부영,3,0.3286,0.22201600000000005,"[뉴스 빅데이터 활용 메타버스 트렌드 분석]
   └ 학회: 한국디지털콘텐츠학회 (IF: 1.48)
--------------------------------
[토픽 모델링 기반 디지털 전환(Digital Transformation) 동향 분석 : 1994~2021년 뉴스 빅데이터를 중심으로]
   └ 학회: 한국디지털콘텐츠학회 (IF: 1.48)
--------------------------------
[뉴스 빅데이터 기반 탄소중립 토픽 분석: 2006~2022년 국내 언론보도를 중심으로]
   └ 학회: 한국디지털콘텐츠학회 (IF: 1.48)"
72,2022,컴퓨터학,445185296,마세리,1,0.3256,0.325561,"[비소세포폐암 환자의 재발 예측을 위한 흉부 CT 영상 패치 기반 CNN 분류 및 시각화]
   └ 학회: 한국컴퓨터그래픽스학회 (IF: 1.0)"
73,2022,컴퓨터학,384052263,안가희,1,0.3256,0.325561,"[비소세포폐암 환자의 재발 예측을 위한 흉부 CT 영상 패치 기반 CNN 분류 및 시각화]
   └ 학회: 한국컴퓨터그래픽스학회 (IF: 1.0)"
74,2022,컴퓨터학,1172204,조민수,2,0.3231,0.21828399999999998,"[휴리스틱 클러스터링을 활용한 다중 문서 요약 시스템 : 반도체 산업 사례]
   └ 학회: 한국디지털콘텐츠학회 (IF: 1.48)
--------------------------------
[추천 시스템의 편향 및 사용자 만족도 탐구: 체계적 문헌고찰 방법을 중심으로]
   └ 학회: 한국디지털콘텐츠학회 (IF: 1.48)"
75,2022,컴퓨터학,539786221,조규철,4,0.3199,0.463622,"[Development of Optimal Bus Dispatch Simulation for Greenhouse Gas Reduction]
   └ 학회: 한국컴퓨터정보학회 (IF: 0.69)
--------------------------------
[Heart Disease Prediction Using Decision Tree With Kaggle Dataset]
   └ 학회: 한국컴퓨터정보학회 (IF: 0.69)
--------------------------------
[Prediction of Solar Photovoltaic Power Generation by Weather Using LSTM]
   └ 학회: 한국컴퓨터정보학회 (IF: 0.69)
--------------------------------
[Gender Classification of Speakers Using SVM]
   └ 학회: 한국컴퓨터정보학회 (IF: 0.69)"
76,2022,컴퓨터학,646674279,최현수,2,0.3186,0.46175599999999994,"[EMR 데이터를 활용한 욕창 발생 방지 및 데이터 처리 방법]
   └ 학회: 한국컴퓨터정보학회 (IF: 0.69)
--------------------------------
[소형 스케일 객체 탐지 레이블 재할당 기법]
   └ 학회: 한국컴퓨터정보학회 (IF: 0.69)"
77,2022,컴퓨터학,762761028,김수균,6,0.3167,0.458958,"[A Method of Dog Recognition using Nose Print and Landmarks]
   └ 학회: 한국컴퓨터정보학회 (IF: 0.69)
--------------------------------
[반려동물용 BCG 센싱 데이터에서 호흡 및 맥박 신호를 분리하는 방법]
   └ 학회: 한국컴퓨터정보학회 (IF: 0.69)
--------------------------------
[Design of Fishing Game Based on a Cross-Platform Server]
   └ 학회: 한국컴퓨터정보학회 (IF: 0.69)
--------------------------------
[얼굴이미지열 예측 자기주도학습을 통한 자동표정인식 연구]
   └ 학회: 한국컴퓨터정보학회 (IF: 0.69)
--------------------------------
[증강현실 기술을 이용한 화학 학습 어플리케이션 디자인]
   └ 학회: 한국컴퓨터정보학회 (IF: 0.69)
--------------------------------
[Design of Action Game Using Three-Dimensional Map and Interactions between In-Game Objects]
   └ 학회: 한국컴퓨터정보학회 (IF: 0.69)"
78,2022,컴퓨터학,744480,김기범,6,0.3129,0.50373,"[문서보안이 설정된 이메일 첨부파일의 효율적 분석을 위한 도구 설계 - 범죄수사와 e-Discovery 활용을 목적으로 -]
   └ 학회: 한국디지털포렌식학회 (IF: 0.65)
--------------------------------
[어플리케이션의 음성녹음 파일에 대한 위변조 탐지 연구]
   └ 학회: 한국디지털포렌식학회 (IF: 0.65)
--------------------------------
[보이스피싱 심박스 분석 및 수사활용 방안에 관한 연구]
   └ 학회: 한국디지털포렌식학회 (IF: 0.65)
--------------------------------
[온라인수색 이용 랜섬웨어 조직의 가상자산 압수방안]
   └ 학회: 한국디지털포렌식학회 (IF: 0.65)
--------------------------------
[활성시스템에서 이더리움 지갑 포렌식 방안 연구]
   └ 학회: 한국디지털포렌식학회 (IF: 0.65)
--------------------------------
[안보사건에서 스테가노그라피 분석 및 형사법적 대응방안]
   └ 학회: 한국정보보호학회 (IF: 0.39)"
79,2022,컴퓨터학,607871110,Ibrahim Aliyu,4,0.312,0.21082099999999998,"[RF energy harvesting system for charging mobile phones]
   └ 학회: 한국디지털콘텐츠학회 (IF: 1.48)
--------------------------------
[An Internet of Things (IoT)-based Veterinary Support System for Livestock Skin Disease Health Care using MobileNetV2]
   └ 학회: 한국디지털콘텐츠학회 (IF: 1.48)
--------------------------------
[Intelligent Bi-modal Timetable-aware Biometric Attendance System for Enhanced Classroom Attendance]
   └ 학회: 한국디지털콘텐츠학회 (IF: 1.48)
--------------------------------
[Development of Animal Health Monitoring System based on Wireless Sensor Network]
   └ 학회: 한국디지털콘텐츠학회 (IF: 1.48)"
80,2022,컴퓨터학,299691424,Maliki Danlami,3,0.312,0.21082099999999998,"[An Internet of Things (IoT)-based Veterinary Support System for Livestock Skin Disease Health Care using MobileNetV2]
   └ 학회: 한국디지털콘텐츠학회 (IF: 1.48)
--------------------------------
[Intelligent Bi-modal Timetable-aware Biometric Attendance System for Enhanced Classroom Attendance]
   └ 학회: 한국디지털콘텐츠학회 (IF: 1.48)
--------------------------------
[Development of Animal Health Monitoring System based on Wireless Sensor Network]
   └ 학회: 한국디지털콘텐츠학회 (IF: 1.48)"
81,2022,컴퓨터학,602024971,Ibrahim Mohammed Abdullahi,3,0.312,0.21082099999999998,"[An Internet of Things (IoT)-based Veterinary Support System for Livestock Skin Disease Health Care using MobileNetV2]
   └ 학회: 한국디지털콘텐츠학회 (IF: 1.48)
--------------------------------
[Intelligent Bi-modal Timetable-aware Biometric Attendance System for Enhanced Classroom Attendance]
   └ 학회: 한국디지털콘텐츠학회 (IF: 1.48)
--------------------------------
[Development of Animal Health Monitoring System based on Wireless Sensor Network]
   └ 학회: 한국디지털콘텐츠학회 (IF: 1.48)"
82,2022,컴퓨터학,883874935,Emmanuel Fiyinfoluwa Ogunbase,2,0.312,0.21082099999999998,"[An Internet of Things (IoT)-based Veterinary Support System for Livestock Skin Disease Health Care using MobileNetV2]
   └ 학회: 한국디지털콘텐츠학회 (IF: 1.48)
--------------------------------
[Development of Animal Health Monitoring System based on Wireless Sensor Network]
   └ 학회: 한국디지털콘텐츠학회 (IF: 1.48)"
83,2022,컴퓨터학,174540161,Ahmad Suleiman,1,0.312,0.21082099999999998,"[An Internet of Things (IoT)-based Veterinary Support System for Livestock Skin Disease Health Care using MobileNetV2]
   └ 학회: 한국디지털콘텐츠학회 (IF: 1.48)"
84,2022,컴퓨터학,559759689,이보아,5,0.3076,0.262128,"[메타버스에 대한 사용자 경험 연구: 제페토 플랫폼을 중심으로]
   └ 학회: 한국디지털콘텐츠학회 (IF: 1.48)
--------------------------------
[모여봐요 동물의 숲의 이용자 경험에 관한 연구]
   └ 학회: 한국컴퓨터정보학회 (IF: 0.69)
--------------------------------
[관람 경험이 투영된 빅 데이터 분석 기반의 〈데이비드 호크니〉전 관람객 연구]
   └ 학회: 한국컴퓨터정보학회 (IF: 0.69)
--------------------------------
[메타버스 전시에 대한 사용자 경험 연구: 생의 찬미전 중심으로]
   └ 학회: 한국컴퓨터정보학회 (IF: 0.69)
--------------------------------
[인스타그래머블 전시 관람의 지속적 이용 의사에 영향을 미치는 요인에 관한 연구: 〈우연히 웨스 앤더슨〉전시 사례를 중심으로]
   └ 학회: 한국컴퓨터정보학회 (IF: 0.69)"
85,2022,컴퓨터학,880577098,김정준,2,0.3019,0.43750199999999995,"[엣지 컴퓨팅 방식을 이용한 방문객 수 카운팅 시스템 설계]
   └ 학회: 한국컴퓨터정보학회 (IF: 0.69)
--------------------------------
[로컬 모델 검증을 통한 가중치 부여 연합학습 프레임워크 설계]
   └ 학회: 한국컴퓨터정보학회 (IF: 0.69)"
86,2022,컴퓨터학,664227676,박길식,1,0.2999,0.4347019999999999,"[S-BERT를 이용한 법률 검색]
   └ 학회: 한국컴퓨터정보학회 (IF: 0.69)"
87,2022,컴퓨터학,198394574,김준태,1,0.2999,0.4347019999999999,"[S-BERT를 이용한 법률 검색]
   └ 학회: 한국컴퓨터정보학회 (IF: 0.69)"
88,2022,컴퓨터학,5110562,이광형,1,0.2982,0.201494,"[합성곱 신경망을 통한 조도 변화에 따른 생활 폐기물 분류]
   └ 학회: 한국디지털콘텐츠학회 (IF: 1.48)"
89,2022,컴퓨터학,503469047,박은지,1,0.2982,0.201494,"[합성곱 신경망을 통한 조도 변화에 따른 생활 폐기물 분류]
   └ 학회: 한국디지털콘텐츠학회 (IF: 1.48)"
90,2022,컴퓨터학,677522845,이신행,1,0.2982,0.201492,"[기계학습 기반 유튜브 악플 분석: “사이버렉카”에 달린 댓글의 어휘적 특성]
   └ 학회: 한국디지털콘텐츠학회 (IF: 1.48)"
91,2022,컴퓨터학,909067889,이주연,1,0.2982,0.201492,"[기계학습 기반 유튜브 악플 분석: “사이버렉카”에 달린 댓글의 어휘적 특성]
   └ 학회: 한국디지털콘텐츠학회 (IF: 1.48)"
92,2022,컴퓨터학,754237961,조민정,1,0.2982,0.201492,"[기계학습 기반 유튜브 악플 분석: “사이버렉카”에 달린 댓글의 어휘적 특성]
   └ 학회: 한국디지털콘텐츠학회 (IF: 1.48)"
93,2022,컴퓨터학,480351456,박태강,1,0.2982,0.201492,"[기계학습 기반 유튜브 악플 분석: “사이버렉카”에 달린 댓글의 어휘적 특성]
   └ 학회: 한국디지털콘텐츠학회 (IF: 1.48)"
94,2022,컴퓨터학,726759493,김영국,1,0.298,0.431903,"[유튜브 기반 교육용 동영상 추천 시스템 설계 및 구현]
   └ 학회: 한국컴퓨터정보학회 (IF: 0.69)"
95,2022,컴퓨터학,552534233,김종호,1,0.2954,0.199627,"[자동차 주행 빅데이터를 이용한 신뢰성 분석 인공지능 플랫폼의 개발]
   └ 학회: 한국디지털콘텐츠학회 (IF: 1.48)"
96,2022,컴퓨터학,631459781,박화규,1,0.2954,0.199627,"[자동차 주행 빅데이터를 이용한 신뢰성 분석 인공지능 플랫폼의 개발]
   └ 학회: 한국디지털콘텐츠학회 (IF: 1.48)"
97,2022,컴퓨터학,628001218,김지연,1,0.2927,0.197762,"[휴리스틱 클러스터링을 활용한 다중 문서 요약 시스템 : 반도체 산업 사례]
   └ 학회: 한국디지털콘텐츠학회 (IF: 1.48)"
98,2022,컴퓨터학,506302134,이지은,1,0.2927,0.197762,"[휴리스틱 클러스터링을 활용한 다중 문서 요약 시스템 : 반도체 산업 사례]
   └ 학회: 한국디지털콘텐츠학회 (IF: 1.48)"
99,2022,컴퓨터학,5113081,이재은,1,0.2927,0.197762,"[휴리스틱 클러스터링을 활용한 다중 문서 요약 시스템 : 반도체 산업 사례]
   └ 학회: 한국디지털콘텐츠학회 (IF: 1.48)"
100,2022,컴퓨터학,639877004,임예희,1,0.2927,0.197762,"[휴리스틱 클러스터링을 활용한 다중 문서 요약 시스템 : 반도체 산업 사례]
   └ 학회: 한국디지털콘텐츠학회 (IF: 1.48)"
101,2022,컴퓨터학,374507944,이상민,1,0.2927,0.197762,"[휴리스틱 클러스터링을 활용한 다중 문서 요약 시스템 : 반도체 산업 사례]
   └ 학회: 한국디지털콘텐츠학회 (IF: 1.48)"
102,2022,컴퓨터학,588051531,김혜근,1,0.2913,0.19683,"[3차원 복원 및 객체 검출 기반 건물 균열 탐지]
   └ 학회: 한국디지털콘텐츠학회 (IF: 1.48)"
103,2022,컴퓨터학,151845451,양석영,1,0.2913,0.19683,"[3차원 복원 및 객체 검출 기반 건물 균열 탐지]
   └ 학회: 한국디지털콘텐츠학회 (IF: 1.48)"
104,2022,컴퓨터학,311366040,이승준,1,0.2913,0.19683,"[3차원 복원 및 객체 검출 기반 건물 균열 탐지]
   └ 학회: 한국디지털콘텐츠학회 (IF: 1.48)"
105,2022,컴퓨터학,409696180,조영준,1,0.2913,0.19683,"[3차원 복원 및 객체 검출 기반 건물 균열 탐지]
   └ 학회: 한국디지털콘텐츠학회 (IF: 1.48)"
106,2022,컴퓨터학,5109210,차시명,1,0.2909,0.42164199999999996,"[피로도 측정을 위한 정면 얼굴 영상 분석]
   └ 학회: 한국컴퓨터정보학회 (IF: 0.69)"
107,2022,컴퓨터학,462861800,하종우,1,0.2909,0.42164199999999996,"[피로도 측정을 위한 정면 얼굴 영상 분석]
   └ 학회: 한국컴퓨터정보학회 (IF: 0.69)"
108,2022,컴퓨터학,762877910,윤성웅,1,0.2909,0.42164199999999996,"[피로도 측정을 위한 정면 얼굴 영상 분석]
   └ 학회: 한국컴퓨터정보학회 (IF: 0.69)"
109,2022,컴퓨터학,944178043,안창원,1,0.2909,0.42164199999999996,"[피로도 측정을 위한 정면 얼굴 영상 분석]
   └ 학회: 한국컴퓨터정보학회 (IF: 0.69)"
110,2022,컴퓨터학,267515031,김정범,1,0.2872,0.19403,"[다양한 입력채널 환경에서의 통합보안 시스템구축을 위한 빅데이터 처리 플랫폼에 관한 연구]
   └ 학회: 한국디지털콘텐츠학회 (IF: 1.48)"
111,2022,컴퓨터학,982175407,오한석,1,0.2872,0.19402999999999998,"[반려동물 질병 질의응답 시스템을 위한 개체명 인식]
   └ 학회: 한국디지털콘텐츠학회 (IF: 1.48)"
112,2022,컴퓨터학,396492578,이현아,1,0.2872,0.19402999999999998,"[반려동물 질병 질의응답 시스템을 위한 개체명 인식]
   └ 학회: 한국디지털콘텐츠학회 (IF: 1.48)"
113,2022,컴퓨터학,261223052,강전성,1,0.2851,0.41324799999999995,"[로컬 모델 검증을 통한 가중치 부여 연합학습 프레임워크 설계]
   └ 학회: 한국컴퓨터정보학회 (IF: 0.69)"
114,2022,컴퓨터학,814169509,정현준,1,0.2851,0.41324799999999995,"[로컬 모델 검증을 통한 가중치 부여 연합학습 프레임워크 설계]
   └ 학회: 한국컴퓨터정보학회 (IF: 0.69)"
115,2022,컴퓨터학,905751030,박병훈,1,0.2851,0.41324799999999995,"[로컬 모델 검증을 통한 가중치 부여 연합학습 프레임워크 설계]
   └ 학회: 한국컴퓨터정보학회 (IF: 0.69)"
116,2022,컴퓨터학,5125842,양은별,2,0.2844,0.192164,"[메타버스 기반 전시 박람회에서 참관객의 만족도와 추천 의향에 미치는 영향]
   └ 학회: 한국디지털콘텐츠학회 (IF: 1.48)
--------------------------------
[가상현실 수업 시뮬레이션 콘텐츠에 대한 사용자 정서 분석]
   └ 학회: 한국디지털콘텐츠학회 (IF: 1.48)"
117,2022,컴퓨터학,668571628,류지헌,2,0.2844,0.192164,"[메타버스 기반 전시 박람회에서 참관객의 만족도와 추천 의향에 미치는 영향]
   └ 학회: 한국디지털콘텐츠학회 (IF: 1.48)
--------------------------------
[가상현실 수업 시뮬레이션 콘텐츠에 대한 사용자 정서 분석]
   └ 학회: 한국디지털콘텐츠학회 (IF: 1.48)"
118,2022,컴퓨터학,765494440,윤여찬,1,0.2819,0.408584,"[얼굴이미지열 예측 자기주도학습을 통한 자동표정인식 연구]
   └ 학회: 한국컴퓨터정보학회 (IF: 0.69)"
119,2022,컴퓨터학,643220036,이인수,1,0.2759,0.424441,"[다해상도 이미지를 위한 스테그어날리시스 학습 기법]
   └ 학회: 한국디지털포렌식학회 (IF: 0.65)"
120,2022,컴퓨터학,630618952,장어진,1,0.2759,0.424441,"[다해상도 이미지를 위한 스테그어날리시스 학습 기법]
   └ 학회: 한국디지털포렌식학회 (IF: 0.65)"
121,2022,컴퓨터학,877669025,민지민,1,0.2759,0.424441,"[다해상도 이미지를 위한 스테그어날리시스 학습 기법]
   └ 학회: 한국디지털포렌식학회 (IF: 0.65)"
122,2022,컴퓨터학,5094391,임경태,1,0.2759,0.424441,"[다해상도 이미지를 위한 스테그어날리시스 학습 기법]
   └ 학회: 한국디지털포렌식학회 (IF: 0.65)"
123,2022,컴퓨터학,542147320,장한얼,1,0.2759,0.424441,"[다해상도 이미지를 위한 스테그어날리시스 학습 기법]
   └ 학회: 한국디지털포렌식학회 (IF: 0.65)"
124,2022,컴퓨터학,3861663,이원철,2,0.2734,0.18470200000000003,"[뉴스 빅데이터 활용 메타버스 트렌드 분석]
   └ 학회: 한국디지털콘텐츠학회 (IF: 1.48)
--------------------------------
[토픽 모델링 기반 디지털 전환(Digital Transformation) 동향 분석 : 1994~2021년 뉴스 빅데이터를 중심으로]
   └ 학회: 한국디지털콘텐츠학회 (IF: 1.48)"
125,2022,컴퓨터학,373326785,강혜진,2,0.2734,0.18470200000000003,"[뉴스 빅데이터 활용 메타버스 트렌드 분석]
   └ 학회: 한국디지털콘텐츠학회 (IF: 1.48)
--------------------------------
[토픽 모델링 기반 디지털 전환(Digital Transformation) 동향 분석 : 1994~2021년 뉴스 빅데이터를 중심으로]
   └ 학회: 한국디지털콘텐츠학회 (IF: 1.48)"
126,2022,컴퓨터학,287513193,장필식,2,0.2703,0.39178999999999997,"[메타버스 관련 글로벌 연구동향 분석: Web of Science 게재 연구를 중심으로]
   └ 학회: 한국컴퓨터정보학회 (IF: 0.69)
--------------------------------
[그래디언트 부스팅 기계학습 및 유전 알고리즘을 적용한 증권 트레이딩 전략의 성능분석]
   └ 학회: 한국컴퓨터정보학회 (IF: 0.69)"
127,2022,컴퓨터학,319422605,심미나,1,0.2678,0.18096900000000002,"[토픽모델링을 활용한 국내 메타버스 연구동향 분석: 2007~2022년 학술연구를 중심으로]
   └ 학회: 한국디지털콘텐츠학회 (IF: 1.48)"
128,2022,컴퓨터학,168816100,최영철,1,0.2668,0.266792,"[불균일 안개 영상 합성을 이용한 딥러닝 기반 안개 영상 깊이 추정]
   └ 학회: 한국컴퓨터그래픽스학회 (IF: 1.0)"
129,2022,컴퓨터학,584272437,백지현,1,0.2668,0.266792,"[불균일 안개 영상 합성을 이용한 딥러닝 기반 안개 영상 깊이 추정]
   └ 학회: 한국컴퓨터그래픽스학회 (IF: 1.0)"
130,2022,컴퓨터학,773963531,주광진,1,0.2668,0.266792,"[불균일 안개 영상 합성을 이용한 딥러닝 기반 안개 영상 깊이 추정]
   └ 학회: 한국컴퓨터그래픽스학회 (IF: 1.0)"
131,2022,컴퓨터학,751196774,이동건,1,0.2668,0.266792,"[불균일 안개 영상 합성을 이용한 딥러닝 기반 안개 영상 깊이 추정]
   └ 학회: 한국컴퓨터그래픽스학회 (IF: 1.0)"
132,2022,컴퓨터학,177501769,황경하,1,0.2668,0.266792,"[불균일 안개 영상 합성을 이용한 딥러닝 기반 안개 영상 깊이 추정]
   └ 학회: 한국컴퓨터그래픽스학회 (IF: 1.0)"
133,2022,컴퓨터학,869711625,이승용,1,0.2668,0.266792,"[불균일 안개 영상 합성을 이용한 딥러닝 기반 안개 영상 깊이 추정]
   └ 학회: 한국컴퓨터그래픽스학회 (IF: 1.0)"
134,2022,컴퓨터학,442478366,박신희,2,0.2651,0.17910400000000004,"[디지털 매체 활용 브랜딩 전략으로써의 UX/UI 디자인 방법론 연구 : UX/UI 교육사례 중심으로]
   └ 학회: 한국디지털콘텐츠학회 (IF: 1.48)
--------------------------------
[메타버스 생태계를 위한 트랜스 브랜딩 전략 방법론: 트랜스미디어 스토리텔링을 활용한 사용자 경험 중심으로]
   └ 학회: 한국디지털콘텐츠학회 (IF: 1.48)"
135,2022,컴퓨터학,142906490,오동한,4,0.2623,0.177239,"[재난안전통신망의 네트워크 활용과 단말기 신호를 이용한 측위 기술 연구]
   └ 학회: 한국디지털콘텐츠학회 (IF: 1.48)
--------------------------------
[국방 분야에서 인공지능 기술 활용실태와 XAI 기술 활용방향 제시]
   └ 학회: 한국디지털콘텐츠학회 (IF: 1.48)
--------------------------------
[입시상담 챗봇 설계와 챗봇을 활용한 입시상담 업무 간소화의 효용성 분석]
   └ 학회: 한국디지털콘텐츠학회 (IF: 1.48)
--------------------------------
[재난환경에서 통신과 측위를 고려한 단일 무인항공기 활용방안]
   └ 학회: 한국디지털콘텐츠학회 (IF: 1.48)"
136,2022,컴퓨터학,880219299,유정민,4,0.2582,0.17444099999999998,"[조선 시대 기록화의 디지털 스토리텔링 기반 확장현실 콘텐츠 전시기획 연구 :《화성원행도병》의〈서장대야조도〉를 중심으로]
   └ 학회: 한국디지털콘텐츠학회 (IF: 1.48)
--------------------------------
[한산모시짜기 제직과정 전신 동작 기록화 방안 제안]
   └ 학회: 한국디지털콘텐츠학회 (IF: 1.48)
--------------------------------
[맥락적 체험을 위한 궁중 기록화의 가상현실 콘텐츠 연구]
   └ 학회: 한국디지털콘텐츠학회 (IF: 1.48)
--------------------------------
[역사 내러티브 기반 게이미피케이션 가상현실 콘텐츠 연구 – 궁중기록화를 중심으로]
   └ 학회: 한국디지털콘텐츠학회 (IF: 1.48)"
137,2022,컴퓨터학,324159821,강석찬,1,0.254,0.171642,"[기존 SARIMA와 GRU를 결합하는 새로운 하이브리드 단기 기상 데이터 예측 방법 제안]
   └ 학회: 한국디지털콘텐츠학회 (IF: 1.48)"
138,2022,컴퓨터학,698588221,Hyeju Shin,3,0.2499,0.168844,"[E-scooter Detection in Media using Deep Learning]
   └ 학회: 한국디지털콘텐츠학회 (IF: 1.48)
--------------------------------
[Pre-processing optimization for learning power consumption prediction models]
   └ 학회: 한국디지털콘텐츠학회 (IF: 1.48)
--------------------------------
[A Survey on Microservices Use Cases for AI based Application on Hybrid Cloud]
   └ 학회: 한국디지털콘텐츠학회 (IF: 1.48)"
139,2022,컴퓨터학,5110226,김서준,1,0.2471,0.166977,"[LSTM Autoencoder 기반 내부자 데이터 유출 징후 탐지]
   └ 학회: 한국디지털콘텐츠학회 (IF: 1.48)"
140,2022,컴퓨터학,587447242,최범휘,1,0.2462,0.378732,"[Perceiver 모델 기반의 음성 녹음 파일 분류 방법]
   └ 학회: 한국디지털포렌식학회 (IF: 0.65)"
141,2022,컴퓨터학,781192661,김준수,1,0.2462,0.378732,"[Perceiver 모델 기반의 음성 녹음 파일 분류 방법]
   └ 학회: 한국디지털포렌식학회 (IF: 0.65)"
142,2022,컴퓨터학,804599099,황현욱,1,0.2462,0.378732,"[Perceiver 모델 기반의 음성 녹음 파일 분류 방법]
   └ 학회: 한국디지털포렌식학회 (IF: 0.65)"
143,2022,컴퓨터학,911124150,이해연,1,0.2462,0.378732,"[Perceiver 모델 기반의 음성 녹음 파일 분류 방법]
   └ 학회: 한국디지털포렌식학회 (IF: 0.65)"
144,2022,컴퓨터학,889145875,원종운,3,0.2461,0.18097,"[양방향 RNN과 학술용어사전을 이용한 영문학술문서 교정 방법론]
   └ 학회: 한국전자거래학회 (IF: 1.36)
--------------------------------
[물류유통정보 표준화를 위한 표준 택배송장 정보항목 연구]
   └ 학회: 한국전자거래학회 (IF: 1.36)
--------------------------------
[Job Shop 제조라인의 설비 가공지연 최소화를 위한 시계열 예측 기반의 자율주행 로봇 할당 제어]
   └ 학회: 한국전자거래학회 (IF: 1.36)"
145,2022,컴퓨터학,5412040,이재원,1,0.2461,0.18097,"[Job Shop 제조라인의 설비 가공지연 최소화를 위한 시계열 예측 기반의 자율주행 로봇 할당 제어]
   └ 학회: 한국전자거래학회 (IF: 1.36)"
146,2022,컴퓨터학,5172517,강민정,1,0.2461,0.18097,"[Job Shop 제조라인의 설비 가공지연 최소화를 위한 시계열 예측 기반의 자율주행 로봇 할당 제어]
   └ 학회: 한국전자거래학회 (IF: 1.36)"
147,2022,컴퓨터학,609359728,오수빈,1,0.2461,0.18097,"[Job Shop 제조라인의 설비 가공지연 최소화를 위한 시계열 예측 기반의 자율주행 로봇 할당 제어]
   └ 학회: 한국전자거래학회 (IF: 1.36)"
148,2022,컴퓨터학,954214155,김해중,1,0.2461,0.18097,"[Job Shop 제조라인의 설비 가공지연 최소화를 위한 시계열 예측 기반의 자율주행 로봇 할당 제어]
   └ 학회: 한국전자거래학회 (IF: 1.36)"
149,2022,컴퓨터학,341371,임대은,1,0.2461,0.18097,"[Job Shop 제조라인의 설비 가공지연 최소화를 위한 시계열 예측 기반의 자율주행 로봇 할당 제어]
   └ 학회: 한국전자거래학회 (IF: 1.36)"
150,2022,컴퓨터학,149833483,Md. Sazal Miah,1,0.243,0.16418,"[E-scooter Detection in Media using Deep Learning]
   └ 학회: 한국디지털콘텐츠학회 (IF: 1.48)"
151,2022,컴퓨터학,899375347,나지영,2,0.2375,0.160447,"[교육용 콘텐츠 사업 및 성과관리 체계 개발 -CIPP를 중심으로-]
   └ 학회: 한국디지털콘텐츠학회 (IF: 1.48)
--------------------------------
[관광 산업 활성화를 위한 AR 메타버스 애플리케이션 디자인 연구]
   └ 학회: 한국디지털콘텐츠학회 (IF: 1.48)"
152,2022,컴퓨터학,581326365,이준희,1,0.2375,0.16044800000000004,"[메타버스에 대한 사용자 경험 연구: 제페토 플랫폼을 중심으로]
   └ 학회: 한국디지털콘텐츠학회 (IF: 1.48)"
153,2022,컴퓨터학,450627644,황용준,1,0.2375,0.160447,"[관광 산업 활성화를 위한 AR 메타버스 애플리케이션 디자인 연구]
   └ 학회: 한국디지털콘텐츠학회 (IF: 1.48)"
154,2022,컴퓨터학,272261386,이광재,2,0.2292,0.15485,"[금융거래 정보 및 모바일 GPS를 활용한 모바일 이상 거래 탐지 시스템 구현]
   └ 학회: 한국디지털콘텐츠학회 (IF: 1.48)
--------------------------------
[IoT 센서를 활용한 화재 상황에서의 실시간 실내 위치 추적 시스템]
   └ 학회: 한국디지털콘텐츠학회 (IF: 1.48)"
155,2022,컴퓨터학,516178365,윤규성,1,0.2292,0.15485,"[금융거래 정보 및 모바일 GPS를 활용한 모바일 이상 거래 탐지 시스템 구현]
   └ 학회: 한국디지털콘텐츠학회 (IF: 1.48)"
156,2022,컴퓨터학,126026923,박수환,1,0.2292,0.15485,"[금융거래 정보 및 모바일 GPS를 활용한 모바일 이상 거래 탐지 시스템 구현]
   └ 학회: 한국디지털콘텐츠학회 (IF: 1.48)"
157,2022,컴퓨터학,679698775,Kwon-Woo Lee,1,0.2292,0.15485,"[Development of Rent House Price Prediction Service based on Machine Learning]
   └ 학회: 한국디지털콘텐츠학회 (IF: 1.48)"
158,2022,컴퓨터학,627321139,Soualihou Ngnamsie Njimbouom,1,0.2292,0.15485,"[Development of Rent House Price Prediction Service based on Machine Learning]
   └ 학회: 한국디지털콘텐츠학회 (IF: 1.48)"
159,2022,컴퓨터학,769733189,Jeong-Dong Kim,1,0.2292,0.15485,"[Development of Rent House Price Prediction Service based on Machine Learning]
   └ 학회: 한국디지털콘텐츠학회 (IF: 1.48)"
160,2022,컴퓨터학,338719801,김종성,9,0.2256,0.354477,"[안드로이드 기반 클라우드 스토리지 앱 크리덴셜 활용 및 아티팩트 분석]
   └ 학회: 한국디지털포렌식학회 (IF: 0.65)
--------------------------------
[안드로이드 환경에서의 지도 애플리케이션 아티팩트 분석 및 복호화 방안 연구]
   └ 학회: 한국디지털포렌식학회 (IF: 0.65)
--------------------------------
[iOS 및 Android Vault 앱 암호화 알고리즘 분석 및 패스워드 복구 방안]
   └ 학회: 한국디지털포렌식학회 (IF: 0.65)
--------------------------------
[블록암호 PRESENT에 대한 향상된 SITM 공격]
   └ 학회: 한국정보보호학회 (IF: 0.39)
--------------------------------
[2021년 및 2022년 상반기 주요 랜섬웨어 대응 정책]
   └ 학회: 한국정보보호학회 (IF: 0.39)
--------------------------------
[AND 연산자 축적을 통한 경량 S-boxes 생성 방법]
   └ 학회: 한국정보보호학회 (IF: 0.39)
--------------------------------
[GIFT-128에 대한 SITM 공격: NIST 경량암호 최종 후보 GIFT-COFB 적용 방안 연구]
   └ 학회: 한국정보보호학회 (IF: 0.39)
--------------------------------
[양자 컴퓨팅 환경에서의 Ascon-Hash에 대한 Free-Start 충돌 공격]
   └ 학회: 한국정보보호학회 (IF: 0.39)
--------------------------------
[Skinny-128-384와 Romulus-N의 SITM 공격]
   └ 학회: 한국정보보호학회 (IF: 0.39)"
161,2022,컴퓨터학,430555966,신윤희,3,0.2237,0.151119,"[가상현실을 활용한 가상 튜터의 유형과 설계 방법에 대한 인지와 감정 요소 탐색]
   └ 학회: 한국디지털콘텐츠학회 (IF: 1.48)
--------------------------------
[비대면 업무 내 무형식학습 상황에서의 컴퓨터 기반 협력학습(CSCL) 지원도구 비교·분석]
   └ 학회: 한국디지털콘텐츠학회 (IF: 1.48)
--------------------------------
[XR 교육 콘텐츠 설계를 위한 수업에서의 XR 적용 및 효과]
   └ 학회: 한국디지털콘텐츠학회 (IF: 1.48)"
162,2022,컴퓨터학,503263960,문혜영,1,0.2176,0.31529999999999997,"[저해상 동양화 객체 탐지의 효율성 향상을 위한 이미지 초고해상화 기반 선택적 레이블링 방법론]
   └ 학회: 한국컴퓨터정보학회 (IF: 0.69)"
163,2022,컴퓨터학,5094398,박윤지,2,0.2167,0.377799,"[디지털성범죄 예방을 위한 RNN 기반 취약군 선별 체계 연구]
   └ 학회: 한국디지털포렌식학회 (IF: 0.65)
--------------------------------
[메타버스 범죄 동향 및 디지털 포렌식 대응 방안]
   └ 학회: 한국정보보호학회 (IF: 0.39)"
164,2022,컴퓨터학,5273700,정두원,2,0.2167,0.377799,"[디지털성범죄 예방을 위한 RNN 기반 취약군 선별 체계 연구]
   └ 학회: 한국디지털포렌식학회 (IF: 0.65)
--------------------------------
[메타버스 범죄 동향 및 디지털 포렌식 대응 방안]
   └ 학회: 한국정보보호학회 (IF: 0.39)"
165,2022,컴퓨터학,886264458,손효림,1,0.2112,0.14272400000000002,"[사용 목적과 체험 방식에 따른 메타버스 플랫폼 유형과 특성에 관한 연구]
   └ 학회: 한국디지털콘텐츠학회 (IF: 1.48)"
166,2022,컴퓨터학,921224578,이창근,1,0.2112,0.14272400000000002,"[사용 목적과 체험 방식에 따른 메타버스 플랫폼 유형과 특성에 관한 연구]
   └ 학회: 한국디지털콘텐츠학회 (IF: 1.48)"
167,2022,컴퓨터학,237991130,김대훈,1,0.2111,0.305971,"[자유 앵커 방식과 합성곱 신경망을 이용한 강인한 실시간 번호판 인식 시스템]
   └ 학회: 한국컴퓨터정보학회 (IF: 0.69)"
168,2022,컴퓨터학,856071173,김도현,1,0.2111,0.305971,"[자유 앵커 방식과 합성곱 신경망을 이용한 강인한 실시간 번호판 인식 시스템]
   └ 학회: 한국컴퓨터정보학회 (IF: 0.69)"
169,2022,컴퓨터학,167252652,이동훈,1,0.2111,0.305971,"[자유 앵커 방식과 합성곱 신경망을 이용한 강인한 실시간 번호판 인식 시스템]
   └ 학회: 한국컴퓨터정보학회 (IF: 0.69)"
170,2022,컴퓨터학,665138793,황대원,2,0.2099,0.141792,"[스크립트를 활용한 아바타 콘텐츠 제작 시스템]
   └ 학회: 한국디지털콘텐츠학회 (IF: 1.48)
--------------------------------
[KLSG : 한국어 기반 대용량 음성 행동 데이터셋]
   └ 학회: 한국디지털콘텐츠학회 (IF: 1.48)"
171,2022,컴퓨터학,939891787,박정호,1,0.2099,0.141792,"[교과연계 인공지능교육 캠프 프로그램 운영 사례]
   └ 학회: 한국디지털콘텐츠학회 (IF: 1.48)"
172,2022,컴퓨터학,386463550,송정범,1,0.2099,0.141792,"[교과연계 인공지능교육 캠프 프로그램 운영 사례]
   └ 학회: 한국디지털콘텐츠학회 (IF: 1.48)"
173,2022,컴퓨터학,693023304,강의선,1,0.2099,0.141792,"[컴퓨터 비전공자를 위한 인공지능 교양 교육 과정 설계]
   └ 학회: 한국디지털콘텐츠학회 (IF: 1.48)"
174,2022,컴퓨터학,820181550,이정미,1,0.2099,0.141792,"[컴퓨터 비전공자를 위한 인공지능 교양 교육 과정 설계]
   └ 학회: 한국디지털콘텐츠학회 (IF: 1.48)"
175,2022,컴퓨터학,260373844,윤준원,1,0.2099,0.141792,"[이기종 컴퓨팅 환경에서 시스템 성능 검증 기법 연구]
   └ 학회: 한국디지털콘텐츠학회 (IF: 1.48)"
176,2022,컴퓨터학,848695834,송의성,1,0.2099,0.141792,"[이기종 컴퓨팅 환경에서 시스템 성능 검증 기법 연구]
   └ 학회: 한국디지털콘텐츠학회 (IF: 1.48)"
177,2022,컴퓨터학,1823564,김경준,1,0.2099,0.141792,"[ClassGAN: GAN의 학습 안정성 및 생성 이미지 다양성 증진을 위한 클래스 판별망 구조]
   └ 학회: 한국디지털콘텐츠학회 (IF: 1.48)"
178,2022,컴퓨터학,561399,정성훈,1,0.2099,0.141792,"[ClassGAN: GAN의 학습 안정성 및 생성 이미지 다양성 증진을 위한 클래스 판별망 구조]
   └ 학회: 한국디지털콘텐츠학회 (IF: 1.48)"
179,2022,컴퓨터학,358407472,정정민,1,0.2099,0.141792,"[KLSG : 한국어 기반 대용량 음성 행동 데이터셋]
   └ 학회: 한국디지털콘텐츠학회 (IF: 1.48)"
180,2022,컴퓨터학,948991101,서봉원,1,0.2099,0.141792,"[KLSG : 한국어 기반 대용량 음성 행동 데이터셋]
   └ 학회: 한국디지털콘텐츠학회 (IF: 1.48)"
181,2022,컴퓨터학,673105257,김지윤,1,0.2047,0.29664199999999996,"[의사결정트리 기반 기계학습을 이용한 식품교환표 식품군 분류 모델]
   └ 학회: 한국컴퓨터정보학회 (IF: 0.69)"
182,2022,컴퓨터학,215046480,김종완,1,0.2047,0.29664199999999996,"[의사결정트리 기반 기계학습을 이용한 식품교환표 식품군 분류 모델]
   └ 학회: 한국컴퓨터정보학회 (IF: 0.69)"
183,2022,컴퓨터학,924722484,박인선,1,0.1988,0.134328,"[학령기 교육 분야에서의 메타버스 중재 연구 동향 분석]
   └ 학회: 한국디지털콘텐츠학회 (IF: 1.48)"
184,2022,컴퓨터학,521847651,강하늘,1,0.1988,0.134328,"[학령기 교육 분야에서의 메타버스 중재 연구 동향 분석]
   └ 학회: 한국디지털콘텐츠학회 (IF: 1.48)"
185,2022,컴퓨터학,509288662,김선희,1,0.1988,0.134328,"[학령기 교육 분야에서의 메타버스 중재 연구 동향 분석]
   └ 학회: 한국디지털콘텐츠학회 (IF: 1.48)"
186,2022,컴퓨터학,841855175,Seungmin Oh,3,0.1974,0.133396,"[Pre-processing optimization for learning power consumption prediction models]
   └ 학회: 한국디지털콘텐츠학회 (IF: 1.48)
--------------------------------
[Development of Animal Health Monitoring System based on Wireless Sensor Network]
   └ 학회: 한국디지털콘텐츠학회 (IF: 1.48)
--------------------------------
[Application of Deep Learning Model of Small Image Data Based on Active Transfer Learning]
   └ 학회: 한국디지털콘텐츠학회 (IF: 1.48)"
187,2022,컴퓨터학,338992173,Usama Khan,1,0.1974,0.133396,"[Application of Deep Learning Model of Small Image Data Based on Active Transfer Learning]
   └ 학회: 한국디지털콘텐츠학회 (IF: 1.48)"
188,2022,컴퓨터학,124950927,임현아,1,0.1928,0.141792,"[다중 객체 추적 알고리즘을 이용한 가공품 흐름 정보 기반 생산 실적 데이터 자동 수집]
   └ 학회: 한국전자거래학회 (IF: 1.36)"
189,2022,컴퓨터학,568409103,오서정,1,0.1928,0.141792,"[다중 객체 추적 알고리즘을 이용한 가공품 흐름 정보 기반 생산 실적 데이터 자동 수집]
   └ 학회: 한국전자거래학회 (IF: 1.36)"
190,2022,컴퓨터학,355635617,손형준,1,0.1928,0.141792,"[다중 객체 추적 알고리즘을 이용한 가공품 흐름 정보 기반 생산 실적 데이터 자동 수집]
   └ 학회: 한국전자거래학회 (IF: 1.36)"
191,2022,컴퓨터학,663379782,오요셉,1,0.1928,0.141792,"[다중 객체 추적 알고리즘을 이용한 가공품 흐름 정보 기반 생산 실적 데이터 자동 수집]
   └ 학회: 한국전자거래학회 (IF: 1.36)"
192,2022,컴퓨터학,628938376,이샘미,1,0.1905,0.27612,"[Prediction of Solar Photovoltaic Power Generation by Weather Using LSTM]
   └ 학회: 한국컴퓨터정보학회 (IF: 0.69)"
193,2022,컴퓨터학,2645914,유재두,1,0.1878,0.126866,"[VR/AR 프로그램을 이용한 학교폭력 예방 및 감소에 관한 연구]
   └ 학회: 한국디지털콘텐츠학회 (IF: 1.48)"
194,2022,컴퓨터학,122990245,나해찬,1,0.1878,0.126866,"[메타버스 교육 플랫폼에 관한 연구 : 사례 분석과 제언]
   └ 학회: 한국디지털콘텐츠학회 (IF: 1.48)"
195,2022,컴퓨터학,5113142,이유진,1,0.1878,0.126866,"[메타버스 교육 플랫폼에 관한 연구 : 사례 분석과 제언]
   └ 학회: 한국디지털콘텐츠학회 (IF: 1.48)"
196,2022,컴퓨터학,115171237,김수영,1,0.1878,0.126866,"[메타버스 교육 플랫폼에 관한 연구 : 사례 분석과 제언]
   └ 학회: 한국디지털콘텐츠학회 (IF: 1.48)"
197,2022,컴퓨터학,734534209,김윤상,1,0.1878,0.126866,"[메타버스 교육 플랫폼에 관한 연구 : 사례 분석과 제언]
   └ 학회: 한국디지털콘텐츠학회 (IF: 1.48)"
198,2022,컴퓨터학,448161853,임채현,1,0.1873,0.271456,"[1인 가구 환경에서 프라이버시 보호 영상을 활용한 위험 행동 인식에 관한 연구]
   └ 학회: 한국컴퓨터정보학회 (IF: 0.69)"
199,2022,컴퓨터학,560955211,김도원,1,0.1873,0.271456,"[EMR 데이터를 활용한 욕창 발생 방지 및 데이터 처리 방법]
   └ 학회: 한국컴퓨터정보학회 (IF: 0.69)"
200,2022,컴퓨터학,802307243,김민규,1,0.1873,0.271456,"[EMR 데이터를 활용한 욕창 발생 방지 및 데이터 처리 방법]
   └ 학회: 한국컴퓨터정보학회 (IF: 0.69)"
201,2022,컴퓨터학,495405107,한선숙,1,0.1873,0.271456,"[EMR 데이터를 활용한 욕창 발생 방지 및 데이터 처리 방법]
   └ 학회: 한국컴퓨터정보학회 (IF: 0.69)"
202,2022,컴퓨터학,421331326,허정원,1,0.1873,0.271456,"[EMR 데이터를 활용한 욕창 발생 방지 및 데이터 처리 방법]
   └ 학회: 한국컴퓨터정보학회 (IF: 0.69)"
203,2022,컴퓨터학,344537738,한정훈,2,0.1841,0.266792,"[전자기 토폴로지 기법을 위한 임의의 전자기 신호의 시간 영역 응답 도출]
   └ 학회: 한국컴퓨터정보학회 (IF: 0.69)
--------------------------------
[다중 원격 제어와 딥러닝 생장 진단 기능을 가지는 스마트 팜]
   └ 학회: 한국컴퓨터정보학회 (IF: 0.69)"
204,2022,컴퓨터학,554881787,김진아,1,0.1841,0.266792,"[딥러닝 기반 반려동물 모니터링 시스템 및 활동 인식 장치]
   └ 학회: 한국컴퓨터정보학회 (IF: 0.69)"
205,2022,컴퓨터학,973175663,김형주,1,0.1841,0.266792,"[딥러닝 기반 반려동물 모니터링 시스템 및 활동 인식 장치]
   └ 학회: 한국컴퓨터정보학회 (IF: 0.69)"
206,2022,컴퓨터학,874814735,박찬,1,0.1841,0.266792,"[딥러닝 기반 반려동물 모니터링 시스템 및 활동 인식 장치]
   └ 학회: 한국컴퓨터정보학회 (IF: 0.69)"
207,2022,컴퓨터학,443585371,장영준,1,0.1841,0.266792,"[설명 가능한 합성곱 신경망을 활용한 센서 기반의 시계열 데이터 분류 모델 제안]
   └ 학회: 한국컴퓨터정보학회 (IF: 0.69)"
208,2022,컴퓨터학,1669782,김지호,1,0.1841,0.266792,"[설명 가능한 합성곱 신경망을 활용한 센서 기반의 시계열 데이터 분류 모델 제안]
   └ 학회: 한국컴퓨터정보학회 (IF: 0.69)"
209,2022,컴퓨터학,965082156,이홍철,1,0.1841,0.266792,"[설명 가능한 합성곱 신경망을 활용한 센서 기반의 시계열 데이터 분류 모델 제안]
   └ 학회: 한국컴퓨터정보학회 (IF: 0.69)"
210,2022,컴퓨터학,488525316,이정민,1,0.1841,0.266792,"[단백질 기능 예측 문제에서 시퀀스 패턴 추출을 위한 작은 CNN-RNN 접목 모델 연구]
   └ 학회: 한국컴퓨터정보학회 (IF: 0.69)"
211,2022,컴퓨터학,681756593,이현,1,0.1841,0.266792,"[단백질 기능 예측 문제에서 시퀀스 패턴 추출을 위한 작은 CNN-RNN 접목 모델 연구]
   └ 학회: 한국컴퓨터정보학회 (IF: 0.69)"
212,2022,컴퓨터학,181649112,김미진,1,0.1841,0.266792,"[다중 원격 제어와 딥러닝 생장 진단 기능을 가지는 스마트 팜]
   └ 학회: 한국컴퓨터정보학회 (IF: 0.69)"
213,2022,컴퓨터학,903697810,김지호,1,0.1841,0.266792,"[다중 원격 제어와 딥러닝 생장 진단 기능을 가지는 스마트 팜]
   └ 학회: 한국컴퓨터정보학회 (IF: 0.69)"
214,2022,컴퓨터학,399493556,이동현,1,0.1841,0.266792,"[다중 원격 제어와 딥러닝 생장 진단 기능을 가지는 스마트 팜]
   └ 학회: 한국컴퓨터정보학회 (IF: 0.69)"
215,2022,컴퓨터학,1825769,이지훈,1,0.1841,0.266792,"[이미지와 센서 데이터를 활용한 딥러닝 기반 반려동물 이상행동 탐지 서비스]
   └ 학회: 한국컴퓨터정보학회 (IF: 0.69)"
216,2022,컴퓨터학,981437265,신민찬,1,0.1841,0.266792,"[이미지와 센서 데이터를 활용한 딥러닝 기반 반려동물 이상행동 탐지 서비스]
   └ 학회: 한국컴퓨터정보학회 (IF: 0.69)"
217,2022,컴퓨터학,535087703,박준희,1,0.1841,0.266792,"[이미지와 센서 데이터를 활용한 딥러닝 기반 반려동물 이상행동 탐지 서비스]
   └ 학회: 한국컴퓨터정보학회 (IF: 0.69)"
218,2022,컴퓨터학,935340081,유예린,1,0.1841,0.266792,"[이질적 지식증류를 활용한 텍스트 분류 방법론]
   └ 학회: 한국컴퓨터정보학회 (IF: 0.69)"
219,2022,컴퓨터학,696894556,김동엽,1,0.1734,0.266792,"[얼굴 탐지 기술을 활용한 딥페이크 영상의 저작권 침해 여부 탐지]
   └ 학회: 한국디지털포렌식학회 (IF: 0.65)"
220,2022,컴퓨터학,105258819,유혜진,1,0.1734,0.266792,"[디지털성범죄 예방을 위한 RNN 기반 취약군 선별 체계 연구]
   └ 학회: 한국디지털포렌식학회 (IF: 0.65)"
221,2022,컴퓨터학,414288366,박아현,1,0.1734,0.266792,"[디지털성범죄 예방을 위한 RNN 기반 취약군 선별 체계 연구]
   └ 학회: 한국디지털포렌식학회 (IF: 0.65)"
222,2022,컴퓨터학,827733427,이지원,1,0.1734,0.266792,"[디지털성범죄 예방을 위한 RNN 기반 취약군 선별 체계 연구]
   └ 학회: 한국디지털포렌식학회 (IF: 0.65)"
223,2022,컴퓨터학,233734778,주다빈,1,0.1734,0.266792,"[디지털성범죄 예방을 위한 RNN 기반 취약군 선별 체계 연구]
   └ 학회: 한국디지털포렌식학회 (IF: 0.65)"
224,2022,컴퓨터학,542872630,최혜인,1,0.1734,0.266792,"[디지털성범죄 예방을 위한 RNN 기반 취약군 선별 체계 연구]
   └ 학회: 한국디지털포렌식학회 (IF: 0.65)"
225,2022,컴퓨터학,818604002,황동욱,2,0.1671,0.112874,"[토픽 모델링과 회귀분석을 활용한 모바일 푸시 메시지의 OTT 서비스 콘텐츠 소비에 미치는 영향 분석]
   └ 학회: 한국디지털콘텐츠학회 (IF: 1.48)
--------------------------------
[자율주행 차량 테마 공유 모바일 앱 서비스 제안 : 서비스 디자인 방법론을 중심으로]
   └ 학회: 한국디지털콘텐츠학회 (IF: 1.48)"
226,2022,컴퓨터학,696119555,김건동,4,0.1629,0.110074,"[게슈탈트 시지각 원리에 따른 정보의 의미 생성에 관한 연구]
   └ 학회: 한국디지털콘텐츠학회 (IF: 1.48)
--------------------------------
[플레이리스트와 길의 시각화를 연계한 음원 스트리밍 앱 서비스]
   └ 학회: 한국디지털콘텐츠학회 (IF: 1.48)
--------------------------------
[메타버스 온라인 패션 쇼핑몰 앱 서비스 제안 – 가상 피팅 서비스를 중심으로]
   └ 학회: 한국디지털콘텐츠학회 (IF: 1.48)
--------------------------------
[폴더블 스마트폰의 화면 확장 사용성 강화를 위한 UI 가이드라인 -갤럭시 폴드 앱 서비스를 중심으로-]
   └ 학회: 한국디지털콘텐츠학회 (IF: 1.48)"
227,2022,컴퓨터학,656573908,최서현,3,0.1629,0.110074,"[교육 분야의 EEG 활용에 대한 체계적 문헌 고찰]
   └ 학회: 한국디지털콘텐츠학회 (IF: 1.48)
--------------------------------
[인터랙티브 3D 학습자료의 상호작용 정도와 시각단서 제공유형이 인지부하에 미치는 영향]
   └ 학회: 한국디지털콘텐츠학회 (IF: 1.48)
--------------------------------
[XR 교육 콘텐츠 설계를 위한 수업에서의 XR 적용 및 효과]
   └ 학회: 한국디지털콘텐츠학회 (IF: 1.48)"
228,2022,컴퓨터학,602726212,허성호,3,0.1629,0.110074,"[디지털 활용 능력과 디지털 시민 태도 성향, 디지털 존중감이 디지털 시민 행동에 미치는 영향 분석: 자율성과 경직성을 중심으로]
   └ 학회: 한국디지털콘텐츠학회 (IF: 1.48)
--------------------------------
[근거이론 기반의 디지털 젠더 격차 해소 방안에 관한 연구]
   └ 학회: 한국디지털콘텐츠학회 (IF: 1.48)
--------------------------------
[메타버스에서 개인정보 보호 인식과 디지털 시민성, 조직 합리성이 개인정보 보호 행동에 미치는 영향 분석]
   └ 학회: 한국디지털콘텐츠학회 (IF: 1.48)"
229,2022,컴퓨터학,119641573,박선희,2,0.1629,0.110074,"[“메타버스 기반 야전치료소 개소훈련 시스템” 운용효과 분석]
   └ 학회: 한국디지털콘텐츠학회 (IF: 1.48)
--------------------------------
[확장현실(XR) 기반 대함레이더 교육훈련체계 운용효과 평가방안 연구]
   └ 학회: 한국디지털콘텐츠학회 (IF: 1.48)"
230,2022,컴퓨터학,138331415,정주연,2,0.1629,0.110074,"[메타버스 플랫폼에서의 지속적인 몰입 요소 분석 연구]
   └ 학회: 한국디지털콘텐츠학회 (IF: 1.48)
--------------------------------
[미취학 아동을 위한 VR 교육 콘텐츠 개발 연구]
   └ 학회: 한국디지털콘텐츠학회 (IF: 1.48)"
231,2022,컴퓨터학,673993414,강희조,2,0.1629,0.110074,"[코로나19에서 재난대응 안전한국훈련 발전방안에 관한 연구]
   └ 학회: 한국디지털콘텐츠학회 (IF: 1.48)
--------------------------------
[미래교육과 교육공간의 혁신에 관한 연구]
   └ 학회: 한국디지털콘텐츠학회 (IF: 1.48)"
232,2022,컴퓨터학,588493316,최태준,1,0.1629,0.110074,"[“메타버스 기반 야전치료소 개소훈련 시스템” 운용효과 분석]
   └ 학회: 한국디지털콘텐츠학회 (IF: 1.48)"
233,2022,컴퓨터학,613316078,유현배,1,0.1629,0.110074,"[“메타버스 기반 야전치료소 개소훈련 시스템” 운용효과 분석]
   └ 학회: 한국디지털콘텐츠학회 (IF: 1.48)"
234,2022,컴퓨터학,588718513,임태형,1,0.1629,0.110074,"[메타버스 기반 전시 박람회에서 참관객의 만족도와 추천 의향에 미치는 영향]
   └ 학회: 한국디지털콘텐츠학회 (IF: 1.48)"
235,2022,컴퓨터학,865324130,전희재,1,0.1629,0.110074,"[메타버스 온라인 패션 쇼핑몰 앱 서비스 제안 – 가상 피팅 서비스를 중심으로]
   └ 학회: 한국디지털콘텐츠학회 (IF: 1.48)"
236,2022,컴퓨터학,586396861,유재석,1,0.1629,0.110074,"[실내 바닥면 포인트 클라우드를 이용한 AI 기반 3D 공간구조 추정 기술]
   └ 학회: 한국디지털콘텐츠학회 (IF: 1.48)"
237,2022,컴퓨터학,320881524,유태경,1,0.1629,0.110074,"[실내 바닥면 포인트 클라우드를 이용한 AI 기반 3D 공간구조 추정 기술]
   └ 학회: 한국디지털콘텐츠학회 (IF: 1.48)"
238,2022,컴퓨터학,237131385,서상현,1,0.1629,0.110074,"[실내 바닥면 포인트 클라우드를 이용한 AI 기반 3D 공간구조 추정 기술]
   └ 학회: 한국디지털콘텐츠학회 (IF: 1.48)"
239,2022,컴퓨터학,762444463,이시훈,1,0.1629,0.110074,"[초등 세계 시민교육을 위한 메타버스 맵 제작 수업]
   └ 학회: 한국디지털콘텐츠학회 (IF: 1.48)"
240,2022,컴퓨터학,894617868,박범수,1,0.1629,0.110074,"[초등 세계 시민교육을 위한 메타버스 맵 제작 수업]
   └ 학회: 한국디지털콘텐츠학회 (IF: 1.48)"
241,2022,컴퓨터학,4594118,손정명,1,0.1629,0.110074,"[초등 세계 시민교육을 위한 메타버스 맵 제작 수업]
   └ 학회: 한국디지털콘텐츠학회 (IF: 1.48)"
242,2022,컴퓨터학,949777148,한정혜,1,0.1629,0.110074,"[초등 세계 시민교육을 위한 메타버스 맵 제작 수업]
   └ 학회: 한국디지털콘텐츠학회 (IF: 1.48)"
243,2022,컴퓨터학,252230116,한형종,1,0.1629,0.110074,"[초등 온라인 교육환경에서의 메타버스 활용에 대한 교사의 인식 및 요구도 분석]
   └ 학회: 한국디지털콘텐츠학회 (IF: 1.48)"
244,2022,컴퓨터학,880888761,홍수민,1,0.1629,0.110074,"[초등 온라인 교육환경에서의 메타버스 활용에 대한 교사의 인식 및 요구도 분석]
   └ 학회: 한국디지털콘텐츠학회 (IF: 1.48)"
245,2022,컴퓨터학,133229211,이설희,1,0.1629,0.110074,"[성인 초기 장애인을 위한 메타버스 기반 고용가능성 증진 프로그램 개발]
   └ 학회: 한국디지털콘텐츠학회 (IF: 1.48)"
246,2022,컴퓨터학,994524228,박은혜,1,0.1629,0.110074,"[성인 초기 장애인을 위한 메타버스 기반 고용가능성 증진 프로그램 개발]
   └ 학회: 한국디지털콘텐츠학회 (IF: 1.48)"
247,2022,컴퓨터학,714178555,이주영,1,0.1629,0.110074,"[XR 교육 콘텐츠 설계를 위한 수업에서의 XR 적용 및 효과]
   └ 학회: 한국디지털콘텐츠학회 (IF: 1.48)"
248,2022,컴퓨터학,575791914,이려화,1,0.1629,0.110074,"[메타버스에서 개인정보 보호 인식과 디지털 시민성, 조직 합리성이 개인정보 보호 행동에 미치는 영향 분석]
   └ 학회: 한국디지털콘텐츠학회 (IF: 1.48)"
249,2022,컴퓨터학,5465752,홍순채,1,0.1629,0.110074,"[게더타운 기반 메타버스 캠퍼스 구축 및 활용 분석]
   └ 학회: 한국디지털콘텐츠학회 (IF: 1.48)"
250,2022,컴퓨터학,156959040,강서현,1,0.1629,0.110074,"[게더타운 기반 메타버스 캠퍼스 구축 및 활용 분석]
   └ 학회: 한국디지털콘텐츠학회 (IF: 1.48)"
251,2022,컴퓨터학,433012679,안지민,1,0.1629,0.110074,"[게더타운 기반 메타버스 캠퍼스 구축 및 활용 분석]
   └ 학회: 한국디지털콘텐츠학회 (IF: 1.48)"
252,2022,컴퓨터학,610240113,임승호,1,0.1629,0.110074,"[게더타운 기반 메타버스 캠퍼스 구축 및 활용 분석]
   └ 학회: 한국디지털콘텐츠학회 (IF: 1.48)"
253,2022,컴퓨터학,405945845,황재윤,1,0.1629,0.110074,"[엔터테인먼트 분야에서 ‘Metaverse’와 ‘Virtual Human’의 사회적 담론 변화 연구]
   └ 학회: 한국디지털콘텐츠학회 (IF: 1.48)"
254,2022,컴퓨터학,3861796,황서이,1,0.1629,0.110074,"[엔터테인먼트 분야에서 ‘Metaverse’와 ‘Virtual Human’의 사회적 담론 변화 연구]
   └ 학회: 한국디지털콘텐츠학회 (IF: 1.48)"
255,2022,컴퓨터학,843512742,이효정,1,0.1614,0.161382,"[어텐션 모듈과 기하학적 데이터 증강을 통한 X-ray 영상 내 해부학적 랜드마크 검출 성능 향상]
   └ 학회: 한국컴퓨터그래픽스학회 (IF: 1.0)"
256,2022,컴퓨터학,592931211,마세리,1,0.1614,0.161382,"[어텐션 모듈과 기하학적 데이터 증강을 통한 X-ray 영상 내 해부학적 랜드마크 검출 성능 향상]
   └ 학회: 한국컴퓨터그래픽스학회 (IF: 1.0)"
257,2022,컴퓨터학,516585440,최장환,1,0.1614,0.161382,"[어텐션 모듈과 기하학적 데이터 증강을 통한 X-ray 영상 내 해부학적 랜드마크 검출 성능 향상]
   └ 학회: 한국컴퓨터그래픽스학회 (IF: 1.0)"
258,2022,컴퓨터학,524387468,이수원,3,0.1601,0.108209,"[CovidHunter: 코스페이시스와 머지큐브로 개발한 증강현실 디펜스 게임]
   └ 학회: 한국디지털콘텐츠학회 (IF: 1.48)
--------------------------------
[ARP 공격 시그니처 정보에 기반한 스푸핑 공격 탐지 및 차단 모델]
   └ 학회: 한국디지털콘텐츠학회 (IF: 1.48)
--------------------------------
[코비드헌터+: 코로나19 종식 기원 증강현실 디펜스 게임]
   └ 학회: 한국디지털콘텐츠학회 (IF: 1.48)"
259,2022,컴퓨터학,251636241,최용순,3,0.1588,0.107277,"[가상현실기반 FPS게임 탄약 표기 UI에 관한 비교연구: HUDs, Spatial Elements, Diegetic Displays를 중심으로]
   └ 학회: 한국디지털콘텐츠학회 (IF: 1.48)
--------------------------------
[깊이맵 기반의 인터랙티브 사진을 이용한 긍정적인 인상 형성과 사용 경험에 대한 비교 연구]
   └ 학회: 한국디지털콘텐츠학회 (IF: 1.48)
--------------------------------
[FUS(Find Undetectable Sound): 들을 수 없는 소리의 방향을 찾기 위한 소리 탐지 애플리케이션]
   └ 학회: 한국디지털콘텐츠학회 (IF: 1.48)"
260,2022,컴퓨터학,687495699,김도현,3,0.1455,0.22388,"[Bootice의 은닉 영역에 대한 안티포렌식 및 안티포렌식 대응에 대한 연구]
   └ 학회: 한국디지털포렌식학회 (IF: 0.65)
--------------------------------
[NLP 기반의 메신저 포렌식 연구]
   └ 학회: 한국디지털포렌식학회 (IF: 0.65)
--------------------------------
[AppLock 정보 은닉 앱에 대한 취약점 분석]
   └ 학회: 한국정보보호학회 (IF: 0.39)"
261,2022,컴퓨터학,195644730,정병찬,3,0.1455,0.22388,"[안드로이드 환경에서의 Telegram X 메신저 아티팩트 분석]
   └ 학회: 한국디지털포렌식학회 (IF: 0.65)
--------------------------------
[윈도우 환경에서의 Wickr 메신저 포렌식 분석]
   └ 학회: 한국디지털포렌식학회 (IF: 0.65)
--------------------------------
[Windows 11에 설치된 Windows Subsystem for Android 포렌식 기법]
   └ 학회: 한국디지털포렌식학회 (IF: 0.65)"
262,2022,컴퓨터학,660288362,김준호,2,0.1455,0.22388,"[Memcached 데이터베이스 디지털 포렌식 조사 기법 연구: 안티-포렌식 대응방안을 중점으로]
   └ 학회: 한국디지털포렌식학회 (IF: 0.65)
--------------------------------
[한글(HWP) 클립보드 임시파일과 텔레메트리 데이터를 활용한 문서 편집 이력 추적 연구]
   └ 학회: 한국디지털포렌식학회 (IF: 0.65)"
263,2022,컴퓨터학,123115557,정병찬,2,0.1455,0.22388,"[PC 환경에서 보안 메신저 Wire 앱의 사용자 데이터 캐싱 메커니즘 연구]
   └ 학회: 한국디지털포렌식학회 (IF: 0.65)
--------------------------------
[안드로이드 기기 내 파일 공유 어플리케이션에 관한 디지털 포렌식 연구]
   └ 학회: 한국디지털포렌식학회 (IF: 0.65)"
264,2022,컴퓨터학,194210324,최용철,2,0.1455,0.22388,"[안드로이드 기반 클라우드 스토리지 앱 크리덴셜 활용 및 아티팩트 분석]
   └ 학회: 한국디지털포렌식학회 (IF: 0.65)
--------------------------------
[iOS 및 Android Vault 앱 암호화 알고리즘 분석 및 패스워드 복구 방안]
   └ 학회: 한국디지털포렌식학회 (IF: 0.65)"
265,2022,컴퓨터학,458035514,김기윤,2,0.1455,0.22388,"[안드로이드 기반 클라우드 스토리지 앱 크리덴셜 활용 및 아티팩트 분석]
   └ 학회: 한국디지털포렌식학회 (IF: 0.65)
--------------------------------
[iOS 및 Android Vault 앱 암호화 알고리즘 분석 및 패스워드 복구 방안]
   └ 학회: 한국디지털포렌식학회 (IF: 0.65)"
266,2022,컴퓨터학,731474447,김하영,2,0.1455,0.22388,"[온라인수색 이용 랜섬웨어 조직의 가상자산 압수방안]
   └ 학회: 한국디지털포렌식학회 (IF: 0.65)
--------------------------------
[활성시스템에서 이더리움 지갑 포렌식 방안 연구]
   └ 학회: 한국디지털포렌식학회 (IF: 0.65)"
267,2022,컴퓨터학,852682538,김선겸,3,0.1436,0.097016,"[자율협력주행을 위한 인프라 가이던스 서비스 유스케이스 도출 방법론 연구]
   └ 학회: 한국디지털콘텐츠학회 (IF: 1.48)
--------------------------------
[소셜 데이터의 주권과 투명성 및 신뢰성 확보를 위한 소셜 네트워크에서의 블록체인 활용방안 연구]
   └ 학회: 한국디지털콘텐츠학회 (IF: 1.48)
--------------------------------
[인프라 가이던스를 위한 통합 시뮬레이션 프레임워크 설계]
   └ 학회: 한국디지털콘텐츠학회 (IF: 1.48)"
268,2022,컴퓨터학,261263486,조현진,1,0.1416,0.20522300000000002,"[빅데이터 분석을 이용한 코로나19 전후의 3D가상 패션에 대한 인식 연구]
   └ 학회: 한국컴퓨터정보학회 (IF: 0.69)"
269,2022,컴퓨터학,390715613,전우정,3,0.1394,0.09421500000000001,"[Z세대 대학생의 긍정적인 자아정체감 형성을 위한 모바일앱 서비스 제안]
   └ 학회: 한국디지털콘텐츠학회 (IF: 1.48)
--------------------------------
[Z세대의 뉴스 소비 촉진을 위한 모바일앱 서비스 제안]
   └ 학회: 한국디지털콘텐츠학회 (IF: 1.48)
--------------------------------
[지속 가능한 월경 경험을 위한 모바일 어플리케이션 서비스 제안]
   └ 학회: 한국디지털콘텐츠학회 (IF: 1.48)"
270,2022,컴퓨터학,876391118,박은비,1,0.1367,0.09235099999999999,"[역사 내러티브 기반 게이미피케이션 가상현실 콘텐츠 연구 – 궁중기록화를 중심으로]
   └ 학회: 한국디지털콘텐츠학회 (IF: 1.48)"
271,2022,컴퓨터학,257728,박규동,2,0.1353,0.091418,"[추천 시스템의 편향 및 사용자 만족도 탐구: 체계적 문헌고찰 방법을 중심으로]
   └ 학회: 한국디지털콘텐츠학회 (IF: 1.48)
--------------------------------
[자동안면인식(AFR)기술 규제방안 연구: 미국 사례를 중심으로]
   └ 학회: 한국디지털콘텐츠학회 (IF: 1.48)"
272,2022,컴퓨터학,168523799,김형동,3,0.1313,0.19029800000000002,"[Development of big data based Skin Care Information System SCIS for skin condition diagnosis and management]
   └ 학회: 한국컴퓨터정보학회 (IF: 0.69)
--------------------------------
[소셜미디어기반의 지능적 피부 상태 진단 정보시스템 개발]
   └ 학회: 한국컴퓨터정보학회 (IF: 0.69)
--------------------------------
[소셜미디어 빅데이터로부터 지능적인 피부이미지 식별에 대한 연구]
   └ 학회: 한국컴퓨터정보학회 (IF: 0.69)"
273,2022,컴퓨터학,386468491,조정란,2,0.1313,0.19029800000000002,"[Development of big data based Skin Care Information System SCIS for skin condition diagnosis and management]
   └ 학회: 한국컴퓨터정보학회 (IF: 0.69)
--------------------------------
[소셜미디어 빅데이터로부터 지능적인 피부이미지 식별에 대한 연구]
   └ 학회: 한국컴퓨터정보학회 (IF: 0.69)"
274,2022,컴퓨터학,665176631,안정인,1,0.1313,0.1903,"[소형 스케일 객체 탐지 레이블 재할당 기법]
   └ 학회: 한국컴퓨터정보학회 (IF: 0.69)"
275,2022,컴퓨터학,603055831,김진국,1,0.1243,0.083956,"[텍스트 마이닝을 이용한 터널 교통안전 연구동향 분석]
   └ 학회: 한국디지털콘텐츠학회 (IF: 1.48)"
276,2022,컴퓨터학,299871600,양충헌,1,0.1243,0.083956,"[텍스트 마이닝을 이용한 터널 교통안전 연구동향 분석]
   └ 학회: 한국디지털콘텐츠학회 (IF: 1.48)"
277,2022,컴퓨터학,307116600,박수빈,1,0.1243,0.083956,"[텍스트 마이닝을 이용한 터널 교통안전 연구동향 분석]
   └ 학회: 한국디지털콘텐츠학회 (IF: 1.48)"
278,2022,컴퓨터학,801218169,장선희,2,0.1215,0.08209,"[가상현실 안전교육 콘텐츠 제작을 위한 실감형 시나리오 프레임워크 개발]
   └ 학회: 한국디지털콘텐츠학회 (IF: 1.48)
--------------------------------
[콘텐츠 구성점 표출에 따른 사용자 시선 분석 연구 : VR 360˚ 영상을 중심으로]
   └ 학회: 한국디지털콘텐츠학회 (IF: 1.48)"
279,2022,컴퓨터학,4635480,김숭현,2,0.1215,0.08209,"[A Comparative Study on the Components of Maintain MOBA Game Players’ Loyalty : Based on 〈League of Legends〉 and 〈Heroes of the Storm〉]
   └ 학회: 한국디지털콘텐츠학회 (IF: 1.48)
--------------------------------
[가상현실 콘텐츠의 몰입 탈출 개념과 필요성 : 디지털콘텐츠 사례를 중심으로]
   └ 학회: 한국디지털콘텐츠학회 (IF: 1.48)"
280,2022,컴퓨터학,341905993,이재학,1,0.1215,0.08209,"[가상현실 안전교육 콘텐츠 제작을 위한 실감형 시나리오 프레임워크 개발]
   └ 학회: 한국디지털콘텐츠학회 (IF: 1.48)"
281,2022,컴퓨터학,745900608,신정민,1,0.1215,0.08209,"[가상현실 기반 배관배선공사 교육훈련 콘텐츠 개발 및 평가]
   └ 학회: 한국디지털콘텐츠학회 (IF: 1.48)"
282,2022,컴퓨터학,333353279,이석한,1,0.1215,0.08209,"[가상현실 기반 배관배선공사 교육훈련 콘텐츠 개발 및 평가]
   └ 학회: 한국디지털콘텐츠학회 (IF: 1.48)"
283,2022,컴퓨터학,920671,김상연,1,0.1215,0.08209,"[가상현실 기반 배관배선공사 교육훈련 콘텐츠 개발 및 평가]
   └ 학회: 한국디지털콘텐츠학회 (IF: 1.48)"
284,2022,컴퓨터학,124324028,정구철,1,0.1215,0.08209,"[가상현실 기반 배관배선공사 교육훈련 콘텐츠 개발 및 평가]
   └ 학회: 한국디지털콘텐츠학회 (IF: 1.48)"
285,2022,컴퓨터학,656874894,함초롬,1,0.1215,0.08209,"[맥락적 체험을 위한 궁중 기록화의 가상현실 콘텐츠 연구]
   └ 학회: 한국디지털콘텐츠학회 (IF: 1.48)"
286,2022,컴퓨터학,715998737,배주형,1,0.1215,0.08209,"[가상현실기반 FPS게임 탄약 표기 UI에 관한 비교연구: HUDs, Spatial Elements, Diegetic Displays를 중심으로]
   └ 학회: 한국디지털콘텐츠학회 (IF: 1.48)"
287,2022,컴퓨터학,385818378,정지훈,1,0.1215,0.08209,"[일반 및 특수 교육과정에서의 가상현실(VR) 적용 연구 고찰]
   └ 학회: 한국디지털콘텐츠학회 (IF: 1.48)"
288,2022,컴퓨터학,124518237,최웅,1,0.1215,0.08209,"[VR 공간상의 가상 반려동물에 의한 힐링 효과의 검증]
   └ 학회: 한국디지털콘텐츠학회 (IF: 1.48)"
289,2022,컴퓨터학,4004800,김예은,1,0.1215,0.08209,"[가상현실 콘텐츠의 몰입 탈출 개념과 필요성 : 디지털콘텐츠 사례를 중심으로]
   └ 학회: 한국디지털콘텐츠학회 (IF: 1.48)"
290,2022,컴퓨터학,594772188,여승연,1,0.1204,0.17443999999999998,"[IoT 네트워크 상의 머신러닝 기반 DoS 및 DRDoS 탐지연구]
   └ 학회: 한국컴퓨터정보학회 (IF: 0.69)"
291,2022,컴퓨터학,592528634,조소영,1,0.1204,0.17443999999999998,"[IoT 네트워크 상의 머신러닝 기반 DoS 및 DRDoS 탐지연구]
   └ 학회: 한국컴퓨터정보학회 (IF: 0.69)"
292,2022,컴퓨터학,117423950,김지연,1,0.1204,0.17443999999999998,"[IoT 네트워크 상의 머신러닝 기반 DoS 및 DRDoS 탐지연구]
   └ 학회: 한국컴퓨터정보학회 (IF: 0.69)"
293,2022,컴퓨터학,591508049,고광호,1,0.1204,0.17443999999999998,"[차량 연료소모량 예측을 위한 머신러닝 기법]
   └ 학회: 한국컴퓨터정보학회 (IF: 0.69)"
294,2022,컴퓨터학,749675,이승민,3,0.1201,0.08115800000000001,"[모바일 은행 앱의 게이미피케이션 구성요소 및 시각표현요소가 몰입 및 지속적 사용의도에 미치는 영향 연구]
   └ 학회: 한국디지털콘텐츠학회 (IF: 1.48)
--------------------------------
[초등학교 고학년 학생의 디지털 리터러시, 교수 실재감, 인지적 실재감, 학습 몰입의 구조적 관계 : 블렌디드 러닝 환경을 기반으로]
   └ 학회: 한국디지털콘텐츠학회 (IF: 1.48)
--------------------------------
[음성 어시스턴트의 사용 경험 누적에 따른 사용자 기대 변화에 대한 연구]
   └ 학회: 한국디지털콘텐츠학회 (IF: 1.48)"
295,2022,컴퓨터학,883352137,조정희,2,0.1197,0.173508,"[A method for determining the timing of intervention in a virtual reality environment]
   └ 학회: 한국컴퓨터정보학회 (IF: 0.69)
--------------------------------
[가상현실기반 바리스타 교육에서 발달장애인을 위한 중재 개입 시점의 결정 방법]
   └ 학회: 한국컴퓨터정보학회 (IF: 0.69)"
296,2022,컴퓨터학,370232830,장진욱,1,0.1191,0.17257499999999998,"[Development of Location Image Analysis System design using Deep Learning]
   └ 학회: 한국컴퓨터정보학회 (IF: 0.69)"
297,2022,컴퓨터학,966274764,손지훈,1,0.1188,0.182836,"[메타마스크(MetaMask) 암호화폐 지갑 아티팩트 분석]
   └ 학회: 한국디지털포렌식학회 (IF: 0.65)"
298,2022,컴퓨터학,526866965,김수민,2,0.1178,0.17071,"[인공지능을 이용한 공장지붕 고정용 볼트 이상 탐지 방안]
   └ 학회: 한국컴퓨터정보학회 (IF: 0.69)
--------------------------------
[시계열 데이터 이상탐지를 위한 AI MLOps Workflow 언어와 플랫폼]
   └ 학회: 한국컴퓨터정보학회 (IF: 0.69)"
299,2022,컴퓨터학,431036618,손정모,2,0.1178,0.17071,"[인공지능을 이용한 공장지붕 고정용 볼트 이상 탐지 방안]
   └ 학회: 한국컴퓨터정보학회 (IF: 0.69)
--------------------------------
[시계열 데이터 이상탐지를 위한 AI MLOps Workflow 언어와 플랫폼]
   └ 학회: 한국컴퓨터정보학회 (IF: 0.69)"
300,2022,컴퓨터학,524058440,Jung-Wook Han,1,0.1133,0.164178,"[Prediction of drowning person’s route using machine learning for meteorological information of maritime observation buoy]
   └ 학회: 한국컴퓨터정보학회 (IF: 0.69)"
301,2022,컴퓨터학,286676475,Ho-Seok Moon,1,0.1133,0.164178,"[Prediction of drowning person’s route using machine learning for meteorological information of maritime observation buoy]
   └ 학회: 한국컴퓨터정보학회 (IF: 0.69)"
302,2022,컴퓨터학,968740562,Sui Choi,1,0.112,0.162312,"[Analysis of news bigdata on ‘Gather Town’ using the Bigkinds system]
   └ 학회: 한국컴퓨터정보학회 (IF: 0.69)"
303,2022,컴퓨터학,3861786,신수빈,1,0.1118,0.07556,"[자율주행 차량 테마 공유 모바일 앱 서비스 제안 : 서비스 디자인 방법론을 중심으로]
   └ 학회: 한국디지털콘텐츠학회 (IF: 1.48)"
304,2022,컴퓨터학,5406126,이영현,1,0.1118,0.07556,"[자율주행 차량 테마 공유 모바일 앱 서비스 제안 : 서비스 디자인 방법론을 중심으로]
   └ 학회: 한국디지털콘텐츠학회 (IF: 1.48)"
305,2022,컴퓨터학,220942026,최윤하,1,0.1118,0.07556,"[자율주행 차량 테마 공유 모바일 앱 서비스 제안 : 서비스 디자인 방법론을 중심으로]
   └ 학회: 한국디지털콘텐츠학회 (IF: 1.48)"
306,2022,컴퓨터학,160771688,임정주,2,0.1114,0.16138,"[미디어와 소비자간 새로운 플랫폼으로서의 유튜브의 역할]
   └ 학회: 한국컴퓨터정보학회 (IF: 0.69)
--------------------------------
[A Design and Implement of Efficient Agricultural Product Price Prediction Model]
   └ 학회: 한국컴퓨터정보학회 (IF: 0.69)"
307,2022,컴퓨터학,906745612,이용선,1,0.1101,0.110074,"[공학교육 현장에서의 메타버스 플랫폼 및 콘텐츠 활용]
   └ 학회: 한국컴퓨터그래픽스학회 (IF: 1.0)"
308,2022,컴퓨터학,528346028,이택희,1,0.1101,0.110074,"[공학교육 현장에서의 메타버스 플랫폼 및 콘텐츠 활용]
   └ 학회: 한국컴퓨터그래픽스학회 (IF: 1.0)"
309,2022,컴퓨터학,491156347,김형훈,1,0.1099,0.281717,"[AI를 이용한 차량용 침입 탐지 시스템에 대한 평가 프레임워크]
   └ 학회: 한국정보보호학회 (IF: 0.39)"
310,2022,컴퓨터학,456111833,정연선,1,0.1099,0.281717,"[AI를 이용한 차량용 침입 탐지 시스템에 대한 평가 프레임워크]
   └ 학회: 한국정보보호학회 (IF: 0.39)"
311,2022,컴퓨터학,938467752,최원석,1,0.1099,0.281717,"[AI를 이용한 차량용 침입 탐지 시스템에 대한 평가 프레임워크]
   └ 학회: 한국정보보호학회 (IF: 0.39)"
312,2022,컴퓨터학,984200865,조효진,1,0.1099,0.281717,"[AI를 이용한 차량용 침입 탐지 시스템에 대한 평가 프레임워크]
   └ 학회: 한국정보보호학회 (IF: 0.39)"
313,2022,컴퓨터학,212476642,김종현,6,0.1072,0.13152999999999998,"[효율적인 균열 데이터수집을위한벡터기반데이터증강과 네트워크 학습]
   └ 학회: 한국컴퓨터그래픽스학회 (IF: 1.0)
--------------------------------
[Efficient GPU Framework for Adaptive and Continuous Signed Distance Field Construction, and Its Applications]
   └ 학회: 한국컴퓨터정보학회 (IF: 0.69)
--------------------------------
[가닥 지오메트리 이미지를 이용한 ConvNet 기반의 헤어 및 털 합성기]
   └ 학회: 한국컴퓨터정보학회 (IF: 0.69)
--------------------------------
[DB기반의 특징 매칭과 RANSAC기반의 다중 평면 방식을 이용한 AR기반 장애물 감지 시스템]
   └ 학회: 한국컴퓨터정보학회 (IF: 0.69)
--------------------------------
[바이러스에 대한 빠른 검사와 안정적인 관리 시스템 구축을 위한 효율적인 그래프 구축과 사용자 이동 경로]
   └ 학회: 한국컴퓨터정보학회 (IF: 0.69)
--------------------------------
[레이트레이싱 기반 회절을 이용한 가상 환경에서의 효율적인 사운드 제어 기법]
   └ 학회: 한국컴퓨터정보학회 (IF: 0.69)"
314,2022,컴퓨터학,623718069,이원주,5,0.1068,0.15485,"[Analysis of the Current Status of the AI Major Curriculum at Universities Based on Standard of AI Curriculum]
   └ 학회: 한국컴퓨터정보학회 (IF: 0.69)
--------------------------------
[A Study on the Development of Software Education Program to Activate Employment for the Disabled]
   └ 학회: 한국컴퓨터정보학회 (IF: 0.69)
--------------------------------
[A Study on the Standard AI Developer Job Training Track Based on Industry Demand]
   └ 학회: 한국컴퓨터정보학회 (IF: 0.69)
--------------------------------
[A Design and Implement of Efficient Agricultural Product Price Prediction Model]
   └ 학회: 한국컴퓨터정보학회 (IF: 0.69)
--------------------------------
[PPG 센서를 이용한 반려동물용 SPO₂ 웨어러블 장치의 설계 및 구현]
   └ 학회: 한국컴퓨터정보학회 (IF: 0.69)"
315,2022,컴퓨터학,297546896,이수진,3,0.1068,0.15485,"[XBT 데이터를 이용한 기계학습 기반의 동해 수직 수온분포 예측]
   └ 학회: 한국컴퓨터정보학회 (IF: 0.69)
--------------------------------
[PCA 기반 API Call 정보의 차원 축소를 통한 경량화된 안드로이드 악성코드 분류 모델]
   └ 학회: 한국컴퓨터정보학회 (IF: 0.69)
--------------------------------
[Gradient Boosting 기법을 활용한 다크넷 트래픽 탐지 및 분류]
   └ 학회: 한국정보보호학회 (IF: 0.39)"
316,2022,컴퓨터학,193805154,지건우,1,0.1068,0.15485,"[IR-UWB 레이더와 머신러닝을 활용한 인원계수와 위치인식]
   └ 학회: 한국컴퓨터정보학회 (IF: 0.69)"
317,2022,컴퓨터학,925846449,이창원,1,0.1068,0.15485,"[IR-UWB 레이더와 머신러닝을 활용한 인원계수와 위치인식]
   └ 학회: 한국컴퓨터정보학회 (IF: 0.69)"
318,2022,컴퓨터학,966201190,윤재석,1,0.1068,0.15485,"[IR-UWB 레이더와 머신러닝을 활용한 인원계수와 위치인식]
   └ 학회: 한국컴퓨터정보학회 (IF: 0.69)"
319,2022,컴퓨터학,569740573,김태완,1,0.1068,0.15485,"[A Design and Implement of Efficient Agricultural Product Price Prediction Model]
   └ 학회: 한국컴퓨터정보학회 (IF: 0.69)"
320,2022,컴퓨터학,583952603,임지섭,1,0.1068,0.15485,"[A Design and Implement of Efficient Agricultural Product Price Prediction Model]
   └ 학회: 한국컴퓨터정보학회 (IF: 0.69)"
321,2022,컴퓨터학,183205836,김준호,1,0.1068,0.15485,"[A Design and Implement of Efficient Agricultural Product Price Prediction Model]
   └ 학회: 한국컴퓨터정보학회 (IF: 0.69)"
322,2022,컴퓨터학,349811309,유태용,1,0.1068,0.15485,"[A Design and Implement of Efficient Agricultural Product Price Prediction Model]
   └ 학회: 한국컴퓨터정보학회 (IF: 0.69)"
323,2022,컴퓨터학,297362582,윤승원,1,0.1068,0.15485,"[보행자 GPS 경로 예측 딥러닝 모델과 그 방법]
   └ 학회: 한국컴퓨터정보학회 (IF: 0.69)"
324,2022,컴퓨터학,321386661,이원희,1,0.1068,0.15485,"[보행자 GPS 경로 예측 딥러닝 모델과 그 방법]
   └ 학회: 한국컴퓨터정보학회 (IF: 0.69)"
325,2022,컴퓨터학,893614233,이규철,1,0.1068,0.15485,"[보행자 GPS 경로 예측 딥러닝 모델과 그 방법]
   └ 학회: 한국컴퓨터정보학회 (IF: 0.69)"
326,2022,컴퓨터학,805858701,김영주,1,0.1068,0.15485,"[XBT 데이터를 이용한 기계학습 기반의 동해 수직 수온분포 예측]
   └ 학회: 한국컴퓨터정보학회 (IF: 0.69)"
327,2022,컴퓨터학,488261917,김영원,1,0.1068,0.15485,"[XBT 데이터를 이용한 기계학습 기반의 동해 수직 수온분포 예측]
   └ 학회: 한국컴퓨터정보학회 (IF: 0.69)"
328,2022,컴퓨터학,762912173,류의림,1,0.1066,0.078358,"[호가창과 뉴스 헤드라인을 이용한 딥러닝 기반 주가 변동 예측 기법]
   └ 학회: 한국전자거래학회 (IF: 1.36)"
329,2022,컴퓨터학,307579567,이기용,1,0.1066,0.078358,"[호가창과 뉴스 헤드라인을 이용한 딥러닝 기반 주가 변동 예측 기법]
   └ 학회: 한국전자거래학회 (IF: 1.36)"
330,2022,컴퓨터학,190814926,정연돈,1,0.1066,0.078358,"[호가창과 뉴스 헤드라인을 이용한 딥러닝 기반 주가 변동 예측 기법]
   └ 학회: 한국전자거래학회 (IF: 1.36)"
331,2022,컴퓨터학,533933805,이영수,1,0.1053,0.077425,"[기업의 머신러닝 선정에 영향을 미치는 요인 연구: 확장된 알고리즘 선택 문제의 관점으로]
   └ 학회: 한국전자거래학회 (IF: 1.36)"
332,2022,컴퓨터학,321252265,권민수,1,0.1053,0.077425,"[기업의 머신러닝 선정에 영향을 미치는 요인 연구: 확장된 알고리즘 선택 문제의 관점으로]
   └ 학회: 한국전자거래학회 (IF: 1.36)"
333,2022,컴퓨터학,123366483,권오병,1,0.1053,0.077425,"[기업의 머신러닝 선정에 영향을 미치는 요인 연구: 확장된 알고리즘 선택 문제의 관점으로]
   └ 학회: 한국전자거래학회 (IF: 1.36)"
334,2022,컴퓨터학,671096812,최병호,1,0.1053,0.077425,"[머신러닝을 이용한 선불전자지급수단의 이상금융거래 탐지 연구]
   └ 학회: 한국전자거래학회 (IF: 1.36)"
335,2022,컴퓨터학,216582951,조남욱,1,0.1053,0.077425,"[머신러닝을 이용한 선불전자지급수단의 이상금융거래 탐지 연구]
   └ 학회: 한국전자거래학회 (IF: 1.36)"
336,2022,컴퓨터학,619071797,나장호,1,0.1049,0.070896,"[블록체인에서 Schnorr 디지털서명의 사용 전망에 관한 연구]
   └ 학회: 한국디지털콘텐츠학회 (IF: 1.48)"
337,2022,컴퓨터학,591075385,김혜영,1,0.1049,0.070896,"[블록체인에서 Schnorr 디지털서명의 사용 전망에 관한 연구]
   └ 학회: 한국디지털콘텐츠학회 (IF: 1.48)"
338,2022,컴퓨터학,5443614,최환석,1,0.1049,0.070896,"[AMB 기반의 신뢰적 배송추적 서비스 플랫폼 개발]
   └ 학회: 한국디지털콘텐츠학회 (IF: 1.48)"
339,2022,컴퓨터학,856440323,오지훈,1,0.1049,0.070896,"[AMB 기반의 신뢰적 배송추적 서비스 플랫폼 개발]
   └ 학회: 한국디지털콘텐츠학회 (IF: 1.48)"
340,2022,컴퓨터학,296937822,이주형,1,0.1049,0.070896,"[AMB 기반의 신뢰적 배송추적 서비스 플랫폼 개발]
   └ 학회: 한국디지털콘텐츠학회 (IF: 1.48)"
341,2022,컴퓨터학,158434867,윤영주,1,0.1049,0.070896,"[AMB 기반의 신뢰적 배송추적 서비스 플랫폼 개발]
   └ 학회: 한국디지털콘텐츠학회 (IF: 1.48)"
342,2022,컴퓨터학,535774446,이우섭,1,0.1049,0.070896,"[AMB 기반의 신뢰적 배송추적 서비스 플랫폼 개발]
   └ 학회: 한국디지털콘텐츠학회 (IF: 1.48)"
343,2022,컴퓨터학,404301443,김근혜,1,0.1049,0.070896,"[자동안면인식(AFR)기술 규제방안 연구: 미국 사례를 중심으로]
   └ 학회: 한국디지털콘텐츠학회 (IF: 1.48)"
344,2022,컴퓨터학,948047407,Yustus-Eko Oktian,1,0.1011,0.146456,"[A Conceptual Architecture for Ethic-Friendly AI]
   └ 학회: 한국컴퓨터정보학회 (IF: 0.69)"
345,2022,컴퓨터학,475505382,Stanley Brian,1,0.1011,0.146456,"[A Conceptual Architecture for Ethic-Friendly AI]
   └ 학회: 한국컴퓨터정보학회 (IF: 0.69)"
346,2022,컴퓨터학,382680163,Sang-Gon Lee,1,0.1011,0.146456,"[A Conceptual Architecture for Ethic-Friendly AI]
   └ 학회: 한국컴퓨터정보학회 (IF: 0.69)"
347,2022,컴퓨터학,489686534,김기연,1,0.0994,0.067165,"[텍스트 마이닝 기법을 활용한 구글 플레이 스토어 영어 학습 앱 사용자 리뷰 분석]
   └ 학회: 한국디지털콘텐츠학회 (IF: 1.48)"
348,2022,컴퓨터학,268212665,한수미,1,0.0994,0.067165,"[텍스트 마이닝 기법을 활용한 구글 플레이 스토어 영어 학습 앱 사용자 리뷰 분석]
   └ 학회: 한국디지털콘텐츠학회 (IF: 1.48)"
349,2022,컴퓨터학,798089788,노영단,1,0.0978,0.141792,"[Heart Disease Prediction Using Decision Tree With Kaggle Dataset]
   └ 학회: 한국컴퓨터정보학회 (IF: 0.69)"
350,2022,컴퓨터학,244549195,조은지,1,0.0978,0.141792,"[인공지능 기반 전장상황 분석을 위한 가상 전장상황 데이터 셋 생성 연구]
   └ 학회: 한국컴퓨터정보학회 (IF: 0.69)"
351,2022,컴퓨터학,976542602,진소연,1,0.0978,0.141792,"[인공지능 기반 전장상황 분석을 위한 가상 전장상황 데이터 셋 생성 연구]
   └ 학회: 한국컴퓨터정보학회 (IF: 0.69)"
352,2022,컴퓨터학,5109209,신유경,1,0.0978,0.141792,"[인공지능 기반 전장상황 분석을 위한 가상 전장상황 데이터 셋 생성 연구]
   └ 학회: 한국컴퓨터정보학회 (IF: 0.69)"
353,2022,컴퓨터학,250236576,이우신,1,0.0978,0.141792,"[인공지능 기반 전장상황 분석을 위한 가상 전장상황 데이터 셋 생성 연구]
   └ 학회: 한국컴퓨터정보학회 (IF: 0.69)"
354,2022,컴퓨터학,727203763,편동현,1,0.0978,0.141792,"[인공 신경망을 사용하여 링크 속도로부터 차로별 속도를 예측하는 연구]
   └ 학회: 한국컴퓨터정보학회 (IF: 0.69)"
355,2022,컴퓨터학,489197185,표창우,1,0.0978,0.141792,"[인공 신경망을 사용하여 링크 속도로부터 차로별 속도를 예측하는 연구]
   └ 학회: 한국컴퓨터정보학회 (IF: 0.69)"
356,2022,컴퓨터학,506570702,이애리,1,0.0978,0.141792,"[비대면 인공지능 교양수업에서 프로젝트 학습법이 학습몰입과 인공지능 효능감에 미치는 영향]
   └ 학회: 한국컴퓨터정보학회 (IF: 0.69)"
357,2022,컴퓨터학,517158558,김협,1,0.0964,0.070896,"[블록체인 기반의 지식공유 플랫폼 연구]
   └ 학회: 한국전자거래학회 (IF: 1.36)"
358,2022,컴퓨터학,936372826,이성주,1,0.0964,0.070896,"[디지털 플랫폼 기반 온라인 유통과 물류시스템 연계를 위한 표준 정보시스템 설계]
   └ 학회: 한국전자거래학회 (IF: 1.36)"
359,2022,컴퓨터학,588284418,이용현,1,0.0964,0.070896,"[디지털 플랫폼 기반 온라인 유통과 물류시스템 연계를 위한 표준 정보시스템 설계]
   └ 학회: 한국전자거래학회 (IF: 1.36)"
360,2022,컴퓨터학,5197251,방선호,1,0.0964,0.070896,"[디지털 플랫폼 기반 온라인 유통과 물류시스템 연계를 위한 표준 정보시스템 설계]
   └ 학회: 한국전자거래학회 (IF: 1.36)"
361,2022,컴퓨터학,634136427,신광섭,1,0.0964,0.070896,"[디지털 플랫폼 기반 온라인 유통과 물류시스템 연계를 위한 표준 정보시스템 설계]
   └ 학회: 한국전자거래학회 (IF: 1.36)"
362,2022,컴퓨터학,815395950,박희찬,1,0.092,0.133396,"[멀티모달 앙상블 딥러닝 네트워크를 이용한 보행 타입 분류]
   └ 학회: 한국컴퓨터정보학회 (IF: 0.69)"
363,2022,컴퓨터학,348801956,최영찬,1,0.092,0.133396,"[멀티모달 앙상블 딥러닝 네트워크를 이용한 보행 타입 분류]
   └ 학회: 한국컴퓨터정보학회 (IF: 0.69)"
364,2022,컴퓨터학,584280441,최상일,1,0.092,0.133396,"[멀티모달 앙상블 딥러닝 네트워크를 이용한 보행 타입 분류]
   └ 학회: 한국컴퓨터정보학회 (IF: 0.69)"
365,2022,컴퓨터학,330501229,한기태,1,0.092,0.133396,"[딥러닝 유사도 기반 현품 영상과 도면 영상의 1:1 매칭 방법]
   └ 학회: 한국컴퓨터정보학회 (IF: 0.69)"
366,2022,컴퓨터학,443112916,이나비,1,0.091,0.139926,"[안드로이드 및 윈도우즈 환경에서 카카오톡 메시지의 아티팩트 분류 및 심층학습 기반 감성 분석 연구]
   └ 학회: 한국디지털포렌식학회 (IF: 0.65)"
367,2022,컴퓨터학,5153698,김세형,1,0.0888,0.065299,"[텍스트 마이닝 기반 고령자 관련 법제도 개선을 위한 분쟁 유형 도출방법론 제안]
   └ 학회: 한국전자거래학회 (IF: 1.36)"
368,2022,컴퓨터학,799292620,윤태영,1,0.0888,0.065299,"[텍스트 마이닝 기반 고령자 관련 법제도 개선을 위한 분쟁 유형 도출방법론 제안]
   └ 학회: 한국전자거래학회 (IF: 1.36)"
369,2022,컴퓨터학,680456184,강주영,1,0.0888,0.065299,"[텍스트 마이닝 기반 고령자 관련 법제도 개선을 위한 분쟁 유형 도출방법론 제안]
   └ 학회: 한국전자거래학회 (IF: 1.36)"
370,2022,컴퓨터학,108979579,이진오,1,0.0855,0.13153,"[스마트홈 가전 및 IoT 기기 포렌식을 통한 범죄 수사에 사용될 수 있는 아티팩트 획득]
   └ 학회: 한국디지털포렌식학회 (IF: 0.65)"
371,2022,컴퓨터학,612045044,최대선,4,0.0851,0.218283,"[금융데이터의 성능 비교를 통한 연합학습 기법의 효용성 분석]
   └ 학회: 한국정보보호학회 (IF: 0.39)
--------------------------------
[메타버스 보안 위협 요소 및 대응 방안 검토]
   └ 학회: 한국정보보호학회 (IF: 0.39)
--------------------------------
[블랙 박스 모델의 출력값을 이용한 AI 모델 종류 추론 공격]
   └ 학회: 한국정보보호학회 (IF: 0.39)
--------------------------------
[이미지의 Symbolic Representation 기반 적대적 예제 탐지 방법]
   └ 학회: 한국정보보호학회 (IF: 0.39)"
372,2022,컴퓨터학,917879319,조윤식,2,0.0821,0.08209,"[제페토 월드를 활용한 메타버스 콘텐츠 제작 공정에 관한 연구]
   └ 학회: 한국컴퓨터그래픽스학회 (IF: 1.0)
--------------------------------
[유니티와 언리얼 엔진 4 에서의 가상현실 개발환경에 관한 비교연구]
   └ 학회: 한국컴퓨터그래픽스학회 (IF: 1.0)"
373,2022,컴퓨터학,534024725,김진모,2,0.0821,0.08209,"[제페토 월드를 활용한 메타버스 콘텐츠 제작 공정에 관한 연구]
   └ 학회: 한국컴퓨터그래픽스학회 (IF: 1.0)
--------------------------------
[유니티와 언리얼 엔진 4 에서의 가상현실 개발환경에 관한 비교연구]
   └ 학회: 한국컴퓨터그래픽스학회 (IF: 1.0)"
374,2022,컴퓨터학,247419767,서승원,1,0.0821,0.08209,"[가상환경에서 수직 운동에 대한 데이터 기반 카메라 조작]
   └ 학회: 한국컴퓨터그래픽스학회 (IF: 1.0)"
375,2022,컴퓨터학,596084846,노성래,1,0.0821,0.08209,"[가상환경에서 수직 운동에 대한 데이터 기반 카메라 조작]
   └ 학회: 한국컴퓨터그래픽스학회 (IF: 1.0)"
376,2022,컴퓨터학,877194393,이로운,1,0.0821,0.08209,"[가상환경에서 수직 운동에 대한 데이터 기반 카메라 조작]
   └ 학회: 한국컴퓨터그래픽스학회 (IF: 1.0)"
377,2022,컴퓨터학,577685211,박승준,1,0.0821,0.08209,"[가상환경에서 수직 운동에 대한 데이터 기반 카메라 조작]
   └ 학회: 한국컴퓨터그래픽스학회 (IF: 1.0)"
378,2022,컴퓨터학,459717461,강형엽,1,0.0821,0.08209,"[가상환경에서 수직 운동에 대한 데이터 기반 카메라 조작]
   └ 학회: 한국컴퓨터그래픽스학회 (IF: 1.0)"
379,2022,컴퓨터학,763074504,조예솔,1,0.0821,0.08209,"[요트 VR 체험에서 데이터 기반의 인공풍이 정적 정서에 미치는 영향]
   └ 학회: 한국컴퓨터그래픽스학회 (IF: 1.0)"
380,2022,컴퓨터학,224073284,이예원,1,0.0821,0.08209,"[요트 VR 체험에서 데이터 기반의 인공풍이 정적 정서에 미치는 영향]
   └ 학회: 한국컴퓨터그래픽스학회 (IF: 1.0)"
381,2022,컴퓨터학,354273034,임도전,1,0.0821,0.08209,"[요트 VR 체험에서 데이터 기반의 인공풍이 정적 정서에 미치는 영향]
   └ 학회: 한국컴퓨터그래픽스학회 (IF: 1.0)"
382,2022,컴퓨터학,992245223,류태동,1,0.0821,0.08209,"[요트 VR 체험에서 데이터 기반의 인공풍이 정적 정서에 미치는 영향]
   └ 학회: 한국컴퓨터그래픽스학회 (IF: 1.0)"
383,2022,컴퓨터학,369788129,John Claud Jonas,1,0.0821,0.08209,"[요트 VR 체험에서 데이터 기반의 인공풍이 정적 정서에 미치는 영향]
   └ 학회: 한국컴퓨터그래픽스학회 (IF: 1.0)"
384,2022,컴퓨터학,990037741,나대영,1,0.0821,0.08209,"[요트 VR 체험에서 데이터 기반의 인공풍이 정적 정서에 미치는 영향]
   └ 학회: 한국컴퓨터그래픽스학회 (IF: 1.0)"
385,2022,컴퓨터학,452822454,한다성,1,0.0821,0.08209,"[요트 VR 체험에서 데이터 기반의 인공풍이 정적 정서에 미치는 영향]
   └ 학회: 한국컴퓨터그래픽스학회 (IF: 1.0)"
386,2022,컴퓨터학,187687113,나현식,1,0.0815,0.208955,"[메타버스 보안 위협 요소 및 대응 방안 검토]
   └ 학회: 한국정보보호학회 (IF: 0.39)"
387,2022,컴퓨터학,392542270,강수진,2,0.08,0.130597,"[안드로이드 환경에서의 지도 애플리케이션 아티팩트 분석 및 복호화 방안 연구]
   └ 학회: 한국디지털포렌식학회 (IF: 0.65)
--------------------------------
[2021년 및 2022년 상반기 주요 랜섬웨어 대응 정책]
   └ 학회: 한국정보보호학회 (IF: 0.39)"
388,2022,컴퓨터학,765826085,Fang-Yuan Jiang,1,0.0773,0.052238,"[Design and Implementation of Home Care Management Information System in Smart Community Based on Big Data]
   └ 학회: 한국디지털콘텐츠학회 (IF: 1.48)"
389,2022,컴퓨터학,474522850,Wan-Sok Jang,1,0.0773,0.052238,"[Design and Implementation of Home Care Management Information System in Smart Community Based on Big Data]
   └ 학회: 한국디지털콘텐츠학회 (IF: 1.48)"
390,2022,컴퓨터학,616522509,반영환,1,0.0773,0.052238,"[Design and Implementation of Home Care Management Information System in Smart Community Based on Big Data]
   └ 학회: 한국디지털콘텐츠학회 (IF: 1.48)"
391,2022,컴퓨터학,829499648,강운구,2,0.076,0.11007600000000001,"[PHM 기반 공조설비의 고장 패턴 학습을 통한 미세먼지 저감 알고리즘 개발]
   └ 학회: 한국컴퓨터정보학회 (IF: 0.69)
--------------------------------
[블록체인 기반 CCTV 함체기록 관리시스템 설계]
   └ 학회: 한국컴퓨터정보학회 (IF: 0.69)"
392,2022,컴퓨터학,990454704,한보라,1,0.076,0.110074,"[메타버스 시대에서의 웹툰의 상생방향]
   └ 학회: 한국컴퓨터정보학회 (IF: 0.69)"
393,2022,컴퓨터학,228225698,권영희,1,0.076,0.110074,"[메타버스 시대에서의 웹툰의 상생방향]
   └ 학회: 한국컴퓨터정보학회 (IF: 0.69)"
394,2022,컴퓨터학,293803533,박다솜,1,0.0746,0.050374,"[음성 어시스턴트의 사용 경험 누적에 따른 사용자 기대 변화에 대한 연구]
   └ 학회: 한국디지털콘텐츠학회 (IF: 1.48)"
395,2022,컴퓨터학,199402076,권동현,3,0.0735,0.188434,"[TPMP : ARM TrustZone을 활용한 DNN 추론 과정의 기밀성 보장 기술]
   └ 학회: 한국정보보호학회 (IF: 0.39)
--------------------------------
[ROS 2의 이벤트 기반 런타임 모니터링을 활용한 실시간 공격 탐지 시스템]
   └ 학회: 한국정보보호학회 (IF: 0.39)
--------------------------------
[TCST : 신뢰실행환경 내에서 스마트 컨트랙트의 제어 흐름 무결성 검증을 위한 기술]
   └ 학회: 한국정보보호학회 (IF: 0.39)"
396,2022,컴퓨터학,406383480,박성환,2,0.0735,0.188434,"[TPMP : ARM TrustZone을 활용한 DNN 추론 과정의 기밀성 보장 기술]
   └ 학회: 한국정보보호학회 (IF: 0.39)
--------------------------------
[TCST : 신뢰실행환경 내에서 스마트 컨트랙트의 제어 흐름 무결성 검증을 위한 기술]
   └ 학회: 한국정보보호학회 (IF: 0.39)"
397,2022,컴퓨터학,149046435,강지영,1,0.0732,0.04944,"[증강현실 기술을 활용한 국가무형문화재의 실감콘텐츠 제작 - 국가무형문화재 2호 ‘양주별산대놀이’를 중심으로]
   └ 학회: 한국디지털콘텐츠학회 (IF: 1.48)"
398,2022,컴퓨터학,625818528,홍표길,2,0.0728,0.11194,"[Bootice의 은닉 영역에 대한 안티포렌식 및 안티포렌식 대응에 대한 연구]
   └ 학회: 한국디지털포렌식학회 (IF: 0.65)
--------------------------------
[AppLock 정보 은닉 앱에 대한 취약점 분석]
   └ 학회: 한국정보보호학회 (IF: 0.39)"
399,2022,컴퓨터학,768006261,한재혁,2,0.0728,0.11194,"[사이버 위협정보 검색 서비스를 활용한 불법사이트 실 IP 주소 추적 기법]
   └ 학회: 한국디지털포렌식학회 (IF: 0.65)
--------------------------------
[PDF 파일 내 생성프로그램 특징 및 출처 조사 기법 연구]
   └ 학회: 한국디지털포렌식학회 (IF: 0.65)"
400,2022,컴퓨터학,141589784,이성현,1,0.0728,0.11194,"[중고거래 어플리케이션에서의 아티팩트 수집 및 분석]
   └ 학회: 한국디지털포렌식학회 (IF: 0.65)"
401,2022,컴퓨터학,832019853,조민호,1,0.0728,0.11194,"[중고거래 어플리케이션에서의 아티팩트 수집 및 분석]
   └ 학회: 한국디지털포렌식학회 (IF: 0.65)"
402,2022,컴퓨터학,430507426,장동근,1,0.0728,0.11194,"[문서보안이 설정된 이메일 첨부파일의 효율적 분석을 위한 도구 설계 - 범죄수사와 e-Discovery 활용을 목적으로 -]
   └ 학회: 한국디지털포렌식학회 (IF: 0.65)"
403,2022,컴퓨터학,591021304,윤호,1,0.0728,0.11194,"[Memcached 데이터베이스 디지털 포렌식 조사 기법 연구: 안티-포렌식 대응방안을 중점으로]
   └ 학회: 한국디지털포렌식학회 (IF: 0.65)"
404,2022,컴퓨터학,197752745,김성배,1,0.0728,0.11194,"[Memcached 데이터베이스 디지털 포렌식 조사 기법 연구: 안티-포렌식 대응방안을 중점으로]
   └ 학회: 한국디지털포렌식학회 (IF: 0.65)"
405,2022,컴퓨터학,676886980,양양한,1,0.0728,0.11194,"[Memcached 데이터베이스 디지털 포렌식 조사 기법 연구: 안티-포렌식 대응방안을 중점으로]
   └ 학회: 한국디지털포렌식학회 (IF: 0.65)"
406,2022,컴퓨터학,117301842,조민지,1,0.0728,0.11194,"[PC 환경에서 보안 메신저 Wire 앱의 사용자 데이터 캐싱 메커니즘 연구]
   └ 학회: 한국디지털포렌식학회 (IF: 0.65)"
407,2022,컴퓨터학,399702285,박귀은,1,0.0728,0.11194,"[안드로이드 환경에서의 지도 애플리케이션 아티팩트 분석 및 복호화 방안 연구]
   └ 학회: 한국디지털포렌식학회 (IF: 0.65)"
408,2022,컴퓨터학,407684634,정영기,1,0.0728,0.11194,"[한글(HWP) 클립보드 임시파일과 텔레메트리 데이터를 활용한 문서 편집 이력 추적 연구]
   └ 학회: 한국디지털포렌식학회 (IF: 0.65)"
409,2022,컴퓨터학,124083419,이도원,1,0.0728,0.11194,"[모바일 앱 아티팩트 데이터베이스 구축 및 관리 방안]
   └ 학회: 한국디지털포렌식학회 (IF: 0.65)"
410,2022,컴퓨터학,820509239,신지호,1,0.0728,0.11194,"[몰래카메라를 악용한 2차 범죄 대응을 위한 디지털포렌식 조사 방법론]
   └ 학회: 한국디지털포렌식학회 (IF: 0.65)"
411,2022,컴퓨터학,809489974,최현표,1,0.0728,0.11194,"[몰래카메라를 악용한 2차 범죄 대응을 위한 디지털포렌식 조사 방법론]
   └ 학회: 한국디지털포렌식학회 (IF: 0.65)"
412,2022,컴퓨터학,893032900,박광선,1,0.0728,0.11194,"[몰래카메라를 악용한 2차 범죄 대응을 위한 디지털포렌식 조사 방법론]
   └ 학회: 한국디지털포렌식학회 (IF: 0.65)"
413,2022,컴퓨터학,942470719,권현,1,0.0728,0.11194,"[온라인수색 이용 랜섬웨어 조직의 가상자산 압수방안]
   └ 학회: 한국디지털포렌식학회 (IF: 0.65)"
414,2022,컴퓨터학,796073017,이경주,1,0.0728,0.11194,"[온라인수색 이용 랜섬웨어 조직의 가상자산 압수방안]
   └ 학회: 한국디지털포렌식학회 (IF: 0.65)"
415,2022,컴퓨터학,448951774,김영웅,1,0.0728,0.11194,"[온라인수색 이용 랜섬웨어 조직의 가상자산 압수방안]
   └ 학회: 한국디지털포렌식학회 (IF: 0.65)"
416,2022,컴퓨터학,417579584,권양섭,1,0.0728,0.11194,"[범죄 수사 과정에서 사이버 공개정보 임의수집에 관한 고찰]
   └ 학회: 한국디지털포렌식학회 (IF: 0.65)"
417,2022,컴퓨터학,857756917,홍태석,1,0.0728,0.11194,"[범죄 수사 과정에서 사이버 공개정보 임의수집에 관한 고찰]
   └ 학회: 한국디지털포렌식학회 (IF: 0.65)"
418,2022,컴퓨터학,234788871,배치헌,1,0.0728,0.11194,"[델파이기법을 활용한 디지털증거 관련 압수수색 현장에서 피압수자 참여 및 수색방법 개선방안]
   └ 학회: 한국디지털포렌식학회 (IF: 0.65)"
419,2022,컴퓨터학,386014077,김정민,1,0.0728,0.11194,"[안드로이드 환경에서의 Telegram X 메신저 아티팩트 분석]
   └ 학회: 한국디지털포렌식학회 (IF: 0.65)"
420,2022,컴퓨터학,617264579,강승아,1,0.0728,0.11194,"[PDF 파일 내 생성프로그램 특징 및 출처 조사 기법 연구]
   └ 학회: 한국디지털포렌식학회 (IF: 0.65)"
421,2022,컴퓨터학,112302040,허지민,1,0.0728,0.11194,"[PDF 파일 내 생성프로그램 특징 및 출처 조사 기법 연구]
   └ 학회: 한국디지털포렌식학회 (IF: 0.65)"
422,2022,컴퓨터학,281905212,최근철,1,0.0728,0.11194,"[현장 대응용 리눅스 기반 서버 정보 식별 및 데이터 수집 시스템]
   └ 학회: 한국디지털포렌식학회 (IF: 0.65)"
423,2022,컴퓨터학,656634742,김민지,1,0.0728,0.11194,"[Windows 11에 설치된 Windows Subsystem for Android 포렌식 기법]
   └ 학회: 한국디지털포렌식학회 (IF: 0.65)"
424,2022,컴퓨터학,5174968,김동욱,1,0.0728,0.11194,"[활성시스템에서 이더리움 지갑 포렌식 방안 연구]
   └ 학회: 한국디지털포렌식학회 (IF: 0.65)"
425,2022,컴퓨터학,751426184,박현민,1,0.0728,0.11194,"[활성시스템에서 이더리움 지갑 포렌식 방안 연구]
   └ 학회: 한국디지털포렌식학회 (IF: 0.65)"
426,2022,컴퓨터학,896154395,정진한,1,0.0728,0.11194,"[안드로이드 기기 내 파일 공유 어플리케이션에 관한 디지털 포렌식 연구]
   └ 학회: 한국디지털포렌식학회 (IF: 0.65)"
427,2022,컴퓨터학,254740502,이성원,1,0.0728,0.11194,"[NLP 기반의 메신저 포렌식 연구]
   └ 학회: 한국디지털포렌식학회 (IF: 0.65)"
428,2022,컴퓨터학,778227659,박현재,1,0.0728,0.11194,"[Windows 시스템 및 지갑 앱 아티팩트 분석을 통한 암호화폐 수사 지원 기술 연구]
   └ 학회: 한국디지털포렌식학회 (IF: 0.65)"
429,2022,컴퓨터학,812456623,김소정,1,0.0728,0.11194,"[Windows 시스템 및 지갑 앱 아티팩트 분석을 통한 암호화폐 수사 지원 기술 연구]
   └ 학회: 한국디지털포렌식학회 (IF: 0.65)"
430,2022,컴퓨터학,415706224,맹형이,1,0.0718,0.048508,"[다중 특징 융합 기반 3차원 객체 검출 알고리즘]
   └ 학회: 한국디지털콘텐츠학회 (IF: 1.48)"
431,2022,컴퓨터학,243347544,최수일,1,0.0718,0.048508,"[다중 특징 융합 기반 3차원 객체 검출 알고리즘]
   └ 학회: 한국디지털콘텐츠학회 (IF: 1.48)"
432,2022,컴퓨터학,873978404,강아름,3,0.0712,0.17817199999999997,"[OLE 파일 분석과 머신러닝을 활용한 악성코드 탐지]
   └ 학회: 한국컴퓨터정보학회 (IF: 0.69)
--------------------------------
[채집 좌표 분석 기반 게임 봇 탐지]
   └ 학회: 한국컴퓨터정보학회 (IF: 0.69)
--------------------------------
[CNN 기반 MS Office 악성 문서 탐지]
   └ 학회: 한국정보보호학회 (IF: 0.39)"
433,2022,컴퓨터학,563291754,박혜영,1,0.069,0.046642,"[텍스트마이닝을 활용한 온라인(비대면) 교수학습지원 분석]
   └ 학회: 한국디지털콘텐츠학회 (IF: 1.48)"
434,2022,컴퓨터학,409332810,박현수,1,0.0673,0.17257499999999998,"[CNN 기반 MS Office 악성 문서 탐지]
   └ 학회: 한국정보보호학회 (IF: 0.39)"
435,2022,컴퓨터학,289952382,신재은,1,0.0663,0.044776,"[신생아집중치료실의 미숙아와 가족을 위한 맞춤형 증강현실 프로그램 개발 요구 탐색을 위한 델파이 연구]
   └ 학회: 한국디지털콘텐츠학회 (IF: 1.48)"
436,2022,컴퓨터학,940339056,김아림,1,0.0663,0.044776,"[신생아집중치료실의 미숙아와 가족을 위한 맞춤형 증강현실 프로그램 개발 요구 탐색을 위한 델파이 연구]
   └ 학회: 한국디지털콘텐츠학회 (IF: 1.48)"
437,2022,컴퓨터학,4687100,김상현,1,0.0663,0.044776,"[코비드헌터+: 코로나19 종식 기원 증강현실 디펜스 게임]
   └ 학회: 한국디지털콘텐츠학회 (IF: 1.48)"
438,2022,컴퓨터학,862457731,김성원,1,0.0663,0.044776,"[코비드헌터+: 코로나19 종식 기원 증강현실 디펜스 게임]
   └ 학회: 한국디지털콘텐츠학회 (IF: 1.48)"
439,2022,컴퓨터학,287090854,손엄지,1,0.0663,0.044776,"[코비드헌터+: 코로나19 종식 기원 증강현실 디펜스 게임]
   └ 학회: 한국디지털콘텐츠학회 (IF: 1.48)"
440,2022,컴퓨터학,281801028,정보건,1,0.0663,0.044776,"[코비드헌터+: 코로나19 종식 기원 증강현실 디펜스 게임]
   └ 학회: 한국디지털콘텐츠학회 (IF: 1.48)"
441,2022,컴퓨터학,798630552,최상민,1,0.0663,0.044776,"[코비드헌터+: 코로나19 종식 기원 증강현실 디펜스 게임]
   └ 학회: 한국디지털콘텐츠학회 (IF: 1.48)"
442,2022,컴퓨터학,640399476,김태환,1,0.0663,0.044776,"[증강현실 얼굴인식기술을 활용한 한.중.일 탈 문화 체험 콘텐츠 설계 및 제작]
   └ 학회: 한국디지털콘텐츠학회 (IF: 1.48)"
443,2022,컴퓨터학,5456495,박만수,2,0.0649,0.043844,"[미디어 콘텐츠 시청과 대인커뮤니케이션이 조기연애 인식형성에 미치는 영향: 중국동포 청소년을 중심으로]
   └ 학회: 한국디지털콘텐츠학회 (IF: 1.48)
--------------------------------
[스마트홈 서비스 유형 재분류에 관한 연구: 행동인터넷(IoB)과 개인정보 활용을 중심으로]
   └ 학회: 한국디지털콘텐츠학회 (IF: 1.48)"
444,2022,컴퓨터학,559102521,유승현,1,0.0649,0.043844,"[스마트홈 서비스 유형 재분류에 관한 연구: 행동인터넷(IoB)과 개인정보 활용을 중심으로]
   └ 학회: 한국디지털콘텐츠학회 (IF: 1.48)"
445,2022,컴퓨터학,992404522,곽은아,1,0.0649,0.043844,"[스마트홈 서비스 유형 재분류에 관한 연구: 행동인터넷(IoB)과 개인정보 활용을 중심으로]
   └ 학회: 한국디지털콘텐츠학회 (IF: 1.48)"
446,2022,컴퓨터학,537402245,임정민,1,0.0649,0.04384300000000001,"[Z세대의 뉴스 소비 촉진을 위한 모바일앱 서비스 제안]
   └ 학회: 한국디지털콘텐츠학회 (IF: 1.48)"
447,2022,컴퓨터학,424624818,이수련,1,0.0626,0.16044799999999998,"[금융분야 AI의 윤리적 문제 현황과 해결방안]
   └ 학회: 한국정보보호학회 (IF: 0.39)"
448,2022,컴퓨터학,473245588,이현정,1,0.0626,0.16044799999999998,"[금융분야 AI의 윤리적 문제 현황과 해결방안]
   └ 학회: 한국정보보호학회 (IF: 0.39)"
449,2022,컴퓨터학,761620794,이아람,1,0.0626,0.16044799999999998,"[금융분야 AI의 윤리적 문제 현황과 해결방안]
   └ 학회: 한국정보보호학회 (IF: 0.39)"
450,2022,컴퓨터학,407022743,최은정,1,0.0626,0.16044799999999998,"[금융분야 AI의 윤리적 문제 현황과 해결방안]
   └ 학회: 한국정보보호학회 (IF: 0.39)"
451,2022,컴퓨터학,106190993,김동현,3,0.0623,0.09234899999999999,"[개인정보를 활용한 비식별정보의 유용성 측정 방법에 관한 연구]
   └ 학회: 한국컴퓨터정보학회 (IF: 0.69)
--------------------------------
[가명정보 처리를 위한 데이터 상황 기반의 위험도 측정방법에 관한 연구]
   └ 학회: 한국컴퓨터정보학회 (IF: 0.69)
--------------------------------
[가명정보 생명주기에 따른 개인정보보호 중심 설계 적용 원칙에 관한 연구]
   └ 학회: 한국정보보호학회 (IF: 0.39)"
452,2022,컴퓨터학,740572336,이상근,2,0.0622,0.159516,"[파워쉘 기반 악성코드에 대한 역난독화 처리와 딥러닝 기반 탐지 방법]
   └ 학회: 한국정보보호학회 (IF: 0.39)
--------------------------------
[준 지도 이상 탐지 기법의 성능 향상을 위한 섭동을 활용한 초구 기반 비정상 데이터 증강 기법]
   └ 학회: 한국정보보호학회 (IF: 0.39)"
453,2022,컴퓨터학,5102098,최순리,3,0.0607,0.041045,"[인터랙티브 3D 학습자료의 상호작용 정도와 시각단서 제공유형이 인지부하에 미치는 영향]
   └ 학회: 한국디지털콘텐츠학회 (IF: 1.48)
--------------------------------
[가상현실을 활용한 가상 튜터의 유형과 설계 방법에 대한 인지와 감정 요소 탐색]
   └ 학회: 한국디지털콘텐츠학회 (IF: 1.48)
--------------------------------
[비대면 업무 내 무형식학습 상황에서의 컴퓨터 기반 협력학습(CSCL) 지원도구 비교·분석]
   └ 학회: 한국디지털콘텐츠학회 (IF: 1.48)"
454,2022,컴퓨터학,283712355,박민지,2,0.0607,0.041045,"[가상현실을 활용한 가상 튜터의 유형과 설계 방법에 대한 인지와 감정 요소 탐색]
   └ 학회: 한국디지털콘텐츠학회 (IF: 1.48)
--------------------------------
[비대면 업무 내 무형식학습 상황에서의 컴퓨터 기반 협력학습(CSCL) 지원도구 비교·분석]
   └ 학회: 한국디지털콘텐츠학회 (IF: 1.48)"
455,2022,컴퓨터학,510032105,김춘주,1,0.0607,0.041045,"[가상현실을 활용한 가상 튜터의 유형과 설계 방법에 대한 인지와 감정 요소 탐색]
   └ 학회: 한국디지털콘텐츠학회 (IF: 1.48)"
456,2022,컴퓨터학,257299482,박현지,1,0.0607,0.041045,"[가상현실을 활용한 가상 튜터의 유형과 설계 방법에 대한 인지와 감정 요소 탐색]
   └ 학회: 한국디지털콘텐츠학회 (IF: 1.48)"
457,2022,컴퓨터학,222236428,김은정,1,0.0607,0.041045,"[현전감을 고려한 VR 방탈출 게임의 스토리텔링 사례 연구]
   └ 학회: 한국디지털콘텐츠학회 (IF: 1.48)"
458,2022,컴퓨터학,471128193,김정윤,1,0.0607,0.041045,"[현전감을 고려한 VR 방탈출 게임의 스토리텔링 사례 연구]
   └ 학회: 한국디지털콘텐츠학회 (IF: 1.48)"
459,2022,컴퓨터학,581408588,홍명우,1,0.058,0.03918,"[환경 모니터링을 위한 EDA 기반 데이터 분석]
   └ 학회: 한국디지털콘텐츠학회 (IF: 1.48)"
460,2022,컴퓨터학,524121375,강윤희,1,0.058,0.03918,"[환경 모니터링을 위한 EDA 기반 데이터 분석]
   └ 학회: 한국디지털콘텐츠학회 (IF: 1.48)"
461,2022,컴퓨터학,902751300,구성완,1,0.058,0.03918,"[IoT환경에서 LoRa모듈의 장시간 사용을 위한 전류소모량 개선방안]
   └ 학회: 한국디지털콘텐츠학회 (IF: 1.48)"
462,2022,컴퓨터학,900032252,류대우,1,0.058,0.03918,"[IoT환경에서 LoRa모듈의 장시간 사용을 위한 전류소모량 개선방안]
   └ 학회: 한국디지털콘텐츠학회 (IF: 1.48)"
463,2022,컴퓨터학,350390970,Kyu Sung Kim,1,0.0573,0.083022,"[Applying a Novel Neuroscience Mining (NSM) Method to fNIRS Dataset for Predicting the Business Problem Solving Creativity: Emphasis on Combining CNN, BiLSTM, and Attention Network]
   └ 학회: 한국컴퓨터정보학회 (IF: 0.69)"
464,2022,컴퓨터학,155732769,Min Gyeong Kim,1,0.0573,0.083022,"[Applying a Novel Neuroscience Mining (NSM) Method to fNIRS Dataset for Predicting the Business Problem Solving Creativity: Emphasis on Combining CNN, BiLSTM, and Attention Network]
   └ 학회: 한국컴퓨터정보학회 (IF: 0.69)"
465,2022,컴퓨터학,670592508,Kun Chang Lee,1,0.0573,0.083022,"[Applying a Novel Neuroscience Mining (NSM) Method to fNIRS Dataset for Predicting the Business Problem Solving Creativity: Emphasis on Combining CNN, BiLSTM, and Attention Network]
   └ 학회: 한국컴퓨터정보학회 (IF: 0.69)"
466,2022,컴퓨터학,228563183,김문회,1,0.0571,0.14645599999999998,"[BERT를 이용한 딥러닝 기반 소스코드 취약점 탐지 방법 연구]
   └ 학회: 한국정보보호학회 (IF: 0.39)"
467,2022,컴퓨터학,939541086,오희국,1,0.0571,0.14645599999999998,"[BERT를 이용한 딥러닝 기반 소스코드 취약점 탐지 방법 연구]
   └ 학회: 한국정보보호학회 (IF: 0.39)"
468,2022,컴퓨터학,624557858,채수미,1,0.0552,0.037314,"[토픽 모델링 기반 한국사회 트라우마 이슈 분석]
   └ 학회: 한국디지털콘텐츠학회 (IF: 1.48)"
469,2022,컴퓨터학,5093501,김혜윤,1,0.0552,0.037314,"[토픽 모델링 기반 한국사회 트라우마 이슈 분석]
   └ 학회: 한국디지털콘텐츠학회 (IF: 1.48)"
470,2022,컴퓨터학,184527938,허소현,1,0.0552,0.037314,"[토픽 모델링 기반 디지털 전환(Digital Transformation) 동향 분석 : 1994~2021년 뉴스 빅데이터를 중심으로]
   └ 학회: 한국디지털콘텐츠학회 (IF: 1.48)"
471,2022,컴퓨터학,524384402,박혜진,1,0.0552,0.037314,"[토픽 모델링 기반 디지털 전환(Digital Transformation) 동향 분석 : 1994~2021년 뉴스 빅데이터를 중심으로]
   └ 학회: 한국디지털콘텐츠학회 (IF: 1.48)"
472,2022,컴퓨터학,198241443,이유리,1,0.0552,0.037314,"[토픽 모델링 기반 디지털 전환(Digital Transformation) 동향 분석 : 1994~2021년 뉴스 빅데이터를 중심으로]
   └ 학회: 한국디지털콘텐츠학회 (IF: 1.48)"
473,2022,컴퓨터학,845392750,최은경,1,0.0552,0.037314,"[뉴스 빅데이터 기반 탄소중립 토픽 분석: 2006~2022년 국내 언론보도를 중심으로]
   └ 학회: 한국디지털콘텐츠학회 (IF: 1.48)"
474,2022,컴퓨터학,490856305,김상연,1,0.0552,0.037314,"[토픽 모델링과 회귀분석을 활용한 모바일 푸시 메시지의 OTT 서비스 콘텐츠 소비에 미치는 영향 분석]
   └ 학회: 한국디지털콘텐츠학회 (IF: 1.48)"
475,2022,컴퓨터학,924576742,이희대,1,0.0552,0.037314,"[토픽 모델링과 회귀분석을 활용한 모바일 푸시 메시지의 OTT 서비스 콘텐츠 소비에 미치는 영향 분석]
   └ 학회: 한국디지털콘텐츠학회 (IF: 1.48)"
476,2022,컴퓨터학,743781786,박학용,1,0.0552,0.037314,"[토픽 모델링과 회귀분석을 활용한 모바일 푸시 메시지의 OTT 서비스 콘텐츠 소비에 미치는 영향 분석]
   └ 학회: 한국디지털콘텐츠학회 (IF: 1.48)"
477,2022,컴퓨터학,428023265,김영미,1,0.0552,0.037314,"[북한 정보통신 관련 국내 연구 동향 분석 : 토픽 모델링을 기반으로]
   └ 학회: 한국디지털콘텐츠학회 (IF: 1.48)"
478,2022,컴퓨터학,212605024,김기환,1,0.0541,0.078358,"[Improved real-time power analysis attack using CPA and CNN]
   └ 학회: 한국컴퓨터정보학회 (IF: 0.69)"
479,2022,컴퓨터학,705337488,HyunHo Kim,1,0.0541,0.078358,"[Improved real-time power analysis attack using CPA and CNN]
   └ 학회: 한국컴퓨터정보학회 (IF: 0.69)"
480,2022,컴퓨터학,709346041,이훈재,1,0.0541,0.078358,"[Improved real-time power analysis attack using CPA and CNN]
   └ 학회: 한국컴퓨터정보학회 (IF: 0.69)"
481,2022,컴퓨터학,794872116,성효은,1,0.052,0.133396,"[Gohr의 Speck32/64 신경망 구분자에 대한 분석과 Simon32/64에의 응용]
   └ 학회: 한국정보보호학회 (IF: 0.39)"
482,2022,컴퓨터학,967778879,유현도,1,0.052,0.133396,"[Gohr의 Speck32/64 신경망 구분자에 대한 분석과 Simon32/64에의 응용]
   └ 학회: 한국정보보호학회 (IF: 0.39)"
483,2022,컴퓨터학,723527197,염용진,1,0.052,0.133396,"[Gohr의 Speck32/64 신경망 구분자에 대한 분석과 Simon32/64에의 응용]
   └ 학회: 한국정보보호학회 (IF: 0.39)"
484,2022,컴퓨터학,845534574,강주성,1,0.052,0.133396,"[Gohr의 Speck32/64 신경망 구분자에 대한 분석과 Simon32/64에의 응용]
   └ 학회: 한국정보보호학회 (IF: 0.39)"
485,2022,컴퓨터학,998345175,송수현,1,0.052,0.133396,"[TPMP : ARM TrustZone을 활용한 DNN 추론 과정의 기밀성 보장 기술]
   └ 학회: 한국정보보호학회 (IF: 0.39)"
486,2022,컴퓨터학,236059083,정호진,1,0.052,0.133396,"[파워쉘 기반 악성코드에 대한 역난독화 처리와 딥러닝 기반 탐지 방법]
   └ 학회: 한국정보보호학회 (IF: 0.39)"
487,2022,컴퓨터학,395742588,유효곤,1,0.052,0.133396,"[파워쉘 기반 악성코드에 대한 역난독화 처리와 딥러닝 기반 탐지 방법]
   └ 학회: 한국정보보호학회 (IF: 0.39)"
488,2022,컴퓨터학,435724103,조규환,1,0.052,0.133396,"[파워쉘 기반 악성코드에 대한 역난독화 처리와 딥러닝 기반 탐지 방법]
   └ 학회: 한국정보보호학회 (IF: 0.39)"
489,2022,컴퓨터학,266738523,박수진,1,0.052,0.133396,"[부채널 분석을 이용한 딥러닝 네트워크 신규 내부 비밀정보 복원 방법 연구]
   └ 학회: 한국정보보호학회 (IF: 0.39)"
490,2022,컴퓨터학,205969741,이주헌,1,0.052,0.133396,"[부채널 분석을 이용한 딥러닝 네트워크 신규 내부 비밀정보 복원 방법 연구]
   └ 학회: 한국정보보호학회 (IF: 0.39)"
491,2022,컴퓨터학,577381791,김희석,1,0.052,0.133396,"[부채널 분석을 이용한 딥러닝 네트워크 신규 내부 비밀정보 복원 방법 연구]
   └ 학회: 한국정보보호학회 (IF: 0.39)"
492,2022,컴퓨터학,569799974,조해현,1,0.0491,0.12593300000000002,"[""메타버스, NFT, AI, 자동차 등 신기술 대상 신종위협 및 대응"" 특집호 발간에 즈음하여]
   └ 학회: 한국정보보호학회 (IF: 0.39)"
493,2022,컴퓨터학,244727563,Kee-Joo Kim,1,0.0489,0.070896,"[Blockchain Technology and the Creation of Trust : Focusing on Transparency, Immutability and Availability]
   └ 학회: 한국컴퓨터정보학회 (IF: 0.69)"
494,2022,컴퓨터학,784540703,Myung-Suk Lee,1,0.0489,0.070896,"[Blockchain Technology and the Creation of Trust : Focusing on Transparency, Immutability and Availability]
   └ 학회: 한국컴퓨터정보학회 (IF: 0.69)"
495,2022,컴퓨터학,5114939,정윤성,1,0.0489,0.070896,"[NFT 사용권 제공을 위한 컨트랙트 기반의 접근 제어 기법]
   └ 학회: 한국컴퓨터정보학회 (IF: 0.69)"
496,2022,컴퓨터학,831287513,고덕윤,1,0.0489,0.070896,"[NFT 사용권 제공을 위한 컨트랙트 기반의 접근 제어 기법]
   └ 학회: 한국컴퓨터정보학회 (IF: 0.69)"
497,2022,컴퓨터학,2214710,서중원,1,0.0489,0.070896,"[NFT 사용권 제공을 위한 컨트랙트 기반의 접근 제어 기법]
   └ 학회: 한국컴퓨터정보학회 (IF: 0.69)"
498,2022,컴퓨터학,995577826,박수용,1,0.0489,0.070896,"[NFT 사용권 제공을 위한 컨트랙트 기반의 접근 제어 기법]
   └ 학회: 한국컴퓨터정보학회 (IF: 0.69)"
499,2022,컴퓨터학,232711,김성진,1,0.0489,0.070896,"[NFT 사용권 제공을 위한 컨트랙트 기반의 접근 제어 기법]
   └ 학회: 한국컴퓨터정보학회 (IF: 0.69)"
500,2022,컴퓨터학,928124831,김범수,1,0.0489,0.070896,"[NFT 사용권 제공을 위한 컨트랙트 기반의 접근 제어 기법]
   └ 학회: 한국컴퓨터정보학회 (IF: 0.69)"
501,2022,컴퓨터학,391357995,김도영,1,0.0489,0.070896,"[NFT 사용권 제공을 위한 컨트랙트 기반의 접근 제어 기법]
   └ 학회: 한국컴퓨터정보학회 (IF: 0.69)"
502,2022,컴퓨터학,580226342,유관우,1,0.0489,0.070896,"[블록체인 기반 CCTV 함체기록 관리시스템 설계]
   └ 학회: 한국컴퓨터정보학회 (IF: 0.69)"
503,2022,컴퓨터학,591072469,이병문,1,0.0489,0.070896,"[블록체인 기반 CCTV 함체기록 관리시스템 설계]
   └ 학회: 한국컴퓨터정보학회 (IF: 0.69)"
504,2022,컴퓨터학,167627228,김준상,1,0.0489,0.070896,"[스테이블코인의 분류와 위험 분석]
   └ 학회: 한국컴퓨터정보학회 (IF: 0.69)"
505,2022,컴퓨터학,251399081,고석민,1,0.0473,0.12126799999999999,"[Opcode 빈도수 기반 악성코드 이미지를 활용한 CNN 기반 악성코드 탐지 기법]
   └ 학회: 한국정보보호학회 (IF: 0.39)"
506,2022,컴퓨터학,863812666,양재혁,1,0.0473,0.12126799999999999,"[Opcode 빈도수 기반 악성코드 이미지를 활용한 CNN 기반 악성코드 탐지 기법]
   └ 학회: 한국정보보호학회 (IF: 0.39)"
507,2022,컴퓨터학,333834481,최원준,1,0.0473,0.12126799999999999,"[Opcode 빈도수 기반 악성코드 이미지를 활용한 CNN 기반 악성코드 탐지 기법]
   └ 학회: 한국정보보호학회 (IF: 0.39)"
508,2022,컴퓨터학,400357831,김태근,1,0.0473,0.12126799999999999,"[Opcode 빈도수 기반 악성코드 이미지를 활용한 CNN 기반 악성코드 탐지 기법]
   └ 학회: 한국정보보호학회 (IF: 0.39)"
509,2022,컴퓨터학,908425261,남원경,1,0.0444,0.064366,"[사전 학습된 BERT 기반 모델을 이용한 구어체 텍스트 요약]
   └ 학회: 한국컴퓨터정보학회 (IF: 0.69)"
510,2022,컴퓨터학,161986512,이지수,1,0.0444,0.064366,"[사전 학습된 BERT 기반 모델을 이용한 구어체 텍스트 요약]
   └ 학회: 한국컴퓨터정보학회 (IF: 0.69)"
511,2022,컴퓨터학,889533403,장백철,1,0.0444,0.064366,"[사전 학습된 BERT 기반 모델을 이용한 구어체 텍스트 요약]
   └ 학회: 한국컴퓨터정보학회 (IF: 0.69)"
512,2022,컴퓨터학,891404384,이병권,3,0.0418,0.060634,"[Comparative Analysis of Three-Dimensional Real-Time Rendering Methods]
   └ 학회: 한국컴퓨터정보학회 (IF: 0.69)
--------------------------------
[메타버스 기반 추모관 서비스 플랫폼에 관한 연구]
   └ 학회: 한국컴퓨터정보학회 (IF: 0.69)
--------------------------------
[실감형 360도 파노라마 웹툰-메타버스서비스에 대한 연구]
   └ 학회: 한국컴퓨터정보학회 (IF: 0.69)"
513,2022,컴퓨터학,438890809,정두용,1,0.0418,0.060634,"[실감형 360도 파노라마 웹툰-메타버스서비스에 대한 연구]
   └ 학회: 한국컴퓨터정보학회 (IF: 0.69)"
514,2022,컴퓨터학,370394434,김광욱,2,0.041,0.041045,"[가상 아바타와의 전신 몸 소유감에서 시각-운동 및 시각-촉각 동기화에 관한 연구]
   └ 학회: 한국컴퓨터그래픽스학회 (IF: 1.0)
--------------------------------
[조건부 자율주행에서 제어권 전환 시 운전자의 뇌 활성도에 관한 예비연구]
   └ 학회: 한국컴퓨터그래픽스학회 (IF: 1.0)"
515,2022,컴퓨터학,429702258,오진택,1,0.041,0.041045,"[가상 아바타와의 전신 몸 소유감에서 시각-운동 및 시각-촉각 동기화에 관한 연구]
   └ 학회: 한국컴퓨터그래픽스학회 (IF: 1.0)"
516,2022,컴퓨터학,5087776,김지환,1,0.041,0.041045,"[가상 아바타와의 전신 몸 소유감에서 시각-운동 및 시각-촉각 동기화에 관한 연구]
   └ 학회: 한국컴퓨터그래픽스학회 (IF: 1.0)"
517,2022,컴퓨터학,923663559,박용길,2,0.0387,0.026119,"[Spark 기반의 선박위치정보 오류 및 이상치 탐지 기법 연구]
   └ 학회: 한국디지털콘텐츠학회 (IF: 1.48)
--------------------------------
[갯벌 연구를 위한 생태/환경 데이터 수요 분석 : 설문조사를 바탕으로]
   └ 학회: 한국디지털콘텐츠학회 (IF: 1.48)"
518,2022,컴퓨터학,437572218,이철용,2,0.0387,0.026119,"[Spark 기반의 선박위치정보 오류 및 이상치 탐지 기법 연구]
   └ 학회: 한국디지털콘텐츠학회 (IF: 1.48)
--------------------------------
[갯벌 연구를 위한 생태/환경 데이터 수요 분석 : 설문조사를 바탕으로]
   └ 학회: 한국디지털콘텐츠학회 (IF: 1.48)"
519,2022,컴퓨터학,416975152,양인철,2,0.0387,0.02612,"[자율협력주행을 위한 인프라 가이던스 서비스 유스케이스 도출 방법론 연구]
   └ 학회: 한국디지털콘텐츠학회 (IF: 1.48)
--------------------------------
[인프라 가이던스를 위한 통합 시뮬레이션 프레임워크 설계]
   └ 학회: 한국디지털콘텐츠학회 (IF: 1.48)"
520,2022,컴퓨터학,747020675,김형수,2,0.0387,0.02612,"[자율협력주행을 위한 인프라 가이던스 서비스 유스케이스 도출 방법론 연구]
   └ 학회: 한국디지털콘텐츠학회 (IF: 1.48)
--------------------------------
[인프라 가이던스를 위한 통합 시뮬레이션 프레임워크 설계]
   └ 학회: 한국디지털콘텐츠학회 (IF: 1.48)"
521,2022,컴퓨터학,605859651,이진각,2,0.0387,0.02612,"[시뮬레이션을 통한 지하도로 출구부 이격거리와 인접교차로 운영상태에 대한 상관관계 분석]
   └ 학회: 한국디지털콘텐츠학회 (IF: 1.48)
--------------------------------
[VISSIM과 VR 시뮬레이터를 활용한 지하도로 주행행태 분석방안 연구]
   └ 학회: 한국디지털콘텐츠학회 (IF: 1.48)"
522,2022,컴퓨터학,252339,박상현,2,0.0387,0.02612,"[시뮬레이션을 통한 지하도로 출구부 이격거리와 인접교차로 운영상태에 대한 상관관계 분석]
   └ 학회: 한국디지털콘텐츠학회 (IF: 1.48)
--------------------------------
[VISSIM과 VR 시뮬레이터를 활용한 지하도로 주행행태 분석방안 연구]
   └ 학회: 한국디지털콘텐츠학회 (IF: 1.48)"
523,2022,컴퓨터학,667172909,고상운,2,0.0387,0.02612,"[시뮬레이션을 통한 지하도로 출구부 이격거리와 인접교차로 운영상태에 대한 상관관계 분석]
   └ 학회: 한국디지털콘텐츠학회 (IF: 1.48)
--------------------------------
[VISSIM과 VR 시뮬레이터를 활용한 지하도로 주행행태 분석방안 연구]
   └ 학회: 한국디지털콘텐츠학회 (IF: 1.48)"
524,2022,컴퓨터학,852471539,황세원,1,0.0387,0.026119,"[사용자 기반 협업 필터링을 활용한 취미활동물품 대여 플랫폼에서의 추천 시스템]
   └ 학회: 한국디지털콘텐츠학회 (IF: 1.48)"
525,2022,컴퓨터학,610666053,김다영,1,0.0387,0.026119,"[사용자 기반 협업 필터링을 활용한 취미활동물품 대여 플랫폼에서의 추천 시스템]
   └ 학회: 한국디지털콘텐츠학회 (IF: 1.48)"
526,2022,컴퓨터학,269958595,김은배,1,0.0387,0.026119,"[사용자 기반 협업 필터링을 활용한 취미활동물품 대여 플랫폼에서의 추천 시스템]
   └ 학회: 한국디지털콘텐츠학회 (IF: 1.48)"
527,2022,컴퓨터학,626379048,이예은,1,0.0387,0.026119,"[사용자 기반 협업 필터링을 활용한 취미활동물품 대여 플랫폼에서의 추천 시스템]
   └ 학회: 한국디지털콘텐츠학회 (IF: 1.48)"
528,2022,컴퓨터학,798108428,엄예솔,1,0.0387,0.026119,"[사용자 기반 협업 필터링을 활용한 취미활동물품 대여 플랫폼에서의 추천 시스템]
   └ 학회: 한국디지털콘텐츠학회 (IF: 1.48)"
529,2022,컴퓨터학,501516860,이주영,1,0.0387,0.026119,"[사용자 기반 협업 필터링을 활용한 취미활동물품 대여 플랫폼에서의 추천 시스템]
   └ 학회: 한국디지털콘텐츠학회 (IF: 1.48)"
530,2022,컴퓨터학,5126296,왕영민,1,0.0387,0.026119,"[입시상담 챗봇 설계와 챗봇을 활용한 입시상담 업무 간소화의 효용성 분석]
   └ 학회: 한국디지털콘텐츠학회 (IF: 1.48)"
531,2022,컴퓨터학,115533366,노건태,2,0.0378,0.097015,"[수정 가능한 블록체인 기반 권한 변경 및 접근 제어 시스템]
   └ 학회: 한국정보보호학회 (IF: 0.39)
--------------------------------
[결합키 생성항목의 갱신에 강건한 결합키 생성 기법]
   └ 학회: 한국정보보호학회 (IF: 0.39)"
532,2022,컴퓨터학,995689671,정익래,2,0.0378,0.097015,"[수정 가능한 블록체인 기반 권한 변경 및 접근 제어 시스템]
   └ 학회: 한국정보보호학회 (IF: 0.39)
--------------------------------
[결합키 생성항목의 갱신에 강건한 결합키 생성 기법]
   └ 학회: 한국정보보호학회 (IF: 0.39)"
533,2022,컴퓨터학,304027687,장호빈,1,0.0378,0.097015,"[결합키 생성항목의 갱신에 강건한 결합키 생성 기법]
   └ 학회: 한국정보보호학회 (IF: 0.39)"
534,2022,컴퓨터학,656512328,천지영,1,0.0378,0.097015,"[결합키 생성항목의 갱신에 강건한 결합키 생성 기법]
   └ 학회: 한국정보보호학회 (IF: 0.39)"
535,2022,컴퓨터학,745320111,이하랑,1,0.0373,0.025186,"[Z세대 대학생의 긍정적인 자아정체감 형성을 위한 모바일앱 서비스 제안]
   └ 학회: 한국디지털콘텐츠학회 (IF: 1.48)"
536,2022,컴퓨터학,2736364,신동우,1,0.0373,0.025187,"[깊이맵 기반의 인터랙티브 사진을 이용한 긍정적인 인상 형성과 사용 경험에 대한 비교 연구]
   └ 학회: 한국디지털콘텐츠학회 (IF: 1.48)"
537,2022,컴퓨터학,354405125,박민주,1,0.0373,0.025186,"[지속 가능한 월경 경험을 위한 모바일 어플리케이션 서비스 제안]
   └ 학회: 한국디지털콘텐츠학회 (IF: 1.48)"
538,2022,컴퓨터학,723928451,최상용,3,0.0371,0.095149,"[사이버보안 실무전문가 양성을 위한 NCS기반 마이크로 디그리 인증 모델]
   └ 학회: 한국컴퓨터정보학회 (IF: 0.69)
--------------------------------
[선형회귀법을 이용한 모바일 포렌식 동향 및 전망]
   └ 학회: 한국컴퓨터정보학회 (IF: 0.69)
--------------------------------
[API 호출 구간 특성 기반 악성코드 탐지 기술]
   └ 학회: 한국정보보호학회 (IF: 0.39)"
539,2022,컴퓨터학,619972385,김동엽,1,0.0371,0.095149,"[API 호출 구간 특성 기반 악성코드 탐지 기술]
   └ 학회: 한국정보보호학회 (IF: 0.39)"
540,2022,컴퓨터학,4219018,김예은,1,0.0364,0.05597,"[메모리 포렌식 기반 키워드 매칭을 통한 다크 웹 사용자 행위 분석]
   └ 학회: 한국디지털포렌식학회 (IF: 0.65)"
541,2022,컴퓨터학,730577763,도예진,1,0.0364,0.05597,"[메모리 포렌식 기반 키워드 매칭을 통한 다크 웹 사용자 행위 분석]
   └ 학회: 한국디지털포렌식학회 (IF: 0.65)"
542,2022,컴퓨터학,982148956,한상연,1,0.0364,0.05597,"[메모리 포렌식 기반 키워드 매칭을 통한 다크 웹 사용자 행위 분석]
   └ 학회: 한국디지털포렌식학회 (IF: 0.65)"
543,2022,컴퓨터학,512906996,김성민,1,0.0364,0.05597,"[메모리 포렌식 기반 키워드 매칭을 통한 다크 웹 사용자 행위 분석]
   └ 학회: 한국디지털포렌식학회 (IF: 0.65)"
544,2022,컴퓨터학,126590864,송유진,1,0.0364,0.05597,"[어플리케이션의 음성녹음 파일에 대한 위변조 탐지 연구]
   └ 학회: 한국디지털포렌식학회 (IF: 0.65)"
545,2022,컴퓨터학,756428317,박현민,1,0.0364,0.05597,"[보이스피싱 심박스 분석 및 수사활용 방안에 관한 연구]
   └ 학회: 한국디지털포렌식학회 (IF: 0.65)"
546,2022,컴퓨터학,993943999,문현지,1,0.0364,0.05597,"[보이스피싱 심박스 분석 및 수사활용 방안에 관한 연구]
   └ 학회: 한국디지털포렌식학회 (IF: 0.65)"
547,2022,컴퓨터학,472652337,윤상혁,1,0.0364,0.05597,"[보이스피싱 심박스 분석 및 수사활용 방안에 관한 연구]
   └ 학회: 한국디지털포렌식학회 (IF: 0.65)"
548,2022,컴퓨터학,257027043,조철규,1,0.036,0.052238,"[뉴스 빅데이터를 활용한 「경비업법」 언론보도분석 -1990년부터 2021년까지를 중심으로-]
   └ 학회: 한국컴퓨터정보학회 (IF: 0.69)"
549,2022,컴퓨터학,350220,박수현,1,0.036,0.052238,"[뉴스 빅데이터를 활용한 「경비업법」 언론보도분석 -1990년부터 2021년까지를 중심으로-]
   └ 학회: 한국컴퓨터정보학회 (IF: 0.69)"
550,2022,컴퓨터학,727113758,최원재,1,0.0359,0.024254,"[ESG 개념을 활용한 디지털 데이터 내러티브 교육]
   └ 학회: 한국디지털콘텐츠학회 (IF: 1.48)"
551,2022,컴퓨터학,464154,이동훈,2,0.0349,0.08955199999999999,"[N-gram Opcode를 활용한 머신러닝 기반의 분석 방지 보호 기법 탐지 방안 연구]
   └ 학회: 한국정보보호학회 (IF: 0.39)
--------------------------------
[효율적인 LWE 기반 재사용 가능한 퍼지 추출기]
   └ 학회: 한국정보보호학회 (IF: 0.39)"
552,2022,컴퓨터학,835520091,김희연,1,0.0349,0.08955199999999999,"[N-gram Opcode를 활용한 머신러닝 기반의 분석 방지 보호 기법 탐지 방안 연구]
   └ 학회: 한국정보보호학회 (IF: 0.39)"
553,2022,컴퓨터학,474967966,곽호영,4,0.0348,0.050374,"[A Method of Dog Recognition using Nose Print and Landmarks]
   └ 학회: 한국컴퓨터정보학회 (IF: 0.69)
--------------------------------
[반려동물용 BCG 센싱 데이터에서 호흡 및 맥박 신호를 분리하는 방법]
   └ 학회: 한국컴퓨터정보학회 (IF: 0.69)
--------------------------------
[PPG 센서를 이용한 반려동물용 SPO₂ 웨어러블 장치의 설계 및 구현]
   └ 학회: 한국컴퓨터정보학회 (IF: 0.69)
--------------------------------
[Design of Action Game Using Three-Dimensional Map and Interactions between In-Game Objects]
   └ 학회: 한국컴퓨터정보학회 (IF: 0.69)"
554,2022,컴퓨터학,768573924,김진웅,2,0.0348,0.050374,"[증강현실 기술을 이용한 화학 학습 어플리케이션 디자인]
   └ 학회: 한국컴퓨터정보학회 (IF: 0.69)
--------------------------------
[Design of Action Game Using Three-Dimensional Map and Interactions between In-Game Objects]
   └ 학회: 한국컴퓨터정보학회 (IF: 0.69)"
555,2022,컴퓨터학,667630012,허지식,2,0.0348,0.050374,"[증강현실 기술을 이용한 화학 학습 어플리케이션 디자인]
   └ 학회: 한국컴퓨터정보학회 (IF: 0.69)
--------------------------------
[Design of Action Game Using Three-Dimensional Map and Interactions between In-Game Objects]
   └ 학회: 한국컴퓨터정보학회 (IF: 0.69)"
556,2022,컴퓨터학,360617826,주연지,1,0.0348,0.050374,"[모여봐요 동물의 숲의 이용자 경험에 관한 연구]
   └ 학회: 한국컴퓨터정보학회 (IF: 0.69)"
557,2022,컴퓨터학,128241618,강현웅,1,0.0348,0.050374,"[모여봐요 동물의 숲의 이용자 경험에 관한 연구]
   └ 학회: 한국컴퓨터정보학회 (IF: 0.69)"
558,2022,컴퓨터학,5209786,Hyeong-Geun Lee,1,0.0348,0.050374,"[Design of Action Game Using Three-Dimensional Map and Interactions between In-Game Objects]
   └ 학회: 한국컴퓨터정보학회 (IF: 0.69)"
559,2022,컴퓨터학,347394314,이예슬,1,0.0345,0.02332,"[비용 효율적인 OTT 서비스를 위한 심층강화학습 기반 클라우드 자원 할당 연구]
   └ 학회: 한국디지털콘텐츠학회 (IF: 1.48)"
560,2022,컴퓨터학,379332704,장혜림,1,0.0345,0.02332,"[비용 효율적인 OTT 서비스를 위한 심층강화학습 기반 클라우드 자원 할당 연구]
   └ 학회: 한국디지털콘텐츠학회 (IF: 1.48)"
561,2022,컴퓨터학,933298188,오수빈,1,0.0345,0.02332,"[비용 효율적인 OTT 서비스를 위한 심층강화학습 기반 클라우드 자원 할당 연구]
   └ 학회: 한국디지털콘텐츠학회 (IF: 1.48)"
562,2022,컴퓨터학,538271174,이연수,1,0.0345,0.02332,"[비용 효율적인 OTT 서비스를 위한 심층강화학습 기반 클라우드 자원 할당 연구]
   └ 학회: 한국디지털콘텐츠학회 (IF: 1.48)"
563,2022,컴퓨터학,776516400,윤용익,1,0.0345,0.02332,"[비용 효율적인 OTT 서비스를 위한 심층강화학습 기반 클라우드 자원 할당 연구]
   └ 학회: 한국디지털콘텐츠학회 (IF: 1.48)"
564,2022,컴퓨터학,227399643,엄태원,1,0.0345,0.02332,"[비용 효율적인 OTT 서비스를 위한 심층강화학습 기반 클라우드 자원 할당 연구]
   └ 학회: 한국디지털콘텐츠학회 (IF: 1.48)"
565,2022,컴퓨터학,259208,이만희,3,0.0324,0.083022,"[심볼 테이블을 이용한 펌웨어 리눅스 커널 버전 정적 식별 기법]
   └ 학회: 한국정보보호학회 (IF: 0.39)
--------------------------------
[가상키보드 비밀번호 유출 분석]
   └ 학회: 한국정보보호학회 (IF: 0.39)
--------------------------------
[유사성 해시 기반 악성코드 유형 분류 기법]
   └ 학회: 한국정보보호학회 (IF: 0.39)"
566,2022,컴퓨터학,384649748,한채림,1,0.0324,0.083022,"[머신러닝 기반 악성 URL 탐지 기법]
   └ 학회: 한국정보보호학회 (IF: 0.39)"
567,2022,컴퓨터학,723630120,윤수현,1,0.0324,0.083022,"[머신러닝 기반 악성 URL 탐지 기법]
   └ 학회: 한국정보보호학회 (IF: 0.39)"
568,2022,컴퓨터학,310244660,한명진,1,0.0324,0.083022,"[머신러닝 기반 악성 URL 탐지 기법]
   └ 학회: 한국정보보호학회 (IF: 0.39)"
569,2022,컴퓨터학,355144747,이일구,1,0.0324,0.083022,"[머신러닝 기반 악성 URL 탐지 기법]
   └ 학회: 한국정보보호학회 (IF: 0.39)"
570,2022,컴퓨터학,197374389,김윤정,1,0.0324,0.083022,"[유사성 해시 기반 악성코드 유형 분류 기법]
   └ 학회: 한국정보보호학회 (IF: 0.39)"
571,2022,컴퓨터학,170938305,김문선,1,0.0324,0.083022,"[유사성 해시 기반 악성코드 유형 분류 기법]
   └ 학회: 한국정보보호학회 (IF: 0.39)"
572,2022,컴퓨터학,325484,권충훈,1,0.0322,0.046642,"[중등교사 임용시험 교육학문제의 핵심어와 언어네트워크 분석 : 2019~2022학년도를 중심으로]
   └ 학회: 한국컴퓨터정보학회 (IF: 0.69)"
573,2022,컴퓨터학,627323491,이상철,1,0.0322,0.046642,"[텍스트마이닝을 이용한 서술형 강의평가 분석]
   └ 학회: 한국컴퓨터정보학회 (IF: 0.69)"
574,2022,컴퓨터학,868973022,여서윤,1,0.0322,0.046642,"[방산수출시장 확대를 위한 유망 방산수출품목 발굴에 관한 연구 -텍스트 마이닝 분석을 중심으로-]
   └ 학회: 한국컴퓨터정보학회 (IF: 0.69)"
575,2022,컴퓨터학,902123158,정종희,1,0.0322,0.046642,"[방산수출시장 확대를 위한 유망 방산수출품목 발굴에 관한 연구 -텍스트 마이닝 분석을 중심으로-]
   └ 학회: 한국컴퓨터정보학회 (IF: 0.69)"
576,2022,컴퓨터학,351518182,김성호,1,0.0322,0.046642,"[방산수출시장 확대를 위한 유망 방산수출품목 발굴에 관한 연구 -텍스트 마이닝 분석을 중심으로-]
   └ 학회: 한국컴퓨터정보학회 (IF: 0.69)"
577,2022,컴퓨터학,885482747,김준용,3,0.0309,0.044775999999999996,"[CNN을 이용한 실내가구 인테리어배치 AR알고리즘 모델링에 대한 연구]
   └ 학회: 한국컴퓨터정보학회 (IF: 0.69)
--------------------------------
[SARIMA 모델을 이용한 콘크리트 압축강도 감소에 영향을 미치는 감수율 및 온습도 변화에 따른 시계열 데이터 분석]
   └ 학회: 한국컴퓨터정보학회 (IF: 0.69)
--------------------------------
[소프트웨어 유지 관리를 위한 Git 커밋 메시지 복합 분류 모델 구현]
   └ 학회: 한국컴퓨터정보학회 (IF: 0.69)"
578,2022,컴퓨터학,536099595,박진완,2,0.0304,0.020522,"[이미지 분석 기반의 한국 영화의 F등급 영화와 비F등급 영화의 여성 캐릭터 표현에 대한 비교 연구]
   └ 학회: 한국디지털콘텐츠학회 (IF: 1.48)
--------------------------------
[콘텐츠 큐레이션을 위한 추천시스템이 접목된 가상 전시 플랫폼 연구]
   └ 학회: 한국디지털콘텐츠학회 (IF: 1.48)"
579,2022,컴퓨터학,699575844,이지윤,1,0.0304,0.020522,"[추천 시스템의 편향 및 사용자 만족도 탐구: 체계적 문헌고찰 방법을 중심으로]
   └ 학회: 한국디지털콘텐츠학회 (IF: 1.48)"
580,2022,컴퓨터학,957850932,오나예,1,0.0304,0.020522,"[콘텐츠 큐레이션을 위한 추천시스템이 접목된 가상 전시 플랫폼 연구]
   └ 학회: 한국디지털콘텐츠학회 (IF: 1.48)"
581,2022,컴퓨터학,727405701,윤혜인,1,0.0304,0.020522,"[콘텐츠 큐레이션을 위한 추천시스템이 접목된 가상 전시 플랫폼 연구]
   └ 학회: 한국디지털콘텐츠학회 (IF: 1.48)"
582,2022,컴퓨터학,612075183,서민혜,1,0.0302,0.077425,"[함수암호 기술 연구 동향]
   └ 학회: 한국정보보호학회 (IF: 0.39)"
583,2022,컴퓨터학,853706086,박수연,1,0.0302,0.077425,"[앙상블 학습의 부스팅 방법을 이용한 악의적인 내부자 탐지 기법]
   └ 학회: 한국정보보호학회 (IF: 0.39)"
584,2022,컴퓨터학,737448196,전예진,1,0.0302,0.077425,"[기계학습 기반 악성코드 검출을 위한 이미지 생성 방법]
   └ 학회: 한국정보보호학회 (IF: 0.39)"
585,2022,컴퓨터학,820314912,김진이,1,0.0302,0.077425,"[기계학습 기반 악성코드 검출을 위한 이미지 생성 방법]
   └ 학회: 한국정보보호학회 (IF: 0.39)"
586,2022,컴퓨터학,515147311,안준선,1,0.0302,0.077425,"[기계학습 기반 악성코드 검출을 위한 이미지 생성 방법]
   └ 학회: 한국정보보호학회 (IF: 0.39)"
587,2022,컴퓨터학,717343448,노우현,1,0.0302,0.077425,"[프로젝트의 구조적 정보를 활용한 인공지능 기반 오픈소스 소프트웨어 식별]
   └ 학회: 한국정보보호학회 (IF: 0.39)"
588,2022,컴퓨터학,507819276,윤종원,1,0.0302,0.077425,"[프로젝트의 구조적 정보를 활용한 인공지능 기반 오픈소스 소프트웨어 식별]
   └ 학회: 한국정보보호학회 (IF: 0.39)"
589,2022,컴퓨터학,999558409,나성주,1,0.029,0.01959,"[펠티어 모듈과 PID 제어를 이용한 온도 정밀제어 시스템 개발]
   └ 학회: 한국디지털콘텐츠학회 (IF: 1.48)"
590,2022,컴퓨터학,542271168,오재규,1,0.029,0.01959,"[사물인터넷 기술을 활용한 여름철 도로 가로공간의 실시간 온도지도 서비스 구현]
   └ 학회: 한국디지털콘텐츠학회 (IF: 1.48)"
591,2022,컴퓨터학,306553375,김광석,1,0.029,0.01959,"[사물인터넷 기술을 활용한 여름철 도로 가로공간의 실시간 온도지도 서비스 구현]
   └ 학회: 한국디지털콘텐츠학회 (IF: 1.48)"
592,2022,컴퓨터학,829608965,김지윤,1,0.029,0.01959,"[사물인터넷 기술을 활용한 여름철 도로 가로공간의 실시간 온도지도 서비스 구현]
   └ 학회: 한국디지털콘텐츠학회 (IF: 1.48)"
593,2022,컴퓨터학,240260598,최윤수,1,0.029,0.01959,"[사물인터넷 기술을 활용한 여름철 도로 가로공간의 실시간 온도지도 서비스 구현]
   └ 학회: 한국디지털콘텐츠학회 (IF: 1.48)"
594,2022,컴퓨터학,365817797,Taliha Abiodun Folorunso,1,0.029,0.01959,"[Internet of Things-Based Surveillance and Feeding System for Aquaculture Applications]
   └ 학회: 한국디지털콘텐츠학회 (IF: 1.48)"
595,2022,컴퓨터학,951867434,Jibril Abdullahi Bala,1,0.029,0.01959,"[Internet of Things-Based Surveillance and Feeding System for Aquaculture Applications]
   └ 학회: 한국디지털콘텐츠학회 (IF: 1.48)"
596,2022,컴퓨터학,591028508,Adeyinka Peace Adedigba,1,0.029,0.01959,"[Internet of Things-Based Surveillance and Feeding System for Aquaculture Applications]
   └ 학회: 한국디지털콘텐츠학회 (IF: 1.48)"
597,2022,컴퓨터학,425352536,Babatunde Eric Olatunji,1,0.029,0.01959,"[Internet of Things-Based Surveillance and Feeding System for Aquaculture Applications]
   └ 학회: 한국디지털콘텐츠학회 (IF: 1.48)"
598,2022,컴퓨터학,341356763,Caroline Mingyi,1,0.029,0.01959,"[Internet of Things-Based Surveillance and Feeding System for Aquaculture Applications]
   └ 학회: 한국디지털콘텐츠학회 (IF: 1.48)"
599,2022,컴퓨터학,563164595,이지현,1,0.0287,0.07369400000000001,"[메타버스 침해대응 사례 분석을 통한 메타버스 플랫폼 위협벡터 도출]
   └ 학회: 한국정보보호학회 (IF: 0.39)"
600,2022,컴퓨터학,489519740,정혜림,1,0.0287,0.07369400000000001,"[메타버스 침해대응 사례 분석을 통한 메타버스 플랫폼 위협벡터 도출]
   └ 학회: 한국정보보호학회 (IF: 0.39)"
601,2022,컴퓨터학,790805773,박기웅,1,0.0287,0.07369400000000001,"[메타버스 침해대응 사례 분석을 통한 메타버스 플랫폼 위협벡터 도출]
   └ 학회: 한국정보보호학회 (IF: 0.39)"
602,2022,컴퓨터학,883930003,서화정,7,0.0276,0.070896,"[양자내성 블록체인에 관한 기술적 동향]
   └ 학회: 한국정보보호학회 (IF: 0.39)
--------------------------------
[32-bit RISC-V 상에서의 사전 연산을 활용한 Fixslicing AES-CTR 속도 최적화 구현]
   └ 학회: 한국정보보호학회 (IF: 0.39)
--------------------------------
[32-Bit RISC-V상에서의 LEA 경량 블록 암호 GCM 운용 모드 구현]
   └ 학회: 한국정보보호학회 (IF: 0.39)
--------------------------------
[사물인터넷 상에서의 블록체인 기술 동향]
   └ 학회: 한국정보보호학회 (IF: 0.39)
--------------------------------
[사물인터넷 장비 상에서의 양자내성암호 구현 동향]
   └ 학회: 한국정보보호학회 (IF: 0.39)
--------------------------------
[사물인터넷을 위한 경량암호와 양자컴퓨터]
   └ 학회: 한국정보보호학회 (IF: 0.39)
--------------------------------
[CUDA GPGPU 상에서 경량 블록 암호 PIPO의 최적 구현]
   └ 학회: 한국정보보호학회 (IF: 0.39)"
603,2022,컴퓨터학,632245447,심민주,4,0.0276,0.070896,"[양자내성 블록체인에 관한 기술적 동향]
   └ 학회: 한국정보보호학회 (IF: 0.39)
--------------------------------
[32-bit RISC-V 상에서의 사전 연산을 활용한 Fixslicing AES-CTR 속도 최적화 구현]
   └ 학회: 한국정보보호학회 (IF: 0.39)
--------------------------------
[사물인터넷 상에서의 블록체인 기술 동향]
   └ 학회: 한국정보보호학회 (IF: 0.39)
--------------------------------
[사물인터넷 장비 상에서의 양자내성암호 구현 동향]
   └ 학회: 한국정보보호학회 (IF: 0.39)"
604,2022,컴퓨터학,248707129,김호원,3,0.0276,0.070896,"[“IoT/IIoT 보안” 특집호 발간에 즈음하여]
   └ 학회: 한국정보보호학회 (IF: 0.39)
--------------------------------
[저사양 사물인터넷 디바이스를 위한 블록체인 기술 동향]
   └ 학회: 한국정보보호학회 (IF: 0.39)
--------------------------------
[랜섬웨어를 이용한 암호화폐 탈취 및 자금세탁 방법에 대한 대응방안 연구 동향 분석]
   └ 학회: 한국정보보호학회 (IF: 0.39)"
605,2022,컴퓨터학,318116049,강예준,2,0.0276,0.070896,"[양자내성 블록체인에 관한 기술적 동향]
   └ 학회: 한국정보보호학회 (IF: 0.39)
--------------------------------
[사물인터넷 상에서의 블록체인 기술 동향]
   └ 학회: 한국정보보호학회 (IF: 0.39)"
606,2022,컴퓨터학,179716300,허신욱,2,0.0276,0.070896,"[저사양 사물인터넷 디바이스를 위한 블록체인 기술 동향]
   └ 학회: 한국정보보호학회 (IF: 0.39)
--------------------------------
[랜섬웨어를 이용한 암호화폐 탈취 및 자금세탁 방법에 대한 대응방안 연구 동향 분석]
   └ 학회: 한국정보보호학회 (IF: 0.39)"
607,2022,컴퓨터학,943905568,조욱,2,0.0276,0.070896,"[저사양 사물인터넷 디바이스를 위한 블록체인 기술 동향]
   └ 학회: 한국정보보호학회 (IF: 0.39)
--------------------------------
[랜섬웨어를 이용한 암호화폐 탈취 및 자금세탁 방법에 대한 대응방안 연구 동향 분석]
   └ 학회: 한국정보보호학회 (IF: 0.39)"
608,2022,컴퓨터학,815325381,김금보,2,0.0276,0.070896,"[저사양 사물인터넷 디바이스를 위한 블록체인 기술 동향]
   └ 학회: 한국정보보호학회 (IF: 0.39)
--------------------------------
[랜섬웨어를 이용한 암호화폐 탈취 및 자금세탁 방법에 대한 대응방안 연구 동향 분석]
   └ 학회: 한국정보보호학회 (IF: 0.39)"
609,2022,컴퓨터학,146378028,최창욱,1,0.0276,0.018657,"[국내외 언론이 바라본 딥페이크 기술]
   └ 학회: 한국디지털콘텐츠학회 (IF: 1.48)"
610,2022,컴퓨터학,836966697,정유미,1,0.0276,0.018657,"[국내외 언론이 바라본 딥페이크 기술]
   └ 학회: 한국디지털콘텐츠학회 (IF: 1.48)"
611,2022,컴퓨터학,4221355,안진경,1,0.0276,0.018657,"[토픽모델링을 통한 디지털 게임 사용자의 비평적 담론 연구 - 〈라스트 오브 어스 파트 Ⅱ〉를 중심으로]
   └ 학회: 한국디지털콘텐츠학회 (IF: 1.48)"
612,2022,컴퓨터학,864123675,이은규,1,0.0276,0.070896,"[악성코드 변종 분석을 위한 AI 모델의 Robust 수준 측정 및 개선 연구]
   └ 학회: 한국정보보호학회 (IF: 0.39)"
613,2022,컴퓨터학,860881962,정시온,1,0.0276,0.070896,"[악성코드 변종 분석을 위한 AI 모델의 Robust 수준 측정 및 개선 연구]
   └ 학회: 한국정보보호학회 (IF: 0.39)"
614,2022,컴퓨터학,798813168,이현우,1,0.0276,0.070896,"[악성코드 변종 분석을 위한 AI 모델의 Robust 수준 측정 및 개선 연구]
   └ 학회: 한국정보보호학회 (IF: 0.39)"
615,2022,컴퓨터학,218768839,이태진,1,0.0276,0.070896,"[악성코드 변종 분석을 위한 AI 모델의 Robust 수준 측정 및 개선 연구]
   └ 학회: 한국정보보호학회 (IF: 0.39)"
616,2022,컴퓨터학,536113149,박정인,3,0.027,0.03918,"[PHM 기반 공조설비의 고장 패턴 학습을 통한 미세먼지 저감 알고리즘 개발]
   └ 학회: 한국컴퓨터정보학회 (IF: 0.69)
--------------------------------
[LIDAR 센서 검지기반 차량 입출차 정확성과 신뢰도 향상을 위한 주차제어시스템 개발]
   └ 학회: 한국컴퓨터정보학회 (IF: 0.69)
--------------------------------
[교통신호 제어를 위한 라이다 기반 좌회전 감응 체계 개발]
   └ 학회: 한국컴퓨터정보학회 (IF: 0.69)"
617,2022,컴퓨터학,197587559,Nuri Kim,1,0.027,0.03918,"[Development of Smart Laundry Drying System]
   └ 학회: 한국컴퓨터정보학회 (IF: 0.69)"
618,2022,컴퓨터학,902902518,임헌국,1,0.027,0.03918,"[Development of Smart Laundry Drying System]
   └ 학회: 한국컴퓨터정보학회 (IF: 0.69)"
619,2022,컴퓨터학,556295819,고정범,1,0.027,0.039179,"[CNN을 이용한 실내가구 인테리어배치 AR알고리즘 모델링에 대한 연구]
   └ 학회: 한국컴퓨터정보학회 (IF: 0.69)"
620,2022,컴퓨터학,710212443,이수정,3,0.0257,0.037313,"[Integration of Similarity Values Reflecting Rating Time for Collaborative Filtering]
   └ 학회: 한국컴퓨터정보학회 (IF: 0.69)
--------------------------------
[시간 인지와 항목 기반 통합 유사도의 협력 필터링]
   └ 학회: 한국컴퓨터정보학회 (IF: 0.69)
--------------------------------
[사용자 및 항목 기반 통합 유사도의 시간 인지 협력 필터링]
   └ 학회: 한국컴퓨터정보학회 (IF: 0.69)"
621,2022,컴퓨터학,661382033,윤준철,1,0.0249,0.016791,"[전력 사용량 데이터 패턴 분석을 위한 시계열 이미지 생성 방안 연구]
   └ 학회: 한국디지털콘텐츠학회 (IF: 1.48)"
622,2022,컴퓨터학,649929944,권훈,2,0.0245,0.035448,"[프라이버시 코인의 익명성 보장 기술 개요]
   └ 학회: 한국컴퓨터정보학회 (IF: 0.69)
--------------------------------
[PPG 센서를 이용한 반려동물용 SPO₂ 웨어러블 장치의 설계 및 구현]
   └ 학회: 한국컴퓨터정보학회 (IF: 0.69)"
623,2022,컴퓨터학,320197406,김은영,1,0.0245,0.035448,"[프라이버시 코인의 익명성 보장 기술 개요]
   └ 학회: 한국컴퓨터정보학회 (IF: 0.69)"
624,2022,컴퓨터학,878675333,장응혁,2,0.0218,0.05597,"[원격 압수수색의 법적 성격: 대법원 2022. 6. 30. 선고 2022도1452 판결을 소재로]
   └ 학회: 한국디지털포렌식학회 (IF: 0.65)
--------------------------------
[안보사건에서 스테가노그라피 분석 및 형사법적 대응방안]
   └ 학회: 한국정보보호학회 (IF: 0.39)"
625,2022,컴퓨터학,713274346,이창훈,2,0.0218,0.05597,"[디지털 포렌식 관점에서 클라우드 스토리지 분석 연구 동향]
   └ 학회: 한국정보보호학회 (IF: 0.39)
--------------------------------
[포렌식 관점에서의 Element 인스턴트 메신저 아티팩트 분석]
   └ 학회: 한국정보보호학회 (IF: 0.39)"
626,2022,컴퓨터학,406429609,서승희,1,0.0218,0.05597,"[디지털 포렌식 관점에서 클라우드 스토리지 분석 연구 동향]
   └ 학회: 한국정보보호학회 (IF: 0.39)"
627,2022,컴퓨터학,245333837,김주은,1,0.0218,0.05597,"[디지털 포렌식 관점에서 클라우드 스토리지 분석 연구 동향]
   └ 학회: 한국정보보호학회 (IF: 0.39)"
628,2022,컴퓨터학,5131359,오소정,1,0.0218,0.05597,"[안보사건에서 스테가노그라피 분석 및 형사법적 대응방안]
   └ 학회: 한국정보보호학회 (IF: 0.39)"
629,2022,컴퓨터학,458438985,주지연,1,0.0218,0.05597,"[안보사건에서 스테가노그라피 분석 및 형사법적 대응방안]
   └ 학회: 한국정보보호학회 (IF: 0.39)"
630,2022,컴퓨터학,118055450,박현민,1,0.0218,0.05597,"[안보사건에서 스테가노그라피 분석 및 형사법적 대응방안]
   └ 학회: 한국정보보호학회 (IF: 0.39)"
631,2022,컴퓨터학,629505095,박정환,1,0.0218,0.05597,"[안보사건에서 스테가노그라피 분석 및 형사법적 대응방안]
   └ 학회: 한국정보보호학회 (IF: 0.39)"
632,2022,컴퓨터학,529219921,신상현,1,0.0218,0.05597,"[안보사건에서 스테가노그라피 분석 및 형사법적 대응방안]
   └ 학회: 한국정보보호학회 (IF: 0.39)"
633,2022,컴퓨터학,244063844,정수용,1,0.0215,0.055037,"[메타버스의 진화에 따른 ID 관리 기술 현황]
   └ 학회: 한국정보보호학회 (IF: 0.39)"
634,2022,컴퓨터학,756170167,서창호,1,0.0215,0.055037,"[메타버스의 진화에 따른 ID 관리 기술 현황]
   └ 학회: 한국정보보호학회 (IF: 0.39)"
635,2022,컴퓨터학,760537478,조진만,1,0.0215,0.055037,"[메타버스의 진화에 따른 ID 관리 기술 현황]
   └ 학회: 한국정보보호학회 (IF: 0.39)"
636,2022,컴퓨터학,593905706,진승헌,1,0.0215,0.055037,"[메타버스의 진화에 따른 ID 관리 기술 현황]
   └ 학회: 한국정보보호학회 (IF: 0.39)"
637,2022,컴퓨터학,74560,김수형,1,0.0215,0.055037,"[메타버스의 진화에 따른 ID 관리 기술 현황]
   └ 학회: 한국정보보호학회 (IF: 0.39)"
638,2022,컴퓨터학,590877634,이경호,3,0.02,0.051306,"[DEA-SBM 모형을 이용한 대기업 계열사 보안관리 체계 효율성 분석]
   └ 학회: 한국정보보호학회 (IF: 0.39)
--------------------------------
[산업제어시스템의 이상 탐지 성능 개선을 위한 데이터 보정 방안 연구]
   └ 학회: 한국정보보호학회 (IF: 0.39)
--------------------------------
[환경 소음 제거를 통한 범용적인 드론 음향 탐지 구현]
   └ 학회: 한국정보보호학회 (IF: 0.39)"
639,2022,컴퓨터학,174081797,정상원,1,0.018,0.02612,"[Development of Optimal Bus Dispatch Simulation for Greenhouse Gas Reduction]
   └ 학회: 한국컴퓨터정보학회 (IF: 0.69)"
640,2022,컴퓨터학,220002212,강지수,1,0.018,0.026119,"[관람 경험이 투영된 빅 데이터 분석 기반의 〈데이비드 호크니〉전 관람객 연구]
   └ 학회: 한국컴퓨터정보학회 (IF: 0.69)"
641,2022,컴퓨터학,739651589,허태성,2,0.0174,0.025187,"[미디어와 소비자간 새로운 플랫폼으로서의 유튜브의 역할]
   └ 학회: 한국컴퓨터정보학회 (IF: 0.69)
--------------------------------
[코로나 19 뉴스데이터 분석 및 시각화]
   └ 학회: 한국컴퓨터정보학회 (IF: 0.69)"
642,2022,컴퓨터학,584285051,장지모,1,0.0174,0.025187,"[KorPatELECTRA : 자연어처리 분야에서의 성능 향상을 위한 한국어 특허 문헌 사전학습 언어모델(KorPatELECTRA)]
   └ 학회: 한국컴퓨터정보학회 (IF: 0.69)"
643,2022,컴퓨터학,338405486,민재옥,1,0.0174,0.025187,"[KorPatELECTRA : 자연어처리 분야에서의 성능 향상을 위한 한국어 특허 문헌 사전학습 언어모델(KorPatELECTRA)]
   └ 학회: 한국컴퓨터정보학회 (IF: 0.69)"
644,2022,컴퓨터학,851357198,노한성,1,0.0174,0.025187,"[KorPatELECTRA : 자연어처리 분야에서의 성능 향상을 위한 한국어 특허 문헌 사전학습 언어모델(KorPatELECTRA)]
   └ 학회: 한국컴퓨터정보학회 (IF: 0.69)"
645,2022,컴퓨터학,5222596,박지수,1,0.0174,0.025187,"[메타버스 전시에 대한 사용자 경험 연구: 생의 찬미전 중심으로]
   └ 학회: 한국컴퓨터정보학회 (IF: 0.69)"
646,2022,컴퓨터학,664945746,박소정,1,0.0174,0.025187,"[메타버스 전시에 대한 사용자 경험 연구: 생의 찬미전 중심으로]
   └ 학회: 한국컴퓨터정보학회 (IF: 0.69)"
647,2022,컴퓨터학,600453723,박소은,1,0.0174,0.025187,"[메타버스 전시에 대한 사용자 경험 연구: 생의 찬미전 중심으로]
   └ 학회: 한국컴퓨터정보학회 (IF: 0.69)"
648,2022,컴퓨터학,703698939,신지혜,1,0.0174,0.025187,"[메타버스 전시에 대한 사용자 경험 연구: 생의 찬미전 중심으로]
   └ 학회: 한국컴퓨터정보학회 (IF: 0.69)"
649,2022,컴퓨터학,135232466,김봉한,1,0.0174,0.025187,"[실내 위치 기반의 IoT 서비스 플랫폼 설계]
   └ 학회: 한국컴퓨터정보학회 (IF: 0.69)"
650,2022,컴퓨터학,330359962,Yun-Jeng Kim,1,0.0167,0.024254,"[A Phenomenological Study on the Experiences of Nursing Students’ Hand-Washing Education Volunteer]
   └ 학회: 한국컴퓨터정보학회 (IF: 0.69)"
651,2022,컴퓨터학,919618968,Eui-Young Cho,1,0.0167,0.024254,"[A Phenomenological Study on the Experiences of Nursing Students’ Hand-Washing Education Volunteer]
   └ 학회: 한국컴퓨터정보학회 (IF: 0.69)"
652,2022,컴퓨터학,132832,김민규,1,0.0167,0.024254,"[엣지 컴퓨팅 방식을 이용한 방문객 수 카운팅 시스템 설계]
   └ 학회: 한국컴퓨터정보학회 (IF: 0.69)"
653,2022,컴퓨터학,513669733,김주현,1,0.0167,0.024254,"[엣지 컴퓨팅 방식을 이용한 방문객 수 카운팅 시스템 설계]
   └ 학회: 한국컴퓨터정보학회 (IF: 0.69)"
654,2022,컴퓨터학,805473062,이만기,1,0.0167,0.024254,"[엣지 컴퓨팅 방식을 이용한 방문객 수 카운팅 시스템 설계]
   └ 학회: 한국컴퓨터정보학회 (IF: 0.69)"
655,2022,컴퓨터학,736742197,김다영,1,0.0167,0.024254,"[엣지 컴퓨팅 방식을 이용한 방문객 수 카운팅 시스템 설계]
   └ 학회: 한국컴퓨터정보학회 (IF: 0.69)"
656,2022,컴퓨터학,5483733,김희철,1,0.0167,0.024254,"[교육용 메타버스 플랫폼에 대한 제언: 포커스 그룹 인터뷰를 중심으로]
   └ 학회: 한국컴퓨터정보학회 (IF: 0.69)"
657,2022,컴퓨터학,492177060,김묘은,1,0.0167,0.024254,"[교육용 메타버스 플랫폼에 대한 제언: 포커스 그룹 인터뷰를 중심으로]
   └ 학회: 한국컴퓨터정보학회 (IF: 0.69)"
658,2022,컴퓨터학,675283328,박일준,1,0.0167,0.024254,"[교육용 메타버스 플랫폼에 대한 제언: 포커스 그룹 인터뷰를 중심으로]
   └ 학회: 한국컴퓨터정보학회 (IF: 0.69)"
659,2022,컴퓨터학,712876857,조재희,1,0.0166,0.011193999999999999,"[인문고전 텍스트를 활용한 분노조절 훈련 모바일 애플리케이션 개발 연구: 상태분노와 우울감을 중심으로]
   └ 학회: 한국디지털콘텐츠학회 (IF: 1.48)"
660,2022,컴퓨터학,445287969,유경한,1,0.0166,0.011193999999999999,"[인문고전 텍스트를 활용한 분노조절 훈련 모바일 애플리케이션 개발 연구: 상태분노와 우울감을 중심으로]
   └ 학회: 한국디지털콘텐츠학회 (IF: 1.48)"
661,2022,컴퓨터학,345828326,장영란,1,0.0166,0.011193999999999999,"[인문고전 텍스트를 활용한 분노조절 훈련 모바일 애플리케이션 개발 연구: 상태분노와 우울감을 중심으로]
   └ 학회: 한국디지털콘텐츠학회 (IF: 1.48)"
662,2022,컴퓨터학,702762261,김세환,1,0.0166,0.011193999999999999,"[인문고전 텍스트를 활용한 분노조절 훈련 모바일 애플리케이션 개발 연구: 상태분노와 우울감을 중심으로]
   └ 학회: 한국디지털콘텐츠학회 (IF: 1.48)"
663,2022,컴퓨터학,716104899,황보현우,1,0.0165,0.012127,"[기계 학습을 활용한 보안 이상징후 식별 알고리즘 개발]
   └ 학회: 한국전자거래학회 (IF: 1.36)"
664,2022,컴퓨터학,628205431,김재경,1,0.0165,0.012127,"[기계 학습을 활용한 보안 이상징후 식별 알고리즘 개발]
   └ 학회: 한국전자거래학회 (IF: 1.36)"
665,2022,컴퓨터학,927849291,여현진,1,0.0161,0.023321,"[텍스트마이닝을 통한 날씨정보와 감성변화 예측모형 개발]
   └ 학회: 한국컴퓨터정보학회 (IF: 0.69)"
666,2022,컴퓨터학,856249938,강해영,1,0.0153,0.039179,"[환경 소음 제거를 통한 범용적인 드론 음향 탐지 구현]
   └ 학회: 한국정보보호학회 (IF: 0.39)"
667,2022,컴퓨터학,104553079,홍민영,1,0.0152,0.010261,"[동체시력훈련을 위한 기능성게임 개발]
   └ 학회: 한국디지털콘텐츠학회 (IF: 1.48)"
668,2022,컴퓨터학,796316885,정옥란,2,0.0142,0.020522,"[국내외 기술 이전 활성화를 위한 랭킹 정보 제공 기법]
   └ 학회: 한국전자거래학회 (IF: 1.36)
--------------------------------
[뉴스 감성 분석을 이용한 딥러닝 기반 주가 예측에 대한 연구]
   └ 학회: 한국컴퓨터정보학회 (IF: 0.69)"
669,2022,컴퓨터학,504143822,강두원,1,0.0142,0.020522,"[뉴스 감성 분석을 이용한 딥러닝 기반 주가 예측에 대한 연구]
   └ 학회: 한국컴퓨터정보학회 (IF: 0.69)"
670,2022,컴퓨터학,342823005,유소엽,1,0.0142,0.020522,"[뉴스 감성 분석을 이용한 딥러닝 기반 주가 예측에 대한 연구]
   └ 학회: 한국컴퓨터정보학회 (IF: 0.69)"
671,2022,컴퓨터학,468408577,이하영,1,0.0142,0.020522,"[뉴스 감성 분석을 이용한 딥러닝 기반 주가 예측에 대한 연구]
   └ 학회: 한국컴퓨터정보학회 (IF: 0.69)"
672,2022,컴퓨터학,358205160,권혁동,3,0.0138,0.035448,"[양자내성 블록체인에 관한 기술적 동향]
   └ 학회: 한국정보보호학회 (IF: 0.39)
--------------------------------
[32-Bit RISC-V상에서의 LEA 경량 블록 암호 GCM 운용 모드 구현]
   └ 학회: 한국정보보호학회 (IF: 0.39)
--------------------------------
[사물인터넷 장비 상에서의 양자내성암호 구현 동향]
   └ 학회: 한국정보보호학회 (IF: 0.39)"
673,2022,컴퓨터학,288785190,염흥열,3,0.0138,0.035448,"[감염병 예방을 위한 분산ID 기반 디지털 증명서 시스템]
   └ 학회: 한국정보보호학회 (IF: 0.39)
--------------------------------
[국가 사이버보안 수준 향상을 위한 GCI의 지표개선 방안]
   └ 학회: 한국정보보호학회 (IF: 0.39)
--------------------------------
[ITU-T SG17 5G(IMT-2020) 보안 국제표준화 동향]
   └ 학회: 한국정보보호학회 (IF: 0.39)"
674,2022,컴퓨터학,605339503,김선웅,2,0.0138,0.009328,"[포털 검색 강도와 딥러닝을 활용한 COVID-19 팬데믹 주가 예측]
   └ 학회: 한국디지털콘텐츠학회 (IF: 1.48)
--------------------------------
[LSTM 기반 경제정책 불확실성 지수의 자산 가격 예측 성과: 전통자산과 디지털자산 비교]
   └ 학회: 한국디지털콘텐츠학회 (IF: 1.48)"
675,2022,컴퓨터학,557935662,최현희,2,0.0138,0.009328,"[ARM과 MSMM을 활용한 지식 그래프의 선후관계 분석 : K-12 수학 문항 평가 데이터를 중심으로]
   └ 학회: 한국디지털콘텐츠학회 (IF: 1.48)
--------------------------------
[ElasticNet(LASSO)+RF+HMM을 활용한 지식 그래프의 선후관계 분석 : K-12 수학 문항평가 데이터를 중심으로]
   └ 학회: 한국디지털콘텐츠학회 (IF: 1.48)"
676,2022,컴퓨터학,555540197,이민정,2,0.0138,0.009328,"[ARM과 MSMM을 활용한 지식 그래프의 선후관계 분석 : K-12 수학 문항 평가 데이터를 중심으로]
   └ 학회: 한국디지털콘텐츠학회 (IF: 1.48)
--------------------------------
[ElasticNet(LASSO)+RF+HMM을 활용한 지식 그래프의 선후관계 분석 : K-12 수학 문항평가 데이터를 중심으로]
   └ 학회: 한국디지털콘텐츠학회 (IF: 1.48)"
677,2022,컴퓨터학,848541038,임세진,2,0.0138,0.035448,"[양자내성 블록체인에 관한 기술적 동향]
   └ 학회: 한국정보보호학회 (IF: 0.39)
--------------------------------
[사물인터넷을 위한 경량암호와 양자컴퓨터]
   └ 학회: 한국정보보호학회 (IF: 0.39)"
678,2022,컴퓨터학,202311519,이주현,2,0.0138,0.035448,"[감염병 예방을 위한 분산ID 기반 디지털 증명서 시스템]
   └ 학회: 한국정보보호학회 (IF: 0.39)
--------------------------------
[국가 사이버보안 수준 향상을 위한 GCI의 지표개선 방안]
   └ 학회: 한국정보보호학회 (IF: 0.39)"
679,2022,컴퓨터학,862680068,박성채,1,0.0138,0.035448,"[감염병 예방을 위한 분산ID 기반 디지털 증명서 시스템]
   └ 학회: 한국정보보호학회 (IF: 0.39)"
680,2022,컴퓨터학,584602737,박근덕,1,0.0138,0.035448,"[감염병 예방을 위한 분산ID 기반 디지털 증명서 시스템]
   └ 학회: 한국정보보호학회 (IF: 0.39)"
681,2022,컴퓨터학,947895060,김원웅,1,0.0138,0.035448,"[사물인터넷 상에서의 블록체인 기술 동향]
   └ 학회: 한국정보보호학회 (IF: 0.39)"
682,2022,컴퓨터학,398394543,권율,1,0.0138,0.035448,"[저사양 사물인터넷 디바이스를 위한 블록체인 기술 동향]
   └ 학회: 한국정보보호학회 (IF: 0.39)"
683,2022,컴퓨터학,257993211,나재훈,1,0.0138,0.035448,"[ISO TC307 블록체인 정보보호 표준기술 동향]
   └ 학회: 한국정보보호학회 (IF: 0.39)"
684,2022,컴퓨터학,779924734,오경희,1,0.0138,0.035448,"[블록체인 참조 아키텍처 표준 제정과 그 영향]
   └ 학회: 한국정보보호학회 (IF: 0.39)"
685,2022,컴퓨터학,916478905,김미연,1,0.0138,0.035448,"[블록체인 참조 아키텍처 표준 제정과 그 영향]
   └ 학회: 한국정보보호학회 (IF: 0.39)"
686,2022,컴퓨터학,812113543,김정덕,1,0.0138,0.035448,"[정보보호 거버넌스와 블록체인 거버넌스 국제표준 주요 내용과 구현 이슈]
   └ 학회: 한국정보보호학회 (IF: 0.39)"
687,2022,컴퓨터학,977019171,노시완,1,0.0138,0.035448,"[안전한 블록체인 기반 서비스를 위한 개인키 관리 가이드라인]
   └ 학회: 한국정보보호학회 (IF: 0.39)"
688,2022,컴퓨터학,711992279,이경현,1,0.0138,0.035448,"[안전한 블록체인 기반 서비스를 위한 개인키 관리 가이드라인]
   └ 학회: 한국정보보호학회 (IF: 0.39)"
689,2022,컴퓨터학,936169397,한선희,1,0.0135,0.01959,"[Gender Classification of Speakers Using SVM]
   └ 학회: 한국컴퓨터정보학회 (IF: 0.69)"
690,2022,컴퓨터학,130988463,차수정,10,0.0129,0.018657,"[A Pilot Study on the Development of Incontinence Panty for Senior Women]
   └ 학회: 한국컴퓨터정보학회 (IF: 0.69)
--------------------------------
[A Study on the Subjectivity of Fashion and Environmental Pollution]
   └ 학회: 한국컴퓨터정보학회 (IF: 0.69)
--------------------------------
[20대 플러스사이즈 여성을 위한 보디스 원형 비교]
   └ 학회: 한국컴퓨터정보학회 (IF: 0.69)
--------------------------------
[20대 플러스 사이즈 여성의 보디스 원형 개발]
   └ 학회: 한국컴퓨터정보학회 (IF: 0.69)
--------------------------------
[3차원 시뮬레이션을 활용한 20대 비만 남성의 보디스 원형 개발]
   └ 학회: 한국컴퓨터정보학회 (IF: 0.69)
--------------------------------
[Q방법론을 사용한 코로나19시대 한국인의 마스크 인식 유형]
   └ 학회: 한국컴퓨터정보학회 (IF: 0.69)
--------------------------------
[요실금 팬티 개발을 위한 40대, 50대, 60대 여성의 하반신 몸통 형태 연구]
   └ 학회: 한국컴퓨터정보학회 (IF: 0.69)
--------------------------------
[한국 성인여성을 대상으로 한 시판 다회 착용 마스크 패턴 비교]
   └ 학회: 한국컴퓨터정보학회 (IF: 0.69)
--------------------------------
[시판 요실금 팬티의 흡수량 비교]
   └ 학회: 한국컴퓨터정보학회 (IF: 0.69)
--------------------------------
[해양 레저 스포츠 참여동기 유형에 따른 레저스포츠웨어의 소비자 요구 차이와 의류개발 시사점 연구]
   └ 학회: 한국컴퓨터정보학회 (IF: 0.69)"
691,2022,컴퓨터학,241778319,안현철,2,0.0129,0.018657,"[A Study on Fraud Detection in the C2C Used Trade Market Using Doc2vec]
   └ 학회: 한국컴퓨터정보학회 (IF: 0.69)
--------------------------------
[Multicriteria Movie Recommendation Model Combining Aspect-based Sentiment Classification Using BERT]
   └ 학회: 한국컴퓨터정보학회 (IF: 0.69)"
692,2022,컴퓨터학,691193557,Il-Kwon Chae,1,0.0129,0.018656,"[A study on Software Maintenance of Domestic Weapon System by using the Automatic Test Equipment]
   └ 학회: 한국컴퓨터정보학회 (IF: 0.69)"
693,2022,컴퓨터학,770862078,Yurin Lee,1,0.0129,0.018657,"[Multicriteria Movie Recommendation Model Combining Aspect-based Sentiment Classification Using BERT]
   └ 학회: 한국컴퓨터정보학회 (IF: 0.69)"
694,2022,컴퓨터학,599419182,황인용,1,0.0129,0.018657,"[코로나 19 뉴스데이터 분석 및 시각화]
   └ 학회: 한국컴퓨터정보학회 (IF: 0.69)"
695,2022,컴퓨터학,633611110,박재암,1,0.0129,0.018657,"[복합표본설계를 적용한 신체활동수준, 주관적 건강상태, 코로나19 염려의 관계 분석]
   └ 학회: 한국컴퓨터정보학회 (IF: 0.69)"
696,2022,컴퓨터학,294071264,박원철,1,0.0129,0.018656,"[Unity를 활용한 돌발상황 운전 교육 시뮬레이터 구현]
   └ 학회: 한국컴퓨터정보학회 (IF: 0.69)"
697,2022,컴퓨터학,237290403,최환준,1,0.0129,0.018656,"[함정전투체계 시스템에서 신뢰성 시험 효율화를 위한 소프트웨어 표준화 및 시뮬레이터 설계에 대한 연구]
   └ 학회: 한국컴퓨터정보학회 (IF: 0.69)"
698,2022,컴퓨터학,680774409,장항배,4,0.0127,0.009328,"[연구보안제도 개선을 위한 비교탐색적 연구: 미국의 연구보안 사례를 중심으로]
   └ 학회: 한국전자거래학회 (IF: 1.36)
--------------------------------
[정보보호 관점의 금융 마이데이터 서비스 수용 요인에 관한 연구]
   └ 학회: 한국전자거래학회 (IF: 1.36)
--------------------------------
[강건하고 설명 가능한 스마트 미터 데이터 결측치 대체 기법]
   └ 학회: 한국전자거래학회 (IF: 1.36)
--------------------------------
[Multistep-Ahead Solar Irradiance Forecasting for Smart Cities Based on LSTM, Bi-LSTM, and GRU Neural Networks]
   └ 학회: 한국전자거래학회 (IF: 1.36)"
699,2022,컴퓨터학,858956136,한유나,2,0.0127,0.009328,"[강건하고 설명 가능한 스마트 미터 데이터 결측치 대체 기법]
   └ 학회: 한국전자거래학회 (IF: 1.36)
--------------------------------
[Multistep-Ahead Solar Irradiance Forecasting for Smart Cities Based on LSTM, Bi-LSTM, and GRU Neural Networks]
   └ 학회: 한국전자거래학회 (IF: 1.36)"
700,2022,컴퓨터학,972073946,문지훈,2,0.0127,0.009328,"[강건하고 설명 가능한 스마트 미터 데이터 결측치 대체 기법]
   └ 학회: 한국전자거래학회 (IF: 1.36)
--------------------------------
[Multistep-Ahead Solar Irradiance Forecasting for Smart Cities Based on LSTM, Bi-LSTM, and GRU Neural Networks]
   └ 학회: 한국전자거래학회 (IF: 1.36)"
701,2022,컴퓨터학,916807210,노승민,2,0.0127,0.009328,"[강건하고 설명 가능한 스마트 미터 데이터 결측치 대체 기법]
   └ 학회: 한국전자거래학회 (IF: 1.36)
--------------------------------
[Multistep-Ahead Solar Irradiance Forecasting for Smart Cities Based on LSTM, Bi-LSTM, and GRU Neural Networks]
   └ 학회: 한국전자거래학회 (IF: 1.36)"
702,2022,컴퓨터학,285107836,신상훈,2,0.0122,0.017724,"[자동항법 비행이 가능한 무인기를 이용한 대기 오염물질 모니터링 시스템 구현]
   └ 학회: 한국컴퓨터정보학회 (IF: 0.69)
--------------------------------
[반도체 광특성 분석을 위한 광반사 변조 분광법 전산모사 프로그램 개발]
   └ 학회: 한국컴퓨터정보학회 (IF: 0.69)"
703,2022,컴퓨터학,128216256,정병길,1,0.0102,0.02612,"[준 지도 이상 탐지 기법의 성능 향상을 위한 섭동을 활용한 초구 기반 비정상 데이터 증강 기법]
   └ 학회: 한국정보보호학회 (IF: 0.39)"
704,2022,컴퓨터학,373466254,권준형,1,0.0102,0.02612,"[준 지도 이상 탐지 기법의 성능 향상을 위한 섭동을 활용한 초구 기반 비정상 데이터 증강 기법]
   └ 학회: 한국정보보호학회 (IF: 0.39)"
705,2022,컴퓨터학,489590525,민동준,1,0.0102,0.02612,"[준 지도 이상 탐지 기법의 성능 향상을 위한 섭동을 활용한 초구 기반 비정상 데이터 증강 기법]
   └ 학회: 한국정보보호학회 (IF: 0.39)"
706,2022,컴퓨터학,974970801,김대원,2,0.0097,0.013993,"[딥러닝과 의미론적 분할 기법을 이용한 각막궤양 영역 검출]
   └ 학회: 한국컴퓨터정보학회 (IF: 0.69)
--------------------------------
[마스크 R-CNN과 랜덤 포레스트 방법을 이용한 당뇨병성 망막병증 분류]
   └ 학회: 한국컴퓨터정보학회 (IF: 0.69)"
707,2022,컴퓨터학,874265509,박영,1,0.0097,0.00653,"[성폭력 피해 회복을 위한 정보 접근성 및 정신건강 증진 애플리케이션 콘텐츠 개발]
   └ 학회: 한국디지털콘텐츠학회 (IF: 1.48)"
708,2022,컴퓨터학,941841215,이지하,1,0.0097,0.00653,"[성폭력 피해 회복을 위한 정보 접근성 및 정신건강 증진 애플리케이션 콘텐츠 개발]
   └ 학회: 한국디지털콘텐츠학회 (IF: 1.48)"
709,2022,컴퓨터학,528789448,정영훈,1,0.0097,0.013993,"[마스크 R-CNN과 랜덤 포레스트 방법을 이용한 당뇨병성 망막병증 분류]
   └ 학회: 한국컴퓨터정보학회 (IF: 0.69)"
710,2022,컴퓨터학,921598261,김근형,1,0.009,0.01306,"[반도체 광특성 분석을 위한 광반사 변조 분광법 전산모사 프로그램 개발]
   └ 학회: 한국컴퓨터정보학회 (IF: 0.69)"
711,2022,컴퓨터학,387816331,손정우,1,0.009,0.01306,"[An Analysis on Employing Developer Profit Incentive to Expedite Open Source Software Development]
   └ 학회: 한국컴퓨터정보학회 (IF: 0.69)"
712,2022,컴퓨터학,558875652,고요한,1,0.009,0.01306,"[An Analysis on Employing Developer Profit Incentive to Expedite Open Source Software Development]
   └ 학회: 한국컴퓨터정보학회 (IF: 0.69)"
713,2022,컴퓨터학,140233866,윤영욱,1,0.009,0.01306,"[An Analysis on Employing Developer Profit Incentive to Expedite Open Source Software Development]
   └ 학회: 한국컴퓨터정보학회 (IF: 0.69)"
714,2022,컴퓨터학,548263163,황호현,1,0.0089,0.00653,"[리뷰 데이터와 제품 정보를 이용한 멀티모달 감성분석]
   └ 학회: 한국전자거래학회 (IF: 1.36)"
715,2022,컴퓨터학,675173810,이경찬,1,0.0089,0.00653,"[리뷰 데이터와 제품 정보를 이용한 멀티모달 감성분석]
   └ 학회: 한국전자거래학회 (IF: 1.36)"
716,2022,컴퓨터학,639292356,유진이,1,0.0089,0.00653,"[리뷰 데이터와 제품 정보를 이용한 멀티모달 감성분석]
   └ 학회: 한국전자거래학회 (IF: 1.36)"
717,2022,컴퓨터학,489060736,이영훈,1,0.0089,0.00653,"[리뷰 데이터와 제품 정보를 이용한 멀티모달 감성분석]
   └ 학회: 한국전자거래학회 (IF: 1.36)"
718,2022,컴퓨터학,817796520,박순영,2,0.0084,0.012127,"[COVID-19 유행 동안 국내 임상 간호사의 소진 관련요인에 대한 체계적 문헌고찰]
   └ 학회: 한국컴퓨터정보학회 (IF: 0.69)
--------------------------------
[간호사 양성 과정에 있어 인성 함얌을 하기 위한 소론]
   └ 학회: 한국컴퓨터정보학회 (IF: 0.69)"
719,2022,컴퓨터학,880782726,오호철,1,0.0084,0.012127,"[간호사 양성 과정에 있어 인성 함얌을 하기 위한 소론]
   └ 학회: 한국컴퓨터정보학회 (IF: 0.69)"
720,2022,컴퓨터학,589724214,임상섭,1,0.0084,0.012127,"[실감기술을 활용한 해양산업 교육 및 훈련 동향]
   └ 학회: 한국컴퓨터정보학회 (IF: 0.69)"
721,2022,컴퓨터학,244483630,정두용,1,0.0084,0.012127,"[실감기술을 활용한 해양산업 교육 및 훈련 동향]
   └ 학회: 한국컴퓨터정보학회 (IF: 0.69)"
722,2022,컴퓨터학,524741934,이지현,1,0.0083,0.005597,"[디자인적 사고 방법론에 기반한 온라인 화상 미팅 애플리케이션 디자인]
   └ 학회: 한국디지털콘텐츠학회 (IF: 1.48)"
723,2022,컴퓨터학,836407526,신새미,1,0.0083,0.005597,"[게이미피케이션을 이용한 모바일 학습 관리 어플리케이션 개발]
   └ 학회: 한국디지털콘텐츠학회 (IF: 1.48)"
724,2022,컴퓨터학,745696032,김태균,1,0.0083,0.005597,"[게이미피케이션을 이용한 모바일 학습 관리 어플리케이션 개발]
   └ 학회: 한국디지털콘텐츠학회 (IF: 1.48)"
725,2022,컴퓨터학,346857105,서양진,1,0.0076,0.01959,"[자연어 처리 기반 멀티 소스 이벤트 로그의 보안 심각도 다중 클래스 분류]
   └ 학회: 한국정보보호학회 (IF: 0.39)"
726,2022,컴퓨터학,847336571,백주련,1,0.0071,0.010261,"[E-Commerce 데이터를 활용한 개인화 추천 다양성 증대 방법 비교]
   └ 학회: 한국컴퓨터정보학회 (IF: 0.69)"
727,2022,컴퓨터학,436985454,김민성,3,0.0069,0.004664,"[모바일 콘텐츠 간 경쟁관계 분석: 콘텐츠 소비 맥락을 중심으로]
   └ 학회: 한국디지털콘텐츠학회 (IF: 1.48)
--------------------------------
[차량용 인포테인먼트 시스템 이용에 영향을 미치는 요인 분석 : 이중 계산 모형을 중심으로]
   └ 학회: 한국디지털콘텐츠학회 (IF: 1.48)
--------------------------------
[모바일 메신저 개인정보 처리방침이 이용자의 충성도에 미치는 영향]
   └ 학회: 한국디지털콘텐츠학회 (IF: 1.48)"
728,2022,컴퓨터학,1267865,김정환,3,0.0069,0.004664,"[모바일 콘텐츠 간 경쟁관계 분석: 콘텐츠 소비 맥락을 중심으로]
   └ 학회: 한국디지털콘텐츠학회 (IF: 1.48)
--------------------------------
[차량용 인포테인먼트 시스템 이용에 영향을 미치는 요인 분석 : 이중 계산 모형을 중심으로]
   └ 학회: 한국디지털콘텐츠학회 (IF: 1.48)
--------------------------------
[모바일 메신저 개인정보 처리방침이 이용자의 충성도에 미치는 영향]
   └ 학회: 한국디지털콘텐츠학회 (IF: 1.48)"
729,2022,컴퓨터학,866215688,김성철,2,0.0069,0.004664,"[모바일 콘텐츠 간 경쟁관계 분석: 콘텐츠 소비 맥락을 중심으로]
   └ 학회: 한국디지털콘텐츠학회 (IF: 1.48)
--------------------------------
[모바일 메신저 개인정보 처리방침이 이용자의 충성도에 미치는 영향]
   └ 학회: 한국디지털콘텐츠학회 (IF: 1.48)"
730,2022,컴퓨터학,893291565,최재혁,2,0.0069,0.004664,"[다중 객체 추적 기술을 활용한 지능형 실내 위치정보 분석 시스템 설계]
   └ 학회: 한국디지털콘텐츠학회 (IF: 1.48)
--------------------------------
[2.4GHz대역에서의 FHSS기반의 운용 드론에 의한 주변기기 혼간섭 분석]
   └ 학회: 한국디지털콘텐츠학회 (IF: 1.48)"
731,2022,컴퓨터학,933648311,이준석,1,0.0069,0.004664,"[재난안전통신망의 네트워크 활용과 단말기 신호를 이용한 측위 기술 연구]
   └ 학회: 한국디지털콘텐츠학회 (IF: 1.48)"
732,2022,컴퓨터학,646397698,손지영,1,0.0069,0.004664,"[장애학생 대상 스마트교육 선행연구 분석을 통한 콘텐츠 설계 전략의 탐색적 연구]
   └ 학회: 한국디지털콘텐츠학회 (IF: 1.48)"
733,2022,컴퓨터학,375867191,박희연,1,0.0069,0.004664,"[아동용 애플리케이션의 교육적 가치와 몰입요소에 대한 연구]
   └ 학회: 한국디지털콘텐츠학회 (IF: 1.48)"
734,2022,컴퓨터학,112677560,김현석,1,0.0069,0.004664,"[아동용 애플리케이션의 교육적 가치와 몰입요소에 대한 연구]
   └ 학회: 한국디지털콘텐츠학회 (IF: 1.48)"
735,2022,컴퓨터학,420246263,권기대,1,0.0069,0.004664,"[디지털 헬스케어에 대한 국민 인식 조사]
   └ 학회: 한국디지털콘텐츠학회 (IF: 1.48)"
736,2022,컴퓨터학,163443593,김태은,1,0.0069,0.004664,"[가상현실을 이용한 강아지 훈련콘텐츠제작에 대한 연구]
   └ 학회: 한국디지털콘텐츠학회 (IF: 1.48)"
737,2022,컴퓨터학,164160795,최성원,1,0.0069,0.004664,"[유 · 아동 공간 표상 능력 발달을 위한 도형 기반 ‘포코리의 이솝우화’ 애니메이션 제작 방법 연구]
   └ 학회: 한국디지털콘텐츠학회 (IF: 1.48)"
738,2022,컴퓨터학,306633547,임진솔,1,0.0069,0.004664,"[버즈 분석(Buzz Analysis)을 통한 OTT 플랫폼 이용자 관심 분석: 트위터 데이터를 중심으로]
   └ 학회: 한국디지털콘텐츠학회 (IF: 1.48)"
739,2022,컴퓨터학,687099312,소현기,1,0.0069,0.004664,"[버즈 분석(Buzz Analysis)을 통한 OTT 플랫폼 이용자 관심 분석: 트위터 데이터를 중심으로]
   └ 학회: 한국디지털콘텐츠학회 (IF: 1.48)"
740,2022,컴퓨터학,816810015,오효정,1,0.0069,0.004664,"[버즈 분석(Buzz Analysis)을 통한 OTT 플랫폼 이용자 관심 분석: 트위터 데이터를 중심으로]
   └ 학회: 한국디지털콘텐츠학회 (IF: 1.48)"
741,2022,컴퓨터학,971048445,홍은아,1,0.0069,0.004664,"[미국 특허와 기술체제분석을 이용한 데이터 익명화 기술의 동향과 전망]
   └ 학회: 한국디지털콘텐츠학회 (IF: 1.48)"
742,2022,컴퓨터학,619986054,김준엽,1,0.0069,0.004664,"[미국 특허와 기술체제분석을 이용한 데이터 익명화 기술의 동향과 전망]
   └ 학회: 한국디지털콘텐츠학회 (IF: 1.48)"
743,2022,컴퓨터학,964314705,이종호,1,0.0069,0.004664,"[미국 특허와 기술체제분석을 이용한 데이터 익명화 기술의 동향과 전망]
   └ 학회: 한국디지털콘텐츠학회 (IF: 1.48)"
744,2022,컴퓨터학,809673971,한덕수,1,0.0069,0.004664,"[재난환경에서 통신과 측위를 고려한 단일 무인항공기 활용방안]
   └ 학회: 한국디지털콘텐츠학회 (IF: 1.48)"
745,2022,컴퓨터학,837033170,Usman Ali,1,0.0069,0.004664,"[Image Recognition using Improved ResNet50 Model with Novel Attention Mechanism]
   └ 학회: 한국디지털콘텐츠학회 (IF: 1.48)"
746,2022,컴퓨터학,809026405,Jihoon Lee,1,0.0069,0.004664,"[Image Recognition using Improved ResNet50 Model with Novel Attention Mechanism]
   └ 학회: 한국디지털콘텐츠학회 (IF: 1.48)"
747,2022,컴퓨터학,719672644,Irfanullah,1,0.0069,0.004664,"[Image Recognition using Improved ResNet50 Model with Novel Attention Mechanism]
   └ 학회: 한국디지털콘텐츠학회 (IF: 1.48)"
748,2022,컴퓨터학,163916568,류지승,1,0.0065,0.00653,"[인공지능과 증강현실 기술을이용한 모래성 놀이 가이드 애플리케이션설계 및 구현]
   └ 학회: 한국컴퓨터그래픽스학회 (IF: 1.0)"
749,2022,컴퓨터학,810474175,장승우,1,0.0065,0.00653,"[인공지능과 증강현실 기술을이용한 모래성 놀이 가이드 애플리케이션설계 및 구현]
   └ 학회: 한국컴퓨터그래픽스학회 (IF: 1.0)"
750,2022,컴퓨터학,933115093,문유정,1,0.0065,0.00653,"[인공지능과 증강현실 기술을이용한 모래성 놀이 가이드 애플리케이션설계 및 구현]
   └ 학회: 한국컴퓨터그래픽스학회 (IF: 1.0)"
751,2022,컴퓨터학,546108462,이정진,1,0.0065,0.00653,"[인공지능과 증강현실 기술을이용한 모래성 놀이 가이드 애플리케이션설계 및 구현]
   └ 학회: 한국컴퓨터그래픽스학회 (IF: 1.0)"
752,2022,컴퓨터학,905166414,김유희,2,0.0064,0.009328,"[Probing Sentence Embeddings in L2 Learners’ LSTM Neural Language Models Using Adaptation Learning]
   └ 학회: 한국컴퓨터정보학회 (IF: 0.69)
--------------------------------
[다국어 범용 의존관계 주석체계를 준수하는 BERT 언어 모델 기반 자가-집중을 적용한 다중 작업 모델]
   └ 학회: 한국컴퓨터정보학회 (IF: 0.69)"
753,2022,컴퓨터학,999481713,강별님,2,0.0064,0.009328,"[연령대별 스트레스 대처방법에 따른 우울 및 불안에 대한 기초 연구]
   └ 학회: 한국컴퓨터정보학회 (IF: 0.69)
--------------------------------
[여성결혼이민자의 K-POP 커버댄스 참여가 자아존중감, 사회적지지에 따른 문화적응스트레스 및 우울에 미치는 영향]
   └ 학회: 한국컴퓨터정보학회 (IF: 0.69)"
754,2022,컴퓨터학,632768028,최지웅,2,0.0064,0.009328,"[RML 매핑에 기반한 RDF 지식 그래프 구조 검증을 위한 SHACL 스키마의 자동 생성]
   └ 학회: 한국컴퓨터정보학회 (IF: 0.69)
--------------------------------
[RML 기반의 RDF 지식 그래프 검증을 위한 ShEx 스키마의 자동 생성]
   └ 학회: 한국컴퓨터정보학회 (IF: 0.69)"
755,2022,컴퓨터학,591044594,황용운,1,0.0064,0.009328,"[드론 환경에서 안전한 통신을 위한 KP-ABE 기반의 데이터 접근 제어 기법]
   └ 학회: 한국컴퓨터정보학회 (IF: 0.69)"
756,2022,컴퓨터학,972869131,김수현,1,0.0064,0.009328,"[드론 환경에서 안전한 통신을 위한 KP-ABE 기반의 데이터 접근 제어 기법]
   └ 학회: 한국컴퓨터정보학회 (IF: 0.69)"
757,2022,컴퓨터학,177546762,이임영,1,0.0064,0.009328,"[드론 환경에서 안전한 통신을 위한 KP-ABE 기반의 데이터 접근 제어 기법]
   └ 학회: 한국컴퓨터정보학회 (IF: 0.69)"
758,2022,컴퓨터학,776569624,이동진,1,0.0063,0.004664,"[작업물 분할이 가능한 작업물 전용 이종병렬설비에서 셋업 횟수와 납기지연시간을 최소화하기 위한 DNN 기반의 일정계획 수립 모델]
   └ 학회: 한국전자거래학회 (IF: 1.36)"
759,2022,컴퓨터학,897633605,이동훈,1,0.0063,0.004664,"[작업물 분할이 가능한 작업물 전용 이종병렬설비에서 셋업 횟수와 납기지연시간을 최소화하기 위한 DNN 기반의 일정계획 수립 모델]
   └ 학회: 한국전자거래학회 (IF: 1.36)"
760,2022,컴퓨터학,943490559,김관호,1,0.0063,0.004664,"[작업물 분할이 가능한 작업물 전용 이종병렬설비에서 셋업 횟수와 납기지연시간을 최소화하기 위한 DNN 기반의 일정계획 수립 모델]
   └ 학회: 한국전자거래학회 (IF: 1.36)"
761,2022,컴퓨터학,630516473,장유진,1,0.0056,0.005597,"[GAN 기반 의료영상 생성 모델에 대한 품질 및 다양성 평가 및 분석]
   └ 학회: 한국컴퓨터그래픽스학회 (IF: 1.0)"
762,2022,컴퓨터학,979872551,유재준,1,0.0056,0.005597,"[GAN 기반 의료영상 생성 모델에 대한 품질 및 다양성 평가 및 분석]
   └ 학회: 한국컴퓨터그래픽스학회 (IF: 1.0)"
763,2022,컴퓨터학,908652646,권헌영,2,0.0049,0.009328,"[디지털증거 압수ㆍ수색에서 참여권 보장을 통한 개인정보통제권 구현 방안]
   └ 학회: 한국디지털포렌식학회 (IF: 0.65)
--------------------------------
[금융데이터거래 정보보호 강화방안: 데이터브로커 보안이슈를 중심으로]
   └ 학회: 한국정보보호학회 (IF: 0.39)"
764,2022,컴퓨터학,465014521,윤주범,3,0.0047,0.012127,"[비행 로그 복호화 방식에 따른 DJI 드론 분류]
   └ 학회: 한국정보보호학회 (IF: 0.39)
--------------------------------
[질의 효율적인 의사 결정 공격을 통한 오디오 적대적 예제 생성 연구]
   └ 학회: 한국정보보호학회 (IF: 0.39)
--------------------------------
[얼굴 인식 모델에 대한 질의 효율적인 블랙박스 적대적 공격 방법]
   └ 학회: 한국정보보호학회 (IF: 0.39)"
765,2022,컴퓨터학,996123147,이영우,1,0.0047,0.012127,"[비행 로그 복호화 방식에 따른 DJI 드론 분류]
   └ 학회: 한국정보보호학회 (IF: 0.39)"
766,2022,컴퓨터학,918675985,김주환,1,0.0047,0.012127,"[비행 로그 복호화 방식에 따른 DJI 드론 분류]
   └ 학회: 한국정보보호학회 (IF: 0.39)"
767,2022,컴퓨터학,689034296,유지현,1,0.0047,0.012127,"[비행 로그 복호화 방식에 따른 DJI 드론 분류]
   └ 학회: 한국정보보호학회 (IF: 0.39)"
768,2022,컴퓨터학,276592462,유승태,1,0.0047,0.012127,"[다양한 데이터 전처리 기법과 데이터 오버샘플링을 적용한 GRU 모델 기반 이상 탐지 성능 비교]
   └ 학회: 한국정보보호학회 (IF: 0.39)"
769,2022,컴퓨터학,884507287,김강석,1,0.0047,0.012127,"[다양한 데이터 전처리 기법과 데이터 오버샘플링을 적용한 GRU 모델 기반 이상 탐지 성능 비교]
   └ 학회: 한국정보보호학회 (IF: 0.39)"
770,2022,컴퓨터학,723374862,박명서,1,0.0047,0.012127,"[랜섬웨어의 파일 암호화 키 관리 방법 분류와 그에 따른 분석 대상 식별]
   └ 학회: 한국정보보호학회 (IF: 0.39)"
771,2022,컴퓨터학,586751698,전상수,1,0.0047,0.012127,"[산업제어시스템의 이상 탐지 성능 개선을 위한 데이터 보정 방안 연구]
   └ 학회: 한국정보보호학회 (IF: 0.39)"
772,2022,컴퓨터학,488345876,송다혜,1,0.0045,0.00653,"[미디어와 소비자간 새로운 플랫폼으로서의 유튜브의 역할]
   └ 학회: 한국컴퓨터정보학회 (IF: 0.69)"
773,2022,컴퓨터학,578522358,신경아,1,0.004,0.010261,"[악성코드 대응을 위한 신뢰할 수 있는 AI 프레임워크]
   └ 학회: 한국정보보호학회 (IF: 0.39)"
774,2022,컴퓨터학,163176827,이윤호,1,0.004,0.010261,"[악성코드 대응을 위한 신뢰할 수 있는 AI 프레임워크]
   └ 학회: 한국정보보호학회 (IF: 0.39)"
775,2022,컴퓨터학,412867601,배병주,1,0.004,0.010261,"[악성코드 대응을 위한 신뢰할 수 있는 AI 프레임워크]
   └ 학회: 한국정보보호학회 (IF: 0.39)"
776,2022,컴퓨터학,379590539,이수항,1,0.004,0.010261,"[악성코드 대응을 위한 신뢰할 수 있는 AI 프레임워크]
   └ 학회: 한국정보보호학회 (IF: 0.39)"
777,2022,컴퓨터학,147769540,홍희주,1,0.004,0.010261,"[악성코드 대응을 위한 신뢰할 수 있는 AI 프레임워크]
   └ 학회: 한국정보보호학회 (IF: 0.39)"
778,2022,컴퓨터학,578335696,최영진,1,0.004,0.010261,"[악성코드 대응을 위한 신뢰할 수 있는 AI 프레임워크]
   └ 학회: 한국정보보호학회 (IF: 0.39)"
779,2022,컴퓨터학,869357435,최형규,1,0.0039,0.005597,"[OLE 파일 분석과 머신러닝을 활용한 악성코드 탐지]
   └ 학회: 한국컴퓨터정보학회 (IF: 0.69)"
780,2022,컴퓨터학,365289088,안윤수,2,0.0036,0.009328,"[금융데이터의 성능 비교를 통한 연합학습 기법의 효용성 분석]
   └ 학회: 한국정보보호학회 (IF: 0.39)
--------------------------------
[블랙 박스 모델의 출력값을 이용한 AI 모델 종류 추론 공격]
   └ 학회: 한국정보보호학회 (IF: 0.39)"
781,2022,컴퓨터학,1823710,박명철,3,0.0032,0.004664,"[자동항법 비행이 가능한 무인기를 이용한 대기 오염물질 모니터링 시스템 구현]
   └ 학회: 한국컴퓨터정보학회 (IF: 0.69)
--------------------------------
[자율주행 학습을 위한 교육용 배송 로봇의 설계 및 구현]
   └ 학회: 한국컴퓨터정보학회 (IF: 0.69)
--------------------------------
[엣지 컴퓨팅 기반의 개인 맞춤형 재활 운동 모바일 앱의 구현]
   └ 학회: 한국컴퓨터정보학회 (IF: 0.69)"
782,2022,컴퓨터학,477953751,이형하,2,0.0032,0.004664,"[치매 및 경도인지장애 노인의 IADL이 삶의 만족에 미치는 영향: 주관적 기대감과 우울의 다중매개효과]
   └ 학회: 한국컴퓨터정보학회 (IF: 0.69)
--------------------------------
[임금 근로장애인의 장애수용과 직무만족도의 종단적 상호인관계 - 자기회귀교차지연 모형 검증과 다집단분석]
   └ 학회: 한국컴퓨터정보학회 (IF: 0.69)"
783,2022,컴퓨터학,541103684,이현조,1,0.0032,0.004664,"[디지털 농업을 위한 디지털 농업 데이터 큐레이션 서비스 방안 연구]
   └ 학회: 한국컴퓨터정보학회 (IF: 0.69)"
784,2022,컴퓨터학,102914338,조한진,1,0.0032,0.004664,"[디지털 농업을 위한 디지털 농업 데이터 큐레이션 서비스 방안 연구]
   └ 학회: 한국컴퓨터정보학회 (IF: 0.69)"
785,2022,컴퓨터학,537958338,채철주,1,0.0032,0.004664,"[디지털 농업을 위한 디지털 농업 데이터 큐레이션 서비스 방안 연구]
   └ 학회: 한국컴퓨터정보학회 (IF: 0.69)"
786,2022,컴퓨터학,340835942,조중연,1,0.0032,0.004664,"[연령대별 스트레스 대처방법에 따른 우울 및 불안에 대한 기초 연구]
   └ 학회: 한국컴퓨터정보학회 (IF: 0.69)"
787,2022,컴퓨터학,119954302,김기환,1,0.0032,0.004664,"[디지털헬스케어 차세대 정보보호체계수립방안에 대한 연구]
   └ 학회: 한국컴퓨터정보학회 (IF: 0.69)"
788,2022,컴퓨터학,564074217,최성수,1,0.0032,0.004664,"[디지털헬스케어 차세대 정보보호체계수립방안에 대한 연구]
   └ 학회: 한국컴퓨터정보학회 (IF: 0.69)"
789,2022,컴퓨터학,304189900,김일환,1,0.0032,0.004664,"[디지털헬스케어 차세대 정보보호체계수립방안에 대한 연구]
   └ 학회: 한국컴퓨터정보학회 (IF: 0.69)"
790,2022,컴퓨터학,114242229,신용태,1,0.0032,0.004664,"[디지털헬스케어 차세대 정보보호체계수립방안에 대한 연구]
   └ 학회: 한국컴퓨터정보학회 (IF: 0.69)"
791,2022,컴퓨터학,999235305,김기문,1,0.0032,0.004664,"[자기노출 의사결정에 대한 정서적 요인들의 영향]
   └ 학회: 한국컴퓨터정보학회 (IF: 0.69)"
792,2022,컴퓨터학,800121178,정성배,1,0.0032,0.004664,"[근로능력이 우울에 미치는 영향 분석: 도시노인과 농촌노인을 중심으로]
   └ 학회: 한국컴퓨터정보학회 (IF: 0.69)"
793,2022,컴퓨터학,668546417,고한나,1,0.0032,0.004664,"[근로능력이 우울에 미치는 영향 분석: 도시노인과 농촌노인을 중심으로]
   └ 학회: 한국컴퓨터정보학회 (IF: 0.69)"
794,2022,컴퓨터학,632627670,Jisu Lee,1,0.0032,0.004664,"[Air Pollution Risk Prediction System Utilizing Deep Learning Focused on Cardiovascular Disease]
   └ 학회: 한국컴퓨터정보학회 (IF: 0.69)"
795,2022,컴퓨터학,846971750,Yoo-Jin Moon,1,0.0032,0.004664,"[Air Pollution Risk Prediction System Utilizing Deep Learning Focused on Cardiovascular Disease]
   └ 학회: 한국컴퓨터정보학회 (IF: 0.69)"
796,2022,컴퓨터학,864809728,안민탁,1,0.003,0.004664,"[디지털증거 압수ㆍ수색에서 참여권 보장을 통한 개인정보통제권 구현 방안]
   └ 학회: 한국디지털포렌식학회 (IF: 0.65)"
797,2022,컴퓨터학,709105449,김정훈,1,0.0022,0.005597,"[Deflate 압축 알고리즘에서 악성코드 주입 취약점 분석]
   └ 학회: 한국정보보호학회 (IF: 0.39)"
798,2022,컴퓨터학,681010858,김휘강,3,0.0018,0.004664,"[X-FDS : 게임 결제 로그 기반 XAI적용 이상 거래탐지 모델 연구]
   └ 학회: 한국정보보호학회 (IF: 0.39)
--------------------------------
[시퀀스 유사도 기반 무인 비행체 이상 탐지 시스템]
   └ 학회: 한국정보보호학회 (IF: 0.39)
--------------------------------
[자연어 처리 모델을 활용한 퍼징 시드 생성 기법]
   └ 학회: 한국정보보호학회 (IF: 0.39)"
799,2022,컴퓨터학,127439774,김승주,2,0.0018,0.004664,"[정찰 드론 보안성 평가 기준에 대한 연구]
   └ 학회: 한국정보보호학회 (IF: 0.39)
--------------------------------
[안전한 자동차용 SUMS 구축을 위한 보안성 평가기준 도출]
   └ 학회: 한국정보보호학회 (IF: 0.39)"
800,2022,컴퓨터학,328709601,이영헌,1,0.0018,0.004664,"[X-FDS : 게임 결제 로그 기반 XAI적용 이상 거래탐지 모델 연구]
   └ 학회: 한국정보보호학회 (IF: 0.39)"
801,2022,컴퓨터학,402743176,김수봉,1,0.0018,0.004664,"[금융데이터거래 정보보호 강화방안: 데이터브로커 보안이슈를 중심으로]
   └ 학회: 한국정보보호학회 (IF: 0.39)"
802,2022,컴퓨터학,270313296,장진혁,1,0.0018,0.004664,"[금융데이터의 성능 비교를 통한 연합학습 기법의 효용성 분석]
   └ 학회: 한국정보보호학회 (IF: 0.39)"
803,2022,컴퓨터학,760970240,구도형,1,0.0018,0.004664,"[정찰 드론 보안성 평가 기준에 대한 연구]
   └ 학회: 한국정보보호학회 (IF: 0.39)"
804,2022,컴퓨터학,178456846,김용대,1,0.0018,0.004664,"[보안 UAV를 위한 암호모듈의 성능평가와 보안성 평가 방법에 대한 연구]
   └ 학회: 한국정보보호학회 (IF: 0.39)"
805,2022,컴퓨터학,975507506,김덕진,1,0.0018,0.004664,"[보안 UAV를 위한 암호모듈의 성능평가와 보안성 평가 방법에 대한 연구]
   └ 학회: 한국정보보호학회 (IF: 0.39)"
806,2022,컴퓨터학,609731385,이은경,1,0.0018,0.004664,"[보안 UAV를 위한 암호모듈의 성능평가와 보안성 평가 방법에 대한 연구]
   └ 학회: 한국정보보호학회 (IF: 0.39)"
807,2022,컴퓨터학,963119117,이상욱,1,0.0018,0.004664,"[보안 UAV를 위한 암호모듈의 성능평가와 보안성 평가 방법에 대한 연구]
   └ 학회: 한국정보보호학회 (IF: 0.39)"
808,2022,컴퓨터학,856541679,정서우,1,0.0018,0.004664,"[무선랜 환경에서 양자 엔트로피 칩 기반 암호모듈을 적용한 드론 피아식별과 안전한 정보 제공 기술 제안]
   └ 학회: 한국정보보호학회 (IF: 0.39)"
809,2022,컴퓨터학,5098607,윤승환,1,0.0018,0.004664,"[무선랜 환경에서 양자 엔트로피 칩 기반 암호모듈을 적용한 드론 피아식별과 안전한 정보 제공 기술 제안]
   └ 학회: 한국정보보호학회 (IF: 0.39)"
810,2022,컴퓨터학,114934299,이옥연,1,0.0018,0.004664,"[무선랜 환경에서 양자 엔트로피 칩 기반 암호모듈을 적용한 드론 피아식별과 안전한 정보 제공 기술 제안]
   └ 학회: 한국정보보호학회 (IF: 0.39)"
811,2022,컴퓨터학,460034202,이진욱,7,0.0,0.0,"[Effects of Flossing Band Exercise on Range of Motion, Vertical Jump in Taekwondo Demonstration Athletes with Functional Ankle Instability]
   └ 학회: 한국컴퓨터정보학회 (IF: 0.69)
--------------------------------
[대학운동선수들의 감성지능이 회복탄력성과 탈진에 미치는 영향]
   └ 학회: 한국컴퓨터정보학회 (IF: 0.69)
--------------------------------
[앱을 이용한 홈트레이닝이 비만중년여성의 대사증후군 위험인자 및 동맥경화지수에 미치는 영향]
   └ 학회: 한국컴퓨터정보학회 (IF: 0.69)
--------------------------------
[체코 겟 업 운동이 사무직 여성의 기능적 움직임 및 동적 균형 능력에 미치는 영향]
   └ 학회: 한국컴퓨터정보학회 (IF: 0.69)
--------------------------------
[불안정 지지면 코어운동이 좌업근로 요통여성의 기능적 움직임, 균형력 및 통증에 미치는 영향]
   └ 학회: 한국컴퓨터정보학회 (IF: 0.69)
--------------------------------
[장거리승마운동이 비만중년여성의 혈중지질, 아디포칸인, 염증지표에 미치는 영향]
   └ 학회: 한국컴퓨터정보학회 (IF: 0.69)
--------------------------------
[수중과 지상에서의 댄스운동이 골감소증 노인여성의 골대사 지표 및 골밀도에 미치는 영향]
   └ 학회: 한국컴퓨터정보학회 (IF: 0.69)"
812,2022,컴퓨터학,928502303,박성현,4,0.0,0.0,"[Mobile-based Educational PLC Environment Construction Model]
   └ 학회: 한국컴퓨터정보학회 (IF: 0.69)
--------------------------------
[A Study on the Implementation of Issue Tracking System Based on DevOps]
   └ 학회: 한국컴퓨터정보학회 (IF: 0.69)
--------------------------------
[소프트웨어 유지 관리를 위한 Git 커밋 메시지 복합 분류 모델 구현]
   └ 학회: 한국컴퓨터정보학회 (IF: 0.69)
--------------------------------
[QR코드를 이용한 모바일 HMI 통신 설정 환경 구현]
   └ 학회: 한국컴퓨터정보학회 (IF: 0.69)"
813,2022,컴퓨터학,516538667,Jong-Ryeol Park,4,0.0,0.0,"[A Study on the System of Private Investigation]
   └ 학회: 한국컴퓨터정보학회 (IF: 0.69)
--------------------------------
[Past records for the application of arbitrary accomplice regulations to Accomplice-essential crimes]
   └ 학회: 한국컴퓨터정보학회 (IF: 0.69)
--------------------------------
[Legal review of public officials’ leave of absence for law school enrollment training]
   └ 학회: 한국컴퓨터정보학회 (IF: 0.69)
--------------------------------
[A Study on the Labor Director System of Public Institutions in the Degital Age]
   └ 학회: 한국컴퓨터정보학회 (IF: 0.69)"
814,2022,컴퓨터학,776506194,Sang-Ouk Noe,4,0.0,0.0,"[A Study on the System of Private Investigation]
   └ 학회: 한국컴퓨터정보학회 (IF: 0.69)
--------------------------------
[Past records for the application of arbitrary accomplice regulations to Accomplice-essential crimes]
   └ 학회: 한국컴퓨터정보학회 (IF: 0.69)
--------------------------------
[Legal review of public officials’ leave of absence for law school enrollment training]
   └ 학회: 한국컴퓨터정보학회 (IF: 0.69)
--------------------------------
[A Study on the Labor Director System of Public Institutions in the Degital Age]
   └ 학회: 한국컴퓨터정보학회 (IF: 0.69)"
815,2022,컴퓨터학,645761159,이형석,4,0.0,0.0,"[A Study on the Information Privacy Concerns in Social Log-in Service]
   └ 학회: 한국컴퓨터정보학회 (IF: 0.69)
--------------------------------
[모바일 패션 쇼핑앱에 대한 선택요인에 관한 연구]
   └ 학회: 한국컴퓨터정보학회 (IF: 0.69)
--------------------------------
[SNS에서의 정보 프라이버시 염려와 신뢰에 관한 연구]
   └ 학회: 한국컴퓨터정보학회 (IF: 0.69)
--------------------------------
[OTT 서비스 선택요인에 대한 계층분석과정의 적용]
   └ 학회: 한국컴퓨터정보학회 (IF: 0.69)"
816,2022,컴퓨터학,984565396,홍석희,4,0.0,0.0,"[NIST 경량암호 공모 최종 후보 10종에 대한 경량 AEAD 최신 동향]
   └ 학회: 한국정보보호학회 (IF: 0.39)
--------------------------------
[Meta-PKE 구조에 의한 SABER 알고리즘의 임시 키 재사용 공격]
   └ 학회: 한국정보보호학회 (IF: 0.39)
--------------------------------
[레이저 오류 주입 공격 성공률 향상을 위한 전자파 및 열 정보 활용 시스템]
   └ 학회: 한국정보보호학회 (IF: 0.39)
--------------------------------
[이종 디바이스 환경에 효과적인 신규 딥러닝 기반 프로파일링 부채널 분석]
   └ 학회: 한국정보보호학회 (IF: 0.39)"
817,2022,컴퓨터학,615875512,엄시우,4,0.0,0.0,"[32-bit RISC-V 상에서의 사전 연산을 활용한 Fixslicing AES-CTR 속도 최적화 구현]
   └ 학회: 한국정보보호학회 (IF: 0.39)
--------------------------------
[32-Bit RISC-V상에서의 LEA 경량 블록 암호 GCM 운용 모드 구현]
   └ 학회: 한국정보보호학회 (IF: 0.39)
--------------------------------
[사물인터넷 장비 상에서의 양자내성암호 구현 동향]
   └ 학회: 한국정보보호학회 (IF: 0.39)
--------------------------------
[CUDA GPGPU 상에서 경량 블록 암호 PIPO의 최적 구현]
   └ 학회: 한국정보보호학회 (IF: 0.39)"
818,2022,컴퓨터학,5173806,지용구,3,0.0,0.0,"[영상 콘텐츠의 언어적 정보 이해에 미치는 자막의 시각 우세성 효과]
   └ 학회: 한국디지털콘텐츠학회 (IF: 1.48)
--------------------------------
[독립 SW기업의 플랫폼 생태계 참여 결정 요인 연구]
   └ 학회: 한국전자거래학회 (IF: 1.36)
--------------------------------
[국내 중소제조기업의 디지털 전환 추진 현황: 이상과 현실]
   └ 학회: 한국전자거래학회 (IF: 1.36)"
819,2022,컴퓨터학,322733308,김학래,3,0.0,0.0,"[행정표준코드의 기관코드를 활용한 공공데이터의 품질 개선 방법 제안]
   └ 학회: 한국디지털콘텐츠학회 (IF: 1.48)
--------------------------------
[지방자치단체의 공공데이터 개방 현황 분석과 개선방안]
   └ 학회: 한국디지털콘텐츠학회 (IF: 1.48)
--------------------------------
[DCAT-AP-KR: 국내 데이터 포털의 상호운용을 위한 애플리케이션 프로파일]
   └ 학회: 한국디지털콘텐츠학회 (IF: 1.48)"
820,2022,컴퓨터학,1953285,지장현,3,0.0,0.0,"[RISC-V 더미 명령어 삽입 기반 ARIA에 대한 부채널 분석]
   └ 학회: 한국디지털콘텐츠학회 (IF: 1.48)
--------------------------------
[하드웨어 기반 암호화와 메모리 격리를 통한 경량 RISC-V 신뢰 실행 환경]
   └ 학회: 한국디지털콘텐츠학회 (IF: 1.48)
--------------------------------
[사물인터넷 디바이스 하드웨어 보안]
   └ 학회: 한국정보보호학회 (IF: 0.39)"
821,2022,컴퓨터학,317089025,장진욱,3,0.0,0.0,"[A Method of Dog Recognition using Nose Print and Landmarks]
   └ 학회: 한국컴퓨터정보학회 (IF: 0.69)
--------------------------------
[반려동물용 BCG 센싱 데이터에서 호흡 및 맥박 신호를 분리하는 방법]
   └ 학회: 한국컴퓨터정보학회 (IF: 0.69)
--------------------------------
[PPG 센서를 이용한 반려동물용 SPO₂ 웨어러블 장치의 설계 및 구현]
   └ 학회: 한국컴퓨터정보학회 (IF: 0.69)"
822,2022,컴퓨터학,928730285,이명준,3,0.0,0.0,"[DID 기반의 견고한 콘텐츠 경매서비스]
   └ 학회: 한국컴퓨터정보학회 (IF: 0.69)
--------------------------------
[블록체인 응용 서비스의 견고성을 제고하기 위한 확장된 BR2K 기법]
   └ 학회: 한국컴퓨터정보학회 (IF: 0.69)
--------------------------------
[FinDID : 금융 분산ID 표준을 지원하는 DID 서비스]
   └ 학회: 한국컴퓨터정보학회 (IF: 0.69)"
823,2022,컴퓨터학,722783741,정경이,3,0.0,0.0,"[마스크의 선택 및 착용시간이 구강건조 및 구취와의 연관성]
   └ 학회: 한국컴퓨터정보학회 (IF: 0.69)
--------------------------------
[암 환자의 구강검진 미수검에 영향을 미치는 요인]
   └ 학회: 한국컴퓨터정보학회 (IF: 0.69)
--------------------------------
[중국인 국내 유학생의 구강보건지식 및 구강보건행태에 대한 융합연구]
   └ 학회: 한국컴퓨터정보학회 (IF: 0.69)"
824,2022,컴퓨터학,602006951,정유연,3,0.0,0.0,"[마스크의 선택 및 착용시간이 구강건조 및 구취와의 연관성]
   └ 학회: 한국컴퓨터정보학회 (IF: 0.69)
--------------------------------
[암 환자의 구강검진 미수검에 영향을 미치는 요인]
   └ 학회: 한국컴퓨터정보학회 (IF: 0.69)
--------------------------------
[생활습관이 구강건조와 안구건조에 미치는 영향]
   └ 학회: 한국컴퓨터정보학회 (IF: 0.69)"
825,2022,컴퓨터학,787274471,허화라,3,0.0,0.0,"[대학신입생의 대학 및 학과선택 요인과 만족도]
   └ 학회: 한국컴퓨터정보학회 (IF: 0.69)
--------------------------------
[자율주행 학습을 위한 교육용 배송 로봇의 설계 및 구현]
   └ 학회: 한국컴퓨터정보학회 (IF: 0.69)
--------------------------------
[엣지 컴퓨팅 기반의 개인 맞춤형 재활 운동 모바일 앱의 구현]
   └ 학회: 한국컴퓨터정보학회 (IF: 0.69)"
826,2022,컴퓨터학,768004350,윤성준,3,0.0,0.0,"[The Impact of Social Network characteristics on the intention to reuse SNS: With a focus on mediating effects of TikTok users’ participation and attachment]
   └ 학회: 한국컴퓨터정보학회 (IF: 0.69)
--------------------------------
[대만 인플루언서 라이브방송에서 서비스품질 요인과 제품특성이 신규 브랜드 수용의도에 미치는 영향에 관한 연구]
   └ 학회: 한국컴퓨터정보학회 (IF: 0.69)
--------------------------------
[The effect of consumers’ awareness of e-commerce firms’ Corporate Social Responsibilities(CSR) activities on consumers’ purchase intentions]
   └ 학회: 한국컴퓨터정보학회 (IF: 0.69)"
827,2022,컴퓨터학,696362850,박성수,3,0.0,0.0,"[A comparative study on the Activating Factors of domestic and overseas scuba diving resorts using delphi method]
   └ 학회: 한국컴퓨터정보학회 (IF: 0.69)
--------------------------------
[앱을 이용한 홈트레이닝이 비만중년여성의 대사증후군 위험인자 및 동맥경화지수에 미치는 영향]
   └ 학회: 한국컴퓨터정보학회 (IF: 0.69)
--------------------------------
[소셜 미디어 스포츠광고의 인게이지먼트가 제품 신뢰 및 구매 의도에 미치는 영향]
   └ 학회: 한국컴퓨터정보학회 (IF: 0.69)"
828,2022,컴퓨터학,783454185,박종화,3,0.0,0.0,"[대학운동선수들의 감성지능이 회복탄력성과 탈진에 미치는 영향]
   └ 학회: 한국컴퓨터정보학회 (IF: 0.69)
--------------------------------
[국가대표 태권도 시범단원이 지각하는 심리적계약과 직무만족, 조직신뢰 및 이직의도의 관계]
   └ 학회: 한국컴퓨터정보학회 (IF: 0.69)
--------------------------------
[장거리승마운동이 비만중년여성의 혈중지질, 아디포칸인, 염증지표에 미치는 영향]
   └ 학회: 한국컴퓨터정보학회 (IF: 0.69)"
829,2022,컴퓨터학,431998569,김형희,3,0.0,0.0,"[다문화청소년의 문화적응스트레스와 삶의 만족도 간의 관계]
   └ 학회: 한국컴퓨터정보학회 (IF: 0.69)
--------------------------------
[다문화청소년의 집단괴롭힘과 삶의 만족도 간의 관계: 자아존중감과 사회적위축의 매개효과를 중심으로]
   └ 학회: 한국컴퓨터정보학회 (IF: 0.69)
--------------------------------
[청소년의 학대경험이 학교폭력가해경험에 미치는 영향에 대한 종단연구: 학교폭력피해경험과 공격성의 매개효과를 중심으로]
   └ 학회: 한국컴퓨터정보학회 (IF: 0.69)"
830,2022,컴퓨터학,576798189,윤상길,3,0.0,0.0,"[한국 방송의 기원들에 대한 미디어고고학적 분석]
   └ 학회: 한국컴퓨터정보학회 (IF: 0.69)
--------------------------------
[1977년 AFKN-TV의 컬러방송 실시를 둘러싼 한미 교섭과정에 대한 연구]
   └ 학회: 한국컴퓨터정보학회 (IF: 0.69)
--------------------------------
[포스트식민주의적 해적연구와 글로벌통제시스템으로서의 지식재산권 체제]
   └ 학회: 한국컴퓨터정보학회 (IF: 0.69)"
831,2022,컴퓨터학,675175309,김재남,3,0.0,0.0,"[다문화 청소년의 문화 적응 스트레스와 국가정체성이 이중문화 수용 태도에 미치는 영향]
   └ 학회: 한국컴퓨터정보학회 (IF: 0.69)
--------------------------------
[다문화 아동 한국어능력의 개인과 환경 요인에 대한 구조모형분석]
   └ 학회: 한국컴퓨터정보학회 (IF: 0.69)
--------------------------------
[다문화 청소년 부모의 지지와 양육태도가 학교생활과 사회적 역량에 미치는 영향]
   └ 학회: 한국컴퓨터정보학회 (IF: 0.69)"
832,2022,컴퓨터학,4619014,박종현,3,0.0,0.0,"[블록암호 PRESENT에 대한 향상된 SITM 공격]
   └ 학회: 한국정보보호학회 (IF: 0.39)
--------------------------------
[GIFT-128에 대한 SITM 공격: NIST 경량암호 최종 후보 GIFT-COFB 적용 방안 연구]
   └ 학회: 한국정보보호학회 (IF: 0.39)
--------------------------------
[Skinny-128-384와 Romulus-N의 SITM 공격]
   └ 학회: 한국정보보호학회 (IF: 0.39)"
833,2022,컴퓨터학,950004812,이형봉,2,0.0,0.0,"[WSN 기반 야생 동물 침입 탐지 시스템 구현]
   └ 학회: 한국디지털콘텐츠학회 (IF: 1.48)
--------------------------------
[벡터자기회귀(VAR)을 이용한 감마선량 이상상황 예측]
   └ 학회: 한국디지털콘텐츠학회 (IF: 1.48)"
834,2022,컴퓨터학,599964129,권기현,2,0.0,0.0,"[WSN 기반 야생 동물 침입 탐지 시스템 구현]
   └ 학회: 한국디지털콘텐츠학회 (IF: 1.48)
--------------------------------
[벡터자기회귀(VAR)을 이용한 감마선량 이상상황 예측]
   └ 학회: 한국디지털콘텐츠학회 (IF: 1.48)"
835,2022,컴퓨터학,920748693,김태연,2,0.0,0.0,"[A Study on Stream Data Processing for Sensor Network of Smart Healthcare System]
   └ 학회: 한국디지털콘텐츠학회 (IF: 1.48)
--------------------------------
[Design of User Emotion-based Recommendation System]
   └ 학회: 한국디지털콘텐츠학회 (IF: 1.48)"
836,2022,컴퓨터학,195265849,김동식,2,0.0,0.0,"[교육 분야의 EEG 활용에 대한 체계적 문헌 고찰]
   └ 학회: 한국디지털콘텐츠학회 (IF: 1.48)
--------------------------------
[인터랙티브 3D 학습자료의 상호작용 정도와 시각단서 제공유형이 인지부하에 미치는 영향]
   └ 학회: 한국디지털콘텐츠학회 (IF: 1.48)"
837,2022,컴퓨터학,134844609,임화경,2,0.0,0.0,"[초등학교의 소프트웨어 교육에서 학습자의 절차적 사고를 신장시키기 위해 과정 중심 평가를 기반으로 한 수업설계 및 적용]
   └ 학회: 한국디지털콘텐츠학회 (IF: 1.48)
--------------------------------
[초등학교의 소프트웨어 교육에서 학습자의 절차적 사고를 신장시키기 위해 과정 중심 평가를 기반으로 한 수업설계 및 적용]
   └ 학회: 한국디지털콘텐츠학회 (IF: 1.48)"
838,2022,컴퓨터학,136656229,우남,2,0.0,0.0,"[유아용 학습 애플리케이션의 GUI 디자인 연구]
   └ 학회: 한국디지털콘텐츠학회 (IF: 1.48)
--------------------------------
[유아용 2D 애니메이션의 캐릭터 동작에 관한 연구]
   └ 학회: 한국디지털콘텐츠학회 (IF: 1.48)"
839,2022,컴퓨터학,4587976,최유미,2,0.0,0.0,"[유아용 학습 애플리케이션의 GUI 디자인 연구]
   └ 학회: 한국디지털콘텐츠학회 (IF: 1.48)
--------------------------------
[유아용 2D 애니메이션의 캐릭터 동작에 관한 연구]
   └ 학회: 한국디지털콘텐츠학회 (IF: 1.48)"
840,2022,컴퓨터학,3727946,김광영,2,0.0,0.0,"[지반 데이터를 활용한 건물 변위 분석 시스템 - 부산광역시 사례 중심으로 -]
   └ 학회: 한국디지털콘텐츠학회 (IF: 1.48)
--------------------------------
[UDS(urban disaster solution)솔루션 UI/UX 구현 –부산광역시 데이터를 중심으로-]
   └ 학회: 한국디지털콘텐츠학회 (IF: 1.48)"
841,2022,컴퓨터학,549173051,이영준,2,0.0,0.0,"[머신러닝 교육 플랫폼 활용 융합 교육이 예비교사의 인공지능 교수효능감에 미치는 영향]
   └ 학회: 한국디지털콘텐츠학회 (IF: 1.48)
--------------------------------
[The Artificial Intelligence Literacy Scale for Middle School Students]
   └ 학회: 한국컴퓨터정보학회 (IF: 0.69)"
842,2022,컴퓨터학,413804082,오제호,2,0.0,0.0,"[인터랙티브 예술 작품에서 관객의 참여로 발생하는 시적 메타포와 에피파니 사례 연구]
   └ 학회: 한국디지털콘텐츠학회 (IF: 1.48)
--------------------------------
[액티비즘을 바탕으로 한 인터랙티브 예술 작품 제작 연구 - 〈디볼루션: 더 헤리티지〉를 중심으로]
   └ 학회: 한국디지털콘텐츠학회 (IF: 1.48)"
843,2022,컴퓨터학,335100184,최승호,2,0.0,0.0,"[발레 자세 교정을 위한 발레 동작 코칭 시스템]
   └ 학회: 한국디지털콘텐츠학회 (IF: 1.48)
--------------------------------
[객체 검출을 활용한 교육적 목적의 웹 기반 브레드보드 전기회로 분석]
   └ 학회: 한국디지털콘텐츠학회 (IF: 1.48)"
844,2022,컴퓨터학,1424893,서영건,2,0.0,0.0,"[ARP 공격 시그니처 정보에 기반한 스푸핑 공격 탐지 및 차단 모델]
   └ 학회: 한국디지털콘텐츠학회 (IF: 1.48)
--------------------------------
[A Study on Software Education Using Physical Computing to Increase Computational Thinking in Elementary School Students]
   └ 학회: 한국디지털콘텐츠학회 (IF: 1.48)"
845,2022,컴퓨터학,261587616,문재근,2,0.0,0.0,"[RISC-V 더미 명령어 삽입 기반 ARIA에 대한 부채널 분석]
   └ 학회: 한국디지털콘텐츠학회 (IF: 1.48)
--------------------------------
[하드웨어 기반 암호화와 메모리 격리를 통한 경량 RISC-V 신뢰 실행 환경]
   └ 학회: 한국디지털콘텐츠학회 (IF: 1.48)"
846,2022,컴퓨터학,919621751,박우정,2,0.0,0.0,"[RISC-V 더미 명령어 삽입 기반 ARIA에 대한 부채널 분석]
   └ 학회: 한국디지털콘텐츠학회 (IF: 1.48)
--------------------------------
[하드웨어 기반 암호화와 메모리 격리를 통한 경량 RISC-V 신뢰 실행 환경]
   └ 학회: 한국디지털콘텐츠학회 (IF: 1.48)"
847,2022,컴퓨터학,528494715,김해용,2,0.0,0.0,"[RISC-V 더미 명령어 삽입 기반 ARIA에 대한 부채널 분석]
   └ 학회: 한국디지털콘텐츠학회 (IF: 1.48)
--------------------------------
[하드웨어 기반 암호화와 메모리 격리를 통한 경량 RISC-V 신뢰 실행 환경]
   └ 학회: 한국디지털콘텐츠학회 (IF: 1.48)"
848,2022,컴퓨터학,567386245,김호원,2,0.0,0.0,"[RISC-V 더미 명령어 삽입 기반 ARIA에 대한 부채널 분석]
   └ 학회: 한국디지털콘텐츠학회 (IF: 1.48)
--------------------------------
[하드웨어 기반 암호화와 메모리 격리를 통한 경량 RISC-V 신뢰 실행 환경]
   └ 학회: 한국디지털콘텐츠학회 (IF: 1.48)"
849,2022,컴퓨터학,806318483,Nuhu Bello Kontagora,2,0.0,0.0,"[RF energy harvesting system for charging mobile phones]
   └ 학회: 한국디지털콘텐츠학회 (IF: 1.48)
--------------------------------
[Development of a Smart Wearable Anti-drowning System for Swimmers]
   └ 학회: 한국디지털콘텐츠학회 (IF: 1.48)"
850,2022,컴퓨터학,804788050,Idris Aji Dauda,2,0.0,0.0,"[RF energy harvesting system for charging mobile phones]
   └ 학회: 한국디지털콘텐츠학회 (IF: 1.48)
--------------------------------
[Development of Animal Health Monitoring System based on Wireless Sensor Network]
   └ 학회: 한국디지털콘텐츠학회 (IF: 1.48)"
851,2022,컴퓨터학,312885402,장태우,2,0.0,0.0,"[양방향 RNN과 학술용어사전을 이용한 영문학술문서 교정 방법론]
   └ 학회: 한국전자거래학회 (IF: 1.36)
--------------------------------
[디지털 산업혁신 성숙도 진단모델에 관한 연구]
   └ 학회: 한국전자거래학회 (IF: 1.36)"
852,2022,컴퓨터학,516485403,김선정,2,0.0,0.0,"[극 분해 이론을 활용한 MPM기반의 입자 회전 애니메이션]
   └ 학회: 한국컴퓨터그래픽스학회 (IF: 1.0)
--------------------------------
[화재 현장 영상에서 연기 영역을 제외한 이미지 기반 불의 영역 검출 기법]
   └ 학회: 한국컴퓨터그래픽스학회 (IF: 1.0)"
853,2022,컴퓨터학,975069074,김창헌,2,0.0,0.0,"[극 분해 이론을 활용한 MPM기반의 입자 회전 애니메이션]
   └ 학회: 한국컴퓨터그래픽스학회 (IF: 1.0)
--------------------------------
[화재 현장 영상에서 연기 영역을 제외한 이미지 기반 불의 영역 검출 기법]
   └ 학회: 한국컴퓨터그래픽스학회 (IF: 1.0)"
854,2022,컴퓨터학,372649585,최지훈,2,0.0,0.0,"[A Study on the Implementation of Issue Tracking System Based on DevOps]
   └ 학회: 한국컴퓨터정보학회 (IF: 0.69)
--------------------------------
[소프트웨어 유지 관리를 위한 Git 커밋 메시지 복합 분류 모델 구현]
   └ 학회: 한국컴퓨터정보학회 (IF: 0.69)"
855,2022,컴퓨터학,527750811,변용현,2,0.0,0.0,"[Effects of Flossing Band Exercise on Range of Motion, Vertical Jump in Taekwondo Demonstration Athletes with Functional Ankle Instability]
   └ 학회: 한국컴퓨터정보학회 (IF: 0.69)
--------------------------------
[불안정 지지면 코어운동이 좌업근로 요통여성의 기능적 움직임, 균형력 및 통증에 미치는 영향]
   └ 학회: 한국컴퓨터정보학회 (IF: 0.69)"
856,2022,컴퓨터학,889902820,김상화,2,0.0,0.0,"[Relationships with expectations, exercise immersion and exercise continuation intention of Home Training participants (Focused on Police Officers)]
   └ 학회: 한국컴퓨터정보학회 (IF: 0.69)
--------------------------------
[홈트레이닝(home training) 참여자들의 자기결정성이 운동만족과 재이용에 미치는 영향 (경찰관련학과 재학생 대상)]
   └ 학회: 한국컴퓨터정보학회 (IF: 0.69)"
857,2022,컴퓨터학,836881501,이효주,2,0.0,0.0,"[The Influence of Empathy Ability and Compassion Fatigue in 1-1-9 ambulance crews upon Quality of Life in the COVID-19 Situation]
   └ 학회: 한국컴퓨터정보학회 (IF: 0.69)
--------------------------------
[Borich 요구도와 LF 모델을 이용한 응급구조학과 학생들의 전공 교육과정 요구도 분석]
   └ 학회: 한국컴퓨터정보학회 (IF: 0.69)"
858,2022,컴퓨터학,576153363,홍선연,2,0.0,0.0,"[온라인 기초임상실습이 간호대학생의 비판적 사고성향, 자기결정성 동기 및 실습만족도에 미치는 영향]
   └ 학회: 한국컴퓨터정보학회 (IF: 0.69)
--------------------------------
[대학신입생의 대학 및 학과선택 요인과 만족도]
   └ 학회: 한국컴퓨터정보학회 (IF: 0.69)"
859,2022,컴퓨터학,456978568,윤영민,2,0.0,0.0,"[A Method of Dog Recognition using Nose Print and Landmarks]
   └ 학회: 한국컴퓨터정보학회 (IF: 0.69)
--------------------------------
[반려동물용 BCG 센싱 데이터에서 호흡 및 맥박 신호를 분리하는 방법]
   └ 학회: 한국컴퓨터정보학회 (IF: 0.69)"
860,2022,컴퓨터학,592877493,송우진,2,0.0,0.0,"[A Method of Dog Recognition using Nose Print and Landmarks]
   └ 학회: 한국컴퓨터정보학회 (IF: 0.69)
--------------------------------
[반려동물용 BCG 센싱 데이터에서 호흡 및 맥박 신호를 분리하는 방법]
   └ 학회: 한국컴퓨터정보학회 (IF: 0.69)"
861,2022,컴퓨터학,439161457,김시명,2,0.0,0.0,"[APDM : 속성을 추가한 권한위임 모델]
   └ 학회: 한국컴퓨터정보학회 (IF: 0.69)
--------------------------------
[유연한 속성 기반의 역할기반 접근제어 모델]
   └ 학회: 한국컴퓨터정보학회 (IF: 0.69)"
862,2022,컴퓨터학,124088562,한상훈,2,0.0,0.0,"[APDM : 속성을 추가한 권한위임 모델]
   └ 학회: 한국컴퓨터정보학회 (IF: 0.69)
--------------------------------
[유연한 속성 기반의 역할기반 접근제어 모델]
   └ 학회: 한국컴퓨터정보학회 (IF: 0.69)"
863,2022,컴퓨터학,932920943,이영은,2,0.0,0.0,"[DID 기반의 견고한 콘텐츠 경매서비스]
   └ 학회: 한국컴퓨터정보학회 (IF: 0.69)
--------------------------------
[FinDID : 금융 분산ID 표준을 지원하는 DID 서비스]
   └ 학회: 한국컴퓨터정보학회 (IF: 0.69)"
864,2022,컴퓨터학,377975410,김혜원,2,0.0,0.0,"[DID 기반의 견고한 콘텐츠 경매서비스]
   └ 학회: 한국컴퓨터정보학회 (IF: 0.69)
--------------------------------
[FinDID : 금융 분산ID 표준을 지원하는 DID 서비스]
   └ 학회: 한국컴퓨터정보학회 (IF: 0.69)"
865,2022,컴퓨터학,752416913,권오성,2,0.0,0.0,"[제주도에서 시내와 시외 지역 거주민들에서 담낭용종의 유병률과 임상적 변수들의 비교]
   └ 학회: 한국컴퓨터정보학회 (IF: 0.69)
--------------------------------
[Comparisons of the prevalence and analysis of risk factors affecting gallstone disease on Jeju Island]
   └ 학회: 한국컴퓨터정보학회 (IF: 0.69)"
866,2022,컴퓨터학,892227409,김영규,2,0.0,0.0,"[제주도에서 시내와 시외 지역 거주민들에서 담낭용종의 유병률과 임상적 변수들의 비교]
   └ 학회: 한국컴퓨터정보학회 (IF: 0.69)
--------------------------------
[Comparisons of the prevalence and analysis of risk factors affecting gallstone disease on Jeju Island]
   └ 학회: 한국컴퓨터정보학회 (IF: 0.69)"
867,2022,컴퓨터학,177044691,문경임,2,0.0,0.0,"[부모양육행동이 아동의 화용언어능력에 미치는 영향]
   └ 학회: 한국컴퓨터정보학회 (IF: 0.69)
--------------------------------
[학령전기아동의 학업능력에 영향을 미치는 요인 분석]
   └ 학회: 한국컴퓨터정보학회 (IF: 0.69)"
868,2022,컴퓨터학,593029544,Han Sung Kim,2,0.0,0.0,"[Analysis of the Current Status of the AI Major Curriculum at Universities Based on Standard of AI Curriculum]
   └ 학회: 한국컴퓨터정보학회 (IF: 0.69)
--------------------------------
[A Study on the Standard AI Developer Job Training Track Based on Industry Demand]
   └ 학회: 한국컴퓨터정보학회 (IF: 0.69)"
869,2022,컴퓨터학,302605031,김두현,2,0.0,0.0,"[Analysis of the Current Status of the AI Major Curriculum at Universities Based on Standard of AI Curriculum]
   └ 학회: 한국컴퓨터정보학회 (IF: 0.69)
--------------------------------
[A Study on the Standard AI Developer Job Training Track Based on Industry Demand]
   └ 학회: 한국컴퓨터정보학회 (IF: 0.69)"
870,2022,컴퓨터학,364011492,Sang Il Kim,2,0.0,0.0,"[Analysis of the Current Status of the AI Major Curriculum at Universities Based on Standard of AI Curriculum]
   └ 학회: 한국컴퓨터정보학회 (IF: 0.69)
--------------------------------
[A Study on the Standard AI Developer Job Training Track Based on Industry Demand]
   └ 학회: 한국컴퓨터정보학회 (IF: 0.69)"
871,2022,컴퓨터학,975384477,안준호,2,0.0,0.0,"[1인가구에서 센서융합을 통한 이상상황탐지 알고리즘]
   └ 학회: 한국컴퓨터정보학회 (IF: 0.69)
--------------------------------
[영상, 활동, 라이다 센서를 융합한 1인 가구 구성원 이상 징후 탐지 알고리즘]
   └ 학회: 한국컴퓨터정보학회 (IF: 0.69)"
872,2022,컴퓨터학,840506500,김경숙,2,0.0,0.0,"[노인돌봄서비스를 수행하는 생활지원사의 회복탄력성과 직무소진과의 관계 -직무열의의 매개효과를 중심으로-]
   └ 학회: 한국컴퓨터정보학회 (IF: 0.69)
--------------------------------
[광주·전남지역에서의 노인복지조례의 분석과 개선방안에 관한 연구]
   └ 학회: 한국컴퓨터정보학회 (IF: 0.69)"
873,2022,컴퓨터학,995859138,윤종수,2,0.0,0.0,"[모바일 결제시스템 특성에 대한 사용자 인식도 차이]
   └ 학회: 한국컴퓨터정보학회 (IF: 0.69)
--------------------------------
[인구통계적 특성과 이용 특성이 모바일 쇼핑중독에 미치는 영향에 관한 연구: 국적의 조절효과를 중심으로]
   └ 학회: 한국컴퓨터정보학회 (IF: 0.69)"
874,2022,컴퓨터학,5435693,이경희,2,0.0,0.0,"[스마트기기 의존도에 따른 초등학생의 학교적응과 학업수행능력 차이 분석]
   └ 학회: 한국컴퓨터정보학회 (IF: 0.69)
--------------------------------
[‘소프트웨어 창의 나눔’ 수업이 대학생의 나눔 가치형성에 미치는 영향 분석]
   └ 학회: 한국컴퓨터정보학회 (IF: 0.69)"
875,2022,컴퓨터학,560109676,김군오,2,0.0,0.0,"[비전공자를 위한 웹앱개발 강의 개선 방향 제안]
   └ 학회: 한국컴퓨터정보학회 (IF: 0.69)
--------------------------------
[협력적 멀티에이전트 환경에서 메타논리를 이용한 지식의 표현과 추론]
   └ 학회: 한국컴퓨터정보학회 (IF: 0.69)"
876,2022,컴퓨터학,565773933,손성훈,2,0.0,0.0,"[메모리 가상화를 이용한 임베디드 시스템의 가용성 향상]
   └ 학회: 한국컴퓨터정보학회 (IF: 0.69)
--------------------------------
[리눅스 커널 모듈을 위한 폴트 주입 시스템]
   └ 학회: 한국컴퓨터정보학회 (IF: 0.69)"
877,2022,컴퓨터학,706931120,김현규,2,0.0,0.0,"[소셜 빅데이터를 활용한 여행 경로 추천]
   └ 학회: 한국컴퓨터정보학회 (IF: 0.69)
--------------------------------
[일일 스케줄링 템플릿을 활용한 여행 경로 추천 시스템 구현]
   └ 학회: 한국컴퓨터정보학회 (IF: 0.69)"
878,2022,컴퓨터학,920283171,김용섭,2,0.0,0.0,"[다문화청소년의 집단괴롭힘과 삶의 만족도 간의 관계: 자아존중감과 사회적위축의 매개효과를 중심으로]
   └ 학회: 한국컴퓨터정보학회 (IF: 0.69)
--------------------------------
[청소년의 학대경험이 학교폭력가해경험에 미치는 영향에 대한 종단연구: 학교폭력피해경험과 공격성의 매개효과를 중심으로]
   └ 학회: 한국컴퓨터정보학회 (IF: 0.69)"
879,2022,컴퓨터학,192692023,최혜정,2,0.0,0.0,"[계속관리 대상자의 치위생사정 데이터 분석(20대 연령 중심으로)]
   └ 학회: 한국컴퓨터정보학회 (IF: 0.69)
--------------------------------
[Relationship among necessity, importance of creative teaching methods, and strengthening core competencies]
   └ 학회: 한국컴퓨터정보학회 (IF: 0.69)"
880,2022,컴퓨터학,376961666,임상섭,2,0.0,0.0,"[해사데이터를 활용한 비즈니스 모델 개발]
   └ 학회: 한국컴퓨터정보학회 (IF: 0.69)
--------------------------------
[인공신경망을 활용한 LNG 운임예측]
   └ 학회: 한국컴퓨터정보학회 (IF: 0.69)"
881,2022,컴퓨터학,284999362,홍재원,2,0.0,0.0,"[케이팝 콘텐츠 업데이트 선호주기와 가격탄력성 차이 분석]
   └ 학회: 한국컴퓨터정보학회 (IF: 0.69)
--------------------------------
[전문직업관과 비판적 사고성향 구성요인이 직무수행 능력에 미치는 영향]
   └ 학회: 한국컴퓨터정보학회 (IF: 0.69)"
882,2022,컴퓨터학,660347225,Yuxuan Yuan,2,0.0,0.0,"[A study on the impact of service quality of stage performance on willingness to continuously watch based on virtual reality technology]
   └ 학회: 한국컴퓨터정보학회 (IF: 0.69)
--------------------------------
[Research on value-added services of Chinese online music platforms]
   └ 학회: 한국컴퓨터정보학회 (IF: 0.69)"
883,2022,컴퓨터학,364082646,안희정,2,0.0,0.0,"[60분 심폐소생술이 구조자의 혈중 젖산 농도, 심박동수, 운동자각도에 미치는 영향]
   └ 학회: 한국컴퓨터정보학회 (IF: 0.69)
--------------------------------
[Borich 요구도와 LF 모델을 이용한 응급구조학과 학생들의 전공 교육과정 요구도 분석]
   └ 학회: 한국컴퓨터정보학회 (IF: 0.69)"
884,2022,컴퓨터학,328216092,심규식,2,0.0,0.0,"[60분 심폐소생술이 구조자의 혈중 젖산 농도, 심박동수, 운동자각도에 미치는 영향]
   └ 학회: 한국컴퓨터정보학회 (IF: 0.69)
--------------------------------
[Borich 요구도와 LF 모델을 이용한 응급구조학과 학생들의 전공 교육과정 요구도 분석]
   └ 학회: 한국컴퓨터정보학회 (IF: 0.69)"
885,2022,컴퓨터학,936786123,신승훈,2,0.0,0.0,"[소프트웨어 교양 교육에서 학습동기 변화 연구]
   └ 학회: 한국컴퓨터정보학회 (IF: 0.69)
--------------------------------
[인문대학생을 위한 SW 교과목별 교육 효과성에 관한 사례 연구]
   └ 학회: 한국컴퓨터정보학회 (IF: 0.69)"
886,2022,컴퓨터학,311303932,서주영,2,0.0,0.0,"[소프트웨어 교양 교육에서 학습동기 변화 연구]
   └ 학회: 한국컴퓨터정보학회 (IF: 0.69)
--------------------------------
[인문대학생을 위한 SW 교과목별 교육 효과성에 관한 사례 연구]
   └ 학회: 한국컴퓨터정보학회 (IF: 0.69)"
887,2022,컴퓨터학,146649046,김재현,2,0.0,0.0,"[5G 이동통신망에서 효율적인 네트워크 슬라이스 설정 방안]
   └ 학회: 한국컴퓨터정보학회 (IF: 0.69)
--------------------------------
[5G-TSN 환경에서 시간 민감형 통신을 위한 효과적인 이동성 관리 기법]
   └ 학회: 한국컴퓨터정보학회 (IF: 0.69)"
888,2022,컴퓨터학,621426568,박태근,2,0.0,0.0,"[Analysis of the IP Spoofing Attack Exploiting Null Security Algorithms in 5G Networks]
   └ 학회: 한국컴퓨터정보학회 (IF: 0.69)
--------------------------------
[지상기지국을 보조하는 UxNB의 진본성 검증 연구]
   └ 학회: 한국컴퓨터정보학회 (IF: 0.69)"
889,2022,컴퓨터학,801998208,박종근,2,0.0,0.0,"[Analysis of the IP Spoofing Attack Exploiting Null Security Algorithms in 5G Networks]
   └ 학회: 한국컴퓨터정보학회 (IF: 0.69)
--------------------------------
[5G NAS COUNT 취약점을 이용한 보안 위협 분석]
   └ 학회: 한국정보보호학회 (IF: 0.39)"
890,2022,컴퓨터학,275442757,김기원,2,0.0,0.0,"[Analysis of the IP Spoofing Attack Exploiting Null Security Algorithms in 5G Networks]
   └ 학회: 한국컴퓨터정보학회 (IF: 0.69)
--------------------------------
[지상기지국을 보조하는 UxNB의 진본성 검증 연구]
   └ 학회: 한국컴퓨터정보학회 (IF: 0.69)"
891,2022,컴퓨터학,324795166,김재웅,2,0.0,0.0,"[QR코드를 이용한 모바일 HMI 통신 설정 환경 구현]
   └ 학회: 한국컴퓨터정보학회 (IF: 0.69)
--------------------------------
[공공데이터 품질관리 수준 평가 도메인 규칙 매핑 모델 제안]
   └ 학회: 한국컴퓨터정보학회 (IF: 0.69)"
892,2022,컴퓨터학,103245900,Zi-Yang Liu,2,0.0,0.0,"[Research on the influencing factors of new energy vehicles Based on VAM theory and Environmental awareness theory]
   └ 학회: 한국컴퓨터정보학회 (IF: 0.69)
--------------------------------
[Research on the influencing factors of new energy vehicles Based on VAM theory and Environmental awareness theory]
   └ 학회: 한국컴퓨터정보학회 (IF: 0.69)"
893,2022,컴퓨터학,596000832,김수리,2,0.0,0.0,"[Isogeny 기반 암호의 최신 연구 동향]
   └ 학회: 한국정보보호학회 (IF: 0.39)
--------------------------------
[Meta-PKE 구조에 의한 SABER 알고리즘의 임시 키 재사용 공격]
   └ 학회: 한국정보보호학회 (IF: 0.39)"
894,2022,컴퓨터학,623553366,김현준,2,0.0,0.0,"[32-bit RISC-V 상에서의 사전 연산을 활용한 Fixslicing AES-CTR 속도 최적화 구현]
   └ 학회: 한국정보보호학회 (IF: 0.39)
--------------------------------
[CUDA GPGPU 상에서 경량 블록 암호 PIPO의 최적 구현]
   └ 학회: 한국정보보호학회 (IF: 0.39)"
895,2022,컴퓨터학,599229866,송경주,2,0.0,0.0,"[32-bit RISC-V 상에서의 사전 연산을 활용한 Fixslicing AES-CTR 속도 최적화 구현]
   └ 학회: 한국정보보호학회 (IF: 0.39)
--------------------------------
[사물인터넷을 위한 경량암호와 양자컴퓨터]
   └ 학회: 한국정보보호학회 (IF: 0.39)"
896,2022,컴퓨터학,634179300,서성관,2,0.0,0.0,"[질의 효율적인 의사 결정 공격을 통한 오디오 적대적 예제 생성 연구]
   └ 학회: 한국정보보호학회 (IF: 0.39)
--------------------------------
[얼굴 인식 모델에 대한 질의 효율적인 블랙박스 적대적 공격 방법]
   └ 학회: 한국정보보호학회 (IF: 0.39)"
897,2022,컴퓨터학,562662746,손배훈,2,0.0,0.0,"[질의 효율적인 의사 결정 공격을 통한 오디오 적대적 예제 생성 연구]
   └ 학회: 한국정보보호학회 (IF: 0.39)
--------------------------------
[얼굴 인식 모델에 대한 질의 효율적인 블랙박스 적대적 공격 방법]
   └ 학회: 한국정보보호학회 (IF: 0.39)"
898,2022,컴퓨터학,987955463,김한기,2,0.0,0.0,"[블록암호 PRESENT에 대한 향상된 SITM 공격]
   └ 학회: 한국정보보호학회 (IF: 0.39)
--------------------------------
[GIFT-128에 대한 SITM 공격: NIST 경량암호 최종 후보 GIFT-COFB 적용 방안 연구]
   └ 학회: 한국정보보호학회 (IF: 0.39)"
899,2022,컴퓨터학,277874020,김현지,2,0.0,0.0,"[32-Bit RISC-V상에서의 LEA 경량 블록 암호 GCM 운용 모드 구현]
   └ 학회: 한국정보보호학회 (IF: 0.39)
--------------------------------
[사물인터넷을 위한 경량암호와 양자컴퓨터]
   └ 학회: 한국정보보호학회 (IF: 0.39)"
900,2022,컴퓨터학,348612763,오흥룡,2,0.0,0.0,"[국가 사이버보안 수준 향상을 위한 GCI의 지표개선 방안]
   └ 학회: 한국정보보호학회 (IF: 0.39)
--------------------------------
[ITU-T SG17 5G(IMT-2020) 보안 국제표준화 동향]
   └ 학회: 한국정보보호학회 (IF: 0.39)"
901,2022,컴퓨터학,715852651,조성영,2,0.0,0.0,"[ATT&CK 기반 공격체인 구성을 통한 APT 공격탐지 시스템 구현]
   └ 학회: 한국정보보호학회 (IF: 0.39)
--------------------------------
[MITRE ATT&CK을 이용한 APT 공격 스코어링 방법 연구]
   └ 학회: 한국정보보호학회 (IF: 0.39)"
902,2022,컴퓨터학,557200688,박용우,2,0.0,0.0,"[ATT&CK 기반 공격체인 구성을 통한 APT 공격탐지 시스템 구현]
   └ 학회: 한국정보보호학회 (IF: 0.39)
--------------------------------
[MITRE ATT&CK을 이용한 APT 공격 스코어링 방법 연구]
   └ 학회: 한국정보보호학회 (IF: 0.39)"
903,2022,컴퓨터학,735499150,이경식,2,0.0,0.0,"[ATT&CK 기반 공격체인 구성을 통한 APT 공격탐지 시스템 구현]
   └ 학회: 한국정보보호학회 (IF: 0.39)
--------------------------------
[MITRE ATT&CK을 이용한 APT 공격 스코어링 방법 연구]
   └ 학회: 한국정보보호학회 (IF: 0.39)"
904,2022,컴퓨터학,860947430,하재철,2,0.0,0.0,"[PQC 표준화 알고리즘 CRYSTALS-KYBER에 대한 비프로파일링 분석 공격 및 대응 방안]
   └ 학회: 한국정보보호학회 (IF: 0.39)
--------------------------------
[양자내성암호 NTRU에 대한 전력 부채널 공격 및 대응방안]
   └ 학회: 한국정보보호학회 (IF: 0.39)"
905,2022,컴퓨터학,261708639,유은지,1,0.0,0.0,"[조선 시대 기록화의 디지털 스토리텔링 기반 확장현실 콘텐츠 전시기획 연구 :《화성원행도병》의〈서장대야조도〉를 중심으로]
   └ 학회: 한국디지털콘텐츠학회 (IF: 1.48)"
906,2022,컴퓨터학,977108632,권도형,1,0.0,0.0,"[조선 시대 기록화의 디지털 스토리텔링 기반 확장현실 콘텐츠 전시기획 연구 :《화성원행도병》의〈서장대야조도〉를 중심으로]
   └ 학회: 한국디지털콘텐츠학회 (IF: 1.48)"
907,2022,컴퓨터학,621245551,최훈영,1,0.0,0.0,"[영상 콘텐츠의 언어적 정보 이해에 미치는 자막의 시각 우세성 효과]
   └ 학회: 한국디지털콘텐츠학회 (IF: 1.48)"
908,2022,컴퓨터학,591485608,안정호,1,0.0,0.0,"[성남위례 공공실버주택 통합돌봄을 위한 Wel-Tech 통합사례관리 시스템]
   └ 학회: 한국디지털콘텐츠학회 (IF: 1.48)"
909,2022,컴퓨터학,535573185,오성훈,1,0.0,0.0,"[성남위례 공공실버주택 통합돌봄을 위한 Wel-Tech 통합사례관리 시스템]
   └ 학회: 한국디지털콘텐츠학회 (IF: 1.48)"
910,2022,컴퓨터학,220353575,배명진,1,0.0,0.0,"[시 · 청각 인지능력 향상을 위한 공감각 기반 입체영상-입체음향 변환 시스템]
   └ 학회: 한국디지털콘텐츠학회 (IF: 1.48)"
911,2022,컴퓨터학,310320208,김성일,1,0.0,0.0,"[시 · 청각 인지능력 향상을 위한 공감각 기반 입체영상-입체음향 변환 시스템]
   └ 학회: 한국디지털콘텐츠학회 (IF: 1.48)"
912,2022,컴퓨터학,415845579,Sang-Hyun Bae,1,0.0,0.0,"[A Study on Stream Data Processing for Sensor Network of Smart Healthcare System]
   └ 학회: 한국디지털콘텐츠학회 (IF: 1.48)"
913,2022,컴퓨터학,798885516,김민정,1,0.0,0.0,"[교육 분야의 EEG 활용에 대한 체계적 문헌 고찰]
   └ 학회: 한국디지털콘텐츠학회 (IF: 1.48)"
914,2022,컴퓨터학,603663912,박민수,1,0.0,0.0,"[콘텐츠 구성점 표출에 따른 사용자 시선 분석 연구 : VR 360˚ 영상을 중심으로]
   └ 학회: 한국디지털콘텐츠학회 (IF: 1.48)"
915,2022,컴퓨터학,5105719,정윤아,1,0.0,0.0,"[모바일 수집형 RPG의 사용자 분석 : “쿠키런: 킹덤”을 중심으로]
   └ 학회: 한국디지털콘텐츠학회 (IF: 1.48)"
916,2022,컴퓨터학,209533769,나소미,1,0.0,0.0,"[한국 CF CG 도입에 관한 역사적 고찰]
   └ 학회: 한국디지털콘텐츠학회 (IF: 1.48)"
917,2022,컴퓨터학,280099069,Alyssa Kiseleva,1,0.0,0.0,"[Influence of Evidence Types in Online Weight Loss Messages on Social Comparison, Emotions, and Behavioral Intentions]
   └ 학회: 한국디지털콘텐츠학회 (IF: 1.48)"
918,2022,컴퓨터학,461387737,Eunkyung Na,1,0.0,0.0,"[Influence of Evidence Types in Online Weight Loss Messages on Social Comparison, Emotions, and Behavioral Intentions]
   └ 학회: 한국디지털콘텐츠학회 (IF: 1.48)"
919,2022,컴퓨터학,601651962,조현진,1,0.0,0.0,"[ICT 거버넌스 개선방안에 관한 연구]
   └ 학회: 한국디지털콘텐츠학회 (IF: 1.48)"
920,2022,컴퓨터학,444229544,전성율,1,0.0,0.0,"[ICT 거버넌스 개선방안에 관한 연구]
   └ 학회: 한국디지털콘텐츠학회 (IF: 1.48)"
921,2022,컴퓨터학,103807855,최성진,1,0.0,0.0,"[ICT 거버넌스 개선방안에 관한 연구]
   └ 학회: 한국디지털콘텐츠학회 (IF: 1.48)"
922,2022,컴퓨터학,218134394,서의현,1,0.0,0.0,"[원자로 안전사고 예방을 위한 스마트 의사결정 시스템]
   └ 학회: 한국디지털콘텐츠학회 (IF: 1.48)"
923,2022,컴퓨터학,486081296,원해연,1,0.0,0.0,"[한산모시짜기 제직과정 전신 동작 기록화 방안 제안]
   └ 학회: 한국디지털콘텐츠학회 (IF: 1.48)"
924,2022,컴퓨터학,2278668,김형지,1,0.0,0.0,"[모바일 콘텐츠 간 경쟁관계 분석: 콘텐츠 소비 맥락을 중심으로]
   └ 학회: 한국디지털콘텐츠학회 (IF: 1.48)"
925,2022,컴퓨터학,4590682,이지혜,1,0.0,0.0,"[AI 메커니즘 기반 인터랙티브 스토리텔링 사례 연구]
   └ 학회: 한국디지털콘텐츠학회 (IF: 1.48)"
926,2022,컴퓨터학,249249299,김현지,1,0.0,0.0,"[행정표준코드의 기관코드를 활용한 공공데이터의 품질 개선 방법 제안]
   └ 학회: 한국디지털콘텐츠학회 (IF: 1.48)"
927,2022,컴퓨터학,343659167,박경모,1,0.0,0.0,"[모바일 애드-혹 무선 통신망의 스트리밍 서비스를 위한 부분적 캐싱]
   └ 학회: 한국디지털콘텐츠학회 (IF: 1.48)"
928,2022,컴퓨터학,198310240,김백현,1,0.0,0.0,"[모바일 애드-혹 무선 통신망의 스트리밍 서비스를 위한 부분적 캐싱]
   └ 학회: 한국디지털콘텐츠학회 (IF: 1.48)"
929,2022,컴퓨터학,779291392,김형욱,1,0.0,0.0,"[지반 데이터를 활용한 건물 변위 분석 시스템 - 부산광역시 사례 중심으로 -]
   └ 학회: 한국디지털콘텐츠학회 (IF: 1.48)"
930,2022,컴퓨터학,671712116,이영석,1,0.0,0.0,"[지반 데이터를 활용한 건물 변위 분석 시스템 - 부산광역시 사례 중심으로 -]
   └ 학회: 한국디지털콘텐츠학회 (IF: 1.48)"
931,2022,컴퓨터학,258069351,이강석,1,0.0,0.0,"[1인 미디어 시대의 영상 콘텐츠 산업의 현황과 발전 방안에 관한 연구]
   └ 학회: 한국디지털콘텐츠학회 (IF: 1.48)"
932,2022,컴퓨터학,131851487,Woon-Han Kim,1,0.0,0.0,"[Moderating Effects between Para-social Interaction and User Internal Factors on Live Streaming Commerce]
   └ 학회: 한국디지털콘텐츠학회 (IF: 1.48)"
933,2022,컴퓨터학,239225157,Jung-Won Shim,1,0.0,0.0,"[Moderating Effects between Para-social Interaction and User Internal Factors on Live Streaming Commerce]
   └ 학회: 한국디지털콘텐츠학회 (IF: 1.48)"
934,2022,컴퓨터학,839717537,Hong-Lim Choi,1,0.0,0.0,"[Moderating Effects between Para-social Interaction and User Internal Factors on Live Streaming Commerce]
   └ 학회: 한국디지털콘텐츠학회 (IF: 1.48)"
935,2022,컴퓨터학,545314268,성은지,1,0.0,0.0,"[플레이리스트와 길의 시각화를 연계한 음원 스트리밍 앱 서비스]
   └ 학회: 한국디지털콘텐츠학회 (IF: 1.48)"
936,2022,컴퓨터학,551806120,장초,1,0.0,0.0,"[색각 이상자를 고려한 네비게이션 앱 인터페이스의 컬러유니버설디자인 연구]
   └ 학회: 한국디지털콘텐츠학회 (IF: 1.48)"
937,2022,컴퓨터학,254831871,윤향화,1,0.0,0.0,"[색각 이상자를 고려한 네비게이션 앱 인터페이스의 컬러유니버설디자인 연구]
   └ 학회: 한국디지털콘텐츠학회 (IF: 1.48)"
938,2022,컴퓨터학,325169008,유우종,1,0.0,0.0,"[색각 이상자를 고려한 네비게이션 앱 인터페이스의 컬러유니버설디자인 연구]
   └ 학회: 한국디지털콘텐츠학회 (IF: 1.48)"
939,2022,컴퓨터학,620591241,정소영,1,0.0,0.0,"[팬데믹 상황, 장애대학생을 위한 하이브리드 통합교육 수업 시스템 적용]
   └ 학회: 한국디지털콘텐츠학회 (IF: 1.48)"
940,2022,컴퓨터학,863867246,김영민,1,0.0,0.0,"[디지털 활용 능력과 디지털 시민 태도 성향, 디지털 존중감이 디지털 시민 행동에 미치는 영향 분석: 자율성과 경직성을 중심으로]
   └ 학회: 한국디지털콘텐츠학회 (IF: 1.48)"
941,2022,컴퓨터학,4627863,이려화,1,0.0,0.0,"[디지털 활용 능력과 디지털 시민 태도 성향, 디지털 존중감이 디지털 시민 행동에 미치는 영향 분석: 자율성과 경직성을 중심으로]
   └ 학회: 한국디지털콘텐츠학회 (IF: 1.48)"
942,2022,컴퓨터학,761685573,이소율,1,0.0,0.0,"[머신러닝 교육 플랫폼 활용 융합 교육이 예비교사의 인공지능 교수효능감에 미치는 영향]
   └ 학회: 한국디지털콘텐츠학회 (IF: 1.48)"
943,2022,컴퓨터학,890470021,전중원,1,0.0,0.0,"[초등학교 고학년 학생의 디지털 리터러시, 교수 실재감, 인지적 실재감, 학습 몰입의 구조적 관계 : 블렌디드 러닝 환경을 기반으로]
   └ 학회: 한국디지털콘텐츠학회 (IF: 1.48)"
944,2022,컴퓨터학,638276463,모은찬,1,0.0,0.0,"[소셜 로봇을 활용한 휴먼케어프로그램 효용성 검증 및 사용경험에 관한 연구]
   └ 학회: 한국디지털콘텐츠학회 (IF: 1.48)"
945,2022,컴퓨터학,907196520,이린아,1,0.0,0.0,"[소셜 로봇을 활용한 휴먼케어프로그램 효용성 검증 및 사용경험에 관한 연구]
   └ 학회: 한국디지털콘텐츠학회 (IF: 1.48)"
946,2022,컴퓨터학,408205794,유상현,1,0.0,0.0,"[소셜 로봇을 활용한 휴먼케어프로그램 효용성 검증 및 사용경험에 관한 연구]
   └ 학회: 한국디지털콘텐츠학회 (IF: 1.48)"
947,2022,컴퓨터학,869348680,송채은,1,0.0,0.0,"[지방자치단체의 공공데이터 개방 현황 분석과 개선방안]
   └ 학회: 한국디지털콘텐츠학회 (IF: 1.48)"
948,2022,컴퓨터학,649978921,유진희,1,0.0,0.0,"[모바일 게임 내 광고(Mobile In-Game-Advertising) 특성이 광고효과에 미치는 영향 : 지각된 침입성의 매개효과를 중심으로]
   └ 학회: 한국디지털콘텐츠학회 (IF: 1.48)"
949,2022,컴퓨터학,400503016,김준우,1,0.0,0.0,"[온라인 기반 인지 지능 검사(Cognitive Intelligence Test)의 유효성 평가]
   └ 학회: 한국디지털콘텐츠학회 (IF: 1.48)"
950,2022,컴퓨터학,344799279,김상엽,1,0.0,0.0,"[온라인 기반 인지 지능 검사(Cognitive Intelligence Test)의 유효성 평가]
   └ 학회: 한국디지털콘텐츠학회 (IF: 1.48)"
951,2022,컴퓨터학,941682968,이솔빈,1,0.0,0.0,"[온라인 기반 인지 지능 검사(Cognitive Intelligence Test)의 유효성 평가]
   └ 학회: 한국디지털콘텐츠학회 (IF: 1.48)"
952,2022,컴퓨터학,978965953,구민모,1,0.0,0.0,"[온라인 기반 인지 지능 검사(Cognitive Intelligence Test)의 유효성 평가]
   └ 학회: 한국디지털콘텐츠학회 (IF: 1.48)"
953,2022,컴퓨터학,436880266,남기춘,1,0.0,0.0,"[온라인 기반 인지 지능 검사(Cognitive Intelligence Test)의 유효성 평가]
   └ 학회: 한국디지털콘텐츠학회 (IF: 1.48)"
954,2022,컴퓨터학,127053481,이애진,1,0.0,0.0,"[난독증 학습자를 위한 AI기반 한글 해득 프로그램 개발 및 효과 검증]
   └ 학회: 한국디지털콘텐츠학회 (IF: 1.48)"
955,2022,컴퓨터학,539916932,김기웅,1,0.0,0.0,"[난독증 학습자를 위한 AI기반 한글 해득 프로그램 개발 및 효과 검증]
   └ 학회: 한국디지털콘텐츠학회 (IF: 1.48)"
956,2022,컴퓨터학,943191305,이은상,1,0.0,0.0,"[온라인 교육정책 제안 플랫폼의 설계·운영 원리 개발 연구: 서울특별시교육청 상상톡을 중심으로]
   └ 학회: 한국디지털콘텐츠학회 (IF: 1.48)"
957,2022,컴퓨터학,515562851,황현숙,1,0.0,0.0,"[온라인 교육정책 제안 플랫폼의 설계·운영 원리 개발 연구: 서울특별시교육청 상상톡을 중심으로]
   └ 학회: 한국디지털콘텐츠학회 (IF: 1.48)"
958,2022,컴퓨터학,548564378,최경숙,1,0.0,0.0,"[온라인 교육정책 제안 플랫폼의 설계·운영 원리 개발 연구: 서울특별시교육청 상상톡을 중심으로]
   └ 학회: 한국디지털콘텐츠학회 (IF: 1.48)"
959,2022,컴퓨터학,653941927,이동국,1,0.0,0.0,"[온라인 교육정책 제안 플랫폼의 설계·운영 원리 개발 연구: 서울특별시교육청 상상톡을 중심으로]
   └ 학회: 한국디지털콘텐츠학회 (IF: 1.48)"
960,2022,컴퓨터학,708618838,이경민,1,0.0,0.0,"[인터랙티브 3D 학습자료의 상호작용 정도와 시각단서 제공유형이 인지부하에 미치는 영향]
   └ 학회: 한국디지털콘텐츠학회 (IF: 1.48)"
961,2022,컴퓨터학,296201470,한현경,1,0.0,0.0,"[갯벌 연구를 위한 생태/환경 데이터 수요 분석 : 설문조사를 바탕으로]
   └ 학회: 한국디지털콘텐츠학회 (IF: 1.48)"
962,2022,컴퓨터학,2228172,김천웅,1,0.0,0.0,"[미디어 콘텐츠 시청과 대인커뮤니케이션이 조기연애 인식형성에 미치는 영향: 중국동포 청소년을 중심으로]
   └ 학회: 한국디지털콘텐츠학회 (IF: 1.48)"
963,2022,컴퓨터학,981255413,한혁,1,0.0,0.0,"[모바일 엣지 컴퓨팅을 위한 효율적인 키-값 스토리지 엔진의 설계 및 평가]
   └ 학회: 한국디지털콘텐츠학회 (IF: 1.48)"
964,2022,컴퓨터학,865820517,나상훈,1,0.0,0.0,"[RMF를 활용한 정보보호 관리제도 발전 방안]
   └ 학회: 한국디지털콘텐츠학회 (IF: 1.48)"
965,2022,컴퓨터학,451350187,서예은,1,0.0,0.0,"[이미지 분석 기반의 한국 영화의 F등급 영화와 비F등급 영화의 여성 캐릭터 표현에 대한 비교 연구]
   └ 학회: 한국디지털콘텐츠학회 (IF: 1.48)"
966,2022,컴퓨터학,122693852,강현영,1,0.0,0.0,"[미래사회 대비를 위한 디지털 · AI 소양 교육을 위한 고찰]
   └ 학회: 한국디지털콘텐츠학회 (IF: 1.48)"
967,2022,컴퓨터학,1766497,장수정,1,0.0,0.0,"[사용성 증진을 위한 스마트 홈의 공간적 지원 방향 연구]
   └ 학회: 한국디지털콘텐츠학회 (IF: 1.48)"
968,2022,컴퓨터학,454500371,남경숙,1,0.0,0.0,"[사용성 증진을 위한 스마트 홈의 공간적 지원 방향 연구]
   └ 학회: 한국디지털콘텐츠학회 (IF: 1.48)"
969,2022,컴퓨터학,871851318,허철무,1,0.0,0.0,"[가상현실 스포츠 만족도 결정요인: 상호작용, 존재감 및 몰입경험을 중심으로]
   └ 학회: 한국디지털콘텐츠학회 (IF: 1.48)"
970,2022,컴퓨터학,859129122,오세욱,1,0.0,0.0,"[Google Rapid Response 기반 랜섬웨어 공격 대응 방안]
   └ 학회: 한국디지털콘텐츠학회 (IF: 1.48)"
971,2022,컴퓨터학,402013789,Kwangil Ko,1,0.0,0.0,"[A Study on Data Service linked to Movie Information Program - focusing on the Transmission Method of Additional Information]
   └ 학회: 한국디지털콘텐츠학회 (IF: 1.48)"
972,2022,컴퓨터학,927138472,이도훈,1,0.0,0.0,"[버추얼 프로덕션과 강화된 시각효과 : 〈만달로리안〉 시리즈에 대한 사례분석을 중심으로]
   └ 학회: 한국디지털콘텐츠학회 (IF: 1.48)"
973,2022,컴퓨터학,772826306,유수현,1,0.0,0.0,"[선도 이용자 참여를 통한 신규 서비스 시나리오 개발 프로세스]
   └ 학회: 한국디지털콘텐츠학회 (IF: 1.48)"
974,2022,컴퓨터학,269901603,전현명,1,0.0,0.0,"[자율협력주행을 위한 인프라 가이던스 서비스 유스케이스 도출 방법론 연구]
   └ 학회: 한국디지털콘텐츠학회 (IF: 1.48)"
975,2022,컴퓨터학,129685736,이준형,1,0.0,0.0,"[자율협력주행을 위한 인프라 가이던스 서비스 유스케이스 도출 방법론 연구]
   └ 학회: 한국디지털콘텐츠학회 (IF: 1.48)"
976,2022,컴퓨터학,570491652,장지용,1,0.0,0.0,"[자율협력주행을 위한 인프라 가이던스 서비스 유스케이스 도출 방법론 연구]
   └ 학회: 한국디지털콘텐츠학회 (IF: 1.48)"
977,2022,컴퓨터학,684581066,손약계,1,0.0,0.0,"[뉴미디어아트의 무대 디자인에서의 활용 -LOL글로벌파이널개막식을중심으로-]
   └ 학회: 한국디지털콘텐츠학회 (IF: 1.48)"
978,2022,컴퓨터학,559834269,주종우,1,0.0,0.0,"[뉴미디어아트의 무대 디자인에서의 활용 -LOL글로벌파이널개막식을중심으로-]
   └ 학회: 한국디지털콘텐츠학회 (IF: 1.48)"
979,2022,컴퓨터학,895296887,손예진,1,0.0,0.0,"[발레 자세 교정을 위한 발레 동작 코칭 시스템]
   └ 학회: 한국디지털콘텐츠학회 (IF: 1.48)"
980,2022,컴퓨터학,946868973,손범식,1,0.0,0.0,"[폴더블 스마트폰의 화면 확장 사용성 강화를 위한 UI 가이드라인 -갤럭시 폴드 앱 서비스를 중심으로-]
   └ 학회: 한국디지털콘텐츠학회 (IF: 1.48)"
981,2022,컴퓨터학,111247479,임영선,1,0.0,0.0,"[FUS(Find Undetectable Sound): 들을 수 없는 소리의 방향을 찾기 위한 소리 탐지 애플리케이션]
   └ 학회: 한국디지털콘텐츠학회 (IF: 1.48)"
982,2022,컴퓨터학,304168167,배종환,1,0.0,0.0,"[확장현실(XR) 기반 대함레이더 교육훈련체계 운용효과 평가방안 연구]
   └ 학회: 한국디지털콘텐츠학회 (IF: 1.48)"
983,2022,컴퓨터학,335713152,Shi-Lingxi Tian,1,0.0,0.0,"[A Comparative Study on the Components of Maintain MOBA Game Players’ Loyalty : Based on 〈League of Legends〉 and 〈Heroes of the Storm〉]
   └ 학회: 한국디지털콘텐츠학회 (IF: 1.48)"
984,2022,컴퓨터학,152245480,최준호,1,0.0,0.0,"[ARP 공격 시그니처 정보에 기반한 스푸핑 공격 탐지 및 차단 모델]
   └ 학회: 한국디지털콘텐츠학회 (IF: 1.48)"
985,2022,컴퓨터학,269358697,TAO BODONG,1,0.0,0.0,"[High Utility Itemset Mining by Using Binary PSO Algorithm with Database Reduction and OR/NOR Tree construction]
   └ 학회: 한국디지털콘텐츠학회 (IF: 1.48)"
986,2022,컴퓨터학,544570618,박휴찬,1,0.0,0.0,"[High Utility Itemset Mining by Using Binary PSO Algorithm with Database Reduction and OR/NOR Tree construction]
   └ 학회: 한국디지털콘텐츠학회 (IF: 1.48)"
987,2022,컴퓨터학,472870578,박현욱,1,0.0,0.0,"[IoV환경의 V2V 통신을 위한 경량 상호인증 프로토콜의 취약점 분석]
   └ 학회: 한국디지털콘텐츠학회 (IF: 1.48)"
988,2022,컴퓨터학,465394,최윤성,1,0.0,0.0,"[IoV환경의 V2V 통신을 위한 경량 상호인증 프로토콜의 취약점 분석]
   └ 학회: 한국디지털콘텐츠학회 (IF: 1.48)"
989,2022,컴퓨터학,512835276,장정익,1,0.0,0.0,"[다중 객체 추적 기술을 활용한 지능형 실내 위치정보 분석 시스템 설계]
   └ 학회: 한국디지털콘텐츠학회 (IF: 1.48)"
990,2022,컴퓨터학,737988426,선민재,1,0.0,0.0,"[다중 객체 추적 기술을 활용한 지능형 실내 위치정보 분석 시스템 설계]
   └ 학회: 한국디지털콘텐츠학회 (IF: 1.48)"
991,2022,컴퓨터학,687116953,남선우,1,0.0,0.0,"[다중 객체 추적 기술을 활용한 지능형 실내 위치정보 분석 시스템 설계]
   └ 학회: 한국디지털콘텐츠학회 (IF: 1.48)"
992,2022,컴퓨터학,369874765,차기주,1,0.0,0.0,"[다중 객체 추적 기술을 활용한 지능형 실내 위치정보 분석 시스템 설계]
   └ 학회: 한국디지털콘텐츠학회 (IF: 1.48)"
993,2022,컴퓨터학,414570210,Yahaya Zurmi,1,0.0,0.0,"[RF energy harvesting system for charging mobile phones]
   └ 학회: 한국디지털콘텐츠학회 (IF: 1.48)"
994,2022,컴퓨터학,746864106,Nanre Banwat Sharon,1,0.0,0.0,"[RF energy harvesting system for charging mobile phones]
   └ 학회: 한국디지털콘텐츠학회 (IF: 1.48)"
995,2022,컴퓨터학,502156087,Buhari Umar Ugbede,1,0.0,0.0,"[Development of a Smart Wearable Anti-drowning System for Swimmers]
   └ 학회: 한국디지털콘텐츠학회 (IF: 1.48)"
996,2022,컴퓨터학,238684812,Abu Adishetu Khadijat,1,0.0,0.0,"[Development of a Smart Wearable Anti-drowning System for Swimmers]
   └ 학회: 한국디지털콘텐츠학회 (IF: 1.48)"
997,2022,컴퓨터학,813115524,Blessed Guda,1,0.0,0.0,"[Development of a Smart Wearable Anti-drowning System for Swimmers]
   └ 학회: 한국디지털콘텐츠학회 (IF: 1.48)"
998,2022,컴퓨터학,686644024,양은정,1,0.0,0.0,"[정신 건강을 위해 부정적 감정 해소를 도와주는 디지털 콘텐츠와 인터페이스 디자인 제안]
   └ 학회: 한국디지털콘텐츠학회 (IF: 1.48)"
999,2022,컴퓨터학,5130885,이민희,1,0.0,0.0,"[정신 건강을 위해 부정적 감정 해소를 도와주는 디지털 콘텐츠와 인터페이스 디자인 제안]
   └ 학회: 한국디지털콘텐츠학회 (IF: 1.48)"
1000,2022,컴퓨터학,429717359,조윤주,1,0.0,0.0,"[정신 건강을 위해 부정적 감정 해소를 도와주는 디지털 콘텐츠와 인터페이스 디자인 제안]
   └ 학회: 한국디지털콘텐츠학회 (IF: 1.48)"
1001,2022,컴퓨터학,544145560,양지유,1,0.0,0.0,"[비대면 업무 내 무형식학습 상황에서의 컴퓨터 기반 협력학습(CSCL) 지원도구 비교·분석]
   └ 학회: 한국디지털콘텐츠학회 (IF: 1.48)"
1002,2022,컴퓨터학,872158969,홍미영,1,0.0,0.0,"[K-MOOC 묶음강좌 설계요소 탐색]
   └ 학회: 한국디지털콘텐츠학회 (IF: 1.48)"
1003,2022,컴퓨터학,822531359,김선영,1,0.0,0.0,"[K-MOOC 묶음강좌 설계요소 탐색]
   └ 학회: 한국디지털콘텐츠학회 (IF: 1.48)"
1004,2022,컴퓨터학,940239661,이정윤,1,0.0,0.0,"[미디어의 다양성과 세대별 이용분석 – 재난 상황 중심으로 -]
   └ 학회: 한국디지털콘텐츠학회 (IF: 1.48)"
1005,2022,컴퓨터학,732468929,황해석,1,0.0,0.0,"[미디어의 다양성과 세대별 이용분석 – 재난 상황 중심으로 -]
   └ 학회: 한국디지털콘텐츠학회 (IF: 1.48)"
1006,2022,컴퓨터학,560743449,손혁,1,0.0,0.0,"[미디어의 다양성과 세대별 이용분석 – 재난 상황 중심으로 -]
   └ 학회: 한국디지털콘텐츠학회 (IF: 1.48)"
1007,2022,컴퓨터학,468622108,정상,1,0.0,0.0,"[미디어의 다양성과 세대별 이용분석 – 재난 상황 중심으로 -]
   └ 학회: 한국디지털콘텐츠학회 (IF: 1.48)"
1008,2022,컴퓨터학,839800583,박세현,1,0.0,0.0,"[객체 검출을 활용한 교육적 목적의 웹 기반 브레드보드 전기회로 분석]
   └ 학회: 한국디지털콘텐츠학회 (IF: 1.48)"
1009,2022,컴퓨터학,794940192,장영인,1,0.0,0.0,"[연관 규칙 기반 네트워크 공격 탐지 및 분석 기법 연구]
   └ 학회: 한국디지털콘텐츠학회 (IF: 1.48)"
1010,2022,컴퓨터학,693680873,최영준,1,0.0,0.0,"[연관 규칙 기반 네트워크 공격 탐지 및 분석 기법 연구]
   └ 학회: 한국디지털콘텐츠학회 (IF: 1.48)"
1011,2022,컴퓨터학,568554666,정덕훈,1,0.0,0.0,"[재난분야 위기경보 콘텐츠 구축에 관한 연구]
   └ 학회: 한국디지털콘텐츠학회 (IF: 1.48)"
1012,2022,컴퓨터학,908664941,김민정,1,0.0,0.0,"[모바일 게임 BM 배틀패스 적용 사례 분석을 통한 배틀패스 정의 및 유형화 연구]
   └ 학회: 한국디지털콘텐츠학회 (IF: 1.48)"
1013,2022,컴퓨터학,456751961,이경미,1,0.0,0.0,"[모바일 게임 BM 배틀패스 적용 사례 분석을 통한 배틀패스 정의 및 유형화 연구]
   └ 학회: 한국디지털콘텐츠학회 (IF: 1.48)"
1014,2022,컴퓨터학,188386031,류진주,1,0.0,0.0,"[모바일 게임 BM 배틀패스 적용 사례 분석을 통한 배틀패스 정의 및 유형화 연구]
   └ 학회: 한국디지털콘텐츠학회 (IF: 1.48)"
1015,2022,컴퓨터학,595977997,정다연,1,0.0,0.0,"[모바일 게임 BM 배틀패스 적용 사례 분석을 통한 배틀패스 정의 및 유형화 연구]
   └ 학회: 한국디지털콘텐츠학회 (IF: 1.48)"
1016,2022,컴퓨터학,239667397,신혜련,1,0.0,0.0,"[모바일 게임 BM 배틀패스 적용 사례 분석을 통한 배틀패스 정의 및 유형화 연구]
   └ 학회: 한국디지털콘텐츠학회 (IF: 1.48)"
1017,2022,컴퓨터학,678748660,주혜린,1,0.0,0.0,"[B급 코드 이모티콘의 시각 표현 분석]
   └ 학회: 한국디지털콘텐츠학회 (IF: 1.48)"
1018,2022,컴퓨터학,802749617,박수진,1,0.0,0.0,"[B급 코드 이모티콘의 시각 표현 분석]
   └ 학회: 한국디지털콘텐츠학회 (IF: 1.48)"
1019,2022,컴퓨터학,635290957,이가심,1,0.0,0.0,"[가상 복식 디지털 박물관 구축을 위한 3D 가상의상 제작 연구 -북경 고궁박물관 소장 청나라 황후 포복(袍服)을 중심으로-]
   └ 학회: 한국디지털콘텐츠학회 (IF: 1.48)"
1020,2022,컴퓨터학,875779669,김숙진,1,0.0,0.0,"[가상 복식 디지털 박물관 구축을 위한 3D 가상의상 제작 연구 -북경 고궁박물관 소장 청나라 황후 포복(袍服)을 중심으로-]
   └ 학회: 한국디지털콘텐츠학회 (IF: 1.48)"
1021,2022,컴퓨터학,697934202,Eun-Jin Cho,1,0.0,0.0,"[A Study on Software Education Using Physical Computing to Increase Computational Thinking in Elementary School Students]
   └ 학회: 한국디지털콘텐츠학회 (IF: 1.48)"
1022,2022,컴퓨터학,381015764,Yeon-Ok Seong,1,0.0,0.0,"[A Study on Software Education Using Physical Computing to Increase Computational Thinking in Elementary School Students]
   └ 학회: 한국디지털콘텐츠학회 (IF: 1.48)"
1023,2022,컴퓨터학,921106719,윤숙영,1,0.0,0.0,"[고등학교 텍스트 기반 프로그래밍 수업을 위한 프레임워크 개발]
   └ 학회: 한국디지털콘텐츠학회 (IF: 1.48)"
1024,2022,컴퓨터학,310072915,최현종,1,0.0,0.0,"[고등학교 텍스트 기반 프로그래밍 수업을 위한 프레임워크 개발]
   └ 학회: 한국디지털콘텐츠학회 (IF: 1.48)"
1025,2022,컴퓨터학,956259766,정규성,1,0.0,0.0,"[증강현실 기반 온라인 콘서트 만족요인 연구: 지각된 증강현실과 감각적 풍부성, 심미감을 중심으로]
   └ 학회: 한국디지털콘텐츠학회 (IF: 1.48)"
1026,2022,컴퓨터학,720996016,이민규,1,0.0,0.0,"[증강현실 기반 온라인 콘서트 만족요인 연구: 지각된 증강현실과 감각적 풍부성, 심미감을 중심으로]
   └ 학회: 한국디지털콘텐츠학회 (IF: 1.48)"
1027,2022,컴퓨터학,536512348,박세진,1,0.0,0.0,"[UDS(urban disaster solution)솔루션 UI/UX 구현 –부산광역시 데이터를 중심으로-]
   └ 학회: 한국디지털콘텐츠학회 (IF: 1.48)"
1028,2022,컴퓨터학,326720447,장윤,1,0.0,0.0,"[일상과 임상 영역에서의 환자 유래 건강데이터 시각화 활용 분석 연구]
   └ 학회: 한국디지털콘텐츠학회 (IF: 1.48)"
1029,2022,컴퓨터학,644351577,김성희,1,0.0,0.0,"[일상과 임상 영역에서의 환자 유래 건강데이터 시각화 활용 분석 연구]
   └ 학회: 한국디지털콘텐츠학회 (IF: 1.48)"
1030,2022,컴퓨터학,888978022,이동엽,1,0.0,0.0,"[Blender 기반 3D GIS 모델링 및 성능 분석]
   └ 학회: 한국디지털콘텐츠학회 (IF: 1.48)"
1031,2022,컴퓨터학,390689853,이주경,1,0.0,0.0,"[Blender 기반 3D GIS 모델링 및 성능 분석]
   └ 학회: 한국디지털콘텐츠학회 (IF: 1.48)"
1032,2022,컴퓨터학,448158767,박미르,1,0.0,0.0,"[Blender 기반 3D GIS 모델링 및 성능 분석]
   └ 학회: 한국디지털콘텐츠학회 (IF: 1.48)"
1033,2022,컴퓨터학,988302520,최재명,1,0.0,0.0,"[Blender 기반 3D GIS 모델링 및 성능 분석]
   └ 학회: 한국디지털콘텐츠학회 (IF: 1.48)"
1034,2022,컴퓨터학,656196588,이승헌,1,0.0,0.0,"[몬테카를로 기반의 가축 질병 확산 네트워크 시뮬레이션 모델 개발 연구]
   └ 학회: 한국디지털콘텐츠학회 (IF: 1.48)"
1035,2022,컴퓨터학,766372222,석희웅,1,0.0,0.0,"[몬테카를로 기반의 가축 질병 확산 네트워크 시뮬레이션 모델 개발 연구]
   └ 학회: 한국디지털콘텐츠학회 (IF: 1.48)"
1036,2022,컴퓨터학,286059859,김락우,1,0.0,0.0,"[몬테카를로 기반의 가축 질병 확산 네트워크 시뮬레이션 모델 개발 연구]
   └ 학회: 한국디지털콘텐츠학회 (IF: 1.48)"
1037,2022,컴퓨터학,941059165,문준섭,1,0.0,0.0,"[몬테카를로 기반의 가축 질병 확산 네트워크 시뮬레이션 모델 개발 연구]
   └ 학회: 한국디지털콘텐츠학회 (IF: 1.48)"
1038,2022,컴퓨터학,833818079,김찬민,1,0.0,0.0,"[몬테카를로 기반의 가축 질병 확산 네트워크 시뮬레이션 모델 개발 연구]
   └ 학회: 한국디지털콘텐츠학회 (IF: 1.48)"
1039,2022,컴퓨터학,614714109,정득영,1,0.0,0.0,"[몬테카를로 기반의 가축 질병 확산 네트워크 시뮬레이션 모델 개발 연구]
   └ 학회: 한국디지털콘텐츠학회 (IF: 1.48)"
1040,2022,컴퓨터학,360805750,김태곤,1,0.0,0.0,"[몬테카를로 기반의 가축 질병 확산 네트워크 시뮬레이션 모델 개발 연구]
   └ 학회: 한국디지털콘텐츠학회 (IF: 1.48)"
1041,2022,컴퓨터학,462279015,이봉국,1,0.0,0.0,"[몬테카를로 기반의 가축 질병 확산 네트워크 시뮬레이션 모델 개발 연구]
   └ 학회: 한국디지털콘텐츠학회 (IF: 1.48)"
1042,2022,컴퓨터학,821125846,은지숙,1,0.0,0.0,"[몬테카를로 기반의 가축 질병 확산 네트워크 시뮬레이션 모델 개발 연구]
   └ 학회: 한국디지털콘텐츠학회 (IF: 1.48)"
1043,2022,컴퓨터학,790330572,김승채,1,0.0,0.0,"[미취학 아동을 위한 VR 교육 콘텐츠 개발 연구]
   └ 학회: 한국디지털콘텐츠학회 (IF: 1.48)"
1044,2022,컴퓨터학,661414853,김철민,1,0.0,0.0,"[4차 산업혁명 시대의 초 · 중등 교육을 위한 핵심 역량 연구]
   └ 학회: 한국디지털콘텐츠학회 (IF: 1.48)"
1045,2022,컴퓨터학,786974062,안진현,1,0.0,0.0,"[4차 산업혁명 시대의 초 · 중등 교육을 위한 핵심 역량 연구]
   └ 학회: 한국디지털콘텐츠학회 (IF: 1.48)"
1046,2022,컴퓨터학,443135764,노대원,1,0.0,0.0,"[4차 산업혁명 시대의 초 · 중등 교육을 위한 핵심 역량 연구]
   └ 학회: 한국디지털콘텐츠학회 (IF: 1.48)"
1047,2022,컴퓨터학,332139801,문준성,1,0.0,0.0,"[4차 산업혁명 시대의 초 · 중등 교육을 위한 핵심 역량 연구]
   └ 학회: 한국디지털콘텐츠학회 (IF: 1.48)"
1048,2022,컴퓨터학,911698791,김성백,1,0.0,0.0,"[4차 산업혁명 시대의 초 · 중등 교육을 위한 핵심 역량 연구]
   └ 학회: 한국디지털콘텐츠학회 (IF: 1.48)"
1049,2022,컴퓨터학,994443464,서은실,1,0.0,0.0,"[컴퓨터 비전공자 대상 학습 동기 향상을 위한 SW 교양교육 설계 - 컴퓨팅 디자인 씽크업 활용 중심으로]
   └ 학회: 한국디지털콘텐츠학회 (IF: 1.48)"
1050,2022,컴퓨터학,876725338,김봉수,1,0.0,0.0,"[스크린 기반 무안경 VR을 위한 실시간 영상정합 시스템에 대한 연구]
   └ 학회: 한국디지털콘텐츠학회 (IF: 1.48)"
1051,2022,컴퓨터학,365561738,이아람,1,0.0,0.0,"[한국 고문헌 디지털화를 위한 라인분할 및 서순정렬 알고리즘]
   └ 학회: 한국디지털콘텐츠학회 (IF: 1.48)"
1052,2022,컴퓨터학,432483942,민기현,1,0.0,0.0,"[한국 고문헌 디지털화를 위한 라인분할 및 서순정렬 알고리즘]
   └ 학회: 한국디지털콘텐츠학회 (IF: 1.48)"
1053,2022,컴퓨터학,831301249,김거식,1,0.0,0.0,"[한국 고문헌 디지털화를 위한 라인분할 및 서순정렬 알고리즘]
   └ 학회: 한국디지털콘텐츠학회 (IF: 1.48)"
1054,2022,컴퓨터학,743962533,김정은,1,0.0,0.0,"[한국 고문헌 디지털화를 위한 라인분할 및 서순정렬 알고리즘]
   └ 학회: 한국디지털콘텐츠학회 (IF: 1.48)"
1055,2022,컴퓨터학,372997519,강현서,1,0.0,0.0,"[한국 고문헌 디지털화를 위한 라인분할 및 서순정렬 알고리즘]
   └ 학회: 한국디지털콘텐츠학회 (IF: 1.48)"
1056,2022,컴퓨터학,168453361,박하람,1,0.0,0.0,"[DCAT-AP-KR: 국내 데이터 포털의 상호운용을 위한 애플리케이션 프로파일]
   └ 학회: 한국디지털콘텐츠학회 (IF: 1.48)"
1057,2022,컴퓨터학,722596193,이은석,1,0.0,0.0,"[IoT 센서를 활용한 화재 상황에서의 실시간 실내 위치 추적 시스템]
   └ 학회: 한국디지털콘텐츠학회 (IF: 1.48)"
1058,2022,컴퓨터학,381599668,지현식,1,0.0,0.0,"[IoT 센서를 활용한 화재 상황에서의 실시간 실내 위치 추적 시스템]
   └ 학회: 한국디지털콘텐츠학회 (IF: 1.48)"
1059,2022,컴퓨터학,329773659,김병주,1,0.0,0.0,"[DBMS의 이관을 위한 TiDB의 확장성 및 호환성 검증]
   └ 학회: 한국디지털콘텐츠학회 (IF: 1.48)"
1060,2022,컴퓨터학,483794698,장서진,1,0.0,0.0,"[국내 언론에 나타난 가상 인간 윤리 이슈 파악: 의미연결망 분석을 중심으로]
   └ 학회: 한국디지털콘텐츠학회 (IF: 1.48)"
1061,2022,컴퓨터학,891612088,한다은,1,0.0,0.0,"[국내 언론에 나타난 가상 인간 윤리 이슈 파악: 의미연결망 분석을 중심으로]
   └ 학회: 한국디지털콘텐츠학회 (IF: 1.48)"
1062,2022,컴퓨터학,286116105,오창훈,1,0.0,0.0,"[국내 언론에 나타난 가상 인간 윤리 이슈 파악: 의미연결망 분석을 중심으로]
   └ 학회: 한국디지털콘텐츠학회 (IF: 1.48)"
1063,2022,컴퓨터학,892953953,박은영,1,0.0,0.0,"[사용자 중심의 관광콘텐츠 유튜브 디자인 연구]
   └ 학회: 한국디지털콘텐츠학회 (IF: 1.48)"
1064,2022,컴퓨터학,759207466,육지민,1,0.0,0.0,"[1인 미디어 콘텐츠 활성화를 위한 공연예술의 디지털 시각화 방법에 대한 연구 :고전발레〈호두까기인형〉을 중심으로]
   └ 학회: 한국디지털콘텐츠학회 (IF: 1.48)"
1065,2022,컴퓨터학,134747628,전지윤,1,0.0,0.0,"[1인 미디어 콘텐츠 활성화를 위한 공연예술의 디지털 시각화 방법에 대한 연구 :고전발레〈호두까기인형〉을 중심으로]
   └ 학회: 한국디지털콘텐츠학회 (IF: 1.48)"
1066,2022,컴퓨터학,608353460,이헌주,1,0.0,0.0,"[선형회귀분석을 이용한 청력검사 과정의 효율성 개선]
   └ 학회: 한국디지털콘텐츠학회 (IF: 1.48)"
1067,2022,컴퓨터학,170376791,김세진,1,0.0,0.0,"[선형회귀분석을 이용한 청력검사 과정의 효율성 개선]
   └ 학회: 한국디지털콘텐츠학회 (IF: 1.48)"
1068,2022,컴퓨터학,218776226,박라영,1,0.0,0.0,"[선형회귀분석을 이용한 청력검사 과정의 효율성 개선]
   └ 학회: 한국디지털콘텐츠학회 (IF: 1.48)"
1069,2022,컴퓨터학,922736507,이성수,1,0.0,0.0,"[선형회귀분석을 이용한 청력검사 과정의 효율성 개선]
   └ 학회: 한국디지털콘텐츠학회 (IF: 1.48)"
1070,2022,컴퓨터학,894260306,조형호,1,0.0,0.0,"[선형회귀분석을 이용한 청력검사 과정의 효율성 개선]
   └ 학회: 한국디지털콘텐츠학회 (IF: 1.48)"
1071,2022,컴퓨터학,512208436,원용관,1,0.0,0.0,"[선형회귀분석을 이용한 청력검사 과정의 효율성 개선]
   └ 학회: 한국디지털콘텐츠학회 (IF: 1.48)"
1072,2022,컴퓨터학,456436301,노희성,1,0.0,0.0,"[AI 기반 분리 모형을 활용한 구례취수장의 용수수요량 예측에 관한 연구]
   └ 학회: 한국디지털콘텐츠학회 (IF: 1.48)"
1073,2022,컴퓨터학,843849462,최시중,1,0.0,0.0,"[AI 기반 분리 모형을 활용한 구례취수장의 용수수요량 예측에 관한 연구]
   └ 학회: 한국디지털콘텐츠학회 (IF: 1.48)"
1074,2022,컴퓨터학,210135829,강성규,1,0.0,0.0,"[AI 기반 분리 모형을 활용한 구례취수장의 용수수요량 예측에 관한 연구]
   └ 학회: 한국디지털콘텐츠학회 (IF: 1.48)"
1075,2022,컴퓨터학,946422793,김동현,1,0.0,0.0,"[AI 기반 분리 모형을 활용한 구례취수장의 용수수요량 예측에 관한 연구]
   └ 학회: 한국디지털콘텐츠학회 (IF: 1.48)"
1076,2022,컴퓨터학,336389284,Abdulmalik Muhammad Abubakar,1,0.0,0.0,"[Intelligent Bi-modal Timetable-aware Biometric Attendance System for Enhanced Classroom Attendance]
   └ 학회: 한국디지털콘텐츠학회 (IF: 1.48)"
1077,2022,컴퓨터학,158371327,정영애,1,0.0,0.0,"[Intelligent Bi-modal Timetable-aware Biometric Attendance System for Enhanced Classroom Attendance]
   └ 학회: 한국디지털콘텐츠학회 (IF: 1.48)"
1078,2022,컴퓨터학,751347933,김광기,1,0.0,0.0,"[Intelligent Bi-modal Timetable-aware Biometric Attendance System for Enhanced Classroom Attendance]
   └ 학회: 한국디지털콘텐츠학회 (IF: 1.48)"
1079,2022,컴퓨터학,601302921,김일주,1,0.0,0.0,"[표준화를 통한 전자상거래의 영역 확장: 중고의류 시장 사례 분석]
   └ 학회: 한국전자거래학회 (IF: 1.36)"
1080,2022,컴퓨터학,773861755,임근석,1,0.0,0.0,"[독립 SW기업의 플랫폼 생태계 참여 결정 요인 연구]
   └ 학회: 한국전자거래학회 (IF: 1.36)"
1081,2022,컴퓨터학,264132519,정민규,1,0.0,0.0,"[순서형 프로빗 모델을 활용한 정성적 평가 결과의 객관성 확보방안]
   └ 학회: 한국전자거래학회 (IF: 1.36)"
1082,2022,컴퓨터학,952671344,강윤철,1,0.0,0.0,"[순서형 프로빗 모델을 활용한 정성적 평가 결과의 객관성 확보방안]
   └ 학회: 한국전자거래학회 (IF: 1.36)"
1083,2022,컴퓨터학,568827386,김남철,1,0.0,0.0,"[순서형 프로빗 모델을 활용한 정성적 평가 결과의 객관성 확보방안]
   └ 학회: 한국전자거래학회 (IF: 1.36)"
1084,2022,컴퓨터학,847111215,정광헌,1,0.0,0.0,"[순서형 프로빗 모델을 활용한 정성적 평가 결과의 객관성 확보방안]
   └ 학회: 한국전자거래학회 (IF: 1.36)"
1085,2022,컴퓨터학,365591067,한소영,1,0.0,0.0,"[연구보안제도 개선을 위한 비교탐색적 연구: 미국의 연구보안 사례를 중심으로]
   └ 학회: 한국전자거래학회 (IF: 1.36)"
1086,2022,컴퓨터학,874847215,김향단,1,0.0,0.0,"[온라인 채용정보를 이용한 데이터 과학자 요구 역량 탐색]
   └ 학회: 한국전자거래학회 (IF: 1.36)"
1087,2022,컴퓨터학,720927451,백승익,1,0.0,0.0,"[온라인 채용정보를 이용한 데이터 과학자 요구 역량 탐색]
   └ 학회: 한국전자거래학회 (IF: 1.36)"
1088,2022,컴퓨터학,421521629,김민경,1,0.0,0.0,"[클러스터링 기법을 활용한 이커머스 사용자 리뷰에 따른 시장세분화 연구]
   └ 학회: 한국전자거래학회 (IF: 1.36)"
1089,2022,컴퓨터학,1700418,허재석,1,0.0,0.0,"[클러스터링 기법을 활용한 이커머스 사용자 리뷰에 따른 시장세분화 연구]
   └ 학회: 한국전자거래학회 (IF: 1.36)"
1090,2022,컴퓨터학,151645306,사애진,1,0.0,0.0,"[클러스터링 기법을 활용한 이커머스 사용자 리뷰에 따른 시장세분화 연구]
   └ 학회: 한국전자거래학회 (IF: 1.36)"
1091,2022,컴퓨터학,862274004,전아름,1,0.0,0.0,"[클러스터링 기법을 활용한 이커머스 사용자 리뷰에 따른 시장세분화 연구]
   └ 학회: 한국전자거래학회 (IF: 1.36)"
1092,2022,컴퓨터학,443573784,이한별,1,0.0,0.0,"[클러스터링 기법을 활용한 이커머스 사용자 리뷰에 따른 시장세분화 연구]
   └ 학회: 한국전자거래학회 (IF: 1.36)"
1093,2022,컴퓨터학,244099226,김수진,1,0.0,0.0,"[이커머스 후불결제(BNPL) 수용에 영향을 미치는 요인: 네이버쇼핑과 쿠팡 간 다중집단 비교]
   └ 학회: 한국전자거래학회 (IF: 1.36)"
1094,2022,컴퓨터학,838798126,모정훈,1,0.0,0.0,"[이커머스 후불결제(BNPL) 수용에 영향을 미치는 요인: 네이버쇼핑과 쿠팡 간 다중집단 비교]
   └ 학회: 한국전자거래학회 (IF: 1.36)"
1095,2022,컴퓨터학,965522385,이석호,1,0.0,0.0,"[정보보호 관점의 금융 마이데이터 서비스 수용 요인에 관한 연구]
   └ 학회: 한국전자거래학회 (IF: 1.36)"
1096,2022,컴퓨터학,672241506,Jiyun Yun,1,0.0,0.0,"[Factors Affecting the Usefulness of Online Reviews: The Moderating Role of Price]
   └ 학회: 한국전자거래학회 (IF: 1.36)"
1097,2022,컴퓨터학,915907720,Yuna Ro,1,0.0,0.0,"[Factors Affecting the Usefulness of Online Reviews: The Moderating Role of Price]
   └ 학회: 한국전자거래학회 (IF: 1.36)"
1098,2022,컴퓨터학,112619693,권보람,1,0.0,0.0,"[Factors Affecting the Usefulness of Online Reviews: The Moderating Role of Price]
   └ 학회: 한국전자거래학회 (IF: 1.36)"
1099,2022,컴퓨터학,721042598,장정주,1,0.0,0.0,"[Factors Affecting the Usefulness of Online Reviews: The Moderating Role of Price]
   └ 학회: 한국전자거래학회 (IF: 1.36)"
1100,2022,컴퓨터학,661908769,노영훈,1,0.0,0.0,"[양방향 RNN과 학술용어사전을 이용한 영문학술문서 교정 방법론]
   └ 학회: 한국전자거래학회 (IF: 1.36)"
1101,2022,컴퓨터학,345542194,공인택,1,0.0,0.0,"[통행시간 분포 기반의 전철역 클러스터링]
   └ 학회: 한국전자거래학회 (IF: 1.36)"
1102,2022,컴퓨터학,275853898,김동윤,1,0.0,0.0,"[통행시간 분포 기반의 전철역 클러스터링]
   └ 학회: 한국전자거래학회 (IF: 1.36)"
1103,2022,컴퓨터학,871341503,민윤홍,1,0.0,0.0,"[통행시간 분포 기반의 전철역 클러스터링]
   └ 학회: 한국전자거래학회 (IF: 1.36)"
1104,2022,컴퓨터학,908621022,윤병운,1,0.0,0.0,"[디지털 산업혁신 성숙도 진단모델에 관한 연구]
   └ 학회: 한국전자거래학회 (IF: 1.36)"
1105,2022,컴퓨터학,295723379,전성범,1,0.0,0.0,"[디지털 산업혁신 성숙도 진단모델에 관한 연구]
   └ 학회: 한국전자거래학회 (IF: 1.36)"
1106,2022,컴퓨터학,705995405,이정철,1,0.0,0.0,"[디지털 산업혁신 성숙도 진단모델에 관한 연구]
   └ 학회: 한국전자거래학회 (IF: 1.36)"
1107,2022,컴퓨터학,924208025,김훈태,1,0.0,0.0,"[디지털 산업혁신 성숙도 진단모델에 관한 연구]
   └ 학회: 한국전자거래학회 (IF: 1.36)"
1108,2022,컴퓨터학,5121949,김하람,1,0.0,0.0,"[앱 마켓 리뷰 데이터 분석을 통한 배달 앱의 사용자 만족도 연구: 배달의민족과 쿠팡이츠를 중심으로]
   └ 학회: 한국전자거래학회 (IF: 1.36)"
1109,2022,컴퓨터학,5121950,전찬희,1,0.0,0.0,"[앱 마켓 리뷰 데이터 분석을 통한 배달 앱의 사용자 만족도 연구: 배달의민족과 쿠팡이츠를 중심으로]
   └ 학회: 한국전자거래학회 (IF: 1.36)"
1110,2022,컴퓨터학,703160495,김동수,1,0.0,0.0,"[앱 마켓 리뷰 데이터 분석을 통한 배달 앱의 사용자 만족도 연구: 배달의민족과 쿠팡이츠를 중심으로]
   └ 학회: 한국전자거래학회 (IF: 1.36)"
1111,2022,컴퓨터학,515534688,김태형,1,0.0,0.0,"[한국형 리쇼어링 정책을 위한 산업연관분석 기반의 리쇼어링 영향지수 설계]
   └ 학회: 한국전자거래학회 (IF: 1.36)"
1112,2022,컴퓨터학,378091372,김민수,1,0.0,0.0,"[한국형 리쇼어링 정책을 위한 산업연관분석 기반의 리쇼어링 영향지수 설계]
   └ 학회: 한국전자거래학회 (IF: 1.36)"
1113,2022,컴퓨터학,504846037,고효진,1,0.0,0.0,"[국내외 기술 이전 활성화를 위한 랭킹 정보 제공 기법]
   └ 학회: 한국전자거래학회 (IF: 1.36)"
1114,2022,컴퓨터학,662148314,김민지,1,0.0,0.0,"[국내외 기술 이전 활성화를 위한 랭킹 정보 제공 기법]
   └ 학회: 한국전자거래학회 (IF: 1.36)"
1115,2022,컴퓨터학,358396068,추현영,1,0.0,0.0,"[물류유통정보 표준화를 위한 표준 택배송장 정보항목 연구]
   └ 학회: 한국전자거래학회 (IF: 1.36)"
1116,2022,컴퓨터학,379962301,권오현,1,0.0,0.0,"[물류유통정보 표준화를 위한 표준 택배송장 정보항목 연구]
   └ 학회: 한국전자거래학회 (IF: 1.36)"
1117,2022,컴퓨터학,508454627,김명섭,1,0.0,0.0,"[NFT 상품 거래량 분석을 통한 자산 성격 분류]
   └ 학회: 한국전자거래학회 (IF: 1.36)"
1118,2022,컴퓨터학,931127887,김정연,1,0.0,0.0,"[NFT 상품 거래량 분석을 통한 자산 성격 분류]
   └ 학회: 한국전자거래학회 (IF: 1.36)"
1119,2022,컴퓨터학,541109472,오승원,1,0.0,0.0,"[국내 중소제조기업의 디지털 전환 추진 현황: 이상과 현실]
   └ 학회: 한국전자거래학회 (IF: 1.36)"
1120,2022,컴퓨터학,632517550,이슬찬,1,0.0,0.0,"[국내 중소제조기업의 디지털 전환 추진 현황: 이상과 현실]
   └ 학회: 한국전자거래학회 (IF: 1.36)"
1121,2022,컴퓨터학,5142451,김나영,1,0.0,0.0,"[국내 중소제조기업의 디지털 전환 추진 현황: 이상과 현실]
   └ 학회: 한국전자거래학회 (IF: 1.36)"
1122,2022,컴퓨터학,420876012,문지혜,1,0.0,0.0,"[3D Magic Wand: 하모닉 필드를 이용한 메쉬 분할 기법]
   └ 학회: 한국컴퓨터그래픽스학회 (IF: 1.0)"
1123,2022,컴퓨터학,391510465,박상훈,1,0.0,0.0,"[3D Magic Wand: 하모닉 필드를 이용한 메쉬 분할 기법]
   └ 학회: 한국컴퓨터그래픽스학회 (IF: 1.0)"
1124,2022,컴퓨터학,329679790,윤승현,1,0.0,0.0,"[3D Magic Wand: 하모닉 필드를 이용한 메쉬 분할 기법]
   └ 학회: 한국컴퓨터그래픽스학회 (IF: 1.0)"
1125,2022,컴퓨터학,301840197,나재호,1,0.0,0.0,"[PSNR 값 기반의자동화된 ASTC 블록 크기 결정 방법]
   └ 학회: 한국컴퓨터그래픽스학회 (IF: 1.0)"
1126,2022,컴퓨터학,736127,김정호,1,0.0,0.0,"[저가형 모션 캡처 장비를 이용한 실시간 상호작용 애니메이션 시스템]
   └ 학회: 한국컴퓨터그래픽스학회 (IF: 1.0)"
1127,2022,컴퓨터학,444166831,강다은,1,0.0,0.0,"[저가형 모션 캡처 장비를 이용한 실시간 상호작용 애니메이션 시스템]
   └ 학회: 한국컴퓨터그래픽스학회 (IF: 1.0)"
1128,2022,컴퓨터학,721451875,이윤상,1,0.0,0.0,"[저가형 모션 캡처 장비를 이용한 실시간 상호작용 애니메이션 시스템]
   └ 학회: 한국컴퓨터그래픽스학회 (IF: 1.0)"
1129,2022,컴퓨터학,855958592,권태수,1,0.0,0.0,"[저가형 모션 캡처 장비를 이용한 실시간 상호작용 애니메이션 시스템]
   └ 학회: 한국컴퓨터그래픽스학회 (IF: 1.0)"
1130,2022,컴퓨터학,5114898,김기락,1,0.0,0.0,"[감정에 기반한 가상인간의 대화 및 표정 실시간 생성 시스템 구현]
   └ 학회: 한국컴퓨터그래픽스학회 (IF: 1.0)"
1131,2022,컴퓨터학,642531758,연희연,1,0.0,0.0,"[감정에 기반한 가상인간의 대화 및 표정 실시간 생성 시스템 구현]
   └ 학회: 한국컴퓨터그래픽스학회 (IF: 1.0)"
1132,2022,컴퓨터학,923435363,은태영,1,0.0,0.0,"[감정에 기반한 가상인간의 대화 및 표정 실시간 생성 시스템 구현]
   └ 학회: 한국컴퓨터그래픽스학회 (IF: 1.0)"
1133,2022,컴퓨터학,292940134,정문열,1,0.0,0.0,"[감정에 기반한 가상인간의 대화 및 표정 실시간 생성 시스템 구현]
   └ 학회: 한국컴퓨터그래픽스학회 (IF: 1.0)"
1134,2022,컴퓨터학,384244383,박명석,1,0.0,0.0,"[제페토 월드를 활용한 메타버스 콘텐츠 제작 공정에 관한 연구]
   └ 학회: 한국컴퓨터그래픽스학회 (IF: 1.0)"
1135,2022,컴퓨터학,320947174,조다솜,1,0.0,0.0,"[제페토 월드를 활용한 메타버스 콘텐츠 제작 공정에 관한 연구]
   └ 학회: 한국컴퓨터그래픽스학회 (IF: 1.0)"
1136,2022,컴퓨터학,765833030,나기리,1,0.0,0.0,"[제페토 월드를 활용한 메타버스 콘텐츠 제작 공정에 관한 연구]
   └ 학회: 한국컴퓨터그래픽스학회 (IF: 1.0)"
1137,2022,컴퓨터학,887644742,이자민,1,0.0,0.0,"[제페토 월드를 활용한 메타버스 콘텐츠 제작 공정에 관한 연구]
   └ 학회: 한국컴퓨터그래픽스학회 (IF: 1.0)"
1138,2022,컴퓨터학,957666627,조세홍,1,0.0,0.0,"[제페토 월드를 활용한 메타버스 콘텐츠 제작 공정에 관한 연구]
   └ 학회: 한국컴퓨터그래픽스학회 (IF: 1.0)"
1139,2022,컴퓨터학,462775577,홍다예,1,0.0,0.0,"[조건부 자율주행에서 제어권 전환 시 운전자의 뇌 활성도에 관한 예비연구]
   └ 학회: 한국컴퓨터그래픽스학회 (IF: 1.0)"
1140,2022,컴퓨터학,5114913,김소민,1,0.0,0.0,"[조건부 자율주행에서 제어권 전환 시 운전자의 뇌 활성도에 관한 예비연구]
   └ 학회: 한국컴퓨터그래픽스학회 (IF: 1.0)"
1141,2022,컴퓨터학,575501132,김영욱,1,0.0,0.0,"[헤드 마운티드 디스플레이를 위한 시간 제약 렌더링을 이용한 적응적 포비티드 광선 추적법]
   └ 학회: 한국컴퓨터그래픽스학회 (IF: 1.0)"
1142,2022,컴퓨터학,144392986,임인성,1,0.0,0.0,"[헤드 마운티드 디스플레이를 위한 시간 제약 렌더링을 이용한 적응적 포비티드 광선 추적법]
   └ 학회: 한국컴퓨터그래픽스학회 (IF: 1.0)"
1143,2022,컴퓨터학,364363772,최별이,1,0.0,0.0,"[K-SMPL: 한국인 체형 데이터 기반의 매개화된 인체 모델]
   └ 학회: 한국컴퓨터그래픽스학회 (IF: 1.0)"
1144,2022,컴퓨터학,242859402,이성희,1,0.0,0.0,"[K-SMPL: 한국인 체형 데이터 기반의 매개화된 인체 모델]
   └ 학회: 한국컴퓨터그래픽스학회 (IF: 1.0)"
1145,2022,컴퓨터학,829698471,송창용,1,0.0,0.0,"[극 분해 이론을 활용한 MPM기반의 입자 회전 애니메이션]
   └ 학회: 한국컴퓨터그래픽스학회 (IF: 1.0)"
1146,2022,컴퓨터학,667593744,김기훈,1,0.0,0.0,"[극 분해 이론을 활용한 MPM기반의 입자 회전 애니메이션]
   └ 학회: 한국컴퓨터그래픽스학회 (IF: 1.0)"
1147,2022,컴퓨터학,931616358,김승남,1,0.0,0.0,"[화재 현장 영상에서 연기 영역을 제외한 이미지 기반 불의 영역 검출 기법]
   └ 학회: 한국컴퓨터그래픽스학회 (IF: 1.0)"
1148,2022,컴퓨터학,606453769,최명진,1,0.0,0.0,"[화재 현장 영상에서 연기 영역을 제외한 이미지 기반 불의 영역 검출 기법]
   └ 학회: 한국컴퓨터그래픽스학회 (IF: 1.0)"
1149,2022,컴퓨터학,133014431,박희영,1,0.0,0.0,"[회전체의 특성이 시각적 선호에 미치는 영향]
   └ 학회: 한국컴퓨터그래픽스학회 (IF: 1.0)"
1150,2022,컴퓨터학,846687602,김청택,1,0.0,0.0,"[회전체의 특성이 시각적 선호에 미치는 영향]
   └ 학회: 한국컴퓨터그래픽스학회 (IF: 1.0)"
1151,2022,컴퓨터학,371431744,박영진,1,0.0,0.0,"[회전체의 특성이 시각적 선호에 미치는 영향]
   └ 학회: 한국컴퓨터그래픽스학회 (IF: 1.0)"
1152,2022,컴퓨터학,336237804,Jonghyuk Park,1,0.0,0.0,"[Deep-Learning Based Real-time Fire Detection Using Object Tracking Algorithm]
   └ 학회: 한국컴퓨터정보학회 (IF: 0.69)"
1153,2022,컴퓨터학,593894351,Dohyun Park,1,0.0,0.0,"[Deep-Learning Based Real-time Fire Detection Using Object Tracking Algorithm]
   └ 학회: 한국컴퓨터정보학회 (IF: 0.69)"
1154,2022,컴퓨터학,422481328,현동환,1,0.0,0.0,"[Deep-Learning Based Real-time Fire Detection Using Object Tracking Algorithm]
   └ 학회: 한국컴퓨터정보학회 (IF: 0.69)"
1155,2022,컴퓨터학,657050599,Youmin Na,1,0.0,0.0,"[Deep-Learning Based Real-time Fire Detection Using Object Tracking Algorithm]
   └ 학회: 한국컴퓨터정보학회 (IF: 0.69)"
1156,2022,컴퓨터학,633393871,이수홍,1,0.0,0.0,"[Deep-Learning Based Real-time Fire Detection Using Object Tracking Algorithm]
   └ 학회: 한국컴퓨터정보학회 (IF: 0.69)"
1157,2022,컴퓨터학,252376,Jeongwon Lee,1,0.0,0.0,"[Analysis and simulator implementation of Mighty, an advanced imperfect information game]
   └ 학회: 한국컴퓨터정보학회 (IF: 0.69)"
1158,2022,컴퓨터학,991969986,김귀훈,1,0.0,0.0,"[Analysis and simulator implementation of Mighty, an advanced imperfect information game]
   └ 학회: 한국컴퓨터정보학회 (IF: 0.69)"
1159,2022,컴퓨터학,258792295,김승현,1,0.0,0.0,"[Analysis and simulator implementation of Mighty, an advanced imperfect information game]
   └ 학회: 한국컴퓨터정보학회 (IF: 0.69)"
1160,2022,컴퓨터학,310698599,Gum-Young Kim,1,0.0,0.0,"[Comparative Analysis of Three-Dimensional Real-Time Rendering Methods]
   └ 학회: 한국컴퓨터정보학회 (IF: 0.69)"
1161,2022,컴퓨터학,317327983,Jang-Wook Kim,1,0.0,0.0,"[Planar Microstrip Patch Antenna for 5G Wireless Applications]
   └ 학회: 한국컴퓨터정보학회 (IF: 0.69)"
1162,2022,컴퓨터학,488899756,Joo-Seong Jeon,1,0.0,0.0,"[Planar Microstrip Patch Antenna for 5G Wireless Applications]
   └ 학회: 한국컴퓨터정보학회 (IF: 0.69)"
1163,2022,컴퓨터학,1452556,최미영,1,0.0,0.0,"[The Influence of Empathy Ability and Compassion Fatigue in 1-1-9 ambulance crews upon Quality of Life in the COVID-19 Situation]
   └ 학회: 한국컴퓨터정보학회 (IF: 0.69)"
1164,2022,컴퓨터학,427004723,Jae-Gook Lee,1,0.0,0.0,"[The Influence of Empathy Ability and Compassion Fatigue in 1-1-9 ambulance crews upon Quality of Life in the COVID-19 Situation]
   └ 학회: 한국컴퓨터정보학회 (IF: 0.69)"
1165,2022,컴퓨터학,900232081,Qiaomeng Ying,1,0.0,0.0,"[Effects of consumption Propensity to spend on shopping live broadcast of in Chinese Women on selection attributes of beauty products]
   └ 학회: 한국컴퓨터정보학회 (IF: 0.69)"
1166,2022,컴퓨터학,948988523,김경란,1,0.0,0.0,"[Effects of consumption Propensity to spend on shopping live broadcast of in Chinese Women on selection attributes of beauty products]
   └ 학회: 한국컴퓨터정보학회 (IF: 0.69)"
1167,2022,컴퓨터학,973145675,Yong-Jae Lee,1,0.0,0.0,"[Feasibility Study on Introduction of Piggy-back System by Applying Transport Database]
   └ 학회: 한국컴퓨터정보학회 (IF: 0.69)"
1168,2022,컴퓨터학,699946319,이철웅,1,0.0,0.0,"[Feasibility Study on Introduction of Piggy-back System by Applying Transport Database]
   └ 학회: 한국컴퓨터정보학회 (IF: 0.69)"
1169,2022,컴퓨터학,367939339,김영훈,1,0.0,0.0,"[Feasibility Study on Introduction of Piggy-back System by Applying Transport Database]
   └ 학회: 한국컴퓨터정보학회 (IF: 0.69)"
1170,2022,컴퓨터학,356560700,Seong-Ho Han,1,0.0,0.0,"[Feasibility Study on Introduction of Piggy-back System by Applying Transport Database]
   └ 학회: 한국컴퓨터정보학회 (IF: 0.69)"
1171,2022,컴퓨터학,497751953,김미경,1,0.0,0.0,"[Anti-inflammatory Effect of Broccoli Leaf Hexane Fraction in LPS-stimulated RAW264.7 Cells]
   └ 학회: 한국컴퓨터정보학회 (IF: 0.69)"
1172,2022,컴퓨터학,783225217,Ye-Kyung Kwon,1,0.0,0.0,"[The Effect of the National Pension Service’ Activism on Earning Management after Adoption of the Korea Stewardship Code]
   └ 학회: 한국컴퓨터정보학회 (IF: 0.69)"
1173,2022,컴퓨터학,633410240,Yujin Kim,1,0.0,0.0,"[A Study on the Information Privacy Concerns in Social Log-in Service]
   └ 학회: 한국컴퓨터정보학회 (IF: 0.69)"
1174,2022,컴퓨터학,443158360,이윤석,1,0.0,0.0,"[Traveling Salesman Problem을 위한 GPU 기반 병렬 Ant Colony System]
   └ 학회: 한국컴퓨터정보학회 (IF: 0.69)"
1175,2022,컴퓨터학,802988863,강진구,1,0.0,0.0,"[PI 알고리즘을 이용한 유연한 구조물의 자세 제어를 위한 이동 로봇에 관한 연구]
   └ 학회: 한국컴퓨터정보학회 (IF: 0.69)"
1176,2022,컴퓨터학,440448311,이옥걸,1,0.0,0.0,"[열화 도로 영상에서 블랙 아이스 영역의 실시간 분할]
   └ 학회: 한국컴퓨터정보학회 (IF: 0.69)"
1177,2022,컴퓨터학,981219840,강선경,1,0.0,0.0,"[열화 도로 영상에서 블랙 아이스 영역의 실시간 분할]
   └ 학회: 한국컴퓨터정보학회 (IF: 0.69)"
1178,2022,컴퓨터학,500030716,정성태,1,0.0,0.0,"[열화 도로 영상에서 블랙 아이스 영역의 실시간 분할]
   └ 학회: 한국컴퓨터정보학회 (IF: 0.69)"
1179,2022,컴퓨터학,841466746,정순호,1,0.0,0.0,"[테이블 표현(Tabular representation)을 이용한 문맥자유 문법(Context-free grammar) 학습을 위한 개선된 방법]
   └ 학회: 한국컴퓨터정보학회 (IF: 0.69)"
1180,2022,컴퓨터학,789775096,한주완,1,0.0,0.0,"[Confusion Matrix 검증을 통한 Personal Mobility용 스마트 주행 모니터링 장치 개발]
   └ 학회: 한국컴퓨터정보학회 (IF: 0.69)"
1181,2022,컴퓨터학,633522068,박성현,1,0.0,0.0,"[Confusion Matrix 검증을 통한 Personal Mobility용 스마트 주행 모니터링 장치 개발]
   └ 학회: 한국컴퓨터정보학회 (IF: 0.69)"
1182,2022,컴퓨터학,802978626,심채현,1,0.0,0.0,"[Confusion Matrix 검증을 통한 Personal Mobility용 스마트 주행 모니터링 장치 개발]
   └ 학회: 한국컴퓨터정보학회 (IF: 0.69)"
1183,2022,컴퓨터학,5088428,황주원,1,0.0,0.0,"[Confusion Matrix 검증을 통한 Personal Mobility용 스마트 주행 모니터링 장치 개발]
   └ 학회: 한국컴퓨터정보학회 (IF: 0.69)"
1184,2022,컴퓨터학,208578631,서지언,1,0.0,0.0,"[온라인 기초임상실습이 간호대학생의 비판적 사고성향, 자기결정성 동기 및 실습만족도에 미치는 영향]
   └ 학회: 한국컴퓨터정보학회 (IF: 0.69)"
1185,2022,컴퓨터학,590164384,권민호,1,0.0,0.0,"[블록체인 응용 서비스의 견고성을 제고하기 위한 확장된 BR2K 기법]
   └ 학회: 한국컴퓨터정보학회 (IF: 0.69)"
1186,2022,컴퓨터학,576466604,김석훈,1,0.0,0.0,"[스트레스 해소 및 사회성 증진을 돕는 소셜미디어 플랫폼 연구]
   └ 학회: 한국컴퓨터정보학회 (IF: 0.69)"
1187,2022,컴퓨터학,184247121,김훈기,1,0.0,0.0,"[전도성 섬유 기반 전기용량성 압력센서를 이용한 실시간 앉은 자세 교정방석 구현]
   └ 학회: 한국컴퓨터정보학회 (IF: 0.69)"
1188,2022,컴퓨터학,468623991,박형수,1,0.0,0.0,"[전도성 섬유 기반 전기용량성 압력센서를 이용한 실시간 앉은 자세 교정방석 구현]
   └ 학회: 한국컴퓨터정보학회 (IF: 0.69)"
1189,2022,컴퓨터학,266774653,오지원,1,0.0,0.0,"[전도성 섬유 기반 전기용량성 압력센서를 이용한 실시간 앉은 자세 교정방석 구현]
   └ 학회: 한국컴퓨터정보학회 (IF: 0.69)"
1190,2022,컴퓨터학,476878507,최현희,1,0.0,0.0,"[척수손상 환자를 위한 IT기반 신체활동 및 운동 프로그램 연구]
   └ 학회: 한국컴퓨터정보학회 (IF: 0.69)"
1191,2022,컴퓨터학,907384632,김태선,1,0.0,0.0,"[대학신입생의 대학 및 학과선택 요인과 만족도]
   └ 학회: 한국컴퓨터정보학회 (IF: 0.69)"
1192,2022,컴퓨터학,743655794,박강우,1,0.0,0.0,"[대학신입생의 대학 및 학과선택 요인과 만족도]
   └ 학회: 한국컴퓨터정보학회 (IF: 0.69)"
1193,2022,컴퓨터학,957212696,박진식,1,0.0,0.0,"[대학신입생의 대학 및 학과선택 요인과 만족도]
   └ 학회: 한국컴퓨터정보학회 (IF: 0.69)"
1194,2022,컴퓨터학,465944283,이창수,1,0.0,0.0,"[대학신입생의 대학 및 학과선택 요인과 만족도]
   └ 학회: 한국컴퓨터정보학회 (IF: 0.69)"
1195,2022,컴퓨터학,479181603,하종욱,1,0.0,0.0,"[대학신입생의 대학 및 학과선택 요인과 만족도]
   └ 학회: 한국컴퓨터정보학회 (IF: 0.69)"
1196,2022,컴퓨터학,160895061,신화수,1,0.0,0.0,"[대학신입생의 대학 및 학과선택 요인과 만족도]
   └ 학회: 한국컴퓨터정보학회 (IF: 0.69)"
1197,2022,컴퓨터학,323474262,조우홍,1,0.0,0.0,"[A Study on the Havruta Learning Method Shir and the Results of Learner Activities]
   └ 학회: 한국컴퓨터정보학회 (IF: 0.69)"
1198,2022,컴퓨터학,350423258,정나은,1,0.0,0.0,"[모바일 패션 쇼핑앱에 대한 선택요인에 관한 연구]
   └ 학회: 한국컴퓨터정보학회 (IF: 0.69)"
1199,2022,컴퓨터학,963119819,김인기,1,0.0,0.0,"[Contactless User Identification System using Multi-channel Palm Images Facilitated by Triple Attention U-Net and CNN Classifier Ensemble Models]
   └ 학회: 한국컴퓨터정보학회 (IF: 0.69)"
1200,2022,컴퓨터학,469697562,김범준,1,0.0,0.0,"[Contactless User Identification System using Multi-channel Palm Images Facilitated by Triple Attention U-Net and CNN Classifier Ensemble Models]
   └ 학회: 한국컴퓨터정보학회 (IF: 0.69)"
1201,2022,컴퓨터학,952050419,우성희,1,0.0,0.0,"[Contactless User Identification System using Multi-channel Palm Images Facilitated by Triple Attention U-Net and CNN Classifier Ensemble Models]
   └ 학회: 한국컴퓨터정보학회 (IF: 0.69)"
1202,2022,컴퓨터학,268534790,곽정환,1,0.0,0.0,"[Contactless User Identification System using Multi-channel Palm Images Facilitated by Triple Attention U-Net and CNN Classifier Ensemble Models]
   └ 학회: 한국컴퓨터정보학회 (IF: 0.69)"
1203,2022,컴퓨터학,872653259,김동근,1,0.0,0.0,"[Development and Evaluation of the V-Catch Vision System]
   └ 학회: 한국컴퓨터정보학회 (IF: 0.69)"
1204,2022,컴퓨터학,149610686,Yongjoo Cho,1,0.0,0.0,"[Development and Evaluation of the V-Catch Vision System]
   └ 학회: 한국컴퓨터정보학회 (IF: 0.69)"
1205,2022,컴퓨터학,591754909,박경신,1,0.0,0.0,"[Development and Evaluation of the V-Catch Vision System]
   └ 학회: 한국컴퓨터정보학회 (IF: 0.69)"
1206,2022,컴퓨터학,387725519,Tea-Il Choi,1,0.0,0.0,"[Design and Fabrication of Dual Linear Polarization Antenna for mmWave Application using FR-4 Substrate]
   └ 학회: 한국컴퓨터정보학회 (IF: 0.69)"
1207,2022,컴퓨터학,287681210,Joong-Han Yoon,1,0.0,0.0,"[Design and Fabrication of Dual Linear Polarization Antenna for mmWave Application using FR-4 Substrate]
   └ 학회: 한국컴퓨터정보학회 (IF: 0.69)"
1208,2022,컴퓨터학,964239169,유영설,1,0.0,0.0,"[A Study on the Subjectivity of Pre-Physical Education Teachers on the Track and Field Practical Skill Test of Examination System for Appointing Secondary Physical Education Teachers]
   └ 학회: 한국컴퓨터정보학회 (IF: 0.69)"
1209,2022,컴퓨터학,456727180,복미정,1,0.0,0.0,"[A Study on Consumer Confidence, Satisfaction, and Repurchase Intention on Convenience Store Lunch Boxes by Food-related Lifestyle Type]
   └ 학회: 한국컴퓨터정보학회 (IF: 0.69)"
1210,2022,컴퓨터학,460494960,Eun-Sil Hong,1,0.0,0.0,"[A Study on Consumer Confidence, Satisfaction, and Repurchase Intention on Convenience Store Lunch Boxes by Food-related Lifestyle Type]
   └ 학회: 한국컴퓨터정보학회 (IF: 0.69)"
1211,2022,컴퓨터학,148667903,Seung-Yup Kyen,1,0.0,0.0,"[A Legal Study on The Act Bill for Establishing The Game User Committee]
   └ 학회: 한국컴퓨터정보학회 (IF: 0.69)"
1212,2022,컴퓨터학,393196669,임도현,1,0.0,0.0,"[A Study on Fraud Detection in the C2C Used Trade Market Using Doc2vec]
   └ 학회: 한국컴퓨터정보학회 (IF: 0.69)"
1213,2022,컴퓨터학,301424734,Ya-Qing Liang,1,0.0,0.0,"[The Impact of Social Network characteristics on the intention to reuse SNS: With a focus on mediating effects of TikTok users’ participation and attachment]
   └ 학회: 한국컴퓨터정보학회 (IF: 0.69)"
1214,2022,컴퓨터학,131481789,김정랑,1,0.0,0.0,"[Development of the Contents of AI Convergence Education Method Subjects and Verification of Teaching Efficacy Effectiveness for Elementary and Secondary Teachers]
   └ 학회: 한국컴퓨터정보학회 (IF: 0.69)"
1215,2022,컴퓨터학,934452402,김성원,1,0.0,0.0,"[The Artificial Intelligence Literacy Scale for Middle School Students]
   └ 학회: 한국컴퓨터정보학회 (IF: 0.69)"
1216,2022,컴퓨터학,715371313,손범준,1,0.0,0.0,"[병렬 매크로 확장을 위한 Lock-free 고유식별자 할당]
   └ 학회: 한국컴퓨터정보학회 (IF: 0.69)"
1217,2022,컴퓨터학,798039176,안기영,1,0.0,0.0,"[병렬 매크로 확장을 위한 Lock-free 고유식별자 할당]
   └ 학회: 한국컴퓨터정보학회 (IF: 0.69)"
1218,2022,컴퓨터학,188862163,장용훈,1,0.0,0.0,"[AI 머신비전을 이용한 어류의 목표중량 절단지점 예측기법]
   └ 학회: 한국컴퓨터정보학회 (IF: 0.69)"
1219,2022,컴퓨터학,258615796,이명섭,1,0.0,0.0,"[AI 머신비전을 이용한 어류의 목표중량 절단지점 예측기법]
   └ 학회: 한국컴퓨터정보학회 (IF: 0.69)"
1220,2022,컴퓨터학,634046698,Jae-Woo Chang,1,0.0,0.0,"[Design of Fishing Game Based on a Cross-Platform Server]
   └ 학회: 한국컴퓨터정보학회 (IF: 0.69)"
1221,2022,컴퓨터학,129752644,Hyunseung Kong,1,0.0,0.0,"[Design of Fishing Game Based on a Cross-Platform Server]
   └ 학회: 한국컴퓨터정보학회 (IF: 0.69)"
1222,2022,컴퓨터학,696043924,진석,1,0.0,0.0,"[기대편익과 지각된 위험이 비대면 진료의 이용의도에 미치는 영향에 대한 연구]
   └ 학회: 한국컴퓨터정보학회 (IF: 0.69)"
1223,2022,컴퓨터학,515718428,김다현,1,0.0,0.0,"[1인가구에서 센서융합을 통한 이상상황탐지 알고리즘]
   └ 학회: 한국컴퓨터정보학회 (IF: 0.69)"
1224,2022,컴퓨터학,810712270,전종순,1,0.0,0.0,"[다문화청소년의 문화적응스트레스와 삶의 만족도 간의 관계]
   └ 학회: 한국컴퓨터정보학회 (IF: 0.69)"
1225,2022,컴퓨터학,776613592,박미숙,1,0.0,0.0,"[간호대학생의 전공이론교과목 온라인 수업에 대한 학습만족도]
   └ 학회: 한국컴퓨터정보학회 (IF: 0.69)"
1226,2022,컴퓨터학,990316000,김경호,1,0.0,0.0,"[부모의 양육방식이 청소년의 정서문제에 미치는 영향]
   └ 학회: 한국컴퓨터정보학회 (IF: 0.69)"
1227,2022,컴퓨터학,938033801,장지경,1,0.0,0.0,"[공공기관의 경영 효율성과 재무적 성과와의 관련성]
   └ 학회: 한국컴퓨터정보학회 (IF: 0.69)"
1228,2022,컴퓨터학,557541109,강흔결,1,0.0,0.0,"[대만 인플루언서 라이브방송에서 서비스품질 요인과 제품특성이 신규 브랜드 수용의도에 미치는 영향에 관한 연구]
   └ 학회: 한국컴퓨터정보학회 (IF: 0.69)"
1229,2022,컴퓨터학,780031446,이형주,1,0.0,0.0,"[대만 인플루언서 라이브방송에서 서비스품질 요인과 제품특성이 신규 브랜드 수용의도에 미치는 영향에 관한 연구]
   └ 학회: 한국컴퓨터정보학회 (IF: 0.69)"
1230,2022,컴퓨터학,717030894,유서설,1,0.0,0.0,"[모바일 결제시스템 특성에 대한 사용자 인식도 차이]
   └ 학회: 한국컴퓨터정보학회 (IF: 0.69)"
1231,2022,컴퓨터학,339913721,유평수,1,0.0,0.0,"[중등학교 교사의 정보화 리더십, 자기효능감, 커뮤니케이션 능력, 직무만족 간의 구조적 관계]
   └ 학회: 한국컴퓨터정보학회 (IF: 0.69)"
1232,2022,컴퓨터학,935755450,박혜영,1,0.0,0.0,"[스마트기기 의존도에 따른 초등학생의 학교적응과 학업수행능력 차이 분석]
   └ 학회: 한국컴퓨터정보학회 (IF: 0.69)"
1233,2022,컴퓨터학,279466410,송미영,1,0.0,0.0,"[모바일 서비스 환경에서의 영유아 통합 관리 시스템 설계 및 구현]
   └ 학회: 한국컴퓨터정보학회 (IF: 0.69)"
1234,2022,컴퓨터학,719429067,류미영,1,0.0,0.0,"[AI교육플랫폼을 활용한 인공지능 수업의 방향]
   └ 학회: 한국컴퓨터정보학회 (IF: 0.69)"
1235,2022,컴퓨터학,517021583,한선관,1,0.0,0.0,"[AI교육플랫폼을 활용한 인공지능 수업의 방향]
   └ 학회: 한국컴퓨터정보학회 (IF: 0.69)"
1236,2022,컴퓨터학,579095793,임현기,1,0.0,0.0,"[직교 분해와 저랭크 근사를 이용한 비지도 특징 선별 기법]
   └ 학회: 한국컴퓨터정보학회 (IF: 0.69)"
1237,2022,컴퓨터학,340161647,남수만,1,0.0,0.0,"[이산 사건 시스템 명세 시뮬레이션에서 원자 모델의 빠른 검증을 위한 스크립트 기반 테스트 시스템]
   └ 학회: 한국컴퓨터정보학회 (IF: 0.69)"
1238,2022,컴퓨터학,778837438,정승모,1,0.0,0.0,"[모델 검증 시스템을 활용한 함정전투체계 소프트웨어에 일관된 UML 모델 적용 방법에 관한 연구]
   └ 학회: 한국컴퓨터정보학회 (IF: 0.69)"
1239,2022,컴퓨터학,252140,이우진,1,0.0,0.0,"[모델 검증 시스템을 활용한 함정전투체계 소프트웨어에 일관된 UML 모델 적용 방법에 관한 연구]
   └ 학회: 한국컴퓨터정보학회 (IF: 0.69)"
1240,2022,컴퓨터학,777365055,유양우,1,0.0,0.0,"[소셜 빅데이터를 활용한 여행 경로 추천]
   └ 학회: 한국컴퓨터정보학회 (IF: 0.69)"
1241,2022,컴퓨터학,378058402,김성혁,1,0.0,0.0,"[소셜 빅데이터를 활용한 여행 경로 추천]
   └ 학회: 한국컴퓨터정보학회 (IF: 0.69)"
1242,2022,컴퓨터학,448346284,이신복,1,0.0,0.0,"[평생교육원 서비스 품질이 긍정심리자본을 통해 심리적 안녕감에 미치는 영향]
   └ 학회: 한국컴퓨터정보학회 (IF: 0.69)"
1243,2022,컴퓨터학,949659190,박찬욱,1,0.0,0.0,"[평생교육원 서비스 품질이 긍정심리자본을 통해 심리적 안녕감에 미치는 영향]
   └ 학회: 한국컴퓨터정보학회 (IF: 0.69)"
1244,2022,컴퓨터학,991232198,최재웅,1,0.0,0.0,"[채집 좌표 분석 기반 게임 봇 탐지]
   └ 학회: 한국컴퓨터정보학회 (IF: 0.69)"
1245,2022,컴퓨터학,936348956,김영수,1,0.0,0.0,"[코로나19 이후 비대면 수업이 간호대학생의 수업만족도에 미치는 영향]
   └ 학회: 한국컴퓨터정보학회 (IF: 0.69)"
1246,2022,컴퓨터학,435767146,최미숙,1,0.0,0.0,"[치과병원에서 진료시 발생하는 소음특성]
   └ 학회: 한국컴퓨터정보학회 (IF: 0.69)"
1247,2022,컴퓨터학,619762487,지동하,1,0.0,0.0,"[치과병원에서 진료시 발생하는 소음특성]
   └ 학회: 한국컴퓨터정보학회 (IF: 0.69)"
1248,2022,컴퓨터학,596821925,김찬양,1,0.0,0.0,"[체코 겟 업 운동이 사무직 여성의 기능적 움직임 및 동적 균형 능력에 미치는 영향]
   └ 학회: 한국컴퓨터정보학회 (IF: 0.69)"
1249,2022,컴퓨터학,861343709,Cui Dong,1,0.0,0.0,"[The effect of consumers’ awareness of e-commerce firms’ Corporate Social Responsibilities(CSR) activities on consumers’ purchase intentions]
   └ 학회: 한국컴퓨터정보학회 (IF: 0.69)"
1250,2022,컴퓨터학,776080433,이도현,1,0.0,0.0,"[영상, 활동, 라이다 센서를 융합한 1인 가구 구성원 이상 징후 탐지 알고리즘]
   └ 학회: 한국컴퓨터정보학회 (IF: 0.69)"
1251,2022,컴퓨터학,557436081,김삼택,1,0.0,0.0,"[NB-IoT를 기반으로 하는 차량 관제 시스템]
   └ 학회: 한국컴퓨터정보학회 (IF: 0.69)"
1252,2022,컴퓨터학,257206151,우희선,1,0.0,0.0,"[계속관리 대상자의 치위생사정 데이터 분석(20대 연령 중심으로)]
   └ 학회: 한국컴퓨터정보학회 (IF: 0.69)"
1253,2022,컴퓨터학,697557620,신양호,1,0.0,0.0,"[불안정 지지면 코어운동이 좌업근로 요통여성의 기능적 움직임, 균형력 및 통증에 미치는 영향]
   └ 학회: 한국컴퓨터정보학회 (IF: 0.69)"
1254,2022,컴퓨터학,855528812,엄용환,1,0.0,0.0,"[퍼뮤테이션 방법에 의한 여러 상관계수들의 등가성 검정]
   └ 학회: 한국컴퓨터정보학회 (IF: 0.69)"
1255,2022,컴퓨터학,842128634,조소현,1,0.0,0.0,"[해사데이터를 활용한 비즈니스 모델 개발]
   └ 학회: 한국컴퓨터정보학회 (IF: 0.69)"
1256,2022,컴퓨터학,662255796,이창희,1,0.0,0.0,"[해사데이터를 활용한 비즈니스 모델 개발]
   └ 학회: 한국컴퓨터정보학회 (IF: 0.69)"
1257,2022,컴퓨터학,323429649,정병권,1,0.0,0.0,"[빅데이터 분석을 위한 메모리 중심 컴퓨팅시스템 설계 및 구현]
   └ 학회: 한국컴퓨터정보학회 (IF: 0.69)"
1258,2022,컴퓨터학,249206113,정보성,1,0.0,0.0,"[빈번한 참조 패턴의 공격적인 데이터를 사용하여 저전력 L1 캐시 시스템 설계]
   └ 학회: 한국컴퓨터정보학회 (IF: 0.69)"
1259,2022,컴퓨터학,310891725,이정훈,1,0.0,0.0,"[빈번한 참조 패턴의 공격적인 데이터를 사용하여 저전력 L1 캐시 시스템 설계]
   └ 학회: 한국컴퓨터정보학회 (IF: 0.69)"
1260,2022,컴퓨터학,320199534,이완연,1,0.0,0.0,"[구별자 정보 은닉 기법을 이용한 해시 기반의 동영상 파일 동일성 분석 기법]
   └ 학회: 한국컴퓨터정보학회 (IF: 0.69)"
1261,2022,컴퓨터학,1824467,최윤석,1,0.0,0.0,"[구별자 정보 은닉 기법을 이용한 해시 기반의 동영상 파일 동일성 분석 기법]
   └ 학회: 한국컴퓨터정보학회 (IF: 0.69)"
1262,2022,컴퓨터학,881816200,이금분,1,0.0,0.0,"[GAN의 수정된 생성자에 의한 다중 도메인 스타일 트랜스퍼]
   └ 학회: 한국컴퓨터정보학회 (IF: 0.69)"
1263,2022,컴퓨터학,852324051,김성호,1,0.0,0.0,"[서버 시스템에서 대용량 데이터 송수신을 위한 컨테이너 기반 호스트 운영체제의 성능 비교 및 분석]
   └ 학회: 한국컴퓨터정보학회 (IF: 0.69)"
1264,2022,컴퓨터학,748416950,권오언,1,0.0,0.0,"[서버 시스템에서 대용량 데이터 송수신을 위한 컨테이너 기반 호스트 운영체제의 성능 비교 및 분석]
   └ 학회: 한국컴퓨터정보학회 (IF: 0.69)"
1265,2022,컴퓨터학,785946485,김정한,1,0.0,0.0,"[서버 시스템에서 대용량 데이터 송수신을 위한 컨테이너 기반 호스트 운영체제의 성능 비교 및 분석]
   └ 학회: 한국컴퓨터정보학회 (IF: 0.69)"
1266,2022,컴퓨터학,326873472,변지현,1,0.0,0.0,"[서버 시스템에서 대용량 데이터 송수신을 위한 컨테이너 기반 호스트 운영체제의 성능 비교 및 분석]
   └ 학회: 한국컴퓨터정보학회 (IF: 0.69)"
1267,2022,컴퓨터학,728231228,황상호,1,0.0,0.0,"[서버 시스템에서 대용량 데이터 송수신을 위한 컨테이너 기반 호스트 운영체제의 성능 비교 및 분석]
   └ 학회: 한국컴퓨터정보학회 (IF: 0.69)"
1268,2022,컴퓨터학,138989415,이영우,1,0.0,0.0,"[아동학대 현황 및 대응체계 연구]
   └ 학회: 한국컴퓨터정보학회 (IF: 0.69)"
1269,2022,컴퓨터학,567551684,장수연,1,0.0,0.0,"[아동학대 현황 및 대응체계 연구]
   └ 학회: 한국컴퓨터정보학회 (IF: 0.69)"
1270,2022,컴퓨터학,922159030,곽영식,1,0.0,0.0,"[케이팝 콘텐츠 업데이트 선호주기와 가격탄력성 차이 분석]
   └ 학회: 한국컴퓨터정보학회 (IF: 0.69)"
1271,2022,컴퓨터학,680097914,이윤경,1,0.0,0.0,"[케이팝 콘텐츠 업데이트 선호주기와 가격탄력성 차이 분석]
   └ 학회: 한국컴퓨터정보학회 (IF: 0.69)"
1272,2022,컴퓨터학,155983207,나병민,1,0.0,0.0,"[케이팝 콘텐츠 업데이트 선호주기와 가격탄력성 차이 분석]
   └ 학회: 한국컴퓨터정보학회 (IF: 0.69)"
1273,2022,컴퓨터학,686230424,전영주,1,0.0,0.0,"[A Study on the Effect of Proprioceptive Neuromuscular Facilitation Training by Meta-analysis - Focused on Balance and Gait Ability in Patients with Storke]
   └ 학회: 한국컴퓨터정보학회 (IF: 0.69)"
1274,2022,컴퓨터학,585908634,이법선,1,0.0,0.0,"[국가대표 태권도 시범단원이 지각하는 심리적계약과 직무만족, 조직신뢰 및 이직의도의 관계]
   └ 학회: 한국컴퓨터정보학회 (IF: 0.69)"
1275,2022,컴퓨터학,292316695,Myeong-Guk Choi,1,0.0,0.0,"[The Relationships among App Attribution, User satisfaction, Trust, and Continuous Use Intention: Focused on Mobile App of Bus Information]
   └ 학회: 한국컴퓨터정보학회 (IF: 0.69)"
1276,2022,컴퓨터학,388365890,신재익,1,0.0,0.0,"[The Relationships among App Attribution, User satisfaction, Trust, and Continuous Use Intention: Focused on Mobile App of Bus Information]
   └ 학회: 한국컴퓨터정보학회 (IF: 0.69)"
1277,2022,컴퓨터학,178241286,안영중,1,0.0,0.0,"[인공신경망을 활용한 LNG 운임예측]
   └ 학회: 한국컴퓨터정보학회 (IF: 0.69)"
1278,2022,컴퓨터학,261547872,Mei-Lin Jin,1,0.0,0.0,"[A study on the influence of customer perceived value on purchase intention of Chinese traditional music training institutions]
   └ 학회: 한국컴퓨터정보학회 (IF: 0.69)"
1279,2022,컴퓨터학,651008162,정진범,1,0.0,0.0,"[AR 코어를 이용한 모션 그래픽 가상 카메라 구현에 관한 연구]
   └ 학회: 한국컴퓨터정보학회 (IF: 0.69)"
1280,2022,컴퓨터학,289690266,이재수,1,0.0,0.0,"[AR 코어를 이용한 모션 그래픽 가상 카메라 구현에 관한 연구]
   └ 학회: 한국컴퓨터정보학회 (IF: 0.69)"
1281,2022,컴퓨터학,530285345,이승현,1,0.0,0.0,"[AR 코어를 이용한 모션 그래픽 가상 카메라 구현에 관한 연구]
   └ 학회: 한국컴퓨터정보학회 (IF: 0.69)"
1282,2022,컴퓨터학,975187285,이용환,1,0.0,0.0,"[영화에서 사용된 롱테이크 촬영에 대한 인식]
   └ 학회: 한국컴퓨터정보학회 (IF: 0.69)"
1283,2022,컴퓨터학,446660554,김정삼,1,0.0,0.0,"[사이버보안 실무전문가 양성을 위한 NCS기반 마이크로 디그리 인증 모델]
   └ 학회: 한국컴퓨터정보학회 (IF: 0.69)"
1284,2022,컴퓨터학,158039712,이규창,1,0.0,0.0,"[사이버보안 실무전문가 양성을 위한 NCS기반 마이크로 디그리 인증 모델]
   └ 학회: 한국컴퓨터정보학회 (IF: 0.69)"
1285,2022,컴퓨터학,448766980,전성해,1,0.0,0.0,"[감마 회귀모형과 시각화를 이용한 특허 키워드 분석]
   └ 학회: 한국컴퓨터정보학회 (IF: 0.69)"
1286,2022,컴퓨터학,919481883,송정은,1,0.0,0.0,"[텍스트 유사도를 활용한 경로 매칭 배송 추천 시스템]
   └ 학회: 한국컴퓨터정보학회 (IF: 0.69)"
1287,2022,컴퓨터학,177813135,송윤아,1,0.0,0.0,"[텍스트 유사도를 활용한 경로 매칭 배송 추천 시스템]
   └ 학회: 한국컴퓨터정보학회 (IF: 0.69)"
1288,2022,컴퓨터학,865071359,한현숙,1,0.0,0.0,"[남성용 상반신 보정속옷의 착용감과 만족도에 관한 연구]
   └ 학회: 한국컴퓨터정보학회 (IF: 0.69)"
1289,2022,컴퓨터학,5273699,한상곤,1,0.0,0.0,"[V2X 환경에서 Event-Sourcing과 CQRS 패턴을 사용한 BSM 프레임워크]
   └ 학회: 한국컴퓨터정보학회 (IF: 0.69)"
1290,2022,컴퓨터학,503270666,구은희,1,0.0,0.0,"[V2X 환경에서 Event-Sourcing과 CQRS 패턴을 사용한 BSM 프레임워크]
   └ 학회: 한국컴퓨터정보학회 (IF: 0.69)"
1291,2022,컴퓨터학,204434251,최정인,1,0.0,0.0,"[V2X 환경에서 Event-Sourcing과 CQRS 패턴을 사용한 BSM 프레임워크]
   └ 학회: 한국컴퓨터정보학회 (IF: 0.69)"
1292,2022,컴퓨터학,5280913,한승은,1,0.0,0.0,"[60분 심폐소생술이 구조자의 혈중 젖산 농도, 심박동수, 운동자각도에 미치는 영향]
   └ 학회: 한국컴퓨터정보학회 (IF: 0.69)"
1293,2022,컴퓨터학,264570168,방성환,1,0.0,0.0,"[60분 심폐소생술이 구조자의 혈중 젖산 농도, 심박동수, 운동자각도에 미치는 영향]
   └ 학회: 한국컴퓨터정보학회 (IF: 0.69)"
1294,2022,컴퓨터학,170665790,송효숙,1,0.0,0.0,"[60분 심폐소생술이 구조자의 혈중 젖산 농도, 심박동수, 운동자각도에 미치는 영향]
   └ 학회: 한국컴퓨터정보학회 (IF: 0.69)"
1295,2022,컴퓨터학,419812507,이종만,1,0.0,0.0,"[코로나19 엔데믹 상황에서 여가활동은 우울수준을 감소시키는가?: 오프라인 여가활동과 온라인 여가활동을 중심으로]
   └ 학회: 한국컴퓨터정보학회 (IF: 0.69)"
1296,2022,컴퓨터학,317016165,최락인,1,0.0,0.0,"[전통시장의 브랜드 전략을 통한 관광자원 특성화 정책에 관한 실증적 연구]
   └ 학회: 한국컴퓨터정보학회 (IF: 0.69)"
1297,2022,컴퓨터학,847023844,옥승호,1,0.0,0.0,"[소셜미디어기반의 지능적 피부 상태 진단 정보시스템 개발]
   └ 학회: 한국컴퓨터정보학회 (IF: 0.69)"
1298,2022,컴퓨터학,924572355,하얀,1,0.0,0.0,"[유아교육과 신입생의 디지털역량 강화를 위한 FOCUS 교수학습모형에 관한 연구]
   └ 학회: 한국컴퓨터정보학회 (IF: 0.69)"
1299,2022,컴퓨터학,146103882,임진혁,1,0.0,0.0,"[딥러닝과 의미론적 분할 기법을 이용한 각막궤양 영역 검출]
   └ 학회: 한국컴퓨터정보학회 (IF: 0.69)"
1300,2022,컴퓨터학,561462197,황준하,1,0.0,0.0,"[순회 왼판원 문제를 위한 지역 탐색의 그리디 기반 이웃해 생성 방법]
   └ 학회: 한국컴퓨터정보학회 (IF: 0.69)"
1301,2022,컴퓨터학,365702310,김용호,1,0.0,0.0,"[순회 왼판원 문제를 위한 지역 탐색의 그리디 기반 이웃해 생성 방법]
   └ 학회: 한국컴퓨터정보학회 (IF: 0.69)"
1302,2022,컴퓨터학,328638431,김상현,1,0.0,0.0,"[포스트식민주의적 해적연구와 글로벌통제시스템으로서의 지식재산권 체제]
   └ 학회: 한국컴퓨터정보학회 (IF: 0.69)"
1303,2022,컴퓨터학,550857458,이동원,1,0.0,0.0,"[잠수함 전투체계 가상화 적용가능성 연구]
   └ 학회: 한국컴퓨터정보학회 (IF: 0.69)"
1304,2022,컴퓨터학,238933158,배병구,1,0.0,0.0,"[잠수함 전투체계 가상화 적용가능성 연구]
   └ 학회: 한국컴퓨터정보학회 (IF: 0.69)"
1305,2022,컴퓨터학,225237241,조규성,1,0.0,0.0,"[잠수함 전투체계 가상화 적용가능성 연구]
   └ 학회: 한국컴퓨터정보학회 (IF: 0.69)"
1306,2022,컴퓨터학,299700269,하민우,1,0.0,0.0,"[증강현실 기술을 이용한 화학 학습 어플리케이션 디자인]
   └ 학회: 한국컴퓨터정보학회 (IF: 0.69)"
1307,2022,컴퓨터학,974789925,박정현,1,0.0,0.0,"[Relationship among necessity, importance of creative teaching methods, and strengthening core competencies]
   └ 학회: 한국컴퓨터정보학회 (IF: 0.69)"
1308,2022,컴퓨터학,4588016,Min-Jeong Kim,1,0.0,0.0,"[Relationship among necessity, importance of creative teaching methods, and strengthening core competencies]
   └ 학회: 한국컴퓨터정보학회 (IF: 0.69)"
1309,2022,컴퓨터학,717237578,윤종욱,1,0.0,0.0,"[인구통계적 특성과 이용 특성이 모바일 쇼핑중독에 미치는 영향에 관한 연구: 국적의 조절효과를 중심으로]
   └ 학회: 한국컴퓨터정보학회 (IF: 0.69)"
1310,2022,컴퓨터학,408900546,Shuo Li,1,0.0,0.0,"[Research on the Continuous Use Intention of Mobile Bus Payment App from the Perspective of user Quality Perception]
   └ 학회: 한국컴퓨터정보학회 (IF: 0.69)"
1311,2022,컴퓨터학,871636479,Congying Sun,1,0.0,0.0,"[Research on the Continuous Use Intention of Mobile Bus Payment App from the Perspective of user Quality Perception]
   └ 학회: 한국컴퓨터정보학회 (IF: 0.69)"
1312,2022,컴퓨터학,492034481,Hang Li,1,0.0,0.0,"[Comparison of Innovation Capabilities – The Case of Chinese Regions –]
   └ 학회: 한국컴퓨터정보학회 (IF: 0.69)"
1313,2022,컴퓨터학,380075576,김상욱,1,0.0,0.0,"[Comparison of Innovation Capabilities – The Case of Chinese Regions –]
   └ 학회: 한국컴퓨터정보학회 (IF: 0.69)"
1314,2022,컴퓨터학,338931758,ZHUO LI,1,0.0,0.0,"[Market sentiment and its effect on real estate return: evidence from China Shenzhen]
   └ 학회: 한국컴퓨터정보학회 (IF: 0.69)"
1315,2022,컴퓨터학,933981084,이은상,1,0.0,0.0,"[찾아가는 피지컬 컴퓨팅 체험 교육 프로그램 개발 및 적용]
   └ 학회: 한국컴퓨터정보학회 (IF: 0.69)"
1316,2022,컴퓨터학,725981145,최명숙,1,0.0,0.0,"[SW교육에서 자기주도학습능력 및 협업능력이 학습태도를 매개로 교육만족도에 미치는 영향: A광역시 중·고등학생을 대상으로]
   └ 학회: 한국컴퓨터정보학회 (IF: 0.69)"
1317,2022,컴퓨터학,5126095,강동희,1,0.0,0.0,"[SW교육에서 자기주도학습능력 및 협업능력이 학습태도를 매개로 교육만족도에 미치는 영향: A광역시 중·고등학생을 대상으로]
   └ 학회: 한국컴퓨터정보학회 (IF: 0.69)"
1318,2022,컴퓨터학,123190246,박대현,1,0.0,0.0,"[효율적인 검출 기반 추적 메커니즘을 위한 자가 학습 기반 검출기 스케줄러]
   └ 학회: 한국컴퓨터정보학회 (IF: 0.69)"
1319,2022,컴퓨터학,681516488,이성호,1,0.0,0.0,"[효율적인 검출 기반 추적 메커니즘을 위한 자가 학습 기반 검출기 스케줄러]
   └ 학회: 한국컴퓨터정보학회 (IF: 0.69)"
1320,2022,컴퓨터학,904241288,배승환,1,0.0,0.0,"[효율적인 검출 기반 추적 메커니즘을 위한 자가 학습 기반 검출기 스케줄러]
   └ 학회: 한국컴퓨터정보학회 (IF: 0.69)"
1321,2022,컴퓨터학,690276622,김병규,1,0.0,0.0,"[국내 재난안전 분야 연구현황 분석: 방재 및 안전공학 관련학과의 학술지 논문을 중심으로]
   └ 학회: 한국컴퓨터정보학회 (IF: 0.69)"
1322,2022,컴퓨터학,384299083,유범종,1,0.0,0.0,"[국내 재난안전 분야 연구현황 분석: 방재 및 안전공학 관련학과의 학술지 논문을 중심으로]
   └ 학회: 한국컴퓨터정보학회 (IF: 0.69)"
1323,2022,컴퓨터학,811841067,심형섭,1,0.0,0.0,"[국내 재난안전 분야 연구현황 분석: 방재 및 안전공학 관련학과의 학술지 논문을 중심으로]
   └ 학회: 한국컴퓨터정보학회 (IF: 0.69)"
1324,2022,컴퓨터학,753534826,이수진,1,0.0,0.0,"[온라인 패션상품 브라우징의 유인요소와 저해요소]
   └ 학회: 한국컴퓨터정보학회 (IF: 0.69)"
1325,2022,컴퓨터학,377435752,이진화,1,0.0,0.0,"[온라인 패션상품 브라우징의 유인요소와 저해요소]
   └ 학회: 한국컴퓨터정보학회 (IF: 0.69)"
1326,2022,컴퓨터학,377380086,손원호,1,0.0,0.0,"[소셜 미디어 스포츠광고의 인게이지먼트가 제품 신뢰 및 구매 의도에 미치는 영향]
   └ 학회: 한국컴퓨터정보학회 (IF: 0.69)"
1327,2022,컴퓨터학,4333594,조석향,1,0.0,0.0,"[등간격 사각형 배열을 이용한 효율적인 직접 신호-기반의 도래각 추정]
   └ 학회: 한국컴퓨터정보학회 (IF: 0.69)"
1328,2022,컴퓨터학,536617627,이종득,1,0.0,0.0,"[5G 기반의 D2D 스트리밍을 위한 트래픽-지향의 스트림 스케줄링]
   └ 학회: 한국컴퓨터정보학회 (IF: 0.69)"
1329,2022,컴퓨터학,915557740,조병준,1,0.0,0.0,"[Effects of Tai Chi on Cardiovascular Disease Risk Factors among the Korean Elderly]
   └ 학회: 한국컴퓨터정보학회 (IF: 0.69)"
1330,2022,컴퓨터학,644797979,김선예,1,0.0,0.0,"[Effects of Tai Chi on Cardiovascular Disease Risk Factors among the Korean Elderly]
   └ 학회: 한국컴퓨터정보학회 (IF: 0.69)"
1331,2022,컴퓨터학,442471954,김유진,1,0.0,0.0,"[SNS에서의 정보 프라이버시 염려와 신뢰에 관한 연구]
   └ 학회: 한국컴퓨터정보학회 (IF: 0.69)"
1332,2022,컴퓨터학,4834906,현호석,1,0.0,0.0,"[OTT 서비스 선택요인에 대한 계층분석과정의 적용]
   └ 학회: 한국컴퓨터정보학회 (IF: 0.69)"
1333,2022,컴퓨터학,768457919,김헌주,1,0.0,0.0,"[전교생 대상 IT 교과과정 강의평가에 대한 연구]
   └ 학회: 한국컴퓨터정보학회 (IF: 0.69)"
1334,2022,컴퓨터학,441657642,김경미,1,0.0,0.0,"[전교생 대상 IT 교과과정 강의평가에 대한 연구]
   └ 학회: 한국컴퓨터정보학회 (IF: 0.69)"
1335,2022,컴퓨터학,203751903,이강,1,0.0,0.0,"[전교생 대상 IT 교과과정 강의평가에 대한 연구]
   └ 학회: 한국컴퓨터정보학회 (IF: 0.69)"
1336,2022,컴퓨터학,452776016,이현경,1,0.0,0.0,"[디지털 혁신공유대학 온라인 수업만족도 및 학습자의 핵심역량에 미치는 영향 분석]
   └ 학회: 한국컴퓨터정보학회 (IF: 0.69)"
1337,2022,컴퓨터학,198986249,최종인,1,0.0,0.0,"[레이트레이싱 기반 회절을 이용한 가상 환경에서의 효율적인 사운드 제어 기법]
   └ 학회: 한국컴퓨터정보학회 (IF: 0.69)"
1338,2022,컴퓨터학,833866974,장은겸,1,0.0,0.0,"[클라우드 컴퓨팅 환경에서의 디지털 콘텐츠 인증에 관한 연구]
   └ 학회: 한국컴퓨터정보학회 (IF: 0.69)"
1339,2022,컴퓨터학,787717070,김영민,1,0.0,0.0,"[솔더 프린터 노즐 청소를 위한 효률적인 방법]
   └ 학회: 한국컴퓨터정보학회 (IF: 0.69)"
1340,2022,컴퓨터학,966144208,김치수,1,0.0,0.0,"[솔더 프린터 노즐 청소를 위한 효률적인 방법]
   └ 학회: 한국컴퓨터정보학회 (IF: 0.69)"
1341,2022,컴퓨터학,381503714,전동하,1,0.0,0.0,"[PCA 기반 API Call 정보의 차원 축소를 통한 경량화된 안드로이드 악성코드 분류 모델]
   └ 학회: 한국컴퓨터정보학회 (IF: 0.69)"
1342,2022,컴퓨터학,983017675,김종주,1,0.0,0.0,"[QR코드를 이용한 모바일 HMI 통신 설정 환경 구현]
   └ 학회: 한국컴퓨터정보학회 (IF: 0.69)"
1343,2022,컴퓨터학,729011187,남흥식,1,0.0,0.0,"[스마트폰을 이용한 고양이 건강관리 기기 개발]
   └ 학회: 한국컴퓨터정보학회 (IF: 0.69)"
1344,2022,컴퓨터학,773305980,이문주,1,0.0,0.0,"[스마트폰을 이용한 고양이 건강관리 기기 개발]
   └ 학회: 한국컴퓨터정보학회 (IF: 0.69)"
1345,2022,컴퓨터학,457454018,김건아,1,0.0,0.0,"[스마트폰을 이용한 고양이 건강관리 기기 개발]
   └ 학회: 한국컴퓨터정보학회 (IF: 0.69)"
1346,2022,컴퓨터학,648612355,김우찬,1,0.0,0.0,"[PPG 센서를 이용한 반려동물용 SPO₂ 웨어러블 장치의 설계 및 구현]
   └ 학회: 한국컴퓨터정보학회 (IF: 0.69)"
1347,2022,컴퓨터학,680333477,Juyeong An,1,0.0,0.0,"[The Effect of Bag-Valve Mask Using Skill Education with Flowmeter]
   └ 학회: 한국컴퓨터정보학회 (IF: 0.69)"
1348,2022,컴퓨터학,397815334,김환희,1,0.0,0.0,"[The Effect of Bag-Valve Mask Using Skill Education with Flowmeter]
   └ 학회: 한국컴퓨터정보학회 (IF: 0.69)"
1349,2022,컴퓨터학,710074893,윤형완,1,0.0,0.0,"[The Effect of Bag-Valve Mask Using Skill Education with Flowmeter]
   └ 학회: 한국컴퓨터정보학회 (IF: 0.69)"
1350,2022,컴퓨터학,131361086,박세주,1,0.0,0.0,"[협응이동훈련이 고등학교 야구선수들의 신체 정렬에 미치는 영향]
   └ 학회: 한국컴퓨터정보학회 (IF: 0.69)"
1351,2022,컴퓨터학,793312825,문재영,1,0.0,0.0,"[직장내 괴롭힘과 직무소진이 조직몰입과 이직의도에 미치는 영향에 관한 연구: 치과의원을 중심으로]
   └ 학회: 한국컴퓨터정보학회 (IF: 0.69)"
1352,2022,컴퓨터학,564180023,Ying Yu,1,0.0,0.0,"[Research on impulse purchase of live e-commerce platform users based on ELM model in China]
   └ 학회: 한국컴퓨터정보학회 (IF: 0.69)"
1353,2022,컴퓨터학,833221530,Ziyang Liu,1,0.0,0.0,"[Research on impulse purchase of live e-commerce platform users based on ELM model in China]
   └ 학회: 한국컴퓨터정보학회 (IF: 0.69)"
1354,2022,컴퓨터학,697002344,Dan Guo,1,0.0,0.0,"[A Study on the Current Situation of the Social Mentality of Primary and Secondary School Teachers in China and the Corresponding Countermeasure]
   └ 학회: 한국컴퓨터정보학회 (IF: 0.69)"
1355,2022,컴퓨터학,266444896,이민경,1,0.0,0.0,"[컴퓨팅사고력을 적용한 파이썬 교육 프로그램 개발]
   └ 학회: 한국컴퓨터정보학회 (IF: 0.69)"
1356,2022,컴퓨터학,174071798,김용석,1,0.0,0.0,"[플래시 메모리 기반의 F2FS 파일시스템을 위한 인덱스 구조의 개선]
   └ 학회: 한국컴퓨터정보학회 (IF: 0.69)"
1357,2022,컴퓨터학,929819083,강석현,1,0.0,0.0,"[전투체계의 사용자 수준의 파일시스템 설계 및 구현]
   └ 학회: 한국컴퓨터정보학회 (IF: 0.69)"
1358,2022,컴퓨터학,512057494,김근희,1,0.0,0.0,"[전투체계의 사용자 수준의 파일시스템 설계 및 구현]
   └ 학회: 한국컴퓨터정보학회 (IF: 0.69)"
1359,2022,컴퓨터학,720352531,박상수,1,0.0,0.0,"[지능형 PMU 기반 에너지 하베스팅 시스템을 지원하는 확장된 ED-H 실시간 스케줄링 알고리즘]
   └ 학회: 한국컴퓨터정보학회 (IF: 0.69)"
1360,2022,컴퓨터학,974030724,정영섭,1,0.0,0.0,"[상대적인 시간정보의 규칙기반 정규화]
   └ 학회: 한국컴퓨터정보학회 (IF: 0.69)"
1361,2022,컴퓨터학,973350095,임채균,1,0.0,0.0,"[상대적인 시간정보의 규칙기반 정규화]
   └ 학회: 한국컴퓨터정보학회 (IF: 0.69)"
1362,2022,컴퓨터학,217398396,이승동,1,0.0,0.0,"[상대적인 시간정보의 규칙기반 정규화]
   └ 학회: 한국컴퓨터정보학회 (IF: 0.69)"
1363,2022,컴퓨터학,480279156,Medard Edmund Mswahili,1,0.0,0.0,"[상대적인 시간정보의 규칙기반 정규화]
   └ 학회: 한국컴퓨터정보학회 (IF: 0.69)"
1364,2022,컴퓨터학,235035218,Goodwill Erasmo Ndomba,1,0.0,0.0,"[상대적인 시간정보의 규칙기반 정규화]
   └ 학회: 한국컴퓨터정보학회 (IF: 0.69)"
1365,2022,컴퓨터학,715660084,최호진,1,0.0,0.0,"[상대적인 시간정보의 규칙기반 정규화]
   └ 학회: 한국컴퓨터정보학회 (IF: 0.69)"
1366,2022,컴퓨터학,799514603,유가람,1,0.0,0.0,"[인스타그래머블 전시 관람의 지속적 이용 의사에 영향을 미치는 요인에 관한 연구: 〈우연히 웨스 앤더슨〉전시 사례를 중심으로]
   └ 학회: 한국컴퓨터정보학회 (IF: 0.69)"
1367,2022,컴퓨터학,141490581,손상길,1,0.0,0.0,"[잠수함 전투체계 도커 기반 서버 가상화 설계 및 성능분석 연구]
   └ 학회: 한국컴퓨터정보학회 (IF: 0.69)"
1368,2022,컴퓨터학,427926011,박경민,1,0.0,0.0,"[지상기지국을 보조하는 UxNB의 진본성 검증 연구]
   └ 학회: 한국컴퓨터정보학회 (IF: 0.69)"
1369,2022,컴퓨터학,705950148,김종현,1,0.0,0.0,"[지상기지국을 보조하는 UxNB의 진본성 검증 연구]
   └ 학회: 한국컴퓨터정보학회 (IF: 0.69)"
1370,2022,컴퓨터학,145224461,송승민,1,0.0,0.0,"[Geo-Indistinguishability를 활용한 위치 기반 서비스에서의 프라이버시 보존 사용자 분포도 예측]
   └ 학회: 한국컴퓨터정보학회 (IF: 0.69)"
1371,2022,컴퓨터학,832650636,김종욱,1,0.0,0.0,"[Geo-Indistinguishability를 활용한 위치 기반 서비스에서의 프라이버시 보존 사용자 분포도 예측]
   └ 학회: 한국컴퓨터정보학회 (IF: 0.69)"
1372,2022,컴퓨터학,631946578,강창훈,1,0.0,0.0,"[효율적인 조직 소프트웨어 패치 관리 방법에 관한 연구]
   └ 학회: 한국컴퓨터정보학회 (IF: 0.69)"
1373,2022,컴퓨터학,399667657,정하나,1,0.0,0.0,"[공공데이터 품질관리 수준 평가 도메인 규칙 매핑 모델 제안]
   └ 학회: 한국컴퓨터정보학회 (IF: 0.69)"
1374,2022,컴퓨터학,134628513,정영석,1,0.0,0.0,"[공공데이터 품질관리 수준 평가 도메인 규칙 매핑 모델 제안]
   └ 학회: 한국컴퓨터정보학회 (IF: 0.69)"
1375,2022,컴퓨터학,226890882,서창원,1,0.0,0.0,"[함정 전투체계에서의 사후분석 개발 프로세스 개선 방안에 관한 연구]
   └ 학회: 한국컴퓨터정보학회 (IF: 0.69)"
1376,2022,컴퓨터학,981525548,정용규,1,0.0,0.0,"[함정 전투관리체계 메시지 구조 무결성 검증을 위한 연구]
   └ 학회: 한국컴퓨터정보학회 (IF: 0.69)"
1377,2022,컴퓨터학,435426906,유천,1,0.0,0.0,"[해양 레저 스포츠 참여동기 유형에 따른 레저스포츠웨어의 소비자 요구 차이와 의류개발 시사점 연구]
   └ 학회: 한국컴퓨터정보학회 (IF: 0.69)"
1378,2022,컴퓨터학,616572355,한송이,1,0.0,0.0,"[Borich 요구도와 LF 모델을 이용한 응급구조학과 학생들의 전공 교육과정 요구도 분석]
   └ 학회: 한국컴퓨터정보학회 (IF: 0.69)"
1379,2022,컴퓨터학,905175978,Kyung-Tae Lee,1,0.0,0.0,"[A mean-absolute-deviation based method for optimizing skid sequence in shipyard subassembly]
   └ 학회: 한국컴퓨터정보학회 (IF: 0.69)"
1380,2022,컴퓨터학,929327349,권영근,1,0.0,0.0,"[A mean-absolute-deviation based method for optimizing skid sequence in shipyard subassembly]
   └ 학회: 한국컴퓨터정보학회 (IF: 0.69)"
1381,2022,컴퓨터학,485890377,유제복,1,0.0,0.0,"[전문직업관과 비판적 사고성향 구성요인이 직무수행 능력에 미치는 영향]
   └ 학회: 한국컴퓨터정보학회 (IF: 0.69)"
1382,2022,컴퓨터학,418825605,Qiao Yang,1,0.0,0.0,"[Research on the influencing factors of new energy vehicles Based on VAM theory and Environmental awareness theory]
   └ 학회: 한국컴퓨터정보학회 (IF: 0.69)"
1383,2022,컴퓨터학,970258780,오수빈,1,0.0,0.0,"[사무용 SW 프로세스 메모리 데이터 분석]
   └ 학회: 한국디지털포렌식학회 (IF: 0.65)"
1384,2022,컴퓨터학,940471569,장준영,1,0.0,0.0,"[HTML 및 URL 특징을 이용한 유해사이트 수집 시스템]
   └ 학회: 한국디지털포렌식학회 (IF: 0.65)"
1385,2022,컴퓨터학,516834424,임경대,1,0.0,0.0,"[HTML 및 URL 특징을 이용한 유해사이트 수집 시스템]
   └ 학회: 한국디지털포렌식학회 (IF: 0.65)"
1386,2022,컴퓨터학,365440859,김승환,1,0.0,0.0,"[랜섬웨어에서 메모리 덤프를 통한 파일 복호화에 관한 연구]
   └ 학회: 한국디지털포렌식학회 (IF: 0.65)"
1387,2022,컴퓨터학,5172569,최영철,1,0.0,0.0,"[불법 웹툰 사이트 정보를 통한 사이트 연관성 분석]
   └ 학회: 한국디지털포렌식학회 (IF: 0.65)"
1388,2022,컴퓨터학,375283702,임민택,1,0.0,0.0,"[메모리 분석 기반의 암호화폐 트랜잭션 정보 추출 방안 연구]
   └ 학회: 한국디지털포렌식학회 (IF: 0.65)"
1389,2022,컴퓨터학,275205236,강정윤,1,0.0,0.0,"[메모리 분석 기반의 암호화폐 트랜잭션 정보 추출 방안 연구]
   └ 학회: 한국디지털포렌식학회 (IF: 0.65)"
1390,2022,컴퓨터학,4614579,박준성,1,0.0,0.0,"[메모리 분석 기반의 암호화폐 트랜잭션 정보 추출 방안 연구]
   └ 학회: 한국디지털포렌식학회 (IF: 0.65)"
1391,2022,컴퓨터학,471617203,이문규,1,0.0,0.0,"[메모리 분석 기반의 암호화폐 트랜잭션 정보 추출 방안 연구]
   └ 학회: 한국디지털포렌식학회 (IF: 0.65)"
1392,2022,컴퓨터학,452530027,정현덕,1,0.0,0.0,"[메모리 분석 기반의 암호화폐 트랜잭션 정보 추출 방안 연구]
   └ 학회: 한국디지털포렌식학회 (IF: 0.65)"
1393,2022,컴퓨터학,660240826,서정택,1,0.0,0.0,"[메모리 분석 기반의 암호화폐 트랜잭션 정보 추출 방안 연구]
   └ 학회: 한국디지털포렌식학회 (IF: 0.65)"
1394,2022,컴퓨터학,669240171,박남인,1,0.0,0.0,"[삼성 스마트폰에서 생성된 통화녹음파일에 대한 위변조 검출을 위한 법과학적 분석 방법]
   └ 학회: 한국디지털포렌식학회 (IF: 0.65)"
1395,2022,컴퓨터학,577215689,이지우,1,0.0,0.0,"[삼성 스마트폰에서 생성된 통화녹음파일에 대한 위변조 검출을 위한 법과학적 분석 방법]
   └ 학회: 한국디지털포렌식학회 (IF: 0.65)"
1396,2022,컴퓨터학,913018954,김진환,1,0.0,0.0,"[삼성 스마트폰에서 생성된 통화녹음파일에 대한 위변조 검출을 위한 법과학적 분석 방법]
   └ 학회: 한국디지털포렌식학회 (IF: 0.65)"
1397,2022,컴퓨터학,130772825,임재성,1,0.0,0.0,"[삼성 스마트폰에서 생성된 통화녹음파일에 대한 위변조 검출을 위한 법과학적 분석 방법]
   └ 학회: 한국디지털포렌식학회 (IF: 0.65)"
1398,2022,컴퓨터학,476561458,나기현,1,0.0,0.0,"[삼성 스마트폰에서 생성된 통화녹음파일에 대한 위변조 검출을 위한 법과학적 분석 방법]
   └ 학회: 한국디지털포렌식학회 (IF: 0.65)"
1399,2022,컴퓨터학,645660318,전옥엽,1,0.0,0.0,"[삼성 스마트폰에서 생성된 통화녹음파일에 대한 위변조 검출을 위한 법과학적 분석 방법]
   └ 학회: 한국디지털포렌식학회 (IF: 0.65)"
1400,2022,컴퓨터학,824846207,정재훈,1,0.0,0.0,"[NTFS $LogFile를 이용한 MS Office 문서 열람 및 작성 흔적 조사에 관한 연구]
   └ 학회: 한국디지털포렌식학회 (IF: 0.65)"
1401,2022,컴퓨터학,896029229,박상준,1,0.0,0.0,"[NTFS $LogFile를 이용한 MS Office 문서 열람 및 작성 흔적 조사에 관한 연구]
   └ 학회: 한국디지털포렌식학회 (IF: 0.65)"
1402,2022,컴퓨터학,890359666,안정언,1,0.0,0.0,"[비트코인 지갑의 아티팩트 분석 연구]
   └ 학회: 한국디지털포렌식학회 (IF: 0.65)"
1403,2022,컴퓨터학,464803297,송경식,1,0.0,0.0,"[webOS 기반 스마트 TV 아티팩트 분석]
   └ 학회: 한국디지털포렌식학회 (IF: 0.65)"
1404,2022,컴퓨터학,791937322,임재혁,1,0.0,0.0,"[webOS 기반 스마트 TV 아티팩트 분석]
   └ 학회: 한국디지털포렌식학회 (IF: 0.65)"
1405,2022,컴퓨터학,874390101,전민재,1,0.0,0.0,"[webOS 기반 스마트 TV 아티팩트 분석]
   └ 학회: 한국디지털포렌식학회 (IF: 0.65)"
1406,2022,컴퓨터학,172216838,황예성,1,0.0,0.0,"[사이버 위협정보 검색 서비스를 활용한 불법사이트 실 IP 주소 추적 기법]
   └ 학회: 한국디지털포렌식학회 (IF: 0.65)"
1407,2022,컴퓨터학,428461006,정웅길,1,0.0,0.0,"[경 · 검 수사권 조정에 따른 디지털증거 인수 · 인계 과정상 증거능력 유지방안]
   └ 학회: 한국디지털포렌식학회 (IF: 0.65)"
1408,2022,컴퓨터학,976099244,박조원,1,0.0,0.0,"[상품권 탈취형 메신저 피싱 대응 방안]
   └ 학회: 한국디지털포렌식학회 (IF: 0.65)"
1409,2022,컴퓨터학,468877492,송선범,1,0.0,0.0,"[무선 디지털카메라의 소유자 특정 방안에 대한 연구]
   └ 학회: 한국디지털포렌식학회 (IF: 0.65)"
1410,2022,컴퓨터학,857560427,김경종,1,0.0,0.0,"[형사사건 수사기록 비식별화 방안에 관한 연구]
   └ 학회: 한국디지털포렌식학회 (IF: 0.65)"
1411,2022,컴퓨터학,287995603,배소은,1,0.0,0.0,"[형사사건 수사기록 비식별화 방안에 관한 연구]
   └ 학회: 한국디지털포렌식학회 (IF: 0.65)"
1412,2022,컴퓨터학,965989364,우병관,1,0.0,0.0,"[형사사건 수사기록 비식별화 방안에 관한 연구]
   └ 학회: 한국디지털포렌식학회 (IF: 0.65)"
1413,2022,컴퓨터학,271685274,김지온,1,0.0,0.0,"[형사사건 수사기록 비식별화 방안에 관한 연구]
   └ 학회: 한국디지털포렌식학회 (IF: 0.65)"
1414,2022,컴퓨터학,217446707,정수은,1,0.0,0.0,"[윈도우 환경에서의 Wickr 메신저 포렌식 분석]
   └ 학회: 한국디지털포렌식학회 (IF: 0.65)"
1415,2022,컴퓨터학,227467516,이용성,1,0.0,0.0,"[NIST 경량암호 공모 최종 후보 10종에 대한 경량 AEAD 최신 동향]
   └ 학회: 한국정보보호학회 (IF: 0.39)"
1416,2022,컴퓨터학,5089595,김성수,1,0.0,0.0,"[Electron App의 메시지 획득 방안에 관한 연구: 협업 툴 잔디, 슬랙, 팀즈 중심으로]
   └ 학회: 한국정보보호학회 (IF: 0.39)"
1417,2022,컴퓨터학,4597747,이성진,1,0.0,0.0,"[Electron App의 메시지 획득 방안에 관한 연구: 협업 툴 잔디, 슬랙, 팀즈 중심으로]
   └ 학회: 한국정보보호학회 (IF: 0.39)"
1418,2022,컴퓨터학,416092176,서강욱,1,0.0,0.0,"[시퀀스 유사도 기반 무인 비행체 이상 탐지 시스템]
   └ 학회: 한국정보보호학회 (IF: 0.39)"
1419,2022,컴퓨터학,637694067,김광준,1,0.0,0.0,"[심볼 테이블을 이용한 펌웨어 리눅스 커널 버전 정적 식별 기법]
   └ 학회: 한국정보보호학회 (IF: 0.39)"
1420,2022,컴퓨터학,4620218,최여정,1,0.0,0.0,"[심볼 테이블을 이용한 펌웨어 리눅스 커널 버전 정적 식별 기법]
   └ 학회: 한국정보보호학회 (IF: 0.39)"
1421,2022,컴퓨터학,298748548,김윤정,1,0.0,0.0,"[심볼 테이블을 이용한 펌웨어 리눅스 커널 버전 정적 식별 기법]
   └ 학회: 한국정보보호학회 (IF: 0.39)"
1422,2022,컴퓨터학,581602062,문현준,1,0.0,0.0,"[질의 효율적인 의사 결정 공격을 통한 오디오 적대적 예제 생성 연구]
   └ 학회: 한국정보보호학회 (IF: 0.39)"
1423,2022,컴퓨터학,858106148,김진수,1,0.0,0.0,"[사이버공격 융합 동향 분석을 위한 딥러닝 기반 보안 취약점 분석 자동화 메커니즘]
   └ 학회: 한국정보보호학회 (IF: 0.39)"
1424,2022,컴퓨터학,915838967,박남제,1,0.0,0.0,"[사이버공격 융합 동향 분석을 위한 딥러닝 기반 보안 취약점 분석 자동화 메커니즘]
   └ 학회: 한국정보보호학회 (IF: 0.39)"
1425,2022,컴퓨터학,571327378,김현석,1,0.0,0.0,"[공공부문 보안취약점 감사 효율화 방안에 관한 연구]
   └ 학회: 한국정보보호학회 (IF: 0.39)"
1426,2022,컴퓨터학,253454,이현진,1,0.0,0.0,"[제로 트러스트(Zero-Trust) 기반의 스마트시티 공급망 보안모델 연구]
   └ 학회: 한국정보보호학회 (IF: 0.39)"
1427,2022,컴퓨터학,701339584,손경호,1,0.0,0.0,"[제로 트러스트(Zero-Trust) 기반의 스마트시티 공급망 보안모델 연구]
   └ 학회: 한국정보보호학회 (IF: 0.39)"
1428,2022,컴퓨터학,872943518,양유진,1,0.0,0.0,"[32-Bit RISC-V상에서의 LEA 경량 블록 암호 GCM 운용 모드 구현]
   └ 학회: 한국정보보호학회 (IF: 0.39)"
1429,2022,컴퓨터학,757908738,유재일,1,0.0,0.0,"[자체 수정 코드를 탐지하는 정적 분석 방법의 LLVM 프레임워크 기반 구현 및 실험]
   └ 학회: 한국정보보호학회 (IF: 0.39)"
1430,2022,컴퓨터학,516684029,최광훈,1,0.0,0.0,"[자체 수정 코드를 탐지하는 정적 분석 방법의 LLVM 프레임워크 기반 구현 및 실험]
   └ 학회: 한국정보보호학회 (IF: 0.39)"
1431,2022,컴퓨터학,691225163,구동영,1,0.0,0.0,"[머신러닝을 활용한 알려지지 않은 암호통신 프로토콜 식별 및 패킷 분류]
   └ 학회: 한국정보보호학회 (IF: 0.39)"
1432,2022,컴퓨터학,961954300,유명성,1,0.0,0.0,"[BPFast: 클라우드 환경을 위한 eBPF/XDP 기반 고속 네트워크 패킷 페이로드 검사 시스템]
   └ 학회: 한국정보보호학회 (IF: 0.39)"
1433,2022,컴퓨터학,279240884,김진우,1,0.0,0.0,"[BPFast: 클라우드 환경을 위한 eBPF/XDP 기반 고속 네트워크 패킷 페이로드 검사 시스템]
   └ 학회: 한국정보보호학회 (IF: 0.39)"
1434,2022,컴퓨터학,252279757,신승원,1,0.0,0.0,"[BPFast: 클라우드 환경을 위한 eBPF/XDP 기반 고속 네트워크 패킷 페이로드 검사 시스템]
   └ 학회: 한국정보보호학회 (IF: 0.39)"
1435,2022,컴퓨터학,702534714,박태준,1,0.0,0.0,"[BPFast: 클라우드 환경을 위한 eBPF/XDP 기반 고속 네트워크 패킷 페이로드 검사 시스템]
   └ 학회: 한국정보보호학회 (IF: 0.39)"
1436,2022,컴퓨터학,980330365,김영필,1,0.0,0.0,"[ARM 캐시 일관성 인터페이스를 이용한 안드로이드 OS의 스크린 잠금 기능 부채널 공격]
   └ 학회: 한국정보보호학회 (IF: 0.39)"
1437,2022,컴퓨터학,359293284,이경운,1,0.0,0.0,"[ARM 캐시 일관성 인터페이스를 이용한 안드로이드 OS의 스크린 잠금 기능 부채널 공격]
   └ 학회: 한국정보보호학회 (IF: 0.39)"
1438,2022,컴퓨터학,523425005,유시환,1,0.0,0.0,"[ARM 캐시 일관성 인터페이스를 이용한 안드로이드 OS의 스크린 잠금 기능 부채널 공격]
   └ 학회: 한국정보보호학회 (IF: 0.39)"
1439,2022,컴퓨터학,168229776,유혁,1,0.0,0.0,"[ARM 캐시 일관성 인터페이스를 이용한 안드로이드 OS의 스크린 잠금 기능 부채널 공격]
   └ 학회: 한국정보보호학회 (IF: 0.39)"
1440,2022,컴퓨터학,516584743,신미주,1,0.0,0.0,"[공개 데이터를 활용한 제어시스템 취약점 분석 방안 연구]
   └ 학회: 한국정보보호학회 (IF: 0.39)"
1441,2022,컴퓨터학,576979737,윤성수,1,0.0,0.0,"[공개 데이터를 활용한 제어시스템 취약점 분석 방안 연구]
   └ 학회: 한국정보보호학회 (IF: 0.39)"
1442,2022,컴퓨터학,429453505,엄익채,1,0.0,0.0,"[공개 데이터를 활용한 제어시스템 취약점 분석 방안 연구]
   └ 학회: 한국정보보호학회 (IF: 0.39)"
1443,2022,컴퓨터학,131585903,권송희,1,0.0,0.0,"[보안 메시징 프로토콜 MLS에서 관리자에 메시지 노출에 관한 연구]
   └ 학회: 한국정보보호학회 (IF: 0.39)"
1444,2022,컴퓨터학,967835563,최형기,1,0.0,0.0,"[보안 메시징 프로토콜 MLS에서 관리자에 메시지 노출에 관한 연구]
   └ 학회: 한국정보보호학회 (IF: 0.39)"
1445,2022,컴퓨터학,169175982,이수원,1,0.0,0.0,"[개발 전주기 사이버보안 관점에서의 해상 사이버보안 형식승인과 RMF 비교 연구]
   └ 학회: 한국정보보호학회 (IF: 0.39)"
1446,2022,컴퓨터학,635207668,황세영,1,0.0,0.0,"[개발 전주기 사이버보안 관점에서의 해상 사이버보안 형식승인과 RMF 비교 연구]
   └ 학회: 한국정보보호학회 (IF: 0.39)"
1447,2022,컴퓨터학,695482566,홍진아,1,0.0,0.0,"[개발 전주기 사이버보안 관점에서의 해상 사이버보안 형식승인과 RMF 비교 연구]
   └ 학회: 한국정보보호학회 (IF: 0.39)"
1448,2022,컴퓨터학,625444477,김병진,1,0.0,0.0,"[개발 전주기 사이버보안 관점에서의 해상 사이버보안 형식승인과 RMF 비교 연구]
   └ 학회: 한국정보보호학회 (IF: 0.39)"
1449,2022,컴퓨터학,765103159,김대경,1,0.0,0.0,"[국가 사이버보안 수준 향상을 위한 GCI의 지표개선 방안]
   └ 학회: 한국정보보호학회 (IF: 0.39)"
1450,2022,컴퓨터학,372527517,김예영,1,0.0,0.0,"[국가 사이버보안 수준 향상을 위한 GCI의 지표개선 방안]
   └ 학회: 한국정보보호학회 (IF: 0.39)"
1451,2022,컴퓨터학,582022903,현다은,1,0.0,0.0,"[국가 사이버보안 수준 향상을 위한 GCI의 지표개선 방안]
   └ 학회: 한국정보보호학회 (IF: 0.39)"
1452,2022,컴퓨터학,624177974,진병문,1,0.0,0.0,"[국가 사이버보안 수준 향상을 위한 GCI의 지표개선 방안]
   └ 학회: 한국정보보호학회 (IF: 0.39)"
1453,2022,컴퓨터학,443708645,유영인,1,0.0,0.0,"[사이버 공급망 보안 관점의 국가 정보보안 기본지침 개선방안 연구]
   └ 학회: 한국정보보호학회 (IF: 0.39)"
1454,2022,컴퓨터학,544136314,배선하,1,0.0,0.0,"[사이버 공급망 보안 관점의 국가 정보보안 기본지침 개선방안 연구]
   └ 학회: 한국정보보호학회 (IF: 0.39)"
1455,2022,컴퓨터학,472493,김소정,1,0.0,0.0,"[사이버 공급망 보안 관점의 국가 정보보안 기본지침 개선방안 연구]
   └ 학회: 한국정보보호학회 (IF: 0.39)"
1456,2022,컴퓨터학,808027445,김동희,1,0.0,0.0,"[사이버 공급망 보안 관점의 국가 정보보안 기본지침 개선방안 연구]
   └ 학회: 한국정보보호학회 (IF: 0.39)"
1457,2022,컴퓨터학,830758718,정혁,1,0.0,0.0,"[DEA-SBM 모형을 이용한 대기업 계열사 보안관리 체계 효율성 분석]
   └ 학회: 한국정보보호학회 (IF: 0.39)"
1458,2022,컴퓨터학,180182781,박성환,1,0.0,0.0,"[정보보안문화와 경영진 리더십이 조직 구성원의 정보보안 행동에 미치는 영향]
   └ 학회: 한국정보보호학회 (IF: 0.39)"
1459,2022,컴퓨터학,5127014,김범수,1,0.0,0.0,"[정보보안문화와 경영진 리더십이 조직 구성원의 정보보안 행동에 미치는 영향]
   └ 학회: 한국정보보호학회 (IF: 0.39)"
1460,2022,컴퓨터학,819802527,박재영,1,0.0,0.0,"[정보보안문화와 경영진 리더십이 조직 구성원의 정보보안 행동에 미치는 영향]
   └ 학회: 한국정보보호학회 (IF: 0.39)"
1461,2022,컴퓨터학,940927871,김지혜,1,0.0,0.0,"[Gradient Boosting 기법을 활용한 다크넷 트래픽 탐지 및 분류]
   └ 학회: 한국정보보호학회 (IF: 0.39)"
1462,2022,컴퓨터학,886843390,김동영,1,0.0,0.0,"[자연어 처리 모델을 활용한 퍼징 시드 생성 기법]
   └ 학회: 한국정보보호학회 (IF: 0.39)"
1463,2022,컴퓨터학,248579849,전상훈,1,0.0,0.0,"[자연어 처리 모델을 활용한 퍼징 시드 생성 기법]
   └ 학회: 한국정보보호학회 (IF: 0.39)"
1464,2022,컴퓨터학,816722754,류민수,1,0.0,0.0,"[자연어 처리 모델을 활용한 퍼징 시드 생성 기법]
   └ 학회: 한국정보보호학회 (IF: 0.39)"
1465,2022,컴퓨터학,265222551,유지운,1,0.0,0.0,"[자율 운항 선박의 인공지능: 잠재적 사이버 위협과 보안]
   └ 학회: 한국정보보호학회 (IF: 0.39)"
1466,2022,컴퓨터학,961240992,조용현,1,0.0,0.0,"[자율 운항 선박의 인공지능: 잠재적 사이버 위협과 보안]
   └ 학회: 한국정보보호학회 (IF: 0.39)"
1467,2022,컴퓨터학,205751860,차영균,1,0.0,0.0,"[자율 운항 선박의 인공지능: 잠재적 사이버 위협과 보안]
   └ 학회: 한국정보보호학회 (IF: 0.39)"
1468,2022,컴퓨터학,522548832,박우정,1,0.0,0.0,"[사물인터넷 디바이스 하드웨어 보안]
   └ 학회: 한국정보보호학회 (IF: 0.39)"
1469,2022,컴퓨터학,413897447,문재근,1,0.0,0.0,"[사물인터넷 디바이스 하드웨어 보안]
   └ 학회: 한국정보보호학회 (IF: 0.39)"
1470,2022,컴퓨터학,622310282,장경배,1,0.0,0.0,"[사물인터넷을 위한 경량암호와 양자컴퓨터]
   └ 학회: 한국정보보호학회 (IF: 0.39)"
1471,2022,컴퓨터학,326031650,양유진,1,0.0,0.0,"[사물인터넷을 위한 경량암호와 양자컴퓨터]
   └ 학회: 한국정보보호학회 (IF: 0.39)"
1472,2022,컴퓨터학,700656039,전용진,1,0.0,0.0,"[AND 연산자 축적을 통한 경량 S-boxes 생성 방법]
   └ 학회: 한국정보보호학회 (IF: 0.39)"
1473,2022,컴퓨터학,571767103,박지훈,1,0.0,0.0,"[이벤트 소싱 패턴과 블록 체인을 활용한 모바일 게임 클라이언트 메모리 조작 방지 방안]
   └ 학회: 한국정보보호학회 (IF: 0.39)"
1474,2022,컴퓨터학,114773584,박영호,1,0.0,0.0,"[이벤트 소싱 패턴과 블록 체인을 활용한 모바일 게임 클라이언트 메모리 조작 방지 방안]
   └ 학회: 한국정보보호학회 (IF: 0.39)"
1475,2022,컴퓨터학,4601985,이연주,1,0.0,0.0,"[수정 가능한 블록체인 기반 권한 변경 및 접근 제어 시스템]
   └ 학회: 한국정보보호학회 (IF: 0.39)"
1476,2022,컴퓨터학,762490177,최재현,1,0.0,0.0,"[수정 가능한 블록체인 기반 권한 변경 및 접근 제어 시스템]
   └ 학회: 한국정보보호학회 (IF: 0.39)"
1477,2022,컴퓨터학,407234029,김경민,1,0.0,0.0,"[열화상 카메라를 포함한 P2P 방식의 원격진료 시스템]
   └ 학회: 한국정보보호학회 (IF: 0.39)"
1478,2022,컴퓨터학,733164912,류재현,1,0.0,0.0,"[열화상 카메라를 포함한 P2P 방식의 원격진료 시스템]
   └ 학회: 한국정보보호학회 (IF: 0.39)"
1479,2022,컴퓨터학,577144059,홍성준,1,0.0,0.0,"[열화상 카메라를 포함한 P2P 방식의 원격진료 시스템]
   └ 학회: 한국정보보호학회 (IF: 0.39)"
1480,2022,컴퓨터학,241729032,김홍준,1,0.0,0.0,"[열화상 카메라를 포함한 P2P 방식의 원격진료 시스템]
   └ 학회: 한국정보보호학회 (IF: 0.39)"
1481,2022,컴퓨터학,696456454,김민재,1,0.0,0.0,"[5G NAS COUNT 취약점을 이용한 보안 위협 분석]
   └ 학회: 한국정보보호학회 (IF: 0.39)"
1482,2022,컴퓨터학,845537759,신지수,1,0.0,0.0,"[5G NAS COUNT 취약점을 이용한 보안 위협 분석]
   └ 학회: 한국정보보호학회 (IF: 0.39)"
1483,2022,컴퓨터학,875260588,문대성,1,0.0,0.0,"[5G NAS COUNT 취약점을 이용한 보안 위협 분석]
   └ 학회: 한국정보보호학회 (IF: 0.39)"
1484,2022,컴퓨터학,740043514,이윤석,1,0.0,0.0,"[정보보안 조직 공정성과 긍정심리자본이 업무 스트레스 완화에 미치는 영향 연구]
   └ 학회: 한국정보보호학회 (IF: 0.39)"
1485,2022,컴퓨터학,771143899,조세희,1,0.0,0.0,"[양자 컴퓨팅 환경에서의 Ascon-Hash에 대한 Free-Start 충돌 공격]
   └ 학회: 한국정보보호학회 (IF: 0.39)"
1486,2022,컴퓨터학,4625427,백승준,1,0.0,0.0,"[양자 컴퓨팅 환경에서의 Ascon-Hash에 대한 Free-Start 충돌 공격]
   └ 학회: 한국정보보호학회 (IF: 0.39)"
1487,2022,컴퓨터학,869116567,곽송이,1,0.0,0.0,"[클라우드 네이티브 환경을 위한 오픈소스 기반 모니터링 서비스 간편 배포 및 이미지 서명 검사기 구현]
   └ 학회: 한국정보보호학회 (IF: 0.39)"
1488,2022,컴퓨터학,123256170,응웬부렁,1,0.0,0.0,"[클라우드 네이티브 환경을 위한 오픈소스 기반 모니터링 서비스 간편 배포 및 이미지 서명 검사기 구현]
   └ 학회: 한국정보보호학회 (IF: 0.39)"
1489,2022,컴퓨터학,247551404,정수환,1,0.0,0.0,"[클라우드 네이티브 환경을 위한 오픈소스 기반 모니터링 서비스 간편 배포 및 이미지 서명 검사기 구현]
   └ 학회: 한국정보보호학회 (IF: 0.39)"
1490,2022,컴퓨터학,802980689,박정형,1,0.0,0.0,"[NIKEv2 AR : IKE v2 실시간 분석 기술 연구]
   └ 학회: 한국정보보호학회 (IF: 0.39)"
1491,2022,컴퓨터학,595137058,유형열,1,0.0,0.0,"[NIKEv2 AR : IKE v2 실시간 분석 기술 연구]
   └ 학회: 한국정보보호학회 (IF: 0.39)"
1492,2022,컴퓨터학,913184134,류재철,1,0.0,0.0,"[NIKEv2 AR : IKE v2 실시간 분석 기술 연구]
   └ 학회: 한국정보보호학회 (IF: 0.39)"
1493,2022,컴퓨터학,143151022,이건호,1,0.0,0.0,"[MITRE ATT&CK을 이용한 APT 공격 스코어링 방법 연구]
   └ 학회: 한국정보보호학회 (IF: 0.39)"
1494,2022,컴퓨터학,254414690,최창희,1,0.0,0.0,"[MITRE ATT&CK을 이용한 APT 공격 스코어링 방법 연구]
   └ 학회: 한국정보보호학회 (IF: 0.39)"
1495,2022,컴퓨터학,359841348,신찬호,1,0.0,0.0,"[MITRE ATT&CK을 이용한 APT 공격 스코어링 방법 연구]
   └ 학회: 한국정보보호학회 (IF: 0.39)"
1496,2022,컴퓨터학,464350705,신강식,1,0.0,0.0,"[상용 오픈소스 취약점 스캐닝 도구의 성능 시험을 위한 효율적 평가 기준 개발 및 적용]
   └ 학회: 한국정보보호학회 (IF: 0.39)"
1497,2022,컴퓨터학,878573315,정동재,1,0.0,0.0,"[상용 오픈소스 취약점 스캐닝 도구의 성능 시험을 위한 효율적 평가 기준 개발 및 적용]
   └ 학회: 한국정보보호학회 (IF: 0.39)"
1498,2022,컴퓨터학,253717503,최민지,1,0.0,0.0,"[상용 오픈소스 취약점 스캐닝 도구의 성능 시험을 위한 효율적 평가 기준 개발 및 적용]
   └ 학회: 한국정보보호학회 (IF: 0.39)"
1499,2022,컴퓨터학,465135200,조호묵,1,0.0,0.0,"[상용 오픈소스 취약점 스캐닝 도구의 성능 시험을 위한 효율적 평가 기준 개발 및 적용]
   └ 학회: 한국정보보호학회 (IF: 0.39)"
1500,2022,컴퓨터학,121903796,홍준화,1,0.0,0.0,"[CMA 인식을 통한 메모리 안전성 강화 연구]
   └ 학회: 한국정보보호학회 (IF: 0.39)"
1501,2022,컴퓨터학,111838764,박찬민,1,0.0,0.0,"[CMA 인식을 통한 메모리 안전성 강화 연구]
   └ 학회: 한국정보보호학회 (IF: 0.39)"
1502,2022,컴퓨터학,438348713,정성윤,1,0.0,0.0,"[CMA 인식을 통한 메모리 안전성 강화 연구]
   └ 학회: 한국정보보호학회 (IF: 0.39)"
1503,2022,컴퓨터학,307409655,민지운,1,0.0,0.0,"[CMA 인식을 통한 메모리 안전성 강화 연구]
   └ 학회: 한국정보보호학회 (IF: 0.39)"
1504,2022,컴퓨터학,912569920,유동연,1,0.0,0.0,"[CMA 인식을 통한 메모리 안전성 강화 연구]
   └ 학회: 한국정보보호학회 (IF: 0.39)"
1505,2022,컴퓨터학,282933185,권용휘,1,0.0,0.0,"[CMA 인식을 통한 메모리 안전성 강화 연구]
   └ 학회: 한국정보보호학회 (IF: 0.39)"
1506,2022,컴퓨터학,851178564,전유석,1,0.0,0.0,"[CMA 인식을 통한 메모리 안전성 강화 연구]
   └ 학회: 한국정보보호학회 (IF: 0.39)"
1507,2022,컴퓨터학,393229256,함은지,1,0.0,0.0,"[경량 블록 암호 PIPO의 화이트박스 구현 기법]
   └ 학회: 한국정보보호학회 (IF: 0.39)"
1508,2022,컴퓨터학,556520996,이영도,1,0.0,0.0,"[경량 블록 암호 PIPO의 화이트박스 구현 기법]
   └ 학회: 한국정보보호학회 (IF: 0.39)"
1509,2022,컴퓨터학,988732321,윤기순,1,0.0,0.0,"[경량 블록 암호 PIPO의 화이트박스 구현 기법]
   └ 학회: 한국정보보호학회 (IF: 0.39)"
1510,2022,컴퓨터학,857394335,이창원,1,0.0,0.0,"[Meta-PKE 구조에 의한 SABER 알고리즘의 임시 키 재사용 공격]
   └ 학회: 한국정보보호학회 (IF: 0.39)"
1511,2022,컴퓨터학,909484064,전찬호,1,0.0,0.0,"[Meta-PKE 구조에 의한 SABER 알고리즘의 임시 키 재사용 공격]
   └ 학회: 한국정보보호학회 (IF: 0.39)"
1512,2022,컴퓨터학,115612997,김주언,1,0.0,0.0,"[효율적인 LWE 기반 재사용 가능한 퍼지 추출기]
   └ 학회: 한국정보보호학회 (IF: 0.39)"
1513,2022,컴퓨터학,872545979,이광수,1,0.0,0.0,"[효율적인 LWE 기반 재사용 가능한 퍼지 추출기]
   └ 학회: 한국정보보호학회 (IF: 0.39)"
1514,2022,컴퓨터학,966978022,남소원,1,0.0,0.0,"[메신저피싱 경험사례 분석을 통한 대응방안 연구]
   └ 학회: 한국정보보호학회 (IF: 0.39)"
1515,2022,컴퓨터학,747335843,이학선,1,0.0,0.0,"[메신저피싱 경험사례 분석을 통한 대응방안 연구]
   └ 학회: 한국정보보호학회 (IF: 0.39)"
1516,2022,컴퓨터학,5094339,양희동,1,0.0,0.0,"[가상키보드 비밀번호 유출 분석]
   └ 학회: 한국정보보호학회 (IF: 0.39)"
1517,2022,컴퓨터학,143605833,김찬희,1,0.0,0.0,"[저작권 침해 불법 스트리밍 사이트 차단을 위한 효율적인 기법]
   └ 학회: 한국정보보호학회 (IF: 0.39)"
1518,2022,컴퓨터학,387202794,유호제,1,0.0,0.0,"[저작권 침해 불법 스트리밍 사이트 차단을 위한 효율적인 기법]
   └ 학회: 한국정보보호학회 (IF: 0.39)"
1519,2022,컴퓨터학,704102042,김서연,1,0.0,0.0,"[저작권 침해 불법 스트리밍 사이트 차단을 위한 효율적인 기법]
   └ 학회: 한국정보보호학회 (IF: 0.39)"
1520,2022,컴퓨터학,687915335,오수현,1,0.0,0.0,"[저작권 침해 불법 스트리밍 사이트 차단을 위한 효율적인 기법]
   └ 학회: 한국정보보호학회 (IF: 0.39)"
1521,2022,컴퓨터학,525262162,강동희,1,0.0,0.0,"[IoT 환경에서의 네트워크 보안 프로토콜 성능 분석]
   └ 학회: 한국정보보호학회 (IF: 0.39)"
1522,2022,컴퓨터학,445255895,임재덕,1,0.0,0.0,"[IoT 환경에서의 네트워크 보안 프로토콜 성능 분석]
   └ 학회: 한국정보보호학회 (IF: 0.39)"
1523,2022,컴퓨터학,378228951,문혜원,1,0.0,0.0,"[레이저 오류 주입 공격 성공률 향상을 위한 전자파 및 열 정보 활용 시스템]
   └ 학회: 한국정보보호학회 (IF: 0.39)"
1524,2022,컴퓨터학,522350780,지재덕,1,0.0,0.0,"[레이저 오류 주입 공격 성공률 향상을 위한 전자파 및 열 정보 활용 시스템]
   └ 학회: 한국정보보호학회 (IF: 0.39)"
1525,2022,컴퓨터학,398674639,박소희,1,0.0,0.0,"[이미지의 Symbolic Representation 기반 적대적 예제 탐지 방법]
   └ 학회: 한국정보보호학회 (IF: 0.39)"
1526,2022,컴퓨터학,543242029,김승주,1,0.0,0.0,"[이미지의 Symbolic Representation 기반 적대적 예제 탐지 방법]
   └ 학회: 한국정보보호학회 (IF: 0.39)"
1527,2022,컴퓨터학,234592269,윤하연,1,0.0,0.0,"[이미지의 Symbolic Representation 기반 적대적 예제 탐지 방법]
   └ 학회: 한국정보보호학회 (IF: 0.39)"
1528,2022,컴퓨터학,472257115,우지은,1,0.0,0.0,"[이종 디바이스 환경에 효과적인 신규 딥러닝 기반 프로파일링 부채널 분석]
   └ 학회: 한국정보보호학회 (IF: 0.39)"
1529,2022,컴퓨터학,563649356,장세창,1,0.0,0.0,"[PQC 표준화 알고리즘 CRYSTALS-KYBER에 대한 비프로파일링 분석 공격 및 대응 방안]
   └ 학회: 한국정보보호학회 (IF: 0.39)"
1530,2022,컴퓨터학,339020169,장재원,1,0.0,0.0,"[양자내성암호 NTRU에 대한 전력 부채널 공격 및 대응방안]
   └ 학회: 한국정보보호학회 (IF: 0.39)"
1531,2022,컴퓨터학,150260065,이윤경,1,0.0,0.0,"[제로 트러스트를 위한 소프트웨어 정의 경계(SDP) 인증 메커니즘 제안 및 ECC 암호 구현]
   └ 학회: 한국정보보호학회 (IF: 0.39)"
1532,2022,컴퓨터학,149693312,김정녀,1,0.0,0.0,"[제로 트러스트를 위한 소프트웨어 정의 경계(SDP) 인증 메커니즘 제안 및 ECC 암호 구현]
   └ 학회: 한국정보보호학회 (IF: 0.39)"
1533,2022,컴퓨터학,210808105,강정환,1,0.0,0.0,"[ROS 2의 이벤트 기반 런타임 모니터링을 활용한 실시간 공격 탐지 시스템]
   └ 학회: 한국정보보호학회 (IF: 0.39)"
1534,2022,컴퓨터학,240383675,서민성,1,0.0,0.0,"[ROS 2의 이벤트 기반 런타임 모니터링을 활용한 실시간 공격 탐지 시스템]
   └ 학회: 한국정보보호학회 (IF: 0.39)"
1535,2022,컴퓨터학,992107240,박재열,1,0.0,0.0,"[ROS 2의 이벤트 기반 런타임 모니터링을 활용한 실시간 공격 탐지 시스템]
   └ 학회: 한국정보보호학회 (IF: 0.39)"
1536,2022,컴퓨터학,325835992,조재민,1,0.0,0.0,"[포렌식 관점에서의 Element 인스턴트 메신저 아티팩트 분석]
   └ 학회: 한국정보보호학회 (IF: 0.39)"
1537,2022,컴퓨터학,108918843,변현수,1,0.0,0.0,"[포렌식 관점에서의 Element 인스턴트 메신저 아티팩트 분석]
   └ 학회: 한국정보보호학회 (IF: 0.39)"
1538,2022,컴퓨터학,716330044,윤희서,1,0.0,0.0,"[포렌식 관점에서의 Element 인스턴트 메신저 아티팩트 분석]
   └ 학회: 한국정보보호학회 (IF: 0.39)"
1539,2022,컴퓨터학,608308892,서승희,1,0.0,0.0,"[포렌식 관점에서의 Element 인스턴트 메신저 아티팩트 분석]
   └ 학회: 한국정보보호학회 (IF: 0.39)"
1540,2022,컴퓨터학,957919046,정세연,1,0.0,0.0,"[유사 HAL 함수 탐색을 통한 펌웨어 퍼징 기법]
   └ 학회: 한국정보보호학회 (IF: 0.39)"
1541,2022,컴퓨터학,156817257,황은비,1,0.0,0.0,"[유사 HAL 함수 탐색을 통한 펌웨어 퍼징 기법]
   └ 학회: 한국정보보호학회 (IF: 0.39)"
1542,2022,컴퓨터학,631730380,조영필,1,0.0,0.0,"[유사 HAL 함수 탐색을 통한 펌웨어 퍼징 기법]
   └ 학회: 한국정보보호학회 (IF: 0.39)"
1543,2022,컴퓨터학,3477043,권태경,1,0.0,0.0,"[유사 HAL 함수 탐색을 통한 펌웨어 퍼징 기법]
   └ 학회: 한국정보보호학회 (IF: 0.39)"
1544,2022,컴퓨터학,320263155,이석민,1,0.0,0.0,"[GPUDirect RDMA 기반의 고성능 암호 분석 시스템 설계 및 구현]
   └ 학회: 한국정보보호학회 (IF: 0.39)"
1545,2022,컴퓨터학,217162805,신영주,1,0.0,0.0,"[GPUDirect RDMA 기반의 고성능 암호 분석 시스템 설계 및 구현]
   └ 학회: 한국정보보호학회 (IF: 0.39)"
1546,2022,컴퓨터학,681840423,서재완,1,0.0,0.0,"[안전한 자동차용 SUMS 구축을 위한 보안성 평가기준 도출]
   └ 학회: 한국정보보호학회 (IF: 0.39)"
1547,2022,컴퓨터학,752382851,곽지원,1,0.0,0.0,"[안전한 자동차용 SUMS 구축을 위한 보안성 평가기준 도출]
   └ 학회: 한국정보보호학회 (IF: 0.39)"
1548,2022,컴퓨터학,782533364,홍바울,1,0.0,0.0,"[안전한 자동차용 SUMS 구축을 위한 보안성 평가기준 도출]
   └ 학회: 한국정보보호학회 (IF: 0.39)"
1549,2022,컴퓨터학,606305215,조광수,1,0.0,0.0,"[안전한 자동차용 SUMS 구축을 위한 보안성 평가기준 도출]
   └ 학회: 한국정보보호학회 (IF: 0.39)"
