Rank,Year,Class_Name,Author_ID,Author_Name,Total_Papers,Final_Score,Raw_Trend_Score,Paper_List_Details
1,2022,전기전자공학,977669423,이지형,3,0.6996,0.9454319999999999,"[데이터 증강으로 강화된 Aug-TNE(Text to Node Embedding)을 활용한 감성분석]
   └ 학회: 한국지능시스템학회 (IF: 0.74)
--------------------------------
[Unlabeled 데이터의 의사 라벨을 활용한 약지도 의미론적 이미지 분할]
   └ 학회: 한국지능시스템학회 (IF: 0.74)
--------------------------------
[모델 발산을 억제하는 연합학습 프레임워크]
   └ 학회: 한국지능시스템학회 (IF: 0.74)"
2,2022,전기전자공학,157915132,강재모,4,0.5906,0.824608,"[YOLO 기반 금속 외관 결함영역 검출]
   └ 학회: 한국지능시스템학회 (IF: 0.74)
--------------------------------
[AMFM : 금속 외관 결함의 준지도 분류에 특화된 AugMix 기반 FixMatch 알고리즘]
   └ 학회: 한국지능시스템학회 (IF: 0.74)
--------------------------------
[Exponential NMS : 금속 외관의 오탐 성능 개선을 위한 효과적인 바운딩 박스 중첩 억제 기법]
   └ 학회: 한국지능시스템학회 (IF: 0.74)
--------------------------------
[머신러닝 기반 금속외관 결함 검출 비교 분석]
   └ 학회: 한국정보통신학회 (IF: 0.55)"
3,2022,전기전자공학,366216691,오하영,10,0.5699,1.03619,"[주가 예측 모델에서의 분할 예측을 통한 성능향상 탐구]
   └ 학회: 한국정보통신학회 (IF: 0.55)
--------------------------------
[딥러닝 텍스트 요약 모델의 데이터 편향 문제 해결을 위한 학습 기법]
   └ 학회: 한국정보통신학회 (IF: 0.55)
--------------------------------
[한국어 및 영어 이미지 캡션이 가능한 범용적 모델 및 목적에 맞는 텍스트를 생성해주는 기법]
   └ 학회: 한국정보통신학회 (IF: 0.55)
--------------------------------
[얼굴 인식과 Pyautogui 마우스 제어 기반의 비접촉식 입력 기법]
   └ 학회: 한국정보통신학회 (IF: 0.55)
--------------------------------
[온라인 쇼핑몰 데이터를 이용한 개인화 추천 모델 성능 비교 분석]
   └ 학회: 한국정보통신학회 (IF: 0.55)
--------------------------------
[이기종 머신러닝기법을 활용한 KOSPI200 옵션변동성 예측]
   └ 학회: 한국정보통신학회 (IF: 0.55)
--------------------------------
[의료 산업에 있어 현대인의 비대면 의학 상담에 대한 관심도 분석 기법]
   └ 학회: 한국정보통신학회 (IF: 0.55)
--------------------------------
[유사도를 활용한 맞춤형 보험 추천 시스템]
   └ 학회: 한국정보통신학회 (IF: 0.55)
--------------------------------
[사용자 입력 문장에서 우울 관련 감정 탐지]
   └ 학회: 한국정보통신학회 (IF: 0.55)
--------------------------------
[소셜 미디어(SNS) 데이터 증강을 활용한 효과적인 여론조사 예측 모델 분석]
   └ 학회: 한국정보통신학회 (IF: 0.55)"
4,2022,전기전자공학,641936357,장경식,4,0.5589,1.0161449999999999,"[BiLSTM 모델과 형태소 자질을 이용한 서술어 인식 방법]
   └ 학회: 한국정보통신학회 (IF: 0.55)
--------------------------------
[RGB-D 영상을 이용한 Fusion RetinaNet 기반 얼굴 검출 방법]
   └ 학회: 한국정보통신학회 (IF: 0.55)
--------------------------------
[Biaffine Average Attention 모델을 이용한 의미역 결정]
   └ 학회: 한국정보통신학회 (IF: 0.55)
--------------------------------
[A Study on Marker-based Detection Method of Object Position using Perspective Projection]
   └ 학회: 한국정보통신학회JICCE (IF: 0.55)"
5,2022,전기전자공학,647870475,남충현,3,0.5472,0.9949869999999998,"[BiLSTM 모델과 형태소 자질을 이용한 서술어 인식 방법]
   └ 학회: 한국정보통신학회 (IF: 0.55)
--------------------------------
[RGB-D 영상을 이용한 Fusion RetinaNet 기반 얼굴 검출 방법]
   └ 학회: 한국정보통신학회 (IF: 0.55)
--------------------------------
[Biaffine Average Attention 모델을 이용한 의미역 결정]
   └ 학회: 한국정보통신학회 (IF: 0.55)"
6,2022,전기전자공학,418397454,신영학,2,0.5348,0.722715,"[딥러닝기반 대장내시경 용종 검출에서 작은 용종의 검출 성능분석 및 성능향상 연구]
   └ 학회: 한국지능시스템학회 (IF: 0.74)
--------------------------------
[딥러닝 기반 토마토 잎 병충해 분류 및 시각화를 위한 연구]
   └ 학회: 한국지능시스템학회 (IF: 0.74)"
7,2022,전기전자공학,369801061,이세훈,3,0.534,0.721602,"[YOLO 기반 금속 외관 결함영역 검출]
   └ 학회: 한국지능시스템학회 (IF: 0.74)
--------------------------------
[AMFM : 금속 외관 결함의 준지도 분류에 특화된 AugMix 기반 FixMatch 알고리즘]
   └ 학회: 한국지능시스템학회 (IF: 0.74)
--------------------------------
[Exponential NMS : 금속 외관의 오탐 성능 개선을 위한 효과적인 바운딩 박스 중첩 억제 기법]
   └ 학회: 한국지능시스템학회 (IF: 0.74)"
8,2022,전기전자공학,773334065,강성환,3,0.534,0.721602,"[YOLO 기반 금속 외관 결함영역 검출]
   └ 학회: 한국지능시스템학회 (IF: 0.74)
--------------------------------
[AMFM : 금속 외관 결함의 준지도 분류에 특화된 AugMix 기반 FixMatch 알고리즘]
   └ 학회: 한국지능시스템학회 (IF: 0.74)
--------------------------------
[Exponential NMS : 금속 외관의 오탐 성능 개선을 위한 효과적인 바운딩 박스 중첩 억제 기법]
   └ 학회: 한국지능시스템학회 (IF: 0.74)"
9,2022,전기전자공학,345413502,신요섭,3,0.534,0.721602,"[YOLO 기반 금속 외관 결함영역 검출]
   └ 학회: 한국지능시스템학회 (IF: 0.74)
--------------------------------
[AMFM : 금속 외관 결함의 준지도 분류에 특화된 AugMix 기반 FixMatch 알고리즘]
   └ 학회: 한국지능시스템학회 (IF: 0.74)
--------------------------------
[Exponential NMS : 금속 외관의 오탐 성능 개선을 위한 효과적인 바운딩 박스 중첩 억제 기법]
   └ 학회: 한국지능시스템학회 (IF: 0.74)"
10,2022,전기전자공학,966564311,박대진,7,0.5227,0.9504419999999998,"[비정상심박 검출을 위해 영상화된 심전도 신호를 이용한 비교학습 기반 딥러닝 알고리즘]
   └ 학회: 한국정보통신학회 (IF: 0.55)
--------------------------------
[경량화된 임베디드 시스템에서 의미론적인 픽셀 분할 마스킹을 이용한 효율적인 영상 객체 인식 기법]
   └ 학회: 한국정보통신학회 (IF: 0.55)
--------------------------------
[폴링기반 통신 시스템을 위한 에너지 인지적인 동적 주파수 조절 알고리즘]
   └ 학회: 한국정보통신학회 (IF: 0.55)
--------------------------------
[경량형 임베디드 프로세서를 위한 라이다 거리 기반 클러스터링 기법을 활용한 의미론적 물체 인식]
   └ 학회: 한국정보통신학회 (IF: 0.55)
--------------------------------
[레지스터 전달 수준 설계단계에서 사전 클럭트리합성 가능여부 판단을 위한 경량화된 클럭트리 재구성 방법]
   └ 학회: 한국정보통신학회 (IF: 0.55)
--------------------------------
[에지 클라우드 협동 이미지 처리기반 메타버스에서 스트리밍 가능한 저전력 AI 소프트웨어의 런타임 실행]
   └ 학회: 한국정보통신학회 (IF: 0.55)
--------------------------------
[온칩 컨볼루션 가속기를 포함한 대칭적 버퍼 기반 액티브 노이즈 캔슬러의 경량화된 FPGA 구현]
   └ 학회: 한국정보통신학회 (IF: 0.55)"
11,2022,전기전자공학,1380270,서갑호,5,0.4842,0.569597,"[이동로봇의 안전자율주행을 위한 실내환경에서의 LiDAR 점 데이터군 증강]
   └ 학회: 제어로봇시스템학회 (IF: 0.85)
--------------------------------
[작업용 조끼 착용을 통한 딥 러닝 기반 특정 작업자 인지 효율화 연구]
   └ 학회: 제어로봇시스템학회 (IF: 0.85)
--------------------------------
[샴 네트워크 기반의 적은 데이터셋을 이용한 유사한 형태의 특정 객체 인식 연구]
   └ 학회: 제어로봇시스템학회 (IF: 0.85)
--------------------------------
[AMR 를 이용한 가변적인 관심 대상 객체 추적을 위한 딥러닝 기반 프레임워크]
   └ 학회: 제어로봇시스템학회 (IF: 0.85)
--------------------------------
[어린이를 위한 소셜 로봇의 심리운동 기반 놀이 활동 개발]
   └ 학회: 한국로봇학회(논문지) (IF: 0.57)"
12,2022,전기전자공학,638421974,양견모,4,0.4842,0.569597,"[이동로봇의 안전자율주행을 위한 실내환경에서의 LiDAR 점 데이터군 증강]
   └ 학회: 제어로봇시스템학회 (IF: 0.85)
--------------------------------
[작업용 조끼 착용을 통한 딥 러닝 기반 특정 작업자 인지 효율화 연구]
   └ 학회: 제어로봇시스템학회 (IF: 0.85)
--------------------------------
[샴 네트워크 기반의 적은 데이터셋을 이용한 유사한 형태의 특정 객체 인식 연구]
   └ 학회: 제어로봇시스템학회 (IF: 0.85)
--------------------------------
[AMR 를 이용한 가변적인 관심 대상 객체 추적을 위한 딥러닝 기반 프레임워크]
   └ 학회: 제어로봇시스템학회 (IF: 0.85)"
13,2022,전기전자공학,5417041,이현수,3,0.4775,0.6453209999999999,"[Deep Learning Framework for Spatial Crowdedness Estimation and Comparison Analysis with Machine Learning]
   └ 학회: 한국지능시스템학회 (IF: 0.74)
--------------------------------
[Hybrid Multi-stream Deep Learning-based Nutrient Estimation Framework in Biological Wastewater Treatement]
   └ 학회: 한국지능시스템학회 (IF: 0.74)
--------------------------------
[양자 메커닉스 기반 생성적 적대 신경망을 이용한 데이터 결측치 추정 프레임웍]
   └ 학회: 한국지능시스템학회 (IF: 0.74)"
14,2022,전기전자공학,841811255,하종은,3,0.4548,0.535076,"[객체 검출과 객체 분할 방법의 무인 감시 데이터셋 적용 결과 비교]
   └ 학회: 제어로봇시스템학회 (IF: 0.85)
--------------------------------
[다중 패치를 이용한 트랜스포머 기반 장면 텍스트 인식]
   └ 학회: 제어로봇시스템학회 (IF: 0.85)
--------------------------------
[특징치 플립을 이용한 이미지 분류 모델]
   └ 학회: 제어로봇시스템학회 (IF: 0.85)"
15,2022,전기전자공학,503163780,Eung Joo Lee,3,0.4043,0.6219349999999999,"[Intelligent Activity Recognition based on Improved Convolutional Neural Network]
   └ 학회: 한국멀티미디어학회 (IF: 0.65)
--------------------------------
[Shrimp Quality Detection Method Based on YOLOv4]
   └ 학회: 한국멀티미디어학회 (IF: 0.65)
--------------------------------
[Face Recognition Resear ch Based on Multi-Layer s Residual Unit CNN Model]
   └ 학회: 한국멀티미디어학회 (IF: 0.65)"
16,2022,전기전자공학,159616326,김영재,3,0.3673,0.565144,"[딥러닝 기반 상부위장관 내시경 이미지 자동 분류의 데이터 구성별 성능 분석 연구]
   └ 학회: 한국멀티미디어학회 (IF: 0.65)
--------------------------------
[후두 내시경 영상에서의 성문 분할 및 성대 점막 형태의 정량적 평가]
   └ 학회: 한국멀티미디어학회 (IF: 0.65)
--------------------------------
[딥러닝을 이용한 CT 영상의 간과 종양 분할과 홀로그램 시각화 기법 연구]
   └ 학회: 한국멀티미디어학회 (IF: 0.65)"
17,2022,전기전자공학,696294592,김광기,3,0.3673,0.565144,"[딥러닝 기반 상부위장관 내시경 이미지 자동 분류의 데이터 구성별 성능 분석 연구]
   └ 학회: 한국멀티미디어학회 (IF: 0.65)
--------------------------------
[후두 내시경 영상에서의 성문 분할 및 성대 점막 형태의 정량적 평가]
   └ 학회: 한국멀티미디어학회 (IF: 0.65)
--------------------------------
[딥러닝을 이용한 CT 영상의 간과 종양 분할과 홀로그램 시각화 기법 연구]
   └ 학회: 한국멀티미디어학회 (IF: 0.65)"
18,2022,전기전자공학,762897864,김종찬,6,0.3579,0.5506669999999999,"[객체 추적을 위한 보틀넥 기반 Siam-CNN 알고리즘]
   └ 학회: 한국멀티미디어학회 (IF: 0.65)
--------------------------------
[SARIMA 모델을 이용한 태양광 발전량 예측 연구]
   └ 학회: 한국멀티미디어학회 (IF: 0.65)
--------------------------------
[Siame-FPN기반 객체 특징 추적 알고리즘]
   └ 학회: 한국멀티미디어학회 (IF: 0.65)
--------------------------------
[A Generation and Accuracy Evaluation of Common Metadata Prediction Model Using Public Bicycle Data and Imputation Method]
   └ 학회: 한국멀티미디어학회 (IF: 0.65)
--------------------------------
[다층 퍼셉트론을 이용한 인버터의 효율 감소 진단 모델에 관한 연구]
   └ 학회: 한국멀티미디어학회 (IF: 0.65)
--------------------------------
[일반화 가법모형을 이용한 태양광 발전량 예측 알고리즘]
   └ 학회: 한국멀티미디어학회 (IF: 0.65)"
19,2022,전기전자공학,269955,이인호,4,0.3516,0.639196,"[비직교 다중 접속 기반 이종 네트워크에서 딥러닝 알고리즘을 이용한 사용자 및 전력 할당 기법]
   └ 학회: 한국정보통신학회 (IF: 0.55)
--------------------------------
[하향링크 비직교 다중 접속 시스템에서 적은 피드백 오버헤드를 이용하는 자원 할당 기법]
   └ 학회: 한국정보통신학회 (IF: 0.55)
--------------------------------
[송신 안테나 선택을 이용하는 하향링크 비직교 다중 접속 시스템에서 아웃티지 개선을 위한 자원 할당 기법]
   └ 학회: 한국정보통신학회 (IF: 0.55)
--------------------------------
[이기종 이동통신 네트워크에서 에너지 효율화를 위한 DNN 기반 동적 셀 선택과 송신 전력 할당 기법]
   └ 학회: 한국정보통신학회 (IF: 0.55)"
20,2022,전기전자공학,767043367,강대성,4,0.3489,0.623049,"[NRP-Sys: YOLO 기반 동일 물체 분리 검출을 위한 비선형 회귀 예측 시스템]
   └ 학회: 한국정보기술학회 (IF: 0.56)
--------------------------------
[Severe Weather Traffic Scene Reconstruction using Inherent Augmented Style Encoding Adversarial Network]
   └ 학회: 한국정보기술학회 (IF: 0.56)
--------------------------------
[이종 객체 검출과 중복 라벨링 방식을 활용한 데이터 자동생성 및 객체 인식률 개선 연구]
   └ 학회: 한국정보기술학회 (IF: 0.56)
--------------------------------
[F-guessed 방식과 준지도 학습을 이용한 화재 데이터 생성 및 인식률 개선 연구]
   └ 학회: 한국정보기술학회 (IF: 0.56)"
21,2022,전기전자공학,820625429,김동현,2,0.3467,0.630288,"[비직교 다중 접속 기반 이종 네트워크에서 딥러닝 알고리즘을 이용한 사용자 및 전력 할당 기법]
   └ 학회: 한국정보통신학회 (IF: 0.55)
--------------------------------
[이기종 이동통신 네트워크에서 에너지 효율화를 위한 DNN 기반 동적 셀 선택과 송신 전력 할당 기법]
   └ 학회: 한국정보통신학회 (IF: 0.55)"
22,2022,전기전자공학,820168522,곽정훈,2,0.3464,0.407571,"[샴 네트워크 기반의 적은 데이터셋을 이용한 유사한 형태의 특정 객체 인식 연구]
   └ 학회: 제어로봇시스템학회 (IF: 0.85)
--------------------------------
[AMR 를 이용한 가변적인 관심 대상 객체 추적을 위한 딥러닝 기반 프레임워크]
   └ 학회: 제어로봇시스템학회 (IF: 0.85)"
23,2022,전기전자공학,111831460,임수창,5,0.3435,0.528395,"[객체 추적을 위한 보틀넥 기반 Siam-CNN 알고리즘]
   └ 학회: 한국멀티미디어학회 (IF: 0.65)
--------------------------------
[SARIMA 모델을 이용한 태양광 발전량 예측 연구]
   └ 학회: 한국멀티미디어학회 (IF: 0.65)
--------------------------------
[Siame-FPN기반 객체 특징 추적 알고리즘]
   └ 학회: 한국멀티미디어학회 (IF: 0.65)
--------------------------------
[다층 퍼셉트론을 이용한 인버터의 효율 감소 진단 모델에 관한 연구]
   └ 학회: 한국멀티미디어학회 (IF: 0.65)
--------------------------------
[일반화 가법모형을 이용한 태양광 발전량 예측 알고리즘]
   └ 학회: 한국멀티미디어학회 (IF: 0.65)"
24,2022,전기전자공학,256035565,강세혁,2,0.3435,0.483295,"[CAMICAP : Grad-CAM을 적용한 RICAP 기반 데이터 증강 기법 성능 향상 알고리즘 연구]
   └ 학회: 한국지능시스템학회 (IF: 0.74)
--------------------------------
[Grad-CAM을 이용한 적대적 예제 생성 기법 연구]
   └ 학회: 한국멀티미디어학회 (IF: 0.65)"
25,2022,전기전자공학,5456060,문희창,4,0.3403,0.400333,"[내장 그래픽 칩 기반 머신 러닝과 딥러닝의 알고리즘 융합을 활용한 실시간 교통 신호인지]
   └ 학회: 제어로봇시스템학회 (IF: 0.85)
--------------------------------
[Solid-State LiDAR 기반 밭 농업용 자율주행 로봇의 두둑 감지를 통한 실시간 주행 경로 생성 알고리즘]
   └ 학회: 제어로봇시스템학회 (IF: 0.85)
--------------------------------
[딥러닝을 활용한 딜레마 존에서의 차량 속도 제어]
   └ 학회: 제어로봇시스템학회 (IF: 0.85)
--------------------------------
[농업용 무한궤도형 자율주행 플랫폼의 경로 추종 및 추종 성능 향상을 위한 가변형 전방 주시거리 알고리즘 개발]
   └ 학회: 한국로봇학회(논문지) (IF: 0.57)"
26,2022,전기전자공학,757347284,이재욱,3,0.3403,0.400333,"[내장 그래픽 칩 기반 머신 러닝과 딥러닝의 알고리즘 융합을 활용한 실시간 교통 신호인지]
   └ 학회: 제어로봇시스템학회 (IF: 0.85)
--------------------------------
[Solid-State LiDAR 기반 밭 농업용 자율주행 로봇의 두둑 감지를 통한 실시간 주행 경로 생성 알고리즘]
   └ 학회: 제어로봇시스템학회 (IF: 0.85)
--------------------------------
[딥러닝을 활용한 딜레마 존에서의 차량 속도 제어]
   └ 학회: 제어로봇시스템학회 (IF: 0.85)"
27,2022,전기전자공학,135407273,손광훈,3,0.3384,0.5206,"[영상 생성적 데이터 증강을 이용한 딥러닝 기반 SAR 영상 선박 탐지]
   └ 학회: 한국멀티미디어학회 (IF: 0.65)
--------------------------------
[마스크-보조 어텐션 기법을 활용한 항공 영상에서의 퓨-샷 의미론적 분할]
   └ 학회: 한국멀티미디어학회 (IF: 0.65)
--------------------------------
[변형 가능한 컨볼루션 네트워크와 지식증류 기반 위성 영상 빌딩 분할]
   └ 학회: 한국멀티미디어학회 (IF: 0.65)"
28,2022,전기전자공학,448766980,전성해,4,0.3321,0.44877600000000006,"[변이형 오토인코더를 이용한 영과잉 특허 데이터 분석]
   └ 학회: 한국지능시스템학회 (IF: 0.74)
--------------------------------
[베이즈 요인 기반의 선형모형과 키워드 네트워크를 이용한 특허 빅데이터 분석]
   └ 학회: 한국지능시스템학회 (IF: 0.74)
--------------------------------
[앙상블 기법을 활용한 추론 가능한 특허 가치 평가 모델에 관한 연구]
   └ 학회: 한국지능시스템학회 (IF: 0.74)
--------------------------------
[계층적 토픽 추출을 활용한 기술 분류에 관한 연구]
   └ 학회: 한국지능시스템학회 (IF: 0.74)"
29,2022,전기전자공학,775277327,이석환,5,0.3312,0.509463,"[잡음제거 합성곱 신경망을 이용한 이미지 복원 방법]
   └ 학회: 한국멀티미디어학회 (IF: 0.65)
--------------------------------
[심층 강화학습을 이용한 디지털트윈 및 시각적 객체 추적]
   └ 학회: 한국멀티미디어학회 (IF: 0.65)
--------------------------------
[텍스처 특징 기반 제어점 선택 알고리즘과 병렬 심층 컨볼루션 신경망을 이용한 새로운 얼굴 모핑 방법]
   └ 학회: 한국멀티미디어학회 (IF: 0.65)
--------------------------------
[Melanoma Classification Using Log-Gabor Filter and Ensemble of Deep Convolution Neural Networks]
   └ 학회: 한국멀티미디어학회 (IF: 0.65)
--------------------------------
[A Deep Learning Method for Brain Tumor Classification Based on Image Gradient]
   └ 학회: 한국멀티미디어학회 (IF: 0.65)"
30,2022,전기전자공학,732202643,황영배,3,0.3283,0.391981,"[다수 조명의 채널별 융합을 이용한 CNN 기반 머신 비전 분류기]
   └ 학회: 제어로봇시스템학회 (IF: 0.85)
--------------------------------
[딥러닝 기반의 반도체 패키지 다이면 스크래치 검출 방법]
   └ 학회: 제어로봇시스템학회 (IF: 0.85)
--------------------------------
[토마토 위치 및 자세 추정을 위한 데이터 증대기법]
   └ 학회: 한국방송·미디어공학회 (IF: 0.39)"
31,2022,전기전자공학,132832,김민규,4,0.3185,0.37472,"[이동로봇의 안전자율주행을 위한 실내환경에서의 LiDAR 점 데이터군 증강]
   └ 학회: 제어로봇시스템학회 (IF: 0.85)
--------------------------------
[작업용 조끼 착용을 통한 딥 러닝 기반 특정 작업자 인지 효율화 연구]
   └ 학회: 제어로봇시스템학회 (IF: 0.85)
--------------------------------
[샴 네트워크 기반의 적은 데이터셋을 이용한 유사한 형태의 특정 객체 인식 연구]
   └ 학회: 제어로봇시스템학회 (IF: 0.85)
--------------------------------
[어린이를 위한 소셜 로봇의 심리운동 기반 놀이 활동 개발]
   └ 학회: 한국로봇학회(논문지) (IF: 0.57)"
32,2022,전기전자공학,911124150,이해연,6,0.3165,0.565143,"[MobileNet을 이용한 사람 음성 구간의 오디오 축약 방법]
   └ 학회: 한국정보기술학회 (IF: 0.56)
--------------------------------
[뇌 MRI 신호 감쇠 모델링을 통해 일반화된 QQ 모델의 클러스터링 기반 OEF 계산 알고리즘]
   └ 학회: 한국정보기술학회 (IF: 0.56)
--------------------------------
[스마트폰 녹음 여부 검출을 위한 딥러닝 기반 오디오 포렌식]
   └ 학회: 한국정보기술학회 (IF: 0.56)
--------------------------------
[LoRa 통신망을 이용한 스마트 IoT 플랫폼 개발]
   └ 학회: 한국정보기술학회 (IF: 0.56)
--------------------------------
[UNETR 기반 3D MRI 뇌 영상에서 다발성 경화증 병변 검출]
   └ 학회: 한국정보기술학회 (IF: 0.56)
--------------------------------
[3D Dense U-Net++을 이용한 다발성 경화증 병변 자동 검출]
   └ 학회: 한국정보기술학회 (IF: 0.56)"
33,2022,전기전자공학,923432611,이종일,2,0.3147,0.370266,"[작업용 조끼 착용을 통한 딥 러닝 기반 특정 작업자 인지 효율화 연구]
   └ 학회: 제어로봇시스템학회 (IF: 0.85)
--------------------------------
[샴 네트워크 기반의 적은 데이터셋을 이용한 유사한 형태의 특정 객체 인식 연구]
   └ 학회: 제어로봇시스템학회 (IF: 0.85)"
34,2022,전기전자공학,865439800,이창훈,2,0.3082,0.41648099999999993,"[카메라 영상과 딥러닝을 이용한 작물의 생장 속도 측정에 관한 연구]
   └ 학회: 한국지능시스템학회 (IF: 0.74)
--------------------------------
[스마트팜 재배를 위한 복합환경 제어시스템 설계]
   └ 학회: 한국지능시스템학회 (IF: 0.74)"
35,2022,전기전자공학,561566051,황승국,2,0.3082,0.41648099999999993,"[카메라 영상과 딥러닝을 이용한 작물의 생장 속도 측정에 관한 연구]
   └ 학회: 한국지능시스템학회 (IF: 0.74)
--------------------------------
[스마트팜 재배를 위한 복합환경 제어시스템 설계]
   └ 학회: 한국지능시스템학회 (IF: 0.74)"
36,2022,전기전자공학,991149216,권기룡,4,0.2921,0.44933,"[심층 강화학습을 이용한 디지털트윈 및 시각적 객체 추적]
   └ 학회: 한국멀티미디어학회 (IF: 0.65)
--------------------------------
[텍스처 특징 기반 제어점 선택 알고리즘과 병렬 심층 컨볼루션 신경망을 이용한 새로운 얼굴 모핑 방법]
   └ 학회: 한국멀티미디어학회 (IF: 0.65)
--------------------------------
[Melanoma Classification Using Log-Gabor Filter and Ensemble of Deep Convolution Neural Networks]
   └ 학회: 한국멀티미디어학회 (IF: 0.65)
--------------------------------
[A Deep Learning Method for Brain Tumor Classification Based on Image Gradient]
   └ 학회: 한국멀티미디어학회 (IF: 0.65)"
37,2022,전기전자공학,637093683,채종욱,1,0.274,0.370266,"[딥러닝 기반 토마토 잎 병충해 분류 및 시각화를 위한 연구]
   └ 학회: 한국지능시스템학회 (IF: 0.74)"
38,2022,전기전자공학,723889393,박준현,2,0.2732,0.36915299999999995,"[AMFM : 금속 외관 결함의 준지도 분류에 특화된 AugMix 기반 FixMatch 알고리즘]
   └ 학회: 한국지능시스템학회 (IF: 0.74)
--------------------------------
[Exponential NMS : 금속 외관의 오탐 성능 개선을 위한 효과적인 바운딩 박스 중첩 억제 기법]
   └ 학회: 한국지능시스템학회 (IF: 0.74)"
39,2022,전기전자공학,949440075,배용진,3,0.2706,0.483295,"[질의어 확장을 이용한 단어 중요도 기반 단락 검색]
   └ 학회: 한국정보기술학회 (IF: 0.56)
--------------------------------
[뉴럴 및 심볼릭 방법을 통합한 하이브리드 단락 검색]
   └ 학회: 한국정보기술학회 (IF: 0.56)
--------------------------------
[적대적 데이터 생성 기반 단락 재순위화 학습 프레임워크]
   └ 학회: 한국정보기술학회 (IF: 0.56)"
40,2022,전기전자공학,167472480,이공주,3,0.2706,0.483295,"[질의어 확장을 이용한 단어 중요도 기반 단락 검색]
   └ 학회: 한국정보기술학회 (IF: 0.56)
--------------------------------
[뉴럴 및 심볼릭 방법을 통합한 하이브리드 단락 검색]
   └ 학회: 한국정보기술학회 (IF: 0.56)
--------------------------------
[적대적 데이터 생성 기반 단락 재순위화 학습 프레임워크]
   └ 학회: 한국정보기술학회 (IF: 0.56)"
41,2022,전기전자공학,955077,서현욱,3,0.2679,0.315144,"[다중 시점 RGB 영상의 심층 합성곱 신경망 기반 3 차원 형상 추정 방법]
   └ 학회: 제어로봇시스템학회 (IF: 0.85)
--------------------------------
[모바일 매니퓰레이터의 엘리베이터 조작을 위한 HRI 시스템 구현]
   └ 학회: 제어로봇시스템학회 (IF: 0.85)
--------------------------------
[방향성 강판을 적용한 전기자동차용 매입형 영구자석 동기전동기 설계]
   └ 학회: 대한전기학회 (IF: 0.37)"
42,2022,전기전자공학,698927343,신성윤,6,0.2664,0.484409,"[딥러닝 샘플 생성을 위한 포아즌-볼츠만 방정식의 대수적 멀티그리드를 사용한 수치 예측]
   └ 학회: 한국정보통신학회 (IF: 0.55)
--------------------------------
[영상 인식 및 생체 신호를 이용한 운전자 졸음 감지 시스템]
   └ 학회: 한국정보통신학회 (IF: 0.55)
--------------------------------
[DMD기반 Kirchhoff-Love 판의 모드 분석과 수치해 예측]
   └ 학회: 한국정보통신학회 (IF: 0.55)
--------------------------------
[HMD 착용 중의 충돌 사고 방지를 위한 알리미 모듈 설계]
   └ 학회: 한국정보통신학회 (IF: 0.55)
--------------------------------
[보행자의 안전한 횡단을 위한 새로운 차세대 신호등 시스템]
   └ 학회: 한국정보통신학회 (IF: 0.55)
--------------------------------
[ResNet-Based Simulations for a Heat-Transfer Model Involving an Imperfect Contact]
   └ 학회: 한국정보통신학회JICCE (IF: 0.55)"
43,2022,전기전자공학,750566018,조현종,5,0.2641,0.713807,"[YOLOv4-CSP 기반 실신 감시 시스템]
   └ 학회: 대한전기학회 (IF: 0.37)
--------------------------------
[탑뷰 이미지를 사용한 영상기반 한우 체중 추정 시스템]
   └ 학회: 대한전기학회 (IF: 0.37)
--------------------------------
[데이터 선별을 통한 EfficientNetV2-L 기반 조기 위암 컴퓨터 보조 진단 시스템 연구]
   └ 학회: 대한전기학회 (IF: 0.37)
--------------------------------
[이미지 증대 기법을 이용한 노이즈에 강인한 사과 질병 분류]
   └ 학회: 대한전기학회 (IF: 0.37)
--------------------------------
[YOLOv4를 이용한 산양 탐지 시스템]
   └ 학회: 대한전기학회 (IF: 0.37)"
44,2022,전기전자공학,612637194,하성화,1,0.2608,0.352449,"[딥러닝기반 대장내시경 용종 검출에서 작은 용종의 검출 성능분석 및 성능향상 연구]
   └ 학회: 한국지능시스템학회 (IF: 0.74)"
45,2022,전기전자공학,453428327,정치윤,1,0.2608,0.352449,"[안개 제거가 객체 검출 성능에 미치는 영향 분석]
   └ 학회: 한국지능시스템학회 (IF: 0.74)"
46,2022,전기전자공학,418079725,하동휘,1,0.2608,0.352449,"[안개 제거가 객체 검출 성능에 미치는 영향 분석]
   └ 학회: 한국지능시스템학회 (IF: 0.74)"
47,2022,전기전자공학,443178274,문경덕,1,0.2608,0.352449,"[안개 제거가 객체 검출 성능에 미치는 영향 분석]
   └ 학회: 한국지능시스템학회 (IF: 0.74)"
48,2022,전기전자공학,786423126,김무섭,1,0.2608,0.352449,"[안개 제거가 객체 검출 성능에 미치는 영향 분석]
   └ 학회: 한국지능시스템학회 (IF: 0.74)"
49,2022,전기전자공학,290737064,최오규,1,0.2608,0.352449,"[YOLO 기반 금속 외관 결함영역 검출]
   └ 학회: 한국지능시스템학회 (IF: 0.74)"
50,2022,전기전자공학,607408387,김시종,1,0.2608,0.352449,"[YOLO 기반 금속 외관 결함영역 검출]
   └ 학회: 한국지능시스템학회 (IF: 0.74)"
51,2022,전기전자공학,115855893,김용태,3,0.2542,0.34353999999999996,"[다중 센서 기반 무한궤도형 이동로봇의 실외 자율주행시스템]
   └ 학회: 한국지능시스템학회 (IF: 0.74)
--------------------------------
[주변지역 데이터를 활용한 듀얼어텐션 메커니즘 기반 미세먼지 예측]
   └ 학회: 한국지능시스템학회 (IF: 0.74)
--------------------------------
[유니티 기반 디지털 스마트팜에서의 자율주행 로봇시스템 구현에 관한 연구]
   └ 학회: 한국지능시스템학회 (IF: 0.74)"
52,2022,전기전자공학,271355090,조재훈,2,0.2464,0.33296099999999995,"[다중 센서 기반 무한궤도형 이동로봇의 실외 자율주행시스템]
   └ 학회: 한국지능시스템학회 (IF: 0.74)
--------------------------------
[주변지역 데이터를 활용한 듀얼어텐션 메커니즘 기반 미세먼지 예측]
   └ 학회: 한국지능시스템학회 (IF: 0.74)"
53,2022,전기전자공학,415194982,박정은,1,0.2464,0.33296099999999995,"[주변지역 데이터를 활용한 듀얼어텐션 메커니즘 기반 미세먼지 예측]
   └ 학회: 한국지능시스템학회 (IF: 0.74)"
54,2022,전기전자공학,131623576,선준호,3,0.2456,0.481624,"[사물인터넷 기기 고장 진단을 위한 그래프 신경망 모델 기반 분류 방법]
   └ 학회: 국제인공지능학회 (IF: 0.51)
--------------------------------
[딥러닝 기반 운동 자세 교정 시스템의 성능]
   └ 학회: 국제인공지능학회 (IF: 0.51)
--------------------------------
[FitRec 기반 달리기 심박수 예측 시스템]
   └ 학회: 국제인공지능학회 (IF: 0.51)"
55,2022,전기전자공학,648209436,오은서,1,0.2443,0.33017699999999994,"[양자 메커닉스 기반 생성적 적대 신경망을 이용한 데이터 결측치 추정 프레임웍]
   └ 학회: 한국지능시스템학회 (IF: 0.74)"
56,2022,전기전자공학,595764277,구민구,1,0.2377,0.32126899999999997,"[딥러닝을 활용한 코로나19 이후 종교 인식 변화 분석]
   └ 학회: 한국지능시스템학회 (IF: 0.74)"
57,2022,전기전자공학,168691969,노기섭,1,0.2377,0.32126899999999997,"[딥러닝을 활용한 코로나19 이후 종교 인식 변화 분석]
   └ 학회: 한국지능시스템학회 (IF: 0.74)"
58,2022,전기전자공학,649607551,권형준,2,0.236,0.36302799999999996,"[영상 생성적 데이터 증강을 이용한 딥러닝 기반 SAR 영상 선박 탐지]
   └ 학회: 한국멀티미디어학회 (IF: 0.65)
--------------------------------
[마스크-보조 어텐션 기법을 활용한 항공 영상에서의 퓨-샷 의미론적 분할]
   └ 학회: 한국멀티미디어학회 (IF: 0.65)"
59,2022,전기전자공학,206979234,배진경,1,0.234,0.425388,"[비정상심박 검출을 위해 영상화된 심전도 신호를 이용한 비교학습 기반 딥러닝 알고리즘]
   └ 학회: 한국정보통신학회 (IF: 0.55)"
60,2022,전기전자공학,742033403,곽민수,1,0.234,0.425388,"[비정상심박 검출을 위해 영상화된 심전도 신호를 이용한 비교학습 기반 딥러닝 알고리즘]
   └ 학회: 한국정보통신학회 (IF: 0.55)"
61,2022,전기전자공학,378383307,노경갑,1,0.234,0.425388,"[비정상심박 검출을 위해 영상화된 심전도 신호를 이용한 비교학습 기반 딥러닝 알고리즘]
   └ 학회: 한국정보통신학회 (IF: 0.55)"
62,2022,전기전자공학,333803363,이동규,1,0.234,0.425388,"[비정상심박 검출을 위해 영상화된 심전도 신호를 이용한 비교학습 기반 딥러닝 알고리즘]
   └ 학회: 한국정보통신학회 (IF: 0.55)"
63,2022,전기전자공학,794729602,이승민,1,0.234,0.425388,"[비정상심박 검출을 위해 영상화된 심전도 신호를 이용한 비교학습 기반 딥러닝 알고리즘]
   └ 학회: 한국정보통신학회 (IF: 0.55)"
64,2022,전기전자공학,214783758,Ahtesham Bakht,2,0.2332,0.315144,"[Deep Learning Framework for Spatial Crowdedness Estimation and Comparison Analysis with Machine Learning]
   └ 학회: 한국지능시스템학회 (IF: 0.74)
--------------------------------
[Hybrid Multi-stream Deep Learning-based Nutrient Estimation Framework in Biological Wastewater Treatement]
   └ 학회: 한국지능시스템학회 (IF: 0.74)"
65,2022,전기전자공학,404592400,김승환,1,0.2332,0.315144,"[변이형 오토인코더를 이용한 영과잉 특허 데이터 분석]
   └ 학회: 한국지능시스템학회 (IF: 0.74)"
66,2022,전기전자공학,316214304,김혜원,1,0.2332,0.315144,"[망막질환진단을 위한 CNN모델들의 성능비교]
   └ 학회: 한국지능시스템학회 (IF: 0.74)"
67,2022,전기전자공학,361008069,장설봉,1,0.2332,0.315144,"[망막질환진단을 위한 CNN모델들의 성능비교]
   └ 학회: 한국지능시스템학회 (IF: 0.74)"
68,2022,전기전자공학,361517629,김용수,1,0.2332,0.315144,"[망막질환진단을 위한 CNN모델들의 성능비교]
   └ 학회: 한국지능시스템학회 (IF: 0.74)"
69,2022,전기전자공학,727552744,정일홍,1,0.2332,0.315144,"[망막질환진단을 위한 CNN모델들의 성능비교]
   └ 학회: 한국지능시스템학회 (IF: 0.74)"
70,2022,전기전자공학,897737565,김호승,1,0.2332,0.315144,"[데이터 증강으로 강화된 Aug-TNE(Text to Node Embedding)을 활용한 감성분석]
   └ 학회: 한국지능시스템학회 (IF: 0.74)"
71,2022,전기전자공학,741337456,윤수현,1,0.2332,0.315144,"[Unlabeled 데이터의 의사 라벨을 활용한 약지도 의미론적 이미지 분할]
   └ 학회: 한국지능시스템학회 (IF: 0.74)"
72,2022,전기전자공학,646294457,배재성,1,0.2332,0.315144,"[영상 정보 기반 작업장 순찰 로봇의 지도 구축을 위한 특징점 추출 기법에 관한 연구]
   └ 학회: 한국지능시스템학회 (IF: 0.74)"
73,2022,전기전자공학,263349811,노천명,1,0.2332,0.315144,"[영상 정보 기반 작업장 순찰 로봇의 지도 구축을 위한 특징점 추출 기법에 관한 연구]
   └ 학회: 한국지능시스템학회 (IF: 0.74)"
74,2022,전기전자공학,403168648,김성수,1,0.2332,0.315144,"[영상 정보 기반 작업장 순찰 로봇의 지도 구축을 위한 특징점 추출 기법에 관한 연구]
   └ 학회: 한국지능시스템학회 (IF: 0.74)"
75,2022,전기전자공학,832923290,강동훈,1,0.2332,0.315144,"[영상 정보 기반 작업장 순찰 로봇의 지도 구축을 위한 특징점 추출 기법에 관한 연구]
   └ 학회: 한국지능시스템학회 (IF: 0.74)"
76,2022,전기전자공학,475434391,이재철,1,0.2332,0.315144,"[영상 정보 기반 작업장 순찰 로봇의 지도 구축을 위한 특징점 추출 기법에 관한 연구]
   └ 학회: 한국지능시스템학회 (IF: 0.74)"
77,2022,전기전자공학,5147455,강용훈,1,0.2332,0.315144,"[모델 발산을 억제하는 연합학습 프레임워크]
   └ 학회: 한국지능시스템학회 (IF: 0.74)"
78,2022,전기전자공학,687476725,오재동,2,0.2242,0.407572,"[온라인 쇼핑몰 데이터를 이용한 개인화 추천 모델 성능 비교 분석]
   └ 학회: 한국정보통신학회 (IF: 0.55)
--------------------------------
[사용자 입력 문장에서 우울 관련 감정 탐지]
   └ 학회: 한국정보통신학회 (IF: 0.55)"
79,2022,전기전자공학,226589532,박구만,8,0.2237,0.5734969999999999,"[QRAS-based Algorithm for Omnidirectional Sound Source Determination Without Blind Spots]
   └ 학회: 한국방송·미디어공학회 (IF: 0.39)
--------------------------------
[반려견 자동 품종 분류를 위한 전이학습 효과 분석]
   └ 학회: 한국방송·미디어공학회 (IF: 0.39)
--------------------------------
[객체 검출을 위한 2차원 인조데이터 셋 구축 시스템과 데이터 특징 및 배치 구조에 따른 검출률 분석 : 자동차 번호판 검출을 중점으로]
   └ 학회: 한국방송·미디어공학회 (IF: 0.39)
--------------------------------
[메타버스 시사점과 응용]
   └ 학회: 한국방송·미디어공학회 (IF: 0.39)
--------------------------------
[메타버스에서 디지털 트윈 기술의 적용]
   └ 학회: 한국방송·미디어공학회 (IF: 0.39)
--------------------------------
[새로운 반려견 등록방식 도입을 위한 안면 인식 성능 개선 연구]
   └ 학회: 한국방송·미디어공학회 (IF: 0.39)
--------------------------------
[소리 데이터를 이용한 불량 모터 분류에 관한 연구]
   └ 학회: 한국방송·미디어공학회 (IF: 0.39)
--------------------------------
[라디오 청취자 문자 사연을 활용한 한국어 다중 감정 분석용 데이터셋 연구]
   └ 학회: 한국방송·미디어공학회 (IF: 0.39)"
80,2022,전기전자공학,793000318,권혁주,3,0.2158,0.38529899999999995,"[가상 데이터 증식을 이용한 Pix2pix 기반의 물방울 제거 학습]
   └ 학회: 한국정보기술학회 (IF: 0.56)
--------------------------------
[결합형 양방향 필터를 이용한 주야간 적응형 가시광 및 근적외선 영상 합성]
   └ 학회: 한국정보기술학회 (IF: 0.56)
--------------------------------
[DenseFuse 기반의 광대역 영상 합성 학습을 위한 효과적인 데이터 분류 및 가중치 학습 모델]
   └ 학회: 한국정보기술학회 (IF: 0.56)"
81,2022,전기전자공학,511315013,이성학,3,0.2158,0.38529899999999995,"[가상 데이터 증식을 이용한 Pix2pix 기반의 물방울 제거 학습]
   └ 학회: 한국정보기술학회 (IF: 0.56)
--------------------------------
[결합형 양방향 필터를 이용한 주야간 적응형 가시광 및 근적외선 영상 합성]
   └ 학회: 한국정보기술학회 (IF: 0.56)
--------------------------------
[DenseFuse 기반의 광대역 영상 합성 학습을 위한 효과적인 데이터 분류 및 가중치 학습 모델]
   └ 학회: 한국정보기술학회 (IF: 0.56)"
82,2022,전기전자공학,584351668,김종식,2,0.2073,0.370266,"[이종 객체 검출과 중복 라벨링 방식을 활용한 데이터 자동생성 및 객체 인식률 개선 연구]
   └ 학회: 한국정보기술학회 (IF: 0.56)
--------------------------------
[F-guessed 방식과 준지도 학습을 이용한 화재 데이터 생성 및 인식률 개선 연구]
   └ 학회: 한국정보기술학회 (IF: 0.56)"
83,2022,전기전자공학,668420653,박진욱,2,0.2061,0.37472099999999997,"[음성존재확률을 이용한 행렬식 기반 2채널 잡음제거기법]
   └ 학회: 한국정보통신학회 (IF: 0.55)
--------------------------------
[객체 인식 모델을 활용한 적재 불량 화물차 탐지 시스템]
   └ 학회: 한국정보통신학회 (IF: 0.55)"
84,2022,전기전자공학,992128882,정우진,1,0.2061,0.37472099999999997,"[객체 인식 모델을 활용한 적재 불량 화물차 탐지 시스템]
   └ 학회: 한국정보통신학회 (IF: 0.55)"
85,2022,전기전자공학,196427236,박용주,1,0.2061,0.37472099999999997,"[객체 인식 모델을 활용한 적재 불량 화물차 탐지 시스템]
   └ 학회: 한국정보통신학회 (IF: 0.55)"
86,2022,전기전자공학,567688128,이태영,2,0.2048,0.315144,"[마스크-보조 어텐션 기법을 활용한 항공 영상에서의 퓨-샷 의미론적 분할]
   └ 학회: 한국멀티미디어학회 (IF: 0.65)
--------------------------------
[변형 가능한 컨볼루션 네트워크와 지식증류 기반 위성 영상 빌딩 분할]
   └ 학회: 한국멀티미디어학회 (IF: 0.65)"
87,2022,전기전자공학,715864761,안종식,2,0.2048,0.315144,"[마스크-보조 어텐션 기법을 활용한 항공 영상에서의 퓨-샷 의미론적 분할]
   └ 학회: 한국멀티미디어학회 (IF: 0.65)
--------------------------------
[변형 가능한 컨볼루션 네트워크와 지식증류 기반 위성 영상 빌딩 분할]
   └ 학회: 한국멀티미디어학회 (IF: 0.65)"
88,2022,전기전자공학,882855048,하지환,2,0.2033,0.363028,"[딥러닝을 활용한 오토인코더 기반 질병 관련 miRNA 예측 연구]
   └ 학회: 한국정보기술학회 (IF: 0.56)
--------------------------------
[멀티오믹스 데이터를 활용한 알츠하이머 질병 예측 딥러닝 모델 개발 연구]
   └ 학회: 한국정보기술학회 (IF: 0.56)"
89,2022,전기전자공학,784446687,선영규,2,0.2005,0.39309399999999994,"[딥러닝 기반 운동 자세 교정 시스템의 성능]
   └ 학회: 국제인공지능학회 (IF: 0.51)
--------------------------------
[신경망 협업 필터링을 이용한 운동 추천시스템]
   └ 학회: 국제인공지능학회 (IF: 0.51)"
90,2022,전기전자공학,302846222,서기성,4,0.1988,0.537303,"[가중화된 지식 기반 지식 증류]
   └ 학회: 대한전기학회 (IF: 0.37)
--------------------------------
[유효한 키포인트 증식 기반의 가려진 사람의 재식별]
   └ 학회: 대한전기학회 (IF: 0.37)
--------------------------------
[진화연산을 사용한 널뛰기지수 기반 강수예측 모델링]
   └ 학회: 대한전기학회 (IF: 0.37)
--------------------------------
[필터 다양화를 통한 합성곱 신경망의 표현력 향상]
   └ 학회: 대한전기학회 (IF: 0.37)"
91,2022,전기전자공학,405366226,전동산,3,0.1983,0.30512100000000003,"[잡음제거 합성곱 신경망을 이용한 이미지 복원 방법]
   └ 학회: 한국멀티미디어학회 (IF: 0.65)
--------------------------------
[압축 왜곡 감소를 위한 CNN 기반 이미지 화질개선 알고리즘]
   └ 학회: 한국멀티미디어학회 (IF: 0.65)
--------------------------------
[다목적 비디오 부/복호화를 위한 다층 퍼셉트론 기반 삼항 트리 분할 결정 방법]
   └ 학회: 한국멀티미디어학회 (IF: 0.65)"
92,2022,전기전자공학,352388644,윤희지,1,0.1969,0.358017,"[경량화된 임베디드 시스템에서 의미론적인 픽셀 분할 마스킹을 이용한 효율적인 영상 객체 인식 기법]
   └ 학회: 한국정보통신학회 (IF: 0.55)"
93,2022,전기전자공학,422186044,남은정,1,0.1938,0.35244899999999996,"[RGB-D 영상을 이용한 Fusion RetinaNet 기반 얼굴 검출 방법]
   └ 학회: 한국정보통신학회 (IF: 0.55)"
94,2022,전기전자공학,988229150,이덕진,4,0.1931,0.22717099999999998,"[심층학습 기반 차선 분할과 최적 추정기를 이용한 자율주행차 차선인식 기법]
   └ 학회: 제어로봇시스템학회 (IF: 0.85)
--------------------------------
[A Study on Real-Time Data Transmission of Cloud Controlled Mobile Robots]
   └ 학회: 제어로봇시스템학회 (IF: 0.85)
--------------------------------
[특집호 서문: 강화학습 기반 제어응용]
   └ 학회: 제어로봇시스템학회 (IF: 0.85)
--------------------------------
[제어장벽함수와 심층강화학습을 결합한 안전강화학습 제어기 연구]
   └ 학회: 제어로봇시스템학회 (IF: 0.85)"
95,2022,전기전자공학,757420485,백승범,2,0.1903,0.22383,"[내장 그래픽 칩 기반 머신 러닝과 딥러닝의 알고리즘 융합을 활용한 실시간 교통 신호인지]
   └ 학회: 제어로봇시스템학회 (IF: 0.85)
--------------------------------
[Solid-State LiDAR 기반 밭 농업용 자율주행 로봇의 두둑 감지를 통한 실시간 주행 경로 생성 알고리즘]
   └ 학회: 제어로봇시스템학회 (IF: 0.85)"
96,2022,전기전자공학,113614945,송영준,3,0.1902,0.339642,"[교통사고 시나리오 분류를 위한 이미지 데이터 생성 시스템]
   └ 학회: 한국정보기술학회 (IF: 0.56)
--------------------------------
[객체 인식과 객체 추적을 활용한 고속도로 주행 영상에서의 돌발 상황 인식 방법]
   └ 학회: 한국정보기술학회 (IF: 0.56)
--------------------------------
[CNN을 활용한 OLED 디스플레이 결함 검출 시스템 구현]
   └ 학회: 한국정보기술학회 (IF: 0.56)"
97,2022,전기전자공학,539250969,한현택,2,0.1852,0.330734,"[MobileNet을 이용한 사람 음성 구간의 오디오 축약 방법]
   └ 학회: 한국정보기술학회 (IF: 0.56)
--------------------------------
[UNETR 기반 3D MRI 뇌 영상에서 다발성 경화증 병변 검출]
   └ 학회: 한국정보기술학회 (IF: 0.56)"
98,2022,전기전자공학,716355507,홍의석,2,0.1851,0.363028,"[딥러닝 기법을 사용하는 소프트웨어 결함 예측 모델]
   └ 학회: 국제인공지능학회 (IF: 0.51)
--------------------------------
[딥러닝을 이용한 소프트웨어 결함 심각도 예측]
   └ 학회: 국제인공지능학회 (IF: 0.51)"
99,2022,전기전자공학,174218178,최은지,1,0.1841,0.216592,"[내장 그래픽 칩 기반 머신 러닝과 딥러닝의 알고리즘 융합을 활용한 실시간 교통 신호인지]
   └ 학회: 제어로봇시스템학회 (IF: 0.85)"
100,2022,전기전자공학,135861565,강석훈,2,0.1837,0.334074,"[LwF에서 망각현상 개선을 위한 적응적 가중치 제어 방법]
   └ 학회: 한국정보통신학회 (IF: 0.55)
--------------------------------
[지속적 학습 환경에서 지식전달에 기반한 LwF 개선모델]
   └ 학회: 한국정보통신학회 (IF: 0.55)"
101,2022,전기전자공학,859362557,진교홍,2,0.1831,0.332961,"[설비 이상탐지를 위한 딥러닝 알고리즘 개발]
   └ 학회: 한국정보통신학회 (IF: 0.55)
--------------------------------
[LSTM Model-based Prediction of the Variations in Load Power Data from Industrial Manufacturing Machines]
   └ 학회: 한국정보통신학회JICCE (IF: 0.55)"
102,2022,전기전자공학,361595179,김민희,1,0.1831,0.332961,"[설비 이상탐지를 위한 딥러닝 알고리즘 개발]
   └ 학회: 한국정보통신학회 (IF: 0.55)"
103,2022,전기전자공학,991146874,유동희,1,0.1831,0.33296099999999995,"[GPS 시각전송 측정데이터에 대한 딥러닝 모델 기반 시각오프셋 예측]
   └ 학회: 한국정보통신학회 (IF: 0.55)"
104,2022,전기전자공학,4023223,김민호,1,0.1831,0.33296099999999995,"[GPS 시각전송 측정데이터에 대한 딥러닝 모델 기반 시각오프셋 예측]
   └ 학회: 한국정보통신학회 (IF: 0.55)"
105,2022,전기전자공학,5128039,이효중,1,0.1808,0.212694,"[다수 조명의 채널별 융합을 이용한 CNN 기반 머신 비전 분류기]
   └ 학회: 제어로봇시스템학회 (IF: 0.85)"
106,2022,전기전자공학,4569147,이재준,2,0.1799,0.32126899999999997,"[MobileNet을 이용한 사람 음성 구간의 오디오 축약 방법]
   └ 학회: 한국정보기술학회 (IF: 0.56)
--------------------------------
[3D Dense U-Net++을 이용한 다발성 경화증 병변 자동 검출]
   └ 학회: 한국정보기술학회 (IF: 0.56)"
107,2022,전기전자공학,582239788,박성현,1,0.1785,0.324609,"[LwF에서 망각현상 개선을 위한 적응적 가중치 제어 방법]
   └ 학회: 한국정보통신학회 (IF: 0.55)"
108,2022,전기전자공학,954400108,이석훈,10,0.1761,0.314588,"[드론 기반 해안 쓰레기 식별을 위한 클라우드 이미지 분류 모델의 비교 평가]
   └ 학회: 한국정보기술학회 (IF: 0.56)
--------------------------------
[대기오염 배출구의 정확한 오염도 측정을 위한 5-point 수집 비행 알고리즘]
   └ 학회: 한국정보기술학회 (IF: 0.56)
--------------------------------
[층간소음의 정확한 진원지 식별을 위한 SVM 기반의 진원지 인지 시스템]
   └ 학회: 한국정보기술학회 (IF: 0.56)
--------------------------------
[사물의 이동성 강화를 위한 MQTT 기반의 IoT 사물 제어 기법]
   └ 학회: 한국정보기술학회 (IF: 0.56)
--------------------------------
[사물의 이동성 강화를 위한 MQTT 기반의 IoT 사물 제어 기법]
   └ 학회: 한국정보기술학회 (IF: 0.56)
--------------------------------
[소형선박을 위한 LiDAR 센서와 Pure Pursuit 알고리즘 기반의 자율운항 시스템]
   └ 학회: 한국정보기술학회 (IF: 0.56)
--------------------------------
[DSEM-Trajectory의 데이터 품질 향상을 위한 데이터 품질평가 기법]
   └ 학회: 한국정보기술학회 (IF: 0.56)
--------------------------------
[딥러닝 기술에 기반한 사용자 이동 경로의 이상치 탐지 기법]
   └ 학회: 한국정보기술학회 (IF: 0.56)
--------------------------------
[온라인 회의 환경에서 사용자 위치의 동적 관리 방법에 대한 실험 및 평가]
   └ 학회: 한국정보기술학회 (IF: 0.56)
--------------------------------
[Improved Sensor Filtering Method for Sensor Registry System]
   └ 학회: 한국정보통신학회 (IF: 0.55)"
109,2022,전기전자공학,1630427,이민혜,2,0.1761,0.32015499999999997,"[영상 인식 및 생체 신호를 이용한 운전자 졸음 감지 시스템]
   └ 학회: 한국정보통신학회 (IF: 0.55)
--------------------------------
[HMD 착용 중의 충돌 사고 방지를 위한 알리미 모듈 설계]
   └ 학회: 한국정보통신학회 (IF: 0.55)"
110,2022,전기전자공학,247108189,Bo-Li,1,0.1758,0.319598,"[Exploration of deep learning facial motions recognition technology in college students’ mental health]
   └ 학회: 한국정보통신학회 (IF: 0.55)"
111,2022,전기전자공학,381125254,Kyung-Duk Cho,1,0.1758,0.319598,"[Exploration of deep learning facial motions recognition technology in college students’ mental health]
   └ 학회: 한국정보통신학회 (IF: 0.55)"
112,2022,전기전자공학,354797828,최경훈,1,0.1737,0.204342,"[객체 검출과 객체 분할 방법의 무인 감시 데이터셋 적용 결과 비교]
   └ 학회: 제어로봇시스템학회 (IF: 0.85)"
113,2022,전기전자공학,743787781,최재웅,1,0.1733,0.315144,"[OFDM 레이다를 위한 딥러닝 기반 표적의 거리 및 속도 추정 기법]
   └ 학회: 한국정보통신학회 (IF: 0.55)"
114,2022,전기전자공학,868803967,정의림,1,0.1733,0.315144,"[OFDM 레이다를 위한 딥러닝 기반 표적의 거리 및 속도 추정 기법]
   └ 학회: 한국정보통신학회 (IF: 0.55)"
115,2022,전기전자공학,286485074,김지훈,1,0.1733,0.315144,"[트랜스포머 블록과 윤곽선 디코더를 활용한 딥러닝 기반의 피부 병변 분할 방법]
   └ 학회: 한국정보통신학회 (IF: 0.55)"
116,2022,전기전자공학,597465884,박경리,1,0.1733,0.315144,"[트랜스포머 블록과 윤곽선 디코더를 활용한 딥러닝 기반의 피부 병변 분할 방법]
   └ 학회: 한국정보통신학회 (IF: 0.55)"
117,2022,전기전자공학,148020562,김해문,1,0.1733,0.315144,"[트랜스포머 블록과 윤곽선 디코더를 활용한 딥러닝 기반의 피부 병변 분할 방법]
   └ 학회: 한국정보통신학회 (IF: 0.55)"
118,2022,전기전자공학,137139145,문영식,1,0.1733,0.315144,"[트랜스포머 블록과 윤곽선 디코더를 활용한 딥러닝 기반의 피부 병변 분할 방법]
   └ 학회: 한국정보통신학회 (IF: 0.55)"
119,2022,전기전자공학,363839503,조준희,1,0.1733,0.315144,"[딥러닝 텍스트 요약 모델의 데이터 편향 문제 해결을 위한 학습 기법]
   └ 학회: 한국정보통신학회 (IF: 0.55)"
120,2022,전기전자공학,387317151,김규민,1,0.1733,0.315144,"[실시간 3차원 객체 검출을 위한 포인트 클라우드 기반 딥러닝 모델 경량화]
   └ 학회: 한국정보통신학회 (IF: 0.55)"
121,2022,전기전자공학,218139390,백중환,1,0.1733,0.315144,"[실시간 3차원 객체 검출을 위한 포인트 클라우드 기반 딥러닝 모델 경량화]
   └ 학회: 한국정보통신학회 (IF: 0.55)"
122,2022,전기전자공학,432588753,김희영,1,0.1733,0.315144,"[실시간 3차원 객체 검출을 위한 포인트 클라우드 기반 딥러닝 모델 경량화]
   └ 학회: 한국정보통신학회 (IF: 0.55)"
123,2022,전기전자공학,166009846,박종영,5,0.1673,0.452114,"[공조설비와 에너지저장장치 제어를 위한 강화학습 기반 에너지관리 에이전트 개발]
   └ 학회: 대한전기학회 (IF: 0.37)
--------------------------------
[철도 전력계통 불평형 보상을 위한 지그재그 변압기 개발]
   └ 학회: 대한전기학회 (IF: 0.37)
--------------------------------
[철도 전력계통 불평형 보상을 위한 지그재그 변압기 개발]
   └ 학회: 대한전기학회 (IF: 0.37)
--------------------------------
[분산전원이 있는 배전계통에서 딥러닝을 통한 고저항 지락사고 판별]
   └ 학회: 대한전기학회 (IF: 0.37)
--------------------------------
[분산전원이 있는 배전계통에서 딥러닝을 통한 고저항 지락사고 판별]
   └ 학회: 대한전기학회 (IF: 0.37)"
124,2022,전기전자공학,820060138,정준욱,2,0.1656,0.194877,"[딥 러닝 기반의 MLCC 적층 얼라인먼트 자동 검사 시스템]
   └ 학회: 제어로봇시스템학회 (IF: 0.85)
--------------------------------
[독립모델을 이용한 딥 러닝 기반의 MLCC 적층 얼라인먼트 자동 검사 시스템]
   └ 학회: 제어로봇시스템학회 (IF: 0.85)"
125,2022,전기전자공학,398685469,김현재,2,0.1656,0.194877,"[딥 러닝 기반의 MLCC 적층 얼라인먼트 자동 검사 시스템]
   └ 학회: 제어로봇시스템학회 (IF: 0.85)
--------------------------------
[독립모델을 이용한 딥 러닝 기반의 MLCC 적층 얼라인먼트 자동 검사 시스템]
   └ 학회: 제어로봇시스템학회 (IF: 0.85)"
126,2022,전기전자공학,870707428,손성빈,2,0.1656,0.194877,"[딥 러닝 기반의 MLCC 적층 얼라인먼트 자동 검사 시스템]
   └ 학회: 제어로봇시스템학회 (IF: 0.85)
--------------------------------
[독립모델을 이용한 딥 러닝 기반의 MLCC 적층 얼라인먼트 자동 검사 시스템]
   └ 학회: 제어로봇시스템학회 (IF: 0.85)"
127,2022,전기전자공학,151578728,오흥선,2,0.1656,0.194877,"[딥 러닝 기반의 MLCC 적층 얼라인먼트 자동 검사 시스템]
   └ 학회: 제어로봇시스템학회 (IF: 0.85)
--------------------------------
[독립모델을 이용한 딥 러닝 기반의 MLCC 적층 얼라인먼트 자동 검사 시스템]
   └ 학회: 제어로봇시스템학회 (IF: 0.85)"
128,2022,전기전자공학,111488682,구재완,1,0.1656,0.194877,"[AMR 를 이용한 가변적인 관심 대상 객체 추적을 위한 딥러닝 기반 프레임워크]
   └ 학회: 제어로봇시스템학회 (IF: 0.85)"
129,2022,전기전자공학,244436703,조익성,2,0.1654,0.300666,"[합성곱-장단기 기억 신경망의 하이브리드 결합 모델을 이용한 부정맥 분류]
   └ 학회: 한국정보통신학회 (IF: 0.55)
--------------------------------
[GAN 오버샘플링 기법과 CNN-BLSTM 결합 모델을 이용한 부정맥 분류]
   └ 학회: 한국정보통신학회 (IF: 0.55)"
130,2022,전기전자공학,581762671,권혁숭,2,0.1654,0.300666,"[합성곱-장단기 기억 신경망의 하이브리드 결합 모델을 이용한 부정맥 분류]
   └ 학회: 한국정보통신학회 (IF: 0.55)
--------------------------------
[GAN 오버샘플링 기법과 CNN-BLSTM 결합 모델을 이용한 부정맥 분류]
   └ 학회: 한국정보통신학회 (IF: 0.55)"
131,2022,전기전자공학,539902101,노광현,5,0.1653,0.324055,"[A Study on Big Data Analytics Services and Standardization for Smart Manufacturing Innovation]
   └ 학회: 국제인공지능학회 (IF: 0.51)
--------------------------------
[공공데이터와 IoT 센싱 데이터를 활용한 경보방송 방법에 관한 연구]
   └ 학회: 국제인공지능학회 (IF: 0.51)
--------------------------------
[투입구 기능 개선을 통한 음식물쓰레기종량제 활성화 방안에 관한 연구]
   └ 학회: 국제인공지능학회 (IF: 0.51)
--------------------------------
[축산물 생산성 향상 및 축산 환경 개선을 위한 지능정보기술 기반 스마트 축사 연구 및 기술 동향 분석]
   └ 학회: 국제인공지능학회 (IF: 0.51)
--------------------------------
[이물질 구별을 통한 음식물쓰레기 배출시스템 개선에 관한 연구]
   └ 학회: 국제인공지능학회 (IF: 0.51)"
132,2022,전기전자공학,722639366,이한성,2,0.1629,0.250556,"[머신러닝기반의 데이터 결측 구간의 자동 보정 및 분석 예측 모델에 대한 연구]
   └ 학회: 한국멀티미디어학회 (IF: 0.65)
--------------------------------
[X-Ray Security Checkpoint System Using Storage Media Detection Method Based on Deep Learning for Information Security]
   └ 학회: 한국멀티미디어학회 (IF: 0.65)"
133,2022,전기전자공학,820973082,이석호,3,0.1607,0.315144,"[Joint Demosaicing and Super-resolution of Color Filter Array Image based on Deep Image Prior Network]
   └ 학회: 국제인공지능학회 (IF: 0.51)
--------------------------------
[Cloth Product Recognition based on Siamese Network with Body Region Extraction method]
   └ 학회: 국제인공지능학회 (IF: 0.51)
--------------------------------
[Interactive Data Acquisition System based on Hand Tracking to evaluate Children's Cognitive Abilities]
   └ 학회: 국제인공지능학회 (IF: 0.51)"
134,2022,전기전자공학,638623610,Edwin Kurniawan,2,0.1607,0.315144,"[Joint Demosaicing and Super-resolution of Color Filter Array Image based on Deep Image Prior Network]
   └ 학회: 국제인공지능학회 (IF: 0.51)
--------------------------------
[Cloth Product Recognition based on Siamese Network with Body Region Extraction method]
   └ 학회: 국제인공지능학회 (IF: 0.51)"
135,2022,전기전자공학,938265763,이승우,2,0.1607,0.315144,"[FitRec 기반 달리기 심박수 예측 시스템]
   └ 학회: 국제인공지능학회 (IF: 0.51)
--------------------------------
[신경망 협업 필터링을 이용한 운동 추천시스템]
   └ 학회: 국제인공지능학회 (IF: 0.51)"
136,2022,전기전자공학,830122006,김수현,2,0.1607,0.315144,"[FitRec 기반 달리기 심박수 예측 시스템]
   └ 학회: 국제인공지능학회 (IF: 0.51)
--------------------------------
[신경망 협업 필터링을 이용한 운동 추천시스템]
   └ 학회: 국제인공지능학회 (IF: 0.51)"
137,2022,전기전자공학,684099388,김진영,2,0.1607,0.315144,"[FitRec 기반 달리기 심박수 예측 시스템]
   └ 학회: 국제인공지능학회 (IF: 0.51)
--------------------------------
[신경망 협업 필터링을 이용한 운동 추천시스템]
   └ 학회: 국제인공지능학회 (IF: 0.51)"
138,2022,전기전자공학,512136097,조용운,2,0.1595,0.21881899999999999,"[사용자 환경에 따라 적용 가능한 EMG 기반 손동작 인식 기법]
   └ 학회: 제어로봇시스템학회 (IF: 0.85)
--------------------------------
[음성인식 및 화자검증을 통해 편의성과 보안성이 향상된 EMG 기반 능동의수]
   └ 학회: 대한전기학회 (IF: 0.37)"
139,2022,전기전자공학,157365166,오도창,2,0.1595,0.21881899999999999,"[사용자 환경에 따라 적용 가능한 EMG 기반 손동작 인식 기법]
   └ 학회: 제어로봇시스템학회 (IF: 0.85)
--------------------------------
[음성인식 및 화자검증을 통해 편의성과 보안성이 향상된 EMG 기반 능동의수]
   └ 학회: 대한전기학회 (IF: 0.37)"
140,2022,전기전자공학,803753372,Kang-San Kim,1,0.1567,0.241091,"[X-Ray Security Checkpoint System Using Storage Media Detection Method Based on Deep Learning for Information Security]
   └ 학회: 한국멀티미디어학회 (IF: 0.65)"
141,2022,전기전자공학,786021946,"Won-Chan, Kim",1,0.1567,0.241091,"[X-Ray Security Checkpoint System Using Storage Media Detection Method Based on Deep Learning for Information Security]
   └ 학회: 한국멀티미디어학회 (IF: 0.65)"
142,2022,전기전자공학,872685563,"Tea-Kun, Woo",1,0.1567,0.241091,"[X-Ray Security Checkpoint System Using Storage Media Detection Method Based on Deep Learning for Information Security]
   └ 학회: 한국멀티미디어학회 (IF: 0.65)"
143,2022,전기전자공학,697795830,"Se-Hoon, Jung",1,0.1567,0.241091,"[X-Ray Security Checkpoint System Using Storage Media Detection Method Based on Deep Learning for Information Security]
   └ 학회: 한국멀티미디어학회 (IF: 0.65)"
144,2022,전기전자공학,5339460,김봉상,3,0.1562,0.183741,"[Solid-State LiDAR 기반 밭 농업용 자율주행 로봇의 두둑 감지를 통한 실시간 주행 경로 생성 알고리즘]
   └ 학회: 제어로봇시스템학회 (IF: 0.85)
--------------------------------
[딥러닝을 활용한 딜레마 존에서의 차량 속도 제어]
   └ 학회: 제어로봇시스템학회 (IF: 0.85)
--------------------------------
[농업용 무한궤도형 자율주행 플랫폼의 경로 추종 및 추종 성능 향상을 위한 가변형 전방 주시거리 알고리즘 개발]
   └ 학회: 한국로봇학회(논문지) (IF: 0.57)"
145,2022,전기전자공학,211341315,박진혁,2,0.1538,0.236636,"[심층 강화학습을 이용한 디지털트윈 및 시각적 객체 추적]
   └ 학회: 한국멀티미디어학회 (IF: 0.65)
--------------------------------
[텍스처 특징 기반 제어점 선택 알고리즘과 병렬 심층 컨볼루션 신경망을 이용한 새로운 얼굴 모핑 방법]
   └ 학회: 한국멀티미디어학회 (IF: 0.65)"
146,2022,전기전자공학,408500880,Khurshedjon Farkhodov,1,0.1538,0.236636,"[심층 강화학습을 이용한 디지털트윈 및 시각적 객체 추적]
   └ 학회: 한국멀티미디어학회 (IF: 0.65)"
147,2022,전기전자공학,730550760,최필주,1,0.1538,0.236636,"[심층 강화학습을 이용한 디지털트윈 및 시각적 객체 추적]
   └ 학회: 한국멀티미디어학회 (IF: 0.65)"
148,2022,전기전자공학,465860253,이유호,1,0.1531,0.235523,"[압축 왜곡 감소를 위한 CNN 기반 이미지 화질개선 알고리즘]
   └ 학회: 한국멀티미디어학회 (IF: 0.65)"
149,2022,전기전자공학,941877423,최효혁,2,0.15,0.176503,"[딥러닝을 활용한 딜레마 존에서의 차량 속도 제어]
   └ 학회: 제어로봇시스템학회 (IF: 0.85)
--------------------------------
[농업용 무한궤도형 자율주행 플랫폼의 경로 추종 및 추종 성능 향상을 위한 가변형 전방 주시거리 알고리즘 개발]
   └ 학회: 한국로봇학회(논문지) (IF: 0.57)"
150,2022,전기전자공학,935502320,심홍석,1,0.15,0.176503,"[딥러닝을 활용한 딜레마 존에서의 차량 속도 제어]
   └ 학회: 제어로봇시스템학회 (IF: 0.85)"
151,2022,전기전자공학,252387418,Jin-Ho Park,1,0.1498,0.230511,"[Intelligent Activity Recognition based on Improved Convolutional Neural Network]
   └ 학회: 한국멀티미디어학회 (IF: 0.65)"
152,2022,전기전자공학,629137517,임지영,1,0.1498,0.230512,"[CNN 기반 전이학습을 이용한 뼈 전이가 존재하는 뼈 스캔 영상 분류]
   └ 학회: 한국멀티미디어학회 (IF: 0.65)"
153,2022,전기전자공학,603575880,도탄콩,1,0.1498,0.230512,"[CNN 기반 전이학습을 이용한 뼈 전이가 존재하는 뼈 스캔 영상 분류]
   └ 학회: 한국멀티미디어학회 (IF: 0.65)"
154,2022,전기전자공학,686550267,김수형,1,0.1498,0.230512,"[CNN 기반 전이학습을 이용한 뼈 전이가 존재하는 뼈 스캔 영상 분류]
   └ 학회: 한국멀티미디어학회 (IF: 0.65)"
155,2022,전기전자공학,464074145,이귀상,1,0.1498,0.230512,"[CNN 기반 전이학습을 이용한 뼈 전이가 존재하는 뼈 스캔 영상 분류]
   └ 학회: 한국멀티미디어학회 (IF: 0.65)"
156,2022,전기전자공학,179131473,이민희,1,0.1498,0.230512,"[CNN 기반 전이학습을 이용한 뼈 전이가 존재하는 뼈 스캔 영상 분류]
   └ 학회: 한국멀티미디어학회 (IF: 0.65)"
157,2022,전기전자공학,703872785,민정준,1,0.1498,0.230512,"[CNN 기반 전이학습을 이용한 뼈 전이가 존재하는 뼈 스캔 영상 분류]
   └ 학회: 한국멀티미디어학회 (IF: 0.65)"
158,2022,전기전자공학,624347883,범희승,1,0.1498,0.230512,"[CNN 기반 전이학습을 이용한 뼈 전이가 존재하는 뼈 스캔 영상 분류]
   └ 학회: 한국멀티미디어학회 (IF: 0.65)"
159,2022,전기전자공학,175649192,김현식,1,0.1498,0.230512,"[CNN 기반 전이학습을 이용한 뼈 전이가 존재하는 뼈 스캔 영상 분류]
   └ 학회: 한국멀티미디어학회 (IF: 0.65)"
160,2022,전기전자공학,810603246,강세령,1,0.1498,0.230512,"[CNN 기반 전이학습을 이용한 뼈 전이가 존재하는 뼈 스캔 영상 분류]
   └ 학회: 한국멀티미디어학회 (IF: 0.65)"
161,2022,전기전자공학,811331226,양형정,1,0.1498,0.230512,"[CNN 기반 전이학습을 이용한 뼈 전이가 존재하는 뼈 스캔 영상 분류]
   └ 학회: 한국멀티미디어학회 (IF: 0.65)"
162,2022,전기전자공학,905894171,박성범,1,0.1434,0.168708,"[딥러닝 기반의 반도체 패키지 다이면 스크래치 검출 방법]
   └ 학회: 제어로봇시스템학회 (IF: 0.85)"
163,2022,전기전자공학,632160469,Yao Wang,1,0.142,0.167037,"[다중 패치를 이용한 트랜스포머 기반 장면 텍스트 인식]
   └ 학회: 제어로봇시스템학회 (IF: 0.85)"
164,2022,전기전자공학,583683184,오병태,2,0.1416,0.363028,"[딥러닝 기반 영상 조작 및 검출 기술 동향]
   └ 학회: 한국방송·미디어공학회 (IF: 0.39)
--------------------------------
[최근접 이웃 커널을 이용한 깊이 영상 완성 기술]
   └ 학회: 한국방송·미디어공학회 (IF: 0.39)"
165,2022,전기전자공학,112138,김진우,1,0.1391,0.16369699999999998,"[특징치 플립을 이용한 이미지 분류 모델]
   └ 학회: 제어로봇시스템학회 (IF: 0.85)"
166,2022,전기전자공학,381531655,권성근,3,0.1383,0.212694,"[차내 경험의 디지털 트랜스포메이션과 오디오 기반 인터페이스의 동향 및 시사점]
   └ 학회: 한국멀티미디어학회 (IF: 0.65)
--------------------------------
[Melanoma Classification Using Log-Gabor Filter and Ensemble of Deep Convolution Neural Networks]
   └ 학회: 한국멀티미디어학회 (IF: 0.65)
--------------------------------
[A Deep Learning Method for Brain Tumor Classification Based on Image Gradient]
   └ 학회: 한국멀티미디어학회 (IF: 0.65)"
167,2022,전기전자공학,235561186,Xueheng Tao,2,0.1383,0.212694,"[Design of Emergency Fire Fighting and Inspection Robot Riding on Highway Guardrail]
   └ 학회: 한국멀티미디어학회 (IF: 0.65)
--------------------------------
[Shrimp Quality Detection Method Based on YOLOv4]
   └ 학회: 한국멀티미디어학회 (IF: 0.65)"
168,2022,전기전자공학,849828715,Hoang Long,2,0.1383,0.212694,"[Melanoma Classification Using Log-Gabor Filter and Ensemble of Deep Convolution Neural Networks]
   └ 학회: 한국멀티미디어학회 (IF: 0.65)
--------------------------------
[A Deep Learning Method for Brain Tumor Classification Based on Image Gradient]
   └ 학회: 한국멀티미디어학회 (IF: 0.65)"
169,2022,전기전자공학,442891111,Tao Xingyi,1,0.1383,0.212694,"[Shrimp Quality Detection Method Based on YOLOv4]
   └ 학회: 한국멀티미디어학회 (IF: 0.65)"
170,2022,전기전자공학,764215629,Feng Yiran,1,0.1383,0.212694,"[Shrimp Quality Detection Method Based on YOLOv4]
   └ 학회: 한국멀티미디어학회 (IF: 0.65)"
171,2022,전기전자공학,371807137,손현식,1,0.1377,0.162026,"[딥러닝 기술과 뎁스카메라를 이용한 사람 추종로봇의 추종 알고리즘 개발]
   └ 학회: 제어로봇시스템학회 (IF: 0.85)"
172,2022,전기전자공학,553163182,김덕근,1,0.1377,0.162026,"[딥러닝 기술과 뎁스카메라를 이용한 사람 추종로봇의 추종 알고리즘 개발]
   └ 학회: 제어로봇시스템학회 (IF: 0.85)"
173,2022,전기전자공학,522213458,양승환,1,0.1377,0.162026,"[딥러닝 기술과 뎁스카메라를 이용한 사람 추종로봇의 추종 알고리즘 개발]
   └ 학회: 제어로봇시스템학회 (IF: 0.85)"
174,2022,전기전자공학,172028789,Jeonghyun LEE,1,0.1374,0.269487,"[Prediction Model of Real Estate ROI with the LSTM Model based on AI and Bigdata]
   └ 학회: 국제인공지능학회 (IF: 0.51)"
175,2022,전기전자공학,413920830,Hoo-bin Kim,1,0.1374,0.269487,"[Prediction Model of Real Estate ROI with the LSTM Model based on AI and Bigdata]
   └ 학회: 국제인공지능학회 (IF: 0.51)"
176,2022,전기전자공학,571129218,Gyo-eon Shim,1,0.1374,0.269487,"[Prediction Model of Real Estate ROI with the LSTM Model based on AI and Bigdata]
   └ 학회: 국제인공지능학회 (IF: 0.51)"
177,2022,전기전자공학,649212838,정세훈,4,0.1343,0.20656999999999998,"[머신러닝기반의 데이터 결측 구간의 자동 보정 및 분석 예측 모델에 대한 연구]
   └ 학회: 한국멀티미디어학회 (IF: 0.65)
--------------------------------
[A Generation and Accuracy Evaluation of Common Metadata Prediction Model Using Public Bicycle Data and Imputation Method]
   └ 학회: 한국멀티미디어학회 (IF: 0.65)
--------------------------------
[I-QANet: 그래프 컨볼루션 네트워크를 활용한 향상된 기계독해]
   └ 학회: 한국멀티미디어학회 (IF: 0.65)
--------------------------------
[Bi-LSTM과 강화학습을 이용한 고가 예측 기반의 자동 주식 매매 모델 설계 및 구현]
   └ 학회: 한국멀티미디어학회 (IF: 0.65)"
178,2022,전기전자공학,579798514,박종우,2,0.1339,0.157572,"[다중 시점 RGB 영상의 심층 합성곱 신경망 기반 3 차원 형상 추정 방법]
   └ 학회: 제어로봇시스템학회 (IF: 0.85)
--------------------------------
[조립 공정에서 양팔 로봇의 구조에 따른 작업성 평가 방법 연구]
   └ 학회: 한국로봇학회(논문지) (IF: 0.57)"
179,2022,전기전자공학,986858854,김동한,2,0.1339,0.157572,"[모바일 매니퓰레이터의 엘리베이터 조작을 위한 HRI 시스템 구현]
   └ 학회: 제어로봇시스템학회 (IF: 0.85)
--------------------------------
[Gazebo 시뮬레이터를 활용한 고층 건물에서의 이동 로봇 실내 자율주행 알고리즘 개발]
   └ 학회: 제어로봇시스템학회 (IF: 0.85)"
180,2022,전기전자공학,885218898,조연호,1,0.1339,0.157572,"[심층학습 기반 차선 분할과 최적 추정기를 이용한 자율주행차 차선인식 기법]
   └ 학회: 제어로봇시스템학회 (IF: 0.85)"
181,2022,전기전자공학,848281101,김종휘,1,0.1339,0.157572,"[딥러닝 기반 객체 탐지 결과의 불확실성을 고려한 자동 선박 탐지 및 추적]
   └ 학회: 제어로봇시스템학회 (IF: 0.85)"
182,2022,전기전자공학,293686694,조용훈,1,0.1339,0.157572,"[딥러닝 기반 객체 탐지 결과의 불확실성을 고려한 자동 선박 탐지 및 추적]
   └ 학회: 제어로봇시스템학회 (IF: 0.85)"
183,2022,전기전자공학,758174977,한솔,1,0.1339,0.157572,"[딥러닝 기반 객체 탐지 결과의 불확실성을 고려한 자동 선박 탐지 및 추적]
   └ 학회: 제어로봇시스템학회 (IF: 0.85)"
184,2022,전기전자공학,451363594,김진환,1,0.1339,0.157572,"[딥러닝 기반 객체 탐지 결과의 불확실성을 고려한 자동 선박 탐지 및 추적]
   └ 학회: 제어로봇시스템학회 (IF: 0.85)"
185,2022,전기전자공학,531766389,한병길,1,0.1339,0.157572,"[다중 시점 RGB 영상의 심층 합성곱 신경망 기반 3 차원 형상 추정 방법]
   └ 학회: 제어로봇시스템학회 (IF: 0.85)"
186,2022,전기전자공학,954752,송성혁,1,0.1339,0.157572,"[다중 시점 RGB 영상의 심층 합성곱 신경망 기반 3 차원 형상 추정 방법]
   └ 학회: 제어로봇시스템학회 (IF: 0.85)"
187,2022,전기전자공학,127850364,강민우,1,0.1339,0.157572,"[모바일 매니퓰레이터의 엘리베이터 조작을 위한 HRI 시스템 구현]
   └ 학회: 제어로봇시스템학회 (IF: 0.85)"
188,2022,전기전자공학,5122479,김태현,1,0.1339,0.157572,"[모바일 매니퓰레이터의 엘리베이터 조작을 위한 HRI 시스템 구현]
   └ 학회: 제어로봇시스템학회 (IF: 0.85)"
189,2022,전기전자공학,140986572,김태경,2,0.1337,0.36135799999999996,"[YOLOv4-CSP 기반 실신 감시 시스템]
   └ 학회: 대한전기학회 (IF: 0.37)
--------------------------------
[이미지 증대 기법을 이용한 노이즈에 강인한 사과 질병 분류]
   └ 학회: 대한전기학회 (IF: 0.37)"
190,2022,전기전자공학,235860266,정소미,1,0.1335,0.20545599999999997,"[영상 생성적 데이터 증강을 이용한 딥러닝 기반 SAR 영상 선박 탐지]
   └ 학회: 한국멀티미디어학회 (IF: 0.65)"
191,2022,전기전자공학,294799861,김성태,1,0.1335,0.20545599999999997,"[영상 생성적 데이터 증강을 이용한 딥러닝 기반 SAR 영상 선박 탐지]
   └ 학회: 한국멀티미디어학회 (IF: 0.65)"
192,2022,전기전자공학,682767360,이재석,1,0.1335,0.20545599999999997,"[영상 생성적 데이터 증강을 이용한 딥러닝 기반 SAR 영상 선박 탐지]
   └ 학회: 한국멀티미디어학회 (IF: 0.65)"
193,2022,전기전자공학,5335733,서정민,1,0.1325,0.203786,"[딥러닝 기반 상부위장관 내시경 이미지 자동 분류의 데이터 구성별 성능 분석 연구]
   └ 학회: 한국멀티미디어학회 (IF: 0.65)"
194,2022,전기전자공학,849340463,임상헌,1,0.1325,0.203786,"[딥러닝 기반 상부위장관 내시경 이미지 자동 분류의 데이터 구성별 성능 분석 연구]
   └ 학회: 한국멀티미디어학회 (IF: 0.65)"
195,2022,전기전자공학,462756832,정준원,1,0.1325,0.203786,"[딥러닝 기반 상부위장관 내시경 이미지 자동 분류의 데이터 구성별 성능 분석 연구]
   └ 학회: 한국멀티미디어학회 (IF: 0.65)"
196,2022,전기전자공학,253450,김대진,1,0.1325,0.203786,"[딥러닝을 이용한 CT 영상의 간과 종양 분할과 홀로그램 시각화 기법 연구]
   └ 학회: 한국멀티미디어학회 (IF: 0.65)"
197,2022,전기전자공학,919642471,전영배,1,0.1325,0.203786,"[딥러닝을 이용한 CT 영상의 간과 종양 분할과 홀로그램 시각화 기법 연구]
   └ 학회: 한국멀티미디어학회 (IF: 0.65)"
198,2022,전기전자공학,369093413,황태식,1,0.1325,0.203786,"[딥러닝을 이용한 CT 영상의 간과 종양 분할과 홀로그램 시각화 기법 연구]
   └ 학회: 한국멀티미디어학회 (IF: 0.65)"
199,2022,전기전자공학,175079622,최석원,1,0.1325,0.203786,"[딥러닝을 이용한 CT 영상의 간과 종양 분할과 홀로그램 시각화 기법 연구]
   └ 학회: 한국멀티미디어학회 (IF: 0.65)"
200,2022,전기전자공학,780310732,백정흠,1,0.1325,0.203786,"[딥러닝을 이용한 CT 영상의 간과 종양 분할과 홀로그램 시각화 기법 연구]
   └ 학회: 한국멀티미디어학회 (IF: 0.65)"
201,2022,전기전자공학,684225618,이한성,2,0.1304,0.352449,"[데이터 선별을 통한 EfficientNetV2-L 기반 조기 위암 컴퓨터 보조 진단 시스템 연구]
   └ 학회: 대한전기학회 (IF: 0.37)
--------------------------------
[YOLOv4를 이용한 산양 탐지 시스템]
   └ 학회: 대한전기학회 (IF: 0.37)"
202,2022,전기전자공학,771834813,손창환,4,0.1285,0.229397,"[영상의 구조적 왜곡억제를 위한 희소 그라디언트 가이드 주의집중 및 웨이블릿 손실을 활용한 초해상화]
   └ 학회: 한국정보기술학회 (IF: 0.56)
--------------------------------
[해충 검출 및 카운팅을 위한 멀티스케일 CenterNet]
   └ 학회: 한국정보기술학회 (IF: 0.56)
--------------------------------
[부류별 인지 손실 모델과 관심 영역 특징을 이용한 해충 영상 초해상화 기법]
   └ 학회: 한국정보기술학회 (IF: 0.56)
--------------------------------
[해충 분류를 위한 양방향 멀티스케일 특징 퓨전 기반의 피라미드 비전 변환기]
   └ 학회: 한국정보기술학회 (IF: 0.56)"
203,2022,전기전자공학,386479033,이동수,2,0.1277,0.32739399999999996,"[반려견 자동 품종 분류를 위한 전이학습 효과 분석]
   └ 학회: 한국방송·미디어공학회 (IF: 0.39)
--------------------------------
[새로운 반려견 등록방식 도입을 위한 안면 인식 성능 개선 연구]
   └ 학회: 한국방송·미디어공학회 (IF: 0.39)"
204,2022,전기전자공학,323812765,한유근,1,0.1275,0.22772699999999998,"[가상 데이터 증식을 이용한 Pix2pix 기반의 물방울 제거 학습]
   └ 학회: 한국정보기술학회 (IF: 0.56)"
205,2022,전기전자공학,478783534,정성운,1,0.1275,0.22772699999999998,"[가상 데이터 증식을 이용한 Pix2pix 기반의 물방울 제거 학습]
   └ 학회: 한국정보기술학회 (IF: 0.56)"
206,2022,전기전자공학,5354859,하용훈,2,0.1269,0.22661399999999998,"[한국군 대포병탐지레이다의 탐지 주파수 선정을 위한 RCS 및 송신 출력 측정]
   └ 학회: 한국정보기술학회 (IF: 0.56)
--------------------------------
[딥러닝 기반 활주로 균열 식별]
   └ 학회: 한국정보기술학회 (IF: 0.56)"
207,2022,전기전자공학,719103287,김태우,1,0.1269,0.22661399999999998,"[딥러닝 기반 활주로 균열 식별]
   └ 학회: 한국정보기술학회 (IF: 0.56)"
208,2022,전기전자공학,349419501,정현준,6,0.1241,0.221602,"[대기오염 배출구의 정확한 오염도 측정을 위한 5-point 수집 비행 알고리즘]
   └ 학회: 한국정보기술학회 (IF: 0.56)
--------------------------------
[소형선박을 위한 LiDAR 센서와 Pure Pursuit 알고리즘 기반의 자율운항 시스템]
   └ 학회: 한국정보기술학회 (IF: 0.56)
--------------------------------
[신뢰성 있는 경력 증명을 위한 블록체인 기반 디지털 배지 프레임워크 설계]
   └ 학회: 한국정보기술학회 (IF: 0.56)
--------------------------------
[딥러닝 기술에 기반한 사용자 이동 경로의 이상치 탐지 기법]
   └ 학회: 한국정보기술학회 (IF: 0.56)
--------------------------------
[온라인 회의 환경에서 사용자 위치의 동적 관리 방법에 대한 실험 및 평가]
   └ 학회: 한국정보기술학회 (IF: 0.56)
--------------------------------
[웹 어셈블리 활용한 웹 기반 블록체인 네트워크 시스템 설계 및 구현]
   └ 학회: 한국정보기술학회 (IF: 0.56)"
209,2022,전기전자공학,738582270,박홍규,1,0.1219,0.21770499999999998,"[시공간 특성을 고려한 딥러닝 기반 교통 속도 예측 모델]
   └ 학회: 한국정보기술학회 (IF: 0.56)"
210,2022,전기전자공학,859822028,강성재,2,0.1201,0.324609,"[가중화된 지식 기반 지식 증류]
   └ 학회: 대한전기학회 (IF: 0.37)
--------------------------------
[유효한 키포인트 증식 기반의 가려진 사람의 재식별]
   └ 학회: 대한전기학회 (IF: 0.37)"
211,2022,전기전자공학,720244149,황병선,1,0.1201,0.23552199999999998,"[딥러닝 기반 운동 자세 교정 시스템의 성능]
   └ 학회: 국제인공지능학회 (IF: 0.51)"
212,2022,전기전자공학,327879136,김정호,1,0.1201,0.23552199999999998,"[딥러닝 기반 운동 자세 교정 시스템의 성능]
   └ 학회: 국제인공지능학회 (IF: 0.51)"
213,2022,전기전자공학,641581960,이예람,1,0.1201,0.23552199999999998,"[딥러닝 기반 운동 자세 교정 시스템의 성능]
   └ 학회: 국제인공지능학회 (IF: 0.51)"
214,2022,전기전자공학,439383231,경찬욱,1,0.1201,0.23552199999999998,"[딥러닝 기반 운동 자세 교정 시스템의 성능]
   └ 학회: 국제인공지능학회 (IF: 0.51)"
215,2022,전기전자공학,240804901,김진영,1,0.1201,0.23552199999999998,"[딥러닝 기반 운동 자세 교정 시스템의 성능]
   └ 학회: 국제인공지능학회 (IF: 0.51)"
216,2022,전기전자공학,140003876,이휘종,2,0.12,0.214364,"[영상의 구조적 왜곡억제를 위한 희소 그라디언트 가이드 주의집중 및 웨이블릿 손실을 활용한 초해상화]
   └ 학회: 한국정보기술학회 (IF: 0.56)
--------------------------------
[해충 검출 및 카운팅을 위한 멀티스케일 CenterNet]
   └ 학회: 한국정보기술학회 (IF: 0.56)"
217,2022,전기전자공학,931690850,김준영,3,0.1198,0.184298,"[머신러닝기반의 데이터 결측 구간의 자동 보정 및 분석 예측 모델에 대한 연구]
   └ 학회: 한국멀티미디어학회 (IF: 0.65)
--------------------------------
[I-QANet: 그래프 컨볼루션 네트워크를 활용한 향상된 기계독해]
   └ 학회: 한국멀티미디어학회 (IF: 0.65)
--------------------------------
[Bi-LSTM과 강화학습을 이용한 고가 예측 기반의 자동 주식 매매 모델 설계 및 구현]
   └ 학회: 한국멀티미디어학회 (IF: 0.65)"
218,2022,전기전자공학,693190302,심춘보,3,0.1198,0.184298,"[머신러닝기반의 데이터 결측 구간의 자동 보정 및 분석 예측 모델에 대한 연구]
   └ 학회: 한국멀티미디어학회 (IF: 0.65)
--------------------------------
[I-QANet: 그래프 컨볼루션 네트워크를 활용한 향상된 기계독해]
   └ 학회: 한국멀티미디어학회 (IF: 0.65)
--------------------------------
[Bi-LSTM과 강화학습을 이용한 고가 예측 기반의 자동 주식 매매 모델 설계 및 구현]
   └ 학회: 한국멀티미디어학회 (IF: 0.65)"
219,2022,전기전자공학,1162431,송주만,1,0.1171,0.205456,"[Random Forest를 결정로직으로 활용한 로봇의 실시간 음향인식 시스템 개발]
   └ 학회: 한국로봇학회(논문지) (IF: 0.57)"
220,2022,전기전자공학,735454380,김창민,1,0.1171,0.205456,"[Random Forest를 결정로직으로 활용한 로봇의 실시간 음향인식 시스템 개발]
   └ 학회: 한국로봇학회(논문지) (IF: 0.57)"
221,2022,전기전자공학,574802633,김민욱,1,0.1171,0.205456,"[Random Forest를 결정로직으로 활용한 로봇의 실시간 음향인식 시스템 개발]
   └ 학회: 한국로봇학회(논문지) (IF: 0.57)"
222,2022,전기전자공학,231252,박용진,1,0.1171,0.205456,"[Random Forest를 결정로직으로 활용한 로봇의 실시간 음향인식 시스템 개발]
   └ 학회: 한국로봇학회(논문지) (IF: 0.57)"
223,2022,전기전자공학,481150192,이서영,1,0.1171,0.205456,"[Random Forest를 결정로직으로 활용한 로봇의 실시간 음향인식 시스템 개발]
   └ 학회: 한국로봇학회(논문지) (IF: 0.57)"
224,2022,전기전자공학,490203688,손정관,1,0.1171,0.205456,"[Random Forest를 결정로직으로 활용한 로봇의 실시간 음향인식 시스템 개발]
   └ 학회: 한국로봇학회(논문지) (IF: 0.57)"
225,2022,전기전자공학,999288456,Zhang Ruyang,1,0.1162,0.17872999999999997,"[Face Recognition Resear ch Based on Multi-Layer s Residual Unit CNN Model]
   └ 학회: 한국멀티미디어학회 (IF: 0.65)"
226,2022,전기전자공학,902606185,이원진,3,0.1147,0.176503,"[[논문철회] 무인비행기의 항행 데이터 분석을 통한 최적화된 프로파일 설계 및 구현]
   └ 학회: 한국멀티미디어학회 (IF: 0.65)
--------------------------------
[다중 융합 기반 심층 교차 도메인 추천]
   └ 학회: 한국멀티미디어학회 (IF: 0.65)
--------------------------------
[모션 베드 환경에서 맞춤형 숙면 서비스를 위한 시스템 설계 및 수면 패턴 분석]
   └ 학회: 한국멀티미디어학회 (IF: 0.65)"
227,2022,전기전자공학,293796460,곽근창,2,0.1146,0.223273,"[음성신호를 이용한 양방향 LSTM 기반 우울증 진단]
   └ 학회: 한국정보기술학회 (IF: 0.56)
--------------------------------
[심전도의 다양한 2차원 변환에 의한 합성곱 신경망기반 개인식별]
   └ 학회: 대한전기학회 (IF: 0.37)"
228,2022,전기전자공학,204523969,김남기,2,0.1141,0.203786,"[패킷 수집을 통한 인터넷 서비스 트래픽 패턴 분석]
   └ 학회: 한국정보기술학회 (IF: 0.56)
--------------------------------
[의료 영상 시스템에서 다중 연쇄 U-Net 모델을 이용한 개선된 췌장 영역 분할 탐지]
   └ 학회: 한국정보기술학회 (IF: 0.56)"
229,2022,전기전자공학,990052105,윤상용,1,0.1141,0.203786,"[딥러닝 기반 실시간 사람 탐색을 위한 스마트시티 인공지능 미들웨어에서의 클라우드 기반 실시간 분산병렬처리]
   └ 학회: 한국정보기술학회 (IF: 0.56)"
230,2022,전기전자공학,349397125,이용우,1,0.1141,0.203786,"[딥러닝 기반 실시간 사람 탐색을 위한 스마트시티 인공지능 미들웨어에서의 클라우드 기반 실시간 분산병렬처리]
   └ 학회: 한국정보기술학회 (IF: 0.56)"
231,2022,전기전자공학,773893881,이상민,1,0.1141,0.203786,"[의료 영상 시스템에서 다중 연쇄 U-Net 모델을 이용한 개선된 췌장 영역 분할 탐지]
   └ 학회: 한국정보기술학회 (IF: 0.56)"
232,2022,전기전자공학,278391013,이상윤,1,0.1141,0.203786,"[의료 영상 시스템에서 다중 연쇄 U-Net 모델을 이용한 개선된 췌장 영역 분할 탐지]
   └ 학회: 한국정보기술학회 (IF: 0.56)"
233,2022,전기전자공학,873279276,박준,2,0.1136,0.174833,"[I-QANet: 그래프 컨볼루션 네트워크를 활용한 향상된 기계독해]
   └ 학회: 한국멀티미디어학회 (IF: 0.65)
--------------------------------
[Bi-LSTM과 강화학습을 이용한 고가 예측 기반의 자동 주식 매매 모델 설계 및 구현]
   └ 학회: 한국멀티미디어학회 (IF: 0.65)"
234,2022,전기전자공학,707329642,박성욱,2,0.1136,0.174833,"[I-QANet: 그래프 컨볼루션 네트워크를 활용한 향상된 기계독해]
   └ 학회: 한국멀티미디어학회 (IF: 0.65)
--------------------------------
[Bi-LSTM과 강화학습을 이용한 고가 예측 기반의 자동 주식 매매 모델 설계 및 구현]
   └ 학회: 한국멀티미디어학회 (IF: 0.65)"
235,2022,전기전자공학,785285370,양현성,1,0.1136,0.174833,"[Bi-LSTM과 강화학습을 이용한 고가 예측 기반의 자동 주식 매매 모델 설계 및 구현]
   └ 학회: 한국멀티미디어학회 (IF: 0.65)"
236,2022,전기전자공학,112669098,유승현,1,0.1133,0.174276,"[임베디드 보드에서 영상 처리 및 딥러닝 기법을 혼용한 돼지 탐지 정확도 개선]
   └ 학회: 한국멀티미디어학회 (IF: 0.65)"
237,2022,전기전자공학,828446920,손승욱,1,0.1133,0.174276,"[임베디드 보드에서 영상 처리 및 딥러닝 기법을 혼용한 돼지 탐지 정확도 개선]
   └ 학회: 한국멀티미디어학회 (IF: 0.65)"
238,2022,전기전자공학,204955464,안한세,1,0.1133,0.174276,"[임베디드 보드에서 영상 처리 및 딥러닝 기법을 혼용한 돼지 탐지 정확도 개선]
   └ 학회: 한국멀티미디어학회 (IF: 0.65)"
239,2022,전기전자공학,636757305,이세준,1,0.1133,0.174276,"[임베디드 보드에서 영상 처리 및 딥러닝 기법을 혼용한 돼지 탐지 정확도 개선]
   └ 학회: 한국멀티미디어학회 (IF: 0.65)"
240,2022,전기전자공학,264716131,백화평,1,0.1133,0.174276,"[임베디드 보드에서 영상 처리 및 딥러닝 기법을 혼용한 돼지 탐지 정확도 개선]
   └ 학회: 한국멀티미디어학회 (IF: 0.65)"
241,2022,전기전자공학,267630630,정용화,1,0.1133,0.174276,"[임베디드 보드에서 영상 처리 및 딥러닝 기법을 혼용한 돼지 탐지 정확도 개선]
   └ 학회: 한국멀티미디어학회 (IF: 0.65)"
242,2022,전기전자공학,810218122,박대희,1,0.1133,0.174276,"[임베디드 보드에서 영상 처리 및 딥러닝 기법을 혼용한 돼지 탐지 정확도 개선]
   └ 학회: 한국멀티미디어학회 (IF: 0.65)"
243,2022,전기전자공학,521751367,신소희,1,0.113,0.205456,"[이기종 머신러닝기법을 활용한 KOSPI200 옵션변동성 예측]
   └ 학회: 한국정보통신학회 (IF: 0.55)"
244,2022,전기전자공학,595415445,김장현,1,0.113,0.205456,"[이기종 머신러닝기법을 활용한 KOSPI200 옵션변동성 예측]
   └ 학회: 한국정보통신학회 (IF: 0.55)"
245,2022,전기전자공학,330801194,한준,1,0.1122,0.20044499999999998,"[NRP-Sys: YOLO 기반 동일 물체 분리 검출을 위한 비선형 회귀 예측 시스템]
   └ 학회: 한국정보기술학회 (IF: 0.56)"
246,2022,전기전자공학,644729642,김민재,1,0.1111,0.194877,"[로봇시스템에서 작은 마커 인식을 하기 위한 사물 감지 어텐션 모델]
   └ 학회: 한국로봇학회(논문지) (IF: 0.57)"
247,2022,전기전자공학,117835427,문형필,1,0.1111,0.194877,"[로봇시스템에서 작은 마커 인식을 하기 위한 사물 감지 어텐션 모델]
   └ 학회: 한국로봇학회(논문지) (IF: 0.57)"
248,2022,전기전자공학,734977767,강남희,1,0.1099,0.21547899999999998,"[온디바이스 AI 비전 모델이 탑재된 지능형 엣지 컴퓨팅 기기 개발]
   └ 학회: 국제인공지능학회 (IF: 0.51)"
249,2022,전기전자공학,734427666,강장묵,2,0.1091,0.194877,"[블록체인 분산 시스템을 적용한 피의자 신문조서의 문서성 및 증거능력 확보방안의 연구]
   └ 학회: 한국정보기술학회 (IF: 0.56)
--------------------------------
[YOLOv5를 활용한 야생동물 탐지 및 분류 모델에 대한 소고]
   └ 학회: 한국정보기술학회 (IF: 0.56)"
250,2022,전기전자공학,841766464,이재현,1,0.1091,0.194877,"[해충 검출 및 카운팅을 위한 멀티스케일 CenterNet]
   └ 학회: 한국정보기술학회 (IF: 0.56)"
251,2022,전기전자공학,1111003,김병준,1,0.1091,0.194877,"[OLED 패널 결함 검출을 위한 데이터 생성 시스템과 RCNN 기반의 결함 검출 적용 연구]
   └ 학회: 한국정보기술학회 (IF: 0.56)"
252,2022,전기전자공학,343887640,서용덕,1,0.1091,0.194877,"[OLED 패널 결함 검출을 위한 데이터 생성 시스템과 RCNN 기반의 결함 검출 적용 연구]
   └ 학회: 한국정보기술학회 (IF: 0.56)"
253,2022,전기전자공학,107375672,조국한,2,0.1088,0.19432,"[교통사고 시나리오 분류를 위한 이미지 데이터 생성 시스템]
   └ 학회: 한국정보기술학회 (IF: 0.56)
--------------------------------
[CNN을 활용한 OLED 디스플레이 결함 검출 시스템 구현]
   └ 학회: 한국정보기술학회 (IF: 0.56)"
254,2022,전기전자공학,479916948,김민채,1,0.1086,0.167037,"[수어 동작 키포인트 중심의 시공간적 정보를 강화한 Sign2Gloss2Text 기반의 수어 번역]
   └ 학회: 한국멀티미디어학회 (IF: 0.65)"
255,2022,전기전자공학,935367789,김정은,1,0.1086,0.167037,"[수어 동작 키포인트 중심의 시공간적 정보를 강화한 Sign2Gloss2Text 기반의 수어 번역]
   └ 학회: 한국멀티미디어학회 (IF: 0.65)"
256,2022,전기전자공학,688239823,김하영,1,0.1086,0.167037,"[수어 동작 키포인트 중심의 시공간적 정보를 강화한 Sign2Gloss2Text 기반의 수어 번역]
   └ 학회: 한국멀티미디어학회 (IF: 0.65)"
257,2022,전기전자공학,998694036,쩐꾸억바오후이,2,0.1079,0.165924,"[발열 감지, 안면 마스크 착용 검출, 전자출입명부 QR 코드 체킹을 지원하는 보급형 COVID-19 디지털 사이니지 플레이어 설계 및 구현]
   └ 학회: 한국멀티미디어학회 (IF: 0.65)
--------------------------------
[앙상블 멀티태스킹 딥러닝 기반 경량 성별 분류 및 나이별 추정]
   └ 학회: 한국멀티미디어학회 (IF: 0.65)"
258,2022,전기전자공학,741999173,정선태,2,0.1079,0.165924,"[발열 감지, 안면 마스크 착용 검출, 전자출입명부 QR 코드 체킹을 지원하는 보급형 COVID-19 디지털 사이니지 플레이어 설계 및 구현]
   └ 학회: 한국멀티미디어학회 (IF: 0.65)
--------------------------------
[앙상블 멀티태스킹 딥러닝 기반 경량 성별 분류 및 나이별 추정]
   └ 학회: 한국멀티미디어학회 (IF: 0.65)"
259,2022,전기전자공학,252370,박종현,1,0.1079,0.165924,"[앙상블 멀티태스킹 딥러닝 기반 경량 성별 분류 및 나이별 추정]
   └ 학회: 한국멀티미디어학회 (IF: 0.65)"
260,2022,전기전자공학,1529611,홍성은,3,0.1069,0.19097999999999998,"[시간 정보를 활용한 Time Aligned-LSTM 사람 행동 예측 연구]
   └ 학회: 한국정보기술학회 (IF: 0.56)
--------------------------------
[Multi-attribute Face Editing using Facial Masks]
   └ 학회: 한국방송·미디어공학회 (IF: 0.39)
--------------------------------
[데이터 증강을 통한 마스크 착용 얼굴 이미지에 강인한 얼굴 자세 추정]
   └ 학회: 한국방송·미디어공학회 (IF: 0.39)"
261,2022,전기전자공학,453676349,방준일,1,0.1069,0.19097999999999998,"[시간 정보를 활용한 Time Aligned-LSTM 사람 행동 예측 연구]
   └ 학회: 한국정보기술학회 (IF: 0.56)"
262,2022,전기전자공학,892846945,김용진,1,0.1069,0.19097999999999998,"[시간 정보를 활용한 Time Aligned-LSTM 사람 행동 예측 연구]
   └ 학회: 한국정보기술학회 (IF: 0.56)"
263,2022,전기전자공학,218656214,이구연,1,0.1069,0.19097999999999998,"[시간 정보를 활용한 Time Aligned-LSTM 사람 행동 예측 연구]
   └ 학회: 한국정보기술학회 (IF: 0.56)"
264,2022,전기전자공학,840175354,김동욱,1,0.1069,0.19097999999999998,"[딥러닝을 활용한 주거용 스마트 전력 시스템 운영 방법 연구]
   └ 학회: 한국정보기술학회 (IF: 0.56)"
265,2022,전기전자공학,839662414,안성우,1,0.1069,0.19097999999999998,"[딥러닝을 활용한 주거용 스마트 전력 시스템 운영 방법 연구]
   └ 학회: 한국정보기술학회 (IF: 0.56)"
266,2022,전기전자공학,720404359,김종원,1,0.1069,0.19097999999999998,"[딥러닝을 활용한 주거용 스마트 전력 시스템 운영 방법 연구]
   └ 학회: 한국정보기술학회 (IF: 0.56)"
267,2022,전기전자공학,593049713,이희진,1,0.1069,0.19097999999999998,"[딥러닝을 활용한 주거용 스마트 전력 시스템 운영 방법 연구]
   └ 학회: 한국정보기술학회 (IF: 0.56)"
268,2022,전기전자공학,237879023,이민재,1,0.1066,0.19042299999999998,"[산불의 효과적 진압을 위한 인공지능 및 영상기반 드론 임무제어 시스템]
   └ 학회: 한국정보기술학회 (IF: 0.56)"
269,2022,전기전자공학,806318920,신상균,1,0.1066,0.19042299999999998,"[산불의 효과적 진압을 위한 인공지능 및 영상기반 드론 임무제어 시스템]
   └ 학회: 한국정보기술학회 (IF: 0.56)"
270,2022,전기전자공학,552232231,김주연,1,0.1066,0.19042299999999998,"[산불의 효과적 진압을 위한 인공지능 및 영상기반 드론 임무제어 시스템]
   └ 학회: 한국정보기술학회 (IF: 0.56)"
271,2022,전기전자공학,592583986,장승수,1,0.1066,0.19042299999999998,"[산불의 효과적 진압을 위한 인공지능 및 영상기반 드론 임무제어 시스템]
   └ 학회: 한국정보기술학회 (IF: 0.56)"
272,2022,전기전자공학,289495422,한상수,1,0.1066,0.19042299999999998,"[산불의 효과적 진압을 위한 인공지능 및 영상기반 드론 임무제어 시스템]
   └ 학회: 한국정보기술학회 (IF: 0.56)"
273,2022,전기전자공학,374843453,최찬호,1,0.1066,0.19042299999999998,"[산불의 효과적 진압을 위한 인공지능 및 영상기반 드론 임무제어 시스템]
   └ 학회: 한국정보기술학회 (IF: 0.56)"
274,2022,전기전자공학,566682607,조우성,1,0.1066,0.19042299999999998,"[산불의 효과적 진압을 위한 인공지능 및 영상기반 드론 임무제어 시스템]
   └ 학회: 한국정보기술학회 (IF: 0.56)"
275,2022,전기전자공학,205547,이장희,1,0.1066,0.19042299999999998,"[산불의 효과적 진압을 위한 인공지능 및 영상기반 드론 임무제어 시스템]
   └ 학회: 한국정보기술학회 (IF: 0.56)"
276,2022,전기전자공학,263891340,김송현,1,0.1066,0.19042299999999998,"[산불의 효과적 진압을 위한 인공지능 및 영상기반 드론 임무제어 시스템]
   └ 학회: 한국정보기술학회 (IF: 0.56)"
277,2022,전기전자공학,471387966,김봉재,2,0.1039,0.203786,"[다시점 수어 데이터 획득 및 저장 시스템 설계 및 구현]
   └ 학회: 국제인공지능학회 (IF: 0.51)
--------------------------------
[음성 데이터 전처리 기법에 따른 뉴로모픽 아키텍처 기반 음성 인식 모델의 성능 분석]
   └ 학회: 국제인공지능학회 (IF: 0.51)"
278,2022,전기전자공학,798887931,조진성,1,0.1039,0.203786,"[음성 데이터 전처리 기법에 따른 뉴로모픽 아키텍처 기반 음성 인식 모델의 성능 분석]
   └ 학회: 국제인공지능학회 (IF: 0.51)"
279,2022,전기전자공학,310493590,황주성,1,0.1039,0.203786,"[공공 다중CCTV 기반에서 재식별 기술을 활용한 특정대상 탐지 및 추적기법 구현]
   └ 학회: 국제인공지능학회 (IF: 0.51)"
280,2022,전기전자공학,815924933,뉴엔탄하이,1,0.1039,0.203786,"[공공 다중CCTV 기반에서 재식별 기술을 활용한 특정대상 탐지 및 추적기법 구현]
   └ 학회: 국제인공지능학회 (IF: 0.51)"
281,2022,전기전자공학,429345406,강수경,1,0.1039,0.203786,"[공공 다중CCTV 기반에서 재식별 기술을 활용한 특정대상 탐지 및 추적기법 구현]
   └ 학회: 국제인공지능학회 (IF: 0.51)"
282,2022,전기전자공학,301314213,김영규,1,0.1039,0.203786,"[공공 다중CCTV 기반에서 재식별 기술을 활용한 특정대상 탐지 및 추적기법 구현]
   └ 학회: 국제인공지능학회 (IF: 0.51)"
283,2022,전기전자공학,779152898,김주용,1,0.1039,0.203786,"[공공 다중CCTV 기반에서 재식별 기술을 활용한 특정대상 탐지 및 추적기법 구현]
   └ 학회: 국제인공지능학회 (IF: 0.51)"
284,2022,전기전자공학,760818480,정명석,1,0.1039,0.203786,"[공공 다중CCTV 기반에서 재식별 기술을 활용한 특정대상 탐지 및 추적기법 구현]
   └ 학회: 국제인공지능학회 (IF: 0.51)"
285,2022,전기전자공학,369975505,이주연,1,0.1039,0.203786,"[공공 다중CCTV 기반에서 재식별 기술을 활용한 특정대상 탐지 및 추적기법 구현]
   └ 학회: 국제인공지능학회 (IF: 0.51)"
286,2022,전기전자공학,437335030,이영숙,2,0.1024,0.157572,"[민화 DB를 위한 분류체계 설계]
   └ 학회: 한국멀티미디어학회 (IF: 0.65)
--------------------------------
[딥러닝 기반 민화 장르 분류 모델 연구]
   └ 학회: 한국멀티미디어학회 (IF: 0.65)"
287,2022,전기전자공학,759184658,방은지,1,0.1024,0.157572,"[장단기 앙상블 모델과 이미지를 활용한 주가예측 향상 알고리즘: 석유화학기업을 중심으로]
   └ 학회: 한국멀티미디어학회 (IF: 0.65)"
288,2022,전기전자공학,341734396,변희용,1,0.1024,0.157572,"[장단기 앙상블 모델과 이미지를 활용한 주가예측 향상 알고리즘: 석유화학기업을 중심으로]
   └ 학회: 한국멀티미디어학회 (IF: 0.65)"
289,2022,전기전자공학,222780356,조재민,1,0.1024,0.157572,"[장단기 앙상블 모델과 이미지를 활용한 주가예측 향상 알고리즘: 석유화학기업을 중심으로]
   └ 학회: 한국멀티미디어학회 (IF: 0.65)"
290,2022,전기전자공학,523718661,이선민,1,0.1024,0.157572,"[후두 내시경 영상에서의 성문 분할 및 성대 점막 형태의 정량적 평가]
   └ 학회: 한국멀티미디어학회 (IF: 0.65)"
291,2022,전기전자공학,794028127,오석,1,0.1024,0.157572,"[후두 내시경 영상에서의 성문 분할 및 성대 점막 형태의 정량적 평가]
   └ 학회: 한국멀티미디어학회 (IF: 0.65)"
292,2022,전기전자공학,714846580,우주현,1,0.1024,0.157572,"[후두 내시경 영상에서의 성문 분할 및 성대 점막 형태의 정량적 평가]
   └ 학회: 한국멀티미디어학회 (IF: 0.65)"
293,2022,전기전자공학,419880707,송태용,1,0.1024,0.157572,"[마스크-보조 어텐션 기법을 활용한 항공 영상에서의 퓨-샷 의미론적 분할]
   └ 학회: 한국멀티미디어학회 (IF: 0.65)"
294,2022,전기전자공학,464797324,홍민성,1,0.1024,0.157572,"[다중 융합 기반 심층 교차 도메인 추천]
   └ 학회: 한국멀티미디어학회 (IF: 0.65)"
295,2022,전기전자공학,769335294,최근훈,1,0.1024,0.157572,"[변형 가능한 컨볼루션 네트워크와 지식증류 기반 위성 영상 빌딩 분할]
   └ 학회: 한국멀티미디어학회 (IF: 0.65)"
296,2022,전기전자공학,913908283,이응빈,1,0.1024,0.157572,"[변형 가능한 컨볼루션 네트워크와 지식증류 기반 위성 영상 빌딩 분할]
   └ 학회: 한국멀티미디어학회 (IF: 0.65)"
297,2022,전기전자공학,967065951,최병인,1,0.1024,0.157572,"[변형 가능한 컨볼루션 네트워크와 지식증류 기반 위성 영상 빌딩 분할]
   └ 학회: 한국멀티미디어학회 (IF: 0.65)"
298,2022,전기전자공학,346922248,최형석,1,0.1024,0.157572,"[Zero Deep Curve 추정방식을 이용한 저조도에 강인한 비디오 개선 방법]
   └ 학회: 한국멀티미디어학회 (IF: 0.65)"
299,2022,전기전자공학,798331276,양윤기,1,0.1024,0.157572,"[Zero Deep Curve 추정방식을 이용한 저조도에 강인한 비디오 개선 방법]
   └ 학회: 한국멀티미디어학회 (IF: 0.65)"
300,2022,전기전자공학,548150396,Barathi Subramanian,1,0.1024,0.157572,"[Fast Convergence GRU Model for Sign Language Recognition]
   └ 학회: 한국멀티미디어학회 (IF: 0.65)"
301,2022,전기전자공학,314682510,Bekhzod Olimov,1,0.1024,0.157572,"[Fast Convergence GRU Model for Sign Language Recognition]
   └ 학회: 한국멀티미디어학회 (IF: 0.65)"
302,2022,전기전자공학,817580191,Jeonghong Kim,1,0.1024,0.157572,"[Fast Convergence GRU Model for Sign Language Recognition]
   └ 학회: 한국멀티미디어학회 (IF: 0.65)"
303,2022,전기전자공학,634824064,윤수림,1,0.1024,0.157572,"[딥러닝 기반 민화 장르 분류 모델 연구]
   └ 학회: 한국멀티미디어학회 (IF: 0.65)"
304,2022,전기전자공학,507265887,정윤주,1,0.1024,0.157572,"[에지 디바이스를 활용한 실시간 말벌 모니터링 시스템의 설계 및 구현]
   └ 학회: 한국멀티미디어학회 (IF: 0.65)"
305,2022,전기전자공학,836353198,황호석,1,0.1024,0.157572,"[에지 디바이스를 활용한 실시간 말벌 모니터링 시스템의 설계 및 구현]
   └ 학회: 한국멀티미디어학회 (IF: 0.65)"
306,2022,전기전자공학,941541256,권영재,1,0.1024,0.157572,"[에지 디바이스를 활용한 실시간 말벌 모니터링 시스템의 설계 및 구현]
   └ 학회: 한국멀티미디어학회 (IF: 0.65)"
307,2022,전기전자공학,544648482,이철희,1,0.1024,0.157572,"[에지 디바이스를 활용한 실시간 말벌 모니터링 시스템의 설계 및 구현]
   └ 학회: 한국멀티미디어학회 (IF: 0.65)"
308,2022,전기전자공학,204536540,이주현,4,0.0989,0.133632,"[앙상블 기법을 활용한 추론 가능한 특허 가치 평가 모델에 관한 연구]
   └ 학회: 한국지능시스템학회 (IF: 0.74)
--------------------------------
[계층적 토픽 추출을 활용한 기술 분류에 관한 연구]
   └ 학회: 한국지능시스템학회 (IF: 0.74)
--------------------------------
[설명가능한 인공지능모델을 통한 기술기회분석 방법에 관한 연구]
   └ 학회: 한국지능시스템학회 (IF: 0.74)
--------------------------------
[클래스 기반 뉴럴 토픽 모델링을 활용한 문서 요약에 관한 연구]
   └ 학회: 한국지능시스템학회 (IF: 0.74)"
309,2022,전기전자공학,967844568,조완섭,2,0.0982,0.175389,"[A Comparison of Time Series Forecast Models for Predicting the Outliers Particles in Semiconductor Cleanroom]
   └ 학회: 한국정보기술학회 (IF: 0.56)
--------------------------------
[딥러닝을 활용한 글로벌 주소 데이터 품질 검증과 개선기법]
   └ 학회: 한국정보기술학회 (IF: 0.56)"
310,2022,전기전자공학,860154462,Soeng Saravit,1,0.0982,0.175389,"[딥러닝을 활용한 글로벌 주소 데이터 품질 검증과 개선기법]
   └ 학회: 한국정보기술학회 (IF: 0.56)"
311,2022,전기전자공학,185231367,배진현,1,0.0982,0.175389,"[딥러닝을 활용한 글로벌 주소 데이터 품질 검증과 개선기법]
   └ 학회: 한국정보기술학회 (IF: 0.56)"
312,2022,전기전자공학,458900783,이경희,1,0.0982,0.175389,"[딥러닝을 활용한 글로벌 주소 데이터 품질 검증과 개선기법]
   └ 학회: 한국정보기술학회 (IF: 0.56)"
313,2022,전기전자공학,449710,서지원,2,0.0971,0.17650300000000002,"[하드 파라미터 쉐어링 기반의 보행자 및 운송 수단 거리 추정]
   └ 학회: 한국정보통신학회 (IF: 0.55)
--------------------------------
[디스플레이형 자판기 사용자 분석을 위한 이중 단계 검출 및 분류 망]
   └ 학회: 한국정보통신학회 (IF: 0.55)"
314,2022,전기전자공학,139893859,신희중,1,0.0946,0.165924,"[임베디드 시스템에서의 객체 분류를 위한 인공 신경망 경량화 연구]
   └ 학회: 한국로봇학회(논문지) (IF: 0.57)"
315,2022,전기전자공학,921863241,오현동,1,0.0946,0.165924,"[임베디드 시스템에서의 객체 분류를 위한 인공 신경망 경량화 연구]
   └ 학회: 한국로봇학회(논문지) (IF: 0.57)"
316,2022,전기전자공학,384470762,조아현,1,0.0942,0.168151,"[음성신호를 이용한 양방향 LSTM 기반 우울증 진단]
   └ 학회: 한국정보기술학회 (IF: 0.56)"
317,2022,전기전자공학,912969159,공경보,2,0.0941,0.17260499999999998,"[멀티오믹스 데이터를 활용한 알츠하이머 질병 예측 딥러닝 모델 개발 연구]
   └ 학회: 한국정보기술학회 (IF: 0.56)
--------------------------------
[딥러닝 기반 단일 이미지 생성적 적대 신경망 기법 비교 분석]
   └ 학회: 한국방송·미디어공학회 (IF: 0.39)"
318,2022,전기전자공학,360850577,이강준,1,0.0935,0.167037,"[딥러닝 기술에 기반한 사용자 이동 경로의 이상치 탐지 기법]
   └ 학회: 한국정보기술학회 (IF: 0.56)"
319,2022,전기전자공학,671421598,김용일,2,0.0931,0.18262799999999998,"[투입구 기능 개선을 통한 음식물쓰레기종량제 활성화 방안에 관한 연구]
   └ 학회: 국제인공지능학회 (IF: 0.51)
--------------------------------
[이물질 구별을 통한 음식물쓰레기 배출시스템 개선에 관한 연구]
   └ 학회: 국제인공지능학회 (IF: 0.51)"
320,2022,전기전자공학,913754934,이동철,1,0.0929,0.18207099999999998,"[고속도로 자율주행 시 보상을 최대화하기 위한 강화 학습 활성화 함수 비교]
   └ 학회: 국제인공지능학회 (IF: 0.51)"
321,2022,전기전자공학,871919106,최지우,3,0.0926,0.16536599999999999,"[개인 인증을 위한 CNN 기반 보행 패턴 식별]
   └ 학회: 한국정보기술학회 (IF: 0.56)
--------------------------------
[걸음걸이와 CNN을 활용한 스마트폰 인증 시스템]
   └ 학회: 한국정보기술학회 (IF: 0.56)
--------------------------------
[보행주기를 이용한 개인식별 CNN 모델]
   └ 학회: 한국정보기술학회 (IF: 0.56)"
322,2022,전기전자공학,416219210,최상일,3,0.0926,0.16536599999999999,"[개인 인증을 위한 CNN 기반 보행 패턴 식별]
   └ 학회: 한국정보기술학회 (IF: 0.56)
--------------------------------
[걸음걸이와 CNN을 활용한 스마트폰 인증 시스템]
   └ 학회: 한국정보기술학회 (IF: 0.56)
--------------------------------
[보행주기를 이용한 개인식별 CNN 모델]
   └ 학회: 한국정보기술학회 (IF: 0.56)"
323,2022,전기전자공학,486105709,강태원,3,0.0926,0.16536599999999999,"[개인 인증을 위한 CNN 기반 보행 패턴 식별]
   └ 학회: 한국정보기술학회 (IF: 0.56)
--------------------------------
[걸음걸이와 CNN을 활용한 스마트폰 인증 시스템]
   └ 학회: 한국정보기술학회 (IF: 0.56)
--------------------------------
[보행주기를 이용한 개인식별 CNN 모델]
   └ 학회: 한국정보기술학회 (IF: 0.56)"
324,2022,전기전자공학,803925879,최연웅,1,0.0917,0.16369699999999998,"[MobileNet을 이용한 사람 음성 구간의 오디오 축약 방법]
   └ 학회: 한국정보기술학회 (IF: 0.56)"
325,2022,전기전자공학,789040678,박재언,1,0.0917,0.16369699999999998,"[BERT 기반의 사전 학습 언어 모형을 이용한 한국어 문서 추출 요약 베이스라인 설계]
   └ 학회: 한국정보기술학회 (IF: 0.56)"
326,2022,전기전자공학,745106861,김지호,1,0.0917,0.16369699999999998,"[BERT 기반의 사전 학습 언어 모형을 이용한 한국어 문서 추출 요약 베이스라인 설계]
   └ 학회: 한국정보기술학회 (IF: 0.56)"
327,2022,전기전자공학,965082156,이홍철,1,0.0917,0.16369699999999998,"[BERT 기반의 사전 학습 언어 모형을 이용한 한국어 문서 추출 요약 베이스라인 설계]
   └ 학회: 한국정보기술학회 (IF: 0.56)"
328,2022,전기전자공학,830530379,조광현,4,0.0903,0.16425399999999998,"[딥러닝 샘플 생성을 위한 포아즌-볼츠만 방정식의 대수적 멀티그리드를 사용한 수치 예측]
   └ 학회: 한국정보통신학회 (IF: 0.55)
--------------------------------
[DMD기반 Kirchhoff-Love 판의 모드 분석과 수치해 예측]
   └ 학회: 한국정보통신학회 (IF: 0.55)
--------------------------------
[보행자의 안전한 횡단을 위한 새로운 차세대 신호등 시스템]
   └ 학회: 한국정보통신학회 (IF: 0.55)
--------------------------------
[ResNet-Based Simulations for a Heat-Transfer Model Involving an Imperfect Contact]
   └ 학회: 한국정보통신학회JICCE (IF: 0.55)"
329,2022,전기전자공학,998503908,정호성,6,0.0886,0.23942,"[오프셋 전압 인가 방식의 펄스 크기 변조 풀브릿지 다이오드 클램프 3레벨 LLC 공진형 컨버터]
   └ 학회: 대한전기학회 (IF: 0.37)
--------------------------------
[공조설비와 에너지저장장치 제어를 위한 강화학습 기반 에너지관리 에이전트 개발]
   └ 학회: 대한전기학회 (IF: 0.37)
--------------------------------
[가상운영 시뮬레이터를 활용한 철도차량 보조전원장치 신뢰성 입증]
   └ 학회: 대한전기학회 (IF: 0.37)
--------------------------------
[철도 전력계통 불평형 보상을 위한 지그재그 변압기 개발]
   └ 학회: 대한전기학회 (IF: 0.37)
--------------------------------
[전기철도 배전망을 활용한 팬터그래프 방식 충전시스템에 관한 연구]
   └ 학회: 대한전기학회 (IF: 0.37)
--------------------------------
[분산전원이 있는 배전계통에서 딥러닝을 통한 고저항 지락사고 판별]
   └ 학회: 대한전기학회 (IF: 0.37)"
330,2022,전기전자공학,422531276,정성목,1,0.0882,0.157572,"[풍력발전기 진동 데이터를 활용한 딥러닝 기반 고장진단기법 연구]
   └ 학회: 한국정보기술학회 (IF: 0.56)"
331,2022,전기전자공학,964404276,최우진,1,0.0882,0.157572,"[풍력발전기 진동 데이터를 활용한 딥러닝 기반 고장진단기법 연구]
   └ 학회: 한국정보기술학회 (IF: 0.56)"
332,2022,전기전자공학,850854155,임찬기,1,0.0882,0.157572,"[DenseFuse 기반의 광대역 영상 합성 학습을 위한 효과적인 데이터 분류 및 가중치 학습 모델]
   └ 학회: 한국정보기술학회 (IF: 0.56)"
333,2022,전기전자공학,901690823,손동민,1,0.0882,0.157572,"[DenseFuse 기반의 광대역 영상 합성 학습을 위한 효과적인 데이터 분류 및 가중치 학습 모델]
   └ 학회: 한국정보기술학회 (IF: 0.56)"
334,2022,전기전자공학,872544979,박동건,1,0.0882,0.157572,"[멀티오믹스 데이터를 활용한 알츠하이머 질병 예측 딥러닝 모델 개발 연구]
   └ 학회: 한국정보기술학회 (IF: 0.56)"
335,2022,전기전자공학,486780698,Thanh-Nghi Do,2,0.0867,0.157572,"[SVM on Top of Deep Networks for Covid-19 Detection from Chest X-ray Images]
   └ 학회: 한국정보통신학회JICCE (IF: 0.55)
--------------------------------
[Text Summarization on Large-scale Vietnamese Datasets]
   └ 학회: 한국정보통신학회JICCE (IF: 0.55)"
336,2022,전기전자공학,638186280,Van-Thanh Le,1,0.0867,0.157572,"[SVM on Top of Deep Networks for Covid-19 Detection from Chest X-ray Images]
   └ 학회: 한국정보통신학회JICCE (IF: 0.55)"
337,2022,전기전자공학,976613785,Thi-Huong Doan,1,0.0867,0.157572,"[SVM on Top of Deep Networks for Covid-19 Detection from Chest X-ray Images]
   └ 학회: 한국정보통신학회JICCE (IF: 0.55)"
338,2022,전기전자공학,931951355,Guangxing Wang,1,0.0867,0.157572,"[ResNet-Based Simulations for a Heat-Transfer Model Involving an Imperfect Contact]
   └ 학회: 한국정보통신학회JICCE (IF: 0.55)"
339,2022,전기전자공학,471944377,"Kim, Taehoon",1,0.0863,0.169265,"[A Study on Image Labeling Technique for Deep-Learning-Based Multinational Tanks Detection Model]
   └ 학회: 국제인공지능학회 (IF: 0.51)"
340,2022,전기전자공학,108777819,"Lim, Dongkyun",1,0.0863,0.169265,"[A Study on Image Labeling Technique for Deep-Learning-Based Multinational Tanks Detection Model]
   └ 학회: 국제인공지능학회 (IF: 0.51)"
341,2022,전기전자공학,741328932,정주은,1,0.0858,0.168151,"[오토인코더 기반 수치형 학습데이터의 자동 증강 기법]
   └ 학회: 국제인공지능학회 (IF: 0.51)"
342,2022,전기전자공학,378398162,김한준,1,0.0858,0.168151,"[오토인코더 기반 수치형 학습데이터의 자동 증강 기법]
   └ 학회: 국제인공지능학회 (IF: 0.51)"
343,2022,전기전자공학,450925059,전종훈,1,0.0858,0.168151,"[오토인코더 기반 수치형 학습데이터의 자동 증강 기법]
   └ 학회: 국제인공지능학회 (IF: 0.51)"
344,2022,전기전자공학,227685698,차은영,2,0.0847,0.217148,"[OTFS 시스템을 위한 Gauss–Seidel 방법 기반의 검출 기법]
   └ 학회: 한국방송·미디어공학회 (IF: 0.39)
--------------------------------
[무장 선택을 위한 딥러닝 기반의 비행체 식별 기법 연구]
   └ 학회: 한국방송·미디어공학회 (IF: 0.39)"
345,2022,전기전자공학,637763847,김정창,2,0.0847,0.217148,"[OTFS 시스템을 위한 Gauss–Seidel 방법 기반의 검출 기법]
   └ 학회: 한국방송·미디어공학회 (IF: 0.39)
--------------------------------
[무장 선택을 위한 딥러닝 기반의 비행체 식별 기법 연구]
   └ 학회: 한국방송·미디어공학회 (IF: 0.39)"
346,2022,전기전자공학,420198730,김종우,4,0.0832,0.112472,"[다양한 가중치 최적화기법이 결합된 머신러닝 모형을 이용한 태양광 발전량의 예측]
   └ 학회: 한국지능시스템학회 (IF: 0.74)
--------------------------------
[변수값 범위의 축소를 고려한 하모니 서치 알고리즘]
   └ 학회: 한국지능시스템학회 (IF: 0.74)
--------------------------------
[국문 등재지 기반 하모니 서치 알고리즘의 이론과 응용사례 리뷰]
   └ 학회: 한국지능시스템학회 (IF: 0.74)
--------------------------------
[하모니 서치 알고리즘의 피치 조정 연산자 개선 연구]
   └ 학회: 한국지능시스템학회 (IF: 0.74)"
347,2022,전기전자공학,192889178,이건희,3,0.0832,0.112472,"[다양한 가중치 최적화기법이 결합된 머신러닝 모형을 이용한 태양광 발전량의 예측]
   └ 학회: 한국지능시스템학회 (IF: 0.74)
--------------------------------
[변수값 범위의 축소를 고려한 하모니 서치 알고리즘]
   └ 학회: 한국지능시스템학회 (IF: 0.74)
--------------------------------
[하모니 서치 알고리즘의 피치 조정 연산자 개선 연구]
   └ 학회: 한국지능시스템학회 (IF: 0.74)"
348,2022,전기전자공학,721524,조성원,2,0.0816,0.110244,"[임베디드 보드에서 차량 감지 및 추적을 위한 딥러닝 모델 최적화]
   └ 학회: 한국지능시스템학회 (IF: 0.74)
--------------------------------
[방향 정규화 및 CNN 딥러닝 기반 차량 번호판 인식에 관한 연구]
   └ 학회: 한국멀티미디어학회 (IF: 0.65)"
349,2022,전기전자공학,736708935,황연우,1,0.0816,0.110244,"[임베디드 보드에서 차량 감지 및 추적을 위한 딥러닝 모델 최적화]
   └ 학회: 한국지능시스템학회 (IF: 0.74)"
350,2022,전기전자공학,188524641,박윤보,1,0.0814,0.14532199999999998,"[객체 인식과 객체 추적을 활용한 고속도로 주행 영상에서의 돌발 상황 인식 방법]
   └ 학회: 한국정보기술학회 (IF: 0.56)"
351,2022,전기전자공학,5142470,김남영,1,0.0809,0.09521199999999999,"[드론에 적용 가능한 교통 법규 위반의 지능적 탐지 및 식별]
   └ 학회: 제어로봇시스템학회 (IF: 0.85)"
352,2022,전기전자공학,5113837,이규만,1,0.0809,0.09521199999999999,"[드론에 적용 가능한 교통 법규 위반의 지능적 탐지 및 식별]
   └ 학회: 제어로봇시스템학회 (IF: 0.85)"
353,2022,전기전자공학,942683524,김종배,2,0.0804,0.157572,"[A Study on the Quantified Point System for Designation of Personal Identity Proofing Service Provider based on Resident Registration Number]
   └ 학회: 국제인공지능학회 (IF: 0.51)
--------------------------------
[Efficient Driver Attention Monitoring Using Pre-Trained Deep Convolution Neural Network Models]
   └ 학회: 국제인공지능학회 (IF: 0.51)"
354,2022,전기전자공학,291363028,황승연,2,0.0804,0.157572,"[코로나19와 플라스틱 배출량과의 상관관계 분석: 업사이클]
   └ 학회: 국제인공지능학회 (IF: 0.51)
--------------------------------
[학습률 향상을 위한 딥러닝 기반 맞춤형 문제 추천 알고리즘]
   └ 학회: 국제인공지능학회 (IF: 0.51)"
355,2022,전기전자공학,626661226,Jiho Jang,1,0.0804,0.157572,"[Evaluating Unsupervised Deep Learning Models for Network Intrusion Detection Using Real Security Event Data]
   └ 학회: 국제인공지능학회 (IF: 0.51)"
356,2022,전기전자공학,246882300,Dongjun Lim,1,0.0804,0.157572,"[Evaluating Unsupervised Deep Learning Models for Network Intrusion Detection Using Real Security Event Data]
   └ 학회: 국제인공지능학회 (IF: 0.51)"
357,2022,전기전자공학,352231050,Changmin Seong,1,0.0804,0.157572,"[Evaluating Unsupervised Deep Learning Models for Network Intrusion Detection Using Real Security Event Data]
   └ 학회: 국제인공지능학회 (IF: 0.51)"
358,2022,전기전자공학,910562233,JongHun Lee,1,0.0804,0.157572,"[Evaluating Unsupervised Deep Learning Models for Network Intrusion Detection Using Real Security Event Data]
   └ 학회: 국제인공지능학회 (IF: 0.51)"
359,2022,전기전자공학,801998208,박종근,1,0.0804,0.157572,"[Evaluating Unsupervised Deep Learning Models for Network Intrusion Detection Using Real Security Event Data]
   └ 학회: 국제인공지능학회 (IF: 0.51)"
360,2022,전기전자공학,781849065,Yun-Gyung Cheong,1,0.0804,0.157572,"[Evaluating Unsupervised Deep Learning Models for Network Intrusion Detection Using Real Security Event Data]
   └ 학회: 국제인공지능학회 (IF: 0.51)"
361,2022,전기전자공학,908739845,Sutanto Edward Budiman,1,0.0804,0.157572,"[Cloth Product Recognition based on Siamese Network with Body Region Extraction method]
   └ 학회: 국제인공지능학회 (IF: 0.51)"
362,2022,전기전자공학,598057425,Seung Heon Lee,1,0.0804,0.157572,"[Cloth Product Recognition based on Siamese Network with Body Region Extraction method]
   └ 학회: 국제인공지능학회 (IF: 0.51)"
363,2022,전기전자공학,181275097,Jae Seung Lee,1,0.0804,0.157572,"[Cloth Product Recognition based on Siamese Network with Body Region Extraction method]
   └ 학회: 국제인공지능학회 (IF: 0.51)"
364,2022,전기전자공학,624899660,Niaz Morshedul Haque,1,0.0804,0.157572,"[TSCH-Based Scheduling of IEEE 802.15.4e in Coexistence with Interference Network Cluster: A DNN Approach]
   └ 학회: 국제인공지능학회 (IF: 0.51)"
365,2022,전기전자공학,236253555,구인수,1,0.0804,0.157572,"[TSCH-Based Scheduling of IEEE 802.15.4e in Coexistence with Interference Network Cluster: A DNN Approach]
   └ 학회: 국제인공지능학회 (IF: 0.51)"
366,2022,전기전자공학,134966995,Mansi Sharma,1,0.0804,0.157572,"[Steel Surface Defect Detection using the RetinaNet Detection Model]
   └ 학회: 국제인공지능학회 (IF: 0.51)"
367,2022,전기전자공학,279293373,임종태,1,0.0804,0.157572,"[Steel Surface Defect Detection using the RetinaNet Detection Model]
   └ 학회: 국제인공지능학회 (IF: 0.51)"
368,2022,전기전자공학,183713853,채의근,1,0.0804,0.157572,"[Steel Surface Defect Detection using the RetinaNet Detection Model]
   └ 학회: 국제인공지능학회 (IF: 0.51)"
369,2022,전기전자공학,730525938,한석민,1,0.0804,0.157572,"[Current Trend and Direction of Deep Learning Method to Railroad Defect Detection and Inspection]
   └ 학회: 국제인공지능학회 (IF: 0.51)"
370,2022,전기전자공학,577931819,장재영,1,0.0804,0.157572,"[객체 인식 기술을 활용한 시각장애인 자동 보행 안내]
   └ 학회: 국제인공지능학회 (IF: 0.51)"
371,2022,전기전자공학,972995382,이규,1,0.0804,0.157572,"[객체 인식 기술을 활용한 시각장애인 자동 보행 안내]
   └ 학회: 국제인공지능학회 (IF: 0.51)"
372,2022,전기전자공학,257281826,서성일,1,0.0804,0.157572,"[딥러닝 기반 전력선 통신 시스템의 임펄시브 잡음 제거 기법]
   └ 학회: 국제인공지능학회 (IF: 0.51)"
373,2022,전기전자공학,366056359,권용완,1,0.0804,0.157572,"[정상 샘플 이미지의 기하학적 변환을 사용한 이상 징후 검출]
   └ 학회: 국제인공지능학회 (IF: 0.51)"
374,2022,전기전자공학,498344944,강동중,1,0.0804,0.157572,"[정상 샘플 이미지의 기하학적 변환을 사용한 이상 징후 검출]
   └ 학회: 국제인공지능학회 (IF: 0.51)"
375,2022,전기전자공학,143092800,임민아,1,0.0804,0.157572,"[학습률 향상을 위한 딥러닝 기반 맞춤형 문제 추천 알고리즘]
   └ 학회: 국제인공지능학회 (IF: 0.51)"
376,2022,전기전자공학,675327781,김정준,1,0.0804,0.157572,"[학습률 향상을 위한 딥러닝 기반 맞춤형 문제 추천 알고리즘]
   └ 학회: 국제인공지능학회 (IF: 0.51)"
377,2022,전기전자공학,196954053,김진욱,1,0.0804,0.157572,"[FitRec 기반 달리기 심박수 예측 시스템]
   └ 학회: 국제인공지능학회 (IF: 0.51)"
378,2022,전기전자공학,208260549,김광현,1,0.0804,0.157572,"[FitRec 기반 달리기 심박수 예측 시스템]
   └ 학회: 국제인공지능학회 (IF: 0.51)"
379,2022,전기전자공학,189327810,정우용,1,0.0804,0.157572,"[신경망 협업 필터링을 이용한 운동 추천시스템]
   └ 학회: 국제인공지능학회 (IF: 0.51)"
380,2022,전기전자공학,855699486,경찬욱,1,0.0804,0.157572,"[신경망 협업 필터링을 이용한 운동 추천시스템]
   └ 학회: 국제인공지능학회 (IF: 0.51)"
381,2022,전기전자공학,135352018,조규정,2,0.0787,0.212694,"[철도 전력계통 불평형 보상을 위한 지그재그 변압기 개발]
   └ 학회: 대한전기학회 (IF: 0.37)
--------------------------------
[분산전원이 있는 배전계통에서 딥러닝을 통한 고저항 지락사고 판별]
   └ 학회: 대한전기학회 (IF: 0.37)"
382,2022,전기전자공학,706564311,이한민,2,0.0787,0.212694,"[철도 전력계통 불평형 보상을 위한 지그재그 변압기 개발]
   └ 학회: 대한전기학회 (IF: 0.37)
--------------------------------
[분산전원이 있는 배전계통에서 딥러닝을 통한 고저항 지락사고 판별]
   └ 학회: 대한전기학회 (IF: 0.37)"
383,2022,전기전자공학,289554190,정남준,1,0.0787,0.212694,"[멀티 세그멘테이션과 태깅을 이용한 딥러닝 기반 송변전설비 학습 방법 연구]
   └ 학회: 대한전기학회 (IF: 0.37)"
384,2022,전기전자공학,155702597,황명하,1,0.0787,0.212694,"[멀티 세그멘테이션과 태깅을 이용한 딥러닝 기반 송변전설비 학습 방법 연구]
   └ 학회: 대한전기학회 (IF: 0.37)"
385,2022,전기전자공학,588388615,이동혁,1,0.0787,0.212694,"[멀티 세그멘테이션과 태깅을 이용한 딥러닝 기반 송변전설비 학습 방법 연구]
   └ 학회: 대한전기학회 (IF: 0.37)"
386,2022,전기전자공학,234660975,송운경,1,0.0787,0.212694,"[멀티 세그멘테이션과 태깅을 이용한 딥러닝 기반 송변전설비 학습 방법 연구]
   └ 학회: 대한전기학회 (IF: 0.37)"
387,2022,전기전자공학,729024554,이재우,3,0.0772,0.140312,"[STRIDE 위협 모델링에 기반한 클라우드 컴퓨팅의 쿠버네티스(Kubernetes)의 보안 요구사항에 관한 연구]
   └ 학회: 한국정보통신학회 (IF: 0.55)
--------------------------------
[URL 주요특징을 고려한 악성URL 머신러닝 탐지모델 개발]
   └ 학회: 한국정보통신학회 (IF: 0.55)
--------------------------------
[가중치 VAE 오버샘플링(W-VAE)을 이용한 보안데이터셋 샘플링 기법 연구]
   └ 학회: 한국정보통신학회 (IF: 0.55)"
388,2022,전기전자공학,441362074,정동규,1,0.0772,0.140311,"[경량형 임베디드 프로세서를 위한 라이다 거리 기반 클러스터링 기법을 활용한 의미론적 물체 인식]
   └ 학회: 한국정보통신학회 (IF: 0.55)"
389,2022,전기전자공학,580274075,김상준,1,0.076,0.194877,"[객체 검출을 위한 2차원 인조데이터 셋 구축 시스템과 데이터 특징 및 배치 구조에 따른 검출률 분석 : 자동차 번호판 검출을 중점으로]
   └ 학회: 한국방송·미디어공학회 (IF: 0.39)"
390,2022,전기전자공학,729182428,최진원,1,0.076,0.194877,"[객체 검출을 위한 2차원 인조데이터 셋 구축 시스템과 데이터 특징 및 배치 구조에 따른 검출률 분석 : 자동차 번호판 검출을 중점으로]
   └ 학회: 한국방송·미디어공학회 (IF: 0.39)"
391,2022,전기전자공학,509116380,김도영,1,0.076,0.194877,"[객체 검출을 위한 2차원 인조데이터 셋 구축 시스템과 데이터 특징 및 배치 구조에 따른 검출률 분석 : 자동차 번호판 검출을 중점으로]
   └ 학회: 한국방송·미디어공학회 (IF: 0.39)"
392,2022,전기전자공학,816752245,김원준,4,0.0736,0.18875099999999997,"[단안 깊이 추정 기술 동향]
   └ 학회: 한국방송·미디어공학회 (IF: 0.39)
--------------------------------
[왜곡 정보 모듈을 이용한 이미지 디블러 방법]
   └ 학회: 한국방송·미디어공학회 (IF: 0.39)
--------------------------------
[윈도우 주의 모듈 기반 트랜스포머를 활용한 이미지 분류 방법]
   └ 학회: 한국방송·미디어공학회 (IF: 0.39)
--------------------------------
[대조적 학습을 활용한 주요 프레임 검출 방법]
   └ 학회: 한국방송·미디어공학회 (IF: 0.39)"
393,2022,전기전자공학,474813015,김종덕,2,0.0735,0.133632,"[초장거리 LoRa 통신 모듈 설계 및 구현]
   └ 학회: 한국정보통신학회 (IF: 0.55)
--------------------------------
[대부모 트리 구조의 저 전력 광역 네트워크를 위한 전력 제어 기반의 공간 재사용 기회 향상 기법]
   └ 학회: 한국정보통신학회 (IF: 0.55)"
394,2022,전기전자공학,936396952,변승규,2,0.0735,0.133632,"[대부모 트리 구조의 저 전력 광역 네트워크를 위한 전력 제어 기반의 공간 재사용 기회 향상 기법]
   └ 학회: 한국정보통신학회 (IF: 0.55)
--------------------------------
[LoRa CSS 확산 인자의 준직교 특성을 고려한 수신응답의 다중 게이트웨이 조화 전송 기법]
   └ 학회: 한국정보통신학회 (IF: 0.55)"
395,2022,전기전자공학,877500255,박인규,5,0.0732,0.187639,"[다중영상을 이용한 딥러닝 기반 온디바이스 증강현실 시스템]
   └ 학회: 한국방송·미디어공학회 (IF: 0.39)
--------------------------------
[피부 미세요소 조절을 통한 얼굴 영상 합성]
   └ 학회: 한국방송·미디어공학회 (IF: 0.39)
--------------------------------
[소수의 협소화각 RGBD 영상으로부터 360 RGBD 영상 합성]
   └ 학회: 한국방송·미디어공학회 (IF: 0.39)
--------------------------------
[Multi-attribute Face Editing using Facial Masks]
   └ 학회: 한국방송·미디어공학회 (IF: 0.39)
--------------------------------
[메타버스를 위한 가상 휴먼의 3차원 의상 모델링]
   └ 학회: 한국방송·미디어공학회 (IF: 0.39)"
396,2022,전기전자공학,646316020,이영석,2,0.0725,0.157572,"[시각 피질의 발화 특성 추출을 위한 포아송 모델의 부공간 해석]
   └ 학회: 한국정보전자통신기술학회 (IF: 0.46)
--------------------------------
[영상 인식을 위한 딥러닝 모델의 적대적 공격에 대한 백색 잡음 효과에 관한 연구]
   └ 학회: 한국정보전자통신기술학회 (IF: 0.46)"
397,2022,전기전자공학,307430937,김종원,1,0.0725,0.157572,"[영상 인식을 위한 딥러닝 모델의 적대적 공격에 대한 백색 잡음 효과에 관한 연구]
   └ 학회: 한국정보전자통신기술학회 (IF: 0.46)"
398,2022,전기전자공학,612670071,박상성,4,0.0721,0.09744,"[IPC 군집화 기반의 특허 Landscape에 관한 연구]
   └ 학회: 한국지능시스템학회 (IF: 0.74)
--------------------------------
[앙상블 기법을 활용한 추론 가능한 특허 가치 평가 모델에 관한 연구]
   └ 학회: 한국지능시스템학회 (IF: 0.74)
--------------------------------
[계층적 토픽 추출을 활용한 기술 분류에 관한 연구]
   └ 학회: 한국지능시스템학회 (IF: 0.74)
--------------------------------
[설명가능한 인공지능모델을 통한 기술기회분석 방법에 관한 연구]
   └ 학회: 한국지능시스템학회 (IF: 0.74)"
399,2022,전기전자공학,955354983,김철림,2,0.0721,0.14142699999999997,"[A Study on Big Data Analytics Services and Standardization for Smart Manufacturing Innovation]
   └ 학회: 국제인공지능학회 (IF: 0.51)
--------------------------------
[축산물 생산성 향상 및 축산 환경 개선을 위한 지능정보기술 기반 스마트 축사 연구 및 기술 동향 분석]
   └ 학회: 국제인공지능학회 (IF: 0.51)"
400,2022,전기전자공학,643381678,채정우,1,0.0721,0.194877,"[YOLOv4-CSP 기반 실신 감시 시스템]
   └ 학회: 대한전기학회 (IF: 0.37)"
401,2022,전기전자공학,710700511,박건,1,0.0721,0.194877,"[Non-Local Means 잡음 제거와 데이터 증강을 이용한 YOLO 기반 객체 특징 탐색]
   └ 학회: 대한전기학회 (IF: 0.37)"
402,2022,전기전자공학,909488332,강예연,1,0.0721,0.194877,"[Non-Local Means 잡음 제거와 데이터 증강을 이용한 YOLO 기반 객체 특징 탐색]
   └ 학회: 대한전기학회 (IF: 0.37)"
403,2022,전기전자공학,673398456,김규일,1,0.0721,0.194877,"[Non-Local Means 잡음 제거와 데이터 증강을 이용한 YOLO 기반 객체 특징 탐색]
   └ 학회: 대한전기학회 (IF: 0.37)"
404,2022,전기전자공학,664989340,정경용,1,0.0721,0.194877,"[Non-Local Means 잡음 제거와 데이터 증강을 이용한 YOLO 기반 객체 특징 탐색]
   └ 학회: 대한전기학회 (IF: 0.37)"
405,2022,전기전자공학,884422493,오유정,1,0.0721,0.194877,"[YOLOv4를 이용한 산양 탐지 시스템]
   └ 학회: 대한전기학회 (IF: 0.37)"
406,2022,전기전자공학,487261658,박영철,1,0.0721,0.194877,"[YOLOv4를 이용한 산양 탐지 시스템]
   └ 학회: 대한전기학회 (IF: 0.37)"
407,2022,전기전자공학,637848973,임상진,1,0.0721,0.194877,"[YOLOv4를 이용한 산양 탐지 시스템]
   └ 학회: 대한전기학회 (IF: 0.37)"
408,2022,전기전자공학,651520010,이병국,8,0.0719,0.175389,"[EMD-CNN-LSTM을 이용한 하이브리드 방식의 리튬 이온 배터리 잔여 수명 예측]
   └ 학회: 전력전자학회 (IF: 0.41)
--------------------------------
[전기자동차용 유·무선 통합 충전을 고려한 무선 충전 시스템의 두 가지 제어 방식에 따른 효율 비교·분석]
   └ 학회: 전력전자학회 (IF: 0.41)
--------------------------------
[전기자동차용 유·무선 통합 충전 시스템의 고효율 동작을 위한 권선비 가변형 LLC 컨버터 설계 및 제어 방안]
   └ 학회: 전력전자학회 (IF: 0.41)
--------------------------------
[단일 소프트 스위칭 셀을 가진 다상 Interleaved ZVT Boost 컨버터]
   └ 학회: 전력전자학회 (IF: 0.41)
--------------------------------
[가용 동작 주파수 범위를 고려한 FB-SRC 기반 IH 쿡탑 시스템의 전력 제어 방안]
   └ 학회: 전력전자학회 (IF: 0.41)
--------------------------------
[에너지 저장 시스템 적용을 위한 머신러닝 기반의 폐배터리 스크리닝 알고리즘]
   └ 학회: 전력전자학회 (IF: 0.41)
--------------------------------
[전기자동차 무선 충전용 수신패드 식별코일의 형상 설계 및 운용 방안]
   └ 학회: 전력전자학회 (IF: 0.41)
--------------------------------
[수중 사출에 의한 소형 무인잠수정의 전동기 역기전력 보호회로 설계 및 모델링 방안]
   └ 학회: 대한전기학회 (IF: 0.37)"
409,2022,전기전자공학,756700928,임제영,2,0.0719,0.175389,"[EMD-CNN-LSTM을 이용한 하이브리드 방식의 리튬 이온 배터리 잔여 수명 예측]
   └ 학회: 전력전자학회 (IF: 0.41)
--------------------------------
[에너지 저장 시스템 적용을 위한 머신러닝 기반의 폐배터리 스크리닝 알고리즘]
   └ 학회: 전력전자학회 (IF: 0.41)"
410,2022,전기전자공학,237801885,김동환,2,0.0719,0.175389,"[EMD-CNN-LSTM을 이용한 하이브리드 방식의 리튬 이온 배터리 잔여 수명 예측]
   └ 학회: 전력전자학회 (IF: 0.41)
--------------------------------
[에너지 저장 시스템 적용을 위한 머신러닝 기반의 폐배터리 스크리닝 알고리즘]
   └ 학회: 전력전자학회 (IF: 0.41)"
411,2022,전기전자공학,616967482,노태원,2,0.0719,0.175389,"[EMD-CNN-LSTM을 이용한 하이브리드 방식의 리튬 이온 배터리 잔여 수명 예측]
   └ 학회: 전력전자학회 (IF: 0.41)
--------------------------------
[에너지 저장 시스템 적용을 위한 머신러닝 기반의 폐배터리 스크리닝 알고리즘]
   └ 학회: 전력전자학회 (IF: 0.41)"
412,2022,전기전자공학,606987627,주지한,4,0.0709,0.157572,"[Ka대역 200W급 SSPA 설계 및 제작]
   └ 학회: 한국정보기술학회 (IF: 0.56)
--------------------------------
[Ku- 및 Ka-Band 기반의 대공 탐색 레이다 효과도 분석]
   └ 학회: 한국전자파학회 (IF: 0.45)
--------------------------------
[병렬 공진 기반 주파수 선택적 Rasorber 설계]
   └ 학회: 한국전자파학회 (IF: 0.45)
--------------------------------
[Denoising 엔코더-디코더 딥러닝 네트워크를 이용한 클러터 제거 기법]
   └ 학회: 한국전자파학회 (IF: 0.45)"
413,2022,전기전자공학,954997911,최병찬,1,0.0709,0.157572,"[Denoising 엔코더-디코더 딥러닝 네트워크를 이용한 클러터 제거 기법]
   └ 학회: 한국전자파학회 (IF: 0.45)"
414,2022,전기전자공학,869220598,임도유,1,0.0709,0.157572,"[Denoising 엔코더-디코더 딥러닝 네트워크를 이용한 클러터 제거 기법]
   └ 학회: 한국전자파학회 (IF: 0.45)"
415,2022,전기전자공학,306330060,권세훈,1,0.0709,0.157572,"[Denoising 엔코더-디코더 딥러닝 네트워크를 이용한 클러터 제거 기법]
   └ 학회: 한국전자파학회 (IF: 0.45)"
416,2022,전기전자공학,862501982,김지현,1,0.0709,0.157572,"[Denoising 엔코더-디코더 딥러닝 네트워크를 이용한 클러터 제거 기법]
   └ 학회: 한국전자파학회 (IF: 0.45)"
417,2022,전기전자공학,789984860,남해운,1,0.0709,0.157572,"[Denoising 엔코더-디코더 딥러닝 네트워크를 이용한 클러터 제거 기법]
   └ 학회: 한국전자파학회 (IF: 0.45)"
418,2022,전기전자공학,800866842,Deniz Kumlu,1,0.0709,0.157572,"[GPR Image Recovery Effect on Faster R-CNN-Based Buried Target Detection]
   └ 학회: 한국전자파학회JEES (IF: 0.45)"
419,2022,전기전자공학,279447243,정동원,10,0.0707,0.126392,"[드론 기반 해안 쓰레기 식별을 위한 클라우드 이미지 분류 모델의 비교 평가]
   └ 학회: 한국정보기술학회 (IF: 0.56)
--------------------------------
[BERT를 활용한 AR-KNU+ 감성사전 기반의 대학 평판도 평가]
   └ 학회: 한국정보기술학회 (IF: 0.56)
--------------------------------
[대기오염 배출구의 정확한 오염도 측정을 위한 5-point 수집 비행 알고리즘]
   └ 학회: 한국정보기술학회 (IF: 0.56)
--------------------------------
[층간소음의 정확한 진원지 식별을 위한 SVM 기반의 진원지 인지 시스템]
   └ 학회: 한국정보기술학회 (IF: 0.56)
--------------------------------
[사물의 이동성 강화를 위한 MQTT 기반의 IoT 사물 제어 기법]
   └ 학회: 한국정보기술학회 (IF: 0.56)
--------------------------------
[소형선박을 위한 LiDAR 센서와 Pure Pursuit 알고리즘 기반의 자율운항 시스템]
   └ 학회: 한국정보기술학회 (IF: 0.56)
--------------------------------
[생성요약의 사실 불일치 문제 개선을 위한 관련성과 중복성을 고려한 손실 함수 기반의 KoBART 모델]
   └ 학회: 한국정보기술학회 (IF: 0.56)
--------------------------------
[온라인 회의 환경에서 사용자 위치의 동적 관리 방법에 대한 실험 및 평가]
   └ 학회: 한국정보기술학회 (IF: 0.56)
--------------------------------
[웹 어셈블리 활용한 웹 기반 블록체인 네트워크 시스템 설계 및 구현]
   └ 학회: 한국정보기술학회 (IF: 0.56)
--------------------------------
[Improved Sensor Filtering Method for Sensor Registry System]
   └ 학회: 한국정보통신학회 (IF: 0.55)"
420,2022,전기전자공학,871995316,이정현,1,0.0684,0.092428,"[퍼지추론 기반 정면, 측면 동시 자세 진단 디지털 테라퓨틱스 시스템 구현]
   └ 학회: 한국지능시스템학회 (IF: 0.74)"
421,2022,전기전자공학,251035379,박봉석,1,0.0684,0.092428,"[퍼지추론 기반 정면, 측면 동시 자세 진단 디지털 테라퓨틱스 시스템 구현]
   └ 학회: 한국지능시스템학회 (IF: 0.74)"
422,2022,전기전자공학,682538980,현창호,1,0.0684,0.092428,"[퍼지추론 기반 정면, 측면 동시 자세 진단 디지털 테라퓨틱스 시스템 구현]
   └ 학회: 한국지능시스템학회 (IF: 0.74)"
423,2022,전기전자공학,559832088,우희조,2,0.0678,0.17371899999999998,"[정보 증류 및 재귀적인 방식을 이용한 심층 학습법 기반 경량화된 초해상도 네트워크]
   └ 학회: 한국방송·미디어공학회 (IF: 0.39)
--------------------------------
[YOLOv4 기반의 소형 물체탐지기법을 이용한 건설도면 내 철강 자재 문자 검출 및 인식기법]
   └ 학회: 한국방송·미디어공학회 (IF: 0.39)"
424,2022,전기전자공학,767695444,심지우,2,0.0678,0.17371899999999998,"[정보 증류 및 재귀적인 방식을 이용한 심층 학습법 기반 경량화된 초해상도 네트워크]
   └ 학회: 한국방송·미디어공학회 (IF: 0.39)
--------------------------------
[YOLOv4 기반의 소형 물체탐지기법을 이용한 건설도면 내 철강 자재 문자 검출 및 인식기법]
   └ 학회: 한국방송·미디어공학회 (IF: 0.39)"
425,2022,전기전자공학,297212969,김응태,2,0.0678,0.17371899999999998,"[정보 증류 및 재귀적인 방식을 이용한 심층 학습법 기반 경량화된 초해상도 네트워크]
   └ 학회: 한국방송·미디어공학회 (IF: 0.39)
--------------------------------
[YOLOv4 기반의 소형 물체탐지기법을 이용한 건설도면 내 철강 자재 문자 검출 및 인식기법]
   └ 학회: 한국방송·미디어공학회 (IF: 0.39)"
426,2022,전기전자공학,380331835,김태헌,1,0.0673,0.103563,"[허밍: DeepJ 구조를 이용한 이미지 기반 자동 작곡 기법 연구]
   └ 학회: 한국멀티미디어학회 (IF: 0.65)"
427,2022,전기전자공학,336701589,정기철,1,0.0673,0.103563,"[허밍: DeepJ 구조를 이용한 이미지 기반 자동 작곡 기법 연구]
   └ 학회: 한국멀티미디어학회 (IF: 0.65)"
428,2022,전기전자공학,915422549,이인성,1,0.0673,0.103563,"[허밍: DeepJ 구조를 이용한 이미지 기반 자동 작곡 기법 연구]
   └ 학회: 한국멀티미디어학회 (IF: 0.65)"
429,2022,전기전자공학,453128487,이창우,1,0.0666,0.10245,"[엣지 컴퓨팅에서 트래픽 분산을 위한 흐름 예측 기반 동적 클러스터링 기법]
   └ 학회: 한국멀티미디어학회 (IF: 0.65)"
430,2022,전기전자공학,978906341,정태현,1,0.0664,0.170378,"[다중영상을 이용한 딥러닝 기반 온디바이스 증강현실 시스템]
   └ 학회: 한국방송·미디어공학회 (IF: 0.39)"
431,2022,전기전자공학,973800144,이창훈,3,0.0629,0.07405199999999999,"[SVM 을 이용한 무인이동체의 외란 분류 기법 연구]
   └ 학회: 제어로봇시스템학회 (IF: 0.85)
--------------------------------
[Attention-CNN 을 이용한 유도탄 비행데이터의 이상성 검출 기법 연구]
   └ 학회: 제어로봇시스템학회 (IF: 0.85)
--------------------------------
[탐색기 시야각 제한을 고려한 장거리 공대공 유도탄의 중기 궤적최적화]
   └ 학회: 제어로봇시스템학회 (IF: 0.85)"
432,2022,전기전자공학,963330674,박종찬,1,0.0629,0.07405199999999999,"[Attention-CNN 을 이용한 유도탄 비행데이터의 이상성 검출 기법 연구]
   └ 학회: 제어로봇시스템학회 (IF: 0.85)"
433,2022,전기전자공학,5080358,정기욱,1,0.0629,0.07405199999999999,"[Attention-CNN 을 이용한 유도탄 비행데이터의 이상성 검출 기법 연구]
   └ 학회: 제어로봇시스템학회 (IF: 0.85)"
434,2022,전기전자공학,903378236,김영원,1,0.0629,0.07405199999999999,"[Attention-CNN 을 이용한 유도탄 비행데이터의 이상성 검출 기법 연구]
   └ 학회: 제어로봇시스템학회 (IF: 0.85)"
435,2022,전기전자공학,728621269,김세준,1,0.0618,0.167037,"[유효한 키포인트 증식 기반의 가려진 사람의 재식별]
   └ 학회: 대한전기학회 (IF: 0.37)"
436,2022,전기전자공학,829345791,최효민,1,0.0618,0.167037,"[유효한 키포인트 증식 기반의 가려진 사람의 재식별]
   └ 학회: 대한전기학회 (IF: 0.37)"
437,2022,전기전자공학,435028014,김성수,1,0.0618,0.167037,"[유효한 키포인트 증식 기반의 가려진 사람의 재식별]
   └ 학회: 대한전기학회 (IF: 0.37)"
438,2022,전기전자공학,595089358,김장연,1,0.0616,0.166481,"[이미지 증대 기법을 이용한 노이즈에 강인한 사과 질병 분류]
   └ 학회: 대한전기학회 (IF: 0.37)"
439,2022,전기전자공학,676567951,심동규,3,0.0615,0.157572,"[PCA 기반 변환을 통한 다해상도 피처 맵 압축 방법]
   └ 학회: 한국방송·미디어공학회 (IF: 0.39)
--------------------------------
[변화 주목 기반 차량 흠집 탐지 시스템]
   └ 학회: 한국방송·미디어공학회 (IF: 0.39)
--------------------------------
[계층 간 특징 복원-예측 네트워크를 통한 피라미드 특징 압축]
   └ 학회: 한국방송·미디어공학회 (IF: 0.39)"
440,2022,전기전자공학,240743681,오승준,2,0.0615,0.157572,"[PCA 기반 변환을 통한 다해상도 피처 맵 압축 방법]
   └ 학회: 한국방송·미디어공학회 (IF: 0.39)
--------------------------------
[변화 주목 기반 차량 흠집 탐지 시스템]
   └ 학회: 한국방송·미디어공학회 (IF: 0.39)"
441,2022,전기전자공학,519605935,김규헌,2,0.0615,0.157572,"[피처 프레임 구성 방안에 따른 피처 맵 압축 효율 및 머신 태스크 성능 분석]
   └ 학회: 한국방송·미디어공학회 (IF: 0.39)
--------------------------------
[SHVC 기반 V-PCC 콘텐츠 ISOBMFF 캡슐화 및 DASH 구성 방안]
   └ 학회: 한국방송·미디어공학회 (IF: 0.39)"
442,2022,전기전자공학,682570199,송병철,2,0.0615,0.157572,"[딥러닝을 이용한 외부 조도 아래에서의 시인성 향상 알고리즘]
   └ 학회: 한국방송·미디어공학회 (IF: 0.39)
--------------------------------
[햇빛 아래에서 향상된 시인성을 위한 Piece-wise Linear Enhancement Curves 기반 영상 개선]
   └ 학회: 한국방송·미디어공학회 (IF: 0.39)"
443,2022,전기전자공학,428847123,김용구,1,0.0615,0.157572,"[초-고해상도 영상 스타일 전이]
   └ 학회: 한국방송·미디어공학회 (IF: 0.39)"
444,2022,전기전자공학,121281785,김도엽,1,0.0615,0.157572,"[다시점 준지도 학습 기반 3차원 휴먼 자세 추정]
   └ 학회: 한국방송·미디어공학회 (IF: 0.39)"
445,2022,전기전자공학,162823380,장주용,1,0.0615,0.157572,"[다시점 준지도 학습 기반 3차원 휴먼 자세 추정]
   └ 학회: 한국방송·미디어공학회 (IF: 0.39)"
446,2022,전기전자공학,354406453,이은성,1,0.0615,0.157572,"[변화 주목 기반 차량 흠집 탐지 시스템]
   └ 학회: 한국방송·미디어공학회 (IF: 0.39)"
447,2022,전기전자공학,459719743,이동준,1,0.0615,0.157572,"[변화 주목 기반 차량 흠집 탐지 시스템]
   └ 학회: 한국방송·미디어공학회 (IF: 0.39)"
448,2022,전기전자공학,468233533,박건희,1,0.0615,0.157572,"[변화 주목 기반 차량 흠집 탐지 시스템]
   └ 학회: 한국방송·미디어공학회 (IF: 0.39)"
449,2022,전기전자공학,929139808,이우주,1,0.0615,0.157572,"[변화 주목 기반 차량 흠집 탐지 시스템]
   └ 학회: 한국방송·미디어공학회 (IF: 0.39)"
450,2022,전기전자공학,708725152,허진강,1,0.0615,0.157572,"[딥러닝 기반 비디오 프레임 보간 기술 연구 동향]
   └ 학회: 한국방송·미디어공학회 (IF: 0.39)"
451,2022,전기전자공학,483385294,윤기환,1,0.0615,0.157572,"[딥러닝 기반 비디오 프레임 보간 기술 연구 동향]
   └ 학회: 한국방송·미디어공학회 (IF: 0.39)"
452,2022,전기전자공학,565687318,김성제,1,0.0615,0.157572,"[딥러닝 기반 비디오 프레임 보간 기술 연구 동향]
   └ 학회: 한국방송·미디어공학회 (IF: 0.39)"
453,2022,전기전자공학,500574329,정진우,1,0.0615,0.157572,"[딥러닝 기반 비디오 프레임 보간 기술 연구 동향]
   └ 학회: 한국방송·미디어공학회 (IF: 0.39)"
454,2022,전기전자공학,437564132,이성배,1,0.0615,0.157572,"[피처 프레임 구성 방안에 따른 피처 맵 압축 효율 및 머신 태스크 성능 분석]
   └ 학회: 한국방송·미디어공학회 (IF: 0.39)"
455,2022,전기전자공학,206644554,이민석,1,0.0615,0.157572,"[피처 프레임 구성 방안에 따른 피처 맵 압축 효율 및 머신 태스크 성능 분석]
   └ 학회: 한국방송·미디어공학회 (IF: 0.39)"
456,2022,전기전자공학,515709004,나재민,1,0.0615,0.157572,"[딥러닝 기반의 도메인 적응 기술: 서베이]
   └ 학회: 한국방송·미디어공학회 (IF: 0.39)"
457,2022,전기전자공학,836069851,황원준,1,0.0615,0.157572,"[딥러닝 기반의 도메인 적응 기술: 서베이]
   └ 학회: 한국방송·미디어공학회 (IF: 0.39)"
458,2022,전기전자공학,330980383,이희진,1,0.0615,0.157572,"[딥러닝을 이용한 외부 조도 아래에서의 시인성 향상 알고리즘]
   └ 학회: 한국방송·미디어공학회 (IF: 0.39)"
459,2022,전기전자공학,4088150,정태현,1,0.0615,0.157572,"[최근접 이웃 커널을 이용한 깊이 영상 완성 기술]
   └ 학회: 한국방송·미디어공학회 (IF: 0.39)"
460,2022,전기전자공학,935778325,우딘 쿠툽,1,0.0615,0.157572,"[최근접 이웃 커널을 이용한 깊이 영상 완성 기술]
   └ 학회: 한국방송·미디어공학회 (IF: 0.39)"
461,2022,전기전자공학,455529343,정재승,1,0.0612,0.094098,"[혈액암 인자 유효성 검증과 분류를 위한 진단 예측 알고리즘 성능 비교 분석]
   └ 학회: 한국멀티미디어학회 (IF: 0.65)"
462,2022,전기전자공학,743248012,주현수,1,0.0612,0.094098,"[혈액암 인자 유효성 검증과 분류를 위한 진단 예측 알고리즘 성능 비교 분석]
   └ 학회: 한국멀티미디어학회 (IF: 0.65)"
463,2022,전기전자공학,398737722,조치현,1,0.0612,0.094098,"[혈액암 인자 유효성 검증과 분류를 위한 진단 예측 알고리즘 성능 비교 분석]
   └ 학회: 한국멀티미디어학회 (IF: 0.65)"
464,2022,전기전자공학,819932069,이범호,1,0.0609,0.110802,"[이미지 기반 축산물 불량 탐지에서의 희소 클래스 처리 전략]
   └ 학회: 한국정보통신학회 (IF: 0.55)"
465,2022,전기전자공학,686412932,조예성,1,0.0609,0.110802,"[이미지 기반 축산물 불량 탐지에서의 희소 클래스 처리 전략]
   └ 학회: 한국정보통신학회 (IF: 0.55)"
466,2022,전기전자공학,275191907,이문용,1,0.0609,0.110802,"[이미지 기반 축산물 불량 탐지에서의 희소 클래스 처리 전략]
   └ 학회: 한국정보통신학회 (IF: 0.55)"
467,2022,전기전자공학,544761986,정회경,5,0.0603,0.109689,"[소프트웨어 교육을 위한 웹 페이지 기반의 프로그래밍 교육 및 채점 시스템]
   └ 학회: 한국정보통신학회 (IF: 0.55)
--------------------------------
[실내 공기 데이터 측정기 및 모니터링 시스템]
   └ 학회: 한국정보통신학회 (IF: 0.55)
--------------------------------
[전기화재 예측 및 예방을 위한 IoT 플랫폼 시스템]
   └ 학회: 한국정보통신학회 (IF: 0.55)
--------------------------------
[홍수 위험도 판별을 위한 CNN 기반의 분류 모델 구현]
   └ 학회: 한국정보통신학회 (IF: 0.55)
--------------------------------
[객체 탐지를 활용한 근로자 충돌 안전관리 시스템]
   └ 학회: 한국정보통신학회 (IF: 0.55)"
468,2022,전기전자공학,620037213,강봉순,5,0.0596,0.107461,"[Haziness Degree Evaluator를 적용한 Hazy Particle Map 기반 자동화 안개 제거 방법]
   └ 학회: 한국멀티미디어학회 (IF: 0.65)
--------------------------------
[원격탐사 영상의 안개제거 알고리즘을 위한 안개 합성 영상 생성 방법]
   └ 학회: 한국정보기술학회 (IF: 0.56)
--------------------------------
[Bayes Classifier 기반 중요 객체 검출(SOD) 알고리즘]
   └ 학회: 한국정보기술학회 (IF: 0.56)
--------------------------------
[흐릿함 농도 평가기를 이용한 국부적 안개 제거 방법]
   └ 학회: 한국정보통신학회 (IF: 0.55)
--------------------------------
[A 4K-Capable Hardware Accelerator of Haze Removal Algorithm using Haze-relevant Features]
   └ 학회: 한국정보통신학회JICCE (IF: 0.55)"
469,2022,전기전자공학,422798152,김경아,3,0.0583,0.157572,"[집속형 초음파 자극 시스템의 사용적합성 형성평가에 대한 연구 및 고찰]
   └ 학회: 한국정보전자통신기술학회 (IF: 0.46)
--------------------------------
[집속형초음파자극시스템 카트리지의 동물실험을 통한 피부자극시험 및 피부 감작성시험]
   └ 학회: 한국정보전자통신기술학회 (IF: 0.46)
--------------------------------
[Deep Autoencoder based Classification for Clinical Prediction of Kidney Cancer]
   └ 학회: 대한전기학회 (IF: 0.37)"
470,2022,전기전자공학,1123976,임현승,2,0.0583,0.157572,"[생성 모델을 이용한 전력 수요량 예측]
   └ 학회: 대한전기학회 (IF: 0.37)
--------------------------------
[소음 환경에서 상용 음성인식 API의 성능 비교]
   └ 학회: 대한전기학회 (IF: 0.37)"
471,2022,전기전자공학,178874028,송경빈,2,0.0583,0.157572,"[한국 전력시스템의 240시간 전력수요예측에 대한 딥러닝 모델과 학습기법]
   └ 학회: 대한전기학회 (IF: 0.37)
--------------------------------
[대한전기학회의 탄소중립 발전 방향]
   └ 학회: 대한전기학회 (IF: 0.37)"
472,2022,전기전자공학,5447683,김희상,1,0.0583,0.157572,"[생성 모델을 이용한 전력 수요량 예측]
   └ 학회: 대한전기학회 (IF: 0.37)"
473,2022,전기전자공학,652941578,문양세,1,0.0583,0.157572,"[생성 모델을 이용한 전력 수요량 예측]
   └ 학회: 대한전기학회 (IF: 0.37)"
474,2022,전기전자공학,935827000,한지훈,1,0.0583,0.157572,"[XAI 알고리즘을 통한 전동기 고장 진단에서의 연속 웨이블릿 변환 데이터 성능 평가]
   └ 학회: 대한전기학회 (IF: 0.37)"
475,2022,전기전자공학,638861130,박상욱,1,0.0583,0.157572,"[XAI 알고리즘을 통한 전동기 고장 진단에서의 연속 웨이블릿 변환 데이터 성능 평가]
   └ 학회: 대한전기학회 (IF: 0.37)"
476,2022,전기전자공학,253294629,홍선기,1,0.0583,0.157572,"[XAI 알고리즘을 통한 전동기 고장 진단에서의 연속 웨이블릿 변환 데이터 성능 평가]
   └ 학회: 대한전기학회 (IF: 0.37)"
477,2022,전기전자공학,458965214,양수,1,0.0583,0.157572,"[금속 음영이 포함된 CBCT 영상에서 딥러닝을 이용한 해부학적 구조물의 다중 클래스 분할 방법]
   └ 학회: 대한전기학회 (IF: 0.37)"
478,2022,전기전자공학,339282222,천소영,1,0.0583,0.157572,"[금속 음영이 포함된 CBCT 영상에서 딥러닝을 이용한 해부학적 구조물의 다중 클래스 분할 방법]
   └ 학회: 대한전기학회 (IF: 0.37)"
479,2022,전기전자공학,883081733,김다엘,1,0.0583,0.157572,"[금속 음영이 포함된 CBCT 영상에서 딥러닝을 이용한 해부학적 구조물의 다중 클래스 분할 방법]
   └ 학회: 대한전기학회 (IF: 0.37)"
480,2022,전기전자공학,458952459,전보성,1,0.0583,0.157572,"[금속 음영이 포함된 CBCT 영상에서 딥러닝을 이용한 해부학적 구조물의 다중 클래스 분할 방법]
   └ 학회: 대한전기학회 (IF: 0.37)"
481,2022,전기전자공학,349012544,유지용,1,0.0583,0.157572,"[금속 음영이 포함된 CBCT 영상에서 딥러닝을 이용한 해부학적 구조물의 다중 클래스 분할 방법]
   └ 학회: 대한전기학회 (IF: 0.37)"
482,2022,전기전자공학,642087246,강세룡,1,0.0583,0.157572,"[금속 음영이 포함된 CBCT 영상에서 딥러닝을 이용한 해부학적 구조물의 다중 클래스 분할 방법]
   └ 학회: 대한전기학회 (IF: 0.37)"
483,2022,전기전자공학,809627520,최민혁,1,0.0583,0.157572,"[금속 음영이 포함된 CBCT 영상에서 딥러닝을 이용한 해부학적 구조물의 다중 클래스 분할 방법]
   └ 학회: 대한전기학회 (IF: 0.37)"
484,2022,전기전자공학,232902856,김조은,1,0.0583,0.157572,"[금속 음영이 포함된 CBCT 영상에서 딥러닝을 이용한 해부학적 구조물의 다중 클래스 분할 방법]
   └ 학회: 대한전기학회 (IF: 0.37)"
485,2022,전기전자공학,244952590,허경회,1,0.0583,0.157572,"[금속 음영이 포함된 CBCT 영상에서 딥러닝을 이용한 해부학적 구조물의 다중 클래스 분할 방법]
   └ 학회: 대한전기학회 (IF: 0.37)"
486,2022,전기전자공학,940368662,이삼선,1,0.0583,0.157572,"[금속 음영이 포함된 CBCT 영상에서 딥러닝을 이용한 해부학적 구조물의 다중 클래스 분할 방법]
   └ 학회: 대한전기학회 (IF: 0.37)"
487,2022,전기전자공학,887638551,허민석,1,0.0583,0.157572,"[금속 음영이 포함된 CBCT 영상에서 딥러닝을 이용한 해부학적 구조물의 다중 클래스 분할 방법]
   └ 학회: 대한전기학회 (IF: 0.37)"
488,2022,전기전자공학,346097762,이원진,1,0.0583,0.157572,"[금속 음영이 포함된 CBCT 영상에서 딥러닝을 이용한 해부학적 구조물의 다중 클래스 분할 방법]
   └ 학회: 대한전기학회 (IF: 0.37)"
489,2022,전기전자공학,809741018,문찬호,1,0.0583,0.157572,"[한국 전력시스템의 240시간 전력수요예측에 대한 딥러닝 모델과 학습기법]
   └ 학회: 대한전기학회 (IF: 0.37)"
490,2022,전기전자공학,5256098,권보성,1,0.0583,0.157572,"[한국 전력시스템의 240시간 전력수요예측에 대한 딥러닝 모델과 학습기법]
   └ 학회: 대한전기학회 (IF: 0.37)"
491,2022,전기전자공학,828027008,강동구,1,0.0583,0.157572,"[스토리 영상 콘텐츠 분석을 위한 장면 그래프 생성 모델 기반의 자동 온톨로지 구축 프레임워크]
   └ 학회: 대한전기학회 (IF: 0.37)"
492,2022,전기전자공학,925018815,김지연,1,0.0583,0.157572,"[스토리 영상 콘텐츠 분석을 위한 장면 그래프 생성 모델 기반의 자동 온톨로지 구축 프레임워크]
   └ 학회: 대한전기학회 (IF: 0.37)"
493,2022,전기전자공학,206718693,정종진,1,0.0583,0.157572,"[스토리 영상 콘텐츠 분석을 위한 장면 그래프 생성 모델 기반의 자동 온톨로지 구축 프레임워크]
   └ 학회: 대한전기학회 (IF: 0.37)"
494,2022,전기전자공학,377296395,Ho Sun Shon,1,0.0583,0.157572,"[Deep Autoencoder based Classification for Clinical Prediction of Kidney Cancer]
   └ 학회: 대한전기학회 (IF: 0.37)"
495,2022,전기전자공학,915610814,Erdenebileg Batbaatar,1,0.0583,0.157572,"[Deep Autoencoder based Classification for Clinical Prediction of Kidney Cancer]
   └ 학회: 대한전기학회 (IF: 0.37)"
496,2022,전기전자공학,565072603,차은종,1,0.0583,0.157572,"[Deep Autoencoder based Classification for Clinical Prediction of Kidney Cancer]
   └ 학회: 대한전기학회 (IF: 0.37)"
497,2022,전기전자공학,717586415,Tae Gun Kang,1,0.0583,0.157572,"[Deep Autoencoder based Classification for Clinical Prediction of Kidney Cancer]
   └ 학회: 대한전기학회 (IF: 0.37)"
498,2022,전기전자공학,432888746,Seong Gon Choi,1,0.0583,0.157572,"[Deep Autoencoder based Classification for Clinical Prediction of Kidney Cancer]
   └ 학회: 대한전기학회 (IF: 0.37)"
499,2022,전기전자공학,427342065,김다운,1,0.0583,0.157572,"[딥러닝 기반의 야간 주행 환경에서의 전동 킥보드 헬멧 감지]
   └ 학회: 대한전기학회 (IF: 0.37)"
500,2022,전기전자공학,380111626,정진우,1,0.0583,0.157572,"[딥러닝 기반의 야간 주행 환경에서의 전동 킥보드 헬멧 감지]
   └ 학회: 대한전기학회 (IF: 0.37)"
501,2022,전기전자공학,302169751,신승중,5,0.0582,0.114143,"[The Development Model of a non-rechargeable wrist-type smart-band for the vulnerable group]
   └ 학회: 국제인공지능학회 (IF: 0.51)
--------------------------------
[A study on the smart band, technologies, and case studies for the vulnerable group. - The Digital Age and the Fourth Industrial Revolution.]
   └ 학회: 국제인공지능학회 (IF: 0.51)
--------------------------------
[웨어러블 IT 기기에 적용 가능한 초소형 진자 발전기에 관한 연구]
   └ 학회: 국제인공지능학회 (IF: 0.51)
--------------------------------
[러시아-우크라이나 전쟁에서 파악된 SNS 추천알고리즘의 필터버블 강화현상 분석]
   └ 학회: 국제인공지능학회 (IF: 0.51)
--------------------------------
[재난상황시 활용할 수 있는 스마트 방재의 중요요인에 관한 연구: 전문가와 수요자 간 인식차이를 중심으로]
   └ 학회: 국제인공지능학회 (IF: 0.51)"
502,2022,전기전자공학,315830165,허영욱,1,0.0577,0.103006,"[CNN을 활용한 OLED 디스플레이 결함 검출 시스템 구현]
   └ 학회: 한국정보기술학회 (IF: 0.56)"
503,2022,전기전자공학,390845025,조현우,1,0.0577,0.103006,"[CNN을 활용한 OLED 디스플레이 결함 검출 시스템 구현]
   └ 학회: 한국정보기술학회 (IF: 0.56)"
504,2022,전기전자공학,778687608,강윤정,2,0.0567,0.103006,"[송아지 질병 결정 지원 모델]
   └ 학회: 한국정보통신학회 (IF: 0.55)
--------------------------------
[교양수업에서 비전공자의 SW교육의 융합사고 학습 효과]
   └ 학회: 한국정보통신학회 (IF: 0.55)"
505,2022,전기전자공학,473566129,이세훈,1,0.0567,0.103006,"[머신러닝 기반 금속외관 결함 검출 비교 분석]
   └ 학회: 한국정보통신학회 (IF: 0.55)"
506,2022,전기전자공학,334569432,강성환,1,0.0567,0.103006,"[머신러닝 기반 금속외관 결함 검출 비교 분석]
   └ 학회: 한국정보통신학회 (IF: 0.55)"
507,2022,전기전자공학,503043508,신요섭,1,0.0567,0.103006,"[머신러닝 기반 금속외관 결함 검출 비교 분석]
   └ 학회: 한국정보통신학회 (IF: 0.55)"
508,2022,전기전자공학,655060813,최오규,1,0.0567,0.103006,"[머신러닝 기반 금속외관 결함 검출 비교 분석]
   └ 학회: 한국정보통신학회 (IF: 0.55)"
509,2022,전기전자공학,343485899,김시종,1,0.0567,0.103006,"[머신러닝 기반 금속외관 결함 검출 비교 분석]
   └ 학회: 한국정보통신학회 (IF: 0.55)"
510,2022,전기전자공학,160726457,최동운,1,0.0567,0.103006,"[송아지 질병 결정 지원 모델]
   └ 학회: 한국정보통신학회 (IF: 0.55)"
511,2022,전기전자공학,141678700,류제민,1,0.0563,0.066258,"[초해상화 기반 CNN을 이용한 군사용 SAR 자동표적인식 모델 연구]
   └ 학회: 제어로봇시스템학회 (IF: 0.85)"
512,2022,전기전자공학,488852589,마정목,1,0.0563,0.066258,"[초해상화 기반 CNN을 이용한 군사용 SAR 자동표적인식 모델 연구]
   └ 학회: 제어로봇시스템학회 (IF: 0.85)"
513,2022,전기전자공학,970444588,김치용,15,0.0561,0.08630299999999999,"[소셜미디어 사용자가 만드는 동영상 광고효과에 관한 연구: 동영상 콘텐츠 유형 및 정보 프레임워크 중심으로]
   └ 학회: 한국멀티미디어학회 (IF: 0.65)
--------------------------------
[VR 콘텐츠가 재한 중국인 유학생 아증후군적 우울 상태에 미치는 영향 연구 - 주의력회복이론을 기반으로 -]
   └ 학회: 한국멀티미디어학회 (IF: 0.65)
--------------------------------
[인터넷 구전 정보가 전자상거래 생방송에서 소비자 구매 의도에 미치는 영향]
   └ 학회: 한국멀티미디어학회 (IF: 0.65)
--------------------------------
[빅데이터 활용 의학·바이오 부문 사업화 가능 기술 연구]
   └ 학회: 한국멀티미디어학회 (IF: 0.65)
--------------------------------
[소설 및 게임의 트랜스미디어에서 시각적 요소 분석－원작 “주선”의 세계관과 캐릭터를 중심으로－]
   └ 학회: 한국멀티미디어학회 (IF: 0.65)
--------------------------------
[전자상거래 생방송에서 IWOM과 구매의도의 관계에서 상호작용의 매개역할]
   └ 학회: 한국멀티미디어학회 (IF: 0.65)
--------------------------------
[어포던스 이론에 기반한 제품 모델링 디자인 및 평가 연구]
   └ 학회: 한국멀티미디어학회 (IF: 0.65)
--------------------------------
[소셜 미디어 사용자가 제작한 광고 효과: 정보형과 오락형 동영상 비교를 중심으로]
   └ 학회: 한국멀티미디어학회 (IF: 0.65)
--------------------------------
[전자상거래 생방송에서 IWOM 전보와 구전 의도의 영향: 제품 관여도의 조절 역할]
   └ 학회: 한국멀티미디어학회 (IF: 0.65)
--------------------------------
[공공예술의 기본 특성에 따른 이용자 만족도 영향요인 연구-공항 공공예술을 중심으로]
   └ 학회: 한국멀티미디어학회 (IF: 0.65)
--------------------------------
[치유계 애니메이션이 대학생 심리에 미치는 영향 - 정서조절이론 실증연구를 중심으로 -]
   └ 학회: 한국멀티미디어학회 (IF: 0.65)
--------------------------------
[전자상거래 생방송에서 IWOM이 소비자 구전 의도에 미치는 영향 연구]
   └ 학회: 한국멀티미디어학회 (IF: 0.65)
--------------------------------
[빅데이터 감성분석에 따른 공항 공공예술 디자인 요소 및 선호도 연구]
   └ 학회: 한국멀티미디어학회 (IF: 0.65)
--------------------------------
[모바일 게임에서 내적동기가 플레이어의 경험에 미치는 영향 분석]
   └ 학회: 한국멀티미디어학회 (IF: 0.65)
--------------------------------
[서비스디자인방법론 기반 성범죄 예방을 위한 어플리케이션 설계]
   └ 학회: 한국멀티미디어학회 (IF: 0.65)"
514,2022,전기전자공학,262843300,이봉문,2,0.0561,0.08630299999999999,"[빅데이터 활용 의학·바이오 부문 사업화 가능 기술 연구]
   └ 학회: 한국멀티미디어학회 (IF: 0.65)
--------------------------------
[인체 유래 환경유해물질 노출에 따른 멀티 오믹스 데이터 통합 분석 가시화 시스템]
   └ 학회: 한국멀티미디어학회 (IF: 0.65)"
515,2022,전기전자공학,761074258,강병철,2,0.0561,0.08630299999999999,"[빅데이터 활용 의학·바이오 부문 사업화 가능 기술 연구]
   └ 학회: 한국멀티미디어학회 (IF: 0.65)
--------------------------------
[인체 유래 환경유해물질 노출에 따른 멀티 오믹스 데이터 통합 분석 가시화 시스템]
   └ 학회: 한국멀티미디어학회 (IF: 0.65)"
516,2022,전기전자공학,184064469,남가영,1,0.0561,0.08630299999999999,"[빅데이터 활용 의학·바이오 부문 사업화 가능 기술 연구]
   └ 학회: 한국멀티미디어학회 (IF: 0.65)"
517,2022,전기전자공학,106966119,오암석,5,0.0557,0.091314,"[CNN 모델을 이용한 위해 식품 알림 애플리케이션의 개발]
   └ 학회: 한국멀티미디어학회 (IF: 0.65)
--------------------------------
[인공지능 기반의 자율형 교통정보 응용에 대한 연구]
   └ 학회: 한국정보통신학회 (IF: 0.55)
--------------------------------
[디지털 소외계층의 무인주문기기 서비스 향상을 위한 인터페이스 설계]
   └ 학회: 한국정보통신학회 (IF: 0.55)
--------------------------------
[Design of Metaverse for Two-Way Video Conferencing Platform Based on Virtual Reality]
   └ 학회: 한국정보통신학회JICCE (IF: 0.55)
--------------------------------
[A Study on the Verification of Traffic Flow and Traffic Accident Cognitive Function for Road Traffic Situation Cognitive System]
   └ 학회: 한국정보통신학회JICCE (IF: 0.55)"
518,2022,전기전자공학,5137986,윤동언,2,0.0557,0.091314,"[CNN 모델을 이용한 위해 식품 알림 애플리케이션의 개발]
   └ 학회: 한국멀티미디어학회 (IF: 0.65)
--------------------------------
[Design of Metaverse for Two-Way Video Conferencing Platform Based on Virtual Reality]
   └ 학회: 한국정보통신학회JICCE (IF: 0.55)"
519,2022,전기전자공학,138109775,"Choi, Dong-Oun",1,0.0557,0.109131,"[Classification of Livestock Diseases Using GLCM and Artificial Neural Networks]
   └ 학회: 국제인공지능학회 (IF: 0.51)"
520,2022,전기전자공학,378840743,"Huan, Meng",1,0.0557,0.109131,"[Classification of Livestock Diseases Using GLCM and Artificial Neural Networks]
   └ 학회: 국제인공지능학회 (IF: 0.51)"
521,2022,전기전자공학,871025863,"Kang, Yun-Jeong",1,0.0557,0.109131,"[Classification of Livestock Diseases Using GLCM and Artificial Neural Networks]
   └ 학회: 국제인공지능학회 (IF: 0.51)"
522,2022,전기전자공학,440931660,이상용,2,0.0544,0.082404,"[CNN을 이용한 불가사리 인식]
   └ 학회: 한국지능시스템학회 (IF: 0.74)
--------------------------------
[Skeleton 정보와 LSTM을 이용한 작업자 동작인식]
   └ 학회: 한국멀티미디어학회 (IF: 0.65)"
523,2022,전기전자공학,660318182,HeeJeong Jasmine Lee,2,0.0536,0.095768,"[Comparative Study on Prediction of Mortality in Heart Failure Patients using Nine Machine Learning Algorithms]
   └ 학회: 한국정보기술학회 (IF: 0.56)
--------------------------------
[Comparative Study on Predicting Student Grades using Five Machine Learning Algorithms]
   └ 학회: 한국정보기술학회 (IF: 0.56)"
524,2022,전기전자공학,879602869,조용우,1,0.0535,0.062917,"[로봇 디팔레타이징 산업용 인공지능 물체 검출 학습의 데이터 비용 절감을 위한 GAN 기반 데이터 증강 기법]
   └ 학회: 제어로봇시스템학회 (IF: 0.85)"
525,2022,전기전자공학,730835845,김현우,1,0.0535,0.062917,"[로봇 디팔레타이징 산업용 인공지능 물체 검출 학습의 데이터 비용 절감을 위한 GAN 기반 데이터 증강 기법]
   └ 학회: 제어로봇시스템학회 (IF: 0.85)"
526,2022,전기전자공학,613044813,황승연,4,0.0531,0.10411999999999999,"[비대면에 최적화된 QR 코드기반 무인 결제 시스템 개발]
   └ 학회: 국제인공지능학회 (IF: 0.51)
--------------------------------
[데이터별 딥러닝 학습 모델의 정확도 향상을 위한 외곽선 특징 적용방안 연구]
   └ 학회: 국제인공지능학회 (IF: 0.51)
--------------------------------
[MongoDB를 활용한 실시간 응급실 위치 정보 서비스]
   └ 학회: 국제인공지능학회 (IF: 0.51)
--------------------------------
[IoT 환경에서 빅데이터를 활용한 음주 운전 방지 시스템 개발]
   └ 학회: 국제인공지능학회 (IF: 0.51)"
527,2022,전기전자공학,999552848,신동진,4,0.0531,0.10411999999999999,"[비대면에 최적화된 QR 코드기반 무인 결제 시스템 개발]
   └ 학회: 국제인공지능학회 (IF: 0.51)
--------------------------------
[데이터별 딥러닝 학습 모델의 정확도 향상을 위한 외곽선 특징 적용방안 연구]
   └ 학회: 국제인공지능학회 (IF: 0.51)
--------------------------------
[MongoDB를 활용한 실시간 응급실 위치 정보 서비스]
   └ 학회: 국제인공지능학회 (IF: 0.51)
--------------------------------
[IoT 환경에서 빅데이터를 활용한 음주 운전 방지 시스템 개발]
   └ 학회: 국제인공지능학회 (IF: 0.51)"
528,2022,전기전자공학,304639235,김정준,3,0.0531,0.10411999999999999,"[비대면에 최적화된 QR 코드기반 무인 결제 시스템 개발]
   └ 학회: 국제인공지능학회 (IF: 0.51)
--------------------------------
[데이터별 딥러닝 학습 모델의 정확도 향상을 위한 외곽선 특징 적용방안 연구]
   └ 학회: 국제인공지능학회 (IF: 0.51)
--------------------------------
[IoT 환경에서 빅데이터를 활용한 음주 운전 방지 시스템 개발]
   └ 학회: 국제인공지능학회 (IF: 0.51)"
529,2022,전기전자공학,787392435,김규석,3,0.0527,0.094098,"[Predicting the Impact of High-Speed Rail on Population Change in Local Cities by using a Naive Bayesian Classification-based Artificial Intelligence Model]
   └ 학회: 한국정보기술학회 (IF: 0.56)
--------------------------------
[의료시설의 접근성이 노인 인구 증가에 미치는 영향 연구: 회귀분석과 머신러닝기법을 활용한 실증분석]
   └ 학회: 한국정보기술학회 (IF: 0.56)
--------------------------------
[Design and Implementation of Exif Metadata System for Source Tracking]
   └ 학회: 한국정보기술학회 (IF: 0.56)"
530,2022,전기전자공학,993349,김현정,2,0.0527,0.094098,"[Predicting the Impact of High-Speed Rail on Population Change in Local Cities by using a Naive Bayesian Classification-based Artificial Intelligence Model]
   └ 학회: 한국정보기술학회 (IF: 0.56)
--------------------------------
[의료시설의 접근성이 노인 인구 증가에 미치는 영향 연구: 회귀분석과 머신러닝기법을 활용한 실증분석]
   └ 학회: 한국정보기술학회 (IF: 0.56)"
531,2022,전기전자공학,858729499,박선이,2,0.0508,0.092428,"[블록 코딩기법을 이용한 유아 학습 보조 시스템의 설계 및 구현]
   └ 학회: 한국정보통신학회 (IF: 0.55)
--------------------------------
[PERT/CPM을 이용한 Activity에 대한 연결 공정관리가 가능한 프로젝트 관리 시스템의 설계 및 구현]
   └ 학회: 한국정보통신학회 (IF: 0.55)"
532,2022,전기전자공학,472418935,박희숙,2,0.0508,0.092428,"[블록 코딩기법을 이용한 유아 학습 보조 시스템의 설계 및 구현]
   └ 학회: 한국정보통신학회 (IF: 0.55)
--------------------------------
[PERT/CPM을 이용한 Activity에 대한 연결 공정관리가 가능한 프로젝트 관리 시스템의 설계 및 구현]
   └ 학회: 한국정보통신학회 (IF: 0.55)"
533,2022,전기전자공학,547862468,양자영,1,0.0508,0.092428,"[인공지능을 이용한 학습부진 특성 추출 및 예측 모델 연구]
   └ 학회: 한국정보통신학회 (IF: 0.55)"
534,2022,전기전자공학,257464882,문경희,1,0.0508,0.092428,"[인공지능을 이용한 학습부진 특성 추출 및 예측 모델 연구]
   └ 학회: 한국정보통신학회 (IF: 0.55)"
535,2022,전기전자공학,138345056,박성호,1,0.0508,0.092428,"[인공지능을 이용한 학습부진 특성 추출 및 예측 모델 연구]
   └ 학회: 한국정보통신학회 (IF: 0.55)"
536,2022,전기전자공학,748358487,이호현,1,0.0508,0.092428,"[관망자료를 이용한 인공지능 기반의 누수 예측]
   └ 학회: 한국정보통신학회 (IF: 0.55)"
537,2022,전기전자공학,161578519,홍성택,1,0.0508,0.092428,"[관망자료를 이용한 인공지능 기반의 누수 예측]
   └ 학회: 한국정보통신학회 (IF: 0.55)"
538,2022,전기전자공학,229589133,김영주,1,0.0508,0.092428,"[EdgeCPS 플랫폼을 위한 지식 공유 그래프를 활용한 컴포넌트 기반 AI 응용 지원 시스템]
   └ 학회: 한국정보통신학회 (IF: 0.55)"
539,2022,전기전자공학,448795993,강한바다,1,0.0508,0.092428,"[가중치 VAE 오버샘플링(W-VAE)을 이용한 보안데이터셋 샘플링 기법 연구]
   └ 학회: 한국정보통신학회 (IF: 0.55)"
540,2022,전기전자공학,231087941,김미경,1,0.0502,0.091314,"[디스플레이형 자판기 사용자 분석을 위한 이중 단계 검출 및 분류 망]
   └ 학회: 한국정보통신학회 (IF: 0.55)"
541,2022,전기전자공학,203784090,최유경,2,0.0497,0.058463,"[멀티스펙트럴 영상기반 전기시설물 이상치 감지]
   └ 학회: 제어로봇시스템학회 (IF: 0.85)
--------------------------------
[MPEG CDVA 전역 특징 서술자 압축 방법]
   └ 학회: 한국방송·미디어공학회 (IF: 0.39)"
542,2022,전기전자공학,499291281,김형준,1,0.0497,0.058463,"[멀티스펙트럴 영상기반 전기시설물 이상치 감지]
   └ 학회: 제어로봇시스템학회 (IF: 0.85)"
543,2022,전기전자공학,693043891,김태주,1,0.0497,0.058463,"[멀티스펙트럴 영상기반 전기시설물 이상치 감지]
   └ 학회: 제어로봇시스템학회 (IF: 0.85)"
544,2022,전기전자공학,982813410,Igor V. Arinichev,1,0.0494,0.066815,"[A Neural Network-Based Approach to Multiple Wheat Disease Recognition]
   └ 학회: 한국지능시스템학회 (IF: 0.74)"
545,2022,전기전자공학,339904538,Sergey V. Polyanskikh,1,0.0494,0.066815,"[A Neural Network-Based Approach to Multiple Wheat Disease Recognition]
   └ 학회: 한국지능시스템학회 (IF: 0.74)"
546,2022,전기전자공학,869791408,Irina V. Arinicheva,1,0.0494,0.066815,"[A Neural Network-Based Approach to Multiple Wheat Disease Recognition]
   └ 학회: 한국지능시스템학회 (IF: 0.74)"
547,2022,전기전자공학,805039061,Galina V. Volkova,1,0.0494,0.066815,"[A Neural Network-Based Approach to Multiple Wheat Disease Recognition]
   └ 학회: 한국지능시스템학회 (IF: 0.74)"
548,2022,전기전자공학,477398157,Irina P. Matveeva,1,0.0494,0.066815,"[A Neural Network-Based Approach to Multiple Wheat Disease Recognition]
   └ 학회: 한국지능시스템학회 (IF: 0.74)"
549,2022,전기전자공학,350968683,박대우,5,0.0487,0.08853,"[인공지능을 활용한 도주경로 예측 및 추적 시스템]
   └ 학회: 한국정보통신학회 (IF: 0.55)
--------------------------------
[인공지능을 적용한 스쿨존의 LIDAR 시스템 개선 연구]
   └ 학회: 한국정보통신학회 (IF: 0.55)
--------------------------------
[AI를 이용한 홈CCTV 영상의 반려묘 행동 패턴 분석 및 질병 예측 시스템 연구]
   └ 학회: 한국정보통신학회 (IF: 0.55)
--------------------------------
[AIoT 기반 고위험 산업안전관리시스템 인공지능 연구]
   └ 학회: 한국정보통신학회 (IF: 0.55)
--------------------------------
[서울시 도심제조업 집적지에서의 Cloud 기반 인공지능 Fulfillment 서비스 Platform 연구]
   └ 학회: 한국정보통신학회 (IF: 0.55)"
550,2022,전기전자공학,569975158,Thiruvenkadam Srinivasan,1,0.0478,0.064587,"[Performance Analysis of Machine Learning Techniques for Slice Creation for Resource Allocation in 5G Network]
   └ 학회: 한국지능시스템학회 (IF: 0.74)"
551,2022,전기전자공학,447034371,조한규,1,0.0478,0.064587,"[Performance Analysis of Machine Learning Techniques for Slice Creation for Resource Allocation in 5G Network]
   └ 학회: 한국지능시스템학회 (IF: 0.74)"
552,2022,전기전자공학,432462213,In-Ho Ra,1,0.0478,0.064587,"[Performance Analysis of Machine Learning Techniques for Slice Creation for Resource Allocation in 5G Network]
   └ 학회: 한국지능시스템학회 (IF: 0.74)"
553,2022,전기전자공학,134548242,허진경,2,0.0477,0.085189,"[인공신경망 YOLOv5 알고리즘을 이용한 밀싹 흰곰팡이 탐지 서비스 구현]
   └ 학회: 한국정보기술학회 (IF: 0.56)
--------------------------------
[약용작물의 유효성분 함량 예측을 위한 기계학습 모형의 최적화 및 요인 분석]
   └ 학회: 한국정보기술학회 (IF: 0.56)"
554,2022,전기전자공학,5541357,전왕수,1,0.0474,0.072939,"[Skeleton 정보와 LSTM을 이용한 작업자 동작인식]
   └ 학회: 한국멀티미디어학회 (IF: 0.65)"
555,2022,전기전자공학,150833007,류기환,5,0.0469,0.091872,"[A Study on Influencer Food-Content Sentiment Keyword Analysis using Semantic Network based on Social Network]
   └ 학회: 국제인공지능학회 (IF: 0.51)
--------------------------------
[A Study on the Navigator Matching Platform for Medical Tourism Services]
   └ 학회: 국제인공지능학회 (IF: 0.51)
--------------------------------
[A Study on the Consumer Perception and Keyword Analysis of Meal-kit Using Big Data]
   └ 학회: 국제인공지능학회 (IF: 0.51)
--------------------------------
[Designing the Museum Gamification System]
   └ 학회: 국제인공지능학회 (IF: 0.51)
--------------------------------
[A Study on Zero Pay Image Recognition Using Big Data Analysis]
   └ 학회: 국제인공지능학회 (IF: 0.51)"
556,2022,전기전자공학,576605253,차의영,1,0.0469,0.085189,"[하드 파라미터 쉐어링 기반의 보행자 및 운송 수단 거리 추정]
   └ 학회: 한국정보통신학회 (IF: 0.55)"
557,2022,전기전자공학,568299226,김진영,1,0.0452,0.08853,"[사물인터넷 기기 고장 진단을 위한 그래프 신경망 모델 기반 분류 방법]
   └ 학회: 국제인공지능학회 (IF: 0.51)"
558,2022,전기전자공학,628256385,윤성훈,1,0.0452,0.08853,"[사물인터넷 기기 고장 진단을 위한 그래프 신경망 모델 기반 분류 방법]
   └ 학회: 국제인공지능학회 (IF: 0.51)"
559,2022,전기전자공학,4611147,배성우,5,0.0445,0.109131,"[인공지능을 활용한 전력전자]
   └ 학회: 전력전자학회 (IF: 0.41)
--------------------------------
[태양광 발전 시스템의 향상된 전역 최대 발전전력 추종 기법]
   └ 학회: 전력전자학회 (IF: 0.41)
--------------------------------
[태양광 발전 시스템의 전역 최대 발전전력 추종을 위한 인공지능 기반 기법 비교 연구]
   └ 학회: 전력전자학회 (IF: 0.41)
--------------------------------
[딥러닝과 특징 추출 기반 배터리 노화 상태 추정 방법]
   └ 학회: 전력전자학회 (IF: 0.41)
--------------------------------
[탄소중립을 위한 전기자동차 및 직류배전 기술동향]
   └ 학회: 대한전기학회 (IF: 0.37)"
560,2022,전기전자공학,258877442,유윤하,1,0.0445,0.052338,"[제어장벽함수와 심층강화학습을 결합한 안전강화학습 제어기 연구]
   └ 학회: 제어로봇시스템학회 (IF: 0.85)"
561,2022,전기전자공학,311323073,Doukhi Oualid,1,0.0445,0.052338,"[제어장벽함수와 심층강화학습을 결합한 안전강화학습 제어기 연구]
   └ 학회: 제어로봇시스템학회 (IF: 0.85)"
562,2022,전기전자공학,276698829,이석창,1,0.0442,0.067928,"[실시간 비정형객체 인식 기법 기반 지능형 이상 탐지 시스템에 관한 연구]
   └ 학회: 한국멀티미디어학회 (IF: 0.65)"
563,2022,전기전자공학,389785487,김영현,1,0.0442,0.067928,"[실시간 비정형객체 인식 기법 기반 지능형 이상 탐지 시스템에 관한 연구]
   └ 학회: 한국멀티미디어학회 (IF: 0.65)"
564,2022,전기전자공학,674936653,강수경,1,0.0442,0.067928,"[실시간 비정형객체 인식 기법 기반 지능형 이상 탐지 시스템에 관한 연구]
   └ 학회: 한국멀티미디어학회 (IF: 0.65)"
565,2022,전기전자공학,754334951,박명혜,1,0.0442,0.067928,"[실시간 비정형객체 인식 기법 기반 지능형 이상 탐지 시스템에 관한 연구]
   └ 학회: 한국멀티미디어학회 (IF: 0.65)"
566,2022,전기전자공학,523686630,최규석,2,0.044,0.086303,"[Applying advanced machine learning techniques in the early prediction of graduate ability of university students]
   └ 학회: 국제인공지능학회 (IF: 0.51)
--------------------------------
[AR 플랫폼을 사용하지 않는 실제 방 기반 인테리어 시뮬레이션 연구]
   └ 학회: 국제인공지능학회 (IF: 0.51)"
567,2022,전기전자공학,618368291,정규혁,6,0.0432,0.084628,"[BER Performance Comparison for Intelligent Reflecting Surface in NOMA: Phase Shifts Perspective]
   └ 학회: 국제인공지능학회 (IF: 0.51)
--------------------------------
[A Tight Upper Bound on Capacity of Intelligent Reflecting Surface Transmissions Towards 6G Networks]
   └ 학회: 국제인공지능학회 (IF: 0.51)
--------------------------------
[Performance Analysis for Weaker Channel User in Non-Uniform Source SSC NOMA with Novel BTS]
   └ 학회: 국제인공지능학회 (IF: 0.51)
--------------------------------
[BTS Based Improved BER for Stronger Channel User in Non-Uniform Source SSC NOMA]
   └ 학회: 국제인공지능학회 (IF: 0.51)
--------------------------------
[An Analytical Expression for BER Performance of Intelligent Reflecting Surface Assisted NOMA]
   └ 학회: 국제인공지능학회 (IF: 0.51)
--------------------------------
[Correlated Intelligent Reflecting Surface and Improved BER Performance of NOMA]
   └ 학회: 국제인공지능학회 (IF: 0.51)"
568,2022,전기전자공학,724058148,Seong-Hoon Lee,2,0.0426,0.08352,"[Smart Factory Promotion and Operation Analysis in the 4th Industrial Revolution Environment]
   └ 학회: 국제인공지능학회 (IF: 0.51)
--------------------------------
[Operational Problem Analysis and Improvement Plan in the Smart Factory Promotion Process]
   └ 학회: 국제인공지능학회 (IF: 0.51)"
569,2022,전기전자공학,582878310,Dong-Woo Lee,2,0.0426,0.08352,"[Smart Factory Promotion and Operation Analysis in the 4th Industrial Revolution Environment]
   └ 학회: 국제인공지능학회 (IF: 0.51)
--------------------------------
[Operational Problem Analysis and Improvement Plan in the Smart Factory Promotion Process]
   └ 학회: 국제인공지능학회 (IF: 0.51)"
570,2022,전기전자공학,146923336,SI HYUN LEE,1,0.0426,0.083519,"[Fundamental Function Design of Real-Time Unmanned Monitoring System Applying YOLOv5s on NVIDIA TX2<sup>TM</sup> AI Edge Computing Platform]
   └ 학회: 국제인공지능학회 (IF: 0.51)"
571,2022,전기전자공학,332532854,김영규,4,0.0424,0.075724,"[E-모빌리티를 위한 슈퍼커패시터 기반 배터리팩 구현]
   └ 학회: 한국정보기술학회 (IF: 0.56)
--------------------------------
[회전익 드론의 드론스테이션 충전베드 구조 설계 및 구현]
   └ 학회: 한국정보기술학회 (IF: 0.56)
--------------------------------
[Diamond ArUco 마커를 이용한 드론 착륙 지점 3차원 좌표 추정 방법 연구]
   └ 학회: 한국정보기술학회 (IF: 0.56)
--------------------------------
[초소형 전기차용 8kW 슈퍼커패시터 배터리팩을 위한 급속충전기 개발]
   └ 학회: 한국정보기술학회 (IF: 0.56)"
572,2022,전기전자공학,272247773,김대년,3,0.0424,0.075724,"[E-모빌리티를 위한 슈퍼커패시터 기반 배터리팩 구현]
   └ 학회: 한국정보기술학회 (IF: 0.56)
--------------------------------
[회전익 드론의 드론스테이션 충전베드 구조 설계 및 구현]
   └ 학회: 한국정보기술학회 (IF: 0.56)
--------------------------------
[Diamond ArUco 마커를 이용한 드론 착륙 지점 3차원 좌표 추정 방법 연구]
   └ 학회: 한국정보기술학회 (IF: 0.56)"
573,2022,전기전자공학,944814948,김민기,2,0.042,0.06458699999999999,"[시각적 특징과 물리적 특징에 기반한 스태킹 앙상블 모델을 이용한 과일의 자동 선별]
   └ 학회: 한국멀티미디어학회 (IF: 0.65)
--------------------------------
[시분할 CNN-LSTM 기반의 시계열 진동 데이터를 이용한 회전체 기계 설비의 이상 진단]
   └ 학회: 한국멀티미디어학회 (IF: 0.65)"
574,2022,전기전자공학,259863911,김동헌,3,0.0408,0.055122,"[Convolutional Neural Network-based Moving Pad Detection and Landing for a Drone]
   └ 학회: 한국지능시스템학회 (IF: 0.74)
--------------------------------
[소형 디젤 발전기 속도제어를 위한 퍼지 PID 제어기 구현]
   └ 학회: 한국지능시스템학회 (IF: 0.74)
--------------------------------
[신경회로망을 이용한 데이터 기반의 스팀시스템 모델링 연구]
   └ 학회: 한국지능시스템학회 (IF: 0.74)"
575,2022,전기전자공학,152316532,오성권,3,0.0408,0.055122,"[정보이득 및 퍼지 엔트로피를 이용한 퍼지 클러스터링기반 신경회로망의 차원 축소에 관한 연구]
   └ 학회: 한국지능시스템학회 (IF: 0.74)
--------------------------------
[InfoGAN을 이용한 부분 방전 데이터 생성을 통한 패턴 분류기 개선]
   └ 학회: 한국지능시스템학회 (IF: 0.74)
--------------------------------
[부스팅 알고리즘을 사용한 부분 방전 데이터 패턴 분류기의 비교연구]
   └ 학회: 한국지능시스템학회 (IF: 0.74)"
576,2022,전기전자공학,588921704,Bangqian Ao,1,0.0408,0.055122,"[Convolutional Neural Network-based Moving Pad Detection and Landing for a Drone]
   └ 학회: 한국지능시스템학회 (IF: 0.74)"
577,2022,전기전자공학,227692685,Tosin Akinwale Adesuyi,1,0.0408,0.055122,"[Snoring Sound Classification Using 1D-CNN Model Based on Multi-Feature Extraction]
   └ 학회: 한국지능시스템학회 (IF: 0.74)"
578,2022,전기전자공학,423002339,김병만,1,0.0408,0.055122,"[Snoring Sound Classification Using 1D-CNN Model Based on Multi-Feature Extraction]
   └ 학회: 한국지능시스템학회 (IF: 0.74)"
579,2022,전기전자공학,940327580,Jongwan Kim,1,0.0408,0.055122,"[Snoring Sound Classification Using 1D-CNN Model Based on Multi-Feature Extraction]
   └ 학회: 한국지능시스템학회 (IF: 0.74)"
580,2022,전기전자공학,1550924,정병국,1,0.0408,0.055122,"[InfoGAN을 이용한 부분 방전 데이터 생성을 통한 패턴 분류기 개선]
   └ 학회: 한국지능시스템학회 (IF: 0.74)"
581,2022,전기전자공학,458326453,김진율,1,0.0408,0.055122,"[InfoGAN을 이용한 부분 방전 데이터 생성을 통한 패턴 분류기 개선]
   └ 학회: 한국지능시스템학회 (IF: 0.74)"
582,2022,전기전자공학,460680530,Minh-Thanh Vo,1,0.0408,0.055122,"[Enhanced Gaze Tracking Using Convolutional Long Short-Term Memory Networks]
   └ 학회: 한국지능시스템학회 (IF: 0.74)"
583,2022,전기전자공학,728840245,Seong G. Kong,1,0.0408,0.055122,"[Enhanced Gaze Tracking Using Convolutional Long Short-Term Memory Networks]
   └ 학회: 한국지능시스템학회 (IF: 0.74)"
584,2022,전기전자공학,1531666,주재현,1,0.0408,0.055122,"[제조 공정의 위험 감지를 위한 채널화 시계열 데이터 증강 및 예측 방법론]
   └ 학회: 한국지능시스템학회 (IF: 0.74)"
585,2022,전기전자공학,118114717,공지환,1,0.0408,0.055122,"[제조 공정의 위험 감지를 위한 채널화 시계열 데이터 증강 및 예측 방법론]
   └ 학회: 한국지능시스템학회 (IF: 0.74)"
586,2022,전기전자공학,473489724,김현민,1,0.0408,0.055122,"[제조 공정의 위험 감지를 위한 채널화 시계열 데이터 증강 및 예측 방법론]
   └ 학회: 한국지능시스템학회 (IF: 0.74)"
587,2022,전기전자공학,667331810,김창욱,1,0.0408,0.055122,"[제조 공정의 위험 감지를 위한 채널화 시계열 데이터 증강 및 예측 방법론]
   └ 학회: 한국지능시스템학회 (IF: 0.74)"
588,2022,전기전자공학,299120,유선진,5,0.0405,0.072383,"[실시간 모션캡처를 사용한 VR 원격 교육시스템]
   └ 학회: 한국정보기술학회 (IF: 0.56)
--------------------------------
[한국 전통문화의 수용도 향상을 위한 증강현실 콘텐츠 제작]
   └ 학회: 한국정보기술학회 (IF: 0.56)
--------------------------------
[사용자의 감정 자각을 위한 가상현실 콘텐츠]
   └ 학회: 한국정보기술학회 (IF: 0.56)
--------------------------------
[HMD 전면카메라를 활용한 VR 사용자 외부 안전지원 시스템]
   └ 학회: 한국정보기술학회 (IF: 0.56)
--------------------------------
[멀티플레이 페인팅 시스템을 적용한 협력형 로블록스 벽화 콘텐츠 개발]
   └ 학회: 한국정보기술학회 (IF: 0.56)"
589,2022,전기전자공학,674977163,오세원,1,0.0401,0.089087,"[IoT 기반 기계 이상탐지 AI 기술]
   └ 학회: 한국전자파학회 (IF: 0.45)"
590,2022,전기전자공학,595713761,강창호,3,0.0393,0.046214,"[표적 탐지 및 식별 성능 향상을 위한 레이더 측정치 분석]
   └ 학회: 제어로봇시스템학회 (IF: 0.85)
--------------------------------
[인공지능 기반 유사한 형상을 가진 표적 식별 가능성 확인을 위한 레이더 데이터 분석]
   └ 학회: 제어로봇시스템학회 (IF: 0.85)
--------------------------------
[영상 식별 및 항법 정확도 향상을 위한 적대적 오토인코더 기반 전처리 알고리즘]
   └ 학회: 제어로봇시스템학회 (IF: 0.85)"
591,2022,전기전자공학,775025667,김선영,3,0.0393,0.046214,"[표적 탐지 및 식별 성능 향상을 위한 레이더 측정치 분석]
   └ 학회: 제어로봇시스템학회 (IF: 0.85)
--------------------------------
[인공지능 기반 유사한 형상을 가진 표적 식별 가능성 확인을 위한 레이더 데이터 분석]
   └ 학회: 제어로봇시스템학회 (IF: 0.85)
--------------------------------
[영상 식별 및 항법 정확도 향상을 위한 적대적 오토인코더 기반 전처리 알고리즘]
   └ 학회: 제어로봇시스템학회 (IF: 0.85)"
592,2022,전기전자공학,349448375,김하선,2,0.0393,0.046214,"[표적 탐지 및 식별 성능 향상을 위한 레이더 측정치 분석]
   └ 학회: 제어로봇시스템학회 (IF: 0.85)
--------------------------------
[인공지능 기반 유사한 형상을 가진 표적 식별 가능성 확인을 위한 레이더 데이터 분석]
   └ 학회: 제어로봇시스템학회 (IF: 0.85)"
593,2022,전기전자공학,628007994,김아란,2,0.0393,0.046214,"[표적 탐지 및 식별 성능 향상을 위한 레이더 측정치 분석]
   └ 학회: 제어로봇시스템학회 (IF: 0.85)
--------------------------------
[인공지능 기반 유사한 형상을 가진 표적 식별 가능성 확인을 위한 레이더 데이터 분석]
   └ 학회: 제어로봇시스템학회 (IF: 0.85)"
594,2022,전기전자공학,963376789,김성호,1,0.0393,0.046214,"[특집호 서문: 머신비전 및 AI+X 기술의 산업적 응용]
   └ 학회: 제어로봇시스템학회 (IF: 0.85)"
595,2022,전기전자공학,406718479,이왕헌,1,0.0393,0.046214,"[특집호 서문: 머신비전 및 AI+X 기술의 산업적 응용]
   └ 학회: 제어로봇시스템학회 (IF: 0.85)"
596,2022,전기전자공학,837027224,김선재,1,0.0391,0.060133,"[잡음제거 합성곱 신경망을 이용한 이미지 복원 방법]
   └ 학회: 한국멀티미디어학회 (IF: 0.65)"
597,2022,전기전자공학,500021042,이정호,1,0.0391,0.060133,"[잡음제거 합성곱 신경망을 이용한 이미지 복원 방법]
   └ 학회: 한국멀티미디어학회 (IF: 0.65)"
598,2022,전기전자공학,301845815,정재성,1,0.0387,0.104677,"[전력계통 디지털 트윈 구현을 위한 인공지능 기술]
   └ 학회: 대한전기학회 (IF: 0.37)"
599,2022,전기전자공학,286396210,Hatem Ibrahem,1,0.0386,0.070155,"[Semantic Object Segmentation Using Conditional Generative Adversarial Network with Residual Connections]
   └ 학회: 한국정보통신학회 (IF: 0.55)"
600,2022,전기전자공학,408405317,Ahmed Salem,1,0.0386,0.070155,"[Semantic Object Segmentation Using Conditional Generative Adversarial Network with Residual Connections]
   └ 학회: 한국정보통신학회 (IF: 0.55)"
601,2022,전기전자공학,802408971,Bilel Yagoub,1,0.0386,0.070155,"[Semantic Object Segmentation Using Conditional Generative Adversarial Network with Residual Connections]
   └ 학회: 한국정보통신학회 (IF: 0.55)"
602,2022,전기전자공학,312321891,Hyun Su Kang,1,0.0386,0.070155,"[Semantic Object Segmentation Using Conditional Generative Adversarial Network with Residual Connections]
   └ 학회: 한국정보통신학회 (IF: 0.55)"
603,2022,전기전자공학,826575834,Jae-Won Suh,1,0.0386,0.070155,"[Semantic Object Segmentation Using Conditional Generative Adversarial Network with Residual Connections]
   └ 학회: 한국정보통신학회 (IF: 0.55)"
604,2022,전기전자공학,256045642,송홍석,2,0.0379,0.092428,"[AI 등 소프트웨어 기술의 권리보호 동향 및 전략]
   └ 학회: 전력전자학회 (IF: 0.41)
--------------------------------
[AI 융·복합 기술 특허 출원 동향 및 개발 전략]
   └ 학회: 전력전자학회 (IF: 0.41)"
605,2022,전기전자공학,355236046,김시호,1,0.0375,0.10133600000000001,"[자율주행차 기술의 현재와 미래]
   └ 학회: 대한전기학회 (IF: 0.37)"
606,2022,전기전자공학,237190534,유석종,6,0.0371,0.066259,"[게이미피케이션을 활용한 주식 포트폴리오 분석 및 시각화 서비스]
   └ 학회: 한국정보기술학회 (IF: 0.56)
--------------------------------
[텍스트 마이닝을 활용한 SMU 감성 사전 구현 및 신조어 감성 분석 연구]
   └ 학회: 한국정보기술학회 (IF: 0.56)
--------------------------------
[Adaptive Cross-Domain Recommendation Model based on Association Analysis]
   └ 학회: 한국정보기술학회 (IF: 0.56)
--------------------------------
[텍스트 마이닝과 LOD 기법을 활용한 뉴스 추천 시스템]
   └ 학회: 한국정보기술학회 (IF: 0.56)
--------------------------------
[한국어 텍스트 질의를 활용한 주식 정보 검색 및 분석 기법]
   └ 학회: 한국정보기술학회 (IF: 0.56)
--------------------------------
[자연어 질의 기반 부동산 환경 검색 시스템 구현]
   └ 학회: 한국정보기술학회 (IF: 0.56)"
607,2022,전기전자공학,576635702,오준택,5,0.0371,0.082406,"[넓은 입력 전력 및 주파수 범위 특성을 갖는 정합된 전압 체배기 기반 고효율 정류기]
   └ 학회: 한국전자파학회 (IF: 0.45)
--------------------------------
[전송 선로 트랜스포머 기반 넓은 입력 전력 및 광대역 특성을 갖는 고효율 정류기]
   └ 학회: 한국전자파학회 (IF: 0.45)
--------------------------------
[결합된 전송선로 네트워크 기반 초광대역 초소형 정류기]
   └ 학회: 한국전자파학회 (IF: 0.45)
--------------------------------
[가변 전력 분배 기반 다중 모드 고효율 정류기 배열]
   └ 학회: 한국전자파학회 (IF: 0.45)
--------------------------------
[915 MHz 통과형 저손실 고조파 응답기 설계]
   └ 학회: 한국전자파학회 (IF: 0.45)"
608,2022,전기전자공학,616461711,김빛찬,4,0.0371,0.082406,"[넓은 입력 전력 및 주파수 범위 특성을 갖는 정합된 전압 체배기 기반 고효율 정류기]
   └ 학회: 한국전자파학회 (IF: 0.45)
--------------------------------
[전송 선로 트랜스포머 기반 넓은 입력 전력 및 광대역 특성을 갖는 고효율 정류기]
   └ 학회: 한국전자파학회 (IF: 0.45)
--------------------------------
[결합된 전송선로 네트워크 기반 초광대역 초소형 정류기]
   └ 학회: 한국전자파학회 (IF: 0.45)
--------------------------------
[가변 전력 분배 기반 다중 모드 고효율 정류기 배열]
   └ 학회: 한국전자파학회 (IF: 0.45)"
609,2022,전기전자공학,816176958,황치곤,2,0.0367,0.066816,"[XGboost 기반의 WiFi 신호를 이용한 실내 측위 기법]
   └ 학회: 한국정보통신학회 (IF: 0.55)
--------------------------------
[유니버설미들웨어기반의 IoT 적재폐기물 화재예방 동적 상황인지 플랫폼 구축]
   └ 학회: 한국정보통신학회 (IF: 0.55)"
610,2022,전기전자공학,771387090,윤창표,2,0.0367,0.066816,"[XGboost 기반의 WiFi 신호를 이용한 실내 측위 기법]
   └ 학회: 한국정보통신학회 (IF: 0.55)
--------------------------------
[유니버설미들웨어기반의 IoT 적재폐기물 화재예방 동적 상황인지 플랫폼 구축]
   └ 학회: 한국정보통신학회 (IF: 0.55)"
611,2022,전기전자공학,217637566,민경주,2,0.0367,0.066816,"[웹 기반 IoT 센서 수집 정보의 결함 허용 3D 시각화]
   └ 학회: 한국정보통신학회 (IF: 0.55)
--------------------------------
[인물관계망의 대용량 그래프 표현과 최단 경로 탐색]
   └ 학회: 한국정보통신학회 (IF: 0.55)"
612,2022,전기전자공학,242414129,진병찬,1,0.0367,0.066816,"[웹 기반 IoT 센서 수집 정보의 결함 허용 3D 시각화]
   └ 학회: 한국정보통신학회 (IF: 0.55)"
613,2022,전기전자공학,860324973,양승의,1,0.0367,0.066816,"[전기화재 예측 및 예방을 위한 IoT 플랫폼 시스템]
   └ 학회: 한국정보통신학회 (IF: 0.55)"
614,2022,전기전자공학,741392613,이성옥,1,0.0367,0.066816,"[전기화재 예측 및 예방을 위한 IoT 플랫폼 시스템]
   └ 학회: 한국정보통신학회 (IF: 0.55)"
615,2022,전기전자공학,815731035,김동현,1,0.0367,0.066816,"[초장거리 LoRa 통신 모듈 설계 및 구현]
   └ 학회: 한국정보통신학회 (IF: 0.55)"
616,2022,전기전자공학,685221591,허준환,1,0.0367,0.066816,"[초장거리 LoRa 통신 모듈 설계 및 구현]
   └ 학회: 한국정보통신학회 (IF: 0.55)"
617,2022,전기전자공학,929630019,이창홍,1,0.0367,0.066816,"[초장거리 LoRa 통신 모듈 설계 및 구현]
   └ 학회: 한국정보통신학회 (IF: 0.55)"
618,2022,전기전자공학,234279184,김광덕,1,0.0367,0.066816,"[초장거리 LoRa 통신 모듈 설계 및 구현]
   └ 학회: 한국정보통신학회 (IF: 0.55)"
619,2022,전기전자공학,377687495,이해준,1,0.0367,0.066816,"[유니버설미들웨어기반의 IoT 적재폐기물 화재예방 동적 상황인지 플랫폼 구축]
   └ 학회: 한국정보통신학회 (IF: 0.55)"
620,2022,전기전자공학,629498455,표철식,1,0.0366,0.081292,"[IoT 기술 동향 및 산업용 인공지능 기술 소개]
   └ 학회: 한국전자파학회 (IF: 0.45)"
621,2022,전기전자공학,838485815,권기현,3,0.0365,0.06514500000000001,"[Q-학습을 이용한 소코반 풀이에서 하이퍼-파라미터 분석]
   └ 학회: 한국정보기술학회 (IF: 0.56)
--------------------------------
[학생 친화적인 교육용 스크럼 프레임워크]
   └ 학회: 한국정보기술학회 (IF: 0.56)
--------------------------------
[기계학습을 이용한 오픈소스 생존 가능성 예측]
   └ 학회: 한국정보기술학회 (IF: 0.56)"
622,2022,전기전자공학,977950601,김선옥,1,0.0365,0.093541,"[스테레오 깊이 영상의 신뢰도 추정 기술 동향]
   └ 학회: 한국방송·미디어공학회 (IF: 0.39)"
623,2022,전기전자공학,724321589,이기훈,1,0.0362,0.055679,"[범주형 광역화 모델에 의한 초미세먼지 예보 개선]
   └ 학회: 한국멀티미디어학회 (IF: 0.65)"
624,2022,전기전자공학,252923654,권희용,1,0.0362,0.055679,"[범주형 광역화 모델에 의한 초미세먼지 예보 개선]
   └ 학회: 한국멀티미디어학회 (IF: 0.65)"
625,2022,전기전자공학,336147317,김성신,3,0.0361,0.090757,"[마할라노비스 거리와 랜덤포레스트를 활용한 원전 운전데이터 이상 진단 분석]
   └ 학회: 한국지능시스템학회 (IF: 0.74)
--------------------------------
[kNN-LSTM을 이용한 시간별 일사량 예측 성능 개선에 관한 연구]
   └ 학회: 한국지능시스템학회 (IF: 0.74)
--------------------------------
[인공지능을 활용한 디지털 트윈 기반 ESS 최적 운영 계획 모델 수립에 관한 연구]
   └ 학회: 대한전기학회 (IF: 0.37)"
626,2022,전기전자공학,750845584,박정민,3,0.0359,0.068486,"[소성가공 분야에서 인공지능을 이용한 절단면 이물질 검출]
   └ 학회: 한국정보기술학회 (IF: 0.56)
--------------------------------
[가중치 합산 기반 안면인식 특징점 저장 알고리즘 연구]
   └ 학회: 국제인공지능학회 (IF: 0.51)
--------------------------------
[실시간 코로나19 확진자 웹 모니터링 시스템에 대한 연구]
   └ 학회: 국제인공지능학회 (IF: 0.51)"
627,2022,전기전자공학,589849230,이대식,2,0.0359,0.07795099999999999,"[AI 엣지 디바이스를 이용한 스마트 팩토리 시스템 설계]
   └ 학회: 한국정보전자통신기술학회 (IF: 0.46)
--------------------------------
[디지털 휴먼 컨텐츠 생성 시스템의 설계]
   └ 학회: 한국정보전자통신기술학회 (IF: 0.46)"
628,2022,전기전자공학,757494547,이효상,1,0.0358,0.055122,"[CNN 모델을 이용한 위해 식품 알림 애플리케이션의 개발]
   └ 학회: 한국멀티미디어학회 (IF: 0.65)"
629,2022,전기전자공학,462835560,류은석,4,0.0356,0.09131500000000001,"[6DoF 몰입형 비디오 스트리밍을 위한 그룹 분할 기반 적응적 렌더링 기법]
   └ 학회: 한국방송·미디어공학회 (IF: 0.39)
--------------------------------
[MPEG 몰입형 비디오 기반 6DoF 영상 스트리밍 성능 분석]
   └ 학회: 한국방송·미디어공학회 (IF: 0.39)
--------------------------------
[대형 가상현실 공연장을 위한 360도 비디오 스트리밍 시스템]
   └ 학회: 한국방송·미디어공학회 (IF: 0.39)
--------------------------------
[MPEG 몰입형 비디오를 위한 Geometry Packing 구현]
   └ 학회: 한국방송·미디어공학회 (IF: 0.39)"
630,2022,전기전자공학,364898641,정민욱,1,0.0355,0.054566,"[딥러닝을 이용한 사용자 피부색 기반 파운데이션 색상 추천 기법 연구]
   └ 학회: 한국멀티미디어학회 (IF: 0.65)"
631,2022,전기전자공학,687350,김현지,1,0.0355,0.054566,"[딥러닝을 이용한 사용자 피부색 기반 파운데이션 색상 추천 기법 연구]
   └ 학회: 한국멀티미디어학회 (IF: 0.65)"
632,2022,전기전자공학,5126276,곽채원,1,0.0355,0.054566,"[딥러닝을 이용한 사용자 피부색 기반 파운데이션 색상 추천 기법 연구]
   └ 학회: 한국멀티미디어학회 (IF: 0.65)"
633,2022,전기전자공학,175419209,오유수,1,0.0355,0.054566,"[딥러닝을 이용한 사용자 피부색 기반 파운데이션 색상 추천 기법 연구]
   └ 학회: 한국멀티미디어학회 (IF: 0.65)"
634,2022,전기전자공학,324109381,조영탁,1,0.0354,0.047884,"[다양한 가중치 최적화기법이 결합된 머신러닝 모형을 이용한 태양광 발전량의 예측]
   └ 학회: 한국지능시스템학회 (IF: 0.74)"
635,2022,전기전자공학,700479039,홍준희,1,0.0354,0.047884,"[다양한 가중치 최적화기법이 결합된 머신러닝 모형을 이용한 태양광 발전량의 예측]
   └ 학회: 한국지능시스템학회 (IF: 0.74)"
636,2022,전기전자공학,634837539,Ezreen Farina Shair,1,0.0354,0.047884,"[EMG Pattern Recognition Using TFD for Future Control of In-Car Electronic Equipment]
   └ 학회: 한국지능시스템학회 (IF: 0.74)"
637,2022,전기전자공학,147872904,Radhi Hafizuddin Razali,1,0.0354,0.047884,"[EMG Pattern Recognition Using TFD for Future Control of In-Car Electronic Equipment]
   └ 학회: 한국지능시스템학회 (IF: 0.74)"
638,2022,전기전자공학,602186910,Abdul Rahim Abdullah,1,0.0354,0.047884,"[EMG Pattern Recognition Using TFD for Future Control of In-Car Electronic Equipment]
   └ 학회: 한국지능시스템학회 (IF: 0.74)"
639,2022,전기전자공학,225915889,Nurul Fauzani Jamaluddin,1,0.0354,0.047884,"[EMG Pattern Recognition Using TFD for Future Control of In-Car Electronic Equipment]
   └ 학회: 한국지능시스템학회 (IF: 0.74)"
640,2022,전기전자공학,489814863,Mithaq Nama Raheema,1,0.0354,0.047884,"[Prediction of Students’ Achievements in E-Learning Courses Based on Adaptive Neuro-Fuzzy Inference System]
   └ 학회: 한국지능시스템학회 (IF: 0.74)"
641,2022,전기전자공학,610740184,Ahmed M. Al-Khazzar,1,0.0354,0.047884,"[Prediction of Students’ Achievements in E-Learning Courses Based on Adaptive Neuro-Fuzzy Inference System]
   └ 학회: 한국지능시스템학회 (IF: 0.74)"
642,2022,전기전자공학,700123251,Jabbar Salman Hussain,1,0.0354,0.047884,"[Prediction of Students’ Achievements in E-Learning Courses Based on Adaptive Neuro-Fuzzy Inference System]
   └ 학회: 한국지능시스템학회 (IF: 0.74)"
643,2022,전기전자공학,103336926,Sea Woo Kim,1,0.0349,0.06848599999999999,"[Metaverse Platform Design for Strengthening Gender Sensitivity of MZ Generation]
   └ 학회: 국제인공지능학회 (IF: 0.51)"
644,2022,전기전자공학,549815791,Eun Gyung Na,1,0.0349,0.06848599999999999,"[Metaverse Platform Design for Strengthening Gender Sensitivity of MZ Generation]
   └ 학회: 국제인공지능학회 (IF: 0.51)"
645,2022,전기전자공학,152893868,이종현,2,0.0346,0.061804,"[결정 트리 앙상블 방법 및 다층신경망을 이용한 유도전동기의 고장진단]
   └ 학회: 한국정보기술학회 (IF: 0.56)
--------------------------------
[MOX 가스센서의 시료 주입 전후패턴들을 이용한 신경회로망 기반의 적포도주 분류]
   └ 학회: 한국정보기술학회 (IF: 0.56)"
646,2022,전기전자공학,271776942,이인수,2,0.0346,0.061804,"[결정 트리 앙상블 방법 및 다층신경망을 이용한 유도전동기의 고장진단]
   └ 학회: 한국정보기술학회 (IF: 0.56)
--------------------------------
[MOX 가스센서의 시료 주입 전후패턴들을 이용한 신경회로망 기반의 적포도주 분류]
   └ 학회: 한국정보기술학회 (IF: 0.56)"
647,2022,전기전자공학,162057581,정상우,2,0.0346,0.061804,"[E-모빌리티를 위한 슈퍼커패시터 기반 배터리팩 구현]
   └ 학회: 한국정보기술학회 (IF: 0.56)
--------------------------------
[Diamond ArUco 마커를 이용한 드론 착륙 지점 3차원 좌표 추정 방법 연구]
   └ 학회: 한국정보기술학회 (IF: 0.56)"
648,2022,전기전자공학,462637438,유경성,2,0.0346,0.06792899999999999,"[The Development Model of a non-rechargeable wrist-type smart-band for the vulnerable group]
   └ 학회: 국제인공지능학회 (IF: 0.51)
--------------------------------
[A study on the smart band, technologies, and case studies for the vulnerable group. - The Digital Age and the Fourth Industrial Revolution.]
   └ 학회: 국제인공지능학회 (IF: 0.51)"
649,2022,전기전자공학,385007684,오병우,1,0.0343,0.061246999999999996,"[CNN을 사용한 공간 데이터 분류 방법]
   └ 학회: 한국정보기술학회 (IF: 0.56)"
650,2022,전기전자공학,883951819,임재성,2,0.0337,0.061246999999999996,"[웨이블릿 변환 기반 CNN을 활용한 무선 신호 분류]
   └ 학회: 한국정보통신학회 (IF: 0.55)
--------------------------------
[사물인터넷 환경을 위한 경량화 키 위탁 기법]
   └ 학회: 한국정보통신학회 (IF: 0.55)"
651,2022,전기전자공학,5480258,이민우,2,0.0337,0.061246999999999996,"[웨이블릿 변환 기반 CNN을 활용한 무선 신호 분류]
   └ 학회: 한국정보통신학회 (IF: 0.55)
--------------------------------
[사물인터넷 환경을 위한 경량화 키 위탁 기법]
   └ 학회: 한국정보통신학회 (IF: 0.55)"
652,2022,전기전자공학,624862507,엄소정,1,0.0337,0.060133,"[스마트폰 녹음 여부 검출을 위한 딥러닝 기반 오디오 포렌식]
   └ 학회: 한국정보기술학회 (IF: 0.56)"
653,2022,전기전자공학,783690961,김현수,1,0.0337,0.060133,"[스마트폰 녹음 여부 검출을 위한 딥러닝 기반 오디오 포렌식]
   └ 학회: 한국정보기술학회 (IF: 0.56)"
654,2022,전기전자공학,259490449,최은선,1,0.0337,0.060133000000000006,"[인공지능 · 디지털 교육 역량 향상을 위한 자격인증제도 도입 방안]
   └ 학회: 한국정보기술학회 (IF: 0.56)"
655,2022,전기전자공학,915838967,박남제,1,0.0337,0.060133000000000006,"[인공지능 · 디지털 교육 역량 향상을 위한 자격인증제도 도입 방안]
   └ 학회: 한국정보기술학회 (IF: 0.56)"
656,2022,전기전자공학,536697280,송민석,1,0.0337,0.061246999999999996,"[웨이블릿 변환 기반 CNN을 활용한 무선 신호 분류]
   └ 학회: 한국정보통신학회 (IF: 0.55)"
657,2022,전기전자공학,492634249,이상현,2,0.0335,0.065701,"[Development of Aging Diagnosis Device Through Real-time Battery Internal Resistance Measurement]
   └ 학회: 국제인공지능학회 (IF: 0.51)
--------------------------------
[A study on road damage detection for safe driving of autonomous vehicles based on OpenCV and CNN]
   └ 학회: 국제인공지능학회 (IF: 0.51)"
658,2022,전기전자공학,125572525,권용수,1,0.0335,0.065701,"[데이터별 딥러닝 학습 모델의 정확도 향상을 위한 외곽선 특징 적용방안 연구]
   └ 학회: 국제인공지능학회 (IF: 0.51)"
659,2022,전기전자공학,165277702,최성용,1,0.033,0.044544,"[베이즈 요인 기반의 선형모형과 키워드 네트워크를 이용한 특허 빅데이터 분석]
   └ 학회: 한국지능시스템학회 (IF: 0.74)"
660,2022,전기전자공학,710064812,송희원,1,0.033,0.044544,"[앙상블 기법을 활용한 추론 가능한 특허 가치 평가 모델에 관한 연구]
   └ 학회: 한국지능시스템학회 (IF: 0.74)"
661,2022,전기전자공학,476374586,황예빈,1,0.033,0.044544,"[계층적 토픽 추출을 활용한 기술 분류에 관한 연구]
   └ 학회: 한국지능시스템학회 (IF: 0.74)"
662,2022,전기전자공학,173667276,조동민,7,0.0329,0.050668000000000005,"[무형문화유산 앱 사용자 경험 최적화에 관한 연구]
   └ 학회: 한국멀티미디어학회 (IF: 0.65)
--------------------------------
[Research on The Educational Cour seware Based on VR Content]
   └ 학회: 한국멀티미디어학회 (IF: 0.65)
--------------------------------
[A Study on the Interface Design of Preschool Children Educational Course-ware Based on User Experience and TAM]
   └ 학회: 한국멀티미디어학회 (IF: 0.65)
--------------------------------
[Research on the Features of VR Marketing Design Based on Emotional Experience]
   └ 학회: 한국멀티미디어학회 (IF: 0.65)
--------------------------------
[A Study on the Cognitive Potential of Pre-school Childr en with AR Collabor ative TUI]
   └ 학회: 한국멀티미디어학회 (IF: 0.65)
--------------------------------
[Research on Improving Memory of VR Game based on Visual Thinking]
   └ 학회: 한국멀티미디어학회 (IF: 0.65)
--------------------------------
[Research on Gamification Incentive Mechanism of E-commerce Platform]
   └ 학회: 한국멀티미디어학회 (IF: 0.65)"
663,2022,전기전자공학,360559245,추현곤,4,0.0328,0.084075,"[인공지능 기반 멀티태스크를 위한 비디오 코덱의 성능평가 방법]
   └ 학회: 한국방송·미디어공학회 (IF: 0.39)
--------------------------------
[MPEG CDVA 전역 특징 서술자 압축 방법]
   └ 학회: 한국방송·미디어공학회 (IF: 0.39)
--------------------------------
[물체탐색과 전경영상을 이용한 인공지능 멀티태스크 성능 비교]
   └ 학회: 한국방송·미디어공학회 (IF: 0.39)
--------------------------------
[High-Speed Transformer for Panoptic Segmentation]
   └ 학회: 한국방송·미디어공학회 (IF: 0.39)"
664,2022,전기전자공학,817996402,장종욱,2,0.0328,0.059577,"[GAN 알고리즘 개선을 위한 히스토그램 분석 기반 파손 영상 선별 방법]
   └ 학회: 한국정보통신학회 (IF: 0.55)
--------------------------------
[효과적인 데이터 수집을 위한 웹 크롤러 개선 및 동적 프로세스 설계 및 구현]
   └ 학회: 한국정보통신학회 (IF: 0.55)"
665,2022,전기전자공학,882021713,이희경,2,0.0328,0.084075,"[물체탐색과 전경영상을 이용한 인공지능 멀티태스크 성능 비교]
   └ 학회: 한국방송·미디어공학회 (IF: 0.39)
--------------------------------
[High-Speed Transformer for Panoptic Segmentation]
   └ 학회: 한국방송·미디어공학회 (IF: 0.39)"
666,2022,전기전자공학,124056837,이승민,1,0.0328,0.059577000000000005,"[흐릿함 농도 평가기를 이용한 국부적 안개 제거 방법]
   └ 학회: 한국정보통신학회 (IF: 0.55)"
667,2022,전기전자공학,113800309,서보석,1,0.0328,0.072939,"[CNN-LSTM을 사용한 긴 주기 펄스 레이다 신호 속성 분류]
   └ 학회: 한국전자파학회 (IF: 0.45)"
668,2022,전기전자공학,822280685,전중남,1,0.0328,0.072939,"[CNN-LSTM을 사용한 긴 주기 펄스 레이다 신호 속성 분류]
   └ 학회: 한국전자파학회 (IF: 0.45)"
669,2022,전기전자공학,888831992,주영관,1,0.0328,0.072939,"[CNN-LSTM을 사용한 긴 주기 펄스 레이다 신호 속성 분류]
   └ 학회: 한국전자파학회 (IF: 0.45)"
670,2022,전기전자공학,477051021,심홍석,1,0.0328,0.072939,"[CNN-LSTM을 사용한 긴 주기 펄스 레이다 신호 속성 분류]
   └ 학회: 한국전자파학회 (IF: 0.45)"
671,2022,전기전자공학,370537274,강희석,1,0.0328,0.072939,"[CNN-LSTM을 사용한 긴 주기 펄스 레이다 신호 속성 분류]
   └ 학회: 한국전자파학회 (IF: 0.45)"
672,2022,전기전자공학,919374508,김용길,2,0.0324,0.063474,"[Hellinger 거리 IoU와 Objectron 적용을 기반으로 하는 객체 감지]
   └ 학회: 국제인공지능학회 (IF: 0.51)
--------------------------------
[위치 분포 및 그래프 절단에 의한 모발 분류와 영역 분할]
   └ 학회: 국제인공지능학회 (IF: 0.51)"
673,2022,전기전자공학,247991440,문경일,2,0.0324,0.063474,"[Hellinger 거리 IoU와 Objectron 적용을 기반으로 하는 객체 감지]
   └ 학회: 국제인공지능학회 (IF: 0.51)
--------------------------------
[위치 분포 및 그래프 절단에 의한 모발 분류와 영역 분할]
   └ 학회: 국제인공지능학회 (IF: 0.51)"
674,2022,전기전자공학,289142070,장연수,1,0.0321,0.057349000000000004,"[신경망 기반의 신호 천이 고속 분류 연구]
   └ 학회: 한국정보기술학회 (IF: 0.56)"
675,2022,전기전자공학,300798547,김정수,2,0.0318,0.080178,"[심층강화학습을 이용한 테트리스 로봇]
   └ 학회: 제어로봇시스템학회 (IF: 0.85)
--------------------------------
[탄소 중립을 위한 스마트 빌딩과 디지털 트윈 기술 동향]
   └ 학회: 대한전기학회 (IF: 0.37)"
676,2022,전기전자공학,845681566,Dheo Prasetyo Nugroho,1,0.0317,0.042872999999999994,"[Comparison of Deep Learning-Based Object Classification Methods for Detecting Tomato Ripeness]
   └ 학회: 한국지능시스템학회 (IF: 0.74)"
677,2022,전기전자공학,784237831,Sigit Widiyanto,1,0.0317,0.042872999999999994,"[Comparison of Deep Learning-Based Object Classification Methods for Detecting Tomato Ripeness]
   └ 학회: 한국지능시스템학회 (IF: 0.74)"
678,2022,전기전자공학,835861170,Dini Tri Wardani,1,0.0317,0.042872999999999994,"[Comparison of Deep Learning-Based Object Classification Methods for Detecting Tomato Ripeness]
   └ 학회: 한국지능시스템학회 (IF: 0.74)"
679,2022,전기전자공학,965169058,백수진,1,0.0317,0.042872999999999994,"[카메라와 라이다의 센서융합을 이용한 객체 추적 시스템 개발]
   └ 학회: 한국지능시스템학회 (IF: 0.74)"
680,2022,전기전자공학,455792501,김아현,1,0.0317,0.042872999999999994,"[카메라와 라이다의 센서융합을 이용한 객체 추적 시스템 개발]
   └ 학회: 한국지능시스템학회 (IF: 0.74)"
681,2022,전기전자공학,701502274,최영림,1,0.0317,0.042872999999999994,"[카메라와 라이다의 센서융합을 이용한 객체 추적 시스템 개발]
   └ 학회: 한국지능시스템학회 (IF: 0.74)"
682,2022,전기전자공학,929248630,하상준,1,0.0317,0.042872999999999994,"[카메라와 라이다의 센서융합을 이용한 객체 추적 시스템 개발]
   └ 학회: 한국지능시스템학회 (IF: 0.74)"
683,2022,전기전자공학,942939415,김종욱,1,0.0317,0.042872999999999994,"[카메라와 라이다의 센서융합을 이용한 객체 추적 시스템 개발]
   └ 학회: 한국지능시스템학회 (IF: 0.74)"
684,2022,전기전자공학,949305933,문상호,2,0.0315,0.051225,"[라즈베리파이를 활용한 블루투스 Smart Ready 구현 및 RSSI 오차 보정]
   └ 학회: 한국멀티미디어학회 (IF: 0.65)
--------------------------------
[충전데이터를 이용한 이상감지 제어시스템]
   └ 학회: 한국정보통신학회 (IF: 0.55)"
685,2022,전기전자공학,245472955,"Ryu, Gi-Hwan",2,0.0315,0.061805,"[A Study on the Promotion of Yakseon Food Using Big Data]
   └ 학회: 국제인공지능학회 (IF: 0.51)
--------------------------------
[A study on Metaverse keyword Consumer perception survey after Covid-19 using big Data]
   └ 학회: 국제인공지능학회 (IF: 0.51)"
686,2022,전기전자공학,958231007,오진석,3,0.0312,0.056792999999999996,"[VR 기반 선박 비상 대응 교육 컨텐츠 개발]
   └ 학회: 한국정보통신학회 (IF: 0.55)
--------------------------------
[선박용 에너지 관리 시스템 알고리즘 검증을 위한 신호 연동 시뮬레이터 개발]
   └ 학회: 한국정보통신학회 (IF: 0.55)
--------------------------------
[VR 기반 선원 안전교육용 콘텐츠 개발]
   └ 학회: 한국정보통신학회 (IF: 0.55)"
687,2022,전기전자공학,374500082,박향아,1,0.0311,0.08407500000000001,"[인공지능을 활용한 디지털 트윈 기반 ESS 최적 운영 계획 모델 수립에 관한 연구]
   └ 학회: 대한전기학회 (IF: 0.37)"
688,2022,전기전자공학,178763975,변길성,1,0.0311,0.08407500000000001,"[인공지능을 활용한 디지털 트윈 기반 ESS 최적 운영 계획 모델 수립에 관한 연구]
   └ 학회: 대한전기학회 (IF: 0.37)"
689,2022,전기전자공학,563325760,김종율,1,0.0311,0.08407500000000001,"[인공지능을 활용한 디지털 트윈 기반 ESS 최적 운영 계획 모델 수립에 관한 연구]
   └ 학회: 대한전기학회 (IF: 0.37)"
690,2022,전기전자공학,296752989,심창현,1,0.0309,0.055122,"[MOX 가스센서의 시료 주입 전후패턴들을 이용한 신경회로망 기반의 적포도주 분류]
   └ 학회: 한국정보기술학회 (IF: 0.56)"
691,2022,전기전자공학,307703261,김용빈,1,0.0309,0.055122,"[합성곱 신경망을 이용한 풍력 블레이드 상태 구분]
   └ 학회: 한국정보기술학회 (IF: 0.56)"
692,2022,전기전자공학,429434484,김용민,1,0.0309,0.055122,"[합성곱 신경망을 이용한 풍력 블레이드 상태 구분]
   └ 학회: 한국정보기술학회 (IF: 0.56)"
693,2022,전기전자공학,646479979,최인식,1,0.0309,0.055122,"[합성곱 신경망을 이용한 풍력 블레이드 상태 구분]
   └ 학회: 한국정보기술학회 (IF: 0.56)"
694,2022,전기전자공학,579042897,이기원,1,0.0309,0.055122,"[CNN 기반의 이미지 특징과 객체 정보를 결합한 내용 기반 이미지 검색 기법]
   └ 학회: 한국정보기술학회 (IF: 0.56)"
695,2022,전기전자공학,945130623,맹주형,1,0.0309,0.055122,"[CNN 기반의 이미지 특징과 객체 정보를 결합한 내용 기반 이미지 검색 기법]
   └ 학회: 한국정보기술학회 (IF: 0.56)"
696,2022,전기전자공학,124772884,송석일,1,0.0309,0.055122,"[CNN 기반의 이미지 특징과 객체 정보를 결합한 내용 기반 이미지 검색 기법]
   └ 학회: 한국정보기술학회 (IF: 0.56)"
697,2022,전기전자공학,151219614,김수종,1,0.0309,0.055122,"[음향 이벤트 탐지를 위한 멀티-스케일 특징 기반 트랜스포머 모델]
   └ 학회: 한국정보기술학회 (IF: 0.56)"
698,2022,전기전자공학,775673692,정용주,1,0.0309,0.055122,"[음향 이벤트 탐지를 위한 멀티-스케일 특징 기반 트랜스포머 모델]
   └ 학회: 한국정보기술학회 (IF: 0.56)"
699,2022,전기전자공학,840316510,박선례,1,0.0306,0.047884,"[전동차 내 이상행동 검출을 위한 인공지능 영상 분석 기술]
   └ 학회: 한국도시철도학회 (IF: 0.64)"
700,2022,전기전자공학,530272227,한형석,1,0.0306,0.047884,"[전동차 내 이상행동 검출을 위한 인공지능 영상 분석 기술]
   └ 학회: 한국도시철도학회 (IF: 0.64)"
701,2022,전기전자공학,847127073,이경복,1,0.0306,0.047884,"[전동차 내 이상행동 검출을 위한 인공지능 영상 분석 기술]
   └ 학회: 한국도시철도학회 (IF: 0.64)"
702,2022,전기전자공학,597257662,사정환,1,0.0306,0.047884,"[전동차 내 이상행동 검출을 위한 인공지능 영상 분석 기술]
   └ 학회: 한국도시철도학회 (IF: 0.64)"
703,2022,전기전자공학,424966662,김철홍,1,0.0306,0.047884,"[전동차 내 이상행동 검출을 위한 인공지능 영상 분석 기술]
   └ 학회: 한국도시철도학회 (IF: 0.64)"
704,2022,전기전자공학,780897760,임경태,1,0.0306,0.047884,"[전동차 내 이상행동 검출을 위한 인공지능 영상 분석 기술]
   └ 학회: 한국도시철도학회 (IF: 0.64)"
705,2022,전기전자공학,937886583,Ahmed Abdulhakim Al-Absi,1,0.0304,0.059577,"[Autonomous Vehicles as Safety and Security Agents in Real-Life Environments]
   └ 학회: 국제인공지능학회 (IF: 0.51)"
706,2022,전기전자공학,316332800,정상섭,1,0.0304,0.07795,"[메타버스(Metaverse)와 방송 미디어]
   └ 학회: 한국방송·미디어공학회 (IF: 0.39)"
707,2022,전기전자공학,942446064,김한솔,4,0.0303,0.035635,"[T-S 퍼지 모델 기반 메모리 샘플치 제어를 통한 자율 무인 잠수정의 심도 제어]
   └ 학회: 제어로봇시스템학회 (IF: 0.85)
--------------------------------
[PPO-based Model Reference Tracking Control for a Quadrotor UAV]
   └ 학회: 제어로봇시스템학회 (IF: 0.85)
--------------------------------
[드론 제어를 위한 심층 강화 학습의 최신 연구 사례]
   └ 학회: 제어로봇시스템학회 (IF: 0.85)
--------------------------------
[상태 양자화를 고려한 쿼드로터의 샘플치 퍼지 상태 조정기 설계]
   └ 학회: 대한전기학회 (IF: 0.37)"
708,2022,전기전자공학,5150877,변영훈,2,0.0303,0.035635,"[PPO-based Model Reference Tracking Control for a Quadrotor UAV]
   └ 학회: 제어로봇시스템학회 (IF: 0.85)
--------------------------------
[드론 제어를 위한 심층 강화 학습의 최신 연구 사례]
   └ 학회: 제어로봇시스템학회 (IF: 0.85)"
709,2022,전기전자공학,963616825,남영자,1,0.0303,0.055122,"[한국과 미국 방송사의 코로나19 뉴스에 대해 CNN 기반 정량적 음성 감정 양상 비교 분석]
   └ 학회: 한국정보통신학회 (IF: 0.55)"
710,2022,전기전자공학,710675307,채선규,1,0.0303,0.055122,"[한국과 미국 방송사의 코로나19 뉴스에 대해 CNN 기반 정량적 음성 감정 양상 비교 분석]
   └ 학회: 한국정보통신학회 (IF: 0.55)"
711,2022,전기전자공학,760774521,강형주,1,0.0303,0.055122,"[CNN에서 입력 최댓값을 이용한 SoftMax 연산 기법]
   └ 학회: 한국정보통신학회 (IF: 0.55)"
712,2022,전기전자공학,960044715,박종원,1,0.0303,0.055122,"[손사보 악보의 광학음악인식을 위한 CNN 기반의 보표 및 마디 인식]
   └ 학회: 한국정보통신학회 (IF: 0.55)"
713,2022,전기전자공학,407186503,김동삼,1,0.0303,0.055122,"[손사보 악보의 광학음악인식을 위한 CNN 기반의 보표 및 마디 인식]
   └ 학회: 한국정보통신학회 (IF: 0.55)"
714,2022,전기전자공학,741781463,김준호,1,0.0303,0.055122,"[손사보 악보의 광학음악인식을 위한 CNN 기반의 보표 및 마디 인식]
   └ 학회: 한국정보통신학회 (IF: 0.55)"
715,2022,전기전자공학,786619658,박윤정,1,0.0303,0.055122,"[어텐션임베딩과 다채널 CNN 기반 반시민성 검출 알고리즘]
   └ 학회: 한국정보통신학회 (IF: 0.55)"
716,2022,전기전자공학,988388466,이세영,1,0.0303,0.055122,"[어텐션임베딩과 다채널 CNN 기반 반시민성 검출 알고리즘]
   └ 학회: 한국정보통신학회 (IF: 0.55)"
717,2022,전기전자공학,695943200,금희조,1,0.0303,0.055122,"[어텐션임베딩과 다채널 CNN 기반 반시민성 검출 알고리즘]
   └ 학회: 한국정보통신학회 (IF: 0.55)"
718,2022,전기전자공학,514024343,박혜림,1,0.0302,0.054009,"[텍스트 마이닝을 활용한 SMU 감성 사전 구현 및 신조어 감성 분석 연구]
   └ 학회: 한국정보기술학회 (IF: 0.56)"
719,2022,전기전자공학,349738067,조소정,1,0.0302,0.054009,"[텍스트 마이닝을 활용한 SMU 감성 사전 구현 및 신조어 감성 분석 연구]
   └ 학회: 한국정보기술학회 (IF: 0.56)"
720,2022,전기전자공학,252477333,한현빈,1,0.0302,0.054009,"[텍스트 마이닝을 활용한 SMU 감성 사전 구현 및 신조어 감성 분석 연구]
   └ 학회: 한국정보기술학회 (IF: 0.56)"
721,2022,전기전자공학,150897626,권민지,1,0.03,0.046214,"[효용이론 기반 숙고형 행동트리를 이용한 게임 인공지능 에이전트]
   └ 학회: 한국멀티미디어학회 (IF: 0.65)"
722,2022,전기전자공학,647963579,서진석,1,0.03,0.046214,"[효용이론 기반 숙고형 행동트리를 이용한 게임 인공지능 에이전트]
   └ 학회: 한국멀티미디어학회 (IF: 0.65)"
723,2022,전기전자공학,892816481,최권택,3,0.0299,0.053453,"[실시간 모션캡처를 사용한 VR 원격 교육시스템]
   └ 학회: 한국정보기술학회 (IF: 0.56)
--------------------------------
[스마트러닝 환경에서의 협업 효과 촉진을 위한 메타버스 융합 팀빌딩 시스템]
   └ 학회: 한국정보기술학회 (IF: 0.56)
--------------------------------
[멀티플레이 페인팅 시스템을 적용한 협력형 로블록스 벽화 콘텐츠 개발]
   └ 학회: 한국정보기술학회 (IF: 0.56)"
724,2022,전기전자공학,786943369,홍순기,3,0.0293,0.06514400000000001,"[Wideband Directive Self-Complementary Bowtie Antenna for Ka-band]
   └ 학회: 한국전자파학회JEES (IF: 0.45)
--------------------------------
[Measurement of Nonlinear RCS of Electronic Targets for Nonlinear Detection]
   └ 학회: 한국전자파학회JEES (IF: 0.45)
--------------------------------
[SVM 분류기를 이용한 비선형 FMCW 레이다 표적 인식]
   └ 학회: 한국전자파학회 (IF: 0.45)"
725,2022,전기전자공학,911631293,Md Foysal Haque,1,0.0293,0.052337999999999996,"[Severe Weather Traffic Scene Reconstruction using Inherent Augmented Style Encoding Adversarial Network]
   └ 학회: 한국정보기술학회 (IF: 0.56)"
726,2022,전기전자공학,661265685,정원식,2,0.0291,0.07461,"[MPEG CDVA 전역 특징 서술자 압축 방법]
   └ 학회: 한국방송·미디어공학회 (IF: 0.39)
--------------------------------
[물체탐색과 전경영상을 이용한 인공지능 멀티태스크 성능 비교]
   └ 학회: 한국방송·미디어공학회 (IF: 0.39)"
727,2022,전기전자공학,952102177,김상균,2,0.0291,0.07461,"[물체탐색과 전경영상을 이용한 인공지능 멀티태스크 성능 비교]
   └ 학회: 한국방송·미디어공학회 (IF: 0.39)
--------------------------------
[Mission Description Structure for Autonomous Collaboration of Media Things]
   └ 학회: 한국방송·미디어공학회 (IF: 0.39)"
728,2022,전기전자공학,1864180,정민혁,1,0.0291,0.07461,"[물체탐색과 전경영상을 이용한 인공지능 멀티태스크 성능 비교]
   └ 학회: 한국방송·미디어공학회 (IF: 0.39)"
729,2022,전기전자공학,569766136,이진영,1,0.0291,0.07461,"[물체탐색과 전경영상을 이용한 인공지능 멀티태스크 성능 비교]
   └ 학회: 한국방송·미디어공학회 (IF: 0.39)"
730,2022,전기전자공학,464587343,김철수,3,0.0289,0.0451,"[복합기능 차량기지내 정비선 수 최적화]
   └ 학회: 한국도시철도학회 (IF: 0.64)
--------------------------------
[교직류 겸용 전동차의 모진 보호에 관한 연구]
   └ 학회: 한국도시철도학회 (IF: 0.64)
--------------------------------
[도시철도차량 공기압축기의 유지보수 실감형 콘텐츠 기술 연구]
   └ 학회: 한국도시철도학회 (IF: 0.64)"
731,2022,전기전자공학,897466107,최대영,2,0.0287,0.051225,"[Diamond ArUco 마커를 이용한 드론 착륙 지점 3차원 좌표 추정 방법 연구]
   └ 학회: 한국정보기술학회 (IF: 0.56)
--------------------------------
[초소형 전기차용 8kW 슈퍼커패시터 배터리팩을 위한 급속충전기 개발]
   └ 학회: 한국정보기술학회 (IF: 0.56)"
732,2022,전기전자공학,408890,박양재,1,0.0287,0.05122499999999999,"[실시간 객체 감지 기술로 다중 바코드와 QR코드 인식 시스템 설계]
   └ 학회: 한국정보기술학회 (IF: 0.56)"
733,2022,전기전자공학,279224674,백승현,1,0.0287,0.051225,"[Diamond ArUco 마커를 이용한 드론 착륙 지점 3차원 좌표 추정 방법 연구]
   └ 학회: 한국정보기술학회 (IF: 0.56)"
734,2022,전기전자공학,953020146,유종호,1,0.0287,0.051225,"[Diamond ArUco 마커를 이용한 드론 착륙 지점 3차원 좌표 추정 방법 연구]
   └ 학회: 한국정보기술학회 (IF: 0.56)"
735,2022,전기전자공학,457930131,김태환,1,0.0287,0.051225,"[Diamond ArUco 마커를 이용한 드론 착륙 지점 3차원 좌표 추정 방법 연구]
   └ 학회: 한국정보기술학회 (IF: 0.56)"
736,2022,전기전자공학,355056575,한영신,3,0.0282,0.043429999999999996,"[비전공자 대상 SW/AI 기초 교양 교육을 위한 ARCS-DEVS 모델 기반의 프로그래밍 학습방법 연구]
   └ 학회: 한국멀티미디어학회 (IF: 0.65)
--------------------------------
[무인비행체의 유사시 대안 경로 선택을 위한 DEVS 기반 디지털 트윈 시뮬레이션 환경 모델링]
   └ 학회: 한국멀티미디어학회 (IF: 0.65)
--------------------------------
[DEVS 형식론을 이용한 PBL과 과정중심 피드백 기반 SW/AI 교육 프로세스 모델 개발]
   └ 학회: 한국멀티미디어학회 (IF: 0.65)"
737,2022,전기전자공학,446757670,이순빈,3,0.0282,0.072384,"[6DoF 몰입형 비디오 스트리밍을 위한 그룹 분할 기반 적응적 렌더링 기법]
   └ 학회: 한국방송·미디어공학회 (IF: 0.39)
--------------------------------
[MPEG 몰입형 비디오 기반 6DoF 영상 스트리밍 성능 분석]
   └ 학회: 한국방송·미디어공학회 (IF: 0.39)
--------------------------------
[MPEG 몰입형 비디오를 위한 Geometry Packing 구현]
   └ 학회: 한국방송·미디어공학회 (IF: 0.39)"
738,2022,전기전자공학,146273339,정종범,3,0.0282,0.072384,"[6DoF 몰입형 비디오 스트리밍을 위한 그룹 분할 기반 적응적 렌더링 기법]
   └ 학회: 한국방송·미디어공학회 (IF: 0.39)
--------------------------------
[MPEG 몰입형 비디오 기반 6DoF 영상 스트리밍 성능 분석]
   └ 학회: 한국방송·미디어공학회 (IF: 0.39)
--------------------------------
[MPEG 몰입형 비디오를 위한 Geometry Packing 구현]
   └ 학회: 한국방송·미디어공학회 (IF: 0.39)"
739,2022,전기전자공학,174081797,정상원,2,0.0282,0.043429999999999996,"[무인비행체의 유사시 대안 경로 선택을 위한 DEVS 기반 디지털 트윈 시뮬레이션 환경 모델링]
   └ 학회: 한국멀티미디어학회 (IF: 0.65)
--------------------------------
[DEVS 형식론을 이용한 PBL과 과정중심 피드백 기반 SW/AI 교육 프로세스 모델 개발]
   └ 학회: 한국멀티미디어학회 (IF: 0.65)"
740,2022,전기전자공학,798089788,노영단,2,0.0282,0.043429999999999996,"[무인비행체의 유사시 대안 경로 선택을 위한 DEVS 기반 디지털 트윈 시뮬레이션 환경 모델링]
   └ 학회: 한국멀티미디어학회 (IF: 0.65)
--------------------------------
[DEVS 형식론을 이용한 PBL과 과정중심 피드백 기반 SW/AI 교육 프로세스 모델 개발]
   └ 학회: 한국멀티미디어학회 (IF: 0.65)"
741,2022,전기전자공학,642209829,권보승,1,0.0282,0.043429999999999996,"[무인비행체의 유사시 대안 경로 선택을 위한 DEVS 기반 디지털 트윈 시뮬레이션 환경 모델링]
   └ 학회: 한국멀티미디어학회 (IF: 0.65)"
742,2022,전기전자공학,816973510,이종식,1,0.0282,0.043429999999999996,"[무인비행체의 유사시 대안 경로 선택을 위한 DEVS 기반 디지털 트윈 시뮬레이션 환경 모델링]
   └ 학회: 한국멀티미디어학회 (IF: 0.65)"
743,2022,전기전자공학,376701380,Rui-Xia Shi,1,0.0281,0.055122,"[A New Bank-card Number Identification Algorithm Based on Convolutional Deep Learning Neural Network]
   └ 학회: 국제인공지능학회 (IF: 0.51)"
744,2022,전기전자공학,655731600,Dong-Gyu Jeong,1,0.0281,0.055122,"[A New Bank-card Number Identification Algorithm Based on Convolutional Deep Learning Neural Network]
   └ 학회: 국제인공지능학회 (IF: 0.51)"
745,2022,전기전자공학,521266975,"Sang Hyun, Kim",1,0.0281,0.055122,"[Comparison of Performance According to Preprocessing Methods in Estimating %IMF of Hanwoo Using CNN in Ultrasound Images]
   └ 학회: 국제인공지능학회 (IF: 0.51)"
746,2022,전기전자공학,186815938,백주훈,2,0.028,0.075724,"[외란관측기와 모델 예측 제어를 이용한 로봇팔의 하이브리드 위치-힘 제어]
   └ 학회: 대한전기학회 (IF: 0.37)
--------------------------------
[탄소 중립을 위한 스마트 빌딩과 디지털 트윈 기술 동향]
   └ 학회: 대한전기학회 (IF: 0.37)"
747,2022,전기전자공학,686649945,이의진,1,0.028,0.075724,"[탄소 중립을 위한 스마트 빌딩과 디지털 트윈 기술 동향]
   └ 학회: 대한전기학회 (IF: 0.37)"
748,2022,전기전자공학,828870376,김홍주,1,0.028,0.075724,"[탄소 중립을 위한 스마트 빌딩과 디지털 트윈 기술 동향]
   └ 학회: 대한전기학회 (IF: 0.37)"
749,2022,전기전자공학,486236609,정종진,1,0.028,0.075724,"[탄소 중립을 위한 스마트 빌딩과 디지털 트윈 기술 동향]
   └ 학회: 대한전기학회 (IF: 0.37)"
750,2022,전기전자공학,231401333,고영진,1,0.0279,0.032851,"[전류 Raw-data 기반 UAV 프로펠러 진단 연구]
   └ 학회: 제어로봇시스템학회 (IF: 0.85)"
751,2022,전기전자공학,631415991,김지선,1,0.0279,0.032851,"[전류 Raw-data 기반 UAV 프로펠러 진단 연구]
   └ 학회: 제어로봇시스템학회 (IF: 0.85)"
752,2022,전기전자공학,875080719,이범,1,0.0279,0.032851,"[전류 Raw-data 기반 UAV 프로펠러 진단 연구]
   └ 학회: 제어로봇시스템학회 (IF: 0.85)"
753,2022,전기전자공학,888872536,김경민,1,0.0279,0.032851,"[전류 Raw-data 기반 UAV 프로펠러 진단 연구]
   └ 학회: 제어로봇시스템학회 (IF: 0.85)"
754,2022,전기전자공학,197724956,Nga Pham,1,0.0278,0.054566,"[Applying advanced machine learning techniques in the early prediction of graduate ability of university students]
   └ 학회: 국제인공지능학회 (IF: 0.51)"
755,2022,전기전자공학,652932349,Pham Van Tiep,1,0.0278,0.054566,"[Applying advanced machine learning techniques in the early prediction of graduate ability of university students]
   └ 학회: 국제인공지능학회 (IF: 0.51)"
756,2022,전기전자공학,496119743,Tran Thu Trang,1,0.0278,0.054566,"[Applying advanced machine learning techniques in the early prediction of graduate ability of university students]
   └ 학회: 국제인공지능학회 (IF: 0.51)"
757,2022,전기전자공학,435602353,Hoai-Nam Nguyen,1,0.0278,0.054566,"[Applying advanced machine learning techniques in the early prediction of graduate ability of university students]
   └ 학회: 국제인공지능학회 (IF: 0.51)"
758,2022,전기전자공학,998782694,Ha-Nam Nguyen,1,0.0278,0.054566,"[Applying advanced machine learning techniques in the early prediction of graduate ability of university students]
   └ 학회: 국제인공지능학회 (IF: 0.51)"
759,2022,전기전자공학,344221191,이다주,3,0.0273,0.060690999999999995,"[넓은 입력 전력 및 주파수 범위 특성을 갖는 정합된 전압 체배기 기반 고효율 정류기]
   └ 학회: 한국전자파학회 (IF: 0.45)
--------------------------------
[전송 선로 트랜스포머 기반 넓은 입력 전력 및 광대역 특성을 갖는 고효율 정류기]
   └ 학회: 한국전자파학회 (IF: 0.45)
--------------------------------
[가변 전력 분배 기반 다중 모드 고효율 정류기 배열]
   └ 학회: 한국전자파학회 (IF: 0.45)"
760,2022,전기전자공학,199578909,고광은,1,0.0273,0.047884,"[식사보조로봇을 위한 인공지능 기술 동향]
   └ 학회: 한국로봇학회 (IF: 0.57)"
761,2022,전기전자공학,650160889,한성일,1,0.0271,0.059019999999999996,"[AI 엣지 디바이스를 이용한 스마트 팩토리 시스템 설계]
   └ 학회: 한국정보전자통신기술학회 (IF: 0.46)"
762,2022,전기전자공학,435009834,한지환,1,0.0271,0.059019999999999996,"[AI 엣지 디바이스를 이용한 스마트 팩토리 시스템 설계]
   └ 학회: 한국정보전자통신기술학회 (IF: 0.46)"
763,2022,전기전자공학,119013566,신한재,1,0.0271,0.059019999999999996,"[AI 엣지 디바이스를 이용한 스마트 팩토리 시스템 설계]
   └ 학회: 한국정보전자통신기술학회 (IF: 0.46)"
764,2022,전기전자공학,553551087,김영준,1,0.027,0.072939,"[스펙트로그램을 이용한 기계의 이상상태 탐지 모델]
   └ 학회: 대한전기학회 (IF: 0.37)"
765,2022,전기전자공학,741728128,이석필,1,0.027,0.072939,"[스펙트로그램을 이용한 기계의 이상상태 탐지 모델]
   └ 학회: 대한전기학회 (IF: 0.37)"
766,2022,전기전자공학,412915217,이대웅,2,0.0269,0.048998,"[게임의 테스트 프로세스에 따른 전문가 검토 및 분석 -밸런스 테스트를 중심으로-]
   └ 학회: 한국정보통신학회 (IF: 0.55)
--------------------------------
[메타버스 콘텐츠의 재미 요소 분류]
   └ 학회: 한국정보통신학회 (IF: 0.55)"
767,2022,전기전자공학,485152451,이준석,1,0.0269,0.048998,"[메타버스 콘텐츠의 재미 요소 분류]
   └ 학회: 한국정보통신학회 (IF: 0.55)"
768,2022,전기전자공학,451790431,박소희,3,0.0268,0.047884,"[학생 친화적인 교육용 스크럼 프레임워크]
   └ 학회: 한국정보기술학회 (IF: 0.56)
--------------------------------
[학생 친화적인 교육용 스크럼 프레임워크]
   └ 학회: 한국정보기술학회 (IF: 0.56)
--------------------------------
[기계학습을 이용한 오픈소스 생존 가능성 예측]
   └ 학회: 한국정보기술학회 (IF: 0.56)"
769,2022,전기전자공학,718465714,강의진,2,0.0268,0.047884,"[원격탐사 영상의 안개제거 알고리즘을 위한 안개 합성 영상 생성 방법]
   └ 학회: 한국정보기술학회 (IF: 0.56)
--------------------------------
[Bayes Classifier 기반 중요 객체 검출(SOD) 알고리즘]
   └ 학회: 한국정보기술학회 (IF: 0.56)"
770,2022,전기전자공학,557955846,강정윤,1,0.0268,0.047884,"[의료시설의 접근성이 노인 인구 증가에 미치는 영향 연구: 회귀분석과 머신러닝기법을 활용한 실증분석]
   └ 학회: 한국정보기술학회 (IF: 0.56)"
771,2022,전기전자공학,526331650,조예성,1,0.0268,0.047884,"[기계학습 기반 자동차 램프 내열 온도 예측 시스템]
   └ 학회: 한국정보기술학회 (IF: 0.56)"
772,2022,전기전자공학,924130081,김성섭,1,0.0268,0.047884,"[기계학습 기반 자동차 램프 내열 온도 예측 시스템]
   └ 학회: 한국정보기술학회 (IF: 0.56)"
773,2022,전기전자공학,719038212,전종석,1,0.0268,0.047884,"[기계학습 기반 자동차 램프 내열 온도 예측 시스템]
   └ 학회: 한국정보기술학회 (IF: 0.56)"
774,2022,전기전자공학,793112460,김영완,1,0.0268,0.047884,"[기계학습 기반 자동차 램프 내열 온도 예측 시스템]
   └ 학회: 한국정보기술학회 (IF: 0.56)"
775,2022,전기전자공학,150177831,김명수,1,0.0268,0.047884,"[기계학습 기반 자동차 램프 내열 온도 예측 시스템]
   └ 학회: 한국정보기술학회 (IF: 0.56)"
776,2022,전기전자공학,256592443,최혜봉,1,0.0268,0.047884,"[기계학습 기반 자동차 램프 내열 온도 예측 시스템]
   └ 학회: 한국정보기술학회 (IF: 0.56)"
777,2022,전기전자공학,289669907,박필원,1,0.0268,0.047884,"[German Credit Risk 데이터를 사용한 머신러닝 모델의 단계별 요소들이 AI 모델의 성능에 미치는 영향 분석]
   └ 학회: 한국정보기술학회 (IF: 0.56)"
778,2022,전기전자공학,637711194,권령구,1,0.0268,0.047884,"[기계학습을 이용한 오픈소스 생존 가능성 예측]
   └ 학회: 한국정보기술학회 (IF: 0.56)"
779,2022,전기전자공학,803702232,이승호,3,0.0266,0.048442,"[양방향 코딩 교육을 위한 메타버스 활용 방안]
   └ 학회: 한국정보통신학회 (IF: 0.55)
--------------------------------
[눈깜빡임 패턴에 기반한 십진 패스워드 입력 방법]
   └ 학회: 한국정보통신학회 (IF: 0.55)
--------------------------------
[컨볼루션 오토인코더를 이용한 마스크 착용 얼굴 이미지 생성]
   └ 학회: 한국정보통신학회 (IF: 0.55)"
780,2022,전기전자공학,225161714,김도훈,4,0.0265,0.047328,"[불법 촬영 영상의 원본 및 조작 영상을 보유한 용의자의 유포 목적성 분석연구]
   └ 학회: 한국정보기술학회 (IF: 0.56)
--------------------------------
[사이버-전자 위협에 대한 드론 전투피해효과 모의 분석]
   └ 학회: 한국정보기술학회 (IF: 0.56)
--------------------------------
[차세대 국방 디지털 보안을 위한 사이버 기만 기술의 활용]
   └ 학회: 한국정보기술학회 (IF: 0.56)
--------------------------------
[MTD를 활용한 허니시스템 능동방어전략 구축 방안 연구]
   └ 학회: 한국정보기술학회 (IF: 0.56)"
781,2022,전기전자공학,2264224,이용환,3,0.0265,0.047327,"[TDR 센서 기반 수위 측정 시스템 구현]
   └ 학회: 한국정보기술학회 (IF: 0.56)
--------------------------------
[문자 데이터 입력을 위한 스마트 장갑 시스템의 연구]
   └ 학회: 한국정보기술학회 (IF: 0.56)
--------------------------------
[Memory Controller for 1Gb LPDDR2 Memory Initialization Sequence]
   └ 학회: 한국정보기술학회 (IF: 0.56)"
782,2022,전기전자공학,815804783,서상,1,0.0265,0.047328,"[차세대 국방 디지털 보안을 위한 사이버 기만 기술의 활용]
   └ 학회: 한국정보기술학회 (IF: 0.56)"
783,2022,전기전자공학,434067331,이선호,1,0.0265,0.047328,"[차세대 국방 디지털 보안을 위한 사이버 기만 기술의 활용]
   └ 학회: 한국정보기술학회 (IF: 0.56)"
784,2022,전기전자공학,769931224,문해은,1,0.0265,0.047328,"[차세대 국방 디지털 보안을 위한 사이버 기만 기술의 활용]
   └ 학회: 한국정보기술학회 (IF: 0.56)"
785,2022,전기전자공학,799362727,김병진,1,0.0265,0.047328,"[차세대 국방 디지털 보안을 위한 사이버 기만 기술의 활용]
   └ 학회: 한국정보기술학회 (IF: 0.56)"
786,2022,전기전자공학,740887578,이재연,1,0.0265,0.047328,"[차세대 국방 디지털 보안을 위한 사이버 기만 기술의 활용]
   └ 학회: 한국정보기술학회 (IF: 0.56)"
787,2022,전기전자공학,358104741,전해인,1,0.0263,0.046214,"[표정 피드백을 이용한 딥강화학습 기반 협력로봇 개발]
   └ 학회: 한국로봇학회(논문지) (IF: 0.57)"
788,2022,전기전자공학,439848564,강정훈,1,0.0263,0.046214,"[표정 피드백을 이용한 딥강화학습 기반 협력로봇 개발]
   └ 학회: 한국로봇학회(논문지) (IF: 0.57)"
789,2022,전기전자공학,753021404,강보영,1,0.0263,0.046214,"[표정 피드백을 이용한 딥강화학습 기반 협력로봇 개발]
   └ 학회: 한국로봇학회(논문지) (IF: 0.57)"
790,2022,전기전자공학,572274143,여태건우,1,0.0263,0.047884,"[주가 예측 모델에서의 분할 예측을 통한 성능향상 탐구]
   └ 학회: 한국정보통신학회 (IF: 0.55)"
791,2022,전기전자공학,142298251,유도희,1,0.0263,0.047884,"[주가 예측 모델에서의 분할 예측을 통한 성능향상 탐구]
   └ 학회: 한국정보통신학회 (IF: 0.55)"
792,2022,전기전자공학,832763708,남정원,1,0.0263,0.047884,"[주가 예측 모델에서의 분할 예측을 통한 성능향상 탐구]
   └ 학회: 한국정보통신학회 (IF: 0.55)"
793,2022,전기전자공학,303733971,강유성,1,0.0263,0.047884,"[의료 산업에 있어 현대인의 비대면 의학 상담에 대한 관심도 분석 기법]
   └ 학회: 한국정보통신학회 (IF: 0.55)"
794,2022,전기전자공학,5448082,박종훈,1,0.0263,0.047884,"[의료 산업에 있어 현대인의 비대면 의학 상담에 대한 관심도 분석 기법]
   └ 학회: 한국정보통신학회 (IF: 0.55)"
795,2022,전기전자공학,361542677,이세욱,1,0.0263,0.047884,"[의료 산업에 있어 현대인의 비대면 의학 상담에 대한 관심도 분석 기법]
   └ 학회: 한국정보통신학회 (IF: 0.55)"
796,2022,전기전자공학,595736382,김영준,1,0.0263,0.047884,"[URL 주요특징을 고려한 악성URL 머신러닝 탐지모델 개발]
   └ 학회: 한국정보통신학회 (IF: 0.55)"
797,2022,전기전자공학,418521,배인한,1,0.0261,0.04009,"[사물인터넷에서 분산 발행/구독 구조를 위한 하이퍼큐브 격자 쿼럼의 설계 및 응용]
   └ 학회: 한국멀티미디어학회 (IF: 0.65)"
798,2022,전기전자공학,541016715,이영재,1,0.0259,0.046214,"[가상과 현실의 공존공간에서 인간 감정정보와 신체정보를 이용한 인공지능 몰입증강 기술]
   └ 학회: 한국정보기술학회 (IF: 0.56)"
799,2022,전기전자공학,976542772,김형원,2,0.0257,0.04677,"[모바일 디바이스를 위한 소형 CNN 가속기의 마이크로코드 기반 컨트롤러]
   └ 학회: 한국정보통신학회 (IF: 0.55)
--------------------------------
[멀티 테스크 CNN의 경량화 모델을 이용한 차량 및 차선의 동시 검출]
   └ 학회: 한국정보통신학회 (IF: 0.55)"
800,2022,전기전자공학,505018372,김재정,2,0.0254,0.046214,"[이동통신 시스템에서 인공지능을 이용한 경로 손실 예측 및 기지국 지형 구분 방법]
   └ 학회: 한국정보통신학회 (IF: 0.55)
--------------------------------
[인공지능과 자율운용 기술을 이용한 긴급형 이동통신 기지국 자율 설정 및 최적화]
   └ 학회: 한국정보통신학회 (IF: 0.55)"
801,2022,전기전자공학,220898636,이희준,2,0.0254,0.046214,"[이동통신 시스템에서 인공지능을 이용한 경로 손실 예측 및 기지국 지형 구분 방법]
   └ 학회: 한국정보통신학회 (IF: 0.55)
--------------------------------
[인공지능과 자율운용 기술을 이용한 긴급형 이동통신 기지국 자율 설정 및 최적화]
   └ 학회: 한국정보통신학회 (IF: 0.55)"
802,2022,전기전자공학,605802149,지승환,2,0.0254,0.046214,"[이동통신 시스템에서 인공지능을 이용한 경로 손실 예측 및 기지국 지형 구분 방법]
   └ 학회: 한국정보통신학회 (IF: 0.55)
--------------------------------
[인공지능과 자율운용 기술을 이용한 긴급형 이동통신 기지국 자율 설정 및 최적화]
   └ 학회: 한국정보통신학회 (IF: 0.55)"
803,2022,전기전자공학,407276682,김의정,1,0.0254,0.046214,"[Haar Cascade 결괏값 선별 알고리즘을 통한 마스크 착용 여부와 발열 체크]
   └ 학회: 한국정보통신학회 (IF: 0.55)"
804,2022,전기전자공학,5108747,양범석,1,0.0254,0.046214,"[인공지능을 활용한 도주경로 예측 및 추적 시스템]
   └ 학회: 한국정보통신학회 (IF: 0.55)"
805,2022,전기전자공학,438345726,Sung Jung Yong,1,0.0254,0.046214,"[Automatic Generation of Video Metadata for the Super-personalized Recommendation of Media]
   └ 학회: 한국정보통신학회JICCE (IF: 0.55)"
806,2022,전기전자공학,998378724,Hyogyeong Park,1,0.0254,0.046214,"[Automatic Generation of Video Metadata for the Super-personalized Recommendation of Media]
   └ 학회: 한국정보통신학회JICCE (IF: 0.55)"
807,2022,전기전자공학,535104512,Yeon Hwi You,1,0.0254,0.046214,"[Automatic Generation of Video Metadata for the Super-personalized Recommendation of Media]
   └ 학회: 한국정보통신학회JICCE (IF: 0.55)"
808,2022,전기전자공학,136607412,Il-Young Moon,1,0.0254,0.046214,"[Automatic Generation of Video Metadata for the Super-personalized Recommendation of Media]
   └ 학회: 한국정보통신학회JICCE (IF: 0.55)"
809,2022,전기전자공학,660853853,김중헌,1,0.0254,0.06514500000000001,"[심층 강화 학습 기술 동향]
   └ 학회: 한국방송·미디어공학회 (IF: 0.39)"
810,2022,전기전자공학,899429971,김종훈,5,0.0253,0.054566,"[리튬이온 배터리의 랜덤 포레스트 기반 잔여 용량 추정 및 중요 전압 구간 선정 연구]
   └ 학회: 제어로봇시스템학회 (IF: 0.85)
--------------------------------
[배터리 상태 진단을 위한 인공지능 기술 연구 동향]
   └ 학회: 전력전자학회 (IF: 0.41)
--------------------------------
[직렬저항/퍼지로직 기반 배터리 선별 그룹 내 정량적 우선순위 비교 및 선정]
   └ 학회: 전력전자학회 (IF: 0.41)
--------------------------------
[시계열 모델 기반의 계절성에 특화된 S-ARIMA 모델을 사용한 리튬이온 배터리의 노화 예측 및 분석]
   └ 학회: 전력전자학회 (IF: 0.41)
--------------------------------
[Cascode GaN FET 기반 EV용 V2x DAB 컨버터의 경부하 효율 분석]
   └ 학회: 대한전기학회 (IF: 0.37)"
811,2022,전기전자공학,909987515,조성욱,2,0.0253,0.049554999999999995,"[가중치 합산 기반 안면인식 특징점 저장 알고리즘 연구]
   └ 학회: 국제인공지능학회 (IF: 0.51)
--------------------------------
[실시간 코로나19 확진자 웹 모니터링 시스템에 대한 연구]
   └ 학회: 국제인공지능학회 (IF: 0.51)"
812,2022,전기전자공학,255472228,유영균,2,0.0253,0.049554999999999995,"[가중치 합산 기반 안면인식 특징점 저장 알고리즘 연구]
   └ 학회: 국제인공지능학회 (IF: 0.51)
--------------------------------
[실시간 코로나19 확진자 웹 모니터링 시스템에 대한 연구]
   └ 학회: 국제인공지능학회 (IF: 0.51)"
813,2022,전기전자공학,250454185,김영곤,3,0.025,0.048999,"[Lab-View 기반의 사용자 편의성을 위한 다작물 스마트팜 관리 시스템 개발]
   └ 학회: 국제인공지능학회 (IF: 0.51)
--------------------------------
[엣지컴퓨팅을 활용한 분산처리 시스템의 가용성 향상에 관한 연구]
   └ 학회: 국제인공지능학회 (IF: 0.51)
--------------------------------
[지능형 IoT를 융합한 장비 운용 시스템의 예지 보전을 위한 연구]
   └ 학회: 국제인공지능학회 (IF: 0.51)"
814,2022,전기전자공학,472429996,Geun-Ho Park,1,0.0248,0.055122,"[Convolutional Neural Network-Based Target Detector Using Maxpooling and Hadamard Division Layers in FM-Band Passive Coherent Location]
   └ 학회: 한국전자파학회JEES (IF: 0.45)"
815,2022,전기전자공학,941663660,Ji Hun Park,1,0.0248,0.055122,"[Convolutional Neural Network-Based Target Detector Using Maxpooling and Hadamard Division Layers in FM-Band Passive Coherent Location]
   └ 학회: 한국전자파학회JEES (IF: 0.45)"
816,2022,전기전자공학,802498208,전민욱,1,0.0248,0.055122,"[Convolutional Neural Network-Based Target Detector Using Maxpooling and Hadamard Division Layers in FM-Band Passive Coherent Location]
   └ 학회: 한국전자파학회JEES (IF: 0.45)"
817,2022,전기전자공학,556099886,Hai Le,1,0.0248,0.055122,"[Dop-DenseNet: Densely Convolutional Neural Network-Based Gesture Recognition Using a Micro-Doppler Radar]
   └ 학회: 한국전자파학회JEES (IF: 0.45)"
818,2022,전기전자공학,245203374,Van-Phuc Hoang,1,0.0248,0.055122,"[Dop-DenseNet: Densely Convolutional Neural Network-Based Gesture Recognition Using a Micro-Doppler Radar]
   └ 학회: 한국전자파학회JEES (IF: 0.45)"
819,2022,전기전자공학,333216622,Van Sang Doan,1,0.0248,0.055122,"[Dop-DenseNet: Densely Convolutional Neural Network-Based Gesture Recognition Using a Micro-Doppler Radar]
   └ 학회: 한국전자파학회JEES (IF: 0.45)"
820,2022,전기전자공학,579680810,Dai Phong Le,1,0.0248,0.055122,"[Dop-DenseNet: Densely Convolutional Neural Network-Based Gesture Recognition Using a Micro-Doppler Radar]
   └ 학회: 한국전자파학회JEES (IF: 0.45)"
821,2022,전기전자공학,861025869,Kai Lu,2,0.0246,0.037862,"[Research on The Educational Cour seware Based on VR Content]
   └ 학회: 한국멀티미디어학회 (IF: 0.65)
--------------------------------
[Research on Improving Memory of VR Game based on Visual Thinking]
   └ 학회: 한국멀티미디어학회 (IF: 0.65)"
822,2022,전기전자공학,738265490,박민재,1,0.0246,0.028953,"[이동형 로봇의 자율주행을 위한 Hindsight Experience Replay 기반 심층강화학습]
   └ 학회: 제어로봇시스템학회 (IF: 0.85)"
823,2022,전기전자공학,919486958,홍진석,1,0.0246,0.028953,"[이동형 로봇의 자율주행을 위한 Hindsight Experience Replay 기반 심층강화학습]
   └ 학회: 제어로봇시스템학회 (IF: 0.85)"
824,2022,전기전자공학,829850882,권남규,1,0.0246,0.028953,"[이동형 로봇의 자율주행을 위한 Hindsight Experience Replay 기반 심층강화학습]
   └ 학회: 제어로봇시스템학회 (IF: 0.85)"
825,2022,전기전자공학,121489134,김인아,1,0.0245,0.044544,"[맵리듀스 기반 대량 RDF 데이터셋 압축 변환 및 저장 방법]
   └ 학회: 한국정보통신학회 (IF: 0.55)"
826,2022,전기전자공학,756173777,이경하,1,0.0245,0.044544,"[맵리듀스 기반 대량 RDF 데이터셋 압축 변환 및 저장 방법]
   └ 학회: 한국정보통신학회 (IF: 0.55)"
827,2022,전기전자공학,893614233,이규철,1,0.0245,0.044544,"[맵리듀스 기반 대량 RDF 데이터셋 압축 변환 및 저장 방법]
   └ 학회: 한국정보통신학회 (IF: 0.55)"
828,2022,전기전자공학,452702268,왕태수,1,0.0245,0.044544,"[효과적인 데이터 수집을 위한 웹 크롤러 개선 및 동적 프로세스 설계 및 구현]
   └ 학회: 한국정보통신학회 (IF: 0.55)"
829,2022,전기전자공학,360258307,송재백,1,0.0245,0.044544,"[효과적인 데이터 수집을 위한 웹 크롤러 개선 및 동적 프로세스 설계 및 구현]
   └ 학회: 한국정보통신학회 (IF: 0.55)"
830,2022,전기전자공학,5188995,손다연,1,0.0245,0.044544,"[효과적인 데이터 수집을 위한 웹 크롤러 개선 및 동적 프로세스 설계 및 구현]
   └ 학회: 한국정보통신학회 (IF: 0.55)"
831,2022,전기전자공학,382287935,김민영,1,0.0245,0.044544,"[효과적인 데이터 수집을 위한 웹 크롤러 개선 및 동적 프로세스 설계 및 구현]
   └ 학회: 한국정보통신학회 (IF: 0.55)"
832,2022,전기전자공학,810396930,최동규,1,0.0245,0.044544,"[효과적인 데이터 수집을 위한 웹 크롤러 개선 및 동적 프로세스 설계 및 구현]
   └ 학회: 한국정보통신학회 (IF: 0.55)"
833,2022,전기전자공학,840819035,Seung-Jae Kim(s),1,0.0244,0.047884,"[A Study on the Classification of Variables Affecting Smartphone Addiction in Decision Tree Environment Using Python Program]
   └ 학회: 국제인공지능학회 (IF: 0.51)"
834,2022,전기전자공학,332453664,Yong Jun Kim,1,0.0244,0.047884,"[A study of creative human judgment through the application of machine learning algorithms and feature selection algorithms]
   └ 학회: 국제인공지능학회 (IF: 0.51)"
835,2022,전기전자공학,353683327,박정민Jung Min Park,1,0.0244,0.047884,"[A study of creative human judgment through the application of machine learning algorithms and feature selection algorithms]
   └ 학회: 국제인공지능학회 (IF: 0.51)"
836,2022,전기전자공학,803481565,"Kim, Seung Jae",1,0.0244,0.047884,"[A Study on Prediction of Linear Relations Between Variables According to Working Characteristics Using Correlation Analysis]
   └ 학회: 국제인공지능학회 (IF: 0.51)"
837,2022,전기전자공학,128422348,강수명,1,0.0242,0.037305,"[Knowledge Distillation 계층 변화에 따른 Anchor Free 물체 검출 Continual Learning]
   └ 학회: 한국멀티미디어학회 (IF: 0.65)"
838,2022,전기전자공학,329723623,정대원,1,0.0242,0.037305,"[Knowledge Distillation 계층 변화에 따른 Anchor Free 물체 검출 Continual Learning]
   └ 학회: 한국멀티미디어학회 (IF: 0.65)"
839,2022,전기전자공학,301496699,이준재,1,0.0242,0.037305,"[Knowledge Distillation 계층 변화에 따른 Anchor Free 물체 검출 Continual Learning]
   └ 학회: 한국멀티미디어학회 (IF: 0.65)"
840,2022,전기전자공학,590364411,오차영,1,0.0238,0.051781999999999995,"[4D 이미징 레이더의 저밀도 PCD 데이터 군집화와 각 군집에 복셀 특징 추출 기법을 적용한 3D 객체 인식 기법]
   └ 학회: 한국정보전자통신기술학회 (IF: 0.46)"
841,2022,전기전자공학,494139413,권순재,1,0.0238,0.051781999999999995,"[4D 이미징 레이더의 저밀도 PCD 데이터 군집화와 각 군집에 복셀 특징 추출 기법을 적용한 3D 객체 인식 기법]
   └ 학회: 한국정보전자통신기술학회 (IF: 0.46)"
842,2022,전기전자공학,525188353,정현정,1,0.0238,0.051781999999999995,"[4D 이미징 레이더의 저밀도 PCD 데이터 군집화와 각 군집에 복셀 특징 추출 기법을 적용한 3D 객체 인식 기법]
   └ 학회: 한국정보전자통신기술학회 (IF: 0.46)"
843,2022,전기전자공학,569611575,정구민,1,0.0238,0.051781999999999995,"[4D 이미징 레이더의 저밀도 PCD 데이터 군집화와 각 군집에 복셀 특징 추출 기법을 적용한 3D 객체 인식 기법]
   └ 학회: 한국정보전자통신기술학회 (IF: 0.46)"
844,2022,전기전자공학,5119749,이원렬,1,0.0238,0.052895000000000005,"[SVM 분류기를 이용한 비선형 FMCW 레이다 표적 인식]
   └ 학회: 한국전자파학회 (IF: 0.45)"
845,2022,전기전자공학,281603620,홍하영,1,0.0238,0.052895000000000005,"[SVM 분류기를 이용한 비선형 FMCW 레이다 표적 인식]
   └ 학회: 한국전자파학회 (IF: 0.45)"
846,2022,전기전자공학,880977142,차한주,3,0.0237,0.064031,"[빠른 응답성을 갖는 가변속 DFIM 분석]
   └ 학회: 전력전자학회 (IF: 0.41)
--------------------------------
[수상태양광 접지방안 분석]
   └ 학회: 대한전기학회 (IF: 0.37)
--------------------------------
[순환신경망을 이용한 수상 태양광 발전량 예측]
   └ 학회: 대한전기학회 (IF: 0.37)"
847,2022,전기전자공학,491290826,조현식,3,0.0237,0.064031,"[수상태양광 접지방안 분석]
   └ 학회: 대한전기학회 (IF: 0.37)
--------------------------------
[그린수소 생산을 위한 소수력발전기반 수전해 연계방안]
   └ 학회: 대한전기학회 (IF: 0.37)
--------------------------------
[순환신경망을 이용한 수상 태양광 발전량 예측]
   └ 학회: 대한전기학회 (IF: 0.37)"
848,2022,전기전자공학,538383510,권오극,2,0.0237,0.064031,"[수상태양광 접지방안 분석]
   └ 학회: 대한전기학회 (IF: 0.37)
--------------------------------
[순환신경망을 이용한 수상 태양광 발전량 예측]
   └ 학회: 대한전기학회 (IF: 0.37)"
849,2022,전기전자공학,878510116,최수현,1,0.0237,0.064031,"[순환신경망을 이용한 수상 태양광 발전량 예측]
   └ 학회: 대한전기학회 (IF: 0.37)"
850,2022,전기전자공학,131248254,황철현,3,0.0236,0.042872999999999994,"[공공기술 사업화를 위한 CTGAN 기반 데이터 불균형 해소]
   └ 학회: 한국정보통신학회 (IF: 0.55)
--------------------------------
[객체 탐지를 활용한 근로자 충돌 안전관리 시스템]
   └ 학회: 한국정보통신학회 (IF: 0.55)
--------------------------------
[이상 데이터를 활용한 성과부진학생의 조기예측성능 향상]
   └ 학회: 한국정보통신학회 (IF: 0.55)"
851,2022,전기전자공학,336307102,Jeong Jin Kang,2,0.0236,0.046214,"[Array Antenna Design for Ku-Band Terminal of L.E.O Satellite Communication]
   └ 학회: 국제인공지능학회 (IF: 0.51)
--------------------------------
[The implementation of Network Layer in Smart Factory]
   └ 학회: 국제인공지능학회 (IF: 0.51)"
852,2022,전기전자공학,5214471,이태준,1,0.0236,0.042872999999999994,"[객체 탐지를 활용한 근로자 충돌 안전관리 시스템]
   └ 학회: 한국정보통신학회 (IF: 0.55)"
853,2022,전기전자공학,194890718,김성재,1,0.0236,0.042872999999999994,"[객체 탐지를 활용한 근로자 충돌 안전관리 시스템]
   └ 학회: 한국정보통신학회 (IF: 0.55)"
854,2022,전기전자공학,208165213,양재석,1,0.0236,0.046214,"[Perceptions of preservice teachers on AI chatbots in English education]
   └ 학회: 국제인공지능학회 (IF: 0.51)"
855,2022,전기전자공학,698987502,"Kim, Kyungsuk",1,0.0236,0.046214,"[Data mining and Copyright]
   └ 학회: 국제인공지능학회 (IF: 0.51)"
856,2022,전기전자공학,679946089,전상훈,1,0.0236,0.046214,"[러시아-우크라이나 전쟁에서 파악된 SNS 추천알고리즘의 필터버블 강화현상 분석]
   └ 학회: 국제인공지능학회 (IF: 0.51)"
857,2022,전기전자공학,984435243,최서연,1,0.0236,0.046214,"[러시아-우크라이나 전쟁에서 파악된 SNS 추천알고리즘의 필터버블 강화현상 분석]
   └ 학회: 국제인공지능학회 (IF: 0.51)"
858,2022,전기전자공학,399084964,김석균,1,0.0236,0.046214,"[공공데이터의 도메인 자동 판별 정확도 향상을 위한 정규표현식 및 접미사 적용 방법]
   └ 학회: 국제인공지능학회 (IF: 0.51)"
859,2022,전기전자공학,258922641,이관우,1,0.0236,0.046214,"[공공데이터의 도메인 자동 판별 정확도 향상을 위한 정규표현식 및 접미사 적용 방법]
   └ 학회: 국제인공지능학회 (IF: 0.51)"
860,2022,전기전자공학,763666981,조지연,1,0.0236,0.046214,"[AI 솔루션 기업 관점의 AI 바우처 지원사업 개선방안 연구]
   └ 학회: 국제인공지능학회 (IF: 0.51)"
861,2022,전기전자공학,741507608,송인국,1,0.0236,0.046214,"[AI 솔루션 기업 관점의 AI 바우처 지원사업 개선방안 연구]
   └ 학회: 국제인공지능학회 (IF: 0.51)"
862,2022,전기전자공학,935205231,신선영,1,0.0236,0.046214,"[인공지능 서비스 영향평가 추진방안에 대한 연구]
   └ 학회: 국제인공지능학회 (IF: 0.51)"
863,2022,전기전자공학,103661879,Seungyoung Ahn,4,0.0233,0.051782999999999996,"[Propulsion of a Magnetic Material-Applied Microrobot in a Tube Based on a Wireless Power Transfer System]
   └ 학회: 한국전자파학회JEES (IF: 0.45)
--------------------------------
[An Active Shielding Control Method for a Wireless Power Transfer System under Misalignment Conditions]
   └ 학회: 한국전자파학회JEES (IF: 0.45)
--------------------------------
[Sensor Coil System for Misalignment Detection and Information Transfer in Dynamic Wireless Power Transfer of Electric Vehicle]
   └ 학회: 한국전자파학회JEES (IF: 0.45)
--------------------------------
[Wireless Power Transfer-Based Microrobot with Magnetic Force Propulsion Considering Power Transfer Efficiency]
   └ 학회: 한국전자파학회JEES (IF: 0.45)"
864,2022,전기전자공학,635907887,신유준,3,0.0233,0.051782999999999996,"[양극성 자기장 커플러 구조를 가지는 무선전력전송 시스템의 누설 자기장 저감을 위한 페라이트 격벽 구조 설계]
   └ 학회: 한국전자파학회 (IF: 0.45)
--------------------------------
[무선전력전송 코일간의 전력전달 원리와 공진 토폴로지 선택 방법]
   └ 학회: 한국전자파학회 (IF: 0.45)
--------------------------------
[무선전력전송 시스템의 송신 코일의 전압 전류 위상차 분석을 통한 수신측 공진주파수 추출]
   └ 학회: 한국전자파학회 (IF: 0.45)"
865,2022,전기전자공학,453380717,안승영,3,0.0233,0.051782999999999996,"[양극성 자기장 커플러 구조를 가지는 무선전력전송 시스템의 누설 자기장 저감을 위한 페라이트 격벽 구조 설계]
   └ 학회: 한국전자파학회 (IF: 0.45)
--------------------------------
[무선전력전송 코일간의 전력전달 원리와 공진 토폴로지 선택 방법]
   └ 학회: 한국전자파학회 (IF: 0.45)
--------------------------------
[무선전력전송 시스템의 송신 코일의 전압 전류 위상차 분석을 통한 수신측 공진주파수 추출]
   └ 학회: 한국전자파학회 (IF: 0.45)"
866,2022,전기전자공학,788137789,이영섭,1,0.0233,0.062917,"[선화 자동채색모델 서빙을 위한 서비스 플랫폼]
   └ 학회: 대한전기학회 (IF: 0.37)"
867,2022,전기전자공학,142249920,이성진,1,0.0233,0.062917,"[선화 자동채색모델 서빙을 위한 서비스 플랫폼]
   └ 학회: 대한전기학회 (IF: 0.37)"
868,2022,전기전자공학,318843849,조숙희,1,0.023,0.05902,"[저화질 방송미디어의 고품질 변환 기술 개발 현황]
   └ 학회: 한국방송·미디어공학회 (IF: 0.39)"
869,2022,전기전자공학,796865953,라상중,1,0.023,0.05902,"[저화질 방송미디어의 고품질 변환 기술 개발 현황]
   └ 학회: 한국방송·미디어공학회 (IF: 0.39)"
870,2022,전기전자공학,858757988,임상국,2,0.0224,0.034522,"[스토리텔링 기반 실감형 게임콘텐츠의 몰입감 분석: VR게임을 중심으로]
   └ 학회: 한국멀티미디어학회 (IF: 0.65)
--------------------------------
[메타버스 환경에 적합한 게임 플랫폼과 디바이스 몰입요소 분석 -한·중·일 인기게임 비교를 통해서-]
   └ 학회: 한국멀티미디어학회 (IF: 0.65)"
871,2022,전기전자공학,420936760,곽광진,1,0.0221,0.043429999999999996,"[가중치 합산 기반 안면인식 특징점 저장 알고리즘 연구]
   └ 학회: 국제인공지능학회 (IF: 0.51)"
872,2022,전기전자공학,665548641,김능회,4,0.0218,0.039533,"[층간소음의 정확한 진원지 식별을 위한 SVM 기반의 진원지 인지 시스템]
   └ 학회: 한국정보기술학회 (IF: 0.56)
--------------------------------
[사용자 리뷰에서 표정 인식을 이용한 감정 표현 기법]
   └ 학회: 국제인공지능학회 (IF: 0.51)
--------------------------------
[공공데이터를 활용한 영농일지 작성 시스템]
   └ 학회: 국제인공지능학회 (IF: 0.51)
--------------------------------
[오픈 데이터를 이용한 사용자 리뷰 분석 방법]
   └ 학회: 국제인공지능학회 (IF: 0.51)"
873,2022,전기전자공학,254097,이성진,1,0.0217,0.033408,"[라즈베리파이를 활용한 블루투스 Smart Ready 구현 및 RSSI 오차 보정]
   └ 학회: 한국멀티미디어학회 (IF: 0.65)"
874,2022,전기전자공학,913093504,왕이,1,0.0217,0.033408,"[IoT 기반의 스마트 마스크 설계 및 구현]
   └ 학회: 한국멀티미디어학회 (IF: 0.65)"
875,2022,전기전자공학,115328930,김현기,1,0.0217,0.033408,"[IoT 기반의 스마트 마스크 설계 및 구현]
   └ 학회: 한국멀티미디어학회 (IF: 0.65)"
876,2022,전기전자공학,528264001,Ashraf Al Sharah,1,0.0217,0.039533,"[A Cooperative Smart Jamming Attack in Internet of Things Networks]
   └ 학회: 한국정보통신학회JICCE (IF: 0.55)"
877,2022,전기전자공학,302721263,Hamza Abu Owida,1,0.0217,0.039533,"[A Cooperative Smart Jamming Attack in Internet of Things Networks]
   └ 학회: 한국정보통신학회JICCE (IF: 0.55)"
878,2022,전기전자공학,918600932,Talal A. Edwan,1,0.0217,0.039533,"[A Cooperative Smart Jamming Attack in Internet of Things Networks]
   └ 학회: 한국정보통신학회JICCE (IF: 0.55)"
879,2022,전기전자공학,673016285,Feras Alnaimat,1,0.0217,0.039533,"[A Cooperative Smart Jamming Attack in Internet of Things Networks]
   └ 학회: 한국정보통신학회JICCE (IF: 0.55)"
880,2022,전기전자공학,690703188,양진홍,2,0.0215,0.04677,"[깊은 신경망 기반 객체 검출을 이용한 발전 설비 터빈 블레이드 이상 탐지]
   └ 학회: 한국정보전자통신기술학회 (IF: 0.46)
--------------------------------
[디지털 헬스케어 서비스의 데이터 컴플라이언스 방안에 관한 연구 - 개인정보 라이프사이클을 중심으로]
   └ 학회: 한국정보전자통신기술학회 (IF: 0.46)"
881,2022,전기전자공학,192618472,유종민,1,0.0215,0.04677,"[깊은 신경망 기반 객체 검출을 이용한 발전 설비 터빈 블레이드 이상 탐지]
   └ 학회: 한국정보전자통신기술학회 (IF: 0.46)"
882,2022,전기전자공학,112514660,이장원,1,0.0215,0.04677,"[깊은 신경망 기반 객체 검출을 이용한 발전 설비 터빈 블레이드 이상 탐지]
   └ 학회: 한국정보전자통신기술학회 (IF: 0.46)"
883,2022,전기전자공학,733182755,오현택,1,0.0215,0.04677,"[깊은 신경망 기반 객체 검출을 이용한 발전 설비 터빈 블레이드 이상 탐지]
   └ 학회: 한국정보전자통신기술학회 (IF: 0.46)"
884,2022,전기전자공학,634867243,박상기,1,0.0215,0.04677,"[깊은 신경망 기반 객체 검출을 이용한 발전 설비 터빈 블레이드 이상 탐지]
   └ 학회: 한국정보전자통신기술학회 (IF: 0.46)"
885,2022,전기전자공학,476633014,정종필,1,0.0215,0.047884,"[맞춤형 스마트제조를 위한 인공지능 기술]
   └ 학회: 한국전자파학회 (IF: 0.45)"
886,2022,전기전자공학,680046461,이삼영,1,0.0215,0.047884,"[Labeling Dataset을 활용한 Cycle GAN 기반 SAR 영상 색상화 방안 연구]
   └ 학회: 한국전자파학회 (IF: 0.45)"
887,2022,전기전자공학,184415671,정대원,1,0.0215,0.047884,"[Labeling Dataset을 활용한 Cycle GAN 기반 SAR 영상 색상화 방안 연구]
   └ 학회: 한국전자파학회 (IF: 0.45)"
888,2022,전기전자공학,264999743,문기화,1,0.0215,0.055122,"[문맥적응적 화면내 예측 모델 학습 및 부호화 성능분석]
   └ 학회: 한국방송·미디어공학회 (IF: 0.39)"
889,2022,전기전자공학,282719775,박도현,1,0.0215,0.055122,"[문맥적응적 화면내 예측 모델 학습 및 부호화 성능분석]
   └ 학회: 한국방송·미디어공학회 (IF: 0.39)"
890,2022,전기전자공학,426174,김재곤,1,0.0215,0.055122,"[문맥적응적 화면내 예측 모델 학습 및 부호화 성능분석]
   └ 학회: 한국방송·미디어공학회 (IF: 0.39)"
891,2022,전기전자공학,477433728,정혜선,1,0.0215,0.055122,"[VVC 화면 내 예측에서의 딥러닝 기반 예측 블록 개선을 통한 부호화 효율 향상 기법]
   └ 학회: 한국방송·미디어공학회 (IF: 0.39)"
892,2022,전기전자공학,183871362,강제원,1,0.0215,0.055122,"[VVC 화면 내 예측에서의 딥러닝 기반 예측 블록 개선을 통한 부호화 효율 향상 기법]
   └ 학회: 한국방송·미디어공학회 (IF: 0.39)"
893,2022,전기전자공학,109031064,Chun Kwan Park,1,0.0213,0.04176,"[The implementation of Network Layer in Smart Factory]
   └ 학회: 국제인공지능학회 (IF: 0.51)"
894,2022,전기전자공학,846652428,김선종,2,0.0209,0.037305,"[분할된 부분 윤곽선의 주파수 공간에서의 표현과 형상 정합]
   └ 학회: 한국정보기술학회 (IF: 0.56)
--------------------------------
[색상과 텍스처를 이용한 소고기 영상의 등급 분석]
   └ 학회: 한국정보기술학회 (IF: 0.56)"
895,2022,전기전자공학,2219041,이재만,1,0.0209,0.037305,"[분할된 부분 윤곽선의 주파수 공간에서의 표현과 형상 정합]
   └ 학회: 한국정보기술학회 (IF: 0.56)"
896,2022,전기전자공학,128197944,이동현,3,0.0208,0.024498,"[도심 환경에서 자가 앙상블 특징 보존 PointPillars를 이용한 라이다 기반 3차원 물체 검출]
   └ 학회: 제어로봇시스템학회 (IF: 0.85)
--------------------------------
[동적 장면에서의 차간 거리 보정을 위한 광학 흐름 기반 차량 자세 추정]
   └ 학회: 제어로봇시스템학회 (IF: 0.85)
--------------------------------
[카메라-IMU 센서 융합 기반 자세 추정을 통한 전방 객체 거리 정밀 보정]
   └ 학회: 제어로봇시스템학회 (IF: 0.85)"
897,2022,전기전자공학,959241807,김학일,3,0.0208,0.024498,"[도심 환경에서 자가 앙상블 특징 보존 PointPillars를 이용한 라이다 기반 3차원 물체 검출]
   └ 학회: 제어로봇시스템학회 (IF: 0.85)
--------------------------------
[동적 장면에서의 차간 거리 보정을 위한 광학 흐름 기반 차량 자세 추정]
   └ 학회: 제어로봇시스템학회 (IF: 0.85)
--------------------------------
[카메라-IMU 센서 융합 기반 자세 추정을 통한 전방 객체 거리 정밀 보정]
   └ 학회: 제어로봇시스템학회 (IF: 0.85)"
898,2022,전기전자공학,661247072,김지윤,1,0.0208,0.037862,"[VR 기반 선원 안전교육용 콘텐츠 개발]
   └ 학회: 한국정보통신학회 (IF: 0.55)"
899,2022,전기전자공학,687755414,정승섭,2,0.0207,0.032294,"[복합기능 차량기지내 정비선 수 최적화]
   └ 학회: 한국도시철도학회 (IF: 0.64)
--------------------------------
[교직류 겸용 전동차의 모진 보호에 관한 연구]
   └ 학회: 한국도시철도학회 (IF: 0.64)"
900,2022,전기전자공학,634780790,정인수,2,0.0207,0.032294,"[복합기능 차량기지내 정비선 수 최적화]
   └ 학회: 한국도시철도학회 (IF: 0.64)
--------------------------------
[교직류 겸용 전동차의 모진 보호에 관한 연구]
   └ 학회: 한국도시철도학회 (IF: 0.64)"
901,2022,전기전자공학,938515169,이영근,2,0.0207,0.032294,"[복합기능 차량기지내 정비선 수 최적화]
   └ 학회: 한국도시철도학회 (IF: 0.64)
--------------------------------
[교직류 겸용 전동차의 모진 보호에 관한 연구]
   └ 학회: 한국도시철도학회 (IF: 0.64)"
902,2022,전기전자공학,379702415,박종헌,1,0.0207,0.032294,"[도시철도 종단역 반복시간 최소화 알고리즘]
   └ 학회: 한국도시철도학회 (IF: 0.64)"
903,2022,전기전자공학,979618829,신현식,1,0.0205,0.037305,"[멀티 테스크 CNN의 경량화 모델을 이용한 차량 및 차선의 동시 검출]
   └ 학회: 한국정보통신학회 (IF: 0.55)"
904,2022,전기전자공학,332672274,홍상욱,1,0.0205,0.037305,"[멀티 테스크 CNN의 경량화 모델을 이용한 차량 및 차선의 동시 검출]
   └ 학회: 한국정보통신학회 (IF: 0.55)"
905,2022,전기전자공학,794565009,한수연,1,0.0205,0.037305,"[AI를 이용한 홈CCTV 영상의 반려묘 행동 패턴 분석 및 질병 예측 시스템 연구]
   └ 학회: 한국정보통신학회 (IF: 0.55)"
906,2022,전기전자공학,523457550,홍성준,2,0.0204,0.055122,"[Extended Siamese Convolutional Neural Networks for Discriminative Feature Learning]
   └ 학회: 한국지능시스템학회 (IF: 0.74)
--------------------------------
[합성곱 신경망을 이용한 지문자 수어 분류 모델 설계]
   └ 학회: 대한전기학회 (IF: 0.37)"
907,2022,전기전자공학,510952676,김영근,2,0.0204,0.055122,"[변전소 불량애자 검출을 위한 드론 EO/IR 영상 기반의 경량화 객체탐지 모델 응용 연구]
   └ 학회: 대한전기학회 (IF: 0.37)
--------------------------------
[볼 베어링 고장진단 기법 비교 및 XAI Grad-CAM을 이용한 분류결과 해석 연구]
   └ 학회: 대한전기학회 (IF: 0.37)"
908,2022,전기전자공학,216329109,이상덕,1,0.0204,0.04009,"[지능형 IoT를 융합한 장비 운용 시스템의 예지 보전을 위한 연구]
   └ 학회: 국제인공지능학회 (IF: 0.51)"
909,2022,전기전자공학,800325741,김기승,1,0.0204,0.055122,"[음성인식 및 화자검증을 통해 편의성과 보안성이 향상된 EMG 기반 능동의수]
   └ 학회: 대한전기학회 (IF: 0.37)"
910,2022,전기전자공학,746338109,김선홍,1,0.0204,0.055122,"[음성인식 및 화자검증을 통해 편의성과 보안성이 향상된 EMG 기반 능동의수]
   └ 학회: 대한전기학회 (IF: 0.37)"
911,2022,전기전자공학,1462547,이진아,1,0.0204,0.055122,"[심전도의 다양한 2차원 변환에 의한 합성곱 신경망기반 개인식별]
   └ 학회: 대한전기학회 (IF: 0.37)"
912,2022,전기전자공학,272952848,김예진,1,0.0204,0.055122,"[볼 베어링 고장진단 기법 비교 및 XAI Grad-CAM을 이용한 분류결과 해석 연구]
   └ 학회: 대한전기학회 (IF: 0.37)"
913,2022,전기전자공학,163700613,전현직,1,0.0204,0.055122,"[볼 베어링 고장진단 기법 비교 및 XAI Grad-CAM을 이용한 분류결과 해석 연구]
   └ 학회: 대한전기학회 (IF: 0.37)"
914,2022,전기전자공학,314988038,김기범,1,0.0204,0.055122,"[합성곱 신경망을 이용한 지문자 수어 분류 모델 설계]
   └ 학회: 대한전기학회 (IF: 0.37)"
915,2022,전기전자공학,392867907,이상윤,1,0.0204,0.055122,"[합성곱 신경망을 이용한 지문자 수어 분류 모델 설계]
   └ 학회: 대한전기학회 (IF: 0.37)"
916,2022,전기전자공학,312744043,윤창용,1,0.0204,0.055122,"[합성곱 신경망을 이용한 지문자 수어 분류 모델 설계]
   └ 학회: 대한전기학회 (IF: 0.37)"
917,2022,전기전자공학,566048426,jin-gil Cha,2,0.0202,0.039533,"[Implementation of Smart Monitoring System based on Breathing Sensor]
   └ 학회: 국제인공지능학회 (IF: 0.51)
--------------------------------
[A Study on the Effective Marketing Implementation through Face Recognition Technology in Smart Digital Signage]
   └ 학회: 국제인공지능학회 (IF: 0.51)"
918,2022,전기전자공학,595579070,Seong-Kweon Kim,2,0.0202,0.039533,"[Implementation of Smart Monitoring System based on Breathing Sensor]
   └ 학회: 국제인공지능학회 (IF: 0.51)
--------------------------------
[A Study on the Effective Marketing Implementation through Face Recognition Technology in Smart Digital Signage]
   └ 학회: 국제인공지능학회 (IF: 0.51)"
919,2022,전기전자공학,335700774,"LEE, JINHO",1,0.0202,0.039533,"[A study on Metaverse keyword Consumer perception survey after Covid-19 using big Data]
   └ 학회: 국제인공지능학회 (IF: 0.51)"
920,2022,전기전자공학,630585063,"Byun, Kwang Min",1,0.0202,0.039533,"[A study on Metaverse keyword Consumer perception survey after Covid-19 using big Data]
   └ 학회: 국제인공지능학회 (IF: 0.51)"
921,2022,전기전자공학,800614577,임소영,1,0.0199,0.023385999999999997,"[다채널 시계열 신호 기반 3 차원 측위를 위한 심층강화학습]
   └ 학회: 제어로봇시스템학회 (IF: 0.85)"
922,2022,전기전자공학,228099457,박덕근,1,0.0199,0.023385999999999997,"[다채널 시계열 신호 기반 3 차원 측위를 위한 심층강화학습]
   └ 학회: 제어로봇시스템학회 (IF: 0.85)"
923,2022,전기전자공학,428108722,유용균,1,0.0199,0.023385999999999997,"[다채널 시계열 신호 기반 3 차원 측위를 위한 심층강화학습]
   └ 학회: 제어로봇시스템학회 (IF: 0.85)"
924,2022,전기전자공학,662538615,송재복,3,0.0197,0.034522,"[비홀로노믹 모바일 매니퓰레이터의 영공간 투영에 기반한 충돌 회피]
   └ 학회: 한국로봇학회(논문지) (IF: 0.57)
--------------------------------
[시연에 의해 유도된 탐험을 통한 시각 기반의 물체 조작]
   └ 학회: 한국로봇학회(논문지) (IF: 0.57)
--------------------------------
[커넥터 조립을 위한 강화학습 기반의 탐색 궤적 생성 및 로봇의 임피던스 강성 조절 방법]
   └ 학회: 한국로봇학회(논문지) (IF: 0.57)"
925,2022,전기전자공학,676299948,송승호,3,0.0196,0.047884,"[[권두언] 전력전자 시스템에서의 인공지능 기반 진단 기술 특집을 내면서]
   └ 학회: 전력전자학회 (IF: 0.41)
--------------------------------
[직병렬 임피던스 보상을 통한 계통 연계 분산전원 인버터의 PCC 무효전력 제어 알고리즘]
   └ 학회: 전력전자학회 (IF: 0.41)
--------------------------------
[속도 오버슈트 발생 시 제한 속도를 초과하지 않는 실속형 블레이드 풍력터빈의 속도제어기 설계]
   └ 학회: 전력전자학회 (IF: 0.41)"
926,2022,전기전자공학,724157,김상훈,3,0.0196,0.047884,"[인공지능에 기반한 반도체 스위치의 고장 진단]
   └ 학회: 전력전자학회 (IF: 0.41)
--------------------------------
[2상 하이브리드 스테핑 모터의 벡터 제어 시 초기 각 오차 및 토크 리플 보상]
   └ 학회: 전력전자학회 (IF: 0.41)
--------------------------------
[3-레그형 2상 인버터에서의 전류 복원 영역 확장]
   └ 학회: 대한전기학회 (IF: 0.37)"
927,2022,전기전자공학,350730910,김길동,3,0.0196,0.047884,"[4kW급 고효율 직렬 공진형 DAB 컨버터 개발]
   └ 학회: 전력전자학회 (IF: 0.41)
--------------------------------
[누설 인덕턴스를 포함한 DAB 컨버터용 고주파 변압기의 머신러닝 활용한 최적 설계]
   └ 학회: 전력전자학회 (IF: 0.41)
--------------------------------
[철도 차량 차체 특성을 고려한 견인 전동기의 용량 산정 기법 연구]
   └ 학회: 대한전기학회 (IF: 0.37)"
928,2022,전기전자공학,332526958,정인환,2,0.0196,0.038419,"[AWS IoT 와 MQTT 기반 스마트 홈 시스템 구현]
   └ 학회: 국제인공지능학회 (IF: 0.51)
--------------------------------
[스마트 미러간 화상 통화와 메시징 기능을 가진 CoMirror 시스템 구현]
   └ 학회: 국제인공지능학회 (IF: 0.51)"
929,2022,전기전자공학,884111608,황기태,2,0.0196,0.038419,"[AWS IoT 와 MQTT 기반 스마트 홈 시스템 구현]
   └ 학회: 국제인공지능학회 (IF: 0.51)
--------------------------------
[스마트 미러간 화상 통화와 메시징 기능을 가진 CoMirror 시스템 구현]
   └ 학회: 국제인공지능학회 (IF: 0.51)"
930,2022,전기전자공학,809565961,이재문,2,0.0196,0.038419,"[AWS IoT 와 MQTT 기반 스마트 홈 시스템 구현]
   └ 학회: 국제인공지능학회 (IF: 0.51)
--------------------------------
[스마트 미러간 화상 통화와 메시징 기능을 가진 CoMirror 시스템 구현]
   └ 학회: 국제인공지능학회 (IF: 0.51)"
931,2022,전기전자공학,113977,이승환,2,0.0196,0.047884,"[4kW급 고효율 직렬 공진형 DAB 컨버터 개발]
   └ 학회: 전력전자학회 (IF: 0.41)
--------------------------------
[누설 인덕턴스를 포함한 DAB 컨버터용 고주파 변압기의 머신러닝 활용한 최적 설계]
   └ 학회: 전력전자학회 (IF: 0.41)"
932,2022,전기전자공학,923756275,최유리,1,0.0196,0.038419,"[IoT를 활용한 지능형 스마트 휠체어]
   └ 학회: 국제인공지능학회 (IF: 0.51)"
933,2022,전기전자공학,648047192,고경은,1,0.0196,0.038419,"[IoT를 활용한 지능형 스마트 휠체어]
   └ 학회: 국제인공지능학회 (IF: 0.51)"
934,2022,전기전자공학,136622241,박희주,1,0.0196,0.038419,"[IoT를 활용한 지능형 스마트 휠체어]
   └ 학회: 국제인공지능학회 (IF: 0.51)"
935,2022,전기전자공학,607875253,이기영,1,0.0196,0.038419,"[IoT를 활용한 지능형 스마트 휠체어]
   └ 학회: 국제인공지능학회 (IF: 0.51)"
936,2022,전기전자공학,493893586,이강석,1,0.0196,0.047884,"[인공지능을 활용한 전력전자]
   └ 학회: 전력전자학회 (IF: 0.41)"
937,2022,전기전자공학,177738721,정대웅,1,0.0196,0.047884,"[인공지능을 활용한 전력전자]
   └ 학회: 전력전자학회 (IF: 0.41)"
938,2022,전기전자공학,489439131,심재훈,1,0.0196,0.047884,"[전동기 구동 시스템을 위한 인공지능 기반의 추정 및 진단 기술]
   └ 학회: 전력전자학회 (IF: 0.41)"
939,2022,전기전자공학,487192908,최종훈,1,0.0196,0.047884,"[전동기 구동 시스템을 위한 인공지능 기반의 추정 및 진단 기술]
   └ 학회: 전력전자학회 (IF: 0.41)"
940,2022,전기전자공학,406687920,하정익,1,0.0196,0.047884,"[전동기 구동 시스템을 위한 인공지능 기반의 추정 및 진단 기술]
   └ 학회: 전력전자학회 (IF: 0.41)"
941,2022,전기전자공학,933673195,권상욱,1,0.0196,0.047884,"[배터리 상태 진단을 위한 인공지능 기술 연구 동향]
   └ 학회: 전력전자학회 (IF: 0.41)"
942,2022,전기전자공학,302728413,노은총,1,0.0196,0.047884,"[누설 인덕턴스를 포함한 DAB 컨버터용 고주파 변압기의 머신러닝 활용한 최적 설계]
   └ 학회: 전력전자학회 (IF: 0.41)"
943,2022,전기전자공학,625679590,임정현,1,0.0196,0.052895000000000005,"[다중 모델 머신러닝 기반 전력사용량 예측 정확도 향상 기법]
   └ 학회: 대한전기학회 (IF: 0.37)"
944,2022,전기전자공학,699074628,성영락,1,0.0196,0.052895000000000005,"[다중 모델 머신러닝 기반 전력사용량 예측 정확도 향상 기법]
   └ 학회: 대한전기학회 (IF: 0.37)"
945,2022,전기전자공학,820936895,오하령,1,0.0196,0.052895000000000005,"[다중 모델 머신러닝 기반 전력사용량 예측 정확도 향상 기법]
   └ 학회: 대한전기학회 (IF: 0.37)"
946,2022,전기전자공학,879279282,김대연,2,0.0195,0.030066999999999997,"[증강현실 자막 콘텐츠 표시에 대한 휴먼팩터 평가]
   └ 학회: 한국멀티미디어학회 (IF: 0.65)
--------------------------------
[혼합현실에서 텍스트 콘텐츠 표시에 대한 휴먼팩터 평가]
   └ 학회: 한국멀티미디어학회 (IF: 0.65)"
947,2022,전기전자공학,465864605,남상훈,2,0.019,0.036192,"[VR 환경에서의 효과적인 광고 연출에 관한 연구]
   └ 학회: 한국멀티미디어학회 (IF: 0.65)
--------------------------------
[문화 콘텐츠를 활용한 메타버스 교육 콘텐츠 연구 : 메타버스 문신 미술관 사례를 중심으로]
   └ 학회: 한국방송·미디어공학회 (IF: 0.39)"
948,2022,전기전자공학,1201703,장요한,2,0.0189,0.046214,"[태양광 발전 시스템의 향상된 전역 최대 발전전력 추종 기법]
   └ 학회: 전력전자학회 (IF: 0.41)
--------------------------------
[태양광 발전 시스템의 전역 최대 발전전력 추종을 위한 인공지능 기반 기법 비교 연구]
   └ 학회: 전력전자학회 (IF: 0.41)"
949,2022,전기전자공학,547567583,정승훈,2,0.0189,0.046214,"[태양광 발전 시스템의 향상된 전역 최대 발전전력 추종 기법]
   └ 학회: 전력전자학회 (IF: 0.41)
--------------------------------
[태양광 발전 시스템의 전역 최대 발전전력 추종을 위한 인공지능 기반 기법 비교 연구]
   └ 학회: 전력전자학회 (IF: 0.41)"
950,2022,전기전자공학,4591975,이채은,1,0.0189,0.046214,"[태양광 발전 시스템의 전역 최대 발전전력 추종을 위한 인공지능 기반 기법 비교 연구]
   └ 학회: 전력전자학회 (IF: 0.41)"
951,2022,전기전자공학,974695047,김재형,3,0.0188,0.027839999999999997,"[산업용 로봇암의 잔류진동 저감을 위한 포텐셜 필드 기반 충돌 회피 궤적 계획]
   └ 학회: 제어로봇시스템학회 (IF: 0.85)
--------------------------------
[햅틱 디바이스를 이용한 Unity 기반 가상 로봇 매니퓰레이터 조작 시스템 구현]
   └ 학회: 제어로봇시스템학회 (IF: 0.85)
--------------------------------
[Q-Learning을 사용한 로봇팔의 SMCSPO 게인 튜닝]
   └ 학회: 한국로봇학회(논문지) (IF: 0.57)"
952,2022,전기전자공학,353770985,이민철,3,0.0188,0.027839999999999997,"[산업용 로봇암의 잔류진동 저감을 위한 포텐셜 필드 기반 충돌 회피 궤적 계획]
   └ 학회: 제어로봇시스템학회 (IF: 0.85)
--------------------------------
[햅틱 디바이스를 이용한 Unity 기반 가상 로봇 매니퓰레이터 조작 시스템 구현]
   └ 학회: 제어로봇시스템학회 (IF: 0.85)
--------------------------------
[Q-Learning을 사용한 로봇팔의 SMCSPO 게인 튜닝]
   └ 학회: 한국로봇학회(논문지) (IF: 0.57)"
953,2022,전기전자공학,169780614,주지한,9,0.0187,0.036747999999999996,"[공간결합기를 활용한 Ka대역 100W급 SSPA 설계 및 제작]
   └ 학회: 국제인공지능학회 (IF: 0.51)
--------------------------------
[고효율 및 높은 격리 특성을 갖는 Ka 대역 도파관 결합기 설계 및 제작]
   └ 학회: 국제인공지능학회 (IF: 0.51)
--------------------------------
[밀리미터파(W대역) 안테나 측정을 위한 원-전계 측정 시스템 설계 및 검증]
   └ 학회: 국제인공지능학회 (IF: 0.51)
--------------------------------
[Fin-line taper를 이용한 W-대역 마이크로스트립-도파관 전이구조 설계]
   └ 학회: 국제인공지능학회 (IF: 0.51)
--------------------------------
[밀리미터파 추적레이더 운용 알고리듬 연구를 위한 RAW 데이터 저장 장비 개발]
   └ 학회: 국제인공지능학회 (IF: 0.51)
--------------------------------
[Ka-대역 추적 레이더용 전원공급기 개발]
   └ 학회: 국제인공지능학회 (IF: 0.51)
--------------------------------
[AESA 레이더 광각 빔조향 특성을 고려한 복사소자 설계 기법]
   └ 학회: 국제인공지능학회 (IF: 0.51)
--------------------------------
[소형 추적 레이다용 서보 개발]
   └ 학회: 국제인공지능학회 (IF: 0.51)
--------------------------------
[Ka-대역 GaN 저잡음 증폭기의 강건성 평가]
   └ 학회: 국제인공지능학회 (IF: 0.51)"
954,2022,전기전자공학,4024597,김영형,2,0.0187,0.033408,"[TDR 센서 기반 수위 측정 시스템 구현]
   └ 학회: 한국정보기술학회 (IF: 0.56)
--------------------------------
[문자 데이터 입력을 위한 스마트 장갑 시스템의 연구]
   └ 학회: 한국정보기술학회 (IF: 0.56)"
955,2022,전기전자공학,314945939,신광철,1,0.0187,0.033408,"[사물인터넷을 위한 경량화된 센서 네트워크 인증 프로토콜]
   └ 학회: 한국정보기술학회 (IF: 0.56)"
956,2022,전기전자공학,494611291,이병주,1,0.0187,0.033408,"[노지 농업의 환경 요소 분석을 위한 스마트 IoT 시스템 구현에 관한 연구]
   └ 학회: 한국정보기술학회 (IF: 0.56)"
957,2022,전기전자공학,144177883,곽윤식,1,0.0187,0.033408,"[노지 농업의 환경 요소 분석을 위한 스마트 IoT 시스템 구현에 관한 연구]
   └ 학회: 한국정보기술학회 (IF: 0.56)"
958,2022,전기전자공학,120299822,고재현,1,0.0187,0.033408,"[층간소음의 정확한 진원지 식별을 위한 SVM 기반의 진원지 인지 시스템]
   └ 학회: 한국정보기술학회 (IF: 0.56)"
959,2022,전기전자공학,225431101,이창용,1,0.0187,0.033408,"[문자 데이터 입력을 위한 스마트 장갑 시스템의 연구]
   └ 학회: 한국정보기술학회 (IF: 0.56)"
960,2022,전기전자공학,367139299,최지훈,1,0.0187,0.033408,"[문자 데이터 입력을 위한 스마트 장갑 시스템의 연구]
   └ 학회: 한국정보기술학회 (IF: 0.56)"
961,2022,전기전자공학,676199409,김기홍,6,0.0185,0.036192,"[From Technology to Content: Research on the Development of VR Flow Experience]
   └ 학회: 국제인공지능학회 (IF: 0.51)
--------------------------------
[Research on the Application of Digital Human Production Based on Photoscan Realistic Head 3D Scanning and Unreal Engine MetaHuman Technology in the Metaverse]
   └ 학회: 국제인공지능학회 (IF: 0.51)
--------------------------------
[A new type of multimedia content with Chinese characters as the core—— Barrage]
   └ 학회: 국제인공지능학회 (IF: 0.51)
--------------------------------
[Real-time Markerless Facial Motion Capture of Personalized 3D Real Human Research]
   └ 학회: 국제인공지능학회 (IF: 0.51)
--------------------------------
[In-camera VFX implementation study using short-throw projector (focused on low-cost solution)]
   └ 학회: 국제인공지능학회 (IF: 0.51)
--------------------------------
[Analysis of Barrage Culture and User Analysis in New Media Content in the Chinese Market]
   └ 학회: 국제인공지능학회 (IF: 0.51)"
962,2022,전기전자공학,590452034,Yang Pan,3,0.0185,0.036192,"[From Technology to Content: Research on the Development of VR Flow Experience]
   └ 학회: 국제인공지능학회 (IF: 0.51)
--------------------------------
[Research on the Application of Digital Human Production Based on Photoscan Realistic Head 3D Scanning and Unreal Engine MetaHuman Technology in the Metaverse]
   └ 학회: 국제인공지능학회 (IF: 0.51)
--------------------------------
[Analysis of Barrage Culture and User Analysis in New Media Content in the Chinese Market]
   └ 학회: 국제인공지능학회 (IF: 0.51)"
963,2022,전기전자공학,714433738,YuanZi Sang,2,0.0185,0.036192,"[From Technology to Content: Research on the Development of VR Flow Experience]
   └ 학회: 국제인공지능학회 (IF: 0.51)
--------------------------------
[Research on the Application of Digital Human Production Based on Photoscan Realistic Head 3D Scanning and Unreal Engine MetaHuman Technology in the Metaverse]
   └ 학회: 국제인공지능학회 (IF: 0.51)"
964,2022,전기전자공학,228702290,정성욱,4,0.0184,0.033408,"[NBAS: NFT를 활용한 블루투스 장치 인증시스템]
   └ 학회: 한국정보통신학회 (IF: 0.55)
--------------------------------
[사용자의 효율적인 엘리베이터 탑승 대기시간을 위한 Hybrid HRN Algorithm 연구]
   └ 학회: 한국정보전자통신기술학회 (IF: 0.46)
--------------------------------
[Unicon Optimization 기법을 이용한 적운모수화 코드 성능 향상]
   └ 학회: 한국정보전자통신기술학회 (IF: 0.46)
--------------------------------
[SCAM 기상모델의 성능향상을 위한 PGI Compiler의 OpenACC 활용]
   └ 학회: 한국정보전자통신기술학회 (IF: 0.46)"
965,2022,전기전자공학,334189004,황성욱,1,0.0184,0.033408,"[NBAS: NFT를 활용한 블루투스 장치 인증시스템]
   └ 학회: 한국정보통신학회 (IF: 0.55)"
966,2022,전기전자공학,193539645,손성무,1,0.0184,0.033408,"[NBAS: NFT를 활용한 블루투스 장치 인증시스템]
   └ 학회: 한국정보통신학회 (IF: 0.55)"
967,2022,전기전자공학,856787251,전부일,1,0.0184,0.033408,"[CoGe 박막 기반 galvanic cell의 특성 및 IoT 센서 네트워크에 대한 적용]
   └ 학회: 한국정보통신학회 (IF: 0.55)"
968,2022,전기전자공학,528001808,한동수,1,0.0184,0.033408,"[CoGe 박막 기반 galvanic cell의 특성 및 IoT 센서 네트워크에 대한 적용]
   └ 학회: 한국정보통신학회 (IF: 0.55)"
969,2022,전기전자공학,246611630,윤기완,1,0.0184,0.033408,"[CoGe 박막 기반 galvanic cell의 특성 및 IoT 센서 네트워크에 대한 적용]
   └ 학회: 한국정보통신학회 (IF: 0.55)"
970,2022,전기전자공학,777967949,김세원,2,0.018,0.021158,"[특집호 서문: 디지털 트윈]
   └ 학회: 제어로봇시스템학회 (IF: 0.85)
--------------------------------
[선박의 항만 이접안 계획을 위한 디지털 트윈 개발]
   └ 학회: 제어로봇시스템학회 (IF: 0.85)"
971,2022,전기전자공학,303317506,이의종,2,0.0178,0.031737,"[사용자 구매 내역을 활용한 딥러닝 기반 추천 시스템]
   └ 학회: 한국정보기술학회 (IF: 0.56)
--------------------------------
[DSEM-Trajectory의 데이터 품질 향상을 위한 데이터 품질평가 기법]
   └ 학회: 한국정보기술학회 (IF: 0.56)"
972,2022,전기전자공학,605710539,김재훈,2,0.0178,0.032294,"[거리공간속 경로 그래프에 간선추가를 통한 지름의 최소화]
   └ 학회: 한국정보통신학회 (IF: 0.55)
--------------------------------
[점들의 구간 커버에 대한 최대 가중치 맴버쉽 최소화]
   └ 학회: 한국정보통신학회 (IF: 0.55)"
973,2022,전기전자공학,346270966,최현호,2,0.0178,0.032294,"[섹터기반 무선전력 센서 네트워크를 위한 최적 클러스터 헤드 선택 방법]
   └ 학회: 한국정보통신학회 (IF: 0.55)
--------------------------------
[무선전력 통신 네트워크에서 최적의 멀티홉 전송 방식]
   └ 학회: 한국정보통신학회 (IF: 0.55)"
974,2022,전기전자공학,104564566,오홍석,1,0.0178,0.031737,"[사용자 구매 내역을 활용한 딥러닝 기반 추천 시스템]
   └ 학회: 한국정보기술학회 (IF: 0.56)"
975,2022,전기전자공학,5108459,정재민,1,0.0178,0.031737,"[사용자 구매 내역을 활용한 딥러닝 기반 추천 시스템]
   └ 학회: 한국정보기술학회 (IF: 0.56)"
976,2022,전기전자공학,945130549,남윤중,1,0.0178,0.031737,"[사용자 구매 내역을 활용한 딥러닝 기반 추천 시스템]
   └ 학회: 한국정보기술학회 (IF: 0.56)"
977,2022,전기전자공학,993889713,서영덕,1,0.0178,0.031737,"[사용자 구매 내역을 활용한 딥러닝 기반 추천 시스템]
   └ 학회: 한국정보기술학회 (IF: 0.56)"
978,2022,전기전자공학,696113756,노정환,1,0.0178,0.031737,"[가상·증강현실의 발전 동향과 군 교육훈련 분야 적용방안]
   └ 학회: 한국정보기술학회 (IF: 0.56)"
979,2022,전기전자공학,4600134,홍창우,1,0.0178,0.031737,"[가상·증강현실의 발전 동향과 군 교육훈련 분야 적용방안]
   └ 학회: 한국정보기술학회 (IF: 0.56)"
980,2022,전기전자공학,634186372,김종겸,9,0.0177,0.047882,"[저압 유도발전기에 적용되는 커패시터와 리액터의 동작에 관한 연구]
   └ 학회: 대한전기학회 (IF: 0.37)
--------------------------------
[수로식 마이크로 수력설비 구축에 대한 고찰]
   └ 학회: 대한전기학회 (IF: 0.37)
--------------------------------
[유도전동기 기동시 전압강하와 변압기 용량 및 임피던스에 관한 연구]
   └ 학회: 대한전기학회 (IF: 0.37)
--------------------------------
[변압기 임피던스 차이에 따른 유도발전기 기동시 전류와 전압강하에 관한 연구]
   └ 학회: 대한전기학회 (IF: 0.37)
--------------------------------
[유도전동기의 토크 변화시 역률 보상기법에 관한 연구]
   └ 학회: 대한전기학회 (IF: 0.37)
--------------------------------
[출력 변동에 따른 유도발전기의 역률 보상기법에 관한 연구]
   └ 학회: 대한전기학회 (IF: 0.37)
--------------------------------
[50 마력 유도기의 전동기 운전 및 발전기 운전시의 특성 분석]
   └ 학회: 대한전기학회 (IF: 0.37)
--------------------------------
[1,500 ㎾ 유도발전기를 배전선로에 연결할 때 발생하는 전압강하에 대한 분석]
   └ 학회: 대한전기학회 (IF: 0.37)
--------------------------------
[1선 지락 사고시 배전선로 접지저항에 따른 유도전동기 토크 특성 변화에 관한 연구]
   └ 학회: 대한전기학회 (IF: 0.37)"
981,2022,전기전자공학,505082221,신승권,2,0.0177,0.047884,"[지하철역사 에너지성능 평가를 위한 클러스터링 분석기법을 활용한 지하철역사 대표모델 선정에 관한 연구]
   └ 학회: 대한전기학회 (IF: 0.37)
--------------------------------
[전기철도 배전망을 활용한 팬터그래프 방식 충전시스템에 관한 연구]
   └ 학회: 대한전기학회 (IF: 0.37)"
982,2022,전기전자공학,753681300,양준혁,1,0.0177,0.047884,"[D-PMU 데이터를 이용한 DCGAN 기반 실시간 배전계통 이벤트 감지기법]
   └ 학회: 대한전기학회 (IF: 0.37)"
983,2022,전기전자공학,166289122,김태근,1,0.0177,0.047884,"[D-PMU 데이터를 이용한 DCGAN 기반 실시간 배전계통 이벤트 감지기법]
   └ 학회: 대한전기학회 (IF: 0.37)"
984,2022,전기전자공학,552249802,윤성국,1,0.0177,0.047884,"[D-PMU 데이터를 이용한 DCGAN 기반 실시간 배전계통 이벤트 감지기법]
   └ 학회: 대한전기학회 (IF: 0.37)"
985,2022,전기전자공학,599466226,안승호,1,0.0177,0.047884,"[지하철역사 에너지성능 평가를 위한 클러스터링 분석기법을 활용한 지하철역사 대표모델 선정에 관한 연구]
   └ 학회: 대한전기학회 (IF: 0.37)"
986,2022,전기전자공학,101236054,Chulhun Seo,3,0.0175,0.038976,"[Sidelobe Suppression Beamforming Using Tapered Amplitude Distribution for a Microwave Power Transfer System with a Planar Array Antenna]
   └ 학회: 한국전자파학회JEES (IF: 0.45)
--------------------------------
[Frequency-Selective Surface Stopband Designed with a Genetic Algorithm for Gain Enhancement of a Broadband Monopole Antenna]
   └ 학회: 한국전자파학회JEES (IF: 0.45)
--------------------------------
[A Miniaturized Implantable Antenna for Wireless Power Transfer and Communication in Biomedical Applications]
   └ 학회: 한국전자파학회JEES (IF: 0.45)"
987,2022,전기전자공학,568015607,차재상,1,0.017,0.033408,"[Pseudo-BIPV Style Rooftop-Solar-Plant Implementation for Small Warehouse Case]
   └ 학회: 국제인공지능학회 (IF: 0.51)"
988,2022,전기전자공학,742457356,조주필,1,0.017,0.033408,"[Pseudo-BIPV Style Rooftop-Solar-Plant Implementation for Small Warehouse Case]
   └ 학회: 국제인공지능학회 (IF: 0.51)"
989,2022,전기전자공학,725834906,"Lee, Jong-Sub",1,0.017,0.033408,"[USN metadata management agent using IoT-based EMRA]
   └ 학회: 국제인공지능학회 (IF: 0.51)"
990,2022,전기전자공학,951260935,김경미,1,0.017,0.033408,"[스마트 미러간 화상 통화와 메시징 기능을 가진 CoMirror 시스템 구현]
   └ 학회: 국제인공지능학회 (IF: 0.51)"
991,2022,전기전자공학,638053496,김유진,1,0.017,0.033408,"[스마트 미러간 화상 통화와 메시징 기능을 가진 CoMirror 시스템 구현]
   └ 학회: 국제인공지능학회 (IF: 0.51)"
992,2022,전기전자공학,558974578,박채원,1,0.017,0.033408,"[스마트 미러간 화상 통화와 메시징 기능을 가진 CoMirror 시스템 구현]
   └ 학회: 국제인공지능학회 (IF: 0.51)"
993,2022,전기전자공학,827589665,유송연,1,0.017,0.033408,"[스마트 미러간 화상 통화와 메시징 기능을 가진 CoMirror 시스템 구현]
   └ 학회: 국제인공지능학회 (IF: 0.51)"
994,2022,전기전자공학,976831451,구건우,1,0.0169,0.022829000000000002,"[보안철책의 훼손 감지를 위한 이미지 전처리 연구]
   └ 학회: 한국지능시스템학회 (IF: 0.74)"
995,2022,전기전자공학,496236583,윤동호,1,0.0169,0.022829000000000002,"[보안철책의 훼손 감지를 위한 이미지 전처리 연구]
   └ 학회: 한국지능시스템학회 (IF: 0.74)"
996,2022,전기전자공학,624913187,박용석,1,0.0169,0.043429999999999996,"[미디어 편집을 위한 인물 식별 및 검색 기법]
   └ 학회: 한국방송·미디어공학회 (IF: 0.39)"
997,2022,전기전자공학,615872564,김현식,1,0.0169,0.043429999999999996,"[미디어 편집을 위한 인물 식별 및 검색 기법]
   └ 학회: 한국방송·미디어공학회 (IF: 0.39)"
998,2022,전기전자공학,70419,김성규,2,0.0168,0.030067,"[영상처리 및 딥러닝을 이용한 레미콘 슬럼프 질기 식별 및 분석]
   └ 학회: 한국정보기술학회 (IF: 0.56)
--------------------------------
[소성가공 분야에서 인공지능을 이용한 절단면 이물질 검출]
   └ 학회: 한국정보기술학회 (IF: 0.56)"
999,2022,전기전자공학,805094460,이원곡,2,0.0168,0.030067,"[영상처리 및 딥러닝을 이용한 레미콘 슬럼프 질기 식별 및 분석]
   └ 학회: 한국정보기술학회 (IF: 0.56)
--------------------------------
[소성가공 분야에서 인공지능을 이용한 절단면 이물질 검출]
   └ 학회: 한국정보기술학회 (IF: 0.56)"
1000,2022,전기전자공학,996533036,배유석,2,0.0168,0.030067,"[영상처리 및 딥러닝을 이용한 레미콘 슬럼프 질기 식별 및 분석]
   └ 학회: 한국정보기술학회 (IF: 0.56)
--------------------------------
[소성가공 분야에서 인공지능을 이용한 절단면 이물질 검출]
   └ 학회: 한국정보기술학회 (IF: 0.56)"
1001,2022,전기전자공학,501722716,박찬국,2,0.0166,0.019486999999999997,"[SR Thermal GAN: 초해상화 적외선 이미지 생성 기법]
   └ 학회: 제어로봇시스템학회 (IF: 0.85)
--------------------------------
[고 해상도 버퍼 설계를 통한 전달 정렬의 측정치 시간 지연 보상 기법]
   └ 학회: 제어로봇시스템학회 (IF: 0.85)"
1002,2022,전기전자공학,915199041,이인호,1,0.0166,0.019486999999999997,"[SR Thermal GAN: 초해상화 적외선 이미지 생성 기법]
   └ 학회: 제어로봇시스템학회 (IF: 0.85)"
1003,2022,전기전자공학,716735327,정원영,1,0.0166,0.019486999999999997,"[SR Thermal GAN: 초해상화 적외선 이미지 생성 기법]
   └ 학회: 제어로봇시스템학회 (IF: 0.85)"
1004,2022,전기전자공학,645192893,윤준상,1,0.0165,0.04231599999999999,"[국내 디지털 콘텐츠·미디어 분야 주요 정책 현황 및 R&D 동향]
   └ 학회: 한국방송·미디어공학회 (IF: 0.39)"
1005,2022,전기전자공학,221688449,오세윤,1,0.0165,0.04231599999999999,"[국내 디지털 콘텐츠·미디어 분야 주요 정책 현황 및 R&D 동향]
   └ 학회: 한국방송·미디어공학회 (IF: 0.39)"
1006,2022,전기전자공학,792789654,이도훈,2,0.0163,0.025055,"[아리랑 5호 위성 영상에서 수계의 의미론적 분할을 위한 딥러닝 모델의 비교 연구]
   └ 학회: 한국멀티미디어학회 (IF: 0.65)
--------------------------------
[얼굴 감정을 이용한 시청자 감정 패턴 분석 및 흥미도 예측 연구]
   └ 학회: 한국멀티미디어학회 (IF: 0.65)"
1007,2022,전기전자공학,981469356,성창조,1,0.0162,0.031737,"[SURF based Hair Matching and VR Hair Cutting]
   └ 학회: 국제인공지능학회 (IF: 0.51)"
1008,2022,전기전자공학,925958019,박경수,1,0.0162,0.031737,"[SURF based Hair Matching and VR Hair Cutting]
   └ 학회: 국제인공지능학회 (IF: 0.51)"
1009,2022,전기전자공학,906855947,Seongah Chin,1,0.0162,0.031737,"[SURF based Hair Matching and VR Hair Cutting]
   └ 학회: 국제인공지능학회 (IF: 0.51)"
1010,2022,전기전자공학,379587241,김준건,1,0.0162,0.031737,"[AR 플랫폼을 사용하지 않는 실제 방 기반 인테리어 시뮬레이션 연구]
   └ 학회: 국제인공지능학회 (IF: 0.51)"
1011,2022,전기전자공학,966937567,임창묵,1,0.0162,0.031737,"[AR 플랫폼을 사용하지 않는 실제 방 기반 인테리어 시뮬레이션 연구]
   └ 학회: 국제인공지능학회 (IF: 0.51)"
1012,2022,전기전자공학,118205308,Jangyong Ahn,3,0.0155,0.034522,"[Propulsion of a Magnetic Material-Applied Microrobot in a Tube Based on a Wireless Power Transfer System]
   └ 학회: 한국전자파학회JEES (IF: 0.45)
--------------------------------
[An Active Shielding Control Method for a Wireless Power Transfer System under Misalignment Conditions]
   └ 학회: 한국전자파학회JEES (IF: 0.45)
--------------------------------
[Iterative Method for Modeling a Wireless Power Transfer System with Nonlinearity of Voltage Rectifier]
   └ 학회: 한국전자파학회JEES (IF: 0.45)"
1013,2022,전기전자공학,126882146,Dongwook Kim,2,0.0155,0.034522,"[Propulsion of a Magnetic Material-Applied Microrobot in a Tube Based on a Wireless Power Transfer System]
   └ 학회: 한국전자파학회JEES (IF: 0.45)
--------------------------------
[Wireless Power Transfer-Based Microrobot with Magnetic Force Propulsion Considering Power Transfer Efficiency]
   └ 학회: 한국전자파학회JEES (IF: 0.45)"
1014,2022,전기전자공학,983672358,심재륜,2,0.0154,0.033408,"[온라인 소프트웨어 교양 교육의 만족도와 효과성에 관한 연구]
   └ 학회: 한국정보통신학회 (IF: 0.55)
--------------------------------
[헬스케어 특허의 IPC 코드 기반 사회 연결망 분석(SNA)을 이용한 기술 융복합 분석]
   └ 학회: 한국정보전자통신기술학회 (IF: 0.46)"
1015,2022,전기전자공학,359228551,강대국,1,0.0154,0.033408,"[주방 가스레인지 빌트인 방식에서 가스 누출검사를 위한 IoT 검사 시스템 개발에 관한 연구]
   └ 학회: 한국정보전자통신기술학회 (IF: 0.46)"
1016,2022,전기전자공학,462889784,최영규,1,0.0154,0.033408,"[주방 가스레인지 빌트인 방식에서 가스 누출검사를 위한 IoT 검사 시스템 개발에 관한 연구]
   └ 학회: 한국정보전자통신기술학회 (IF: 0.46)"
1017,2022,전기전자공학,173722390,안세환,8,0.0153,0.030066,"[Ka대역 200W급 SSPA 설계 및 제작]
   └ 학회: 한국정보기술학회 (IF: 0.56)
--------------------------------
[공간결합기를 활용한 Ka대역 100W급 SSPA 설계 및 제작]
   └ 학회: 국제인공지능학회 (IF: 0.51)
--------------------------------
[고효율 및 높은 격리 특성을 갖는 Ka 대역 도파관 결합기 설계 및 제작]
   └ 학회: 국제인공지능학회 (IF: 0.51)
--------------------------------
[Fin-line taper를 이용한 W-대역 마이크로스트립-도파관 전이구조 설계]
   └ 학회: 국제인공지능학회 (IF: 0.51)
--------------------------------
[Ka-대역 추적 레이더용 전원공급기 개발]
   └ 학회: 국제인공지능학회 (IF: 0.51)
--------------------------------
[소형 추적 레이다용 서보 개발]
   └ 학회: 국제인공지능학회 (IF: 0.51)
--------------------------------
[Ka-대역 GaN 저잡음 증폭기의 강건성 평가]
   └ 학회: 국제인공지능학회 (IF: 0.51)
--------------------------------
[병렬 공진 기반 주파수 선택적 Rasorber 설계]
   └ 학회: 한국전자파학회 (IF: 0.45)"
1018,2022,전기전자공학,878675544,김창복,1,0.0153,0.027282,"[병렬 병합 구조를 이용한 기상 데이터의 예측률 향상을 위한 딥러닝 모델]
   └ 학회: 한국정보기술학회 (IF: 0.56)"
1019,2022,전기전자공학,598344643,구서연,1,0.0153,0.030066999999999997,"[Reinforcement learning multi-agent using unsupervised learning in a distributed cloud environment]
   └ 학회: 국제인공지능학회 (IF: 0.51)"
1020,2022,전기전자공학,927785636,문석재,1,0.0153,0.030066999999999997,"[Reinforcement learning multi-agent using unsupervised learning in a distributed cloud environment]
   └ 학회: 국제인공지능학회 (IF: 0.51)"
1021,2022,전기전자공학,596800002,박병준,1,0.0153,0.030066999999999997,"[Reinforcement learning multi-agent using unsupervised learning in a distributed cloud environment]
   └ 학회: 국제인공지능학회 (IF: 0.51)"
1022,2022,전기전자공학,4835820,이규호,1,0.0152,0.023385999999999997,"[자연어 처리를 활용한 메타버스 보도, 연구 간 인식 차이 비교]
   └ 학회: 한국멀티미디어학회 (IF: 0.65)"
1023,2022,전기전자공학,360304757,이준환,1,0.0152,0.023385999999999997,"[자연어 처리를 활용한 메타버스 보도, 연구 간 인식 차이 비교]
   └ 학회: 한국멀티미디어학회 (IF: 0.65)"
1024,2022,전기전자공학,282398038,유종영,1,0.0151,0.029509999999999998,"[메타버스 기반 가상부동산 거래 서비스 연구]
   └ 학회: 국제인공지능학회 (IF: 0.51)"
1025,2022,전기전자공학,974455149,홍용근,1,0.015,0.033408,"[IoT 표준화 동향]
   └ 학회: 한국전자파학회 (IF: 0.45)"
1026,2022,전기전자공학,562206541,박태준,1,0.015,0.033408,"[고신뢰 IoT 네트워크 기술 동향]
   └ 학회: 한국전자파학회 (IF: 0.45)"
1027,2022,전기전자공학,203704437,황정훈,1,0.015,0.033408,"[IoT 활용 사례 - 화재조기감지솔루션]
   └ 학회: 한국전자파학회 (IF: 0.45)"
1028,2022,전기전자공학,947020143,이희성,2,0.0148,0.020044,"[오토인코더 기반의 데이터 증강과 초기 게임 행동을 이용한 구매 예측 시스템]
   └ 학회: 한국지능시스템학회 (IF: 0.74)
--------------------------------
[Efficient Neural Network Design for Identifying Potential Game Item Buyers]
   └ 학회: 한국지능시스템학회 (IF: 0.74)"
1029,2022,전기전자공학,447887290,공영주,1,0.0148,0.028954,"[실시간 적용을 위한 드론 탐지 레이다용 신호처리 구조 설계 방안]
   └ 학회: 국제인공지능학회 (IF: 0.51)"
1030,2022,전기전자공학,862036422,손성환,1,0.0148,0.028954,"[실시간 적용을 위한 드론 탐지 레이다용 신호처리 구조 설계 방안]
   └ 학회: 국제인공지능학회 (IF: 0.51)"
1031,2022,전기전자공학,341788651,현준석,1,0.0148,0.028954,"[실시간 적용을 위한 드론 탐지 레이다용 신호처리 구조 설계 방안]
   └ 학회: 국제인공지능학회 (IF: 0.51)"
1032,2022,전기전자공학,274741323,유동길,1,0.0148,0.028954,"[실시간 적용을 위한 드론 탐지 레이다용 신호처리 구조 설계 방안]
   └ 학회: 국제인공지능학회 (IF: 0.51)"
1033,2022,전기전자공학,257899734,조인철,1,0.0148,0.028954,"[실시간 적용을 위한 드론 탐지 레이다용 신호처리 구조 설계 방안]
   └ 학회: 국제인공지능학회 (IF: 0.51)"
1034,2022,전기전자공학,2246975,신희석,2,0.0147,0.017259999999999998,"[자율주행 Tractor – Trailer 의 후진 직각주차 System 을 위한 경로 및 제어 Algorithm 개발]
   └ 학회: 제어로봇시스템학회 (IF: 0.85)
--------------------------------
[자율주행 Trailer 시스템의 후진 주차 관련 기술동향]
   └ 학회: 제어로봇시스템학회 (IF: 0.85)"
1035,2022,전기전자공학,316598213,정성학,2,0.0147,0.017259999999999998,"[자율주행 Tractor – Trailer 의 후진 직각주차 System 을 위한 경로 및 제어 Algorithm 개발]
   └ 학회: 제어로봇시스템학회 (IF: 0.85)
--------------------------------
[자율주행 Trailer 시스템의 후진 주차 관련 기술동향]
   └ 학회: 제어로봇시스템학회 (IF: 0.85)"
1036,2022,전기전자공학,495444708,김정하,2,0.0147,0.017259999999999998,"[자율주행 Tractor – Trailer 의 후진 직각주차 System 을 위한 경로 및 제어 Algorithm 개발]
   └ 학회: 제어로봇시스템학회 (IF: 0.85)
--------------------------------
[자율주행 Trailer 시스템의 후진 주차 관련 기술동향]
   └ 학회: 제어로봇시스템학회 (IF: 0.85)"
1037,2022,전기전자공학,136998631,이동환,1,0.0147,0.017261,"[특집호 서문: 강화학습 기반 제어응용]
   └ 학회: 제어로봇시스템학회 (IF: 0.85)"
1038,2022,전기전자공학,535133277,박승진,1,0.0147,0.017261,"[강화학습을 이용한 자율주행 트랙터의 가변형 전방주시거리 튜닝 알고리즘 개발]
   └ 학회: 제어로봇시스템학회 (IF: 0.85)"
1039,2022,전기전자공학,236204088,전찬우,1,0.0147,0.017261,"[강화학습을 이용한 자율주행 트랙터의 가변형 전방주시거리 튜닝 알고리즘 개발]
   └ 학회: 제어로봇시스템학회 (IF: 0.85)"
1040,2022,전기전자공학,898905455,김학진,1,0.0147,0.017261,"[강화학습을 이용한 자율주행 트랙터의 가변형 전방주시거리 튜닝 알고리즘 개발]
   └ 학회: 제어로봇시스템학회 (IF: 0.85)"
1041,2022,전기전자공학,627900159,백종찬,1,0.0147,0.017261,"[변분 추론의 증거 하한을 사용한 강화학습]
   └ 학회: 제어로봇시스템학회 (IF: 0.85)"
1042,2022,전기전자공학,475430557,한수희,1,0.0147,0.017261,"[변분 추론의 증거 하한을 사용한 강화학습]
   └ 학회: 제어로봇시스템학회 (IF: 0.85)"
1043,2022,전기전자공학,697315951,박준수,1,0.0147,0.017261,"[강화학습 기반 화학 공정 제어 성능 향상을 위한 보상 함수 시뮬레이션 연구]
   └ 학회: 제어로봇시스템학회 (IF: 0.85)"
1044,2022,전기전자공학,654942853,심재현,1,0.0147,0.017261,"[강화학습 기반 화학 공정 제어 성능 향상을 위한 보상 함수 시뮬레이션 연구]
   └ 학회: 제어로봇시스템학회 (IF: 0.85)"
1045,2022,전기전자공학,365255915,이종민,1,0.0147,0.017261,"[강화학습 기반 화학 공정 제어 성능 향상을 위한 보상 함수 시뮬레이션 연구]
   └ 학회: 제어로봇시스템학회 (IF: 0.85)"
1046,2022,전기전자공학,668139233,최의민,4,0.0146,0.035636,"[전압 변조 방법에 따른 단상 5-레벨 NPC 태양광 인버터의 전력 손실 및 열 부하 분석]
   └ 학회: 전력전자학회 (IF: 0.41)
--------------------------------
[미션 프로파일을 고려한 단상 5-레벨 태양광 NPC 인버터의 전력 반도체 소자 수명 분석]
   └ 학회: 전력전자학회 (IF: 0.41)
--------------------------------
[NPC 인버터의 DC-link 커패시터 수명 향상을 위한 전압 변조 방법 비교 평가]
   └ 학회: 전력전자학회 (IF: 0.41)
--------------------------------
[태양광 시스템의 미션 프로파일 고려한 3-레벨 NPC 인버터의 DC-link 커패시터 신뢰성 비교 분석]
   └ 학회: 전력전자학회 (IF: 0.41)"
1047,2022,전기전자공학,372776659,차현철,1,0.0145,0.022272,"[다품종 소량 판매 환경의 수요 예측을 위한 빅데이터 분석-전자부품 판매 사례를 중심으로]
   └ 학회: 한국멀티미디어학회 (IF: 0.65)"
1048,2022,전기전자공학,425518547,Miri Lim,1,0.0145,0.028397,"[Changes in Specialty Coffee Consumption Post-pandemic]
   └ 학회: 국제인공지능학회 (IF: 0.51)"
1049,2022,전기전자공학,558232103,Gihwan Ryu,1,0.0145,0.028397,"[Changes in Specialty Coffee Consumption Post-pandemic]
   └ 학회: 국제인공지능학회 (IF: 0.51)"
1050,2022,전기전자공학,337920536,정선미,1,0.0145,0.028397,"[A Study on the Consumer Perception and Keyword Analysis of Meal-kit Using Big Data]
   └ 학회: 국제인공지능학회 (IF: 0.51)"
1051,2022,전기전자공학,814585942,임정숙,1,0.0145,0.028397,"[A Study on the Consumer Perception and Keyword Analysis of Meal-kit Using Big Data]
   └ 학회: 국제인공지능학회 (IF: 0.51)"
1052,2022,전기전자공학,777975928,김희영,1,0.0145,0.028397,"[A Study on the Consumer Perception and Keyword Analysis of Meal-kit Using Big Data]
   └ 학회: 국제인공지능학회 (IF: 0.51)"
1053,2022,전기전자공학,956420733,김인애,1,0.0141,0.036192,"[MPEG 몰입형 비디오 기반 6DoF 영상 스트리밍 성능 분석]
   └ 학회: 한국방송·미디어공학회 (IF: 0.39)"
1054,2022,전기전자공학,594404260,박성민,1,0.014,0.037862,"[서비스형 전기이륜차 부품 기술 동향]
   └ 학회: 대한전기학회 (IF: 0.37)"
1055,2022,전기전자공학,864474696,이일남,1,0.014,0.037862,"[서비스형 전기이륜차 부품 기술 동향]
   └ 학회: 대한전기학회 (IF: 0.37)"
1056,2022,전기전자공학,263797803,김성재,1,0.014,0.037862,"[서비스형 전기이륜차 부품 기술 동향]
   └ 학회: 대한전기학회 (IF: 0.37)"
1057,2022,전기전자공학,840839440,황원용,2,0.0138,0.030066,"[Pix2Pix의 수용 영역 조절을 통한 전통 고궁 이미지 복원 연구]
   └ 학회: 한국정보전자통신기술학회 (IF: 0.46)
--------------------------------
[Pix2Pix의 활용성을 위한 학습이미지 전처리 모델연계방안 연구]
   └ 학회: 한국정보전자통신기술학회 (IF: 0.46)"
1058,2022,전기전자공학,368652002,김효관,2,0.0138,0.030066,"[Pix2Pix의 수용 영역 조절을 통한 전통 고궁 이미지 복원 연구]
   └ 학회: 한국정보전자통신기술학회 (IF: 0.46)
--------------------------------
[Pix2Pix의 활용성을 위한 학습이미지 전처리 모델연계방안 연구]
   └ 학회: 한국정보전자통신기술학회 (IF: 0.46)"
1059,2022,전기전자공학,419916746,강태창,3,0.0137,0.024499,"[E-모빌리티를 위한 슈퍼커패시터 기반 배터리팩 구현]
   └ 학회: 한국정보기술학회 (IF: 0.56)
--------------------------------
[회전익 드론의 드론스테이션 충전베드 구조 설계 및 구현]
   └ 학회: 한국정보기술학회 (IF: 0.56)
--------------------------------
[초소형 전기차용 8kW 슈퍼커패시터 배터리팩을 위한 급속충전기 개발]
   └ 학회: 한국정보기술학회 (IF: 0.56)"
1060,2022,전기전자공학,410257922,김소수,7,0.0136,0.026726,"[W-band Frequency Synthesizer Development Based on Interposer Technology Using MMIC Chip Design and Fabrication Results]
   └ 학회: 국제인공지능학회 (IF: 0.51)
--------------------------------
[밀리미터파(W대역) 안테나 측정을 위한 원-전계 측정 시스템 설계 및 검증]
   └ 학회: 국제인공지능학회 (IF: 0.51)
--------------------------------
[밀리미터파 추적레이더 운용 알고리듬 연구를 위한 RAW 데이터 저장 장비 개발]
   └ 학회: 국제인공지능학회 (IF: 0.51)
--------------------------------
[Ka대역 100 W급 SSPA 개발]
   └ 학회: 국제인공지능학회 (IF: 0.51)
--------------------------------
[Ka-대역 GaN 저잡음 증폭기의 강건성 평가]
   └ 학회: 국제인공지능학회 (IF: 0.51)
--------------------------------
[2차 고조파 최소화를 위한 광대역 중간주파수신기 개발]
   └ 학회: 한국전자파학회 (IF: 0.45)
--------------------------------
[W대역 소형 레이다의 주파수 해상도 향상을 위한 위상잡음 분석]
   └ 학회: 한국전자파학회 (IF: 0.45)"
1061,2022,전기전자공학,112882275,김성일,2,0.0135,0.030066,"[유도성 소스 축퇴를 이용한 X-대역 GaN MMIC 저잡음 증폭기]
   └ 학회: 한국전자파학회 (IF: 0.45)
--------------------------------
[유도성 소스 축퇴를 이용한 X-대역 GaN MMIC 저잡음 증폭기]
   └ 학회: 한국전자파학회 (IF: 0.45)"
1062,2022,전기전자공학,766047443,방준성,2,0.0135,0.034522,"[메타버스에서 목적 지향 대화 시스템의 정확도 향상을 위한 상황 정보 활용 대화 상태 추적 기술]
   └ 학회: 한국방송·미디어공학회 (IF: 0.39)
--------------------------------
[디지털 윤리와 UX를 반영한 메타버스 R&D 추진전략]
   └ 학회: 한국방송·미디어공학회 (IF: 0.39)"
1063,2022,전기전자공학,727639048,김홍락,7,0.0133,0.026168999999999998,"[Ka대역 200W급 SSPA 설계 및 제작]
   └ 학회: 한국정보기술학회 (IF: 0.56)
--------------------------------
[공간결합기를 활용한 Ka대역 100W급 SSPA 설계 및 제작]
   └ 학회: 국제인공지능학회 (IF: 0.51)
--------------------------------
[적외선 영상 호밍센서 고속 영상신호처리기의 전자기파 내성 설계]
   └ 학회: 국제인공지능학회 (IF: 0.51)
--------------------------------
[고효율 및 높은 격리 특성을 갖는 Ka 대역 도파관 결합기 설계 및 제작]
   └ 학회: 국제인공지능학회 (IF: 0.51)
--------------------------------
[밀리미터파 추적레이더 운용 알고리듬 연구를 위한 RAW 데이터 저장 장비 개발]
   └ 학회: 국제인공지능학회 (IF: 0.51)
--------------------------------
[소형 대공 추적레이다용 전원공급기 개발]
   └ 학회: 국제인공지능학회 (IF: 0.51)
--------------------------------
[Ku- 및 Ka-Band 기반의 대공 탐색 레이다 효과도 분석]
   └ 학회: 한국전자파학회 (IF: 0.45)"
1064,2022,전기전자공학,291111528,김남윤,2,0.013,0.028953,"[개선된 전압 변동률을 갖는 다중 루프 저전압강하 레귤레이터]
   └ 학회: 한국전자파학회 (IF: 0.45)
--------------------------------
[2.4 ㎓ 대역 무선전력전송 고효율 수신부 IC 설계]
   └ 학회: 한국전자파학회 (IF: 0.45)"
1065,2022,전기전자공학,970623613,김창우,2,0.013,0.028953,"[개선된 전압 변동률을 갖는 다중 루프 저전압강하 레귤레이터]
   └ 학회: 한국전자파학회 (IF: 0.45)
--------------------------------
[2.4 ㎓ 대역 무선전력전송 고효율 수신부 IC 설계]
   └ 학회: 한국전자파학회 (IF: 0.45)"
1066,2022,전기전자공학,595834278,송유근,1,0.013,0.028953,"[2.4 ㎓ 대역 무선전력전송 고효율 수신부 IC 설계]
   └ 학회: 한국전자파학회 (IF: 0.45)"
1067,2022,전기전자공학,270529289,한신,1,0.013,0.028953,"[2.4 ㎓ 대역 무선전력전송 고효율 수신부 IC 설계]
   └ 학회: 한국전자파학회 (IF: 0.45)"
1068,2022,전기전자공학,764879714,이용태,1,0.013,0.033408,"[스마트 시티 용 IoT 단말기를 위한 셀 방송 기반의 경보 전송기법]
   └ 학회: 한국방송·미디어공학회 (IF: 0.39)"
1069,2022,전기전자공학,532375682,정진형,9,0.0126,0.027283,"[치아측색용 App 적용을 위한 색공간 변환 알고리즘 개발]
   └ 학회: 한국정보전자통신기술학회 (IF: 0.46)
--------------------------------
[집속형 초음파 자극 시스템의 사용적합성 형성평가에 대한 연구 및 고찰]
   └ 학회: 한국정보전자통신기술학회 (IF: 0.46)
--------------------------------
[다양한 식물에서의 PDRN(Polydeoxyribonucleotide) 추출 수율 비교 및 상처치유 효능 분석]
   └ 학회: 한국정보전자통신기술학회 (IF: 0.46)
--------------------------------
[쑥갓(Chrysanthemum coronarium L.) PDRN(Polydeoxyribonucleotide)의 항염증 효능 분석]
   └ 학회: 한국정보전자통신기술학회 (IF: 0.46)
--------------------------------
[다목적 직립형 스마트 고소작업차 설계 안정성 검증에 대한 연구]
   └ 학회: 한국정보전자통신기술학회 (IF: 0.46)
--------------------------------
[정맥 검출 장비 구현 및 영상처리 알고리즘 개발에 대한 연구]
   └ 학회: 한국정보전자통신기술학회 (IF: 0.46)
--------------------------------
[집속형초음파자극시스템 카트리지의 동물실험을 통한 피부자극시험 및 피부 감작성시험]
   └ 학회: 한국정보전자통신기술학회 (IF: 0.46)
--------------------------------
[정맥검출기의 NIR LED 수량에 따른 검출된 정맥 이미지 비교에 관한 연구]
   └ 학회: 한국정보전자통신기술학회 (IF: 0.46)
--------------------------------
[EMR 시스템 연동 정맥주사 관리 애플리케이션 개발에 대한 연구]
   └ 학회: 한국정보전자통신기술학회 (IF: 0.46)"
1070,2022,전기전자공학,972043883,조재현,7,0.0126,0.027283,"[치아측색용 App 적용을 위한 색공간 변환 알고리즘 개발]
   └ 학회: 한국정보전자통신기술학회 (IF: 0.46)
--------------------------------
[집속형 초음파 자극 시스템의 사용적합성 형성평가에 대한 연구 및 고찰]
   └ 학회: 한국정보전자통신기술학회 (IF: 0.46)
--------------------------------
[다목적 직립형 스마트 고소작업차 설계 안정성 검증에 대한 연구]
   └ 학회: 한국정보전자통신기술학회 (IF: 0.46)
--------------------------------
[정맥 검출 장비 구현 및 영상처리 알고리즘 개발에 대한 연구]
   └ 학회: 한국정보전자통신기술학회 (IF: 0.46)
--------------------------------
[집속형초음파자극시스템 카트리지의 동물실험을 통한 피부자극시험 및 피부 감작성시험]
   └ 학회: 한국정보전자통신기술학회 (IF: 0.46)
--------------------------------
[정맥검출기의 NIR LED 수량에 따른 검출된 정맥 이미지 비교에 관한 연구]
   └ 학회: 한국정보전자통신기술학회 (IF: 0.46)
--------------------------------
[EMR 시스템 연동 정맥주사 관리 애플리케이션 개발에 대한 연구]
   └ 학회: 한국정보전자통신기술학회 (IF: 0.46)"
1071,2022,전기전자공학,673575413,이상식,7,0.0126,0.027283,"[치아측색용 App 적용을 위한 색공간 변환 알고리즘 개발]
   └ 학회: 한국정보전자통신기술학회 (IF: 0.46)
--------------------------------
[다양한 식물에서의 PDRN(Polydeoxyribonucleotide) 추출 수율 비교 및 상처치유 효능 분석]
   └ 학회: 한국정보전자통신기술학회 (IF: 0.46)
--------------------------------
[쑥갓(Chrysanthemum coronarium L.) PDRN(Polydeoxyribonucleotide)의 항염증 효능 분석]
   └ 학회: 한국정보전자통신기술학회 (IF: 0.46)
--------------------------------
[다목적 직립형 스마트 고소작업차 설계 안정성 검증에 대한 연구]
   └ 학회: 한국정보전자통신기술학회 (IF: 0.46)
--------------------------------
[정맥 검출 장비 구현 및 영상처리 알고리즘 개발에 대한 연구]
   └ 학회: 한국정보전자통신기술학회 (IF: 0.46)
--------------------------------
[정맥검출기의 NIR LED 수량에 따른 검출된 정맥 이미지 비교에 관한 연구]
   └ 학회: 한국정보전자통신기술학회 (IF: 0.46)
--------------------------------
[EMR 시스템 연동 정맥주사 관리 애플리케이션 개발에 대한 연구]
   └ 학회: 한국정보전자통신기술학회 (IF: 0.46)"
1072,2022,전기전자공학,4598455,김재호,2,0.0126,0.022828,"[SARIMA모형을 이용한 코로나19 확진자수 예측]
   └ 학회: 한국정보통신학회 (IF: 0.55)
--------------------------------
[코로나 확진자 수 예측을 위한 BI-LSTM과 GRU 알고리즘의 성능 비교 분석]
   └ 학회: 한국정보통신학회 (IF: 0.55)"
1073,2022,전기전자공학,316970323,김장영,2,0.0126,0.022828,"[SARIMA모형을 이용한 코로나19 확진자수 예측]
   └ 학회: 한국정보통신학회 (IF: 0.55)
--------------------------------
[코로나 확진자 수 예측을 위한 BI-LSTM과 GRU 알고리즘의 성능 비교 분석]
   └ 학회: 한국정보통신학회 (IF: 0.55)"
1074,2022,전기전자공학,362708748,반효경,13,0.0125,0.024498,"[CPC: A File I/O Cache Management Policy for Compute-Bound Workloads]
   └ 학회: 국제인공지능학회 (IF: 0.51)
--------------------------------
[Energy-Efficient Last-Level Cache Management for PCM Memory Systems]
   └ 학회: 국제인공지능학회 (IF: 0.51)
--------------------------------
[Optimality of Interval Caching Policies in Multimedia Streaming Systems]
   └ 학회: 국제인공지능학회 (IF: 0.51)
--------------------------------
[Effect of Caching and Prefetching Techniques to Accelerate Channel Search Latency in IPTVs]
   └ 학회: 국제인공지능학회 (IF: 0.51)
--------------------------------
[Version-Aware Cooperative Caching for Multi-Node Rendering]
   └ 학회: 국제인공지능학회 (IF: 0.51)
--------------------------------
[고속 스토리지 환경의 메모리 관리를 위한 TLB 미스율 및 페이지 폴트율 모델링]
   └ 학회: 국제인공지능학회 (IF: 0.51)
--------------------------------
[영속 메모리를 이용한 스마트폰 버퍼 캐시의 선별적 플러시 정책]
   └ 학회: 국제인공지능학회 (IF: 0.51)
--------------------------------
[고속 스토리지 탑재에 따른 데스크탑과 스마트폰 환경의 페이지 크기 영향력 분석]
   └ 학회: 국제인공지능학회 (IF: 0.51)
--------------------------------
[다중 워크로드 환경을 위한 GPGPU 스레드 블록 스케줄링]
   └ 학회: 국제인공지능학회 (IF: 0.51)
--------------------------------
[가상화 환경에서 고속 스토리지를 위한 워크로드 맞춤형 페이지 크기 모델링]
   └ 학회: 국제인공지능학회 (IF: 0.51)
--------------------------------
[이종 모바일 멀티태스킹 환경을 위한 실시간 작업 인지형 메모리 할당 기술 연구]
   └ 학회: 국제인공지능학회 (IF: 0.51)
--------------------------------
[모바일 기기의 실시간 작업 지원을 위한 종단간 자원 관리 기술]
   └ 학회: 국제인공지능학회 (IF: 0.51)
--------------------------------
[스토리지 쓰기량과 페이지 폴트를 줄이는 메모리 부하 적응형 페이지 교체 정책]
   └ 학회: 국제인공지능학회 (IF: 0.51)"
1075,2022,전기전자공학,463557910,장병준,3,0.0125,0.027840999999999998,"[UWB 측위기술의 원리 및 동향]
   └ 학회: 한국전자파학회 (IF: 0.45)
--------------------------------
[HRP UWB 채널임펄스응답의 측정 및 분석]
   └ 학회: 한국전자파학회 (IF: 0.45)
--------------------------------
[HRP UWB 통신의 채널 특성 변화를 이용한 실내 사람 수 파악]
   └ 학회: 한국전자파학회 (IF: 0.45)"
1076,2022,전기전자공학,942381617,나정호,1,0.0125,0.022272,"[사고 위험도 지수 기반 실시간 블랙아이스 경보 서비스]
   └ 학회: 한국정보기술학회 (IF: 0.56)"
1077,2022,전기전자공학,991864603,강윤아,1,0.0125,0.022272,"[사고 위험도 지수 기반 실시간 블랙아이스 경보 서비스]
   └ 학회: 한국정보기술학회 (IF: 0.56)"
1078,2022,전기전자공학,538423951,김지혜,1,0.0125,0.022272,"[사고 위험도 지수 기반 실시간 블랙아이스 경보 서비스]
   └ 학회: 한국정보기술학회 (IF: 0.56)"
1079,2022,전기전자공학,816810015,오효정,1,0.0125,0.022272,"[사고 위험도 지수 기반 실시간 블랙아이스 경보 서비스]
   └ 학회: 한국정보기술학회 (IF: 0.56)"
1080,2022,전기전자공학,307800753,노대석,5,0.0124,0.033406,"[5kV급 MV-LVDC 독립형 마이크로그리드의 보호협조 운용방안에 관한 연구]
   └ 학회: 대한전기학회 (IF: 0.37)
--------------------------------
[이차전지를 이용한 2kW 태양광전원용 전압보상장치의 운용 방안에 관한 연구]
   └ 학회: 대한전기학회 (IF: 0.37)
--------------------------------
[전기저장장치용 SPD의 최적운용 평가 알고리즘에 관한 연구]
   └ 학회: 대한전기학회 (IF: 0.37)
--------------------------------
[배전계통에 있어서 태양광전원의 수용성 향상을 위한 SVR 및 ESS의 운용방안]
   └ 학회: 대한전기학회 (IF: 0.37)
--------------------------------
[ESS용 리튬이온전지의 열폭주 방지용 오프가스 검출 알고리즘에 관한 연구]
   └ 학회: 대한전기학회 (IF: 0.37)"
1081,2022,전기전자공학,798869457,김영호,3,0.0124,0.016704,"[IPC 군집화 기반의 특허 Landscape에 관한 연구]
   └ 학회: 한국지능시스템학회 (IF: 0.74)
--------------------------------
[기술분류를 위한 특허 이미지화 및 군집화에 관한 연구]
   └ 학회: 한국지능시스템학회 (IF: 0.74)
--------------------------------
[IPC 코드 정량적 할당 방법에 관한 연구]
   └ 학회: 한국지능시스템학회 (IF: 0.74)"
1082,2022,전기전자공학,191927157,오장섭,2,0.0123,0.014476,"[동적 장면에서의 차간 거리 보정을 위한 광학 흐름 기반 차량 자세 추정]
   └ 학회: 제어로봇시스템학회 (IF: 0.85)
--------------------------------
[카메라-IMU 센서 융합 기반 자세 추정을 통한 전방 객체 거리 정밀 보정]
   └ 학회: 제어로봇시스템학회 (IF: 0.85)"
1083,2022,전기전자공학,692483341,김종광,2,0.0123,0.014476,"[동적 장면에서의 차간 거리 보정을 위한 광학 흐름 기반 차량 자세 추정]
   └ 학회: 제어로봇시스템학회 (IF: 0.85)
--------------------------------
[카메라-IMU 센서 융합 기반 자세 추정을 통한 전방 객체 거리 정밀 보정]
   └ 학회: 제어로봇시스템학회 (IF: 0.85)"
1084,2022,전기전자공학,939976539,이성우,2,0.0123,0.014476,"[동적 장면에서의 차간 거리 보정을 위한 광학 흐름 기반 차량 자세 추정]
   └ 학회: 제어로봇시스템학회 (IF: 0.85)
--------------------------------
[카메라-IMU 센서 융합 기반 자세 추정을 통한 전방 객체 거리 정밀 보정]
   └ 학회: 제어로봇시스템학회 (IF: 0.85)"
1085,2022,전기전자공학,461724864,정석찬,2,0.0123,0.018931,"[화물 선적 최적화를 위한 LiDar 센서 기반 비규격 화물 체적산출 방법 연구]
   └ 학회: 한국멀티미디어학회 (IF: 0.65)
--------------------------------
[OPC UA 기반 스마트팩토리 디지털 트윈 테스트베드 시스템 개발]
   └ 학회: 한국멀티미디어학회 (IF: 0.65)"
1086,2022,전기전자공학,384570248,최동혁,2,0.0123,0.018931,"[SF영화 속 가상공간의 특징에 대한 연구 - 앙드레 바쟁의 영화 존재론을 중심으로 -]
   └ 학회: 한국멀티미디어학회 (IF: 0.65)
--------------------------------
[Themes and Culture Concepts in Disney’s “Mulan”: The Evolution from Chinese “Imagery” to Postmodernism]
   └ 학회: 한국멀티미디어학회 (IF: 0.65)"
1087,2022,전기전자공학,337238507,Jia Xing Zou,1,0.0123,0.018931,"[Research on Improving Memory of VR Game based on Visual Thinking]
   └ 학회: 한국멀티미디어학회 (IF: 0.65)"
1088,2022,전기전자공학,573313386,고호빈,1,0.0123,0.018931,"[영화사적 관점에서의 실감 미디어 출현의 의의]
   └ 학회: 한국멀티미디어학회 (IF: 0.65)"
1089,2022,전기전자공학,548349819,김재성,1,0.0123,0.018931,"[OPC UA 기반 스마트팩토리 디지털 트윈 테스트베드 시스템 개발]
   └ 학회: 한국멀티미디어학회 (IF: 0.65)"
1090,2022,전기전자공학,427646585,서동우,1,0.0123,0.018931,"[OPC UA 기반 스마트팩토리 디지털 트윈 테스트베드 시스템 개발]
   └ 학회: 한국멀티미디어학회 (IF: 0.65)"
1091,2022,전기전자공학,430147277,김대기,1,0.0123,0.018931,"[OPC UA 기반 스마트팩토리 디지털 트윈 테스트베드 시스템 개발]
   └ 학회: 한국멀티미디어학회 (IF: 0.65)"
1092,2022,전기전자공학,326905889,이지은,1,0.0123,0.018931,"[가상현실 3차원 색상 선택기의 사용자 요인 분석 및 평가]
   └ 학회: 한국멀티미디어학회 (IF: 0.65)"
1093,2022,전기전자공학,379537008,겅허치,1,0.0123,0.018931,"[SF영화 속 가상공간의 특징에 대한 연구 - 앙드레 바쟁의 영화 존재론을 중심으로 -]
   └ 학회: 한국멀티미디어학회 (IF: 0.65)"
1094,2022,전기전자공학,940967701,강동현,1,0.0123,0.018931,"[VR 환경에서의 효과적인 광고 연출에 관한 연구]
   └ 학회: 한국멀티미디어학회 (IF: 0.65)"
1095,2022,전기전자공학,489955416,김남호,10,0.0122,0.022272,"[AWGN 환경에서 가우시안 분포 기반의 퍼지 가중치를 사용한 스위칭 필터 알고리즘]
   └ 학회: 한국정보통신학회 (IF: 0.55)
--------------------------------
[LED의 조도를 기반으로 삼각측량법을 사용한 물체 위치 계측 시스템]
   └ 학회: 한국정보통신학회 (IF: 0.55)
--------------------------------
[Salt and Pepper 잡음 제거를 위한 퍼지 논리 가중치 필터]
   └ 학회: 한국정보통신학회 (IF: 0.55)
--------------------------------
[임펄스 잡음 제거를 위한 부분 마스크와 라그랑지 보간법에 기반한 필터 알고리즘]
   └ 학회: 한국정보통신학회 (IF: 0.55)
--------------------------------
[연료 감소율 검증을 위한 중소형 선박의 모델링 및 시뮬레이션]
   └ 학회: 한국정보통신학회 (IF: 0.55)
--------------------------------
[유효화소와 선형보간법을 이용한 Salt and Pepper 잡음제거]
   └ 학회: 한국정보통신학회 (IF: 0.55)
--------------------------------
[고밀도 임펄스 잡음에 훼손된 영상 복원을 위한 적응형 가중치 필터 알고리즘]
   └ 학회: 한국정보통신학회 (IF: 0.55)
--------------------------------
[유클리드 거리 가중치를 기반한 Salt and Pepper 잡음 제거 알고리즘]
   └ 학회: 한국정보통신학회 (IF: 0.55)
--------------------------------
[멀티 홉 통신을 기반한 화학 사고 대응 실시간 원격 모니터링 시스템]
   └ 학회: 한국정보통신학회 (IF: 0.55)
--------------------------------
[A Modified Steering Kernel Filter for AWGN Removal based on Kernel Similarity]
   └ 학회: 한국정보통신학회JICCE (IF: 0.55)"
1096,2022,전기전자공학,574496595,서창진,2,0.0122,0.032850000000000004,"[게임 메모리 변조 공격 방지를 위한 블록체인 기반 게임 해킹 탐지 시스템 개발]
   └ 학회: 대한전기학회 (IF: 0.37)
--------------------------------
[딥러닝 기반의 2차원 이미지 왜곡 분류 및 이미지 각도 보정 시스템 개발]
   └ 학회: 대한전기학회 (IF: 0.37)"
1097,2022,전기전자공학,751911761,Samyuktha Muralidharan,1,0.0122,0.022272,"[Scalable Prediction Models for Airbnb Listing in Spark Big Data Cluster using GPU-accelerated RAPIDS]
   └ 학회: 한국정보통신학회JICCE (IF: 0.55)"
1098,2022,전기전자공학,932034208,Savita Yadav,1,0.0122,0.022272,"[Scalable Prediction Models for Airbnb Listing in Spark Big Data Cluster using GPU-accelerated RAPIDS]
   └ 학회: 한국정보통신학회JICCE (IF: 0.55)"
1099,2022,전기전자공학,710712015,Jungwoo Huh,1,0.0122,0.022272,"[Scalable Prediction Models for Airbnb Listing in Spark Big Data Cluster using GPU-accelerated RAPIDS]
   └ 학회: 한국정보통신학회JICCE (IF: 0.55)"
1100,2022,전기전자공학,459333185,Sanghoon Lee,1,0.0122,0.022272,"[Scalable Prediction Models for Airbnb Listing in Spark Big Data Cluster using GPU-accelerated RAPIDS]
   └ 학회: 한국정보통신학회JICCE (IF: 0.55)"
1101,2022,전기전자공학,129387759,Jongwook Woo,1,0.0122,0.022272,"[Scalable Prediction Models for Airbnb Listing in Spark Big Data Cluster using GPU-accelerated RAPIDS]
   └ 학회: 한국정보통신학회JICCE (IF: 0.55)"
1102,2022,전기전자공학,806374955,기재석,2,0.0118,0.021158,"[가상환경에서 원자로 내부구조물의 해체 공정 시나리오를 도출하기 위한 절단 경로 생성 방법론 개발]
   └ 학회: 한국정보기술학회 (IF: 0.56)
--------------------------------
[원자로 내부 구조물(RVI)의 최적 해체 시나리오를 도출하기 위한 RVI 절단 공정 시뮬레이션 프로그램 개발]
   └ 학회: 한국정보기술학회 (IF: 0.56)"
1103,2022,전기전자공학,842651666,황교찬,2,0.0118,0.021158,"[가상환경에서 원자로 내부구조물의 해체 공정 시나리오를 도출하기 위한 절단 경로 생성 방법론 개발]
   └ 학회: 한국정보기술학회 (IF: 0.56)
--------------------------------
[원자로 내부 구조물(RVI)의 최적 해체 시나리오를 도출하기 위한 RVI 절단 공정 시뮬레이션 프로그램 개발]
   └ 학회: 한국정보기술학회 (IF: 0.56)"
1104,2022,전기전자공학,136452222,최주호,2,0.0118,0.021158,"[가상환경에서 원자로 내부구조물의 해체 공정 시나리오를 도출하기 위한 절단 경로 생성 방법론 개발]
   └ 학회: 한국정보기술학회 (IF: 0.56)
--------------------------------
[원자로 내부 구조물(RVI)의 최적 해체 시나리오를 도출하기 위한 RVI 절단 공정 시뮬레이션 프로그램 개발]
   └ 학회: 한국정보기술학회 (IF: 0.56)"
1105,2022,전기전자공학,886410220,서정,2,0.0118,0.021158,"[가상환경에서 원자로 내부구조물의 해체 공정 시나리오를 도출하기 위한 절단 경로 생성 방법론 개발]
   └ 학회: 한국정보기술학회 (IF: 0.56)
--------------------------------
[원자로 내부 구조물(RVI)의 최적 해체 시나리오를 도출하기 위한 RVI 절단 공정 시뮬레이션 프로그램 개발]
   └ 학회: 한국정보기술학회 (IF: 0.56)"
1106,2022,전기전자공학,5157286,이다솔,1,0.0118,0.01392,"[드론 군집을 위한 실시간 다중 임무계획 및 궤적계획 알고리즘]
   └ 학회: 제어로봇시스템학회 (IF: 0.85)"
1107,2022,전기전자공학,532492710,백승재,1,0.0118,0.01392,"[공중 이동이 가능한 자율 무인 잠수정 개념 설계]
   └ 학회: 제어로봇시스템학회 (IF: 0.85)"
1108,2022,전기전자공학,961992118,정상기,1,0.0118,0.01392,"[공중 이동이 가능한 자율 무인 잠수정 개념 설계]
   └ 학회: 제어로봇시스템학회 (IF: 0.85)"
1109,2022,전기전자공학,137697687,이석형,1,0.0118,0.01392,"[공중 이동이 가능한 자율 무인 잠수정 개념 설계]
   └ 학회: 제어로봇시스템학회 (IF: 0.85)"
1110,2022,전기전자공학,107804246,정봉출,1,0.0118,0.01392,"[공중 이동이 가능한 자율 무인 잠수정 개념 설계]
   └ 학회: 제어로봇시스템학회 (IF: 0.85)"
1111,2022,전기전자공학,860138166,조규철,1,0.0118,0.01392,"[공중 이동이 가능한 자율 무인 잠수정 개념 설계]
   └ 학회: 제어로봇시스템학회 (IF: 0.85)"
1112,2022,전기전자공학,352936407,Minjoo Park,1,0.0116,0.021158,"[A Study on Marker-based Detection Method of Object Position using Perspective Projection]
   └ 학회: 한국정보통신학회JICCE (IF: 0.55)"
1113,2022,전기전자공학,140461428,김재광,2,0.0115,0.01559,"[ECG 잡음에 강건한 트랜스포머 기반 부정맥 감지 모델]
   └ 학회: 한국지능시스템학회 (IF: 0.74)
--------------------------------
[사용자 선호도와 콘텐츠 정보를 기반으로 한 교차 도메인에서의 하이브리드 추천 방법]
   └ 학회: 한국지능시스템학회 (IF: 0.74)"
1114,2022,전기전자공학,229071385,고병수,1,0.0115,0.029509999999999998,"[메타버스 기반의 실감 콘텐츠 연구개발 지원 사업 동향]
   └ 학회: 한국방송·미디어공학회 (IF: 0.39)"
1115,2022,전기전자공학,890604378,김명하,1,0.0115,0.029509999999999998,"[메타버스 기반의 실감 콘텐츠 연구개발 지원 사업 동향]
   └ 학회: 한국방송·미디어공학회 (IF: 0.39)"
1116,2022,전기전자공학,170879347,임태범,1,0.0115,0.029509999999999998,"[메타버스에서의 탈중앙화 자율 조직과 Web 3.0 동향 및 미래 가능성에 대한 고찰]
   └ 학회: 한국방송·미디어공학회 (IF: 0.39)"
1117,2022,전기전자공학,372129076,김동화,1,0.0115,0.029509999999999998,"[메타버스에서의 탈중앙화 자율 조직과 Web 3.0 동향 및 미래 가능성에 대한 고찰]
   └ 학회: 한국방송·미디어공학회 (IF: 0.39)"
1118,2022,전기전자공학,658371513,변성우,1,0.0115,0.029509999999999998,"[메타버스에서의 탈중앙화 자율 조직과 Web 3.0 동향 및 미래 가능성에 대한 고찰]
   └ 학회: 한국방송·미디어공학회 (IF: 0.39)"
1119,2022,전기전자공학,755730412,Chaelin Yu,1,0.0114,0.022272,"[A Study on Influencer Food-Content Sentiment Keyword Analysis using Semantic Network based on Social Network]
   └ 학회: 국제인공지능학회 (IF: 0.51)"
1120,2022,전기전자공학,661278752,이준영,1,0.0114,0.022272,"[A Study on Influencer Food-Content Sentiment Keyword Analysis using Semantic Network based on Social Network]
   └ 학회: 국제인공지능학회 (IF: 0.51)"
1121,2022,전기전자공학,107594694,문석재,1,0.0114,0.022272,"[A Study on Influencer Food-Content Sentiment Keyword Analysis using Semantic Network based on Social Network]
   └ 학회: 국제인공지능학회 (IF: 0.51)"
1122,2022,전기전자공학,723109475,유경미,1,0.0114,0.022272,"[A study on changes in domestic tourism trends using social big data analysis - Comparison before and after COVID19 -]
   └ 학회: 국제인공지능학회 (IF: 0.51)"
1123,2022,전기전자공학,187669809,최연희,1,0.0114,0.022272,"[A study on changes in domestic tourism trends using social big data analysis - Comparison before and after COVID19 -]
   └ 학회: 국제인공지능학회 (IF: 0.51)"
1124,2022,전기전자공학,563415444,정석준,1,0.0114,0.022272,"[A study on changes in the food service industry about keyword before and after COVID-19 using big data]
   └ 학회: 국제인공지능학회 (IF: 0.51)"
1125,2022,전기전자공학,689612678,김명희,1,0.0114,0.022272,"[A Study on Zero Pay Image Recognition Using Big Data Analysis]
   └ 학회: 국제인공지능학회 (IF: 0.51)"
1126,2022,전기전자공학,668167930,"LEE, JINHO",1,0.0114,0.022272,"[A Study on the Promotion of Yakseon Food Using Big Data]
   └ 학회: 국제인공지능학회 (IF: 0.51)"
1127,2022,전기전자공학,556179149,"KIM, AE SOOK",1,0.0114,0.022272,"[A Study on the Promotion of Yakseon Food Using Big Data]
   └ 학회: 국제인공지능학회 (IF: 0.51)"
1128,2022,전기전자공학,898348217,"Hwang, Chi-Gon",1,0.0114,0.022272,"[A Study on the Promotion of Yakseon Food Using Big Data]
   └ 학회: 국제인공지능학회 (IF: 0.51)"
1129,2022,전기전자공학,264535654,"Min, Byun Kwang",1,0.0114,0.022272,"[A study on Metaverse Consumer perception survey before and after Covid-19 using CONCOR analysis on BIG Data]
   └ 학회: 국제인공지능학회 (IF: 0.51)"
1130,2022,전기전자공학,119453510,"Hwan, Ryu Gi",1,0.0114,0.022272,"[A study on Metaverse Consumer perception survey before and after Covid-19 using CONCOR analysis on BIG Data]
   └ 학회: 국제인공지능학회 (IF: 0.51)"
1131,2022,전기전자공학,744297455,이동철,1,0.0114,0.022272,"[자율주행 자동차의 주차를 위한 강화학습 활성화 함수 비교 분석]
   └ 학회: 국제인공지능학회 (IF: 0.51)"
1132,2022,전기전자공학,625076,류상문,1,0.0113,0.020601,"[소벨 연산을 이용한 FPGA 기반 고속 윤곽선 검출 회로 구현]
   └ 학회: 한국정보통신학회 (IF: 0.55)"
1133,2022,전기전자공학,595273690,김유빈,1,0.0112,0.017261,"[메타버스 플랫폼을 활용한 전시 감상수업에서 초등 학습자의 상호작용성 향상을 위한 UX 분석: 제페토를 중심으로]
   └ 학회: 한국멀티미디어학회 (IF: 0.65)"
1134,2022,전기전자공학,479878320,남양희,1,0.0112,0.017261,"[메타버스 플랫폼을 활용한 전시 감상수업에서 초등 학습자의 상호작용성 향상을 위한 UX 분석: 제페토를 중심으로]
   └ 학회: 한국멀티미디어학회 (IF: 0.65)"
1135,2022,전기전자공학,831553186,송승열,1,0.0112,0.017261,"[스토리텔링 기반 실감형 게임콘텐츠의 몰입감 분석: VR게임을 중심으로]
   └ 학회: 한국멀티미디어학회 (IF: 0.65)"
1136,2022,전기전자공학,251968833,남의석,2,0.0111,0.030066000000000002,"[하수처리시스템의 에너지 효율]
   └ 학회: 대한전기학회 (IF: 0.37)
--------------------------------
[XAI(eXplainable AI) 기반 하수처리 활성오니공정 용존산소 제어를 위한 신경회로망 모델링]
   └ 학회: 대한전기학회 (IF: 0.37)"
1137,2022,전기전자공학,907008475,박지성,2,0.011,0.024498,"[3년만에 부활한 MWC22, 코로나19 이후 모바일의 미래를 보다]
   └ 학회: 한국전자파학회 (IF: 0.45)
--------------------------------
[5G 특화망 1주년, 새로운 초연결 인프라 생태계 가능성을 보다]
   └ 학회: 한국전자파학회 (IF: 0.45)"
1138,2022,전기전자공학,545419762,송건학,1,0.0109,0.019486999999999997,"[영상의 구조적 왜곡억제를 위한 희소 그라디언트 가이드 주의집중 및 웨이블릿 손실을 활용한 초해상화]
   └ 학회: 한국정보기술학회 (IF: 0.56)"
1139,2022,전기전자공학,748527358,추현승,1,0.0109,0.019486999999999997,"[영상의 구조적 왜곡억제를 위한 희소 그라디언트 가이드 주의집중 및 웨이블릿 손실을 활용한 초해상화]
   └ 학회: 한국정보기술학회 (IF: 0.56)"
1140,2022,전기전자공학,190445359,최지욱,2,0.0108,0.018931,"[3-leg 랜딩 시스템 기반 쿼드콥터의 험지 착륙 기법]
   └ 학회: 한국로봇학회(논문지) (IF: 0.57)
--------------------------------
[탁구 로봇을 위한 빠른 자세 분류 시스템 개발]
   └ 학회: 한국로봇학회(논문지) (IF: 0.57)"
1141,2022,전기전자공학,783627546,박진우,1,0.0108,0.018931,"[3-leg 랜딩 시스템 기반 쿼드콥터의 험지 착륙 기법]
   └ 학회: 한국로봇학회(논문지) (IF: 0.57)"
1142,2022,전기전자공학,457692932,천동훈,1,0.0108,0.018931,"[3-leg 랜딩 시스템 기반 쿼드콥터의 험지 착륙 기법]
   └ 학회: 한국로봇학회(논문지) (IF: 0.57)"
1143,2022,전기전자공학,473563914,이승준,1,0.0108,0.018931,"[3-leg 랜딩 시스템 기반 쿼드콥터의 험지 착륙 기법]
   └ 학회: 한국로봇학회(논문지) (IF: 0.57)"
1144,2022,전기전자공학,688079402,하은총,1,0.0106,0.018931,"[실시간 모션캡처를 사용한 VR 원격 교육시스템]
   └ 학회: 한국정보기술학회 (IF: 0.56)"
1145,2022,전기전자공학,132902505,김대철,1,0.0106,0.018931,"[소성가공 분야에서 인공지능을 이용한 절단면 이물질 검출]
   └ 학회: 한국정보기술학회 (IF: 0.56)"
1146,2022,전기전자공학,302900389,이수민,1,0.0106,0.018931,"[소성가공 분야에서 인공지능을 이용한 절단면 이물질 검출]
   └ 학회: 한국정보기술학회 (IF: 0.56)"
1147,2022,전기전자공학,140820325,홍인희,1,0.0106,0.018931,"[소성가공 분야에서 인공지능을 이용한 절단면 이물질 검출]
   └ 학회: 한국정보기술학회 (IF: 0.56)"
1148,2022,전기전자공학,919241858,김수영,1,0.0106,0.018931,"[대기오염 배출구의 정확한 오염도 측정을 위한 5-point 수집 비행 알고리즘]
   └ 학회: 한국정보기술학회 (IF: 0.56)"
1149,2022,전기전자공학,838644438,강민욱,1,0.0106,0.018931,"[분할된 지연 감내 네트워크에서 UAV를 이용한 효과적인 메시지 전달 기법]
   └ 학회: 한국정보기술학회 (IF: 0.56)"
1150,2022,전기전자공학,119972011,정윤원,1,0.0106,0.018931,"[분할된 지연 감내 네트워크에서 UAV를 이용한 효과적인 메시지 전달 기법]
   └ 학회: 한국정보기술학회 (IF: 0.56)"
1151,2022,전기전자공학,412936672,임희정,1,0.0106,0.018931,"[사용자의 감정 자각을 위한 가상현실 콘텐츠]
   └ 학회: 한국정보기술학회 (IF: 0.56)"
1152,2022,전기전자공학,398547311,김준형,1,0.0105,0.016147,"[후류 영향 최적화 기반 실시간 풍력발전단지 발전 제어용 EMS의 설계 및 구현]
   └ 학회: 한국멀티미디어학회 (IF: 0.65)"
1153,2022,전기전자공학,624615614,성기원,1,0.0105,0.016147,"[후류 영향 최적화 기반 실시간 풍력발전단지 발전 제어용 EMS의 설계 및 구현]
   └ 학회: 한국멀티미디어학회 (IF: 0.65)"
1154,2022,전기전자공학,826149756,정성환,1,0.0105,0.016147,"[후류 영향 최적화 기반 실시간 풍력발전단지 발전 제어용 EMS의 설계 및 구현]
   └ 학회: 한국멀티미디어학회 (IF: 0.65)"
1155,2022,전기전자공학,858032252,오지현,2,0.0104,0.018931,"[VR 기반 선박 비상 대응 교육 컨텐츠 개발]
   └ 학회: 한국정보통신학회 (IF: 0.55)
--------------------------------
[선박용 에너지 관리 시스템 알고리즘 검증을 위한 신호 연동 시뮬레이터 개발]
   └ 학회: 한국정보통신학회 (IF: 0.55)"
1156,2022,전기전자공학,849715551,이종학,2,0.0104,0.018931,"[VR 기반 선박 비상 대응 교육 컨텐츠 개발]
   └ 학회: 한국정보통신학회 (IF: 0.55)
--------------------------------
[선박용 에너지 관리 시스템 알고리즘 검증을 위한 신호 연동 시뮬레이터 개발]
   └ 학회: 한국정보통신학회 (IF: 0.55)"
1157,2022,전기전자공학,181860889,나완수,5,0.0103,0.022829,"[DDPG 방법을 이용한 4포트 EMI 필터의 설계 방법에 대한 연구]
   └ 학회: 한국전자파학회 (IF: 0.45)
--------------------------------
[PEEC 기법을 사용한 부스바와 결합된 EMI 필터의 등가 회로 모델 개발]
   └ 학회: 한국전자파학회 (IF: 0.45)
--------------------------------
[고병렬 프로브 카드의 신호 특성 향상을 위한 보호저항 최적화에 대한 연구]
   └ 학회: 한국전자파학회 (IF: 0.45)
--------------------------------
[ABCD 파라미터를 활용한 PT의 고주파 전달특성 측정 및 분석]
   └ 학회: 대한전기학회 (IF: 0.37)
--------------------------------
[접지망에서의 과도 전위 변동으로 인한 2차 케이블의 전압변동 예측을 위한 등가 회로모델 개발에 대한 연구]
   └ 학회: 대한전기학회 (IF: 0.37)"
1158,2022,전기전자공학,402616150,김광호,2,0.0103,0.022829,"[DDPG 방법을 이용한 4포트 EMI 필터의 설계 방법에 대한 연구]
   └ 학회: 한국전자파학회 (IF: 0.45)
--------------------------------
[PEEC 기법을 사용한 부스바와 결합된 EMI 필터의 등가 회로 모델 개발]
   └ 학회: 한국전자파학회 (IF: 0.45)"
1159,2022,전기전자공학,5110634,정승원,1,0.0103,0.018374,"[신뢰성 있는 경력 증명을 위한 블록체인 기반 디지털 배지 프레임워크 설계]
   └ 학회: 한국정보기술학회 (IF: 0.56)"
1160,2022,전기전자공학,259375267,서미희,6,0.0102,0.020044,"[W-band Frequency Synthesizer Development Based on Interposer Technology Using MMIC Chip Design and Fabrication Results]
   └ 학회: 국제인공지능학회 (IF: 0.51)
--------------------------------
[Fin-line taper를 이용한 W-대역 마이크로스트립-도파관 전이구조 설계]
   └ 학회: 국제인공지능학회 (IF: 0.51)
--------------------------------
[Ka대역 100 W급 SSPA 개발]
   └ 학회: 국제인공지능학회 (IF: 0.51)
--------------------------------
[Ka-대역 GaN 저잡음 증폭기의 강건성 평가]
   └ 학회: 국제인공지능학회 (IF: 0.51)
--------------------------------
[2차 고조파 최소화를 위한 광대역 중간주파수신기 개발]
   └ 학회: 한국전자파학회 (IF: 0.45)
--------------------------------
[W대역 소형 레이다의 주파수 해상도 향상을 위한 위상잡음 분석]
   └ 학회: 한국전자파학회 (IF: 0.45)"
1161,2022,전기전자공학,601306678,권순철,5,0.0102,0.022271,"[A study on the audio/video integrated control system based on network]
   └ 학회: 국제인공지능학회 (IF: 0.51)
--------------------------------
[Implementation of Video Mirroring System based on IP]
   └ 학회: 국제인공지능학회 (IF: 0.51)
--------------------------------
[A Novle Method for Efficient Mobile AR Service in Edge Mesh Network]
   └ 학회: 국제인공지능학회 (IF: 0.51)
--------------------------------
[Performance Analysis of Cloud Rendering Based on Web Real-Time Communication]
   └ 학회: 국제인공지능학회 (IF: 0.51)
--------------------------------
[실시간 온라인 수업 및 시험 태도 데이터 세트 설계 및 구현]
   └ 학회: 한국방송·미디어공학회 (IF: 0.39)"
1162,2022,전기전자공학,209033818,김경태,2,0.0101,0.01559,"[다중 스케일 어텐션과 심층 앙상블 기반 동물 피부 병변 분류 기법]
   └ 학회: 한국멀티미디어학회 (IF: 0.65)
--------------------------------
[단일 훈련 샘플만을 활용하는 준-지도학습 심층 도메인 적응 기반 얼굴인식 기술 개발]
   └ 학회: 한국멀티미디어학회 (IF: 0.65)"
1163,2022,전기전자공학,951222280,최재영,2,0.0101,0.01559,"[다중 스케일 어텐션과 심층 앙상블 기반 동물 피부 병변 분류 기법]
   └ 학회: 한국멀티미디어학회 (IF: 0.65)
--------------------------------
[단일 훈련 샘플만을 활용하는 준-지도학습 심층 도메인 적응 기반 얼굴인식 기술 개발]
   └ 학회: 한국멀티미디어학회 (IF: 0.65)"
1164,2022,전기전자공학,613779512,박판근,2,0.0101,0.023385999999999997,"[실내 차량 내비게이션을 위한 다방향 DRSS 기술]
   └ 학회: 한국정보통신학회 (IF: 0.55)
--------------------------------
[디지털 윤리와 UX를 반영한 메타버스 R&D 추진전략]
   └ 학회: 한국방송·미디어공학회 (IF: 0.39)"
1165,2022,전기전자공학,313298501,김현진,2,0.0099,0.011693,"[특집호 서문: 무인이동체]
   └ 학회: 제어로봇시스템학회 (IF: 0.85)
--------------------------------
[환경 변화에 강인한 영상 항법 기술 동향]
   └ 학회: 제어로봇시스템학회 (IF: 0.85)"
1166,2022,전기전자공학,927422492,김창현,1,0.0099,0.011693,"[환경 변화에 강인한 영상 항법 기술 동향]
   └ 학회: 제어로봇시스템학회 (IF: 0.85)"
1167,2022,전기전자공학,134393749,장영석,1,0.0099,0.011693,"[환경 변화에 강인한 영상 항법 기술 동향]
   └ 학회: 제어로봇시스템학회 (IF: 0.85)"
1168,2022,전기전자공학,641851101,김준하,1,0.0099,0.011693,"[환경 변화에 강인한 영상 항법 기술 동향]
   └ 학회: 제어로봇시스템학회 (IF: 0.85)"
1169,2022,전기전자공학,787233458,한영수,1,0.0099,0.011693,"[환경 변화에 강인한 영상 항법 기술 동향]
   └ 학회: 제어로봇시스템학회 (IF: 0.85)"
1170,2022,전기전자공학,586112384,권경빈,1,0.0099,0.026726,"[공조설비와 에너지저장장치 제어를 위한 강화학습 기반 에너지관리 에이전트 개발]
   └ 학회: 대한전기학회 (IF: 0.37)"
1171,2022,전기전자공학,273581414,홍수민,1,0.0099,0.026726,"[공조설비와 에너지저장장치 제어를 위한 강화학습 기반 에너지관리 에이전트 개발]
   └ 학회: 대한전기학회 (IF: 0.37)"
1172,2022,전기전자공학,685552631,허재행,1,0.0099,0.026726,"[공조설비와 에너지저장장치 제어를 위한 강화학습 기반 에너지관리 에이전트 개발]
   └ 학회: 대한전기학회 (IF: 0.37)"
1173,2022,전기전자공학,363235606,구동현,1,0.0098,0.015033,"[상호증류를 활용한 SRGAN의 성능 개선]
   └ 학회: 한국멀티미디어학회 (IF: 0.65)"
1174,2022,전기전자공학,262931385,박한훈,1,0.0098,0.015033,"[상호증류를 활용한 SRGAN의 성능 개선]
   └ 학회: 한국멀티미디어학회 (IF: 0.65)"
1175,2022,전기전자공학,539927400,양영하,1,0.0098,0.017261,"[노이즈 환경에서 효과적인 로봇 강화 학습의 정책 탐색 방법]
   └ 학회: 한국로봇학회(논문지) (IF: 0.57)"
1176,2022,전기전자공학,605150001,이철수,1,0.0098,0.017261,"[노이즈 환경에서 효과적인 로봇 강화 학습의 정책 탐색 방법]
   └ 학회: 한국로봇학회(논문지) (IF: 0.57)"
1177,2022,전기전자공학,421158985,김두준,1,0.0098,0.017261,"[시연에 의해 유도된 탐험을 통한 시각 기반의 물체 조작]
   └ 학회: 한국로봇학회(논문지) (IF: 0.57)"
1178,2022,전기전자공학,184020932,조현준,1,0.0098,0.017261,"[시연에 의해 유도된 탐험을 통한 시각 기반의 물체 조작]
   └ 학회: 한국로봇학회(논문지) (IF: 0.57)"
1179,2022,전기전자공학,558370817,김수영,1,0.0098,0.017261,"[제어 장벽함수를 이용한 안전한 행동 영역 탐색과 제어 매개변수의 실시간 적응]
   └ 학회: 한국로봇학회(논문지) (IF: 0.57)"
1180,2022,전기전자공학,415522907,손흥선,1,0.0098,0.017261,"[제어 장벽함수를 이용한 안전한 행동 영역 탐색과 제어 매개변수의 실시간 적응]
   └ 학회: 한국로봇학회(논문지) (IF: 0.57)"
1181,2022,전기전자공학,990562883,이진혁,1,0.0098,0.017261,"[Q-Learning을 사용한 로봇팔의 SMCSPO 게인 튜닝]
   └ 학회: 한국로봇학회(논문지) (IF: 0.57)"
1182,2022,전기전자공학,910967963,김용건,1,0.0098,0.017261,"[커넥터 조립을 위한 강화학습 기반의 탐색 궤적 생성 및 로봇의 임피던스 강성 조절 방법]
   └ 학회: 한국로봇학회(논문지) (IF: 0.57)"
1183,2022,전기전자공학,166297546,나민우,1,0.0098,0.017261,"[커넥터 조립을 위한 강화학습 기반의 탐색 궤적 생성 및 로봇의 임피던스 강성 조절 방법]
   └ 학회: 한국로봇학회(논문지) (IF: 0.57)"
1184,2022,전기전자공학,458658393,박현아,1,0.0098,0.021714999999999998,"[결합된 전송선로 네트워크 기반 초광대역 초소형 정류기]
   └ 학회: 한국전자파학회 (IF: 0.45)"
1185,2022,전기전자공학,337265918,김영민,6,0.0097,0.01893,"[On the Supplementary Study on DSM-Based Interface Requirements through Analysis of the Operation Scenario of the Urban Subway Logistics System]
   └ 학회: 국제인공지능학회 (IF: 0.51)
--------------------------------
[On Safety Improvement through Process Establishment for SOTIF Application of Autonomous Driving Logistics Robot]
   └ 학회: 국제인공지능학회 (IF: 0.51)
--------------------------------
[On the Integrated Operation Concept and Development Requirements of Robotics Loading System for Increasing Logistics Efficiency of Sub-Terminal]
   └ 학회: 국제인공지능학회 (IF: 0.51)
--------------------------------
[On the Calculation of Energy Requirement for Freight Train Reefer Container and Methods of Supplying the Power]
   └ 학회: 국제인공지능학회 (IF: 0.51)
--------------------------------
[Model-based Analysis of Urban Community Logistics Courier Terminal System using Vacant Space]
   └ 학회: 국제인공지능학회 (IF: 0.51)
--------------------------------
[On the Method of Deriving Weather Data to Secure the Reliability of the Variable Focus Function Camera]
   └ 학회: 국제인공지능학회 (IF: 0.51)"
1186,2022,전기전자공학,831453664,오유란,2,0.0097,0.018931,"[Understanding the Importance of Presenting Facial Expressions of an Avatar in Virtual Reality]
   └ 학회: 국제인공지능학회 (IF: 0.51)
--------------------------------
[Understanding the User Preferences in the Types of Video Censorship]
   └ 학회: 국제인공지능학회 (IF: 0.51)"
1187,2022,전기전자공학,603164572,장지영,1,0.0097,0.017261,"[Q-학습을 이용한 소코반 풀이에서 하이퍼-파라미터 분석]
   └ 학회: 한국정보기술학회 (IF: 0.56)"
1188,2022,전기전자공학,918420161,이지원,1,0.0097,0.017261,"[스마트러닝 환경에서의 협업 효과 촉진을 위한 메타버스 융합 팀빌딩 시스템]
   └ 학회: 한국정보기술학회 (IF: 0.56)"
1189,2022,전기전자공학,531949965,변공규,1,0.0097,0.017261,"[멀티플레이 페인팅 시스템을 적용한 협력형 로블록스 벽화 콘텐츠 개발]
   └ 학회: 한국정보기술학회 (IF: 0.56)"
1190,2022,전기전자공학,384066068,한예나,1,0.0097,0.017261,"[멀티플레이 페인팅 시스템을 적용한 협력형 로블록스 벽화 콘텐츠 개발]
   └ 학회: 한국정보기술학회 (IF: 0.56)"
1191,2022,전기전자공학,5090954,Kyulee Kim,1,0.0097,0.018931,"[Understanding the Importance of Presenting Facial Expressions of an Avatar in Virtual Reality]
   └ 학회: 국제인공지능학회 (IF: 0.51)"
1192,2022,전기전자공학,828225554,Hwayeon Joh,1,0.0097,0.018931,"[Understanding the Importance of Presenting Facial Expressions of an Avatar in Virtual Reality]
   └ 학회: 국제인공지능학회 (IF: 0.51)"
1193,2022,전기전자공학,116697884,김여진,1,0.0097,0.018931,"[Understanding the Importance of Presenting Facial Expressions of an Avatar in Virtual Reality]
   └ 학회: 국제인공지능학회 (IF: 0.51)"
1194,2022,전기전자공학,464978699,Sohyeon Park,1,0.0097,0.018931,"[Understanding the Importance of Presenting Facial Expressions of an Avatar in Virtual Reality]
   └ 학회: 국제인공지능학회 (IF: 0.51)"
1195,2022,전기전자공학,614955954,전세원,1,0.0097,0.018931,"[Designing the Museum Gamification System]
   └ 학회: 국제인공지능학회 (IF: 0.51)"
1196,2022,전기전자공학,892861255,문석재,1,0.0097,0.018931,"[Designing the Museum Gamification System]
   └ 학회: 국제인공지능학회 (IF: 0.51)"
1197,2022,전기전자공학,350432183,이윤수,1,0.0097,0.018931,"[A Case Study of Video See-Through HMD in Military Counseling Service]
   └ 학회: 국제인공지능학회 (IF: 0.51)"
1198,2022,전기전자공학,664709230,이중호,1,0.0097,0.018931,"[A Case Study of Video See-Through HMD in Military Counseling Service]
   └ 학회: 국제인공지능학회 (IF: 0.51)"
1199,2022,전기전자공학,921449235,강성규,2,0.0095,0.016703,"[5G MEC 기반 로봇 엔진 원격 구동을 위한 클라우드 로보틱스 시스템 구성 및 실증]
   └ 학회: 한국로봇학회(논문지) (IF: 0.57)
--------------------------------
[다중에이전트 경로탐색(MAPF) 기반의 실내배송로봇 군집제어 구현]
   └ 학회: 한국로봇학회(논문지) (IF: 0.57)"
1200,2022,전기전자공학,794268644,문형일,2,0.0095,0.016703,"[5G MEC 기반 로봇 엔진 원격 구동을 위한 클라우드 로보틱스 시스템 구성 및 실증]
   └ 학회: 한국로봇학회(논문지) (IF: 0.57)
--------------------------------
[다중에이전트 경로탐색(MAPF) 기반의 실내배송로봇 군집제어 구현]
   └ 학회: 한국로봇학회(논문지) (IF: 0.57)"
1201,2022,전기전자공학,845605832,양현석,2,0.0095,0.016703,"[5G MEC 기반 로봇 엔진 원격 구동을 위한 클라우드 로보틱스 시스템 구성 및 실증]
   └ 학회: 한국로봇학회(논문지) (IF: 0.57)
--------------------------------
[다중에이전트 경로탐색(MAPF) 기반의 실내배송로봇 군집제어 구현]
   └ 학회: 한국로봇학회(논문지) (IF: 0.57)"
1202,2022,전기전자공학,422335815,김영재,2,0.0095,0.016703,"[5G MEC 기반 로봇 엔진 원격 구동을 위한 클라우드 로보틱스 시스템 구성 및 실증]
   └ 학회: 한국로봇학회(논문지) (IF: 0.57)
--------------------------------
[다중에이전트 경로탐색(MAPF) 기반의 실내배송로봇 군집제어 구현]
   └ 학회: 한국로봇학회(논문지) (IF: 0.57)"
1203,2022,전기전자공학,758189842,김홍희,2,0.0095,0.021157999999999996,"[CMOS UWB 레이다 센서의 첨두전력 계산에 관한 연구]
   └ 학회: 한국전자파학회 (IF: 0.45)
--------------------------------
[5 Gs/s 등가 시간 샘플링을 통한 K-Band UWB 레이다 송수신기]
   └ 학회: 한국전자파학회 (IF: 0.45)"
1204,2022,전기전자공학,184782989,김인복,2,0.0095,0.021157999999999996,"[CMOS UWB 레이다 센서의 첨두전력 계산에 관한 연구]
   └ 학회: 한국전자파학회 (IF: 0.45)
--------------------------------
[5 Gs/s 등가 시간 샘플링을 통한 K-Band UWB 레이다 송수신기]
   └ 학회: 한국전자파학회 (IF: 0.45)"
1205,2022,전기전자공학,933055922,양현정,1,0.0095,0.011136,"[LSTM을 이용한 항법시스템의 확장칼만필터 공분산 튜닝]
   └ 학회: 제어로봇시스템학회 (IF: 0.85)"
1206,2022,전기전자공학,642741797,성상만,1,0.0095,0.011136,"[LSTM을 이용한 항법시스템의 확장칼만필터 공분산 튜닝]
   └ 학회: 제어로봇시스템학회 (IF: 0.85)"
1207,2022,전기전자공학,992160495,김일수,1,0.0095,0.011136,"[로봇 아크용접에서 용접선 추적시스템에 대한 연구]
   └ 학회: 제어로봇시스템학회 (IF: 0.85)"
1208,2022,전기전자공학,199573448,이상헌,1,0.0095,0.011136,"[로봇 아크용접에서 용접선 추적시스템에 대한 연구]
   └ 학회: 제어로봇시스템학회 (IF: 0.85)"
1209,2022,전기전자공학,693864940,구세완,1,0.0095,0.016703,"[5G MEC 기반 로봇 엔진 원격 구동을 위한 클라우드 로보틱스 시스템 구성 및 실증]
   └ 학회: 한국로봇학회(논문지) (IF: 0.57)"
1210,2022,전기전자공학,223381117,정원홍,1,0.0095,0.016703,"[5G MEC 기반 로봇 엔진 원격 구동을 위한 클라우드 로보틱스 시스템 구성 및 실증]
   └ 학회: 한국로봇학회(논문지) (IF: 0.57)"
1211,2022,전기전자공학,500196297,박형근,1,0.0095,0.017261,"[인지무선 에드혹 네트워크를 위한 강화학습기반의 멀티채널 MAC 프로토콜]
   └ 학회: 한국정보통신학회 (IF: 0.55)"
1212,2022,전기전자공학,713216047,이민호,1,0.0095,0.017261,"[오락 위주의 게임형 메타버스 개발 가이드라인 요소 도출]
   └ 학회: 한국정보통신학회 (IF: 0.55)"
1213,2022,전기전자공학,363114982,신정철,1,0.0095,0.017261,"[오락 위주의 게임형 메타버스 개발 가이드라인 요소 도출]
   └ 학회: 한국정보통신학회 (IF: 0.55)"
1214,2022,전기전자공학,517461644,강명진,1,0.0095,0.017261,"[에지 클라우드 협동 이미지 처리기반 메타버스에서 스트리밍 가능한 저전력 AI 소프트웨어의 런타임 실행]
   └ 학회: 한국정보통신학회 (IF: 0.55)"
1215,2022,전기전자공학,791641927,김호,1,0.0095,0.017261,"[에지 클라우드 협동 이미지 처리기반 메타버스에서 스트리밍 가능한 저전력 AI 소프트웨어의 런타임 실행]
   └ 학회: 한국정보통신학회 (IF: 0.55)"
1216,2022,전기전자공학,826566521,박정원,1,0.0095,0.017261,"[에지 클라우드 협동 이미지 처리기반 메타버스에서 스트리밍 가능한 저전력 AI 소프트웨어의 런타임 실행]
   └ 학회: 한국정보통신학회 (IF: 0.55)"
1217,2022,전기전자공학,534252726,양승범,1,0.0095,0.017261,"[에지 클라우드 협동 이미지 처리기반 메타버스에서 스트리밍 가능한 저전력 AI 소프트웨어의 런타임 실행]
   └ 학회: 한국정보통신학회 (IF: 0.55)"
1218,2022,전기전자공학,264906181,윤준서,1,0.0095,0.017261,"[에지 클라우드 협동 이미지 처리기반 메타버스에서 스트리밍 가능한 저전력 AI 소프트웨어의 런타임 실행]
   └ 학회: 한국정보통신학회 (IF: 0.55)"
1219,2022,전기전자공학,421150786,Daniel Godfrey,1,0.0095,0.017261,"[Weight Adjustment Scheme Based on Hop Count in Q-routing for Software Defined Networks-enabled Wireless Sensor Networks]
   └ 학회: 한국정보통신학회JICCE (IF: 0.55)"
1220,2022,전기전자공학,427635992,장진수,1,0.0095,0.017261,"[Weight Adjustment Scheme Based on Hop Count in Q-routing for Software Defined Networks-enabled Wireless Sensor Networks]
   └ 학회: 한국정보통신학회JICCE (IF: 0.55)"
1221,2022,전기전자공학,161939037,김기일,1,0.0095,0.017261,"[Weight Adjustment Scheme Based on Hop Count in Q-routing for Software Defined Networks-enabled Wireless Sensor Networks]
   └ 학회: 한국정보통신학회JICCE (IF: 0.55)"
1222,2022,전기전자공학,697617204,임영훈,1,0.0095,0.020601,"[수급 불균형을 고려한 전력망의 최적 자원 할당을 위한 일치 기반의 분산 알고리즘]
   └ 학회: 한국정보전자통신기술학회 (IF: 0.46)"
1223,2022,전기전자공학,241103249,Mingyu Park,1,0.0092,0.016147,"[Computational Cost Reduction Method for HQP-based Hierarchical Controller for Articulated Robot]
   └ 학회: 한국로봇학회(논문지) (IF: 0.57)"
1224,2022,전기전자공학,395173355,Dongwhan Kim,1,0.0092,0.016147,"[Computational Cost Reduction Method for HQP-based Hierarchical Controller for Articulated Robot]
   └ 학회: 한국로봇학회(논문지) (IF: 0.57)"
1225,2022,전기전자공학,329934605,Yonghwan Oh,1,0.0092,0.016147,"[Computational Cost Reduction Method for HQP-based Hierarchical Controller for Articulated Robot]
   └ 학회: 한국로봇학회(논문지) (IF: 0.57)"
1226,2022,전기전자공학,382840210,이이수,1,0.0092,0.016147,"[Computational Cost Reduction Method for HQP-based Hierarchical Controller for Articulated Robot]
   └ 학회: 한국로봇학회(논문지) (IF: 0.57)"
1227,2022,전기전자공학,630186375,오종택,2,0.0091,0.017817,"[LSTM을 이용한 지자기 방위각 추정 기술 연구]
   └ 학회: 국제인공지능학회 (IF: 0.51)
--------------------------------
[필수 행렬을 이용한 카메라 이동 위치 추정 기술 연구]
   └ 학회: 국제인공지능학회 (IF: 0.51)"
1228,2022,전기전자공학,870987494,김성훈,1,0.0091,0.017817,"[LSTM을 이용한 지자기 방위각 추정 기술 연구]
   └ 학회: 국제인공지능학회 (IF: 0.51)"
1229,2022,전기전자공학,907381701,최홍규,1,0.0091,0.023385999999999997,"[메타버스의 서비스적 특성 도출]
   └ 학회: 한국방송·미디어공학회 (IF: 0.39)"
1230,2022,전기전자공학,188916336,한종부,3,0.009,0.010579,"[다물체동역학 기반의 수중트랙차량 디지털 트윈 모델링 연구]
   └ 학회: 제어로봇시스템학회 (IF: 0.85)
--------------------------------
[다중빔음향측심기 계측모델을 활용한 실시간 해저지형도 작성 모의시험]
   └ 학회: 제어로봇시스템학회 (IF: 0.85)
--------------------------------
[쿼드트랙 주행메커니즘을 갖는 수중로버 하부캐리지 개발]
   └ 학회: 제어로봇시스템학회 (IF: 0.85)"
1231,2022,전기전자공학,221627988,박대길,3,0.009,0.010579,"[다물체동역학 기반의 수중트랙차량 디지털 트윈 모델링 연구]
   └ 학회: 제어로봇시스템학회 (IF: 0.85)
--------------------------------
[다중빔음향측심기 계측모델을 활용한 실시간 해저지형도 작성 모의시험]
   └ 학회: 제어로봇시스템학회 (IF: 0.85)
--------------------------------
[쿼드트랙 주행메커니즘을 갖는 수중로버 하부캐리지 개발]
   └ 학회: 제어로봇시스템학회 (IF: 0.85)"
1232,2022,전기전자공학,671408152,여태경,3,0.009,0.010579,"[다물체동역학 기반의 수중트랙차량 디지털 트윈 모델링 연구]
   └ 학회: 제어로봇시스템학회 (IF: 0.85)
--------------------------------
[다중빔음향측심기 계측모델을 활용한 실시간 해저지형도 작성 모의시험]
   └ 학회: 제어로봇시스템학회 (IF: 0.85)
--------------------------------
[쿼드트랙 주행메커니즘을 갖는 수중로버 하부캐리지 개발]
   └ 학회: 제어로봇시스템학회 (IF: 0.85)"
1233,2022,전기전자공학,860605341,이영준,3,0.009,0.010579,"[다물체동역학 기반의 수중트랙차량 디지털 트윈 모델링 연구]
   └ 학회: 제어로봇시스템학회 (IF: 0.85)
--------------------------------
[다중빔음향측심기 계측모델을 활용한 실시간 해저지형도 작성 모의시험]
   └ 학회: 제어로봇시스템학회 (IF: 0.85)
--------------------------------
[쿼드트랙 주행메커니즘을 갖는 수중로버 하부캐리지 개발]
   └ 학회: 제어로봇시스템학회 (IF: 0.85)"
1234,2022,전기전자공학,594110312,정종대,2,0.009,0.010579,"[다물체동역학 기반의 수중트랙차량 디지털 트윈 모델링 연구]
   └ 학회: 제어로봇시스템학회 (IF: 0.85)
--------------------------------
[다중빔음향측심기 계측모델을 활용한 실시간 해저지형도 작성 모의시험]
   └ 학회: 제어로봇시스템학회 (IF: 0.85)"
1235,2022,전기전자공학,989015466,고홍철,2,0.009,0.010579,"[가상센서를 이용한 제철소 가열로의 연소가스 분석기 고장 감시 및 백업 기술개발]
   └ 학회: 제어로봇시스템학회 (IF: 0.85)
--------------------------------
[시뮬레이션 기반의 최적화를 이용한 제조 공장의 디지털 트윈 프레임워크 개발 - 원유정제 공장의 실시간 운전 최적화 적용]
   └ 학회: 제어로봇시스템학회 (IF: 0.85)"
1236,2022,전기전자공학,281973445,엄정온,1,0.009,0.010579,"[선박의 항만 이접안 계획을 위한 디지털 트윈 개발]
   └ 학회: 제어로봇시스템학회 (IF: 0.85)"
1237,2022,전기전자공학,618353417,김주영,1,0.009,0.010579,"[선박의 항만 이접안 계획을 위한 디지털 트윈 개발]
   └ 학회: 제어로봇시스템학회 (IF: 0.85)"
1238,2022,전기전자공학,850092096,이서호,1,0.009,0.010579,"[선박의 항만 이접안 계획을 위한 디지털 트윈 개발]
   └ 학회: 제어로봇시스템학회 (IF: 0.85)"
1239,2022,전기전자공학,211864732,윤정현,1,0.009,0.010579,"[선박의 항만 이접안 계획을 위한 디지털 트윈 개발]
   └ 학회: 제어로봇시스템학회 (IF: 0.85)"
1240,2022,전기전자공학,737154240,이종현,1,0.009,0.010579,"[시뮬레이션 기반의 최적화를 이용한 제조 공장의 디지털 트윈 프레임워크 개발 - 원유정제 공장의 실시간 운전 최적화 적용]
   └ 학회: 제어로봇시스템학회 (IF: 0.85)"
1241,2022,전기전자공학,722470276,이우조,1,0.009,0.010579,"[시뮬레이션 기반의 최적화를 이용한 제조 공장의 디지털 트윈 프레임워크 개발 - 원유정제 공장의 실시간 운전 최적화 적용]
   └ 학회: 제어로봇시스템학회 (IF: 0.85)"
1242,2022,전기전자공학,538915728,이진원,1,0.009,0.010579,"[햅틱 디바이스를 이용한 Unity 기반 가상 로봇 매니퓰레이터 조작 시스템 구현]
   └ 학회: 제어로봇시스템학회 (IF: 0.85)"
1243,2022,전기전자공학,963551848,Hamza Khan,1,0.009,0.010579,"[햅틱 디바이스를 이용한 Unity 기반 가상 로봇 매니퓰레이터 조작 시스템 구현]
   └ 학회: 제어로봇시스템학회 (IF: 0.85)"
1244,2022,전기전자공학,480135602,Saad Jamshed Abbasi,1,0.009,0.010579,"[햅틱 디바이스를 이용한 Unity 기반 가상 로봇 매니퓰레이터 조작 시스템 구현]
   └ 학회: 제어로봇시스템학회 (IF: 0.85)"
1245,2022,전기전자공학,4689831,서선영,1,0.009,0.010579,"[Asset Administration Shell 기반 전기자동차 실시간 모니터링 시스템 구현]
   └ 학회: 제어로봇시스템학회 (IF: 0.85)"
1246,2022,전기전자공학,938263733,송원석,1,0.009,0.010579,"[Asset Administration Shell 기반 전기자동차 실시간 모니터링 시스템 구현]
   └ 학회: 제어로봇시스템학회 (IF: 0.85)"
1247,2022,전기전자공학,849637512,김유철,1,0.009,0.010579,"[Asset Administration Shell 기반 전기자동차 실시간 모니터링 시스템 구현]
   └ 학회: 제어로봇시스템학회 (IF: 0.85)"
1248,2022,전기전자공학,413257213,김남혁,1,0.009,0.010579,"[Asset Administration Shell 기반 전기자동차 실시간 모니터링 시스템 구현]
   └ 학회: 제어로봇시스템학회 (IF: 0.85)"
1249,2022,전기전자공학,992446428,박정민,1,0.009,0.010579,"[Asset Administration Shell 기반 전기자동차 실시간 모니터링 시스템 구현]
   └ 학회: 제어로봇시스템학회 (IF: 0.85)"
1250,2022,전기전자공학,493989548,송주환,1,0.009,0.010579,"[Asset Administration Shell 기반 전기자동차 실시간 모니터링 시스템 구현]
   └ 학회: 제어로봇시스템학회 (IF: 0.85)"
1251,2022,전기전자공학,137401692,이현,1,0.009,0.010579,"[OPC-UA 연동 디지털 트윈 기반의 스마트팩토리 사이버 물리 생산시스템 통합 플랫폼 구축]
   └ 학회: 제어로봇시스템학회 (IF: 0.85)"
1252,2022,전기전자공학,107928513,조인구,1,0.009,0.013918999999999999,"[얼굴 감정을 이용한 시청자 감정 패턴 분석 및 흥미도 예측 연구]
   └ 학회: 한국멀티미디어학회 (IF: 0.65)"
1253,2022,전기전자공학,420336745,공연우,1,0.009,0.013918999999999999,"[얼굴 감정을 이용한 시청자 감정 패턴 분석 및 흥미도 예측 연구]
   └ 학회: 한국멀티미디어학회 (IF: 0.65)"
1254,2022,전기전자공학,193538548,전소이,1,0.009,0.013918999999999999,"[얼굴 감정을 이용한 시청자 감정 패턴 분석 및 흥미도 예측 연구]
   └ 학회: 한국멀티미디어학회 (IF: 0.65)"
1255,2022,전기전자공학,607707603,조서영,1,0.009,0.013918999999999999,"[얼굴 감정을 이용한 시청자 감정 패턴 분석 및 흥미도 예측 연구]
   └ 학회: 한국멀티미디어학회 (IF: 0.65)"
1256,2022,전기전자공학,112204557,김지명,4,0.0089,0.023940999999999997,"[5kV급 MV-LVDC 독립형 마이크로그리드의 보호협조 운용방안에 관한 연구]
   └ 학회: 대한전기학회 (IF: 0.37)
--------------------------------
[이차전지를 이용한 2kW 태양광전원용 전압보상장치의 운용 방안에 관한 연구]
   └ 학회: 대한전기학회 (IF: 0.37)
--------------------------------
[전기저장장치용 SPD의 최적운용 평가 알고리즘에 관한 연구]
   └ 학회: 대한전기학회 (IF: 0.37)
--------------------------------
[배전계통에 있어서 태양광전원의 수용성 향상을 위한 SVR 및 ESS의 운용방안]
   └ 학회: 대한전기학회 (IF: 0.37)"
1257,2022,전기전자공학,407330389,한병길,4,0.0089,0.023940999999999997,"[5kV급 MV-LVDC 독립형 마이크로그리드의 보호협조 운용방안에 관한 연구]
   └ 학회: 대한전기학회 (IF: 0.37)
--------------------------------
[이차전지를 이용한 2kW 태양광전원용 전압보상장치의 운용 방안에 관한 연구]
   └ 학회: 대한전기학회 (IF: 0.37)
--------------------------------
[전기저장장치용 SPD의 최적운용 평가 알고리즘에 관한 연구]
   └ 학회: 대한전기학회 (IF: 0.37)
--------------------------------
[배전계통에 있어서 태양광전원의 수용성 향상을 위한 SVR 및 ESS의 운용방안]
   └ 학회: 대한전기학회 (IF: 0.37)"
1258,2022,전기전자공학,4570151,정철민,3,0.0089,0.023941999999999998,"[Octorotor PMSM 의 상호 다중 모델 필터 기반 고장 검출과 진단]
   └ 학회: 제어로봇시스템학회 (IF: 0.85)
--------------------------------
[상호 다중 모델을 이용한 멀티로터 프로펠러 고장 감지]
   └ 학회: 대한전기학회 (IF: 0.37)
--------------------------------
[동적시스템 제어를 위한 효율적인 강화학습 방법]
   └ 학회: 대한전기학회 (IF: 0.37)"
1259,2022,전기전자공학,237686509,강창묵,3,0.0089,0.023941999999999998,"[Octorotor PMSM 의 상호 다중 모델 필터 기반 고장 검출과 진단]
   └ 학회: 제어로봇시스템학회 (IF: 0.85)
--------------------------------
[상호 다중 모델을 이용한 멀티로터 프로펠러 고장 감지]
   └ 학회: 대한전기학회 (IF: 0.37)
--------------------------------
[동적시스템 제어를 위한 효율적인 강화학습 방법]
   └ 학회: 대한전기학회 (IF: 0.37)"
1260,2022,전기전자공학,346909238,최성문,3,0.0089,0.023940999999999997,"[이차전지를 이용한 2kW 태양광전원용 전압보상장치의 운용 방안에 관한 연구]
   └ 학회: 대한전기학회 (IF: 0.37)
--------------------------------
[전기저장장치용 SPD의 최적운용 평가 알고리즘에 관한 연구]
   └ 학회: 대한전기학회 (IF: 0.37)
--------------------------------
[ESS용 리튬이온전지의 열폭주 방지용 오프가스 검출 알고리즘에 관한 연구]
   └ 학회: 대한전기학회 (IF: 0.37)"
1261,2022,전기전자공학,840008979,박채훈,2,0.0089,0.023941999999999998,"[상호 다중 모델을 이용한 멀티로터 프로펠러 고장 감지]
   └ 학회: 대한전기학회 (IF: 0.37)
--------------------------------
[동적시스템 제어를 위한 효율적인 강화학습 방법]
   └ 학회: 대한전기학회 (IF: 0.37)"
1262,2022,전기전자공학,628739732,전상근,2,0.0088,0.019486999999999997,"[A CMOS Vector-Sum Phase Shifter for 5G mm-Wave Application]
   └ 학회: 한국전자파학회JEES (IF: 0.45)
--------------------------------
[15～45 ㎓ 고해상도 소형 분산형 디지털 감쇠기]
   └ 학회: 한국전자파학회 (IF: 0.45)"
1263,2022,전기전자공학,5158281,JuneSok Lee,1,0.0088,0.017261,"[Research on the Application of Digital Human Production Based on Photoscan Realistic Head 3D Scanning and Unreal Engine MetaHuman Technology in the Metaverse]
   └ 학회: 국제인공지능학회 (IF: 0.51)"
1264,2022,전기전자공학,930599570,JiIn Cheon,1,0.0088,0.017261,"[Research on the Application of Digital Human Production Based on Photoscan Realistic Head 3D Scanning and Unreal Engine MetaHuman Technology in the Metaverse]
   └ 학회: 국제인공지능학회 (IF: 0.51)"
1265,2022,전기전자공학,578189882,"Song, Minzheong",1,0.0088,0.017261,"[A Study on NaverZ’s Metaverse Platform Scaling Strategy]
   └ 학회: 국제인공지능학회 (IF: 0.51)"
1266,2022,전기전자공학,752102175,김시우,1,0.0088,0.017261,"[Peer Network Based Shopping Mall Supporting platform with Metaverse Technique]
   └ 학회: 국제인공지능학회 (IF: 0.51)"
1267,2022,전기전자공학,954274544,"Song, Minzheong",1,0.0088,0.017261,"[Meta's Metaverse Platform Design in the Pre-launch and Ignition Life Stage]
   └ 학회: 국제인공지능학회 (IF: 0.51)"
1268,2022,전기전자공학,346465799,"Pan, Yang",1,0.0088,0.017261,"[Research on Technology Production in Chinese Virtual Character Industry]
   └ 학회: 국제인공지능학회 (IF: 0.51)"
1269,2022,전기전자공학,534322457,"Kim, KiHong",1,0.0088,0.017261,"[Research on Technology Production in Chinese Virtual Character Industry]
   └ 학회: 국제인공지능학회 (IF: 0.51)"
1270,2022,전기전자공학,263766525,"Yan, JiHui",1,0.0088,0.017261,"[Research on Technology Production in Chinese Virtual Character Industry]
   └ 학회: 국제인공지능학회 (IF: 0.51)"
1271,2022,전기전자공학,713634494,윤희선,1,0.0088,0.017261,"[NFT 디지털아트 작품 사례분석]
   └ 학회: 국제인공지능학회 (IF: 0.51)"
1272,2022,전기전자공학,194864220,정진헌,1,0.0088,0.017261,"[NFT 디지털아트 작품 사례분석]
   └ 학회: 국제인공지능학회 (IF: 0.51)"
1273,2022,전기전자공학,239418586,즈엉투이짱,1,0.0088,0.017261,"[연료전지 교육 플랫폼 Meta-Fuelcell 개발에 관한 연구]
   └ 학회: 국제인공지능학회 (IF: 0.51)"
1274,2022,전기전자공학,732552863,곽경민,1,0.0088,0.017261,"[연료전지 교육 플랫폼 Meta-Fuelcell 개발에 관한 연구]
   └ 학회: 국제인공지능학회 (IF: 0.51)"
1275,2022,전기전자공학,155870815,신현준,1,0.0088,0.017261,"[연료전지 교육 플랫폼 Meta-Fuelcell 개발에 관한 연구]
   └ 학회: 국제인공지능학회 (IF: 0.51)"
1276,2022,전기전자공학,178918650,노영주,1,0.0088,0.017261,"[연료전지 교육 플랫폼 Meta-Fuelcell 개발에 관한 연구]
   └ 학회: 국제인공지능학회 (IF: 0.51)"
1277,2022,전기전자공학,730808110,Eunjung Kim,1,0.0088,0.019486999999999997,"[A CMOS Vector-Sum Phase Shifter for 5G mm-Wave Application]
   └ 학회: 한국전자파학회JEES (IF: 0.45)"
1278,2022,전기전자공학,254116137,Younghwan Kim,1,0.0088,0.019486999999999997,"[A CMOS Vector-Sum Phase Shifter for 5G mm-Wave Application]
   └ 학회: 한국전자파학회JEES (IF: 0.45)"
1279,2022,전기전자공학,514625683,이권수,2,0.0087,0.01225,"[상대 관측 정보 신뢰도 판단을 통한 다중자율무인잠수정의 정밀한 위치 추정]
   └ 학회: 제어로봇시스템학회 (IF: 0.85)
--------------------------------
[3차원 상대 관측 정보를 통한 다중자율무인잠수정의 위치추정 알고리즘]
   └ 학회: 한국로봇학회(논문지) (IF: 0.57)"
1280,2022,전기전자공학,246116645,최기환,2,0.0087,0.01225,"[상대 관측 정보 신뢰도 판단을 통한 다중자율무인잠수정의 정밀한 위치 추정]
   └ 학회: 제어로봇시스템학회 (IF: 0.85)
--------------------------------
[3차원 상대 관측 정보를 통한 다중자율무인잠수정의 위치추정 알고리즘]
   └ 학회: 한국로봇학회(논문지) (IF: 0.57)"
1281,2022,전기전자공학,593452383,이필엽,2,0.0087,0.01225,"[상대 관측 정보 신뢰도 판단을 통한 다중자율무인잠수정의 정밀한 위치 추정]
   └ 학회: 제어로봇시스템학회 (IF: 0.85)
--------------------------------
[3차원 상대 관측 정보를 통한 다중자율무인잠수정의 위치추정 알고리즘]
   └ 학회: 한국로봇학회(논문지) (IF: 0.57)"
1282,2022,전기전자공학,117957112,김호성,2,0.0087,0.01225,"[상대 관측 정보 신뢰도 판단을 통한 다중자율무인잠수정의 정밀한 위치 추정]
   └ 학회: 제어로봇시스템학회 (IF: 0.85)
--------------------------------
[3차원 상대 관측 정보를 통한 다중자율무인잠수정의 위치추정 알고리즘]
   └ 학회: 한국로봇학회(논문지) (IF: 0.57)"
1283,2022,전기전자공학,960723859,강형주,2,0.0087,0.01225,"[상대 관측 정보 신뢰도 판단을 통한 다중자율무인잠수정의 정밀한 위치 추정]
   └ 학회: 제어로봇시스템학회 (IF: 0.85)
--------------------------------
[3차원 상대 관측 정보를 통한 다중자율무인잠수정의 위치추정 알고리즘]
   └ 학회: 한국로봇학회(논문지) (IF: 0.57)"
1284,2022,전기전자공학,603331610,이지홍,2,0.0087,0.01225,"[상대 관측 정보 신뢰도 판단을 통한 다중자율무인잠수정의 정밀한 위치 추정]
   └ 학회: 제어로봇시스템학회 (IF: 0.85)
--------------------------------
[3차원 상대 관측 정보를 통한 다중자율무인잠수정의 위치추정 알고리즘]
   └ 학회: 한국로봇학회(논문지) (IF: 0.57)"
1285,2022,전기전자공학,569898457,전종훈,2,0.0087,0.022272,"[메타데이터 기반 순위 알고리즘을 활용한 데이터셋 검색 시스템]
   └ 학회: 한국방송·미디어공학회 (IF: 0.39)
--------------------------------
[Mission Description Structure for Autonomous Collaboration of Media Things]
   └ 학회: 한국방송·미디어공학회 (IF: 0.39)"
1286,2022,전기전자공학,765421735,이상윤,1,0.0087,0.018931,"[디지털 휴먼 컨텐츠 생성 시스템의 설계]
   └ 학회: 한국정보전자통신기술학회 (IF: 0.46)"
1287,2022,전기전자공학,204932606,유영모,1,0.0087,0.018931,"[디지털 휴먼 컨텐츠 생성 시스템의 설계]
   └ 학회: 한국정보전자통신기술학회 (IF: 0.46)"
1288,2022,전기전자공학,285187467,이계훈,1,0.0087,0.018931,"[디지털 휴먼 컨텐츠 생성 시스템의 설계]
   └ 학회: 한국정보전자통신기술학회 (IF: 0.46)"
1289,2022,전기전자공학,171408004,유현수,1,0.0087,0.018931,"[디지털 휴먼 컨텐츠 생성 시스템의 설계]
   └ 학회: 한국정보전자통신기술학회 (IF: 0.46)"
1290,2022,전기전자공학,304290270,최우영,1,0.0087,0.022272,"[메타데이터 기반 순위 알고리즘을 활용한 데이터셋 검색 시스템]
   └ 학회: 한국방송·미디어공학회 (IF: 0.39)"
1291,2022,전기전자공학,366698642,이태학,1,0.0087,0.023385999999999997,"[모바일 게임플레이 행동 정책 학습을 위한 YOLOv3 기반 강화학습]
   └ 학회: 대한전기학회 (IF: 0.37)"
1292,2022,전기전자공학,649438250,조영완,1,0.0087,0.023385999999999997,"[모바일 게임플레이 행동 정책 학습을 위한 YOLOv3 기반 강화학습]
   └ 학회: 대한전기학회 (IF: 0.37)"
1293,2022,전기전자공학,695585160,안치현,1,0.0086,0.015591,"[스마트 축사를 위한 에지 컴퓨팅 기반 IoT 협업 시스템]
   └ 학회: 한국정보통신학회 (IF: 0.55)"
1294,2022,전기전자공학,327536550,이형탁,1,0.0086,0.015591,"[스마트 축사를 위한 에지 컴퓨팅 기반 IoT 협업 시스템]
   └ 학회: 한국정보통신학회 (IF: 0.55)"
1295,2022,전기전자공학,406382379,정광수,1,0.0086,0.015591,"[스마트 축사를 위한 에지 컴퓨팅 기반 IoT 협업 시스템]
   └ 학회: 한국정보통신학회 (IF: 0.55)"
1296,2022,전기전자공학,378317895,박진혁,1,0.0086,0.01559,"[Few-shot Learning을 이용한 격점상세도 분류 시스템 구현]
   └ 학회: 한국정보통신학회 (IF: 0.55)"
1297,2022,전기전자공학,463290533,김용현,1,0.0086,0.01559,"[Few-shot Learning을 이용한 격점상세도 분류 시스템 구현]
   └ 학회: 한국정보통신학회 (IF: 0.55)"
1298,2022,전기전자공학,994854080,이국범,1,0.0086,0.01559,"[Few-shot Learning을 이용한 격점상세도 분류 시스템 구현]
   └ 학회: 한국정보통신학회 (IF: 0.55)"
1299,2022,전기전자공학,114122216,이종서,1,0.0086,0.01559,"[Few-shot Learning을 이용한 격점상세도 분류 시스템 구현]
   └ 학회: 한국정보통신학회 (IF: 0.55)"
1300,2022,전기전자공학,986669549,김유두,1,0.0086,0.01559,"[Few-shot Learning을 이용한 격점상세도 분류 시스템 구현]
   └ 학회: 한국정보통신학회 (IF: 0.55)"
1301,2022,전기전자공학,5108080,도경훈,2,0.0085,0.010022,"[회전자의 과도한 온도 상승을 줄이는 PI형 PMSM 제어기 설계]
   └ 학회: 제어로봇시스템학회 (IF: 0.85)
--------------------------------
[효율적인 온라인 PMSM 매개변수 추정 방법]
   └ 학회: 제어로봇시스템학회 (IF: 0.85)"
1302,2022,전기전자공학,232317405,최한호,2,0.0085,0.010022,"[회전자의 과도한 온도 상승을 줄이는 PI형 PMSM 제어기 설계]
   └ 학회: 제어로봇시스템학회 (IF: 0.85)
--------------------------------
[효율적인 온라인 PMSM 매개변수 추정 방법]
   └ 학회: 제어로봇시스템학회 (IF: 0.85)"
1303,2022,전기전자공학,596675611,홍순원,1,0.0085,0.010022,"[도심 환경에서 자가 앙상블 특징 보존 PointPillars를 이용한 라이다 기반 3차원 물체 검출]
   └ 학회: 제어로봇시스템학회 (IF: 0.85)"
1304,2022,전기전자공학,761812303,한형진,1,0.0085,0.010022,"[도심 환경에서 자가 앙상블 특징 보존 PointPillars를 이용한 라이다 기반 3차원 물체 검출]
   └ 학회: 제어로봇시스템학회 (IF: 0.85)"
1305,2022,전기전자공학,951362377,정진영,1,0.0084,0.015033,"[부류별 인지 손실 모델과 관심 영역 특징을 이용한 해충 영상 초해상화 기법]
   └ 학회: 한국정보기술학회 (IF: 0.56)"
1306,2022,전기전자공학,975621523,Qianrong Deng,2,0.0083,0.012806,"[A Study on the Interface Design of Preschool Children Educational Course-ware Based on User Experience and TAM]
   └ 학회: 한국멀티미디어학회 (IF: 0.65)
--------------------------------
[A Study on the Cognitive Potential of Pre-school Childr en with AR Collabor ative TUI]
   └ 학회: 한국멀티미디어학회 (IF: 0.65)"
1307,2022,전기전자공학,118247041,조진환,1,0.0083,0.015033,"[GAN 알고리즘 개선을 위한 히스토그램 분석 기반 파손 영상 선별 방법]
   └ 학회: 한국정보통신학회 (IF: 0.55)"
1308,2022,전기전자공학,685891819,장시웅,1,0.0083,0.015033,"[GAN 알고리즘 개선을 위한 히스토그램 분석 기반 파손 영상 선별 방법]
   └ 학회: 한국정보통신학회 (IF: 0.55)"
1309,2022,전기전자공학,726611,윤용호,2,0.0082,0.022272,"[1,500Vdc 급 DC 아크 발생 시험장비를 이용한 Smart Grid 선로의 안전성 분석]
   └ 학회: 대한전기학회 (IF: 0.37)
--------------------------------
[DC Link Capacitor 열화에 따른 태양광 인버터 입출력 특성]
   └ 학회: 대한전기학회 (IF: 0.37)"
1310,2022,전기전자공학,807326946,권휘진,1,0.0082,0.012806,"[도시철도차량 공기압축기의 유지보수 실감형 콘텐츠 기술 연구]
   └ 학회: 한국도시철도학회 (IF: 0.64)"
1311,2022,전기전자공학,746766295,차재환,1,0.0082,0.012806,"[도시철도차량 공기압축기의 유지보수 실감형 콘텐츠 기술 연구]
   └ 학회: 한국도시철도학회 (IF: 0.64)"
1312,2022,전기전자공학,736357109,박용기,1,0.0082,0.012806,"[도시철도차량 공기압축기의 유지보수 실감형 콘텐츠 기술 연구]
   └ 학회: 한국도시철도학회 (IF: 0.64)"
1313,2022,전기전자공학,672912712,Yiming Zhong,1,0.0082,0.016147,"[Realistic Visualization of Car Configurator Based On Unreal Engine 4(UE4)]
   └ 학회: 국제인공지능학회 (IF: 0.51)"
1314,2022,전기전자공학,430541751,윤태수,1,0.0082,0.016147,"[Realistic Visualization of Car Configurator Based On Unreal Engine 4(UE4)]
   └ 학회: 국제인공지능학회 (IF: 0.51)"
1315,2022,전기전자공학,959369312,이병천,1,0.0082,0.016147,"[Realistic Visualization of Car Configurator Based On Unreal Engine 4(UE4)]
   └ 학회: 국제인공지능학회 (IF: 0.51)"
1316,2022,전기전자공학,777323822,이준웅,2,0.008,0.009465,"[약한 지도학습 기반의 Deep SVDD를 통한 주편 절단 공정의 불꽃 비산 감지]
   └ 학회: 제어로봇시스템학회 (IF: 0.85)
--------------------------------
[PointNet++의 특징 생성 방법 개선을 통한 3차원 물체 인식의 성능 향상]
   └ 학회: 제어로봇시스템학회 (IF: 0.85)"
1317,2022,전기전자공학,178242712,현수종,1,0.008,0.009465,"[SAC (Soft Actor Critic) 알고리즘을 이용한 무인항공기 경로 계획]
   └ 학회: 제어로봇시스템학회 (IF: 0.85)"
1318,2022,전기전자공학,469224701,강태영,1,0.008,0.009465,"[SAC (Soft Actor Critic) 알고리즘을 이용한 무인항공기 경로 계획]
   └ 학회: 제어로봇시스템학회 (IF: 0.85)"
1319,2022,전기전자공학,103010617,유창경,1,0.008,0.009465,"[SAC (Soft Actor Critic) 알고리즘을 이용한 무인항공기 경로 계획]
   └ 학회: 제어로봇시스템학회 (IF: 0.85)"
1320,2022,전기전자공학,286811640,김성욱,1,0.008,0.009465,"[약한 지도학습 기반의 Deep SVDD를 통한 주편 절단 공정의 불꽃 비산 감지]
   └ 학회: 제어로봇시스템학회 (IF: 0.85)"
1321,2022,전기전자공학,584272437,백지현,1,0.008,0.009465,"[약한 지도학습 기반의 Deep SVDD를 통한 주편 절단 공정의 불꽃 비산 감지]
   └ 학회: 제어로봇시스템학회 (IF: 0.85)"
1322,2022,전기전자공학,859191692,김수상,1,0.008,0.009465,"[약한 지도학습 기반의 Deep SVDD를 통한 주편 절단 공정의 불꽃 비산 감지]
   └ 학회: 제어로봇시스템학회 (IF: 0.85)"
1323,2022,전기전자공학,413858011,박중해,1,0.008,0.009465,"[약한 지도학습 기반의 Deep SVDD를 통한 주편 절단 공정의 불꽃 비산 감지]
   └ 학회: 제어로봇시스템학회 (IF: 0.85)"
1324,2022,전기전자공학,524170027,한민석,2,0.0079,0.017261,"[가상환경과 DDPG 알고리즘을 이용한 자율 비행체의 소노부이 최적 배치 연구]
   └ 학회: 한국정보전자통신기술학회 (IF: 0.46)
--------------------------------
[입자 군집 최적화(PSO) 알고리즘 기반 다층 레이더 흡수 구조체 설계]
   └ 학회: 한국정보전자통신기술학회 (IF: 0.46)"
1325,2022,전기전자공학,977720580,김종인,1,0.0079,0.017261,"[가상환경과 DDPG 알고리즘을 이용한 자율 비행체의 소노부이 최적 배치 연구]
   └ 학회: 한국정보전자통신기술학회 (IF: 0.46)"
1326,2022,전기전자공학,804404308,박민홍,2,0.0078,0.010579,"[다중 센서 기반 무한궤도형 이동로봇의 실외 자율주행시스템]
   └ 학회: 한국지능시스템학회 (IF: 0.74)
--------------------------------
[유니티 기반 디지털 스마트팜에서의 자율주행 로봇시스템 구현에 관한 연구]
   └ 학회: 한국지능시스템학회 (IF: 0.74)"
1327,2022,전기전자공학,4085118,시종욱,2,0.0078,0.013918999999999999,"[다중 골프 스윙 궤적을 사용한 골프 스윙 분석]
   └ 학회: 한국정보기술학회 (IF: 0.56)
--------------------------------
[항온 항습기 제어 시스템을 위한 Stacked LSTM 기반의 온도 이상 예측]
   └ 학회: 한국정보기술학회 (IF: 0.56)"
1328,2022,전기전자공학,1770468,김성영,2,0.0078,0.013918999999999999,"[다중 골프 스윙 궤적을 사용한 골프 스윙 분석]
   └ 학회: 한국정보기술학회 (IF: 0.56)
--------------------------------
[항온 항습기 제어 시스템을 위한 Stacked LSTM 기반의 온도 이상 예측]
   └ 학회: 한국정보기술학회 (IF: 0.56)"
1329,2022,전기전자공학,591104231,김지수,2,0.0078,0.017261,"[가변 전력 분배 기반 다중 모드 고효율 정류기 배열]
   └ 학회: 한국전자파학회 (IF: 0.45)
--------------------------------
[915 MHz 통과형 저손실 고조파 응답기 설계]
   └ 학회: 한국전자파학회 (IF: 0.45)"
1330,2022,전기전자공학,157151223,이수형,1,0.0078,0.010579,"[오토인코더 기반의 데이터 증강과 초기 게임 행동을 이용한 구매 예측 시스템]
   └ 학회: 한국지능시스템학회 (IF: 0.74)"
1331,2022,전기전자공학,520298281,김범성,1,0.0078,0.010579,"[오토인코더 기반의 데이터 증강과 초기 게임 행동을 이용한 구매 예측 시스템]
   └ 학회: 한국지능시스템학회 (IF: 0.74)"
1332,2022,전기전자공학,476585903,서재현,1,0.0078,0.010579,"[얼굴 감정 인식을 위한 이미지 필터의 성능 평가]
   └ 학회: 한국지능시스템학회 (IF: 0.74)"
1333,2022,전기전자공학,280228832,황현정,1,0.0078,0.010579,"[유니티 기반 디지털 스마트팜에서의 자율주행 로봇시스템 구현에 관한 연구]
   └ 학회: 한국지능시스템학회 (IF: 0.74)"
1334,2022,전기전자공학,753905452,김동연,1,0.0078,0.010579,"[유니티 기반 디지털 스마트팜에서의 자율주행 로봇시스템 구현에 관한 연구]
   └ 학회: 한국지능시스템학회 (IF: 0.74)"
1335,2022,전기전자공학,527184438,Alif Tri Handoyo,1,0.0078,0.010579,"[Sarcasm Detection in Twitter - Performance Impact While Using Data Augmentation: Word Embeddings]
   └ 학회: 한국지능시스템학회 (IF: 0.74)"
1336,2022,전기전자공학,324662631,Hidayaturrahman,1,0.0078,0.010579,"[Sarcasm Detection in Twitter - Performance Impact While Using Data Augmentation: Word Embeddings]
   └ 학회: 한국지능시스템학회 (IF: 0.74)"
1337,2022,전기전자공학,109579487,Criscentia Jessica Setiadi,1,0.0078,0.010579,"[Sarcasm Detection in Twitter - Performance Impact While Using Data Augmentation: Word Embeddings]
   └ 학회: 한국지능시스템학회 (IF: 0.74)"
1338,2022,전기전자공학,323366374,Derwin Suhartono,1,0.0078,0.010579,"[Sarcasm Detection in Twitter - Performance Impact While Using Data Augmentation: Word Embeddings]
   └ 학회: 한국지능시스템학회 (IF: 0.74)"
1339,2022,전기전자공학,780585436,이주형,1,0.0078,0.01392,"[드론 기반 해안 쓰레기 식별을 위한 클라우드 이미지 분류 모델의 비교 평가]
   └ 학회: 한국정보기술학회 (IF: 0.56)"
1340,2022,전기전자공학,634604895,정호헌,1,0.0078,0.01392,"[회전익 드론의 드론스테이션 충전베드 구조 설계 및 구현]
   └ 학회: 한국정보기술학회 (IF: 0.56)"
1341,2022,전기전자공학,100620463,Jin-Su Kang,1,0.0078,0.013918999999999999,"[Memory Controller for 1Gb LPDDR2 Memory Initialization Sequence]
   └ 학회: 한국정보기술학회 (IF: 0.56)"
1342,2022,전기전자공학,565539902,Chang-Yong Lee,1,0.0078,0.013918999999999999,"[Memory Controller for 1Gb LPDDR2 Memory Initialization Sequence]
   └ 학회: 한국정보기술학회 (IF: 0.56)"
1343,2022,전기전자공학,195627877,Ali Alkasir,1,0.0078,0.017261,"[Analytical Modeling of Self- and Mutual Inductances of DD Coils in Wireless Power Transfer Applications]
   └ 학회: 한국전자파학회JEES (IF: 0.45)"
1344,2022,전기전자공학,360225878,Seyed Ehsan Abdollahi,1,0.0078,0.017261,"[Analytical Modeling of Self- and Mutual Inductances of DD Coils in Wireless Power Transfer Applications]
   └ 학회: 한국전자파학회JEES (IF: 0.45)"
1345,2022,전기전자공학,713623928,Seyedreza Abdollahi,1,0.0078,0.017261,"[Analytical Modeling of Self- and Mutual Inductances of DD Coils in Wireless Power Transfer Applications]
   └ 학회: 한국전자파학회JEES (IF: 0.45)"
1346,2022,전기전자공학,133109233,Patrick Wheeler,1,0.0078,0.017261,"[Analytical Modeling of Self- and Mutual Inductances of DD Coils in Wireless Power Transfer Applications]
   └ 학회: 한국전자파학회JEES (IF: 0.45)"
1347,2022,전기전자공학,598876498,Jedok Kim,1,0.0078,0.017261,"[An Active Shielding Control Method for a Wireless Power Transfer System under Misalignment Conditions]
   └ 학회: 한국전자파학회JEES (IF: 0.45)"
1348,2022,전기전자공학,359868039,Dongryul Park,1,0.0078,0.017261,"[An Active Shielding Control Method for a Wireless Power Transfer System under Misalignment Conditions]
   └ 학회: 한국전자파학회JEES (IF: 0.45)"
1349,2022,전기전자공학,432509469,Haerim Kim,1,0.0078,0.017261,"[An Active Shielding Control Method for a Wireless Power Transfer System under Misalignment Conditions]
   └ 학회: 한국전자파학회JEES (IF: 0.45)"
1350,2022,전기전자공학,244542532,Inho Park,1,0.0078,0.017261,"[Sidelobe Suppression Beamforming Using Tapered Amplitude Distribution for a Microwave Power Transfer System with a Planar Array Antenna]
   └ 학회: 한국전자파학회JEES (IF: 0.45)"
1351,2022,전기전자공학,579438608,구현철,1,0.0078,0.017261,"[Sidelobe Suppression Beamforming Using Tapered Amplitude Distribution for a Microwave Power Transfer System with a Planar Array Antenna]
   └ 학회: 한국전자파학회JEES (IF: 0.45)"
1352,2022,전기전자공학,770113468,홍영기,1,0.0078,0.017261,"[DDPG 방법을 이용한 4포트 EMI 필터의 설계 방법에 대한 연구]
   └ 학회: 한국전자파학회 (IF: 0.45)"
1353,2022,전기전자공학,710079952,박은병,1,0.0078,0.017261,"[DDPG 방법을 이용한 4포트 EMI 필터의 설계 방법에 대한 연구]
   └ 학회: 한국전자파학회 (IF: 0.45)"
1354,2022,전기전자공학,467686465,최호빈,1,0.0078,0.017261,"[다중 에이전트 강화학습 기반 협력적 다중 AGV 이동 제어]
   └ 학회: 한국전자파학회 (IF: 0.45)"
1355,2022,전기전자공학,650033828,김주봉,1,0.0078,0.017261,"[다중 에이전트 강화학습 기반 협력적 다중 AGV 이동 제어]
   └ 학회: 한국전자파학회 (IF: 0.45)"
1356,2022,전기전자공학,829434357,한연희,1,0.0078,0.017261,"[다중 에이전트 강화학습 기반 협력적 다중 AGV 이동 제어]
   └ 학회: 한국전자파학회 (IF: 0.45)"
1357,2022,전기전자공학,668061073,Lam Vu Tung,1,0.0078,0.017261,"[A Miniaturized Implantable Antenna for Wireless Power Transfer and Communication in Biomedical Applications]
   └ 학회: 한국전자파학회JEES (IF: 0.45)"
1358,2022,전기전자공학,759871800,강세영,1,0.0078,0.017261,"[다중 간섭 신호 억제를 위한 강화학습 기반의 광대역 Non-Uniformly Spaced Linear Array 설계 기법]
   └ 학회: 한국전자파학회 (IF: 0.45)"
1359,2022,전기전자공학,478804052,김선교,1,0.0078,0.017261,"[다중 간섭 신호 억제를 위한 강화학습 기반의 광대역 Non-Uniformly Spaced Linear Array 설계 기법]
   └ 학회: 한국전자파학회 (IF: 0.45)"
1360,2022,전기전자공학,412150468,박철순,1,0.0078,0.017261,"[다중 간섭 신호 억제를 위한 강화학습 기반의 광대역 Non-Uniformly Spaced Linear Array 설계 기법]
   └ 학회: 한국전자파학회 (IF: 0.45)"
1361,2022,전기전자공학,469838466,정원주,1,0.0078,0.017261,"[다중 간섭 신호 억제를 위한 강화학습 기반의 광대역 Non-Uniformly Spaced Linear Array 설계 기법]
   └ 학회: 한국전자파학회 (IF: 0.45)"
1362,2022,전기전자공학,392911851,박주만,4,0.0077,0.015033,"[다중 공중 이동/검증 링크에서의 MLP-A 알고리즘 및 구현]
   └ 학회: 한국정보통신학회 (IF: 0.55)
--------------------------------
[GaN/Si 기반 60nm 공정을 이용한 고출력 W대역 전력증폭기]
   └ 학회: 국제인공지능학회 (IF: 0.51)
--------------------------------
[W-Band 광대역 저잡음 증폭기 설계]
   └ 학회: 한국전자파학회 (IF: 0.45)
--------------------------------
[W-대역 고출력 증폭기 응용을 위한 E-평면 신호 전이 구조 및 저항성 격막을 이용한 도파관 전력 결합기]
   └ 학회: 한국전자파학회 (IF: 0.45)"
1363,2022,전기전자공학,117996318,권준범,2,0.0077,0.015033,"[Ka-대역 GaN 저잡음 증폭기의 강건성 평가]
   └ 학회: 국제인공지능학회 (IF: 0.51)
--------------------------------
[Ku- 및 Ka-Band 기반의 대공 탐색 레이다 효과도 분석]
   └ 학회: 한국전자파학회 (IF: 0.45)"
1364,2022,전기전자공학,384927695,홍성화,1,0.0077,0.01392,"[드론을 활용한 효율적인 선박 센서 네트워크]
   └ 학회: 한국정보통신학회 (IF: 0.55)"
1365,2022,전기전자공학,5499344,김병국,1,0.0077,0.01392,"[드론을 활용한 효율적인 선박 센서 네트워크]
   └ 학회: 한국정보통신학회 (IF: 0.55)"
1366,2022,전기전자공학,323127696,이승호,1,0.0077,0.01392,"[드론 제어의 편의성을 향상한 스마트 글러브 짐벌 제어]
   └ 학회: 한국정보통신학회 (IF: 0.55)"
1367,2022,전기전자공학,359244915,신수용,1,0.0077,0.01392,"[드론 제어의 편의성을 향상한 스마트 글러브 짐벌 제어]
   └ 학회: 한국정보통신학회 (IF: 0.55)"
1368,2022,전기전자공학,948635433,황지혜,1,0.0077,0.015033,"[GaN/Si 기반 60nm 공정을 이용한 고출력 W대역 전력증폭기]
   └ 학회: 국제인공지능학회 (IF: 0.51)"
1369,2022,전기전자공학,576949214,김기진,1,0.0077,0.015033,"[GaN/Si 기반 60nm 공정을 이용한 고출력 W대역 전력증폭기]
   └ 학회: 국제인공지능학회 (IF: 0.51)"
1370,2022,전기전자공학,943037837,김완식,1,0.0077,0.015033,"[GaN/Si 기반 60nm 공정을 이용한 고출력 W대역 전력증폭기]
   └ 학회: 국제인공지능학회 (IF: 0.51)"
1371,2022,전기전자공학,454244547,한재섭,1,0.0077,0.015033,"[GaN/Si 기반 60nm 공정을 이용한 고출력 W대역 전력증폭기]
   └ 학회: 국제인공지능학회 (IF: 0.51)"
1372,2022,전기전자공학,510548586,김민기,1,0.0077,0.015033,"[GaN/Si 기반 60nm 공정을 이용한 고출력 W대역 전력증폭기]
   └ 학회: 국제인공지능학회 (IF: 0.51)"
1373,2022,전기전자공학,555713570,강봉모,1,0.0077,0.015033,"[GaN/Si 기반 60nm 공정을 이용한 고출력 W대역 전력증폭기]
   └ 학회: 국제인공지능학회 (IF: 0.51)"
1374,2022,전기전자공학,618916037,김기철,1,0.0077,0.015033,"[GaN/Si 기반 60nm 공정을 이용한 고출력 W대역 전력증폭기]
   └ 학회: 국제인공지능학회 (IF: 0.51)"
1375,2022,전기전자공학,413260961,최증원,1,0.0077,0.015033,"[GaN/Si 기반 60nm 공정을 이용한 고출력 W대역 전력증폭기]
   └ 학회: 국제인공지능학회 (IF: 0.51)"
1376,2022,전기전자공학,799060564,이동주,1,0.0077,0.015033,"[Ka-대역 GaN 저잡음 증폭기의 강건성 평가]
   └ 학회: 국제인공지능학회 (IF: 0.51)"
1377,2022,전기전자공학,290892639,김영훈,1,0.0077,0.015033,"[Ka-대역 GaN 저잡음 증폭기의 강건성 평가]
   └ 학회: 국제인공지능학회 (IF: 0.51)"
1378,2022,전기전자공학,333264405,이상훈,1,0.0077,0.015033,"[Ka-대역 GaN 저잡음 증폭기의 강건성 평가]
   └ 학회: 국제인공지능학회 (IF: 0.51)"
1379,2022,전기전자공학,905484528,이동익,3,0.0076,0.008909,"[고장수목분석(FTA) 기법을 이용한 무인잠수정 건전성 진단]
   └ 학회: 제어로봇시스템학회 (IF: 0.85)
--------------------------------
[A Path Planning Algorithm for AUV Using Fuzzy Logic and Artificial Potential Field]
   └ 학회: 제어로봇시스템학회 (IF: 0.85)
--------------------------------
[고장수목분석(FTA) 기반 시스템 건전성 진단 기법 연구 동향]
   └ 학회: 제어로봇시스템학회 (IF: 0.85)"
1380,2022,전기전자공학,922971635,박태형,2,0.0076,0.008908,"[유전 알고리듬과 교환 휴리스틱 알고리듬을 이용한 무인이동로봇의 잡샵 생산 일정 계획]
   └ 학회: 제어로봇시스템학회 (IF: 0.85)
--------------------------------
[심층강화학습 기반 후방차량 감속을 고려한 차선변경 판단 기법]
   └ 학회: 제어로봇시스템학회 (IF: 0.85)"
1381,2022,전기전자공학,135202930,변성일,2,0.0076,0.008909,"[고장수목분석(FTA) 기법을 이용한 무인잠수정 건전성 진단]
   └ 학회: 제어로봇시스템학회 (IF: 0.85)
--------------------------------
[고장수목분석(FTA) 기반 시스템 건전성 진단 기법 연구 동향]
   └ 학회: 제어로봇시스템학회 (IF: 0.85)"
1382,2022,전기전자공학,804073705,김선화,1,0.0076,0.020601,"[딥러닝 기반의 2차원 이미지 왜곡 분류 및 이미지 각도 보정 시스템 개발]
   └ 학회: 대한전기학회 (IF: 0.37)"
1383,2022,전기전자공학,950274363,김유진,1,0.0076,0.020601,"[딥러닝 기반의 2차원 이미지 왜곡 분류 및 이미지 각도 보정 시스템 개발]
   └ 학회: 대한전기학회 (IF: 0.37)"
1384,2022,전기전자공학,777447507,최수민,1,0.0076,0.020601,"[딥러닝 기반의 2차원 이미지 왜곡 분류 및 이미지 각도 보정 시스템 개발]
   └ 학회: 대한전기학회 (IF: 0.37)"
1385,2022,전기전자공학,557361775,Ikhwan Kim,1,0.0075,0.016703,"[Wideband Antenna for High-Frequency 5G Wireless Communication]
   └ 학회: 한국전자파학회JEES (IF: 0.45)"
1386,2022,전기전자공학,917026922,Byungje Lee,1,0.0075,0.016703,"[Wideband Antenna for High-Frequency 5G Wireless Communication]
   └ 학회: 한국전자파학회JEES (IF: 0.45)"
1387,2022,전기전자공학,807027431,윤용호,4,0.0074,0.014476,"[연료전지 발전시스템 구현을 위한 전력변환장치 하드웨어 세부설계]
   └ 학회: 국제인공지능학회 (IF: 0.51)
--------------------------------
[전기자동차의 에너지 및 전기 요소기술을 선도하는 인력양성 알고리즘]
   └ 학회: 국제인공지능학회 (IF: 0.51)
--------------------------------
[태양광(PV) 셧다운(Shutdown)기술 ‘NEC Article 690’ 표준화 분석]
   └ 학회: 국제인공지능학회 (IF: 0.51)
--------------------------------
[낮은 일조량 구간에서 에너지 하베스팅 기술을 통한 발전량 향상]
   └ 학회: 국제인공지능학회 (IF: 0.51)"
1388,2022,전기전자공학,554170456,손하민,1,0.0074,0.018931,"[VR을 이용한 ADHD 진단을 위한 디지털 치료제]
   └ 학회: 한국방송·미디어공학회 (IF: 0.39)"
1389,2022,전기전자공학,580272488,이준희,1,0.0074,0.018931,"[VR을 이용한 ADHD 진단을 위한 디지털 치료제]
   └ 학회: 한국방송·미디어공학회 (IF: 0.39)"
1390,2022,전기전자공학,623861276,최정훈,1,0.0074,0.018931,"[VR을 이용한 ADHD 진단을 위한 디지털 치료제]
   └ 학회: 한국방송·미디어공학회 (IF: 0.39)"
1391,2022,전기전자공학,861667654,정태명,1,0.0074,0.018931,"[VR을 이용한 ADHD 진단을 위한 디지털 치료제]
   └ 학회: 한국방송·미디어공학회 (IF: 0.39)"
1392,2022,전기전자공학,558320183,최정환,1,0.0074,0.018931,"[대 공간 워크스루형 XR(eXtended Reality) 융합 교육 훈련 시스템의 주요 기술과 특성]
   └ 학회: 한국방송·미디어공학회 (IF: 0.39)"
1393,2022,전기전자공학,771380371,임양미,1,0.0074,0.018931,"[가상환경에서 방향전환보행 데이터 활용 연구]
   └ 학회: 한국방송·미디어공학회 (IF: 0.39)"
1394,2022,전기전자공학,510815896,류영일,1,0.0074,0.018931,"[대형 가상현실 공연장을 위한 360도 비디오 스트리밍 시스템]
   └ 학회: 한국방송·미디어공학회 (IF: 0.39)"
1395,2022,전기전자공학,773936439,김건형,1,0.0074,0.018931,"[대형 가상현실 공연장을 위한 360도 비디오 스트리밍 시스템]
   └ 학회: 한국방송·미디어공학회 (IF: 0.39)"
1396,2022,전기전자공학,851382967,Andres Cabrera,1,0.0074,0.018931,"[대형 가상현실 공연장을 위한 360도 비디오 스트리밍 시스템]
   └ 학회: 한국방송·미디어공학회 (IF: 0.39)"
1397,2022,전기전자공학,890960810,JoAnn Kuchera-Morin,1,0.0074,0.018931,"[대형 가상현실 공연장을 위한 360도 비디오 스트리밍 시스템]
   └ 학회: 한국방송·미디어공학회 (IF: 0.39)"
1398,2022,전기전자공학,291508144,정세훈,1,0.0074,0.018931,"[대형 가상현실 공연장을 위한 360도 비디오 스트리밍 시스템]
   └ 학회: 한국방송·미디어공학회 (IF: 0.39)"
1399,2022,전기전자공학,4616168,류태림,2,0.0073,0.017818,"[전압 변조 방법에 따른 단상 5-레벨 NPC 태양광 인버터의 전력 손실 및 열 부하 분석]
   └ 학회: 전력전자학회 (IF: 0.41)
--------------------------------
[미션 프로파일을 고려한 단상 5-레벨 태양광 NPC 인버터의 전력 반도체 소자 수명 분석]
   └ 학회: 전력전자학회 (IF: 0.41)"
1400,2022,전기전자공학,829845540,최재헌,2,0.0073,0.017818,"[NPC 인버터의 DC-link 커패시터 수명 향상을 위한 전압 변조 방법 비교 평가]
   └ 학회: 전력전자학회 (IF: 0.41)
--------------------------------
[태양광 시스템의 미션 프로파일 고려한 3-레벨 NPC 인버터의 DC-link 커패시터 신뢰성 비교 분석]
   └ 학회: 전력전자학회 (IF: 0.41)"
1401,2022,전기전자공학,942211193,이현철,1,0.0073,0.016147,"[다 대역 영상레이다장비의 유령영상 위치]
   └ 학회: 한국전자파학회 (IF: 0.45)"
1402,2022,전기전자공학,510318573,이상규,1,0.0073,0.016147,"[다 대역 영상레이다장비의 유령영상 위치]
   └ 학회: 한국전자파학회 (IF: 0.45)"
1403,2022,전기전자공학,788599960,유상범,1,0.0073,0.016147,"[다 대역 영상레이다장비의 유령영상 위치]
   └ 학회: 한국전자파학회 (IF: 0.45)"
1404,2022,전기전자공학,112722959,허행팔,1,0.0073,0.016147,"[다 대역 영상레이다장비의 유령영상 위치]
   └ 학회: 한국전자파학회 (IF: 0.45)"
1405,2022,전기전자공학,5085908,김민지,1,0.0072,0.011136,"[아리랑 5호 위성 영상에서 수계의 의미론적 분할을 위한 딥러닝 모델의 비교 연구]
   └ 학회: 한국멀티미디어학회 (IF: 0.65)"
1406,2022,전기전자공학,291633231,김승규,1,0.0072,0.011136,"[아리랑 5호 위성 영상에서 수계의 의미론적 분할을 위한 딥러닝 모델의 비교 연구]
   └ 학회: 한국멀티미디어학회 (IF: 0.65)"
1407,2022,전기전자공학,865107532,감진규,1,0.0072,0.011136,"[아리랑 5호 위성 영상에서 수계의 의미론적 분할을 위한 딥러닝 모델의 비교 연구]
   └ 학회: 한국멀티미디어학회 (IF: 0.65)"
1408,2022,전기전자공학,580946046,김상하,1,0.0072,0.011136,"[반려동물 질병 진단 보조를 위한 딥러닝 프레임워크]
   └ 학회: 한국멀티미디어학회 (IF: 0.65)"
1409,2022,전기전자공학,805378314,남기쁨,1,0.0072,0.011136,"[반려동물 질병 진단 보조를 위한 딥러닝 프레임워크]
   └ 학회: 한국멀티미디어학회 (IF: 0.65)"
1410,2022,전기전자공학,5152512,김시은,1,0.0072,0.011136,"[반려동물 질병 진단 보조를 위한 딥러닝 프레임워크]
   └ 학회: 한국멀티미디어학회 (IF: 0.65)"
1411,2022,전기전자공학,263535508,동서연,1,0.0072,0.011136,"[반려동물 질병 진단 보조를 위한 딥러닝 프레임워크]
   └ 학회: 한국멀티미디어학회 (IF: 0.65)"
1412,2022,전기전자공학,567260155,이혜민,1,0.0072,0.012806,"[한국 전통문화의 수용도 향상을 위한 증강현실 콘텐츠 제작]
   └ 학회: 한국정보기술학회 (IF: 0.56)"
1413,2022,전기전자공학,923808975,성홍주,1,0.0072,0.012806,"[한국 전통문화의 수용도 향상을 위한 증강현실 콘텐츠 제작]
   └ 학회: 한국정보기술학회 (IF: 0.56)"
1414,2022,전기전자공학,139741459,김민중,2,0.0071,0.013918999999999999,"[On Safety Improvement through Process Establishment for SOTIF Application of Autonomous Driving Logistics Robot]
   └ 학회: 국제인공지능학회 (IF: 0.51)
--------------------------------
[On the Method of Deriving Weather Data to Secure the Reliability of the Variable Focus Function Camera]
   └ 학회: 국제인공지능학회 (IF: 0.51)"
1415,2022,전기전자공학,275131584,류승하,1,0.0071,0.017261,"[단일 권선 FEM 시뮬레이션을 통한 자기유도형 무선전력전송 코일의 효율 최적화 설계]
   └ 학회: 전력전자학회 (IF: 0.41)"
1416,2022,전기전자공학,969202444,쫑탄띤,1,0.0071,0.017261,"[단일 권선 FEM 시뮬레이션을 통한 자기유도형 무선전력전송 코일의 효율 최적화 설계]
   └ 학회: 전력전자학회 (IF: 0.41)"
1417,2022,전기전자공학,215082102,최성진,1,0.0071,0.017261,"[단일 권선 FEM 시뮬레이션을 통한 자기유도형 무선전력전송 코일의 효율 최적화 설계]
   └ 학회: 전력전자학회 (IF: 0.41)"
1418,2022,전기전자공학,303030125,허진,4,0.007,0.018931,"[인버터 파라미터에 따른 IPMSM의 공통 모드 전압 및 축 전압 분석]
   └ 학회: 대한전기학회 (IF: 0.37)
--------------------------------
[750W 삼상유도전동기 등가회로 시험법의 슬립선정에 관한 연구]
   └ 학회: 대한전기학회 (IF: 0.37)
--------------------------------
[삼상유도전동기 효율의 측정불확도 평가방법 연구]
   └ 학회: 대한전기학회 (IF: 0.37)
--------------------------------
[탄소중립을 위한 전기자동차 및 직류배전 기술동향]
   └ 학회: 대한전기학회 (IF: 0.37)"
1419,2022,전기전자공학,718899248,이학주,2,0.007,0.018931,"[섹터커플링 기술동향과 전력분야 추진 방안]
   └ 학회: 대한전기학회 (IF: 0.37)
--------------------------------
[P2G 마이크로그리드의 배전계통 유연자원화 방안]
   └ 학회: 대한전기학회 (IF: 0.37)"
1420,2022,전기전자공학,551849057,황성욱,2,0.007,0.018931,"[섹터커플링 기술동향과 전력분야 추진 방안]
   └ 학회: 대한전기학회 (IF: 0.37)
--------------------------------
[P2G 마이크로그리드의 배전계통 유연자원화 방안]
   └ 학회: 대한전기학회 (IF: 0.37)"
1421,2022,전기전자공학,517143934,곽영상,1,0.007,0.009465,"[ECG 잡음에 강건한 트랜스포머 기반 부정맥 감지 모델]
   └ 학회: 한국지능시스템학회 (IF: 0.74)"
1422,2022,전기전자공학,557372432,이지운,1,0.007,0.009465,"[ECG 잡음에 강건한 트랜스포머 기반 부정맥 감지 모델]
   └ 학회: 한국지능시스템학회 (IF: 0.74)"
1423,2022,전기전자공학,139543238,Soohyung Lee,1,0.007,0.009465,"[Efficient Neural Network Design for Identifying Potential Game Item Buyers]
   └ 학회: 한국지능시스템학회 (IF: 0.74)"
1424,2022,전기전자공학,418855468,Amit Kumar Sharma,1,0.007,0.009465,"[Ensemble Rumor Text Classification Model Applied to Different Tweet Features]
   └ 학회: 한국지능시스템학회 (IF: 0.74)"
1425,2022,전기전자공학,180616881,Rakshith Alaham Gangeya,1,0.007,0.009465,"[Ensemble Rumor Text Classification Model Applied to Different Tweet Features]
   └ 학회: 한국지능시스템학회 (IF: 0.74)"
1426,2022,전기전자공학,781966384,Harshit Kumar,1,0.007,0.009465,"[Ensemble Rumor Text Classification Model Applied to Different Tweet Features]
   └ 학회: 한국지능시스템학회 (IF: 0.74)"
1427,2022,전기전자공학,682026623,Sandeep Chaurasia,1,0.007,0.009465,"[Ensemble Rumor Text Classification Model Applied to Different Tweet Features]
   └ 학회: 한국지능시스템학회 (IF: 0.74)"
1428,2022,전기전자공학,289184971,Devesh Kumar Srivastava,1,0.007,0.009465,"[Ensemble Rumor Text Classification Model Applied to Different Tweet Features]
   └ 학회: 한국지능시스템학회 (IF: 0.74)"
1429,2022,전기전자공학,797564572,윤정은,1,0.0069,0.010579,"[디지털 트윈을 활용한 실시간 모니터링 및 원격제어 시스템의 테스트베드 구현]
   └ 학회: 한국멀티미디어학회 (IF: 0.65)"
1430,2022,전기전자공학,802235600,김원석,1,0.0069,0.010579,"[디지털 트윈을 활용한 실시간 모니터링 및 원격제어 시스템의 테스트베드 구현]
   └ 학회: 한국멀티미디어학회 (IF: 0.65)"
1431,2022,전기전자공학,236446243,양경란,1,0.0069,0.010579,"[디지털트윈 기반의 인더스트리 메타버스: 사례분석을 통한 프레임워크의 정립]
   └ 학회: 한국멀티미디어학회 (IF: 0.65)"
1432,2022,전기전자공학,609874767,윤성철,1,0.0069,0.010579,"[디지털트윈 기반의 인더스트리 메타버스: 사례분석을 통한 프레임워크의 정립]
   └ 학회: 한국멀티미디어학회 (IF: 0.65)"
1433,2022,전기전자공학,330613971,박수경,1,0.0069,0.010579,"[디지털트윈 기반의 인더스트리 메타버스: 사례분석을 통한 프레임워크의 정립]
   └ 학회: 한국멀티미디어학회 (IF: 0.65)"
1434,2022,전기전자공학,865088336,이봉규,1,0.0069,0.010579,"[디지털트윈 기반의 인더스트리 메타버스: 사례분석을 통한 프레임워크의 정립]
   └ 학회: 한국멀티미디어학회 (IF: 0.65)"
1435,2022,전기전자공학,719725021,백경동,1,0.0069,0.012249,"[블록체인 기반 비상상황 역할 기반 접근제어 시스템]
   └ 학회: 한국정보기술학회 (IF: 0.56)"
1436,2022,전기전자공학,267975984,박동규,1,0.0069,0.012249,"[블록체인 기반 비상상황 역할 기반 접근제어 시스템]
   └ 학회: 한국정보기술학회 (IF: 0.56)"
1437,2022,전기전자공학,669321499,송우석,1,0.0069,0.012249,"[웹 어셈블리 활용한 웹 기반 블록체인 네트워크 시스템 설계 및 구현]
   └ 학회: 한국정보기술학회 (IF: 0.56)"
1438,2022,전기전자공학,1698250,김태용,1,0.0069,0.012249,"[블록체인 기반 생체인증 연구 동향]
   └ 학회: 한국정보기술학회 (IF: 0.56)"
1439,2022,전기전자공학,453667256,이윤규,1,0.0069,0.012249,"[블록체인 기반 생체인증 연구 동향]
   └ 학회: 한국정보기술학회 (IF: 0.56)"
1440,2022,전기전자공학,73756,김동욱,2,0.0068,0.015033,"[유도성 소스 축퇴를 이용한 X-대역 GaN MMIC 저잡음 증폭기]
   └ 학회: 한국전자파학회 (IF: 0.45)
--------------------------------
[C-Band GaN Dual-Feedback Low-Noise Amplifier MMIC with High-Input Power Robustness]
   └ 학회: 한국전자파학회JEES (IF: 0.45)"
1441,2022,전기전자공학,181709652,박재준,2,0.0068,0.018374,"[HVDC Cable 및 접속재에 관한 견해]
   └ 학회: 대한전기학회 (IF: 0.37)
--------------------------------
[친환경 초고압 GIS Spacer 용, 에폭시/마이크로실리카/마이크로알루미나 혼합 복합체의 교류 절연파괴특성에 관한연구]
   └ 학회: 대한전기학회 (IF: 0.37)"
1442,2022,전기전자공학,264182841,Joon-Ik Kong,1,0.0068,0.013363,"[Study on Timing Failures in Cyber-Physical Systems]
   └ 학회: 국제인공지능학회 (IF: 0.51)"
1443,2022,전기전자공학,968541243,성하욱,1,0.0068,0.015033,"[유도성 소스 축퇴를 이용한 X-대역 GaN MMIC 저잡음 증폭기]
   └ 학회: 한국전자파학회 (IF: 0.45)"
1444,2022,전기전자공학,914233003,한성희,1,0.0068,0.015033,"[유도성 소스 축퇴를 이용한 X-대역 GaN MMIC 저잡음 증폭기]
   └ 학회: 한국전자파학회 (IF: 0.45)"
1445,2022,전기전자공학,504243165,안호균,1,0.0068,0.015033,"[유도성 소스 축퇴를 이용한 X-대역 GaN MMIC 저잡음 증폭기]
   └ 학회: 한국전자파학회 (IF: 0.45)"
1446,2022,전기전자공학,811119062,임종원,1,0.0068,0.015033,"[유도성 소스 축퇴를 이용한 X-대역 GaN MMIC 저잡음 증폭기]
   └ 학회: 한국전자파학회 (IF: 0.45)"
1447,2022,전기전자공학,167493524,이보인,1,0.0068,0.018374,"[HVDC Cable 및 접속재에 관한 견해]
   └ 학회: 대한전기학회 (IF: 0.37)"
1448,2022,전기전자공학,595462736,김병준,1,0.0068,0.018374,"[HVDC Cable 및 접속재에 관한 견해]
   └ 학회: 대한전기학회 (IF: 0.37)"
1449,2022,전기전자공학,642403,서영호,3,0.0067,0.017261,"[고해상도 영상 압축을 위한 SPIHT 기반의 부대역 분할 압축 방법]
   └ 학회: 한국방송·미디어공학회 (IF: 0.39)
--------------------------------
[3D 볼류메트릭 모델의 동적 복원 알고리즘]
   └ 학회: 한국방송·미디어공학회 (IF: 0.39)
--------------------------------
[극사실적 메타휴먼을 위한 3D 볼류메트릭 캡쳐 기반의 동적 페이스 제작]
   └ 학회: 한국방송·미디어공학회 (IF: 0.39)"
1450,2022,전기전자공학,355144747,이일구,2,0.0067,0.012249,"[프랙티컬 비잔틴 장애 허용 기반 블록체인의 확장성과 내결함성 평가 및 비교분석]
   └ 학회: 한국정보통신학회 (IF: 0.55)
--------------------------------
[안전한 사물인터넷을 위한 AES 기반 경량 화이트박스 암호 기법]
   └ 학회: 한국정보통신학회 (IF: 0.55)"
1451,2022,전기전자공학,935810069,송민정,2,0.0067,0.017261,"[A Study on the Organizational Resilience of Netflix]
   └ 학회: 국제인공지능학회 (IF: 0.51)
--------------------------------
[미디어 콘텐츠의 메타버스 플랫포밍 유형화 및 미래 전망]
   └ 학회: 한국방송·미디어공학회 (IF: 0.39)"
1452,2022,전기전자공학,146185834,김유진,2,0.0067,0.017261,"[피부 미세요소 조절을 통한 얼굴 영상 합성]
   └ 학회: 한국방송·미디어공학회 (IF: 0.39)
--------------------------------
[메타버스를 위한 가상 휴먼의 3차원 의상 모델링]
   └ 학회: 한국방송·미디어공학회 (IF: 0.39)"
1453,2022,전기전자공학,492143754,심성대,1,0.0067,0.011692,"[열악한 환경에서의 자율주행을 위한 다중센서 데이터셋 구축]
   └ 학회: 한국로봇학회(논문지) (IF: 0.57)"
1454,2022,전기전자공학,656731037,민지홍,1,0.0067,0.011692,"[열악한 환경에서의 자율주행을 위한 다중센서 데이터셋 구축]
   └ 학회: 한국로봇학회(논문지) (IF: 0.57)"
1455,2022,전기전자공학,805659058,안성용,1,0.0067,0.011692,"[열악한 환경에서의 자율주행을 위한 다중센서 데이터셋 구축]
   └ 학회: 한국로봇학회(논문지) (IF: 0.57)"
1456,2022,전기전자공학,704885040,이종우,1,0.0067,0.011692,"[열악한 환경에서의 자율주행을 위한 다중센서 데이터셋 구축]
   └ 학회: 한국로봇학회(논문지) (IF: 0.57)"
1457,2022,전기전자공학,965197509,이정석,1,0.0067,0.011692,"[열악한 환경에서의 자율주행을 위한 다중센서 데이터셋 구축]
   └ 학회: 한국로봇학회(논문지) (IF: 0.57)"
1458,2022,전기전자공학,855729461,배광탁,1,0.0067,0.011692,"[열악한 환경에서의 자율주행을 위한 다중센서 데이터셋 구축]
   └ 학회: 한국로봇학회(논문지) (IF: 0.57)"
1459,2022,전기전자공학,632435897,김병준,1,0.0067,0.011692,"[열악한 환경에서의 자율주행을 위한 다중센서 데이터셋 구축]
   └ 학회: 한국로봇학회(논문지) (IF: 0.57)"
1460,2022,전기전자공학,751905243,서준원,1,0.0067,0.011692,"[열악한 환경에서의 자율주행을 위한 다중센서 데이터셋 구축]
   └ 학회: 한국로봇학회(논문지) (IF: 0.57)"
1461,2022,전기전자공학,266803437,최덕선,1,0.0067,0.011692,"[열악한 환경에서의 자율주행을 위한 다중센서 데이터셋 구축]
   └ 학회: 한국로봇학회(논문지) (IF: 0.57)"
1462,2022,전기전자공학,135427039,이은영,1,0.0067,0.012249,"[프랙티컬 비잔틴 장애 허용 기반 블록체인의 확장성과 내결함성 평가 및 비교분석]
   └ 학회: 한국정보통신학회 (IF: 0.55)"
1463,2022,전기전자공학,987752795,김남령,1,0.0067,0.012249,"[프랙티컬 비잔틴 장애 허용 기반 블록체인의 확장성과 내결함성 평가 및 비교분석]
   └ 학회: 한국정보통신학회 (IF: 0.55)"
1464,2022,전기전자공학,384649748,한채림,1,0.0067,0.012249,"[프랙티컬 비잔틴 장애 허용 기반 블록체인의 확장성과 내결함성 평가 및 비교분석]
   └ 학회: 한국정보통신학회 (IF: 0.55)"
1465,2022,전기전자공학,806105524,이용주,1,0.0067,0.012249,"[블록체인 기반의 사용자 중심 역할기반 접근제어 기법 연구]
   └ 학회: 한국정보통신학회 (IF: 0.55)"
1466,2022,전기전자공학,952050419,우성희,1,0.0067,0.012249,"[블록체인 기반의 사용자 중심 역할기반 접근제어 기법 연구]
   └ 학회: 한국정보통신학회 (IF: 0.55)"
1467,2022,전기전자공학,408469308,Syed Husain,1,0.0067,0.012249,"[3GPP 5G Core Network: An Overview and Future Directions]
   └ 학회: 한국정보통신학회JICCE (IF: 0.55)"
1468,2022,전기전자공학,305843732,Andreas Kunz,1,0.0067,0.012249,"[3GPP 5G Core Network: An Overview and Future Directions]
   └ 학회: 한국정보통신학회JICCE (IF: 0.55)"
1469,2022,전기전자공학,588300962,송재승,1,0.0067,0.012249,"[3GPP 5G Core Network: An Overview and Future Directions]
   └ 학회: 한국정보통신학회JICCE (IF: 0.55)"
1470,2022,전기전자공학,319177904,고윤화,1,0.0067,0.017261,"[Metaverse and Music : 음악 콘텐츠와 메타버스 플랫폼의 만남]
   └ 학회: 한국방송·미디어공학회 (IF: 0.39)"
1471,2022,전기전자공학,239096676,조이킴,1,0.0067,0.017261,"[보컬과 뉴미디어 방송 콘텐츠 ; 메타버스를 중심으로]
   └ 학회: 한국방송·미디어공학회 (IF: 0.39)"
1472,2022,전기전자공학,771892833,송영아,1,0.0067,0.017261,"[광고와 메타버스]
   └ 학회: 한국방송·미디어공학회 (IF: 0.39)"
1473,2022,전기전자공학,658879730,조형래,1,0.0067,0.017261,"[메타버스에서 디지털 트윈 기술의 적용]
   └ 학회: 한국방송·미디어공학회 (IF: 0.39)"
1474,2022,전기전자공학,512395769,김현우,1,0.0067,0.017261,"[메타버스를 위한 가상 휴먼의 3차원 의상 모델링]
   └ 학회: 한국방송·미디어공학회 (IF: 0.39)"
1475,2022,전기전자공학,368910026,김동언,1,0.0067,0.017261,"[메타버스를 위한 가상 휴먼의 3차원 의상 모델링]
   └ 학회: 한국방송·미디어공학회 (IF: 0.39)"
1476,2022,전기전자공학,1058244,김성희,1,0.0067,0.017261,"[메타버스를 영화 ‘레디 플레이어 원(Ready Player One)’을 통해 살펴본 메타버스 윤리]
   └ 학회: 한국방송·미디어공학회 (IF: 0.39)"
1477,2022,전기전자공학,371167236,이상욱,1,0.0067,0.017261,"[메타버스를 영화 ‘레디 플레이어 원(Ready Player One)’을 통해 살펴본 메타버스 윤리]
   └ 학회: 한국방송·미디어공학회 (IF: 0.39)"
1478,2022,전기전자공학,921786886,조병철,1,0.0067,0.017261,"[메타버스 융복합 공간의 재창조를 위한 전략]
   └ 학회: 한국방송·미디어공학회 (IF: 0.39)"
1479,2022,전기전자공학,257084994,김승연,1,0.0067,0.017261,"[메타버스에서 목적 지향 대화 시스템의 정확도 향상을 위한 상황 정보 활용 대화 상태 추적 기술]
   └ 학회: 한국방송·미디어공학회 (IF: 0.39)"
1480,2022,전기전자공학,453114023,오문석,1,0.0067,0.017261,"[극사실적 메타휴먼을 위한 3D 볼류메트릭 캡쳐 기반의 동적 페이스 제작]
   └ 학회: 한국방송·미디어공학회 (IF: 0.39)"
1481,2022,전기전자공학,701236883,한규훈,1,0.0067,0.017261,"[극사실적 메타휴먼을 위한 3D 볼류메트릭 캡쳐 기반의 동적 페이스 제작]
   └ 학회: 한국방송·미디어공학회 (IF: 0.39)"
1482,2022,전기전자공학,655300698,황치선,1,0.0067,0.017261,"[공간 디스플레이의 기술 동향]
   └ 학회: 한국방송·미디어공학회 (IF: 0.39)"
1483,2022,전기전자공학,734076585,유승철,1,0.0067,0.017261,"[메타버스 미디어 공간으로서 스마트시티 그리고 디지털 사이니지 테코레이션]
   └ 학회: 한국방송·미디어공학회 (IF: 0.39)"
1484,2022,전기전자공학,572715768,박찬식,2,0.0066,0.017817,"[경사 발사 유도무기체계에서 함상 저장 전달정렬 가능성 연구]
   └ 학회: 제어로봇시스템학회 (IF: 0.85)
--------------------------------
[EGM08 중력 모델을 이용한 심층신경망 기반 지오이드 기복 예측 정확도 평가]
   └ 학회: 대한전기학회 (IF: 0.37)"
1485,2022,전기전자공학,418624564,김현석,1,0.0066,0.017817,"[EGM08 중력 모델을 이용한 심층신경망 기반 지오이드 기복 예측 정확도 평가]
   └ 학회: 대한전기학회 (IF: 0.37)"
1486,2022,전기전자공학,530285345,이승현,4,0.0065,0.012806,"[A study on the audio/video integrated control system based on network]
   └ 학회: 국제인공지능학회 (IF: 0.51)
--------------------------------
[Implementation of Video Mirroring System based on IP]
   └ 학회: 국제인공지능학회 (IF: 0.51)
--------------------------------
[A Novle Method for Efficient Mobile AR Service in Edge Mesh Network]
   └ 학회: 국제인공지능학회 (IF: 0.51)
--------------------------------
[Performance Analysis of Cloud Rendering Based on Web Real-Time Communication]
   └ 학회: 국제인공지능학회 (IF: 0.51)"
1487,2022,전기전자공학,887175089,강민정,2,0.0065,0.012806,"[A Study on the Factors Influencing the Purchase of Electric Vehicles]
   └ 학회: 국제인공지능학회 (IF: 0.51)
--------------------------------
[Social Media Marketing Strategy]
   └ 학회: 국제인공지능학회 (IF: 0.51)"
1488,2022,전기전자공학,529417007,홍석준,2,0.0065,0.012806,"[A Novle Method for Efficient Mobile AR Service in Edge Mesh Network]
   └ 학회: 국제인공지능학회 (IF: 0.51)
--------------------------------
[Performance Analysis of Cloud Rendering Based on Web Real-Time Communication]
   └ 학회: 국제인공지능학회 (IF: 0.51)"
1489,2022,전기전자공학,792482789,김성용,1,0.0065,0.012806,"[A Study on the Factors Influencing the Purchase of Electric Vehicles]
   └ 학회: 국제인공지능학회 (IF: 0.51)"
1490,2022,전기전자공학,354004038,임규범,1,0.0065,0.012806,"[Performance Analysis of Cloud Rendering Based on Web Real-Time Communication]
   └ 학회: 국제인공지능학회 (IF: 0.51)"
1491,2022,전기전자공학,259677856,"Min, Youn-A",1,0.0065,0.012806,"[Smart contract research for data outlier detection and processing of ARIMA model]
   └ 학회: 국제인공지능학회 (IF: 0.51)"
1492,2022,전기전자공학,835714664,조승표,2,0.0064,0.011692999999999999,"[HMD 착용 중의 충돌 사고 방지를 위한 알리미 모듈 설계]
   └ 학회: 한국정보통신학회 (IF: 0.55)
--------------------------------
[보행자의 안전한 횡단을 위한 새로운 차세대 신호등 시스템]
   └ 학회: 한국정보통신학회 (IF: 0.55)"
1493,2022,전기전자공학,768921730,이병희,2,0.0064,0.017261,"[자기 공진형 무선전력전송 시스템 송신기의 개수에 따른 자기장 안전성 평가]
   └ 학회: 대한전기학회 (IF: 0.37)
--------------------------------
[수상태양광 발전시스템의 편익-비용 비율 기반 경제성 분석]
   └ 학회: 대한전기학회 (IF: 0.37)"
1494,2022,전기전자공학,757182476,박동주,1,0.0064,0.01392,"[드론 삼각측량에서 전문 소프트웨어의 공간정보 정확도 비교 분석]
   └ 학회: 한국정보전자통신기술학회 (IF: 0.46)"
1495,2022,전기전자공학,960313640,최연성,1,0.0064,0.01392,"[드론 삼각측량에서 전문 소프트웨어의 공간정보 정확도 비교 분석]
   └ 학회: 한국정보전자통신기술학회 (IF: 0.46)"
1496,2022,전기전자공학,971787421,김장원,1,0.0064,0.01392,"[Self-Drop을 이용한 드론의 비행 금지구역 진입 제한에 관한 연구]
   └ 학회: 한국정보전자통신기술학회 (IF: 0.46)"
1497,2022,전기전자공학,411957394,안지수,1,0.0064,0.017261,"[자기 공진형 무선전력전송 시스템 송신기의 개수에 따른 자기장 안전성 평가]
   └ 학회: 대한전기학회 (IF: 0.37)"
1498,2022,전기전자공학,741594130,소평호,1,0.0064,0.017261,"[자기 공진형 무선전력전송 시스템 송신기의 개수에 따른 자기장 안전성 평가]
   └ 학회: 대한전기학회 (IF: 0.37)"
1499,2022,전기전자공학,831873110,신강인,1,0.0064,0.017261,"[자기 공진형 무선전력전송 시스템 송신기의 개수에 따른 자기장 안전성 평가]
   └ 학회: 대한전기학회 (IF: 0.37)"
1500,2022,전기전자공학,925340848,최성환,1,0.0064,0.017261,"[플렉서블 디스플레이 및 웨어러블 디바이스 기술 개발 동향]
   └ 학회: 대한전기학회 (IF: 0.37)"
1501,2022,전기전자공학,961677623,정의정,1,0.0063,0.011136,"[간선화물의 상자 하차를 위한 외팔 로봇 시스템 개발]
   └ 학회: 한국로봇학회(논문지) (IF: 0.57)"
1502,2022,전기전자공학,267325781,박성호,1,0.0063,0.011136,"[간선화물의 상자 하차를 위한 외팔 로봇 시스템 개발]
   └ 학회: 한국로봇학회(논문지) (IF: 0.57)"
1503,2022,전기전자공학,337273677,강진규,1,0.0063,0.011136,"[간선화물의 상자 하차를 위한 외팔 로봇 시스템 개발]
   └ 학회: 한국로봇학회(논문지) (IF: 0.57)"
1504,2022,전기전자공학,771934409,손소은,1,0.0063,0.011136,"[간선화물의 상자 하차를 위한 외팔 로봇 시스템 개발]
   └ 학회: 한국로봇학회(논문지) (IF: 0.57)"
1505,2022,전기전자공학,622146145,조건래,1,0.0063,0.011136,"[간선화물의 상자 하차를 위한 외팔 로봇 시스템 개발]
   └ 학회: 한국로봇학회(논문지) (IF: 0.57)"
1506,2022,전기전자공학,564938686,이영호,1,0.0063,0.011136,"[간선화물의 상자 하차를 위한 외팔 로봇 시스템 개발]
   └ 학회: 한국로봇학회(논문지) (IF: 0.57)"
1507,2022,전기전자공학,891924598,어윤성,1,0.0063,0.013919999999999998,"[CMOS UWB 레이다 센서의 첨두전력 계산에 관한 연구]
   └ 학회: 한국전자파학회 (IF: 0.45)"
1508,2022,전기전자공학,835572828,한성연,1,0.0063,0.013919999999999998,"[CMOS UWB 레이다 센서의 첨두전력 계산에 관한 연구]
   └ 학회: 한국전자파학회 (IF: 0.45)"
1509,2022,전기전자공학,516907887,주현준,1,0.0063,0.013919999999999998,"[CMOS UWB 레이다 센서의 첨두전력 계산에 관한 연구]
   └ 학회: 한국전자파학회 (IF: 0.45)"
1510,2022,전기전자공학,924129672,조경환,1,0.0063,0.013919999999999998,"[CMOS UWB 레이다 센서의 첨두전력 계산에 관한 연구]
   └ 학회: 한국전자파학회 (IF: 0.45)"
1511,2022,전기전자공학,540306154,박종언,1,0.0063,0.01392,"[해양 수색구조 정보전달체계 개선 방안]
   └ 학회: 한국전자파학회 (IF: 0.45)"
1512,2022,전기전자공학,729359195,김윤환,1,0.0063,0.016147,"[YOLOv4 기반의 소형 물체탐지기법을 이용한 건설도면 내 철강 자재 문자 검출 및 인식기법]
   └ 학회: 한국방송·미디어공학회 (IF: 0.39)"
1513,2022,전기전자공학,224857150,김세영,3,0.0062,0.011136,"[경향성 분석 기반의 위성탑재 영상레이다 원격 측정 데이터 축소 기법]
   └ 학회: 한국정보기술학회 (IF: 0.56)
--------------------------------
[위성 탑재 영상레이다 촬영시간 보정 기법 설계 및 구현]
   └ 학회: 한국정보기술학회 (IF: 0.56)
--------------------------------
[위성 SAR용 이중 반사판 검증을 위한 위상 배열 급전기 설계 및 제작]
   └ 학회: 한국전자파학회 (IF: 0.45)"
1514,2022,전기전자공학,265809530,이호창,2,0.0062,0.011136,"[경향성 분석 기반의 위성탑재 영상레이다 원격 측정 데이터 축소 기법]
   └ 학회: 한국정보기술학회 (IF: 0.56)
--------------------------------
[위성 탑재 영상레이다 촬영시간 보정 기법 설계 및 구현]
   └ 학회: 한국정보기술학회 (IF: 0.56)"
1515,2022,전기전자공학,283470233,이현익,2,0.0062,0.011136,"[경향성 분석 기반의 위성탑재 영상레이다 원격 측정 데이터 축소 기법]
   └ 학회: 한국정보기술학회 (IF: 0.56)
--------------------------------
[위성 탑재 영상레이다 촬영시간 보정 기법 설계 및 구현]
   └ 학회: 한국정보기술학회 (IF: 0.56)"
1516,2022,전기전자공학,247783692,성진봉,2,0.0062,0.011136,"[경향성 분석 기반의 위성탑재 영상레이다 원격 측정 데이터 축소 기법]
   └ 학회: 한국정보기술학회 (IF: 0.56)
--------------------------------
[위성 탑재 영상레이다 촬영시간 보정 기법 설계 및 구현]
   └ 학회: 한국정보기술학회 (IF: 0.56)"
1517,2022,전기전자공학,447406957,민연아,2,0.0062,0.012249,"[NFT 거래 안정성을 고려한 합의알고리즘 성능분석]
   └ 학회: 국제인공지능학회 (IF: 0.51)
--------------------------------
[온라인 교육 환경에서 효율적 학습자 문제추천을 위한 스마트 컨트랙트 연구]
   └ 학회: 국제인공지능학회 (IF: 0.51)"
1518,2022,전기전자공학,1143191,김형래,1,0.0062,0.007238,"[동적 장면에서의 차간 거리 보정을 위한 광학 흐름 기반 차량 자세 추정]
   └ 학회: 제어로봇시스템학회 (IF: 0.85)"
1519,2022,전기전자공학,933291167,류춘우,1,0.0062,0.007238,"[카메라-IMU 센서 융합 기반 자세 추정을 통한 전방 객체 거리 정밀 보정]
   └ 학회: 제어로봇시스템학회 (IF: 0.85)"
1520,2022,전기전자공학,338140695,강지호,1,0.0062,0.008352,"[IPC 군집화 기반의 특허 Landscape에 관한 연구]
   └ 학회: 한국지능시스템학회 (IF: 0.74)"
1521,2022,전기전자공학,584941073,이태식,1,0.0062,0.009465,"[다목적 비디오 부/복호화를 위한 다층 퍼셉트론 기반 삼항 트리 분할 결정 방법]
   └ 학회: 한국멀티미디어학회 (IF: 0.65)"
1522,2022,전기전자공학,605807065,최근오,1,0.0062,0.011136,"[영상처리 및 딥러닝을 이용한 레미콘 슬럼프 질기 식별 및 분석]
   └ 학회: 한국정보기술학회 (IF: 0.56)"
1523,2022,전기전자공학,637063908,이종세,1,0.0062,0.011136,"[영상처리 및 딥러닝을 이용한 레미콘 슬럼프 질기 식별 및 분석]
   └ 학회: 한국정보기술학회 (IF: 0.56)"
1524,2022,전기전자공학,685228069,이아림,1,0.0062,0.011136,"[경향성 분석 기반의 위성탑재 영상레이다 원격 측정 데이터 축소 기법]
   └ 학회: 한국정보기술학회 (IF: 0.56)"
1525,2022,전기전자공학,974613545,이태규,1,0.0062,0.012249,"[Blockchain and Cryptocurrency Distributed Testing Methods]
   └ 학회: 국제인공지능학회 (IF: 0.51)"
1526,2022,전기전자공학,936085869,이병찬,1,0.0062,0.012249,"[안테나 지향성 원리를 이용한 5G 건물 내 품질향상에 관한 연구]
   └ 학회: 국제인공지능학회 (IF: 0.51)"
1527,2022,전기전자공학,527457410,이성화,1,0.0062,0.012249,"[안테나 지향성 원리를 이용한 5G 건물 내 품질향상에 관한 연구]
   └ 학회: 국제인공지능학회 (IF: 0.51)"
1528,2022,전기전자공학,672179566,김진태,1,0.0062,0.012249,"[안테나 지향성 원리를 이용한 5G 건물 내 품질향상에 관한 연구]
   └ 학회: 국제인공지능학회 (IF: 0.51)"
1529,2022,전기전자공학,680316282,이화영,2,0.0061,0.011136,"[Salt and Pepper 잡음 제거를 위한 퍼지 논리 가중치 필터]
   └ 학회: 한국정보통신학회 (IF: 0.55)
--------------------------------
[유효화소와 선형보간법을 이용한 Salt and Pepper 잡음제거]
   └ 학회: 한국정보통신학회 (IF: 0.55)"
1530,2022,전기전자공학,627185581,Bong-Won Cheon,1,0.0061,0.011136,"[A Modified Steering Kernel Filter for AWGN Removal based on Kernel Similarity]
   └ 학회: 한국정보통신학회JICCE (IF: 0.55)"
1531,2022,전기전자공학,661677867,김재원,3,0.006,0.016147,"[오프셋 전압 인가 방식의 펄스 크기 변조 풀브릿지 다이오드 클램프 3레벨 LLC 공진형 컨버터]
   └ 학회: 대한전기학회 (IF: 0.37)
--------------------------------
[가상운영 시뮬레이터를 활용한 철도차량 보조전원장치 신뢰성 입증]
   └ 학회: 대한전기학회 (IF: 0.37)
--------------------------------
[수소철도차량 기지 내 수소충전설비 최적 운영전략 연구]
   └ 학회: 대한전기학회 (IF: 0.37)"
1532,2022,전기전자공학,832821337,조환희,3,0.006,0.016147,"[오프셋 전압 인가 방식의 펄스 크기 변조 풀브릿지 다이오드 클램프 3레벨 LLC 공진형 컨버터]
   └ 학회: 대한전기학회 (IF: 0.37)
--------------------------------
[가상운영 시뮬레이터를 활용한 철도차량 보조전원장치 신뢰성 입증]
   └ 학회: 대한전기학회 (IF: 0.37)
--------------------------------
[수소철도차량 기지 내 수소충전설비 최적 운영전략 연구]
   └ 학회: 대한전기학회 (IF: 0.37)"
1533,2022,전기전자공학,102803606,류준형,1,0.006,0.016147,"[수소철도차량 기지 내 수소충전설비 최적 운영전략 연구]
   └ 학회: 대한전기학회 (IF: 0.37)"
1534,2022,전기전자공학,179640115,오용국,1,0.006,0.016147,"[수소철도차량 기지 내 수소충전설비 최적 운영전략 연구]
   └ 학회: 대한전기학회 (IF: 0.37)"
1535,2022,전기전자공학,115904112,이한상,1,0.006,0.016147,"[수소철도차량 기지 내 수소충전설비 최적 운영전략 연구]
   └ 학회: 대한전기학회 (IF: 0.37)"
1536,2022,전기전자공학,733035007,장기봉,1,0.006,0.016147,"[전동기의 효율 관리와 효율 향상에 관한 연구 동향]
   └ 학회: 대한전기학회 (IF: 0.37)"
1537,2022,전기전자공학,925075495,김진우,2,0.0059,0.010579,"[E-모빌리티를 위한 슈퍼커패시터 기반 배터리팩 구현]
   └ 학회: 한국정보기술학회 (IF: 0.56)
--------------------------------
[초소형 전기차용 8kW 슈퍼커패시터 배터리팩을 위한 급속충전기 개발]
   └ 학회: 한국정보기술학회 (IF: 0.56)"
1538,2022,전기전자공학,909516230,박규오,2,0.0059,0.010579,"[E-모빌리티를 위한 슈퍼커패시터 기반 배터리팩 구현]
   └ 학회: 한국정보기술학회 (IF: 0.56)
--------------------------------
[초소형 전기차용 8kW 슈퍼커패시터 배터리팩을 위한 급속충전기 개발]
   └ 학회: 한국정보기술학회 (IF: 0.56)"
1539,2022,전기전자공학,384493617,김제은,1,0.0059,0.010579,"[E-모빌리티를 위한 슈퍼커패시터 기반 배터리팩 구현]
   └ 학회: 한국정보기술학회 (IF: 0.56)"
1540,2022,전기전자공학,213059829,조대원,1,0.0059,0.010579,"[가상환경에서 원자로 내부구조물의 해체 공정 시나리오를 도출하기 위한 절단 경로 생성 방법론 개발]
   └ 학회: 한국정보기술학회 (IF: 0.56)"
1541,2022,전기전자공학,412160892,김륜한,1,0.0059,0.010579,"[원자로 내부 구조물(RVI)의 최적 해체 시나리오를 도출하기 위한 RVI 절단 공정 시뮬레이션 프로그램 개발]
   └ 학회: 한국정보기술학회 (IF: 0.56)"
1542,2022,전기전자공학,562479743,정성훈,1,0.0059,0.015033,"[딥러닝 기반 단일 이미지 생성적 적대 신경망 기법 비교 분석]
   └ 학회: 한국방송·미디어공학회 (IF: 0.39)"
1543,2022,전기전자공학,708316263,김영선,1,0.0058,0.01559,"[재생에너지 기반의 전력망 디지털트윈 기술 동향]
   └ 학회: 대한전기학회 (IF: 0.37)"
1544,2022,전기전자공학,904517749,오휘명,1,0.0058,0.01559,"[재생에너지 기반의 전력망 디지털트윈 기술 동향]
   └ 학회: 대한전기학회 (IF: 0.37)"
1545,2022,전기전자공학,960637503,신승화,1,0.0057,0.006682,"[리튬이온 배터리의 랜덤 포레스트 기반 잔여 용량 추정 및 중요 전압 구간 선정 연구]
   └ 학회: 제어로봇시스템학회 (IF: 0.85)"
1546,2022,전기전자공학,261739982,김건우,1,0.0057,0.006682,"[리튬이온 배터리의 랜덤 포레스트 기반 잔여 용량 추정 및 중요 전압 구간 선정 연구]
   └ 학회: 제어로봇시스템학회 (IF: 0.85)"
1547,2022,전기전자공학,871960083,최영환,1,0.0057,0.006682,"[엣지 컴퓨팅 환경에서의 연합학습 성능 평가 및 분석]
   └ 학회: 제어로봇시스템학회 (IF: 0.85)"
1548,2022,전기전자공학,504466181,김태홍,1,0.0057,0.006682,"[엣지 컴퓨팅 환경에서의 연합학습 성능 평가 및 분석]
   └ 학회: 제어로봇시스템학회 (IF: 0.85)"
1549,2022,전기전자공학,340619798,이주영,1,0.0057,0.011136,"[초소형위성 영상레이다를 위한 제어/저장 및 송수신 모듈의 설계 및 제작]
   └ 학회: 국제인공지능학회 (IF: 0.51)"
1550,2022,전기전자공학,836454398,김현철,1,0.0057,0.011136,"[초소형위성 영상레이다를 위한 제어/저장 및 송수신 모듈의 설계 및 제작]
   └ 학회: 국제인공지능학회 (IF: 0.51)"
1551,2022,전기전자공학,342337412,김종필,1,0.0057,0.011136,"[초소형위성 영상레이다를 위한 제어/저장 및 송수신 모듈의 설계 및 제작]
   └ 학회: 국제인공지능학회 (IF: 0.51)"
1552,2022,전기전자공학,960777085,유경덕,1,0.0057,0.011136,"[초소형위성 영상레이다를 위한 제어/저장 및 송수신 모듈의 설계 및 제작]
   └ 학회: 국제인공지능학회 (IF: 0.51)"
1553,2022,전기전자공학,777038093,김동식,1,0.0057,0.011136,"[초소형위성 영상레이다를 위한 제어/저장 및 송수신 모듈의 설계 및 제작]
   └ 학회: 국제인공지능학회 (IF: 0.51)"
1554,2022,전기전자공학,182292982,손진근,6,0.0056,0.015033,"[전기자동차용 무선 전력 충전의 적정 선정을 위한 자기 공진 회로구조의 비교 분석]
   └ 학회: 대한전기학회 (IF: 0.37)
--------------------------------
[하이브리드 능동전력필터의 전력품질 개선을 위한 Coordinate Transformation 기법에 대한 성능 비교]
   └ 학회: 대한전기학회 (IF: 0.37)
--------------------------------
[역률 및 고조파 보상을 위한 하이브리드 능동전력필터(HAPF)의 개선된 파라미터 설계 방안]
   └ 학회: 대한전기학회 (IF: 0.37)
--------------------------------
[태양광 발전효율 증대를 위한 최대전력추종 시스템에서 Anti-windup 적용의 효과 분석]
   └ 학회: 대한전기학회 (IF: 0.37)
--------------------------------
[고조파 보상을 위한 하이브리드 능동전력필터(HAPF)에서 APF의 정현파 전압 주입에 따른 무효전력 상관 관계 분석 및 보상방안]
   └ 학회: 대한전기학회 (IF: 0.37)
--------------------------------
[철도 차량 차체 특성을 고려한 견인 전동기의 용량 산정 기법 연구]
   └ 학회: 대한전기학회 (IF: 0.37)"
1555,2022,전기전자공학,626920886,이현재,5,0.0056,0.015033,"[전기자동차용 무선 전력 충전의 적정 선정을 위한 자기 공진 회로구조의 비교 분석]
   └ 학회: 대한전기학회 (IF: 0.37)
--------------------------------
[하이브리드 능동전력필터의 전력품질 개선을 위한 Coordinate Transformation 기법에 대한 성능 비교]
   └ 학회: 대한전기학회 (IF: 0.37)
--------------------------------
[역률 및 고조파 보상을 위한 하이브리드 능동전력필터(HAPF)의 개선된 파라미터 설계 방안]
   └ 학회: 대한전기학회 (IF: 0.37)
--------------------------------
[고조파 보상을 위한 하이브리드 능동전력필터(HAPF)에서 APF의 정현파 전압 주입에 따른 무효전력 상관 관계 분석 및 보상방안]
   └ 학회: 대한전기학회 (IF: 0.37)
--------------------------------
[철도 차량 차체 특성을 고려한 견인 전동기의 용량 산정 기법 연구]
   └ 학회: 대한전기학회 (IF: 0.37)"
1556,2022,전기전자공학,789361636,김상훈,1,0.0056,0.014476,"[윈도우 주의 모듈 기반 트랜스포머를 활용한 이미지 분류 방법]
   └ 학회: 한국방송·미디어공학회 (IF: 0.39)"
1557,2022,전기전자공학,849067836,Hongsoo Park,2,0.0055,0.012249,"[Wideband Directive Self-Complementary Bowtie Antenna for Ka-band]
   └ 학회: 한국전자파학회JEES (IF: 0.45)
--------------------------------
[Measurement of Nonlinear RCS of Electronic Targets for Nonlinear Detection]
   └ 학회: 한국전자파학회JEES (IF: 0.45)"
1558,2022,전기전자공학,965949014,Kyu Ho Cha,2,0.0055,0.012249,"[Wideband Directive Self-Complementary Bowtie Antenna for Ka-band]
   └ 학회: 한국전자파학회JEES (IF: 0.45)
--------------------------------
[Measurement of Nonlinear RCS of Electronic Targets for Nonlinear Detection]
   └ 학회: 한국전자파학회JEES (IF: 0.45)"
1559,2022,전기전자공학,749124301,김미경,1,0.0055,0.012249,"[3GPP 5G 규격 기반 지상/비지상 통신 단말 모뎀 소프트웨어 개발]
   └ 학회: 한국전자파학회 (IF: 0.45)"
1560,2022,전기전자공학,701598724,G. S. Karthikeya,1,0.0055,0.012249,"[Compact Bent-Corner Orthogonal Beam Switching Antenna Module for 5G Mobile Devices]
   └ 학회: 한국전자파학회JEES (IF: 0.45)"
1561,2022,전기전자공학,919483484,Shiban K. Koul,1,0.0055,0.012249,"[Compact Bent-Corner Orthogonal Beam Switching Antenna Module for 5G Mobile Devices]
   └ 학회: 한국전자파학회JEES (IF: 0.45)"
1562,2022,전기전자공학,609743260,Ajay K. Poddar,1,0.0055,0.012249,"[Compact Bent-Corner Orthogonal Beam Switching Antenna Module for 5G Mobile Devices]
   └ 학회: 한국전자파학회JEES (IF: 0.45)"
1563,2022,전기전자공학,913422942,Ulrich L. Rohde,1,0.0055,0.012249,"[Compact Bent-Corner Orthogonal Beam Switching Antenna Module for 5G Mobile Devices]
   └ 학회: 한국전자파학회JEES (IF: 0.45)"
1564,2022,전기전자공학,569304604,Moon-Yong Kim,3,0.0054,0.010579,"[Consumer Satisfaction with Green Credit Card Benefits: The Role of Environmental Self-Accountability and Eco-Label Involvement]
   └ 학회: 국제인공지능학회 (IF: 0.51)
--------------------------------
[Consumer Preference for Credit Card Benefits: The Effect of Pro-Environmental Disposition]
   └ 학회: 국제인공지능학회 (IF: 0.51)
--------------------------------
[Smart Home Systems for Safety and Security and Individuals’ Motivational Orientation to Prevention]
   └ 학회: 국제인공지능학회 (IF: 0.51)"
1565,2022,전기전자공학,767221475,백승묵,2,0.0054,0.014476,"[주파수 변화율 측정 기반 에너지저장장치 효과적인 제어 전략]
   └ 학회: 대한전기학회 (IF: 0.37)
--------------------------------
[중기 전력수요 예측을 위한 LSTM 최적 모델 선정]
   └ 학회: 대한전기학회 (IF: 0.37)"
1566,2022,전기전자공학,740989931,Heayon Cho,1,0.0054,0.010579,"[Smart Home Systems for Safety and Security and Individuals’ Motivational Orientation to Prevention]
   └ 학회: 국제인공지능학회 (IF: 0.51)"
1567,2022,전기전자공학,916239043,황승욱,1,0.0054,0.014476,"[전기저장장치용 SPD의 최적운용 평가 알고리즘에 관한 연구]
   └ 학회: 대한전기학회 (IF: 0.37)"
1568,2022,전기전자공학,532065108,유형준,1,0.0054,0.014476,"[그리드포밍 인버터 기반 마이크로그리드 제어]
   └ 학회: 대한전기학회 (IF: 0.37)"
1569,2022,전기전자공학,900263696,전진홍,1,0.0054,0.014476,"[그리드포밍 인버터 기반 마이크로그리드 제어]
   └ 학회: 대한전기학회 (IF: 0.37)"
1570,2022,전기전자공학,894414729,김유나,1,0.0054,0.014476,"[주파수 변화율 측정 기반 에너지저장장치 효과적인 제어 전략]
   └ 학회: 대한전기학회 (IF: 0.37)"
1571,2022,전기전자공학,123893551,조한솔,1,0.0054,0.014476,"[주파수 변화율 측정 기반 에너지저장장치 효과적인 제어 전략]
   └ 학회: 대한전기학회 (IF: 0.37)"
1572,2022,전기전자공학,231481692,박상우,1,0.0054,0.014476,"[에너지 자립 섬에서 신재생에너지 연계 ESS의 예비력 공급에 따른 분산전원의 최적용량 산정]
   └ 학회: 대한전기학회 (IF: 0.37)"
1573,2022,전기전자공학,433065864,박희정,1,0.0054,0.014476,"[에너지 자립 섬에서 신재생에너지 연계 ESS의 예비력 공급에 따른 분산전원의 최적용량 산정]
   └ 학회: 대한전기학회 (IF: 0.37)"
1574,2022,전기전자공학,901488756,김병성,4,0.0053,0.011692999999999999,"[28-nm CMOS 공정을 이용한 Ka-Band 수신기 설계]
   └ 학회: 한국전자파학회 (IF: 0.45)
--------------------------------
[28-㎚ CMOS 공정을 이용한 W-대역 레이다 송신기용 전력증폭기 설계]
   └ 학회: 한국전자파학회 (IF: 0.45)
--------------------------------
[빔 스위칭 송신기를 사용한 3차원 탐지 FMCW 레이다 구현]
   └ 학회: 한국전자파학회 (IF: 0.45)
--------------------------------
[94 ㎓ 수신 4채널, 송신 1채널 FMCW 레이다 시스템]
   └ 학회: 한국전자파학회 (IF: 0.45)"
1575,2022,전기전자공학,741494989,옥승호,2,0.0053,0.009465,"[재구성 가능한 모듈 기반 CNN 가속기 구현]
   └ 학회: 한국정보기술학회 (IF: 0.56)
--------------------------------
[ArcFace를 사용한 경량 신원인식 네트워크]
   └ 학회: 한국정보기술학회 (IF: 0.56)"
1576,2022,전기전자공학,252125533,이호민,1,0.0053,0.009465,"[재구성 가능한 모듈 기반 CNN 가속기 구현]
   └ 학회: 한국정보기술학회 (IF: 0.56)"
1577,2022,전기전자공학,285030926,전성호,1,0.0053,0.009465,"[재구성 가능한 모듈 기반 CNN 가속기 구현]
   └ 학회: 한국정보기술학회 (IF: 0.56)"
1578,2022,전기전자공학,973363387,김동휘,1,0.0053,0.011692999999999999,"[빔 스위칭 송신기를 사용한 3차원 탐지 FMCW 레이다 구현]
   └ 학회: 한국전자파학회 (IF: 0.45)"
1579,2022,전기전자공학,785928324,윤정배,1,0.0053,0.011692999999999999,"[빔 스위칭 송신기를 사용한 3차원 탐지 FMCW 레이다 구현]
   └ 학회: 한국전자파학회 (IF: 0.45)"
1580,2022,전기전자공학,388787779,송림,1,0.0053,0.011692999999999999,"[빔 스위칭 송신기를 사용한 3차원 탐지 FMCW 레이다 구현]
   └ 학회: 한국전자파학회 (IF: 0.45)"
1581,2022,전기전자공학,319910902,유승수,4,0.0052,0.006125,"[FH-BOC 신호를 위한 비모호 상관함수 설계]
   └ 학회: 제어로봇시스템학회 (IF: 0.85)
--------------------------------
[차세대 GNSS를 위한 GIG 부호 기반 시간다중 이진부호심볼 변조기법]
   └ 학회: 제어로봇시스템학회 (IF: 0.85)
--------------------------------
[SPWVD-PSD 겹침 이미지를 이용한 전이학습기반 GNSS 재밍식별기법]
   └ 학회: 제어로봇시스템학회 (IF: 0.85)
--------------------------------
[FH-BOC 신호를 위한 부분 상관을 이용한 비모호 상관함수]
   └ 학회: 제어로봇시스템학회 (IF: 0.85)"
1582,2022,전기전자공학,202721620,김선용,4,0.0052,0.006125,"[FH-BOC 신호를 위한 비모호 상관함수 설계]
   └ 학회: 제어로봇시스템학회 (IF: 0.85)
--------------------------------
[차세대 GNSS를 위한 GIG 부호 기반 시간다중 이진부호심볼 변조기법]
   └ 학회: 제어로봇시스템학회 (IF: 0.85)
--------------------------------
[SPWVD-PSD 겹침 이미지를 이용한 전이학습기반 GNSS 재밍식별기법]
   └ 학회: 제어로봇시스템학회 (IF: 0.85)
--------------------------------
[FH-BOC 신호를 위한 부분 상관을 이용한 비모호 상관함수]
   └ 학회: 제어로봇시스템학회 (IF: 0.85)"
1583,2022,전기전자공학,425568548,온병원,3,0.0052,0.009465,"[BERT를 활용한 AR-KNU+ 감성사전 기반의 대학 평판도 평가]
   └ 학회: 한국정보기술학회 (IF: 0.56)
--------------------------------
[생성요약의 사실 불일치 문제 개선을 위한 관련성과 중복성을 고려한 손실 함수 기반의 KoBART 모델]
   └ 학회: 한국정보기술학회 (IF: 0.56)
--------------------------------
[Improved Sensor Filtering Method for Sensor Registry System]
   └ 학회: 한국정보통신학회 (IF: 0.55)"
1584,2022,전기전자공학,711457474,김재철,2,0.0052,0.01392,"[고조파 보상을 위한 하이브리드 능동전력필터(HAPF)에서 APF의 정현파 전압 주입에 따른 무효전력 상관 관계 분석 및 보상방안]
   └ 학회: 대한전기학회 (IF: 0.37)
--------------------------------
[하이브리드 고장률을 이용한 태양광 발전 시스템의 설비 유지보수 시점 결정에 관한 연구]
   └ 학회: 대한전기학회 (IF: 0.37)"
1585,2022,전기전자공학,218835759,이한솔,1,0.0052,0.006125,"[상대 관측 정보 신뢰도 판단을 통한 다중자율무인잠수정의 정밀한 위치 추정]
   └ 학회: 제어로봇시스템학회 (IF: 0.85)"
1586,2022,전기전자공학,791261399,윤현중,1,0.0052,0.006125,"[칼만필터를 이용한 군집로봇의 위치 및 위상 최적 추정 방법]
   └ 학회: 제어로봇시스템학회 (IF: 0.85)"
1587,2022,전기전자공학,345389083,Kasra Eshaghi,1,0.0052,0.006125,"[칼만필터를 이용한 군집로봇의 위치 및 위상 최적 추정 방법]
   └ 학회: 제어로봇시스템학회 (IF: 0.85)"
1588,2022,전기전자공학,624056777,Goldie Nejat,1,0.0052,0.006125,"[칼만필터를 이용한 군집로봇의 위치 및 위상 최적 추정 방법]
   └ 학회: 제어로봇시스템학회 (IF: 0.85)"
1589,2022,전기전자공학,594626274,Beno Benhabib,1,0.0052,0.006125,"[칼만필터를 이용한 군집로봇의 위치 및 위상 최적 추정 방법]
   └ 학회: 제어로봇시스템학회 (IF: 0.85)"
1590,2022,전기전자공학,829513847,문희정,1,0.0052,0.006125,"[SPWVD-PSD 겹침 이미지를 이용한 전이학습기반 GNSS 재밍식별기법]
   └ 학회: 제어로봇시스템학회 (IF: 0.85)"
1591,2022,전기전자공학,463918194,Haotian Chen,1,0.0052,0.009465,"[Improved Sensor Filtering Method for Sensor Registry System]
   └ 학회: 한국정보통신학회 (IF: 0.55)"
1592,2022,전기전자공학,392749747,Hyunjun Jung,1,0.0052,0.009465,"[Improved Sensor Filtering Method for Sensor Registry System]
   └ 학회: 한국정보통신학회 (IF: 0.55)"
1593,2022,전기전자공학,814020796,박성현,1,0.0052,0.009465,"[지속적 학습 환경에서 지식전달에 기반한 LwF 개선모델]
   └ 학회: 한국정보통신학회 (IF: 0.55)"
1594,2022,전기전자공학,820504811,나용석,1,0.0052,0.009465,"[모바일 디바이스를 위한 소형 CNN 가속기의 마이크로코드 기반 컨트롤러]
   └ 학회: 한국정보통신학회 (IF: 0.55)"
1595,2022,전기전자공학,248965825,손현욱,1,0.0052,0.009465,"[모바일 디바이스를 위한 소형 CNN 가속기의 마이크로코드 기반 컨트롤러]
   └ 학회: 한국정보통신학회 (IF: 0.55)"
1596,2022,전기전자공학,126881577,채병철,1,0.0052,0.009465,"[구조적 압축을 통한 FPGA 기반 GRU 추론 가속기 설계]
   └ 학회: 한국정보통신학회 (IF: 0.55)"
1597,2022,전기전자공학,563422952,박승현,1,0.0052,0.009465,"[온칩 컨볼루션 가속기를 포함한 대칭적 버퍼 기반 액티브 노이즈 캔슬러의 경량화된 FPGA 구현]
   └ 학회: 한국정보통신학회 (IF: 0.55)"
1598,2022,전기전자공학,251652945,류서현,1,0.0052,0.01392,"[비가시권 송전선로 점검드론 시스템 개발]
   └ 학회: 대한전기학회 (IF: 0.37)"
1599,2022,전기전자공학,228226079,박준영,1,0.0052,0.01392,"[비가시권 송전선로 점검드론 시스템 개발]
   └ 학회: 대한전기학회 (IF: 0.37)"
1600,2022,전기전자공학,876337444,김석태,1,0.0052,0.01392,"[비가시권 송전선로 점검드론 시스템 개발]
   └ 학회: 대한전기학회 (IF: 0.37)"
1601,2022,전기전자공학,956093617,이재경,1,0.0052,0.01392,"[비가시권 송전선로 점검드론 시스템 개발]
   └ 학회: 대한전기학회 (IF: 0.37)"
1602,2022,전기전자공학,793864309,고병성,1,0.0052,0.01392,"[비가시권 송전선로 점검드론 시스템 개발]
   └ 학회: 대한전기학회 (IF: 0.37)"
1603,2022,전기전자공학,992634216,우정욱,1,0.0052,0.01392,"[비가시권 송전선로 점검드론 시스템 개발]
   └ 학회: 대한전기학회 (IF: 0.37)"
1604,2022,전기전자공학,696540900,김주욱,7,0.0051,0.010022,"[도심 화물열차 운행을 위한 TPS 분석 연구]
   └ 학회: 한국도시철도학회 (IF: 0.64)
--------------------------------
[On the Supplementary Study on DSM-Based Interface Requirements through Analysis of the Operation Scenario of the Urban Subway Logistics System]
   └ 학회: 국제인공지능학회 (IF: 0.51)
--------------------------------
[On the Integrated Operation Concept and Development Requirements of Robotics Loading System for Increasing Logistics Efficiency of Sub-Terminal]
   └ 학회: 국제인공지능학회 (IF: 0.51)
--------------------------------
[On the Calculation of Energy Requirement for Freight Train Reefer Container and Methods of Supplying the Power]
   └ 학회: 국제인공지능학회 (IF: 0.51)
--------------------------------
[Model-based Analysis of Urban Community Logistics Courier Terminal System using Vacant Space]
   └ 학회: 국제인공지능학회 (IF: 0.51)
--------------------------------
[On the Design of Power Supply System for Freight Train Reefer Container Based on Simulation]
   └ 학회: 국제인공지능학회 (IF: 0.51)
--------------------------------
[활선 상태 전기적 특성 평가를 위한 이상 상태모니터링 적용방안 검토]
   └ 학회: 대한전기학회 (IF: 0.37)"
1605,2022,전기전자공학,349211906,박재흥,3,0.0051,0.008908,"[단일 바퀴 구동 캐스터 기반 모바일 로봇의 캘리브레이션]
   └ 학회: 한국로봇학회(논문지) (IF: 0.57)
--------------------------------
[아바타 로봇을 위한 3지 로봇 손과 손 자세 맵핑 알고리즘]
   └ 학회: 한국로봇학회(논문지) (IF: 0.57)
--------------------------------
[외란 관측기를 이용한 휴머노이드 무게 중심 유연 동작 제어]
   └ 학회: 한국로봇학회(논문지) (IF: 0.57)"
1606,2022,전기전자공학,982136524,이만희,3,0.0051,0.010022,"[Ka대역 200W급 SSPA 설계 및 제작]
   └ 학회: 한국정보기술학회 (IF: 0.56)
--------------------------------
[공간결합기를 활용한 Ka대역 100W급 SSPA 설계 및 제작]
   └ 학회: 국제인공지능학회 (IF: 0.51)
--------------------------------
[고효율 및 높은 격리 특성을 갖는 Ka 대역 도파관 결합기 설계 및 제작]
   └ 학회: 국제인공지능학회 (IF: 0.51)"
1607,2022,전기전자공학,684196445,황선우,3,0.0051,0.010022,"[On the Supplementary Study on DSM-Based Interface Requirements through Analysis of the Operation Scenario of the Urban Subway Logistics System]
   └ 학회: 국제인공지능학회 (IF: 0.51)
--------------------------------
[On the Calculation of Energy Requirement for Freight Train Reefer Container and Methods of Supplying the Power]
   └ 학회: 국제인공지능학회 (IF: 0.51)
--------------------------------
[On the Design of Power Supply System for Freight Train Reefer Container Based on Simulation]
   └ 학회: 국제인공지능학회 (IF: 0.51)"
1608,2022,전기전자공학,288607808,김승훈,3,0.0051,0.011136,"[다목적 직립형 스마트 고소작업차 설계 안정성 검증에 대한 연구]
   └ 학회: 한국정보전자통신기술학회 (IF: 0.46)
--------------------------------
[정맥검출기의 NIR LED 수량에 따른 검출된 정맥 이미지 비교에 관한 연구]
   └ 학회: 한국정보전자통신기술학회 (IF: 0.46)
--------------------------------
[EMR 시스템 연동 정맥주사 관리 애플리케이션 개발에 대한 연구]
   └ 학회: 한국정보전자통신기술학회 (IF: 0.46)"
1609,2022,전기전자공학,740885352,이재범,2,0.0051,0.010022,"[On the Calculation of Energy Requirement for Freight Train Reefer Container and Methods of Supplying the Power]
   └ 학회: 국제인공지능학회 (IF: 0.51)
--------------------------------
[On the Design of Power Supply System for Freight Train Reefer Container Based on Simulation]
   └ 학회: 국제인공지능학회 (IF: 0.51)"
1610,2022,전기전자공학,381829070,이주흔,2,0.0051,0.010022,"[공간결합기를 활용한 Ka대역 100W급 SSPA 설계 및 제작]
   └ 학회: 국제인공지능학회 (IF: 0.51)
--------------------------------
[고효율 및 높은 격리 특성을 갖는 Ka 대역 도파관 결합기 설계 및 제작]
   └ 학회: 국제인공지능학회 (IF: 0.51)"
1611,2022,전기전자공학,820546057,김효철,2,0.0051,0.010022,"[공간결합기를 활용한 Ka대역 100W급 SSPA 설계 및 제작]
   └ 학회: 국제인공지능학회 (IF: 0.51)
--------------------------------
[고효율 및 높은 격리 특성을 갖는 Ka 대역 도파관 결합기 설계 및 제작]
   └ 학회: 국제인공지능학회 (IF: 0.51)"
1612,2022,전기전자공학,241183410,조흥래,2,0.0051,0.010022,"[공간결합기를 활용한 Ka대역 100W급 SSPA 설계 및 제작]
   └ 학회: 국제인공지능학회 (IF: 0.51)
--------------------------------
[고효율 및 높은 격리 특성을 갖는 Ka 대역 도파관 결합기 설계 및 제작]
   └ 학회: 국제인공지능학회 (IF: 0.51)"
1613,2022,전기전자공학,728640090,이덕재,2,0.0051,0.010022,"[공간결합기를 활용한 Ka대역 100W급 SSPA 설계 및 제작]
   └ 학회: 국제인공지능학회 (IF: 0.51)
--------------------------------
[고효율 및 높은 격리 특성을 갖는 Ka 대역 도파관 결합기 설계 및 제작]
   └ 학회: 국제인공지능학회 (IF: 0.51)"
1614,2022,전기전자공학,484794125,김형철,1,0.0051,0.008908,"[단일 바퀴 구동 캐스터 기반 모바일 로봇의 캘리브레이션]
   └ 학회: 한국로봇학회(논문지) (IF: 0.57)"
1615,2022,전기전자공학,4587978,박수한,1,0.0051,0.008908,"[단일 바퀴 구동 캐스터 기반 모바일 로봇의 캘리브레이션]
   └ 학회: 한국로봇학회(논문지) (IF: 0.57)"
1616,2022,전기전자공학,348618644,장지훈,1,0.0051,0.011136,"[정맥 검출 장비 구현 및 영상처리 알고리즘 개발에 대한 연구]
   └ 학회: 한국정보전자통신기술학회 (IF: 0.46)"
1617,2022,전기전자공학,889158968,이병두,1,0.005,0.011136,"[수치표고모델을 이용한 지형 레이다 반사 면적 생성 및 바이스태틱 SAR 영상합성 기술 연구]
   └ 학회: 한국전자파학회 (IF: 0.45)"
1618,2022,전기전자공학,754143653,김석,1,0.005,0.011136,"[수치표고모델을 이용한 지형 레이다 반사 면적 생성 및 바이스태틱 SAR 영상합성 기술 연구]
   └ 학회: 한국전자파학회 (IF: 0.45)"
1619,2022,전기전자공학,132843212,송성찬,1,0.005,0.011136,"[수치표고모델을 이용한 지형 레이다 반사 면적 생성 및 바이스태틱 SAR 영상합성 기술 연구]
   └ 학회: 한국전자파학회 (IF: 0.45)"
1620,2022,전기전자공학,966855816,김수민,1,0.005,0.011136,"[수치표고모델을 이용한 지형 레이다 반사 면적 생성 및 바이스태틱 SAR 영상합성 기술 연구]
   └ 학회: 한국전자파학회 (IF: 0.45)"
1621,2022,전기전자공학,999125087,김정배,1,0.005,0.011136,"[수치표고모델을 이용한 지형 레이다 반사 면적 생성 및 바이스태틱 SAR 영상합성 기술 연구]
   └ 학회: 한국전자파학회 (IF: 0.45)"
1622,2022,전기전자공학,999555610,이의민,1,0.005,0.011136,"[수치표고모델을 이용한 지형 레이다 반사 면적 생성 및 바이스태틱 SAR 영상합성 기술 연구]
   └ 학회: 한국전자파학회 (IF: 0.45)"
1623,2022,전기전자공학,172108260,정채린,1,0.005,0.011136,"[수치표고모델을 이용한 지형 레이다 반사 면적 생성 및 바이스태틱 SAR 영상합성 기술 연구]
   └ 학회: 한국전자파학회 (IF: 0.45)"
1624,2022,전기전자공학,701471766,가민호,1,0.005,0.011136,"[수치표고모델을 이용한 지형 레이다 반사 면적 생성 및 바이스태틱 SAR 영상합성 기술 연구]
   └ 학회: 한국전자파학회 (IF: 0.45)"
1625,2022,전기전자공학,513021016,서정직,1,0.005,0.011136,"[항공기탑재 레이다의 자세와 위치 변화를 고려한 적응적인 동시운용모드 빔 스케줄링 기법]
   └ 학회: 한국전자파학회 (IF: 0.45)"
1626,2022,전기전자공학,104733952,홍용준,1,0.005,0.011136,"[항공기탑재 레이다의 자세와 위치 변화를 고려한 적응적인 동시운용모드 빔 스케줄링 기법]
   └ 학회: 한국전자파학회 (IF: 0.45)"
1627,2022,전기전자공학,867490844,이유태,3,0.0049,0.008909,"[즉각적 오류 감지가 가능한 경우의 체크포인팅 모형 분석]
   └ 학회: 한국정보통신학회 (IF: 0.55)
--------------------------------
[이진 마르코프 연쇄 모형 기반 실시간 원격 추정값의 오차 분석]
   └ 학회: 한국정보통신학회 (IF: 0.55)
--------------------------------
[Geo/Geo/1/1 대기 행렬 모형의 정보 신선도]
   └ 학회: 한국정보통신학회 (IF: 0.55)"
1628,2022,전기전자공학,784108395,이형진,1,0.0049,0.006682,"[마할라노비스 거리와 랜덤포레스트를 활용한 원전 운전데이터 이상 진단 분석]
   └ 학회: 한국지능시스템학회 (IF: 0.74)"
1629,2022,전기전자공학,402594000,Younes Djemamar,1,0.0049,0.008909,"[Space-Time Block Coding Techniques for MIMO 2×2 System using Walsh-Hadamard Codes]
   └ 학회: 한국정보통신학회JICCE (IF: 0.55)"
1630,2022,전기전자공학,367093789,Saida Ibnyaich,1,0.0049,0.008909,"[Space-Time Block Coding Techniques for MIMO 2×2 System using Walsh-Hadamard Codes]
   └ 학회: 한국정보통신학회JICCE (IF: 0.55)"
1631,2022,전기전자공학,348707695,Abdelouhab Zeroual,1,0.0049,0.008909,"[Space-Time Block Coding Techniques for MIMO 2×2 System using Walsh-Hadamard Codes]
   └ 학회: 한국정보통신학회JICCE (IF: 0.55)"
1632,2022,전기전자공학,661521833,한소연,1,0.0049,0.013363,"[1,500Vdc 급 DC 아크 발생 시험장비를 이용한 Smart Grid 선로의 안전성 분석]
   └ 학회: 대한전기학회 (IF: 0.37)"
1633,2022,전기전자공학,270934211,박윤주,4,0.0048,0.009465,"[고속 스토리지 환경의 메모리 관리를 위한 TLB 미스율 및 페이지 폴트율 모델링]
   └ 학회: 국제인공지능학회 (IF: 0.51)
--------------------------------
[고속 스토리지 탑재에 따른 데스크탑과 스마트폰 환경의 페이지 크기 영향력 분석]
   └ 학회: 국제인공지능학회 (IF: 0.51)
--------------------------------
[가상화 환경에서 고속 스토리지를 위한 워크로드 맞춤형 페이지 크기 모델링]
   └ 학회: 국제인공지능학회 (IF: 0.51)
--------------------------------
[스토리지 쓰기량과 페이지 폴트를 줄이는 메모리 부하 적응형 페이지 교체 정책]
   └ 학회: 국제인공지능학회 (IF: 0.51)"
1634,2022,전기전자공학,188754726,"Yoon, Seokhoon",2,0.0048,0.009465,"[Energy-efficient charging of sensors for UAV-aided wireless sensor network]
   └ 학회: 국제인공지능학회 (IF: 0.51)
--------------------------------
[An Abnormal Worker Movement Detection System Based on Data Stream Processing and Hierarchical Clustering]
   └ 학회: 국제인공지능학회 (IF: 0.51)"
1635,2022,전기전자공학,430953909,박진호,2,0.0048,0.009465,"[적외선 영상 호밍센서 고속 영상신호처리기의 전자기파 내성 설계]
   └ 학회: 국제인공지능학회 (IF: 0.51)
--------------------------------
[이중대역 적외선 검출기를 이용한 적외선 카메라 설계]
   └ 학회: 국제인공지능학회 (IF: 0.51)"
1636,2022,전기전자공학,200623063,Peter Beatus Mathayo,1,0.0048,0.009465,"[Beta and Alpha Regularizers of Mish Activation Functions for Machine Learning Applications in Deep Neural Networks]
   └ 학회: 국제인공지능학회 (IF: 0.51)"
1637,2022,전기전자공학,775435242,강대기,1,0.0048,0.009465,"[Beta and Alpha Regularizers of Mish Activation Functions for Machine Learning Applications in Deep Neural Networks]
   └ 학회: 국제인공지능학회 (IF: 0.51)"
1638,2022,전기전자공학,241029210,최경락,1,0.0048,0.009465,"[On the Method of Deriving Weather Data to Secure the Reliability of the Variable Focus Function Camera]
   └ 학회: 국제인공지능학회 (IF: 0.51)"
1639,2022,전기전자공학,141986599,김동현,1,0.0048,0.009465,"[On the Method of Deriving Weather Data to Secure the Reliability of the Variable Focus Function Camera]
   └ 학회: 국제인공지능학회 (IF: 0.51)"
1640,2022,전기전자공학,608370084,"Duong, Dat Van Anh",1,0.0048,0.009465,"[An Abnormal Worker Movement Detection System Based on Data Stream Processing and Hierarchical Clustering]
   └ 학회: 국제인공지능학회 (IF: 0.51)"
1641,2022,전기전자공학,107889723,"Lan, Doi Thi",1,0.0048,0.009465,"[An Abnormal Worker Movement Detection System Based on Data Stream Processing and Hierarchical Clustering]
   └ 학회: 국제인공지능학회 (IF: 0.51)"
1642,2022,전기전자공학,896361040,김경일,1,0.0048,0.009465,"[적외선 영상 호밍센서 고속 영상신호처리기의 전자기파 내성 설계]
   └ 학회: 국제인공지능학회 (IF: 0.51)"
1643,2022,전기전자공학,172945281,전효원,1,0.0048,0.009465,"[적외선 영상 호밍센서 고속 영상신호처리기의 전자기파 내성 설계]
   └ 학회: 국제인공지능학회 (IF: 0.51)"
1644,2022,전기전자공학,178718473,신정섭,1,0.0048,0.009465,"[적외선 영상 호밍센서 고속 영상신호처리기의 전자기파 내성 설계]
   └ 학회: 국제인공지능학회 (IF: 0.51)"
1645,2022,전기전자공학,102012516,이종복,1,0.0048,0.009465,"[파이프라인 방식의 32 비트 ARM 프로세서에 대한 FPGA 구현 및 검증]
   └ 학회: 국제인공지능학회 (IF: 0.51)"
1646,2022,전기전자공학,544570618,박휴찬,2,0.0047,0.008352,"[AIS 데이터로부터 선박항로 패턴 추출: PSO 알고리즘에 기반하여]
   └ 학회: 한국정보기술학회 (IF: 0.56)
--------------------------------
[High Utility Itemset Mining by Using Binary PSO Algorithm with V-shaped Transfer Function and Nonlinear Acceleration Coefficient Strategy]
   └ 학회: 한국정보통신학회JICCE (IF: 0.55)"
1647,2022,전기전자공학,715811532,박남훈,1,0.0047,0.008352,"[슬라이딩 윈도우 페인을 이용한 데이터 스트림 클러스터링]
   └ 학회: 한국정보기술학회 (IF: 0.56)"
1648,2022,전기전자공학,839975510,손준호,1,0.0047,0.008352,"[AIS 데이터로부터 선박항로 패턴 추출: PSO 알고리즘에 기반하여]
   └ 학회: 한국정보기술학회 (IF: 0.56)"
1649,2022,전기전자공학,674230129,신옥근,1,0.0047,0.008352,"[AIS 데이터로부터 선박항로 패턴 추출: PSO 알고리즘에 기반하여]
   └ 학회: 한국정보기술학회 (IF: 0.56)"
1650,2022,전기전자공학,983429787,권기원,1,0.0047,0.008352,"[LoRa 통신망을 이용한 스마트 IoT 플랫폼 개발]
   └ 학회: 한국정보기술학회 (IF: 0.56)"
1651,2022,전기전자공학,976970945,김현식,1,0.0046,0.008352,"[용접 작업장 통신네트워크 구축을 위한 블록매체통신시스템]
   └ 학회: 한국정보통신학회 (IF: 0.55)"
1652,2022,전기전자공학,273771726,강석근,1,0.0046,0.008352,"[용접 작업장 통신네트워크 구축을 위한 블록매체통신시스템]
   └ 학회: 한국정보통신학회 (IF: 0.55)"
1653,2022,전기전자공학,886357023,김동욱,1,0.0046,0.008352,"[블록 HOG 군집화 기반의 1-D 바코드 크로스라인 결정]
   └ 학회: 한국정보통신학회 (IF: 0.55)"
1654,2022,전기전자공학,747483958,Youngwoo Jeong,1,0.0046,0.008352,"[An Edge AI Device based Intelligent Transportation System]
   └ 학회: 한국정보통신학회JICCE (IF: 0.55)"
1655,2022,전기전자공학,143919032,Hyun Woo Oh,1,0.0046,0.008352,"[An Edge AI Device based Intelligent Transportation System]
   └ 학회: 한국정보통신학회JICCE (IF: 0.55)"
1656,2022,전기전자공학,582874083,Soohee Kim,1,0.0046,0.008352,"[An Edge AI Device based Intelligent Transportation System]
   └ 학회: 한국정보통신학회JICCE (IF: 0.55)"
1657,2022,전기전자공학,751915421,Seung Eun Lee,1,0.0046,0.008352,"[An Edge AI Device based Intelligent Transportation System]
   └ 학회: 한국정보통신학회JICCE (IF: 0.55)"
1658,2022,전기전자공학,404413257,Seung Beom Hong,1,0.0046,0.008352,"[An Autonomous Operational Service System for Machine Vision-based Inspection towards Smart Factory of Manufacturing Multi-wire Harnesses]
   └ 학회: 한국정보통신학회JICCE (IF: 0.55)"
1659,2022,전기전자공학,874281572,Kyou Ho Lee,1,0.0046,0.008352,"[An Autonomous Operational Service System for Machine Vision-based Inspection towards Smart Factory of Manufacturing Multi-wire Harnesses]
   └ 학회: 한국정보통신학회JICCE (IF: 0.55)"
1660,2022,전기전자공학,980732929,김승룡,1,0.0046,0.011693,"[최신 자가 학습 기반의 인공지능 기술 동향]
   └ 학회: 한국방송·미디어공학회 (IF: 0.39)"
1661,2022,전기전자공학,602557717,윤주혜,1,0.0045,0.006125,"[사용자 선호도와 콘텐츠 정보를 기반으로 한 교차 도메인에서의 하이브리드 추천 방법]
   └ 학회: 한국지능시스템학회 (IF: 0.74)"
1662,2022,전기전자공학,346973384,Yudi Priyadi,1,0.0045,0.006125,"[IdVar4CL: Causal Loop Variable Identification Method for Systems Thinking Based on Text Mining Approach]
   └ 학회: 한국지능시스템학회 (IF: 0.74)"
1663,2022,전기전자공학,532153069,Krishna Kusumahadi,1,0.0045,0.006125,"[IdVar4CL: Causal Loop Variable Identification Method for Systems Thinking Based on Text Mining Approach]
   └ 학회: 한국지능시스템학회 (IF: 0.74)"
1664,2022,전기전자공학,703091269,Pramoedya Syachrizalhaq Lyanda,1,0.0045,0.006125,"[IdVar4CL: Causal Loop Variable Identification Method for Systems Thinking Based on Text Mining Approach]
   └ 학회: 한국지능시스템학회 (IF: 0.74)"
1665,2022,전기전자공학,169114500,김찬규,1,0.0045,0.008909,"[Performance of MIMO-OFDMA system combining power controlling algorithm with multi-beamformer]
   └ 학회: 국제인공지능학회 (IF: 0.51)"
1666,2022,전기전자공학,208518346,황정태,1,0.0045,0.008909,"[Lab-View 기반의 사용자 편의성을 위한 다작물 스마트팜 관리 시스템 개발]
   └ 학회: 국제인공지능학회 (IF: 0.51)"
1667,2022,전기전자공학,903622680,홍성호,1,0.0045,0.012249,"[블록체인 기반의 사용자 관리 가능한 증명서 시스템]
   └ 학회: 대한전기학회 (IF: 0.37)"
1668,2022,전기전자공학,260465224,김희열,1,0.0045,0.012249,"[블록체인 기반의 사용자 관리 가능한 증명서 시스템]
   └ 학회: 대한전기학회 (IF: 0.37)"
1669,2022,전기전자공학,540003007,이동욱,1,0.0045,0.012249,"[게임 메모리 변조 공격 방지를 위한 블록체인 기반 게임 해킹 탐지 시스템 개발]
   └ 학회: 대한전기학회 (IF: 0.37)"
1670,2022,전기전자공학,5200160,김진하,1,0.0045,0.012249,"[게임 메모리 변조 공격 방지를 위한 블록체인 기반 게임 해킹 탐지 시스템 개발]
   └ 학회: 대한전기학회 (IF: 0.37)"
1671,2022,전기전자공학,932846116,이지유,1,0.0045,0.012249,"[게임 메모리 변조 공격 방지를 위한 블록체인 기반 게임 해킹 탐지 시스템 개발]
   └ 학회: 대한전기학회 (IF: 0.37)"
1672,2022,전기전자공학,124537197,김기영,1,0.0044,0.009465,"[봇 프레임워크를 활용한 챗봇 구현 방안]
   └ 학회: 한국정보전자통신기술학회 (IF: 0.46)"
1673,2022,전기전자공학,1169217,송진우,3,0.0043,0.005011,"[지상관제시스템과의 일시적 통신 단절을 고려한 모델기반 쿼드로터 위치 영역 예측 기법]
   └ 학회: 제어로봇시스템학회 (IF: 0.85)
--------------------------------
[무인 이동체를 위한 LiDAR 오차 모델링 및 가혹 환경 시뮬레이터 개발]
   └ 학회: 제어로봇시스템학회 (IF: 0.85)
--------------------------------
[단축 가속도계의 Pseudo 바이어스 모델을 이용한 필터 기반 차량 속력 추정 알고리즘]
   └ 학회: 제어로봇시스템학회 (IF: 0.85)"
1674,2022,전기전자공학,526429881,강산희,2,0.0043,0.005011,"[지상관제시스템과의 일시적 통신 단절을 고려한 모델기반 쿼드로터 위치 영역 예측 기법]
   └ 학회: 제어로봇시스템학회 (IF: 0.85)
--------------------------------
[무인 이동체를 위한 LiDAR 오차 모델링 및 가혹 환경 시뮬레이터 개발]
   └ 학회: 제어로봇시스템학회 (IF: 0.85)"
1675,2022,전기전자공학,769328,김응주,2,0.0043,0.005011,"[지상관제시스템과의 일시적 통신 단절을 고려한 모델기반 쿼드로터 위치 영역 예측 기법]
   └ 학회: 제어로봇시스템학회 (IF: 0.85)
--------------------------------
[단축 가속도계의 Pseudo 바이어스 모델을 이용한 필터 기반 차량 속력 추정 알고리즘]
   └ 학회: 제어로봇시스템학회 (IF: 0.85)"
1676,2022,전기전자공학,297021035,권영서,2,0.0043,0.005011,"[지상관제시스템과의 일시적 통신 단절을 고려한 모델기반 쿼드로터 위치 영역 예측 기법]
   └ 학회: 제어로봇시스템학회 (IF: 0.85)
--------------------------------
[무인 이동체를 위한 LiDAR 오차 모델링 및 가혹 환경 시뮬레이터 개발]
   └ 학회: 제어로봇시스템학회 (IF: 0.85)"
1677,2022,전기전자공학,616471638,김용훈,2,0.0043,0.005011,"[지상관제시스템과의 일시적 통신 단절을 고려한 모델기반 쿼드로터 위치 영역 예측 기법]
   └ 학회: 제어로봇시스템학회 (IF: 0.85)
--------------------------------
[무인 이동체를 위한 LiDAR 오차 모델링 및 가혹 환경 시뮬레이터 개발]
   └ 학회: 제어로봇시스템학회 (IF: 0.85)"
1678,2022,전기전자공학,841325471,주재율,2,0.0043,0.009465,"[머신러닝을 이용한 꺾인 모노폴 안테나 설계]
   └ 학회: 한국전자파학회 (IF: 0.45)
--------------------------------
[모드정합법을 활용한 분리격벽에 의한 두 케이블 사이의 전기장 결합 특성 분석]
   └ 학회: 한국전자파학회 (IF: 0.45)"
1679,2022,전기전자공학,952438439,안정우,1,0.0043,0.005011,"[실시간 PQ-RRT* 알고리즘을 이용한 유도 시스템 개발과 궤적 추종 제어기의 통합 설계 연구]
   └ 학회: 제어로봇시스템학회 (IF: 0.85)"
1680,2022,전기전자공학,287231803,박남은,1,0.0043,0.005011,"[실시간 PQ-RRT* 알고리즘을 이용한 유도 시스템 개발과 궤적 추종 제어기의 통합 설계 연구]
   └ 학회: 제어로봇시스템학회 (IF: 0.85)"
1681,2022,전기전자공학,776936,이병진,1,0.0043,0.005011,"[무인 비행체 연속회전 비행기동을 이용한 1 차원 거리센서 기반 복합항법 알고리즘 설계 연구]
   └ 학회: 제어로봇시스템학회 (IF: 0.85)"
1682,2022,전기전자공학,747823630,김동균,1,0.0043,0.005011,"[무인 비행체 연속회전 비행기동을 이용한 1 차원 거리센서 기반 복합항법 알고리즘 설계 연구]
   └ 학회: 제어로봇시스템학회 (IF: 0.85)"
1683,2022,전기전자공학,626041,성상경,1,0.0043,0.005011,"[무인 비행체 연속회전 비행기동을 이용한 1 차원 거리센서 기반 복합항법 알고리즘 설계 연구]
   └ 학회: 제어로봇시스템학회 (IF: 0.85)"
1684,2022,전기전자공학,5107951,정다빈,1,0.0043,0.005011,"[센서 좌표계 사이 자세 오차 보정을 통한 수중 로봇의 항법]
   └ 학회: 제어로봇시스템학회 (IF: 0.85)"
1685,2022,전기전자공학,763571296,고낙용,1,0.0043,0.005011,"[센서 좌표계 사이 자세 오차 보정을 통한 수중 로봇의 항법]
   └ 학회: 제어로봇시스템학회 (IF: 0.85)"
1686,2022,전기전자공학,123846833,정준혁,1,0.0043,0.005011,"[센서 좌표계 사이 자세 오차 보정을 통한 수중 로봇의 항법]
   └ 학회: 제어로봇시스템학회 (IF: 0.85)"
1687,2022,전기전자공학,751029326,"Lee, Seong-Hoon",1,0.0043,0.008352,"[Measures to Improve the Promotion System in the Smart Factory Promotion Process]
   └ 학회: 국제인공지능학회 (IF: 0.51)"
1688,2022,전기전자공학,287184426,"Lee, Dong-Woo",1,0.0043,0.008352,"[Measures to Improve the Promotion System in the Smart Factory Promotion Process]
   └ 학회: 국제인공지능학회 (IF: 0.51)"
1689,2022,전기전자공학,242121867,박재윤,1,0.0043,0.009465,"[머신러닝을 이용한 꺾인 모노폴 안테나 설계]
   └ 학회: 한국전자파학회 (IF: 0.45)"
1690,2022,전기전자공학,434708708,안인범,1,0.0043,0.009465,"[머신러닝을 이용한 꺾인 모노폴 안테나 설계]
   └ 학회: 한국전자파학회 (IF: 0.45)"
1691,2022,전기전자공학,817571,김정주,1,0.0043,0.011693,"[문자 인식을 이용한 격자무늬 추적 로봇의 자율주행 방법에 관한 연구]
   └ 학회: 대한전기학회 (IF: 0.37)"
1692,2022,전기전자공학,151675997,김동진,1,0.0043,0.011693,"[문자 인식을 이용한 격자무늬 추적 로봇의 자율주행 방법에 관한 연구]
   └ 학회: 대한전기학회 (IF: 0.37)"
1693,2022,전기전자공학,770342659,구경완,1,0.0043,0.011693,"[문자 인식을 이용한 격자무늬 추적 로봇의 자율주행 방법에 관한 연구]
   └ 학회: 대한전기학회 (IF: 0.37)"
1694,2022,전기전자공학,701138572,김래영,4,0.0041,0.011136,"[넓은 전압 범위를 갖는 양방향 충전기 개발]
   └ 학회: 전력전자학회 (IF: 0.41)
--------------------------------
[전기자동차 급속충전기용 넓은 전압 범위를 갖는 30kW급 SiC MOSFET 기반 고속 스위칭 LLC 컨버터 설계 및 병렬 운전]
   └ 학회: 전력전자학회 (IF: 0.41)
--------------------------------
[운전사이클을 고려한 전기자동차용 권선절체모터의 권선수 최적화 연구]
   └ 학회: 대한전기학회 (IF: 0.37)
--------------------------------
[탄소중립을 위한 전기자동차 및 직류배전 기술동향]
   └ 학회: 대한전기학회 (IF: 0.37)"
1695,2022,전기전자공학,990631982,이상민,1,0.0041,0.007238,"[비대면 서비스를 위한 자율주행 배송 로봇 기술 동향]
   └ 학회: 한국로봇학회 (IF: 0.57)"
1696,2022,전기전자공학,333242800,민경빈,1,0.0041,0.008909,"[네트워크 분석을 통한 국내 ‘스마트 팜’ 특허 동향 연구]
   └ 학회: 한국정보전자통신기술학회 (IF: 0.46)"
1697,2022,전기전자공학,574043119,박홍진,1,0.0041,0.008909,"[네트워크 분석을 통한 국내 ‘스마트 팜’ 특허 동향 연구]
   └ 학회: 한국정보전자통신기술학회 (IF: 0.46)"
1698,2022,전기전자공학,288160483,김호진,1,0.0041,0.010579,"[준지도 비디오 객체 분할 기술을 위한 데이터 증강 기법]
   └ 학회: 한국방송·미디어공학회 (IF: 0.39)"
1699,2022,전기전자공학,389326290,김동현,1,0.0041,0.010579,"[준지도 비디오 객체 분할 기술을 위한 데이터 증강 기법]
   └ 학회: 한국방송·미디어공학회 (IF: 0.39)"
1700,2022,전기전자공학,379042280,김정훈,1,0.0041,0.010579,"[준지도 비디오 객체 분할 기술을 위한 데이터 증강 기법]
   └ 학회: 한국방송·미디어공학회 (IF: 0.39)"
1701,2022,전기전자공학,802147228,임성훈,1,0.0041,0.010579,"[준지도 비디오 객체 분할 기술을 위한 데이터 증강 기법]
   └ 학회: 한국방송·미디어공학회 (IF: 0.39)"
1702,2022,전기전자공학,500933677,장민호,1,0.0041,0.010579,"[토마토 위치 및 자세 추정을 위한 데이터 증대기법]
   └ 학회: 한국방송·미디어공학회 (IF: 0.39)"
1703,2022,전기전자공학,822872013,장일식,1,0.0041,0.010579,"[소리 데이터를 이용한 불량 모터 분류에 관한 연구]
   └ 학회: 한국방송·미디어공학회 (IF: 0.39)"
1704,2022,전기전자공학,788183214,김지호,1,0.0041,0.011136,"[매니퓰레이터 로봇의 기구학 파라미터 보정에 사용되는 구조광의 정밀성 향상을 위한 영상처리 알고리즘]
   └ 학회: 대한전기학회 (IF: 0.37)"
1705,2022,전기전자공학,194513397,이범주,1,0.0041,0.011136,"[매니퓰레이터 로봇의 기구학 파라미터 보정에 사용되는 구조광의 정밀성 향상을 위한 영상처리 알고리즘]
   └ 학회: 대한전기학회 (IF: 0.37)"
1706,2022,전기전자공학,449701820,한혜경,2,0.004,0.006125,"[BLE 네트워크에서 무결성 침해 중간자 공격에 대한 대응기법]
   └ 학회: 한국멀티미디어학회 (IF: 0.65)
--------------------------------
[하이퍼레저 패브릭과 비대칭키 암호화 기술을 결합한 건강정보 관리서버]
   └ 학회: 한국멀티미디어학회 (IF: 0.65)"
1707,2022,전기전자공학,902902518,임헌국,2,0.004,0.007238,"[자율주행 차량의 차량 대 차량 통신에 기반한 충돌방지 활용 시나리오 개발]
   └ 학회: 한국정보통신학회 (IF: 0.55)
--------------------------------
[ndnSIM 기반 NDN 네트워크 구현 및 성능 평가]
   └ 학회: 한국정보통신학회 (IF: 0.55)"
1708,2022,전기전자공학,795060504,차호영,2,0.004,0.008909,"[SnO₂ 나노입자를 활용한 GaN 기반 수소 센서의 반응도 개선 연구]
   └ 학회: 한국전자파학회 (IF: 0.45)
--------------------------------
[Analysis of Hot Carrier Degradation in 0.25-μm Schottky Gate AlGaN/GaN HEMTs]
   └ 학회: 한국전자파학회JEES (IF: 0.45)"
1709,2022,전기전자공학,835896408,황희정,1,0.004,0.006125,"[하이퍼레저 패브릭과 비대칭키 암호화 기술을 결합한 건강정보 관리서버]
   └ 학회: 한국멀티미디어학회 (IF: 0.65)"
1710,2022,전기전자공학,529743029,서현덕,1,0.004,0.007238,"[자율주행 차량의 차량 대 차량 통신에 기반한 충돌방지 활용 시나리오 개발]
   └ 학회: 한국정보통신학회 (IF: 0.55)"
1711,2022,전기전자공학,610599733,권도영,1,0.004,0.007238,"[자율주행 차량의 차량 대 차량 통신에 기반한 충돌방지 활용 시나리오 개발]
   └ 학회: 한국정보통신학회 (IF: 0.55)"
1712,2022,전기전자공학,969835482,신재민,1,0.004,0.007238,"[자율주행 차량의 차량 대 차량 통신에 기반한 충돌방지 활용 시나리오 개발]
   └ 학회: 한국정보통신학회 (IF: 0.55)"
1713,2022,전기전자공학,592396811,최은혁,1,0.004,0.007238,"[자율주행 차량의 차량 대 차량 통신에 기반한 충돌방지 활용 시나리오 개발]
   └ 학회: 한국정보통신학회 (IF: 0.55)"
1714,2022,전기전자공학,390707136,Jung-Nam Lee,1,0.004,0.008909,"[A Compact Ultra-Wideband Chip Antenna with Bandwidth Extension Patch and Simple Isolator for MIMO Systems for Mobile Handheld Terminals]
   └ 학회: 한국전자파학회JEES (IF: 0.45)"
1715,2022,전기전자공학,426951383,Seok Bong Hyun,1,0.004,0.008909,"[A Compact Ultra-Wideband Chip Antenna with Bandwidth Extension Patch and Simple Isolator for MIMO Systems for Mobile Handheld Terminals]
   └ 학회: 한국전자파학회JEES (IF: 0.45)"
1716,2022,전기전자공학,554647063,조영균,1,0.004,0.008909,"[A Compact Ultra-Wideband Chip Antenna with Bandwidth Extension Patch and Simple Isolator for MIMO Systems for Mobile Handheld Terminals]
   └ 학회: 한국전자파학회JEES (IF: 0.45)"
1717,2022,전기전자공학,987403819,Seong-In Cho,1,0.004,0.008909,"[Analysis of Hot Carrier Degradation in 0.25-μm Schottky Gate AlGaN/GaN HEMTs]
   └ 학회: 한국전자파학회JEES (IF: 0.45)"
1718,2022,전기전자공학,963737559,Won-Ho Jang,1,0.004,0.008909,"[Analysis of Hot Carrier Degradation in 0.25-μm Schottky Gate AlGaN/GaN HEMTs]
   └ 학회: 한국전자파학회JEES (IF: 0.45)"
1719,2022,전기전자공학,141839290,Hyungtak Kim,1,0.004,0.008909,"[Analysis of Hot Carrier Degradation in 0.25-μm Schottky Gate AlGaN/GaN HEMTs]
   └ 학회: 한국전자파학회JEES (IF: 0.45)"
1720,2022,전기전자공학,453194862,김성주,1,0.004,0.008908,"[초소형·고효율 Fabry-Perot Cavity(FPC) 안테나의 설계 방법]
   └ 학회: 한국전자파학회 (IF: 0.45)"
1721,2022,전기전자공학,666911520,김건우,1,0.004,0.008908,"[초소형·고효율 Fabry-Perot Cavity(FPC) 안테나의 설계 방법]
   └ 학회: 한국전자파학회 (IF: 0.45)"
1722,2022,전기전자공학,881528280,김동호,1,0.004,0.008908,"[초소형·고효율 Fabry-Perot Cavity(FPC) 안테나의 설계 방법]
   └ 학회: 한국전자파학회 (IF: 0.45)"
1723,2022,전기전자공학,200643631,이교범,5,0.0039,0.010579,"[IEEE1547-2018 Category3 대응을 위한 연료전지 시스템의 인버터 제어 전략]
   └ 학회: 대한전기학회 (IF: 0.37)
--------------------------------
[전기차용 BLDC 와이퍼 전동기의 소음 저감을 위한 최적의 도통각 제어]
   └ 학회: 대한전기학회 (IF: 0.37)
--------------------------------
[선형회귀분석법을 이용한 리튬인산철 배터리의 상태추정]
   └ 학회: 대한전기학회 (IF: 0.37)
--------------------------------
[스마트 인버터의 자율적인 Volt-VAR 곡선 변경을 통한 연계점 전압의 안정화]
   └ 학회: 대한전기학회 (IF: 0.37)
--------------------------------
[탄소중립을 위한 전기자동차 및 직류배전 기술동향]
   └ 학회: 대한전기학회 (IF: 0.37)"
1724,2022,전기전자공학,348919390,하광민,2,0.0039,0.010579,"[IEC61850 기반 디지털 변전소의 보호 적정성 평가를 위한 디지털 트윈 개발]
   └ 학회: 대한전기학회 (IF: 0.37)
--------------------------------
[디지털변전소 중앙집중식 보호시스템에서의 불량데이터 검출에 관한 연구]
   └ 학회: 대한전기학회 (IF: 0.37)"
1725,2022,전기전자공학,129271893,손규원,2,0.0039,0.010579,"[IEC61850 기반 디지털 변전소의 보호 적정성 평가를 위한 디지털 트윈 개발]
   └ 학회: 대한전기학회 (IF: 0.37)
--------------------------------
[디지털변전소 중앙집중식 보호시스템에서의 불량데이터 검출에 관한 연구]
   └ 학회: 대한전기학회 (IF: 0.37)"
1726,2022,전기전자공학,719724612,남순열,2,0.0039,0.010579,"[IEC61850 기반 디지털 변전소의 보호 적정성 평가를 위한 디지털 트윈 개발]
   └ 학회: 대한전기학회 (IF: 0.37)
--------------------------------
[디지털변전소 중앙집중식 보호시스템에서의 불량데이터 검출에 관한 연구]
   └ 학회: 대한전기학회 (IF: 0.37)"
1727,2022,전기전자공학,987760759,장문석,1,0.0039,0.009465,"[딥러닝과 특징 추출 기반 배터리 노화 상태 추정 방법]
   └ 학회: 전력전자학회 (IF: 0.41)"
1728,2022,전기전자공학,267547854,이강석,1,0.0039,0.009465,"[딥러닝과 특징 추출 기반 배터리 노화 상태 추정 방법]
   └ 학회: 전력전자학회 (IF: 0.41)"
1729,2022,전기전자공학,611465483,김수환,1,0.0039,0.010579,"[IEC61850 기반 디지털 변전소의 보호 적정성 평가를 위한 디지털 트윈 개발]
   └ 학회: 대한전기학회 (IF: 0.37)"
1730,2022,전기전자공학,701557584,문초이,1,0.0039,0.010579,"[데이터 증강기법 기반의 강건한 건선 중증도 분류 연구]
   └ 학회: 대한전기학회 (IF: 0.37)"
1731,2022,전기전자공학,205781392,백유상,1,0.0039,0.010579,"[데이터 증강기법 기반의 강건한 건선 중증도 분류 연구]
   └ 학회: 대한전기학회 (IF: 0.37)"
1732,2022,전기전자공학,209588732,최민형,1,0.0039,0.010579,"[데이터 증강기법 기반의 강건한 건선 중증도 분류 연구]
   └ 학회: 대한전기학회 (IF: 0.37)"
1733,2022,전기전자공학,986987461,이언석,1,0.0039,0.010579,"[데이터 증강기법 기반의 강건한 건선 중증도 분류 연구]
   └ 학회: 대한전기학회 (IF: 0.37)"
1734,2022,전기전자공학,832758175,김경태,5,0.0038,0.008352,"[특징점 추출 및 매칭을 이용한 ISAR 영상의 수직-거리 스케일링 기법 연구]
   └ 학회: 한국전자파학회 (IF: 0.45)
--------------------------------
[Ku- 및 Ka-Band 기반의 대공 탐색 레이다 효과도 분석]
   └ 학회: 한국전자파학회 (IF: 0.45)
--------------------------------
[효과적인 인공위성 SAR 기만 재밍을 위한 요구 조건 분석]
   └ 학회: 한국전자파학회 (IF: 0.45)
--------------------------------
[PCA를 이용한 위성 SAR 영상 밀집 표적 구분 기법]
   └ 학회: 한국전자파학회 (IF: 0.45)
--------------------------------
[움직이는 사람에 대한 비접촉식 생체신호추정 연구]
   └ 학회: 한국전자파학회 (IF: 0.45)"
1735,2022,전기전자공학,169955581,김현식,2,0.0038,0.004454,"[구명환 발사기를 갖는 쌍동형 구조로봇의 메커니즘 개발]
   └ 학회: 제어로봇시스템학회 (IF: 0.85)
--------------------------------
[해양로봇 성능평가에 관한 동향 분석 및 객관적 시험절차 구축에 관한 연구]
   └ 학회: 제어로봇시스템학회 (IF: 0.85)"
1736,2022,전기전자공학,454341971,노진홍,1,0.0038,0.004454,"[이동로봇의 안전자율주행을 위한 실내환경에서의 LiDAR 점 데이터군 증강]
   └ 학회: 제어로봇시스템학회 (IF: 0.85)"
1737,2022,전기전자공학,329506678,박민로,1,0.0038,0.004454,"[이동로봇의 안전자율주행을 위한 실내환경에서의 LiDAR 점 데이터군 증강]
   └ 학회: 제어로봇시스템학회 (IF: 0.85)"
1738,2022,전기전자공학,852233167,이지원,1,0.0038,0.004454,"[이동로봇의 안전자율주행을 위한 실내환경에서의 LiDAR 점 데이터군 증강]
   └ 학회: 제어로봇시스템학회 (IF: 0.85)"
1739,2022,전기전자공학,947607618,김병수,1,0.0038,0.004454,"[사용자 자율추적형 골프캐디로봇의 개발 및 제어]
   └ 학회: 제어로봇시스템학회 (IF: 0.85)"
1740,2022,전기전자공학,325095567,최정현,1,0.0038,0.004454,"[사용자 자율추적형 골프캐디로봇의 개발 및 제어]
   └ 학회: 제어로봇시스템학회 (IF: 0.85)"
1741,2022,전기전자공학,151253436,이찬,1,0.0038,0.004454,"[사용자 자율추적형 골프캐디로봇의 개발 및 제어]
   └ 학회: 제어로봇시스템학회 (IF: 0.85)"
1742,2022,전기전자공학,138933310,오세훈,1,0.0038,0.004454,"[사용자 자율추적형 골프캐디로봇의 개발 및 제어]
   └ 학회: 제어로봇시스템학회 (IF: 0.85)"
1743,2022,전기전자공학,278590997,왕준경,1,0.0038,0.004454,"[유전 알고리듬과 교환 휴리스틱 알고리듬을 이용한 무인이동로봇의 잡샵 생산 일정 계획]
   └ 학회: 제어로봇시스템학회 (IF: 0.85)"
1744,2022,전기전자공학,116886994,어규호,1,0.0038,0.004454,"[유전 알고리듬과 교환 휴리스틱 알고리듬을 이용한 무인이동로봇의 잡샵 생산 일정 계획]
   └ 학회: 제어로봇시스템학회 (IF: 0.85)"
1745,2022,전기전자공학,467418486,변수환,1,0.0038,0.004454,"[단일 모터 및 선형 구동기 기반의 기동성이 향상된 4 륜 선형 조향 구조 설계]
   └ 학회: 제어로봇시스템학회 (IF: 0.85)"
1746,2022,전기전자공학,619865104,박재병,1,0.0038,0.004454,"[단일 모터 및 선형 구동기 기반의 기동성이 향상된 4 륜 선형 조향 구조 설계]
   └ 학회: 제어로봇시스템학회 (IF: 0.85)"
1747,2022,전기전자공학,677757826,김유겸,1,0.0038,0.004454,"[구명환 발사기를 갖는 쌍동형 구조로봇의 메커니즘 개발]
   └ 학회: 제어로봇시스템학회 (IF: 0.85)"
1748,2022,전기전자공학,281602189,조기환,1,0.0038,0.004454,"[심층강화학습 기반 후방차량 감속을 고려한 차선변경 판단 기법]
   └ 학회: 제어로봇시스템학회 (IF: 0.85)"
1749,2022,전기전자공학,716657477,박관우,1,0.0038,0.004454,"[심층강화학습을 이용한 테트리스 로봇]
   └ 학회: 제어로봇시스템학회 (IF: 0.85)"
1750,2022,전기전자공학,918738952,정남훈,1,0.0038,0.008352,"[PCA를 이용한 위성 SAR 영상 밀집 표적 구분 기법]
   └ 학회: 한국전자파학회 (IF: 0.45)"
1751,2022,전기전자공학,627367351,최재호,1,0.0038,0.008352,"[PCA를 이용한 위성 SAR 영상 밀집 표적 구분 기법]
   └ 학회: 한국전자파학회 (IF: 0.45)"
1752,2022,전기전자공학,184729524,이건,1,0.0038,0.008352,"[PCA를 이용한 위성 SAR 영상 밀집 표적 구분 기법]
   └ 학회: 한국전자파학회 (IF: 0.45)"
1753,2022,전기전자공학,678342698,박지훈,1,0.0038,0.008352,"[PCA를 이용한 위성 SAR 영상 밀집 표적 구분 기법]
   └ 학회: 한국전자파학회 (IF: 0.45)"
1754,2022,전기전자공학,382571591,백자현,4,0.0037,0.010022,"[재생에너지 출력예측 기반 유연접속기술]
   └ 학회: 대한전기학회 (IF: 0.37)
--------------------------------
[신재생발전 지역 관제를 위한 신재생 발전출력 예측 기술]
   └ 학회: 대한전기학회 (IF: 0.37)
--------------------------------
[분산전원 수용 확대를 위한 계통보강 및 출력 감발 간 경제성 분석]
   └ 학회: 대한전기학회 (IF: 0.37)
--------------------------------
[분산전원 연계변압기의 전압 탭을 고려한 Volt-Var 제어 곡선 적합성 연구]
   └ 학회: 대한전기학회 (IF: 0.37)"
1755,2022,전기전자공학,275403914,조병래,3,0.0037,0.006682,"[MPRF 레이다 시스템에서 속도 추정 오류를 감소하기 위한 선별적 MTI에 관한 연구]
   └ 학회: 한국정보기술학회 (IF: 0.56)
--------------------------------
[해상용 다기능레이더의 대기굴절 오차보정에 관한 연구]
   └ 학회: 한국정보기술학회 (IF: 0.56)
--------------------------------
[선택적 지수 평활화 방법을 통한 해상 다중경로 환경의 저고도 표적 고각 추정 연구]
   └ 학회: 한국정보기술학회 (IF: 0.56)"
1756,2022,전기전자공학,152782151,김찬홍,3,0.0037,0.006682,"[MPRF 레이다 시스템에서 속도 추정 오류를 감소하기 위한 선별적 MTI에 관한 연구]
   └ 학회: 한국정보기술학회 (IF: 0.56)
--------------------------------
[해상용 다기능레이더의 대기굴절 오차보정에 관한 연구]
   └ 학회: 한국정보기술학회 (IF: 0.56)
--------------------------------
[선택적 지수 평활화 방법을 통한 해상 다중경로 환경의 저고도 표적 고각 추정 연구]
   └ 학회: 한국정보기술학회 (IF: 0.56)"
1757,2022,전기전자공학,230109680,홍성원,2,0.0037,0.006682,"[MPRF 레이다 시스템에서 속도 추정 오류를 감소하기 위한 선별적 MTI에 관한 연구]
   └ 학회: 한국정보기술학회 (IF: 0.56)
--------------------------------
[선택적 지수 평활화 방법을 통한 해상 다중경로 환경의 저고도 표적 고각 추정 연구]
   └ 학회: 한국정보기술학회 (IF: 0.56)"
1758,2022,전기전자공학,484985261,고현우,2,0.0037,0.006682,"[해상용 다기능레이더의 대기굴절 오차보정에 관한 연구]
   └ 학회: 한국정보기술학회 (IF: 0.56)
--------------------------------
[선택적 지수 평활화 방법을 통한 해상 다중경로 환경의 저고도 표적 고각 추정 연구]
   └ 학회: 한국정보기술학회 (IF: 0.56)"
1759,2022,전기전자공학,591405836,김동길,1,0.0037,0.005011,"[도커 기반의 빅데이터 분석 환경을 고려한 딥러닝 플랫폼 설계]
   └ 학회: 한국지능시스템학회 (IF: 0.74)"
1760,2022,전기전자공학,417073756,박용순,1,0.0037,0.005011,"[도커 기반의 빅데이터 분석 환경을 고려한 딥러닝 플랫폼 설계]
   └ 학회: 한국지능시스템학회 (IF: 0.74)"
1761,2022,전기전자공학,897109740,정태윤,1,0.0037,0.005011,"[도커 기반의 빅데이터 분석 환경을 고려한 딥러닝 플랫폼 설계]
   └ 학회: 한국지능시스템학회 (IF: 0.74)"
1762,2022,전기전자공학,929806773,김일민,1,0.0037,0.005011,"[AMFM : 금속 외관 결함의 준지도 분류에 특화된 AugMix 기반 FixMatch 알고리즘]
   └ 학회: 한국지능시스템학회 (IF: 0.74)"
1763,2022,전기전자공학,247055388,왕동훈,1,0.0037,0.006682,"[결정 트리 앙상블 방법 및 다층신경망을 이용한 유도전동기의 고장진단]
   └ 학회: 한국정보기술학회 (IF: 0.56)"
1764,2022,전기전자공학,219211979,김시진,1,0.0037,0.006682,"[결정 트리 앙상블 방법 및 다층신경망을 이용한 유도전동기의 고장진단]
   └ 학회: 한국정보기술학회 (IF: 0.56)"
1765,2022,전기전자공학,377846288,김민찬,1,0.0037,0.006682,"[결정 트리 앙상블 방법 및 다층신경망을 이용한 유도전동기의 고장진단]
   └ 학회: 한국정보기술학회 (IF: 0.56)"
1766,2022,전기전자공학,2144313,구창우,1,0.0037,0.006682,"[레이더 영상의 엔트로피를 이용한 표적의 폭발 추정 방법]
   └ 학회: 한국정보기술학회 (IF: 0.56)"
1767,2022,전기전자공학,292099320,권대현,1,0.0037,0.006682,"[선택적 지수 평활화 방법을 통한 해상 다중경로 환경의 저고도 표적 고각 추정 연구]
   └ 학회: 한국정보기술학회 (IF: 0.56)"
1768,2022,전기전자공학,145683509,김관성,1,0.0037,0.006682,"[선택적 지수 평활화 방법을 통한 해상 다중경로 환경의 저고도 표적 고각 추정 연구]
   └ 학회: 한국정보기술학회 (IF: 0.56)"
1769,2022,전기전자공학,552727013,최준혁,1,0.0037,0.007238,"[자율주행센서로서 개발한 2-chip 기반의 FMCW MIMO 레이다 설계 및 구현]
   └ 학회: 국제인공지능학회 (IF: 0.51)"
1770,2022,전기전자공학,727643108,박신명,1,0.0037,0.007238,"[자율주행센서로서 개발한 2-chip 기반의 FMCW MIMO 레이다 설계 및 구현]
   └ 학회: 국제인공지능학회 (IF: 0.51)"
1771,2022,전기전자공학,798230299,이창현,1,0.0037,0.007238,"[자율주행센서로서 개발한 2-chip 기반의 FMCW MIMO 레이다 설계 및 구현]
   └ 학회: 국제인공지능학회 (IF: 0.51)"
1772,2022,전기전자공학,181986672,백승열,1,0.0037,0.007238,"[자율주행센서로서 개발한 2-chip 기반의 FMCW MIMO 레이다 설계 및 구현]
   └ 학회: 국제인공지능학회 (IF: 0.51)"
1773,2022,전기전자공학,862016081,이미림,1,0.0037,0.007238,"[자율주행센서로서 개발한 2-chip 기반의 FMCW MIMO 레이다 설계 및 구현]
   └ 학회: 국제인공지능학회 (IF: 0.51)"
1774,2022,전기전자공학,561640326,심규진,1,0.0037,0.009465,"[HD 해상도에서 실시간 구동이 가능한 딥러닝 기반 블러 제거 알고리즘]
   └ 학회: 한국방송·미디어공학회 (IF: 0.39)"
1775,2022,전기전자공학,296500737,고강욱,1,0.0037,0.009465,"[HD 해상도에서 실시간 구동이 가능한 딥러닝 기반 블러 제거 알고리즘]
   └ 학회: 한국방송·미디어공학회 (IF: 0.39)"
1776,2022,전기전자공학,160976436,윤성준,1,0.0037,0.009465,"[HD 해상도에서 실시간 구동이 가능한 딥러닝 기반 블러 제거 알고리즘]
   └ 학회: 한국방송·미디어공학회 (IF: 0.39)"
1777,2022,전기전자공학,335940685,하남구,1,0.0037,0.009465,"[HD 해상도에서 실시간 구동이 가능한 딥러닝 기반 블러 제거 알고리즘]
   └ 학회: 한국방송·미디어공학회 (IF: 0.39)"
1778,2022,전기전자공학,709639240,이민석,1,0.0037,0.009465,"[HD 해상도에서 실시간 구동이 가능한 딥러닝 기반 블러 제거 알고리즘]
   └ 학회: 한국방송·미디어공학회 (IF: 0.39)"
1779,2022,전기전자공학,955098287,장현성,1,0.0037,0.009465,"[HD 해상도에서 실시간 구동이 가능한 딥러닝 기반 블러 제거 알고리즘]
   └ 학회: 한국방송·미디어공학회 (IF: 0.39)"
1780,2022,전기전자공학,207707631,권구용,1,0.0037,0.009465,"[HD 해상도에서 실시간 구동이 가능한 딥러닝 기반 블러 제거 알고리즘]
   └ 학회: 한국방송·미디어공학회 (IF: 0.39)"
1781,2022,전기전자공학,983787302,김은준,1,0.0037,0.009465,"[HD 해상도에서 실시간 구동이 가능한 딥러닝 기반 블러 제거 알고리즘]
   └ 학회: 한국방송·미디어공학회 (IF: 0.39)"
1782,2022,전기전자공학,331805183,김창익,1,0.0037,0.009465,"[HD 해상도에서 실시간 구동이 가능한 딥러닝 기반 블러 제거 알고리즘]
   └ 학회: 한국방송·미디어공학회 (IF: 0.39)"
1783,2022,전기전자공학,853837004,김준식,1,0.0037,0.009465,"[실시간 온라인 수업 및 시험 태도 데이터 세트 설계 및 구현]
   └ 학회: 한국방송·미디어공학회 (IF: 0.39)"
1784,2022,전기전자공학,808497791,이찬휘,1,0.0037,0.009465,"[실시간 온라인 수업 및 시험 태도 데이터 세트 설계 및 구현]
   └ 학회: 한국방송·미디어공학회 (IF: 0.39)"
1785,2022,전기전자공학,396780945,송혁,1,0.0037,0.009465,"[실시간 온라인 수업 및 시험 태도 데이터 세트 설계 및 구현]
   └ 학회: 한국방송·미디어공학회 (IF: 0.39)"
1786,2022,전기전자공학,514072249,김정환,1,0.0037,0.009465,"[왜곡 정보 모듈을 이용한 이미지 디블러 방법]
   └ 학회: 한국방송·미디어공학회 (IF: 0.39)"
1787,2022,전기전자공학,828030666,Jong-Hyeon Baek,1,0.0037,0.009465,"[High-Speed Transformer for Panoptic Segmentation]
   └ 학회: 한국방송·미디어공학회 (IF: 0.39)"
1788,2022,전기전자공학,503760739,Dae-Hyun Kim,1,0.0037,0.009465,"[High-Speed Transformer for Panoptic Segmentation]
   └ 학회: 한국방송·미디어공학회 (IF: 0.39)"
1789,2022,전기전자공학,637091674,고영준,1,0.0037,0.009465,"[High-Speed Transformer for Panoptic Segmentation]
   └ 학회: 한국방송·미디어공학회 (IF: 0.39)"
1790,2022,전기전자공학,651896302,전시식,2,0.0035,0.009465,"[가스절연지상개폐기 PD 자동진단기법 연구]
   └ 학회: 대한전기학회 (IF: 0.37)
--------------------------------
[수용가의 단상부하에 의한 전력계통 불평형 개선 연구]
   └ 학회: 대한전기학회 (IF: 0.37)"
1791,2022,전기전자공학,139850287,김영달,2,0.0035,0.009465,"[가스절연지상개폐기 PD 자동진단기법 연구]
   └ 학회: 대한전기학회 (IF: 0.37)
--------------------------------
[수용가의 단상부하에 의한 전력계통 불평형 개선 연구]
   └ 학회: 대한전기학회 (IF: 0.37)"
1792,2022,전기전자공학,592033921,고웅,2,0.0035,0.009465,"[ESS 연계형 태양광발전 예측오차에 따른 용량요금 지급을 고려한 수익 최적화 방안 연구: 국내 ESS 연계형 태양광발전 사례를 중심으로]
   └ 학회: 대한전기학회 (IF: 0.37)
--------------------------------
[국내 전력시장에서 매집된 분산형전원의 이용률 기반 용량요금계수 적용 여부에 따른 분산형전원 사업자 수익 변화에 관한 연구]
   └ 학회: 대한전기학회 (IF: 0.37)"
1793,2022,전기전자공학,837032464,신건,2,0.0035,0.009465,"[이차전지를 이용한 2kW 태양광전원용 전압보상장치의 운용 방안에 관한 연구]
   └ 학회: 대한전기학회 (IF: 0.37)
--------------------------------
[ESS용 리튬이온전지의 열폭주 방지용 오프가스 검출 알고리즘에 관한 연구]
   └ 학회: 대한전기학회 (IF: 0.37)"
1794,2022,전기전자공학,2095611,이다한,2,0.0035,0.009465,"[주말 전력수요 예측을 위한 머신러닝 알고리즘 적용 연구]
   └ 학회: 대한전기학회 (IF: 0.37)
--------------------------------
[스마트 인버터 운전 모드에 따른 배전계통 재생에너지 분석과 Volt-Var 제어를 이용한 운영계획 수립]
   └ 학회: 대한전기학회 (IF: 0.37)"
1795,2022,전기전자공학,455820875,노재형,2,0.0035,0.009465,"[주말 전력수요 예측을 위한 머신러닝 알고리즘 적용 연구]
   └ 학회: 대한전기학회 (IF: 0.37)
--------------------------------
[스마트 인버터 운전 모드에 따른 배전계통 재생에너지 분석과 Volt-Var 제어를 이용한 운영계획 수립]
   └ 학회: 대한전기학회 (IF: 0.37)"
1796,2022,전기전자공학,518055255,박종배,2,0.0035,0.009465,"[주말 전력수요 예측을 위한 머신러닝 알고리즘 적용 연구]
   └ 학회: 대한전기학회 (IF: 0.37)
--------------------------------
[스마트 인버터 운전 모드에 따른 배전계통 재생에너지 분석과 Volt-Var 제어를 이용한 운영계획 수립]
   └ 학회: 대한전기학회 (IF: 0.37)"
1797,2022,전기전자공학,968657323,강규리,1,0.0035,0.006125,"[실내 자율주행 로봇을 위한 3차원 다층 정밀 지도 구축 및 위치 추정 알고리즘]
   └ 학회: 한국로봇학회(논문지) (IF: 0.57)"
1798,2022,전기전자공학,851641579,이대규,1,0.0035,0.006125,"[실내 자율주행 로봇을 위한 3차원 다층 정밀 지도 구축 및 위치 추정 알고리즘]
   └ 학회: 한국로봇학회(논문지) (IF: 0.57)"
1799,2022,전기전자공학,802745539,심현철,1,0.0035,0.006125,"[실내 자율주행 로봇을 위한 3차원 다층 정밀 지도 구축 및 위치 추정 알고리즘]
   └ 학회: 한국로봇학회(논문지) (IF: 0.57)"
1800,2022,전기전자공학,983831366,이한솔,1,0.0035,0.006125,"[3차원 상대 관측 정보를 통한 다중자율무인잠수정의 위치추정 알고리즘]
   └ 학회: 한국로봇학회(논문지) (IF: 0.57)"
1801,2022,전기전자공학,666707130,최병희,1,0.0035,0.006125,"[실내 물류 환경에서 라이다-카메라 약결합 기반 맵핑 및 위치인식과 네비게이션 방법]
   └ 학회: 한국로봇학회(논문지) (IF: 0.57)"
1802,2022,전기전자공학,849815683,강경수,1,0.0035,0.006125,"[실내 물류 환경에서 라이다-카메라 약결합 기반 맵핑 및 위치인식과 네비게이션 방법]
   └ 학회: 한국로봇학회(논문지) (IF: 0.57)"
1803,2022,전기전자공학,668304610,노예진,1,0.0035,0.006125,"[실내 물류 환경에서 라이다-카메라 약결합 기반 맵핑 및 위치인식과 네비게이션 방법]
   └ 학회: 한국로봇학회(논문지) (IF: 0.57)"
1804,2022,전기전자공학,223547876,조영근,1,0.0035,0.006125,"[실내 물류 환경에서 라이다-카메라 약결합 기반 맵핑 및 위치인식과 네비게이션 방법]
   └ 학회: 한국로봇학회(논문지) (IF: 0.57)"
1805,2022,전기전자공학,146933915,김승현,1,0.0035,0.008909,"[LDM-MIMO ATSC 3.0 방송 시스템의 Core-Layer 신호를 위한 저복잡도 HPGA 복호 기법들]
   └ 학회: 한국방송·미디어공학회 (IF: 0.39)"
1806,2022,전기전자공학,368647888,Yulong Shang,1,0.0035,0.008909,"[LDM-MIMO ATSC 3.0 방송 시스템의 Core-Layer 신호를 위한 저복잡도 HPGA 복호 기법들]
   └ 학회: 한국방송·미디어공학회 (IF: 0.39)"
1807,2022,전기전자공학,625836714,정태진,1,0.0035,0.008909,"[LDM-MIMO ATSC 3.0 방송 시스템의 Core-Layer 신호를 위한 저복잡도 HPGA 복호 기법들]
   └ 학회: 한국방송·미디어공학회 (IF: 0.39)"
1808,2022,전기전자공학,225008720,차동욱,1,0.0035,0.009465,"[가스절연지상개폐기 PD 자동진단기법 연구]
   └ 학회: 대한전기학회 (IF: 0.37)"
1809,2022,전기전자공학,2104543,진태영,1,0.0035,0.009465,"[P2H(Power-to-Heat)기술 현황 및 활용방안]
   └ 학회: 대한전기학회 (IF: 0.37)"
1810,2022,전기전자공학,1661715,최형진,1,0.0035,0.009465,"[ESS 연계형 태양광발전 예측오차에 따른 용량요금 지급을 고려한 수익 최적화 방안 연구: 국내 ESS 연계형 태양광발전 사례를 중심으로]
   └ 학회: 대한전기학회 (IF: 0.37)"
1811,2022,전기전자공학,527149977,차지현,1,0.0035,0.009465,"[변압기 보호용 비율차동계전기의 전류보상 알고리즘 분석 및 고장유형 식별로직 개발]
   └ 학회: 대한전기학회 (IF: 0.37)"
1812,2022,전기전자공학,653991522,천관호,1,0.0035,0.009465,"[변압기 보호용 비율차동계전기의 전류보상 알고리즘 분석 및 고장유형 식별로직 개발]
   └ 학회: 대한전기학회 (IF: 0.37)"
1813,2022,전기전자공학,223521354,박진엽,1,0.0035,0.009465,"[변압기 보호용 비율차동계전기의 전류보상 알고리즘 분석 및 고장유형 식별로직 개발]
   └ 학회: 대한전기학회 (IF: 0.37)"
1814,2022,전기전자공학,344699986,배재남,1,0.0035,0.009465,"[비선형 자기등가회로 해석을 통한 IPMSM의 쇄교자속 계산에 관한 연구]
   └ 학회: 대한전기학회 (IF: 0.37)"
1815,2022,전기전자공학,426327558,이성구,1,0.0035,0.009465,"[비선형 자기등가회로 해석을 통한 IPMSM의 쇄교자속 계산에 관한 연구]
   └ 학회: 대한전기학회 (IF: 0.37)"
1816,2022,전기전자공학,557502793,김원호,1,0.0035,0.009465,"[비선형 자기등가회로 해석을 통한 IPMSM의 쇄교자속 계산에 관한 연구]
   └ 학회: 대한전기학회 (IF: 0.37)"
1817,2022,전기전자공학,527717266,전웅재,1,0.0035,0.009465,"[ESS를 활용한 다목적 NTAs 운영기술]
   └ 학회: 대한전기학회 (IF: 0.37)"
1818,2022,전기전자공학,892903197,유환욱,1,0.0035,0.009465,"[재생에너지 발전량 예측제도를 고려한 ESS 연계형 태양광 발전의 발전량 입찰 계획 기법]
   └ 학회: 대한전기학회 (IF: 0.37)"
1819,2022,전기전자공학,967658185,김산,1,0.0035,0.009465,"[재생에너지 발전량 예측제도를 고려한 ESS 연계형 태양광 발전의 발전량 입찰 계획 기법]
   └ 학회: 대한전기학회 (IF: 0.37)"
1820,2022,전기전자공학,599147657,위영민,1,0.0035,0.009465,"[재생에너지 발전량 예측제도를 고려한 ESS 연계형 태양광 발전의 발전량 입찰 계획 기법]
   └ 학회: 대한전기학회 (IF: 0.37)"
1821,2022,전기전자공학,422056143,이재희,1,0.0035,0.009465,"[재생에너지 발전량 예측제도를 고려한 ESS 연계형 태양광 발전의 발전량 입찰 계획 기법]
   └ 학회: 대한전기학회 (IF: 0.37)"
1822,2022,전기전자공학,359383966,이세연,1,0.0035,0.009465,"[배전계통에 있어서 태양광전원의 수용성 향상을 위한 SVR 및 ESS의 운용방안]
   └ 학회: 대한전기학회 (IF: 0.37)"
1823,2022,전기전자공학,390826754,김기영,1,0.0035,0.009465,"[배전계통에 있어서 태양광전원의 수용성 향상을 위한 SVR 및 ESS의 운용방안]
   └ 학회: 대한전기학회 (IF: 0.37)"
1824,2022,전기전자공학,490957229,이현우,1,0.0035,0.009465,"[ESS 화재예방을 위한 전력품질과 발열의 상관관계 연구]
   └ 학회: 대한전기학회 (IF: 0.37)"
1825,2022,전기전자공학,477407811,김현식,1,0.0035,0.009465,"[ESS 화재예방을 위한 전력품질과 발열의 상관관계 연구]
   └ 학회: 대한전기학회 (IF: 0.37)"
1826,2022,전기전자공학,324665113,이재윤,1,0.0035,0.009465,"[ESS 화재예방을 위한 전력품질과 발열의 상관관계 연구]
   └ 학회: 대한전기학회 (IF: 0.37)"
1827,2022,전기전자공학,988683963,장경배,1,0.0035,0.009465,"[ESS 화재예방을 위한 전력품질과 발열의 상관관계 연구]
   └ 학회: 대한전기학회 (IF: 0.37)"
1828,2022,전기전자공학,684629854,공은경,1,0.0035,0.009465,"[스마트 인버터 운전 모드에 따른 배전계통 재생에너지 분석과 Volt-Var 제어를 이용한 운영계획 수립]
   └ 학회: 대한전기학회 (IF: 0.37)"
1829,2022,전기전자공학,247068551,황소연,1,0.0035,0.009465,"[ESS용 리튬이온전지의 열폭주 방지용 오프가스 검출 알고리즘에 관한 연구]
   └ 학회: 대한전기학회 (IF: 0.37)"
1830,2022,전기전자공학,649692505,최형석,1,0.0035,0.009465,"[ESS용 리튬이온전지의 열폭주 방지용 오프가스 검출 알고리즘에 관한 연구]
   └ 학회: 대한전기학회 (IF: 0.37)"
1831,2022,전기전자공학,452955099,조동식,2,0.0034,0.006125,"[분산 학습으로의 적용을 위한 극소 부호의 확장 기법]
   └ 학회: 한국정보통신학회 (IF: 0.55)
--------------------------------
[원격지 공간 가상 휴먼 가이드 영향 분석]
   └ 학회: 한국정보통신학회 (IF: 0.55)"
1832,2022,전기전자공학,448058039,엄상희,2,0.0034,0.006125,"[GLCM과 인공신경망을 이용한 미만성 갑상샘 질환 초음파 영상 분류]
   └ 학회: 한국정보통신학회 (IF: 0.55)
--------------------------------
[Texture Analysis for Classifying Normal Tissue, Benign and Malignant Tumors from Breast Ultrasound Image]
   └ 학회: 한국정보통신학회JICCE (IF: 0.55)"
1833,2022,전기전자공학,222841514,예수영,2,0.0034,0.006125,"[GLCM과 인공신경망을 이용한 미만성 갑상샘 질환 초음파 영상 분류]
   └ 학회: 한국정보통신학회 (IF: 0.55)
--------------------------------
[Texture Analysis for Classifying Normal Tissue, Benign and Malignant Tumors from Breast Ultrasound Image]
   └ 학회: 한국정보통신학회JICCE (IF: 0.55)"
1834,2022,전기전자공학,871571209,나경일,2,0.0034,0.006682,"[밀리미터파 추적레이더 운용 알고리듬 연구를 위한 RAW 데이터 저장 장비 개발]
   └ 학회: 국제인공지능학회 (IF: 0.51)
--------------------------------
[Ka대역 100 W급 SSPA 개발]
   └ 학회: 국제인공지능학회 (IF: 0.51)"
1835,2022,전기전자공학,507005159,김다희,1,0.0034,0.006125,"[텍스트 마이닝과 LOD 기법을 활용한 뉴스 추천 시스템]
   └ 학회: 한국정보기술학회 (IF: 0.56)"
1836,2022,전기전자공학,930402,윤소영,1,0.0034,0.006125,"[텍스트 마이닝과 LOD 기법을 활용한 뉴스 추천 시스템]
   └ 학회: 한국정보기술학회 (IF: 0.56)"
1837,2022,전기전자공학,163343089,채승연,1,0.0034,0.006125,"[텍스트 마이닝과 LOD 기법을 활용한 뉴스 추천 시스템]
   └ 학회: 한국정보기술학회 (IF: 0.56)"
1838,2022,전기전자공학,799258237,박예나,1,0.0034,0.006125,"[자연어 질의 기반 부동산 환경 검색 시스템 구현]
   └ 학회: 한국정보기술학회 (IF: 0.56)"
1839,2022,전기전자공학,854969377,Jin-Ho Chung,1,0.0034,0.006125,"[분산 학습으로의 적용을 위한 극소 부호의 확장 기법]
   └ 학회: 한국정보통신학회 (IF: 0.55)"
1840,2022,전기전자공학,360234776,김선,1,0.0034,0.006125,"[실내 차량 내비게이션을 위한 다방향 DRSS 기술]
   └ 학회: 한국정보통신학회 (IF: 0.55)"
1841,2022,전기전자공학,586032894,남재현,1,0.0034,0.006125,"[GLCM과 인공신경망을 이용한 미만성 갑상샘 질환 초음파 영상 분류]
   └ 학회: 한국정보통신학회 (IF: 0.55)"
1842,2022,전기전자공학,259972767,박성진,1,0.0034,0.006125,"[얼굴 인식과 Pyautogui 마우스 제어 기반의 비접촉식 입력 기법]
   └ 학회: 한국정보통신학회 (IF: 0.55)"
1843,2022,전기전자공학,415104491,신예은,1,0.0034,0.006125,"[얼굴 인식과 Pyautogui 마우스 제어 기반의 비접촉식 입력 기법]
   └ 학회: 한국정보통신학회 (IF: 0.55)"
1844,2022,전기전자공학,194084751,이병준,1,0.0034,0.006125,"[얼굴 인식과 Pyautogui 마우스 제어 기반의 비접촉식 입력 기법]
   └ 학회: 한국정보통신학회 (IF: 0.55)"
1845,2022,전기전자공학,107809043,이우행,1,0.0034,0.006125,"[사용자 관점에서의 음식 레시피 분류 모델에 관한 연구]
   └ 학회: 한국정보통신학회 (IF: 0.55)"
1846,2022,전기전자공학,477009065,최수연,1,0.0034,0.006125,"[사용자 관점에서의 음식 레시피 분류 모델에 관한 연구]
   └ 학회: 한국정보통신학회 (IF: 0.55)"
1847,2022,전기전자공학,718341154,신아리,1,0.0034,0.006125,"[토픽모델링을 이용한 비대면 신문 기사 키워드 분석]
   └ 학회: 한국정보통신학회 (IF: 0.55)"
1848,2022,전기전자공학,454090362,황보준권,1,0.0034,0.006125,"[토픽모델링을 이용한 비대면 신문 기사 키워드 분석]
   └ 학회: 한국정보통신학회 (IF: 0.55)"
1849,2022,전기전자공학,704806832,황선익,1,0.0034,0.006125,"[소셜 미디어(SNS) 데이터 증강을 활용한 효과적인 여론조사 예측 모델 분석]
   └ 학회: 한국정보통신학회 (IF: 0.55)"
1850,2022,전기전자공학,574558158,Muditha Tissera,1,0.0034,0.006125,"[Grammatical Structure Oriented Automated Approach for Surface Knowledge Extraction from Open Domain Unstructured Text]
   └ 학회: 한국정보통신학회JICCE (IF: 0.55)"
1851,2022,전기전자공학,553874460,Ruvan Weerasinghe,1,0.0034,0.006125,"[Grammatical Structure Oriented Automated Approach for Surface Knowledge Extraction from Open Domain Unstructured Text]
   └ 학회: 한국정보통신학회JICCE (IF: 0.55)"
1852,2022,전기전자공학,581141842,최진규,1,0.0034,0.006682,"[밀리미터파 추적레이더 운용 알고리듬 연구를 위한 RAW 데이터 저장 장비 개발]
   └ 학회: 국제인공지능학회 (IF: 0.51)"
1853,2022,전기전자공학,485424388,신영철,1,0.0034,0.006682,"[밀리미터파 추적레이더 운용 알고리듬 연구를 위한 RAW 데이터 저장 장비 개발]
   └ 학회: 국제인공지능학회 (IF: 0.51)"
1854,2022,전기전자공학,675849209,홍순일,1,0.0034,0.006682,"[밀리미터파 추적레이더 운용 알고리듬 연구를 위한 RAW 데이터 저장 장비 개발]
   └ 학회: 국제인공지능학회 (IF: 0.51)"
1855,2022,전기전자공학,816619365,김윤진,1,0.0034,0.006682,"[밀리미터파 추적레이더 운용 알고리듬 연구를 위한 RAW 데이터 저장 장비 개발]
   └ 학회: 국제인공지능학회 (IF: 0.51)"
1856,2022,전기전자공학,418287657,김재문,4,0.0033,0.008909,"[R-bar 전차선로 곡선구간 전차선의 편마모 원인에 대한 연구]
   └ 학회: 대한전기학회 (IF: 0.37)
--------------------------------
[교류전기철도 급전계통에서 고조파 공진 확대에 따른 R-C Bank의 저감 효과 분석]
   └ 학회: 대한전기학회 (IF: 0.37)
--------------------------------
[전기철도 급전계통 부하불평형에 대한 실험적 고찰]
   └ 학회: 대한전기학회 (IF: 0.37)
--------------------------------
[DC Link Capacitor 열화에 따른 태양광 인버터 입출력 특성]
   └ 학회: 대한전기학회 (IF: 0.37)"
1857,2022,전기전자공학,406762406,홍석훈,3,0.0033,0.005011,"[SARIMA 모델을 이용한 태양광 발전량 예측 연구]
   └ 학회: 한국멀티미디어학회 (IF: 0.65)
--------------------------------
[다층 퍼셉트론을 이용한 인버터의 효율 감소 진단 모델에 관한 연구]
   └ 학회: 한국멀티미디어학회 (IF: 0.65)
--------------------------------
[일반화 가법모형을 이용한 태양광 발전량 예측 알고리즘]
   └ 학회: 한국멀티미디어학회 (IF: 0.65)"
1858,2022,전기전자공학,735344544,전재성,3,0.0033,0.005011,"[SARIMA 모델을 이용한 태양광 발전량 예측 연구]
   └ 학회: 한국멀티미디어학회 (IF: 0.65)
--------------------------------
[다층 퍼셉트론을 이용한 인버터의 효율 감소 진단 모델에 관한 연구]
   └ 학회: 한국멀티미디어학회 (IF: 0.65)
--------------------------------
[일반화 가법모형을 이용한 태양광 발전량 예측 알고리즘]
   └ 학회: 한국멀티미디어학회 (IF: 0.65)"
1859,2022,전기전자공학,154057970,박철영,3,0.0033,0.005011,"[SARIMA 모델을 이용한 태양광 발전량 예측 연구]
   └ 학회: 한국멀티미디어학회 (IF: 0.65)
--------------------------------
[다층 퍼셉트론을 이용한 인버터의 효율 감소 진단 모델에 관한 연구]
   └ 학회: 한국멀티미디어학회 (IF: 0.65)
--------------------------------
[일반화 가법모형을 이용한 태양광 발전량 예측 알고리즘]
   └ 학회: 한국멀티미디어학회 (IF: 0.65)"
1860,2022,전기전자공학,647267412,최용은,3,0.0033,0.008909,"[교류전기철도 급전계통에서 고조파 공진 확대에 따른 R-C Bank의 저감 효과 분석]
   └ 학회: 대한전기학회 (IF: 0.37)
--------------------------------
[전기철도 급전계통 부하불평형에 대한 실험적 고찰]
   └ 학회: 대한전기학회 (IF: 0.37)
--------------------------------
[DC Link Capacitor 열화에 따른 태양광 인버터 입출력 특성]
   └ 학회: 대한전기학회 (IF: 0.37)"
1861,2022,전기전자공학,562765784,서문교,2,0.0033,0.007238,"[40 nm CMOS 공정을 이용한 I/Q 생성이 내재된 D-대역 주파수 체배기]
   └ 학회: 한국전자파학회 (IF: 0.45)
--------------------------------
[140 GHz 40 nm CMOS 저잡음 증폭기]
   └ 학회: 한국전자파학회 (IF: 0.45)"
1862,2022,전기전자공학,818562972,조영상,2,0.0033,0.008909,"[스마트 팜의 재생에너지 자가 소비 촉진을 위한 최적 포트폴리오 분석]
   └ 학회: 대한전기학회 (IF: 0.37)
--------------------------------
[데이터 기반 지상용 변압기의 잔여수명과 고장확률(PoF) 도출방안 연구]
   └ 학회: 대한전기학회 (IF: 0.37)"
1863,2022,전기전자공학,452749249,송길목,2,0.0033,0.008908,"[전기안전과 탄소중립]
   └ 학회: 대한전기학회 (IF: 0.37)
--------------------------------
[전기설비 관점 탄소중립 달성 방안]
   └ 학회: 대한전기학회 (IF: 0.37)"
1864,2022,전기전자공학,198573539,문원식,2,0.0033,0.008909,"[태양광발전 이격거리 규제 동향]
   └ 학회: 대한전기학회 (IF: 0.37)
--------------------------------
[하이브리드 고장률을 이용한 태양광 발전 시스템의 설비 유지보수 시점 결정에 관한 연구]
   └ 학회: 대한전기학회 (IF: 0.37)"
1865,2022,전기전자공학,195049557,Xi-Lang Huang,1,0.0033,0.005011,"[Intra-class Local Descr iptor -based Prototypical Network for Few-Shot Learning]
   └ 학회: 한국멀티미디어학회 (IF: 0.65)"
1866,2022,전기전자공학,832596464,Seon Han Choi,1,0.0033,0.005011,"[Intra-class Local Descr iptor -based Prototypical Network for Few-Shot Learning]
   └ 학회: 한국멀티미디어학회 (IF: 0.65)"
1867,2022,전기전자공학,5145131,윤상희,1,0.0033,0.005011,"[일반화 가법모형을 이용한 태양광 발전량 예측 알고리즘]
   └ 학회: 한국멀티미디어학회 (IF: 0.65)"
1868,2022,전기전자공학,411081474,정광현,1,0.0033,0.007238,"[공통 소스 트랜지스터의 Self-Body-Biasing을 통해 선형성이 향상된 2.45 GHz CMOS 전력증폭기의 설계]
   └ 학회: 한국전자파학회 (IF: 0.45)"
1869,2022,전기전자공학,930823427,이창중,1,0.0033,0.007238,"[40 nm CMOS 공정을 이용한 I/Q 생성이 내재된 D-대역 주파수 체배기]
   └ 학회: 한국전자파학회 (IF: 0.45)"
1870,2022,전기전자공학,906373324,변기륜,1,0.0033,0.007238,"[5 Gs/s 등가 시간 샘플링을 통한 K-Band UWB 레이다 송수신기]
   └ 학회: 한국전자파학회 (IF: 0.45)"
1871,2022,전기전자공학,933378243,박동욱,1,0.0033,0.007238,"[5 Gs/s 등가 시간 샘플링을 통한 K-Band UWB 레이다 송수신기]
   └ 학회: 한국전자파학회 (IF: 0.45)"
1872,2022,전기전자공학,672507175,서병재,1,0.0033,0.007238,"[5 Gs/s 등가 시간 샘플링을 통한 K-Band UWB 레이다 송수신기]
   └ 학회: 한국전자파학회 (IF: 0.45)"
1873,2022,전기전자공학,783918141,어윤성,1,0.0033,0.007238,"[5 Gs/s 등가 시간 샘플링을 통한 K-Band UWB 레이다 송수신기]
   └ 학회: 한국전자파학회 (IF: 0.45)"
1874,2022,전기전자공학,452994519,이상원,1,0.0033,0.008909,"[스마트 팜의 재생에너지 자가 소비 촉진을 위한 최적 포트폴리오 분석]
   └ 학회: 대한전기학회 (IF: 0.37)"
1875,2022,전기전자공학,4008042,박주창,1,0.0033,0.008909,"[풍력발전기를 고려한 복합전력계통에서의 신뢰도 평가에 관한 연구]
   └ 학회: 대한전기학회 (IF: 0.37)"
1876,2022,전기전자공학,417225949,오웅진,1,0.0033,0.008909,"[풍력발전기를 고려한 복합전력계통에서의 신뢰도 평가에 관한 연구]
   └ 학회: 대한전기학회 (IF: 0.37)"
1877,2022,전기전자공학,341871134,이연찬,1,0.0033,0.008909,"[풍력발전기를 고려한 복합전력계통에서의 신뢰도 평가에 관한 연구]
   └ 학회: 대한전기학회 (IF: 0.37)"
1878,2022,전기전자공학,190515581,자오징펑,1,0.0033,0.008909,"[풍력발전기를 고려한 복합전력계통에서의 신뢰도 평가에 관한 연구]
   └ 학회: 대한전기학회 (IF: 0.37)"
1879,2022,전기전자공학,777045246,최재석,1,0.0033,0.008909,"[풍력발전기를 고려한 복합전력계통에서의 신뢰도 평가에 관한 연구]
   └ 학회: 대한전기학회 (IF: 0.37)"
1880,2022,전기전자공학,411499268,박용준,1,0.0033,0.008909,"[750W 삼상유도전동기 등가회로 시험법의 슬립선정에 관한 연구]
   └ 학회: 대한전기학회 (IF: 0.37)"
1881,2022,전기전자공학,453124386,남태양,1,0.0033,0.008909,"[하이브리드 고장률을 이용한 태양광 발전 시스템의 설비 유지보수 시점 결정에 관한 연구]
   └ 학회: 대한전기학회 (IF: 0.37)"
1882,2022,전기전자공학,2095777,윤광훈,1,0.0033,0.008909,"[하이브리드 고장률을 이용한 태양광 발전 시스템의 설비 유지보수 시점 결정에 관한 연구]
   └ 학회: 대한전기학회 (IF: 0.37)"
1883,2022,전기전자공학,403510805,신중우,1,0.0033,0.008909,"[하이브리드 고장률을 이용한 태양광 발전 시스템의 설비 유지보수 시점 결정에 관한 연구]
   └ 학회: 대한전기학회 (IF: 0.37)"
1884,2022,전기전자공학,208823239,조인혁,1,0.0033,0.008909,"[방열판의 온도를 이용한 IGBT 모듈 및 공랭시스템의 상태 모니터링]
   └ 학회: 대한전기학회 (IF: 0.37)"
1885,2022,전기전자공학,529847131,김건영,1,0.0033,0.008909,"[방열판의 온도를 이용한 IGBT 모듈 및 공랭시스템의 상태 모니터링]
   └ 학회: 대한전기학회 (IF: 0.37)"
1886,2022,전기전자공학,524045738,김용욱,1,0.0033,0.008909,"[방열판의 온도를 이용한 IGBT 모듈 및 공랭시스템의 상태 모니터링]
   └ 학회: 대한전기학회 (IF: 0.37)"
1887,2022,전기전자공학,799786092,김중균,1,0.0033,0.008909,"[방열판의 온도를 이용한 IGBT 모듈 및 공랭시스템의 상태 모니터링]
   └ 학회: 대한전기학회 (IF: 0.37)"
1888,2022,전기전자공학,495572523,송동운,1,0.0032,0.005568,"[혼재된 환경에서의 효율적 로봇 파지를 위한 3차원 물체 인식 알고리즘 개발]
   └ 학회: 한국로봇학회(논문지) (IF: 0.57)"
1889,2022,전기전자공학,243601398,이재봉,1,0.0032,0.005568,"[혼재된 환경에서의 효율적 로봇 파지를 위한 3차원 물체 인식 알고리즘 개발]
   └ 학회: 한국로봇학회(논문지) (IF: 0.57)"
1890,2022,전기전자공학,391892691,이승준,1,0.0032,0.005568,"[혼재된 환경에서의 효율적 로봇 파지를 위한 3차원 물체 인식 알고리즘 개발]
   └ 학회: 한국로봇학회(논문지) (IF: 0.57)"
1891,2022,전기전자공학,507183967,황만수,2,0.0031,0.006125,"[사용자 리뷰에서 표정 인식을 이용한 감정 표현 기법]
   └ 학회: 국제인공지능학회 (IF: 0.51)
--------------------------------
[오픈 데이터를 이용한 사용자 리뷰 분석 방법]
   └ 학회: 국제인공지능학회 (IF: 0.51)"
1892,2022,전기전자공학,417902560,Mohammed Abdulhakim Al-Absi,1,0.0031,0.006125,"[Summary of Maritime Cyber Attacks and Risk Management]
   └ 학회: 국제인공지능학회 (IF: 0.51)"
1893,2022,전기전자공학,749140542,Ahmed Abdulhakim Al-Absi2,1,0.0031,0.006125,"[Summary of Maritime Cyber Attacks and Risk Management]
   └ 학회: 국제인공지능학회 (IF: 0.51)"
1894,2022,전기전자공학,212605024,김기환,1,0.0031,0.006125,"[Summary of Maritime Cyber Attacks and Risk Management]
   └ 학회: 국제인공지능학회 (IF: 0.51)"
1895,2022,전기전자공학,999103039,이영실,1,0.0031,0.006125,"[Summary of Maritime Cyber Attacks and Risk Management]
   └ 학회: 국제인공지능학회 (IF: 0.51)"
1896,2022,전기전자공학,709346041,이훈재,1,0.0031,0.006125,"[Summary of Maritime Cyber Attacks and Risk Management]
   └ 학회: 국제인공지능학회 (IF: 0.51)"
1897,2022,전기전자공학,1824467,최윤석,1,0.0031,0.006125,"[A Search Model Using Time Interval Variation to Identify Face Recognition Results]
   └ 학회: 국제인공지능학회 (IF: 0.51)"
1898,2022,전기전자공학,320199534,이완연,1,0.0031,0.006125,"[A Search Model Using Time Interval Variation to Identify Face Recognition Results]
   └ 학회: 국제인공지능학회 (IF: 0.51)"
1899,2022,전기전자공학,528826835,고동범,1,0.0031,0.006125,"[실시간 코로나19 확진자 웹 모니터링 시스템에 대한 연구]
   └ 학회: 국제인공지능학회 (IF: 0.51)"
1900,2022,전기전자공학,656673578,박수경,1,0.0031,0.006125,"[텍스트마이닝을 통한 디지털플랫폼정부의 방향 모색: 4차산업혁명시대 담론으로부터의 교훈]
   └ 학회: 국제인공지능학회 (IF: 0.51)"
1901,2022,전기전자공학,957244373,조지연,1,0.0031,0.006125,"[텍스트마이닝을 통한 디지털플랫폼정부의 방향 모색: 4차산업혁명시대 담론으로부터의 교훈]
   └ 학회: 국제인공지능학회 (IF: 0.51)"
1902,2022,전기전자공학,177324278,이봉규,1,0.0031,0.006125,"[텍스트마이닝을 통한 디지털플랫폼정부의 방향 모색: 4차산업혁명시대 담론으로부터의 교훈]
   └ 학회: 국제인공지능학회 (IF: 0.51)"
1903,2022,전기전자공학,162544193,최태호,1,0.0031,0.006125,"[오픈 데이터를 이용한 사용자 리뷰 분석 방법]
   └ 학회: 국제인공지능학회 (IF: 0.51)"
1904,2022,전기전자공학,256576637,Youn-Hui Jang,1,0.003,0.006682,"[Spatial Delay Line Canceler-Based Sidelobe Blanking for Low Radar-Cross-Section Target]
   └ 학회: 한국전자파학회JEES (IF: 0.45)"
1905,2022,전기전자공학,268757261,Donghyeon Cho,1,0.003,0.006682,"[Spatial Delay Line Canceler-Based Sidelobe Blanking for Low Radar-Cross-Section Target]
   └ 학회: 한국전자파학회JEES (IF: 0.45)"
1906,2022,전기전자공학,400481607,김광기,2,0.0029,0.005011,"[ICP 계산속도 향상을 위한 빠른 Correspondence 매칭 방법]
   └ 학회: 한국로봇학회(논문지) (IF: 0.57)
--------------------------------
[이차 원뿔 제약조건을 가진 최적 제어 문제를 위한 내부점 미분 동적 프로그래밍의 확장]
   └ 학회: 대한전기학회 (IF: 0.37)"
1907,2022,전기전자공학,727584808,신건희,1,0.0029,0.005011,"[ICP 계산속도 향상을 위한 빠른 Correspondence 매칭 방법]
   └ 학회: 한국로봇학회(논문지) (IF: 0.57)"
1908,2022,전기전자공학,737391767,최재희,1,0.0029,0.005011,"[ICP 계산속도 향상을 위한 빠른 Correspondence 매칭 방법]
   └ 학회: 한국로봇학회(논문지) (IF: 0.57)"
1909,2022,전기전자공학,696549522,이헌철,2,0.0028,0.005011,"[복도 환경에서 효율적 로봇 경로 계획을 위한 방향적 탐색 랜덤 트리 기법]
   └ 학회: 한국정보기술학회 (IF: 0.56)
--------------------------------
[다중 로봇 SLAM을 위한 스펙트럼 기반 PSO를 이용한 격자 지도 병합]
   └ 학회: 대한전기학회 (IF: 0.37)"
1910,2022,전기전자공학,125513466,염춘호,2,0.0028,0.005011,"[Integration of Dynamic Road Environmental Data for the Creation of Driving Simulator Scenarios]
   └ 학회: 한국정보통신학회 (IF: 0.55)
--------------------------------
[한-아세안 민관 네트워크기반의 스마트시티 수출을 위한 거점 HUB 플랫폼 개발에 관한 연구]
   └ 학회: 한국정보통신학회 (IF: 0.55)"
1911,2022,전기전자공학,102838729,차형호,2,0.0028,0.006125,"[HRP UWB 채널임펄스응답의 측정 및 분석]
   └ 학회: 한국전자파학회 (IF: 0.45)
--------------------------------
[HRP UWB 통신의 채널 특성 변화를 이용한 실내 사람 수 파악]
   └ 학회: 한국전자파학회 (IF: 0.45)"
1912,2022,전기전자공학,528340992,윤민경,2,0.0028,0.006125,"[HRP UWB 채널임펄스응답의 측정 및 분석]
   └ 학회: 한국전자파학회 (IF: 0.45)
--------------------------------
[HRP UWB 통신의 채널 특성 변화를 이용한 실내 사람 수 파악]
   └ 학회: 한국전자파학회 (IF: 0.45)"
1913,2022,전기전자공학,878233493,김재욱,1,0.0028,0.005011,"[㎜Wave 센싱을 통한 블랙아이스 검출에 관한 연구]
   └ 학회: 한국정보기술학회 (IF: 0.56)"
1914,2022,전기전자공학,296755535,김동완,1,0.0028,0.005011,"[㎜Wave 센싱을 통한 블랙아이스 검출에 관한 연구]
   └ 학회: 한국정보기술학회 (IF: 0.56)"
1915,2022,전기전자공학,929624726,조연수,1,0.0028,0.005011,"[소형선박을 위한 LiDAR 센서와 Pure Pursuit 알고리즘 기반의 자율운항 시스템]
   └ 학회: 한국정보기술학회 (IF: 0.56)"
1916,2022,전기전자공학,129280571,김석영,1,0.0028,0.005011,"[복도 환경에서 효율적 로봇 경로 계획을 위한 방향적 탐색 랜덤 트리 기법]
   └ 학회: 한국정보기술학회 (IF: 0.56)"
1917,2022,전기전자공학,513877529,남성현,1,0.0028,0.005011,"[복도 환경에서 효율적 로봇 경로 계획을 위한 방향적 탐색 랜덤 트리 기법]
   └ 학회: 한국정보기술학회 (IF: 0.56)"
1918,2022,전기전자공학,934210422,황일규,1,0.0028,0.005011,"[아두이노를 활용한 GUI 기반의 초보자용 피지컬 컴퓨팅 시스템의 구현]
   └ 학회: 한국정보기술학회 (IF: 0.56)"
1919,2022,전기전자공학,407855,김병주,1,0.0028,0.005011,"[아두이노를 활용한 GUI 기반의 초보자용 피지컬 컴퓨팅 시스템의 구현]
   └ 학회: 한국정보기술학회 (IF: 0.56)"
1920,2022,전기전자공학,316005709,김원호,1,0.0028,0.005011,"[W-대역 레이더 거리 측정기의 설계 및 성능 분석]
   └ 학회: 한국정보기술학회 (IF: 0.56)"
1921,2022,전기전자공학,168171732,박찬봉,1,0.0028,0.005011,"[1064/532nm 주사형 이중편광라이다시스템 개발과 이를 이용한 대전시 지역 상공 대기 물질의 파장의존성 계측]
   └ 학회: 한국정보기술학회 (IF: 0.56)"
1922,2022,전기전자공학,783262002,김영윤,1,0.0028,0.005011,"[LV4/4+ 자율주행 자동차 대중교통의 돌발상황에 대한 사용자 별 인지체계 연구]
   └ 학회: 한국정보기술학회 (IF: 0.56)"
1923,2022,전기전자공학,641875777,이혁수,1,0.0028,0.005011,"[LV4/4+ 자율주행 자동차 대중교통의 돌발상황에 대한 사용자 별 인지체계 연구]
   └ 학회: 한국정보기술학회 (IF: 0.56)"
1924,2022,전기전자공학,215490722,Joonho Gwon,1,0.0028,0.005011,"[Integration of Dynamic Road Environmental Data for the Creation of Driving Simulator Scenarios]
   └ 학회: 한국정보통신학회 (IF: 0.55)"
1925,2022,전기전자공학,338604810,전연수,1,0.0028,0.005011,"[Integration of Dynamic Road Environmental Data for the Creation of Driving Simulator Scenarios]
   └ 학회: 한국정보통신학회 (IF: 0.55)"
1926,2022,전기전자공학,1529550,박종찬,1,0.0028,0.005011,"[카테고리와 권한을 이용한 안드로이드 악성 앱 탐지]
   └ 학회: 한국정보통신학회 (IF: 0.55)"
1927,2022,전기전자공학,119076224,백남균,1,0.0028,0.005011,"[카테고리와 권한을 이용한 안드로이드 악성 앱 탐지]
   └ 학회: 한국정보통신학회 (IF: 0.55)"
1928,2022,전기전자공학,467484653,송특섭,1,0.0028,0.005011,"[스마트폰 가속도 센서와 딥러닝 다중 레이어를 이용한 넘어짐 방향 판단 방법]
   └ 학회: 한국정보통신학회 (IF: 0.55)"
1929,2022,전기전자공학,245790450,박문수,1,0.0028,0.005011,"[인공지능을 적용한 스쿨존의 LIDAR 시스템 개선 연구]
   └ 학회: 한국정보통신학회 (IF: 0.55)"
1930,2022,전기전자공학,518860453,안계운,1,0.0028,0.005011,"[공정 지연 최소화를 위한 AMR의 LiDAR 교체 방법에 대한 연구]
   └ 학회: 한국정보통신학회 (IF: 0.55)"
1931,2022,전기전자공학,160118096,정희운,1,0.0028,0.005011,"[공정 지연 최소화를 위한 AMR의 LiDAR 교체 방법에 대한 연구]
   └ 학회: 한국정보통신학회 (IF: 0.55)"
1932,2022,전기전자공학,366155381,이홍로,1,0.0028,0.005011,"[HMD 착용 중의 충돌 사고 방지를 위한 알리미 모듈 설계]
   └ 학회: 한국정보통신학회 (IF: 0.55)"
1933,2022,전기전자공학,159781928,유태석,1,0.0028,0.005011,"[수중글라이더용 항법필터 설계]
   └ 학회: 한국정보통신학회 (IF: 0.55)"
1934,2022,전기전자공학,991633215,차애리,1,0.0028,0.005011,"[수중글라이더용 항법필터 설계]
   └ 학회: 한국정보통신학회 (IF: 0.55)"
1935,2022,전기전자공학,567113331,박호규,1,0.0028,0.005011,"[수중글라이더용 항법필터 설계]
   └ 학회: 한국정보통신학회 (IF: 0.55)"
1936,2022,전기전자공학,325134619,김문환,1,0.0028,0.005011,"[수중글라이더용 항법필터 설계]
   └ 학회: 한국정보통신학회 (IF: 0.55)"
1937,2022,전기전자공학,740148716,정은희,1,0.0028,0.006125,"[텍스트 마이닝과 네트워크 분석을 이용한 지역 이미지 변화 분석]
   └ 학회: 한국정보전자통신기술학회 (IF: 0.46)"
1938,2022,전기전자공학,367585248,신지원,1,0.0028,0.006125,"[주파수 변조 연속파형 레이다 탐지 결과에 기반한 자체 위치 추정]
   └ 학회: 한국전자파학회 (IF: 0.45)"
1939,2022,전기전자공학,1017801,이성욱,1,0.0028,0.006125,"[주파수 변조 연속파형 레이다 탐지 결과에 기반한 자체 위치 추정]
   └ 학회: 한국전자파학회 (IF: 0.45)"
1940,2022,전기전자공학,832293006,이주영,2,0.0026,0.005011,"[W-band Frequency Synthesizer Development Based on Interposer Technology Using MMIC Chip Design and Fabrication Results]
   └ 학회: 국제인공지능학회 (IF: 0.51)
--------------------------------
[구형 도파관 기반의 W-대역 8-Way 방사형 전력 결합기]
   └ 학회: 한국전자파학회 (IF: 0.45)"
1941,2022,전기전자공학,214993763,김영곤,2,0.0026,0.005011,"[W-band Frequency Synthesizer Development Based on Interposer Technology Using MMIC Chip Design and Fabrication Results]
   └ 학회: 국제인공지능학회 (IF: 0.51)
--------------------------------
[Fin-line taper를 이용한 W-대역 마이크로스트립-도파관 전이구조 설계]
   └ 학회: 국제인공지능학회 (IF: 0.51)"
1942,2022,전기전자공학,261499454,공동환,2,0.0026,0.005011,"[Framework design for efficient Arduino program development]
   └ 학회: 국제인공지능학회 (IF: 0.51)
--------------------------------
[IoT notification system for marine emergencies]
   └ 학회: 국제인공지능학회 (IF: 0.51)"
1943,2022,전기전자공학,845726402,김완식,1,0.0026,0.005011,"[W-band Frequency Synthesizer Development Based on Interposer Technology Using MMIC Chip Design and Fabrication Results]
   └ 학회: 국제인공지능학회 (IF: 0.51)"
1944,2022,전기전자공학,493580910,Hwanyong Yeo,1,0.0026,0.005011,"[W-band Frequency Synthesizer Development Based on Interposer Technology Using MMIC Chip Design and Fabrication Results]
   └ 학회: 국제인공지능학회 (IF: 0.51)"
1945,2022,전기전자공학,407314803,황재민,1,0.0026,0.005011,"[On the Design of Power Supply System for Freight Train Reefer Container Based on Simulation]
   └ 학회: 국제인공지능학회 (IF: 0.51)"
1946,2022,전기전자공학,100917141,채우리,1,0.0026,0.005011,"[On the Design of Power Supply System for Freight Train Reefer Container Based on Simulation]
   └ 학회: 국제인공지능학회 (IF: 0.51)"
1947,2022,전기전자공학,600839041,임수정,1,0.0026,0.005011,"[영속 메모리를 이용한 스마트폰 버퍼 캐시의 선별적 플러시 정책]
   └ 학회: 국제인공지능학회 (IF: 0.51)"
1948,2022,전기전자공학,848742588,허지욱,1,0.0026,0.005011,"[딥러닝 기반의 문서요약기법을 활용한 뉴스 추천]
   └ 학회: 국제인공지능학회 (IF: 0.51)"
1949,2022,전기전자공학,186144199,이종국,1,0.0026,0.005011,"[소형 추적 레이다용 서보 개발]
   └ 학회: 국제인공지능학회 (IF: 0.51)"
1950,2022,전기전자공학,619063170,이석인,1,0.0026,0.005011,"[소형 추적 레이다용 서보 개발]
   └ 학회: 국제인공지능학회 (IF: 0.51)"
1951,2022,전기전자공학,825604338,김준수,1,0.0026,0.005011,"[소형 추적 레이다용 서보 개발]
   └ 학회: 국제인공지능학회 (IF: 0.51)"
1952,2022,전기전자공학,980316894,송태성,1,0.0026,0.005011,"[소형 추적 레이다용 서보 개발]
   └ 학회: 국제인공지능학회 (IF: 0.51)"
1953,2022,전기전자공학,642654027,엄영철,1,0.0026,0.005011,"[소형 추적 레이다용 서보 개발]
   └ 학회: 국제인공지능학회 (IF: 0.51)"
1954,2022,전기전자공학,967870408,신유진,1,0.0026,0.005011,"[소형 추적 레이다용 서보 개발]
   └ 학회: 국제인공지능학회 (IF: 0.51)"
1955,2022,전기전자공학,886616721,권준범,1,0.0026,0.005011,"[소형 추적 레이다용 서보 개발]
   └ 학회: 국제인공지능학회 (IF: 0.51)"
1956,2022,전기전자공학,123567632,김상욱,1,0.0026,0.005011,"[소형 추적 레이다용 서보 개발]
   └ 학회: 국제인공지능학회 (IF: 0.51)"
1957,2022,전기전자공학,568835587,윤원상,4,0.0025,0.004454,"[골판지를 이용한 마이크로파 브랜치 라인 커플러 설계]
   └ 학회: 한국정보기술학회 (IF: 0.56)
--------------------------------
[4축 구조를 사용한 4G 겸용 5G 이동통신용 빔 방향탐지 및 빔포밍 시스템]
   └ 학회: 한국정보기술학회 (IF: 0.56)
--------------------------------
[CPW 전송선로에 대한 전자기적 시뮬레이션에서 단자 영역에 대한 고찰]
   └ 학회: 한국정보기술학회 (IF: 0.56)
--------------------------------
[공진 방사체 임피던스 측정을 이용한 고효율 안테나 회로 설계 연구]
   └ 학회: 대한전기학회 (IF: 0.37)"
1958,2022,전기전자공학,266104655,반성범,3,0.0025,0.004454,"[표정 분류에 기반한 감정 인식을 위한 열화상 데이터베이스의 유용성 평가]
   └ 학회: 한국정보기술학회 (IF: 0.56)
--------------------------------
[근전도 신호 기반 Multi-Stream CNN 및 경험적 모드 분해를 이용한 사용자 인식]
   └ 학회: 한국정보기술학회 (IF: 0.56)
--------------------------------
[인간-컴퓨터 인터페이스에 사용 가능한 Multi-session 근전도 데이터 구축]
   └ 학회: 한국정보기술학회 (IF: 0.56)"
1959,2022,전기전자공학,130986249,안영은,2,0.0025,0.004454,"[표정 분류에 기반한 감정 인식을 위한 열화상 데이터베이스의 유용성 평가]
   └ 학회: 한국정보기술학회 (IF: 0.56)
--------------------------------
[체인코드와 기하학적 복잡도 지수에 기반한 가중치 형태 검색]
   └ 학회: 한국정보기술학회 (IF: 0.56)"
1960,2022,전기전자공학,441564042,김민구,2,0.0025,0.004454,"[표정 분류에 기반한 감정 인식을 위한 열화상 데이터베이스의 유용성 평가]
   └ 학회: 한국정보기술학회 (IF: 0.56)
--------------------------------
[근전도 신호 기반 Multi-Stream CNN 및 경험적 모드 분해를 이용한 사용자 인식]
   └ 학회: 한국정보기술학회 (IF: 0.56)"
1961,2022,전기전자공학,581753920,최선열,2,0.0025,0.004454,"[위상 배열 안테나 빔 오차 개선을 위한 반도체송수신모듈 크기/위상 보정 알고리즘 설계]
   └ 학회: 한국정보기술학회 (IF: 0.56)
--------------------------------
[능동 위상배열 안테나 장치용 송수신모듈 자동화 측정 및 보정]
   └ 학회: 한국정보기술학회 (IF: 0.56)"
1962,2022,전기전자공학,145526203,이복형,2,0.0025,0.004454,"[위상 배열 안테나 빔 오차 개선을 위한 반도체송수신모듈 크기/위상 보정 알고리즘 설계]
   └ 학회: 한국정보기술학회 (IF: 0.56)
--------------------------------
[능동 위상배열 안테나 장치용 송수신모듈 자동화 측정 및 보정]
   └ 학회: 한국정보기술학회 (IF: 0.56)"
1963,2022,전기전자공학,427375342,한준희,2,0.0025,0.005568,"[PEEC 기법을 사용한 부스바와 결합된 EMI 필터의 등가 회로 모델 개발]
   └ 학회: 한국전자파학회 (IF: 0.45)
--------------------------------
[고병렬 프로브 카드의 신호 특성 향상을 위한 보호저항 최적화에 대한 연구]
   └ 학회: 한국전자파학회 (IF: 0.45)"
1964,2022,전기전자공학,133178343,박재훈,1,0.0025,0.004454,"[소형 이동 로봇의 사람 추적 성능 개선을 위한 휠 오도메트리 기반 실시간 보정에 관한 연구]
   └ 학회: 한국로봇학회(논문지) (IF: 0.57)"
1965,2022,전기전자공학,512562667,안민성,1,0.0025,0.004454,"[소형 이동 로봇의 사람 추적 성능 개선을 위한 휠 오도메트리 기반 실시간 보정에 관한 연구]
   └ 학회: 한국로봇학회(논문지) (IF: 0.57)"
1966,2022,전기전자공학,896228645,한재권,1,0.0025,0.004454,"[소형 이동 로봇의 사람 추적 성능 개선을 위한 휠 오도메트리 기반 실시간 보정에 관한 연구]
   └ 학회: 한국로봇학회(논문지) (IF: 0.57)"
1967,2022,전기전자공학,928895574,이지민,1,0.0025,0.004454,"[표정 분류에 기반한 감정 인식을 위한 열화상 데이터베이스의 유용성 평가]
   └ 학회: 한국정보기술학회 (IF: 0.56)"
1968,2022,전기전자공학,646679617,조규남,1,0.0025,0.004454,"[4축 구조를 사용한 4G 겸용 5G 이동통신용 빔 방향탐지 및 빔포밍 시스템]
   └ 학회: 한국정보기술학회 (IF: 0.56)"
1969,2022,전기전자공학,945864598,채상훈,1,0.0025,0.004454,"[4축 구조를 사용한 4G 겸용 5G 이동통신용 빔 방향탐지 및 빔포밍 시스템]
   └ 학회: 한국정보기술학회 (IF: 0.56)"
1970,2022,전기전자공학,199024507,박병준,1,0.0025,0.004454,"[능동 위상배열 안테나 장치용 송수신모듈 자동화 측정 및 보정]
   └ 학회: 한국정보기술학회 (IF: 0.56)"
1971,2022,전기전자공학,235560562,최운성,1,0.0025,0.004454,"[능동 위상배열 안테나 장치용 송수신모듈 자동화 측정 및 보정]
   └ 학회: 한국정보기술학회 (IF: 0.56)"
1972,2022,전기전자공학,848320739,우동현,1,0.0025,0.004454,"[HMD 전면카메라를 활용한 VR 사용자 외부 안전지원 시스템]
   └ 학회: 한국정보기술학회 (IF: 0.56)"
1973,2022,전기전자공학,514653291,최현빈,1,0.0025,0.004454,"[HMD 전면카메라를 활용한 VR 사용자 외부 안전지원 시스템]
   └ 학회: 한국정보기술학회 (IF: 0.56)"
1974,2022,전기전자공학,970249680,최경륜,1,0.0025,0.005568,"[PEEC 기법을 사용한 부스바와 결합된 EMI 필터의 등가 회로 모델 개발]
   └ 학회: 한국전자파학회 (IF: 0.45)"
1975,2022,전기전자공학,719801811,진덕호,2,0.0024,0.004454,"[군 지연 특성을 개선한 5G 이동통신 중계기용 캐비티 필터의 설계]
   └ 학회: 한국정보통신학회 (IF: 0.55)
--------------------------------
[28GHz 밀리미터파대역 혼 어레이 안테나 설계]
   └ 학회: 한국정보통신학회 (IF: 0.55)"
1976,2022,전기전자공학,178908303,Byungyeon Hwang,2,0.0024,0.004454,"[Optimal Terminal Interconnection Reconstruction along with Terminal Transition in Randomly Divided Planes]
   └ 학회: 한국정보통신학회JICCE (IF: 0.55)
--------------------------------
[Maximum Node Interconnection by a Given Sum of Euclidean Edge Lengths in a Cluster Node Distribution]
   └ 학회: 한국정보통신학회JICCE (IF: 0.55)"
1977,2022,전기전자공학,771919859,이종길,1,0.0024,0.004454,"[국지적 기상 레이다에서의 배열 안테나를 이용한 효율적인 클러터 제거 방법 분석]
   └ 학회: 한국정보통신학회 (IF: 0.55)"
1978,2022,전기전자공학,253543,김용환,1,0.0024,0.004454,"[대용량 데이터 전송을 위한 오픈 API 기반 가상 네트워크 프로비저닝 자동화 플랫폼 구현]
   └ 학회: 한국정보통신학회 (IF: 0.55)"
1979,2022,전기전자공학,578969651,박성진,1,0.0024,0.004454,"[대용량 데이터 전송을 위한 오픈 API 기반 가상 네트워크 프로비저닝 자동화 플랫폼 구현]
   └ 학회: 한국정보통신학회 (IF: 0.55)"
1980,2022,전기전자공학,222159276,김동균,1,0.0024,0.004454,"[대용량 데이터 전송을 위한 오픈 API 기반 가상 네트워크 프로비저닝 자동화 플랫폼 구현]
   └ 학회: 한국정보통신학회 (IF: 0.55)"
1981,2022,전기전자공학,206492607,이제호,1,0.0024,0.004454,"[28GHz 밀리미터파대역 혼 어레이 안테나 설계]
   └ 학회: 한국정보통신학회 (IF: 0.55)"
1982,2022,전기전자공학,973065530,Miracle Udurume,1,0.0024,0.004454,"[Emotion Recognition Implementation with Multimodalities of Face, Voice and EEG]
   └ 학회: 한국정보통신학회JICCE (IF: 0.55)"
1983,2022,전기전자공학,802341649,Angela C. Caliwag,1,0.0024,0.004454,"[Emotion Recognition Implementation with Multimodalities of Face, Voice and EEG]
   └ 학회: 한국정보통신학회JICCE (IF: 0.55)"
1984,2022,전기전자공학,351489341,Wansu Lim,1,0.0024,0.004454,"[Emotion Recognition Implementation with Multimodalities of Face, Voice and EEG]
   └ 학회: 한국정보통신학회JICCE (IF: 0.55)"
1985,2022,전기전자공학,862121128,Gwigon Kim,1,0.0024,0.004454,"[Emotion Recognition Implementation with Multimodalities of Face, Voice and EEG]
   └ 학회: 한국정보통신학회JICCE (IF: 0.55)"
1986,2022,전기전자공학,587547742,Wiharto,1,0.0024,0.004454,"[Hybrid Feature Selection Method Based on Genetic Algorithm for the Diagnosis of Coronary Heart Disease]
   └ 학회: 한국정보통신학회JICCE (IF: 0.55)"
1987,2022,전기전자공학,618569560,Esti Suryani,1,0.0024,0.004454,"[Hybrid Feature Selection Method Based on Genetic Algorithm for the Diagnosis of Coronary Heart Disease]
   └ 학회: 한국정보통신학회JICCE (IF: 0.55)"
1988,2022,전기전자공학,831027069,Sigit Setyawan,1,0.0024,0.004454,"[Hybrid Feature Selection Method Based on Genetic Algorithm for the Diagnosis of Coronary Heart Disease]
   └ 학회: 한국정보통신학회JICCE (IF: 0.55)"
1989,2022,전기전자공학,448217912,Bintang PE Putra,1,0.0024,0.004454,"[Hybrid Feature Selection Method Based on Genetic Algorithm for the Diagnosis of Coronary Heart Disease]
   └ 학회: 한국정보통신학회JICCE (IF: 0.55)"
1990,2022,전기전자공학,996021056,Rong Ran,1,0.0024,0.004454,"[Application of Genetic Algorithm for Large-Scale Multiuser MIMO Detection with Non-Gaussian Noise]
   └ 학회: 한국정보통신학회JICCE (IF: 0.55)"
1991,2022,전기전자공학,769019011,Yeonsoo Kim,1,0.0024,0.004454,"[Maximum Node Interconnection by a Given Sum of Euclidean Edge Lengths in a Cluster Node Distribution]
   └ 학회: 한국정보통신학회JICCE (IF: 0.55)"
1992,2022,전기전자공학,177884424,Minkwon Kim,1,0.0024,0.004454,"[Maximum Node Interconnection by a Given Sum of Euclidean Edge Lengths in a Cluster Node Distribution]
   └ 학회: 한국정보통신학회JICCE (IF: 0.55)"
1993,2022,전기전자공학,809274720,채문주,1,0.0024,0.006125,"[영상 분류를 위한 준지도 학습 기법의 분류와 동작 원리의 이해]
   └ 학회: 한국방송·미디어공학회 (IF: 0.39)"
1994,2022,전기전자공학,501134078,박재현,1,0.0024,0.006125,"[영상 분류를 위한 준지도 학습 기법의 분류와 동작 원리의 이해]
   └ 학회: 한국방송·미디어공학회 (IF: 0.39)"
1995,2022,전기전자공학,678934290,조성인,1,0.0024,0.006125,"[영상 분류를 위한 준지도 학습 기법의 분류와 동작 원리의 이해]
   └ 학회: 한국방송·미디어공학회 (IF: 0.39)"
1996,2022,전기전자공학,103350692,황지수,1,0.0024,0.006125,"[서로 다른 특성의 시계열 데이터 통합 프레임워크 제안 및 활용]
   └ 학회: 한국방송·미디어공학회 (IF: 0.39)"
1997,2022,전기전자공학,686528600,문재원,1,0.0024,0.006125,"[서로 다른 특성의 시계열 데이터 통합 프레임워크 제안 및 활용]
   └ 학회: 한국방송·미디어공학회 (IF: 0.39)"
1998,2022,전기전자공학,133843641,이재아,1,0.0024,0.006125,"[라디오 청취자 문자 사연을 활용한 한국어 다중 감정 분석용 데이터셋 연구]
   └ 학회: 한국방송·미디어공학회 (IF: 0.39)"
1999,2022,전기전자공학,947231629,Jae-yeon Sim,2,0.0023,0.004454,"[A Study on Sustainable Development Efficiency of Foreign Trade in Western China Based on DEA Model]
   └ 학회: 국제인공지능학회 (IF: 0.51)
--------------------------------
[Efficiency Evaluation of Financial Support for Rural Industry Revitalization in Eastern China]
   └ 학회: 국제인공지능학회 (IF: 0.51)"
2000,2022,전기전자공학,199323868,Hyun-Yeop Lee,2,0.0023,0.005011,"[Low-Power Switching Scheme with Quarter Reference Voltage Sources for SAR ADCs]
   └ 학회: 한국전자파학회JEES (IF: 0.45)
--------------------------------
[SAR ADC for a Multimode Radar Transceiver with Offset Calibration]
   └ 학회: 한국전자파학회JEES (IF: 0.45)"
2001,2022,전기전자공학,337781771,Jin-Seop Lee,2,0.0023,0.005011,"[Low-Power Switching Scheme with Quarter Reference Voltage Sources for SAR ADCs]
   └ 학회: 한국전자파학회JEES (IF: 0.45)
--------------------------------
[SAR ADC for a Multimode Radar Transceiver with Offset Calibration]
   └ 학회: 한국전자파학회JEES (IF: 0.45)"
2002,2022,전기전자공학,336996875,김영진,2,0.0023,0.005011,"[Low-Power Switching Scheme with Quarter Reference Voltage Sources for SAR ADCs]
   └ 학회: 한국전자파학회JEES (IF: 0.45)
--------------------------------
[SAR ADC for a Multimode Radar Transceiver with Offset Calibration]
   └ 학회: 한국전자파학회JEES (IF: 0.45)"
2003,2022,전기전자공학,214751746,조춘식,2,0.0023,0.005011,"[Low-Power Switching Scheme with Quarter Reference Voltage Sources for SAR ADCs]
   └ 학회: 한국전자파학회JEES (IF: 0.45)
--------------------------------
[SAR ADC for a Multimode Radar Transceiver with Offset Calibration]
   └ 학회: 한국전자파학회JEES (IF: 0.45)"
2004,2022,전기전자공학,393656542,신외경,2,0.0023,0.005568,"[넓은 전압 범위를 갖는 양방향 충전기 개발]
   └ 학회: 전력전자학회 (IF: 0.41)
--------------------------------
[전기자동차 충전 인프라 기술 동향]
   └ 학회: 전력전자학회 (IF: 0.41)"
2005,2022,전기전자공학,898689251,강상기,1,0.0023,0.004454,"[Wideband RF Interference Reduction Module]
   └ 학회: 국제인공지능학회 (IF: 0.51)"
2006,2022,전기전자공학,469676490,홍헌진,1,0.0023,0.004454,"[Wideband RF Interference Reduction Module]
   └ 학회: 국제인공지능학회 (IF: 0.51)"
2007,2022,전기전자공학,190342639,Youngjun Chong,1,0.0023,0.004454,"[Wideband RF Interference Reduction Module]
   └ 학회: 국제인공지능학회 (IF: 0.51)"
2008,2022,전기전자공학,390677266,Seo Kang,1,0.0023,0.004454,"[Array Antenna Design for Ku-Band Terminal of L.E.O Satellite Communication]
   └ 학회: 국제인공지능학회 (IF: 0.51)"
2009,2022,전기전자공학,205693445,Edward J. Rothwell,1,0.0023,0.004454,"[Array Antenna Design for Ku-Band Terminal of L.E.O Satellite Communication]
   └ 학회: 국제인공지능학회 (IF: 0.51)"
2010,2022,전기전자공학,971045313,Yan Xu,1,0.0023,0.004454,"[A Study on Sustainable Development Efficiency of Foreign Trade in Western China Based on DEA Model]
   └ 학회: 국제인공지능학회 (IF: 0.51)"
2011,2022,전기전자공학,111416761,최경락,1,0.0023,0.004454,"[On Safety Improvement through Process Establishment for SOTIF Application of Autonomous Driving Logistics Robot]
   └ 학회: 국제인공지능학회 (IF: 0.51)"
2012,2022,전기전자공학,388779111,김승훈,1,0.0023,0.005011,"[치아측색용 App 적용을 위한 색공간 변환 알고리즘 개발]
   └ 학회: 한국정보전자통신기술학회 (IF: 0.46)"
2013,2022,전기전자공학,151267456,이재조,1,0.0023,0.005568,"[전기자동차 충전 인프라 국제표준화 및 국내 법규 동향]
   └ 학회: 전력전자학회 (IF: 0.41)"
2014,2022,전기전자공학,252037687,최종원,1,0.0023,0.005568,"[영구자석 동기모터 진동 및 과전류 저감을 위한 능동단락회로 제어 기법]
   └ 학회: 전력전자학회 (IF: 0.41)"
2015,2022,전기전자공학,381920082,김윤재,1,0.0023,0.005568,"[영구자석 동기모터 진동 및 과전류 저감을 위한 능동단락회로 제어 기법]
   └ 학회: 전력전자학회 (IF: 0.41)"
2016,2022,전기전자공학,772832,정재원,3,0.0021,0.005568,"[전기차용 모듈형 충전기의 효율향상을 위한 모듈 제어기법]
   └ 학회: 대한전기학회 (IF: 0.37)
--------------------------------
[수소연료전지 통합운영시스템을 위한 통신클래스 설계]
   └ 학회: 대한전기학회 (IF: 0.37)
--------------------------------
[반도체 센서를 이용한 라돈측정기의 구현]
   └ 학회: 대한전기학회 (IF: 0.37)"
2017,2022,전기전자공학,983252689,임성환,1,0.0021,0.005568,"[운전사이클을 고려한 전기자동차용 권선절체모터의 권선수 최적화 연구]
   └ 학회: 대한전기학회 (IF: 0.37)"
2018,2022,전기전자공학,630213184,구본관,1,0.0021,0.005568,"[운전사이클을 고려한 전기자동차용 권선절체모터의 권선수 최적화 연구]
   └ 학회: 대한전기학회 (IF: 0.37)"
2019,2022,전기전자공학,490932393,임종경,1,0.0021,0.005568,"[운전사이클을 고려한 전기자동차용 권선절체모터의 권선수 최적화 연구]
   └ 학회: 대한전기학회 (IF: 0.37)"
2020,2022,전기전자공학,237756939,민병빈,1,0.0021,0.005568,"[전기차용 모듈형 충전기의 효율향상을 위한 모듈 제어기법]
   └ 학회: 대한전기학회 (IF: 0.37)"
2021,2022,전기전자공학,798813569,황재창,1,0.0021,0.005568,"[전기차용 모듈형 충전기의 효율향상을 위한 모듈 제어기법]
   └ 학회: 대한전기학회 (IF: 0.37)"
2022,2022,전기전자공학,580042590,윤석진,1,0.0021,0.005568,"[전기차용 모듈형 충전기의 효율향상을 위한 모듈 제어기법]
   └ 학회: 대한전기학회 (IF: 0.37)"
2023,2022,전기전자공학,653060706,임다니엘지섭,1,0.0021,0.005568,"[전기차용 모듈형 충전기의 효율향상을 위한 모듈 제어기법]
   └ 학회: 대한전기학회 (IF: 0.37)"
2024,2022,전기전자공학,990345201,정인성,1,0.0021,0.005568,"[탄소중립을 위한 전기자동차 및 직류배전 기술동향]
   └ 학회: 대한전기학회 (IF: 0.37)"
2025,2022,전기전자공학,594079381,백주원,1,0.0021,0.005568,"[탄소중립을 위한 전기자동차 및 직류배전 기술동향]
   └ 학회: 대한전기학회 (IF: 0.37)"
2026,2022,전기전자공학,308964883,박지영,1,0.0021,0.005568,"[전기차 운전자의 충전패턴 유형과 영향요인 분석: 잠재계층분석법의 응용]
   └ 학회: 대한전기학회 (IF: 0.37)"
2027,2022,전기전자공학,799709726,김찬성,1,0.0021,0.005568,"[전기차 운전자의 충전패턴 유형과 영향요인 분석: 잠재계층분석법의 응용]
   └ 학회: 대한전기학회 (IF: 0.37)"
2028,2022,전기전자공학,407548006,김철영,4,0.002,0.004454,"[위성용 X 대역 Combline 다이플렉서]
   └ 학회: 한국전자파학회 (IF: 0.45)
--------------------------------
[W-Band 광대역 저잡음 증폭기 설계]
   └ 학회: 한국전자파학회 (IF: 0.45)
--------------------------------
[K 대역 위성통신용 CMOS 저잡음 증폭기 설계]
   └ 학회: 한국전자파학회 (IF: 0.45)
--------------------------------
[위성통신을 위한 K-Band 전력 증폭기]
   └ 학회: 한국전자파학회 (IF: 0.45)"
2029,2022,전기전자공학,81806,김재윤,3,0.002,0.004454,"[순환 주파수 추정을 통한 직접 시퀀스 대역 확산 신호 탐지 알고리즘 복잡도 저감]
   └ 학회: 한국정보기술학회 (IF: 0.56)
--------------------------------
[2차원 위상비교 방향탐지 정확도 시뮬레이션 소프트웨어를 이용한 방향탐지용 광대역 배열 안테나 설계 기법]
   └ 학회: 한국전자파학회 (IF: 0.45)
--------------------------------
[LDA 기반 분산 레이다 시스템을 활용한 손동작 분류 알고리즘 개발 및 성능 분석]
   └ 학회: 한국전자파학회 (IF: 0.45)"
2030,2022,전기전자공학,308454826,이지현,3,0.002,0.004454,"[2022 동계학술대회 및 제2회 대학생 창의 설계 경진 대회]
   └ 학회: 한국전자파학회 (IF: 0.45)
--------------------------------
[전파학생기자단 인터뷰 - 제2회 대학생 창의 설계 경진 대회 ""금상"" 수상 동양미래대학교팀 -]
   └ 학회: 한국전자파학회 (IF: 0.45)
--------------------------------
[제28회 전파신기술 워크숍(6G를 위한 전파신기술)]
   └ 학회: 한국전자파학회 (IF: 0.45)"
2031,2022,전기전자공학,625657609,임정택,3,0.002,0.004454,"[위성용 X 대역 Combline 다이플렉서]
   └ 학회: 한국전자파학회 (IF: 0.45)
--------------------------------
[K 대역 위성통신용 CMOS 저잡음 증폭기 설계]
   └ 학회: 한국전자파학회 (IF: 0.45)
--------------------------------
[위성통신을 위한 K-Band 전력 증폭기]
   └ 학회: 한국전자파학회 (IF: 0.45)"
2032,2022,전기전자공학,810499046,천지민,2,0.002,0.004454,"[부품 허용 오차에 둔감한 60Hz 대역 억제 필터 설계]
   └ 학회: 한국정보전자통신기술학회 (IF: 0.46)
--------------------------------
[A Single-Bit 3rd-Order Feedforward Delta Sigma Modulator Using Class-C Inverters for Low Power Audio Applications]
   └ 학회: 한국정보전자통신기술학회 (IF: 0.46)"
2033,2022,전기전자공학,153561375,이정해,2,0.002,0.004454,"[도파관 측정 기반의 X 대역 PIN 다이오드 등가회로 값 추출 방법]
   └ 학회: 한국전자파학회 (IF: 0.45)
--------------------------------
[단위 셀 크기에 따른 금속 픽셀 기반 메타표면 흡수체의 대역폭 분석]
   └ 학회: 한국전자파학회 (IF: 0.45)"
2034,2022,전기전자공학,438265744,Jin-Seob Kang,2,0.002,0.004454,"[Free-Space Unknown Thru Measurement Using Planar Offset Short for Material Characterization]
   └ 학회: 한국전자파학회JEES (IF: 0.45)
--------------------------------
[Free-Space Two-Tier One-Port Calibration Using a Planar Offset Short for Material Measurement]
   └ 학회: 한국전자파학회JEES (IF: 0.45)"
2035,2022,전기전자공학,445057152,백민석,2,0.002,0.004454,"[K 대역 위성통신용 CMOS 저잡음 증폭기 설계]
   └ 학회: 한국전자파학회 (IF: 0.45)
--------------------------------
[위성통신을 위한 K-Band 전력 증폭기]
   └ 학회: 한국전자파학회 (IF: 0.45)"
2036,2022,전기전자공학,187776,이재은,2,0.002,0.004454,"[K 대역 위성통신용 CMOS 저잡음 증폭기 설계]
   └ 학회: 한국전자파학회 (IF: 0.45)
--------------------------------
[위성통신을 위한 K-Band 전력 증폭기]
   └ 학회: 한국전자파학회 (IF: 0.45)"
2037,2022,전기전자공학,148180530,송재혁,2,0.002,0.004454,"[K 대역 위성통신용 CMOS 저잡음 증폭기 설계]
   └ 학회: 한국전자파학회 (IF: 0.45)
--------------------------------
[위성통신을 위한 K-Band 전력 증폭기]
   └ 학회: 한국전자파학회 (IF: 0.45)"
2038,2022,전기전자공학,685311160,손정택,2,0.002,0.004454,"[K 대역 위성통신용 CMOS 저잡음 증폭기 설계]
   └ 학회: 한국전자파학회 (IF: 0.45)
--------------------------------
[위성통신을 위한 K-Band 전력 증폭기]
   └ 학회: 한국전자파학회 (IF: 0.45)"
2039,2022,전기전자공학,664934979,김준형,2,0.002,0.004454,"[K 대역 위성통신용 CMOS 저잡음 증폭기 설계]
   └ 학회: 한국전자파학회 (IF: 0.45)
--------------------------------
[위성통신을 위한 K-Band 전력 증폭기]
   └ 학회: 한국전자파학회 (IF: 0.45)"
2040,2022,전기전자공학,615336941,이은규,2,0.002,0.004454,"[K 대역 위성통신용 CMOS 저잡음 증폭기 설계]
   └ 학회: 한국전자파학회 (IF: 0.45)
--------------------------------
[위성통신을 위한 K-Band 전력 증폭기]
   └ 학회: 한국전자파학회 (IF: 0.45)"
2041,2022,전기전자공학,598283887,박종일,2,0.002,0.005011,"[Normal map 생성을 이용한 물질 이미지 분류]
   └ 학회: 한국방송·미디어공학회 (IF: 0.39)
--------------------------------
[피노믹스 시스템을 위한 식물 잎의 질병 검출 및 분류]
   └ 학회: 한국방송·미디어공학회 (IF: 0.39)"
2042,2022,전기전자공학,414209029,Jun-Sub Hwang,1,0.002,0.004454,"[A Single-Bit 3rd-Order Feedforward Delta Sigma Modulator Using Class-C Inverters for Low Power Audio Applications]
   └ 학회: 한국정보전자통신기술학회 (IF: 0.46)"
2043,2022,전기전자공학,992096568,Yuseok Jeon,1,0.002,0.004454,"[Design of a 0.5–18 GHz Wideband Frequency Down-Converter Module with a Local Circuit for an Electronic Support Measurement System]
   └ 학회: 한국전자파학회JEES (IF: 0.45)"
2044,2022,전기전자공학,449321893,Byeongchang Kim,1,0.002,0.004454,"[Design of a 0.5–18 GHz Wideband Frequency Down-Converter Module with a Local Circuit for an Electronic Support Measurement System]
   └ 학회: 한국전자파학회JEES (IF: 0.45)"
2045,2022,전기전자공학,364694662,Hongkie Lim,1,0.002,0.004454,"[Spectroscopic Sensing Method of Liquid Permittivity with On-Chip Capacitor]
   └ 학회: 한국전자파학회JEES (IF: 0.45)"
2046,2022,전기전자공학,678759909,이동호,1,0.002,0.004454,"[Spectroscopic Sensing Method of Liquid Permittivity with On-Chip Capacitor]
   └ 학회: 한국전자파학회JEES (IF: 0.45)"
2047,2022,전기전자공학,275239423,김주성,1,0.002,0.004454,"[Spectroscopic Sensing Method of Liquid Permittivity with On-Chip Capacitor]
   └ 학회: 한국전자파학회JEES (IF: 0.45)"
2048,2022,전기전자공학,146324229,Songcheol Hong,1,0.002,0.004454,"[Spectroscopic Sensing Method of Liquid Permittivity with On-Chip Capacitor]
   └ 학회: 한국전자파학회JEES (IF: 0.45)"
2049,2022,전기전자공학,347562587,DucDung Nguyen,1,0.002,0.004454,"[Frequency-Selective Surface Stopband Designed with a Genetic Algorithm for Gain Enhancement of a Broadband Monopole Antenna]
   └ 학회: 한국전자파학회JEES (IF: 0.45)"
2050,2022,전기전자공학,445232661,Susmita Bala,1,0.002,0.004454,"[Printed Monopole Antenna with Tree-Like Radiating Patch and Flower Vase-Shaped Modified Ground Plane Useful for Wideband Applications]
   └ 학회: 한국전자파학회JEES (IF: 0.45)"
2051,2022,전기전자공학,213403214,P. Soni Reddy,1,0.002,0.004454,"[Printed Monopole Antenna with Tree-Like Radiating Patch and Flower Vase-Shaped Modified Ground Plane Useful for Wideband Applications]
   └ 학회: 한국전자파학회JEES (IF: 0.45)"
2052,2022,전기전자공학,895425910,Rahul Mondal,1,0.002,0.004454,"[Printed Monopole Antenna with Tree-Like Radiating Patch and Flower Vase-Shaped Modified Ground Plane Useful for Wideband Applications]
   └ 학회: 한국전자파학회JEES (IF: 0.45)"
2053,2022,전기전자공학,477904282,Partha Pratim Sarkar,1,0.002,0.004454,"[Printed Monopole Antenna with Tree-Like Radiating Patch and Flower Vase-Shaped Modified Ground Plane Useful for Wideband Applications]
   └ 학회: 한국전자파학회JEES (IF: 0.45)"
2054,2022,전기전자공학,327796317,Sushanta Sarkar,1,0.002,0.004454,"[Printed Monopole Antenna with Tree-Like Radiating Patch and Flower Vase-Shaped Modified Ground Plane Useful for Wideband Applications]
   └ 학회: 한국전자파학회JEES (IF: 0.45)"
2055,2022,전기전자공학,521238119,Seunggoo Nam,1,0.002,0.004454,"[Compact 28 GHz Folded Butler Matrix Using Low-Temperature Co-fired Ceramics]
   └ 학회: 한국전자파학회JEES (IF: 0.45)"
2056,2022,전기전자공학,704801104,Sehwan Choi,1,0.002,0.004454,"[Compact 28 GHz Folded Butler Matrix Using Low-Temperature Co-fired Ceramics]
   └ 학회: 한국전자파학회JEES (IF: 0.45)"
2057,2022,전기전자공학,565408900,Jongin Ryu,1,0.002,0.004454,"[Compact 28 GHz Folded Butler Matrix Using Low-Temperature Co-fired Ceramics]
   └ 학회: 한국전자파학회JEES (IF: 0.45)"
2058,2022,전기전자공학,942249665,Jaeyoung Lee,1,0.002,0.004454,"[Compact 28 GHz Folded Butler Matrix Using Low-Temperature Co-fired Ceramics]
   └ 학회: 한국전자파학회JEES (IF: 0.45)"
2059,2022,전기전자공학,271123108,김동호,1,0.002,0.004454,"[2차원 위상비교 방향탐지 정확도 시뮬레이션 소프트웨어를 이용한 방향탐지용 광대역 배열 안테나 설계 기법]
   └ 학회: 한국전자파학회 (IF: 0.45)"
2060,2022,전기전자공학,925371579,이명식,1,0.002,0.004454,"[2차원 위상비교 방향탐지 정확도 시뮬레이션 소프트웨어를 이용한 방향탐지용 광대역 배열 안테나 설계 기법]
   └ 학회: 한국전자파학회 (IF: 0.45)"
2061,2022,전기전자공학,446919152,문병호,1,0.002,0.004454,"[2차원 위상비교 방향탐지 정확도 시뮬레이션 소프트웨어를 이용한 방향탐지용 광대역 배열 안테나 설계 기법]
   └ 학회: 한국전자파학회 (IF: 0.45)"
2062,2022,전기전자공학,316969000,권재용,1,0.002,0.004454,"[6G 통신을 위한 측정표준과 측정기술]
   └ 학회: 한국전자파학회 (IF: 0.45)"
2063,2022,전기전자공학,517102183,조치현,1,0.002,0.004454,"[6G 통신을 위한 측정표준과 측정기술]
   └ 학회: 한국전자파학회 (IF: 0.45)"
2064,2022,전기전자공학,369310434,구현지,1,0.002,0.004454,"[6G 통신을 위한 측정표준과 측정기술]
   └ 학회: 한국전자파학회 (IF: 0.45)"
2065,2022,전기전자공학,706798550,강태원,1,0.002,0.004454,"[6G 통신을 위한 측정표준과 측정기술]
   └ 학회: 한국전자파학회 (IF: 0.45)"
2066,2022,전기전자공학,890770106,장삼봉,1,0.002,0.004454,"[단위 셀 크기에 따른 금속 픽셀 기반 메타표면 흡수체의 대역폭 분석]
   └ 학회: 한국전자파학회 (IF: 0.45)"
2067,2022,전기전자공학,215903301,김용준,1,0.002,0.004454,"[단위 셀 크기에 따른 금속 픽셀 기반 메타표면 흡수체의 대역폭 분석]
   └ 학회: 한국전자파학회 (IF: 0.45)"
2068,2022,전기전자공학,434928147,최선규,1,0.002,0.004454,"[위성통신을 위한 K-Band 전력 증폭기]
   └ 학회: 한국전자파학회 (IF: 0.45)"
2069,2022,전기전자공학,851375098,남현길,1,0.002,0.005011,"[Normal map 생성을 이용한 물질 이미지 분류]
   └ 학회: 한국방송·미디어공학회 (IF: 0.39)"
2070,2022,전기전자공학,475328372,김태현,1,0.002,0.005011,"[Normal map 생성을 이용한 물질 이미지 분류]
   └ 학회: 한국방송·미디어공학회 (IF: 0.39)"
2071,2022,전기전자공학,424512974,김인수,5,0.0019,0.005011,"[신재생에너지 보급률 증가에 따른 지역적 태양광 수용 용량 추정에 관한 연구]
   └ 학회: 대한전기학회 (IF: 0.37)
--------------------------------
[환상형 전력계통에서의 효율적인 조류해석 계산을 위한 전력망 축소 기법]
   └ 학회: 대한전기학회 (IF: 0.37)
--------------------------------
[국제 표준과 버스 임피던스 매트릭스를 이용한 고조파 해석 알고리즘에 관한 연구]
   └ 학회: 대한전기학회 (IF: 0.37)
--------------------------------
[Part 1: 조류해석에 있어서 무효전력 제어 모선의 동작 알고리즘에 관한 연구]
   └ 학회: 대한전기학회 (IF: 0.37)
--------------------------------
[Part 1: 분산전원이 연계된 송배전 전력시스템의 고장전류 계산 기법에 관한 연구]
   └ 학회: 대한전기학회 (IF: 0.37)"
2072,2022,전기전자공학,389021,조정민,4,0.0019,0.005011,"[Design of a Wideband Printed Patch Dipole Antenna with a Balanced On-Board Feeding Network]
   └ 학회: 한국전자파학회JEES (IF: 0.45)
--------------------------------
[Volt-Var 특성 곡선의 기울기가 전압 Oscillation에 미치는 영향]
   └ 학회: 대한전기학회 (IF: 0.37)
--------------------------------
[분산전원 수용 확대를 위한 계통보강 및 출력 감발 간 경제성 분석]
   └ 학회: 대한전기학회 (IF: 0.37)
--------------------------------
[분산전원 연계변압기의 전압 탭을 고려한 Volt-Var 제어 곡선 적합성 연구]
   └ 학회: 대한전기학회 (IF: 0.37)"
2073,2022,전기전자공학,285055062,최종용,3,0.0019,0.005011,"[전기자동차용 무선 전력 충전의 적정 선정을 위한 자기 공진 회로구조의 비교 분석]
   └ 학회: 대한전기학회 (IF: 0.37)
--------------------------------
[역률 및 고조파 보상을 위한 하이브리드 능동전력필터(HAPF)의 개선된 파라미터 설계 방안]
   └ 학회: 대한전기학회 (IF: 0.37)
--------------------------------
[태양광 발전효율 증대를 위한 최대전력추종 시스템에서 Anti-windup 적용의 효과 분석]
   └ 학회: 대한전기학회 (IF: 0.37)"
2074,2022,전기전자공학,770101006,김규호,3,0.0019,0.005011,"[EMTP를 이용한 PMSG 풍력발전시스템의 Closed Loop 합성 관성 제어]
   └ 학회: 대한전기학회 (IF: 0.37)
--------------------------------
[재생에너지가 포함된 연계계통에서 경제급전을 위한 컨센서스 ADMM 응용]
   └ 학회: 대한전기학회 (IF: 0.37)
--------------------------------
[XLPE 절연약화로 인한 케이블 부분방전시 초음파를 이용한 위상 변화 분석]
   └ 학회: 대한전기학회 (IF: 0.37)"
2075,2022,전기전자공학,221876998,국경수,3,0.0019,0.005011,"[에너지전환 시대를 위한 K-전력망의 팀워크 조건]
   └ 학회: 대한전기학회 (IF: 0.37)
--------------------------------
[전력계통 재생에너지 수용증대를 위한 주파수응답 방안별 성능 평가 및 정량화 방법]
   └ 학회: 대한전기학회 (IF: 0.37)
--------------------------------
[신재생에너지 수용증대를 고려한 주파수조정용 전기저장장치의 1차 예비력 대체효과 정량화 방법]
   └ 학회: 대한전기학회 (IF: 0.37)"
2076,2022,전기전자공학,551192931,김현진,3,0.0019,0.005011,"[신재생발전 지역 관제를 위한 신재생 발전출력 예측 기술]
   └ 학회: 대한전기학회 (IF: 0.37)
--------------------------------
[분산전원 수용 확대를 위한 계통보강 및 출력 감발 간 경제성 분석]
   └ 학회: 대한전기학회 (IF: 0.37)
--------------------------------
[분산전원 연계변압기의 전압 탭을 고려한 Volt-Var 제어 곡선 적합성 연구]
   └ 학회: 대한전기학회 (IF: 0.37)"
2077,2022,전기전자공학,506473954,백승재,2,0.0019,0.005011,"[창호용 블라인드 태양광 모듈의 설계]
   └ 학회: 대한전기학회 (IF: 0.37)
--------------------------------
[페로브스카이트 태양전지 계면 결함이 효율과 온도계수에 미치는 영향]
   └ 학회: 대한전기학회 (IF: 0.37)"
2078,2022,전기전자공학,999621447,김문겸,2,0.0019,0.005011,"[리스크 기반 최적 조류 계산을 통한 도시형 전력네트워크의 리스크 관리]
   └ 학회: 대한전기학회 (IF: 0.37)
--------------------------------
[재생에너지 수용률 확보 조건에서 연 단위의 BESS 경제적 운영전략]
   └ 학회: 대한전기학회 (IF: 0.37)"
2079,2022,전기전자공학,105314834,진윤선,1,0.0019,0.005011,"[섹터커플링 기술동향과 전력분야 추진 방안]
   └ 학회: 대한전기학회 (IF: 0.37)"
2080,2022,전기전자공학,595174915,양승권,1,0.0019,0.005011,"[섹터커플링 기술동향과 전력분야 추진 방안]
   └ 학회: 대한전기학회 (IF: 0.37)"
2081,2022,전기전자공학,831425112,임희성,1,0.0019,0.005011,"[선형회귀분석법을 이용한 리튬인산철 배터리의 상태추정]
   └ 학회: 대한전기학회 (IF: 0.37)"
2082,2022,전기전자공학,186037753,윤진식,1,0.0019,0.005011,"[선형회귀분석법을 이용한 리튬인산철 배터리의 상태추정]
   └ 학회: 대한전기학회 (IF: 0.37)"
2083,2022,전기전자공학,395762123,차명회,1,0.0019,0.005011,"[창호용 블라인드 태양광 모듈의 설계]
   └ 학회: 대한전기학회 (IF: 0.37)"
2084,2022,전기전자공학,669385708,박현수,1,0.0019,0.005011,"[하이브리드 능동전력필터의 전력품질 개선을 위한 Coordinate Transformation 기법에 대한 성능 비교]
   └ 학회: 대한전기학회 (IF: 0.37)"
2085,2022,전기전자공학,266949645,박훈양,1,0.0019,0.005011,"[하이브리드 능동전력필터의 전력품질 개선을 위한 Coordinate Transformation 기법에 대한 성능 비교]
   └ 학회: 대한전기학회 (IF: 0.37)"
2086,2022,전기전자공학,197254768,차준민,1,0.0019,0.005011,"[재생에너지가 포함된 연계계통에서 경제급전을 위한 컨센서스 ADMM 응용]
   └ 학회: 대한전기학회 (IF: 0.37)"
2087,2022,전기전자공학,297235494,박제도,1,0.0019,0.005011,"[재생에너지가 포함된 연계계통에서 경제급전을 위한 컨센서스 ADMM 응용]
   └ 학회: 대한전기학회 (IF: 0.37)"
2088,2022,전기전자공학,758556914,이동주,1,0.0019,0.005011,"[유도전동기의 토크 변화시 역률 보상기법에 관한 연구]
   └ 학회: 대한전기학회 (IF: 0.37)"
2089,2022,전기전자공학,610299236,이주훈,1,0.0019,0.005011,"[공중풍력-100% 재생에너지화를 위한 고고도 바람에너지 이용기술]
   └ 학회: 대한전기학회 (IF: 0.37)"
2090,2022,전기전자공학,841047397,김경열,1,0.0019,0.005011,"[전력계통 관성 증대를 위한 고관성 동기조상기 기술동향]
   └ 학회: 대한전기학회 (IF: 0.37)"
2091,2022,전기전자공학,223597,문주영,1,0.0019,0.005011,"[재생에너지 수용성 증대를 위한 그리드포밍 기술 개발 (인버터기반 발전원 중심 계통환경변화와 그리드포밍 제어기술 개발)]
   └ 학회: 대한전기학회 (IF: 0.37)"
2092,2022,전기전자공학,269138869,박종욱,1,0.0019,0.005011,"[역률 및 고조파 보상을 위한 하이브리드 능동전력필터(HAPF)의 개선된 파라미터 설계 방안]
   └ 학회: 대한전기학회 (IF: 0.37)"
2093,2022,전기전자공학,301028596,김영호,1,0.0019,0.005011,"[직류 배전용 전력케이블 개발의 핵심 요소]
   └ 학회: 대한전기학회 (IF: 0.37)"
2094,2022,전기전자공학,188762553,김원영,1,0.0019,0.005011,"[직류 배전용 전력케이블 개발의 핵심 요소]
   └ 학회: 대한전기학회 (IF: 0.37)"
2095,2022,전기전자공학,124418787,강지성,1,0.0019,0.005011,"[그리드포밍 기술, 미래 전력망의 핵심 열쇠가 될까?]
   └ 학회: 대한전기학회 (IF: 0.37)"
2096,2022,전기전자공학,669637017,김상민,1,0.0019,0.005011,"[그리드포밍 기술, 미래 전력망의 핵심 열쇠가 될까?]
   └ 학회: 대한전기학회 (IF: 0.37)"
2097,2022,전기전자공학,263699101,김희진,1,0.0019,0.005011,"[그리드포밍 기술, 미래 전력망의 핵심 열쇠가 될까?]
   └ 학회: 대한전기학회 (IF: 0.37)"
2098,2022,전기전자공학,354748709,남태식,1,0.0019,0.005011,"[그리드포밍 기술, 미래 전력망의 핵심 열쇠가 될까?]
   └ 학회: 대한전기학회 (IF: 0.37)"
2099,2022,전기전자공학,965698742,전승욱,1,0.0019,0.005011,"[그리드포밍 기술, 미래 전력망의 핵심 열쇠가 될까?]
   └ 학회: 대한전기학회 (IF: 0.37)"
2100,2022,전기전자공학,855530108,강세일,1,0.0019,0.005011,"[그리드포밍 기술, 미래 전력망의 핵심 열쇠가 될까?]
   └ 학회: 대한전기학회 (IF: 0.37)"
2101,2022,전기전자공학,831664094,류한석,1,0.0019,0.005011,"[재생에너지 수용률 확보 조건에서 연 단위의 BESS 경제적 운영전략]
   └ 학회: 대한전기학회 (IF: 0.37)"
2102,2022,전기전자공학,437278054,이지원,1,0.0019,0.005011,"[재생에너지 수용률 확보 조건에서 연 단위의 BESS 경제적 운영전략]
   └ 학회: 대한전기학회 (IF: 0.37)"
2103,2022,전기전자공학,789109367,강현준,1,0.0019,0.005011,"[재생에너지 수용률 확보 조건에서 연 단위의 BESS 경제적 운영전략]
   └ 학회: 대한전기학회 (IF: 0.37)"
2104,2022,전기전자공학,174981176,박경종,1,0.0019,0.005011,"[고조파 보상을 위한 하이브리드 능동전력필터(HAPF)에서 APF의 정현파 전압 주입에 따른 무효전력 상관 관계 분석 및 보상방안]
   └ 학회: 대한전기학회 (IF: 0.37)"
2105,2022,전기전자공학,708811812,박현곤,1,0.0019,0.005011,"[분산전원 수용 확대를 위한 계통보강 및 출력 감발 간 경제성 분석]
   └ 학회: 대한전기학회 (IF: 0.37)"
2106,2022,전기전자공학,493646345,황평익,1,0.0019,0.005011,"[분산전원 수용 확대를 위한 계통보강 및 출력 감발 간 경제성 분석]
   └ 학회: 대한전기학회 (IF: 0.37)"
2107,2022,전기전자공학,433397973,조성수,1,0.0019,0.005011,"[분산전원 수용 확대를 위한 계통보강 및 출력 감발 간 경제성 분석]
   └ 학회: 대한전기학회 (IF: 0.37)"
2108,2022,전기전자공학,358665813,류홍제,3,0.0018,0.004454,"[태양광 직렬 아크 검출기의 오검출 방지를 위한 DWT 기반 파라미터 및 반복 알고리즘]
   └ 학회: 전력전자학회 (IF: 0.41)
--------------------------------
[LCC 공진형 컨버터 기반의 고효율 커패시터 충전기 설계기법]
   └ 학회: 전력전자학회 (IF: 0.41)
--------------------------------
[보조 정류회로를 활용한 통합된 5 kW 급 소형 제논 램프 전원장치]
   └ 학회: 대한전기학회 (IF: 0.37)"
2109,2022,전기전자공학,494619607,김태윤,1,0.0018,0.004454,"[다상 BLDC 모터 드라이브 시스템의 개방 고장 시 효율 향상이 고려된 토크 리플 저감 대책]
   └ 학회: 전력전자학회 (IF: 0.41)"
2110,2022,전기전자공학,340546363,서용석,1,0.0018,0.004454,"[다상 BLDC 모터 드라이브 시스템의 개방 고장 시 효율 향상이 고려된 토크 리플 저감 대책]
   └ 학회: 전력전자학회 (IF: 0.41)"
2111,2022,전기전자공학,824037371,박현철,1,0.0018,0.004454,"[다상 BLDC 모터 드라이브 시스템의 개방 고장 시 효율 향상이 고려된 토크 리플 저감 대책]
   └ 학회: 전력전자학회 (IF: 0.41)"
2112,2022,전기전자공학,545807383,장효서,1,0.0018,0.004454,"[우수한 공통 모드 노이즈 특성을 가진 브릿지 다이오드가 없는 고효율 PFC 컨버터]
   └ 학회: 전력전자학회 (IF: 0.41)"
2113,2022,전기전자공학,197055629,이주영,1,0.0018,0.004454,"[우수한 공통 모드 노이즈 특성을 가진 브릿지 다이오드가 없는 고효율 PFC 컨버터]
   └ 학회: 전력전자학회 (IF: 0.41)"
2114,2022,전기전자공학,855701542,김문영,1,0.0018,0.004454,"[우수한 공통 모드 노이즈 특성을 가진 브릿지 다이오드가 없는 고효율 PFC 컨버터]
   └ 학회: 전력전자학회 (IF: 0.41)"
2115,2022,전기전자공학,780570022,강정일,1,0.0018,0.004454,"[우수한 공통 모드 노이즈 특성을 가진 브릿지 다이오드가 없는 고효율 PFC 컨버터]
   └ 학회: 전력전자학회 (IF: 0.41)"
2116,2022,전기전자공학,771993337,한상규,1,0.0018,0.004454,"[우수한 공통 모드 노이즈 특성을 가진 브릿지 다이오드가 없는 고효율 PFC 컨버터]
   └ 학회: 전력전자학회 (IF: 0.41)"
2117,2022,전기전자공학,286585453,정송찬,1,0.0018,0.004454,"[LCC 공진형 컨버터 기반의 고효율 커패시터 충전기 설계기법]
   └ 학회: 전력전자학회 (IF: 0.41)"
2118,2022,전기전자공학,371622293,송승호,1,0.0018,0.004454,"[LCC 공진형 컨버터 기반의 고효율 커패시터 충전기 설계기법]
   └ 학회: 전력전자학회 (IF: 0.41)"
2119,2022,전기전자공학,680705317,최민규,1,0.0018,0.004454,"[LCC 공진형 컨버터 기반의 고효율 커패시터 충전기 설계기법]
   └ 학회: 전력전자학회 (IF: 0.41)"
2120,2022,전기전자공학,199914959,김형석,1,0.0017,0.004454,"[OTFS 시스템을 위한 Gauss–Seidel 방법 기반의 검출 기법]
   └ 학회: 한국방송·미디어공학회 (IF: 0.39)"
2121,2022,전기전자공학,947149444,안해성,1,0.0017,0.004454,"[OTFS 시스템을 위한 Gauss–Seidel 방법 기반의 검출 기법]
   └ 학회: 한국방송·미디어공학회 (IF: 0.39)"
2122,2022,전기전자공학,342216244,설권,1,0.0017,0.004454,"[OTFS 시스템을 위한 Gauss–Seidel 방법 기반의 검출 기법]
   └ 학회: 한국방송·미디어공학회 (IF: 0.39)"
2123,2022,전기전자공학,372204686,서민재,1,0.0017,0.004454,"[2D CAD 이미지 분석 기반 3D 객체 자동 생성 방법 설계]
   └ 학회: 한국방송·미디어공학회 (IF: 0.39)"
2124,2022,전기전자공학,688781265,이유진,1,0.0017,0.004454,"[2D CAD 이미지 분석 기반 3D 객체 자동 생성 방법 설계]
   └ 학회: 한국방송·미디어공학회 (IF: 0.39)"
2125,2022,전기전자공학,786832986,최희조,1,0.0017,0.004454,"[2D CAD 이미지 분석 기반 3D 객체 자동 생성 방법 설계]
   └ 학회: 한국방송·미디어공학회 (IF: 0.39)"
2126,2022,전기전자공학,172581255,임현규,1,0.0017,0.004454,"[2D CAD 이미지 분석 기반 3D 객체 자동 생성 방법 설계]
   └ 학회: 한국방송·미디어공학회 (IF: 0.39)"
2127,2022,전기전자공학,748398791,최영규,1,0.0017,0.004454,"[2D CAD 이미지 분석 기반 3D 객체 자동 생성 방법 설계]
   └ 학회: 한국방송·미디어공학회 (IF: 0.39)"
2128,2022,전기전자공학,305823455,전지혜,1,0.0017,0.004454,"[2D CAD 이미지 분석 기반 3D 객체 자동 생성 방법 설계]
   └ 학회: 한국방송·미디어공학회 (IF: 0.39)"
2129,2022,전기전자공학,125867853,김창현,2,0.0016,0.004454,"[6G/B5G 네트워크 통신 기반의 스마트팩토리 내 자기부상 물류이송시스템의 시간지연 제어기 설계]
   └ 학회: 대한전기학회 (IF: 0.37)
--------------------------------
[루프 형성기법을 이용한 필터보상형 LQ-PID 제어기 설계]
   └ 학회: 대한전기학회 (IF: 0.37)"
2130,2022,전기전자공학,2965950,이호준,2,0.0016,0.004454,"[6G/B5G 네트워크 통신 기반의 스마트팩토리 내 자기부상 물류이송시스템의 시간지연 제어기 설계]
   └ 학회: 대한전기학회 (IF: 0.37)
--------------------------------
[루프 형성기법을 이용한 필터보상형 LQ-PID 제어기 설계]
   └ 학회: 대한전기학회 (IF: 0.37)"
2131,2022,전기전자공학,984282008,정형근,2,0.0016,0.004454,"[6G/B5G 네트워크 통신 기반의 스마트팩토리 내 자기부상 물류이송시스템의 시간지연 제어기 설계]
   └ 학회: 대한전기학회 (IF: 0.37)
--------------------------------
[루프 형성기법을 이용한 필터보상형 LQ-PID 제어기 설계]
   └ 학회: 대한전기학회 (IF: 0.37)"
2132,2022,전기전자공학,995798506,유재곤,2,0.0016,0.004454,"[수신측 센서를 제거한 이모빌리티 무선충전기의 와전류 손실을 고려한 출력 전압 모델링]
   └ 학회: 대한전기학회 (IF: 0.37)
--------------------------------
[아크 용접기 DC-DC 컨버터용 10kW급 평면 변압기의 설계 및 분석]
   └ 학회: 대한전기학회 (IF: 0.37)"
2133,2022,전기전자공학,171393345,김종수,2,0.0016,0.004454,"[수신측 센서를 제거한 이모빌리티 무선충전기의 와전류 손실을 고려한 출력 전압 모델링]
   └ 학회: 대한전기학회 (IF: 0.37)
--------------------------------
[아크 용접기 DC-DC 컨버터용 10kW급 평면 변압기의 설계 및 분석]
   └ 학회: 대한전기학회 (IF: 0.37)"
2134,2022,전기전자공학,995416715,정성진,1,0.0016,0.004454,"[n-TOPCon 태양전지의 선택적 에미터 형성 기술 분석]
   └ 학회: 대한전기학회 (IF: 0.37)"
2135,2022,전기전자공학,921466113,차예원,1,0.0016,0.004454,"[n-TOPCon 태양전지의 선택적 에미터 형성 기술 분석]
   └ 학회: 대한전기학회 (IF: 0.37)"
2136,2022,전기전자공학,678085678,김성헌,1,0.0016,0.004454,"[n-TOPCon 태양전지의 선택적 에미터 형성 기술 분석]
   └ 학회: 대한전기학회 (IF: 0.37)"
2137,2022,전기전자공학,120519633,김홍래,1,0.0016,0.004454,"[n-TOPCon 태양전지의 선택적 에미터 형성 기술 분석]
   └ 학회: 대한전기학회 (IF: 0.37)"
2138,2022,전기전자공학,473018374,박소민,1,0.0016,0.004454,"[n-TOPCon 태양전지의 선택적 에미터 형성 기술 분석]
   └ 학회: 대한전기학회 (IF: 0.37)"
2139,2022,전기전자공학,738301393,김태용,1,0.0016,0.004454,"[n-TOPCon 태양전지의 선택적 에미터 형성 기술 분석]
   └ 학회: 대한전기학회 (IF: 0.37)"
2140,2022,전기전자공학,480480805,박진주,1,0.0016,0.004454,"[n-TOPCon 태양전지의 선택적 에미터 형성 기술 분석]
   └ 학회: 대한전기학회 (IF: 0.37)"
2141,2022,전기전자공학,426800748,주민규,1,0.0016,0.004454,"[n-TOPCon 태양전지의 선택적 에미터 형성 기술 분석]
   └ 학회: 대한전기학회 (IF: 0.37)"
2142,2022,전기전자공학,897600668,이준신,1,0.0016,0.004454,"[n-TOPCon 태양전지의 선택적 에미터 형성 기술 분석]
   └ 학회: 대한전기학회 (IF: 0.37)"
2143,2022,전기전자공학,471390648,박용준,1,0.0016,0.004454,"[삼상유도전동기 효율의 측정불확도 평가방법 연구]
   └ 학회: 대한전기학회 (IF: 0.37)"
2144,2022,전기전자공학,525764592,정호성,1,0.0016,0.004454,"[전기설비 관점 탄소중립 달성 방안]
   └ 학회: 대한전기학회 (IF: 0.37)"
2145,2022,전기전자공학,165125148,권창오,1,0.0016,0.004454,"[전기설비 관점 탄소중립 달성 방안]
   └ 학회: 대한전기학회 (IF: 0.37)"
2146,2022,전기전자공학,512376371,강동원,1,0.0016,0.004454,"[페롭스카이트 기반의 태양전지 기술동향]
   └ 학회: 대한전기학회 (IF: 0.37)"
2147,2022,전기전자공학,984543918,이상운,11,0.0,0.0,"[최소위험 종목과 비양의 상관관계를 갖는 종목들 분산투자 포트폴리오 최적화]
   └ 학회: 국제인공지능학회 (IF: 0.51)
--------------------------------
[양측 조립라인 균형문제의 병렬군집 알고리즘]
   └ 학회: 국제인공지능학회 (IF: 0.51)
--------------------------------
[부분집합 합 문제의 일반화된 감산 알고리즘]
   └ 학회: 국제인공지능학회 (IF: 0.51)
--------------------------------
[양방향 군집 알고리즘을 적용한 교차혼합 U자형 조립라인 균형문제]
   └ 학회: 국제인공지능학회 (IF: 0.51)
--------------------------------
[랜덤형 2차원 할당문제의 최소 거리-최대 물동량 점진적 증대 매칭 알고리즘]
   └ 학회: 국제인공지능학회 (IF: 0.51)
--------------------------------
[거스름돈 만들기 문제의 정확한 나눗셈 알고리즘]
   └ 학회: 국제인공지능학회 (IF: 0.51)
--------------------------------
[퍼펙트 9 다트 조합의 나눗셈 분기한정 알고리즘]
   └ 학회: 국제인공지능학회 (IF: 0.51)
--------------------------------
[3-분할 문제의 상자 채우기-교환 알고리즘]
   └ 학회: 국제인공지능학회 (IF: 0.51)
--------------------------------
[최대 매칭 문제의 최소차수 정점 간 간선 선택 알고리즘]
   └ 학회: 국제인공지능학회 (IF: 0.51)
--------------------------------
[방향과 무 방향 일반 그래프의 최대 사이클 검출 알고리즘]
   └ 학회: 국제인공지능학회 (IF: 0.51)
--------------------------------
[주기억장치 할당 문제의 블록 채우기 알고리즘]
   └ 학회: 국제인공지능학회 (IF: 0.51)"
2148,2022,전기전자공학,298675878,황민태,8,0.0,0.0,"[Implementation and Performance Evaluation of Package Tour Management Application using Geofence Technology]
   └ 학회: 한국정보통신학회 (IF: 0.55)
--------------------------------
[Prediction of Sea Water Condition Changes using LSTM Algorithm for the Fish Farm]
   └ 학회: 한국정보통신학회 (IF: 0.55)
--------------------------------
[Implementation of Smart Devices and Applications for Monitoring the Load Power of Industrial Manufacturing Machine]
   └ 학회: 한국정보통신학회 (IF: 0.55)
--------------------------------
[Implementation and Performance Evaluation of Environmental Data Monitoring System for the Fish Farm]
   └ 학회: 한국정보통신학회 (IF: 0.55)
--------------------------------
[Design and Implementation of Digital Game-based Contents Management System for Package Tour Application]
   └ 학회: 한국정보통신학회 (IF: 0.55)
--------------------------------
[Implementation of Digital Game-based Learning Feature for Package Tour Management Application]
   └ 학회: 한국정보통신학회 (IF: 0.55)
--------------------------------
[LSTM Model-based Prediction of the Variations in Load Power Data from Industrial Manufacturing Machines]
   └ 학회: 한국정보통신학회JICCE (IF: 0.55)
--------------------------------
[Implementation of Cloud-Based Virtual Laboratory using SOI and CIMP on Virtual Machines]
   └ 학회: 한국정보통신학회JICCE (IF: 0.55)"
2149,2022,전기전자공학,426708151,박용배,8,0.0,0.0,"[입사각 안정성을 갖는 밀리미터파 대역 주파수 선택적 레이돔 설계]
   └ 학회: 한국전자파학회 (IF: 0.45)
--------------------------------
[포물형 방정식을 이용한 레이다 표적 탐지의 굴절에 의한 오차 분석 연구]
   └ 학회: 한국전자파학회 (IF: 0.45)
--------------------------------
[직육면체 구조를 이용한 VHF 대역 CRLH CPW 안테나]
   └ 학회: 한국전자파학회 (IF: 0.45)
--------------------------------
[고해상도 영상 데이터를 전송하는 저궤도 위성의 데이터링크 송수신 안테나 동향 조사]
   └ 학회: 한국전자파학회 (IF: 0.45)
--------------------------------
[발사체 주변환경에 의한 전파산란특성 예측 연구]
   └ 학회: 한국전자파학회 (IF: 0.45)
--------------------------------
[3D 프린터 재료의 유전율 추정을 위한 시간 게이트 자유 공간 측정 신호처리 기법]
   └ 학회: 한국전자파학회 (IF: 0.45)
--------------------------------
[포물형 방정식을 이용한 레이다 안테나 고도각도 보정 연구]
   └ 학회: 한국전자파학회 (IF: 0.45)
--------------------------------
[LBVH 순회를 이용한 거대 도체 구조의 레이다 단면적 분석]
   └ 학회: 한국전자파학회 (IF: 0.45)"
2150,2022,전기전자공학,489200289,추장운,7,0.0,0.0,"[인터넷 구전 정보가 전자상거래 생방송에서 소비자 구매 의도에 미치는 영향]
   └ 학회: 한국멀티미디어학회 (IF: 0.65)
--------------------------------
[전자상거래 생방송에서 IWOM과 구매의도의 관계에서 상호작용의 매개역할]
   └ 학회: 한국멀티미디어학회 (IF: 0.65)
--------------------------------
[소셜 미디어 사용자가 제작한 광고 효과: 정보형과 오락형 동영상 비교를 중심으로]
   └ 학회: 한국멀티미디어학회 (IF: 0.65)
--------------------------------
[전자상거래 생방송에서 IWOM 전보와 구전 의도의 영향: 제품 관여도의 조절 역할]
   └ 학회: 한국멀티미디어학회 (IF: 0.65)
--------------------------------
[공공예술의 기본 특성에 따른 이용자 만족도 영향요인 연구-공항 공공예술을 중심으로]
   └ 학회: 한국멀티미디어학회 (IF: 0.65)
--------------------------------
[전자상거래 생방송에서 IWOM이 소비자 구전 의도에 미치는 영향 연구]
   └ 학회: 한국멀티미디어학회 (IF: 0.65)
--------------------------------
[빅데이터 감성분석에 따른 공항 공공예술 디자인 요소 및 선호도 연구]
   └ 학회: 한국멀티미디어학회 (IF: 0.65)"
2151,2022,전기전자공학,596762914,정진헌,7,0.0,0.0,"[Comparison of the Characteristics of Green Screen and LED Wall in Virtual Production System]
   └ 학회: 국제인공지능학회 (IF: 0.51)
--------------------------------
[A study on the applicability of interactive technology in VR video content production]
   └ 학회: 국제인공지능학회 (IF: 0.51)
--------------------------------
[Research of Character Design in Side-scrolling Horror Puzzle Games]
   └ 학회: 국제인공지능학회 (IF: 0.51)
--------------------------------
[Research of popular success factors of game content <Genshin Impact>]
   └ 학회: 국제인공지능학회 (IF: 0.51)
--------------------------------
[A study on the expansibility of sound-responsive visual art contents]
   └ 학회: 국제인공지능학회 (IF: 0.51)
--------------------------------
[융합미디어 시대에서 전통문화 콘텐츠의 발전방향 연구]
   └ 학회: 국제인공지능학회 (IF: 0.51)
--------------------------------
[3D Printing 기술을 활용한 Digital Craft 융합적 사례 연구]
   └ 학회: 국제인공지능학회 (IF: 0.51)"
2152,2022,전기전자공학,779637394,곽상신,7,0.0,0.0,"[Active Thermal Control Algorithm with Independent Power Control Based on Three-phase Four-wire Converter]
   └ 학회: 대한전기학회 (IF: 0.37)
--------------------------------
[Active Thermal Control Algorithm with Independent Power Control Based on Three-phase Four-wire Converter]
   └ 학회: 대한전기학회 (IF: 0.37)
--------------------------------
[고전계 노화 SiC-MOSFET 소자를 가지는 양방향 DC-DC 컨버터 특성 분석 연구]
   └ 학회: 대한전기학회 (IF: 0.37)
--------------------------------
[노화 가속 실험 기반 전해 커패시터 잔여 유효 수명 예측 연구]
   └ 학회: 대한전기학회 (IF: 0.37)
--------------------------------
[고전계 스트레스상에서 Cascode-GaN-FET 소자의 노화 특성 연구]
   └ 학회: 대한전기학회 (IF: 0.37)
--------------------------------
[Investigations of Impacts of Aged Switching Devices on Performance of Modular Multilevel Converters (MMCs)]
   └ 학회: 대한전기학회 (IF: 0.37)
--------------------------------
[Investigations of Impacts of Aged Switching Devices on Performance of Modular Multilevel Converters (MMCs)]
   └ 학회: 대한전기학회 (IF: 0.37)"
2153,2022,전기전자공학,138342785,정경영,6,0.0,0.0,"[Numerical Modeling of Smartphones with WCDMA, LTE, and WLAN Bands for Epidemiological Studies]
   └ 학회: 한국전자파학회JEES (IF: 0.45)
--------------------------------
[Numerical Accuracy of Finite-Difference Time-Domain Formulations for Magnetized Plasma]
   └ 학회: 한국전자파학회JEES (IF: 0.45)
--------------------------------
[Efficient Finite-Difference Time-Domain Modeling of Time-Varying Dusty Plasma]
   └ 학회: 한국전자파학회JEES (IF: 0.45)
--------------------------------
[Development of a Numerical Tablet Model in WLAN Band for SAR Study]
   └ 학회: 한국전자파학회JEES (IF: 0.45)
--------------------------------
[New Measurement Technique for Complex Permittivity in Millimeter-Wave Band Using Simple Rectangular Waveguide Adapters]
   └ 학회: 한국전자파학회JEES (IF: 0.45)
--------------------------------
[광대역 특성을 갖는 3층형 소형 모노콘 안테나]
   └ 학회: 한국전자파학회 (IF: 0.45)"
2154,2022,전기전자공학,173452777,황면중,5,0.0,0.0,"[선분 분할 탐지를 활용한 마스크 된 이미지 내의 물체 6 자유도 자세 추정]
   └ 학회: 제어로봇시스템학회 (IF: 0.85)
--------------------------------
[과수 수확을 위한 적응형 소프트 그리퍼]
   └ 학회: 제어로봇시스템학회 (IF: 0.85)
--------------------------------
[갈고리를 사용한 줄기 절단으로 과채에 남겨진 줄기 길이를 최소화하는 수확용 엔드이펙터]
   └ 학회: 제어로봇시스템학회 (IF: 0.85)
--------------------------------
[비정형 물체 파지를 위한 적응형 자석 기어 그리퍼]
   └ 학회: 제어로봇시스템학회 (IF: 0.85)
--------------------------------
[세계 AI 로봇 카레이스 대회를 위한 자율 주행 시스템 구현]
   └ 학회: 한국로봇학회(논문지) (IF: 0.57)"
2155,2022,전기전자공학,123644376,최영진,5,0.0,0.0,"[가우시안 프로세스 회귀를 이용한 족저압 중심 궤적 추정]
   └ 학회: 한국로봇학회(논문지) (IF: 0.57)
--------------------------------
[이차 계획법을 활용한 부드러운 궤적 생성 방법]
   └ 학회: 한국로봇학회(논문지) (IF: 0.57)
--------------------------------
[모델 파라미터 없는 쿠프만 연산자 기반의 영구자석 동기전동기의 속도제어]
   └ 학회: 한국로봇학회(논문지) (IF: 0.57)
--------------------------------
[조작자 근육 활성도 기반 양팔 로봇의 임피던스 제어 파라미터 갱신 방법]
   └ 학회: 한국로봇학회(논문지) (IF: 0.57)
--------------------------------
[모바일 매니퓰레이터의 NMPC 기반 장애물 회피 및 전신 모션 플래닝]
   └ 학회: 한국로봇학회(논문지) (IF: 0.57)"
2156,2022,전기전자공학,823559881,Aria Bisma Wahyutama,5,0.0,0.0,"[Implementation and Performance Evaluation of Package Tour Management Application using Geofence Technology]
   └ 학회: 한국정보통신학회 (IF: 0.55)
--------------------------------
[Implementation of Smart Devices and Applications for Monitoring the Load Power of Industrial Manufacturing Machine]
   └ 학회: 한국정보통신학회 (IF: 0.55)
--------------------------------
[Implementation and Performance Evaluation of Environmental Data Monitoring System for the Fish Farm]
   └ 학회: 한국정보통신학회 (IF: 0.55)
--------------------------------
[Design and Implementation of Digital Game-based Contents Management System for Package Tour Application]
   └ 학회: 한국정보통신학회 (IF: 0.55)
--------------------------------
[Implementation of Digital Game-based Learning Feature for Package Tour Management Application]
   └ 학회: 한국정보통신학회 (IF: 0.55)"
2157,2022,전기전자공학,682548708,반태원,5,0.0,0.0,"[셀프리 다중안테나 네트워크를 위한 임계값 기반 사용자 중심 클러스터링]
   └ 학회: 한국정보통신학회 (IF: 0.55)
--------------------------------
[군집 비행을 이용한 불법 드론 추적 기법]
   └ 학회: 한국정보통신학회 (IF: 0.55)
--------------------------------
[배타적 논리합 기반 비디오 스트리밍 시스템의 구현]
   └ 학회: 한국정보통신학회 (IF: 0.55)
--------------------------------
[순환 적대적 생성 신경망을 이용한 안면 교체를 위한 새로운 이미지 처리 기법]
   └ 학회: 한국정보통신학회 (IF: 0.55)
--------------------------------
[셀프리 다중안테나 네트워크에서 하위 성능 사용자를 위한 전력 재할당 기법]
   └ 학회: 한국정보통신학회 (IF: 0.55)"
2158,2022,전기전자공학,436155356,김현철,5,0.0,0.0,"[Predicting Sustainable Personal Protective Equipment (PPE) Purchase Intention after the Pandemic: An Application of Health Belief Model]
   └ 학회: 국제인공지능학회 (IF: 0.51)
--------------------------------
[An Integrated Model for Investigating the Impacts of Telepresence on Cultural Heritage Attachment in Virtual Museum]
   └ 학회: 국제인공지능학회 (IF: 0.51)
--------------------------------
[Exploring Social Experience as Mediator of Shopping Behavior in Live Streaming Commerce]
   └ 학회: 국제인공지능학회 (IF: 0.51)
--------------------------------
[Testing the Mediating Role of Perceived Risk of COVID-19 and the Moderating Role of Age in the Relationship between COVID-19 related Information Sensitivity and Personal Preventive Behaviors]
   └ 학회: 국제인공지능학회 (IF: 0.51)
--------------------------------
[Linking Consumer Needs and Engagement Dimensions with Social Media Brand Pages to Brand Attachment Formation Process]
   └ 학회: 국제인공지능학회 (IF: 0.51)"
2159,2022,전기전자공학,838039768,정슬,4,0.0,0.0,"[관절 공간에서 DSP 기반의 협업 로봇 제어 구현의 튜토리얼]
   └ 학회: 제어로봇시스템학회 (IF: 0.85)
--------------------------------
[드론의 태양광 패널 청소를 위한 접이식 로봇팔 구현]
   └ 학회: 제어로봇시스템학회 (IF: 0.85)
--------------------------------
[재난사고용 유압시스템기반 듀얼 암 매니퓰레이터의 설계에 대한 실험 연구]
   └ 학회: 제어로봇시스템학회 (IF: 0.85)
--------------------------------
[로봇팔의 시간지연 제어기에서 각 가속도 추정에 대한 추종 성능 비교연구]
   └ 학회: 대한전기학회 (IF: 0.37)"
2160,2022,전기전자공학,489185432,김석균,4,0.0,0.0,"[능동댐핑 영-극점 상쇄 BLDC모터 속도 제어기를 위한 경사 하강법 기반 자동 동조 알고리즘 설계]
   └ 학회: 제어로봇시스템학회 (IF: 0.85)
--------------------------------
[능동 댐핑 주입 영-극점 상쇄 기반 DC/DC 강압 컨버터 전압제어]
   └ 학회: 제어로봇시스템학회 (IF: 0.85)
--------------------------------
[서보모터 속도 및 가속도 추정을 위한 모델 독립형 속도 및 가속도 필터링 기술]
   └ 학회: 제어로봇시스템학회 (IF: 0.85)
--------------------------------
[서보 시스템 응용을 위한 능동형 영-극점 상쇄 속도 추종 기술]
   └ 학회: 제어로봇시스템학회 (IF: 0.85)"
2161,2022,전기전자공학,443033097,황미경,4,0.0,0.0,"[시선추적장치(Eye Tracking)를 활용한 인공지능(AI) 창작물과 사람의 창작물에 대한 시지각 비교 연구]
   └ 학회: 한국멀티미디어학회 (IF: 0.65)
--------------------------------
[시선추적장치를 활용한 라면 패키지 디자인의 시각적 요소에 대한 시각적 주의집중도 분석]
   └ 학회: 한국멀티미디어학회 (IF: 0.65)
--------------------------------
[게임 캐릭터의 표면처리와 표현요소가 Uncanny Valley 현상에 미치는 영향에 관한 연구]
   └ 학회: 한국멀티미디어학회 (IF: 0.65)
--------------------------------
[서비스디자인방법론 기반 성범죄 예방을 위한 어플리케이션 설계]
   └ 학회: 한국멀티미디어학회 (IF: 0.65)"
2162,2022,전기전자공학,719573678,권만우,4,0.0,0.0,"[시선추적장치(Eye Tracking)를 활용한 인공지능(AI) 창작물과 사람의 창작물에 대한 시지각 비교 연구]
   └ 학회: 한국멀티미디어학회 (IF: 0.65)
--------------------------------
[시선추적장치를 활용한 라면 패키지 디자인의 시각적 요소에 대한 시각적 주의집중도 분석]
   └ 학회: 한국멀티미디어학회 (IF: 0.65)
--------------------------------
[게임 캐릭터의 표면처리와 표현요소가 Uncanny Valley 현상에 미치는 영향에 관한 연구]
   └ 학회: 한국멀티미디어학회 (IF: 0.65)
--------------------------------
[서비스디자인방법론 기반 성범죄 예방을 위한 어플리케이션 설계]
   └ 학회: 한국멀티미디어학회 (IF: 0.65)"
2163,2022,전기전자공학,619598139,곽호찬,4,0.0,0.0,"[도심 화물열차 운행을 위한 TPS 분석 연구]
   └ 학회: 한국도시철도학회 (IF: 0.64)
--------------------------------
[도시철도 VCTS 운행전략 비교 연구]
   └ 학회: 한국도시철도학회 (IF: 0.64)
--------------------------------
[다기준 의사 결정법 기반 도시철도 가상결합 운행전략 우선순위 평가 연구]
   └ 학회: 한국도시철도학회 (IF: 0.64)
--------------------------------
[도시부 철도 지하화사업의 효율적 추진방안 - 경인선 지하화사업 사례]
   └ 학회: 한국도시철도학회 (IF: 0.64)"
2164,2022,전기전자공학,442676493,최영두,4,0.0,0.0,"[군집 무인수상정 운용을 위한 무선통신 토폴로지 설계 및 구현]
   └ 학회: 한국정보기술학회 (IF: 0.56)
--------------------------------
[웨이블릿 변환을 이용한 FMCW 레이더용 최대 탐지 거리 향상 기법]
   └ 학회: 한국정보기술학회 (IF: 0.56)
--------------------------------
[수상함 수동타스에서 다중경로를 이용한 표적의 위치추정 기법]
   └ 학회: 한국정보기술학회 (IF: 0.56)
--------------------------------
[입자 군집 최적화(PSO) 알고리즘 기반 다층 레이더 흡수 구조체 설계]
   └ 학회: 한국정보전자통신기술학회 (IF: 0.46)"
2165,2022,전기전자공학,732820108,최재욱,4,0.0,0.0,"[EPS 공정의 화재 시뮬레이션을 통한 위험성 분석]
   └ 학회: 한국정보기술학회 (IF: 0.56)
--------------------------------
[근원적인 화재예방을 위한 CHF 적용 가능성 연구]
   └ 학회: 한국정보기술학회 (IF: 0.56)
--------------------------------
[용제도장 공정의 화재 시뮬레이션을 통한 위험성 분석]
   └ 학회: 한국정보기술학회 (IF: 0.56)
--------------------------------
[수소 제거 촉매의 잠수함 수소제거기 적용 가능성 연구]
   └ 학회: 한국정보기술학회 (IF: 0.56)"
2166,2022,전기전자공학,521944785,고일석,4,0.0,0.0,"[Efficient Recurrent Neural Network for Classifying Target and Clutter: Feasibility Simulation of Its Real-Time Clutter Filter for a Weapon Location Radar]
   └ 학회: 한국전자파학회JEES (IF: 0.45)
--------------------------------
[Implementation of Zero-Thickness Impedance Boundary Condition for Method of Moments and Application to Microstrip Antennas]
   └ 학회: 한국전자파학회JEES (IF: 0.45)
--------------------------------
[Time Domain Signal Simulation of Weather Clutter for an Airborne Radar Based on Measured Data]
   └ 학회: 한국전자파학회JEES (IF: 0.45)
--------------------------------
[기상 클러터 효과를 고려한 표면 클러터 반사신호 모노펄스 레이다 공대지 신호 생성]
   └ 학회: 한국전자파학회 (IF: 0.45)"
2167,2022,전기전자공학,546584426,김기철,4,0.0,0.0,"[구형 도파관 기반의 W-대역 8-Way 방사형 전력 결합기]
   └ 학회: 한국전자파학회 (IF: 0.45)
--------------------------------
[W-Band 광대역 저잡음 증폭기 설계]
   └ 학회: 한국전자파학회 (IF: 0.45)
--------------------------------
[W-대역 고출력 증폭기 응용을 위한 E-평면 신호 전이 구조 및 저항성 격막을 이용한 도파관 전력 결합기]
   └ 학회: 한국전자파학회 (IF: 0.45)
--------------------------------
[신호의 시간 지연을 이용한 광대역 위상배열 계산]
   └ 학회: 한국전자파학회 (IF: 0.45)"
2168,2022,전기전자공학,243337113,오경현,4,0.0,0.0,"[부배열 TRM이 적용된 능동위상배열 안테나의 Field of View 분석]
   └ 학회: 한국전자파학회 (IF: 0.45)
--------------------------------
[입사각 안정성을 갖는 밀리미터파 대역 주파수 선택적 레이돔 설계]
   └ 학회: 한국전자파학회 (IF: 0.45)
--------------------------------
[부배열이 적용된 Thinned 위상배열안테나 설계]
   └ 학회: 한국전자파학회 (IF: 0.45)
--------------------------------
[3D 프린터 재료의 유전율 추정을 위한 시간 게이트 자유 공간 측정 신호처리 기법]
   └ 학회: 한국전자파학회 (IF: 0.45)"
2169,2022,전기전자공학,125677705,추호성,4,0.0,0.0,"[Design of S/X-Band Dual-Loop Shared-Aperture 2×2 Array Antenna]
   └ 학회: 한국전자파학회JEES (IF: 0.45)
--------------------------------
[고해상도 영상 데이터를 전송하는 저궤도 위성의 데이터링크 송수신 안테나 동향 조사]
   └ 학회: 한국전자파학회 (IF: 0.45)
--------------------------------
[발사체 주변환경에 의한 전파산란특성 예측 연구]
   └ 학회: 한국전자파학회 (IF: 0.45)
--------------------------------
[Design of a Wideband Printed Patch Dipole Antenna with a Balanced On-Board Feeding Network]
   └ 학회: 한국전자파학회JEES (IF: 0.45)"
2170,2022,전기전자공학,383187711,김기채,4,0.0,0.0,"[Calculation of Normalized Site Attenuation for Calculable Dipole Antennas]
   └ 학회: 한국전자파학회JEES (IF: 0.45)
--------------------------------
[Classification of Transmission Modes through a Narrow Slot in a Thick Conducting Screen]
   └ 학회: 한국전자파학회JEES (IF: 0.45)
--------------------------------
[두 가지 개구구조의 투과 단면적에 대한 일반적인 표현식의 타당성: 단일 공진 개구 구조와 비공진 개구의 유한 주기구조]
   └ 학회: 한국전자파학회 (IF: 0.45)
--------------------------------
[도파관 구조 내에 있는 Bethe의 소형 단일 개구를 통한 투과공진현상과 그러한 소형 개구가 2차원 평면 주기구조를 구성하고 있을 때 관찰되는 투과공진현상]
   └ 학회: 한국전자파학회 (IF: 0.45)"
2171,2022,전기전자공학,385641000,정지훈,4,0.0,0.0,"[복수의 스트링을 포함한 태양광 패널에 적용 가능한 차동 전력 조절기의 조사량 적응형 동작 알고리즘]
   └ 학회: 전력전자학회 (IF: 0.41)
--------------------------------
[수동 전력 비동조화가 가능한 QAB 컨버터의 분석과 설계에 관한 연구]
   └ 학회: 전력전자학회 (IF: 0.41)
--------------------------------
[단독운전 모드 동작에서의 Triple-Active-Bridge 컨버터 제어 기법 및 소신호 모델을 기반으로 한 제어기 설계]
   └ 학회: 전력전자학회 (IF: 0.41)
--------------------------------
[유도 가열 시스템의 실시간 임피던스 계측을 통한 용기의 온도 추정 기법]
   └ 학회: 대한전기학회 (IF: 0.37)"
2172,2022,전기전자공학,808049076,이준석,4,0.0,0.0,"[선형성이 우수한 과변조 기법의 DSP 구현 방법]
   └ 학회: 전력전자학회 (IF: 0.41)
--------------------------------
[단전원 듀얼 인버터의 데드타임으로 인한 영상전류 억제 방법]
   └ 학회: 전력전자학회 (IF: 0.41)
--------------------------------
[유효 무효전력 분리 제어기반의 DPWM을 이용한 플라잉 커패시터 듀얼 인버터 전력 손실 저감 방법]
   └ 학회: 대한전기학회 (IF: 0.37)
--------------------------------
[DPWM 기법을 적용한 비엔나 정류기의 L 필터 설계]
   └ 학회: 대한전기학회 (IF: 0.37)"
2173,2022,전기전자공학,941795634,이주,4,0.0,0.0,"[라인 기동식 릴럭턴스 전동기의 동기화 특성에 관한 연구]
   └ 학회: 대한전기학회 (IF: 0.37)
--------------------------------
[극 슬롯 조합에 따른 영구자석 표면 부착형 동기전동기의 특성 분석 연구]
   └ 학회: 대한전기학회 (IF: 0.37)
--------------------------------
[동일한 토크-속도 성능곡선을 만족하는 철도차량 직접구동용 IPMSM과 마그네틱 기어드 모터의 특성 비교 연구]
   └ 학회: 대한전기학회 (IF: 0.37)
--------------------------------
[유도가열 기술을 활용한 에너지 저감형 분기기 히팅시스템의 유효성 검증]
   └ 학회: 대한전기학회 (IF: 0.37)"
2174,2022,전기전자공학,793905409,좌동경,4,0.0,0.0,"[전방향 모바일 매니퓰레이터의 강인 영상기반 비주얼 서보잉]
   └ 학회: 대한전기학회 (IF: 0.37)
--------------------------------
[비선형 마찰 모델을 고려한 BLDC 모터의 적분 슬라이딩 모드 제어]
   └ 학회: 대한전기학회 (IF: 0.37)
--------------------------------
[인공신경망 기반의 적분 슬라이딩 모드 제어기를 이용한 6자유도 매니퓰레이터의 강인 궤적추종]
   └ 학회: 대한전기학회 (IF: 0.37)
--------------------------------
[쿼드로터 시스템의 강인 추종 제어를 위한 적분 슬라이딩 모드 기반 외란 관측기 및 제어기 설계]
   └ 학회: 대한전기학회 (IF: 0.37)"
2175,2022,전기전자공학,832225535,김준오,4,0.0,0.0,"[전력량계 작업 시 아크플래시 재해 경감방안 연구]
   └ 학회: 대한전기학회 (IF: 0.37)
--------------------------------
[배전계통의 국제 고조파 관리표준 비교]
   └ 학회: 대한전기학회 (IF: 0.37)
--------------------------------
[배전계획용 배전선로 부하예측 모델의 입력변수에 관한 고찰]
   └ 학회: 대한전기학회 (IF: 0.37)
--------------------------------
[오손과 절연체 손상에 의한 폴리머 현수애자 교체기준에 관한 연구]
   └ 학회: 대한전기학회 (IF: 0.37)"
2176,2022,전기전자공학,875003858,김승완,4,0.0,0.0,"[전력량계 작업 시 아크플래시 재해 경감방안 연구]
   └ 학회: 대한전기학회 (IF: 0.37)
--------------------------------
[배전계통의 국제 고조파 관리표준 비교]
   └ 학회: 대한전기학회 (IF: 0.37)
--------------------------------
[배전계획용 배전선로 부하예측 모델의 입력변수에 관한 고찰]
   └ 학회: 대한전기학회 (IF: 0.37)
--------------------------------
[오손과 절연체 손상에 의한 폴리머 현수애자 교체기준에 관한 연구]
   └ 학회: 대한전기학회 (IF: 0.37)"
2177,2022,전기전자공학,593602207,임동국,3,0.0,0.0,"[방향성 강판을 적용한 로봇 관절용 표면 부착형 영구자석 동기전동기의 설계]
   └ 학회: 제어로봇시스템학회 (IF: 0.85)
--------------------------------
[전동휠체어 구동용 표면 부착형 영구자석 동기전동기 최적 설계]
   └ 학회: 제어로봇시스템학회 (IF: 0.85)
--------------------------------
[방향성 강판을 적용한 전기자동차용 매입형 영구자석 동기전동기 설계]
   └ 학회: 대한전기학회 (IF: 0.37)"
2178,2022,전기전자공학,170906104,황성수,3,0.0,0.0,"[모형 차량에서의 영상센서와 초음파센서를 활용한 자율 발렛 주차 궤적 수정]
   └ 학회: 제어로봇시스템학회 (IF: 0.85)
--------------------------------
[Camera Switching 및 차량의 주행 방향을 활용한 자율 발렛 주차]
   └ 학회: 제어로봇시스템학회 (IF: 0.85)
--------------------------------
[O2RB 피처를 활용한 어안렌즈용 Visual-SLAM]
   └ 학회: 제어로봇시스템학회 (IF: 0.85)"
2179,2022,전기전자공학,160582240,변승재,3,0.0,0.0,"[갈고리를 사용한 줄기 절단으로 과채에 남겨진 줄기 길이를 최소화하는 수확용 엔드이펙터]
   └ 학회: 제어로봇시스템학회 (IF: 0.85)
--------------------------------
[비정형 물체 파지를 위한 적응형 자석 기어 그리퍼]
   └ 학회: 제어로봇시스템학회 (IF: 0.85)
--------------------------------
[세계 AI 로봇 카레이스 대회를 위한 자율 주행 시스템 구현]
   └ 학회: 한국로봇학회(논문지) (IF: 0.57)"
2180,2022,전기전자공학,129783547,김민성,3,0.0,0.0,"[LNG 저장탱크용 작업안전 환경 센싱 모듈의 특성 연구]
   └ 학회: 한국멀티미디어학회 (IF: 0.65)
--------------------------------
[주파수 출력 제어 최적화를 통한 고강도 집속 초음파 피부치료 시스템 개발 연구]
   └ 학회: 한국멀티미디어학회 (IF: 0.65)
--------------------------------
[멀티주파수 초음파를 사용하는 피부 치료기기 트랜스듀서의 효율적인 주파수 제어 연구]
   └ 학회: 한국멀티미디어학회 (IF: 0.65)"
2181,2022,전기전자공학,591072469,이병문,3,0.0,0.0,"[BLE 네트워크에서 무결성 침해 중간자 공격에 대한 대응기법]
   └ 학회: 한국멀티미디어학회 (IF: 0.65)
--------------------------------
[9축센서 기반의 도로시설물 충돌감지 알고리즘]
   └ 학회: 한국멀티미디어학회 (IF: 0.65)
--------------------------------
[출입문 보안을 위한 블록체인 기반의 출입코드키 검증 서비스 모델]
   └ 학회: 한국멀티미디어학회 (IF: 0.65)"
2182,2022,전기전자공학,360181500,박민희,3,0.0,0.0,"[시선추적장치(Eye Tracking)를 활용한 인공지능(AI) 창작물과 사람의 창작물에 대한 시지각 비교 연구]
   └ 학회: 한국멀티미디어학회 (IF: 0.65)
--------------------------------
[시선추적장치를 활용한 라면 패키지 디자인의 시각적 요소에 대한 시각적 주의집중도 분석]
   └ 학회: 한국멀티미디어학회 (IF: 0.65)
--------------------------------
[서비스디자인방법론 기반 성범죄 예방을 위한 어플리케이션 설계]
   └ 학회: 한국멀티미디어학회 (IF: 0.65)"
2183,2022,전기전자공학,263823776,박채은,3,0.0,0.0,"[모바일 기반의 ‘근감소증’ 예측 및 모니터링 시스템 설계 및 구현]
   └ 학회: 한국멀티미디어학회 (IF: 0.65)
--------------------------------
[폐경기 여성을 대상으로 제공하는 디지털 기반 운동 치료: 서비스 디자인 제안]
   └ 학회: 한국멀티미디어학회 (IF: 0.65)
--------------------------------
[중년 여성의 근감소증 치료를 위한 운동 모바일 애플리케이션 개발]
   └ 학회: 한국멀티미디어학회 (IF: 0.65)"
2184,2022,전기전자공학,490923763,서석교,3,0.0,0.0,"[모바일 기반의 ‘근감소증’ 예측 및 모니터링 시스템 설계 및 구현]
   └ 학회: 한국멀티미디어학회 (IF: 0.65)
--------------------------------
[폐경기 여성을 대상으로 제공하는 디지털 기반 운동 치료: 서비스 디자인 제안]
   └ 학회: 한국멀티미디어학회 (IF: 0.65)
--------------------------------
[중년 여성의 근감소증 치료를 위한 운동 모바일 애플리케이션 개발]
   └ 학회: 한국멀티미디어학회 (IF: 0.65)"
2185,2022,전기전자공학,638617721,전용관,3,0.0,0.0,"[모바일 기반의 ‘근감소증’ 예측 및 모니터링 시스템 설계 및 구현]
   └ 학회: 한국멀티미디어학회 (IF: 0.65)
--------------------------------
[폐경기 여성을 대상으로 제공하는 디지털 기반 운동 치료: 서비스 디자인 제안]
   └ 학회: 한국멀티미디어학회 (IF: 0.65)
--------------------------------
[중년 여성의 근감소증 치료를 위한 운동 모바일 애플리케이션 개발]
   └ 학회: 한국멀티미디어학회 (IF: 0.65)"
2186,2022,전기전자공학,223154450,김진우,3,0.0,0.0,"[모바일 기반의 ‘근감소증’ 예측 및 모니터링 시스템 설계 및 구현]
   └ 학회: 한국멀티미디어학회 (IF: 0.65)
--------------------------------
[폐경기 여성을 대상으로 제공하는 디지털 기반 운동 치료: 서비스 디자인 제안]
   └ 학회: 한국멀티미디어학회 (IF: 0.65)
--------------------------------
[중년 여성의 근감소증 치료를 위한 운동 모바일 애플리케이션 개발]
   └ 학회: 한국멀티미디어학회 (IF: 0.65)"
2187,2022,전기전자공학,418938793,임순범,3,0.0,0.0,"[감정 기반 키워드 속성값 산출에 따른 글꼴 추천 서비스]
   └ 학회: 한국멀티미디어학회 (IF: 0.65)
--------------------------------
[글꼴 유사도 판단을 위한 한글 형태소의 글자 크기별 영향력 검증 및 분석]
   └ 학회: 한국멀티미디어학회 (IF: 0.65)
--------------------------------
[날씨에 따른 한글 폰트 윤곽선 벡터 변형 알고리즘]
   └ 학회: 한국멀티미디어학회 (IF: 0.65)"
2188,2022,전기전자공학,298867602,장온,3,0.0,0.0,"[공공예술의 기본 특성에 따른 이용자 만족도 영향요인 연구-공항 공공예술을 중심으로]
   └ 학회: 한국멀티미디어학회 (IF: 0.65)
--------------------------------
[전자상거래 생방송에서 IWOM이 소비자 구전 의도에 미치는 영향 연구]
   └ 학회: 한국멀티미디어학회 (IF: 0.65)
--------------------------------
[빅데이터 감성분석에 따른 공항 공공예술 디자인 요소 및 선호도 연구]
   └ 학회: 한국멀티미디어학회 (IF: 0.65)"
2189,2022,전기전자공학,445287969,유경한,3,0.0,0.0,"[라이브 커머스의 사회적 시청이 시청 만족도에 미치는 영향 -사회적 실재감의 매개 효과를 중심으로-]
   └ 학회: 한국멀티미디어학회 (IF: 0.65)
--------------------------------
[모바일 분노조절훈련 애플리케이션의 사용성 평가 연구]
   └ 학회: 한국멀티미디어학회 (IF: 0.65)
--------------------------------
[숏폼 콘텐츠의 형식적, 내용적 특성이 이용자 반응에 미치는 영향 - 틱톡 뉴스를 중심으로 -]
   └ 학회: 한국멀티미디어학회 (IF: 0.65)"
2190,2022,전기전자공학,479788688,오석문,3,0.0,0.0,"[도심 화물열차 운행을 위한 TPS 분석 연구]
   └ 학회: 한국도시철도학회 (IF: 0.64)
--------------------------------
[도시철도 VCTS 운행전략 비교 연구]
   └ 학회: 한국도시철도학회 (IF: 0.64)
--------------------------------
[다기준 의사 결정법 기반 도시철도 가상결합 운행전략 우선순위 평가 연구]
   └ 학회: 한국도시철도학회 (IF: 0.64)"
2191,2022,전기전자공학,964746275,황보작,3,0.0,0.0,"[도시철도 기관사의 근무태도와 휴먼에러가 철도준사고 경험에 미치는 영향에 관한 연구]
   └ 학회: 한국도시철도학회 (IF: 0.64)
--------------------------------
[도시철도운전관련 종사자의 안전행동에 미치는 영향요인에 관한 연구]
   └ 학회: 한국도시철도학회 (IF: 0.64)
--------------------------------
[도시철도 기관사의 직무스트레스가 안전책임 마인드 및 직무수행, 안전행동에 미치는 영향]
   └ 학회: 한국도시철도학회 (IF: 0.64)"
2192,2022,전기전자공학,124170151,진성호,3,0.0,0.0,"[선박 위 착륙을 위한 임피던스 제어기반 쿼드콥터 족형 랜딩플랫폼 제어 전략]
   └ 학회: 한국로봇학회(논문지) (IF: 0.57)
--------------------------------
[저가 Redundant Manipulator의 최적 경로 생성을 위한 Deep Deterministic Policy Gradient(DDPG) 학습]
   └ 학회: 한국로봇학회(논문지) (IF: 0.57)
--------------------------------
[탁구 로봇을 위한 빠른 자세 분류 시스템 개발]
   └ 학회: 한국로봇학회(논문지) (IF: 0.57)"
2193,2022,전기전자공학,841793663,이인호,3,0.0,0.0,"[선박 위 착륙을 위한 임피던스 제어기반 쿼드콥터 족형 랜딩플랫폼 제어 전략]
   └ 학회: 한국로봇학회(논문지) (IF: 0.57)
--------------------------------
[저가 Redundant Manipulator의 최적 경로 생성을 위한 Deep Deterministic Policy Gradient(DDPG) 학습]
   └ 학회: 한국로봇학회(논문지) (IF: 0.57)
--------------------------------
[탁구 로봇을 위한 빠른 자세 분류 시스템 개발]
   └ 학회: 한국로봇학회(논문지) (IF: 0.57)"
2194,2022,전기전자공학,615785061,방요한,3,0.0,0.0,"[A New E-Plane T-Junction Waveguide Power Divider Employing a Dielectric Insert]
   └ 학회: 한국정보기술학회 (IF: 0.56)
--------------------------------
[A Method for Improving the Radiation Pattern of a Printed Sleeve Dipole Antenna Installed on a Portable Device]
   └ 학회: 한국정보기술학회 (IF: 0.56)
--------------------------------
[Full Waveguide-band E-plane Power Divider with High Output Power Ratio]
   └ 학회: 한국정보기술학회 (IF: 0.56)"
2195,2022,전기전자공학,104504093,Bierng-Chearl Ahn,3,0.0,0.0,"[A New E-Plane T-Junction Waveguide Power Divider Employing a Dielectric Insert]
   └ 학회: 한국정보기술학회 (IF: 0.56)
--------------------------------
[A Method for Improving the Radiation Pattern of a Printed Sleeve Dipole Antenna Installed on a Portable Device]
   └ 학회: 한국정보기술학회 (IF: 0.56)
--------------------------------
[Full Waveguide-band E-plane Power Divider with High Output Power Ratio]
   └ 학회: 한국정보기술학회 (IF: 0.56)"
2196,2022,전기전자공학,903733014,윤동원,3,0.0,0.0,"[순환 주파수 추정을 통한 직접 시퀀스 대역 확산 신호 탐지 알고리즘 복잡도 저감]
   └ 학회: 한국정보기술학회 (IF: 0.56)
--------------------------------
[전자기스펙트럼 작전과 신호정보 발전방향]
   └ 학회: 한국전자파학회 (IF: 0.45)
--------------------------------
[퍼블릭 클라우드 기반 셀프 밸런싱 로봇 네트워크 제어 시스템]
   └ 학회: 대한전기학회 (IF: 0.37)"
2197,2022,전기전자공학,748910,한상민,3,0.0,0.0,"[골판지를 이용한 마이크로파 브랜치 라인 커플러 설계]
   └ 학회: 한국정보기술학회 (IF: 0.56)
--------------------------------
[CPW 전송선로에 대한 전자기적 시뮬레이션에서 단자 영역에 대한 고찰]
   └ 학회: 한국정보기술학회 (IF: 0.56)
--------------------------------
[공진 방사체 임피던스 측정을 이용한 고효율 안테나 회로 설계 연구]
   └ 학회: 대한전기학회 (IF: 0.37)"
2198,2022,전기전자공학,857322819,안달,3,0.0,0.0,"[골판지를 이용한 마이크로파 브랜치 라인 커플러 설계]
   └ 학회: 한국정보기술학회 (IF: 0.56)
--------------------------------
[CPW 전송선로에 대한 전자기적 시뮬레이션에서 단자 영역에 대한 고찰]
   └ 학회: 한국정보기술학회 (IF: 0.56)
--------------------------------
[A Wideband Doherty Combiner with Phase Variation Compensation Using LTCC Applicable for High Power Transmission]
   └ 학회: 한국전자파학회JEES (IF: 0.45)"
2199,2022,전기전자공학,259104663,이인식,3,0.0,0.0,"[EPS 공정의 화재 시뮬레이션을 통한 위험성 분석]
   └ 학회: 한국정보기술학회 (IF: 0.56)
--------------------------------
[용제도장 공정의 화재 시뮬레이션을 통한 위험성 분석]
   └ 학회: 한국정보기술학회 (IF: 0.56)
--------------------------------
[수소 제거 촉매의 잠수함 수소제거기 적용 가능성 연구]
   └ 학회: 한국정보기술학회 (IF: 0.56)"
2200,2022,전기전자공학,494702413,김영희,3,0.0,0.0,"[EPS 공정의 화재 시뮬레이션을 통한 위험성 분석]
   └ 학회: 한국정보기술학회 (IF: 0.56)
--------------------------------
[근원적인 화재예방을 위한 CHF 적용 가능성 연구]
   └ 학회: 한국정보기술학회 (IF: 0.56)
--------------------------------
[수소 제거 촉매의 잠수함 수소제거기 적용 가능성 연구]
   └ 학회: 한국정보기술학회 (IF: 0.56)"
2201,2022,전기전자공학,923430094,이웅섭,3,0.0,0.0,"[셀프리 다중안테나 네트워크를 위한 임계값 기반 사용자 중심 클러스터링]
   └ 학회: 한국정보통신학회 (IF: 0.55)
--------------------------------
[재귀 신경망에 기반을 둔 트래픽 부하 예측을 이용한 적응적 안테나 뮤팅]
   └ 학회: 한국정보통신학회 (IF: 0.55)
--------------------------------
[셀프리 다중안테나 네트워크에서 하위 성능 사용자를 위한 전력 재할당 기법]
   └ 학회: 한국정보통신학회 (IF: 0.55)"
2202,2022,전기전자공학,292004264,이연식,3,0.0,0.0,"[FEC 환경에서 효율적 자원 배치를 위한 엣지 디바이스의 최적 이동패턴 추출]
   └ 학회: 한국정보통신학회 (IF: 0.55)
--------------------------------
[빈발도와 가중치를 적용한 엣지 디바이스의 최적 이동패턴 추출]
   └ 학회: 한국정보통신학회 (IF: 0.55)
--------------------------------
[FEC 환경에서 다중 분기구조의 부분 오프로딩 시스템]
   └ 학회: 한국정보통신학회 (IF: 0.55)"
2203,2022,전기전자공학,252867046,장민석,3,0.0,0.0,"[FEC 환경에서 효율적 자원 배치를 위한 엣지 디바이스의 최적 이동패턴 추출]
   └ 학회: 한국정보통신학회 (IF: 0.55)
--------------------------------
[빈발도와 가중치를 적용한 엣지 디바이스의 최적 이동패턴 추출]
   └ 학회: 한국정보통신학회 (IF: 0.55)
--------------------------------
[FEC 환경에서 다중 분기구조의 부분 오프로딩 시스템]
   └ 학회: 한국정보통신학회 (IF: 0.55)"
2204,2022,전기전자공학,472286863,천봉원,3,0.0,0.0,"[AWGN 환경에서 가우시안 분포 기반의 퍼지 가중치를 사용한 스위칭 필터 알고리즘]
   └ 학회: 한국정보통신학회 (IF: 0.55)
--------------------------------
[임펄스 잡음 제거를 위한 부분 마스크와 라그랑지 보간법에 기반한 필터 알고리즘]
   └ 학회: 한국정보통신학회 (IF: 0.55)
--------------------------------
[고밀도 임펄스 잡음에 훼손된 영상 복원을 위한 적응형 가중치 필터 알고리즘]
   └ 학회: 한국정보통신학회 (IF: 0.55)"
2205,2022,전기전자공학,564448329,신경욱,3,0.0,0.0,"[NIST P-521 타원곡선을 지원하는 고성능 ECC 프로세서]
   └ 학회: 한국정보통신학회 (IF: 0.55)
--------------------------------
[ECDSA 하드웨어 가속기가 내장된 보안 SoC]
   └ 학회: 한국정보통신학회 (IF: 0.55)
--------------------------------
[이진 에드워즈 곡선 암호를 위한 점 스칼라 곱셈기 설계]
   └ 학회: 한국정보통신학회 (IF: 0.55)"
2206,2022,전기전자공학,162468677,김광백,3,0.0,0.0,"[형태학적 특징을 이용한 초음파 영상에서의 자동 전립선 분할]
   └ 학회: 한국정보통신학회 (IF: 0.55)
--------------------------------
[홉필드 네트워크와 퍼지 Max-Min 신경망을 이용한 손상된 교통 표지판 인식]
   └ 학회: 한국정보통신학회 (IF: 0.55)
--------------------------------
[Performance Evaluation of Pixel Clustering Approaches for Automatic Detection of Small Bowel Obstruction from Abdominal Radiographs]
   └ 학회: 한국정보통신학회JICCE (IF: 0.55)"
2207,2022,전기전자공학,167382194,정수목,3,0.0,0.0,"[Data Hiding Technique using the Characteristics of Neighboring Pixels and Encryption Techniques]
   └ 학회: 국제인공지능학회 (IF: 0.51)
--------------------------------
[Multi-encryption Watermarking Technique using Color Image Pixels]
   └ 학회: 국제인공지능학회 (IF: 0.51)
--------------------------------
[삼중 암호화 기법을 적용한 가역 데이터 은닉기법]
   └ 학회: 한국정보전자통신기술학회 (IF: 0.46)"
2208,2022,전기전자공학,648842444,홍경완,3,0.0,0.0,"[An Integrated Model for Investigating the Impacts of Telepresence on Cultural Heritage Attachment in Virtual Museum]
   └ 학회: 국제인공지능학회 (IF: 0.51)
--------------------------------
[Testing the Mediating Role of Perceived Risk of COVID-19 and the Moderating Role of Age in the Relationship between COVID-19 related Information Sensitivity and Personal Preventive Behaviors]
   └ 학회: 국제인공지능학회 (IF: 0.51)
--------------------------------
[Linking Consumer Needs and Engagement Dimensions with Social Media Brand Pages to Brand Attachment Formation Process]
   └ 학회: 국제인공지능학회 (IF: 0.51)"
2209,2022,전기전자공학,791601554,박재민,3,0.0,0.0,"[On the Supplementary Study on DSM-Based Interface Requirements through Analysis of the Operation Scenario of the Urban Subway Logistics System]
   └ 학회: 국제인공지능학회 (IF: 0.51)
--------------------------------
[Model-based Analysis of Urban Community Logistics Courier Terminal System using Vacant Space]
   └ 학회: 국제인공지능학회 (IF: 0.51)
--------------------------------
[On the Untact ICT based New Concept Storage Device Design by Interworking SysML and CAD Data to Improve the Development Efficiency]
   └ 학회: 국제인공지능학회 (IF: 0.51)"
2210,2022,전기전자공학,109103852,조경운,3,0.0,0.0,"[Optimality of Interval Caching Policies in Multimedia Streaming Systems]
   └ 학회: 국제인공지능학회 (IF: 0.51)
--------------------------------
[Version-Aware Cooperative Caching for Multi-Node Rendering]
   └ 학회: 국제인공지능학회 (IF: 0.51)
--------------------------------
[다중 워크로드 환경을 위한 GPGPU 스레드 블록 스케줄링]
   └ 학회: 국제인공지능학회 (IF: 0.51)"
2211,2022,전기전자공학,386236208,도준호,3,0.0,0.0,"[OTT 서비스 진화와 유료방송 생태계 변화]
   └ 학회: 국제인공지능학회 (IF: 0.51)
--------------------------------
[망 중립성 하에서 망 이용대가 개선에 대한 연구]
   └ 학회: 국제인공지능학회 (IF: 0.51)
--------------------------------
[OTT 도입의 규제 기준과 근거에 대한 연구]
   └ 학회: 국제인공지능학회 (IF: 0.51)"
2212,2022,전기전자공학,107354561,정성인,3,0.0,0.0,"[가변 히스테리시스 전류제어 모델링을 통한 SRM 구동특성]
   └ 학회: 국제인공지능학회 (IF: 0.51)
--------------------------------
[디지털 방사선 검사장치(DR)의 AC 서보 시스템 설계]
   └ 학회: 국제인공지능학회 (IF: 0.51)
--------------------------------
[반도체 변압기 및 스위치드 릴럭턴스 전동기(SRM)를 적용한 철도차량 추진제어]
   └ 학회: 국제인공지능학회 (IF: 0.51)"
2213,2022,전기전자공학,605293615,인치호,3,0.0,0.0,"[회귀 매니폴드 3-D PCA 기반 새로운 이미지 분석 방법]
   └ 학회: 국제인공지능학회 (IF: 0.51)
--------------------------------
[K-means와 Sobel-mask 윤곽선 검출 기법을 이용한 미세먼지 측정 방법]
   └ 학회: 국제인공지능학회 (IF: 0.51)
--------------------------------
[LoG 윤곽선 검출 기법을 적용한 새로운 미세먼지 측정 방법 설계]
   └ 학회: 국제인공지능학회 (IF: 0.51)"
2214,2022,전기전자공학,465050836,양종렬,3,0.0,0.0,"[Double Split-Ring Resonator for Dielectric Constant Measurement of Solids and Liquids]
   └ 학회: 한국전자파학회JEES (IF: 0.45)
--------------------------------
[5.8-GHz Patch Antenna with an Enhanced Defected Ground Structure for Size Reduction and Increased Bandwidth]
   └ 학회: 한국전자파학회JEES (IF: 0.45)
--------------------------------
[Frequency Discrimination Method Using Asymmetric Transmission Time in FSK Radar]
   └ 학회: 한국전자파학회JEES (IF: 0.45)"
2215,2022,전기전자공학,142243704,정태용,3,0.0,0.0,"[부배열 TRM이 적용된 능동위상배열 안테나의 Field of View 분석]
   └ 학회: 한국전자파학회 (IF: 0.45)
--------------------------------
[부배열이 적용된 Thinned 위상배열안테나 설계]
   └ 학회: 한국전자파학회 (IF: 0.45)
--------------------------------
[고차 고조파 방사가 억제된 능동위상배열안테나 설계]
   └ 학회: 한국전자파학회 (IF: 0.45)"
2216,2022,전기전자공학,162284926,황금철,3,0.0,0.0,"[부배열 TRM이 적용된 능동위상배열 안테나의 Field of View 분석]
   └ 학회: 한국전자파학회 (IF: 0.45)
--------------------------------
[부배열이 적용된 Thinned 위상배열안테나 설계]
   └ 학회: 한국전자파학회 (IF: 0.45)
--------------------------------
[고차 고조파 방사가 억제된 능동위상배열안테나 설계]
   └ 학회: 한국전자파학회 (IF: 0.45)"
2217,2022,전기전자공학,267266681,Jeahoon Cho,3,0.0,0.0,"[Numerical Accuracy of Finite-Difference Time-Domain Formulations for Magnetized Plasma]
   └ 학회: 한국전자파학회JEES (IF: 0.45)
--------------------------------
[Efficient Finite-Difference Time-Domain Modeling of Time-Varying Dusty Plasma]
   └ 학회: 한국전자파학회JEES (IF: 0.45)
--------------------------------
[New Measurement Technique for Complex Permittivity in Millimeter-Wave Band Using Simple Rectangular Waveguide Adapters]
   └ 학회: 한국전자파학회JEES (IF: 0.45)"
2218,2022,전기전자공학,743696263,윤대영,3,0.0,0.0,"[입사각 안정성을 갖는 밀리미터파 대역 주파수 선택적 레이돔 설계]
   └ 학회: 한국전자파학회 (IF: 0.45)
--------------------------------
[3D 프린터 재료의 유전율 추정을 위한 시간 게이트 자유 공간 측정 신호처리 기법]
   └ 학회: 한국전자파학회 (IF: 0.45)
--------------------------------
[LBVH 순회를 이용한 거대 도체 구조의 레이다 단면적 분석]
   └ 학회: 한국전자파학회 (IF: 0.45)"
2219,2022,전기전자공학,385576604,조영기,3,0.0,0.0,"[Classification of Transmission Modes through a Narrow Slot in a Thick Conducting Screen]
   └ 학회: 한국전자파학회JEES (IF: 0.45)
--------------------------------
[두 가지 개구구조의 투과 단면적에 대한 일반적인 표현식의 타당성: 단일 공진 개구 구조와 비공진 개구의 유한 주기구조]
   └ 학회: 한국전자파학회 (IF: 0.45)
--------------------------------
[도파관 구조 내에 있는 Bethe의 소형 단일 개구를 통한 투과공진현상과 그러한 소형 개구가 2차원 평면 주기구조를 구성하고 있을 때 관찰되는 투과공진현상]
   └ 학회: 한국전자파학회 (IF: 0.45)"
2220,2022,전기전자공학,641014800,최세완,3,0.0,0.0,"[150kW급 수소연료전지 차량용 DC/DC 컨버터 개발 및 실차모사 실험]
   └ 학회: 전력전자학회 (IF: 0.41)
--------------------------------
[급속충전기용 파워 모듈을 위한 단일단 AC-DC 컨버터]
   └ 학회: 전력전자학회 (IF: 0.41)
--------------------------------
[Positive Feedback을 이용한 무효전력 P&O 단독운전 검출기법]
   └ 학회: 전력전자학회 (IF: 0.41)"
2221,2022,전기전자공학,208704312,김학원,3,0.0,0.0,"[출력 커패시터가 없는 위상천이 풀브릿지 컨버터의 전류 전향 보상을 이용한 출력 전압 제어 기법]
   └ 학회: 전력전자학회 (IF: 0.41)
--------------------------------
[인터리브드 PWM 방식의 6상 영구자석 동기전동기 전류 맥동 및 토크 맥동 분석]
   └ 학회: 전력전자학회 (IF: 0.41)
--------------------------------
[넓은 입출력 전압을 위한 LLC 공진형 컨버터의 풀 브리지-하프 브리지 모드 변환 기법 연구]
   └ 학회: 전력전자학회 (IF: 0.41)"
2222,2022,전기전자공학,971712018,조관열,3,0.0,0.0,"[출력 커패시터가 없는 위상천이 풀브릿지 컨버터의 전류 전향 보상을 이용한 출력 전압 제어 기법]
   └ 학회: 전력전자학회 (IF: 0.41)
--------------------------------
[인터리브드 PWM 방식의 6상 영구자석 동기전동기 전류 맥동 및 토크 맥동 분석]
   └ 학회: 전력전자학회 (IF: 0.41)
--------------------------------
[넓은 입출력 전압을 위한 LLC 공진형 컨버터의 풀 브리지-하프 브리지 모드 변환 기법 연구]
   └ 학회: 전력전자학회 (IF: 0.41)"
2223,2022,전기전자공학,736886001,강정원,3,0.0,0.0,"[출력 커패시터가 없는 위상천이 풀브릿지 컨버터의 전류 전향 보상을 이용한 출력 전압 제어 기법]
   └ 학회: 전력전자학회 (IF: 0.41)
--------------------------------
[넓은 입출력 전압을 위한 LLC 공진형 컨버터의 풀 브리지-하프 브리지 모드 변환 기법 연구]
   └ 학회: 전력전자학회 (IF: 0.41)
--------------------------------
[교류전기철도 급전계통에서 고조파 공진 확대에 따른 R-C Bank의 저감 효과 분석]
   └ 학회: 대한전기학회 (IF: 0.37)"
2224,2022,전기전자공학,231904890,이주아,3,0.0,0.0,"[전기자동차용 유·무선 통합 충전을 고려한 무선 충전 시스템의 두 가지 제어 방식에 따른 효율 비교·분석]
   └ 학회: 전력전자학회 (IF: 0.41)
--------------------------------
[전기자동차용 유·무선 통합 충전 시스템의 고효율 동작을 위한 권선비 가변형 LLC 컨버터 설계 및 제어 방안]
   └ 학회: 전력전자학회 (IF: 0.41)
--------------------------------
[전기자동차 무선 충전용 수신패드 식별코일의 형상 설계 및 운용 방안]
   └ 학회: 전력전자학회 (IF: 0.41)"
2225,2022,전기전자공학,324858303,심동현,3,0.0,0.0,"[전기자동차용 유·무선 통합 충전을 고려한 무선 충전 시스템의 두 가지 제어 방식에 따른 효율 비교·분석]
   └ 학회: 전력전자학회 (IF: 0.41)
--------------------------------
[전기자동차용 유·무선 통합 충전 시스템의 고효율 동작을 위한 권선비 가변형 LLC 컨버터 설계 및 제어 방안]
   └ 학회: 전력전자학회 (IF: 0.41)
--------------------------------
[전기자동차 무선 충전용 수신패드 식별코일의 형상 설계 및 운용 방안]
   └ 학회: 전력전자학회 (IF: 0.41)"
2226,2022,전기전자공학,962025272,손원진,3,0.0,0.0,"[전기자동차용 유·무선 통합 충전을 고려한 무선 충전 시스템의 두 가지 제어 방식에 따른 효율 비교·분석]
   └ 학회: 전력전자학회 (IF: 0.41)
--------------------------------
[전기자동차용 유·무선 통합 충전 시스템의 고효율 동작을 위한 권선비 가변형 LLC 컨버터 설계 및 제어 방안]
   └ 학회: 전력전자학회 (IF: 0.41)
--------------------------------
[전기자동차 무선 충전용 수신패드 식별코일의 형상 설계 및 운용 방안]
   └ 학회: 전력전자학회 (IF: 0.41)"
2227,2022,전기전자공학,499148051,이두희,3,0.0,0.0,"[안정적 전력계통의 운영을 위한 유연성 지수의 분석 및 개선]
   └ 학회: 대한전기학회 (IF: 0.37)
--------------------------------
[신뢰도지표를 활용한 신 가치기반신뢰도평가 (VBDRA) 기반의 배전 설비 투자 선택 방안 연구]
   └ 학회: 대한전기학회 (IF: 0.37)
--------------------------------
[입력 데이터 전처리 과정을 통한 태양광 발전량 예측 모델 성능 향상]
   └ 학회: 대한전기학회 (IF: 0.37)"
2228,2022,전기전자공학,267362731,최종기,3,0.0,0.0,"[접지시스템 최적 설계 사례 연구]
   └ 학회: 대한전기학회 (IF: 0.37)
--------------------------------
[ABCD 파라미터를 활용한 PT의 고주파 전달특성 측정 및 분석]
   └ 학회: 대한전기학회 (IF: 0.37)
--------------------------------
[접지망에서의 과도 전위 변동으로 인한 2차 케이블의 전압변동 예측을 위한 등가 회로모델 개발에 대한 연구]
   └ 학회: 대한전기학회 (IF: 0.37)"
2229,2022,전기전자공학,994736523,신정훈,3,0.0,0.0,"[접지시스템 최적 설계 사례 연구]
   └ 학회: 대한전기학회 (IF: 0.37)
--------------------------------
[탄소중립 미래 전력망]
   └ 학회: 대한전기학회 (IF: 0.37)
--------------------------------
[동해안 지역 재생에너지원 접속에 따른 과도안정도 여유 분석 및 발전제약 산정 연구]
   └ 학회: 대한전기학회 (IF: 0.37)"
2230,2022,전기전자공학,599186543,김형철,3,0.0,0.0,"[오프셋 전압 인가 방식의 펄스 크기 변조 풀브릿지 다이오드 클램프 3레벨 LLC 공진형 컨버터]
   └ 학회: 대한전기학회 (IF: 0.37)
--------------------------------
[가상운영 시뮬레이터를 활용한 철도차량 보조전원장치 신뢰성 입증]
   └ 학회: 대한전기학회 (IF: 0.37)
--------------------------------
[철도 전력계통 불평형 보상을 위한 지그재그 변압기 개발]
   └ 학회: 대한전기학회 (IF: 0.37)"
2231,2022,전기전자공학,791847246,류지열,2,0.0,0.0,"[Design of Low-Power Variable Gain Amplifier]
   └ 학회: 제어로봇시스템학회 (IF: 0.85)
--------------------------------
[Development of a High-Linearity Low-Power 24-GHz Low Noise Amplifier]
   └ 학회: 제어로봇시스템학회 (IF: 0.85)"
2232,2022,전기전자공학,476085029,김동현,2,0.0,0.0,"[단일소자 기반 집속 초음파의 집속점 위치 변경이 가능한 워터백 시스템 개발]
   └ 학회: 제어로봇시스템학회 (IF: 0.85)
--------------------------------
[비인두 도말 검체 채취의 일관성 및 안전성 향상을 위한 보조 디바이스의 개발]
   └ 학회: 제어로봇시스템학회 (IF: 0.85)"
2233,2022,전기전자공학,736203718,박해준,2,0.0,0.0,"[단일소자 기반 집속 초음파의 집속점 위치 변경이 가능한 워터백 시스템 개발]
   └ 학회: 제어로봇시스템학회 (IF: 0.85)
--------------------------------
[비인두 도말 검체 채취의 일관성 및 안전성 향상을 위한 보조 디바이스의 개발]
   └ 학회: 제어로봇시스템학회 (IF: 0.85)"
2234,2022,전기전자공학,724036044,김철,2,0.0,0.0,"[단일소자 기반 집속 초음파의 집속점 위치 변경이 가능한 워터백 시스템 개발]
   └ 학회: 제어로봇시스템학회 (IF: 0.85)
--------------------------------
[비인두 도말 검체 채취의 일관성 및 안전성 향상을 위한 보조 디바이스의 개발]
   └ 학회: 제어로봇시스템학회 (IF: 0.85)"
2235,2022,전기전자공학,250695,서준호,2,0.0,0.0,"[단일소자 기반 집속 초음파의 집속점 위치 변경이 가능한 워터백 시스템 개발]
   └ 학회: 제어로봇시스템학회 (IF: 0.85)
--------------------------------
[비인두 도말 검체 채취의 일관성 및 안전성 향상을 위한 보조 디바이스의 개발]
   └ 학회: 제어로봇시스템학회 (IF: 0.85)"
2236,2022,전기전자공학,433665725,박상호,2,0.0,0.0,"[차량 내 전원 배선 및 커넥터 결함 검출을 위한 정상파 반사 측정 시스템]
   └ 학회: 제어로봇시스템학회 (IF: 0.85)
--------------------------------
[초음파 혼선 저감을 위한 위상 기반 온오프 복조기]
   └ 학회: 한국정보기술학회 (IF: 0.56)"
2237,2022,전기전자공학,541210798,백광렬,2,0.0,0.0,"[차량 내 전원 배선 및 커넥터 결함 검출을 위한 정상파 반사 측정 시스템]
   └ 학회: 제어로봇시스템학회 (IF: 0.85)
--------------------------------
[초음파 혼선 저감을 위한 위상 기반 온오프 복조기]
   └ 학회: 한국정보기술학회 (IF: 0.56)"
2238,2022,전기전자공학,125731180,김성흠,2,0.0,0.0,"[정적 영상 기반 행동 인식을 활용한 낙상 감지 기술 및 운전자 부주의 감지 기술 개발]
   └ 학회: 제어로봇시스템학회 (IF: 0.85)
--------------------------------
[단일 파노라마 입력의 실내 공간 레이아웃 복원 모델 경량화]
   └ 학회: 제어로봇시스템학회 (IF: 0.85)"
2239,2022,전기전자공학,739536927,이성렬,2,0.0,0.0,"[스위칭 제어기를 이용한 선형 다개체 시스템의 일치]
   └ 학회: 제어로봇시스템학회 (IF: 0.85)
--------------------------------
[선형 다개체 시스템의 적응 선도자 추종 제어]
   └ 학회: 제어로봇시스템학회 (IF: 0.85)"
2240,2022,전기전자공학,335864514,김동희,2,0.0,0.0,"[군집 운용을 위한 무인수상정 시스템 개발 및 자율운항 성능시험]
   └ 학회: 제어로봇시스템학회 (IF: 0.85)
--------------------------------
[군집 무인수상정 운용을 위한 무선통신 토폴로지 설계 및 구현]
   └ 학회: 한국정보기술학회 (IF: 0.56)"
2241,2022,전기전자공학,5097993,최병웅,2,0.0,0.0,"[군집 운용을 위한 무인수상정 시스템 개발 및 자율운항 성능시험]
   └ 학회: 제어로봇시스템학회 (IF: 0.85)
--------------------------------
[군집 무인수상정 운용을 위한 무선통신 토폴로지 설계 및 구현]
   └ 학회: 한국정보기술학회 (IF: 0.56)"
2242,2022,전기전자공학,889114713,하정웅,2,0.0,0.0,"[대잠전용 무인수상로봇의 자율운항시스템 설계를 위한 LQR 기반 경로추종 알고리즘 연구]
   └ 학회: 제어로봇시스템학회 (IF: 0.85)
--------------------------------
[대잠전용 무인수상로봇의 자율운항시스템 설계를 위한 LQR 기반 경로추종 알고리즘 연구]
   └ 학회: 제어로봇시스템학회 (IF: 0.85)"
2243,2022,전기전자공학,904288832,만동우,2,0.0,0.0,"[해양로봇 성능평가에 관한 동향 분석 및 객관적 시험절차 구축에 관한 연구]
   └ 학회: 제어로봇시스템학회 (IF: 0.85)
--------------------------------
[자유낙하식 콘관입시험 시스템의 표준 운용 절차 제안 및 검증]
   └ 학회: 제어로봇시스템학회 (IF: 0.85)"
2244,2022,전기전자공학,300893755,신창주,2,0.0,0.0,"[해양로봇 성능평가에 관한 동향 분석 및 객관적 시험절차 구축에 관한 연구]
   └ 학회: 제어로봇시스템학회 (IF: 0.85)
--------------------------------
[자유낙하식 콘관입시험 시스템의 표준 운용 절차 제안 및 검증]
   └ 학회: 제어로봇시스템학회 (IF: 0.85)"
2245,2022,전기전자공학,887533678,정현수,2,0.0,0.0,"[선분 분할 탐지를 활용한 마스크 된 이미지 내의 물체 6 자유도 자세 추정]
   └ 학회: 제어로봇시스템학회 (IF: 0.85)
--------------------------------
[세계 AI 로봇 카레이스 대회를 위한 자율 주행 시스템 구현]
   └ 학회: 한국로봇학회(논문지) (IF: 0.57)"
2246,2022,전기전자공학,438897659,정현호,2,0.0,0.0,"[LoRa Device 의 이동성을 고려한 GRU 기반 적응형 데이터 전송 속도 제어 알고리즘]
   └ 학회: 제어로봇시스템학회 (IF: 0.85)
--------------------------------
[Mobile LoRa Device 의 네트워크 연결성 개선을 위한 FCR-ADR 알고리즘]
   └ 학회: 제어로봇시스템학회 (IF: 0.85)"
2247,2022,전기전자공학,793751825,유성은,2,0.0,0.0,"[LoRa Device 의 이동성을 고려한 GRU 기반 적응형 데이터 전송 속도 제어 알고리즘]
   └ 학회: 제어로봇시스템학회 (IF: 0.85)
--------------------------------
[Mobile LoRa Device 의 네트워크 연결성 개선을 위한 FCR-ADR 알고리즘]
   └ 학회: 제어로봇시스템학회 (IF: 0.85)"
2248,2022,전기전자공학,246062166,지연,2,0.0,0.0,"[능동댐핑 영-극점 상쇄 BLDC모터 속도 제어기를 위한 경사 하강법 기반 자동 동조 알고리즘 설계]
   └ 학회: 제어로봇시스템학회 (IF: 0.85)
--------------------------------
[서보모터 속도 및 가속도 추정을 위한 모델 독립형 속도 및 가속도 필터링 기술]
   └ 학회: 제어로봇시스템학회 (IF: 0.85)"
2249,2022,전기전자공학,4835827,이창준,2,0.0,0.0,"[착용형 관성센서 기반 역동역학에서 분절-관절 벡터의 시변화가 관절 토크의 정확도에 미치는 영향]
   └ 학회: 제어로봇시스템학회 (IF: 0.85)
--------------------------------
[다중 센서 기반 무한궤도형 이동로봇의 실외 자율주행시스템]
   └ 학회: 한국지능시스템학회 (IF: 0.74)"
2250,2022,전기전자공학,372528465,이정근,2,0.0,0.0,"[착용형 관성센서 기반 역동역학에서 분절-관절 벡터의 시변화가 관절 토크의 정확도에 미치는 영향]
   └ 학회: 제어로봇시스템학회 (IF: 0.85)
--------------------------------
[9 축 IMU 기반 자세 추정을 위한 순환 신경망: 교란조건에서의 3 차원 자세 추정 성능]
   └ 학회: 제어로봇시스템학회 (IF: 0.85)"
2251,2022,전기전자공학,634454570,이영석,2,0.0,0.0,"[능동 댐핑 주입 영-극점 상쇄 기반 DC/DC 강압 컨버터 전압제어]
   └ 학회: 제어로봇시스템학회 (IF: 0.85)
--------------------------------
[서보 시스템 응용을 위한 능동형 영-극점 상쇄 속도 추종 기술]
   └ 학회: 제어로봇시스템학회 (IF: 0.85)"
2252,2022,전기전자공학,5499519,주도윤,2,0.0,0.0,"[모델기반 swing-up 제어를 위한 2단 도립진자의 구조 설계 및 계수 추정에 대한 연구]
   └ 학회: 제어로봇시스템학회 (IF: 0.85)
--------------------------------
[3단 도립진자의 구조 제안 및 LW-RCP02를 이용한 Swing-up Control의 구현]
   └ 학회: 제어로봇시스템학회 (IF: 0.85)"
2253,2022,전기전자공학,831621062,최창규,2,0.0,0.0,"[모델기반 swing-up 제어를 위한 2단 도립진자의 구조 설계 및 계수 추정에 대한 연구]
   └ 학회: 제어로봇시스템학회 (IF: 0.85)
--------------------------------
[3단 도립진자의 구조 제안 및 LW-RCP02를 이용한 Swing-up Control의 구현]
   └ 학회: 제어로봇시스템학회 (IF: 0.85)"
2254,2022,전기전자공학,910271132,정종익,2,0.0,0.0,"[모델기반 swing-up 제어를 위한 2단 도립진자의 구조 설계 및 계수 추정에 대한 연구]
   └ 학회: 제어로봇시스템학회 (IF: 0.85)
--------------------------------
[3단 도립진자의 구조 제안 및 LW-RCP02를 이용한 Swing-up Control의 구현]
   └ 학회: 제어로봇시스템학회 (IF: 0.85)"
2255,2022,전기전자공학,161838757,이영삼,2,0.0,0.0,"[모델기반 swing-up 제어를 위한 2단 도립진자의 구조 설계 및 계수 추정에 대한 연구]
   └ 학회: 제어로봇시스템학회 (IF: 0.85)
--------------------------------
[3단 도립진자의 구조 제안 및 LW-RCP02를 이용한 Swing-up Control의 구현]
   └ 학회: 제어로봇시스템학회 (IF: 0.85)"
2256,2022,전기전자공학,812902915,임예은,2,0.0,0.0,"[갈고리를 사용한 줄기 절단으로 과채에 남겨진 줄기 길이를 최소화하는 수확용 엔드이펙터]
   └ 학회: 제어로봇시스템학회 (IF: 0.85)
--------------------------------
[세계 AI 로봇 카레이스 대회를 위한 자율 주행 시스템 구현]
   └ 학회: 한국로봇학회(논문지) (IF: 0.57)"
2257,2022,전기전자공학,137383830,조장호,2,0.0,0.0,"[물리적 인간-로봇 상호작용을 위한 수동적 제어기의 설계]
   └ 학회: 제어로봇시스템학회 (IF: 0.85)
--------------------------------
[형상적응형 파지와 케이징 파지가 가능한 부족구동 기반 로봇 의수 메커니즘 개발]
   └ 학회: 한국로봇학회(논문지) (IF: 0.57)"
2258,2022,전기전자공학,134328526,신민기,2,0.0,0.0,"[물리적 인간-로봇 상호작용을 위한 수동적 제어기의 설계]
   └ 학회: 제어로봇시스템학회 (IF: 0.85)
--------------------------------
[형상적응형 파지와 케이징 파지가 가능한 부족구동 기반 로봇 의수 메커니즘 개발]
   └ 학회: 한국로봇학회(논문지) (IF: 0.57)"
2259,2022,전기전자공학,721683313,김기영,2,0.0,0.0,"[물리적 인간-로봇 상호작용을 위한 수동적 제어기의 설계]
   └ 학회: 제어로봇시스템학회 (IF: 0.85)
--------------------------------
[형상적응형 파지와 케이징 파지가 가능한 부족구동 기반 로봇 의수 메커니즘 개발]
   └ 학회: 한국로봇학회(논문지) (IF: 0.57)"
2260,2022,전기전자공학,729709769,우현수,2,0.0,0.0,"[물리적 인간-로봇 상호작용을 위한 수동적 제어기의 설계]
   └ 학회: 제어로봇시스템학회 (IF: 0.85)
--------------------------------
[형상적응형 파지와 케이징 파지가 가능한 부족구동 기반 로봇 의수 메커니즘 개발]
   └ 학회: 한국로봇학회(논문지) (IF: 0.57)"
2261,2022,전기전자공학,427804391,정정주,2,0.0,0.0,"[데이터 기반의 자율 주행 차량 모델링: Koopman Operator 접근법과 그 응용]
   └ 학회: 제어로봇시스템학회 (IF: 0.85)
--------------------------------
[작업자 안전을 고려한 무인 폐기물 수거차 시스템 개발]
   └ 학회: 한국로봇학회(논문지) (IF: 0.57)"
2262,2022,전기전자공학,178389939,신동원,2,0.0,0.0,"[하이브리드 주행모드의 휠-트랙 로봇]
   └ 학회: 제어로봇시스템학회 (IF: 0.85)
--------------------------------
[낙상 및 굴러감 사고를 예방하기 위한 유모차의 자동 브레이크 시스템]
   └ 학회: 한국지능시스템학회 (IF: 0.74)"
2263,2022,전기전자공학,270777784,Shawkat Alkhazaleh,2,0.0,0.0,"[Neutrosophic Conditional Probabilities: Theories and Applications]
   └ 학회: 한국지능시스템학회 (IF: 0.74)
--------------------------------
[Shadow Soft Set Theory]
   └ 학회: 한국지능시스템학회 (IF: 0.74)"
2264,2022,전기전자공학,826784746,Samer Al Ghour,2,0.0,0.0,"[Soft θ<SUB>ω</SUB>-Open Sets and Soft θ<SUB>ω</SUB> -Continuity]
   └ 학회: 한국지능시스템학회 (IF: 0.74)
--------------------------------
[Soft ω-Continuity and Soft ω<SUB>s</SUB>-Continuity in Soft Topological Spaces]
   └ 학회: 한국지능시스템학회 (IF: 0.74)"
2265,2022,전기전자공학,641873128,Neelamegarajan Rajesh,2,0.0,0.0,"[Double Fuzzy α-Irresolute Multifunctions]
   └ 학회: 한국지능시스템학회 (IF: 0.74)
--------------------------------
[Double Fuzzy α-Irresolute Multifunctions]
   └ 학회: 한국지능시스템학회 (IF: 0.74)"
2266,2022,전기전자공학,121017552,민희준,2,0.0,0.0,"[최소 절대 편차 근사를 이용한 퍼지 변환]
   └ 학회: 한국지능시스템학회 (IF: 0.74)
--------------------------------
[이변수 함수에 대한 최소 절대 편차 퍼지 변환]
   └ 학회: 한국지능시스템학회 (IF: 0.74)"
2267,2022,전기전자공학,721448418,정혜영,2,0.0,0.0,"[최소 절대 편차 근사를 이용한 퍼지 변환]
   └ 학회: 한국지능시스템학회 (IF: 0.74)
--------------------------------
[이변수 함수에 대한 최소 절대 편차 퍼지 변환]
   └ 학회: 한국지능시스템학회 (IF: 0.74)"
2268,2022,전기전자공학,137070417,윤한얼,2,0.0,0.0,"[근육의 활성화 시 상관관계를 반영한 Target Cascading 기반 머슬시너지 추출 기법]
   └ 학회: 한국지능시스템학회 (IF: 0.74)
--------------------------------
[안전벨트에 관성측정장치 장착을 통한 운전자의 호흡 상태 모니터링]
   └ 학회: 한국지능시스템학회 (IF: 0.74)"
2269,2022,전기전자공학,313806552,송화창,2,0.0,0.0,"[Security-constrained Economic Dispatch (SCED) Considering Load Level Uncertainty]
   └ 학회: 한국지능시스템학회 (IF: 0.74)
--------------------------------
[탄소중립 미래 전력망]
   └ 학회: 대한전기학회 (IF: 0.37)"
2270,2022,전기전자공학,345903874,김창화,2,0.0,0.0,"[유사성 모델 기반의 수중 다중매체 통신 라우팅 프로토콜스택 선택방법]
   └ 학회: 한국멀티미디어학회 (IF: 0.65)
--------------------------------
[장애물이 없는 3차원 네트워크 공간에서 통신 범위 내에 무선 링크가 가능한 블록 기반의 균등 분포 무작위 노드 배치 방법]
   └ 학회: 한국멀티미디어학회 (IF: 0.65)"
2271,2022,전기전자공학,675267545,정하영,2,0.0,0.0,"[SARIMA 모델을 이용한 태양광 발전량 예측 연구]
   └ 학회: 한국멀티미디어학회 (IF: 0.65)
--------------------------------
[다층 퍼셉트론을 이용한 인버터의 효율 감소 진단 모델에 관한 연구]
   └ 학회: 한국멀티미디어학회 (IF: 0.65)"
2272,2022,전기전자공학,494050676,이연우,2,0.0,0.0,"[마약류 범죄의 사례 연구 및 문화콘텐츠를 활용한 예방과 인식 개선 방안]
   └ 학회: 한국멀티미디어학회 (IF: 0.65)
--------------------------------
[VR 콘텐츠가 재한 중국인 유학생 아증후군적 우울 상태에 미치는 영향 연구 - 주의력회복이론을 기반으로 -]
   └ 학회: 한국멀티미디어학회 (IF: 0.65)"
2273,2022,전기전자공학,392517949,장녕,2,0.0,0.0,"[소셜미디어 사용자가 만드는 동영상 광고효과에 관한 연구: 동영상 콘텐츠 유형 및 정보 프레임워크 중심으로]
   └ 학회: 한국멀티미디어학회 (IF: 0.65)
--------------------------------
[소셜 미디어 사용자가 제작한 광고 효과: 정보형과 오락형 동영상 비교를 중심으로]
   └ 학회: 한국멀티미디어학회 (IF: 0.65)"
2274,2022,전기전자공학,729607460,홍기현,2,0.0,0.0,"[9축센서 기반의 도로시설물 충돌감지 알고리즘]
   └ 학회: 한국멀티미디어학회 (IF: 0.65)
--------------------------------
[출입문 보안을 위한 블록체인 기반의 출입코드키 검증 서비스 모델]
   └ 학회: 한국멀티미디어학회 (IF: 0.65)"
2275,2022,전기전자공학,806902349,왕서일,2,0.0,0.0,"[인터넷 구전 정보가 전자상거래 생방송에서 소비자 구매 의도에 미치는 영향]
   └ 학회: 한국멀티미디어학회 (IF: 0.65)
--------------------------------
[전자상거래 생방송에서 IWOM 전보와 구전 의도의 영향: 제품 관여도의 조절 역할]
   └ 학회: 한국멀티미디어학회 (IF: 0.65)"
2276,2022,전기전자공학,1882666,강현민,2,0.0,0.0,"[모바일 기반의 ‘근감소증’ 예측 및 모니터링 시스템 설계 및 구현]
   └ 학회: 한국멀티미디어학회 (IF: 0.65)
--------------------------------
[폐경기 여성을 대상으로 제공하는 디지털 기반 운동 치료: 서비스 디자인 제안]
   └ 학회: 한국멀티미디어학회 (IF: 0.65)"
2277,2022,전기전자공학,510277487,주미니나 ,2,0.0,0.0,"[모바일 기반의 ‘근감소증’ 예측 및 모니터링 시스템 설계 및 구현]
   └ 학회: 한국멀티미디어학회 (IF: 0.65)
--------------------------------
[중년 여성의 근감소증 치료를 위한 운동 모바일 애플리케이션 개발]
   └ 학회: 한국멀티미디어학회 (IF: 0.65)"
2278,2022,전기전자공학,853288829,조맹,2,0.0,0.0,"[틱톡(Tik Tok) 이용자의 연애유형이 연애 동영상의 이용 동기, 이용 만족도에 미치는 영향]
   └ 학회: 한국멀티미디어학회 (IF: 0.65)
--------------------------------
[라이브 커머스의 사회적 시청이 시청 만족도에 미치는 영향 -사회적 실재감의 매개 효과를 중심으로-]
   └ 학회: 한국멀티미디어학회 (IF: 0.65)"
2279,2022,전기전자공학,588207331,백진경,2,0.0,0.0,"[노인층의 근력향상 애플리케이션을 위한 디자인 제안: S시 사례를 중심으로]
   └ 학회: 한국멀티미디어학회 (IF: 0.65)
--------------------------------
[노인층의 근력향상 애플리케이션을 위한 디자인 제안: S시 사례를 중심으로]
   └ 학회: 한국멀티미디어학회 (IF: 0.65)"
2280,2022,전기전자공학,564007805,박종철,2,0.0,0.0,"[주파수 출력 제어 최적화를 통한 고강도 집속 초음파 피부치료 시스템 개발 연구]
   └ 학회: 한국멀티미디어학회 (IF: 0.65)
--------------------------------
[멀티주파수 초음파를 사용하는 피부 치료기기 트랜스듀서의 효율적인 주파수 제어 연구]
   └ 학회: 한국멀티미디어학회 (IF: 0.65)"
2281,2022,전기전자공학,503106153,한규필,2,0.0,0.0,"[적분 영상과 MSRCR 기법을 이용한 국부적응적 HDR 알고리즘]
   └ 학회: 한국멀티미디어학회 (IF: 0.65)
--------------------------------
[비간축 웨이브릿 변환과 레티넥스 기법을 이용한 HDR 업스케일링 알고리즘]
   └ 학회: 한국멀티미디어학회 (IF: 0.65)"
2282,2022,전기전자공학,466460791,차영욱,2,0.0,0.0,"[고의적인 연속 인증실패에 대처하는 IP주소와 횟수 기반의 계정 잠금 방지에 관한 연구]
   └ 학회: 한국멀티미디어학회 (IF: 0.65)
--------------------------------
[접속로그와 패스워드 별 가변-동적솔트를 사용한 패스워드의 보안 강화]
   └ 학회: 한국정보기술학회 (IF: 0.56)"
2283,2022,전기전자공학,321452212,박덕춘,2,0.0,0.0,"[유튜브 콘텐츠의 자막과 인포그래픽이 수용자의 기억에 미치는 영향]
   └ 학회: 한국멀티미디어학회 (IF: 0.65)
--------------------------------
[전쟁 다큐멘터리 시청이 수용자의 안보 의식에 미치는 영향 - ‘KBS 특집, 우크라이나 침공 100일, 포화속으로’를 중심으로-]
   └ 학회: 한국멀티미디어학회 (IF: 0.65)"
2284,2022,전기전자공학,430834520,강지안,2,0.0,0.0,"[모바일 분노조절훈련 애플리케이션의 사용성 평가 연구]
   └ 학회: 한국멀티미디어학회 (IF: 0.65)
--------------------------------
[숏폼 콘텐츠의 형식적, 내용적 특성이 이용자 반응에 미치는 영향 - 틱톡 뉴스를 중심으로 -]
   └ 학회: 한국멀티미디어학회 (IF: 0.65)"
2285,2022,전기전자공학,339566503,최지은,2,0.0,0.0,"[모바일 분노조절훈련 애플리케이션의 사용성 평가 연구]
   └ 학회: 한국멀티미디어학회 (IF: 0.65)
--------------------------------
[숏폼 콘텐츠의 형식적, 내용적 특성이 이용자 반응에 미치는 영향 - 틱톡 뉴스를 중심으로 -]
   └ 학회: 한국멀티미디어학회 (IF: 0.65)"
2286,2022,전기전자공학,799856124,정의성,2,0.0,0.0,"[인공 유양돌기를 이용한 이식형 골전도 보청기용 진동체 성능 평가]
   └ 학회: 한국멀티미디어학회 (IF: 0.65)
--------------------------------
[척추 융합술에서 수술 계획을 재현하기 위한 가상현실 기반 수술 내비게이션 방법]
   └ 학회: 한국로봇학회(논문지) (IF: 0.57)"
2287,2022,전기전자공학,972028703,박영상,2,0.0,0.0,"[인공 유양돌기를 이용한 이식형 골전도 보청기용 진동체 성능 평가]
   └ 학회: 한국멀티미디어학회 (IF: 0.65)
--------------------------------
[척추 융합술에서 수술 계획을 재현하기 위한 가상현실 기반 수술 내비게이션 방법]
   └ 학회: 한국로봇학회(논문지) (IF: 0.57)"
2288,2022,전기전자공학,806499956,송지영,2,0.0,0.0,"[도시철도 VCTS 운행전략 비교 연구]
   └ 학회: 한국도시철도학회 (IF: 0.64)
--------------------------------
[다기준 의사 결정법 기반 도시철도 가상결합 운행전략 우선순위 평가 연구]
   └ 학회: 한국도시철도학회 (IF: 0.64)"
2289,2022,전기전자공학,728724042,정찬묵,2,0.0,0.0,"[철도차량 이력정보 표준화를 통한 국가 철도차량 이력관리 시스템 구축에 관한 연구]
   └ 학회: 한국도시철도학회 (IF: 0.64)
--------------------------------
[열차 축상가속도 주파수 분석을 통한 뜬침목 검측방법 연구]
   └ 학회: 한국도시철도학회 (IF: 0.64)"
2290,2022,전기전자공학,205522215,정정래,2,0.0,0.0,"[경남지역 경전선(慶全線) 철도의 형성과정에 관한 연구]
   └ 학회: 한국도시철도학회 (IF: 0.64)
--------------------------------
[데이터 기반 위험도 평가 시스템 구축 및 운영관리 연구 - 한국철도공사 사례를 중심으로 -]
   └ 학회: 한국도시철도학회 (IF: 0.64)"
2291,2022,전기전자공학,542855395,서종민,2,0.0,0.0,"[경남지역 경전선(慶全線) 철도의 형성과정에 관한 연구]
   └ 학회: 한국도시철도학회 (IF: 0.64)
--------------------------------
[데이터 기반 위험도 평가 시스템 구축 및 운영관리 연구 - 한국철도공사 사례를 중심으로 -]
   └ 학회: 한국도시철도학회 (IF: 0.64)"
2292,2022,전기전자공학,158689319,황성현,2,0.0,0.0,"[선박 위 착륙을 위한 임피던스 제어기반 쿼드콥터 족형 랜딩플랫폼 제어 전략]
   └ 학회: 한국로봇학회(논문지) (IF: 0.57)
--------------------------------
[저가 Redundant Manipulator의 최적 경로 생성을 위한 Deep Deterministic Policy Gradient(DDPG) 학습]
   └ 학회: 한국로봇학회(논문지) (IF: 0.57)"
2293,2022,전기전자공학,132070058,이승현,2,0.0,0.0,"[선박 위 착륙을 위한 임피던스 제어기반 쿼드콥터 족형 랜딩플랫폼 제어 전략]
   └ 학회: 한국로봇학회(논문지) (IF: 0.57)
--------------------------------
[저가 Redundant Manipulator의 최적 경로 생성을 위한 Deep Deterministic Policy Gradient(DDPG) 학습]
   └ 학회: 한국로봇학회(논문지) (IF: 0.57)"
2294,2022,전기전자공학,944296724,김동선,2,0.0,0.0,"[스크류 추진형 검측 로봇의 효율적인 검측을 위한 스크류 구조 변화 메커니즘]
   └ 학회: 한국로봇학회(논문지) (IF: 0.57)
--------------------------------
[그리스 충전 덕트 내 탐상을 위한 스크류 추진 로봇]
   └ 학회: 한국로봇학회(논문지) (IF: 0.57)"
2295,2022,전기전자공학,865809539,김호중,2,0.0,0.0,"[스크류 추진형 검측 로봇의 효율적인 검측을 위한 스크류 구조 변화 메커니즘]
   └ 학회: 한국로봇학회(논문지) (IF: 0.57)
--------------------------------
[그리스 충전 덕트 내 탐상을 위한 스크류 추진 로봇]
   └ 학회: 한국로봇학회(논문지) (IF: 0.57)"
2296,2022,전기전자공학,160050,김진현,2,0.0,0.0,"[스크류 추진형 검측 로봇의 효율적인 검측을 위한 스크류 구조 변화 메커니즘]
   └ 학회: 한국로봇학회(논문지) (IF: 0.57)
--------------------------------
[그리스 충전 덕트 내 탐상을 위한 스크류 추진 로봇]
   └ 학회: 한국로봇학회(논문지) (IF: 0.57)"
2297,2022,전기전자공학,657485048,김준식,2,0.0,0.0,"[모델 파라미터 없는 쿠프만 연산자 기반의 영구자석 동기전동기의 속도제어]
   └ 학회: 한국로봇학회(논문지) (IF: 0.57)
--------------------------------
[조작자 근육 활성도 기반 양팔 로봇의 임피던스 제어 파라미터 갱신 방법]
   └ 학회: 한국로봇학회(논문지) (IF: 0.57)"
2298,2022,전기전자공학,925176501,김아영,2,0.0,0.0,"[열화상 이미지 다중 채널 재매핑을 통한 단일 열화상 이미지 깊이 추정 향상]
   └ 학회: 한국로봇학회(논문지) (IF: 0.57)
--------------------------------
[비광학 센서를 사용하는 SLAM]
   └ 학회: 한국로봇학회 (IF: 0.57)"
2299,2022,전기전자공학,463977859,Gon-Woo Kim,2,0.0,0.0,"[Semantic Visual Place Recognition in Dynamic Urban Environment]
   └ 학회: 한국로봇학회(논문지) (IF: 0.57)
--------------------------------
[Omni-directional Visual-LiDAR SLAM for Multi-Camera System]
   └ 학회: 한국로봇학회(논문지) (IF: 0.57)"
2300,2022,전기전자공학,303062814,갈산욘돈 아리운볼드,2,0.0,0.0,"[A New E-Plane T-Junction Waveguide Power Divider Employing a Dielectric Insert]
   └ 학회: 한국정보기술학회 (IF: 0.56)
--------------------------------
[A Method for Improving the Radiation Pattern of a Printed Sleeve Dipole Antenna Installed on a Portable Device]
   └ 학회: 한국정보기술학회 (IF: 0.56)"
2301,2022,전기전자공학,168741479,강현진,2,0.0,0.0,"[순환 주파수 추정을 통한 직접 시퀀스 대역 확산 신호 탐지 알고리즘 복잡도 저감]
   └ 학회: 한국정보기술학회 (IF: 0.56)
--------------------------------
[LDA 기반 분산 레이다 시스템을 활용한 손동작 분류 알고리즘 개발 및 성능 분석]
   └ 학회: 한국전자파학회 (IF: 0.45)"
2302,2022,전기전자공학,218142338,김장원,2,0.0,0.0,"[BERT를 활용한 AR-KNU+ 감성사전 기반의 대학 평판도 평가]
   └ 학회: 한국정보기술학회 (IF: 0.56)
--------------------------------
[단어의 문맥 정보 확장을 위한 지식 임베딩 기법]
   └ 학회: 한국정보기술학회 (IF: 0.56)"
2303,2022,전기전자공학,746862915,김선명,2,0.0,0.0,"[IEEE 802.11ax 고밀도 무선 랜에서 충돌 확률에 기반한 업링크 동적 채널 접근 방법]
   └ 학회: 한국정보기술학회 (IF: 0.56)
--------------------------------
[IEEE 802.11ax 무선 랜에서 업링크 채널 충돌 감소를 위한 MAC 프로토콜]
   └ 학회: 한국정보기술학회 (IF: 0.56)"
2304,2022,전기전자공학,931565564,김진수,2,0.0,0.0,"[근전도 신호 기반 Multi-Stream CNN 및 경험적 모드 분해를 이용한 사용자 인식]
   └ 학회: 한국정보기술학회 (IF: 0.56)
--------------------------------
[인간-컴퓨터 인터페이스에 사용 가능한 Multi-session 근전도 데이터 구축]
   └ 학회: 한국정보기술학회 (IF: 0.56)"
2305,2022,전기전자공학,956651588,정유철,2,0.0,0.0,"[An Intensity Controlled Review Dataset Construction for Automatic Review Generation]
   └ 학회: 한국정보기술학회 (IF: 0.56)
--------------------------------
[Rethinking ROUGE Scores for Video Game Review Summarization]
   └ 학회: 한국정보기술학회 (IF: 0.56)"
2306,2022,전기전자공학,742287283,이영훈,2,0.0,0.0,"[Rethinking ROUGE Scores for Video Game Review Summarization]
   └ 학회: 한국정보기술학회 (IF: 0.56)
--------------------------------
[MZR의 병렬 커패시턴스에 의하여 대역폭을 개선한 소형 휴대용 무전기 안테나 개발]
   └ 학회: 한국정보기술학회 (IF: 0.56)"
2307,2022,전기전자공학,942150595,윤기철,2,0.0,0.0,"[MPRF 레이다 시스템에서 속도 추정 오류를 감소하기 위한 선별적 MTI에 관한 연구]
   └ 학회: 한국정보기술학회 (IF: 0.56)
--------------------------------
[해상 환경에 따른 전자빔 보상방법 연구]
   └ 학회: 한국전자파학회 (IF: 0.45)"
2308,2022,전기전자공학,135374614,김관성,2,0.0,0.0,"[MPRF 레이다 시스템에서 속도 추정 오류를 감소하기 위한 선별적 MTI에 관한 연구]
   └ 학회: 한국정보기술학회 (IF: 0.56)
--------------------------------
[해상 환경에 따른 전자빔 보상방법 연구]
   └ 학회: 한국전자파학회 (IF: 0.45)"
2309,2022,전기전자공학,228941881,이종설,2,0.0,0.0,"[정밀 IoT(Internet of Things) 부품을 위한 그래핀 박막 마이크로-액추에이터 구현]
   └ 학회: 한국정보기술학회 (IF: 0.56)
--------------------------------
[영상분석 기술을 활용한 시니어용 동영상 편집 시스템]
   └ 학회: 한국방송·미디어공학회 (IF: 0.39)"
2310,2022,전기전자공학,455391216,정강률,2,0.0,0.0,"[클램핑모드 부스트 인덕터를 이용한 고승압 디지털 제어 직류 전력변환기]
   └ 학회: 한국정보기술학회 (IF: 0.56)
--------------------------------
[단일단 교류 전력변환기를 이용한 자동 교류 전압조정기]
   └ 학회: 한국정보기술학회 (IF: 0.56)"
2311,2022,전기전자공학,379126925,임종식,2,0.0,0.0,"[골판지를 이용한 마이크로파 브랜치 라인 커플러 설계]
   └ 학회: 한국정보기술학회 (IF: 0.56)
--------------------------------
[CPW 전송선로에 대한 전자기적 시뮬레이션에서 단자 영역에 대한 고찰]
   └ 학회: 한국정보기술학회 (IF: 0.56)"
2312,2022,전기전자공학,301882603,손성호,2,0.0,0.0,"[골판지를 이용한 마이크로파 브랜치 라인 커플러 설계]
   └ 학회: 한국정보기술학회 (IF: 0.56)
--------------------------------
[CPW 전송선로에 대한 전자기적 시뮬레이션에서 단자 영역에 대한 고찰]
   └ 학회: 한국정보기술학회 (IF: 0.56)"
2313,2022,전기전자공학,691481300,김동민,2,0.0,0.0,"[골판지를 이용한 마이크로파 브랜치 라인 커플러 설계]
   └ 학회: 한국정보기술학회 (IF: 0.56)
--------------------------------
[CPW 전송선로에 대한 전자기적 시뮬레이션에서 단자 영역에 대한 고찰]
   └ 학회: 한국정보기술학회 (IF: 0.56)"
2314,2022,전기전자공학,322917646,장훈석,2,0.0,0.0,"[영상 데이터 획득을 위한 최적 샘플링 기법]
   └ 학회: 한국정보기술학회 (IF: 0.56)
--------------------------------
[상태 추정 필터를 이용한 영상 잡음 제거]
   └ 학회: 한국정보전자통신기술학회 (IF: 0.46)"
2315,2022,전기전자공학,696163786,이용창,2,0.0,0.0,"[실내 환경에서 위치 추적을 위한 비콘 신호의 정확도 향상에 관한 연구]
   └ 학회: 한국정보기술학회 (IF: 0.56)
--------------------------------
[Hybrid Cloud 기반의 모바일 OTT 서비스를 위한 앱 개발]
   └ 학회: 한국정보기술학회 (IF: 0.56)"
2316,2022,전기전자공학,762900643,강창구,2,0.0,0.0,"[순환신경망을 이용한 동작 데이터의 발 접촉 검출 방법]
   └ 학회: 한국정보기술학회 (IF: 0.56)
--------------------------------
[양방향 LSTM을 이용한 손 접촉상태 검출 방법]
   └ 학회: 한국정보기술학회 (IF: 0.56)"
2317,2022,전기전자공학,116575289,장두훈,2,0.0,0.0,"[근원적인 화재예방을 위한 CHF 적용 가능성 연구]
   └ 학회: 한국정보기술학회 (IF: 0.56)
--------------------------------
[수소 제거 촉매의 잠수함 수소제거기 적용 가능성 연구]
   └ 학회: 한국정보기술학회 (IF: 0.56)"
2318,2022,전기전자공학,718061809,서필원,2,0.0,0.0,"[근원적인 화재예방을 위한 CHF 적용 가능성 연구]
   └ 학회: 한국정보기술학회 (IF: 0.56)
--------------------------------
[수소 제거 촉매의 잠수함 수소제거기 적용 가능성 연구]
   └ 학회: 한국정보기술학회 (IF: 0.56)"
2319,2022,전기전자공학,462668754,김윤경,2,0.0,0.0,"[AF Cross Point 정렬을 위한 PDAF Pixel 광학 구조]
   └ 학회: 한국정보기술학회 (IF: 0.56)
--------------------------------
[근적외선 센싱을 위한 컬러필터 유형의 의존성]
   └ 학회: 한국정보기술학회 (IF: 0.56)"
2320,2022,전기전자공학,711357620,김진호,2,0.0,0.0,"[제조 현장 데이터 전송효율 향상을 위한 압축 알고리즘 비교 및 분석]
   └ 학회: 한국정보통신학회 (IF: 0.55)
--------------------------------
[BLE 신호 기반 기계학습을 이용한 재실 여부 결정 방법]
   └ 학회: 한국정보통신학회 (IF: 0.55)"
2321,2022,전기전자공학,228711235,류종열,2,0.0,0.0,"[셀프리 다중안테나 네트워크를 위한 임계값 기반 사용자 중심 클러스터링]
   └ 학회: 한국정보통신학회 (IF: 0.55)
--------------------------------
[셀프리 다중안테나 네트워크에서 하위 성능 사용자를 위한 전력 재할당 기법]
   └ 학회: 한국정보통신학회 (IF: 0.55)"
2322,2022,전기전자공학,318271863,조민우,2,0.0,0.0,"[소프트웨어 교육을 위한 웹 페이지 기반의 프로그래밍 교육 및 채점 시스템]
   └ 학회: 한국정보통신학회 (IF: 0.55)
--------------------------------
[홍수 위험도 판별을 위한 CNN 기반의 분류 모델 구현]
   └ 학회: 한국정보통신학회 (IF: 0.55)"
2323,2022,전기전자공학,294462239,남광우,2,0.0,0.0,"[FEC 환경에서 효율적 자원 배치를 위한 엣지 디바이스의 최적 이동패턴 추출]
   └ 학회: 한국정보통신학회 (IF: 0.55)
--------------------------------
[FEC 환경에서 다중 분기구조의 부분 오프로딩 시스템]
   └ 학회: 한국정보통신학회 (IF: 0.55)"
2324,2022,전기전자공학,478787585,Rita Rijayanti,2,0.0,0.0,"[Prediction of Sea Water Condition Changes using LSTM Algorithm for the Fish Farm]
   └ 학회: 한국정보통신학회 (IF: 0.55)
--------------------------------
[LSTM Model-based Prediction of the Variations in Load Power Data from Industrial Manufacturing Machines]
   └ 학회: 한국정보통신학회JICCE (IF: 0.55)"
2325,2022,전기전자공학,462665997,안영필,2,0.0,0.0,"[딥러닝 기반 임의적 스케일 초해상도 모듈을 이용한 Mask-RCNN 성능 향상]
   └ 학회: 한국정보통신학회 (IF: 0.55)
--------------------------------
[텍스트 요약을 위한 어텐션 기반 BART 모델 미세조정]
   └ 학회: 한국정보통신학회 (IF: 0.55)"
2326,2022,전기전자공학,205901153,박현준,2,0.0,0.0,"[딥러닝 기반 임의적 스케일 초해상도 모듈을 이용한 Mask-RCNN 성능 향상]
   └ 학회: 한국정보통신학회 (IF: 0.55)
--------------------------------
[텍스트 요약을 위한 어텐션 기반 BART 모델 미세조정]
   └ 학회: 한국정보통신학회 (IF: 0.55)"
2327,2022,전기전자공학,5093105,부재희,2,0.0,0.0,"[체감형 스포츠 게임의 운동 효과 비교 평가]
   └ 학회: 한국정보통신학회 (IF: 0.55)
--------------------------------
[몰입적 환경교육 가상현실 시뮬레이션 설계 및 구현]
   └ 학회: 한국정보통신학회 (IF: 0.55)"
2328,2022,전기전자공학,591754909,박경신,2,0.0,0.0,"[체감형 스포츠 게임의 운동 효과 비교 평가]
   └ 학회: 한국정보통신학회 (IF: 0.55)
--------------------------------
[몰입적 환경교육 가상현실 시뮬레이션 설계 및 구현]
   └ 학회: 한국정보통신학회 (IF: 0.55)"
2329,2022,전기전자공학,579987276,주태환,2,0.0,0.0,"[다중 공중 이동/검증 링크에서의 MLP-A 알고리즘 및 구현]
   └ 학회: 한국정보통신학회 (IF: 0.55)
--------------------------------
[Design of a Tile-Type Rx Multi-Beam Digital Active Phased Array Antenna System]
   └ 학회: 한국전자파학회JEES (IF: 0.45)"
2330,2022,전기전자공학,444502973,박지현,2,0.0,0.0,"[수중 주파수 선택적 채널에서 주파수 다이버시티의 채널 선택 판정법에 따른 선택 합성법의 성능]
   └ 학회: 한국정보통신학회 (IF: 0.55)
--------------------------------
[공압 gripper를 적용한 해양 건설 ROV 시스템 개발]
   └ 학회: 한국정보통신학회 (IF: 0.55)"
2331,2022,전기전자공학,657708747,김은경,2,0.0,0.0,"[WCTT: HTML 문서 정형화 기반 웹 크롤링 시스템]
   └ 학회: 한국정보통신학회 (IF: 0.55)
--------------------------------
[데이터베이스 설계 교과목을 위한 조교 챗봇]
   └ 학회: 한국정보통신학회 (IF: 0.55)"
2332,2022,전기전자공학,823624110,이용규,2,0.0,0.0,"[광 인터넷에서 버스트 크기 제어 알고리즘 기반 서비스 차등화 기법]
   └ 학회: 한국정보통신학회 (IF: 0.55)
--------------------------------
[다양한 서비스들의 요구사항을 만족하는 GMPLS 기반 복구 기법]
   └ 학회: 한국정보통신학회 (IF: 0.55)"
2333,2022,전기전자공학,549602078,장길웅,2,0.0,0.0,"[무선 센서 네트워크에서 부하 균형 연결 지배 집합을 구성하기 위한 타부서치 알고리즘]
   └ 학회: 한국정보통신학회 (IF: 0.55)
--------------------------------
[무선 브로드캐스트 애드혹 네트워크에서 네트워크 수명을 최대화 하기 위한 타부서치 알고리즘]
   └ 학회: 한국정보통신학회 (IF: 0.55)"
2334,2022,전기전자공학,1413783,박용석,2,0.0,0.0,"[보안관제 업무 연관성 분석을 통한 ISMS-P 기반의 외주용역 관리 방법 제안]
   └ 학회: 한국정보통신학회 (IF: 0.55)
--------------------------------
[OPC 프로토콜을 활용한 제어시스템 보안로그 전송방법 고찰 및 통합 로그서버 구축방안]
   └ 학회: 한국정보통신학회 (IF: 0.55)"
2335,2022,전기전자공학,188978352,홍정표,2,0.0,0.0,"[음성존재확률을 이용한 행렬식 기반 2채널 잡음제거기법]
   └ 학회: 한국정보통신학회 (IF: 0.55)
--------------------------------
[변수내장형 다채널 위너필터를 위한 목적신호대잡음 기여비를 이용한 잡음추정기법]
   └ 학회: 한국정보통신학회 (IF: 0.55)"
2336,2022,전기전자공학,981984691,유윤섭,2,0.0,0.0,"[터널링 전계효과 트랜지스터로 구성된 3차원 적층형 집적회로에 대한 연구]
   └ 학회: 한국정보통신학회 (IF: 0.55)
--------------------------------
[Investigation into Electrical Characteristics of Logic Circuit Consisting of Modularized Monolithic 3D Inverter Unit Cell]
   └ 학회: 한국정보통신학회JICCE (IF: 0.55)"
2337,2022,전기전자공학,169321771,박현하,2,0.0,0.0,"[3D CAD 수업에서의 플립드러닝 기반의 PBL 교수학습법 효과 연구]
   └ 학회: 한국정보통신학회 (IF: 0.55)
--------------------------------
[PBL을 활용한 CAE 수업의 학습효과]
   └ 학회: 한국정보통신학회 (IF: 0.55)"
2338,2022,전기전자공학,933393178,장성욱,2,0.0,0.0,"[3D CAD 수업에서의 플립드러닝 기반의 PBL 교수학습법 효과 연구]
   └ 학회: 한국정보통신학회 (IF: 0.55)
--------------------------------
[PBL을 활용한 CAE 수업의 학습효과]
   └ 학회: 한국정보통신학회 (IF: 0.55)"
2339,2022,전기전자공학,409504365,정영수,2,0.0,0.0,"[ECDSA 하드웨어 가속기가 내장된 보안 SoC]
   └ 학회: 한국정보통신학회 (IF: 0.55)
--------------------------------
[이진 에드워즈 곡선 암호를 위한 점 스칼라 곱셈기 설계]
   └ 학회: 한국정보통신학회 (IF: 0.55)"
2340,2022,전기전자공학,321506155,김민주,2,0.0,0.0,"[ECDSA 하드웨어 가속기가 내장된 보안 SoC]
   └ 학회: 한국정보통신학회 (IF: 0.55)
--------------------------------
[이진 에드워즈 곡선 암호를 위한 점 스칼라 곱셈기 설계]
   └ 학회: 한국정보통신학회 (IF: 0.55)"
2341,2022,전기전자공학,989427401,홍상근,2,0.0,0.0,"[간섭 제거 및 스퓨리어스 방지를 위한 오버샘플링 된 채널화 DRFM 구조 설계]
   └ 학회: 한국정보통신학회 (IF: 0.55)
--------------------------------
[효과적인 인공위성 SAR 기만 재밍을 위한 요구 조건 분석]
   └ 학회: 한국전자파학회 (IF: 0.45)"
2342,2022,전기전자공학,433609148,윤성우,2,0.0,0.0,"[소아 심폐소생술 중 새로운 가슴압박 방법의 효율성 비교]
   └ 학회: 한국정보통신학회 (IF: 0.55)
--------------------------------
[Completeness of Patient Care Report (PCR) by Paramedics]
   └ 학회: 한국정보통신학회JICCE (IF: 0.55)"
2343,2022,전기전자공학,312706957,전호윤,2,0.0,0.0,"[오정정 없이 온칩 메모리 보호를 위한 SEC-DED-DAEC 부호]
   └ 학회: 한국정보통신학회 (IF: 0.55)
--------------------------------
[온칩 메모리 내 다중 비트 이상에 대처하기 위한 오류 정정 부호]
   └ 학회: 한국정보통신학회 (IF: 0.55)"
2344,2022,전기전자공학,988376574,정희경,2,0.0,0.0,"[Video Road Vehicle Detection and Tracking based on OpenCV]
   └ 학회: 한국정보통신학회JICCE (IF: 0.55)
--------------------------------
[Filtering Correction Method and Performance Comparison for Time Series Data]
   └ 학회: 한국정보통신학회JICCE (IF: 0.55)"
2345,2022,전기전자공학,979128720,"Eun-Mi, Kim",2,0.0,0.0,"[Self-determination Degree Difference Analysis According to the Subject Selection Criteria of General High School Students]
   └ 학회: 국제인공지능학회 (IF: 0.51)
--------------------------------
[Development and Validation of Life Safety Awareness Scale of High School Students and Analysis of Interindividual Differences]
   └ 학회: 국제인공지능학회 (IF: 0.51)"
2346,2022,전기전자공학,862384294,최철영,2,0.0,0.0,"[Case Study of Animation Production using ‘MetaHuman’]
   └ 학회: 국제인공지능학회 (IF: 0.51)
--------------------------------
[Study of Script Conversion for Data Extraction of Constrained Objects]
   └ 학회: 국제인공지능학회 (IF: 0.51)"
2347,2022,전기전자공학,827765796,Jae Kyung Kim,2,0.0,0.0,"[Effect of Gardening as a physical activity on the improvement of Blood lipoprotein profile in an urban population in Republic of Korea: A pilot study]
   └ 학회: 국제인공지능학회 (IF: 0.51)
--------------------------------
[Analysis of Lactate Dehydrogenase Levels of COVID-19 Patients in a Korean Hospital According to Sex and Age]
   └ 학회: 국제인공지능학회 (IF: 0.51)"
2348,2022,전기전자공학,665497461,김기홍,2,0.0,0.0,"[Effect of 8-week Small Tool Exercise according to Age on Knee Strength and Balance in Women]
   └ 학회: 국제인공지능학회 (IF: 0.51)
--------------------------------
[Effect of Wearing a Thermal Compression Sleeve on Isokinetic Strength and Muscle Activity of Wrist Flexors and Extensors]
   └ 학회: 국제인공지능학회 (IF: 0.51)"
2349,2022,전기전자공학,817465409,Seungwon Lee,2,0.0,0.0,"[A study on the audio/video integrated control system based on network]
   └ 학회: 국제인공지능학회 (IF: 0.51)
--------------------------------
[Implementation of Video Mirroring System based on IP]
   └ 학회: 국제인공지능학회 (IF: 0.51)"
2350,2022,전기전자공학,798236176,박영철,2,0.0,0.0,"[A Study of 0.5-bit Resolution for True-Time Delay of Phased-Array Antenna System]
   └ 학회: 국제인공지능학회 (IF: 0.51)
--------------------------------
[링 공진기의 체배종속적 전류분포 해석을 통한 Molding Compound의 광대역 유전율 측정 방법 연구]
   └ 학회: 한국전자파학회 (IF: 0.45)"
2351,2022,전기전자공학,536053951,전우천,2,0.0,0.0,"[A Study on the Current Status and Improvement of Digital Divide for the Disabled in Korea]
   └ 학회: 국제인공지능학회 (IF: 0.51)
--------------------------------
[A Study on the Development of Student Evaluation Standards for Unplugged Computing]
   └ 학회: 국제인공지능학회 (IF: 0.51)"
2352,2022,전기전자공학,531089995,Jae Sil Choi,2,0.0,0.0,"[Study on the Usage Status of Public Enshrinement Facilities and Public Natural Burial Sites the User of Public Cremation Facilities in Gyeonggi-do Using the E-Haneul Funeral Information System]
   └ 학회: 국제인공지능학회 (IF: 0.51)
--------------------------------
[A Study on the Cremation Status by the Jurisdiction Area and Outside of the Jurisdiction Area Using the E-Haneul Funeral Information System of Public Cremation Facilities in Gyeonggi-do : Focusing on Before and After the Opening of Public Cremation Facilities in Hwaseong City]
   └ 학회: 국제인공지능학회 (IF: 0.51)"
2353,2022,전기전자공학,441245338,Tae Gyu Yu,2,0.0,0.0,"[Biotechnology Development Collaboration System and Limitations of Domestic Physician Scientists]
   └ 학회: 국제인공지능학회 (IF: 0.51)
--------------------------------
[Review of Domestic Sleep Industry Classification Criteria and Aanalysis of characteristics of related companies]
   └ 학회: 국제인공지능학회 (IF: 0.51)"
2354,2022,전기전자공학,467006219,Hyung-Ho Kim,2,0.0,0.0,"[Research on the Impact of Corporate Culture and Innovation Ability on Corporate Core Competitiveness from the Perspective of CSR: Based on the Investigation of Tianjin Agricultural Science and Technology Enterprises]
   └ 학회: 국제인공지능학회 (IF: 0.51)
--------------------------------
[Research on the Coupling Coordination Relationship between Regional Information Technology Level and Economic Development]
   └ 학회: 국제인공지능학회 (IF: 0.51)"
2355,2022,전기전자공학,819630785,Miaoyihai Liu,2,0.0,0.0,"[A study on the applicability of interactive technology in VR video content production]
   └ 학회: 국제인공지능학회 (IF: 0.51)
--------------------------------
[Research of popular success factors of game content <Genshin Impact>]
   └ 학회: 국제인공지능학회 (IF: 0.51)"
2356,2022,전기전자공학,636832330,이상민,2,0.0,0.0,"[On the Supplementary Study on DSM-Based Interface Requirements through Analysis of the Operation Scenario of the Urban Subway Logistics System]
   └ 학회: 국제인공지능학회 (IF: 0.51)
--------------------------------
[On the Integrated Operation Concept and Development Requirements of Robotics Loading System for Increasing Logistics Efficiency of Sub-Terminal]
   └ 학회: 국제인공지능학회 (IF: 0.51)"
2357,2022,전기전자공학,781989273,정환종,2,0.0,0.0,"[Effect of Acute Aquatic Plyometric Training on Muscle Strength, Edema and Pain]
   └ 학회: 국제인공지능학회 (IF: 0.51)
--------------------------------
[Effect of Wearing a Thermal Compression Sleeve on Isokinetic Strength and Muscle Activity of Wrist Flexors and Extensors]
   └ 학회: 국제인공지능학회 (IF: 0.51)"
2358,2022,전기전자공학,386192416,조규상,2,0.0,0.0,"[Design and Implementation of APFS Object Identification Tool for Digital Forensics]
   └ 학회: 국제인공지능학회 (IF: 0.51)
--------------------------------
[A File/Directory Reconstruction Method of APFS Filesystem for Digital Forensics]
   └ 학회: 국제인공지능학회 (IF: 0.51)"
2359,2022,전기전자공학,507970968,임성채,2,0.0,0.0,"[A New Flash TPR-tree for Indexing Moving Objects with Frequent Updates]
   └ 학회: 국제인공지능학회 (IF: 0.51)
--------------------------------
[A New Flash-aware Buffering Scheme Supporting Virtual Page Flushing]
   └ 학회: 국제인공지능학회 (IF: 0.51)"
2360,2022,전기전자공학,959649981,박소연,2,0.0,0.0,"[Understanding the User Preferences in the Types of Video Censorship]
   └ 학회: 국제인공지능학회 (IF: 0.51)
--------------------------------
[다중 워크로드 환경을 위한 GPGPU 스레드 블록 스케줄링]
   └ 학회: 국제인공지능학회 (IF: 0.51)"
2361,2022,전기전자공학,519816883,좌정우,2,0.0,0.0,"[Development of Tourism Information Named Entity Recognition Datasets for the Fine-tune KoBERT-CRF Model]
   └ 학회: 국제인공지능학회 (IF: 0.51)
--------------------------------
[React Native and Android Mobile Apps for Smart Tourism Information Service to FITs]
   └ 학회: 국제인공지능학회 (IF: 0.51)"
2362,2022,전기전자공학,625325135,공하성,2,0.0,0.0,"[Analysis of Latent profiles and Inter-individual Differences in Disaster Safety Awareness of High school]
   └ 학회: 국제인공지능학회 (IF: 0.51)
--------------------------------
[A Study on the Effects of All-in-one Automatic Fire Shutters Installed in High School on Evacuation Time]
   └ 학회: 국제인공지능학회 (IF: 0.51)"
2363,2022,전기전자공학,827382944,김기범,2,0.0,0.0,"[Improvement Plan for Cash Receipt System]
   └ 학회: 국제인공지능학회 (IF: 0.51)
--------------------------------
[A study on the relationship between proprietary information cost and the quality of disclosure]
   └ 학회: 국제인공지능학회 (IF: 0.51)"
2364,2022,전기전자공학,299248768,김세윤,2,0.0,0.0,"[The Structural Relationship among Viewing Motivation, Viewing Commitment, Reviewing Intention and Game Use Intention of e-Sports Competition Broadcasting]
   └ 학회: 국제인공지능학회 (IF: 0.51)
--------------------------------
[The Effects of Social Media Engagement of e-Sports Broadcasting Viewers on Viewing Commitment, Viewing Satisfaction and loyalty]
   └ 학회: 국제인공지능학회 (IF: 0.51)"
2365,2022,전기전자공학,408043916,정의훈,2,0.0,0.0,"[스마트 자율주행 공기청정기 시스템 개발]
   └ 학회: 국제인공지능학회 (IF: 0.51)
--------------------------------
[파이썬기반 고주파 디지털 계측기 사용자 인터페이스 개발]
   └ 학회: 국제인공지능학회 (IF: 0.51)"
2366,2022,전기전자공학,329323177,호광춘,2,0.0,0.0,"[버섯형 이중 격자구조의 광 바이오센서에 대한 회절 특성]
   └ 학회: 국제인공지능학회 (IF: 0.51)
--------------------------------
[금속층에 기반한 격자구조형 고성능 플라즈마 바이오센서]
   └ 학회: 국제인공지능학회 (IF: 0.51)"
2367,2022,전기전자공학,819813898,최성재,2,0.0,0.0,"[심장 초음파 측정기의 프로토 타입 모델 설계 및 구현]
   └ 학회: 국제인공지능학회 (IF: 0.51)
--------------------------------
[스마트폰을 이용한 Infant Care 시스템의 프로트 타입모델 설계 및 구현]
   └ 학회: 국제인공지능학회 (IF: 0.51)"
2368,2022,전기전자공학,491299315,홍유식,2,0.0,0.0,"[WEB 기반 질병 예측 시스템]
   └ 학회: 국제인공지능학회 (IF: 0.51)
--------------------------------
[WEB 기반 교통사고 분석]
   └ 학회: 국제인공지능학회 (IF: 0.51)"
2369,2022,전기전자공학,357257515,염기훈,2,0.0,0.0,"[사용자의 효율적인 엘리베이터 탑승 대기시간을 위한 Hybrid HRN Algorithm 연구]
   └ 학회: 한국정보전자통신기술학회 (IF: 0.46)
--------------------------------
[Unicon Optimization 기법을 이용한 적운모수화 코드 성능 향상]
   └ 학회: 한국정보전자통신기술학회 (IF: 0.46)"
2370,2022,전기전자공학,388700389,이창현,2,0.0,0.0,"[Unicon Optimization 기법을 이용한 적운모수화 코드 성능 향상]
   └ 학회: 한국정보전자통신기술학회 (IF: 0.46)
--------------------------------
[SCAM 기상모델의 성능향상을 위한 PGI Compiler의 OpenACC 활용]
   └ 학회: 한국정보전자통신기술학회 (IF: 0.46)"
2371,2022,전기전자공학,955350756,김준태,2,0.0,0.0,"[집속형 초음파 자극 시스템의 사용적합성 형성평가에 대한 연구 및 고찰]
   └ 학회: 한국정보전자통신기술학회 (IF: 0.46)
--------------------------------
[집속형초음파자극시스템 카트리지의 동물실험을 통한 피부자극시험 및 피부 감작성시험]
   └ 학회: 한국정보전자통신기술학회 (IF: 0.46)"
2372,2022,전기전자공학,268811454,김주희,2,0.0,0.0,"[집속형 초음파 자극 시스템의 사용적합성 형성평가에 대한 연구 및 고찰]
   └ 학회: 한국정보전자통신기술학회 (IF: 0.46)
--------------------------------
[집속형초음파자극시스템 카트리지의 동물실험을 통한 피부자극시험 및 피부 감작성시험]
   └ 학회: 한국정보전자통신기술학회 (IF: 0.46)"
2373,2022,전기전자공학,487600514,주규태,2,0.0,0.0,"[집속형 초음파 자극 시스템의 사용적합성 형성평가에 대한 연구 및 고찰]
   └ 학회: 한국정보전자통신기술학회 (IF: 0.46)
--------------------------------
[집속형초음파자극시스템 카트리지의 동물실험을 통한 피부자극시험 및 피부 감작성시험]
   └ 학회: 한국정보전자통신기술학회 (IF: 0.46)"
2374,2022,전기전자공학,185951501,손성용,2,0.0,0.0,"[국내 가상발전소 도입을 위한 비용 추정 모델]
   └ 학회: 한국정보전자통신기술학회 (IF: 0.46)
--------------------------------
[태양광발전 운전 및 유지보수를 위한 모델기반 효율분석: 사례연구]
   └ 학회: 한국정보전자통신기술학회 (IF: 0.46)"
2375,2022,전기전자공학,322688632,박정철,2,0.0,0.0,"[ANSYS 프로그램을 이용한 50kW급 풍력터빈에 관한 연구]
   └ 학회: 한국정보전자통신기술학회 (IF: 0.46)
--------------------------------
[대형연소기에 적용되는 저주파 전자식 점화 트랜스 개발에 관한 연구]
   └ 학회: 한국정보전자통신기술학회 (IF: 0.46)"
2376,2022,전기전자공학,376392569,지선수,2,0.0,0.0,"[스테가노그래피에서 한글 메시지 은닉을 위한 선택적 셔플링]
   └ 학회: 한국정보전자통신기술학회 (IF: 0.46)
--------------------------------
[가변 ShiftRows를 이용한 하이브리드 기법에서 한글 메시지 은닉을 위한 이미지 스테가노그래피]
   └ 학회: 한국정보전자통신기술학회 (IF: 0.46)"
2377,2022,전기전자공학,333573233,송미희,2,0.0,0.0,"[다양한 식물에서의 PDRN(Polydeoxyribonucleotide) 추출 수율 비교 및 상처치유 효능 분석]
   └ 학회: 한국정보전자통신기술학회 (IF: 0.46)
--------------------------------
[쑥갓(Chrysanthemum coronarium L.) PDRN(Polydeoxyribonucleotide)의 항염증 효능 분석]
   └ 학회: 한국정보전자통신기술학회 (IF: 0.46)"
2378,2022,전기전자공학,604648064,최문혁,2,0.0,0.0,"[다양한 식물에서의 PDRN(Polydeoxyribonucleotide) 추출 수율 비교 및 상처치유 효능 분석]
   └ 학회: 한국정보전자통신기술학회 (IF: 0.46)
--------------------------------
[쑥갓(Chrysanthemum coronarium L.) PDRN(Polydeoxyribonucleotide)의 항염증 효능 분석]
   └ 학회: 한국정보전자통신기술학회 (IF: 0.46)"
2379,2022,전기전자공학,841445422,정우영,2,0.0,0.0,"[다양한 식물에서의 PDRN(Polydeoxyribonucleotide) 추출 수율 비교 및 상처치유 효능 분석]
   └ 학회: 한국정보전자통신기술학회 (IF: 0.46)
--------------------------------
[쑥갓(Chrysanthemum coronarium L.) PDRN(Polydeoxyribonucleotide)의 항염증 효능 분석]
   └ 학회: 한국정보전자통신기술학회 (IF: 0.46)"
2380,2022,전기전자공학,4220967,박성원,2,0.0,0.0,"[태양광발전 운전 및 유지보수를 위한 모델기반 효율분석: 사례연구]
   └ 학회: 한국정보전자통신기술학회 (IF: 0.46)
--------------------------------
[사용자 안전성을 고려한 상지 재활치료 로봇의 병렬 안전 제어 시스템]
   └ 학회: 대한전기학회 (IF: 0.37)"
2381,2022,전기전자공학,773530997,김상길,2,0.0,0.0,"[S-대역 레이다용 소형 다기능 투과형 메타표면 단위셀 설계 및 검증]
   └ 학회: 한국전자파학회 (IF: 0.45)
--------------------------------
[주파수 다양성 배열 기술을 이용한 근거리 3차원 빔 집중 기술]
   └ 학회: 한국전자파학회 (IF: 0.45)"
2382,2022,전기전자공학,355788423,김현주,2,0.0,0.0,"[2차 고조파 최소화를 위한 광대역 중간주파수신기 개발]
   └ 학회: 한국전자파학회 (IF: 0.45)
--------------------------------
[W대역 소형 레이다의 주파수 해상도 향상을 위한 위상잡음 분석]
   └ 학회: 한국전자파학회 (IF: 0.45)"
2383,2022,전기전자공학,191591193,Young-Geun Kang,2,0.0,0.0,"[Ocean Image Formation Algorithm Using Altimeter Data for Next Generation Satellite SAR]
   └ 학회: 한국전자파학회JEES (IF: 0.45)
--------------------------------
[A Study on the Feasibility of Stop-and-Go Approximation in FMCW SAR]
   └ 학회: 한국전자파학회JEES (IF: 0.45)"
2384,2022,전기전자공학,684631566,Chul-Ki Kim,2,0.0,0.0,"[Ocean Image Formation Algorithm Using Altimeter Data for Next Generation Satellite SAR]
   └ 학회: 한국전자파학회JEES (IF: 0.45)
--------------------------------
[A Study on the Feasibility of Stop-and-Go Approximation in FMCW SAR]
   └ 학회: 한국전자파학회JEES (IF: 0.45)"
2385,2022,전기전자공학,912486553,Seong-Ook Park,2,0.0,0.0,"[Ocean Image Formation Algorithm Using Altimeter Data for Next Generation Satellite SAR]
   └ 학회: 한국전자파학회JEES (IF: 0.45)
--------------------------------
[A Study on the Feasibility of Stop-and-Go Approximation in FMCW SAR]
   └ 학회: 한국전자파학회JEES (IF: 0.45)"
2386,2022,전기전자공학,761463097,Jisu Lee,2,0.0,0.0,"[Numerical Modeling of Smartphones with WCDMA, LTE, and WLAN Bands for Epidemiological Studies]
   └ 학회: 한국전자파학회JEES (IF: 0.45)
--------------------------------
[Development of a Numerical Tablet Model in WLAN Band for SAR Study]
   └ 학회: 한국전자파학회JEES (IF: 0.45)"
2387,2022,전기전자공학,208688955,Ae-Kyoung Lee,2,0.0,0.0,"[Numerical Modeling of Smartphones with WCDMA, LTE, and WLAN Bands for Epidemiological Studies]
   └ 학회: 한국전자파학회JEES (IF: 0.45)
--------------------------------
[Development of a Numerical Tablet Model in WLAN Band for SAR Study]
   └ 학회: 한국전자파학회JEES (IF: 0.45)"
2388,2022,전기전자공학,255662620,Seon-Eui Hong,2,0.0,0.0,"[Numerical Modeling of Smartphones with WCDMA, LTE, and WLAN Bands for Epidemiological Studies]
   └ 학회: 한국전자파학회JEES (IF: 0.45)
--------------------------------
[Development of a Numerical Tablet Model in WLAN Band for SAR Study]
   └ 학회: 한국전자파학회JEES (IF: 0.45)"
2389,2022,전기전자공학,677749993,Hyung-Do Choi,2,0.0,0.0,"[Numerical Modeling of Smartphones with WCDMA, LTE, and WLAN Bands for Epidemiological Studies]
   └ 학회: 한국전자파학회JEES (IF: 0.45)
--------------------------------
[Development of a Numerical Tablet Model in WLAN Band for SAR Study]
   └ 학회: 한국전자파학회JEES (IF: 0.45)"
2390,2022,전기전자공학,462008219,이경민,2,0.0,0.0,"[특징점 추출 및 매칭을 이용한 ISAR 영상의 수직-거리 스케일링 기법 연구]
   └ 학회: 한국전자파학회 (IF: 0.45)
--------------------------------
[효과적인 인공위성 SAR 기만 재밍을 위한 요구 조건 분석]
   └ 학회: 한국전자파학회 (IF: 0.45)"
2391,2022,전기전자공학,312569039,이인혁,2,0.0,0.0,"[특징점 추출 및 매칭을 이용한 ISAR 영상의 수직-거리 스케일링 기법 연구]
   └ 학회: 한국전자파학회 (IF: 0.45)
--------------------------------
[효과적인 인공위성 SAR 기만 재밍을 위한 요구 조건 분석]
   └ 학회: 한국전자파학회 (IF: 0.45)"
2392,2022,전기전자공학,904901055,권종화,2,0.0,0.0,"[전자파 흡수체를 이용한 대형 함체의 차폐효과 개선]
   └ 학회: 한국전자파학회 (IF: 0.45)
--------------------------------
[필드 분포 및 Z-점수를 기반으로 한 대형 건축물의 차폐 특성 및 최적화 수신 지점 해석]
   └ 학회: 한국전자파학회 (IF: 0.45)"
2393,2022,전기전자공학,325663903,형창희,2,0.0,0.0,"[전자파 흡수체를 이용한 대형 함체의 차폐효과 개선]
   └ 학회: 한국전자파학회 (IF: 0.45)
--------------------------------
[필드 분포 및 Z-점수를 기반으로 한 대형 건축물의 차폐 특성 및 최적화 수신 지점 해석]
   └ 학회: 한국전자파학회 (IF: 0.45)"
2394,2022,전기전자공학,210367231,황정환,2,0.0,0.0,"[전자파 흡수체를 이용한 대형 함체의 차폐효과 개선]
   └ 학회: 한국전자파학회 (IF: 0.45)
--------------------------------
[필드 분포 및 Z-점수를 기반으로 한 대형 건축물의 차폐 특성 및 최적화 수신 지점 해석]
   └ 학회: 한국전자파학회 (IF: 0.45)"
2395,2022,전기전자공학,468123838,박현호,2,0.0,0.0,"[전자파 흡수체를 이용한 대형 함체의 차폐효과 개선]
   └ 학회: 한국전자파학회 (IF: 0.45)
--------------------------------
[Analytic Radiation Models of a Microstrip Line on a Slotted Ground Plane]
   └ 학회: 한국전자파학회JEES (IF: 0.45)"
2396,2022,전기전자공학,508265520,김완식,2,0.0,0.0,"[구형 도파관 기반의 W-대역 8-Way 방사형 전력 결합기]
   └ 학회: 한국전자파학회 (IF: 0.45)
--------------------------------
[W-대역 고출력 증폭기 응용을 위한 E-평면 신호 전이 구조 및 저항성 격막을 이용한 도파관 전력 결합기]
   └ 학회: 한국전자파학회 (IF: 0.45)"
2397,2022,전기전자공학,494238844,최증원,2,0.0,0.0,"[구형 도파관 기반의 W-대역 8-Way 방사형 전력 결합기]
   └ 학회: 한국전자파학회 (IF: 0.45)
--------------------------------
[W-대역 고출력 증폭기 응용을 위한 E-평면 신호 전이 구조 및 저항성 격막을 이용한 도파관 전력 결합기]
   └ 학회: 한국전자파학회 (IF: 0.45)"
2398,2022,전기전자공학,856424372,정준영,2,0.0,0.0,"[부배열 TRM이 적용된 능동위상배열 안테나의 Field of View 분석]
   └ 학회: 한국전자파학회 (IF: 0.45)
--------------------------------
[부배열이 적용된 Thinned 위상배열안테나 설계]
   └ 학회: 한국전자파학회 (IF: 0.45)"
2399,2022,전기전자공학,953703821,송익환,2,0.0,0.0,"[분할 공동 구조를 이용한 고 종횡비 인쇄회로기판 내 전송선 층 변환 구조의 신호 무결성 개선 설계 및 모델링]
   └ 학회: 한국전자파학회 (IF: 0.45)
--------------------------------
[Iterative Method for Modeling a Wireless Power Transfer System with Nonlinearity of Voltage Rectifier]
   └ 학회: 한국전자파학회JEES (IF: 0.45)"
2400,2022,전기전자공학,154531124,Chang Won Jung,2,0.0,0.0,"[Transparent Liquid Multiple-Antenna Array with a High Gain and Beam Diversity for UHD TV Applications]
   └ 학회: 한국전자파학회JEES (IF: 0.45)
--------------------------------
[Optically Transparent Patch Antennas Using Saltwater for WLAN Applications]
   └ 학회: 한국전자파학회JEES (IF: 0.45)"
2401,2022,전기전자공학,889739894,Min-Seok Park,2,0.0,0.0,"[Numerical Accuracy of Finite-Difference Time-Domain Formulations for Magnetized Plasma]
   └ 학회: 한국전자파학회JEES (IF: 0.45)
--------------------------------
[New Measurement Technique for Complex Permittivity in Millimeter-Wave Band Using Simple Rectangular Waveguide Adapters]
   └ 학회: 한국전자파학회JEES (IF: 0.45)"
2402,2022,전기전자공학,134807511,Hyunwoong Shin,2,0.0,0.0,"[Wideband Mobile Antenna Design Using a Resonant Feeding Structure]
   └ 학회: 한국전자파학회JEES (IF: 0.45)
--------------------------------
[Enhancing Efficiency for Wideband Antennas by Controlling the Parasitic Resonance of the Feed Structure]
   └ 학회: 한국전자파학회JEES (IF: 0.45)"
2403,2022,전기전자공학,168523799,김형동,2,0.0,0.0,"[Wideband Mobile Antenna Design Using a Resonant Feeding Structure]
   └ 학회: 한국전자파학회JEES (IF: 0.45)
--------------------------------
[Enhancing Efficiency for Wideband Antennas by Controlling the Parasitic Resonance of the Feed Structure]
   └ 학회: 한국전자파학회JEES (IF: 0.45)"
2404,2022,전기전자공학,903531678,Youngwan Kim,2,0.0,0.0,"[Design of S/X-Band Dual-Loop Shared-Aperture 2×2 Array Antenna]
   └ 학회: 한국전자파학회JEES (IF: 0.45)
--------------------------------
[Design of a Wideband Printed Patch Dipole Antenna with a Balanced On-Board Feeding Network]
   └ 학회: 한국전자파학회JEES (IF: 0.45)"
2405,2022,전기전자공학,572597371,Seung Mo Seo,2,0.0,0.0,"[Measurement Image Translation-Automatic Target Recognition Technique Based on CycleGAN with SAR Simulation DB]
   └ 학회: 한국전자파학회JEES (IF: 0.45)
--------------------------------
[A Deep Learning-Based Compact Weighted Binary Classification Technique to Discriminate between Targets and Clutter in SAR Images]
   └ 학회: 한국전자파학회JEES (IF: 0.45)"
2406,2022,전기전자공학,898079402,Yeoreum Choi,2,0.0,0.0,"[Measurement Image Translation-Automatic Target Recognition Technique Based on CycleGAN with SAR Simulation DB]
   └ 학회: 한국전자파학회JEES (IF: 0.45)
--------------------------------
[A Deep Learning-Based Compact Weighted Binary Classification Technique to Discriminate between Targets and Clutter in SAR Images]
   └ 학회: 한국전자파학회JEES (IF: 0.45)"
2407,2022,전기전자공학,159792205,Ho Lim,2,0.0,0.0,"[Measurement Image Translation-Automatic Target Recognition Technique Based on CycleGAN with SAR Simulation DB]
   └ 학회: 한국전자파학회JEES (IF: 0.45)
--------------------------------
[A Deep Learning-Based Compact Weighted Binary Classification Technique to Discriminate between Targets and Clutter in SAR Images]
   └ 학회: 한국전자파학회JEES (IF: 0.45)"
2408,2022,전기전자공학,374815933,김지형,2,0.0,0.0,"[입사각 안정성을 갖는 밀리미터파 대역 주파수 선택적 레이돔 설계]
   └ 학회: 한국전자파학회 (IF: 0.45)
--------------------------------
[3D 프린터 재료의 유전율 추정을 위한 시간 게이트 자유 공간 측정 신호처리 기법]
   └ 학회: 한국전자파학회 (IF: 0.45)"
2409,2022,전기전자공학,540862155,윤나내,2,0.0,0.0,"[입사각 안정성을 갖는 밀리미터파 대역 주파수 선택적 레이돔 설계]
   └ 학회: 한국전자파학회 (IF: 0.45)
--------------------------------
[3D 프린터 재료의 유전율 추정을 위한 시간 게이트 자유 공간 측정 신호처리 기법]
   └ 학회: 한국전자파학회 (IF: 0.45)"
2410,2022,전기전자공학,810447236,우대웅,2,0.0,0.0,"[입사각 안정성을 갖는 밀리미터파 대역 주파수 선택적 레이돔 설계]
   └ 학회: 한국전자파학회 (IF: 0.45)
--------------------------------
[3D 프린터 재료의 유전율 추정을 위한 시간 게이트 자유 공간 측정 신호처리 기법]
   └ 학회: 한국전자파학회 (IF: 0.45)"
2411,2022,전기전자공학,751470262,홍익표,2,0.0,0.0,"[입사각 안정성을 갖는 밀리미터파 대역 주파수 선택적 레이돔 설계]
   └ 학회: 한국전자파학회 (IF: 0.45)
--------------------------------
[k-평균 클러스터링 알고리즘을 활용한 CBFM의 CBF 계산 시간 가속화]
   └ 학회: 한국전자파학회 (IF: 0.45)"
2412,2022,전기전자공학,825339848,안승범,2,0.0,0.0,"[공지통신 무전기 성능개량 간 안테나 추가에 따른 최적위치 설계 연구]
   └ 학회: 한국전자파학회 (IF: 0.45)
--------------------------------
[피아식별 AIMS 인증을 통한 항공기 안테나 성능검증 연구]
   └ 학회: 한국전자파학회 (IF: 0.45)"
2413,2022,전기전자공학,200118,허준,2,0.0,0.0,"[포물형 방정식을 이용한 레이다 표적 탐지의 굴절에 의한 오차 분석 연구]
   └ 학회: 한국전자파학회 (IF: 0.45)
--------------------------------
[포물형 방정식을 이용한 레이다 안테나 고도각도 보정 연구]
   └ 학회: 한국전자파학회 (IF: 0.45)"
2414,2022,전기전자공학,698551070,양준모,2,0.0,0.0,"[포물형 방정식을 이용한 레이다 표적 탐지의 굴절에 의한 오차 분석 연구]
   └ 학회: 한국전자파학회 (IF: 0.45)
--------------------------------
[고해상도 영상 데이터를 전송하는 저궤도 위성의 데이터링크 송수신 안테나 동향 조사]
   └ 학회: 한국전자파학회 (IF: 0.45)"
2415,2022,전기전자공학,569917829,박민규,2,0.0,0.0,"[포물형 방정식을 이용한 레이다 표적 탐지의 굴절에 의한 오차 분석 연구]
   └ 학회: 한국전자파학회 (IF: 0.45)
--------------------------------
[포물형 방정식을 이용한 레이다 안테나 고도각도 보정 연구]
   └ 학회: 한국전자파학회 (IF: 0.45)"
2416,2022,전기전자공학,908961057,서영광,2,0.0,0.0,"[포물형 방정식을 이용한 레이다 표적 탐지의 굴절에 의한 오차 분석 연구]
   └ 학회: 한국전자파학회 (IF: 0.45)
--------------------------------
[포물형 방정식을 이용한 레이다 안테나 고도각도 보정 연구]
   └ 학회: 한국전자파학회 (IF: 0.45)"
2417,2022,전기전자공학,616985287,최재훈,2,0.0,0.0,"[단락된 전자기 결합 스터브를 활용한 광대역 차량용 C-PAD 안테나 설계]
   └ 학회: 한국전자파학회 (IF: 0.45)
--------------------------------
[광대역 특성을 갖는 3층형 소형 모노콘 안테나]
   └ 학회: 한국전자파학회 (IF: 0.45)"
2418,2022,전기전자공학,310495063,Girdhari Chaudhary,2,0.0,0.0,"[Substrate Integrated Waveguide Quasi-Elliptic Filter with Arbitrary Termination Impedances]
   └ 학회: 한국전자파학회JEES (IF: 0.45)
--------------------------------
[A Tunable Bandpass Filter with Arbitrarily Terminated Port Impedance Using Dual-Mode Resonator]
   └ 학회: 한국전자파학회JEES (IF: 0.45)"
2419,2022,전기전자공학,615986878,정용채,2,0.0,0.0,"[Substrate Integrated Waveguide Quasi-Elliptic Filter with Arbitrary Termination Impedances]
   └ 학회: 한국전자파학회JEES (IF: 0.45)
--------------------------------
[A Tunable Bandpass Filter with Arbitrarily Terminated Port Impedance Using Dual-Mode Resonator]
   └ 학회: 한국전자파학회JEES (IF: 0.45)"
2420,2022,전기전자공학,990377869,남상욱,2,0.0,0.0,"[Design of a Relocatable Antenna Element Module for a Ku-Band Reconfigurable Array with Low Mutual Coupling]
   └ 학회: 한국전자파학회JEES (IF: 0.45)
--------------------------------
[94 ㎓ 수신 4채널, 송신 1채널 FMCW 레이다 시스템]
   └ 학회: 한국전자파학회 (IF: 0.45)"
2421,2022,전기전자공학,618223378,이일규,2,0.0,0.0,"[무선측위국 보호를 위한 드론레이싱시스템의 간섭영향 분석]
   └ 학회: 한국전자파학회 (IF: 0.45)
--------------------------------
[무선측위국 보호를 위한 드론레이싱시스템의 간섭영향 분석]
   └ 학회: 한국전자파학회 (IF: 0.45)"
2422,2022,전기전자공학,975893980,홍용기,2,0.0,0.0,"[비선형 호핑 패턴의 Stepped-Carrier OFDM 파형을 활용한 거리-도플러 이미징 기법 연구]
   └ 학회: 한국전자파학회 (IF: 0.45)
--------------------------------
[LDA 기반 분산 레이다 시스템을 활용한 손동작 분류 알고리즘 개발 및 성능 분석]
   └ 학회: 한국전자파학회 (IF: 0.45)"
2423,2022,전기전자공학,839602626,이소영,2,0.0,0.0,"[직육면체 구조를 이용한 VHF 대역 CRLH CPW 안테나]
   └ 학회: 한국전자파학회 (IF: 0.45)
--------------------------------
[LBVH 순회를 이용한 거대 도체 구조의 레이다 단면적 분석]
   └ 학회: 한국전자파학회 (IF: 0.45)"
2424,2022,전기전자공학,533679212,염경환,2,0.0,0.0,"[디지털 오실로스코프를 이용한 위상잡음 측정방법]
   └ 학회: 한국전자파학회 (IF: 0.45)
--------------------------------
[An Efficient Cross-Correlation Method for a Digital Phase Noise Measurement System]
   └ 학회: 한국전자파학회JEES (IF: 0.45)"
2425,2022,전기전자공학,768581506,변희섭,2,0.0,0.0,"[주파수의 용도별 경제적 효율성 평가에 관한 연구: 생산 효율성을 중심으로]
   └ 학회: 한국전자파학회 (IF: 0.45)
--------------------------------
[주파수의 용도별 경제적 효율성 평가에 관한 연구: 생산 효율성을 중심으로]
   └ 학회: 한국전자파학회 (IF: 0.45)"
2426,2022,전기전자공학,364161684,고지환,2,0.0,0.0,"[두 가지 개구구조의 투과 단면적에 대한 일반적인 표현식의 타당성: 단일 공진 개구 구조와 비공진 개구의 유한 주기구조]
   └ 학회: 한국전자파학회 (IF: 0.45)
--------------------------------
[도파관 구조 내에 있는 Bethe의 소형 단일 개구를 통한 투과공진현상과 그러한 소형 개구가 2차원 평면 주기구조를 구성하고 있을 때 관찰되는 투과공진현상]
   └ 학회: 한국전자파학회 (IF: 0.45)"
2427,2022,전기전자공학,985463795,유상진,2,0.0,0.0,"[완전집적형 임피던스 변환 다중권선 90° 커플러의 설계]
   └ 학회: 한국전자파학회 (IF: 0.45)
--------------------------------
[임피던스 매칭을 포함하는 소형 광대역 집중소자-분산 발룬의 설계]
   └ 학회: 한국전자파학회 (IF: 0.45)"
2428,2022,전기전자공학,716541963,오규택,2,0.0,0.0,"[완전집적형 임피던스 변환 다중권선 90° 커플러의 설계]
   └ 학회: 한국전자파학회 (IF: 0.45)
--------------------------------
[임피던스 매칭을 포함하는 소형 광대역 집중소자-분산 발룬의 설계]
   └ 학회: 한국전자파학회 (IF: 0.45)"
2429,2022,전기전자공학,527115385,이옥구,2,0.0,0.0,"[완전집적형 임피던스 변환 다중권선 90° 커플러의 설계]
   └ 학회: 한국전자파학회 (IF: 0.45)
--------------------------------
[임피던스 매칭을 포함하는 소형 광대역 집중소자-분산 발룬의 설계]
   └ 학회: 한국전자파학회 (IF: 0.45)"
2430,2022,전기전자공학,292701277,Jong-Won Lim,2,0.0,0.0,"[C-Band GaN Dual-Feedback Low-Noise Amplifier MMIC with High-Input Power Robustness]
   └ 학회: 한국전자파학회JEES (IF: 0.45)
--------------------------------
[Power Limiter with PIN Diode Embedded in Cavity to Minimize Parasitic Inductance]
   └ 학회: 한국전자파학회JEES (IF: 0.45)"
2431,2022,전기전자공학,199698968,조영훈,2,0.0,0.0,"[직렬 연결된 SiC MOSFET의 전압 평형을 위한 새로운 능동 게이트 구동 기법]
   └ 학회: 전력전자학회 (IF: 0.41)
--------------------------------
[듀얼벅 인버터의 무효전력 보상 시 전류 왜곡 저감]
   └ 학회: 전력전자학회 (IF: 0.41)"
2432,2022,전기전자공학,196058317,전유종,2,0.0,0.0,"[150kW급 수소연료전지 차량용 DC/DC 컨버터 개발 및 실차모사 실험]
   └ 학회: 전력전자학회 (IF: 0.41)
--------------------------------
[넓은 전압 범위를 갖는 양방향 충전기 개발]
   └ 학회: 전력전자학회 (IF: 0.41)"
2433,2022,전기전자공학,376946845,박준성,2,0.0,0.0,"[150kW급 수소연료전지 차량용 DC/DC 컨버터 개발 및 실차모사 실험]
   └ 학회: 전력전자학회 (IF: 0.41)
--------------------------------
[넓은 전압 범위를 갖는 양방향 충전기 개발]
   └ 학회: 전력전자학회 (IF: 0.41)"
2434,2022,전기전자공학,2088228,백승우,2,0.0,0.0,"[출력 커패시터가 없는 위상천이 풀브릿지 컨버터의 전류 전향 보상을 이용한 출력 전압 제어 기법]
   └ 학회: 전력전자학회 (IF: 0.41)
--------------------------------
[넓은 입출력 전압을 위한 LLC 공진형 컨버터의 풀 브리지-하프 브리지 모드 변환 기법 연구]
   └ 학회: 전력전자학회 (IF: 0.41)"
2435,2022,전기전자공학,922746128,김효성,2,0.0,0.0,"[탠덤형 자석 소호기를 사용한 760V급 직류 개폐기의 차단 특성]
   └ 학회: 전력전자학회 (IF: 0.41)
--------------------------------
[저압직류용 하이브리드 차단기]
   └ 학회: 전력전자학회 (IF: 0.41)"
2436,2022,전기전자공학,838305450,우정원,2,0.0,0.0,"[넓은 공극 범위에서도 안정된 소프트 스위칭 동작 가능한 개선된 무선 전력 충전 시스템]
   └ 학회: 전력전자학회 (IF: 0.41)
--------------------------------
[넓은 공극범위에서 소프트스위칭 동작하는 무선전력 충전시스템]
   └ 학회: 전력전자학회 (IF: 0.41)"
2437,2022,전기전자공학,753000124,문유진,2,0.0,0.0,"[넓은 공극 범위에서도 안정된 소프트 스위칭 동작 가능한 개선된 무선 전력 충전 시스템]
   └ 학회: 전력전자학회 (IF: 0.41)
--------------------------------
[넓은 공극범위에서 소프트스위칭 동작하는 무선전력 충전시스템]
   └ 학회: 전력전자학회 (IF: 0.41)"
2438,2022,전기전자공학,555399239,김은수,2,0.0,0.0,"[넓은 공극 범위에서도 안정된 소프트 스위칭 동작 가능한 개선된 무선 전력 충전 시스템]
   └ 학회: 전력전자학회 (IF: 0.41)
--------------------------------
[넓은 공극범위에서 소프트스위칭 동작하는 무선전력 충전시스템]
   └ 학회: 전력전자학회 (IF: 0.41)"
2439,2022,전기전자공학,178187506,권재현,2,0.0,0.0,"[고전압 MLCC 시험을 위한 에너지 회수 회로 제안]
   └ 학회: 전력전자학회 (IF: 0.41)
--------------------------------
[배터리 충, 방전 및 영전압 제어를 위한 양방향 컨버터 설계]
   └ 학회: 전력전자학회 (IF: 0.41)"
2440,2022,전기전자공학,707071399,이준영,2,0.0,0.0,"[고전압 MLCC 시험을 위한 에너지 회수 회로 제안]
   └ 학회: 전력전자학회 (IF: 0.41)
--------------------------------
[배터리 충, 방전 및 영전압 제어를 위한 양방향 컨버터 설계]
   └ 학회: 전력전자학회 (IF: 0.41)"
2441,2022,전기전자공학,580006423,허훈,2,0.0,0.0,"[전기자동차용 유·무선 통합 충전을 고려한 무선 충전 시스템의 두 가지 제어 방식에 따른 효율 비교·분석]
   └ 학회: 전력전자학회 (IF: 0.41)
--------------------------------
[전기자동차 무선 충전용 수신패드 식별코일의 형상 설계 및 운용 방안]
   └ 학회: 전력전자학회 (IF: 0.41)"
2442,2022,전기전자공학,906610967,조현우,2,0.0,0.0,"[전기자동차용 유·무선 통합 충전 시스템의 고효율 동작을 위한 권선비 가변형 LLC 컨버터 설계 및 제어 방안]
   └ 학회: 전력전자학회 (IF: 0.41)
--------------------------------
[전기자동차 무선 충전용 수신패드 식별코일의 형상 설계 및 운용 방안]
   └ 학회: 전력전자학회 (IF: 0.41)"
2443,2022,전기전자공학,196929843,이주승,2,0.0,0.0,"[단일 소프트 스위칭 셀을 가진 다상 Interleaved ZVT Boost 컨버터]
   └ 학회: 전력전자학회 (IF: 0.41)
--------------------------------
[가용 동작 주파수 범위를 고려한 FB-SRC 기반 IH 쿡탑 시스템의 전력 제어 방안]
   └ 학회: 전력전자학회 (IF: 0.41)"
2444,2022,전기전자공학,148119065,황윤성,2,0.0,0.0,"[단일 소프트 스위칭 셀을 가진 다상 Interleaved ZVT Boost 컨버터]
   └ 학회: 전력전자학회 (IF: 0.41)
--------------------------------
[가용 동작 주파수 범위를 고려한 FB-SRC 기반 IH 쿡탑 시스템의 전력 제어 방안]
   └ 학회: 전력전자학회 (IF: 0.41)"
2445,2022,전기전자공학,434518212,강승현,2,0.0,0.0,"[단일 소프트 스위칭 셀을 가진 다상 Interleaved ZVT Boost 컨버터]
   └ 학회: 전력전자학회 (IF: 0.41)
--------------------------------
[가용 동작 주파수 범위를 고려한 FB-SRC 기반 IH 쿡탑 시스템의 전력 제어 방안]
   └ 학회: 전력전자학회 (IF: 0.41)"
2446,2022,전기전자공학,336549455,권만재,2,0.0,0.0,"[단일 소프트 스위칭 셀을 가진 다상 Interleaved ZVT Boost 컨버터]
   └ 학회: 전력전자학회 (IF: 0.41)
--------------------------------
[가용 동작 주파수 범위를 고려한 FB-SRC 기반 IH 쿡탑 시스템의 전력 제어 방안]
   └ 학회: 전력전자학회 (IF: 0.41)"
2447,2022,전기전자공학,728702704,장은수,2,0.0,0.0,"[단일 소프트 스위칭 셀을 가진 다상 Interleaved ZVT Boost 컨버터]
   └ 학회: 전력전자학회 (IF: 0.41)
--------------------------------
[가용 동작 주파수 범위를 고려한 FB-SRC 기반 IH 쿡탑 시스템의 전력 제어 방안]
   └ 학회: 전력전자학회 (IF: 0.41)"
2448,2022,전기전자공학,165025663,모재성,2,0.0,0.0,"[이중 변환 UPS 병렬 운전의 제어 동특성 향상을 위한 동기 좌표계 전압 제어기 구조]
   └ 학회: 전력전자학회 (IF: 0.41)
--------------------------------
[이중 변환 UPS의 병렬 운전 시 외란 저감 성능 향상을 위한 정지 좌표계 상의 전향 보상 기법]
   └ 학회: 전력전자학회 (IF: 0.41)"
2449,2022,전기전자공학,385952646,윤영두,2,0.0,0.0,"[이중 변환 UPS 병렬 운전의 제어 동특성 향상을 위한 동기 좌표계 전압 제어기 구조]
   └ 학회: 전력전자학회 (IF: 0.41)
--------------------------------
[이중 변환 UPS의 병렬 운전 시 외란 저감 성능 향상을 위한 정지 좌표계 상의 전향 보상 기법]
   └ 학회: 전력전자학회 (IF: 0.41)"
2450,2022,전기전자공학,678641973,류효준,2,0.0,0.0,"[이중 변환 UPS 병렬 운전의 제어 동특성 향상을 위한 동기 좌표계 전압 제어기 구조]
   └ 학회: 전력전자학회 (IF: 0.41)
--------------------------------
[이중 변환 UPS의 병렬 운전 시 외란 저감 성능 향상을 위한 정지 좌표계 상의 전향 보상 기법]
   └ 학회: 전력전자학회 (IF: 0.41)"
2451,2022,전기전자공학,128223969,최승철,2,0.0,0.0,"[이중 변환 UPS 병렬 운전의 제어 동특성 향상을 위한 동기 좌표계 전압 제어기 구조]
   └ 학회: 전력전자학회 (IF: 0.41)
--------------------------------
[이중 변환 UPS의 병렬 운전 시 외란 저감 성능 향상을 위한 정지 좌표계 상의 전향 보상 기법]
   └ 학회: 전력전자학회 (IF: 0.41)"
2452,2022,전기전자공학,657396563,차헌녕,2,0.0,0.0,"[양극성 DC 배전 시스템 적용을 위한 결합 인덕터 기반의 전압 밸런싱 이중 출력 CLL 공진형 컨버터]
   └ 학회: 전력전자학회 (IF: 0.41)
--------------------------------
[가변 인덕터를 적용한 2상 인터리브드 벅 컨버터의 전류 불평형 저감에 관한 연구]
   └ 학회: 전력전자학회 (IF: 0.41)"
2453,2022,전기전자공학,976283718,정세윤,2,0.0,0.0,"[신경망 기반 비디오 압축을 위한 레이턴트 정보의 방향 이동 및 보상]
   └ 학회: 한국방송·미디어공학회 (IF: 0.39)
--------------------------------
[PCA 기반 변환을 통한 다해상도 피처 맵 압축 방법]
   └ 학회: 한국방송·미디어공학회 (IF: 0.39)"
2454,2022,전기전자공학,515662963,김민섭,2,0.0,0.0,"[PCA 기반 변환을 통한 다해상도 피처 맵 압축 방법]
   └ 학회: 한국방송·미디어공학회 (IF: 0.39)
--------------------------------
[계층 간 특징 복원-예측 네트워크를 통한 피라미드 특징 압축]
   └ 학회: 한국방송·미디어공학회 (IF: 0.39)"
2455,2022,전기전자공학,724271174,박병서,2,0.0,0.0,"[고해상도 영상 압축을 위한 SPIHT 기반의 부대역 분할 압축 방법]
   └ 학회: 한국방송·미디어공학회 (IF: 0.39)
--------------------------------
[3D 볼류메트릭 모델의 동적 복원 알고리즘]
   └ 학회: 한국방송·미디어공학회 (IF: 0.39)"
2456,2022,전기전자공학,618664617,서정일,2,0.0,0.0,"[인공지능 기반 멀티태스크를 위한 비디오 코덱의 성능평가 방법]
   └ 학회: 한국방송·미디어공학회 (IF: 0.39)
--------------------------------
[MPEG CDVA 전역 특징 서술자 압축 방법]
   └ 학회: 한국방송·미디어공학회 (IF: 0.39)"
2457,2022,전기전자공학,975609549,김용석,2,0.0,0.0,"[5G 이동통신망을 통한 상용 4K UHD 스트리밍 장치]
   └ 학회: 한국방송·미디어공학회 (IF: 0.39)
--------------------------------
[5G 이동통신망을 통한 상용 4K UHD 스트리밍 장치]
   └ 학회: 한국방송·미디어공학회 (IF: 0.39)"
2458,2022,전기전자공학,840875859,이륜경,2,0.0,0.0,"[C-Vine Copula 기반의 풍력 발전 투입을 위한 확률론적 조류 계산]
   └ 학회: 대한전기학회 (IF: 0.37)
--------------------------------
[풍력 발전과 부하 사이의 상관성을 고려한 확률론적 전력 조류 해석 기법 제안]
   └ 학회: 대한전기학회 (IF: 0.37)"
2459,2022,전기전자공학,427678799,박예지,2,0.0,0.0,"[라인 기동식 릴럭턴스 전동기의 동기화 특성에 관한 연구]
   └ 학회: 대한전기학회 (IF: 0.37)
--------------------------------
[극 슬롯 조합에 따른 영구자석 표면 부착형 동기전동기의 특성 분석 연구]
   └ 학회: 대한전기학회 (IF: 0.37)"
2460,2022,전기전자공학,801559294,강준호,2,0.0,0.0,"[라인 기동식 릴럭턴스 전동기의 동기화 특성에 관한 연구]
   └ 학회: 대한전기학회 (IF: 0.37)
--------------------------------
[극 슬롯 조합에 따른 영구자석 표면 부착형 동기전동기의 특성 분석 연구]
   └ 학회: 대한전기학회 (IF: 0.37)"
2461,2022,전기전자공학,353685209,김정원,2,0.0,0.0,"[라인 기동식 릴럭턴스 전동기의 동기화 특성에 관한 연구]
   └ 학회: 대한전기학회 (IF: 0.37)
--------------------------------
[극 슬롯 조합에 따른 영구자석 표면 부착형 동기전동기의 특성 분석 연구]
   └ 학회: 대한전기학회 (IF: 0.37)"
2462,2022,전기전자공학,636876070,맹창엽,2,0.0,0.0,"[Volt-Var 특성 곡선의 기울기가 전압 Oscillation에 미치는 영향]
   └ 학회: 대한전기학회 (IF: 0.37)
--------------------------------
[스마트 인버터의 자율적인 Volt-VAR 곡선 변경을 통한 연계점 전압의 안정화]
   └ 학회: 대한전기학회 (IF: 0.37)"
2463,2022,전기전자공학,370231128,김현진,2,0.0,0.0,"[Volt-Var 특성 곡선의 기울기가 전압 Oscillation에 미치는 영향]
   └ 학회: 대한전기학회 (IF: 0.37)
--------------------------------
[스마트 인버터의 자율적인 Volt-VAR 곡선 변경을 통한 연계점 전압의 안정화]
   └ 학회: 대한전기학회 (IF: 0.37)"
2464,2022,전기전자공학,472186701,허준서,2,0.0,0.0,"[비선형 마찰 모델을 고려한 BLDC 모터의 적분 슬라이딩 모드 제어]
   └ 학회: 대한전기학회 (IF: 0.37)
--------------------------------
[쿼드로터 시스템의 강인 추종 제어를 위한 적분 슬라이딩 모드 기반 외란 관측기 및 제어기 설계]
   └ 학회: 대한전기학회 (IF: 0.37)"
2465,2022,전기전자공학,305564756,이진,2,0.0,0.0,"[확률적 정보량에 의한 표면근전도 진폭 추정 매개변수 평가]
   └ 학회: 대한전기학회 (IF: 0.37)
--------------------------------
[Permutation Lempel-Ziv 복잡성 척도를 적용한 근 피로도 추정]
   └ 학회: 대한전기학회 (IF: 0.37)"
2466,2022,전기전자공학,1773022,정기석,2,0.0,0.0,"[자가용 전기설비의 변압기 검사 통계 기반 교체 주기 분석]
   └ 학회: 대한전기학회 (IF: 0.37)
--------------------------------
[천연가스 정압소에 설치한 터보팽창형 유도발전기의 계통 연계 시 과도특성 해석]
   └ 학회: 대한전기학회 (IF: 0.37)"
2467,2022,전기전자공학,126261769,임용배,2,0.0,0.0,"[기획 시리즈 주제 소개 - 전기 재난(Electricity and Disaster)]
   └ 학회: 대한전기학회 (IF: 0.37)
--------------------------------
[전기분야 기후변화 리스크 평가 방법론에 관한 연구]
   └ 학회: 대한전기학회 (IF: 0.37)"
2468,2022,전기전자공학,649220664,박세준,2,0.0,0.0,"[안정적 전력계통의 운영을 위한 유연성 지수의 분석 및 개선]
   └ 학회: 대한전기학회 (IF: 0.37)
--------------------------------
[입력 데이터 전처리 과정을 통한 태양광 발전량 예측 모델 성능 향상]
   └ 학회: 대한전기학회 (IF: 0.37)"
2469,2022,전기전자공학,1396302,차주홍,2,0.0,0.0,"[이중 안테나 제어에 따른 유도결합 N₂/NH₃/SiH₄ 플라스마의 전자 및 라디칼 밀도 분포]
   └ 학회: 대한전기학회 (IF: 0.37)
--------------------------------
[중성 종의 열 유동 해석 및 플라스마 유체 시뮬레이션을 이용한 유도 결합 Ar/H2 플라스마의 특성 분석]
   └ 학회: 대한전기학회 (IF: 0.37)"
2470,2022,전기전자공학,977890131,김발호,2,0.0,0.0,"[신뢰도지표를 활용한 신 가치기반신뢰도평가 (VBDRA) 기반의 배전 설비 투자 선택 방안 연구]
   └ 학회: 대한전기학회 (IF: 0.37)
--------------------------------
[대규모 지능형 전력망의 사이버보안 위험성에 대한 평가 방법론]
   └ 학회: 대한전기학회 (IF: 0.37)"
2471,2022,전기전자공학,998450510,이세희,2,0.0,0.0,"[공간전하를 고려한 HVDC 시스템의 절연메커니즘 해석]
   └ 학회: 대한전기학회 (IF: 0.37)
--------------------------------
[탄소중립을 위한 전기물성 · 응용부문회(C)의 전기산업발전 방향]
   └ 학회: 대한전기학회 (IF: 0.37)"
2472,2022,전기전자공학,720558924,황현석,2,0.0,0.0,"[기능성 코팅과 후면 방열시트가 적용된 태양광 모듈의 방열 특성분석]
   └ 학회: 대한전기학회 (IF: 0.37)
--------------------------------
[압전 액추에이터를 이용한 저전압 구동 MEMS 가변 캐패시터]
   └ 학회: 대한전기학회 (IF: 0.37)"
2473,2022,전기전자공학,421693527,우경일,2,0.0,0.0,"[SPMSM 설계를 위한 Slotless SPM 모델의 무부하 역기전력 해석]
   └ 학회: 대한전기학회 (IF: 0.37)
--------------------------------
[위상시프트 제어법을 적용한 공진형 스위치드 커패시터 DC-DC 컨버터의 특성]
   └ 학회: 대한전기학회 (IF: 0.37)"
2474,2022,전기전자공학,264439314,나원상,2,0.0,0.0,"[변전소 불량애자 검출을 위한 드론 EO/IR 영상 기반의 경량화 객체탐지 모델 응용 연구]
   └ 학회: 대한전기학회 (IF: 0.37)
--------------------------------
[기동모델이 변침기동 탄도탄 추적에 미치는 영향에 대한 고찰]
   └ 학회: 대한전기학회 (IF: 0.37)"
2475,2022,전기전자공학,123685948,채동주,2,0.0,0.0,"[태양광발전원 계층별 전기적 특성에 대한 위해성 영향 연구]
   └ 학회: 대한전기학회 (IF: 0.37)
--------------------------------
[ESRGAN 기반 영상 초해상화를 통한 전기설비 상태정보 추출 연구]
   └ 학회: 대한전기학회 (IF: 0.37)"
2476,2022,전기전자공학,774653700,이기연,2,0.0,0.0,"[태양광발전원 계층별 전기적 특성에 대한 위해성 영향 연구]
   └ 학회: 대한전기학회 (IF: 0.37)
--------------------------------
[ESRGAN 기반 영상 초해상화를 통한 전기설비 상태정보 추출 연구]
   └ 학회: 대한전기학회 (IF: 0.37)"
2477,2022,전기전자공학,972547960,임승택,2,0.0,0.0,"[태양광발전원 계층별 전기적 특성에 대한 위해성 영향 연구]
   └ 학회: 대한전기학회 (IF: 0.37)
--------------------------------
[ESRGAN 기반 영상 초해상화를 통한 전기설비 상태정보 추출 연구]
   └ 학회: 대한전기학회 (IF: 0.37)"
2478,2022,전기전자공학,270477642,Ahmed H. Okilly,2,0.0,0.0,"[Design of Wide Input Voltage Range and High PF Two-Stage AC-AC Converter Suitable for Inductive Loads]
   └ 학회: 대한전기학회 (IF: 0.37)
--------------------------------
[Magnetic Power Components Design Analysis and Manufacturing For an-Isolated High-Power Density Telecom DC-DC Converter Stage]
   └ 학회: 대한전기학회 (IF: 0.37)"
2479,2022,전기전자공학,234428251,백제훈,2,0.0,0.0,"[Design of Wide Input Voltage Range and High PF Two-Stage AC-AC Converter Suitable for Inductive Loads]
   └ 학회: 대한전기학회 (IF: 0.37)
--------------------------------
[Magnetic Power Components Design Analysis and Manufacturing For an-Isolated High-Power Density Telecom DC-DC Converter Stage]
   └ 학회: 대한전기학회 (IF: 0.37)"
2480,2022,전기전자공학,810197283,주영훈,2,0.0,0.0,"[CCTV 기반 화염의 특성과 밀도 기반 공간 클러스터링을 이용한 화재 감지 방법]
   └ 학회: 대한전기학회 (IF: 0.37)
--------------------------------
[부하토크의 변동이 있는 PMSM을 위한 MRAS 기반 셀프튜닝 PI 속도제어]
   └ 학회: 대한전기학회 (IF: 0.37)"
2481,2022,전기전자공학,491441659,신훈영,2,0.0,0.0,"[미국 내 다중 간격 실시간 시장 운영 및 가격 결정 방식 분석]
   └ 학회: 대한전기학회 (IF: 0.37)
--------------------------------
[풍력 발전과 부하 사이의 상관성을 고려한 확률론적 전력 조류 해석 기법 제안]
   └ 학회: 대한전기학회 (IF: 0.37)"
2482,2022,전기전자공학,210122372,양정욱,2,0.0,0.0,"[접지시스템 최적 설계 사례 연구]
   └ 학회: 대한전기학회 (IF: 0.37)
--------------------------------
[접지시스템 최적 설계 사례 연구]
   └ 학회: 대한전기학회 (IF: 0.37)"
2483,2022,전기전자공학,502889377,김광호,2,0.0,0.0,"[ABCD 파라미터를 활용한 PT의 고주파 전달특성 측정 및 분석]
   └ 학회: 대한전기학회 (IF: 0.37)
--------------------------------
[접지망에서의 과도 전위 변동으로 인한 2차 케이블의 전압변동 예측을 위한 등가 회로모델 개발에 대한 연구]
   └ 학회: 대한전기학회 (IF: 0.37)"
2484,2022,전기전자공학,427823557,박민혜,2,0.0,0.0,"[ABCD 파라미터를 활용한 PT의 고주파 전달특성 측정 및 분석]
   └ 학회: 대한전기학회 (IF: 0.37)
--------------------------------
[접지망에서의 과도 전위 변동으로 인한 2차 케이블의 전압변동 예측을 위한 등가 회로모델 개발에 대한 연구]
   └ 학회: 대한전기학회 (IF: 0.37)"
2485,2022,전기전자공학,460371627,심선주,2,0.0,0.0,"[ABCD 파라미터를 활용한 PT의 고주파 전달특성 측정 및 분석]
   └ 학회: 대한전기학회 (IF: 0.37)
--------------------------------
[접지망에서의 과도 전위 변동으로 인한 2차 케이블의 전압변동 예측을 위한 등가 회로모델 개발에 대한 연구]
   └ 학회: 대한전기학회 (IF: 0.37)"
2486,2022,전기전자공학,570191409,이광호,2,0.0,0.0,"[탄소배출권 시장과 연동된 전력시장에서의 시장가격 분석모형 연구]
   └ 학회: 대한전기학회 (IF: 0.37)
--------------------------------
[행위자-기반 기법을 이용한 불완비정보 전력시장에서의 균형상태 해석]
   └ 학회: 대한전기학회 (IF: 0.37)"
2487,2022,전기전자공학,201968178,윤효원,2,0.0,0.0,"[공정 산포에 강한 1.2 kV급 SiC MOSFET 설계]
   └ 학회: 대한전기학회 (IF: 0.37)
--------------------------------
[1.2 kV 급 SiC Trench MOSFET의 게이트 산화막에서의 전계 집중 현상 억제를 위한 설계]
   └ 학회: 대한전기학회 (IF: 0.37)"
2488,2022,전기전자공학,199052566,김채윤,2,0.0,0.0,"[공정 산포에 강한 1.2 kV급 SiC MOSFET 설계]
   └ 학회: 대한전기학회 (IF: 0.37)
--------------------------------
[1.2 kV 급 SiC Trench MOSFET의 게이트 산화막에서의 전계 집중 현상 억제를 위한 설계]
   └ 학회: 대한전기학회 (IF: 0.37)"
2489,2022,전기전자공학,612629393,박영은,2,0.0,0.0,"[공정 산포에 강한 1.2 kV급 SiC MOSFET 설계]
   └ 학회: 대한전기학회 (IF: 0.37)
--------------------------------
[1.2 kV 급 SiC Trench MOSFET의 게이트 산화막에서의 전계 집중 현상 억제를 위한 설계]
   └ 학회: 대한전기학회 (IF: 0.37)"
2490,2022,전기전자공학,169650328,김광재,2,0.0,0.0,"[공정 산포에 강한 1.2 kV급 SiC MOSFET 설계]
   └ 학회: 대한전기학회 (IF: 0.37)
--------------------------------
[1.2 kV 급 SiC Trench MOSFET의 게이트 산화막에서의 전계 집중 현상 억제를 위한 설계]
   └ 학회: 대한전기학회 (IF: 0.37)"
2491,2022,전기전자공학,633287310,강규혁,2,0.0,0.0,"[공정 산포에 강한 1.2 kV급 SiC MOSFET 설계]
   └ 학회: 대한전기학회 (IF: 0.37)
--------------------------------
[1.2 kV 급 SiC Trench MOSFET의 게이트 산화막에서의 전계 집중 현상 억제를 위한 설계]
   └ 학회: 대한전기학회 (IF: 0.37)"
2492,2022,전기전자공학,214911192,석오균,2,0.0,0.0,"[공정 산포에 강한 1.2 kV급 SiC MOSFET 설계]
   └ 학회: 대한전기학회 (IF: 0.37)
--------------------------------
[1.2 kV 급 SiC Trench MOSFET의 게이트 산화막에서의 전계 집중 현상 억제를 위한 설계]
   └ 학회: 대한전기학회 (IF: 0.37)"
2493,2022,전기전자공학,893317442,이병성,2,0.0,0.0,"[생존분석 기반 배전설비 자산건전도 평가표 구성방안에 관한 연구]
   └ 학회: 대한전기학회 (IF: 0.37)
--------------------------------
[탄소중립을 위한 전기물성 · 응용부문회(C)의 전기산업발전 방향]
   └ 학회: 대한전기학회 (IF: 0.37)"
2494,2022,전기전자공학,727619803,김규식,2,0.0,0.0,"[수소연료전지 통합운영시스템을 위한 통신클래스 설계]
   └ 학회: 대한전기학회 (IF: 0.37)
--------------------------------
[반도체 센서를 이용한 라돈측정기의 구현]
   └ 학회: 대한전기학회 (IF: 0.37)"
2495,2022,전기전자공학,679426040,김영근,2,0.0,0.0,"[다구찌기법 기반 25.8kV 친환경 가스개폐기 최적 절연설계]
   └ 학회: 대한전기학회 (IF: 0.37)
--------------------------------
[저압직류차단기의 소전류 영역 차단특성과 성능향상을 위한 연구]
   └ 학회: 대한전기학회 (IF: 0.37)"
2496,2022,전기전자공학,410855104,조해용,2,0.0,0.0,"[다구찌기법 기반 25.8kV 친환경 가스개폐기 최적 절연설계]
   └ 학회: 대한전기학회 (IF: 0.37)
--------------------------------
[저압직류차단기의 소전류 영역 차단특성과 성능향상을 위한 연구]
   └ 학회: 대한전기학회 (IF: 0.37)"
2497,2022,전기전자공학,339379,김태규,2,0.0,0.0,"[압전 변압기를 적용한 단락 사고 보호 시스템 설계에 관한 연구]
   └ 학회: 대한전기학회 (IF: 0.37)
--------------------------------
[Langevin 타입 압전변환기의 수중환경 부하 모델링 및 임피던스 특성 분석에 관한 연구]
   └ 학회: 대한전기학회 (IF: 0.37)"
2498,2022,전기전자공학,147674782,최예지,1,0.0,0.0,"[Design of Low-Power Variable Gain Amplifier]
   └ 학회: 제어로봇시스템학회 (IF: 0.85)"
2499,2022,전기전자공학,744734226,전소율,1,0.0,0.0,"[상보 필터를 이용한 사용자 상체 기울기 인식 전동 휠체어 설계 및 제작]
   └ 학회: 제어로봇시스템학회 (IF: 0.85)"
2500,2022,전기전자공학,444659761,염혜경,1,0.0,0.0,"[상보 필터를 이용한 사용자 상체 기울기 인식 전동 휠체어 설계 및 제작]
   └ 학회: 제어로봇시스템학회 (IF: 0.85)"
2501,2022,전기전자공학,841138360,최민범,1,0.0,0.0,"[상보 필터를 이용한 사용자 상체 기울기 인식 전동 휠체어 설계 및 제작]
   └ 학회: 제어로봇시스템학회 (IF: 0.85)"
2502,2022,전기전자공학,194762270,김민구,1,0.0,0.0,"[상보 필터를 이용한 사용자 상체 기울기 인식 전동 휠체어 설계 및 제작]
   └ 학회: 제어로봇시스템학회 (IF: 0.85)"
2503,2022,전기전자공학,509638193,김승기,1,0.0,0.0,"[근전전동의수의 손동작 변환 방법에 대한 정량적 분석]
   └ 학회: 제어로봇시스템학회 (IF: 0.85)"
2504,2022,전기전자공학,753815608,정성윤,1,0.0,0.0,"[근전전동의수의 손동작 변환 방법에 대한 정량적 분석]
   └ 학회: 제어로봇시스템학회 (IF: 0.85)"
2505,2022,전기전자공학,249356894,김경호,1,0.0,0.0,"[근전전동의수의 손동작 변환 방법에 대한 정량적 분석]
   └ 학회: 제어로봇시스템학회 (IF: 0.85)"
2506,2022,전기전자공학,701282,박세훈,1,0.0,0.0,"[근전전동의수의 손동작 변환 방법에 대한 정량적 분석]
   └ 학회: 제어로봇시스템학회 (IF: 0.85)"
2507,2022,전기전자공학,628356979,이준우,1,0.0,0.0,"[관절 공간에서 DSP 기반의 협업 로봇 제어 구현의 튜토리얼]
   └ 학회: 제어로봇시스템학회 (IF: 0.85)"
2508,2022,전기전자공학,725253257,손지창,1,0.0,0.0,"[방향성 강판을 적용한 로봇 관절용 표면 부착형 영구자석 동기전동기의 설계]
   └ 학회: 제어로봇시스템학회 (IF: 0.85)"
2509,2022,전기전자공학,887930018,류현재,1,0.0,0.0,"[산업용 로봇암의 잔류진동 저감을 위한 포텐셜 필드 기반 충돌 회피 궤적 계획]
   └ 학회: 제어로봇시스템학회 (IF: 0.85)"
2510,2022,전기전자공학,278265927,김근태,1,0.0,0.0,"[드럼보일러 증기발생기 수위 안정을 위한 급수펌프 유량제어특성 개선]
   └ 학회: 제어로봇시스템학회 (IF: 0.85)"
2511,2022,전기전자공학,907353042,정진도,1,0.0,0.0,"[드럼보일러 증기발생기 수위 안정을 위한 급수펌프 유량제어특성 개선]
   └ 학회: 제어로봇시스템학회 (IF: 0.85)"
2512,2022,전기전자공학,602501701,김진석,1,0.0,0.0,"[차량 내 전원 배선 및 커넥터 결함 검출을 위한 정상파 반사 측정 시스템]
   └ 학회: 제어로봇시스템학회 (IF: 0.85)"
2513,2022,전기전자공학,583540050,정성윤,1,0.0,0.0,"[차량 내 전원 배선 및 커넥터 결함 검출을 위한 정상파 반사 측정 시스템]
   └ 학회: 제어로봇시스템학회 (IF: 0.85)"
2514,2022,전기전자공학,970214681,박채훈,1,0.0,0.0,"[Octorotor PMSM 의 상호 다중 모델 필터 기반 고장 검출과 진단]
   └ 학회: 제어로봇시스템학회 (IF: 0.85)"
2515,2022,전기전자공학,887425829,조영곤,1,0.0,0.0,"[모형 차량에서의 영상센서와 초음파센서를 활용한 자율 발렛 주차 궤적 수정]
   └ 학회: 제어로봇시스템학회 (IF: 0.85)"
2516,2022,전기전자공학,362619624,하정목,1,0.0,0.0,"[모형 차량에서의 영상센서와 초음파센서를 활용한 자율 발렛 주차 궤적 수정]
   └ 학회: 제어로봇시스템학회 (IF: 0.85)"
2517,2022,전기전자공학,385765009,김수환,1,0.0,0.0,"[복소수와 사원수를 이용한 회전이동에 대한 튜토리얼]
   └ 학회: 제어로봇시스템학회 (IF: 0.85)"
2518,2022,전기전자공학,190718465,김민경,1,0.0,0.0,"[복소수와 사원수를 이용한 회전이동에 대한 튜토리얼]
   └ 학회: 제어로봇시스템학회 (IF: 0.85)"
2519,2022,전기전자공학,659112292,김준용,1,0.0,0.0,"[정적 영상 기반 행동 인식을 활용한 낙상 감지 기술 및 운전자 부주의 감지 기술 개발]
   └ 학회: 제어로봇시스템학회 (IF: 0.85)"
2520,2022,전기전자공학,763092881,정형채,1,0.0,0.0,"[케이블 구동형 다자유도 유연 로봇 암 개발]
   └ 학회: 제어로봇시스템학회 (IF: 0.85)"
2521,2022,전기전자공학,500399270,이한결,1,0.0,0.0,"[케이블 구동형 다자유도 유연 로봇 암 개발]
   └ 학회: 제어로봇시스템학회 (IF: 0.85)"
2522,2022,전기전자공학,870749460,나윤채,1,0.0,0.0,"[케이블 구동형 다자유도 유연 로봇 암 개발]
   └ 학회: 제어로봇시스템학회 (IF: 0.85)"
2523,2022,전기전자공학,727292316,정지윤,1,0.0,0.0,"[케이블 구동형 다자유도 유연 로봇 암 개발]
   └ 학회: 제어로봇시스템학회 (IF: 0.85)"
2524,2022,전기전자공학,360480887,이수영,1,0.0,0.0,"[케이블 구동형 다자유도 유연 로봇 암 개발]
   └ 학회: 제어로봇시스템학회 (IF: 0.85)"
2525,2022,전기전자공학,655645421,송재열,1,0.0,0.0,"[크레인 충돌 방지를 위한 특징 추출 기반의 SLAM 기법]
   └ 학회: 제어로봇시스템학회 (IF: 0.85)"
2526,2022,전기전자공학,817647403,고윤호,1,0.0,0.0,"[크레인 충돌 방지를 위한 특징 추출 기반의 SLAM 기법]
   └ 학회: 제어로봇시스템학회 (IF: 0.85)"
2527,2022,전기전자공학,710323110,김우빈,1,0.0,0.0,"[Camera Switching 및 차량의 주행 방향을 활용한 자율 발렛 주차]
   └ 학회: 제어로봇시스템학회 (IF: 0.85)"
2528,2022,전기전자공학,112563941,김예빈,1,0.0,0.0,"[Camera Switching 및 차량의 주행 방향을 활용한 자율 발렛 주차]
   └ 학회: 제어로봇시스템학회 (IF: 0.85)"
2529,2022,전기전자공학,939879729,홍유민,1,0.0,0.0,"[Camera Switching 및 차량의 주행 방향을 활용한 자율 발렛 주차]
   └ 학회: 제어로봇시스템학회 (IF: 0.85)"
2530,2022,전기전자공학,536296670,안보현,1,0.0,0.0,"[분석적 계층화 기법을 활용한 환자이승로봇 흔들림 제어기의 최적 제어 파라메터 선정 방법]
   └ 학회: 제어로봇시스템학회 (IF: 0.85)"
2531,2022,전기전자공학,549611323,김창원,1,0.0,0.0,"[분석적 계층화 기법을 활용한 환자이승로봇 흔들림 제어기의 최적 제어 파라메터 선정 방법]
   └ 학회: 제어로봇시스템학회 (IF: 0.85)"
2532,2022,전기전자공학,129306923,정의택,1,0.0,0.0,"[SVM 을 이용한 무인이동체의 외란 분류 기법 연구]
   └ 학회: 제어로봇시스템학회 (IF: 0.85)"
2533,2022,전기전자공학,701160818,장서윤,1,0.0,0.0,"[2차원 영상에서의 깊이 추정을 위한 객체 인식 제어 방법]
   └ 학회: 제어로봇시스템학회 (IF: 0.85)"
2534,2022,전기전자공학,484929275,이상열,1,0.0,0.0,"[2차원 영상에서의 깊이 추정을 위한 객체 인식 제어 방법]
   └ 학회: 제어로봇시스템학회 (IF: 0.85)"
2535,2022,전기전자공학,423603968,Ruihan Ma,1,0.0,0.0,"[Application of a Deep Learning-Based Instance Segmentation Model for Behavior Classification of Pigs]
   └ 학회: 제어로봇시스템학회 (IF: 0.85)"
2536,2022,전기전자공학,943837204,Jin-Seong Park,1,0.0,0.0,"[Application of a Deep Learning-Based Instance Segmentation Model for Behavior Classification of Pigs]
   └ 학회: 제어로봇시스템학회 (IF: 0.85)"
2537,2022,전기전자공학,319471525,Sung Hoon Kim,1,0.0,0.0,"[Application of a Deep Learning-Based Instance Segmentation Model for Behavior Classification of Pigs]
   └ 학회: 제어로봇시스템학회 (IF: 0.85)"
2538,2022,전기전자공학,141446232,김상철,1,0.0,0.0,"[Application of a Deep Learning-Based Instance Segmentation Model for Behavior Classification of Pigs]
   └ 학회: 제어로봇시스템학회 (IF: 0.85)"
2539,2022,전기전자공학,258963373,이지원,1,0.0,0.0,"[손 제스처와 진동촉각피드백을 이용한 사용자 친화적인 드론 제어 인터페이스 구현]
   └ 학회: 제어로봇시스템학회 (IF: 0.85)"
2540,2022,전기전자공학,755232412,김건중,1,0.0,0.0,"[손 제스처와 진동촉각피드백을 이용한 사용자 친화적인 드론 제어 인터페이스 구현]
   └ 학회: 제어로봇시스템학회 (IF: 0.85)"
2541,2022,전기전자공학,139481384,유기호,1,0.0,0.0,"[손 제스처와 진동촉각피드백을 이용한 사용자 친화적인 드론 제어 인터페이스 구현]
   └ 학회: 제어로봇시스템학회 (IF: 0.85)"
2542,2022,전기전자공학,474579369,강석운,1,0.0,0.0,"[O2RB 피처를 활용한 어안렌즈용 Visual-SLAM]
   └ 학회: 제어로봇시스템학회 (IF: 0.85)"
2543,2022,전기전자공학,419548058,이은종,1,0.0,0.0,"[O2RB 피처를 활용한 어안렌즈용 Visual-SLAM]
   └ 학회: 제어로봇시스템학회 (IF: 0.85)"
2544,2022,전기전자공학,286785137,차재혁,1,0.0,0.0,"[고 해상도 버퍼 설계를 통한 전달 정렬의 측정치 시간 지연 보상 기법]
   └ 학회: 제어로봇시스템학회 (IF: 0.85)"
2545,2022,전기전자공학,728084,김광훈,1,0.0,0.0,"[고 해상도 버퍼 설계를 통한 전달 정렬의 측정치 시간 지연 보상 기법]
   └ 학회: 제어로봇시스템학회 (IF: 0.85)"
2546,2022,전기전자공학,309432632,권승복,1,0.0,0.0,"[고 해상도 버퍼 설계를 통한 전달 정렬의 측정치 시간 지연 보상 기법]
   └ 학회: 제어로봇시스템학회 (IF: 0.85)"
2547,2022,전기전자공학,580922054,임유진,1,0.0,0.0,"[다중빔음향측심기 계측모델을 활용한 실시간 해저지형도 작성 모의시험]
   └ 학회: 제어로봇시스템학회 (IF: 0.85)"
2548,2022,전기전자공학,178183932,이세진,1,0.0,0.0,"[다중빔음향측심기 계측모델을 활용한 실시간 해저지형도 작성 모의시험]
   └ 학회: 제어로봇시스템학회 (IF: 0.85)"
2549,2022,전기전자공학,567858390,박신배,1,0.0,0.0,"[대잠전용 무인수상로봇의 자율운항시스템 설계를 위한 LQR 기반 경로추종 알고리즘 연구]
   └ 학회: 제어로봇시스템학회 (IF: 0.85)"
2550,2022,전기전자공학,943863961,김성순,1,0.0,0.0,"[쿼드트랙 주행메커니즘을 갖는 수중로버 하부캐리지 개발]
   └ 학회: 제어로봇시스템학회 (IF: 0.85)"
2551,2022,전기전자공학,367555818,박상현,1,0.0,0.0,"[쿼드트랙 주행메커니즘을 갖는 수중로버 하부캐리지 개발]
   └ 학회: 제어로봇시스템학회 (IF: 0.85)"
2552,2022,전기전자공학,4038375,홍섭,1,0.0,0.0,"[쿼드트랙 주행메커니즘을 갖는 수중로버 하부캐리지 개발]
   └ 학회: 제어로봇시스템학회 (IF: 0.85)"
2553,2022,전기전자공학,590561669,이주호,1,0.0,0.0,"[해양공학수조 환경을 고려한 수중함 자유항주모형의 수중 복합항법 기반 경로점 추종 및 고장 허용 제어기 개발]
   └ 학회: 제어로봇시스템학회 (IF: 0.85)"
2554,2022,전기전자공학,105326567,권오순,1,0.0,0.0,"[해양로봇 성능평가에 관한 동향 분석 및 객관적 시험절차 구축에 관한 연구]
   └ 학회: 제어로봇시스템학회 (IF: 0.85)"
2555,2022,전기전자공학,583598636,박재성,1,0.0,0.0,"[인장스프링을 활용한 모터 직접 구동형 양방향 날갯짓 장치 개발]
   └ 학회: 제어로봇시스템학회 (IF: 0.85)"
2556,2022,전기전자공학,725582969,강태삼,1,0.0,0.0,"[인장스프링을 활용한 모터 직접 구동형 양방향 날갯짓 장치 개발]
   └ 학회: 제어로봇시스템학회 (IF: 0.85)"
2557,2022,전기전자공학,549339231,박정근,1,0.0,0.0,"[인장스프링을 활용한 모터 직접 구동형 양방향 날갯짓 장치 개발]
   └ 학회: 제어로봇시스템학회 (IF: 0.85)"
2558,2022,전기전자공학,122253876,안종민,1,0.0,0.0,"[전동휠체어 구동용 표면 부착형 영구자석 동기전동기 최적 설계]
   └ 학회: 제어로봇시스템학회 (IF: 0.85)"
2559,2022,전기전자공학,882804216,문기영,1,0.0,0.0,"[전동휠체어 구동용 표면 부착형 영구자석 동기전동기 최적 설계]
   └ 학회: 제어로봇시스템학회 (IF: 0.85)"
2560,2022,전기전자공학,551580808,배기준,1,0.0,0.0,"[전동휠체어 구동용 표면 부착형 영구자석 동기전동기 최적 설계]
   └ 학회: 제어로봇시스템학회 (IF: 0.85)"
2561,2022,전기전자공학,954048016,Hisham Abdalla,1,0.0,0.0,"[A Study on Real-Time Data Transmission of Cloud Controlled Mobile Robots]
   └ 학회: 제어로봇시스템학회 (IF: 0.85)"
2562,2022,전기전자공학,967133344,김문유,1,0.0,0.0,"[특이 섭동 기법 기반의 이륜 역진자 로봇 궤적 생성 기법]
   └ 학회: 제어로봇시스템학회 (IF: 0.85)"
2563,2022,전기전자공학,521708419,정주노,1,0.0,0.0,"[특이 섭동 기법 기반의 이륜 역진자 로봇 궤적 생성 기법]
   └ 학회: 제어로봇시스템학회 (IF: 0.85)"
2564,2022,전기전자공학,779430852,김형진,1,0.0,0.0,"[라이다 센서를 이용한 접/이안 모니터링 시스템의 대형 선박 추적 방법]
   └ 학회: 제어로봇시스템학회 (IF: 0.85)"
2565,2022,전기전자공학,176029027,김한근,1,0.0,0.0,"[라이다 센서를 이용한 접/이안 모니터링 시스템의 대형 선박 추적 방법]
   └ 학회: 제어로봇시스템학회 (IF: 0.85)"
2566,2022,전기전자공학,402471070,김동훈,1,0.0,0.0,"[라이다 센서를 이용한 접/이안 모니터링 시스템의 대형 선박 추적 방법]
   └ 학회: 제어로봇시스템학회 (IF: 0.85)"
2567,2022,전기전자공학,575836291,조현준,1,0.0,0.0,"[무인 수상선의 수중 추진기 고장 진단 연구를 위한 고장 특성 인자 선정 및 실험]
   └ 학회: 제어로봇시스템학회 (IF: 0.85)"
2568,2022,전기전자공학,581189312,최형식,1,0.0,0.0,"[무인 수상선의 수중 추진기 고장 진단 연구를 위한 고장 특성 인자 선정 및 실험]
   └ 학회: 제어로봇시스템학회 (IF: 0.85)"
2569,2022,전기전자공학,208342570,김형진,1,0.0,0.0,"[무인 수상선의 수중 추진기 고장 진단 연구를 위한 고장 특성 인자 선정 및 실험]
   └ 학회: 제어로봇시스템학회 (IF: 0.85)"
2570,2022,전기전자공학,748304945,남건석,1,0.0,0.0,"[무인 수상선의 수중 추진기 고장 진단 연구를 위한 고장 특성 인자 선정 및 실험]
   └ 학회: 제어로봇시스템학회 (IF: 0.85)"
2571,2022,전기전자공학,819502441,류제두,1,0.0,0.0,"[무인 수상선의 수중 추진기 고장 진단 연구를 위한 고장 특성 인자 선정 및 실험]
   └ 학회: 제어로봇시스템학회 (IF: 0.85)"
2572,2022,전기전자공학,672543611,하경남,1,0.0,0.0,"[무인 수상선의 수중 추진기 고장 진단 연구를 위한 고장 특성 인자 선정 및 실험]
   └ 학회: 제어로봇시스템학회 (IF: 0.85)"
2573,2022,전기전자공학,5499473,서동훈,1,0.0,0.0,"[무인 수상정의 경로점 추종을 위한 선형 시스템 및 적분 오차 변수 기반 LQR 제어기 설계]
   └ 학회: 제어로봇시스템학회 (IF: 0.85)"
2574,2022,전기전자공학,938251795,신종호,1,0.0,0.0,"[무인 수상정의 경로점 추종을 위한 선형 시스템 및 적분 오차 변수 기반 LQR 제어기 설계]
   └ 학회: 제어로봇시스템학회 (IF: 0.85)"
2575,2022,전기전자공학,248851020,윤현규,1,0.0,0.0,"[무인 수상정의 경로점 추종을 위한 선형 시스템 및 적분 오차 변수 기반 LQR 제어기 설계]
   └ 학회: 제어로봇시스템학회 (IF: 0.85)"
2576,2022,전기전자공학,867792549,서정민,1,0.0,0.0,"[자유낙하식 콘관입시험 시스템의 표준 운용 절차 제안 및 검증]
   └ 학회: 제어로봇시스템학회 (IF: 0.85)"
2577,2022,전기전자공학,427757639,강현,1,0.0,0.0,"[자유낙하식 콘관입시험 시스템의 표준 운용 절차 제안 및 검증]
   └ 학회: 제어로봇시스템학회 (IF: 0.85)"
2578,2022,전기전자공학,452000397,최재호,1,0.0,0.0,"[자유낙하식 콘관입시험 시스템의 표준 운용 절차 제안 및 검증]
   └ 학회: 제어로봇시스템학회 (IF: 0.85)"
2579,2022,전기전자공학,161527065,김태우,1,0.0,0.0,"[초공동 시험체 초기 개략정렬 및 오차분석]
   └ 학회: 제어로봇시스템학회 (IF: 0.85)"
2580,2022,전기전자공학,271327685,The-Ha Lai,1,0.0,0.0,"[A Path Planning Algorithm for AUV Using Fuzzy Logic and Artificial Potential Field]
   └ 학회: 제어로봇시스템학회 (IF: 0.85)"
2581,2022,전기전자공학,687334031,안지호,1,0.0,0.0,"[T-S 퍼지 모델 기반 메모리 샘플치 제어를 통한 자율 무인 잠수정의 심도 제어]
   └ 학회: 제어로봇시스템학회 (IF: 0.85)"
2582,2022,전기전자공학,295686907,하현호,1,0.0,0.0,"[깊이 이미지를 이용한 딥러닝 기반 충돌 확률 예측 및 장애물 회피 알고리즘]
   └ 학회: 제어로봇시스템학회 (IF: 0.85)"
2583,2022,전기전자공학,168464374,이현범,1,0.0,0.0,"[깊이 이미지를 이용한 딥러닝 기반 충돌 확률 예측 및 장애물 회피 알고리즘]
   └ 학회: 제어로봇시스템학회 (IF: 0.85)"
2584,2022,전기전자공학,724851360,김종민,1,0.0,0.0,"[PointNet++의 특징 생성 방법 개선을 통한 3차원 물체 인식의 성능 향상]
   └ 학회: 제어로봇시스템학회 (IF: 0.85)"
2585,2022,전기전자공학,850060975,박정민,1,0.0,0.0,"[PointNet++의 특징 생성 방법 개선을 통한 3차원 물체 인식의 성능 향상]
   └ 학회: 제어로봇시스템학회 (IF: 0.85)"
2586,2022,전기전자공학,137045518,최준혁,1,0.0,0.0,"[카메라 캘리브레이션의 원리와 기술 동향]
   └ 학회: 제어로봇시스템학회 (IF: 0.85)"
2587,2022,전기전자공학,433507676,최성록,1,0.0,0.0,"[카메라 캘리브레이션의 원리와 기술 동향]
   └ 학회: 제어로봇시스템학회 (IF: 0.85)"
2588,2022,전기전자공학,423125504,박상우,1,0.0,0.0,"[능동댐핑 영-극점 상쇄 BLDC모터 속도 제어기를 위한 경사 하강법 기반 자동 동조 알고리즘 설계]
   └ 학회: 제어로봇시스템학회 (IF: 0.85)"
2589,2022,전기전자공학,570602477,김동수,1,0.0,0.0,"[능동댐핑 영-극점 상쇄 BLDC모터 속도 제어기를 위한 경사 하강법 기반 자동 동조 알고리즘 설계]
   └ 학회: 제어로봇시스템학회 (IF: 0.85)"
2590,2022,전기전자공학,194277051,문선영,1,0.0,0.0,"[과수 수확을 위한 적응형 소프트 그리퍼]
   └ 학회: 제어로봇시스템학회 (IF: 0.85)"
2591,2022,전기전자공학,250388861,최예진,1,0.0,0.0,"[드론의 태양광 패널 청소를 위한 접이식 로봇팔 구현]
   └ 학회: 제어로봇시스템학회 (IF: 0.85)"
2592,2022,전기전자공학,508502703,이경근,1,0.0,0.0,"[역진자 주행로봇의 피치 모션에 강인한 경계추종 자율주행 기법]
   └ 학회: 제어로봇시스템학회 (IF: 0.85)"
2593,2022,전기전자공학,661885510,김용국,1,0.0,0.0,"[역진자 주행로봇의 피치 모션에 강인한 경계추종 자율주행 기법]
   └ 학회: 제어로봇시스템학회 (IF: 0.85)"
2594,2022,전기전자공학,697503503,권상주,1,0.0,0.0,"[역진자 주행로봇의 피치 모션에 강인한 경계추종 자율주행 기법]
   └ 학회: 제어로봇시스템학회 (IF: 0.85)"
2595,2022,전기전자공학,605131984,석규한,1,0.0,0.0,"[가상센서를 이용한 제철소 가열로의 연소가스 분석기 고장 감시 및 백업 기술개발]
   └ 학회: 제어로봇시스템학회 (IF: 0.85)"
2596,2022,전기전자공학,115641115,이정한,1,0.0,0.0,"[가상센서를 이용한 제철소 가열로의 연소가스 분석기 고장 감시 및 백업 기술개발]
   └ 학회: 제어로봇시스템학회 (IF: 0.85)"
2597,2022,전기전자공학,335991728,박종현,1,0.0,0.0,"[가상센서를 이용한 제철소 가열로의 연소가스 분석기 고장 감시 및 백업 기술개발]
   └ 학회: 제어로봇시스템학회 (IF: 0.85)"
2598,2022,전기전자공학,778899911,김선우,1,0.0,0.0,"[가상센서를 이용한 제철소 가열로의 연소가스 분석기 고장 감시 및 백업 기술개발]
   └ 학회: 제어로봇시스템학회 (IF: 0.85)"
2599,2022,전기전자공학,599932100,김학준,1,0.0,0.0,"[Gazebo 시뮬레이터를 활용한 고층 건물에서의 이동 로봇 실내 자율주행 알고리즘 개발]
   └ 학회: 제어로봇시스템학회 (IF: 0.85)"
2600,2022,전기전자공학,233158649,강수민,1,0.0,0.0,"[Gazebo 시뮬레이터를 활용한 고층 건물에서의 이동 로봇 실내 자율주행 알고리즘 개발]
   └ 학회: 제어로봇시스템학회 (IF: 0.85)"
2601,2022,전기전자공학,642302613,구본,1,0.0,0.0,"[능동 댐핑 주입 영-극점 상쇄 기반 DC/DC 강압 컨버터 전압제어]
   └ 학회: 제어로봇시스템학회 (IF: 0.85)"
2602,2022,전기전자공학,406826625,임선,1,0.0,0.0,"[능동 댐핑 주입 영-극점 상쇄 기반 DC/DC 강압 컨버터 전압제어]
   └ 학회: 제어로봇시스템학회 (IF: 0.85)"
2603,2022,전기전자공학,927204674,서정욱,1,0.0,0.0,"[안정적인 배선을 위해 기어 관절로 구성된 평행 4 절 링크]
   └ 학회: 제어로봇시스템학회 (IF: 0.85)"
2604,2022,전기전자공학,435106047,이창화,1,0.0,0.0,"[비인두 도말 검체 채취의 일관성 및 안전성 향상을 위한 보조 디바이스의 개발]
   └ 학회: 제어로봇시스템학회 (IF: 0.85)"
2605,2022,전기전자공학,344690071,심성보,1,0.0,0.0,"[비인두 도말 검체 채취의 일관성 및 안전성 향상을 위한 보조 디바이스의 개발]
   └ 학회: 제어로봇시스템학회 (IF: 0.85)"
2606,2022,전기전자공학,756144,김학주,1,0.0,0.0,"[무인 이동체를 위한 LiDAR 오차 모델링 및 가혹 환경 시뮬레이터 개발]
   └ 학회: 제어로봇시스템학회 (IF: 0.85)"
2607,2022,전기전자공학,746951168,김영민,1,0.0,0.0,"[무인 이동체를 위한 LiDAR 오차 모델링 및 가혹 환경 시뮬레이터 개발]
   └ 학회: 제어로봇시스템학회 (IF: 0.85)"
2608,2022,전기전자공학,345722359,이준호,1,0.0,0.0,"[사회 기반 시설물 점검을 위한 로봇 기술 리뷰]
   └ 학회: 제어로봇시스템학회 (IF: 0.85)"
2609,2022,전기전자공학,610256504,송원호,1,0.0,0.0,"[사회 기반 시설물 점검을 위한 로봇 기술 리뷰]
   └ 학회: 제어로봇시스템학회 (IF: 0.85)"
2610,2022,전기전자공학,943086132,유병호,1,0.0,0.0,"[사회 기반 시설물 점검을 위한 로봇 기술 리뷰]
   └ 학회: 제어로봇시스템학회 (IF: 0.85)"
2611,2022,전기전자공학,420026463,최덕규,1,0.0,0.0,"[사회 기반 시설물 점검을 위한 로봇 기술 리뷰]
   └ 학회: 제어로봇시스템학회 (IF: 0.85)"
2612,2022,전기전자공학,985194070,명현,1,0.0,0.0,"[사회 기반 시설물 점검을 위한 로봇 기술 리뷰]
   └ 학회: 제어로봇시스템학회 (IF: 0.85)"
2613,2022,전기전자공학,151699637,길다영,1,0.0,0.0,"[단일 파노라마 입력의 실내 공간 레이아웃 복원 모델 경량화]
   └ 학회: 제어로봇시스템학회 (IF: 0.85)"
2614,2022,전기전자공학,902222367,김상현,1,0.0,0.0,"[수직이착륙 무인기를 위한 의미론적 영상 분할 기반 안전 착륙 지점 판단 기법]
   └ 학회: 제어로봇시스템학회 (IF: 0.85)"
2615,2022,전기전자공학,141012263,Maxim Kristalny,1,0.0,0.0,"[물리적 인간-로봇 상호작용을 위한 수동적 제어기의 설계]
   └ 학회: 제어로봇시스템학회 (IF: 0.85)"
2616,2022,전기전자공학,705087910,강민교,1,0.0,0.0,"[보행 작업들을 위한 Transformer 기반 온-오프라인 복합 강화학습]
   └ 학회: 제어로봇시스템학회 (IF: 0.85)"
2617,2022,전기전자공학,799172425,김진환,1,0.0,0.0,"[보행 작업들을 위한 Transformer 기반 온-오프라인 복합 강화학습]
   └ 학회: 제어로봇시스템학회 (IF: 0.85)"
2618,2022,전기전자공학,5110872,최정현,1,0.0,0.0,"[보행 작업들을 위한 Transformer 기반 온-오프라인 복합 강화학습]
   └ 학회: 제어로봇시스템학회 (IF: 0.85)"
2619,2022,전기전자공학,355525940,김인철,1,0.0,0.0,"[보행 작업들을 위한 Transformer 기반 온-오프라인 복합 강화학습]
   └ 학회: 제어로봇시스템학회 (IF: 0.85)"
2620,2022,전기전자공학,249402982,Min-Sung Koo,1,0.0,0.0,"[Global Regulation of Feedforward Nonlinear Systems with Unknown Time-Varying Delays, Unknown Control Direction, and Unbounded Growth Rate]
   └ 학회: 제어로봇시스템학회 (IF: 0.85)"
2621,2022,전기전자공학,691720643,Ho-Lim Choi,1,0.0,0.0,"[Global Regulation of Feedforward Nonlinear Systems with Unknown Time-Varying Delays, Unknown Control Direction, and Unbounded Growth Rate]
   └ 학회: 제어로봇시스템학회 (IF: 0.85)"
2622,2022,전기전자공학,815635317,정은태,1,0.0,0.0,"[이산시간 T-S 퍼지 시스템에 대한 정적 출력궤환 제어: k-샘플 차분법]
   └ 학회: 제어로봇시스템학회 (IF: 0.85)"
2623,2022,전기전자공학,192988586,김진성,1,0.0,0.0,"[데이터 기반의 자율 주행 차량 모델링: Koopman Operator 접근법과 그 응용]
   └ 학회: 제어로봇시스템학회 (IF: 0.85)"
2624,2022,전기전자공학,286032753,이효찬,1,0.0,0.0,"[서보 시스템 응용을 위한 능동형 영-극점 상쇄 속도 추종 기술]
   └ 학회: 제어로봇시스템학회 (IF: 0.85)"
2625,2022,전기전자공학,811774031,최경환,1,0.0,0.0,"[서보 시스템 응용을 위한 능동형 영-극점 상쇄 속도 추종 기술]
   └ 학회: 제어로봇시스템학회 (IF: 0.85)"
2626,2022,전기전자공학,363513505,최혁환,1,0.0,0.0,"[Development of a High-Linearity Low-Power 24-GHz Low Noise Amplifier]
   └ 학회: 제어로봇시스템학회 (IF: 0.85)"
2627,2022,전기전자공학,150713015,이성용,1,0.0,0.0,"[반작용 휠 기반 역진자 시스템의 무게중심 변화 적응 균형 유지 제어]
   └ 학회: 제어로봇시스템학회 (IF: 0.85)"
2628,2022,전기전자공학,163612106,이준용,1,0.0,0.0,"[반작용 휠 기반 역진자 시스템의 무게중심 변화 적응 균형 유지 제어]
   └ 학회: 제어로봇시스템학회 (IF: 0.85)"
2629,2022,전기전자공학,208073043,김우용,1,0.0,0.0,"[반작용 휠 기반 역진자 시스템의 무게중심 변화 적응 균형 유지 제어]
   └ 학회: 제어로봇시스템학회 (IF: 0.85)"
2630,2022,전기전자공학,204865439,박재범,1,0.0,0.0,"[재난사고용 유압시스템기반 듀얼 암 매니퓰레이터의 설계에 대한 실험 연구]
   └ 학회: 제어로봇시스템학회 (IF: 0.85)"
2631,2022,전기전자공학,698993336,임도현,1,0.0,0.0,"[재난사고용 유압시스템기반 듀얼 암 매니퓰레이터의 설계에 대한 실험 연구]
   └ 학회: 제어로봇시스템학회 (IF: 0.85)"
2632,2022,전기전자공학,564014309,박종원,1,0.0,0.0,"[재난사고용 유압시스템기반 듀얼 암 매니퓰레이터의 설계에 대한 실험 연구]
   └ 학회: 제어로봇시스템학회 (IF: 0.85)"
2633,2022,전기전자공학,715893954,이주한,1,0.0,0.0,"[단축 가속도계의 Pseudo 바이어스 모델을 이용한 필터 기반 차량 속력 추정 알고리즘]
   └ 학회: 제어로봇시스템학회 (IF: 0.85)"
2634,2022,전기전자공학,624189947,박소진,1,0.0,0.0,"[단축 가속도계의 Pseudo 바이어스 모델을 이용한 필터 기반 차량 속력 추정 알고리즘]
   └ 학회: 제어로봇시스템학회 (IF: 0.85)"
2635,2022,전기전자공학,829653800,김진성,1,0.0,0.0,"[단축 가속도계의 Pseudo 바이어스 모델을 이용한 필터 기반 차량 속력 추정 알고리즘]
   └ 학회: 제어로봇시스템학회 (IF: 0.85)"
2636,2022,전기전자공학,5144216,조준현,1,0.0,0.0,"[TSP 해결을 위한 Proximal Mapping 기법]
   └ 학회: 제어로봇시스템학회 (IF: 0.85)"
2637,2022,전기전자공학,5477867,김종한,1,0.0,0.0,"[TSP 해결을 위한 Proximal Mapping 기법]
   └ 학회: 제어로봇시스템학회 (IF: 0.85)"
2638,2022,전기전자공학,667363356,김동진,1,0.0,0.0,"[추력편향방식 AUV의 직진안정성 개선을 위한 고정핀 설계]
   └ 학회: 제어로봇시스템학회 (IF: 0.85)"
2639,2022,전기전자공학,327825607,권창섭,1,0.0,0.0,"[추력편향방식 AUV의 직진안정성 개선을 위한 고정핀 설계]
   └ 학회: 제어로봇시스템학회 (IF: 0.85)"
2640,2022,전기전자공학,281367571,김연규,1,0.0,0.0,"[추력편향방식 AUV의 직진안정성 개선을 위한 고정핀 설계]
   └ 학회: 제어로봇시스템학회 (IF: 0.85)"
2641,2022,전기전자공학,908316561,박진영,1,0.0,0.0,"[추력편향방식 AUV의 직진안정성 개선을 위한 고정핀 설계]
   └ 학회: 제어로봇시스템학회 (IF: 0.85)"
2642,2022,전기전자공학,182941120,전봉환,1,0.0,0.0,"[추력편향방식 AUV의 직진안정성 개선을 위한 고정핀 설계]
   └ 학회: 제어로봇시스템학회 (IF: 0.85)"
2643,2022,전기전자공학,153822,이동근,1,0.0,0.0,"[외부 시스템을 이용한 Monocular camera-3D LiDAR 융합 시스템의 Non-overlapping 외부 교정 방법에 대한 연구]
   └ 학회: 제어로봇시스템학회 (IF: 0.85)"
2644,2022,전기전자공학,440391249,한재윤,1,0.0,0.0,"[외부 시스템을 이용한 Monocular camera-3D LiDAR 융합 시스템의 Non-overlapping 외부 교정 방법에 대한 연구]
   └ 학회: 제어로봇시스템학회 (IF: 0.85)"
2645,2022,전기전자공학,955497791,임경일,1,0.0,0.0,"[외부 시스템을 이용한 Monocular camera-3D LiDAR 융합 시스템의 Non-overlapping 외부 교정 방법에 대한 연구]
   └ 학회: 제어로봇시스템학회 (IF: 0.85)"
2646,2022,전기전자공학,347582515,윤건홍,1,0.0,0.0,"[하이브리드 주행모드의 휠-트랙 로봇]
   └ 학회: 제어로봇시스템학회 (IF: 0.85)"
2647,2022,전기전자공학,152243536,이지우,1,0.0,0.0,"[하이브리드 주행모드의 휠-트랙 로봇]
   └ 학회: 제어로봇시스템학회 (IF: 0.85)"
2648,2022,전기전자공학,763273214,김장섭,1,0.0,0.0,"[하이브리드 주행모드의 휠-트랙 로봇]
   └ 학회: 제어로봇시스템학회 (IF: 0.85)"
2649,2022,전기전자공학,418146046,강석균,1,0.0,0.0,"[전문가 시스템 기반 살수 시험기 챔버를 위한 온도 제어 알고리즘 개발]
   └ 학회: 제어로봇시스템학회 (IF: 0.85)"
2650,2022,전기전자공학,883933624,도태용,1,0.0,0.0,"[전문가 시스템 기반 살수 시험기 챔버를 위한 온도 제어 알고리즘 개발]
   └ 학회: 제어로봇시스템학회 (IF: 0.85)"
2651,2022,전기전자공학,638689120,박철재,1,0.0,0.0,"[소둔산세 공정의 사행제어기 개발 및 측정지연 보상에 관한 연구]
   └ 학회: 제어로봇시스템학회 (IF: 0.85)"
2652,2022,전기전자공학,672918873,이인섭,1,0.0,0.0,"[경사 발사 유도무기체계에서 함상 저장 전달정렬 가능성 연구]
   └ 학회: 제어로봇시스템학회 (IF: 0.85)"
2653,2022,전기전자공학,288444857,유해성,1,0.0,0.0,"[경사 발사 유도무기체계에서 함상 저장 전달정렬 가능성 연구]
   └ 학회: 제어로봇시스템학회 (IF: 0.85)"
2654,2022,전기전자공학,129381224,김천중,1,0.0,0.0,"[경사 발사 유도무기체계에서 함상 저장 전달정렬 가능성 연구]
   └ 학회: 제어로봇시스템학회 (IF: 0.85)"
2655,2022,전기전자공학,435693775,오주현,1,0.0,0.0,"[경사 발사 유도무기체계에서 함상 저장 전달정렬 가능성 연구]
   └ 학회: 제어로봇시스템학회 (IF: 0.85)"
2656,2022,전기전자공학,461986838,윤석재,1,0.0,0.0,"[경사 발사 유도무기체계에서 함상 저장 전달정렬 가능성 연구]
   └ 학회: 제어로봇시스템학회 (IF: 0.85)"
2657,2022,전기전자공학,935218834,정철구,1,0.0,0.0,"[탐색기 시야각 제한을 고려한 장거리 공대공 유도탄의 중기 궤적최적화]
   └ 학회: 제어로봇시스템학회 (IF: 0.85)"
2658,2022,전기전자공학,550810736,김보석,1,0.0,0.0,"[탐색기 시야각 제한을 고려한 장거리 공대공 유도탄의 중기 궤적최적화]
   └ 학회: 제어로봇시스템학회 (IF: 0.85)"
2659,2022,전기전자공학,1795315,최지석,1,0.0,0.0,"[9 축 IMU 기반 자세 추정을 위한 순환 신경망: 교란조건에서의 3 차원 자세 추정 성능]
   └ 학회: 제어로봇시스템학회 (IF: 0.85)"
2660,2022,전기전자공학,936152513,신대규,1,0.0,0.0,"[다층 퍼셉트론을 이용한 결측 풍속 보간 기법 개발]
   └ 학회: 한국지능시스템학회 (IF: 0.74)"
2661,2022,전기전자공학,874559729,계창우,1,0.0,0.0,"[다층 퍼셉트론을 이용한 결측 풍속 보간 기법 개발]
   └ 학회: 한국지능시스템학회 (IF: 0.74)"
2662,2022,전기전자공학,542047180,이종혁,1,0.0,0.0,"[다층 퍼셉트론을 이용한 결측 풍속 보간 기법 개발]
   └ 학회: 한국지능시스템학회 (IF: 0.74)"
2663,2022,전기전자공학,805184780,박희선,1,0.0,0.0,"[정방배열안테나를 적용한 빔공간 기반 신호개수 추정 알고리즘]
   └ 학회: 한국지능시스템학회 (IF: 0.74)"
2664,2022,전기전자공학,168503062,황석승,1,0.0,0.0,"[정방배열안테나를 적용한 빔공간 기반 신호개수 추정 알고리즘]
   └ 학회: 한국지능시스템학회 (IF: 0.74)"
2665,2022,전기전자공학,146516532,김은후,1,0.0,0.0,"[정보이득 및 퍼지 엔트로피를 이용한 퍼지 클러스터링기반 신경회로망의 차원 축소에 관한 연구]
   └ 학회: 한국지능시스템학회 (IF: 0.74)"
2666,2022,전기전자공학,251449917,Moa’ath N. Oqielat,1,0.0,0.0,"[A New Approach to Solving Fuzzy Quadratic Riccati Differential Equations]
   └ 학회: 한국지능시스템학회 (IF: 0.74)"
2667,2022,전기전자공학,966131580,Ahmad El-Ajou,1,0.0,0.0,"[A New Approach to Solving Fuzzy Quadratic Riccati Differential Equations]
   └ 학회: 한국지능시스템학회 (IF: 0.74)"
2668,2022,전기전자공학,396637446,Zeyad Al-Zhour,1,0.0,0.0,"[A New Approach to Solving Fuzzy Quadratic Riccati Differential Equations]
   └ 학회: 한국지능시스템학회 (IF: 0.74)"
2669,2022,전기전자공학,324628579,Tareq Eriqat,1,0.0,0.0,"[A New Approach to Solving Fuzzy Quadratic Riccati Differential Equations]
   └ 학회: 한국지능시스템학회 (IF: 0.74)"
2670,2022,전기전자공학,557892728,Mohammed Al-Smadi,1,0.0,0.0,"[A New Approach to Solving Fuzzy Quadratic Riccati Differential Equations]
   └ 학회: 한국지능시스템학회 (IF: 0.74)"
2671,2022,전기전자공학,144521971,Emel Aşıcı,1,0.0,0.0,"[On Generating t-Norms (t-Conorms) on Some Special Classes of Bounded Lattices]
   └ 학회: 한국지능시스템학회 (IF: 0.74)"
2672,2022,전기전자공학,622487281,Yousef Al-Qudah,1,0.0,0.0,"[Transitive Closure of Vague Soft Set Relations and its Operators]
   └ 학회: 한국지능시스템학회 (IF: 0.74)"
2673,2022,전기전자공학,568768676,Khaleed Alhazaymeh,1,0.0,0.0,"[Transitive Closure of Vague Soft Set Relations and its Operators]
   └ 학회: 한국지능시스템학회 (IF: 0.74)"
2674,2022,전기전자공학,144470566,Nasruddin Hassan,1,0.0,0.0,"[Transitive Closure of Vague Soft Set Relations and its Operators]
   └ 학회: 한국지능시스템학회 (IF: 0.74)"
2675,2022,전기전자공학,667609261,Hamza Qoqazeh,1,0.0,0.0,"[Transitive Closure of Vague Soft Set Relations and its Operators]
   └ 학회: 한국지능시스템학회 (IF: 0.74)"
2676,2022,전기전자공학,907745345,Mohammad Almousa,1,0.0,0.0,"[Transitive Closure of Vague Soft Set Relations and its Operators]
   └ 학회: 한국지능시스템학회 (IF: 0.74)"
2677,2022,전기전자공학,228417428,Mohammad Alaroud,1,0.0,0.0,"[Transitive Closure of Vague Soft Set Relations and its Operators]
   └ 학회: 한국지능시스템학회 (IF: 0.74)"
2678,2022,전기전자공학,334213340,Young-Jae Ryoo,1,0.0,0.0,"[Trajectory-Tracking Control of a Transport Robot for Smart Logistics Using the Fuzzy Controller]
   └ 학회: 한국지능시스템학회 (IF: 0.74)"
2679,2022,전기전자공학,563586952,Ahmad M. H. Al-khazaleh,1,0.0,0.0,"[Neutrosophic Conditional Probabilities: Theories and Applications]
   └ 학회: 한국지능시스템학회 (IF: 0.74)"
2680,2022,전기전자공학,497699666,Pitchayan Gomathi Sundari,1,0.0,0.0,"[Double Fuzzy α-Irresolute Multifunctions]
   └ 학회: 한국지능시스템학회 (IF: 0.74)"
2681,2022,전기전자공학,536815931,방효석,1,0.0,0.0,"[다중 센서 기반 무한궤도형 이동로봇의 실외 자율주행시스템]
   └ 학회: 한국지능시스템학회 (IF: 0.74)"
2682,2022,전기전자공학,648662500,장윤정,1,0.0,0.0,"[대학생의 노인차별 인식에 대한 퍼지분석]
   └ 학회: 한국지능시스템학회 (IF: 0.74)"
2683,2022,전기전자공학,786671972,한혜주,1,0.0,0.0,"[최소 절대 편차 근사를 이용한 퍼지 변환]
   └ 학회: 한국지능시스템학회 (IF: 0.74)"
2684,2022,전기전자공학,443677649,심재원,1,0.0,0.0,"[최소 절대 편차 근사를 이용한 퍼지 변환]
   └ 학회: 한국지능시스템학회 (IF: 0.74)"
2685,2022,전기전자공학,480990135,김장현,1,0.0,0.0,"[근육의 활성화 시 상관관계를 반영한 Target Cascading 기반 머슬시너지 추출 기법]
   └ 학회: 한국지능시스템학회 (IF: 0.74)"
2686,2022,전기전자공학,460947859,Alam Nawaz,1,0.0,0.0,"[Hybrid Multi-stream Deep Learning-based Nutrient Estimation Framework in Biological Wastewater Treatement]
   └ 학회: 한국지능시스템학회 (IF: 0.74)"
2687,2022,전기전자공학,744701908,Moonyong Lee,1,0.0,0.0,"[Hybrid Multi-stream Deep Learning-based Nutrient Estimation Framework in Biological Wastewater Treatement]
   └ 학회: 한국지능시스템학회 (IF: 0.74)"
2688,2022,전기전자공학,782273370,조용현,1,0.0,0.0,"[Mask R-CNN 기반 심층학습을 이용한 개체영상의 인공지능 학습데이터 구축]
   └ 학회: 한국지능시스템학회 (IF: 0.74)"
2689,2022,전기전자공학,568001542,김승현,1,0.0,0.0,"[Mask R-CNN 기반 심층학습을 이용한 개체영상의 인공지능 학습데이터 구축]
   └ 학회: 한국지능시스템학회 (IF: 0.74)"
2690,2022,전기전자공학,790811745,김민석,1,0.0,0.0,"[kNN-LSTM을 이용한 시간별 일사량 예측 성능 개선에 관한 연구]
   └ 학회: 한국지능시스템학회 (IF: 0.74)"
2691,2022,전기전자공학,586079292,정승환,1,0.0,0.0,"[kNN-LSTM을 이용한 시간별 일사량 예측 성능 개선에 관한 연구]
   └ 학회: 한국지능시스템학회 (IF: 0.74)"
2692,2022,전기전자공학,533533204,김백천,1,0.0,0.0,"[kNN-LSTM을 이용한 시간별 일사량 예측 성능 개선에 관한 연구]
   └ 학회: 한국지능시스템학회 (IF: 0.74)"
2693,2022,전기전자공학,1537860,김진용,1,0.0,0.0,"[kNN-LSTM을 이용한 시간별 일사량 예측 성능 개선에 관한 연구]
   └ 학회: 한국지능시스템학회 (IF: 0.74)"
2694,2022,전기전자공학,784464370,정재원,1,0.0,0.0,"[부스팅 알고리즘을 사용한 부분 방전 데이터 패턴 분류기의 비교연구]
   └ 학회: 한국지능시스템학회 (IF: 0.74)"
2695,2022,전기전자공학,384615225,심대한,1,0.0,0.0,"[안전벨트에 관성측정장치 장착을 통한 운전자의 호흡 상태 모니터링]
   └ 학회: 한국지능시스템학회 (IF: 0.74)"
2696,2022,전기전자공학,579359158,홍동권,1,0.0,0.0,"[격리 포리스트를 이용한 NoSQL 데이터베이스의 구조적 이상치 탐지와 스키마 추출]
   └ 학회: 한국지능시스템학회 (IF: 0.74)"
2697,2022,전기전자공학,838680452,옌보,1,0.0,0.0,"[소형 디젤 발전기 속도제어를 위한 퍼지 PID 제어기 구현]
   └ 학회: 한국지능시스템학회 (IF: 0.74)"
2698,2022,전기전자공학,468869304,김기준,1,0.0,0.0,"[소형 디젤 발전기 속도제어를 위한 퍼지 PID 제어기 구현]
   └ 학회: 한국지능시스템학회 (IF: 0.74)"
2699,2022,전기전자공학,507533978,BenJeMar-Hope Flores,1,0.0,0.0,"[Security-constrained Economic Dispatch (SCED) Considering Load Level Uncertainty]
   └ 학회: 한국지능시스템학회 (IF: 0.74)"
2700,2022,전기전자공학,347033311,Thiti Gaketem,1,0.0,0.0,"[New Types of Intuitionistic Fuzzy Ideals in Г-Semigroups]
   └ 학회: 한국지능시스템학회 (IF: 0.74)"
2701,2022,전기전자공학,170770062,Pannawit Khamrot,1,0.0,0.0,"[New Types of Intuitionistic Fuzzy Ideals in Г-Semigroups]
   └ 학회: 한국지능시스템학회 (IF: 0.74)"
2702,2022,전기전자공학,134428804,V. Padmapriya,1,0.0,0.0,"[Solutions of a System of Fuzzy Fractional Differential Equations in Terms of the Matrix Mittag-Leffler Functions]
   └ 학회: 한국지능시스템학회 (IF: 0.74)"
2703,2022,전기전자공학,945847952,M. Kaliyappan,1,0.0,0.0,"[Solutions of a System of Fuzzy Fractional Differential Equations in Terms of the Matrix Mittag-Leffler Functions]
   └ 학회: 한국지능시스템학회 (IF: 0.74)"
2704,2022,전기전자공학,962578676,S. Dhanasekar,1,0.0,0.0,"[Transportation Problem for Interval-Valued Trapezoidal Intuitionistic Fuzzy Numbers]
   └ 학회: 한국지능시스템학회 (IF: 0.74)"
2705,2022,전기전자공학,170715333,J. Jansi Rani,1,0.0,0.0,"[Transportation Problem for Interval-Valued Trapezoidal Intuitionistic Fuzzy Numbers]
   └ 학회: 한국지능시스템학회 (IF: 0.74)"
2706,2022,전기전자공학,631419801,Manivannan Annamalai,1,0.0,0.0,"[Transportation Problem for Interval-Valued Trapezoidal Intuitionistic Fuzzy Numbers]
   └ 학회: 한국지능시스템학회 (IF: 0.74)"
2707,2022,전기전자공학,928146317,Reham Raouf,1,0.0,0.0,"[Using Fuzzy Time Series Models to Estimate the Cost of Benefits of Egyptian Social Insurance System]
   └ 학회: 한국지능시스템학회 (IF: 0.74)"
2708,2022,전기전자공학,766308319,Saad Elsaieed,1,0.0,0.0,"[Using Fuzzy Time Series Models to Estimate the Cost of Benefits of Egyptian Social Insurance System]
   └ 학회: 한국지능시스템학회 (IF: 0.74)"
2709,2022,전기전자공학,633107150,A. S. Salama,1,0.0,0.0,"[Properties of Different Types of Rough Approximations Defined by a Family of Dominance Relations]
   └ 학회: 한국지능시스템학회 (IF: 0.74)"
2710,2022,전기전자공학,900465493,Essam El-Seidy,1,0.0,0.0,"[Properties of Different Types of Rough Approximations Defined by a Family of Dominance Relations]
   └ 학회: 한국지능시스템학회 (IF: 0.74)"
2711,2022,전기전자공학,918386605,A. K. Salah,1,0.0,0.0,"[Properties of Different Types of Rough Approximations Defined by a Family of Dominance Relations]
   └ 학회: 한국지능시스템학회 (IF: 0.74)"
2712,2022,전기전자공학,358010630,Songlin Yang,1,0.0,0.0,"[Analysis of the Three-Way Decision Rules in Online Learning-Taking a Calculus Course as an Example]
   └ 학회: 한국지능시스템학회 (IF: 0.74)"
2713,2022,전기전자공학,926601411,Ting Xu,1,0.0,0.0,"[Analysis of the Three-Way Decision Rules in Online Learning-Taking a Calculus Course as an Example]
   └ 학회: 한국지능시스템학회 (IF: 0.74)"
2714,2022,전기전자공학,852242962,Yongcun Shao,1,0.0,0.0,"[Analysis of the Three-Way Decision Rules in Online Learning-Taking a Calculus Course as an Example]
   └ 학회: 한국지능시스템학회 (IF: 0.74)"
2715,2022,전기전자공학,782791233,김승재,1,0.0,0.0,"[구글 모빌리티 정보를 고려한 LSTM 모델 기반의 국내 COVID-19 확진자 수 예측]
   └ 학회: 한국지능시스템학회 (IF: 0.74)"
2716,2022,전기전자공학,341840842,최병재,1,0.0,0.0,"[구글 모빌리티 정보를 고려한 LSTM 모델 기반의 국내 COVID-19 확진자 수 예측]
   └ 학회: 한국지능시스템학회 (IF: 0.74)"
2717,2022,전기전자공학,328621289,최우석,1,0.0,0.0,"[군집분류 방법론을 활용한 우리나라 수도권 및 충청지역 미세먼지 농도 변동성의 공간분포 구분 연구]
   └ 학회: 한국지능시스템학회 (IF: 0.74)"
2718,2022,전기전자공학,847405447,이대종,1,0.0,0.0,"[적응적 뉴로-퍼지 추론 시스템을 이용한 UV LED 광 출력 보상 알고리즘 개발]
   └ 학회: 한국지능시스템학회 (IF: 0.74)"
2719,2022,전기전자공학,878031992,윤재웅,1,0.0,0.0,"[적응적 뉴로-퍼지 추론 시스템을 이용한 UV LED 광 출력 보상 알고리즘 개발]
   └ 학회: 한국지능시스템학회 (IF: 0.74)"
2720,2022,전기전자공학,140302131,전명근,1,0.0,0.0,"[적응적 뉴로-퍼지 추론 시스템을 이용한 UV LED 광 출력 보상 알고리즘 개발]
   └ 학회: 한국지능시스템학회 (IF: 0.74)"
2721,2022,전기전자공학,510800484,김동욱,1,0.0,0.0,"[공격자 능력과 네트워크 취약성을 기반한 공격 그래프 설계 및 표적 우선 순위 연구]
   └ 학회: 한국지능시스템학회 (IF: 0.74)"
2722,2022,전기전자공학,288798660,신건윤,1,0.0,0.0,"[공격자 능력과 네트워크 취약성을 기반한 공격 그래프 설계 및 표적 우선 순위 연구]
   └ 학회: 한국지능시스템학회 (IF: 0.74)"
2723,2022,전기전자공학,416245157,한인성,1,0.0,0.0,"[공격자 능력과 네트워크 취약성을 기반한 공격 그래프 설계 및 표적 우선 순위 연구]
   └ 학회: 한국지능시스템학회 (IF: 0.74)"
2724,2022,전기전자공학,421520293,오행록,1,0.0,0.0,"[공격자 능력과 네트워크 취약성을 기반한 공격 그래프 설계 및 표적 우선 순위 연구]
   └ 학회: 한국지능시스템학회 (IF: 0.74)"
2725,2022,전기전자공학,175177591,한명묵,1,0.0,0.0,"[공격자 능력과 네트워크 취약성을 기반한 공격 그래프 설계 및 표적 우선 순위 연구]
   └ 학회: 한국지능시스템학회 (IF: 0.74)"
2726,2022,전기전자공학,555015887,김명종,1,0.0,0.0,"[기업부실 예측모형의 성과개선을 위한 기하평균 최적화 기반의 부스팅 학습]
   └ 학회: 한국지능시스템학회 (IF: 0.74)"
2727,2022,전기전자공학,100822096,조성임,1,0.0,0.0,"[기업부실 예측모형의 성과개선을 위한 기하평균 최적화 기반의 부스팅 학습]
   └ 학회: 한국지능시스템학회 (IF: 0.74)"
2728,2022,전기전자공학,742433189,유경민,1,0.0,0.0,"[기업부실 예측모형의 성과개선을 위한 기하평균 최적화 기반의 부스팅 학습]
   └ 학회: 한국지능시스템학회 (IF: 0.74)"
2729,2022,전기전자공학,386405579,임형준,1,0.0,0.0,"[데이터 기반 연구개발을 위한 국가연구데이터커먼즈 설계 및 적용 방안]
   └ 학회: 한국지능시스템학회 (IF: 0.74)"
2730,2022,전기전자공학,570118559,이미경,1,0.0,0.0,"[데이터 기반 연구개발을 위한 국가연구데이터커먼즈 설계 및 적용 방안]
   └ 학회: 한국지능시스템학회 (IF: 0.74)"
2731,2022,전기전자공학,655993531,송사광,1,0.0,0.0,"[데이터 기반 연구개발을 위한 국가연구데이터커먼즈 설계 및 적용 방안]
   └ 학회: 한국지능시스템학회 (IF: 0.74)"
2732,2022,전기전자공학,796571087,서동민,1,0.0,0.0,"[데이터 기반 연구개발을 위한 국가연구데이터커먼즈 설계 및 적용 방안]
   └ 학회: 한국지능시스템학회 (IF: 0.74)"
2733,2022,전기전자공학,791962418,조민희,1,0.0,0.0,"[데이터 기반 연구개발을 위한 국가연구데이터커먼즈 설계 및 적용 방안]
   └ 학회: 한국지능시스템학회 (IF: 0.74)"
2734,2022,전기전자공학,341391082,홍예진,1,0.0,0.0,"[낙상 및 굴러감 사고를 예방하기 위한 유모차의 자동 브레이크 시스템]
   └ 학회: 한국지능시스템학회 (IF: 0.74)"
2735,2022,전기전자공학,661743545,황윤서,1,0.0,0.0,"[낙상 및 굴러감 사고를 예방하기 위한 유모차의 자동 브레이크 시스템]
   └ 학회: 한국지능시스템학회 (IF: 0.74)"
2736,2022,전기전자공학,1909576,홍준호,1,0.0,0.0,"[낙상 및 굴러감 사고를 예방하기 위한 유모차의 자동 브레이크 시스템]
   └ 학회: 한국지능시스템학회 (IF: 0.74)"
2737,2022,전기전자공학,872225662,Ahmed Al-Ajeli,1,0.0,0.0,"[An Intelligent Spam Email Filtering Approach Using a Learning Classifier System]
   └ 학회: 한국지능시스템학회 (IF: 0.74)"
2738,2022,전기전자공학,323741397,Eman S. Al-Shamery,1,0.0,0.0,"[An Intelligent Spam Email Filtering Approach Using a Learning Classifier System]
   └ 학회: 한국지능시스템학회 (IF: 0.74)"
2739,2022,전기전자공학,323024330,Raaid Alubady,1,0.0,0.0,"[An Intelligent Spam Email Filtering Approach Using a Learning Classifier System]
   └ 학회: 한국지능시스템학회 (IF: 0.74)"
2740,2022,전기전자공학,633515014,Jin Hee Yoon,1,0.0,0.0,"[Pythagorean Exponents Induced by Mathematical and Statistical Methods in the Major League Baseball]
   └ 학회: 한국지능시스템학회 (IF: 0.74)"
2741,2022,전기전자공학,428156111,최승회,1,0.0,0.0,"[Pythagorean Exponents Induced by Mathematical and Statistical Methods in the Major League Baseball]
   └ 학회: 한국지능시스템학회 (IF: 0.74)"
2742,2022,전기전자공학,886490391,Diptiranjan Behera,1,0.0,0.0,"[Computational Technique for Solving Imprecisely Defined Non-negative Fully Fuzzy Algebraic System of Linear Equations]
   └ 학회: 한국지능시스템학회 (IF: 0.74)"
2743,2022,전기전자공학,133370132,S. Chakraverty,1,0.0,0.0,"[Computational Technique for Solving Imprecisely Defined Non-negative Fully Fuzzy Algebraic System of Linear Equations]
   └ 학회: 한국지능시스템학회 (IF: 0.74)"
2744,2022,전기전자공학,123110174,Hussein A. A. Al-Khamees,1,0.0,0.0,"[An Evolving Fuzzy Model to Determine an Optimal Number of Data Stream Clusters]
   └ 학회: 한국지능시스템학회 (IF: 0.74)"
2745,2022,전기전자공학,894710546,Nabeel Al-A’araji,1,0.0,0.0,"[An Evolving Fuzzy Model to Determine an Optimal Number of Data Stream Clusters]
   └ 학회: 한국지능시스템학회 (IF: 0.74)"
2746,2022,전기전자공학,883287444,Eman S. Al-Shamery,1,0.0,0.0,"[An Evolving Fuzzy Model to Determine an Optimal Number of Data Stream Clusters]
   └ 학회: 한국지능시스템학회 (IF: 0.74)"
2747,2022,전기전자공학,418060960,Waheed Ahmad Khan,1,0.0,0.0,"[Soft Sub-nearsemirings, Soft Ideals and Soft S-Subsemigroups of Nearsemirings]
   └ 학회: 한국지능시스템학회 (IF: 0.74)"
2748,2022,전기전자공학,892733330,Abdelghani Taouti,1,0.0,0.0,"[Soft Sub-nearsemirings, Soft Ideals and Soft S-Subsemigroups of Nearsemirings]
   └ 학회: 한국지능시스템학회 (IF: 0.74)"
2749,2022,전기전자공학,230839203,Senthil Kumar Prakasam,1,0.0,0.0,"[Solution of Integral Equation via Orthogonally Modified F-Contraction Mappings on O-Complete Metric-Like Space]
   └ 학회: 한국지능시스템학회 (IF: 0.74)"
2750,2022,전기전자공학,148385293,Arul Joseph Gnanaprakasam,1,0.0,0.0,"[Solution of Integral Equation via Orthogonally Modified F-Contraction Mappings on O-Complete Metric-Like Space]
   └ 학회: 한국지능시스템학회 (IF: 0.74)"
2751,2022,전기전자공학,456618272,Nasreen Kausar,1,0.0,0.0,"[Solution of Integral Equation via Orthogonally Modified F-Contraction Mappings on O-Complete Metric-Like Space]
   └ 학회: 한국지능시스템학회 (IF: 0.74)"
2752,2022,전기전자공학,593698717,Gunaseelan Mani,1,0.0,0.0,"[Solution of Integral Equation via Orthogonally Modified F-Contraction Mappings on O-Complete Metric-Like Space]
   └ 학회: 한국지능시스템학회 (IF: 0.74)"
2753,2022,전기전자공학,108562063,Mohammed Munir,1,0.0,0.0,"[Solution of Integral Equation via Orthogonally Modified F-Contraction Mappings on O-Complete Metric-Like Space]
   └ 학회: 한국지능시스템학회 (IF: 0.74)"
2754,2022,전기전자공학,526799747,Salahuddin,1,0.0,0.0,"[Solution of Integral Equation via Orthogonally Modified F-Contraction Mappings on O-Complete Metric-Like Space]
   └ 학회: 한국지능시스템학회 (IF: 0.74)"
2755,2022,전기전자공학,395559507,AbdulGawad. A. Q. Al-Qubati,1,0.0,0.0,"[Door Spaces in Intuitionistic Fuzzy Topological Spaces]
   └ 학회: 한국지능시스템학회 (IF: 0.74)"
2756,2022,전기전자공학,698919516,Mohamed El Sayed,1,0.0,0.0,"[Door Spaces in Intuitionistic Fuzzy Topological Spaces]
   └ 학회: 한국지능시스템학회 (IF: 0.74)"
2757,2022,전기전자공학,205535113,Rizwan Gul,1,0.0,0.0,"[Novel Bipolar Soft Rough-Set Approximations and Their Application in Solving Decision-Making Problems]
   └ 학회: 한국지능시스템학회 (IF: 0.74)"
2758,2022,전기전자공학,961267235,Muhammad Shabir,1,0.0,0.0,"[Novel Bipolar Soft Rough-Set Approximations and Their Application in Solving Decision-Making Problems]
   └ 학회: 한국지능시스템학회 (IF: 0.74)"
2759,2022,전기전자공학,822739300,Wali Khan Mashwani,1,0.0,0.0,"[Novel Bipolar Soft Rough-Set Approximations and Their Application in Solving Decision-Making Problems]
   └ 학회: 한국지능시스템학회 (IF: 0.74)"
2760,2022,전기전자공학,670659656,Hayat Ullah,1,0.0,0.0,"[Novel Bipolar Soft Rough-Set Approximations and Their Application in Solving Decision-Making Problems]
   └ 학회: 한국지능시스템학회 (IF: 0.74)"
2761,2022,전기전자공학,456266482,이준석,1,0.0,0.0,"[설명가능한 인공지능모델을 통한 기술기회분석 방법에 관한 연구]
   └ 학회: 한국지능시스템학회 (IF: 0.74)"
2762,2022,전기전자공학,292796003,구민모,1,0.0,0.0,"[친환경 전기 구동용 모터의 전류 벡터 제어법을 고려한 특성 해석 알고리즘 연구]
   └ 학회: 한국지능시스템학회 (IF: 0.74)"
2763,2022,전기전자공학,184658975,이성호,1,0.0,0.0,"[친환경 전기 구동용 모터의 전류 벡터 제어법을 고려한 특성 해석 알고리즘 연구]
   └ 학회: 한국지능시스템학회 (IF: 0.74)"
2764,2022,전기전자공학,886735581,이규석,1,0.0,0.0,"[친환경 전기 구동용 모터의 전류 벡터 제어법을 고려한 특성 해석 알고리즘 연구]
   └ 학회: 한국지능시스템학회 (IF: 0.74)"
2765,2022,전기전자공학,191540950,임대영,1,0.0,0.0,"[친환경 전기 구동용 모터의 전류 벡터 제어법을 고려한 특성 해석 알고리즘 연구]
   └ 학회: 한국지능시스템학회 (IF: 0.74)"
2766,2022,전기전자공학,311416180,유동상,1,0.0,0.0,"[펜더봇의 Simscape 기반 3D 모델링, 스윙-업 및 균형 제어]
   └ 학회: 한국지능시스템학회 (IF: 0.74)"
2767,2022,전기전자공학,148261100,김성아,1,0.0,0.0,"[이변수 함수에 대한 최소 절대 편차 퍼지 변환]
   └ 학회: 한국지능시스템학회 (IF: 0.74)"
2768,2022,전기전자공학,993685724,Sangyun Lee,1,0.0,0.0,"[Extended Siamese Convolutional Neural Networks for Discriminative Feature Learning]
   └ 학회: 한국지능시스템학회 (IF: 0.74)"
2769,2022,전기전자공학,821827647,Tareq M. Al-shami,1,0.0,0.0,"[n<SUP>th</SUP> Power Root Fuzzy Sets and Its Topology]
   └ 학회: 한국지능시스템학회 (IF: 0.74)"
2770,2022,전기전자공학,877778101,Hariwan Z. Ibrahim,1,0.0,0.0,"[n<SUP>th</SUP> Power Root Fuzzy Sets and Its Topology]
   └ 학회: 한국지능시스템학회 (IF: 0.74)"
2771,2022,전기전자공학,113433928,Abdelwaheb Mhemdi,1,0.0,0.0,"[n<SUP>th</SUP> Power Root Fuzzy Sets and Its Topology]
   └ 학회: 한국지능시스템학회 (IF: 0.74)"
2772,2022,전기전자공학,279420005,Radwan Abu-Gdairi,1,0.0,0.0,"[n<SUP>th</SUP> Power Root Fuzzy Sets and Its Topology]
   └ 학회: 한국지능시스템학회 (IF: 0.74)"
2773,2022,전기전자공학,851266895,B. Veerasamy,1,0.0,0.0,"[MB-FL: Macro-Block Fuzzy Logic for Video Compression in Multimedia Applications]
   └ 학회: 한국지능시스템학회 (IF: 0.74)"
2774,2022,전기전자공학,993167634,C. M. Sangeetha,1,0.0,0.0,"[MB-FL: Macro-Block Fuzzy Logic for Video Compression in Multimedia Applications]
   └ 학회: 한국지능시스템학회 (IF: 0.74)"
2775,2022,전기전자공학,825684701,Fekadu Tesgera Agama,1,0.0,0.0,"[The Isomorphism of Total Fuzzy Graphs]
   └ 학회: 한국지능시스템학회 (IF: 0.74)"
2776,2022,전기전자공학,308137141,V. N. Srinivasa Rao Repalle,1,0.0,0.0,"[The Isomorphism of Total Fuzzy Graphs]
   └ 학회: 한국지능시스템학회 (IF: 0.74)"
2777,2022,전기전자공학,515641661,Ahmed A. Hamoud,1,0.0,0.0,"[Existence, Uniqueness and HU-Stability Results for Nonlinear Fuzzy Fractional Volterra-Fredholm Integro-Differential Equations]
   └ 학회: 한국지능시스템학회 (IF: 0.74)"
2778,2022,전기전자공학,121497962,Nedal M. Mohammed,1,0.0,0.0,"[Existence, Uniqueness and HU-Stability Results for Nonlinear Fuzzy Fractional Volterra-Fredholm Integro-Differential Equations]
   └ 학회: 한국지능시스템학회 (IF: 0.74)"
2779,2022,전기전자공학,119057290,Homan Emadifar,1,0.0,0.0,"[Existence, Uniqueness and HU-Stability Results for Nonlinear Fuzzy Fractional Volterra-Fredholm Integro-Differential Equations]
   └ 학회: 한국지능시스템학회 (IF: 0.74)"
2780,2022,전기전자공학,396795594,Foroud Parvaneh,1,0.0,0.0,"[Existence, Uniqueness and HU-Stability Results for Nonlinear Fuzzy Fractional Volterra-Fredholm Integro-Differential Equations]
   └ 학회: 한국지능시스템학회 (IF: 0.74)"
2781,2022,전기전자공학,100664617,Faraidum K. Hamasalh,1,0.0,0.0,"[Existence, Uniqueness and HU-Stability Results for Nonlinear Fuzzy Fractional Volterra-Fredholm Integro-Differential Equations]
   └ 학회: 한국지능시스템학회 (IF: 0.74)"
2782,2022,전기전자공학,813759439,Soubhagya Kumar Sahoo,1,0.0,0.0,"[Existence, Uniqueness and HU-Stability Results for Nonlinear Fuzzy Fractional Volterra-Fredholm Integro-Differential Equations]
   └ 학회: 한국지능시스템학회 (IF: 0.74)"
2783,2022,전기전자공학,544547812,Masoumeh Khademi,1,0.0,0.0,"[Existence, Uniqueness and HU-Stability Results for Nonlinear Fuzzy Fractional Volterra-Fredholm Integro-Differential Equations]
   └ 학회: 한국지능시스템학회 (IF: 0.74)"
2784,2022,전기전자공학,515420979,Karim Q. Hussein,1,0.0,0.0,"[Authoring System of Mobile Tutorial Modules Based on Auditory Multimedia]
   └ 학회: 한국지능시스템학회 (IF: 0.74)"
2785,2022,전기전자공학,196829637,박상군,1,0.0,0.0,"[발열 감지, 안면 마스크 착용 검출, 전자출입명부 QR 코드 체킹을 지원하는 보급형 COVID-19 디지털 사이니지 플레이어 설계 및 구현]
   └ 학회: 한국멀티미디어학회 (IF: 0.65)"
2786,2022,전기전자공학,456979497,신동현,1,0.0,0.0,"[유사성 모델 기반의 수중 다중매체 통신 라우팅 프로토콜스택 선택방법]
   └ 학회: 한국멀티미디어학회 (IF: 0.65)"
2787,2022,전기전자공학,753979648,박형욱,1,0.0,0.0,"[SARIMA 모델을 이용한 태양광 발전량 예측 연구]
   └ 학회: 한국멀티미디어학회 (IF: 0.65)"
2788,2022,전기전자공학,873107712,이준석,1,0.0,0.0,"[하이퍼리얼리즘형 웹드라마 〈좋좋소〉의 콘텐츠 특성 연구]
   └ 학회: 한국멀티미디어학회 (IF: 0.65)"
2789,2022,전기전자공학,264103206,정원식,1,0.0,0.0,"[하이퍼리얼리즘형 웹드라마 〈좋좋소〉의 콘텐츠 특성 연구]
   └ 학회: 한국멀티미디어학회 (IF: 0.65)"
2790,2022,전기전자공학,923417762,정선요,1,0.0,0.0,"[VR 콘텐츠가 재한 중국인 유학생 아증후군적 우울 상태에 미치는 영향 연구 - 주의력회복이론을 기반으로 -]
   └ 학회: 한국멀티미디어학회 (IF: 0.65)"
2791,2022,전기전자공학,4966360,최은진,1,0.0,0.0,"[민화 DB를 위한 분류체계 설계]
   └ 학회: 한국멀티미디어학회 (IF: 0.65)"
2792,2022,전기전자공학,799676863,김기현,1,0.0,0.0,"[차내 경험의 디지털 트랜스포메이션과 오디오 기반 인터페이스의 동향 및 시사점]
   └ 학회: 한국멀티미디어학회 (IF: 0.65)"
2793,2022,전기전자공학,548330722,Rafiul Hasan Khan,1,0.0,0.0,"[텍스처 특징 기반 제어점 선택 알고리즘과 병렬 심층 컨볼루션 신경망을 이용한 새로운 얼굴 모핑 방법]
   └ 학회: 한국멀티미디어학회 (IF: 0.65)"
2794,2022,전기전자공학,779405707,임선자,1,0.0,0.0,"[텍스처 특징 기반 제어점 선택 알고리즘과 병렬 심층 컨볼루션 신경망을 이용한 새로운 얼굴 모핑 방법]
   └ 학회: 한국멀티미디어학회 (IF: 0.65)"
2795,2022,전기전자공학,233276035,박병진,1,0.0,0.0,"[LNG 저장탱크용 작업안전 환경 센싱 모듈의 특성 연구]
   └ 학회: 한국멀티미디어학회 (IF: 0.65)"
2796,2022,전기전자공학,424602049,Sungun Kim,1,0.0,0.0,"[Production Equipment Monitoring System Based on Cloud Computing for Machine Manufacturing Tools]
   └ 학회: 한국멀티미디어학회 (IF: 0.65)"
2797,2022,전기전자공학,445560422,Heung-Sik Yu,1,0.0,0.0,"[Production Equipment Monitoring System Based on Cloud Computing for Machine Manufacturing Tools]
   └ 학회: 한국멀티미디어학회 (IF: 0.65)"
2798,2022,전기전자공학,923478137,김명숙,1,0.0,0.0,"[텍스트마이닝 방법을 이용한 간편결제서비스 이용자의 질문 분석]
   └ 학회: 한국멀티미디어학회 (IF: 0.65)"
2799,2022,전기전자공학,117423950,김지연,1,0.0,0.0,"[텍스트마이닝 방법을 이용한 간편결제서비스 이용자의 질문 분석]
   └ 학회: 한국멀티미디어학회 (IF: 0.65)"
2800,2022,전기전자공학,868629010,서위영,1,0.0,0.0,"[소설 및 게임의 트랜스미디어에서 시각적 요소 분석－원작 “주선”의 세계관과 캐릭터를 중심으로－]
   └ 학회: 한국멀티미디어학회 (IF: 0.65)"
2801,2022,전기전자공학,430197458,신가희,1,0.0,0.0,"[인체 유래 환경유해물질 노출에 따른 멀티 오믹스 데이터 통합 분석 가시화 시스템]
   └ 학회: 한국멀티미디어학회 (IF: 0.65)"
2802,2022,전기전자공학,169956296,홍지만,1,0.0,0.0,"[인체 유래 환경유해물질 노출에 따른 멀티 오믹스 데이터 통합 분석 가시화 시스템]
   └ 학회: 한국멀티미디어학회 (IF: 0.65)"
2803,2022,전기전자공학,768640123,박서우,1,0.0,0.0,"[인체 유래 환경유해물질 노출에 따른 멀티 오믹스 데이터 통합 분석 가시화 시스템]
   └ 학회: 한국멀티미디어학회 (IF: 0.65)"
2804,2022,전기전자공학,554050169,주이모,1,0.0,0.0,"[시선추적장치(Eye Tracking)를 활용한 인공지능(AI) 창작물과 사람의 창작물에 대한 시지각 비교 연구]
   └ 학회: 한국멀티미디어학회 (IF: 0.65)"
2805,2022,전기전자공학,648396914,진자죽,1,0.0,0.0,"[어포던스 이론에 기반한 제품 모델링 디자인 및 평가 연구]
   └ 학회: 한국멀티미디어학회 (IF: 0.65)"
2806,2022,전기전자공학,298699066,모평정,1,0.0,0.0,"[무형문화유산 앱 사용자 경험 최적화에 관한 연구]
   └ 학회: 한국멀티미디어학회 (IF: 0.65)"
2807,2022,전기전자공학,1874176,유우현,1,0.0,0.0,"[영화 〈1917〉의 게임적 체험 연구 －디지털 무빙 롱테이크 쇼트를 중심으로]
   └ 학회: 한국멀티미디어학회 (IF: 0.65)"
2808,2022,전기전자공학,545869379,정원식,1,0.0,0.0,"[영화 〈1917〉의 게임적 체험 연구 －디지털 무빙 롱테이크 쇼트를 중심으로]
   └ 학회: 한국멀티미디어학회 (IF: 0.65)"
2809,2022,전기전자공학,189979907,Kwekam Tchomdji Luther. Oberlin,1,0.0,0.0,"[Designing Real-time Observation System to Evaluate Driving Pattern through Eye Tracker]
   └ 학회: 한국멀티미디어학회 (IF: 0.65)"
2810,2022,전기전자공학,139706035,정의태,1,0.0,0.0,"[Designing Real-time Observation System to Evaluate Driving Pattern through Eye Tracker]
   └ 학회: 한국멀티미디어학회 (IF: 0.65)"
2811,2022,전기전자공학,184150550,Muneeb A. Khan,1,0.0,0.0,"[Exploiting Neural Network for Temporal Multi-variate Air Quality and Pollutant Prediction]
   └ 학회: 한국멀티미디어학회 (IF: 0.65)"
2812,2022,전기전자공학,930897040,Hyun-chul Kim,1,0.0,0.0,"[Exploiting Neural Network for Temporal Multi-variate Air Quality and Pollutant Prediction]
   └ 학회: 한국멀티미디어학회 (IF: 0.65)"
2813,2022,전기전자공학,520388187,Heemin Park,1,0.0,0.0,"[Exploiting Neural Network for Temporal Multi-variate Air Quality and Pollutant Prediction]
   └ 학회: 한국멀티미디어학회 (IF: 0.65)"
2814,2022,전기전자공학,520937652,이정훈,1,0.0,0.0,"[한국어 어휘 의미망(alias. KorLex)의 지식 그래프 임베딩을 이용한 문맥의존 철자오류 교정 기법의 성능 향상]
   └ 학회: 한국멀티미디어학회 (IF: 0.65)"
2815,2022,전기전자공학,259128393,조상현,1,0.0,0.0,"[한국어 어휘 의미망(alias. KorLex)의 지식 그래프 임베딩을 이용한 문맥의존 철자오류 교정 기법의 성능 향상]
   └ 학회: 한국멀티미디어학회 (IF: 0.65)"
2816,2022,전기전자공학,522075129,권혁철,1,0.0,0.0,"[한국어 어휘 의미망(alias. KorLex)의 지식 그래프 임베딩을 이용한 문맥의존 철자오류 교정 기법의 성능 향상]
   └ 학회: 한국멀티미디어학회 (IF: 0.65)"
2817,2022,전기전자공학,921697854,우웨잉,1,0.0,0.0,"[멤피스 스타일 무빙 포스터 유형에 따른 모션그래픽에 관한 연구]
   └ 학회: 한국멀티미디어학회 (IF: 0.65)"
2818,2022,전기전자공학,361312047,이창근,1,0.0,0.0,"[멤피스 스타일 무빙 포스터 유형에 따른 모션그래픽에 관한 연구]
   └ 학회: 한국멀티미디어학회 (IF: 0.65)"
2819,2022,전기전자공학,574286402,"Qiao, Sui",1,0.0,0.0,"[Research on the Features of VR Marketing Design Based on Emotional Experience]
   └ 학회: 한국멀티미디어학회 (IF: 0.65)"
2820,2022,전기전자공학,561617462,전영준,1,0.0,0.0,"[화물 선적 최적화를 위한 LiDar 센서 기반 비규격 화물 체적산출 방법 연구]
   └ 학회: 한국멀티미디어학회 (IF: 0.65)"
2821,2022,전기전자공학,679903884,김예슬,1,0.0,0.0,"[화물 선적 최적화를 위한 LiDar 센서 기반 비규격 화물 체적산출 방법 연구]
   └ 학회: 한국멀티미디어학회 (IF: 0.65)"
2822,2022,전기전자공학,398093057,안선규,1,0.0,0.0,"[화물 선적 최적화를 위한 LiDar 센서 기반 비규격 화물 체적산출 방법 연구]
   └ 학회: 한국멀티미디어학회 (IF: 0.65)"
2823,2022,전기전자공학,264509783,기재원,1,0.0,0.0,"[방향 정규화 및 CNN 딥러닝 기반 차량 번호판 인식에 관한 연구]
   └ 학회: 한국멀티미디어학회 (IF: 0.65)"
2824,2022,전기전자공학,291607006,신연우,1,0.0,0.0,"[애니메이션의 샷밀도 몽타주 패턴]
   └ 학회: 한국멀티미디어학회 (IF: 0.65)"
2825,2022,전기전자공학,446899752,이호창,1,0.0,0.0,"[퍼지의 사다리꼴 타입과 영상 단계적 분할을 이용한 동적 적응적 이진화 방법]
   └ 학회: 한국멀티미디어학회 (IF: 0.65)"
2826,2022,전기전자공학,645372275,이동석,1,0.0,0.0,"[문서 처리 자동화를 위한 다양한 표 유형에서 표 구조 인식 방법]
   └ 학회: 한국멀티미디어학회 (IF: 0.65)"
2827,2022,전기전자공학,599700082,권순각,1,0.0,0.0,"[문서 처리 자동화를 위한 다양한 표 유형에서 표 구조 인식 방법]
   └ 학회: 한국멀티미디어학회 (IF: 0.65)"
2828,2022,전기전자공학,500882120,양천,1,0.0,0.0,"[틱톡(Tik Tok) 이용자의 연애유형이 연애 동영상의 이용 동기, 이용 만족도에 미치는 영향]
   └ 학회: 한국멀티미디어학회 (IF: 0.65)"
2829,2022,전기전자공학,405117651,이상훈,1,0.0,0.0,"[틱톡(Tik Tok) 이용자의 연애유형이 연애 동영상의 이용 동기, 이용 만족도에 미치는 영향]
   └ 학회: 한국멀티미디어학회 (IF: 0.65)"
2830,2022,전기전자공학,512987005,노승희,1,0.0,0.0,"[객체 탐지 기법과 기계학습 라이브러리를 활용한 단감 등급 선별 알고리즘]
   └ 학회: 한국멀티미디어학회 (IF: 0.65)"
2831,2022,전기전자공학,463767345,강은영,1,0.0,0.0,"[객체 탐지 기법과 기계학습 라이브러리를 활용한 단감 등급 선별 알고리즘]
   └ 학회: 한국멀티미디어학회 (IF: 0.65)"
2832,2022,전기전자공학,105100476,박동규,1,0.0,0.0,"[객체 탐지 기법과 기계학습 라이브러리를 활용한 단감 등급 선별 알고리즘]
   └ 학회: 한국멀티미디어학회 (IF: 0.65)"
2833,2022,전기전자공학,140726602,강영민,1,0.0,0.0,"[객체 탐지 기법과 기계학습 라이브러리를 활용한 단감 등급 선별 알고리즘]
   └ 학회: 한국멀티미디어학회 (IF: 0.65)"
2834,2022,전기전자공학,321159081,이창의,1,0.0,0.0,"[ISO 19847 선박 데이터 서버 이중화를 통한 사이버 보안 취약성 대응 방안 실험]
   └ 학회: 한국멀티미디어학회 (IF: 0.65)"
2835,2022,전기전자공학,463042087,이서정,1,0.0,0.0,"[ISO 19847 선박 데이터 서버 이중화를 통한 사이버 보안 취약성 대응 방안 실험]
   └ 학회: 한국멀티미디어학회 (IF: 0.65)"
2836,2022,전기전자공학,758622815,Ma Xiaotong,1,0.0,0.0,"[Design of Emergency Fire Fighting and Inspection Robot Riding on Highway Guardrail]
   └ 학회: 한국멀티미디어학회 (IF: 0.65)"
2837,2022,전기전자공학,107460858,Li Xiaochen,1,0.0,0.0,"[Design of Emergency Fire Fighting and Inspection Robot Riding on Highway Guardrail]
   └ 학회: 한국멀티미디어학회 (IF: 0.65)"
2838,2022,전기전자공학,221879267,Liu Yanqiu,1,0.0,0.0,"[Design of Emergency Fire Fighting and Inspection Robot Riding on Highway Guardrail]
   └ 학회: 한국멀티미디어학회 (IF: 0.65)"
2839,2022,전기전자공학,573068006,박정희,1,0.0,0.0,"[고차원 데이터에서 One-class SVM과 Spectral Clustering을 이용한 이진 예측 이상치 탐지 방법]
   └ 학회: 한국멀티미디어학회 (IF: 0.65)"
2840,2022,전기전자공학,491076759,김민환,1,0.0,0.0,"[평면 및 수직 운동하는 카메라에서 유용한 영상 역투영 속성들]
   └ 학회: 한국멀티미디어학회 (IF: 0.65)"
2841,2022,전기전자공학,849069945,변성민,1,0.0,0.0,"[평면 및 수직 운동하는 카메라에서 유용한 영상 역투영 속성들]
   └ 학회: 한국멀티미디어학회 (IF: 0.65)"
2842,2022,전기전자공학,193732633,최동민,1,0.0,0.0,"[간접 패턴을 이용하는 스마트폰 보안 키패드 설계]
   └ 학회: 한국멀티미디어학회 (IF: 0.65)"
2843,2022,전기전자공학,209010834,김현성,1,0.0,0.0,"[시선추적장치를 활용한 라면 패키지 디자인의 시각적 요소에 대한 시각적 주의집중도 분석]
   └ 학회: 한국멀티미디어학회 (IF: 0.65)"
2844,2022,전기전자공학,274805267,최민주,1,0.0,0.0,"[노인층의 근력향상 애플리케이션을 위한 디자인 제안: S시 사례를 중심으로]
   └ 학회: 한국멀티미디어학회 (IF: 0.65)"
2845,2022,전기전자공학,156503933,은석함,1,0.0,0.0,"[게임 캐릭터의 표면처리와 표현요소가 Uncanny Valley 현상에 미치는 영향에 관한 연구]
   └ 학회: 한국멀티미디어학회 (IF: 0.65)"
2846,2022,전기전자공학,308743305,Qiu-Yue Zhao,1,0.0,0.0,"[Research on Gamification Incentive Mechanism of E-commerce Platform]
   └ 학회: 한국멀티미디어학회 (IF: 0.65)"
2847,2022,전기전자공학,214533541,김철수,1,0.0,0.0,"[XOR 및 스크램블 연산 기반 2단계 위상 천이 디지털 홀로그래피 기술을 이용한 계층적 암호화 시스템]
   └ 학회: 한국멀티미디어학회 (IF: 0.65)"
2848,2022,전기전자공학,978531792,지영서,1,0.0,0.0,"[감정 기반 키워드 속성값 산출에 따른 글꼴 추천 서비스]
   └ 학회: 한국멀티미디어학회 (IF: 0.65)"
2849,2022,전기전자공학,872423356,정재혁,1,0.0,0.0,"[RGB 비디오 데이터를 이용한 Slowfast 모델 기반 이상 행동 인식 최적화]
   └ 학회: 한국멀티미디어학회 (IF: 0.65)"
2850,2022,전기전자공학,175407454,김민석,1,0.0,0.0,"[RGB 비디오 데이터를 이용한 Slowfast 모델 기반 이상 행동 인식 최적화]
   └ 학회: 한국멀티미디어학회 (IF: 0.65)"
2851,2022,전기전자공학,364623210,윤지애,1,0.0,0.0,"[글꼴 유사도 판단을 위한 한글 형태소의 글자 크기별 영향력 검증 및 분석]
   └ 학회: 한국멀티미디어학회 (IF: 0.65)"
2852,2022,전기전자공학,743012311,송유정,1,0.0,0.0,"[글꼴 유사도 판단을 위한 한글 형태소의 글자 크기별 영향력 검증 및 분석]
   └ 학회: 한국멀티미디어학회 (IF: 0.65)"
2853,2022,전기전자공학,416404714,전자연,1,0.0,0.0,"[글꼴 유사도 판단을 위한 한글 형태소의 글자 크기별 영향력 검증 및 분석]
   └ 학회: 한국멀티미디어학회 (IF: 0.65)"
2854,2022,전기전자공학,2008705,안병학,1,0.0,0.0,"[글꼴 유사도 판단을 위한 한글 형태소의 글자 크기별 영향력 검증 및 분석]
   └ 학회: 한국멀티미디어학회 (IF: 0.65)"
2855,2022,전기전자공학,722653253,Chul Ho Park,1,0.0,0.0,"[Hierarchical Location Mobility Management using Mobility Management Points in IP networks]
   └ 학회: 한국멀티미디어학회 (IF: 0.65)"
2856,2022,전기전자공학,690713162,오상엽,1,0.0,0.0,"[Hierarchical Location Mobility Management using Mobility Management Points in IP networks]
   └ 학회: 한국멀티미디어학회 (IF: 0.65)"
2857,2022,전기전자공학,920380635,강현준,1,0.0,0.0,"[모션 베드 환경에서 맞춤형 숙면 서비스를 위한 시스템 설계 및 수면 패턴 분석]
   └ 학회: 한국멀티미디어학회 (IF: 0.65)"
2858,2022,전기전자공학,642782731,이석철,1,0.0,0.0,"[모션 베드 환경에서 맞춤형 숙면 서비스를 위한 시스템 설계 및 수면 패턴 분석]
   └ 학회: 한국멀티미디어학회 (IF: 0.65)"
2859,2022,전기전자공학,255472687,정준서,1,0.0,0.0,"[모션 베드 환경에서 맞춤형 숙면 서비스를 위한 시스템 설계 및 수면 패턴 분석]
   └ 학회: 한국멀티미디어학회 (IF: 0.65)"
2860,2022,전기전자공학,866082674,조성범,1,0.0,0.0,"[모션 베드 환경에서 맞춤형 숙면 서비스를 위한 시스템 설계 및 수면 패턴 분석]
   └ 학회: 한국멀티미디어학회 (IF: 0.65)"
2861,2022,전기전자공학,694311172,이재동,1,0.0,0.0,"[모션 베드 환경에서 맞춤형 숙면 서비스를 위한 시스템 설계 및 수면 패턴 분석]
   └ 학회: 한국멀티미디어학회 (IF: 0.65)"
2862,2022,전기전자공학,132528553,이성균,1,0.0,0.0,"[다문화사회통합을 위한 다문화 교육정책의 개선방안 연구 -다문화 미디어 리터러시 교육을 중심으로-]
   └ 학회: 한국멀티미디어학회 (IF: 0.65)"
2863,2022,전기전자공학,925237551,이화영,1,0.0,0.0,"[음성 에이전트에서의 쇼핑 경험에 대한 사용자 경험 연구: 화면 유무와 제품관여도, 대화방식의 차이를 중심으로]
   └ 학회: 한국멀티미디어학회 (IF: 0.65)"
2864,2022,전기전자공학,772782915,김동환,1,0.0,0.0,"[음성 에이전트에서의 쇼핑 경험에 대한 사용자 경험 연구: 화면 유무와 제품관여도, 대화방식의 차이를 중심으로]
   └ 학회: 한국멀티미디어학회 (IF: 0.65)"
2865,2022,전기전자공학,388894899,곽민호,1,0.0,0.0,"[다중 스케일 어텐션과 심층 앙상블 기반 동물 피부 병변 분류 기법]
   └ 학회: 한국멀티미디어학회 (IF: 0.65)"
2866,2022,전기전자공학,799064721,한정규,1,0.0,0.0,"[추천 다양화 방법을 적용한 콜드 아이템 추천 정확도 향상]
   └ 학회: 한국멀티미디어학회 (IF: 0.65)"
2867,2022,전기전자공학,836404683,천세진,1,0.0,0.0,"[추천 다양화 방법을 적용한 콜드 아이템 추천 정확도 향상]
   └ 학회: 한국멀티미디어학회 (IF: 0.65)"
2868,2022,전기전자공학,562371134,이수민,1,0.0,0.0,"[멀티 모달 생체 신호 측정이 가능한 심음 분석 웨어러블 장치 개발에 관한 연구]
   └ 학회: 한국멀티미디어학회 (IF: 0.65)"
2869,2022,전기전자공학,155484003,이미란,1,0.0,0.0,"[멀티 모달 생체 신호 측정이 가능한 심음 분석 웨어러블 장치 개발에 관한 연구]
   └ 학회: 한국멀티미디어학회 (IF: 0.65)"
2870,2022,전기전자공학,722684391,웨이췬,1,0.0,0.0,"[멀티 모달 생체 신호 측정이 가능한 심음 분석 웨어러블 장치 개발에 관한 연구]
   └ 학회: 한국멀티미디어학회 (IF: 0.65)"
2871,2022,전기전자공학,447645456,박희준,1,0.0,0.0,"[멀티 모달 생체 신호 측정이 가능한 심음 분석 웨어러블 장치 개발에 관한 연구]
   └ 학회: 한국멀티미디어학회 (IF: 0.65)"
2872,2022,전기전자공학,525001603,심휘보,1,0.0,0.0,"[Haziness Degree Evaluator를 적용한 Hazy Particle Map 기반 자동화 안개 제거 방법]
   └ 학회: 한국멀티미디어학회 (IF: 0.65)"
2873,2022,전기전자공학,769880393,정진호,1,0.0,0.0,"[고의적인 연속 인증실패에 대처하는 IP주소와 횟수 기반의 계정 잠금 방지에 관한 연구]
   └ 학회: 한국멀티미디어학회 (IF: 0.65)"
2874,2022,전기전자공학,375695566,김평한,1,0.0,0.0,"[비밀자료 삽입용량을 증가시키기 위한 비밀 공유 기반의 이중 이미지 가역 정보은닉 기법]
   └ 학회: 한국멀티미디어학회 (IF: 0.65)"
2875,2022,전기전자공학,746044300,유관우,1,0.0,0.0,"[비밀자료 삽입용량을 증가시키기 위한 비밀 공유 기반의 이중 이미지 가역 정보은닉 기법]
   └ 학회: 한국멀티미디어학회 (IF: 0.65)"
2876,2022,전기전자공학,369393985,박준영,1,0.0,0.0,"[압전효과를 이용한 압인방식의 휴대용 피부탄력 측정장치]
   └ 학회: 한국멀티미디어학회 (IF: 0.65)"
2877,2022,전기전자공학,694965030,김명남,1,0.0,0.0,"[압전효과를 이용한 압인방식의 휴대용 피부탄력 측정장치]
   └ 학회: 한국멀티미디어학회 (IF: 0.65)"
2878,2022,전기전자공학,390280208,박동연,1,0.0,0.0,"[날씨에 따른 한글 폰트 윤곽선 벡터 변형 알고리즘]
   └ 학회: 한국멀티미디어학회 (IF: 0.65)"
2879,2022,전기전자공학,973469226,조세란,1,0.0,0.0,"[날씨에 따른 한글 폰트 윤곽선 벡터 변형 알고리즘]
   └ 학회: 한국멀티미디어학회 (IF: 0.65)"
2880,2022,전기전자공학,324734006,김남희,1,0.0,0.0,"[날씨에 따른 한글 폰트 윤곽선 벡터 변형 알고리즘]
   └ 학회: 한국멀티미디어학회 (IF: 0.65)"
2881,2022,전기전자공학,881021359,임몽첩,1,0.0,0.0,"[치유계 애니메이션이 대학생 심리에 미치는 영향 - 정서조절이론 실증연구를 중심으로 -]
   └ 학회: 한국멀티미디어학회 (IF: 0.65)"
2882,2022,전기전자공학,871829702,임동현,1,0.0,0.0,"[장애물이 없는 3차원 네트워크 공간에서 통신 범위 내에 무선 링크가 가능한 블록 기반의 균등 분포 무작위 노드 배치 방법]
   └ 학회: 한국멀티미디어학회 (IF: 0.65)"
2883,2022,전기전자공학,239690543,Hua Yang,1,0.0,0.0,"[Themes and Culture Concepts in Disney’s “Mulan”: The Evolution from Chinese “Imagery” to Postmodernism]
   └ 학회: 한국멀티미디어학회 (IF: 0.65)"
2884,2022,전기전자공학,462910661,이현우,1,0.0,0.0,"[애니메이션 분야의 심미적 인식에 의한 동일시와 동기화 연출]
   └ 학회: 한국멀티미디어학회 (IF: 0.65)"
2885,2022,전기전자공학,165135733,류창수,1,0.0,0.0,"[애니메이션 분야의 심미적 인식에 의한 동일시와 동기화 연출]
   └ 학회: 한국멀티미디어학회 (IF: 0.65)"
2886,2022,전기전자공학,159880986,신정석,1,0.0,0.0,"[공간정보 공유체계를 위한 모듈기반 WebGIS 플랫폼 연구]
   └ 학회: 한국멀티미디어학회 (IF: 0.65)"
2887,2022,전기전자공학,788600892,최영락,1,0.0,0.0,"[공간정보 공유체계를 위한 모듈기반 WebGIS 플랫폼 연구]
   └ 학회: 한국멀티미디어학회 (IF: 0.65)"
2888,2022,전기전자공학,846600078,채지훈,1,0.0,0.0,"[WSN 환경에서 AoA를 이용한 에너지 효율적 멀티체이닝 라우팅 프로토콜]
   └ 학회: 한국멀티미디어학회 (IF: 0.65)"
2889,2022,전기전자공학,388454427,권태욱,1,0.0,0.0,"[WSN 환경에서 AoA를 이용한 에너지 효율적 멀티체이닝 라우팅 프로토콜]
   └ 학회: 한국멀티미디어학회 (IF: 0.65)"
2890,2022,전기전자공학,578940350,풍정위,1,0.0,0.0,"[모바일 게임에서 내적동기가 플레이어의 경험에 미치는 영향 분석]
   └ 학회: 한국멀티미디어학회 (IF: 0.65)"
2891,2022,전기전자공학,386410866,이홍매,1,0.0,0.0,"[모바일 게임에서 내적동기가 플레이어의 경험에 미치는 영향 분석]
   └ 학회: 한국멀티미디어학회 (IF: 0.65)"
2892,2022,전기전자공학,5047481,방은정,1,0.0,0.0,"[케이팝 아이돌의 아바타 활용 유형 및 팬덤의 인식 분석]
   └ 학회: 한국멀티미디어학회 (IF: 0.65)"
2893,2022,전기전자공학,757028995,우신디,1,0.0,0.0,"[케이팝 아이돌의 아바타 활용 유형 및 팬덤의 인식 분석]
   └ 학회: 한국멀티미디어학회 (IF: 0.65)"
2894,2022,전기전자공학,424046586,김소연,1,0.0,0.0,"[케이팝 아이돌의 아바타 활용 유형 및 팬덤의 인식 분석]
   └ 학회: 한국멀티미디어학회 (IF: 0.65)"
2895,2022,전기전자공학,712876857,조재희,1,0.0,0.0,"[모바일 분노조절훈련 애플리케이션의 사용성 평가 연구]
   └ 학회: 한국멀티미디어학회 (IF: 0.65)"
2896,2022,전기전자공학,801840395,송밝음,1,0.0,0.0,"[Visualizing 3D form Using SketchTo3D Tool]
   └ 학회: 한국멀티미디어학회 (IF: 0.65)"
2897,2022,전기전자공학,418727590,Chul Soo Kim,1,0.0,0.0,"[Visualizing 3D form Using SketchTo3D Tool]
   └ 학회: 한국멀티미디어학회 (IF: 0.65)"
2898,2022,전기전자공학,823458395,김정훈,1,0.0,0.0,"[I-QANet: 그래프 컨볼루션 네트워크를 활용한 향상된 기계독해]
   └ 학회: 한국멀티미디어학회 (IF: 0.65)"
2899,2022,전기전자공학,622619318,MIN BORIN,1,0.0,0.0,"[Deep Convolutional Neural Network(DCNN)을 이용한 계층적 농작물의 종류와 질병 분류 기법]
   └ 학회: 한국멀티미디어학회 (IF: 0.65)"
2900,2022,전기전자공학,991926119,나형철,1,0.0,0.0,"[Deep Convolutional Neural Network(DCNN)을 이용한 계층적 농작물의 종류와 질병 분류 기법]
   └ 학회: 한국멀티미디어학회 (IF: 0.65)"
2901,2022,전기전자공학,986400674,류관희,1,0.0,0.0,"[Deep Convolutional Neural Network(DCNN)을 이용한 계층적 농작물의 종류와 질병 분류 기법]
   └ 학회: 한국멀티미디어학회 (IF: 0.65)"
2902,2022,전기전자공학,802433316,성기웅,1,0.0,0.0,"[인공 유양돌기를 이용한 이식형 골전도 보청기용 진동체 성능 평가]
   └ 학회: 한국멀티미디어학회 (IF: 0.65)"
2903,2022,전기전자공학,767293085,신동호,1,0.0,0.0,"[인공 유양돌기를 이용한 이식형 골전도 보청기용 진동체 성능 평가]
   └ 학회: 한국멀티미디어학회 (IF: 0.65)"
2904,2022,전기전자공학,824362397,김진호,1,0.0,0.0,"[대학 소프트웨어 교육의 인지유연화 하이퍼텍스트 활용 교수학습환경 효과분석]
   └ 학회: 한국멀티미디어학회 (IF: 0.65)"
2905,2022,전기전자공학,254871241,이명근,1,0.0,0.0,"[대학 소프트웨어 교육의 인지유연화 하이퍼텍스트 활용 교수학습환경 효과분석]
   └ 학회: 한국멀티미디어학회 (IF: 0.65)"
2906,2022,전기전자공학,326343452,박종화,1,0.0,0.0,"[대학 소프트웨어 교육의 인지유연화 하이퍼텍스트 활용 교수학습환경 효과분석]
   └ 학회: 한국멀티미디어학회 (IF: 0.65)"
2907,2022,전기전자공학,392396267,김재경,1,0.0,0.0,"[대학 소프트웨어 교육의 인지유연화 하이퍼텍스트 활용 교수학습환경 효과분석]
   └ 학회: 한국멀티미디어학회 (IF: 0.65)"
2908,2022,전기전자공학,620822112,손의성,1,0.0,0.0,"[대학 소프트웨어 교육의 인지유연화 하이퍼텍스트 활용 교수학습환경 효과분석]
   └ 학회: 한국멀티미디어학회 (IF: 0.65)"
2909,2022,전기전자공학,357241370,장자원,1,0.0,0.0,"[숏폼 콘텐츠의 형식적, 내용적 특성이 이용자 반응에 미치는 영향 - 틱톡 뉴스를 중심으로 -]
   └ 학회: 한국멀티미디어학회 (IF: 0.65)"
2910,2022,전기전자공학,703765714,독몽기,1,0.0,0.0,"[숏폼 콘텐츠의 형식적, 내용적 특성이 이용자 반응에 미치는 영향 - 틱톡 뉴스를 중심으로 -]
   └ 학회: 한국멀티미디어학회 (IF: 0.65)"
2911,2022,전기전자공학,694841094,왕일범,1,0.0,0.0,"[숏폼 콘텐츠의 형식적, 내용적 특성이 이용자 반응에 미치는 영향 - 틱톡 뉴스를 중심으로 -]
   └ 학회: 한국멀티미디어학회 (IF: 0.65)"
2912,2022,전기전자공학,510570453,왕빈,1,0.0,0.0,"[Post-COVID 시대에서 운전면허학원 수강생의 감지 서비스 품질과 만족도의 영향: 디지털 비전의 조절 역할]
   └ 학회: 한국멀티미디어학회 (IF: 0.65)"
2913,2022,전기전자공학,217129386,황기식,1,0.0,0.0,"[Post-COVID 시대에서 운전면허학원 수강생의 감지 서비스 품질과 만족도의 영향: 디지털 비전의 조절 역할]
   └ 학회: 한국멀티미디어학회 (IF: 0.65)"
2914,2022,전기전자공학,735004502,문성,1,0.0,0.0,"[OTT Bilibili 이용자 1인 미디어 지속 구독 의도에 미치는 영향요인 연구]
   └ 학회: 한국멀티미디어학회 (IF: 0.65)"
2915,2022,전기전자공학,311820606,배승주,1,0.0,0.0,"[OTT Bilibili 이용자 1인 미디어 지속 구독 의도에 미치는 영향요인 연구]
   └ 학회: 한국멀티미디어학회 (IF: 0.65)"
2916,2022,전기전자공학,872250,이상호,1,0.0,0.0,"[OTT Bilibili 이용자 1인 미디어 지속 구독 의도에 미치는 영향요인 연구]
   └ 학회: 한국멀티미디어학회 (IF: 0.65)"
2917,2022,전기전자공학,511273396,김종희,1,0.0,0.0,"[델파이 조사를 통한 모바일 GUI 요소의 운영체제별 컴포넌트 분류]
   └ 학회: 한국멀티미디어학회 (IF: 0.65)"
2918,2022,전기전자공학,734532993,이화세,1,0.0,0.0,"[델파이 조사를 통한 모바일 GUI 요소의 운영체제별 컴포넌트 분류]
   └ 학회: 한국멀티미디어학회 (IF: 0.65)"
2919,2022,전기전자공학,559262752,강성욱,1,0.0,0.0,"[도심 화물열차 운행을 위한 TPS 분석 연구]
   └ 학회: 한국도시철도학회 (IF: 0.64)"
2920,2022,전기전자공학,447801211,최돈범,1,0.0,0.0,"[도시철도 VCTS 운행전략 비교 연구]
   └ 학회: 한국도시철도학회 (IF: 0.64)"
2921,2022,전기전자공학,178751400,양용준,1,0.0,0.0,"[차륜단면 형상에 따른 도시철도차량 임계속도 변화 연구]
   └ 학회: 한국도시철도학회 (IF: 0.64)"
2922,2022,전기전자공학,805560883,김태건,1,0.0,0.0,"[차륜단면 형상에 따른 도시철도차량 임계속도 변화 연구]
   └ 학회: 한국도시철도학회 (IF: 0.64)"
2923,2022,전기전자공학,122324,김호연,1,0.0,0.0,"[철도교통관제 규정의 체계에 대한 연구:사고사례 중심으로]
   └ 학회: 한국도시철도학회 (IF: 0.64)"
2924,2022,전기전자공학,865809928,노학래,1,0.0,0.0,"[철도교통관제 규정의 체계에 대한 연구:사고사례 중심으로]
   └ 학회: 한국도시철도학회 (IF: 0.64)"
2925,2022,전기전자공학,987944531,이인묵,1,0.0,0.0,"[Yen 알고리즘을 활용한 열차 다중경로 탐색]
   └ 학회: 한국도시철도학회 (IF: 0.64)"
2926,2022,전기전자공학,213534390,김경태,1,0.0,0.0,"[Yen 알고리즘을 활용한 열차 다중경로 탐색]
   └ 학회: 한국도시철도학회 (IF: 0.64)"
2927,2022,전기전자공학,320773299,정락교,1,0.0,0.0,"[다기준 의사 결정법 기반 도시철도 가상결합 운행전략 우선순위 평가 연구]
   └ 학회: 한국도시철도학회 (IF: 0.64)"
2928,2022,전기전자공학,621916082,박정수,1,0.0,0.0,"[다중회귀분석을 활용한 도시철도 이용승객 더움민원에 관한 분석 및 감소방안에 관한 연구]
   └ 학회: 한국도시철도학회 (IF: 0.64)"
2929,2022,전기전자공학,687026983,김정현,1,0.0,0.0,"[도시부 철도 지하화사업의 효율적 추진방안 - 경인선 지하화사업 사례]
   └ 학회: 한국도시철도학회 (IF: 0.64)"
2930,2022,전기전자공학,445449475,지정건,1,0.0,0.0,"[철도차량 이력정보 표준화를 통한 국가 철도차량 이력관리 시스템 구축에 관한 연구]
   └ 학회: 한국도시철도학회 (IF: 0.64)"
2931,2022,전기전자공학,995132750,강부병,1,0.0,0.0,"[철도차량 이력정보 표준화를 통한 국가 철도차량 이력관리 시스템 구축에 관한 연구]
   └ 학회: 한국도시철도학회 (IF: 0.64)"
2932,2022,전기전자공학,247153360,권혁민,1,0.0,0.0,"[도시철도차량 공기스프링 횡변위 검사기준에 관한 연구]
   └ 학회: 한국도시철도학회 (IF: 0.64)"
2933,2022,전기전자공학,470693421,임원식,1,0.0,0.0,"[도시철도차량 공기스프링 횡변위 검사기준에 관한 연구]
   └ 학회: 한국도시철도학회 (IF: 0.64)"
2934,2022,전기전자공학,697544134,김군수,1,0.0,0.0,"[열차 축상가속도 주파수 분석을 통한 뜬침목 검측방법 연구]
   └ 학회: 한국도시철도학회 (IF: 0.64)"
2935,2022,전기전자공학,501794295,유영준,1,0.0,0.0,"[열차 축상가속도 주파수 분석을 통한 뜬침목 검측방법 연구]
   └ 학회: 한국도시철도학회 (IF: 0.64)"
2936,2022,전기전자공학,910709864,신민호,1,0.0,0.0,"[열차 축상가속도 주파수 분석을 통한 뜬침목 검측방법 연구]
   └ 학회: 한국도시철도학회 (IF: 0.64)"
2937,2022,전기전자공학,597722336,조호진,1,0.0,0.0,"[열차 축상가속도 주파수 분석을 통한 뜬침목 검측방법 연구]
   └ 학회: 한국도시철도학회 (IF: 0.64)"
2938,2022,전기전자공학,735513284,강용민,1,0.0,0.0,"[교직류 겸용 전동차의 모진 보호에 관한 연구]
   └ 학회: 한국도시철도학회 (IF: 0.64)"
2939,2022,전기전자공학,804330168,장재민,1,0.0,0.0,"[토지이용 특성을 고려한 서울시 지하철 출입구 개선방안 연구]
   └ 학회: 한국도시철도학회 (IF: 0.64)"
2940,2022,전기전자공학,704572702,이상근,1,0.0,0.0,"[토지이용 특성을 고려한 서울시 지하철 출입구 개선방안 연구]
   └ 학회: 한국도시철도학회 (IF: 0.64)"
2941,2022,전기전자공학,504485439,이준,1,0.0,0.0,"[토지이용 특성을 고려한 서울시 지하철 출입구 개선방안 연구]
   └ 학회: 한국도시철도학회 (IF: 0.64)"
2942,2022,전기전자공학,443280795,장동두,1,0.0,0.0,"[P-FIT 궤도의 교량구간 자갈궤도 개량을 위한 차량-궤도 상호작용 해석]
   └ 학회: 한국도시철도학회 (IF: 0.64)"
2943,2022,전기전자공학,969204958,강윤석,1,0.0,0.0,"[P-FIT 궤도의 교량구간 자갈궤도 개량을 위한 차량-궤도 상호작용 해석]
   └ 학회: 한국도시철도학회 (IF: 0.64)"
2944,2022,전기전자공학,176182290,이찬영,1,0.0,0.0,"[P-FIT 궤도의 교량구간 자갈궤도 개량을 위한 차량-궤도 상호작용 해석]
   └ 학회: 한국도시철도학회 (IF: 0.64)"
2945,2022,전기전자공학,722927221,권세곤,1,0.0,0.0,"[P-FIT 궤도의 교량구간 자갈궤도 개량을 위한 차량-궤도 상호작용 해석]
   └ 학회: 한국도시철도학회 (IF: 0.64)"
2946,2022,전기전자공학,318725902,윤병현,1,0.0,0.0,"[P-FIT 궤도의 교량구간 자갈궤도 개량을 위한 차량-궤도 상호작용 해석]
   └ 학회: 한국도시철도학회 (IF: 0.64)"
2947,2022,전기전자공학,856494262,서정원,1,0.0,0.0,"[차륜/레일의 구름접촉을 위한 유한요소모델 및 접촉피로 수명평가]
   └ 학회: 한국도시철도학회 (IF: 0.64)"
2948,2022,전기전자공학,550163200,전현규,1,0.0,0.0,"[차륜/레일의 구름접촉을 위한 유한요소모델 및 접촉피로 수명평가]
   └ 학회: 한국도시철도학회 (IF: 0.64)"
2949,2022,전기전자공학,882607595,배영훈,1,0.0,0.0,"[차륜/레일의 구름접촉을 위한 유한요소모델 및 접촉피로 수명평가]
   └ 학회: 한국도시철도학회 (IF: 0.64)"
2950,2022,전기전자공학,805860094,여인호,1,0.0,0.0,"[차륜/레일의 구름접촉을 위한 유한요소모델 및 접촉피로 수명평가]
   └ 학회: 한국도시철도학회 (IF: 0.64)"
2951,2022,전기전자공학,443909599,전지훈,1,0.0,0.0,"[프리마운팅 탄성구조를 적용한 고속철도 제동디스크의 열구조 해석]
   └ 학회: 한국도시철도학회 (IF: 0.64)"
2952,2022,전기전자공학,890830214,이호용,1,0.0,0.0,"[프리마운팅 탄성구조를 적용한 고속철도 제동디스크의 열구조 해석]
   └ 학회: 한국도시철도학회 (IF: 0.64)"
2953,2022,전기전자공학,577156839,김민수,1,0.0,0.0,"[프리마운팅 탄성구조를 적용한 고속철도 제동디스크의 열구조 해석]
   └ 학회: 한국도시철도학회 (IF: 0.64)"
2954,2022,전기전자공학,232169570,김대상,1,0.0,0.0,"[충격하중 재하 시 인공자갈을 포함한 도상층의 침하 및 파쇄 저감 효과]
   └ 학회: 한국도시철도학회 (IF: 0.64)"
2955,2022,전기전자공학,229688169,김웅진,1,0.0,0.0,"[충격하중 재하 시 인공자갈을 포함한 도상층의 침하 및 파쇄 저감 효과]
   └ 학회: 한국도시철도학회 (IF: 0.64)"
2956,2022,전기전자공학,711803,장승엽,1,0.0,0.0,"[충격하중 재하 시 인공자갈을 포함한 도상층의 침하 및 파쇄 저감 효과]
   └ 학회: 한국도시철도학회 (IF: 0.64)"
2957,2022,전기전자공학,928856347,김지환,1,0.0,0.0,"[충격하중 재하 시 인공자갈을 포함한 도상층의 침하 및 파쇄 저감 효과]
   └ 학회: 한국도시철도학회 (IF: 0.64)"
2958,2022,전기전자공학,1319671,양송호,1,0.0,0.0,"[척추 융합술에서 수술 계획을 재현하기 위한 가상현실 기반 수술 내비게이션 방법]
   └ 학회: 한국로봇학회(논문지) (IF: 0.57)"
2959,2022,전기전자공학,742990036,손재범,1,0.0,0.0,"[척추 융합술에서 수술 계획을 재현하기 위한 가상현실 기반 수술 내비게이션 방법]
   └ 학회: 한국로봇학회(논문지) (IF: 0.57)"
2960,2022,전기전자공학,399684695,이호열,1,0.0,0.0,"[척추 융합술에서 수술 계획을 재현하기 위한 가상현실 기반 수술 내비게이션 방법]
   └ 학회: 한국로봇학회(논문지) (IF: 0.57)"
2961,2022,전기전자공학,264252203,정유수,1,0.0,0.0,"[척추 융합술에서 수술 계획을 재현하기 위한 가상현실 기반 수술 내비게이션 방법]
   └ 학회: 한국로봇학회(논문지) (IF: 0.57)"
2962,2022,전기전자공학,575096457,김계진,1,0.0,0.0,"[비홀로노믹 모바일 매니퓰레이터의 영공간 투영에 기반한 충돌 회피]
   └ 학회: 한국로봇학회(논문지) (IF: 0.57)"
2963,2022,전기전자공학,110579843,윤인환,1,0.0,0.0,"[비홀로노믹 모바일 매니퓰레이터의 영공간 투영에 기반한 충돌 회피]
   └ 학회: 한국로봇학회(논문지) (IF: 0.57)"
2964,2022,전기전자공학,459938336,이영민,1,0.0,0.0,"[이중 곡률 쉘 모양의 소프트 회전 액추에이터 변형에 대한 수식적 접근]
   └ 학회: 한국로봇학회(논문지) (IF: 0.57)"
2965,2022,전기전자공학,209731635,최혁렬,1,0.0,0.0,"[이중 곡률 쉘 모양의 소프트 회전 액추에이터 변형에 대한 수식적 접근]
   └ 학회: 한국로봇학회(논문지) (IF: 0.57)"
2966,2022,전기전자공학,637258521,구자춘,1,0.0,0.0,"[이중 곡률 쉘 모양의 소프트 회전 액추에이터 변형에 대한 수식적 접근]
   └ 학회: 한국로봇학회(논문지) (IF: 0.57)"
2967,2022,전기전자공학,140139629,최준식,1,0.0,0.0,"[심리학 및 행동생물학적 연구에서 동물 로봇의 활용과 전망]
   └ 학회: 한국로봇학회(논문지) (IF: 0.57)"
2968,2022,전기전자공학,877636752,이갑주,1,0.0,0.0,"[B.C유 전소발전소에서 바이오중유 혼소·전소시 제어시스템 최적화 방안 고찰]
   └ 학회: 한국로봇학회(논문지) (IF: 0.57)"
2969,2022,전기전자공학,366871166,정진도,1,0.0,0.0,"[B.C유 전소발전소에서 바이오중유 혼소·전소시 제어시스템 최적화 방안 고찰]
   └ 학회: 한국로봇학회(논문지) (IF: 0.57)"
2970,2022,전기전자공학,5341958,배영현,1,0.0,0.0,"[돌봄보조 로봇의 개발과 서비스에 대한 윤리적 고찰 : 이승, 자세변환, 식사, 배설 돌봄보조 로봇을 중심으로]
   └ 학회: 한국로봇학회(논문지) (IF: 0.57)"
2971,2022,전기전자공학,526196723,이규호,1,0.0,0.0,"[농업용 무한궤도형 자율주행 플랫폼의 경로 추종 및 추종 성능 향상을 위한 가변형 전방 주시거리 알고리즘 개발]
   └ 학회: 한국로봇학회(논문지) (IF: 0.57)"
2972,2022,전기전자공학,2119138,최헌수,1,0.0,0.0,"[저가형 3D프린팅 2축 압력 센서 개발]
   └ 학회: 한국로봇학회(논문지) (IF: 0.57)"
2973,2022,전기전자공학,782879735,여준성,1,0.0,0.0,"[저가형 3D프린팅 2축 압력 센서 개발]
   └ 학회: 한국로봇학회(논문지) (IF: 0.57)"
2974,2022,전기전자공학,292195654,성지훈,1,0.0,0.0,"[저가형 3D프린팅 2축 압력 센서 개발]
   └ 학회: 한국로봇학회(논문지) (IF: 0.57)"
2975,2022,전기전자공학,909577431,최현진,1,0.0,0.0,"[저가형 3D프린팅 2축 압력 센서 개발]
   └ 학회: 한국로봇학회(논문지) (IF: 0.57)"
2976,2022,전기전자공학,555753216,서한범,1,0.0,0.0,"[리니어 구동 구조의 마찰 저감을 위한 수동형 성장 피복]
   └ 학회: 한국로봇학회(논문지) (IF: 0.57)"
2977,2022,전기전자공학,822681724,김동기,1,0.0,0.0,"[리니어 구동 구조의 마찰 저감을 위한 수동형 성장 피복]
   └ 학회: 한국로봇학회(논문지) (IF: 0.57)"
2978,2022,전기전자공학,863237199,정광필,1,0.0,0.0,"[리니어 구동 구조의 마찰 저감을 위한 수동형 성장 피복]
   └ 학회: 한국로봇학회(논문지) (IF: 0.57)"
2979,2022,전기전자공학,594138318,김기훈,1,0.0,0.0,"[조립 공정에서 양팔 로봇의 구조에 따른 작업성 평가 방법 연구]
   └ 학회: 한국로봇학회(논문지) (IF: 0.57)"
2980,2022,전기전자공학,436992785,박동일,1,0.0,0.0,"[조립 공정에서 양팔 로봇의 구조에 따른 작업성 평가 방법 연구]
   └ 학회: 한국로봇학회(논문지) (IF: 0.57)"
2981,2022,전기전자공학,626227204,김휘수,1,0.0,0.0,"[조립 공정에서 양팔 로봇의 구조에 따른 작업성 평가 방법 연구]
   └ 학회: 한국로봇학회(논문지) (IF: 0.57)"
2982,2022,전기전자공학,669470876,조영수,1,0.0,0.0,"[조립 공정에서 양팔 로봇의 구조에 따른 작업성 평가 방법 연구]
   └ 학회: 한국로봇학회(논문지) (IF: 0.57)"
2983,2022,전기전자공학,284497372,정원석,1,0.0,0.0,"[조립 공정에서 양팔 로봇의 구조에 따른 작업성 평가 방법 연구]
   └ 학회: 한국로봇학회(논문지) (IF: 0.57)"
2984,2022,전기전자공학,140480758,김형래,1,0.0,0.0,"[고중량물 운반을 위한 근력보조장치 개발 및 군 적합성 연구]
   └ 학회: 한국로봇학회(논문지) (IF: 0.57)"
2985,2022,전기전자공학,925274004,박장식,1,0.0,0.0,"[고중량물 운반을 위한 근력보조장치 개발 및 군 적합성 연구]
   └ 학회: 한국로봇학회(논문지) (IF: 0.57)"
2986,2022,전기전자공학,144637254,이경하,1,0.0,0.0,"[고중량물 운반을 위한 근력보조장치 개발 및 군 적합성 연구]
   └ 학회: 한국로봇학회(논문지) (IF: 0.57)"
2987,2022,전기전자공학,446663362,유재관,1,0.0,0.0,"[고중량물 운반을 위한 근력보조장치 개발 및 군 적합성 연구]
   └ 학회: 한국로봇학회(논문지) (IF: 0.57)"
2988,2022,전기전자공학,203764216,최정현,1,0.0,0.0,"[세계 AI 로봇 카레이스 대회를 위한 자율 주행 시스템 구현]
   └ 학회: 한국로봇학회(논문지) (IF: 0.57)"
2989,2022,전기전자공학,899915622,박종훈,1,0.0,0.0,"[세계 AI 로봇 카레이스 대회를 위한 자율 주행 시스템 구현]
   └ 학회: 한국로봇학회(논문지) (IF: 0.57)"
2990,2022,전기전자공학,352814497,사공의훈,1,0.0,0.0,"[세계 AI 로봇 카레이스 대회를 위한 자율 주행 시스템 구현]
   └ 학회: 한국로봇학회(논문지) (IF: 0.57)"
2991,2022,전기전자공학,603777558,박정현,1,0.0,0.0,"[세계 AI 로봇 카레이스 대회를 위한 자율 주행 시스템 구현]
   └ 학회: 한국로봇학회(논문지) (IF: 0.57)"
2992,2022,전기전자공학,133829069,김창현,1,0.0,0.0,"[세계 AI 로봇 카레이스 대회를 위한 자율 주행 시스템 구현]
   └ 학회: 한국로봇학회(논문지) (IF: 0.57)"
2993,2022,전기전자공학,385430528,이재찬,1,0.0,0.0,"[세계 AI 로봇 카레이스 대회를 위한 자율 주행 시스템 구현]
   └ 학회: 한국로봇학회(논문지) (IF: 0.57)"
2994,2022,전기전자공학,991489671,김도형,1,0.0,0.0,"[세계 AI 로봇 카레이스 대회를 위한 자율 주행 시스템 구현]
   └ 학회: 한국로봇학회(논문지) (IF: 0.57)"
2995,2022,전기전자공학,653879046,이건,1,0.0,0.0,"[인대 구조에서 기인한 전완 메커니즘과 자유도 해석]
   └ 학회: 한국로봇학회(논문지) (IF: 0.57)"
2996,2022,전기전자공학,751782482,이호,1,0.0,0.0,"[인대 구조에서 기인한 전완 메커니즘과 자유도 해석]
   └ 학회: 한국로봇학회(논문지) (IF: 0.57)"
2997,2022,전기전자공학,328029077,류우석,1,0.0,0.0,"[단일 사각 레일 주행이 가능한 감시 로봇 설계]
   └ 학회: 한국로봇학회(논문지) (IF: 0.57)"
2998,2022,전기전자공학,762078871,이성온,1,0.0,0.0,"[단일 사각 레일 주행이 가능한 감시 로봇 설계]
   └ 학회: 한국로봇학회(논문지) (IF: 0.57)"
2999,2022,전기전자공학,1143148,이수용,1,0.0,0.0,"[가상 스와치를 위한 신축성 구현 햅틱 장치]
   └ 학회: 한국로봇학회(논문지) (IF: 0.57)"
3000,2022,전기전자공학,945069858,임은철,1,0.0,0.0,"[해상풍력발전 지지구조물의 유지보수용 수중 기둥등반로봇에 관한 실험적 연구]
   └ 학회: 한국로봇학회(논문지) (IF: 0.57)"
3001,2022,전기전자공학,445663682,고진환,1,0.0,0.0,"[해상풍력발전 지지구조물의 유지보수용 수중 기둥등반로봇에 관한 실험적 연구]
   └ 학회: 한국로봇학회(논문지) (IF: 0.57)"
3002,2022,전기전자공학,397062246,김다완,1,0.0,0.0,"[촉각센싱기반 거칠고 젖은 표면 파지가 가능한 생체모사 로봇용 그리핑 기술 개발]
   └ 학회: 한국로봇학회(논문지) (IF: 0.57)"
3003,2022,전기전자공학,539488802,심예리,1,0.0,0.0,"[2축 짐벌 구조 적재 장치를 위한 최소제곱법 기반 시스템 식별]
   └ 학회: 한국로봇학회(논문지) (IF: 0.57)"
3004,2022,전기전자공학,451555057,진상록,1,0.0,0.0,"[2축 짐벌 구조 적재 장치를 위한 최소제곱법 기반 시스템 식별]
   └ 학회: 한국로봇학회(논문지) (IF: 0.57)"
3005,2022,전기전자공학,136045720,최유나,1,0.0,0.0,"[가우시안 프로세스 회귀를 이용한 족저압 중심 궤적 추정]
   └ 학회: 한국로봇학회(논문지) (IF: 0.57)"
3006,2022,전기전자공학,787274805,이대훈,1,0.0,0.0,"[가우시안 프로세스 회귀를 이용한 족저압 중심 궤적 추정]
   └ 학회: 한국로봇학회(논문지) (IF: 0.57)"
3007,2022,전기전자공학,217467154,성민창,1,0.0,0.0,"[이차 계획법을 활용한 부드러운 궤적 생성 방법]
   └ 학회: 한국로봇학회(논문지) (IF: 0.57)"
3008,2022,전기전자공학,694369404,우희진,1,0.0,0.0,"[모델 파라미터 없는 쿠프만 연산자 기반의 영구자석 동기전동기의 속도제어]
   └ 학회: 한국로봇학회(논문지) (IF: 0.57)"
3009,2022,전기전자공학,727959298,김정윤,1,0.0,0.0,"[열화상 이미지 다중 채널 재매핑을 통한 단일 열화상 이미지 깊이 추정 향상]
   └ 학회: 한국로봇학회(논문지) (IF: 0.57)"
3010,2022,전기전자공학,652079498,전명환,1,0.0,0.0,"[열화상 이미지 다중 채널 재매핑을 통한 단일 열화상 이미지 깊이 추정 향상]
   └ 학회: 한국로봇학회(논문지) (IF: 0.57)"
3011,2022,전기전자공학,670946092,김승연,1,0.0,0.0,"[아바타 로봇을 위한 3지 로봇 손과 손 자세 맵핑 알고리즘]
   └ 학회: 한국로봇학회(논문지) (IF: 0.57)"
3012,2022,전기전자공학,231510024,성은호,1,0.0,0.0,"[아바타 로봇을 위한 3지 로봇 손과 손 자세 맵핑 알고리즘]
   └ 학회: 한국로봇학회(논문지) (IF: 0.57)"
3013,2022,전기전자공학,274011906,Saba Arshad,1,0.0,0.0,"[Semantic Visual Place Recognition in Dynamic Urban Environment]
   └ 학회: 한국로봇학회(논문지) (IF: 0.57)"
3014,2022,전기전자공학,816248239,박경재,1,0.0,0.0,"[외란 관측기를 이용한 휴머노이드 무게 중심 유연 동작 제어]
   └ 학회: 한국로봇학회(논문지) (IF: 0.57)"
3015,2022,전기전자공학,256255,김명주,1,0.0,0.0,"[외란 관측기를 이용한 휴머노이드 무게 중심 유연 동작 제어]
   └ 학회: 한국로봇학회(논문지) (IF: 0.57)"
3016,2022,전기전자공학,5121916,백찬렬,1,0.0,0.0,"[조작자 근육 활성도 기반 양팔 로봇의 임피던스 제어 파라미터 갱신 방법]
   └ 학회: 한국로봇학회(논문지) (IF: 0.57)"
3017,2022,전기전자공학,754299915,차광열,1,0.0,0.0,"[조작자 근육 활성도 기반 양팔 로봇의 임피던스 제어 파라미터 갱신 방법]
   └ 학회: 한국로봇학회(논문지) (IF: 0.57)"
3018,2022,전기전자공학,541324308,Zeeshan Javed,1,0.0,0.0,"[Omni-directional Visual-LiDAR SLAM for Multi-Camera System]
   └ 학회: 한국로봇학회(논문지) (IF: 0.57)"
3019,2022,전기전자공학,830984541,김선홍,1,0.0,0.0,"[모바일 매니퓰레이터의 NMPC 기반 장애물 회피 및 전신 모션 플래닝]
   └ 학회: 한국로봇학회(논문지) (IF: 0.57)"
3020,2022,전기전자공학,940648344,사샤 아제이,1,0.0,0.0,"[모바일 매니퓰레이터의 NMPC 기반 장애물 회피 및 전신 모션 플래닝]
   └ 학회: 한국로봇학회(논문지) (IF: 0.57)"
3021,2022,전기전자공학,981433151,스웨버스 얀,1,0.0,0.0,"[모바일 매니퓰레이터의 NMPC 기반 장애물 회피 및 전신 모션 플래닝]
   └ 학회: 한국로봇학회(논문지) (IF: 0.57)"
3022,2022,전기전자공학,939278109,허현석,1,0.0,0.0,"[고속 푸리에 합성곱을 이용한 파지 조건에 강인한 촉각센서 기반 물체 인식 방법]
   └ 학회: 한국로봇학회(논문지) (IF: 0.57)"
3023,2022,전기전자공학,108636417,김정중,1,0.0,0.0,"[고속 푸리에 합성곱을 이용한 파지 조건에 강인한 촉각센서 기반 물체 인식 방법]
   └ 학회: 한국로봇학회(논문지) (IF: 0.57)"
3024,2022,전기전자공학,540114374,고두열,1,0.0,0.0,"[고속 푸리에 합성곱을 이용한 파지 조건에 강인한 촉각센서 기반 물체 인식 방법]
   └ 학회: 한국로봇학회(논문지) (IF: 0.57)"
3025,2022,전기전자공학,965415495,김창현,1,0.0,0.0,"[고속 푸리에 합성곱을 이용한 파지 조건에 강인한 촉각센서 기반 물체 인식 방법]
   └ 학회: 한국로봇학회(논문지) (IF: 0.57)"
3026,2022,전기전자공학,592810626,이승철,1,0.0,0.0,"[고속 푸리에 합성곱을 이용한 파지 조건에 강인한 촉각센서 기반 물체 인식 방법]
   └ 학회: 한국로봇학회(논문지) (IF: 0.57)"
3027,2022,전기전자공학,157542069,서현영,1,0.0,0.0,"[건물 외벽청소 로봇의 비즈니스 모델 개발]
   └ 학회: 한국로봇학회(논문지) (IF: 0.57)"
3028,2022,전기전자공학,183388864,최인휴,1,0.0,0.0,"[건물 외벽청소 로봇의 비즈니스 모델 개발]
   └ 학회: 한국로봇학회(논문지) (IF: 0.57)"
3029,2022,전기전자공학,355164178,조영조,1,0.0,0.0,"[건물 외벽청소 로봇의 비즈니스 모델 개발]
   └ 학회: 한국로봇학회(논문지) (IF: 0.57)"
3030,2022,전기전자공학,392036123,심민규,1,0.0,0.0,"[건물 외벽청소 로봇의 비즈니스 모델 개발]
   └ 학회: 한국로봇학회(논문지) (IF: 0.57)"
3031,2022,전기전자공학,707505785,박병재,1,0.0,0.0,"[Visual SLAM 프레임워크에서 사용하고 있는 loop detection 방법]
   └ 학회: 한국로봇학회 (IF: 0.57)"
3032,2022,전기전자공학,729820259,장혜수,1,0.0,0.0,"[비광학 센서를 사용하는 SLAM]
   └ 학회: 한국로봇학회 (IF: 0.57)"
3033,2022,전기전자공학,123808,곽경민,1,0.0,0.0,"[급속 확산되는 물류현장의 로봇적용 사례]
   └ 학회: 한국로봇학회(논문지) (IF: 0.57)"
3034,2022,전기전자공학,114865121,박범,1,0.0,0.0,"[급속 확산되는 물류현장의 로봇적용 사례]
   └ 학회: 한국로봇학회(논문지) (IF: 0.57)"
3035,2022,전기전자공학,760073827,고은지,1,0.0,0.0,"[급속 확산되는 물류현장의 로봇적용 사례]
   └ 학회: 한국로봇학회(논문지) (IF: 0.57)"
3036,2022,전기전자공학,644877136,윤철주,1,0.0,0.0,"[급속 확산되는 물류현장의 로봇적용 사례]
   └ 학회: 한국로봇학회(논문지) (IF: 0.57)"
3037,2022,전기전자공학,730699617,김경훈,1,0.0,0.0,"[급속 확산되는 물류현장의 로봇적용 사례]
   └ 학회: 한국로봇학회(논문지) (IF: 0.57)"
3038,2022,전기전자공학,407180759,신동철,1,0.0,0.0,"[다중에이전트 경로탐색(MAPF) 기반의 실내배송로봇 군집제어 구현]
   └ 학회: 한국로봇학회(논문지) (IF: 0.57)"
3039,2022,전기전자공학,894603258,이성원,1,0.0,0.0,"[다중에이전트 경로탐색(MAPF) 기반의 실내배송로봇 군집제어 구현]
   └ 학회: 한국로봇학회(논문지) (IF: 0.57)"
3040,2022,전기전자공학,507427150,박찬욱,1,0.0,0.0,"[다중에이전트 경로탐색(MAPF) 기반의 실내배송로봇 군집제어 구현]
   └ 학회: 한국로봇학회(논문지) (IF: 0.57)"
3041,2022,전기전자공학,539292984,남문식,1,0.0,0.0,"[다중에이전트 경로탐색(MAPF) 기반의 실내배송로봇 군집제어 구현]
   └ 학회: 한국로봇학회(논문지) (IF: 0.57)"
3042,2022,전기전자공학,507244865,정길수,1,0.0,0.0,"[다중에이전트 경로탐색(MAPF) 기반의 실내배송로봇 군집제어 구현]
   └ 학회: 한국로봇학회(논문지) (IF: 0.57)"
3043,2022,전기전자공학,469576622,김동형,1,0.0,0.0,"[롤테이너 적재 소포를 자동으로 디팔레타이징하기 위한 로봇 시스템 개발]
   └ 학회: 한국로봇학회(논문지) (IF: 0.57)"
3044,2022,전기전자공학,800327474,임을균,1,0.0,0.0,"[롤테이너 적재 소포를 자동으로 디팔레타이징하기 위한 로봇 시스템 개발]
   └ 학회: 한국로봇학회(논문지) (IF: 0.57)"
3045,2022,전기전자공학,312023844,김중배,1,0.0,0.0,"[롤테이너 적재 소포를 자동으로 디팔레타이징하기 위한 로봇 시스템 개발]
   └ 학회: 한국로봇학회(논문지) (IF: 0.57)"
3046,2022,전기전자공학,736742197,김다영,1,0.0,0.0,"[어린이를 위한 소셜 로봇의 심리운동 기반 놀이 활동 개발]
   └ 학회: 한국로봇학회(논문지) (IF: 0.57)"
3047,2022,전기전자공학,512910525,최지환,1,0.0,0.0,"[어린이를 위한 소셜 로봇의 심리운동 기반 놀이 활동 개발]
   └ 학회: 한국로봇학회(논문지) (IF: 0.57)"
3048,2022,전기전자공학,513669733,김주현,1,0.0,0.0,"[어린이를 위한 소셜 로봇의 심리운동 기반 놀이 활동 개발]
   └ 학회: 한국로봇학회(논문지) (IF: 0.57)"
3049,2022,전기전자공학,280726470,정재희,1,0.0,0.0,"[어린이를 위한 소셜 로봇의 심리운동 기반 놀이 활동 개발]
   └ 학회: 한국로봇학회(논문지) (IF: 0.57)"
3050,2022,전기전자공학,317834412,이원형,1,0.0,0.0,"[어린이를 위한 소셜 로봇의 심리운동 기반 놀이 활동 개발]
   └ 학회: 한국로봇학회(논문지) (IF: 0.57)"
3051,2022,전기전자공학,391655513,권영우,1,0.0,0.0,"[탁구 로봇을 위한 빠른 자세 분류 시스템 개발]
   └ 학회: 한국로봇학회(논문지) (IF: 0.57)"
3052,2022,전기전자공학,363667221,김윤정,1,0.0,0.0,"[탁구 로봇을 위한 빠른 자세 분류 시스템 개발]
   └ 학회: 한국로봇학회(논문지) (IF: 0.57)"
3053,2022,전기전자공학,638177827,박미영,1,0.0,0.0,"[탁구 로봇을 위한 빠른 자세 분류 시스템 개발]
   └ 학회: 한국로봇학회(논문지) (IF: 0.57)"
3054,2022,전기전자공학,608461345,안재훈,1,0.0,0.0,"[탁구 로봇을 위한 빠른 자세 분류 시스템 개발]
   └ 학회: 한국로봇학회(논문지) (IF: 0.57)"
3055,2022,전기전자공학,851642662,강호선,1,0.0,0.0,"[탁구 로봇을 위한 빠른 자세 분류 시스템 개발]
   └ 학회: 한국로봇학회(논문지) (IF: 0.57)"
3056,2022,전기전자공학,227509246,정민권,1,0.0,0.0,"[작업자 안전을 고려한 무인 폐기물 수거차 시스템 개발]
   └ 학회: 한국로봇학회(논문지) (IF: 0.57)"
3057,2022,전기전자공학,692967563,김상호,1,0.0,0.0,"[작업자 안전을 고려한 무인 폐기물 수거차 시스템 개발]
   └ 학회: 한국로봇학회(논문지) (IF: 0.57)"
3058,2022,전기전자공학,191119666,이상무,1,0.0,0.0,"[작업자 안전을 고려한 무인 폐기물 수거차 시스템 개발]
   └ 학회: 한국로봇학회(논문지) (IF: 0.57)"
3059,2022,전기전자공학,677967028,소병록,1,0.0,0.0,"[작업자 안전을 고려한 무인 폐기물 수거차 시스템 개발]
   └ 학회: 한국로봇학회(논문지) (IF: 0.57)"
3060,2022,전기전자공학,969601298,이상준,1,0.0,0.0,"[작업자 안전을 고려한 무인 폐기물 수거차 시스템 개발]
   └ 학회: 한국로봇학회(논문지) (IF: 0.57)"
3061,2022,전기전자공학,779862280,김남건,1,0.0,0.0,"[6000톤급 자율운항선박을 위한 자동계류장치 설계 및 구조 최적화에 대한 연구]
   └ 학회: 한국로봇학회(논문지) (IF: 0.57)"
3062,2022,전기전자공학,642706991,신하늘,1,0.0,0.0,"[6000톤급 자율운항선박을 위한 자동계류장치 설계 및 구조 최적화에 대한 연구]
   └ 학회: 한국로봇학회(논문지) (IF: 0.57)"
3063,2022,전기전자공학,847781627,김태균,1,0.0,0.0,"[6000톤급 자율운항선박을 위한 자동계류장치 설계 및 구조 최적화에 대한 연구]
   └ 학회: 한국로봇학회(논문지) (IF: 0.57)"
3064,2022,전기전자공학,280681787,박지혁,1,0.0,0.0,"[6000톤급 자율운항선박을 위한 자동계류장치 설계 및 구조 최적화에 대한 연구]
   └ 학회: 한국로봇학회(논문지) (IF: 0.57)"
3065,2022,전기전자공학,664702167,정순규,1,0.0,0.0,"[휠-다리 로봇의 장애물극복 모션 계획 및 제어 방법]
   └ 학회: 한국로봇학회(논문지) (IF: 0.57)"
3066,2022,전기전자공학,416321529,원문철,1,0.0,0.0,"[휠-다리 로봇의 장애물극복 모션 계획 및 제어 방법]
   └ 학회: 한국로봇학회(논문지) (IF: 0.57)"
3067,2022,전기전자공학,706635095,김재웅,1,0.0,0.0,"[지식 그래프 엔티티 매칭을 위한 확장된 GCN 모델 설계 및 구현]
   └ 학회: 한국정보기술학회 (IF: 0.56)"
3068,2022,전기전자공학,864384084,이용주,1,0.0,0.0,"[지식 그래프 엔티티 매칭을 위한 확장된 GCN 모델 설계 및 구현]
   └ 학회: 한국정보기술학회 (IF: 0.56)"
3069,2022,전기전자공학,492987497,안진호,1,0.0,0.0,"[대규모 분산 시스템을 위한 적응적 송신자 기반 메시지 로깅 및 검사점 기록 프로토콜]
   └ 학회: 한국정보기술학회 (IF: 0.56)"
3070,2022,전기전자공학,374701805,Doyoung Park,1,0.0,0.0,"[3-Dimensional Two-Points Correlation Function for Comparing Biological Fiber Networks]
   └ 학회: 한국정보기술학회 (IF: 0.56)"
3071,2022,전기전자공학,307208650,유영관,1,0.0,0.0,"[입력 전압 크기와 무관한 일정 트랜스컨덕턴스 구현을 위한 폴디드 캐스코드 연산 증폭기 설계]
   └ 학회: 한국정보기술학회 (IF: 0.56)"
3072,2022,전기전자공학,416695247,손상희,1,0.0,0.0,"[입력 전압 크기와 무관한 일정 트랜스컨덕턴스 구현을 위한 폴디드 캐스코드 연산 증폭기 설계]
   └ 학회: 한국정보기술학회 (IF: 0.56)"
3073,2022,전기전자공학,339435252,박성문,1,0.0,0.0,"[공작기계 이송시스템의 기계 공진 억제를 위한 공진 주파수 측정]
   └ 학회: 한국정보기술학회 (IF: 0.56)"
3074,2022,전기전자공학,272951492,김진순,1,0.0,0.0,"[공작기계 이송시스템의 기계 공진 억제를 위한 공진 주파수 측정]
   └ 학회: 한국정보기술학회 (IF: 0.56)"
3075,2022,전기전자공학,754972644,최준영,1,0.0,0.0,"[공작기계 이송시스템의 기계 공진 억제를 위한 공진 주파수 측정]
   └ 학회: 한국정보기술학회 (IF: 0.56)"
3076,2022,전기전자공학,468760912,하호진,1,0.0,0.0,"[무선 네트워크에서 계층기반 RED 알고리즘을 이용한 스케일러블 비디오 스트리밍]
   └ 학회: 한국정보기술학회 (IF: 0.56)"
3077,2022,전기전자공학,147484285,고준형,1,0.0,0.0,"[패킷 수집을 통한 인터넷 서비스 트래픽 패턴 분석]
   └ 학회: 한국정보기술학회 (IF: 0.56)"
3078,2022,전기전자공학,178034412,김윤지,1,0.0,0.0,"[순환 주파수 추정을 통한 직접 시퀀스 대역 확산 신호 탐지 알고리즘 복잡도 저감]
   └ 학회: 한국정보기술학회 (IF: 0.56)"
3079,2022,전기전자공학,234805557,김근배,1,0.0,0.0,"[순환 주파수 추정을 통한 직접 시퀀스 대역 확산 신호 탐지 알고리즘 복잡도 저감]
   └ 학회: 한국정보기술학회 (IF: 0.56)"
3080,2022,전기전자공학,168836433,왕한호,1,0.0,0.0,"[시변 채널에서 K-means 기반 채널 추정 기법의 성능 평가]
   └ 학회: 한국정보기술학회 (IF: 0.56)"
3081,2022,전기전자공학,630390580,정주현,1,0.0,0.0,"[BERT를 활용한 AR-KNU+ 감성사전 기반의 대학 평판도 평가]
   └ 학회: 한국정보기술학회 (IF: 0.56)"
3082,2022,전기전자공학,696884160,박지은,1,0.0,0.0,"[한국어 노래 음성 합성을 위한 웹 서비스 개발 및 연구]
   └ 학회: 한국정보기술학회 (IF: 0.56)"
3083,2022,전기전자공학,526820412,김지희,1,0.0,0.0,"[한국어 노래 음성 합성을 위한 웹 서비스 개발 및 연구]
   └ 학회: 한국정보기술학회 (IF: 0.56)"
3084,2022,전기전자공학,210022082,문정현,1,0.0,0.0,"[게이미피케이션을 활용한 주식 포트폴리오 분석 및 시각화 서비스]
   └ 학회: 한국정보기술학회 (IF: 0.56)"
3085,2022,전기전자공학,475860406,손재정,1,0.0,0.0,"[게이미피케이션을 활용한 주식 포트폴리오 분석 및 시각화 서비스]
   └ 학회: 한국정보기술학회 (IF: 0.56)"
3086,2022,전기전자공학,711411826,Yejin Kwon,1,0.0,0.0,"[Real-Time Workout Posture Correction using OpenCV and MediaPipe]
   └ 학회: 한국정보기술학회 (IF: 0.56)"
3087,2022,전기전자공학,262117654,Dongho Kim,1,0.0,0.0,"[Real-Time Workout Posture Correction using OpenCV and MediaPipe]
   └ 학회: 한국정보기술학회 (IF: 0.56)"
3088,2022,전기전자공학,443158360,이윤석,1,0.0,0.0,"[GPU 기반 병렬 Ant Colony System의 구현과 성능 분석]
   └ 학회: 한국정보기술학회 (IF: 0.56)"
3089,2022,전기전자공학,847255619,Eun-Young Bae,1,0.0,0.0,"[Adaptive Cross-Domain Recommendation Model based on Association Analysis]
   └ 학회: 한국정보기술학회 (IF: 0.56)"
3090,2022,전기전자공학,157215610,이주흔,1,0.0,0.0,"[Ka대역 200W급 SSPA 설계 및 제작]
   └ 학회: 한국정보기술학회 (IF: 0.56)"
3091,2022,전기전자공학,605245390,김효철,1,0.0,0.0,"[Ka대역 200W급 SSPA 설계 및 제작]
   └ 학회: 한국정보기술학회 (IF: 0.56)"
3092,2022,전기전자공학,375234238,조흥래,1,0.0,0.0,"[Ka대역 200W급 SSPA 설계 및 제작]
   └ 학회: 한국정보기술학회 (IF: 0.56)"
3093,2022,전기전자공학,327435998,이덕재,1,0.0,0.0,"[Ka대역 200W급 SSPA 설계 및 제작]
   └ 학회: 한국정보기술학회 (IF: 0.56)"
3094,2022,전기전자공학,876636840,정봉식,1,0.0,0.0,"[5G 단말기용 이중대역 평면 다이폴-스트립 배열 안테나 설계]
   └ 학회: 한국정보기술학회 (IF: 0.56)"
3095,2022,전기전자공학,625486036,Min Choi,1,0.0,0.0,"[A Method for Improving the Radiation Pattern of a Printed Sleeve Dipole Antenna Installed on a Portable Device]
   └ 학회: 한국정보기술학회 (IF: 0.56)"
3096,2022,전기전자공학,278135840,Byoung-Kwon Ahn,1,0.0,0.0,"[A Method for Improving the Radiation Pattern of a Printed Sleeve Dipole Antenna Installed on a Portable Device]
   └ 학회: 한국정보기술학회 (IF: 0.56)"
3097,2022,전기전자공학,186635372,Fan Zhang,1,0.0,0.0,"[Full Waveguide-band E-plane Power Divider with High Output Power Ratio]
   └ 학회: 한국정보기술학회 (IF: 0.56)"
3098,2022,전기전자공학,260577825,장경월,1,0.0,0.0,"[Full Waveguide-band E-plane Power Divider with High Output Power Ratio]
   └ 학회: 한국정보기술학회 (IF: 0.56)"
3099,2022,전기전자공학,132937660,김재명,1,0.0,0.0,"[근전도 신호 기반 Multi-Stream CNN 및 경험적 모드 분해를 이용한 사용자 인식]
   └ 학회: 한국정보기술학회 (IF: 0.56)"
3100,2022,전기전자공학,571528873,Nagyeong Kim,1,0.0,0.0,"[An Intensity Controlled Review Dataset Construction for Automatic Review Generation]
   └ 학회: 한국정보기술학회 (IF: 0.56)"
3101,2022,전기전자공학,341711049,Hyejin Jo,1,0.0,0.0,"[An Intensity Controlled Review Dataset Construction for Automatic Review Generation]
   └ 학회: 한국정보기술학회 (IF: 0.56)"
3102,2022,전기전자공학,269821907,Jueon Lee,1,0.0,0.0,"[An Intensity Controlled Review Dataset Construction for Automatic Review Generation]
   └ 학회: 한국정보기술학회 (IF: 0.56)"
3103,2022,전기전자공학,667092518,Jaeho Choi,1,0.0,0.0,"[An Intensity Controlled Review Dataset Construction for Automatic Review Generation]
   └ 학회: 한국정보기술학회 (IF: 0.56)"
3104,2022,전기전자공학,640615009,Byounguk Nam,1,0.0,0.0,"[An Intensity Controlled Review Dataset Construction for Automatic Review Generation]
   └ 학회: 한국정보기술학회 (IF: 0.56)"
3105,2022,전기전자공학,593606363,정진호,1,0.0,0.0,"[접속로그와 패스워드 별 가변-동적솔트를 사용한 패스워드의 보안 강화]
   └ 학회: 한국정보기술학회 (IF: 0.56)"
3106,2022,전기전자공학,279720107,이승목,1,0.0,0.0,"[TDR 센서 기반 수위 측정 시스템 구현]
   └ 학회: 한국정보기술학회 (IF: 0.56)"
3107,2022,전기전자공학,364303483,김태민,1,0.0,0.0,"[TDR 센서 기반 수위 측정 시스템 구현]
   └ 학회: 한국정보기술학회 (IF: 0.56)"
3108,2022,전기전자공학,895489780,김선주,1,0.0,0.0,"[시각장애인을 위한 텐저블 프로그래밍 학습 시스템의 개발]
   └ 학회: 한국정보기술학회 (IF: 0.56)"
3109,2022,전기전자공학,363788510,전석주,1,0.0,0.0,"[시각장애인을 위한 텐저블 프로그래밍 학습 시스템의 개발]
   └ 학회: 한국정보기술학회 (IF: 0.56)"
3110,2022,전기전자공학,153130686,전소영,1,0.0,0.0,"[영상 간 유사변환 추정을 위한 정합 쌍의 기하학적인 사전 검사 방법]
   └ 학회: 한국정보기술학회 (IF: 0.56)"
3111,2022,전기전자공학,914761608,이재규,1,0.0,0.0,"[영상 간 유사변환 추정을 위한 정합 쌍의 기하학적인 사전 검사 방법]
   └ 학회: 한국정보기술학회 (IF: 0.56)"
3112,2022,전기전자공학,663963658,김준민,1,0.0,0.0,"[설치류 후각구의 혈역학적 반응을 이용한 머신러닝 기반 냄새 분류기의 설명 가능성에 대한 연구]
   └ 학회: 한국정보기술학회 (IF: 0.56)"
3113,2022,전기전자공학,683204773,김현수,1,0.0,0.0,"[ROS 기반 모듈형 AMR 설계 및 구현]
   └ 학회: 한국정보기술학회 (IF: 0.56)"
3114,2022,전기전자공학,727476087,김원호,1,0.0,0.0,"[ROS 기반 모듈형 AMR 설계 및 구현]
   └ 학회: 한국정보기술학회 (IF: 0.56)"
3115,2022,전기전자공학,729132986,최영조,1,0.0,0.0,"[위상 배열 안테나 빔 오차 개선을 위한 반도체송수신모듈 크기/위상 보정 알고리즘 설계]
   └ 학회: 한국정보기술학회 (IF: 0.56)"
3116,2022,전기전자공학,799145636,이용호,1,0.0,0.0,"[사용자 데이터 활동 기반 서비스 활성화 촉진체계를 위한 데이터 공유 및 보상의 개념적 모형 개발 -바이오데이터 서비스를 중심으로-]
   └ 학회: 한국정보기술학회 (IF: 0.56)"
3117,2022,전기전자공학,1592814,김은진,1,0.0,0.0,"[사용자 데이터 활동 기반 서비스 활성화 촉진체계를 위한 데이터 공유 및 보상의 개념적 모형 개발 -바이오데이터 서비스를 중심으로-]
   └ 학회: 한국정보기술학회 (IF: 0.56)"
3118,2022,전기전자공학,830501910,최수현,1,0.0,0.0,"[불법 촬영 영상의 원본 및 조작 영상을 보유한 용의자의 유포 목적성 분석연구]
   └ 학회: 한국정보기술학회 (IF: 0.56)"
3119,2022,전기전자공학,157386592,김현갑,1,0.0,0.0,"[정밀 IoT(Internet of Things) 부품을 위한 그래핀 박막 마이크로-액추에이터 구현]
   └ 학회: 한국정보기술학회 (IF: 0.56)"
3120,2022,전기전자공학,561740549,장달원,1,0.0,0.0,"[정밀 IoT(Internet of Things) 부품을 위한 그래핀 박막 마이크로-액추에이터 구현]
   └ 학회: 한국정보기술학회 (IF: 0.56)"
3121,2022,전기전자공학,405595280,정한영,1,0.0,0.0,"[정밀 IoT(Internet of Things) 부품을 위한 그래핀 박막 마이크로-액추에이터 구현]
   └ 학회: 한국정보기술학회 (IF: 0.56)"
3122,2022,전기전자공학,806834987,안도현,1,0.0,0.0,"[지압강도 및 지압점 자유선택을 제공하는 지압침대의 개발 및 유효성 평가]
   └ 학회: 한국정보기술학회 (IF: 0.56)"
3123,2022,전기전자공학,167108562,이종민,1,0.0,0.0,"[지압강도 및 지압점 자유선택을 제공하는 지압침대의 개발 및 유효성 평가]
   └ 학회: 한국정보기술학회 (IF: 0.56)"
3124,2022,전기전자공학,493963190,허성필,1,0.0,0.0,"[지압강도 및 지압점 자유선택을 제공하는 지압침대의 개발 및 유효성 평가]
   └ 학회: 한국정보기술학회 (IF: 0.56)"
3125,2022,전기전자공학,332885514,박철우,1,0.0,0.0,"[결합형 양방향 필터를 이용한 주야간 적응형 가시광 및 근적외선 영상 합성]
   └ 학회: 한국정보기술학회 (IF: 0.56)"
3126,2022,전기전자공학,110966176,서예진,1,0.0,0.0,"[Design and Implementation of Exif Metadata System for Source Tracking]
   └ 학회: 한국정보기술학회 (IF: 0.56)"
3127,2022,전기전자공학,337500716,최여름,1,0.0,0.0,"[복소수 CycleGAN 기반의 이미지 변환을 이용한 시뮬레이션 SAR 표적 식별]
   └ 학회: 한국정보기술학회 (IF: 0.56)"
3128,2022,전기전자공학,899836296,송철호,1,0.0,0.0,"[인간-컴퓨터 인터페이스에 사용 가능한 Multi-session 근전도 데이터 구축]
   └ 학회: 한국정보기술학회 (IF: 0.56)"
3129,2022,전기전자공학,261485204,박은상,1,0.0,0.0,"[인간-컴퓨터 인터페이스에 사용 가능한 Multi-session 근전도 데이터 구축]
   └ 학회: 한국정보기술학회 (IF: 0.56)"
3130,2022,전기전자공학,3988577,조성희,1,0.0,0.0,"[골판지를 이용한 마이크로파 브랜치 라인 커플러 설계]
   └ 학회: 한국정보기술학회 (IF: 0.56)"
3131,2022,전기전자공학,425131242,안유진,1,0.0,0.0,"[Design of a Three-Branch Line Quadrature Hybrid Coupler with Reduced Size]
   └ 학회: 한국정보기술학회 (IF: 0.56)"
3132,2022,전기전자공학,993970926,Sujeong Choi,1,0.0,0.0,"[Design of a Three-Branch Line Quadrature Hybrid Coupler with Reduced Size]
   └ 학회: 한국정보기술학회 (IF: 0.56)"
3133,2022,전기전자공학,885735683,Songyuan Xu,1,0.0,0.0,"[Design of a Three-Branch Line Quadrature Hybrid Coupler with Reduced Size]
   └ 학회: 한국정보기술학회 (IF: 0.56)"
3134,2022,전기전자공학,414919891,허지원,1,0.0,0.0,"[Design of a Three-Branch Line Quadrature Hybrid Coupler with Reduced Size]
   └ 학회: 한국정보기술학회 (IF: 0.56)"
3135,2022,전기전자공학,4615184,안재형,1,0.0,0.0,"[Design of a Three-Branch Line Quadrature Hybrid Coupler with Reduced Size]
   └ 학회: 한국정보기술학회 (IF: 0.56)"
3136,2022,전기전자공학,771389419,박가린,1,0.0,0.0,"[초음파 혼선 저감을 위한 위상 기반 온오프 복조기]
   └ 학회: 한국정보기술학회 (IF: 0.56)"
3137,2022,전기전자공학,534073372,송윤호,1,0.0,0.0,"[한국군 대포병탐지레이다의 탐지 주파수 선정을 위한 RCS 및 송신 출력 측정]
   └ 학회: 한국정보기술학회 (IF: 0.56)"
3138,2022,전기전자공학,746402680,김선미,1,0.0,0.0,"[DSEM-Trajectory의 데이터 품질 향상을 위한 데이터 품질평가 기법]
   └ 학회: 한국정보기술학회 (IF: 0.56)"
3139,2022,전기전자공학,590195833,이호태,1,0.0,0.0,"[저주파 전기 자극 전기식온구기 시스템 설계에 관한 연구]
   └ 학회: 한국정보기술학회 (IF: 0.56)"
3140,2022,전기전자공학,438272028,김병철,1,0.0,0.0,"[저주파 전기 자극 전기식온구기 시스템 설계에 관한 연구]
   └ 학회: 한국정보기술학회 (IF: 0.56)"
3141,2022,전기전자공학,294432966,최동호,1,0.0,0.0,"[군집 무인수상정 운용을 위한 무선통신 토폴로지 설계 및 구현]
   └ 학회: 한국정보기술학회 (IF: 0.56)"
3142,2022,전기전자공학,165375075,김민수,1,0.0,0.0,"[군집 무인수상정 운용을 위한 무선통신 토폴로지 설계 및 구현]
   └ 학회: 한국정보기술학회 (IF: 0.56)"
3143,2022,전기전자공학,120329655,정명철,1,0.0,0.0,"[군집 무인수상정 운용을 위한 무선통신 토폴로지 설계 및 구현]
   └ 학회: 한국정보기술학회 (IF: 0.56)"
3144,2022,전기전자공학,661391068,임준석,1,0.0,0.0,"[특해치 분해 신호처리를 적용한 위상 변환 일반 상호 상관 시간 지연 추정기 성능 향상 방법 연구]
   └ 학회: 한국정보기술학회 (IF: 0.56)"
3145,2022,전기전자공학,899510999,이종환,1,0.0,0.0,"[위성 탑재 영상레이다 촬영시간 보정 기법 설계 및 구현]
   └ 학회: 한국정보기술학회 (IF: 0.56)"
3146,2022,전기전자공학,847678202,윤철희,1,0.0,0.0,"[블록체인 분산 시스템을 적용한 피의자 신문조서의 문서성 및 증거능력 확보방안의 연구]
   └ 학회: 한국정보기술학회 (IF: 0.56)"
3147,2022,전기전자공학,714451240,황재훈,1,0.0,0.0,"[블록체인 분산 시스템을 적용한 피의자 신문조서의 문서성 및 증거능력 확보방안의 연구]
   └ 학회: 한국정보기술학회 (IF: 0.56)"
3148,2022,전기전자공학,184610634,강선,1,0.0,0.0,"[블록체인 분산 시스템을 적용한 피의자 신문조서의 문서성 및 증거능력 확보방안의 연구]
   └ 학회: 한국정보기술학회 (IF: 0.56)"
3149,2022,전기전자공학,788636167,이동혁,1,0.0,0.0,"[안전한 메타버스 환경을 위한 속성레벨 프라이버시 보호 메커니즘]
   └ 학회: 한국정보기술학회 (IF: 0.56)"
3150,2022,전기전자공학,816699301,김나영,1,0.0,0.0,"[한국어 텍스트 질의를 활용한 주식 정보 검색 및 분석 기법]
   └ 학회: 한국정보기술학회 (IF: 0.56)"
3151,2022,전기전자공학,575266561,공영일,1,0.0,0.0,"[텍스트 데이터 기반 에듀테크 산업 이슈 도출 방안]
   └ 학회: 한국정보기술학회 (IF: 0.56)"
3152,2022,전기전자공학,846863545,이호,1,0.0,0.0,"[텍스트 데이터 기반 에듀테크 산업 이슈 도출 방안]
   └ 학회: 한국정보기술학회 (IF: 0.56)"
3153,2022,전기전자공학,1518085,최재원,1,0.0,0.0,"[텍스트 데이터 기반 에듀테크 산업 이슈 도출 방안]
   └ 학회: 한국정보기술학회 (IF: 0.56)"
3154,2022,전기전자공학,2264320,이진희,1,0.0,0.0,"[실내 환경에서 위치 추적을 위한 비콘 신호의 정확도 향상에 관한 연구]
   └ 학회: 한국정보기술학회 (IF: 0.56)"
3155,2022,전기전자공학,789139183,이승빈,1,0.0,0.0,"[실내 환경에서 위치 추적을 위한 비콘 신호의 정확도 향상에 관한 연구]
   └ 학회: 한국정보기술학회 (IF: 0.56)"
3156,2022,전기전자공학,864521154,강병권,1,0.0,0.0,"[실내 환경에서 위치 추적을 위한 비콘 신호의 정확도 향상에 관한 연구]
   └ 학회: 한국정보기술학회 (IF: 0.56)"
3157,2022,전기전자공학,112416301,안준완,1,0.0,0.0,"[CPW 전송선로에 대한 전자기적 시뮬레이션에서 단자 영역에 대한 고찰]
   └ 학회: 한국정보기술학회 (IF: 0.56)"
3158,2022,전기전자공학,230629,임종태,1,0.0,0.0,"[MZR의 병렬 커패시턴스에 의하여 대역폭을 개선한 소형 휴대용 무전기 안테나 개발]
   └ 학회: 한국정보기술학회 (IF: 0.56)"
3159,2022,전기전자공학,117128360,이정규,1,0.0,0.0,"[Hybrid Cloud 기반의 모바일 OTT 서비스를 위한 앱 개발]
   └ 학회: 한국정보기술학회 (IF: 0.56)"
3160,2022,전기전자공학,369455885,이미영,1,0.0,0.0,"[광 대역 CMOS LC-tank 전압 제어 발진기와 고성능의 위상 천이 네트워크]
   └ 학회: 한국정보기술학회 (IF: 0.56)"
3161,2022,전기전자공학,747607556,최현영,1,0.0,0.0,"[철도 보안인증시스템의 멀티캐스트 통신을 위한 그룹 보안 정책 관리 방안 연구]
   └ 학회: 한국정보기술학회 (IF: 0.56)"
3162,2022,전기전자공학,725276214,Jae-Shin Park,1,0.0,0.0,"[Implementation of Broadband and Wide Angle Array Antenna]
   └ 학회: 한국정보기술학회 (IF: 0.56)"
3163,2022,전기전자공학,916436883,Jeong-Pyo Kim,1,0.0,0.0,"[Implementation of Broadband and Wide Angle Array Antenna]
   └ 학회: 한국정보기술학회 (IF: 0.56)"
3164,2022,전기전자공학,607761608,Doo-Yeong Yang,1,0.0,0.0,"[Implementation of Broadband and Wide Angle Array Antenna]
   └ 학회: 한국정보기술학회 (IF: 0.56)"
3165,2022,전기전자공학,210448476,홍은하,1,0.0,0.0,"[해충 분류를 위한 양방향 멀티스케일 특징 퓨전 기반의 피라미드 비전 변환기]
   └ 학회: 한국정보기술학회 (IF: 0.56)"
3166,2022,전기전자공학,5110105,Hyun Sang Park,1,0.0,0.0,"[Fast Poissonian-Gaussian Noise Estimation]
   └ 학회: 한국정보기술학회 (IF: 0.56)"
3167,2022,전기전자공학,697026500,김미경,1,0.0,0.0,"[순환신경망을 이용한 동작 데이터의 발 접촉 검출 방법]
   └ 학회: 한국정보기술학회 (IF: 0.56)"
3168,2022,전기전자공학,226580687,박종안,1,0.0,0.0,"[체인코드와 기하학적 복잡도 지수에 기반한 가중치 형태 검색]
   └ 학회: 한국정보기술학회 (IF: 0.56)"
3169,2022,전기전자공학,360902110,천종훈,1,0.0,0.0,"[체인코드와 기하학적 복잡도 지수에 기반한 가중치 형태 검색]
   └ 학회: 한국정보기술학회 (IF: 0.56)"
3170,2022,전기전자공학,687882283,강성관,1,0.0,0.0,"[체인코드와 기하학적 복잡도 지수에 기반한 가중치 형태 검색]
   └ 학회: 한국정보기술학회 (IF: 0.56)"
3171,2022,전기전자공학,266024815,이용은,1,0.0,0.0,"[체인코드와 기하학적 복잡도 지수에 기반한 가중치 형태 검색]
   └ 학회: 한국정보기술학회 (IF: 0.56)"
3172,2022,전기전자공학,537504072,김예원,1,0.0,0.0,"[단어의 문맥 정보 확장을 위한 지식 임베딩 기법]
   └ 학회: 한국정보기술학회 (IF: 0.56)"
3173,2022,전기전자공학,689861119,황제혁,1,0.0,0.0,"[AF Cross Point 정렬을 위한 PDAF Pixel 광학 구조]
   └ 학회: 한국정보기술학회 (IF: 0.56)"
3174,2022,전기전자공학,742798279,성현준,1,0.0,0.0,"[근적외선 센싱을 위한 컬러필터 유형의 의존성]
   └ 학회: 한국정보기술학회 (IF: 0.56)"
3175,2022,전기전자공학,566511931,권혁준,1,0.0,0.0,"[ArcFace를 사용한 경량 신원인식 네트워크]
   └ 학회: 한국정보기술학회 (IF: 0.56)"
3176,2022,전기전자공학,417716765,Saksonita Khoeurn,1,0.0,0.0,"[A Comparison of Time Series Forecast Models for Predicting the Outliers Particles in Semiconductor Cleanroom]
   └ 학회: 한국정보기술학회 (IF: 0.56)"
3177,2022,전기전자공학,267687250,Jae sung Kim,1,0.0,0.0,"[A Comparison of Time Series Forecast Models for Predicting the Outliers Particles in Semiconductor Cleanroom]
   └ 학회: 한국정보기술학회 (IF: 0.56)"
3178,2022,전기전자공학,257335578,이석원,1,0.0,0.0,"[양방향 LSTM을 이용한 손 접촉상태 검출 방법]
   └ 학회: 한국정보기술학회 (IF: 0.56)"
3179,2022,전기전자공학,995082517,서상,1,0.0,0.0,"[사이버-전자 위협에 대한 드론 전투피해효과 모의 분석]
   └ 학회: 한국정보기술학회 (IF: 0.56)"
3180,2022,전기전자공학,741290493,한상우,1,0.0,0.0,"[사이버-전자 위협에 대한 드론 전투피해효과 모의 분석]
   └ 학회: 한국정보기술학회 (IF: 0.56)"
3181,2022,전기전자공학,840538187,구다훈,1,0.0,0.0,"[생성요약의 사실 불일치 문제 개선을 위한 관련성과 중복성을 고려한 손실 함수 기반의 KoBART 모델]
   └ 학회: 한국정보기술학회 (IF: 0.56)"
3182,2022,전기전자공학,115167223,김건우,1,0.0,0.0,"[코로나19 환자 조기 분류를 위한 다층 스태킹 앙상블 기반 임상 중증도 예측 모델]
   └ 학회: 한국정보기술학회 (IF: 0.56)"
3183,2022,전기전자공학,104147221,박성민,1,0.0,0.0,"[온라인 회의 환경에서 사용자 위치의 동적 관리 방법에 대한 실험 및 평가]
   └ 학회: 한국정보기술학회 (IF: 0.56)"
3184,2022,전기전자공학,804976069,서현,1,0.0,0.0,"[집속형 초음파 자극에 따른 캐비테이션 시뮬레이션 연구]
   └ 학회: 한국정보기술학회 (IF: 0.56)"
3185,2022,전기전자공학,486356486,최우혁,1,0.0,0.0,"[집속형 초음파 자극에 따른 캐비테이션 시뮬레이션 연구]
   └ 학회: 한국정보기술학회 (IF: 0.56)"
3186,2022,전기전자공학,112896695,이은희,1,0.0,0.0,"[집속형 초음파 자극에 따른 캐비테이션 시뮬레이션 연구]
   └ 학회: 한국정보기술학회 (IF: 0.56)"
3187,2022,전기전자공학,983973787,김정우,1,0.0,0.0,"[이미지 센서 수요 만족을 위한 생산 프로세스 효율화 정책에 관한 연구]
   └ 학회: 한국정보기술학회 (IF: 0.56)"
3188,2022,전기전자공학,980889510,이종현,1,0.0,0.0,"[교육 분야 데이터 분석 활성화를 위한 법제 정비 방안 연구]
   └ 학회: 한국정보기술학회 (IF: 0.56)"
3189,2022,전기전자공학,828383370,최수현,1,0.0,0.0,"[MTD를 활용한 허니시스템 능동방어전략 구축 방안 연구]
   └ 학회: 한국정보기술학회 (IF: 0.56)"
3190,2022,전기전자공학,697378355,김병태,1,0.0,0.0,"[경북 산학연 협력 활성화 방안에 관한 연구]
   └ 학회: 한국정보기술학회 (IF: 0.56)"
3191,2022,전기전자공학,861412218,최진오,1,0.0,0.0,"[Linux File Systems에 따른 SQLite3 데이터베이스의 검색 성능 비교]
   └ 학회: 한국정보통신학회 (IF: 0.55)"
3192,2022,전기전자공학,588115251,이덕균,1,0.0,0.0,"[데이터와 인공신경망 능력 계산]
   └ 학회: 한국정보통신학회 (IF: 0.55)"
3193,2022,전기전자공학,222823303,박지은,1,0.0,0.0,"[데이터와 인공신경망 능력 계산]
   └ 학회: 한국정보통신학회 (IF: 0.55)"
3194,2022,전기전자공학,460683997,김대진,1,0.0,0.0,"[XGboost 기반의 WiFi 신호를 이용한 실내 측위 기법]
   └ 학회: 한국정보통신학회 (IF: 0.55)"
3195,2022,전기전자공학,199528825,이민정,1,0.0,0.0,"[제조 현장 데이터 전송효율 향상을 위한 압축 알고리즘 비교 및 분석]
   └ 학회: 한국정보통신학회 (IF: 0.55)"
3196,2022,전기전자공학,249008602,오성빈,1,0.0,0.0,"[제조 현장 데이터 전송효율 향상을 위한 압축 알고리즘 비교 및 분석]
   └ 학회: 한국정보통신학회 (IF: 0.55)"
3197,2022,전기전자공학,810907414,최지영,1,0.0,0.0,"[소프트웨어 교육을 위한 웹 페이지 기반의 프로그래밍 교육 및 채점 시스템]
   └ 학회: 한국정보통신학회 (IF: 0.55)"
3198,2022,전기전자공학,807180749,전성우,1,0.0,0.0,"[실내 공기 데이터 측정기 및 모니터링 시스템]
   └ 학회: 한국정보통신학회 (IF: 0.55)"
3199,2022,전기전자공학,116729868,임현근,1,0.0,0.0,"[실내 공기 데이터 측정기 및 모니터링 시스템]
   └ 학회: 한국정보통신학회 (IF: 0.55)"
3200,2022,전기전자공학,930040420,박순모,1,0.0,0.0,"[실내 공기 데이터 측정기 및 모니터링 시스템]
   └ 학회: 한국정보통신학회 (IF: 0.55)"
3201,2022,전기전자공학,787717430,정충영,1,0.0,0.0,"[플랫폼 사업자의 보편적 서비스 기여금 분담 효과 분석]
   └ 학회: 한국정보통신학회 (IF: 0.55)"
3202,2022,전기전자공학,579472482,이선아,1,0.0,0.0,"[제로 트러스트 기반 접근제어를 위한 기업 보안 강화 연구]
   └ 학회: 한국정보통신학회 (IF: 0.55)"
3203,2022,전기전자공학,573374870,김범석,1,0.0,0.0,"[제로 트러스트 기반 접근제어를 위한 기업 보안 강화 연구]
   └ 학회: 한국정보통신학회 (IF: 0.55)"
3204,2022,전기전자공학,477232580,이혜인,1,0.0,0.0,"[제로 트러스트 기반 접근제어를 위한 기업 보안 강화 연구]
   └ 학회: 한국정보통신학회 (IF: 0.55)"
3205,2022,전기전자공학,832894218,박원형,1,0.0,0.0,"[제로 트러스트 기반 접근제어를 위한 기업 보안 강화 연구]
   └ 학회: 한국정보통신학회 (IF: 0.55)"
3206,2022,전기전자공학,893398738,하일규,1,0.0,0.0,"[드론기반 대기오염 탐색을 위한 적정 탐색고도 연구]
   └ 학회: 한국정보통신학회 (IF: 0.55)"
3207,2022,전기전자공학,533247235,김기현,1,0.0,0.0,"[드론기반 대기오염 탐색을 위한 적정 탐색고도 연구]
   └ 학회: 한국정보통신학회 (IF: 0.55)"
3208,2022,전기전자공학,858927965,김진형,1,0.0,0.0,"[드론기반 대기오염 탐색을 위한 적정 탐색고도 연구]
   └ 학회: 한국정보통신학회 (IF: 0.55)"
3209,2022,전기전자공학,439288762,Jinhyun Ahn,1,0.0,0.0,"[넙치 공급량 조절을 위한 회귀분석 시스템 구현]
   └ 학회: 한국정보통신학회 (IF: 0.55)"
3210,2022,전기전자공학,598626506,강정운,1,0.0,0.0,"[넙치 공급량 조절을 위한 회귀분석 시스템 구현]
   └ 학회: 한국정보통신학회 (IF: 0.55)"
3211,2022,전기전자공학,103839852,김민철,1,0.0,0.0,"[넙치 공급량 조절을 위한 회귀분석 시스템 구현]
   └ 학회: 한국정보통신학회 (IF: 0.55)"
3212,2022,전기전자공학,690910400,So-Young Park,1,0.0,0.0,"[넙치 공급량 조절을 위한 회귀분석 시스템 구현]
   └ 학회: 한국정보통신학회 (IF: 0.55)"
3213,2022,전기전자공학,857396857,은성배,1,0.0,0.0,"[리눅스에서 센서/구동기의 Plug&Play를 위한 USB장치]
   └ 학회: 한국정보통신학회 (IF: 0.55)"
3214,2022,전기전자공학,972932788,Sun Sup So,1,0.0,0.0,"[리눅스에서 센서/구동기의 Plug&Play를 위한 USB장치]
   └ 학회: 한국정보통신학회 (IF: 0.55)"
3215,2022,전기전자공학,760332339,김동수,1,0.0,0.0,"[홍수 위험도 판별을 위한 CNN 기반의 분류 모델 구현]
   └ 학회: 한국정보통신학회 (IF: 0.55)"
3216,2022,전기전자공학,550624485,송복득,1,0.0,0.0,"[사용자 손 제스처 인식 기반 입체 영상 제어 시스템 설계 및 구현]
   └ 학회: 한국정보통신학회 (IF: 0.55)"
3217,2022,전기전자공학,5476626,이승환,1,0.0,0.0,"[사용자 손 제스처 인식 기반 입체 영상 제어 시스템 설계 및 구현]
   └ 학회: 한국정보통신학회 (IF: 0.55)"
3218,2022,전기전자공학,856935794,최홍규,1,0.0,0.0,"[사용자 손 제스처 인식 기반 입체 영상 제어 시스템 설계 및 구현]
   └ 학회: 한국정보통신학회 (IF: 0.55)"
3219,2022,전기전자공학,949447697,김성훈,1,0.0,0.0,"[사용자 손 제스처 인식 기반 입체 영상 제어 시스템 설계 및 구현]
   └ 학회: 한국정보통신학회 (IF: 0.55)"
3220,2022,전기전자공학,142802620,안지현,1,0.0,0.0,"[체감형 스포츠 게임의 운동 효과 비교 평가]
   └ 학회: 한국정보통신학회 (IF: 0.55)"
3221,2022,전기전자공학,276463090,김정현,1,0.0,0.0,"[체감형 스포츠 게임의 운동 효과 비교 평가]
   └ 학회: 한국정보통신학회 (IF: 0.55)"
3222,2022,전기전자공학,872653259,김동근,1,0.0,0.0,"[체감형 스포츠 게임의 운동 효과 비교 평가]
   └ 학회: 한국정보통신학회 (IF: 0.55)"
3223,2022,전기전자공학,935498377,이진,1,0.0,0.0,"[5G NR 셀 탐색과 동기화를 위한 교차상관관계 기반 PSS 검출기 구조]
   └ 학회: 한국정보통신학회 (IF: 0.55)"
3224,2022,전기전자공학,858077104,윤종택,1,0.0,0.0,"[다중 공중 이동/검증 링크에서의 MLP-A 알고리즘 및 구현]
   └ 학회: 한국정보통신학회 (IF: 0.55)"
3225,2022,전기전자공학,137796976,정형진,1,0.0,0.0,"[다중 공중 이동/검증 링크에서의 MLP-A 알고리즘 및 구현]
   └ 학회: 한국정보통신학회 (IF: 0.55)"
3226,2022,전기전자공학,662274742,김용이,1,0.0,0.0,"[다중 공중 이동/검증 링크에서의 MLP-A 알고리즘 및 구현]
   └ 학회: 한국정보통신학회 (IF: 0.55)"
3227,2022,전기전자공학,375709460,전준석,1,0.0,0.0,"[다중 공중 이동/검증 링크에서의 MLP-A 알고리즘 및 구현]
   └ 학회: 한국정보통신학회 (IF: 0.55)"
3228,2022,전기전자공학,717046142,고민선,1,0.0,0.0,"[다중 공중 이동/검증 링크에서의 MLP-A 알고리즘 및 구현]
   └ 학회: 한국정보통신학회 (IF: 0.55)"
3229,2022,전기전자공학,887937181,이채희,1,0.0,0.0,"[수중 주파수 선택적 채널에서 주파수 다이버시티의 채널 선택 판정법에 따른 선택 합성법의 성능]
   └ 학회: 한국정보통신학회 (IF: 0.55)"
3230,2022,전기전자공학,814748261,정현수,1,0.0,0.0,"[수중 주파수 선택적 채널에서 주파수 다이버시티의 채널 선택 판정법에 따른 선택 합성법의 성능]
   └ 학회: 한국정보통신학회 (IF: 0.55)"
3231,2022,전기전자공학,375990594,박규칠,1,0.0,0.0,"[수중 주파수 선택적 채널에서 주파수 다이버시티의 채널 선택 판정법에 따른 선택 합성법의 성능]
   └ 학회: 한국정보통신학회 (IF: 0.55)"
3232,2022,전기전자공학,557050752,최훈,1,0.0,0.0,"[독립 가변 스텝사이즈 부밴드 인접투사 알고리즘]
   └ 학회: 한국정보통신학회 (IF: 0.55)"
3233,2022,전기전자공학,649857092,사공병일,1,0.0,0.0,"[LED의 조도를 기반으로 삼각측량법을 사용한 물체 위치 계측 시스템]
   └ 학회: 한국정보통신학회 (IF: 0.55)"
3234,2022,전기전자공학,214779376,이정화,1,0.0,0.0,"[포스트 코로나 시대 ICT 기반 비대면 재난심리회복지원 서비스 촉진 방안 고찰]
   └ 학회: 한국정보통신학회 (IF: 0.55)"
3235,2022,전기전자공학,584918933,김희철,1,0.0,0.0,"[포스트 코로나 시대 ICT 기반 비대면 재난심리회복지원 서비스 촉진 방안 고찰]
   └ 학회: 한국정보통신학회 (IF: 0.55)"
3236,2022,전기전자공학,415639619,Bongsoo Yoo,1,0.0,0.0,"[Implementation of Smart Devices and Applications for Monitoring the Load Power of Industrial Manufacturing Machine]
   └ 학회: 한국정보통신학회 (IF: 0.55)"
3237,2022,전기전자공학,344548542,김진환,1,0.0,0.0,"[WCTT: HTML 문서 정형화 기반 웹 크롤링 시스템]
   └ 학회: 한국정보통신학회 (IF: 0.55)"
3238,2022,전기전자공학,965383262,박주희,1,0.0,0.0,"[몰입적 환경교육 가상현실 시뮬레이션 설계 및 구현]
   └ 학회: 한국정보통신학회 (IF: 0.55)"
3239,2022,전기전자공학,378632185,양현준,1,0.0,0.0,"[NIST P-521 타원곡선을 지원하는 고성능 ECC 프로세서]
   └ 학회: 한국정보통신학회 (IF: 0.55)"
3240,2022,전기전자공학,575802761,고도균,1,0.0,0.0,"[보안관제 업무 연관성 분석을 통한 ISMS-P 기반의 외주용역 관리 방법 제안]
   └ 학회: 한국정보통신학회 (IF: 0.55)"
3241,2022,전기전자공학,926424395,홍지연,1,0.0,0.0,"[초중등학생 정보 교과 역량 검사 도구 개발]
   └ 학회: 한국정보통신학회 (IF: 0.55)"
3242,2022,전기전자공학,939891787,박정호,1,0.0,0.0,"[초중등학생 정보 교과 역량 검사 도구 개발]
   └ 학회: 한국정보통신학회 (IF: 0.55)"
3243,2022,전기전자공학,488106734,셔키르현 오포호노브,1,0.0,0.0,"[MAC-Address 분류를 통한 Wi-Fi Probe Request 기반 유동인구 분석 방법]
   └ 학회: 한국정보통신학회 (IF: 0.55)"
3244,2022,전기전자공학,446728545,이재현,1,0.0,0.0,"[MAC-Address 분류를 통한 Wi-Fi Probe Request 기반 유동인구 분석 방법]
   └ 학회: 한국정보통신학회 (IF: 0.55)"
3245,2022,전기전자공학,114715374,문준영,1,0.0,0.0,"[MAC-Address 분류를 통한 Wi-Fi Probe Request 기반 유동인구 분석 방법]
   └ 학회: 한국정보통신학회 (IF: 0.55)"
3246,2022,전기전자공학,801959284,진병찬,1,0.0,0.0,"[인물관계망의 대용량 그래프 표현과 최단 경로 탐색]
   └ 학회: 한국정보통신학회 (IF: 0.55)"
3247,2022,전기전자공학,343645457,정만호,1,0.0,0.0,"[인물관계망의 대용량 그래프 표현과 최단 경로 탐색]
   └ 학회: 한국정보통신학회 (IF: 0.55)"
3248,2022,전기전자공학,222978490,Fazel Haq Ahmadzai,1,0.0,0.0,"[재귀 신경망에 기반을 둔 트래픽 부하 예측을 이용한 적응적 안테나 뮤팅]
   └ 학회: 한국정보통신학회 (IF: 0.55)"
3249,2022,전기전자공학,860187724,박종수,1,0.0,0.0,"[프로세서 노드 상황을 고려하는 효율적인 메시지 스캐터 및 개더 알고리즘]
   └ 학회: 한국정보통신학회 (IF: 0.55)"
3250,2022,전기전자공학,558693822,정자훈,1,0.0,0.0,"[XGBoost를 활용한 EBM 3D 프린터의 결함 예측]
   └ 학회: 한국정보통신학회 (IF: 0.55)"
3251,2022,전기전자공학,840123966,김형중,1,0.0,0.0,"[5G 주파수 대역에서의 실내 복도 전파 경로손실 측정 및 분석]
   └ 학회: 한국정보통신학회 (IF: 0.55)"
3252,2022,전기전자공학,479781472,최동유,1,0.0,0.0,"[5G 주파수 대역에서의 실내 복도 전파 경로손실 측정 및 분석]
   └ 학회: 한국정보통신학회 (IF: 0.55)"
3253,2022,전기전자공학,705338370,유신우,1,0.0,0.0,"[USRP기반 채널 적응형 개인방송시스템 구현 및 검증]
   └ 학회: 한국정보통신학회 (IF: 0.55)"
3254,2022,전기전자공학,283378848,오혁준,1,0.0,0.0,"[USRP기반 채널 적응형 개인방송시스템 구현 및 검증]
   └ 학회: 한국정보통신학회 (IF: 0.55)"
3255,2022,전기전자공학,5182969,박상현,1,0.0,0.0,"[ndnSIM 기반 NDN 네트워크 구현 및 성능 평가]
   └ 학회: 한국정보통신학회 (IF: 0.55)"
3256,2022,전기전자공학,848541038,임세진,1,0.0,0.0,"[웹상에서의 PIPO 경량 블록암호 구현 및 성능 평가]
   └ 학회: 한국정보통신학회 (IF: 0.55)"
3257,2022,전기전자공학,366436070,김원웅,1,0.0,0.0,"[웹상에서의 PIPO 경량 블록암호 구현 및 성능 평가]
   └ 학회: 한국정보통신학회 (IF: 0.55)"
3258,2022,전기전자공학,318116049,강예준,1,0.0,0.0,"[웹상에서의 PIPO 경량 블록암호 구현 및 성능 평가]
   └ 학회: 한국정보통신학회 (IF: 0.55)"
3259,2022,전기전자공학,883930003,서화정,1,0.0,0.0,"[웹상에서의 PIPO 경량 블록암호 구현 및 성능 평가]
   └ 학회: 한국정보통신학회 (IF: 0.55)"
3260,2022,전기전자공학,896748882,이강환,1,0.0,0.0,"[클러스터링 알고리즘기반의 COVID-19 상황인식 분석]
   └ 학회: 한국정보통신학회 (IF: 0.55)"
3261,2022,전기전자공학,707604872,김은정,1,0.0,0.0,"[토픽모델링과 네트워크분석을 활용한 헬스케어 분야의 핵심기술과 기술융합 분석 연구: 특허정보를 중심으로]
   └ 학회: 한국정보통신학회 (IF: 0.55)"
3262,2022,전기전자공학,659389482,최희진,1,0.0,0.0,"[토픽모델링과 네트워크분석을 활용한 헬스케어 분야의 핵심기술과 기술융합 분석 연구: 특허정보를 중심으로]
   └ 학회: 한국정보통신학회 (IF: 0.55)"
3263,2022,전기전자공학,211347801,오우진,1,0.0,0.0,"[다중 거리 센서를 사용한 강의용 광역 마이크 시스템]
   └ 학회: 한국정보통신학회 (IF: 0.55)"
3264,2022,전기전자공학,643609773,김지민,1,0.0,0.0,"[터커 분해 및 은닉층 병렬처리를 통한 임베디드 시스템의 다중 DNN 가속화 기법]
   └ 학회: 한국정보통신학회 (IF: 0.55)"
3265,2022,전기전자공학,361934992,김인모,1,0.0,0.0,"[터커 분해 및 은닉층 병렬처리를 통한 임베디드 시스템의 다중 DNN 가속화 기법]
   └ 학회: 한국정보통신학회 (IF: 0.55)"
3266,2022,전기전자공학,178191029,김명선,1,0.0,0.0,"[터커 분해 및 은닉층 병렬처리를 통한 임베디드 시스템의 다중 DNN 가속화 기법]
   └ 학회: 한국정보통신학회 (IF: 0.55)"
3267,2022,전기전자공학,293584807,심재순,1,0.0,0.0,"[선박용 에너지 관리 시스템 알고리즘 검증을 위한 신호 연동 시뮬레이터 개발]
   └ 학회: 한국정보통신학회 (IF: 0.55)"
3268,2022,전기전자공학,869571176,김성동,1,0.0,0.0,"[연료 감소율 검증을 위한 중소형 선박의 모델링 및 시뮬레이션]
   └ 학회: 한국정보통신학회 (IF: 0.55)"
3269,2022,전기전자공학,70841,최진호,1,0.0,0.0,"[온라인 소프트웨어 교양 교육의 만족도와 효과성에 관한 연구]
   └ 학회: 한국정보통신학회 (IF: 0.55)"
3270,2022,전기전자공학,779232402,김륜우,1,0.0,0.0,"[군집 비행을 이용한 불법 드론 추적 기법]
   └ 학회: 한국정보통신학회 (IF: 0.55)"
3271,2022,전기전자공학,959226860,송홍종,1,0.0,0.0,"[군집 비행을 이용한 불법 드론 추적 기법]
   └ 학회: 한국정보통신학회 (IF: 0.55)"
3272,2022,전기전자공학,317833925,김태희,1,0.0,0.0,"[컬러 영상 색채 강도 엔트로피를 이용한 앙상블 모델 기반의 지능형 나비 영상 인식]
   └ 학회: 한국정보통신학회 (IF: 0.55)"
3273,2022,전기전자공학,286269327,강승호,1,0.0,0.0,"[컬러 영상 색채 강도 엔트로피를 이용한 앙상블 모델 기반의 지능형 나비 영상 인식]
   └ 학회: 한국정보통신학회 (IF: 0.55)"
3274,2022,전기전자공학,501604060,이경민,1,0.0,0.0,"[생산 공정에서 CNN을 이용한 음향 PSD 영상 기반 공구 상태 진단 기법]
   └ 학회: 한국정보통신학회 (IF: 0.55)"
3275,2022,전기전자공학,725459316,이윤임,1,0.0,0.0,"[게임의 테스트 프로세스에 따른 전문가 검토 및 분석 -밸런스 테스트를 중심으로-]
   └ 학회: 한국정보통신학회 (IF: 0.55)"
3276,2022,전기전자공학,394405588,박준홍,1,0.0,0.0,"[신발디자인 특성에 따른 경증 족부질환 환자의 정형 신발 구매의 의도와 만족도 영향 분석]
   └ 학회: 한국정보통신학회 (IF: 0.55)"
3277,2022,전기전자공학,323448810,이준상,1,0.0,0.0,"[신발디자인 특성에 따른 경증 족부질환 환자의 정형 신발 구매의 의도와 만족도 영향 분석]
   └ 학회: 한국정보통신학회 (IF: 0.55)"
3278,2022,전기전자공학,610680379,유수형,1,0.0,0.0,"[군 지연 특성을 개선한 5G 이동통신 중계기용 캐비티 필터의 설계]
   └ 학회: 한국정보통신학회 (IF: 0.55)"
3279,2022,전기전자공학,689139043,이승욱,1,0.0,0.0,"[STRIDE 위협 모델링에 기반한 클라우드 컴퓨팅의 쿠버네티스(Kubernetes)의 보안 요구사항에 관한 연구]
   └ 학회: 한국정보통신학회 (IF: 0.55)"
3280,2022,전기전자공학,664265794,탁성우,1,0.0,0.0,"[모바일 기기에서 이상치 데이터 처리 정책에 따른 배터리 잔여 시간 예측 기법의 평가]
   └ 학회: 한국정보통신학회 (IF: 0.55)"
3281,2022,전기전자공학,807921065,이정민,1,0.0,0.0,"[배타적 논리합 기반 비디오 스트리밍 시스템의 구현]
   └ 학회: 한국정보통신학회 (IF: 0.55)"
3282,2022,전기전자공학,287465845,조수현,1,0.0,0.0,"[한국어 및 영어 이미지 캡션이 가능한 범용적 모델 및 목적에 맞는 텍스트를 생성해주는 기법]
   └ 학회: 한국정보통신학회 (IF: 0.55)"
3283,2022,전기전자공학,136186022,박선후,1,0.0,0.0,"[다중 스펙트럼 객체 감지를 위한 고주파 교환 네트워크]
   └ 학회: 한국정보통신학회 (IF: 0.55)"
3284,2022,전기전자공학,921155988,윤준석,1,0.0,0.0,"[다중 스펙트럼 객체 감지를 위한 고주파 교환 네트워크]
   └ 학회: 한국정보통신학회 (IF: 0.55)"
3285,2022,전기전자공학,377331140,유석봉,1,0.0,0.0,"[다중 스펙트럼 객체 감지를 위한 고주파 교환 네트워크]
   └ 학회: 한국정보통신학회 (IF: 0.55)"
3286,2022,전기전자공학,219608974,한승회,1,0.0,0.0,"[다중 스펙트럼 객체 감지를 위한 고주파 교환 네트워크]
   └ 학회: 한국정보통신학회 (IF: 0.55)"
3287,2022,전기전자공학,423106841,최유정,1,0.0,0.0,"[모바일 간편결제시스템 사용의 감성적, 인지적, 행동적 반응 과정 연구]
   └ 학회: 한국정보통신학회 (IF: 0.55)"
3288,2022,전기전자공학,716104899,황보현우,1,0.0,0.0,"[모바일 간편결제시스템 사용의 감성적, 인지적, 행동적 반응 과정 연구]
   └ 학회: 한국정보통신학회 (IF: 0.55)"
3289,2022,전기전자공학,337709053,박웅희,1,0.0,0.0,"[동축선 임피던스 변환기와 Wireline Coupler를 이용한 광대역 6-단자 위상 상관기]
   └ 학회: 한국정보통신학회 (IF: 0.55)"
3290,2022,전기전자공학,153714,김재홍,1,0.0,0.0,"[OPC 프로토콜을 활용한 제어시스템 보안로그 전송방법 고찰 및 통합 로그서버 구축방안]
   └ 학회: 한국정보통신학회 (IF: 0.55)"
3291,2022,전기전자공학,585589241,김요한,1,0.0,0.0,"[간섭 제거 및 스퓨리어스 방지를 위한 오버샘플링 된 채널화 DRFM 구조 설계]
   └ 학회: 한국정보통신학회 (IF: 0.55)"
3292,2022,전기전자공학,215703217,서승훈,1,0.0,0.0,"[간섭 제거 및 스퓨리어스 방지를 위한 오버샘플링 된 채널화 DRFM 구조 설계]
   └ 학회: 한국정보통신학회 (IF: 0.55)"
3293,2022,전기전자공학,349835635,조정훈,1,0.0,0.0,"[간섭 제거 및 스퓨리어스 방지를 위한 오버샘플링 된 채널화 DRFM 구조 설계]
   └ 학회: 한국정보통신학회 (IF: 0.55)"
3294,2022,전기전자공학,288806913,샹샤오리,1,0.0,0.0,"[전자상거래 플랫폼 특성이 중국 이용자의 구매행동에 미치는 영향 연구]
   └ 학회: 한국정보통신학회 (IF: 0.55)"
3295,2022,전기전자공학,236832214,정진호,1,0.0,0.0,"[원격지 공간 가상 휴먼 가이드 영향 분석]
   └ 학회: 한국정보통신학회 (IF: 0.55)"
3296,2022,전기전자공학,408498700,여성구,1,0.0,0.0,"[AIoT 기반 고위험 산업안전관리시스템 인공지능 연구]
   └ 학회: 한국정보통신학회 (IF: 0.55)"
3297,2022,전기전자공학,5319589,현철,1,0.0,0.0,"[효과분석 시뮬레이션을 이용한 미지 우주물체 광학 추적 시스템 설계 변수 조합 분석]
   └ 학회: 한국정보통신학회 (IF: 0.55)"
3298,2022,전기전자공학,496600145,이상욱,1,0.0,0.0,"[효과분석 시뮬레이션을 이용한 미지 우주물체 광학 추적 시스템 설계 변수 조합 분석]
   └ 학회: 한국정보통신학회 (IF: 0.55)"
3299,2022,전기전자공학,264559637,이호진,1,0.0,0.0,"[효과분석 시뮬레이션을 이용한 미지 우주물체 광학 추적 시스템 설계 변수 조합 분석]
   └ 학회: 한국정보통신학회 (IF: 0.55)"
3300,2022,전기전자공학,443238502,박승욱,1,0.0,0.0,"[효과분석 시뮬레이션을 이용한 미지 우주물체 광학 추적 시스템 설계 변수 조합 분석]
   └ 학회: 한국정보통신학회 (IF: 0.55)"
3301,2022,전기전자공학,983844654,황성규,1,0.0,0.0,"[Edge 라우터 기반 네트워크 공격에 대응하는 보안기술 연구]
   └ 학회: 한국정보통신학회 (IF: 0.55)"
3302,2022,전기전자공학,526162711,이진민,1,0.0,0.0,"[안전한 사물인터넷을 위한 AES 기반 경량 화이트박스 암호 기법]
   └ 학회: 한국정보통신학회 (IF: 0.55)"
3303,2022,전기전자공학,644707305,김소연,1,0.0,0.0,"[안전한 사물인터넷을 위한 AES 기반 경량 화이트박스 암호 기법]
   └ 학회: 한국정보통신학회 (IF: 0.55)"
3304,2022,전기전자공학,157208337,이용설,1,0.0,0.0,"[키워드 검색 빈도 분석을 통한 포스트 코로나 시대 외래관광객들의 한국 관광 관심도 변화]
   └ 학회: 한국정보통신학회 (IF: 0.55)"
3305,2022,전기전자공학,145249426,조민기,1,0.0,0.0,"[폴링기반 통신 시스템을 위한 에너지 인지적인 동적 주파수 조절 알고리즘]
   └ 학회: 한국정보통신학회 (IF: 0.55)"
3306,2022,전기전자공학,851058746,박규동,1,0.0,0.0,"[한국 지휘통제 정보교환모델 개발 방법론 연구]
   └ 학회: 한국정보통신학회 (IF: 0.55)"
3307,2022,전기전자공학,290941422,김건영,1,0.0,0.0,"[한국 지휘통제 정보교환모델 개발 방법론 연구]
   └ 학회: 한국정보통신학회 (IF: 0.55)"
3308,2022,전기전자공학,920827758,김종모,1,0.0,0.0,"[한국 지휘통제 정보교환모델 개발 방법론 연구]
   └ 학회: 한국정보통신학회 (IF: 0.55)"
3309,2022,전기전자공학,486442116,전호철,1,0.0,0.0,"[한국 지휘통제 정보교환모델 개발 방법론 연구]
   └ 학회: 한국정보통신학회 (IF: 0.55)"
3310,2022,전기전자공학,463496975,박준용,1,0.0,0.0,"[멀티코어 기반 어플리케이션 운용을 위한 데스크탑 가상화 구성 및 성능 분석]
   └ 학회: 한국정보통신학회 (IF: 0.55)"
3311,2022,전기전자공학,491682132,김효영,1,0.0,0.0,"[서울시 도심제조업 집적지에서의 Cloud 기반 인공지능 Fulfillment 서비스 Platform 연구]
   └ 학회: 한국정보통신학회 (IF: 0.55)"
3312,2022,전기전자공학,615791167,김성우,1,0.0,0.0,"[1차원 합성곱 신경망에 기반한 모바일 연속 혈압 측정 시스템의 설계 및 구현]
   └ 학회: 한국정보통신학회 (IF: 0.55)"
3313,2022,전기전자공학,786732960,신승철,1,0.0,0.0,"[1차원 합성곱 신경망에 기반한 모바일 연속 혈압 측정 시스템의 설계 및 구현]
   └ 학회: 한국정보통신학회 (IF: 0.55)"
3314,2022,전기전자공학,625881984,김윤호,1,0.0,0.0,"[UML 상태 다이어그램을 위한 코드 구현 모델의 생성 방법]
   └ 학회: 한국정보통신학회 (IF: 0.55)"
3315,2022,전기전자공학,4685099,한우영,1,0.0,0.0,"[BGP 하이재킹 보안 위협 대응 현황 및 과제]
   └ 학회: 한국정보통신학회 (IF: 0.55)"
3316,2022,전기전자공학,5108720,홍윤석,1,0.0,0.0,"[BGP 하이재킹 보안 위협 대응 현황 및 과제]
   └ 학회: 한국정보통신학회 (IF: 0.55)"
3317,2022,전기전자공학,285620814,권나영,1,0.0,0.0,"[레지스터 전달 수준 설계단계에서 사전 클럭트리합성 가능여부 판단을 위한 경량화된 클럭트리 재구성 방법]
   └ 학회: 한국정보통신학회 (IF: 0.55)"
3318,2022,전기전자공학,841145853,띵 웨이,1,0.0,0.0,"[FEC 환경에서 다중 분기구조의 부분 오프로딩 시스템]
   └ 학회: 한국정보통신학회 (IF: 0.55)"
3319,2022,전기전자공학,641969517,강영명,1,0.0,0.0,"[에너지 효율적인 버퍼 기반 비디오 스트리밍 최적화 기법]
   └ 학회: 한국정보통신학회 (IF: 0.55)"
3320,2022,전기전자공학,710770270,Heesauk Jhon,1,0.0,0.0,"[RF protection technique of antenna tuning switch in all-off condition]
   └ 학회: 한국정보통신학회 (IF: 0.55)"
3321,2022,전기전자공학,740538086,Sanghun Lee,1,0.0,0.0,"[RF protection technique of antenna tuning switch in all-off condition]
   └ 학회: 한국정보통신학회 (IF: 0.55)"
3322,2022,전기전자공학,416438693,배석찬,1,0.0,0.0,"[DMD기반 Kirchhoff-Love 판의 모드 분석과 수치해 예측]
   └ 학회: 한국정보통신학회 (IF: 0.55)"
3323,2022,전기전자공학,606857865,김준성,1,0.0,0.0,"[유사도를 활용한 맞춤형 보험 추천 시스템]
   └ 학회: 한국정보통신학회 (IF: 0.55)"
3324,2022,전기전자공학,236410968,조아라,1,0.0,0.0,"[유사도를 활용한 맞춤형 보험 추천 시스템]
   └ 학회: 한국정보통신학회 (IF: 0.55)"
3325,2022,전기전자공학,691859247,정태훈,1,0.0,0.0,"[데이터베이스 설계 교과목을 위한 조교 챗봇]
   └ 학회: 한국정보통신학회 (IF: 0.55)"
3326,2022,전기전자공학,634435458,권오영,1,0.0,0.0,"[확률분포 생성을 통한 근사 행렬 곱셈 간소화 방법]
   └ 학회: 한국정보통신학회 (IF: 0.55)"
3327,2022,전기전자공학,598884583,서경택,1,0.0,0.0,"[확률분포 생성을 통한 근사 행렬 곱셈 간소화 방법]
   └ 학회: 한국정보통신학회 (IF: 0.55)"
3328,2022,전기전자공학,856338049,정영수,1,0.0,0.0,"[유클리드 거리 가중치를 기반한 Salt and Pepper 잡음 제거 알고리즘]
   └ 학회: 한국정보통신학회 (IF: 0.55)"
3329,2022,전기전자공학,252339,박상현,1,0.0,0.0,"[안전 훈련 콘텐츠에 적합한 포스트 프로세싱 단계에서의 연기 렌더링 방법]
   └ 학회: 한국정보통신학회 (IF: 0.55)"
3330,2022,전기전자공학,548680650,임석현,1,0.0,0.0,"[고속 3D 스캐닝 프로세스를 위한 효과적인 점데이터 제거]
   └ 학회: 한국정보통신학회 (IF: 0.55)"
3331,2022,전기전자공학,176187917,최보훈,1,0.0,0.0,"[50 GHz 채널 간격의 64 채널 광신호 전송을 위한 L-band EDFA의 구조 최적화]
   └ 학회: 한국정보통신학회 (IF: 0.55)"
3332,2022,전기전자공학,761306745,원라경,1,0.0,0.0,"[페이저도에 의한 임피던스 정합회로 설계 해석]
   └ 학회: 한국정보통신학회 (IF: 0.55)"
3333,2022,전기전자공학,833044892,황요섭,1,0.0,0.0,"[공압 gripper를 적용한 해양 건설 ROV 시스템 개발]
   └ 학회: 한국정보통신학회 (IF: 0.55)"
3334,2022,전기전자공학,720840,이승철,1,0.0,0.0,"[멀티 홉 통신을 기반한 화학 사고 대응 실시간 원격 모니터링 시스템]
   └ 학회: 한국정보통신학회 (IF: 0.55)"
3335,2022,전기전자공학,291831923,김지연,1,0.0,0.0,"[RFID를 활용한 안전 스쿨버스 시스템 설계]
   └ 학회: 한국정보통신학회 (IF: 0.55)"
3336,2022,전기전자공학,5409183,김태홍,1,0.0,0.0,"[Extended Reality 기반 고령자 대상 인지 · 운동 기능 훈련 워크벤치 개발 및 콘텐츠 설계 제안]
   └ 학회: 한국정보통신학회 (IF: 0.55)"
3337,2022,전기전자공학,816621827,김중일,1,0.0,0.0,"[Extended Reality 기반 고령자 대상 인지 · 운동 기능 훈련 워크벤치 개발 및 콘텐츠 설계 제안]
   └ 학회: 한국정보통신학회 (IF: 0.55)"
3338,2022,전기전자공학,354844511,서정우,1,0.0,0.0,"[Extended Reality 기반 고령자 대상 인지 · 운동 기능 훈련 워크벤치 개발 및 콘텐츠 설계 제안]
   └ 학회: 한국정보통신학회 (IF: 0.55)"
3339,2022,전기전자공학,139135352,도준형,1,0.0,0.0,"[Extended Reality 기반 고령자 대상 인지 · 운동 기능 훈련 워크벤치 개발 및 콘텐츠 설계 제안]
   └ 학회: 한국정보통신학회 (IF: 0.55)"
3340,2022,전기전자공학,419995776,이찬중,1,0.0,0.0,"[검진자료를 활용한 건강점수 산출 방법에 관한 연구]
   └ 학회: 한국정보통신학회 (IF: 0.55)"
3341,2022,전기전자공학,891123041,조인산,1,0.0,0.0,"[검진자료를 활용한 건강점수 산출 방법에 관한 연구]
   └ 학회: 한국정보통신학회 (IF: 0.55)"
3342,2022,전기전자공학,479867570,우현기,1,0.0,0.0,"[검진자료를 활용한 건강점수 산출 방법에 관한 연구]
   └ 학회: 한국정보통신학회 (IF: 0.55)"
3343,2022,전기전자공학,779369425,임유리,1,0.0,0.0,"[검진자료를 활용한 건강점수 산출 방법에 관한 연구]
   └ 학회: 한국정보통신학회 (IF: 0.55)"
3344,2022,전기전자공학,216139625,박철형,1,0.0,0.0,"[검진자료를 활용한 건강점수 산출 방법에 관한 연구]
   └ 학회: 한국정보통신학회 (IF: 0.55)"
3345,2022,전기전자공학,226222887,이영건,1,0.0,0.0,"[얼굴 정보를 이용한 대형 카메라 네트워크에서의 사람 추적 시스템]
   └ 학회: 한국정보통신학회 (IF: 0.55)"
3346,2022,전기전자공학,540280524,한정원,1,0.0,0.0,"[지역사회기반 디지털 헬스케어 발전방향]
   └ 학회: 한국정보통신학회 (IF: 0.55)"
3347,2022,전기전자공학,781375411,원동현,1,0.0,0.0,"[교양수업에서 비전공자의 SW교육의 융합사고 학습 효과]
   └ 학회: 한국정보통신학회 (IF: 0.55)"
3348,2022,전기전자공학,138801817,정예은,1,0.0,0.0,"[비대면 상황에서 가상 전시와 현장 전시 콘텐츠의 관객 반응 비교]
   └ 학회: 한국정보통신학회 (IF: 0.55)"
3349,2022,전기전자공학,142562736,남그린,1,0.0,0.0,"[비대면 상황에서 가상 전시와 현장 전시 콘텐츠의 관객 반응 비교]
   └ 학회: 한국정보통신학회 (IF: 0.55)"
3350,2022,전기전자공학,947974772,권구주,1,0.0,0.0,"[비대면 상황에서 가상 전시와 현장 전시 콘텐츠의 관객 반응 비교]
   └ 학회: 한국정보통신학회 (IF: 0.55)"
3351,2022,전기전자공학,200810903,배종태,1,0.0,0.0,"[무인기 체계 적용을 위한 DVB-S2 기반 T4급 공용데이터링크 성능 개선방안]
   └ 학회: 한국정보통신학회 (IF: 0.55)"
3352,2022,전기전자공학,393765971,백성호,1,0.0,0.0,"[무인기 체계 적용을 위한 DVB-S2 기반 T4급 공용데이터링크 성능 개선방안]
   └ 학회: 한국정보통신학회 (IF: 0.55)"
3353,2022,전기전자공학,695454593,오지명,1,0.0,0.0,"[무인기 체계 적용을 위한 DVB-S2 기반 T4급 공용데이터링크 성능 개선방안]
   └ 학회: 한국정보통신학회 (IF: 0.55)"
3354,2022,전기전자공학,755201665,이상필,1,0.0,0.0,"[무인기 체계 적용을 위한 DVB-S2 기반 T4급 공용데이터링크 성능 개선방안]
   └ 학회: 한국정보통신학회 (IF: 0.55)"
3355,2022,전기전자공학,358497856,송충호,1,0.0,0.0,"[무인기 체계 적용을 위한 DVB-S2 기반 T4급 공용데이터링크 성능 개선방안]
   └ 학회: 한국정보통신학회 (IF: 0.55)"
3356,2022,전기전자공학,889708131,김성창,1,0.0,0.0,"[BLE 신호 기반 기계학습을 이용한 재실 여부 결정 방법]
   └ 학회: 한국정보통신학회 (IF: 0.55)"
3357,2022,전기전자공학,114798133,뚜언,1,0.0,0.0,"[사물인터넷 환경을 위한 경량화 키 위탁 기법]
   └ 학회: 한국정보통신학회 (IF: 0.55)"
3358,2022,전기전자공학,668116458,김대일,1,0.0,0.0,"[한-아세안 민관 네트워크기반의 스마트시티 수출을 위한 거점 HUB 플랫폼 개발에 관한 연구]
   └ 학회: 한국정보통신학회 (IF: 0.55)"
3359,2022,전기전자공학,960865992,김정현,1,0.0,0.0,"[한-아세안 민관 네트워크기반의 스마트시티 수출을 위한 거점 HUB 플랫폼 개발에 관한 연구]
   └ 학회: 한국정보통신학회 (IF: 0.55)"
3360,2022,전기전자공학,404111376,Nasaruddin Nasaruddin,1,0.0,0.0,"[Inter-clustering Cooperative Relay Selection Schemes for 5G Device-to-device Communication Networks]
   └ 학회: 한국정보통신학회JICCE (IF: 0.55)"
3361,2022,전기전자공학,816188087,Yunida Yunida,1,0.0,0.0,"[Inter-clustering Cooperative Relay Selection Schemes for 5G Device-to-device Communication Networks]
   └ 학회: 한국정보통신학회JICCE (IF: 0.55)"
3362,2022,전기전자공학,276083219,Ramzi Adriman,1,0.0,0.0,"[Inter-clustering Cooperative Relay Selection Schemes for 5G Device-to-device Communication Networks]
   └ 학회: 한국정보통신학회JICCE (IF: 0.55)"
3363,2022,전기전자공학,685650834,Jiwon Youn,1,0.0,0.0,"[Optimal Terminal Interconnection Reconstruction along with Terminal Transition in Randomly Divided Planes]
   └ 학회: 한국정보통신학회JICCE (IF: 0.55)"
3364,2022,전기전자공학,187941491,Min-Suk Kim,1,0.0,0.0,"[Autonomous and Asynchronous Triggered Agent Exploratory Path-planning Via a Terrain Clutter-index using Reinforcement Learning]
   └ 학회: 한국정보통신학회JICCE (IF: 0.55)"
3365,2022,전기전자공학,162521418,Hwankuk Kim,1,0.0,0.0,"[Autonomous and Asynchronous Triggered Agent Exploratory Path-planning Via a Terrain Clutter-index using Reinforcement Learning]
   └ 학회: 한국정보통신학회JICCE (IF: 0.55)"
3366,2022,전기전자공학,386829668,HyoJu Lee,1,0.0,0.0,"[Completeness of Patient Care Report (PCR) by Paramedics]
   └ 학회: 한국정보통신학회JICCE (IF: 0.55)"
3367,2022,전기전자공학,736706421,JongHo Kim,1,0.0,0.0,"[Completeness of Patient Care Report (PCR) by Paramedics]
   └ 학회: 한국정보통신학회JICCE (IF: 0.55)"
3368,2022,전기전자공학,113613770,Seungmin Lee,1,0.0,0.0,"[A 4K-Capable Hardware Accelerator of Haze Removal Algorithm using Haze-relevant Features]
   └ 학회: 한국정보통신학회JICCE (IF: 0.55)"
3369,2022,전기전자공학,552049038,Wei Hou,1,0.0,0.0,"[Video Road Vehicle Detection and Tracking based on OpenCV]
   └ 학회: 한국정보통신학회JICCE (IF: 0.55)"
3370,2022,전기전자공학,415935577,Zhenzhen Wu,1,0.0,0.0,"[Video Road Vehicle Detection and Tracking based on OpenCV]
   └ 학회: 한국정보통신학회JICCE (IF: 0.55)"
3371,2022,전기전자공학,856124541,Jae-Pil Chung,1,0.0,0.0,"[Dispersion-Managed Link Configured with Repetitively Shaped Dispersion Maps and Embedded with Mid-span Spectral Inversion]
   └ 학회: 한국정보통신학회JICCE (IF: 0.55)"
3372,2022,전기전자공학,547789735,Seong-Real Lee,1,0.0,0.0,"[Dispersion-Managed Link Configured with Repetitively Shaped Dispersion Maps and Embedded with Mid-span Spectral Inversion]
   └ 학회: 한국정보통신학회JICCE (IF: 0.55)"
3373,2022,전기전자공학,552949921,Abbas M. Ali Al-muqarm,1,0.0,0.0,"[Quantum Computing Cryptography and Lattice Mechanism]
   └ 학회: 한국정보통신학회JICCE (IF: 0.55)"
3374,2022,전기전자공학,914647031,Firas Abedi,1,0.0,0.0,"[Quantum Computing Cryptography and Lattice Mechanism]
   └ 학회: 한국정보통신학회JICCE (IF: 0.55)"
3375,2022,전기전자공학,301615373,Ali S. Abosinnee,1,0.0,0.0,"[Quantum Computing Cryptography and Lattice Mechanism]
   └ 학회: 한국정보통신학회JICCE (IF: 0.55)"
3376,2022,전기전자공학,734810001,SeaYoung Park,1,0.0,0.0,"[Performance Evaluation of k-means and k-medoids in WSN Routing Protocols]
   └ 학회: 한국정보통신학회JICCE (IF: 0.55)"
3377,2022,전기전자공학,711512791,윤대열,1,0.0,0.0,"[Performance Evaluation of k-means and k-medoids in WSN Routing Protocols]
   └ 학회: 한국정보통신학회JICCE (IF: 0.55)"
3378,2022,전기전자공학,853912312,Chi-Gon Hwang,1,0.0,0.0,"[Performance Evaluation of k-means and k-medoids in WSN Routing Protocols]
   └ 학회: 한국정보통신학회JICCE (IF: 0.55)"
3379,2022,전기전자공학,506646718,이대성,1,0.0,0.0,"[Performance Evaluation of k-means and k-medoids in WSN Routing Protocols]
   └ 학회: 한국정보통신학회JICCE (IF: 0.55)"
3380,2022,전기전자공학,762370217,Forat Falih Hasan,1,0.0,0.0,"[Relational Data Extraction and Transformation: A Study to Enhance Information Systems Performance]
   └ 학회: 한국정보통신학회JICCE (IF: 0.55)"
3381,2022,전기전자공학,327856830,Muhamad Shahbani Abu Bakar,1,0.0,0.0,"[Relational Data Extraction and Transformation: A Study to Enhance Information Systems Performance]
   └ 학회: 한국정보통신학회JICCE (IF: 0.55)"
3382,2022,전기전자공학,135145124,Min-Hyuck Ko,1,0.0,0.0,"[Trends in Mobile Ransomware and Incident Response from a Digital Forensics Perspective]
   └ 학회: 한국정보통신학회JICCE (IF: 0.55)"
3383,2022,전기전자공학,188472839,Pyo-Gil-Hong,1,0.0,0.0,"[Trends in Mobile Ransomware and Incident Response from a Digital Forensics Perspective]
   └ 학회: 한국정보통신학회JICCE (IF: 0.55)"
3384,2022,전기전자공학,687495699,김도현,1,0.0,0.0,"[Trends in Mobile Ransomware and Incident Response from a Digital Forensics Perspective]
   └ 학회: 한국정보통신학회JICCE (IF: 0.55)"
3385,2022,전기전자공학,795967433,Ti-Hon Nguyen,1,0.0,0.0,"[Text Summarization on Large-scale Vietnamese Datasets]
   └ 학회: 한국정보통신학회JICCE (IF: 0.55)"
3386,2022,전기전자공학,655089139,Doddy Ferdiansyah,1,0.0,0.0,"[Implementation of Cloud-Based Virtual Laboratory using SOI and CIMP on Virtual Machines]
   └ 학회: 한국정보통신학회JICCE (IF: 0.55)"
3387,2022,전기전자공학,583903048,Yogi Udjaja,1,0.0,0.0,"[Orbital Dungeon Generation: A Method for Creating Dungeons Quickly and Dynamically]
   └ 학회: 한국정보통신학회JICCE (IF: 0.55)"
3388,2022,전기전자공학,921919062,Youngsin Hong,1,0.0,0.0,"[Portable Soil pH Sensor Using ISFET Electrode]
   └ 학회: 한국정보통신학회JICCE (IF: 0.55)"
3389,2022,전기전자공학,734702460,Sun-Ok Chung,1,0.0,0.0,"[Portable Soil pH Sensor Using ISFET Electrode]
   └ 학회: 한국정보통신학회JICCE (IF: 0.55)"
3390,2022,전기전자공학,561252923,Jongwon Park,1,0.0,0.0,"[Portable Soil pH Sensor Using ISFET Electrode]
   └ 학회: 한국정보통신학회JICCE (IF: 0.55)"
3391,2022,전기전자공학,387969138,홍영기,1,0.0,0.0,"[Portable Soil pH Sensor Using ISFET Electrode]
   └ 학회: 한국정보통신학회JICCE (IF: 0.55)"
3392,2022,전기전자공학,615888031,Sampa ChauPattnaik,1,0.0,0.0,"[Component-Based System Reliability using MCMC Simulation]
   └ 학회: 한국정보통신학회JICCE (IF: 0.55)"
3393,2022,전기전자공학,161901441,Mitrabinda Ray,1,0.0,0.0,"[Component-Based System Reliability using MCMC Simulation]
   └ 학회: 한국정보통신학회JICCE (IF: 0.55)"
3394,2022,전기전자공학,126095540,Mitalimadhusmita Nayak,1,0.0,0.0,"[Component-Based System Reliability using MCMC Simulation]
   └ 학회: 한국정보통신학회JICCE (IF: 0.55)"
3395,2022,전기전자공학,559749397,Srikanta Patnaik,1,0.0,0.0,"[Component-Based System Reliability using MCMC Simulation]
   └ 학회: 한국정보통신학회JICCE (IF: 0.55)"
3396,2022,전기전자공학,819817859,Bodong Tao,1,0.0,0.0,"[High Utility Itemset Mining by Using Binary PSO Algorithm with V-shaped Transfer Function and Nonlinear Acceleration Coefficient Strategy]
   └ 학회: 한국정보통신학회JICCE (IF: 0.55)"
3397,2022,전기전자공학,327252155,Ok Keun Shin,1,0.0,0.0,"[High Utility Itemset Mining by Using Binary PSO Algorithm with V-shaped Transfer Function and Nonlinear Acceleration Coefficient Strategy]
   └ 학회: 한국정보통신학회JICCE (IF: 0.55)"
3398,2022,전기전자공학,777814438,Jongwoo Baek,1,0.0,0.0,"[Filtering Correction Method and Performance Comparison for Time Series Data]
   └ 학회: 한국정보통신학회JICCE (IF: 0.55)"
3399,2022,전기전자공학,158654068,Jiyoung Choi,1,0.0,0.0,"[Filtering Correction Method and Performance Comparison for Time Series Data]
   └ 학회: 한국정보통신학회JICCE (IF: 0.55)"
3400,2022,전기전자공학,578110371,Taweesak Sanpechuda,1,0.0,0.0,"[Evaluations of Museum Recommender System Based on Different Visitor Trip Times]
   └ 학회: 한국정보통신학회JICCE (IF: 0.55)"
3401,2022,전기전자공학,597165303,La-or Kovavisaruch,1,0.0,0.0,"[Evaluations of Museum Recommender System Based on Different Visitor Trip Times]
   └ 학회: 한국정보통신학회JICCE (IF: 0.55)"
3402,2022,전기전자공학,548016543,Geun Jae Lee,1,0.0,0.0,"[Investigation into Electrical Characteristics of Logic Circuit Consisting of Modularized Monolithic 3D Inverter Unit Cell]
   └ 학회: 한국정보통신학회JICCE (IF: 0.55)"
3403,2022,전기전자공학,718150927,Tae Jun Ahn,1,0.0,0.0,"[Investigation into Electrical Characteristics of Logic Circuit Consisting of Modularized Monolithic 3D Inverter Unit Cell]
   └ 학회: 한국정보통신학회JICCE (IF: 0.55)"
3404,2022,전기전자공학,692998393,Sung Kyu Lim,1,0.0,0.0,"[Investigation into Electrical Characteristics of Logic Circuit Consisting of Modularized Monolithic 3D Inverter Unit Cell]
   └ 학회: 한국정보통신학회JICCE (IF: 0.55)"
3405,2022,전기전자공학,628608510,Yong-Jin Lee,1,0.0,0.0,"[Estimating the mean number of objects in M/H₂/1 model for web service]
   └ 학회: 국제인공지능학회 (IF: 0.51)"
3406,2022,전기전자공학,393823862,Jun-Won Ho,1,0.0,0.0,"[Investigation of the SPRT-Based Android Evasive Malware]
   └ 학회: 국제인공지능학회 (IF: 0.51)"
3407,2022,전기전자공학,158318210,Qingqing Xu,1,0.0,0.0,"[Research of the Influences of Doujin Culture in Game Operation]
   └ 학회: 국제인공지능학회 (IF: 0.51)"
3408,2022,전기전자공학,918559059,Kije Kwon,1,0.0,0.0,"[Research of the Influences of Doujin Culture in Game Operation]
   └ 학회: 국제인공지능학회 (IF: 0.51)"
3409,2022,전기전자공학,395094567,Byung-Kwan Kim,1,0.0,0.0,"[Effects of Local History Trekking Education on Social Development and Historical Consciousness of College Students]
   └ 학회: 국제인공지능학회 (IF: 0.51)"
3410,2022,전기전자공학,359409365,A Reum Kim,1,0.0,0.0,"[Effects of Local History Trekking Education on Social Development and Historical Consciousness of College Students]
   └ 학회: 국제인공지능학회 (IF: 0.51)"
3411,2022,전기전자공학,744461571,고경호,1,0.0,0.0,"[Effects of Local History Trekking Education on Social Development and Historical Consciousness of College Students]
   └ 학회: 국제인공지능학회 (IF: 0.51)"
3412,2022,전기전자공학,215360295,"Seung-gil, Lee",1,0.0,0.0,"[A Study on the Determinants of Smoking Demand of College Students]
   └ 학회: 국제인공지능학회 (IF: 0.51)"
3413,2022,전기전자공학,486215510,장태수,1,0.0,0.0,"[Effect of Gardening as a physical activity on the improvement of Blood lipoprotein profile in an urban population in Republic of Korea: A pilot study]
   └ 학회: 국제인공지능학회 (IF: 0.51)"
3414,2022,전기전자공학,889821224,Ae-Kyung Lee,1,0.0,0.0,"[Effect of Gardening as a physical activity on the improvement of Blood lipoprotein profile in an urban population in Republic of Korea: A pilot study]
   └ 학회: 국제인공지능학회 (IF: 0.51)"
3415,2022,전기전자공학,655461177,EunJi Park,1,0.0,0.0,"[Effect of Gardening as a physical activity on the improvement of Blood lipoprotein profile in an urban population in Republic of Korea: A pilot study]
   └ 학회: 국제인공지능학회 (IF: 0.51)"
3416,2022,전기전자공학,619217163,장승주,1,0.0,0.0,"[Design of a Heart Rate Measurement System Using a Web Camera]
   └ 학회: 국제인공지능학회 (IF: 0.51)"
3417,2022,전기전자공학,115225894,Jang Ri Ra,1,0.0,0.0,"[Effect of 8-week Small Tool Exercise according to Age on Knee Strength and Balance in Women]
   └ 학회: 국제인공지능학회 (IF: 0.51)"
3418,2022,전기전자공학,396851780,Hwan-Jong Jeong,1,0.0,0.0,"[Effect of 8-week Small Tool Exercise according to Age on Knee Strength and Balance in Women]
   └ 학회: 국제인공지능학회 (IF: 0.51)"
3419,2022,전기전자공학,114579899,Dong-Gu Sien,1,0.0,0.0,"[CVT system applied pulley consisting of the basic disk and rotational disk]
   └ 학회: 국제인공지능학회 (IF: 0.51)"
3420,2022,전기전자공학,894765666,Wan-Mug Choi,1,0.0,0.0,"[Safety Evaluate of Brackets for Bare Chassis of a 30-seated Bus]
   └ 학회: 국제인공지능학회 (IF: 0.51)"
3421,2022,전기전자공학,886279873,"Kwon, Young Woong",1,0.0,0.0,"[Dynamometer Test for the CVT System using Spring]
   └ 학회: 국제인공지능학회 (IF: 0.51)"
3422,2022,전기전자공학,954129396,Seung-Bok Yang,1,0.0,0.0,"[Dynamometer Test for the CVT System using Spring]
   └ 학회: 국제인공지능학회 (IF: 0.51)"
3423,2022,전기전자공학,331349980,"Lee, JeongHoon",1,0.0,0.0,"[Heat source control intelligent system for heat treatment process]
   └ 학회: 국제인공지능학회 (IF: 0.51)"
3424,2022,전기전자공학,724910833,"Cho, InHee",1,0.0,0.0,"[Heat source control intelligent system for heat treatment process]
   └ 학회: 국제인공지능학회 (IF: 0.51)"
3425,2022,전기전자공학,731800809,Seung-Taek Oh,1,0.0,0.0,"[The Development of Exercise Accuracy Measurement Algorithm Supporting Personal Training’s Exercise Amount Improvement]
   └ 학회: 국제인공지능학회 (IF: 0.51)"
3426,2022,전기전자공학,345758464,Hyeong-Seok Kim,1,0.0,0.0,"[The Development of Exercise Accuracy Measurement Algorithm Supporting Personal Training’s Exercise Amount Improvement]
   └ 학회: 국제인공지능학회 (IF: 0.51)"
3427,2022,전기전자공학,78132,임재현,1,0.0,0.0,"[The Development of Exercise Accuracy Measurement Algorithm Supporting Personal Training’s Exercise Amount Improvement]
   └ 학회: 국제인공지능학회 (IF: 0.51)"
3428,2022,전기전자공학,621690641,권동진,1,0.0,0.0,"[An Enhancement of Image Segmentation Using Modified Watershed Algorithm]
   └ 학회: 국제인공지능학회 (IF: 0.51)"
3429,2022,전기전자공학,759868166,Hyung-Taek Kim,1,0.0,0.0,"[Simulation of High Vacuum Characteristics by VacTran Simulator]
   └ 학회: 국제인공지능학회 (IF: 0.51)"
3430,2022,전기전자공학,710616328,Hyeongwon Jeong,1,0.0,0.0,"[Simulation of High Vacuum Characteristics by VacTran Simulator]
   └ 학회: 국제인공지능학회 (IF: 0.51)"
3431,2022,전기전자공학,888912945,Junwoo Cha,1,0.0,0.0,"[A Study of 0.5-bit Resolution for True-Time Delay of Phased-Array Antenna System]
   └ 학회: 국제인공지능학회 (IF: 0.51)"
3432,2022,전기전자공학,747473390,"Soon-Beom, Lee",1,0.0,0.0,"[Development and Validation of Life Safety Awareness Scale of High School Students and Analysis of Interindividual Differences]
   └ 학회: 국제인공지능학회 (IF: 0.51)"
3433,2022,전기전자공학,525188999,"Ha-Sung, Kong",1,0.0,0.0,"[Development and Validation of Life Safety Awareness Scale of High School Students and Analysis of Interindividual Differences]
   └ 학회: 국제인공지능학회 (IF: 0.51)"
3434,2022,전기전자공학,298800382,Jae-Heui Lee,1,0.0,0.0,"[Development of Shoulder Wheel with Adjustable Rotating Speed and Rotating Angle and Application Contents]
   └ 학회: 국제인공지능학회 (IF: 0.51)"
3435,2022,전기전자공학,347941901,Jae-Hoon Kim,1,0.0,0.0,"[Development of Shoulder Wheel with Adjustable Rotating Speed and Rotating Angle and Application Contents]
   └ 학회: 국제인공지능학회 (IF: 0.51)"
3436,2022,전기전자공학,355683467,정성택,1,0.0,0.0,"[Development of Shoulder Wheel with Adjustable Rotating Speed and Rotating Angle and Application Contents]
   └ 학회: 국제인공지능학회 (IF: 0.51)"
3437,2022,전기전자공학,333609385,Yong-Bae Jeon,1,0.0,0.0,"[A Study on the Structural Relationship between Authenticity of Sportswear Brand Corporate, Brand Image, Brand Attitude, and Premium Payment Intention]
   └ 학회: 국제인공지능학회 (IF: 0.51)"
3438,2022,전기전자공학,122758837,Mi-Jeong Kim,1,0.0,0.0,"[A Study on the Structural Relationship between Authenticity of Sportswear Brand Corporate, Brand Image, Brand Attitude, and Premium Payment Intention]
   └ 학회: 국제인공지능학회 (IF: 0.51)"
3439,2022,전기전자공학,665698315,Sang-Sin Shim,1,0.0,0.0,"[Structural Relationship between Benefit of Ski Wear Brand, Brand Emotion, Brand Satisfaction, Brand Trust, and Repurchase Intention]
   └ 학회: 국제인공지능학회 (IF: 0.51)"
3440,2022,전기전자공학,315176308,Jeong-lae Kim,1,0.0,0.0,"[Study on the Usage Status of Public Enshrinement Facilities and Public Natural Burial Sites the User of Public Cremation Facilities in Gyeonggi-do Using the E-Haneul Funeral Information System]
   └ 학회: 국제인공지능학회 (IF: 0.51)"
3441,2022,전기전자공학,821905859,Yun Ju Nam,1,0.0,0.0,"[A Study on the Cremation Status by the Jurisdiction Area and Outside of the Jurisdiction Area Using the E-Haneul Funeral Information System of Public Cremation Facilities in Gyeonggi-do : Focusing on Before and After the Opening of Public Cremation Facilities in Hwaseong City]
   └ 학회: 국제인공지능학회 (IF: 0.51)"
3442,2022,전기전자공학,668283045,Nai-ming Hou,1,0.0,0.0,"[The Impact of a Traditional Culture Seminar on the Output of College Students' Chinese Creative Writing]
   └ 학회: 국제인공지능학회 (IF: 0.51)"
3443,2022,전기전자공학,239775698,Xiang-zhe Cu,1,0.0,0.0,"[The Impact of a Traditional Culture Seminar on the Output of College Students' Chinese Creative Writing]
   └ 학회: 국제인공지능학회 (IF: 0.51)"
3444,2022,전기전자공학,102035018,Kim Eun-Ja,1,0.0,0.0,"[Effects of Combined Training with Respiratory Equipment on Lung Function, Balance, and Life Satisfaction of Elderly People in Community]
   └ 학회: 국제인공지능학회 (IF: 0.51)"
3445,2022,전기전자공학,438813049,육영삼,1,0.0,0.0,"[H₂O₂ Generating Ability and Multi-Drug Resistance of Lactic Acid Bacteria Required for Long-Term Inpatient Treatment with Antibiotic Resistance]
   └ 학회: 국제인공지능학회 (IF: 0.51)"
3446,2022,전기전자공학,790625025,신우창,1,0.0,0.0,"[A Study on the Measurement of Respiratory Rate Using a Respirator Equipped with an Air Pressure Sensor]
   └ 학회: 국제인공지능학회 (IF: 0.51)"
3447,2022,전기전자공학,682366348,Zong-Yi Zhu,1,0.0,0.0,"[Predicting Sustainable Personal Protective Equipment (PPE) Purchase Intention after the Pandemic: An Application of Health Belief Model]
   └ 학회: 국제인공지능학회 (IF: 0.51)"
3448,2022,전기전자공학,920172007,Sun Gyu Kim,1,0.0,0.0,"[Analysis of Lactate Dehydrogenase Levels of COVID-19 Patients in a Korean Hospital According to Sex and Age]
   └ 학회: 국제인공지능학회 (IF: 0.51)"
3449,2022,전기전자공학,162610755,Hee Seung Song,1,0.0,0.0,"[Analysis of Lactate Dehydrogenase Levels of COVID-19 Patients in a Korean Hospital According to Sex and Age]
   └ 학회: 국제인공지능학회 (IF: 0.51)"
3450,2022,전기전자공학,919618009,김규성,1,0.0,0.0,"[Verification of Stress Analysis on the Bracket of Bus Bear Chassis]
   └ 학회: 국제인공지능학회 (IF: 0.51)"
3451,2022,전기전자공학,783120877,Chun-peng Liu,1,0.0,0.0,"[Research on the Impact of Corporate Culture and Innovation Ability on Corporate Core Competitiveness from the Perspective of CSR: Based on the Investigation of Tianjin Agricultural Science and Technology Enterprises]
   └ 학회: 국제인공지능학회 (IF: 0.51)"
3452,2022,전기전자공학,723902115,Chun-Jie Li,1,0.0,0.0,"[Research on the Impact of Corporate Culture and Innovation Ability on Corporate Core Competitiveness from the Perspective of CSR: Based on the Investigation of Tianjin Agricultural Science and Technology Enterprises]
   └ 학회: 국제인공지능학회 (IF: 0.51)"
3453,2022,전기전자공학,551626176,Mijung Kim,1,0.0,0.0,"[Association Rules of Comorbidities in Dementia by Using Korea National Hospital Discharge In-depth Injury Survey Data]
   └ 학회: 국제인공지능학회 (IF: 0.51)"
3454,2022,전기전자공학,190720506,Jin-yang Li,1,0.0,0.0,"[Research on the Coupling Coordination Relationship between Regional Information Technology Level and Economic Development]
   └ 학회: 국제인공지능학회 (IF: 0.51)"
3455,2022,전기전자공학,809262512,Jun-Won Yang,1,0.0,0.0,"[Research on the Coupling Coordination Relationship between Regional Information Technology Level and Economic Development]
   └ 학회: 국제인공지능학회 (IF: 0.51)"
3456,2022,전기전자공학,836119604,Keum-Bong Choi,1,0.0,0.0,"[Effects of Nursing Skills Educational Programs Using Multimedia]
   └ 학회: 국제인공지능학회 (IF: 0.51)"
3457,2022,전기전자공학,668573404,Gi-Seok Lee,1,0.0,0.0,"[Prediction of changes in fine dust concentration using LSTM model]
   └ 학회: 국제인공지능학회 (IF: 0.51)"
3458,2022,전기전자공학,993956731,Sang-Hyun Lee,1,0.0,0.0,"[Prediction of changes in fine dust concentration using LSTM model]
   └ 학회: 국제인공지능학회 (IF: 0.51)"
3459,2022,전기전자공학,231156952,Song Ngo Duy,1,0.0,0.0,"[Study of Implementation of Broadband Antireflection Coating for Luminescent Solar Concentrators to Optimized the Efficiency]
   └ 학회: 국제인공지능학회 (IF: 0.51)"
3460,2022,전기전자공학,980959044,선심이,1,0.0,0.0,"[Comparison of the Characteristics of Green Screen and LED Wall in Virtual Production System]
   └ 학회: 국제인공지능학회 (IF: 0.51)"
3461,2022,전기전자공학,132949821,제예,1,0.0,0.0,"[Research of Character Design in Side-scrolling Horror Puzzle Games]
   └ 학회: 국제인공지능학회 (IF: 0.51)"
3462,2022,전기전자공학,689611583,강천천,1,0.0,0.0,"[A study on the expansibility of sound-responsive visual art contents]
   └ 학회: 국제인공지능학회 (IF: 0.51)"
3463,2022,전기전자공학,406496120,Quoc Cuong Nguyen,1,0.0,0.0,"[Study on Spin-off Business Model for the Exploitation of Intellectual Property at University in Vietnam]
   └ 학회: 국제인공지능학회 (IF: 0.51)"
3464,2022,전기전자공학,175449495,Thi Huyen Tran,1,0.0,0.0,"[Study on Spin-off Business Model for the Exploitation of Intellectual Property at University in Vietnam]
   └ 학회: 국제인공지능학회 (IF: 0.51)"
3465,2022,전기전자공학,284807061,HyukDong Kwon,1,0.0,0.0,"[Study on Spin-off Business Model for the Exploitation of Intellectual Property at University in Vietnam]
   └ 학회: 국제인공지능학회 (IF: 0.51)"
3466,2022,전기전자공학,632945273,"SangWoo, Hahm",1,0.0,0.0,"[Convergence research on the speaker's voice perceived by listener, and suggestions for future research application]
   └ 학회: 국제인공지능학회 (IF: 0.51)"
3467,2022,전기전자공학,910569781,Kim Gokmi,1,0.0,0.0,"[A Study on the Development Strategy of Product Brand Using Local Agricultural Products Period]
   └ 학회: 국제인공지능학회 (IF: 0.51)"
3468,2022,전기전자공학,277887420,Sien Dong Gu,1,0.0,0.0,"[A Proprietary Model of Continuously Variable Transmission System using Spline]
   └ 학회: 국제인공지능학회 (IF: 0.51)"
3469,2022,전기전자공학,858761432,Yang Seung Bok,1,0.0,0.0,"[Boundary Condition for Bare Chassis Brackets of the Commercial Vehicle]
   └ 학회: 국제인공지능학회 (IF: 0.51)"
3470,2022,전기전자공학,923780386,Lin Lin Zhou,1,0.0,0.0,"[Efficiency Evaluation of Financial Support for Rural Industry Revitalization in Eastern China]
   └ 학회: 국제인공지능학회 (IF: 0.51)"
3471,2022,전기전자공학,509208739,Suwon Lee,1,0.0,0.0,"[Single-View Reconstruction of a Manhattan World from Line Segments]
   └ 학회: 국제인공지능학회 (IF: 0.51)"
3472,2022,전기전자공학,158187550,Yong-Ho Seo,1,0.0,0.0,"[Single-View Reconstruction of a Manhattan World from Line Segments]
   └ 학회: 국제인공지능학회 (IF: 0.51)"
3473,2022,전기전자공학,568010244,Gui Yeol Ryu,1,0.0,0.0,"[A Study on Comparison of Response Time using Open API of Daishin Securities Co. and eBest Investment and Securities Co.]
   └ 학회: 국제인공지능학회 (IF: 0.51)"
3474,2022,전기전자공학,164475466,Yang Pan,1,0.0,0.0,"[A new type of multimedia content with Chinese characters as the core—— Barrage]
   └ 학회: 국제인공지능학회 (IF: 0.51)"
3475,2022,전기전자공학,250973115,JiHui Yan,1,0.0,0.0,"[A new type of multimedia content with Chinese characters as the core—— Barrage]
   └ 학회: 국제인공지능학회 (IF: 0.51)"
3476,2022,전기전자공학,345411279,BongHee Son,1,0.0,0.0,"[Discussion about the Priority for the Improvement of Performer Training in Korea]
   └ 학회: 국제인공지능학회 (IF: 0.51)"
3477,2022,전기전자공학,622971250,Moon Jun Kim,1,0.0,0.0,"[The effect of Adversity ex Perceived by Organizational Members on Entrepreneurial Orientation and Organizational Learning Competency]
   └ 학회: 국제인공지능학회 (IF: 0.51)"
3478,2022,전기전자공학,687805247,Su Hee Kim,1,0.0,0.0,"[The effect of Adversity ex Perceived by Organizational Members on Entrepreneurial Orientation and Organizational Learning Competency]
   └ 학회: 국제인공지능학회 (IF: 0.51)"
3479,2022,전기전자공학,935333745,Jung-Ha Park,1,0.0,0.0,"[The Effect of Problem-Based Learning for Patient Safety on Self-Leadership, Patient Safety Competencies, and Reflective Thinking of Nursing Students]
   └ 학회: 국제인공지능학회 (IF: 0.51)"
3480,2022,전기전자공학,954343706,Ji-Ah Yun,1,0.0,0.0,"[The Effect of Problem-Based Learning for Patient Safety on Self-Leadership, Patient Safety Competencies, and Reflective Thinking of Nursing Students]
   └ 학회: 국제인공지능학회 (IF: 0.51)"
3481,2022,전기전자공학,526793397,Kyoung-Duck Park,1,0.0,0.0,"[The Effect of Problem-Based Learning for Patient Safety on Self-Leadership, Patient Safety Competencies, and Reflective Thinking of Nursing Students]
   └ 학회: 국제인공지능학회 (IF: 0.51)"
3482,2022,전기전자공학,992745465,Ye Dong Yoon,1,0.0,0.0,"[Data-Based Monitoring System for Smart Kitchen Farm]
   └ 학회: 국제인공지능학회 (IF: 0.51)"
3483,2022,전기전자공학,243557955,Woo Sung Jang,1,0.0,0.0,"[Data-Based Monitoring System for Smart Kitchen Farm]
   └ 학회: 국제인공지능학회 (IF: 0.51)"
3484,2022,전기전자공학,754729873,So Young Moon,1,0.0,0.0,"[Data-Based Monitoring System for Smart Kitchen Farm]
   └ 학회: 국제인공지능학회 (IF: 0.51)"
3485,2022,전기전자공학,402209086,R. Young Chul Kim,1,0.0,0.0,"[Data-Based Monitoring System for Smart Kitchen Farm]
   └ 학회: 국제인공지능학회 (IF: 0.51)"
3486,2022,전기전자공학,480939410,Sung-Cheon Park,1,0.0,0.0,"[A Study on the Steering System of Electric Scooter]
   └ 학회: 국제인공지능학회 (IF: 0.51)"
3487,2022,전기전자공학,311148945,Yong Hwan Jo,1,0.0,0.0,"[Performance Evaluation of Real-time Linux for an Industrial Real-time Platform]
   └ 학회: 국제인공지능학회 (IF: 0.51)"
3488,2022,전기전자공학,750007229,Byoung Wook Choi,1,0.0,0.0,"[Performance Evaluation of Real-time Linux for an Industrial Real-time Platform]
   └ 학회: 국제인공지능학회 (IF: 0.51)"
3489,2022,전기전자공학,684129438,김수로,1,0.0,0.0,"[A Study on the Urban Air Mobility(UAM) Operation Pilot Qualification System]
   └ 학회: 국제인공지능학회 (IF: 0.51)"
3490,2022,전기전자공학,582792148,조영진,1,0.0,0.0,"[A Study on the Urban Air Mobility(UAM) Operation Pilot Qualification System]
   └ 학회: 국제인공지능학회 (IF: 0.51)"
3491,2022,전기전자공학,347346240,전승목,1,0.0,0.0,"[A Study on the Urban Air Mobility(UAM) Operation Pilot Qualification System]
   └ 학회: 국제인공지능학회 (IF: 0.51)"
3492,2022,전기전자공학,820848165,남정중,1,0.0,0.0,"[Social Media Marketing Strategy]
   └ 학회: 국제인공지능학회 (IF: 0.51)"
3493,2022,전기전자공학,747789759,김병관,1,0.0,0.0,"[Effect of Acute Aquatic Plyometric Training on Muscle Strength, Edema and Pain]
   └ 학회: 국제인공지능학회 (IF: 0.51)"
3494,2022,전기전자공학,259560583,박종진,1,0.0,0.0,"[A Study on Design Concept of an App with Matching Enneagram and Character]
   └ 학회: 국제인공지능학회 (IF: 0.51)"
3495,2022,전기전자공학,584432688,박민수,1,0.0,0.0,"[Improving Device-to-Device Connectivity with Responsive Web Technology]
   └ 학회: 국제인공지능학회 (IF: 0.51)"
3496,2022,전기전자공학,499349690,JOY KIM,1,0.0,0.0,"[A Study on the Global Possibilities of Gugak Broadcasting as K-Music Content through the Metaverse Audition Platform]
   └ 학회: 국제인공지능학회 (IF: 0.51)"
3497,2022,전기전자공학,875954521,Hiu Feng Chan,1,0.0,0.0,"[Examining the Use of Geotags on Instagram: Motivation, Satisfaction, and Location-based Information Sharing in Hong Kong]
   └ 학회: 국제인공지능학회 (IF: 0.51)"
3498,2022,전기전자공학,253108511,조희정,1,0.0,0.0,"[Examining the Use of Geotags on Instagram: Motivation, Satisfaction, and Location-based Information Sharing in Hong Kong]
   └ 학회: 국제인공지능학회 (IF: 0.51)"
3499,2022,전기전자공학,640607191,이혜은,1,0.0,0.0,"[Examining the Use of Geotags on Instagram: Motivation, Satisfaction, and Location-based Information Sharing in Hong Kong]
   └ 학회: 국제인공지능학회 (IF: 0.51)"
3500,2022,전기전자공학,984703233,ZhengDong Hou,1,0.0,0.0,"[Real-time Markerless Facial Motion Capture of Personalized 3D Real Human Research]
   └ 학회: 국제인공지능학회 (IF: 0.51)"
3501,2022,전기전자공학,871863815,David-Junesok Lee,1,0.0,0.0,"[Real-time Markerless Facial Motion Capture of Personalized 3D Real Human Research]
   └ 학회: 국제인공지능학회 (IF: 0.51)"
3502,2022,전기전자공학,446438756,장가오허,1,0.0,0.0,"[Real-time Markerless Facial Motion Capture of Personalized 3D Real Human Research]
   └ 학회: 국제인공지능학회 (IF: 0.51)"
3503,2022,전기전자공학,760326815,송미화,1,0.0,0.0,"[A Study on Explainable Artificial Intelligence-based Sentimental Analysis System Model]
   └ 학회: 국제인공지능학회 (IF: 0.51)"
3504,2022,전기전자공학,877924234,Jin Cai,1,0.0,0.0,"[A Study on the Navigator Matching Platform for Medical Tourism Services]
   └ 학회: 국제인공지능학회 (IF: 0.51)"
3505,2022,전기전자공학,833709710,이진호,1,0.0,0.0,"[A Study on the Navigator Matching Platform for Medical Tourism Services]
   └ 학회: 국제인공지능학회 (IF: 0.51)"
3506,2022,전기전자공학,170334402,김상범,1,0.0,0.0,"[Development of Aging Diagnosis Device Through Real-time Battery Internal Resistance Measurement]
   └ 학회: 국제인공지능학회 (IF: 0.51)"
3507,2022,전기전자공학,373509746,DOI THI LAN,1,0.0,0.0,"[Detecting Anomalous Trajectories of Workers using Density Method]
   └ 학회: 국제인공지능학회 (IF: 0.51)"
3508,2022,전기전자공학,417726480,윤석훈,1,0.0,0.0,"[Detecting Anomalous Trajectories of Workers using Density Method]
   └ 학회: 국제인공지능학회 (IF: 0.51)"
3509,2022,전기전자공학,702006217,Kyulee Kim,1,0.0,0.0,"[Understanding the User Preferences in the Types of Video Censorship]
   └ 학회: 국제인공지능학회 (IF: 0.51)"
3510,2022,전기전자공학,390304422,박호균,1,0.0,0.0,"[Distributed Data Platform Collaboration Agent Design Using EMRA]
   └ 학회: 국제인공지능학회 (IF: 0.51)"
3511,2022,전기전자공학,289991444,문석재,1,0.0,0.0,"[Distributed Data Platform Collaboration Agent Design Using EMRA]
   └ 학회: 국제인공지능학회 (IF: 0.51)"
3512,2022,전기전자공학,537854439,홍찬정,1,0.0,0.0,"[Effect of Wearing a Thermal Compression Sleeve on Isokinetic Strength and Muscle Activity of Wrist Flexors and Extensors]
   └ 학회: 국제인공지능학회 (IF: 0.51)"
3513,2022,전기전자공학,272553084,김현성,1,0.0,0.0,"[Effect of Wearing a Thermal Compression Sleeve on Isokinetic Strength and Muscle Activity of Wrist Flexors and Extensors]
   └ 학회: 국제인공지능학회 (IF: 0.51)"
3514,2022,전기전자공학,960315873,김병관,1,0.0,0.0,"[Effect of Wearing a Thermal Compression Sleeve on Isokinetic Strength and Muscle Activity of Wrist Flexors and Extensors]
   └ 학회: 국제인공지능학회 (IF: 0.51)"
3515,2022,전기전자공학,897679765,박종열,1,0.0,0.0,"[Proposal for AI Video Interview Using Image Data Analysis]
   └ 학회: 국제인공지능학회 (IF: 0.51)"
3516,2022,전기전자공학,367698715,고창배,1,0.0,0.0,"[Proposal for AI Video Interview Using Image Data Analysis]
   └ 학회: 국제인공지능학회 (IF: 0.51)"
3517,2022,전기전자공학,961604940,송영웅,1,0.0,0.0,"[Relationships between Middle and High School Students’ Experience of Viewing Media Sports Violence and the Imitation Behavior]
   └ 학회: 국제인공지능학회 (IF: 0.51)"
3518,2022,전기전자공학,834632964,문석재,1,0.0,0.0,"[Agent for Home Server Management in Intelligent Smart Home Network]
   └ 학회: 국제인공지능학회 (IF: 0.51)"
3519,2022,전기전자공학,360578753,신효영,1,0.0,0.0,"[Agent for Home Server Management in Intelligent Smart Home Network]
   └ 학회: 국제인공지능학회 (IF: 0.51)"
3520,2022,전기전자공학,360010996,김태응,1,0.0,0.0,"[Standardization and Method Selection for the Trenchless Repair Technology of Sewer using Cured-in-place Pipe]
   └ 학회: 국제인공지능학회 (IF: 0.51)"
3521,2022,전기전자공학,305879816,좌명철,1,0.0,0.0,"[Development of Tourism Information Named Entity Recognition Datasets for the Fine-tune KoBERT-CRF Model]
   └ 학회: 국제인공지능학회 (IF: 0.51)"
3522,2022,전기전자공학,455590082,조현지,1,0.0,0.0,"[React Native and Android Mobile Apps for Smart Tourism Information Service to FITs]
   └ 학회: 국제인공지능학회 (IF: 0.51)"
3523,2022,전기전자공학,512290504,이진이,1,0.0,0.0,"[React Native and Android Mobile Apps for Smart Tourism Information Service to FITs]
   └ 학회: 국제인공지능학회 (IF: 0.51)"
3524,2022,전기전자공학,446709198,박태랑,1,0.0,0.0,"[React Native and Android Mobile Apps for Smart Tourism Information Service to FITs]
   └ 학회: 국제인공지능학회 (IF: 0.51)"
3525,2022,전기전자공학,367939339,김영훈,1,0.0,0.0,"[Model-based Analysis of Urban Community Logistics Courier Terminal System using Vacant Space]
   └ 학회: 국제인공지능학회 (IF: 0.51)"
3526,2022,전기전자공학,308128095,이순범,1,0.0,0.0,"[Analysis of Latent profiles and Inter-individual Differences in Disaster Safety Awareness of High school]
   └ 학회: 국제인공지능학회 (IF: 0.51)"
3527,2022,전기전자공학,749834949,김은미,1,0.0,0.0,"[Analysis of Latent profiles and Inter-individual Differences in Disaster Safety Awareness of High school]
   └ 학회: 국제인공지능학회 (IF: 0.51)"
3528,2022,전기전자공학,791228897,LI PENGHUI,1,0.0,0.0,"[In-camera VFX implementation study using short-throw projector (focused on low-cost solution)]
   └ 학회: 국제인공지능학회 (IF: 0.51)"
3529,2022,전기전자공학,973284501,이준석,1,0.0,0.0,"[In-camera VFX implementation study using short-throw projector (focused on low-cost solution)]
   └ 학회: 국제인공지능학회 (IF: 0.51)"
3530,2022,전기전자공학,933825836,Saurav Tanwar,1,0.0,0.0,"[A study on Dirty Pipe Linux vulnerability]
   └ 학회: 국제인공지능학회 (IF: 0.51)"
3531,2022,전기전자공학,292147442,김희완,1,0.0,0.0,"[A study on Dirty Pipe Linux vulnerability]
   └ 학회: 국제인공지능학회 (IF: 0.51)"
3532,2022,전기전자공학,514591007,TEN EKATERINA,1,0.0,0.0,"[Interactive Data Acquisition System based on Hand Tracking to evaluate Children's Cognitive Abilities]
   └ 학회: 국제인공지능학회 (IF: 0.51)"
3533,2022,전기전자공학,902426837,임수연,1,0.0,0.0,"[A File/Directory Reconstruction Method of APFS Filesystem for Digital Forensics]
   └ 학회: 국제인공지능학회 (IF: 0.51)"
3534,2022,전기전자공학,702275943,우형록,1,0.0,0.0,"[Improvement Plan for Cash Receipt System]
   └ 학회: 국제인공지능학회 (IF: 0.51)"
3535,2022,전기전자공학,371195649,김문준,1,0.0,0.0,"[The Effect of manager's communication Competency on organizational member's adaptive performance: Focusing on the mediating effect of positive psychological capital]
   └ 학회: 국제인공지능학회 (IF: 0.51)"
3536,2022,전기전자공학,907584444,최세윤,1,0.0,0.0,"[A Novle Method for Efficient Mobile AR Service in Edge Mesh Network]
   └ 학회: 국제인공지능학회 (IF: 0.51)"
3537,2022,전기전자공학,625210116,심우성,1,0.0,0.0,"[A Novle Method for Efficient Mobile AR Service in Edge Mesh Network]
   └ 학회: 국제인공지능학회 (IF: 0.51)"
3538,2022,전기전자공학,341612036,김호준,1,0.0,0.0,"[A Novle Method for Efficient Mobile AR Service in Edge Mesh Network]
   └ 학회: 국제인공지능학회 (IF: 0.51)"
3539,2022,전기전자공학,548001479,이색문,1,0.0,0.0,"[Analysis of Barrage Culture and User Analysis in New Media Content in the Chinese Market]
   └ 학회: 국제인공지능학회 (IF: 0.51)"
3540,2022,전기전자공학,434496345,김명성,1,0.0,0.0,"[On the Untact ICT based New Concept Storage Device Design by Interworking SysML and CAD Data to Improve the Development Efficiency]
   └ 학회: 국제인공지능학회 (IF: 0.51)"
3541,2022,전기전자공학,584650546,김영민,1,0.0,0.0,"[On the Untact ICT based New Concept Storage Device Design by Interworking SysML and CAD Data to Improve the Development Efficiency]
   └ 학회: 국제인공지능학회 (IF: 0.51)"
3542,2022,전기전자공학,220191935,육영삼,1,0.0,0.0,"[Function of Blending Essential Oil in the Development of Anti-Dandruff Products]
   └ 학회: 국제인공지능학회 (IF: 0.51)"
3543,2022,전기전자공학,487930880,이용진,1,0.0,0.0,"[On the comparison of mean object size in M/G/1/PS model and M/BP/1 model for web service]
   └ 학회: 국제인공지능학회 (IF: 0.51)"
3544,2022,전기전자공학,343948517,이순범,1,0.0,0.0,"[A Study on the Effects of All-in-one Automatic Fire Shutters Installed in High School on Evacuation Time]
   └ 학회: 국제인공지능학회 (IF: 0.51)"
3545,2022,전기전자공학,184673544,이재영,1,0.0,0.0,"[A Study on the Effects of All-in-one Automatic Fire Shutters Installed in High School on Evacuation Time]
   └ 학회: 국제인공지능학회 (IF: 0.51)"
3546,2022,전기전자공학,807955314,이종형,1,0.0,0.0,"[Design for Low Cost Optical Node with Wavelength Reconfiguration]
   └ 학회: 국제인공지능학회 (IF: 0.51)"
3547,2022,전기전자공학,528884095,양명진,1,0.0,0.0,"[Studying on the Internet under the Pandemic: A Qualitative Study of Internet-based Learning Experiences among College Students in South Korea]
   └ 학회: 국제인공지능학회 (IF: 0.51)"
3548,2022,전기전자공학,958555146,김은영,1,0.0,0.0,"[Studying on the Internet under the Pandemic: A Qualitative Study of Internet-based Learning Experiences among College Students in South Korea]
   └ 학회: 국제인공지능학회 (IF: 0.51)"
3549,2022,전기전자공학,485694328,권동욱,1,0.0,0.0,"[Studying on the Internet under the Pandemic: A Qualitative Study of Internet-based Learning Experiences among College Students in South Korea]
   └ 학회: 국제인공지능학회 (IF: 0.51)"
3550,2022,전기전자공학,116733470,박현지,1,0.0,0.0,"[Studying on the Internet under the Pandemic: A Qualitative Study of Internet-based Learning Experiences among College Students in South Korea]
   └ 학회: 국제인공지능학회 (IF: 0.51)"
3551,2022,전기전자공학,249698401,김지현,1,0.0,0.0,"[Studying on the Internet under the Pandemic: A Qualitative Study of Internet-based Learning Experiences among College Students in South Korea]
   └ 학회: 국제인공지능학회 (IF: 0.51)"
3552,2022,전기전자공학,251949858,Minu Thomas,1,0.0,0.0,"[Studying on the Internet under the Pandemic: A Qualitative Study of Internet-based Learning Experiences among College Students in South Korea]
   └ 학회: 국제인공지능학회 (IF: 0.51)"
3553,2022,전기전자공학,152572518,Salma Ilyas,1,0.0,0.0,"[Studying on the Internet under the Pandemic: A Qualitative Study of Internet-based Learning Experiences among College Students in South Korea]
   └ 학회: 국제인공지능학회 (IF: 0.51)"
3554,2022,전기전자공학,336477746,Supriya Jalan,1,0.0,0.0,"[Studying on the Internet under the Pandemic: A Qualitative Study of Internet-based Learning Experiences among College Students in South Korea]
   └ 학회: 국제인공지능학회 (IF: 0.51)"
3555,2022,전기전자공학,209196716,Tomás Iglesias de Dios,1,0.0,0.0,"[Studying on the Internet under the Pandemic: A Qualitative Study of Internet-based Learning Experiences among College Students in South Korea]
   └ 학회: 국제인공지능학회 (IF: 0.51)"
3556,2022,전기전자공학,142386297,홍유정,1,0.0,0.0,"[Studying on the Internet under the Pandemic: A Qualitative Study of Internet-based Learning Experiences among College Students in South Korea]
   └ 학회: 국제인공지능학회 (IF: 0.51)"
3557,2022,전기전자공학,677613258,이한근,1,0.0,0.0,"[A study on the relationship between proprietary information cost and the quality of disclosure]
   └ 학회: 국제인공지능학회 (IF: 0.51)"
3558,2022,전기전자공학,606385064,채수경,1,0.0,0.0,"[Verification of Effectiveness and Satisfaction Survey for the Korean Computer-based Cognitive Rehabilitation Programs(CoTras)]
   └ 학회: 국제인공지능학회 (IF: 0.51)"
3559,2022,전기전자공학,434779240,호준원,1,0.0,0.0,"[Discernment of Android User Interaction Data Distribution Using Deep Learning]
   └ 학회: 국제인공지능학회 (IF: 0.51)"
3560,2022,전기전자공학,479809607,김소영,1,0.0,0.0,"[Development of AR Content for Algorithm Learning]
   └ 학회: 국제인공지능학회 (IF: 0.51)"
3561,2022,전기전자공학,233964045,김희선,1,0.0,0.0,"[Development of AR Content for Algorithm Learning]
   └ 학회: 국제인공지능학회 (IF: 0.51)"
3562,2022,전기전자공학,343188716,"Won, Jong Un",1,0.0,0.0,"[On the Analysis of Natural Language Processing Morphology for the Specialized Corpus in the Railway Domain]
   └ 학회: 국제인공지능학회 (IF: 0.51)"
3563,2022,전기전자공학,623520480,"Jeon, Hong Kyu",1,0.0,0.0,"[On the Analysis of Natural Language Processing Morphology for the Specialized Corpus in the Railway Domain]
   └ 학회: 국제인공지능학회 (IF: 0.51)"
3564,2022,전기전자공학,746224347,"Kim, Min Joong",1,0.0,0.0,"[On the Analysis of Natural Language Processing Morphology for the Specialized Corpus in the Railway Domain]
   └ 학회: 국제인공지능학회 (IF: 0.51)"
3565,2022,전기전자공학,241544585,"Kim, Beak Hyun",1,0.0,0.0,"[On the Analysis of Natural Language Processing Morphology for the Specialized Corpus in the Railway Domain]
   └ 학회: 국제인공지능학회 (IF: 0.51)"
3566,2022,전기전자공학,126327096,"Kim, Young Min",1,0.0,0.0,"[On the Analysis of Natural Language Processing Morphology for the Specialized Corpus in the Railway Domain]
   └ 학회: 국제인공지능학회 (IF: 0.51)"
3567,2022,전기전자공학,770020339,"Cao, Ngoc-Anh",1,0.0,0.0,"[Optimizing delivery routing problem for logistics companies based on Integer Linear Programming method]
   └ 학회: 국제인공지능학회 (IF: 0.51)"
3568,2022,전기전자공학,529261799,"Phan, Thanh-Hang",1,0.0,0.0,"[Optimizing delivery routing problem for logistics companies based on Integer Linear Programming method]
   └ 학회: 국제인공지능학회 (IF: 0.51)"
3569,2022,전기전자공학,395044810,"Chinh, Nguyen Thi",1,0.0,0.0,"[Optimizing delivery routing problem for logistics companies based on Integer Linear Programming method]
   └ 학회: 국제인공지능학회 (IF: 0.51)"
3570,2022,전기전자공학,862296296,"Tran, Duc-Quynh",1,0.0,0.0,"[Optimizing delivery routing problem for logistics companies based on Integer Linear Programming method]
   └ 학회: 국제인공지능학회 (IF: 0.51)"
3571,2022,전기전자공학,670557660,"Nguyen, Ha-Nam",1,0.0,0.0,"[Optimizing delivery routing problem for logistics companies based on Integer Linear Programming method]
   └ 학회: 국제인공지능학회 (IF: 0.51)"
3572,2022,전기전자공학,562636303,"Trang, Ngo-Thi-Thu",1,0.0,0.0,"[Optimizing delivery routing problem for logistics companies based on Integer Linear Programming method]
   └ 학회: 국제인공지능학회 (IF: 0.51)"
3573,2022,전기전자공학,193219404,"Choi, Gyoo-Seok",1,0.0,0.0,"[Optimizing delivery routing problem for logistics companies based on Integer Linear Programming method]
   └ 학회: 국제인공지능학회 (IF: 0.51)"
3574,2022,전기전자공학,470174468,"Choi, Seung-Hwan",1,0.0,0.0,"[How to utilize various Bluetooth devices when receiving Korean Public Alert System]
   └ 학회: 국제인공지능학회 (IF: 0.51)"
3575,2022,전기전자공학,529782554,"Kim, kyung-Seok",1,0.0,0.0,"[How to utilize various Bluetooth devices when receiving Korean Public Alert System]
   └ 학회: 국제인공지능학회 (IF: 0.51)"
3576,2022,전기전자공학,976227646,"Kim, So-Young",1,0.0,0.0,"[Design and Implementation of Physical Computing Education Content based on Augmented Reality]
   └ 학회: 국제인공지능학회 (IF: 0.51)"
3577,2022,전기전자공학,262305275,"Jung, Eunmi",1,0.0,0.0,"[Design and Implementation of Physical Computing Education Content based on Augmented Reality]
   └ 학회: 국제인공지능학회 (IF: 0.51)"
3578,2022,전기전자공학,617430513,"Kim, Heesun",1,0.0,0.0,"[Design and Implementation of Physical Computing Education Content based on Augmented Reality]
   └ 학회: 국제인공지능학회 (IF: 0.51)"
3579,2022,전기전자공학,715702466,"Lee, Sin-Bok",1,0.0,0.0,"[Effect of Information Characteristics of COVID-19 Vaccine on Acceptance Attitude Through Health Belief Theory]
   └ 학회: 국제인공지능학회 (IF: 0.51)"
3580,2022,전기전자공학,666514242,"Kim, Ki Hong",1,0.0,0.0,"[Comparison of Number of Repetitions and Repetition Rate in 5 Sets of 65%1RM Bench Press and Biceps Curl Exercise]
   └ 학회: 국제인공지능학회 (IF: 0.51)"
3581,2022,전기전자공학,676620082,"Heo, Shin-hye",1,0.0,0.0,"[Why Did They Choose ICT Materials?]
   └ 학회: 국제인공지능학회 (IF: 0.51)"
3582,2022,전기전자공학,265145461,"Ahn, Si-Nae",1,0.0,0.0,"[A Systemic Review of Body Awareness Therapy in Patients with Musculoskeletal Disorders]
   └ 학회: 국제인공지능학회 (IF: 0.51)"
3583,2022,전기전자공학,816580670,"Min, Youn-A",1,0.0,0.0,"[A Study on Metadata Management Based Modified Htree for Smart Device File Management]
   └ 학회: 국제인공지능학회 (IF: 0.51)"
3584,2022,전기전자공학,896331417,"Rahman, Shakila",1,0.0,0.0,"[Energy-efficient charging of sensors for UAV-aided wireless sensor network]
   └ 학회: 국제인공지능학회 (IF: 0.51)"
3585,2022,전기전자공학,159124581,"Akter, Shathee",1,0.0,0.0,"[Energy-efficient charging of sensors for UAV-aided wireless sensor network]
   └ 학회: 국제인공지능학회 (IF: 0.51)"
3586,2022,전기전자공학,162399182,"Park, Jae Min",1,0.0,0.0,"[Identification of Hazard for Securing the Safety of Unmanned Parcel Storage Device System Using Robot Technology]
   └ 학회: 국제인공지능학회 (IF: 0.51)"
3587,2022,전기전자공학,307550809,"Kim, Young Min",1,0.0,0.0,"[Identification of Hazard for Securing the Safety of Unmanned Parcel Storage Device System Using Robot Technology]
   └ 학회: 국제인공지능학회 (IF: 0.51)"
3588,2022,전기전자공학,381003272,"Kim, Young-Man",1,0.0,0.0,"[Analysis of Value System of Sportswear Brand Shopper according to Crossover Shopping Pattern: Webrooming and Showrooming]
   └ 학회: 국제인공지능학회 (IF: 0.51)"
3589,2022,전기전자공학,495146460,"Byun, Kyung-Won",1,0.0,0.0,"[Analysis of Value System of Sportswear Brand Shopper according to Crossover Shopping Pattern: Webrooming and Showrooming]
   └ 학회: 국제인공지능학회 (IF: 0.51)"
3590,2022,전기전자공학,386025240,"Kim, Kapsu",1,0.0,0.0,"[Analysis on the Effectiveness of Online Software Education for Preservice Teachers]
   └ 학회: 국제인공지능학회 (IF: 0.51)"
3591,2022,전기전자공학,422044744,"Min, Meekyung",1,0.0,0.0,"[Analysis on the Effectiveness of Online Software Education for Preservice Teachers]
   └ 학회: 국제인공지능학회 (IF: 0.51)"
3592,2022,전기전자공학,755744317,"Park, Jun Sik",1,0.0,0.0,"[Effect of different underwater recovery methods on heart rate after circuit weight training]
   └ 학회: 국제인공지능학회 (IF: 0.51)"
3593,2022,전기전자공학,791785267,"Kim, Ki Hong",1,0.0,0.0,"[Effect of different underwater recovery methods on heart rate after circuit weight training]
   └ 학회: 국제인공지능학회 (IF: 0.51)"
3594,2022,전기전자공학,789684741,윤의중,1,0.0,0.0,"[접지된 2중 유전체층 사이의 저항띠 격자구조에 의한 H-polarized 전자파 산란에 관한 연구]
   └ 학회: 국제인공지능학회 (IF: 0.51)"
3595,2022,전기전자공학,864340970,류태하,1,0.0,0.0,"[공공데이터와 IoT 센싱 데이터를 활용한 경보방송 방법에 관한 연구]
   └ 학회: 국제인공지능학회 (IF: 0.51)"
3596,2022,전기전자공학,706953055,임승각,1,0.0,0.0,"[Dither 신호를 이용한 DSE-MMA와 DQE-MMA 적응 등화 알고리즘의 성능 비교]
   └ 학회: 국제인공지능학회 (IF: 0.51)"
3597,2022,전기전자공학,513774324,유정봉,1,0.0,0.0,"[Dither 신호를 이용한 DSE-MMA와 DQE-MMA 적응 등화 알고리즘의 성능 비교]
   └ 학회: 국제인공지능학회 (IF: 0.51)"
3598,2022,전기전자공학,537701117,강대수,1,0.0,0.0,"[Dither 신호를 이용한 DSE-MMA와 DQE-MMA 적응 등화 알고리즘의 성능 비교]
   └ 학회: 국제인공지능학회 (IF: 0.51)"
3599,2022,전기전자공학,805475924,이상홍,1,0.0,0.0,"[저전력 AES 암호시스템을 위한 경량의 S-Box 설계]
   └ 학회: 국제인공지능학회 (IF: 0.51)"
3600,2022,전기전자공학,539354771,한문환,1,0.0,0.0,"[무선이어폰 품질 표준화를 위한 오디오 재생 시간 측정법에 관한 연구]
   └ 학회: 국제인공지능학회 (IF: 0.51)"
3601,2022,전기전자공학,825696461,정인호,1,0.0,0.0,"[무선이어폰 품질 표준화를 위한 오디오 재생 시간 측정법에 관한 연구]
   └ 학회: 국제인공지능학회 (IF: 0.51)"
3602,2022,전기전자공학,756302292,허신혜,1,0.0,0.0,"[국가교육과정에 나타난 ICT 활용 학습의 유형과 특징: 초등사회과를 중심으로]
   └ 학회: 국제인공지능학회 (IF: 0.51)"
3603,2022,전기전자공학,600777596,정영규,1,0.0,0.0,"[무선 단말기 Fingerprint 식별을 위한 딥러닝 구조 개발]
   └ 학회: 국제인공지능학회 (IF: 0.51)"
3604,2022,전기전자공학,478629989,신학철,1,0.0,0.0,"[무선 단말기 Fingerprint 식별을 위한 딥러닝 구조 개발]
   └ 학회: 국제인공지능학회 (IF: 0.51)"
3605,2022,전기전자공학,187111297,나선필,1,0.0,0.0,"[무선 단말기 Fingerprint 식별을 위한 딥러닝 구조 개발]
   └ 학회: 국제인공지능학회 (IF: 0.51)"
3606,2022,전기전자공학,703743,신동기,1,0.0,0.0,"[3G/4G/5G/Wi-Fi(이중대역)용 광대역 모노폴 슬롯 안테나 설계]
   └ 학회: 국제인공지능학회 (IF: 0.51)"
3607,2022,전기전자공학,209419108,이영민,1,0.0,0.0,"[3G/4G/5G/Wi-Fi(이중대역)용 광대역 모노폴 슬롯 안테나 설계]
   └ 학회: 국제인공지능학회 (IF: 0.51)"
3608,2022,전기전자공학,865691846,이영순,1,0.0,0.0,"[3G/4G/5G/Wi-Fi(이중대역)용 광대역 모노폴 슬롯 안테나 설계]
   └ 학회: 국제인공지능학회 (IF: 0.51)"
3609,2022,전기전자공학,688729060,오석주,1,0.0,0.0,"[그린 스마트 스쿨을 위한 공간 적응형 자율주행 공기청정 로봇 설계 및 구현]
   └ 학회: 국제인공지능학회 (IF: 0.51)"
3610,2022,전기전자공학,272180080,이채형,1,0.0,0.0,"[그린 스마트 스쿨을 위한 공간 적응형 자율주행 공기청정 로봇 설계 및 구현]
   └ 학회: 국제인공지능학회 (IF: 0.51)"
3611,2022,전기전자공학,830868798,이채규,1,0.0,0.0,"[그린 스마트 스쿨을 위한 공간 적응형 자율주행 공기청정 로봇 설계 및 구현]
   └ 학회: 국제인공지능학회 (IF: 0.51)"
3612,2022,전기전자공학,215135388,강석원,1,0.0,0.0,"[시각장애인을 위한 버스 승·하차 시스템]
   └ 학회: 국제인공지능학회 (IF: 0.51)"
3613,2022,전기전자공학,796469144,박형근,1,0.0,0.0,"[시각장애인을 위한 버스 승·하차 시스템]
   └ 학회: 국제인공지능학회 (IF: 0.51)"
3614,2022,전기전자공학,570274344,이지수,1,0.0,0.0,"[시각장애인을 위한 버스 승·하차 시스템]
   └ 학회: 국제인공지능학회 (IF: 0.51)"
3615,2022,전기전자공학,862012338,홍의성,1,0.0,0.0,"[시각장애인을 위한 버스 승·하차 시스템]
   └ 학회: 국제인공지능학회 (IF: 0.51)"
3616,2022,전기전자공학,625229089,공기석,1,0.0,0.0,"[시각장애인을 위한 버스 승·하차 시스템]
   └ 학회: 국제인공지능학회 (IF: 0.51)"
3617,2022,전기전자공학,639165317,윤미희,1,0.0,0.0,"[Wi-SUN에서 비동기 CSL 모드 MAC의 전력소모 분석]
   └ 학회: 국제인공지능학회 (IF: 0.51)"
3618,2022,전기전자공학,722317495,김동원,1,0.0,0.0,"[Wi-SUN에서 비동기 CSL 모드 MAC의 전력소모 분석]
   └ 학회: 국제인공지능학회 (IF: 0.51)"
3619,2022,전기전자공학,970292271,장대순,1,0.0,0.0,"[육각형 대칭 패턴 프랙탈 모노폴 안테나에 대한 연구]
   └ 학회: 국제인공지능학회 (IF: 0.51)"
3620,2022,전기전자공학,807594662,강상원,1,0.0,0.0,"[육각형 대칭 패턴 프랙탈 모노폴 안테나에 대한 연구]
   └ 학회: 국제인공지능학회 (IF: 0.51)"
3621,2022,전기전자공학,941335661,이건우,1,0.0,0.0,"[엣지컴퓨팅을 활용한 분산처리 시스템의 가용성 향상에 관한 연구]
   └ 학회: 국제인공지능학회 (IF: 0.51)"
3622,2022,전기전자공학,285696034,유순덕,1,0.0,0.0,"[무인항공기 서비스 영향성과 활성화 방안 연구]
   └ 학회: 국제인공지능학회 (IF: 0.51)"
3623,2022,전기전자공학,594998597,홍지영,1,0.0,0.0,"[간결함과 명료함을 위한 디스플레이 채도에 따른 밝기의 시각적 특성 연구]
   └ 학회: 국제인공지능학회 (IF: 0.51)"
3624,2022,전기전자공학,358991768,김영인,1,0.0,0.0,"[폐쇄망에서의 전자연구노트 시스템 구축 및 운영 방안에 관한 연구]
   └ 학회: 국제인공지능학회 (IF: 0.51)"
3625,2022,전기전자공학,966384309,임아연,1,0.0,0.0,"[스마트 자율주행 공기청정기 시스템 개발]
   └ 학회: 국제인공지능학회 (IF: 0.51)"
3626,2022,전기전자공학,665395701,신효진,1,0.0,0.0,"[스마트 자율주행 공기청정기 시스템 개발]
   └ 학회: 국제인공지능학회 (IF: 0.51)"
3627,2022,전기전자공학,446724639,임동균,1,0.0,0.0,"[NFT 거래 안정성을 고려한 합의알고리즘 성능분석]
   └ 학회: 국제인공지능학회 (IF: 0.51)"
3628,2022,전기전자공학,999671268,백종균,1,0.0,0.0,"[밀리미터파(W대역) 안테나 측정을 위한 원-전계 측정 시스템 설계 및 검증]
   └ 학회: 국제인공지능학회 (IF: 0.51)"
3629,2022,전기전자공학,558779970,황인준,1,0.0,0.0,"[밀리미터파(W대역) 안테나 측정을 위한 원-전계 측정 시스템 설계 및 검증]
   └ 학회: 국제인공지능학회 (IF: 0.51)"
3630,2022,전기전자공학,128856293,조치현,1,0.0,0.0,"[밀리미터파(W대역) 안테나 측정을 위한 원-전계 측정 시스템 설계 및 검증]
   └ 학회: 국제인공지능학회 (IF: 0.51)"
3631,2022,전기전자공학,579461523,주정명,1,0.0,0.0,"[밀리미터파(W대역) 안테나 측정을 위한 원-전계 측정 시스템 설계 및 검증]
   └ 학회: 국제인공지능학회 (IF: 0.51)"
3632,2022,전기전자공학,489484536,박종국,1,0.0,0.0,"[밀리미터파(W대역) 안테나 측정을 위한 원-전계 측정 시스템 설계 및 검증]
   └ 학회: 국제인공지능학회 (IF: 0.51)"
3633,2022,전기전자공학,438956404,김재식,1,0.0,0.0,"[밀리미터파(W대역) 안테나 측정을 위한 원-전계 측정 시스템 설계 및 검증]
   └ 학회: 국제인공지능학회 (IF: 0.51)"
3634,2022,전기전자공학,924916725,이경민,1,0.0,0.0,"[회귀 매니폴드 3-D PCA 기반 새로운 이미지 분석 방법]
   └ 학회: 국제인공지능학회 (IF: 0.51)"
3635,2022,전기전자공학,409384024,이원형,1,0.0,0.0,"[K-means와 Sobel-mask 윤곽선 검출 기법을 이용한 미세먼지 측정 방법]
   └ 학회: 국제인공지능학회 (IF: 0.51)"
3636,2022,전기전자공학,417561804,서주완,1,0.0,0.0,"[K-means와 Sobel-mask 윤곽선 검출 기법을 이용한 미세먼지 측정 방법]
   └ 학회: 국제인공지능학회 (IF: 0.51)"
3637,2022,전기전자공학,664406171,김기연,1,0.0,0.0,"[K-means와 Sobel-mask 윤곽선 검출 기법을 이용한 미세먼지 측정 방법]
   └ 학회: 국제인공지능학회 (IF: 0.51)"
3638,2022,전기전자공학,73464,김승희,1,0.0,0.0,"[침대 자세 기반 입원 환자의 낙상 위험 예측 모델 설계]
   └ 학회: 국제인공지능학회 (IF: 0.51)"
3639,2022,전기전자공학,761060976,이승호,1,0.0,0.0,"[침대 자세 기반 입원 환자의 낙상 위험 예측 모델 설계]
   └ 학회: 국제인공지능학회 (IF: 0.51)"
3640,2022,전기전자공학,183134494,기현철,1,0.0,0.0,"[자수된 다이폴 어레이 안테나에 미치는 기울임과 굽힘의 영향]
   └ 학회: 국제인공지능학회 (IF: 0.51)"
3641,2022,전기전자공학,920188435,김근모,1,0.0,0.0,"[다시점 수어 데이터 획득 및 저장 시스템 설계 및 구현]
   └ 학회: 국제인공지능학회 (IF: 0.51)"
3642,2022,전기전자공학,356471844,김진환,1,0.0,0.0,"[영역내 부하 관리를 위한 확장적 하이브리드 P2P MMOG 클라우드 구조]
   └ 학회: 국제인공지능학회 (IF: 0.51)"
3643,2022,전기전자공학,953573937,선심이,1,0.0,0.0,"[융합미디어 시대에서 전통문화 콘텐츠의 발전방향 연구]
   └ 학회: 국제인공지능학회 (IF: 0.51)"
3644,2022,전기전자공학,418708448,장지수,1,0.0,0.0,"[3D Printing 기술을 활용한 Digital Craft 융합적 사례 연구]
   └ 학회: 국제인공지능학회 (IF: 0.51)"
3645,2022,전기전자공학,206465354,피경준,1,0.0,0.0,"[BLE 기반 실내 측위 시스템에서 엔트로피 분석을 통한 정확도 평가 기법]
   └ 학회: 국제인공지능학회 (IF: 0.51)"
3646,2022,전기전자공학,651831813,민홍,1,0.0,0.0,"[BLE 기반 실내 측위 시스템에서 엔트로피 분석을 통한 정확도 평가 기법]
   └ 학회: 국제인공지능학회 (IF: 0.51)"
3647,2022,전기전자공학,438842784,한경호,1,0.0,0.0,"[BLE 기반 실내 측위 시스템에서 엔트로피 분석을 통한 정확도 평가 기법]
   └ 학회: 국제인공지능학회 (IF: 0.51)"
3648,2022,전기전자공학,135272575,한영환,1,0.0,0.0,"[WEB 기반 질병 예측 시스템]
   └ 학회: 국제인공지능학회 (IF: 0.51)"
3649,2022,전기전자공학,484934551,이우범,1,0.0,0.0,"[WEB 기반 질병 예측 시스템]
   └ 학회: 국제인공지능학회 (IF: 0.51)"
3650,2022,전기전자공학,460436989,지인호,1,0.0,0.0,"[웨어러블 IT 기기에 적용 가능한 초소형 진자 발전기에 관한 연구]
   └ 학회: 국제인공지능학회 (IF: 0.51)"
3651,2022,전기전자공학,134861592,변상규,1,0.0,0.0,"[망 중립성 하에서 망 이용대가 개선에 대한 연구]
   └ 학회: 국제인공지능학회 (IF: 0.51)"
3652,2022,전기전자공학,719216642,백송이,1,0.0,0.0,"[금융거래 효과가 종료된 고객의 개인신용정보 파기 대상 범위 선정에 관한 연구]
   └ 학회: 국제인공지능학회 (IF: 0.51)"
3653,2022,전기전자공학,135262203,임영빈,1,0.0,0.0,"[금융거래 효과가 종료된 고객의 개인신용정보 파기 대상 범위 선정에 관한 연구]
   └ 학회: 국제인공지능학회 (IF: 0.51)"
3654,2022,전기전자공학,864057286,이창길,1,0.0,0.0,"[금융거래 효과가 종료된 고객의 개인신용정보 파기 대상 범위 선정에 관한 연구]
   └ 학회: 국제인공지능학회 (IF: 0.51)"
3655,2022,전기전자공학,939111319,전삼현,1,0.0,0.0,"[금융거래 효과가 종료된 고객의 개인신용정보 파기 대상 범위 선정에 관한 연구]
   └ 학회: 국제인공지능학회 (IF: 0.51)"
3656,2022,전기전자공학,697125467,배효정,1,0.0,0.0,"[와이블 수명분포에 근거한 소프트웨어 개발모형의 비용 분석에 관한 비교 평가]
   └ 학회: 국제인공지능학회 (IF: 0.51)"
3657,2022,전기전자공학,819914747,이추담,1,0.0,0.0,"[교차로 교통 흐름 제어 최적화에 관한 연구]
   └ 학회: 국제인공지능학회 (IF: 0.51)"
3658,2022,전기전자공학,528199485,송정영,1,0.0,0.0,"[교차로 교통 흐름 제어 최적화에 관한 연구]
   └ 학회: 국제인공지능학회 (IF: 0.51)"
3659,2022,전기전자공학,441569640,용명훈,1,0.0,0.0,"[Fin-line taper를 이용한 W-대역 마이크로스트립-도파관 전이구조 설계]
   └ 학회: 국제인공지능학회 (IF: 0.51)"
3660,2022,전기전자공학,398723565,이현건,1,0.0,0.0,"[Fin-line taper를 이용한 W-대역 마이크로스트립-도파관 전이구조 설계]
   └ 학회: 국제인공지능학회 (IF: 0.51)"
3661,2022,전기전자공학,377150691,서방원,1,0.0,0.0,"[대용량 MIMO 시스템을 위한 하이브리드 송신기 설계]
   └ 학회: 국제인공지능학회 (IF: 0.51)"
3662,2022,전기전자공학,638525331,남성규,1,0.0,0.0,"[재난상황시 활용할 수 있는 스마트 방재의 중요요인에 관한 연구: 전문가와 수요자 간 인식차이를 중심으로]
   └ 학회: 국제인공지능학회 (IF: 0.51)"
3663,2022,전기전자공학,280819733,김윤진,1,0.0,0.0,"[소형 대공 추적레이다용 전원공급기 개발]
   └ 학회: 국제인공지능학회 (IF: 0.51)"
3664,2022,전기전자공학,820326510,이원영,1,0.0,0.0,"[소형 대공 추적레이다용 전원공급기 개발]
   └ 학회: 국제인공지능학회 (IF: 0.51)"
3665,2022,전기전자공학,368021616,우선걸,1,0.0,0.0,"[소형 대공 추적레이다용 전원공급기 개발]
   └ 학회: 국제인공지능학회 (IF: 0.51)"
3666,2022,전기전자공학,569403406,김광희,1,0.0,0.0,"[소형 대공 추적레이다용 전원공급기 개발]
   └ 학회: 국제인공지능학회 (IF: 0.51)"
3667,2022,전기전자공학,164099761,유명선,1,0.0,0.0,"[색채활용인식을 통한 게임디자이너의 직무능력향상에 관한 연구]
   └ 학회: 국제인공지능학회 (IF: 0.51)"
3668,2022,전기전자공학,744842268,이윤진,1,0.0,0.0,"[색채활용인식을 통한 게임디자이너의 직무능력향상에 관한 연구]
   └ 학회: 국제인공지능학회 (IF: 0.51)"
3669,2022,전기전자공학,111274917,김희경,1,0.0,0.0,"[OTT 도입의 규제 기준과 근거에 대한 연구]
   └ 학회: 국제인공지능학회 (IF: 0.51)"
3670,2022,전기전자공학,135871054,김연우,1,0.0,0.0,"[비대면에 최적화된 QR 코드기반 무인 결제 시스템 개발]
   └ 학회: 국제인공지능학회 (IF: 0.51)"
3671,2022,전기전자공학,881697751,이윤민,1,0.0,0.0,"[T자형 급전선과 스파이럴구조를 이용한 이중대역 소형패치 안테나 설계에 관한 연구]
   └ 학회: 국제인공지능학회 (IF: 0.51)"
3672,2022,전기전자공학,737922295,신진섭,1,0.0,0.0,"[T자형 급전선과 스파이럴구조를 이용한 이중대역 소형패치 안테나 설계에 관한 연구]
   └ 학회: 국제인공지능학회 (IF: 0.51)"
3673,2022,전기전자공학,531078982,이은지,1,0.0,0.0,"[키밸류 저장소 성능 제어를 위한 삭제 키 분리 LSM-Tree]
   └ 학회: 국제인공지능학회 (IF: 0.51)"
3674,2022,전기전자공학,838694102,강민구,1,0.0,0.0,"[Python 기반 AI 프로젝트에서 예외 제안을 위한 자동화 접근 방식]
   └ 학회: 국제인공지능학회 (IF: 0.51)"
3675,2022,전기전자공학,371800590,김순태,1,0.0,0.0,"[Python 기반 AI 프로젝트에서 예외 제안을 위한 자동화 접근 방식]
   └ 학회: 국제인공지능학회 (IF: 0.51)"
3676,2022,전기전자공학,365282840,류덕산,1,0.0,0.0,"[Python 기반 AI 프로젝트에서 예외 제안을 위한 자동화 접근 방식]
   └ 학회: 국제인공지능학회 (IF: 0.51)"
3677,2022,전기전자공학,573857740,문준환,1,0.0,0.0,"[한국과 미국 소프트웨어 산업의 경제적 파급효과 분석 연구]
   └ 학회: 국제인공지능학회 (IF: 0.51)"
3678,2022,전기전자공학,785155302,김종현,1,0.0,0.0,"[한국과 미국 소프트웨어 산업의 경제적 파급효과 분석 연구]
   └ 학회: 국제인공지능학회 (IF: 0.51)"
3679,2022,전기전자공학,202783028,주정명,1,0.0,0.0,"[완전 디지털 능동위상배열 안테나의 효과적인 부엽 차단 빔 형성 방법]
   └ 학회: 국제인공지능학회 (IF: 0.51)"
3680,2022,전기전자공학,551163873,박종국,1,0.0,0.0,"[완전 디지털 능동위상배열 안테나의 효과적인 부엽 차단 빔 형성 방법]
   └ 학회: 국제인공지능학회 (IF: 0.51)"
3681,2022,전기전자공학,193836669,임재환,1,0.0,0.0,"[완전 디지털 능동위상배열 안테나의 효과적인 부엽 차단 빔 형성 방법]
   └ 학회: 국제인공지능학회 (IF: 0.51)"
3682,2022,전기전자공학,276100685,이재민,1,0.0,0.0,"[완전 디지털 능동위상배열 안테나의 효과적인 부엽 차단 빔 형성 방법]
   └ 학회: 국제인공지능학회 (IF: 0.51)"
3683,2022,전기전자공학,1886486,김예솔란,1,0.0,0.0,"[인터넷 노출과 플라스틱 소비 행동 : 사회적 규범의 매개효과]
   └ 학회: 국제인공지능학회 (IF: 0.51)"
3684,2022,전기전자공학,4587990,이미나,1,0.0,0.0,"[인터넷 노출과 플라스틱 소비 행동 : 사회적 규범의 매개효과]
   └ 학회: 국제인공지능학회 (IF: 0.51)"
3685,2022,전기전자공학,771235890,박기조,1,0.0,0.0,"[신장 질환 맞춤형 AI 운동요법 제공 시스템 구현]
   └ 학회: 국제인공지능학회 (IF: 0.51)"
3686,2022,전기전자공학,883447529,이병훈,1,0.0,0.0,"[신장 질환 맞춤형 AI 운동요법 제공 시스템 구현]
   └ 학회: 국제인공지능학회 (IF: 0.51)"
3687,2022,전기전자공학,221616372,김경석,1,0.0,0.0,"[신장 질환 맞춤형 AI 운동요법 제공 시스템 구현]
   └ 학회: 국제인공지능학회 (IF: 0.51)"
3688,2022,전기전자공학,118254386,호광춘,1,0.0,0.0,"[원추형 입사에서 다층 유전체 격자구조의 공진 산란특성]
   └ 학회: 국제인공지능학회 (IF: 0.51)"
3689,2022,전기전자공학,627849921,정성인,1,0.0,0.0,"[펄스 신호 및 절연저항 측정 알고리즘을 이용한 전동기 열화 추정]
   └ 학회: 국제인공지능학회 (IF: 0.51)"
3690,2022,전기전자공학,250956250,이병진,1,0.0,0.0,"[지하 공동구 화재재난 감지를 위한 음향수집 프로토타입 장치 및 시스템 모듈 개발]
   └ 학회: 국제인공지능학회 (IF: 0.51)"
3691,2022,전기전자공학,396962317,박철우,1,0.0,0.0,"[지하 공동구 화재재난 감지를 위한 음향수집 프로토타입 장치 및 시스템 모듈 개발]
   └ 학회: 국제인공지능학회 (IF: 0.51)"
3692,2022,전기전자공학,311592694,이미숙,1,0.0,0.0,"[지하 공동구 화재재난 감지를 위한 음향수집 프로토타입 장치 및 시스템 모듈 개발]
   └ 학회: 국제인공지능학회 (IF: 0.51)"
3693,2022,전기전자공학,657104049,정우석,1,0.0,0.0,"[지하 공동구 화재재난 감지를 위한 음향수집 프로토타입 장치 및 시스템 모듈 개발]
   └ 학회: 국제인공지능학회 (IF: 0.51)"
3694,2022,전기전자공학,950222097,지인호,1,0.0,0.0,"[인체 운동 에너지를 이용한 진자 발전기에 관한 연구]
   └ 학회: 국제인공지능학회 (IF: 0.51)"
3695,2022,전기전자공학,729275671,신승중,1,0.0,0.0,"[인체 운동 에너지를 이용한 진자 발전기에 관한 연구]
   └ 학회: 국제인공지능학회 (IF: 0.51)"
3696,2022,전기전자공학,381488183,반효경,1,0.0,0.0,"[상세 자원 이용률에 기반한 병렬 가속기용 스레드 블록 스케줄링]
   └ 학회: 국제인공지능학회 (IF: 0.51)"
3697,2022,전기전자공학,696756028,조경운,1,0.0,0.0,"[상세 자원 이용률에 기반한 병렬 가속기용 스레드 블록 스케줄링]
   └ 학회: 국제인공지능학회 (IF: 0.51)"
3698,2022,전기전자공학,728553636,최원관,1,0.0,0.0,"[사용자 리뷰에서 표정 인식을 이용한 감정 표현 기법]
   └ 학회: 국제인공지능학회 (IF: 0.51)"
3699,2022,전기전자공학,663490465,김홍락,1,0.0,0.0,"[이중대역 적외선 검출기를 이용한 적외선 카메라 설계]
   └ 학회: 국제인공지능학회 (IF: 0.51)"
3700,2022,전기전자공학,479384397,김경일,1,0.0,0.0,"[이중대역 적외선 검출기를 이용한 적외선 카메라 설계]
   └ 학회: 국제인공지능학회 (IF: 0.51)"
3701,2022,전기전자공학,790537518,이다빈,1,0.0,0.0,"[이중대역 적외선 검출기를 이용한 적외선 카메라 설계]
   └ 학회: 국제인공지능학회 (IF: 0.51)"
3702,2022,전기전자공학,618422047,김예솔란,1,0.0,0.0,"[우리는 오팔(OPAL)세대의 이커머스 이용을 얼마나 이해하고 있는가? : 혁신확산이론을 중심으로]
   └ 학회: 국제인공지능학회 (IF: 0.51)"
3703,2022,전기전자공학,441825132,김태은,1,0.0,0.0,"[우리는 오팔(OPAL)세대의 이커머스 이용을 얼마나 이해하고 있는가? : 혁신확산이론을 중심으로]
   └ 학회: 국제인공지능학회 (IF: 0.51)"
3704,2022,전기전자공학,655075423,이동주,1,0.0,0.0,"[Ka-대역 추적 레이더용 전원공급기 개발]
   └ 학회: 국제인공지능학회 (IF: 0.51)"
3705,2022,전기전자공학,851511282,권준범,1,0.0,0.0,"[Ka-대역 추적 레이더용 전원공급기 개발]
   └ 학회: 국제인공지능학회 (IF: 0.51)"
3706,2022,전기전자공학,445299660,서미희,1,0.0,0.0,"[Ka-대역 추적 레이더용 전원공급기 개발]
   └ 학회: 국제인공지능학회 (IF: 0.51)"
3707,2022,전기전자공학,430110567,장택진,1,0.0,0.0,"[LoG 윤곽선 검출 기법을 적용한 새로운 미세먼지 측정 방법 설계]
   └ 학회: 국제인공지능학회 (IF: 0.51)"
3708,2022,전기전자공학,779576534,이지현,1,0.0,0.0,"[코로나19와 플라스틱 배출량과의 상관관계 분석: 업사이클]
   └ 학회: 국제인공지능학회 (IF: 0.51)"
3709,2022,전기전자공학,154535588,김정준,1,0.0,0.0,"[코로나19와 플라스틱 배출량과의 상관관계 분석: 업사이클]
   └ 학회: 국제인공지능학회 (IF: 0.51)"
3710,2022,전기전자공학,998949121,이상운,1,0.0,0.0,"[작업자 배정 문제의 다항시간 알고리즘]
   └ 학회: 국제인공지능학회 (IF: 0.51)"
3711,2022,전기전자공학,497343094,김영완,1,0.0,0.0,"[AESA 레이더 광각 빔조향 특성을 고려한 복사소자 설계 기법]
   └ 학회: 국제인공지능학회 (IF: 0.51)"
3712,2022,전기전자공학,330637047,채희덕,1,0.0,0.0,"[AESA 레이더 광각 빔조향 특성을 고려한 복사소자 설계 기법]
   └ 학회: 국제인공지능학회 (IF: 0.51)"
3713,2022,전기전자공학,450402065,안세환,1,0.0,0.0,"[AESA 레이더 광각 빔조향 특성을 고려한 복사소자 설계 기법]
   └ 학회: 국제인공지능학회 (IF: 0.51)"
3714,2022,전기전자공학,424894194,"Lee, Kyo-Seok",1,0.0,0.0,"[Sampling-based Super Resolution U-net for Pattern Expression of Local Areas]
   └ 학회: 국제인공지능학회 (IF: 0.51)"
3715,2022,전기전자공학,317550969,"Gal, Won-Mo",1,0.0,0.0,"[Sampling-based Super Resolution U-net for Pattern Expression of Local Areas]
   └ 학회: 국제인공지능학회 (IF: 0.51)"
3716,2022,전기전자공학,884990768,"Lim, Myung-Jae",1,0.0,0.0,"[Sampling-based Super Resolution U-net for Pattern Expression of Local Areas]
   └ 학회: 국제인공지능학회 (IF: 0.51)"
3717,2022,전기전자공학,559066473,강병훈,1,0.0,0.0,"[실시간 화재진압을 위한 원격조종 무인소방 시스템]
   └ 학회: 국제인공지능학회 (IF: 0.51)"
3718,2022,전기전자공학,725267139,이성철,1,0.0,0.0,"[실시간 화재진압을 위한 원격조종 무인소방 시스템]
   └ 학회: 국제인공지능학회 (IF: 0.51)"
3719,2022,전기전자공학,869305909,한창평,1,0.0,0.0,"[WEB 기반 교통사고 분석]
   └ 학회: 국제인공지능학회 (IF: 0.51)"
3720,2022,전기전자공학,351240700,김용식,1,0.0,0.0,"[파이썬기반 고주파 디지털 계측기 사용자 인터페이스 개발]
   └ 학회: 국제인공지능학회 (IF: 0.51)"
3721,2022,전기전자공학,907929888,장석우,1,0.0,0.0,"[MongoDB를 활용한 실시간 응급실 위치 정보 서비스]
   └ 학회: 국제인공지능학회 (IF: 0.51)"
3722,2022,전기전자공학,320896705,장두혁,1,0.0,0.0,"[픽셀 분류를 위한 기댓값 기반 밴드 선택 알고리즘]
   └ 학회: 국제인공지능학회 (IF: 0.51)"
3723,2022,전기전자공학,984614997,정병현,1,0.0,0.0,"[픽셀 분류를 위한 기댓값 기반 밴드 선택 알고리즘]
   └ 학회: 국제인공지능학회 (IF: 0.51)"
3724,2022,전기전자공학,953898553,허준영,1,0.0,0.0,"[픽셀 분류를 위한 기댓값 기반 밴드 선택 알고리즘]
   └ 학회: 국제인공지능학회 (IF: 0.51)"
3725,2022,전기전자공학,646942075,정해창,1,0.0,0.0,"[Ka대역 100 W급 SSPA 개발]
   └ 학회: 국제인공지능학회 (IF: 0.51)"
3726,2022,전기전자공학,902350942,김호겸,1,0.0,0.0,"[필수 행렬을 이용한 카메라 이동 위치 추정 기술 연구]
   └ 학회: 국제인공지능학회 (IF: 0.51)"
3727,2022,전기전자공학,763957547,진추영,1,0.0,0.0,"[홈 트레이닝 앱 사용이 언택트 시대의 삶의 질에 미치는 영향]
   └ 학회: 국제인공지능학회 (IF: 0.51)"
3728,2022,전기전자공학,808528652,이상준,1,0.0,0.0,"[홈 트레이닝 앱 사용이 언택트 시대의 삶의 질에 미치는 영향]
   └ 학회: 국제인공지능학회 (IF: 0.51)"
3729,2022,전기전자공학,830886536,권대철,1,0.0,0.0,"[공공데이터를 활용한 영농일지 작성 시스템]
   └ 학회: 국제인공지능학회 (IF: 0.51)"
3730,2022,전기전자공학,146848784,김상근,1,0.0,0.0,"[공공데이터를 활용한 영농일지 작성 시스템]
   └ 학회: 국제인공지능학회 (IF: 0.51)"
3731,2022,전기전자공학,175420892,장호덕,1,0.0,0.0,"[WPTS BLE 비콘 기반 센서 네트워크 구축 방안 연구]
   └ 학회: 한국정보전자통신기술학회 (IF: 0.46)"
3732,2022,전기전자공학,920748693,김태연,1,0.0,0.0,"[사물인터넷 기반 미세먼지 모니터링 시스템 설계 및 구현]
   └ 학회: 한국정보전자통신기술학회 (IF: 0.46)"
3733,2022,전기전자공학,393052162,백진우,1,0.0,0.0,"[사용자의 효율적인 엘리베이터 탑승 대기시간을 위한 Hybrid HRN Algorithm 연구]
   └ 학회: 한국정보전자통신기술학회 (IF: 0.46)"
3734,2022,전기전자공학,679095174,최영식,1,0.0,0.0,"[주파수변동전환회로를 가진 이산시간 루프 필터 위상고정루프]
   └ 학회: 한국정보전자통신기술학회 (IF: 0.46)"
3735,2022,전기전자공학,251176753,박경석,1,0.0,0.0,"[주파수변동전환회로를 가진 이산시간 루프 필터 위상고정루프]
   └ 학회: 한국정보전자통신기술학회 (IF: 0.46)"
3736,2022,전기전자공학,426146080,김재동,1,0.0,0.0,"[IEC 61850 프로토콜의 배전자동화시스템에 사용을 위한 배전시뮬레이터 개발과 시뮬레이션 결과에 관한 연구]
   └ 학회: 한국정보전자통신기술학회 (IF: 0.46)"
3737,2022,전기전자공학,210804695,오재곤,1,0.0,0.0,"[IEC 61850 프로토콜의 배전자동화시스템에 사용을 위한 배전시뮬레이터 개발과 시뮬레이션 결과에 관한 연구]
   └ 학회: 한국정보전자통신기술학회 (IF: 0.46)"
3738,2022,전기전자공학,835189836,윤한경,1,0.0,0.0,"[자동 운량 관측에서 전천 영상 보정이 관측치에 미치는 효과]
   └ 학회: 한국정보전자통신기술학회 (IF: 0.46)"
3739,2022,전기전자공학,821372887,성진택,1,0.0,0.0,"[코로나19 진단을 위한 잡음 그룹검사의 성능분석]
   └ 학회: 한국정보전자통신기술학회 (IF: 0.46)"
3740,2022,전기전자공학,502078273,김민규,1,0.0,0.0,"[Unicon Optimization 기법을 이용한 적운모수화 코드 성능 향상]
   └ 학회: 한국정보전자통신기술학회 (IF: 0.46)"
3741,2022,전기전자공학,144027878,신대영,1,0.0,0.0,"[Unicon Optimization 기법을 이용한 적운모수화 코드 성능 향상]
   └ 학회: 한국정보전자통신기술학회 (IF: 0.46)"
3742,2022,전기전자공학,182832747,조예린,1,0.0,0.0,"[Unicon Optimization 기법을 이용한 적운모수화 코드 성능 향상]
   └ 학회: 한국정보전자통신기술학회 (IF: 0.46)"
3743,2022,전기전자공학,265678961,정재은,1,0.0,0.0,"[디지털 헬스케어 서비스의 데이터 컴플라이언스 방안에 관한 연구 - 개인정보 라이프사이클을 중심으로]
   └ 학회: 한국정보전자통신기술학회 (IF: 0.46)"
3744,2022,전기전자공학,940855578,김영희,1,0.0,0.0,"[1.5V 256kb eFlash 메모리 IP용 저면적 DC-DC Converter 설계]
   └ 학회: 한국정보전자통신기술학회 (IF: 0.46)"
3745,2022,전기전자공학,100957469,김홍주,1,0.0,0.0,"[1.5V 256kb eFlash 메모리 IP용 저면적 DC-DC Converter 설계]
   └ 학회: 한국정보전자통신기술학회 (IF: 0.46)"
3746,2022,전기전자공학,730522092,하판봉,1,0.0,0.0,"[1.5V 256kb eFlash 메모리 IP용 저면적 DC-DC Converter 설계]
   └ 학회: 한국정보전자통신기술학회 (IF: 0.46)"
3747,2022,전기전자공학,778721854,류옥수,1,0.0,0.0,"[집속형 초음파 자극 시스템의 사용적합성 형성평가에 대한 연구 및 고찰]
   └ 학회: 한국정보전자통신기술학회 (IF: 0.46)"
3748,2022,전기전자공학,404363744,박혜연,1,0.0,0.0,"[국내 가상발전소 도입을 위한 비용 추정 모델]
   └ 학회: 한국정보전자통신기술학회 (IF: 0.46)"
3749,2022,전기전자공학,657364912,박상윤,1,0.0,0.0,"[국내 가상발전소 도입을 위한 비용 추정 모델]
   └ 학회: 한국정보전자통신기술학회 (IF: 0.46)"
3750,2022,전기전자공학,455654615,강보경,1,0.0,0.0,"[SCAM 기상모델의 성능향상을 위한 PGI Compiler의 OpenACC 활용]
   └ 학회: 한국정보전자통신기술학회 (IF: 0.46)"
3751,2022,전기전자공학,779755729,이달희,1,0.0,0.0,"[ANSYS 프로그램을 이용한 50kW급 풍력터빈에 관한 연구]
   └ 학회: 한국정보전자통신기술학회 (IF: 0.46)"
3752,2022,전기전자공학,414465675,정훈주,1,0.0,0.0,"[n-채널 OLED 구동 박막 트랜지스터의 문턱전압 변동을 보상할 수 있는 OLED 화소회로]
   └ 학회: 한국정보전자통신기술학회 (IF: 0.46)"
3753,2022,전기전자공학,102630984,이호균,1,0.0,0.0,"[대형연소기에 적용되는 저주파 전자식 점화 트랜스 개발에 관한 연구]
   └ 학회: 한국정보전자통신기술학회 (IF: 0.46)"
3754,2022,전기전자공학,437534491,정호영,1,0.0,0.0,"[확산기반 분자통신 채널에 효율적인 직렬 연결 부호에 관한 연구]
   └ 학회: 한국정보전자통신기술학회 (IF: 0.46)"
3755,2022,전기전자공학,135249959,이우식,1,0.0,0.0,"[첨가제를 이용한 SUS MASK 에칭에 관한 연구]
   └ 학회: 한국정보전자통신기술학회 (IF: 0.46)"
3756,2022,전기전자공학,321452532,최중경,1,0.0,0.0,"[교류 전동기 구동을 위한 IPM(Intelligent Power Module) IGBT 스위치 성능 분석 방법 개발]
   └ 학회: 한국정보전자통신기술학회 (IF: 0.46)"
3757,2022,전기전자공학,649838698,이태봉,1,0.0,0.0,"[음계를 기반으로 한 HS 구현]
   └ 학회: 한국정보전자통신기술학회 (IF: 0.46)"
3758,2022,전기전자공학,416378050,김재욱,1,0.0,0.0,"[2층 대칭 나선형 인덕터에 대한 주파수 특성 연구]
   └ 학회: 한국정보전자통신기술학회 (IF: 0.46)"
3759,2022,전기전자공학,739468282,박홍규,1,0.0,0.0,"[UV/Ozone 처리를 통한 Polydimethylsiloxane(PDMS) 주름 구조의 물리화학적 특성 분석]
   └ 학회: 한국정보전자통신기술학회 (IF: 0.46)"
3760,2022,전기전자공학,311025631,박승엽,1,0.0,0.0,"[UV/Ozone 처리를 통한 Polydimethylsiloxane(PDMS) 주름 구조의 물리화학적 특성 분석]
   └ 학회: 한국정보전자통신기술학회 (IF: 0.46)"
3761,2022,전기전자공학,272975651,장지홍,1,0.0,0.0,"[경추부 후면 및 측면 피부 냉각 작용이 대학생의 주의력에 미치는 영향]
   └ 학회: 한국정보전자통신기술학회 (IF: 0.46)"
3762,2022,전기전자공학,850442765,이관형,1,0.0,0.0,"[2차패턴 구속의 LCMV 빔형성 방법 연구]
   └ 학회: 한국정보전자통신기술학회 (IF: 0.46)"
3763,2022,전기전자공학,741357969,민이서,1,0.0,0.0,"[자동 조향 트랙터용 비례제어밸브의 동특성 분석]
   └ 학회: 한국정보전자통신기술학회 (IF: 0.46)"
3764,2022,전기전자공학,189612949,김용주,1,0.0,0.0,"[자동 조향 트랙터용 비례제어밸브의 동특성 분석]
   └ 학회: 한국정보전자통신기술학회 (IF: 0.46)"
3765,2022,전기전자공학,953921308,김완수,1,0.0,0.0,"[자동 조향 트랙터용 비례제어밸브의 동특성 분석]
   └ 학회: 한국정보전자통신기술학회 (IF: 0.46)"
3766,2022,전기전자공학,4207372,유정운,1,0.0,0.0,"[태양광발전 운전 및 유지보수를 위한 모델기반 효율분석: 사례연구]
   └ 학회: 한국정보전자통신기술학회 (IF: 0.46)"
3767,2022,전기전자공학,783329744,김은회,1,0.0,0.0,"[LDA를 사용한 COVID-19 관련 국내 논문의 연구 토픽 분석]
   └ 학회: 한국정보전자통신기술학회 (IF: 0.46)"
3768,2022,전기전자공학,740553261,서유화,1,0.0,0.0,"[LDA를 사용한 COVID-19 관련 국내 논문의 연구 토픽 분석]
   └ 학회: 한국정보전자통신기술학회 (IF: 0.46)"
3769,2022,전기전자공학,657330527,이기영,1,0.0,0.0,"[전완의 등척성 수축시 최대근지구력시간을 예측하기 위한 동적근피로모델의 평가]
   └ 학회: 한국정보전자통신기술학회 (IF: 0.46)"
3770,2022,전기전자공학,224001614,최안렬,1,0.0,0.0,"[집속형초음파자극시스템 카트리지의 동물실험을 통한 피부자극시험 및 피부 감작성시험]
   └ 학회: 한국정보전자통신기술학회 (IF: 0.46)"
3771,2022,전기전자공학,709105449,김정훈,1,0.0,0.0,"[IoT 장비에 있어서 실시간 데이터 압축 전송을 위한 BL-beta 유니버설 코드의 경량화, 고속화 연구]
   └ 학회: 한국정보전자통신기술학회 (IF: 0.46)"
3772,2022,전기전자공학,113961981,박원엽,1,0.0,0.0,"[EMR 시스템 연동 정맥주사 관리 애플리케이션 개발에 대한 연구]
   └ 학회: 한국정보전자통신기술학회 (IF: 0.46)"
3773,2022,전기전자공학,146891325,황명하,1,0.0,0.0,"[S-대역 레이다용 소형 다기능 투과형 메타표면 단위셀 설계 및 검증]
   └ 학회: 한국전자파학회 (IF: 0.45)"
3774,2022,전기전자공학,555495930,김경득,1,0.0,0.0,"[S-대역 레이다용 소형 다기능 투과형 메타표면 단위셀 설계 및 검증]
   └ 학회: 한국전자파학회 (IF: 0.45)"
3775,2022,전기전자공학,587716976,김종영,1,0.0,0.0,"[S-대역 레이다용 소형 다기능 투과형 메타표면 단위셀 설계 및 검증]
   └ 학회: 한국전자파학회 (IF: 0.45)"
3776,2022,전기전자공학,236155869,유정웅,1,0.0,0.0,"[이중 모드 OAM 통신을 위한 간단한 급전 구조를 가진 균일 원형 배열 안테나]
   └ 학회: 한국전자파학회 (IF: 0.45)"
3777,2022,전기전자공학,764320149,손해원,1,0.0,0.0,"[이중 모드 OAM 통신을 위한 간단한 급전 구조를 가진 균일 원형 배열 안테나]
   └ 학회: 한국전자파학회 (IF: 0.45)"
3778,2022,전기전자공학,983199138,박용진,1,0.0,0.0,"[5G 무선국 전자파 강도의 측정지점 및 설치 높이별 결과분석]
   └ 학회: 한국전자파학회 (IF: 0.45)"
3779,2022,전기전자공학,215819136,진용화,1,0.0,0.0,"[5G 무선국 전자파 강도의 측정지점 및 설치 높이별 결과분석]
   └ 학회: 한국전자파학회 (IF: 0.45)"
3780,2022,전기전자공학,138516592,이명동,1,0.0,0.0,"[5G 무선국 전자파 강도의 측정지점 및 설치 높이별 결과분석]
   └ 학회: 한국전자파학회 (IF: 0.45)"
3781,2022,전기전자공학,142041647,김유성,1,0.0,0.0,"[Photo-Seebeck 측정 플랫폼 구축을 위한 노이즈-프리 레이저 가열 변조 열전 측정 시스템]
   └ 학회: 한국전자파학회 (IF: 0.45)"
3782,2022,전기전자공학,585735274,박병남,1,0.0,0.0,"[Photo-Seebeck 측정 플랫폼 구축을 위한 노이즈-프리 레이저 가열 변조 열전 측정 시스템]
   └ 학회: 한국전자파학회 (IF: 0.45)"
3783,2022,전기전자공학,532578032,이수정,1,0.0,0.0,"[다기능레이다의 다중 탐색영역 탐색운용기법]
   └ 학회: 한국전자파학회 (IF: 0.45)"
3784,2022,전기전자공학,673710856,김남문,1,0.0,0.0,"[다기능레이다의 다중 탐색영역 탐색운용기법]
   └ 학회: 한국전자파학회 (IF: 0.45)"
3785,2022,전기전자공학,448568277,황성인,1,0.0,0.0,"[SWOT 분석을 통한 전자기스펙트럼작전 기술발전 연구]
   └ 학회: 한국전자파학회 (IF: 0.45)"
3786,2022,전기전자공학,531830391,김영곤,1,0.0,0.0,"[2차 고조파 최소화를 위한 광대역 중간주파수신기 개발]
   └ 학회: 한국전자파학회 (IF: 0.45)"
3787,2022,전기전자공학,704272546,Young Kim,1,0.0,0.0,"[Analysis Method for a Multi-Section Rat-Race Hybrid Coupler Using Microstrip Lines]
   └ 학회: 한국전자파학회JEES (IF: 0.45)"
3788,2022,전기전자공학,810650873,Junghwan Yoo,1,0.0,0.0,"[A SiGe BiCMOS Amplifier-Frequency Doubler Chain Operating for 284–328 GHz]
   └ 학회: 한국전자파학회JEES (IF: 0.45)"
3789,2022,전기전자공학,784170214,Jungsoo Kim,1,0.0,0.0,"[A SiGe BiCMOS Amplifier-Frequency Doubler Chain Operating for 284–328 GHz]
   └ 학회: 한국전자파학회JEES (IF: 0.45)"
3790,2022,전기전자공학,696836564,Jongwon Yun,1,0.0,0.0,"[A SiGe BiCMOS Amplifier-Frequency Doubler Chain Operating for 284–328 GHz]
   └ 학회: 한국전자파학회JEES (IF: 0.45)"
3791,2022,전기전자공학,517376648,Mehmet Kaynak,1,0.0,0.0,"[A SiGe BiCMOS Amplifier-Frequency Doubler Chain Operating for 284–328 GHz]
   └ 학회: 한국전자파학회JEES (IF: 0.45)"
3792,2022,전기전자공학,495884124,Jae-Sung Rieh,1,0.0,0.0,"[A SiGe BiCMOS Amplifier-Frequency Doubler Chain Operating for 284–328 GHz]
   └ 학회: 한국전자파학회JEES (IF: 0.45)"
3793,2022,전기전자공학,286641623,Se-Young Jang,1,0.0,0.0,"[Double Split-Ring Resonator for Dielectric Constant Measurement of Solids and Liquids]
   └ 학회: 한국전자파학회JEES (IF: 0.45)"
3794,2022,전기전자공학,924346945,Chang-Kyun Noh,1,0.0,0.0,"[Low-Power Switching Scheme with Quarter Reference Voltage Sources for SAR ADCs]
   └ 학회: 한국전자파학회JEES (IF: 0.45)"
3795,2022,전기전자공학,855310748,Ho-Jin Kang,1,0.0,0.0,"[Low-Power Switching Scheme with Quarter Reference Voltage Sources for SAR ADCs]
   └ 학회: 한국전자파학회JEES (IF: 0.45)"
3796,2022,전기전자공학,425077531,Seong-Tae Kim,1,0.0,0.0,"[Low-Power Switching Scheme with Quarter Reference Voltage Sources for SAR ADCs]
   └ 학회: 한국전자파학회JEES (IF: 0.45)"
3797,2022,전기전자공학,408897764,Ho-Seon Baek,1,0.0,0.0,"[Low-Power Switching Scheme with Quarter Reference Voltage Sources for SAR ADCs]
   └ 학회: 한국전자파학회JEES (IF: 0.45)"
3798,2022,전기전자공학,331626056,Abdul Basit,1,0.0,0.0,"[Design and Analysis of a Compact GSM/GPS Dual-Band Bandpass Filter Using a T-Shaped Resonator]
   └ 학회: 한국전자파학회JEES (IF: 0.45)"
3799,2022,전기전자공학,850927956,Muhammad Irfan Khattak,1,0.0,0.0,"[Design and Analysis of a Compact GSM/GPS Dual-Band Bandpass Filter Using a T-Shaped Resonator]
   └ 학회: 한국전자파학회JEES (IF: 0.45)"
3800,2022,전기전자공학,462574958,Mauth Al-Hasan,1,0.0,0.0,"[Design and Analysis of a Compact GSM/GPS Dual-Band Bandpass Filter Using a T-Shaped Resonator]
   └ 학회: 한국전자파학회JEES (IF: 0.45)"
3801,2022,전기전자공학,521638064,Jamel Nebhen,1,0.0,0.0,"[Design and Analysis of a Compact GSM/GPS Dual-Band Bandpass Filter Using a T-Shaped Resonator]
   └ 학회: 한국전자파학회JEES (IF: 0.45)"
3802,2022,전기전자공학,319251677,Atif Jan,1,0.0,0.0,"[Design and Analysis of a Compact GSM/GPS Dual-Band Bandpass Filter Using a T-Shaped Resonator]
   └ 학회: 한국전자파학회JEES (IF: 0.45)"
3803,2022,전기전자공학,987590657,Yisok Oh,1,0.0,0.0,"[An Empirical Model for Backscattering Coefficients of Vegetation Fields at 5.4 GHz]
   └ 학회: 한국전자파학회JEES (IF: 0.45)"
3804,2022,전기전자공학,759755230,Jisung Geba Chang,1,0.0,0.0,"[An Empirical Model for Backscattering Coefficients of Vegetation Fields at 5.4 GHz]
   └ 학회: 한국전자파학회JEES (IF: 0.45)"
3805,2022,전기전자공학,503242843,Maxim Shoshany,1,0.0,0.0,"[An Empirical Model for Backscattering Coefficients of Vegetation Fields at 5.4 GHz]
   └ 학회: 한국전자파학회JEES (IF: 0.45)"
3806,2022,전기전자공학,491243480,Mohamed Elkattan,1,0.0,0.0,"[Estimation of Electromagnetic Properties for 2D Inhomogeneous Media Using Neural Networks]
   └ 학회: 한국전자파학회JEES (IF: 0.45)"
3807,2022,전기전자공학,383397891,Aladin H. Kamel,1,0.0,0.0,"[Estimation of Electromagnetic Properties for 2D Inhomogeneous Media Using Neural Networks]
   └ 학회: 한국전자파학회JEES (IF: 0.45)"
3808,2022,전기전자공학,182387996,TaeGyu Han,1,0.0,0.0,"[Significant Reduction of Resonant Frequency by Multi-Layered Dielectric Material-Loaded Coaxial Cavity for Microwave Heating]
   └ 학회: 한국전자파학회JEES (IF: 0.45)"
3809,2022,전기전자공학,707247102,YouMin Seo,1,0.0,0.0,"[Significant Reduction of Resonant Frequency by Multi-Layered Dielectric Material-Loaded Coaxial Cavity for Microwave Heating]
   └ 학회: 한국전자파학회JEES (IF: 0.45)"
3810,2022,전기전자공학,375948268,EunMi Choi,1,0.0,0.0,"[Significant Reduction of Resonant Frequency by Multi-Layered Dielectric Material-Loaded Coaxial Cavity for Microwave Heating]
   └ 학회: 한국전자파학회JEES (IF: 0.45)"
3811,2022,전기전자공학,350354648,Chanho Hwang,1,0.0,0.0,"[Design of a Tile-Type Rx Multi-Beam Digital Active Phased Array Antenna System]
   └ 학회: 한국전자파학회JEES (IF: 0.45)"
3812,2022,전기전자공학,925768594,Juman Park,1,0.0,0.0,"[Design of a Tile-Type Rx Multi-Beam Digital Active Phased Array Antenna System]
   └ 학회: 한국전자파학회JEES (IF: 0.45)"
3813,2022,전기전자공학,496631009,Kichul Kim,1,0.0,0.0,"[Design of a Tile-Type Rx Multi-Beam Digital Active Phased Array Antenna System]
   └ 학회: 한국전자파학회JEES (IF: 0.45)"
3814,2022,전기전자공학,873289467,Jaesoo Jung,1,0.0,0.0,"[Design of a Tile-Type Rx Multi-Beam Digital Active Phased Array Antenna System]
   └ 학회: 한국전자파학회JEES (IF: 0.45)"
3815,2022,전기전자공학,615250593,Evgeny Vladimirovich Titov,1,0.0,0.0,"[Computer Imaging of Electromagnetic Environment in Air Space with Industrial Electromagnetic Field Sources in Conditions of Combined Influence of EM Radiation]
   └ 학회: 한국전자파학회JEES (IF: 0.45)"
3816,2022,전기전자공학,975053317,Alexander Andreevich Soshnikov,1,0.0,0.0,"[Computer Imaging of Electromagnetic Environment in Air Space with Industrial Electromagnetic Field Sources in Conditions of Combined Influence of EM Radiation]
   └ 학회: 한국전자파학회JEES (IF: 0.45)"
3817,2022,전기전자공학,894375224,Ivan Evgenievich Migalev,1,0.0,0.0,"[Computer Imaging of Electromagnetic Environment in Air Space with Industrial Electromagnetic Field Sources in Conditions of Combined Influence of EM Radiation]
   └ 학회: 한국전자파학회JEES (IF: 0.45)"
3818,2022,전기전자공학,863700528,Hyun Kim,1,0.0,0.0,"[Efficient Recurrent Neural Network for Classifying Target and Clutter: Feasibility Simulation of Its Real-Time Clutter Filter for a Weapon Location Radar]
   └ 학회: 한국전자파학회JEES (IF: 0.45)"
3819,2022,전기전자공학,764128689,Sang-Hyun Chun,1,0.0,0.0,"[Efficient Recurrent Neural Network for Classifying Target and Clutter: Feasibility Simulation of Its Real-Time Clutter Filter for a Weapon Location Radar]
   └ 학회: 한국전자파학회JEES (IF: 0.45)"
3820,2022,전기전자공학,810900425,Min-Kil Chong,1,0.0,0.0,"[Efficient Recurrent Neural Network for Classifying Target and Clutter: Feasibility Simulation of Its Real-Time Clutter Filter for a Weapon Location Radar]
   └ 학회: 한국전자파학회JEES (IF: 0.45)"
3821,2022,전기전자공학,208445150,최원태,1,0.0,0.0,"[SnO₂ 나노입자를 활용한 GaN 기반 수소 센서의 반응도 개선 연구]
   └ 학회: 한국전자파학회 (IF: 0.45)"
3822,2022,전기전자공학,495279631,박태현,1,0.0,0.0,"[SnO₂ 나노입자를 활용한 GaN 기반 수소 센서의 반응도 개선 연구]
   └ 학회: 한국전자파학회 (IF: 0.45)"
3823,2022,전기전자공학,715202577,허재현,1,0.0,0.0,"[SnO₂ 나노입자를 활용한 GaN 기반 수소 센서의 반응도 개선 연구]
   └ 학회: 한국전자파학회 (IF: 0.45)"
3824,2022,전기전자공학,397220603,김정진,1,0.0,0.0,"[SnO₂ 나노입자를 활용한 GaN 기반 수소 센서의 반응도 개선 연구]
   └ 학회: 한국전자파학회 (IF: 0.45)"
3825,2022,전기전자공학,529142496,이승종,1,0.0,0.0,"[15～45 ㎓ 고해상도 소형 분산형 디지털 감쇠기]
   └ 학회: 한국전자파학회 (IF: 0.45)"
3826,2022,전기전자공학,944091802,박광원,1,0.0,0.0,"[15～45 ㎓ 고해상도 소형 분산형 디지털 감쇠기]
   └ 학회: 한국전자파학회 (IF: 0.45)"
3827,2022,전기전자공학,567571625,유보현,1,0.0,0.0,"[특징점 추출 및 매칭을 이용한 ISAR 영상의 수직-거리 스케일링 기법 연구]
   └ 학회: 한국전자파학회 (IF: 0.45)"
3828,2022,전기전자공학,313388430,함형우,1,0.0,0.0,"[능동 레이다 유도 시스템의 탐색기 설계]
   └ 학회: 한국전자파학회 (IF: 0.45)"
3829,2022,전기전자공학,431927913,김제안,1,0.0,0.0,"[능동 레이다 유도 시스템의 탐색기 설계]
   └ 학회: 한국전자파학회 (IF: 0.45)"
3830,2022,전기전자공학,528433421,이준호,1,0.0,0.0,"[능동 레이다 유도 시스템의 탐색기 설계]
   └ 학회: 한국전자파학회 (IF: 0.45)"
3831,2022,전기전자공학,783737335,김민,1,0.0,0.0,"[Ku- 및 Ka-Band 기반의 대공 탐색 레이다 효과도 분석]
   └ 학회: 한국전자파학회 (IF: 0.45)"
3832,2022,전기전자공학,473878815,우선걸,1,0.0,0.0,"[Ku- 및 Ka-Band 기반의 대공 탐색 레이다 효과도 분석]
   └ 학회: 한국전자파학회 (IF: 0.45)"
3833,2022,전기전자공학,664859852,전영일,1,0.0,0.0,"[효과적인 인공위성 SAR 기만 재밍을 위한 요구 조건 분석]
   └ 학회: 한국전자파학회 (IF: 0.45)"
3834,2022,전기전자공학,204304251,나인석,1,0.0,0.0,"[효과적인 인공위성 SAR 기만 재밍을 위한 요구 조건 분석]
   └ 학회: 한국전자파학회 (IF: 0.45)"
3835,2022,전기전자공학,168570536,최우혁,1,0.0,0.0,"[주파수 다양성 배열 기술을 이용한 근거리 3차원 빔 집중 기술]
   └ 학회: 한국전자파학회 (IF: 0.45)"
3836,2022,전기전자공학,553715240,정성훈,1,0.0,0.0,"[극초음속 플라즈마 환경에서의 통신두절 극복을 위한 메타물질 구현]
   └ 학회: 한국전자파학회 (IF: 0.45)"
3837,2022,전기전자공학,800057151,김수연,1,0.0,0.0,"[극초음속 플라즈마 환경에서의 통신두절 극복을 위한 메타물질 구현]
   └ 학회: 한국전자파학회 (IF: 0.45)"
3838,2022,전기전자공학,292133880,권호영,1,0.0,0.0,"[극초음속 플라즈마 환경에서의 통신두절 극복을 위한 메타물질 구현]
   └ 학회: 한국전자파학회 (IF: 0.45)"
3839,2022,전기전자공학,611439367,강봉모,1,0.0,0.0,"[구형 도파관 기반의 W-대역 8-Way 방사형 전력 결합기]
   └ 학회: 한국전자파학회 (IF: 0.45)"
3840,2022,전기전자공학,478629661,박성준,1,0.0,0.0,"[구형 도파관 기반의 W-대역 8-Way 방사형 전력 결합기]
   └ 학회: 한국전자파학회 (IF: 0.45)"
3841,2022,전기전자공학,163013921,박주만,1,0.0,0.0,"[구형 도파관 기반의 W-대역 8-Way 방사형 전력 결합기]
   └ 학회: 한국전자파학회 (IF: 0.45)"
3842,2022,전기전자공학,339754507,정진호,1,0.0,0.0,"[구형 도파관 기반의 W-대역 8-Way 방사형 전력 결합기]
   └ 학회: 한국전자파학회 (IF: 0.45)"
3843,2022,전기전자공학,211123706,김창주,1,0.0,0.0,"[5G NR 기지국의 전자파 노출량 평가 방법 제안]
   └ 학회: 한국전자파학회 (IF: 0.45)"
3844,2022,전기전자공학,598916118,전상봉,1,0.0,0.0,"[5G NR 기지국의 전자파 노출량 평가 방법 제안]
   └ 학회: 한국전자파학회 (IF: 0.45)"
3845,2022,전기전자공학,199970578,최형도,1,0.0,0.0,"[5G NR 기지국의 전자파 노출량 평가 방법 제안]
   └ 학회: 한국전자파학회 (IF: 0.45)"
3846,2022,전기전자공학,555943385,장경찬,1,0.0,0.0,"[분할 공동 구조를 이용한 고 종횡비 인쇄회로기판 내 전송선 층 변환 구조의 신호 무결성 개선 설계 및 모델링]
   └ 학회: 한국전자파학회 (IF: 0.45)"
3847,2022,전기전자공학,678148793,이재인,1,0.0,0.0,"[바이스태틱 RCS 계산을 위한 증분회절이론의 적용]
   └ 학회: 한국전자파학회 (IF: 0.45)"
3848,2022,전기전자공학,691807207,이현수,1,0.0,0.0,"[바이스태틱 RCS 계산을 위한 증분회절이론의 적용]
   └ 학회: 한국전자파학회 (IF: 0.45)"
3849,2022,전기전자공학,159731541,이상훈,1,0.0,0.0,"[바이스태틱 RCS 계산을 위한 증분회절이론의 적용]
   └ 학회: 한국전자파학회 (IF: 0.45)"
3850,2022,전기전자공학,757279365,서동욱,1,0.0,0.0,"[바이스태틱 RCS 계산을 위한 증분회절이론의 적용]
   └ 학회: 한국전자파학회 (IF: 0.45)"
3851,2022,전기전자공학,976832645,Geun-Ju Kim,1,0.0,0.0,"[Industrial Applications of THz Imaging Based on Resonant Slit-Type Probe]
   └ 학회: 한국전자파학회JEES (IF: 0.45)"
3852,2022,전기전자공학,472305050,Sanghoon Kim,1,0.0,0.0,"[Industrial Applications of THz Imaging Based on Resonant Slit-Type Probe]
   └ 학회: 한국전자파학회JEES (IF: 0.45)"
3853,2022,전기전자공학,395243969,Jeong-Hun Lee,1,0.0,0.0,"[Industrial Applications of THz Imaging Based on Resonant Slit-Type Probe]
   └ 학회: 한국전자파학회JEES (IF: 0.45)"
3854,2022,전기전자공학,607769898,Insoo S. Kim,1,0.0,0.0,"[Industrial Applications of THz Imaging Based on Resonant Slit-Type Probe]
   └ 학회: 한국전자파학회JEES (IF: 0.45)"
3855,2022,전기전자공학,213862988,Yong-Seok Lee,1,0.0,0.0,"[Industrial Applications of THz Imaging Based on Resonant Slit-Type Probe]
   └ 학회: 한국전자파학회JEES (IF: 0.45)"
3856,2022,전기전자공학,428251458,Jung-Il Kim,1,0.0,0.0,"[Industrial Applications of THz Imaging Based on Resonant Slit-Type Probe]
   └ 학회: 한국전자파학회JEES (IF: 0.45)"
3857,2022,전기전자공학,120283170,Duy Tung Phan,1,0.0,0.0,"[Transparent Liquid Multiple-Antenna Array with a High Gain and Beam Diversity for UHD TV Applications]
   └ 학회: 한국전자파학회JEES (IF: 0.45)"
3858,2022,전기전자공학,893990743,Akhilendra Pratap Singh,1,0.0,0.0,"[A Novel Technique for Contrast Target Detection in Through-the-Wall Radar Images]
   └ 학회: 한국전자파학회JEES (IF: 0.45)"
3859,2022,전기전자공학,271595744,Smrity Dwivedi,1,0.0,0.0,"[A Novel Technique for Contrast Target Detection in Through-the-Wall Radar Images]
   └ 학회: 한국전자파학회JEES (IF: 0.45)"
3860,2022,전기전자공학,583704183,Pradip Kumar Jain,1,0.0,0.0,"[A Novel Technique for Contrast Target Detection in Through-the-Wall Radar Images]
   └ 학회: 한국전자파학회JEES (IF: 0.45)"
3861,2022,전기전자공학,343872515,Dae-Hwan Jung,1,0.0,0.0,"[A Study on the Feasibility of Stop-and-Go Approximation in FMCW SAR]
   └ 학회: 한국전자파학회JEES (IF: 0.45)"
3862,2022,전기전자공학,464579785,Goo-Hwan Shin,1,0.0,0.0,"[A Study on the Feasibility of Stop-and-Go Approximation in FMCW SAR]
   └ 학회: 한국전자파학회JEES (IF: 0.45)"
3863,2022,전기전자공학,173822440,Jong-Hwa Jeon,1,0.0,0.0,"[Design and Fabrication of a Compact 2D Phase Comparison Direction Finder]
   └ 학회: 한국전자파학회JEES (IF: 0.45)"
3864,2022,전기전자공학,364973163,임완수,1,0.0,0.0,"[Design and Fabrication of a Compact 2D Phase Comparison Direction Finder]
   └ 학회: 한국전자파학회JEES (IF: 0.45)"
3865,2022,전기전자공학,923510621,Seulgi Yu,1,0.0,0.0,"[Improving Signal Integrity by Reducing Mode Conversion in Differential Pairs on a Meshed Ground in Flexible Printed Circuit Boards]
   └ 학회: 한국전자파학회JEES (IF: 0.45)"
3866,2022,전기전자공학,501309589,Dong-Gun Kam,1,0.0,0.0,"[Improving Signal Integrity by Reducing Mode Conversion in Differential Pairs on a Meshed Ground in Flexible Printed Circuit Boards]
   └ 학회: 한국전자파학회JEES (IF: 0.45)"
3867,2022,전기전자공학,408819228,Ji-In Jung,1,0.0,0.0,"[5.8-GHz Patch Antenna with an Enhanced Defected Ground Structure for Size Reduction and Increased Bandwidth]
   └ 학회: 한국전자파학회JEES (IF: 0.45)"
3868,2022,전기전자공학,291891133,Se-Hoon Kim,1,0.0,0.0,"[Investigation of an Axial Virtual Cathode Oscillator with an Open-Ended Coaxial Cathode]
   └ 학회: 한국전자파학회JEES (IF: 0.45)"
3869,2022,전기전자공학,379876592,Chang-Jin Lee,1,0.0,0.0,"[Investigation of an Axial Virtual Cathode Oscillator with an Open-Ended Coaxial Cathode]
   └ 학회: 한국전자파학회JEES (IF: 0.45)"
3870,2022,전기전자공학,237776314,Wan-Il Kim,1,0.0,0.0,"[Investigation of an Axial Virtual Cathode Oscillator with an Open-Ended Coaxial Cathode]
   └ 학회: 한국전자파학회JEES (IF: 0.45)"
3871,2022,전기전자공학,180135046,Kwang-Cheol Ko,1,0.0,0.0,"[Investigation of an Axial Virtual Cathode Oscillator with an Open-Ended Coaxial Cathode]
   └ 학회: 한국전자파학회JEES (IF: 0.45)"
3872,2022,전기전자공학,430156420,Youngje Sung,1,0.0,0.0,"[A Dual Orthogonal Fed Monopole Antenna for Circular Polarization Diversity]
   └ 학회: 한국전자파학회JEES (IF: 0.45)"
3873,2022,전기전자공학,954261815,SungWoo Im,1,0.0,0.0,"[A Single-Stage 12-Times Frequency Multiplier for a 5G Frequency Synthesizer]
   └ 학회: 한국전자파학회JEES (IF: 0.45)"
3874,2022,전기전자공학,119095197,Kyu-Hyun Nam,1,0.0,0.0,"[A Single-Stage 12-Times Frequency Multiplier for a 5G Frequency Synthesizer]
   └ 학회: 한국전자파학회JEES (IF: 0.45)"
3875,2022,전기전자공학,358004008,Junseok Park,1,0.0,0.0,"[A Single-Stage 12-Times Frequency Multiplier for a 5G Frequency Synthesizer]
   └ 학회: 한국전자파학회JEES (IF: 0.45)"
3876,2022,전기전자공학,723498427,Seokhyeon Son,1,0.0,0.0,"[Sensor Coil System for Misalignment Detection and Information Transfer in Dynamic Wireless Power Transfer of Electric Vehicle]
   └ 학회: 한국전자파학회JEES (IF: 0.45)"
3877,2022,전기전자공학,620461031,Yujun Shin,1,0.0,0.0,"[Sensor Coil System for Misalignment Detection and Information Transfer in Dynamic Wireless Power Transfer of Electric Vehicle]
   └ 학회: 한국전자파학회JEES (IF: 0.45)"
3878,2022,전기전자공학,373436646,우성호,1,0.0,0.0,"[Sensor Coil System for Misalignment Detection and Information Transfer in Dynamic Wireless Power Transfer of Electric Vehicle]
   └ 학회: 한국전자파학회JEES (IF: 0.45)"
3879,2022,전기전자공학,374800631,Sungsik Wang,1,0.0,0.0,"[Design of S/X-Band Dual-Loop Shared-Aperture 2×2 Array Antenna]
   └ 학회: 한국전자파학회JEES (IF: 0.45)"
3880,2022,전기전자공학,182281037,Doyoung Jang,1,0.0,0.0,"[Design of S/X-Band Dual-Loop Shared-Aperture 2×2 Array Antenna]
   └ 학회: 한국전자파학회JEES (IF: 0.45)"
3881,2022,전기전자공학,506081507,Dae-Young Chae,1,0.0,0.0,"[Measurement Image Translation-Automatic Target Recognition Technique Based on CycleGAN with SAR Simulation DB]
   └ 학회: 한국전자파학회JEES (IF: 0.45)"
3882,2022,전기전자공학,629640919,Seunggyu Yang,1,0.0,0.0,"[One-Port Planar Near-Field Antenna Measurement and Corresponding Scatterer Compensation Method]
   └ 학회: 한국전자파학회JEES (IF: 0.45)"
3883,2022,전기전자공학,240113867,Kangwook Kim,1,0.0,0.0,"[One-Port Planar Near-Field Antenna Measurement and Corresponding Scatterer Compensation Method]
   └ 학회: 한국전자파학회JEES (IF: 0.45)"
3884,2022,전기전자공학,937740565,Shahid Basir,1,0.0,0.0,"[An Ellipse-Shaped Leaky-Wave Antenna Array for X-Band Aerial Landing System]
   └ 학회: 한국전자파학회JEES (IF: 0.45)"
3885,2022,전기전자공학,408688008,Mubashar Sarfraz,1,0.0,0.0,"[An Ellipse-Shaped Leaky-Wave Antenna Array for X-Band Aerial Landing System]
   └ 학회: 한국전자파학회JEES (IF: 0.45)"
3886,2022,전기전자공학,743068201,Sajjad A. Ghauri,1,0.0,0.0,"[An Ellipse-Shaped Leaky-Wave Antenna Array for X-Band Aerial Landing System]
   └ 학회: 한국전자파학회JEES (IF: 0.45)"
3887,2022,전기전자공학,409748521,Nooh Bany Mohammad,1,0.0,0.0,"[An Ellipse-Shaped Leaky-Wave Antenna Array for X-Band Aerial Landing System]
   └ 학회: 한국전자파학회JEES (IF: 0.45)"
3888,2022,전기전자공학,941780754,Hyuk-Jun Seo,1,0.0,0.0,"[Calculation of Normalized Site Attenuation for Calculable Dipole Antennas]
   └ 학회: 한국전자파학회JEES (IF: 0.45)"
3889,2022,전기전자공학,475270751,Tae-Weon Kang,1,0.0,0.0,"[Calculation of Normalized Site Attenuation for Calculable Dipole Antennas]
   └ 학회: 한국전자파학회JEES (IF: 0.45)"
3890,2022,전기전자공학,252193697,Jae-Yong Kwon,1,0.0,0.0,"[Calculation of Normalized Site Attenuation for Calculable Dipole Antennas]
   └ 학회: 한국전자파학회JEES (IF: 0.45)"
3891,2022,전기전자공학,216880722,Jeong-Hwan Kim,1,0.0,0.0,"[Calculation of Normalized Site Attenuation for Calculable Dipole Antennas]
   └ 학회: 한국전자파학회JEES (IF: 0.45)"
3892,2022,전기전자공학,783687449,Ju Seong Park,1,0.0,0.0,"[Design of 24–40 GHz Ultra-Wideband Circularly Polarized Monopole Antenna with a Defected Ground Plane]
   └ 학회: 한국전자파학회JEES (IF: 0.45)"
3893,2022,전기전자공학,349817517,Ji Hun Hong,1,0.0,0.0,"[Design of 24–40 GHz Ultra-Wideband Circularly Polarized Monopole Antenna with a Defected Ground Plane]
   └ 학회: 한국전자파학회JEES (IF: 0.45)"
3894,2022,전기전자공학,376581609,김강욱,1,0.0,0.0,"[Design of 24–40 GHz Ultra-Wideband Circularly Polarized Monopole Antenna with a Defected Ground Plane]
   └ 학회: 한국전자파학회JEES (IF: 0.45)"
3895,2022,전기전자공학,553899063,Jeong-Hun Nam,1,0.0,0.0,"[Implementation of Zero-Thickness Impedance Boundary Condition for Method of Moments and Application to Microstrip Antennas]
   └ 학회: 한국전자파학회JEES (IF: 0.45)"
3896,2022,전기전자공학,631315140,Jinho Lim,1,0.0,0.0,"[Analytic Radiation Models of a Microstrip Line on a Slotted Ground Plane]
   └ 학회: 한국전자파학회JEES (IF: 0.45)"
3897,2022,전기전자공학,554153592,Younggi Hong,1,0.0,0.0,"[Analytic Radiation Models of a Microstrip Line on a Slotted Ground Plane]
   └ 학회: 한국전자파학회JEES (IF: 0.45)"
3898,2022,전기전자공학,203218085,Directional Monopole Antenna Using a,1,0.0,0.0,"[A Full Metal-Rimmed Antenna Using Capacitive Feed and Ground for LTE Mobile Handsets]
   └ 학회: 한국전자파학회JEES (IF: 0.45)"
3899,2022,전기전자공학,220756397,Jun-Hyung Cho,1,0.0,0.0,"[Theoretical Performance Evaluation of Spurious-Tone Suppression of a Multi-Loop Optoelectronic Oscillator Based on Closed-Loop Response Analysis]
   └ 학회: 한국전자파학회JEES (IF: 0.45)"
3900,2022,전기전자공학,831341877,Anh Hang Nguyen,1,0.0,0.0,"[Theoretical Performance Evaluation of Spurious-Tone Suppression of a Multi-Loop Optoelectronic Oscillator Based on Closed-Loop Response Analysis]
   └ 학회: 한국전자파학회JEES (IF: 0.45)"
3901,2022,전기전자공학,521391950,Hyo-Sang Jeong,1,0.0,0.0,"[Theoretical Performance Evaluation of Spurious-Tone Suppression of a Multi-Loop Optoelectronic Oscillator Based on Closed-Loop Response Analysis]
   └ 학회: 한국전자파학회JEES (IF: 0.45)"
3902,2022,전기전자공학,483437600,성혁기,1,0.0,0.0,"[Theoretical Performance Evaluation of Spurious-Tone Suppression of a Multi-Loop Optoelectronic Oscillator Based on Closed-Loop Response Analysis]
   └ 학회: 한국전자파학회JEES (IF: 0.45)"
3903,2022,전기전자공학,189866892,이현승,1,0.0,0.0,"[위성용 X 대역 Combline 다이플렉서]
   └ 학회: 한국전자파학회 (IF: 0.45)"
3904,2022,전기전자공학,719034746,이상록,1,0.0,0.0,"[위성용 X 대역 Combline 다이플렉서]
   └ 학회: 한국전자파학회 (IF: 0.45)"
3905,2022,전기전자공학,503635413,임원규,1,0.0,0.0,"[위성용 X 대역 Combline 다이플렉서]
   └ 학회: 한국전자파학회 (IF: 0.45)"
3906,2022,전기전자공학,659946356,이선익,1,0.0,0.0,"[위성용 X 대역 Combline 다이플렉서]
   └ 학회: 한국전자파학회 (IF: 0.45)"
3907,2022,전기전자공학,604315430,조성실,1,0.0,0.0,"[입사각 안정성을 갖는 밀리미터파 대역 주파수 선택적 레이돔 설계]
   └ 학회: 한국전자파학회 (IF: 0.45)"
3908,2022,전기전자공학,963771876,최명석,1,0.0,0.0,"[공지통신 무전기 성능개량 간 안테나 추가에 따른 최적위치 설계 연구]
   └ 학회: 한국전자파학회 (IF: 0.45)"
3909,2022,전기전자공학,459227760,이성일,1,0.0,0.0,"[공지통신 무전기 성능개량 간 안테나 추가에 따른 최적위치 설계 연구]
   └ 학회: 한국전자파학회 (IF: 0.45)"
3910,2022,전기전자공학,345095685,이현휘,1,0.0,0.0,"[GPU 기반 주파수 영역 다중 채널 광대역 신호처리부 설계]
   └ 학회: 한국전자파학회 (IF: 0.45)"
3911,2022,전기전자공학,729400141,박경태,1,0.0,0.0,"[GPU 기반 주파수 영역 다중 채널 광대역 신호처리부 설계]
   └ 학회: 한국전자파학회 (IF: 0.45)"
3912,2022,전기전자공학,331519082,윤현철,1,0.0,0.0,"[GPU 기반 주파수 영역 다중 채널 광대역 신호처리부 설계]
   └ 학회: 한국전자파학회 (IF: 0.45)"
3913,2022,전기전자공학,972225929,이광용,1,0.0,0.0,"[GPU 기반 주파수 영역 다중 채널 광대역 신호처리부 설계]
   └ 학회: 한국전자파학회 (IF: 0.45)"
3914,2022,전기전자공학,635202114,이준표,1,0.0,0.0,"[28-nm CMOS 공정을 이용한 Ka-Band 수신기 설계]
   └ 학회: 한국전자파학회 (IF: 0.45)"
3915,2022,전기전자공학,168339961,양동열,1,0.0,0.0,"[28-nm CMOS 공정을 이용한 Ka-Band 수신기 설계]
   └ 학회: 한국전자파학회 (IF: 0.45)"
3916,2022,전기전자공학,276089132,이혁,1,0.0,0.0,"[단락된 전자기 결합 스터브를 활용한 광대역 차량용 C-PAD 안테나 설계]
   └ 학회: 한국전자파학회 (IF: 0.45)"
3917,2022,전기전자공학,626724801,이승재,1,0.0,0.0,"[KOMPSAT-5 영상에 대한 재초점화(Refocusing) 성능 분석]
   └ 학회: 한국전자파학회 (IF: 0.45)"
3918,2022,전기전자공학,633173491,이선구,1,0.0,0.0,"[KOMPSAT-5 영상에 대한 재초점화(Refocusing) 성능 분석]
   └ 학회: 한국전자파학회 (IF: 0.45)"
3919,2022,전기전자공학,196489164,손범익,1,0.0,0.0,"[함정용 레이다 운용을 위한 전광변환장치]
   └ 학회: 한국전자파학회 (IF: 0.45)"
3920,2022,전기전자공학,137088833,최재흥,1,0.0,0.0,"[함정용 레이다 운용을 위한 전광변환장치]
   └ 학회: 한국전자파학회 (IF: 0.45)"
3921,2022,전기전자공학,727989547,김종만,1,0.0,0.0,"[함정용 레이다 운용을 위한 전광변환장치]
   └ 학회: 한국전자파학회 (IF: 0.45)"
3922,2022,전기전자공학,2136730,윤석,1,0.0,0.0,"[향상된 등가 모델링 기법을 이용한 소형 대역통과 필터 설계]
   └ 학회: 한국전자파학회 (IF: 0.45)"
3923,2022,전기전자공학,449082313,김유선,1,0.0,0.0,"[향상된 등가 모델링 기법을 이용한 소형 대역통과 필터 설계]
   └ 학회: 한국전자파학회 (IF: 0.45)"
3924,2022,전기전자공학,161768032,임영석,1,0.0,0.0,"[향상된 등가 모델링 기법을 이용한 소형 대역통과 필터 설계]
   └ 학회: 한국전자파학회 (IF: 0.45)"
3925,2022,전기전자공학,627111183,배석,1,0.0,0.0,"[향상된 등가 모델링 기법을 이용한 소형 대역통과 필터 설계]
   └ 학회: 한국전자파학회 (IF: 0.45)"
3926,2022,전기전자공학,826026795,고종규,1,0.0,0.0,"[저손실 고효율 Ka-대역 16-Way 방사형 도파관 결합기 설계]
   └ 학회: 한국전자파학회 (IF: 0.45)"
3927,2022,전기전자공학,178783630,남경민,1,0.0,0.0,"[저손실 고효율 Ka-대역 16-Way 방사형 도파관 결합기 설계]
   └ 학회: 한국전자파학회 (IF: 0.45)"
3928,2022,전기전자공학,678760449,김보기,1,0.0,0.0,"[저손실 고효율 Ka-대역 16-Way 방사형 도파관 결합기 설계]
   └ 학회: 한국전자파학회 (IF: 0.45)"
3929,2022,전기전자공학,601857562,이건준,1,0.0,0.0,"[저손실 고효율 Ka-대역 16-Way 방사형 도파관 결합기 설계]
   └ 학회: 한국전자파학회 (IF: 0.45)"
3930,2022,전기전자공학,386612191,박지안,1,0.0,0.0,"[저손실 고효율 Ka-대역 16-Way 방사형 도파관 결합기 설계]
   └ 학회: 한국전자파학회 (IF: 0.45)"
3931,2022,전기전자공학,965163195,김상훈,1,0.0,0.0,"[저손실 고효율 Ka-대역 16-Way 방사형 도파관 결합기 설계]
   └ 학회: 한국전자파학회 (IF: 0.45)"
3932,2022,전기전자공학,875188189,양승식,1,0.0,0.0,"[저손실 고효율 Ka-대역 16-Way 방사형 도파관 결합기 설계]
   └ 학회: 한국전자파학회 (IF: 0.45)"
3933,2022,전기전자공학,104518132,한희재,1,0.0,0.0,"[개선된 전압 변동률을 갖는 다중 루프 저전압강하 레귤레이터]
   └ 학회: 한국전자파학회 (IF: 0.45)"
3934,2022,전기전자공학,366579388,박채은,1,0.0,0.0,"[140 GHz 40 nm CMOS 저잡음 증폭기]
   └ 학회: 한국전자파학회 (IF: 0.45)"
3935,2022,전기전자공학,621464068,최한웅,1,0.0,0.0,"[W-Band 광대역 저잡음 증폭기 설계]
   └ 학회: 한국전자파학회 (IF: 0.45)"
3936,2022,전기전자공학,747469995,강병수,1,0.0,0.0,"[다항식 기반 오메가-케이 알고리즘을 이용한 곡선기하에서의 고해상도 바이스태틱 SAR 영상생성에 대한 연구]
   └ 학회: 한국전자파학회 (IF: 0.45)"
3937,2022,전기전자공학,243032697,이기웅,1,0.0,0.0,"[다항식 기반 오메가-케이 알고리즘을 이용한 곡선기하에서의 고해상도 바이스태틱 SAR 영상생성에 대한 연구]
   └ 학회: 한국전자파학회 (IF: 0.45)"
3938,2022,전기전자공학,401384651,Jihyo Choi,1,0.0,0.0,"[Time Domain Signal Simulation of Weather Clutter for an Airborne Radar Based on Measured Data]
   └ 학회: 한국전자파학회JEES (IF: 0.45)"
3939,2022,전기전자공학,387857922,Ji-hyun Jung,1,0.0,0.0,"[Time Domain Signal Simulation of Weather Clutter for an Airborne Radar Based on Measured Data]
   └ 학회: 한국전자파학회JEES (IF: 0.45)"
3940,2022,전기전자공학,154391394,Ji Hoon Park,1,0.0,0.0,"[A Deep Learning-Based Compact Weighted Binary Classification Technique to Discriminate between Targets and Clutter in SAR Images]
   └ 학회: 한국전자파학회JEES (IF: 0.45)"
3941,2022,전기전자공학,845945223,Amir Altaf,1,0.0,0.0,"[A D-Band Waveguide-SIW Transition for 6G Applications]
   └ 학회: 한국전자파학회JEES (IF: 0.45)"
3942,2022,전기전자공학,490564097,Manzoor Elahi,1,0.0,0.0,"[A D-Band Waveguide-SIW Transition for 6G Applications]
   └ 학회: 한국전자파학회JEES (IF: 0.45)"
3943,2022,전기전자공학,695474541,Syed Muzahir Abbas,1,0.0,0.0,"[A D-Band Waveguide-SIW Transition for 6G Applications]
   └ 학회: 한국전자파학회JEES (IF: 0.45)"
3944,2022,전기전자공학,922306475,Jawad Yousaf,1,0.0,0.0,"[A D-Band Waveguide-SIW Transition for 6G Applications]
   └ 학회: 한국전자파학회JEES (IF: 0.45)"
3945,2022,전기전자공학,101022756,Eqab Almajali,1,0.0,0.0,"[A D-Band Waveguide-SIW Transition for 6G Applications]
   └ 학회: 한국전자파학회JEES (IF: 0.45)"
3946,2022,전기전자공학,927603775,Ampavathina Sowjanya,1,0.0,0.0,"[Compact Dual Bandpass Filter Using Dual-Split Ring Resonator for 5G Upper Microwave Flexible Use Services]
   └ 학회: 한국전자파학회JEES (IF: 0.45)"
3947,2022,전기전자공학,832633789,Damera Vakula,1,0.0,0.0,"[Compact Dual Bandpass Filter Using Dual-Split Ring Resonator for 5G Upper Microwave Flexible Use Services]
   └ 학회: 한국전자파학회JEES (IF: 0.45)"
3948,2022,전기전자공학,883696336,Soo Young Oh,1,0.0,0.0,"[Measurement of Nonlinear RCS of Electronic Targets for Nonlinear Detection]
   └ 학회: 한국전자파학회JEES (IF: 0.45)"
3949,2022,전기전자공학,760449295,Hayoung Hong,1,0.0,0.0,"[Measurement of Nonlinear RCS of Electronic Targets for Nonlinear Detection]
   └ 학회: 한국전자파학회JEES (IF: 0.45)"
3950,2022,전기전자공학,243654941,Shahanawaz Kamal,1,0.0,0.0,"[A Low-Profile Quasi-Loop Magneto-Electric Dipole Antenna Featuring a Wide Bandwidth and Circular Polarization for 5G mmWave Device-to-Device Communication]
   └ 학회: 한국전자파학회JEES (IF: 0.45)"
3951,2022,전기전자공학,181107456,Mohd Fadzil Bin Ain,1,0.0,0.0,"[A Low-Profile Quasi-Loop Magneto-Electric Dipole Antenna Featuring a Wide Bandwidth and Circular Polarization for 5G mmWave Device-to-Device Communication]
   └ 학회: 한국전자파학회JEES (IF: 0.45)"
3952,2022,전기전자공학,704383271,Ubaid Ullah,1,0.0,0.0,"[A Low-Profile Quasi-Loop Magneto-Electric Dipole Antenna Featuring a Wide Bandwidth and Circular Polarization for 5G mmWave Device-to-Device Communication]
   └ 학회: 한국전자파학회JEES (IF: 0.45)"
3953,2022,전기전자공학,335033184,Abdullahi S. B. Mohammed,1,0.0,0.0,"[A Low-Profile Quasi-Loop Magneto-Electric Dipole Antenna Featuring a Wide Bandwidth and Circular Polarization for 5G mmWave Device-to-Device Communication]
   └ 학회: 한국전자파학회JEES (IF: 0.45)"
3954,2022,전기전자공학,304310693,Roslina Hussin,1,0.0,0.0,"[A Low-Profile Quasi-Loop Magneto-Electric Dipole Antenna Featuring a Wide Bandwidth and Circular Polarization for 5G mmWave Device-to-Device Communication]
   └ 학회: 한국전자파학회JEES (IF: 0.45)"
3955,2022,전기전자공학,565482644,Mohamad Faiz Bin Mohamed Omar,1,0.0,0.0,"[A Low-Profile Quasi-Loop Magneto-Electric Dipole Antenna Featuring a Wide Bandwidth and Circular Polarization for 5G mmWave Device-to-Device Communication]
   └ 학회: 한국전자파학회JEES (IF: 0.45)"
3956,2022,전기전자공학,833483184,Fathul Najmi,1,0.0,0.0,"[A Low-Profile Quasi-Loop Magneto-Electric Dipole Antenna Featuring a Wide Bandwidth and Circular Polarization for 5G mmWave Device-to-Device Communication]
   └ 학회: 한국전자파학회JEES (IF: 0.45)"
3957,2022,전기전자공학,102297768,Zainal Arifin Ahmad,1,0.0,0.0,"[A Low-Profile Quasi-Loop Magneto-Electric Dipole Antenna Featuring a Wide Bandwidth and Circular Polarization for 5G mmWave Device-to-Device Communication]
   └ 학회: 한국전자파학회JEES (IF: 0.45)"
3958,2022,전기전자공학,582884061,Mohd Fariz Ab Rahman,1,0.0,0.0,"[A Low-Profile Quasi-Loop Magneto-Electric Dipole Antenna Featuring a Wide Bandwidth and Circular Polarization for 5G mmWave Device-to-Device Communication]
   └ 학회: 한국전자파학회JEES (IF: 0.45)"
3959,2022,전기전자공학,571772949,Mohd Nazri Mahmud,1,0.0,0.0,"[A Low-Profile Quasi-Loop Magneto-Electric Dipole Antenna Featuring a Wide Bandwidth and Circular Polarization for 5G mmWave Device-to-Device Communication]
   └ 학회: 한국전자파학회JEES (IF: 0.45)"
3960,2022,전기전자공학,600319516,Mohamadariff Othman,1,0.0,0.0,"[A Low-Profile Quasi-Loop Magneto-Electric Dipole Antenna Featuring a Wide Bandwidth and Circular Polarization for 5G mmWave Device-to-Device Communication]
   └ 학회: 한국전자파학회JEES (IF: 0.45)"
3961,2022,전기전자공학,873214492,Julie Juliewatty Mohamed,1,0.0,0.0,"[A Low-Profile Quasi-Loop Magneto-Electric Dipole Antenna Featuring a Wide Bandwidth and Circular Polarization for 5G mmWave Device-to-Device Communication]
   └ 학회: 한국전자파학회JEES (IF: 0.45)"
3962,2022,전기전자공학,148304075,Phanam Pech,1,0.0,0.0,"[Substrate Integrated Waveguide Quasi-Elliptic Filter with Arbitrary Termination Impedances]
   └ 학회: 한국전자파학회JEES (IF: 0.45)"
3963,2022,전기전자공학,932580847,Phirun Kim,1,0.0,0.0,"[Substrate Integrated Waveguide Quasi-Elliptic Filter with Arbitrary Termination Impedances]
   └ 학회: 한국전자파학회JEES (IF: 0.45)"
3964,2022,전기전자공학,562053373,Kawther Mekki,1,0.0,0.0,"[A UHF/UWB Monopole Antenna Design Process Integrated in an RFID Reader Board]
   └ 학회: 한국전자파학회JEES (IF: 0.45)"
3965,2022,전기전자공학,251730946,Omrane Necibi,1,0.0,0.0,"[A UHF/UWB Monopole Antenna Design Process Integrated in an RFID Reader Board]
   └ 학회: 한국전자파학회JEES (IF: 0.45)"
3966,2022,전기전자공학,528203996,Saoussen Lakhdhar,1,0.0,0.0,"[A UHF/UWB Monopole Antenna Design Process Integrated in an RFID Reader Board]
   └ 학회: 한국전자파학회JEES (IF: 0.45)"
3967,2022,전기전자공학,573621334,Ali Gharsallah,1,0.0,0.0,"[A UHF/UWB Monopole Antenna Design Process Integrated in an RFID Reader Board]
   └ 학회: 한국전자파학회JEES (IF: 0.45)"
3968,2022,전기전자공학,823609630,Jae Young Sim,1,0.0,0.0,"[Frequency Discrimination Method Using Asymmetric Transmission Time in FSK Radar]
   └ 학회: 한국전자파학회JEES (IF: 0.45)"
3969,2022,전기전자공학,874533451,Yong-Jin Kim,1,0.0,0.0,"[Efficient Finite-Difference Time-Domain Modeling of Time-Varying Dusty Plasma]
   └ 학회: 한국전자파학회JEES (IF: 0.45)"
3970,2022,전기전자공학,550223505,Jeong-Kyu Kim,1,0.0,0.0,"[Three-Dimensional Near-Field to Far-Field Transformation for Radar Cross Section Estimation of Elongated Targets via Subdimensional Hybrid Conversion]
   └ 학회: 한국전자파학회JEES (IF: 0.45)"
3971,2022,전기전자공학,538550921,Hyun-Sung Tae,1,0.0,0.0,"[Three-Dimensional Near-Field to Far-Field Transformation for Radar Cross Section Estimation of Elongated Targets via Subdimensional Hybrid Conversion]
   └ 학회: 한국전자파학회JEES (IF: 0.45)"
3972,2022,전기전자공학,540377120,Min-Gyeong Seo,1,0.0,0.0,"[Three-Dimensional Near-Field to Far-Field Transformation for Radar Cross Section Estimation of Elongated Targets via Subdimensional Hybrid Conversion]
   └ 학회: 한국전자파학회JEES (IF: 0.45)"
3973,2022,전기전자공학,115229029,Ho-Min Park,1,0.0,0.0,"[Three-Dimensional Near-Field to Far-Field Transformation for Radar Cross Section Estimation of Elongated Targets via Subdimensional Hybrid Conversion]
   └ 학회: 한국전자파학회JEES (IF: 0.45)"
3974,2022,전기전자공학,355946876,Gyeong-Sik Park,1,0.0,0.0,"[Classification of Transmission Modes through a Narrow Slot in a Thick Conducting Screen]
   └ 학회: 한국전자파학회JEES (IF: 0.45)"
3975,2022,전기전자공학,849912752,Gyeong-Jun Min,1,0.0,0.0,"[Classification of Transmission Modes through a Narrow Slot in a Thick Conducting Screen]
   └ 학회: 한국전자파학회JEES (IF: 0.45)"
3976,2022,전기전자공학,565436583,Jiseong Kim,1,0.0,0.0,"[Iterative Method for Modeling a Wireless Power Transfer System with Nonlinearity of Voltage Rectifier]
   └ 학회: 한국전자파학회JEES (IF: 0.45)"
3977,2022,전기전자공학,273230421,Jaesik Kim,1,0.0,0.0,"[A Direction-Finding Antenna Inserted into the Surface of Cylindrical Conductor Body]
   └ 학회: 한국전자파학회JEES (IF: 0.45)"
3978,2022,전기전자공학,144854944,Seongjung Kim,1,0.0,0.0,"[Design of a Relocatable Antenna Element Module for a Ku-Band Reconfigurable Array with Low Mutual Coupling]
   └ 학회: 한국전자파학회JEES (IF: 0.45)"
3979,2022,전기전자공학,365120293,조인경,1,0.0,0.0,"[무선측위국 보호를 위한 드론레이싱시스템의 간섭영향 분석]
   └ 학회: 한국전자파학회 (IF: 0.45)"
3980,2022,전기전자공학,114183527,김승남,1,0.0,0.0,"[무선측위국 보호를 위한 드론레이싱시스템의 간섭영향 분석]
   └ 학회: 한국전자파학회 (IF: 0.45)"
3981,2022,전기전자공학,615508984,이상윤,1,0.0,0.0,"[이음5G 서비스 국내외 동향과 활성화 정책방안]
   └ 학회: 한국전자파학회 (IF: 0.45)"
3982,2022,전기전자공학,282105635,강종성,1,0.0,0.0,"[비선형 호핑 패턴의 Stepped-Carrier OFDM 파형을 활용한 거리-도플러 이미징 기법 연구]
   └ 학회: 한국전자파학회 (IF: 0.45)"
3983,2022,전기전자공학,936741310,전준현,1,0.0,0.0,"[비선형 호핑 패턴의 Stepped-Carrier OFDM 파형을 활용한 거리-도플러 이미징 기법 연구]
   └ 학회: 한국전자파학회 (IF: 0.45)"
3984,2022,전기전자공학,723914,박재현,1,0.0,0.0,"[비선형 호핑 패턴의 Stepped-Carrier OFDM 파형을 활용한 거리-도플러 이미징 기법 연구]
   └ 학회: 한국전자파학회 (IF: 0.45)"
3985,2022,전기전자공학,258788214,김형석,1,0.0,0.0,"[항공용 SAR 시스템에서의 효과적인 실시간 요동보상 방법]
   └ 학회: 한국전자파학회 (IF: 0.45)"
3986,2022,전기전자공학,430250321,황정훈,1,0.0,0.0,"[항공용 SAR 시스템에서의 효과적인 실시간 요동보상 방법]
   └ 학회: 한국전자파학회 (IF: 0.45)"
3987,2022,전기전자공학,987011859,윤상호,1,0.0,0.0,"[항공용 SAR 시스템에서의 효과적인 실시간 요동보상 방법]
   └ 학회: 한국전자파학회 (IF: 0.45)"
3988,2022,전기전자공학,116803245,박태수,1,0.0,0.0,"[고속 패키지/PCB 노이즈 저감용 비주기 전자기밴드갭 전원분배망 설계를 위한 구조치환 해석기법]
   └ 학회: 한국전자파학회 (IF: 0.45)"
3989,2022,전기전자공학,444298082,김명회,1,0.0,0.0,"[고속 패키지/PCB 노이즈 저감용 비주기 전자기밴드갭 전원분배망 설계를 위한 구조치환 해석기법]
   └ 학회: 한국전자파학회 (IF: 0.45)"
3990,2022,전기전자공학,437144341,신건영,1,0.0,0.0,"[병렬 공진 기반 주파수 선택적 Rasorber 설계]
   └ 학회: 한국전자파학회 (IF: 0.45)"
3991,2022,전기전자공학,110184138,김영완,1,0.0,0.0,"[병렬 공진 기반 주파수 선택적 Rasorber 설계]
   └ 학회: 한국전자파학회 (IF: 0.45)"
3992,2022,전기전자공학,324754098,윤익재,1,0.0,0.0,"[병렬 공진 기반 주파수 선택적 Rasorber 설계]
   └ 학회: 한국전자파학회 (IF: 0.45)"
3993,2022,전기전자공학,733537955,한해빈,1,0.0,0.0,"[방향성 결합기를 이용한 부하 임피던스 측정 시스템 설계]
   └ 학회: 한국전자파학회 (IF: 0.45)"
3994,2022,전기전자공학,822591136,노정은,1,0.0,0.0,"[방향성 결합기를 이용한 부하 임피던스 측정 시스템 설계]
   └ 학회: 한국전자파학회 (IF: 0.45)"
3995,2022,전기전자공학,750280331,허영민,1,0.0,0.0,"[방향성 결합기를 이용한 부하 임피던스 측정 시스템 설계]
   └ 학회: 한국전자파학회 (IF: 0.45)"
3996,2022,전기전자공학,439032429,홍해찬,1,0.0,0.0,"[방향성 결합기를 이용한 부하 임피던스 측정 시스템 설계]
   └ 학회: 한국전자파학회 (IF: 0.45)"
3997,2022,전기전자공학,318713690,이문규,1,0.0,0.0,"[방향성 결합기를 이용한 부하 임피던스 측정 시스템 설계]
   └ 학회: 한국전자파학회 (IF: 0.45)"
3998,2022,전기전자공학,398644997,강은정,1,0.0,0.0,"[고해상도 영상 데이터를 전송하는 저궤도 위성의 데이터링크 송수신 안테나 동향 조사]
   └ 학회: 한국전자파학회 (IF: 0.45)"
3999,2022,전기전자공학,856490882,윤상운,1,0.0,0.0,"[고해상도 영상 데이터를 전송하는 저궤도 위성의 데이터링크 송수신 안테나 동향 조사]
   └ 학회: 한국전자파학회 (IF: 0.45)"
4000,2022,전기전자공학,843037249,임창현,1,0.0,0.0,"[고해상도 영상 데이터를 전송하는 저궤도 위성의 데이터링크 송수신 안테나 동향 조사]
   └ 학회: 한국전자파학회 (IF: 0.45)"
4001,2022,전기전자공학,625935,김정훈,1,0.0,0.0,"[고해상도 영상 데이터를 전송하는 저궤도 위성의 데이터링크 송수신 안테나 동향 조사]
   └ 학회: 한국전자파학회 (IF: 0.45)"
4002,2022,전기전자공학,295572057,신욱현,1,0.0,0.0,"[고해상도 영상 데이터를 전송하는 저궤도 위성의 데이터링크 송수신 안테나 동향 조사]
   └ 학회: 한국전자파학회 (IF: 0.45)"
4003,2022,전기전자공학,668195600,박영주,1,0.0,0.0,"[고해상도 영상 데이터를 전송하는 저궤도 위성의 데이터링크 송수신 안테나 동향 조사]
   └ 학회: 한국전자파학회 (IF: 0.45)"
4004,2022,전기전자공학,644275379,노진성,1,0.0,0.0,"[디지털 오실로스코프를 이용한 위상잡음 측정방법]
   └ 학회: 한국전자파학회 (IF: 0.45)"
4005,2022,전기전자공학,861154381,장도영,1,0.0,0.0,"[발사체 주변환경에 의한 전파산란특성 예측 연구]
   └ 학회: 한국전자파학회 (IF: 0.45)"
4006,2022,전기전자공학,788178049,왕성식,1,0.0,0.0,"[발사체 주변환경에 의한 전파산란특성 예측 연구]
   └ 학회: 한국전자파학회 (IF: 0.45)"
4007,2022,전기전자공학,954517132,김춘원,1,0.0,0.0,"[발사체 주변환경에 의한 전파산란특성 예측 연구]
   └ 학회: 한국전자파학회 (IF: 0.45)"
4008,2022,전기전자공학,914429553,장명인,1,0.0,0.0,"[모드정합법을 활용한 분리격벽에 의한 두 케이블 사이의 전기장 결합 특성 분석]
   └ 학회: 한국전자파학회 (IF: 0.45)"
4009,2022,전기전자공학,468588063,유승근,1,0.0,0.0,"[mmWave/Sub-THz 주파수 측정 과제와 측정 시스템 현황]
   └ 학회: 한국전자파학회 (IF: 0.45)"
4010,2022,전기전자공학,859092569,남찬우,1,0.0,0.0,"[mmWave/Sub-THz 주파수 측정 과제와 측정 시스템 현황]
   └ 학회: 한국전자파학회 (IF: 0.45)"
4011,2022,전기전자공학,893203912,이재영,1,0.0,0.0,"[밀리미터파 및 Sub-THz 대역 원거리장 안테나 측정 시스템 구현 및 검증 방법론]
   └ 학회: 한국전자파학회 (IF: 0.45)"
4012,2022,전기전자공학,266775233,김명선,1,0.0,0.0,"[밀리미터파 및 Sub-THz 대역 원거리장 안테나 측정 시스템 구현 및 검증 방법론]
   └ 학회: 한국전자파학회 (IF: 0.45)"
4013,2022,전기전자공학,525151929,김민경,1,0.0,0.0,"[밀리미터파 및 Sub-THz 대역 원거리장 안테나 측정 시스템 구현 및 검증 방법론]
   └ 학회: 한국전자파학회 (IF: 0.45)"
4014,2022,전기전자공학,880834714,이동섭,1,0.0,0.0,"[밀리미터파 및 Sub-THz 대역 원거리장 안테나 측정 시스템 구현 및 검증 방법론]
   └ 학회: 한국전자파학회 (IF: 0.45)"
4015,2022,전기전자공학,633878635,홍원빈,1,0.0,0.0,"[밀리미터파 및 Sub-THz 대역 원거리장 안테나 측정 시스템 구현 및 검증 방법론]
   └ 학회: 한국전자파학회 (IF: 0.45)"
4016,2022,전기전자공학,398235022,정해빈,1,0.0,0.0,"[도파관 측정 기반의 X 대역 PIN 다이오드 등가회로 값 추출 방법]
   └ 학회: 한국전자파학회 (IF: 0.45)"
4017,2022,전기전자공학,671102961,이선규,1,0.0,0.0,"[도파관 측정 기반의 X 대역 PIN 다이오드 등가회로 값 추출 방법]
   └ 학회: 한국전자파학회 (IF: 0.45)"
4018,2022,전기전자공학,927883241,정재영,1,0.0,0.0,"[무선랜 중계기용 다층 PCB 구조의 평판형 무지향성 이중공진 안테나]
   └ 학회: 한국전자파학회 (IF: 0.45)"
4019,2022,전기전자공학,817605417,강우택,1,0.0,0.0,"[무선랜 중계기용 다층 PCB 구조의 평판형 무지향성 이중공진 안테나]
   └ 학회: 한국전자파학회 (IF: 0.45)"
4020,2022,전기전자공학,690919547,임성헌,1,0.0,0.0,"[부하에 의한 출력 변화가 둔감한 6.78 ㎒ Class E 전력증폭기 설계]
   └ 학회: 한국전자파학회 (IF: 0.45)"
4021,2022,전기전자공학,314119105,배순철,1,0.0,0.0,"[부하에 의한 출력 변화가 둔감한 6.78 ㎒ Class E 전력증폭기 설계]
   └ 학회: 한국전자파학회 (IF: 0.45)"
4022,2022,전기전자공학,350879437,최재혁,1,0.0,0.0,"[부하에 의한 출력 변화가 둔감한 6.78 ㎒ Class E 전력증폭기 설계]
   └ 학회: 한국전자파학회 (IF: 0.45)"
4023,2022,전기전자공학,680579783,양영구,1,0.0,0.0,"[부하에 의한 출력 변화가 둔감한 6.78 ㎒ Class E 전력증폭기 설계]
   └ 학회: 한국전자파학회 (IF: 0.45)"
4024,2022,전기전자공학,724393807,최지효,1,0.0,0.0,"[기상 클러터 효과를 고려한 표면 클러터 반사신호 모노펄스 레이다 공대지 신호 생성]
   └ 학회: 한국전자파학회 (IF: 0.45)"
4025,2022,전기전자공학,325427972,정지현,1,0.0,0.0,"[기상 클러터 효과를 고려한 표면 클러터 반사신호 모노펄스 레이다 공대지 신호 생성]
   └ 학회: 한국전자파학회 (IF: 0.45)"
4026,2022,전기전자공학,574681033,이원준,1,0.0,0.0,"[항공기 AESA 레이다에서 TWS를 이용한 지상 이동 표적 추적]
   └ 학회: 한국전자파학회 (IF: 0.45)"
4027,2022,전기전자공학,291522347,배준우,1,0.0,0.0,"[포물형 방정식을 이용한 레이다 안테나 고도각도 보정 연구]
   └ 학회: 한국전자파학회 (IF: 0.45)"
4028,2022,전기전자공학,846743283,배익종,1,0.0,0.0,"[W-대역 고출력 증폭기 응용을 위한 E-평면 신호 전이 구조 및 저항성 격막을 이용한 도파관 전력 결합기]
   └ 학회: 한국전자파학회 (IF: 0.45)"
4029,2022,전기전자공학,885313732,장현제,1,0.0,0.0,"[W-대역 고출력 증폭기 응용을 위한 E-평면 신호 전이 구조 및 저항성 격막을 이용한 도파관 전력 결합기]
   └ 학회: 한국전자파학회 (IF: 0.45)"
4030,2022,전기전자공학,751107178,김민기,1,0.0,0.0,"[W-대역 고출력 증폭기 응용을 위한 E-평면 신호 전이 구조 및 저항성 격막을 이용한 도파관 전력 결합기]
   └ 학회: 한국전자파학회 (IF: 0.45)"
4031,2022,전기전자공학,654073375,한재섭,1,0.0,0.0,"[W-대역 고출력 증폭기 응용을 위한 E-평면 신호 전이 구조 및 저항성 격막을 이용한 도파관 전력 결합기]
   └ 학회: 한국전자파학회 (IF: 0.45)"
4032,2022,전기전자공학,870459564,민병욱,1,0.0,0.0,"[W-대역 고출력 증폭기 응용을 위한 E-평면 신호 전이 구조 및 저항성 격막을 이용한 도파관 전력 결합기]
   └ 학회: 한국전자파학회 (IF: 0.45)"
4033,2022,전기전자공학,607141748,육종민,1,0.0,0.0,"[W-대역 고출력 증폭기 응용을 위한 E-평면 신호 전이 구조 및 저항성 격막을 이용한 도파관 전력 결합기]
   └ 학회: 한국전자파학회 (IF: 0.45)"
4034,2022,전기전자공학,422735937,정용석,1,0.0,0.0,"[전자기스펙트럼 작전과 신호정보 발전방향]
   └ 학회: 한국전자파학회 (IF: 0.45)"
4035,2022,전기전자공학,276613127,최성수,1,0.0,0.0,"[고병렬 프로브 카드의 신호 특성 향상을 위한 보호저항 최적화에 대한 연구]
   └ 학회: 한국전자파학회 (IF: 0.45)"
4036,2022,전기전자공학,516742171,김규열,1,0.0,0.0,"[고병렬 프로브 카드의 신호 특성 향상을 위한 보호저항 최적화에 대한 연구]
   └ 학회: 한국전자파학회 (IF: 0.45)"
4037,2022,전기전자공학,381544781,김용상,1,0.0,0.0,"[고병렬 프로브 카드의 신호 특성 향상을 위한 보호저항 최적화에 대한 연구]
   └ 학회: 한국전자파학회 (IF: 0.45)"
4038,2022,전기전자공학,821190225,조준녕,1,0.0,0.0,"[신호의 시간 지연을 이용한 광대역 위상배열 계산]
   └ 학회: 한국전자파학회 (IF: 0.45)"
4039,2022,전기전자공학,980571807,이경민,1,0.0,0.0,"[신호의 시간 지연을 이용한 광대역 위상배열 계산]
   └ 학회: 한국전자파학회 (IF: 0.45)"
4040,2022,전기전자공학,76134,김태형,1,0.0,0.0,"[전투기 레이다 개발을 위한 Software-in-Loop Simulation 시스템 구현]
   └ 학회: 한국전자파학회 (IF: 0.45)"
4041,2022,전기전자공학,739392516,전형원,1,0.0,0.0,"[전투기 레이다 개발을 위한 Software-in-Loop Simulation 시스템 구현]
   └ 학회: 한국전자파학회 (IF: 0.45)"
4042,2022,전기전자공학,247846992,이성원,1,0.0,0.0,"[전투기 레이다 개발을 위한 Software-in-Loop Simulation 시스템 구현]
   └ 학회: 한국전자파학회 (IF: 0.45)"
4043,2022,전기전자공학,479681313,박준태,1,0.0,0.0,"[전투기 레이다 개발을 위한 Software-in-Loop Simulation 시스템 구현]
   └ 학회: 한국전자파학회 (IF: 0.45)"
4044,2022,전기전자공학,872358965,강명일,1,0.0,0.0,"[전투기 레이다 개발을 위한 Software-in-Loop Simulation 시스템 구현]
   └ 학회: 한국전자파학회 (IF: 0.45)"
4045,2022,전기전자공학,272776810,박준현,1,0.0,0.0,"[전투기 레이다 개발을 위한 Software-in-Loop Simulation 시스템 구현]
   └ 학회: 한국전자파학회 (IF: 0.45)"
4046,2022,전기전자공학,473735067,이해승,1,0.0,0.0,"[LBVH 순회를 이용한 거대 도체 구조의 레이다 단면적 분석]
   └ 학회: 한국전자파학회 (IF: 0.45)"
4047,2022,전기전자공학,370716329,Seung Hun Cha,1,0.0,0.0,"[Conical Ground Helical Antenna with Feed-Through Insulator for High-Power Microwave Applications]
   └ 학회: 한국전자파학회JEES (IF: 0.45)"
4048,2022,전기전자공학,520690191,Jin Soo Choi,1,0.0,0.0,"[Conical Ground Helical Antenna with Feed-Through Insulator for High-Power Microwave Applications]
   └ 학회: 한국전자파학회JEES (IF: 0.45)"
4049,2022,전기전자공학,825914588,Jiheon Ryu,1,0.0,0.0,"[Conical Ground Helical Antenna with Feed-Through Insulator for High-Power Microwave Applications]
   └ 학회: 한국전자파학회JEES (IF: 0.45)"
4050,2022,전기전자공학,337106223,Hae-ok Kwon,1,0.0,0.0,"[Conical Ground Helical Antenna with Feed-Through Insulator for High-Power Microwave Applications]
   └ 학회: 한국전자파학회JEES (IF: 0.45)"
4051,2022,전기전자공학,235842288,Sang-min Lee,1,0.0,0.0,"[Conical Ground Helical Antenna with Feed-Through Insulator for High-Power Microwave Applications]
   └ 학회: 한국전자파학회JEES (IF: 0.45)"
4052,2022,전기전자공학,535282702,Dong-Hee Son,1,0.0,0.0,"[Conical Ground Helical Antenna with Feed-Through Insulator for High-Power Microwave Applications]
   └ 학회: 한국전자파학회JEES (IF: 0.45)"
4053,2022,전기전자공학,730840850,윤영중,1,0.0,0.0,"[Conical Ground Helical Antenna with Feed-Through Insulator for High-Power Microwave Applications]
   └ 학회: 한국전자파학회JEES (IF: 0.45)"
4054,2022,전기전자공학,351677032,Youna Jang,1,0.0,0.0,"[A Wideband Doherty Combiner with Phase Variation Compensation Using LTCC Applicable for High Power Transmission]
   └ 학회: 한국전자파학회JEES (IF: 0.45)"
4055,2022,전기전자공학,502939075,Kwanhun Jeong,1,0.0,0.0,"[A Wideband Doherty Combiner with Phase Variation Compensation Using LTCC Applicable for High Power Transmission]
   └ 학회: 한국전자파학회JEES (IF: 0.45)"
4056,2022,전기전자공학,407961130,Jiwon Kim,1,0.0,0.0,"[A Wideband Doherty Combiner with Phase Variation Compensation Using LTCC Applicable for High Power Transmission]
   └ 학회: 한국전자파학회JEES (IF: 0.45)"
4057,2022,전기전자공학,233144827,Daeung Lee,1,0.0,0.0,"[A Wideband Doherty Combiner with Phase Variation Compensation Using LTCC Applicable for High Power Transmission]
   └ 학회: 한국전자파학회JEES (IF: 0.45)"
4058,2022,전기전자공학,512182686,Heesu Wang,1,0.0,0.0,"[Reduced-Size Series-Fed Two-Dipole Endfire Antenna]
   └ 학회: 한국전자파학회JEES (IF: 0.45)"
4059,2022,전기전자공학,316218516,Yong Bae Park,1,0.0,0.0,"[Reduced-Size Series-Fed Two-Dipole Endfire Antenna]
   └ 학회: 한국전자파학회JEES (IF: 0.45)"
4060,2022,전기전자공학,607653888,Ikmo Park,1,0.0,0.0,"[Reduced-Size Series-Fed Two-Dipole Endfire Antenna]
   └ 학회: 한국전자파학회JEES (IF: 0.45)"
4061,2022,전기전자공학,901954078,Byunglae Cho,1,0.0,0.0,"[Omega-K Algorithm Using Plane Wave Approximation for Forward-Looking Imaging Radar]
   └ 학회: 한국전자파학회JEES (IF: 0.45)"
4062,2022,전기전자공학,557377140,Sungwon Hong,1,0.0,0.0,"[Omega-K Algorithm Using Plane Wave Approximation for Forward-Looking Imaging Radar]
   └ 학회: 한국전자파학회JEES (IF: 0.45)"
4063,2022,전기전자공학,691725395,Kichul Yoon,1,0.0,0.0,"[Omega-K Algorithm Using Plane Wave Approximation for Forward-Looking Imaging Radar]
   └ 학회: 한국전자파학회JEES (IF: 0.45)"
4064,2022,전기전자공학,161862664,Wonhyung Son,1,0.0,0.0,"[A Neural Network-Based Microwave Imaging Method for Object Localization]
   └ 학회: 한국전자파학회JEES (IF: 0.45)"
4065,2022,전기전자공학,901756280,Won-Kwang Park,1,0.0,0.0,"[A Neural Network-Based Microwave Imaging Method for Object Localization]
   └ 학회: 한국전자파학회JEES (IF: 0.45)"
4066,2022,전기전자공학,832298003,Seong-Ho Son,1,0.0,0.0,"[A Neural Network-Based Microwave Imaging Method for Object Localization]
   └ 학회: 한국전자파학회JEES (IF: 0.45)"
4067,2022,전기전자공학,607474033,Guiting Dong,1,0.0,0.0,"[A Compact Dual-Band MIMO Antenna for Sub-6 GHz 5G Terminals]
   └ 학회: 한국전자파학회JEES (IF: 0.45)"
4068,2022,전기전자공학,716150421,Jianlin Huang,1,0.0,0.0,"[A Compact Dual-Band MIMO Antenna for Sub-6 GHz 5G Terminals]
   └ 학회: 한국전자파학회JEES (IF: 0.45)"
4069,2022,전기전자공학,213380927,Simin Lin,1,0.0,0.0,"[A Compact Dual-Band MIMO Antenna for Sub-6 GHz 5G Terminals]
   └ 학회: 한국전자파학회JEES (IF: 0.45)"
4070,2022,전기전자공학,892799339,Zhizhou Chen,1,0.0,0.0,"[A Compact Dual-Band MIMO Antenna for Sub-6 GHz 5G Terminals]
   └ 학회: 한국전자파학회JEES (IF: 0.45)"
4071,2022,전기전자공학,356596064,Gui Liu,1,0.0,0.0,"[A Compact Dual-Band MIMO Antenna for Sub-6 GHz 5G Terminals]
   └ 학회: 한국전자파학회JEES (IF: 0.45)"
4072,2022,전기전자공학,734815556,이기택,1,0.0,0.0,"[피아식별 AIMS 인증을 통한 항공기 안테나 성능검증 연구]
   └ 학회: 한국전자파학회 (IF: 0.45)"
4073,2022,전기전자공학,683710662,이청,1,0.0,0.0,"[피아식별 AIMS 인증을 통한 항공기 안테나 성능검증 연구]
   └ 학회: 한국전자파학회 (IF: 0.45)"
4074,2022,전기전자공학,520149050,신동대,1,0.0,0.0,"[피아식별 AIMS 인증을 통한 항공기 안테나 성능검증 연구]
   └ 학회: 한국전자파학회 (IF: 0.45)"
4075,2022,전기전자공학,268030696,남병석,1,0.0,0.0,"[피아식별 AIMS 인증을 통한 항공기 안테나 성능검증 연구]
   └ 학회: 한국전자파학회 (IF: 0.45)"
4076,2022,전기전자공학,566274005,임동준,1,0.0,0.0,"[필드 분포 및 Z-점수를 기반으로 한 대형 건축물의 차폐 특성 및 최적화 수신 지점 해석]
   └ 학회: 한국전자파학회 (IF: 0.45)"
4077,2022,전기전자공학,979279617,이재욱,1,0.0,0.0,"[필드 분포 및 Z-점수를 기반으로 한 대형 건축물의 차폐 특성 및 최적화 수신 지점 해석]
   └ 학회: 한국전자파학회 (IF: 0.45)"
4078,2022,전기전자공학,199477457,문현욱,1,0.0,0.0,"[FOV(Field-of-View) 분석을 통한 우주감시레이다의 탐색 펜스 요구사항 도출 방안 연구]
   └ 학회: 한국전자파학회 (IF: 0.45)"
4079,2022,전기전자공학,407245814,조인철,1,0.0,0.0,"[FOV(Field-of-View) 분석을 통한 우주감시레이다의 탐색 펜스 요구사항 도출 방안 연구]
   └ 학회: 한국전자파학회 (IF: 0.45)"
4080,2022,전기전자공학,908995470,염재명,1,0.0,0.0,"[FOV(Field-of-View) 분석을 통한 우주감시레이다의 탐색 펜스 요구사항 도출 방안 연구]
   └ 학회: 한국전자파학회 (IF: 0.45)"
4081,2022,전기전자공학,954752586,손성환,1,0.0,0.0,"[FOV(Field-of-View) 분석을 통한 우주감시레이다의 탐색 펜스 요구사항 도출 방안 연구]
   └ 학회: 한국전자파학회 (IF: 0.45)"
4082,2022,전기전자공학,426427188,최은정,1,0.0,0.0,"[FOV(Field-of-View) 분석을 통한 우주감시레이다의 탐색 펜스 요구사항 도출 방안 연구]
   └ 학회: 한국전자파학회 (IF: 0.45)"
4083,2022,전기전자공학,389106565,최진,1,0.0,0.0,"[FOV(Field-of-View) 분석을 통한 우주감시레이다의 탐색 펜스 요구사항 도출 방안 연구]
   └ 학회: 한국전자파학회 (IF: 0.45)"
4084,2022,전기전자공학,683861694,유지웅,1,0.0,0.0,"[FOV(Field-of-View) 분석을 통한 우주감시레이다의 탐색 펜스 요구사항 도출 방안 연구]
   └ 학회: 한국전자파학회 (IF: 0.45)"
4085,2022,전기전자공학,318789893,조성기,1,0.0,0.0,"[FOV(Field-of-View) 분석을 통한 우주감시레이다의 탐색 펜스 요구사항 도출 방안 연구]
   └ 학회: 한국전자파학회 (IF: 0.45)"
4086,2022,전기전자공학,842979117,이재민,1,0.0,0.0,"[위성 SAR용 이중 반사판 검증을 위한 위상 배열 급전기 설계 및 제작]
   └ 학회: 한국전자파학회 (IF: 0.45)"
4087,2022,전기전자공학,798983699,유제우,1,0.0,0.0,"[위성 SAR용 이중 반사판 검증을 위한 위상 배열 급전기 설계 및 제작]
   └ 학회: 한국전자파학회 (IF: 0.45)"
4088,2022,전기전자공학,946130114,채희덕,1,0.0,0.0,"[위성 SAR용 이중 반사판 검증을 위한 위상 배열 급전기 설계 및 제작]
   └ 학회: 한국전자파학회 (IF: 0.45)"
4089,2022,전기전자공학,391588094,박종국,1,0.0,0.0,"[위성 SAR용 이중 반사판 검증을 위한 위상 배열 급전기 설계 및 제작]
   └ 학회: 한국전자파학회 (IF: 0.45)"
4090,2022,전기전자공학,714490523,정화영,1,0.0,0.0,"[위성 SAR용 이중 반사판 검증을 위한 위상 배열 급전기 설계 및 제작]
   └ 학회: 한국전자파학회 (IF: 0.45)"
4091,2022,전기전자공학,606516029,이재덕,1,0.0,0.0,"[위성 SAR용 이중 반사판 검증을 위한 위상 배열 급전기 설계 및 제작]
   └ 학회: 한국전자파학회 (IF: 0.45)"
4092,2022,전기전자공학,947158346,이동우,1,0.0,0.0,"[위성 SAR용 이중 반사판 검증을 위한 위상 배열 급전기 설계 및 제작]
   └ 학회: 한국전자파학회 (IF: 0.45)"
4093,2022,전기전자공학,888341134,이동근,1,0.0,0.0,"[고차 고조파 방사가 억제된 능동위상배열안테나 설계]
   └ 학회: 한국전자파학회 (IF: 0.45)"
4094,2022,전기전자공학,578534931,정찬형,1,0.0,0.0,"[대한민국 남해상(부산-제주도)에서의 TVWS 가용채널 이용에 관한 연구]
   └ 학회: 한국전자파학회 (IF: 0.45)"
4095,2022,전기전자공학,956121251,심동하,1,0.0,0.0,"[대한민국 남해상(부산-제주도)에서의 TVWS 가용채널 이용에 관한 연구]
   └ 학회: 한국전자파학회 (IF: 0.45)"
4096,2022,전기전자공학,436380056,안현진,1,0.0,0.0,"[완전집적형 임피던스 변환 다중권선 90° 커플러의 설계]
   └ 학회: 한국전자파학회 (IF: 0.45)"
4097,2022,전기전자공학,104266037,박세준,1,0.0,0.0,"[28-㎚ CMOS 공정을 이용한 W-대역 레이다 송신기용 전력증폭기 설계]
   └ 학회: 한국전자파학회 (IF: 0.45)"
4098,2022,전기전자공학,170913888,강석원,1,0.0,0.0,"[28-㎚ CMOS 공정을 이용한 W-대역 레이다 송신기용 전력증폭기 설계]
   └ 학회: 한국전자파학회 (IF: 0.45)"
4099,2022,전기전자공학,220908190,최규진,1,0.0,0.0,"[28-㎚ CMOS 공정을 이용한 W-대역 레이다 송신기용 전력증폭기 설계]
   └ 학회: 한국전자파학회 (IF: 0.45)"
4100,2022,전기전자공학,602540642,한수민,1,0.0,0.0,"[HRP UWB 통신의 채널 특성 변화를 이용한 실내 사람 수 파악]
   └ 학회: 한국전자파학회 (IF: 0.45)"
4101,2022,전기전자공학,874131457,차상빈,1,0.0,0.0,"[움직이는 사람에 대한 비접촉식 생체신호추정 연구]
   └ 학회: 한국전자파학회 (IF: 0.45)"
4102,2022,전기전자공학,594476492,윤세원,1,0.0,0.0,"[움직이는 사람에 대한 비접촉식 생체신호추정 연구]
   └ 학회: 한국전자파학회 (IF: 0.45)"
4103,2022,전기전자공학,454862614,박상홍,1,0.0,0.0,"[움직이는 사람에 대한 비접촉식 생체신호추정 연구]
   └ 학회: 한국전자파학회 (IF: 0.45)"
4104,2022,전기전자공학,1068907,최인오,1,0.0,0.0,"[움직이는 사람에 대한 비접촉식 생체신호추정 연구]
   └ 학회: 한국전자파학회 (IF: 0.45)"
4105,2022,전기전자공학,570349418,김은빈,1,0.0,0.0,"[94 ㎓ 수신 4채널, 송신 1채널 FMCW 레이다 시스템]
   └ 학회: 한국전자파학회 (IF: 0.45)"
4106,2022,전기전자공학,590229985,김승연,1,0.0,0.0,"[94 ㎓ 수신 4채널, 송신 1채널 FMCW 레이다 시스템]
   └ 학회: 한국전자파학회 (IF: 0.45)"
4107,2022,전기전자공학,945608148,박재현,1,0.0,0.0,"[94 ㎓ 수신 4채널, 송신 1채널 FMCW 레이다 시스템]
   └ 학회: 한국전자파학회 (IF: 0.45)"
4108,2022,전기전자공학,315578249,유태우,1,0.0,0.0,"[94 ㎓ 수신 4채널, 송신 1채널 FMCW 레이다 시스템]
   └ 학회: 한국전자파학회 (IF: 0.45)"
4109,2022,전기전자공학,408941752,문성모,1,0.0,0.0,"[K 대역 위성통신용 CMOS 저잡음 증폭기 설계]
   └ 학회: 한국전자파학회 (IF: 0.45)"
4110,2022,전기전자공학,276018458,장동필,1,0.0,0.0,"[K 대역 위성통신용 CMOS 저잡음 증폭기 설계]
   └ 학회: 한국전자파학회 (IF: 0.45)"
4111,2022,전기전자공학,890095462,Tien Dat Nguyen,1,0.0,0.0,"[Optically Transparent Patch Antennas Using Saltwater for WLAN Applications]
   └ 학회: 한국전자파학회JEES (IF: 0.45)"
4112,2022,전기전자공학,973762200,Jung Han Choi,1,0.0,0.0,"[Optically Transparent Patch Antennas Using Saltwater for WLAN Applications]
   └ 학회: 한국전자파학회JEES (IF: 0.45)"
4113,2022,전기전자공학,941504171,Soonyong Lee,1,0.0,0.0,"[New Measurement Technique for Complex Permittivity in Millimeter-Wave Band Using Simple Rectangular Waveguide Adapters]
   └ 학회: 한국전자파학회JEES (IF: 0.45)"
4114,2022,전기전자공학,718532940,Youngkun Kwon,1,0.0,0.0,"[New Measurement Technique for Complex Permittivity in Millimeter-Wave Band Using Simple Rectangular Waveguide Adapters]
   └ 학회: 한국전자파학회JEES (IF: 0.45)"
4115,2022,전기전자공학,825753726,Ehsan Zarnousheh Farahani,1,0.0,0.0,"[Design of a Terahertz Leaky-Wave Long-Slot Antenna Using Graphene]
   └ 학회: 한국전자파학회JEES (IF: 0.45)"
4116,2022,전기전자공학,433986696,Alireza Mallahzadeh,1,0.0,0.0,"[Design of a Terahertz Leaky-Wave Long-Slot Antenna Using Graphene]
   └ 학회: 한국전자파학회JEES (IF: 0.45)"
4117,2022,전기전자공학,783635723,Tae Heung Lim,1,0.0,0.0,"[Design of a Wideband Printed Patch Dipole Antenna with a Balanced On-Board Feeding Network]
   └ 학회: 한국전자파학회JEES (IF: 0.45)"
4118,2022,전기전자공학,363008190,Ji-Hye Hwang,1,0.0,0.0,"[A Millimeter-Wave GaN MMIC Front End Module with 5G NR Performance Verification]
   └ 학회: 한국전자파학회JEES (IF: 0.45)"
4119,2022,전기전자공학,703564179,Jiho Lee,1,0.0,0.0,"[A Millimeter-Wave GaN MMIC Front End Module with 5G NR Performance Verification]
   └ 학회: 한국전자파학회JEES (IF: 0.45)"
4120,2022,전기전자공학,485674121,Ki-Jin Kim,1,0.0,0.0,"[A Millimeter-Wave GaN MMIC Front End Module with 5G NR Performance Verification]
   └ 학회: 한국전자파학회JEES (IF: 0.45)"
4121,2022,전기전자공학,575779520,Han Lim Lee,1,0.0,0.0,"[A Millimeter-Wave GaN MMIC Front End Module with 5G NR Performance Verification]
   └ 학회: 한국전자파학회JEES (IF: 0.45)"
4122,2022,전기전자공학,424203071,Jin-Seong Roh,1,0.0,0.0,"[An Efficient Cross-Correlation Method for a Digital Phase Noise Measurement System]
   └ 학회: 한국전자파학회JEES (IF: 0.45)"
4123,2022,전기전자공학,469420797,Ha-Wuk Sung,1,0.0,0.0,"[C-Band GaN Dual-Feedback Low-Noise Amplifier MMIC with High-Input Power Robustness]
   └ 학회: 한국전자파학회JEES (IF: 0.45)"
4124,2022,전기전자공학,411162423,Seong-Hee Han,1,0.0,0.0,"[C-Band GaN Dual-Feedback Low-Noise Amplifier MMIC with High-Input Power Robustness]
   └ 학회: 한국전자파학회JEES (IF: 0.45)"
4125,2022,전기전자공학,414993806,Seong-Il Kim,1,0.0,0.0,"[C-Band GaN Dual-Feedback Low-Noise Amplifier MMIC with High-Input Power Robustness]
   └ 학회: 한국전자파학회JEES (IF: 0.45)"
4126,2022,전기전자공학,796436933,Ho-Kyun Ahn,1,0.0,0.0,"[C-Band GaN Dual-Feedback Low-Noise Amplifier MMIC with High-Input Power Robustness]
   └ 학회: 한국전자파학회JEES (IF: 0.45)"
4127,2022,전기전자공학,697199551,Dong Yun Jung,1,0.0,0.0,"[Power Limiter with PIN Diode Embedded in Cavity to Minimize Parasitic Inductance]
   └ 학회: 한국전자파학회JEES (IF: 0.45)"
4128,2022,전기전자공학,976911287,Kun Sik Park,1,0.0,0.0,"[Power Limiter with PIN Diode Embedded in Cavity to Minimize Parasitic Inductance]
   └ 학회: 한국전자파학회JEES (IF: 0.45)"
4129,2022,전기전자공학,416942128,Jong Il Won,1,0.0,0.0,"[Power Limiter with PIN Diode Embedded in Cavity to Minimize Parasitic Inductance]
   └ 학회: 한국전자파학회JEES (IF: 0.45)"
4130,2022,전기전자공학,572118999,Doohyung Cho,1,0.0,0.0,"[Power Limiter with PIN Diode Embedded in Cavity to Minimize Parasitic Inductance]
   └ 학회: 한국전자파학회JEES (IF: 0.45)"
4131,2022,전기전자공학,148482,Sungkyu Kwon,1,0.0,0.0,"[Power Limiter with PIN Diode Embedded in Cavity to Minimize Parasitic Inductance]
   └ 학회: 한국전자파학회JEES (IF: 0.45)"
4132,2022,전기전자공학,780407808,Hyun Gyu Jang,1,0.0,0.0,"[Power Limiter with PIN Diode Embedded in Cavity to Minimize Parasitic Inductance]
   └ 학회: 한국전자파학회JEES (IF: 0.45)"
4133,2022,전기전자공학,178472267,임시언,1,0.0,0.0,"[링 공진기의 체배종속적 전류분포 해석을 통한 Molding Compound의 광대역 유전율 측정 방법 연구]
   └ 학회: 한국전자파학회 (IF: 0.45)"
4134,2022,전기전자공학,890423652,윤홍선,1,0.0,0.0,"[링 공진기의 체배종속적 전류분포 해석을 통한 Molding Compound의 광대역 유전율 측정 방법 연구]
   └ 학회: 한국전자파학회 (IF: 0.45)"
4135,2022,전기전자공학,671297182,차준우,1,0.0,0.0,"[링 공진기의 체배종속적 전류분포 해석을 통한 Molding Compound의 광대역 유전율 측정 방법 연구]
   └ 학회: 한국전자파학회 (IF: 0.45)"
4136,2022,전기전자공학,310008637,박초윤,1,0.0,0.0,"[링 공진기의 체배종속적 전류분포 해석을 통한 Molding Compound의 광대역 유전율 측정 방법 연구]
   └ 학회: 한국전자파학회 (IF: 0.45)"
4137,2022,전기전자공학,517798914,강미향,1,0.0,0.0,"[링 공진기의 체배종속적 전류분포 해석을 통한 Molding Compound의 광대역 유전율 측정 방법 연구]
   └ 학회: 한국전자파학회 (IF: 0.45)"
4138,2022,전기전자공학,967140522,김인환,1,0.0,0.0,"[k-평균 클러스터링 알고리즘을 활용한 CBFM의 CBF 계산 시간 가속화]
   └ 학회: 한국전자파학회 (IF: 0.45)"
4139,2022,전기전자공학,365706080,임형래,1,0.0,0.0,"[k-평균 클러스터링 알고리즘을 활용한 CBFM의 CBF 계산 시간 가속화]
   └ 학회: 한국전자파학회 (IF: 0.45)"
4140,2022,전기전자공학,627573146,김영주,1,0.0,0.0,"[k-평균 클러스터링 알고리즘을 활용한 CBFM의 CBF 계산 시간 가속화]
   └ 학회: 한국전자파학회 (IF: 0.45)"
4141,2022,전기전자공학,924735038,육종관,1,0.0,0.0,"[k-평균 클러스터링 알고리즘을 활용한 CBFM의 CBF 계산 시간 가속화]
   └ 학회: 한국전자파학회 (IF: 0.45)"
4142,2022,전기전자공학,931702152,변성철,1,0.0,0.0,"[LDA 기반 분산 레이다 시스템을 활용한 손동작 분류 알고리즘 개발 및 성능 분석]
   └ 학회: 한국전자파학회 (IF: 0.45)"
4143,2022,전기전자공학,474679751,노재현,1,0.0,0.0,"[LDA 기반 분산 레이다 시스템을 활용한 손동작 분류 알고리즘 개발 및 성능 분석]
   └ 학회: 한국전자파학회 (IF: 0.45)"
4144,2022,전기전자공학,863420587,윤주호,1,0.0,0.0,"[해상 환경에 따른 전자빔 보상방법 연구]
   └ 학회: 한국전자파학회 (IF: 0.45)"
4145,2022,전기전자공학,746516362,백지웅,1,0.0,0.0,"[해상 환경에 따른 전자빔 보상방법 연구]
   └ 학회: 한국전자파학회 (IF: 0.45)"
4146,2022,전기전자공학,143880263,박종일,1,0.0,0.0,"[해상 환경에 따른 전자빔 보상방법 연구]
   └ 학회: 한국전자파학회 (IF: 0.45)"
4147,2022,전기전자공학,589743695,조선앵,1,0.0,0.0,"[915 MHz 통과형 저손실 고조파 응답기 설계]
   └ 학회: 한국전자파학회 (IF: 0.45)"
4148,2022,전기전자공학,413624260,최준모,1,0.0,0.0,"[광대역 특성을 갖는 3층형 소형 모노콘 안테나]
   └ 학회: 한국전자파학회 (IF: 0.45)"
4149,2022,전기전자공학,754897759,오영균,1,0.0,0.0,"[광대역 특성을 갖는 3층형 소형 모노콘 안테나]
   └ 학회: 한국전자파학회 (IF: 0.45)"
4150,2022,전기전자공학,189452613,임지훈,1,0.0,0.0,"[다수의 Photovoltaic Submodule용 컨버터를 통합한 DPP 컨버터]
   └ 학회: 전력전자학회 (IF: 0.41)"
4151,2022,전기전자공학,502835618,이동인,1,0.0,0.0,"[다수의 Photovoltaic Submodule용 컨버터를 통합한 DPP 컨버터]
   └ 학회: 전력전자학회 (IF: 0.41)"
4152,2022,전기전자공학,185205970,현예지,1,0.0,0.0,"[다수의 Photovoltaic Submodule용 컨버터를 통합한 DPP 컨버터]
   └ 학회: 전력전자학회 (IF: 0.41)"
4153,2022,전기전자공학,241556942,최재혁,1,0.0,0.0,"[다수의 Photovoltaic Submodule용 컨버터를 통합한 DPP 컨버터]
   └ 학회: 전력전자학회 (IF: 0.41)"
4154,2022,전기전자공학,148376344,윤한신,1,0.0,0.0,"[다수의 Photovoltaic Submodule용 컨버터를 통합한 DPP 컨버터]
   └ 학회: 전력전자학회 (IF: 0.41)"
4155,2022,전기전자공학,918005166,손명수,1,0.0,0.0,"[직렬 연결된 SiC MOSFET의 전압 평형을 위한 새로운 능동 게이트 구동 기법]
   └ 학회: 전력전자학회 (IF: 0.41)"
4156,2022,전기전자공학,383690697,박성명,1,0.0,0.0,"[폐루프 방식의 속도 적분각을 이용한 PMSM 센서리스 초기기동 알고리즘]
   └ 학회: 전력전자학회 (IF: 0.41)"
4157,2022,전기전자공학,883397939,김준석,1,0.0,0.0,"[폐루프 방식의 속도 적분각을 이용한 PMSM 센서리스 초기기동 알고리즘]
   └ 학회: 전력전자학회 (IF: 0.41)"
4158,2022,전기전자공학,872511942,김선주,1,0.0,0.0,"[150kW급 수소연료전지 차량용 DC/DC 컨버터 개발 및 실차모사 실험]
   └ 학회: 전력전자학회 (IF: 0.41)"
4159,2022,전기전자공학,1550833,정현주,1,0.0,0.0,"[150kW급 수소연료전지 차량용 DC/DC 컨버터 개발 및 실차모사 실험]
   └ 학회: 전력전자학회 (IF: 0.41)"
4160,2022,전기전자공학,865880616,조준호,1,0.0,0.0,"[150kW급 수소연료전지 차량용 DC/DC 컨버터 개발 및 실차모사 실험]
   └ 학회: 전력전자학회 (IF: 0.41)"
4161,2022,전기전자공학,191520077,윤혜성,1,0.0,0.0,"[150kW급 수소연료전지 차량용 DC/DC 컨버터 개발 및 실차모사 실험]
   └ 학회: 전력전자학회 (IF: 0.41)"
4162,2022,전기전자공학,377783485,신유승,1,0.0,0.0,"[출력 커패시터가 없는 위상천이 풀브릿지 컨버터의 전류 전향 보상을 이용한 출력 전압 제어 기법]
   └ 학회: 전력전자학회 (IF: 0.41)"
4163,2022,전기전자공학,942601827,김근욱,1,0.0,0.0,"[복수의 스트링을 포함한 태양광 패널에 적용 가능한 차동 전력 조절기의 조사량 적응형 동작 알고리즘]
   └ 학회: 전력전자학회 (IF: 0.41)"
4164,2022,전기전자공학,814215941,김민아,1,0.0,0.0,"[복수의 스트링을 포함한 태양광 패널에 적용 가능한 차동 전력 조절기의 조사량 적응형 동작 알고리즘]
   └ 학회: 전력전자학회 (IF: 0.41)"
4165,2022,전기전자공학,134155184,나재호,1,0.0,0.0,"[넓은 전압 범위를 갖는 양방향 충전기 개발]
   └ 학회: 전력전자학회 (IF: 0.41)"
4166,2022,전기전자공학,574927363,이충열,1,0.0,0.0,"[넓은 전압 범위를 갖는 양방향 충전기 개발]
   └ 학회: 전력전자학회 (IF: 0.41)"
4167,2022,전기전자공학,873394888,서승우,1,0.0,0.0,"[단상 영구자석 동기 전동기의 비대칭 공극 구조를 고려한 회전자 초기 자극 검출 기법]
   └ 학회: 전력전자학회 (IF: 0.41)"
4168,2022,전기전자공학,473527145,황선환,1,0.0,0.0,"[단상 영구자석 동기 전동기의 비대칭 공극 구조를 고려한 회전자 초기 자극 검출 기법]
   └ 학회: 전력전자학회 (IF: 0.41)"
4169,2022,전기전자공학,966259664,박종원,1,0.0,0.0,"[단상 영구자석 동기 전동기의 비대칭 공극 구조를 고려한 회전자 초기 자극 검출 기법]
   └ 학회: 전력전자학회 (IF: 0.41)"
4170,2022,전기전자공학,542545626,김용휴,1,0.0,0.0,"[단상 영구자석 동기 전동기의 비대칭 공극 구조를 고려한 회전자 초기 자극 검출 기법]
   └ 학회: 전력전자학회 (IF: 0.41)"
4171,2022,전기전자공학,210252655,허철영,1,0.0,0.0,"[직병렬 임피던스 보상을 통한 계통 연계 분산전원 인버터의 PCC 무효전력 제어 알고리즘]
   └ 학회: 전력전자학회 (IF: 0.41)"
4172,2022,전기전자공학,915590895,김용래,1,0.0,0.0,"[직병렬 임피던스 보상을 통한 계통 연계 분산전원 인버터의 PCC 무효전력 제어 알고리즘]
   └ 학회: 전력전자학회 (IF: 0.41)"
4173,2022,전기전자공학,118017817,안재범,1,0.0,0.0,"[태양광 직렬 아크 검출기의 오검출 방지를 위한 DWT 기반 파라미터 및 반복 알고리즘]
   └ 학회: 전력전자학회 (IF: 0.41)"
4174,2022,전기전자공학,142572985,이진한,1,0.0,0.0,"[태양광 직렬 아크 검출기의 오검출 방지를 위한 DWT 기반 파라미터 및 반복 알고리즘]
   └ 학회: 전력전자학회 (IF: 0.41)"
4175,2022,전기전자공학,426395262,이진,1,0.0,0.0,"[태양광 직렬 아크 검출기의 오검출 방지를 위한 DWT 기반 파라미터 및 반복 알고리즘]
   └ 학회: 전력전자학회 (IF: 0.41)"
4176,2022,전기전자공학,280858883,조영훈,1,0.0,0.0,"[COT 제어 플라이벅 컨버터를 위한 전압 리플 보상회로의 분석 및 설계]
   └ 학회: 전력전자학회 (IF: 0.41)"
4177,2022,전기전자공학,230404229,장바울,1,0.0,0.0,"[COT 제어 플라이벅 컨버터를 위한 전압 리플 보상회로의 분석 및 설계]
   └ 학회: 전력전자학회 (IF: 0.41)"
4178,2022,전기전자공학,5094671,김준석,1,0.0,0.0,"[선형성이 우수한 과변조 기법의 DSP 구현 방법]
   └ 학회: 전력전자학회 (IF: 0.41)"
4179,2022,전기전자공학,389644458,김도현,1,0.0,0.0,"[선형성이 우수한 과변조 기법의 DSP 구현 방법]
   └ 학회: 전력전자학회 (IF: 0.41)"
4180,2022,전기전자공학,143266562,이준희,1,0.0,0.0,"[선형성이 우수한 과변조 기법의 DSP 구현 방법]
   └ 학회: 전력전자학회 (IF: 0.41)"
4181,2022,전기전자공학,316358000,윤범렬,1,0.0,0.0,"[단전원 듀얼 인버터의 데드타임으로 인한 영상전류 억제 방법]
   └ 학회: 전력전자학회 (IF: 0.41)"
4182,2022,전기전자공학,843589802,김태형,1,0.0,0.0,"[단전원 듀얼 인버터의 데드타임으로 인한 영상전류 억제 방법]
   └ 학회: 전력전자학회 (IF: 0.41)"
4183,2022,전기전자공학,326154167,이준희,1,0.0,0.0,"[단전원 듀얼 인버터의 데드타임으로 인한 영상전류 억제 방법]
   └ 학회: 전력전자학회 (IF: 0.41)"
4184,2022,전기전자공학,547682736,한상훈,1,0.0,0.0,"[듀얼벅 인버터의 무효전력 보상 시 전류 왜곡 저감]
   └ 학회: 전력전자학회 (IF: 0.41)"
4185,2022,전기전자공학,716031776,조상우,1,0.0,0.0,"[직렬저항/퍼지로직 기반 배터리 선별 그룹 내 정량적 우선순위 비교 및 선정]
   └ 학회: 전력전자학회 (IF: 0.41)"
4186,2022,전기전자공학,611383473,한동호,1,0.0,0.0,"[직렬저항/퍼지로직 기반 배터리 선별 그룹 내 정량적 우선순위 비교 및 선정]
   └ 학회: 전력전자학회 (IF: 0.41)"
4187,2022,전기전자공학,478765098,최창기,1,0.0,0.0,"[직렬저항/퍼지로직 기반 배터리 선별 그룹 내 정량적 우선순위 비교 및 선정]
   └ 학회: 전력전자학회 (IF: 0.41)"
4188,2022,전기전자공학,134168781,김재원,1,0.0,0.0,"[직렬저항/퍼지로직 기반 배터리 선별 그룹 내 정량적 우선순위 비교 및 선정]
   └ 학회: 전력전자학회 (IF: 0.41)"
4189,2022,전기전자공학,823386982,김가인,1,0.0,0.0,"[7kW 연료전지용 DC/DC 컨버터 설계]
   └ 학회: 전력전자학회 (IF: 0.41)"
4190,2022,전기전자공학,597861465,신민호,1,0.0,0.0,"[7kW 연료전지용 DC/DC 컨버터 설계]
   └ 학회: 전력전자학회 (IF: 0.41)"
4191,2022,전기전자공학,435345512,이정효,1,0.0,0.0,"[7kW 연료전지용 DC/DC 컨버터 설계]
   └ 학회: 전력전자학회 (IF: 0.41)"
4192,2022,전기전자공학,631802992,윤창우,1,0.0,0.0,"[수동 전력 비동조화가 가능한 QAB 컨버터의 분석과 설계에 관한 연구]
   └ 학회: 전력전자학회 (IF: 0.41)"
4193,2022,전기전자공학,335241997,이준영,1,0.0,0.0,"[수동 전력 비동조화가 가능한 QAB 컨버터의 분석과 설계에 관한 연구]
   └ 학회: 전력전자학회 (IF: 0.41)"
4194,2022,전기전자공학,513366320,백주원,1,0.0,0.0,"[수동 전력 비동조화가 가능한 QAB 컨버터의 분석과 설계에 관한 연구]
   └ 학회: 전력전자학회 (IF: 0.41)"
4195,2022,전기전자공학,855344289,이기영,1,0.0,0.0,"[전기자동차 급속충전기용 넓은 전압 범위를 갖는 30kW급 SiC MOSFET 기반 고속 스위칭 LLC 컨버터 설계 및 병렬 운전]
   └ 학회: 전력전자학회 (IF: 0.41)"
4196,2022,전기전자공학,4033030,민성수,1,0.0,0.0,"[전기자동차 급속충전기용 넓은 전압 범위를 갖는 30kW급 SiC MOSFET 기반 고속 스위칭 LLC 컨버터 설계 및 병렬 운전]
   └ 학회: 전력전자학회 (IF: 0.41)"
4197,2022,전기전자공학,887143428,박수성,1,0.0,0.0,"[전기자동차 급속충전기용 넓은 전압 범위를 갖는 30kW급 SiC MOSFET 기반 고속 스위칭 LLC 컨버터 설계 및 병렬 운전]
   └ 학회: 전력전자학회 (IF: 0.41)"
4198,2022,전기전자공학,2129948,조영찬,1,0.0,0.0,"[전기자동차 급속충전기용 넓은 전압 범위를 갖는 30kW급 SiC MOSFET 기반 고속 스위칭 LLC 컨버터 설계 및 병렬 운전]
   └ 학회: 전력전자학회 (IF: 0.41)"
4199,2022,전기전자공학,712911200,이상택,1,0.0,0.0,"[전기자동차 급속충전기용 넓은 전압 범위를 갖는 30kW급 SiC MOSFET 기반 고속 스위칭 LLC 컨버터 설계 및 병렬 운전]
   └ 학회: 전력전자학회 (IF: 0.41)"
4200,2022,전기전자공학,116185623,김영규,1,0.0,0.0,"[통신용 고밀도, 고효율 전원 장치 설계]
   └ 학회: 전력전자학회 (IF: 0.41)"
4201,2022,전기전자공학,274886216,전찬오,1,0.0,0.0,"[단독운전 모드 동작에서의 Triple-Active-Bridge 컨버터 제어 기법 및 소신호 모델을 기반으로 한 제어기 설계]
   └ 학회: 전력전자학회 (IF: 0.41)"
4202,2022,전기전자공학,872262080,허경욱,1,0.0,0.0,"[단독운전 모드 동작에서의 Triple-Active-Bridge 컨버터 제어 기법 및 소신호 모델을 기반으로 한 제어기 설계]
   └ 학회: 전력전자학회 (IF: 0.41)"
4203,2022,전기전자공학,109718315,류명효,1,0.0,0.0,"[단독운전 모드 동작에서의 Triple-Active-Bridge 컨버터 제어 기법 및 소신호 모델을 기반으로 한 제어기 설계]
   └ 학회: 전력전자학회 (IF: 0.41)"
4204,2022,전기전자공학,142495095,신준호,1,0.0,0.0,"[전력용 MOSFET의 온-상태 저항 측정 및 노화 시험 환경 구축]
   └ 학회: 전력전자학회 (IF: 0.41)"
4205,2022,전기전자공학,596541201,신종원,1,0.0,0.0,"[전력용 MOSFET의 온-상태 저항 측정 및 노화 시험 환경 구축]
   └ 학회: 전력전자학회 (IF: 0.41)"
4206,2022,전기전자공학,733196018,공소정,1,0.0,0.0,"[고전압 MLCC 시험을 위한 에너지 회수 회로 제안]
   └ 학회: 전력전자학회 (IF: 0.41)"
4207,2022,전기전자공학,592169155,홍대영,1,0.0,0.0,"[고전압 MLCC 시험을 위한 에너지 회수 회로 제안]
   └ 학회: 전력전자학회 (IF: 0.41)"
4208,2022,전기전자공학,358668997,하민우,1,0.0,0.0,"[고전압 MLCC 시험을 위한 에너지 회수 회로 제안]
   └ 학회: 전력전자학회 (IF: 0.41)"
4209,2022,전기전자공학,156262317,한의성,1,0.0,0.0,"[에너지 저장 시스템 적용을 위한 머신러닝 기반의 폐배터리 스크리닝 알고리즘]
   └ 학회: 전력전자학회 (IF: 0.41)"
4210,2022,전기전자공학,309678787,이현호,1,0.0,0.0,"[에너지 저장 시스템 적용을 위한 머신러닝 기반의 폐배터리 스크리닝 알고리즘]
   └ 학회: 전력전자학회 (IF: 0.41)"
4211,2022,전기전자공학,4686241,김현동,1,0.0,0.0,"[계통 연계를 위한 병렬 LCL 여파기용 Interleaved PWM 인버터]
   └ 학회: 전력전자학회 (IF: 0.41)"
4212,2022,전기전자공학,561389014,전성즙,1,0.0,0.0,"[계통 연계를 위한 병렬 LCL 여파기용 Interleaved PWM 인버터]
   └ 학회: 전력전자학회 (IF: 0.41)"
4213,2022,전기전자공학,580782250,이민성,1,0.0,0.0,"[이중 변환 UPS 병렬 운전의 제어 동특성 향상을 위한 동기 좌표계 전압 제어기 구조]
   └ 학회: 전력전자학회 (IF: 0.41)"
4214,2022,전기전자공학,678335163,김성민,1,0.0,0.0,"[이중 변환 UPS 병렬 운전의 제어 동특성 향상을 위한 동기 좌표계 전압 제어기 구조]
   └ 학회: 전력전자학회 (IF: 0.41)"
4215,2022,전기전자공학,771899513,김석민,1,0.0,0.0,"[이중 변환 UPS 병렬 운전의 제어 동특성 향상을 위한 동기 좌표계 전압 제어기 구조]
   └ 학회: 전력전자학회 (IF: 0.41)"
4216,2022,전기전자공학,768082257,강호현,1,0.0,0.0,"[이중 변환 UPS 병렬 운전의 제어 동특성 향상을 위한 동기 좌표계 전압 제어기 구조]
   └ 학회: 전력전자학회 (IF: 0.41)"
4217,2022,전기전자공학,788909249,김희중,1,0.0,0.0,"[이중 변환 UPS 병렬 운전의 제어 동특성 향상을 위한 동기 좌표계 전압 제어기 구조]
   └ 학회: 전력전자학회 (IF: 0.41)"
4218,2022,전기전자공학,421562656,장원진,1,0.0,0.0,"[인터리브드 PWM 방식의 6상 영구자석 동기전동기 전류 맥동 및 토크 맥동 분석]
   └ 학회: 전력전자학회 (IF: 0.41)"
4219,2022,전기전자공학,865768718,김성훈,1,0.0,0.0,"[인터리브드 PWM 방식의 6상 영구자석 동기전동기 전류 맥동 및 토크 맥동 분석]
   └ 학회: 전력전자학회 (IF: 0.41)"
4220,2022,전기전자공학,651809046,전보성,1,0.0,0.0,"[인터리브드 PWM 방식의 6상 영구자석 동기전동기 전류 맥동 및 토크 맥동 분석]
   └ 학회: 전력전자학회 (IF: 0.41)"
4221,2022,전기전자공학,707932255,김승우,1,0.0,0.0,"[시계열 모델 기반의 계절성에 특화된 S-ARIMA 모델을 사용한 리튬이온 배터리의 노화 예측 및 분석]
   └ 학회: 전력전자학회 (IF: 0.41)"
4222,2022,전기전자공학,172082216,이평연,1,0.0,0.0,"[시계열 모델 기반의 계절성에 특화된 S-ARIMA 모델을 사용한 리튬이온 배터리의 노화 예측 및 분석]
   └ 학회: 전력전자학회 (IF: 0.41)"
4223,2022,전기전자공학,759576312,권상욱,1,0.0,0.0,"[시계열 모델 기반의 계절성에 특화된 S-ARIMA 모델을 사용한 리튬이온 배터리의 노화 예측 및 분석]
   └ 학회: 전력전자학회 (IF: 0.41)"
4224,2022,전기전자공학,571975807,이승훈,1,0.0,0.0,"[양극성 DC 배전 시스템 적용을 위한 결합 인덕터 기반의 전압 밸런싱 이중 출력 CLL 공진형 컨버터]
   └ 학회: 전력전자학회 (IF: 0.41)"
4225,2022,전기전자공학,981216994,김정훈,1,0.0,0.0,"[양극성 DC 배전 시스템 적용을 위한 결합 인덕터 기반의 전압 밸런싱 이중 출력 CLL 공진형 컨버터]
   └ 학회: 전력전자학회 (IF: 0.41)"
4226,2022,전기전자공학,681968634,최민영,1,0.0,0.0,"[넓은 입출력 전압을 위한 LLC 공진형 컨버터의 풀 브리지-하프 브리지 모드 변환 기법 연구]
   └ 학회: 전력전자학회 (IF: 0.41)"
4227,2022,전기전자공학,508511864,장은수,1,0.0,0.0,"[가정용 유도 가열 기기의 Low Profile 구현을 위한 설계]
   └ 학회: 전력전자학회 (IF: 0.41)"
4228,2022,전기전자공학,605487954,우태겸,1,0.0,0.0,"[이중 변환 UPS의 병렬 운전 시 외란 저감 성능 향상을 위한 정지 좌표계 상의 전향 보상 기법]
   └ 학회: 전력전자학회 (IF: 0.41)"
4229,2022,전기전자공학,553102248,정희성,1,0.0,0.0,"[Dynamic Load Profile 조건의 전원 장치에 있어서 계통 Peak Power 제한/보상 전력 회로]
   └ 학회: 전력전자학회 (IF: 0.41)"
4230,2022,전기전자공학,442719239,박도일,1,0.0,0.0,"[Dynamic Load Profile 조건의 전원 장치에 있어서 계통 Peak Power 제한/보상 전력 회로]
   └ 학회: 전력전자학회 (IF: 0.41)"
4231,2022,전기전자공학,106080051,이용휘,1,0.0,0.0,"[Dynamic Load Profile 조건의 전원 장치에 있어서 계통 Peak Power 제한/보상 전력 회로]
   └ 학회: 전력전자학회 (IF: 0.41)"
4232,2022,전기전자공학,884308255,이창현,1,0.0,0.0,"[Dynamic Load Profile 조건의 전원 장치에 있어서 계통 Peak Power 제한/보상 전력 회로]
   └ 학회: 전력전자학회 (IF: 0.41)"
4233,2022,전기전자공학,745737520,노정욱,1,0.0,0.0,"[Dynamic Load Profile 조건의 전원 장치에 있어서 계통 Peak Power 제한/보상 전력 회로]
   └ 학회: 전력전자학회 (IF: 0.41)"
4234,2022,전기전자공학,193104998,레덧탕,1,0.0,0.0,"[급속충전기용 파워 모듈을 위한 단일단 AC-DC 컨버터]
   └ 학회: 전력전자학회 (IF: 0.41)"
4235,2022,전기전자공학,607982250,이민수,1,0.0,0.0,"[양극성 DC 배전 시스템을 위한 고효율 전압 밸런싱 듀얼 액티브 브리지 컨버터]
   └ 학회: 전력전자학회 (IF: 0.41)"
4236,2022,전기전자공학,697140323,천성문,1,0.0,0.0,"[양극성 DC 배전 시스템을 위한 고효율 전압 밸런싱 듀얼 액티브 브리지 컨버터]
   └ 학회: 전력전자학회 (IF: 0.41)"
4237,2022,전기전자공학,854716444,최동민,1,0.0,0.0,"[양극성 DC 배전 시스템을 위한 고효율 전압 밸런싱 듀얼 액티브 브리지 컨버터]
   └ 학회: 전력전자학회 (IF: 0.41)"
4238,2022,전기전자공학,302634805,문건우,1,0.0,0.0,"[양극성 DC 배전 시스템을 위한 고효율 전압 밸런싱 듀얼 액티브 브리지 컨버터]
   └ 학회: 전력전자학회 (IF: 0.41)"
4239,2022,전기전자공학,728707767,송인호,1,0.0,0.0,"[이터 초전도자석 전원공급장치 현장 설치현황 및 시운전 계획]
   └ 학회: 전력전자학회 (IF: 0.41)"
4240,2022,전기전자공학,697785506,오종석,1,0.0,0.0,"[이터 초전도자석 전원공급장치 현장 설치현황 및 시운전 계획]
   └ 학회: 전력전자학회 (IF: 0.41)"
4241,2022,전기전자공학,968527161,이상민,1,0.0,0.0,"[표면 부착형 동기 전동기 벡터 제어에서의 외란 관측기 기반 전류 측정 오프셋 오차 보상 방법]
   └ 학회: 전력전자학회 (IF: 0.41)"
4242,2022,전기전자공학,920650493,이기복,1,0.0,0.0,"[표면 부착형 동기 전동기 벡터 제어에서의 외란 관측기 기반 전류 측정 오프셋 오차 보상 방법]
   └ 학회: 전력전자학회 (IF: 0.41)"
4243,2022,전기전자공학,4577373,이종원,1,0.0,0.0,"[Positive Feedback을 이용한 무효전력 P&O 단독운전 검출기법]
   └ 학회: 전력전자학회 (IF: 0.41)"
4244,2022,전기전자공학,137334030,박성열,1,0.0,0.0,"[Positive Feedback을 이용한 무효전력 P&O 단독운전 검출기법]
   └ 학회: 전력전자학회 (IF: 0.41)"
4245,2022,전기전자공학,984186267,이재연,1,0.0,0.0,"[Positive Feedback을 이용한 무효전력 P&O 단독운전 검출기법]
   └ 학회: 전력전자학회 (IF: 0.41)"
4246,2022,전기전자공학,107477146,임재성,1,0.0,0.0,"[가변 인덕터를 적용한 2상 인터리브드 벅 컨버터의 전류 불평형 저감에 관한 연구]
   └ 학회: 전력전자학회 (IF: 0.41)"
4247,2022,전기전자공학,178065600,손금뢰,1,0.0,0.0,"[빠른 응답성을 갖는 가변속 DFIM 분석]
   └ 학회: 전력전자학회 (IF: 0.41)"
4248,2022,전기전자공학,271385559,서정진,1,0.0,0.0,"[빠른 응답성을 갖는 가변속 DFIM 분석]
   └ 학회: 전력전자학회 (IF: 0.41)"
4249,2022,전기전자공학,885850828,최재혁,1,0.0,0.0,"[배터리 충, 방전 및 영전압 제어를 위한 양방향 컨버터 설계]
   └ 학회: 전력전자학회 (IF: 0.41)"
4250,2022,전기전자공학,840991758,권혁진,1,0.0,0.0,"[배터리 충, 방전 및 영전압 제어를 위한 양방향 컨버터 설계]
   └ 학회: 전력전자학회 (IF: 0.41)"
4251,2022,전기전자공학,770075274,김예찬,1,0.0,0.0,"[속도 오버슈트 발생 시 제한 속도를 초과하지 않는 실속형 블레이드 풍력터빈의 속도제어기 설계]
   └ 학회: 전력전자학회 (IF: 0.41)"
4252,2022,전기전자공학,601264065,이은철,1,0.0,0.0,"[3상 3-레벨 컨버터의 누설전류 저감과 NP 전류 제어를 위한 캐리어 기반 LFCPWM]
   └ 학회: 전력전자학회 (IF: 0.41)"
4253,2022,전기전자공학,372672052,최남섭,1,0.0,0.0,"[3상 3-레벨 컨버터의 누설전류 저감과 NP 전류 제어를 위한 캐리어 기반 LFCPWM]
   └ 학회: 전력전자학회 (IF: 0.41)"
4254,2022,전기전자공학,586237628,강대욱,1,0.0,0.0,"[[권두언] MVDC와 반도체 변압기 특집을 내면서]
   └ 학회: 전력전자학회 (IF: 0.41)"
4255,2022,전기전자공학,729838858,심정욱,1,0.0,0.0,"[전력용 반도체 변압기 개발 현황]
   └ 학회: 전력전자학회 (IF: 0.41)"
4256,2022,전기전자공학,328582808,백은성,1,0.0,0.0,"[리셋 권선을 사용하지 않는 새로운 형태의 영전류 천이형 포워드 컨버터]
   └ 학회: 전력전자학회 (IF: 0.41)"
4257,2022,전기전자공학,785813662,최현칠,1,0.0,0.0,"[리셋 권선을 사용하지 않는 새로운 형태의 영전류 천이형 포워드 컨버터]
   └ 학회: 전력전자학회 (IF: 0.41)"
4258,2022,전기전자공학,5145497,김도현,1,0.0,0.0,"[2상 하이브리드 스테핑 모터의 벡터 제어 시 초기 각 오차 및 토크 리플 보상]
   └ 학회: 전력전자학회 (IF: 0.41)"
4259,2022,전기전자공학,451973057,이상민,1,0.0,0.0,"[4kW급 고효율 직렬 공진형 DAB 컨버터 개발]
   └ 학회: 전력전자학회 (IF: 0.41)"
4260,2022,전기전자공학,612915705,황인갑,1,0.0,0.0,"[넓은 공극범위에서 소프트스위칭 동작하는 무선전력 충전시스템]
   └ 학회: 전력전자학회 (IF: 0.41)"
4261,2022,전기전자공학,816438434,원종섭,1,0.0,0.0,"[넓은 공극범위에서 소프트스위칭 동작하는 무선전력 충전시스템]
   └ 학회: 전력전자학회 (IF: 0.41)"
4262,2022,전기전자공학,835904298,강성수,1,0.0,0.0,"[넓은 공극범위에서 소프트스위칭 동작하는 무선전력 충전시스템]
   └ 학회: 전력전자학회 (IF: 0.41)"
4263,2022,전기전자공학,388876671,김재명,1,0.0,0.0,"[Single-Delta Bridge Cell MMC의 전압합성을 위한 PWM 반송파 형태에 따른 출력전압의 THD 분석]
   └ 학회: 전력전자학회 (IF: 0.41)"
4264,2022,전기전자공학,271302119,정재정,1,0.0,0.0,"[Single-Delta Bridge Cell MMC의 전압합성을 위한 PWM 반송파 형태에 따른 출력전압의 THD 분석]
   └ 학회: 전력전자학회 (IF: 0.41)"
4265,2022,전기전자공학,650299604,안치영,1,0.0,0.0,"[수소연료전지 적용 선박의 구성 요소 및 사례 분석]
   └ 학회: 전력전자학회 (IF: 0.41)"
4266,2022,전기전자공학,182596232,이소연,1,0.0,0.0,"[수소연료전지 적용 선박의 구성 요소 및 사례 분석]
   └ 학회: 전력전자학회 (IF: 0.41)"
4267,2022,전기전자공학,685059478,김윤호,1,0.0,0.0,"[수소연료전지 적용 선박의 구성 요소 및 사례 분석]
   └ 학회: 전력전자학회 (IF: 0.41)"
4268,2022,전기전자공학,809552905,박정형,1,0.0,0.0,"[수소연료전지 적용 선박의 구성 요소 및 사례 분석]
   └ 학회: 전력전자학회 (IF: 0.41)"
4269,2022,전기전자공학,495254971,성소영,1,0.0,0.0,"[수소연료전지 적용 선박의 구성 요소 및 사례 분석]
   └ 학회: 전력전자학회 (IF: 0.41)"
4270,2022,전기전자공학,442714103,심형원,1,0.0,0.0,"[수소연료전지 적용 선박의 구성 요소 및 사례 분석]
   └ 학회: 전력전자학회 (IF: 0.41)"
4271,2022,전기전자공학,436530993,이창희,1,0.0,0.0,"[친환경 전기 선박의 기술 동향 및 선박용 전기 추진 시스템의 구조]
   └ 학회: 전력전자학회 (IF: 0.41)"
4272,2022,전기전자공학,269578464,송성영,1,0.0,0.0,"[에너지 저장 시스템의 효율적 설계를 위한 리튬 배터리의 새로운 성능 지수]
   └ 학회: 전력전자학회 (IF: 0.41)"
4273,2022,전기전자공학,636305673,권혁준,1,0.0,0.0,"[Synthetic fisheye 이미지를 이용한 360˚ 파노라마 이미지 스티칭]
   └ 학회: 한국방송·미디어공학회 (IF: 0.39)"
4274,2022,전기전자공학,229799129,조동현,1,0.0,0.0,"[Synthetic fisheye 이미지를 이용한 360˚ 파노라마 이미지 스티칭]
   └ 학회: 한국방송·미디어공학회 (IF: 0.39)"
4275,2022,전기전자공학,254740524,김영웅,1,0.0,0.0,"[신경망 기반 비디오 압축을 위한 레이턴트 정보의 방향 이동 및 보상]
   └ 학회: 한국방송·미디어공학회 (IF: 0.39)"
4276,2022,전기전자공학,695476562,김동현,1,0.0,0.0,"[신경망 기반 비디오 압축을 위한 레이턴트 정보의 방향 이동 및 보상]
   └ 학회: 한국방송·미디어공학회 (IF: 0.39)"
4277,2022,전기전자공학,790467365,최진수,1,0.0,0.0,"[신경망 기반 비디오 압축을 위한 레이턴트 정보의 방향 이동 및 보상]
   └ 학회: 한국방송·미디어공학회 (IF: 0.39)"
4278,2022,전기전자공학,222501407,김휘용,1,0.0,0.0,"[신경망 기반 비디오 압축을 위한 레이턴트 정보의 방향 이동 및 보상]
   └ 학회: 한국방송·미디어공학회 (IF: 0.39)"
4279,2022,전기전자공학,275610129,박승진,1,0.0,0.0,"[PCA 기반 변환을 통한 다해상도 피처 맵 압축 방법]
   └ 학회: 한국방송·미디어공학회 (IF: 0.39)"
4280,2022,전기전자공학,830148389,이민훈,1,0.0,0.0,"[PCA 기반 변환을 통한 다해상도 피처 맵 압축 방법]
   └ 학회: 한국방송·미디어공학회 (IF: 0.39)"
4281,2022,전기전자공학,136048083,최한솔,1,0.0,0.0,"[PCA 기반 변환을 통한 다해상도 피처 맵 압축 방법]
   └ 학회: 한국방송·미디어공학회 (IF: 0.39)"
4282,2022,전기전자공학,166348927,김연희,1,0.0,0.0,"[PCA 기반 변환을 통한 다해상도 피처 맵 압축 방법]
   └ 학회: 한국방송·미디어공학회 (IF: 0.39)"
4283,2022,전기전자공학,424767152,도지훈,1,0.0,0.0,"[PCA 기반 변환을 통한 다해상도 피처 맵 압축 방법]
   └ 학회: 한국방송·미디어공학회 (IF: 0.39)"
4284,2022,전기전자공학,651542315,황우석,1,0.0,0.0,"[국내 재난 예경보 시스템 현황 및 통합 방안에 대한 분석 연구]
   └ 학회: 한국방송·미디어공학회 (IF: 0.39)"
4285,2022,전기전자공학,648449682,표경수,1,0.0,0.0,"[국내 재난 예경보 시스템 현황 및 통합 방안에 대한 분석 연구]
   └ 학회: 한국방송·미디어공학회 (IF: 0.39)"
4286,2022,전기전자공학,190828262,Youngeon Kim,1,0.0,0.0,"[QRAS-based Algorithm for Omnidirectional Sound Source Determination Without Blind Spots]
   └ 학회: 한국방송·미디어공학회 (IF: 0.39)"
4287,2022,전기전자공학,546923299,김우석,1,0.0,0.0,"[고해상도 영상 압축을 위한 SPIHT 기반의 부대역 분할 압축 방법]
   └ 학회: 한국방송·미디어공학회 (IF: 0.39)"
4288,2022,전기전자공학,453565254,오관정,1,0.0,0.0,"[고해상도 영상 압축을 위한 SPIHT 기반의 부대역 분할 압축 방법]
   └ 학회: 한국방송·미디어공학회 (IF: 0.39)"
4289,2022,전기전자공학,782250872,김동욱,1,0.0,0.0,"[3D 볼류메트릭 모델의 동적 복원 알고리즘]
   └ 학회: 한국방송·미디어공학회 (IF: 0.39)"
4290,2022,전기전자공학,884748369,김동선,1,0.0,0.0,"[정확한 프로그램 결함 위치 추적을 위한 전-후처리 방법론]
   └ 학회: 한국방송·미디어공학회 (IF: 0.39)"
4291,2022,전기전자공학,700312450,김신,1,0.0,0.0,"[인공지능 기반 멀티태스크를 위한 비디오 코덱의 성능평가 방법]
   └ 학회: 한국방송·미디어공학회 (IF: 0.39)"
4292,2022,전기전자공학,1466741,이예지,1,0.0,0.0,"[인공지능 기반 멀티태스크를 위한 비디오 코덱의 성능평가 방법]
   └ 학회: 한국방송·미디어공학회 (IF: 0.39)"
4293,2022,전기전자공학,421381081,윤경로,1,0.0,0.0,"[인공지능 기반 멀티태스크를 위한 비디오 코덱의 성능평가 방법]
   └ 학회: 한국방송·미디어공학회 (IF: 0.39)"
4294,2022,전기전자공학,131629666,임한신,1,0.0,0.0,"[인공지능 기반 멀티태스크를 위한 비디오 코덱의 성능평가 방법]
   └ 학회: 한국방송·미디어공학회 (IF: 0.39)"
4295,2022,전기전자공학,275935737,김준수,1,0.0,0.0,"[MPEG CDVA 전역 특징 서술자 압축 방법]
   └ 학회: 한국방송·미디어공학회 (IF: 0.39)"
4296,2022,전기전자공학,662786990,조원,1,0.0,0.0,"[MPEG CDVA 전역 특징 서술자 압축 방법]
   └ 학회: 한국방송·미디어공학회 (IF: 0.39)"
4297,2022,전기전자공학,258230827,임근택,1,0.0,0.0,"[MPEG CDVA 전역 특징 서술자 압축 방법]
   └ 학회: 한국방송·미디어공학회 (IF: 0.39)"
4298,2022,전기전자공학,612375279,윤정일,1,0.0,0.0,"[MPEG CDVA 전역 특징 서술자 압축 방법]
   └ 학회: 한국방송·미디어공학회 (IF: 0.39)"
4299,2022,전기전자공학,545014976,곽상운,1,0.0,0.0,"[MPEG CDVA 전역 특징 서술자 압축 방법]
   └ 학회: 한국방송·미디어공학회 (IF: 0.39)"
4300,2022,전기전자공학,268201955,정순흥,1,0.0,0.0,"[MPEG CDVA 전역 특징 서술자 압축 방법]
   └ 학회: 한국방송·미디어공학회 (IF: 0.39)"
4301,2022,전기전자공학,665323971,원동재,1,0.0,0.0,"[MAE 기반 예측 정확도 함수를 이용한 VVC의 고속 화면간 CU 분할 알고리즘]
   └ 학회: 한국방송·미디어공학회 (IF: 0.39)"
4302,2022,전기전자공학,816033982,문주희,1,0.0,0.0,"[MAE 기반 예측 정확도 함수를 이용한 VVC의 고속 화면간 CU 분할 알고리즘]
   └ 학회: 한국방송·미디어공학회 (IF: 0.39)"
4303,2022,전기전자공학,949725587,정병희,1,0.0,0.0,"[디지털 공영미디어의 공영성과 기술 발전 방향성 연구 - 해외 공영방송 사례를 중심으로]
   └ 학회: 한국방송·미디어공학회 (IF: 0.39)"
4304,2022,전기전자공학,434687882,연보흠,1,0.0,0.0,"[스마트폰 공통 필수앱에 대한 이용자 인식과 특성이 이용 행동에 미치는 영향]
   └ 학회: 한국방송·미디어공학회 (IF: 0.39)"
4305,2022,전기전자공학,1796325,이윤재,1,0.0,0.0,"[스마트폰 공통 필수앱에 대한 이용자 인식과 특성이 이용 행동에 미치는 영향]
   └ 학회: 한국방송·미디어공학회 (IF: 0.39)"
4306,2022,전기전자공학,103807855,최성진,1,0.0,0.0,"[스마트폰 공통 필수앱에 대한 이용자 인식과 특성이 이용 행동에 미치는 영향]
   └ 학회: 한국방송·미디어공학회 (IF: 0.39)"
4307,2022,전기전자공학,516001942,김수지,1,0.0,0.0,"[소수의 협소화각 RGBD 영상으로부터 360 RGBD 영상 합성]
   └ 학회: 한국방송·미디어공학회 (IF: 0.39)"
4308,2022,전기전자공학,588795834,장달원,1,0.0,0.0,"[영상분석 기술을 활용한 시니어용 동영상 편집 시스템]
   └ 학회: 한국방송·미디어공학회 (IF: 0.39)"
4309,2022,전기전자공학,472165191,이재원,1,0.0,0.0,"[영상분석 기술을 활용한 시니어용 동영상 편집 시스템]
   └ 학회: 한국방송·미디어공학회 (IF: 0.39)"
4310,2022,전기전자공학,231065999,한창우,1,0.0,0.0,"[딥러닝 기반 컨텐츠 적응적 영상 압축 기술 동향]
   └ 학회: 한국방송·미디어공학회 (IF: 0.39)"
4311,2022,전기전자공학,866318988,김홍일,1,0.0,0.0,"[딥러닝 기반 컨텐츠 적응적 영상 압축 기술 동향]
   └ 학회: 한국방송·미디어공학회 (IF: 0.39)"
4312,2022,전기전자공학,482335066,강현구,1,0.0,0.0,"[딥러닝 기반 컨텐츠 적응적 영상 압축 기술 동향]
   └ 학회: 한국방송·미디어공학회 (IF: 0.39)"
4313,2022,전기전자공학,141317188,권형진,1,0.0,0.0,"[딥러닝 기반 컨텐츠 적응적 영상 압축 기술 동향]
   └ 학회: 한국방송·미디어공학회 (IF: 0.39)"
4314,2022,전기전자공학,288545163,임성창,1,0.0,0.0,"[딥러닝 기반 컨텐츠 적응적 영상 압축 기술 동향]
   └ 학회: 한국방송·미디어공학회 (IF: 0.39)"
4315,2022,전기전자공학,475014909,정승원,1,0.0,0.0,"[딥러닝 기반 컨텐츠 적응적 영상 압축 기술 동향]
   └ 학회: 한국방송·미디어공학회 (IF: 0.39)"
4316,2022,전기전자공학,586656379,남귀중,1,0.0,0.0,"[SHVC 기반 V-PCC 콘텐츠 ISOBMFF 캡슐화 및 DASH 구성 방안]
   └ 학회: 한국방송·미디어공학회 (IF: 0.39)"
4317,2022,전기전자공학,1139081,김준식,1,0.0,0.0,"[SHVC 기반 V-PCC 콘텐츠 ISOBMFF 캡슐화 및 DASH 구성 방안]
   └ 학회: 한국방송·미디어공학회 (IF: 0.39)"
4318,2022,전기전자공학,800648556,조준호,1,0.0,0.0,"[동영상 물체 분할을 위한 효율적인 메모리 업데이트 모듈]
   └ 학회: 한국방송·미디어공학회 (IF: 0.39)"
4319,2022,전기전자공학,468166382,조남익,1,0.0,0.0,"[동영상 물체 분할을 위한 효율적인 메모리 업데이트 모듈]
   └ 학회: 한국방송·미디어공학회 (IF: 0.39)"
4320,2022,전기전자공학,617448167,박종진,1,0.0,0.0,"[양안식 디스플레이에 제시되는 자극의 조절단서 조작이 양안융합에 미치는 영향]
   └ 학회: 한국방송·미디어공학회 (IF: 0.39)"
4321,2022,전기전자공학,883588819,김신우,1,0.0,0.0,"[양안식 디스플레이에 제시되는 자극의 조절단서 조작이 양안융합에 미치는 영향]
   └ 학회: 한국방송·미디어공학회 (IF: 0.39)"
4322,2022,전기전자공학,755756311,이형철,1,0.0,0.0,"[양안식 디스플레이에 제시되는 자극의 조절단서 조작이 양안융합에 미치는 영향]
   └ 학회: 한국방송·미디어공학회 (IF: 0.39)"
4323,2022,전기전자공학,559366606,주용완,1,0.0,0.0,"[NFT 거래 참여자를 위한 관점에서 고려해야 할 이슈 분석]
   └ 학회: 한국방송·미디어공학회 (IF: 0.39)"
4324,2022,전기전자공학,931619109,최재홍,1,0.0,0.0,"[NFT 거래 참여자를 위한 관점에서 고려해야 할 이슈 분석]
   └ 학회: 한국방송·미디어공학회 (IF: 0.39)"
4325,2022,전기전자공학,575837473,이준동,1,0.0,0.0,"[NFT 거래 참여자를 위한 관점에서 고려해야 할 이슈 분석]
   └ 학회: 한국방송·미디어공학회 (IF: 0.39)"
4326,2022,전기전자공학,599253555,서상민,1,0.0,0.0,"[NFT 거래 참여자를 위한 관점에서 고려해야 할 이슈 분석]
   └ 학회: 한국방송·미디어공학회 (IF: 0.39)"
4327,2022,전기전자공학,328093447,Laudwika Ambardi,1,0.0,0.0,"[Multi-attribute Face Editing using Facial Masks]
   └ 학회: 한국방송·미디어공학회 (IF: 0.39)"
4328,2022,전기전자공학,844024055,김정호,1,0.0,0.0,"[포토그래메트리 및 인공지능 기술을 활용한 실감 콘텐츠 제작과 스토리텔링 방법 연구]
   └ 학회: 한국방송·미디어공학회 (IF: 0.39)"
4329,2022,전기전자공학,536099595,박진완,1,0.0,0.0,"[포토그래메트리 및 인공지능 기술을 활용한 실감 콘텐츠 제작과 스토리텔링 방법 연구]
   └ 학회: 한국방송·미디어공학회 (IF: 0.39)"
4330,2022,전기전자공학,320881524,유태경,1,0.0,0.0,"[포토그래메트리 및 인공지능 기술을 활용한 실감 콘텐츠 제작과 스토리텔링 방법 연구]
   └ 학회: 한국방송·미디어공학회 (IF: 0.39)"
4331,2022,전기전자공학,211355785,안성희,1,0.0,0.0,"[UX-기반 메타버스 윤리적 AI 학습 모델 연구]
   └ 학회: 한국방송·미디어공학회 (IF: 0.39)"
4332,2022,전기전자공학,779643206,정희용,1,0.0,0.0,"[인간자세 추정방법에 의한 2차원 웹툰 캐릭터 포즈 생성]
   └ 학회: 한국방송·미디어공학회 (IF: 0.39)"
4333,2022,전기전자공학,792048613,신춘성,1,0.0,0.0,"[인간자세 추정방법에 의한 2차원 웹툰 캐릭터 포즈 생성]
   └ 학회: 한국방송·미디어공학회 (IF: 0.39)"
4334,2022,전기전자공학,970332326,박상인,1,0.0,0.0,"[XR 음향 콘텐츠 활용을 위한 감성-뇌연결성 분석 연구]
   └ 학회: 한국방송·미디어공학회 (IF: 0.39)"
4335,2022,전기전자공학,881815407,김종화,1,0.0,0.0,"[XR 음향 콘텐츠 활용을 위한 감성-뇌연결성 분석 연구]
   └ 학회: 한국방송·미디어공학회 (IF: 0.39)"
4336,2022,전기전자공학,166805892,박순용,1,0.0,0.0,"[XR 음향 콘텐츠 활용을 위한 감성-뇌연결성 분석 연구]
   └ 학회: 한국방송·미디어공학회 (IF: 0.39)"
4337,2022,전기전자공학,674773827,문성철,1,0.0,0.0,"[XR 음향 콘텐츠 활용을 위한 감성-뇌연결성 분석 연구]
   └ 학회: 한국방송·미디어공학회 (IF: 0.39)"
4338,2022,전기전자공학,5111246,이준민,1,0.0,0.0,"[햇빛 아래에서 향상된 시인성을 위한 Piece-wise Linear Enhancement Curves 기반 영상 개선]
   └ 학회: 한국방송·미디어공학회 (IF: 0.39)"
4339,2022,전기전자공학,416574406,민경숙,1,0.0,0.0,"[시청 행태 변화에 따른 시청률 조사 전망]
   └ 학회: 한국방송·미디어공학회 (IF: 0.39)"
4340,2022,전기전자공학,647395748,김기태,1,0.0,0.0,"[실감 체험을 위한 공간기반 XR 콘텐츠 제작과 언리얼 엔진의 활용]
   └ 학회: 한국방송·미디어공학회 (IF: 0.39)"
4341,2022,전기전자공학,484139824,황서림,1,0.0,0.0,"[중첩 U-Net 기반 음성 향상을 위한 다중 레벨 Skip Connection]
   └ 학회: 한국방송·미디어공학회 (IF: 0.39)"
4342,2022,전기전자공학,431136855,변준,1,0.0,0.0,"[중첩 U-Net 기반 음성 향상을 위한 다중 레벨 Skip Connection]
   └ 학회: 한국방송·미디어공학회 (IF: 0.39)"
4343,2022,전기전자공학,305460191,허준영,1,0.0,0.0,"[중첩 U-Net 기반 음성 향상을 위한 다중 레벨 Skip Connection]
   └ 학회: 한국방송·미디어공학회 (IF: 0.39)"
4344,2022,전기전자공학,202741041,차재빈,1,0.0,0.0,"[중첩 U-Net 기반 음성 향상을 위한 다중 레벨 Skip Connection]
   └ 학회: 한국방송·미디어공학회 (IF: 0.39)"
4345,2022,전기전자공학,912913887,박영철,1,0.0,0.0,"[중첩 U-Net 기반 음성 향상을 위한 다중 레벨 Skip Connection]
   └ 학회: 한국방송·미디어공학회 (IF: 0.39)"
4346,2022,전기전자공학,523322806,박경태,1,0.0,0.0,"[대조적 학습을 활용한 주요 프레임 검출 방법]
   └ 학회: 한국방송·미디어공학회 (IF: 0.39)"
4347,2022,전기전자공학,399434534,이용,1,0.0,0.0,"[대조적 학습을 활용한 주요 프레임 검출 방법]
   └ 학회: 한국방송·미디어공학회 (IF: 0.39)"
4348,2022,전기전자공학,528805883,장래영,1,0.0,0.0,"[대조적 학습을 활용한 주요 프레임 검출 방법]
   └ 학회: 한국방송·미디어공학회 (IF: 0.39)"
4349,2022,전기전자공학,317840669,최명석,1,0.0,0.0,"[대조적 학습을 활용한 주요 프레임 검출 방법]
   └ 학회: 한국방송·미디어공학회 (IF: 0.39)"
4350,2022,전기전자공학,651510601,박관익,1,0.0,0.0,"[피노믹스 시스템을 위한 식물 잎의 질병 검출 및 분류]
   └ 학회: 한국방송·미디어공학회 (IF: 0.39)"
4351,2022,전기전자공학,749236956,심규동,1,0.0,0.0,"[피노믹스 시스템을 위한 식물 잎의 질병 검출 및 분류]
   └ 학회: 한국방송·미디어공학회 (IF: 0.39)"
4352,2022,전기전자공학,642243276,견민수,1,0.0,0.0,"[피노믹스 시스템을 위한 식물 잎의 질병 검출 및 분류]
   └ 학회: 한국방송·미디어공학회 (IF: 0.39)"
4353,2022,전기전자공학,333752314,이상화,1,0.0,0.0,"[피노믹스 시스템을 위한 식물 잎의 질병 검출 및 분류]
   └ 학회: 한국방송·미디어공학회 (IF: 0.39)"
4354,2022,전기전자공학,952361392,백정현,1,0.0,0.0,"[피노믹스 시스템을 위한 식물 잎의 질병 검출 및 분류]
   └ 학회: 한국방송·미디어공학회 (IF: 0.39)"
4355,2022,전기전자공학,457075219,한경탁,1,0.0,0.0,"[데이터 증강을 통한 마스크 착용 얼굴 이미지에 강인한 얼굴 자세 추정]
   └ 학회: 한국방송·미디어공학회 (IF: 0.39)"
4356,2022,전기전자공학,479457026,Yong Ju Lee,1,0.0,0.0,"[A Study on Setting the Minimum and Maximum Distances for Distance Attenuation in MPEG-I Immersive Audio]
   └ 학회: 한국방송·미디어공학회 (IF: 0.39)"
4357,2022,전기전자공학,780358651,유재현,1,0.0,0.0,"[A Study on Setting the Minimum and Maximum Distances for Distance Attenuation in MPEG-I Immersive Audio]
   └ 학회: 한국방송·미디어공학회 (IF: 0.39)"
4358,2022,전기전자공학,448675774,장대영,1,0.0,0.0,"[A Study on Setting the Minimum and Maximum Distances for Distance Attenuation in MPEG-I Immersive Audio]
   └ 학회: 한국방송·미디어공학회 (IF: 0.39)"
4359,2022,전기전자공학,845673398,강경옥,1,0.0,0.0,"[A Study on Setting the Minimum and Maximum Distances for Distance Attenuation in MPEG-I Immersive Audio]
   └ 학회: 한국방송·미디어공학회 (IF: 0.39)"
4360,2022,전기전자공학,675107454,이태진,1,0.0,0.0,"[A Study on Setting the Minimum and Maximum Distances for Distance Attenuation in MPEG-I Immersive Audio]
   └ 학회: 한국방송·미디어공학회 (IF: 0.39)"
4361,2022,전기전자공학,831678077,Bumyoon Kim,1,0.0,0.0,"[Intra Coding Tools of Enhanced Compression beyond VVC Capability]
   └ 학회: 한국방송·미디어공학회 (IF: 0.39)"
4362,2022,전기전자공학,631684236,전병우,1,0.0,0.0,"[Intra Coding Tools of Enhanced Compression beyond VVC Capability]
   └ 학회: 한국방송·미디어공학회 (IF: 0.39)"
4363,2022,전기전자공학,587851843,Andri Agustav Wirabudi,1,0.0,0.0,"[Template Mask based Parking Car Slots Detection in Aerial Images]
   └ 학회: 한국방송·미디어공학회 (IF: 0.39)"
4364,2022,전기전자공학,234700225,한희지,1,0.0,0.0,"[Template Mask based Parking Car Slots Detection in Aerial Images]
   └ 학회: 한국방송·미디어공학회 (IF: 0.39)"
4365,2022,전기전자공학,603921619,Junho Bang,1,0.0,0.0,"[Template Mask based Parking Car Slots Detection in Aerial Images]
   └ 학회: 한국방송·미디어공학회 (IF: 0.39)"
4366,2022,전기전자공학,482915623,최해철,1,0.0,0.0,"[Template Mask based Parking Car Slots Detection in Aerial Images]
   └ 학회: 한국방송·미디어공학회 (IF: 0.39)"
4367,2022,전기전자공학,488380461,Kiho Choi,1,0.0,0.0,"[Neural Network based Video Coding in JVET]
   └ 학회: 한국방송·미디어공학회 (IF: 0.39)"
4368,2022,전기전자공학,941584079,박재민,1,0.0,0.0,"[신재생에너지 보급률 증가에 따른 지역적 태양광 수용 용량 추정에 관한 연구]
   └ 학회: 대한전기학회 (IF: 0.37)"
4369,2022,전기전자공학,563616383,조해성,1,0.0,0.0,"[환상형 전력계통에서의 효율적인 조류해석 계산을 위한 전력망 축소 기법]
   └ 학회: 대한전기학회 (IF: 0.37)"
4370,2022,전기전자공학,669425865,신훈영,1,0.0,0.0,"[C-Vine Copula 기반의 풍력 발전 투입을 위한 확률론적 조류 계산]
   └ 학회: 대한전기학회 (IF: 0.37)"
4371,2022,전기전자공학,724846164,이후동,1,0.0,0.0,"[5kV급 MV-LVDC 독립형 마이크로그리드의 보호협조 운용방안에 관한 연구]
   └ 학회: 대한전기학회 (IF: 0.37)"
4372,2022,전기전자공학,264077458,김현우,1,0.0,0.0,"[라인 기동식 릴럭턴스 전동기의 동기화 특성에 관한 연구]
   └ 학회: 대한전기학회 (IF: 0.37)"
4373,2022,전기전자공학,652007529,정동훈,1,0.0,0.0,"[라인 기동식 릴럭턴스 전동기의 동기화 특성에 관한 연구]
   └ 학회: 대한전기학회 (IF: 0.37)"
4374,2022,전기전자공학,984246670,원성홍,1,0.0,0.0,"[라인 기동식 릴럭턴스 전동기의 동기화 특성에 관한 연구]
   └ 학회: 대한전기학회 (IF: 0.37)"
4375,2022,전기전자공학,523852184,이열경,1,0.0,0.0,"[인버터 파라미터에 따른 IPMSM의 공통 모드 전압 및 축 전압 분석]
   └ 학회: 대한전기학회 (IF: 0.37)"
4376,2022,전기전자공학,297854741,임준혁,1,0.0,0.0,"[인버터 파라미터에 따른 IPMSM의 공통 모드 전압 및 축 전압 분석]
   └ 학회: 대한전기학회 (IF: 0.37)"
4377,2022,전기전자공학,338830021,김상오,1,0.0,0.0,"[커플드 인덕터기반의 계통 연계형 Ćuk CCM 인버터의 동적 모델링과 제어기 설계]
   └ 학회: 대한전기학회 (IF: 0.37)"
4378,2022,전기전자공학,186624797,한병철,1,0.0,0.0,"[커플드 인덕터기반의 계통 연계형 Ćuk CCM 인버터의 동적 모델링과 제어기 설계]
   └ 학회: 대한전기학회 (IF: 0.37)"
4379,2022,전기전자공학,297675786,원수연,1,0.0,0.0,"[IEEE1547-2018 Category3 대응을 위한 연료전지 시스템의 인버터 제어 전략]
   └ 학회: 대한전기학회 (IF: 0.37)"
4380,2022,전기전자공학,834743118,정기헌,1,0.0,0.0,"[전기차용 BLDC 와이퍼 전동기의 소음 저감을 위한 최적의 도통각 제어]
   └ 학회: 대한전기학회 (IF: 0.37)"
4381,2022,전기전자공학,951863733,오윤기,1,0.0,0.0,"[전기차용 BLDC 와이퍼 전동기의 소음 저감을 위한 최적의 도통각 제어]
   └ 학회: 대한전기학회 (IF: 0.37)"
4382,2022,전기전자공학,375999954,명노길,1,0.0,0.0,"[Volt-Var 특성 곡선의 기울기가 전압 Oscillation에 미치는 영향]
   └ 학회: 대한전기학회 (IF: 0.37)"
4383,2022,전기전자공학,632635275,조성수,1,0.0,0.0,"[Volt-Var 특성 곡선의 기울기가 전압 Oscillation에 미치는 영향]
   └ 학회: 대한전기학회 (IF: 0.37)"
4384,2022,전기전자공학,512249123,김동표,1,0.0,0.0,"[DRIE 시스템을 이용한 식각 공정에서 RF 소스 전력과 PR 패턴 사이즈가 깊은 Silicon Via 측벽 표면 형상에 미치는 영향 평가]
   └ 학회: 대한전기학회 (IF: 0.37)"
4385,2022,전기전자공학,928143714,김경섭,1,0.0,0.0,"[DRIE 시스템을 이용한 식각 공정에서 RF 소스 전력과 PR 패턴 사이즈가 깊은 Silicon Via 측벽 표면 형상에 미치는 영향 평가]
   └ 학회: 대한전기학회 (IF: 0.37)"
4386,2022,전기전자공학,405405123,정중채,1,0.0,0.0,"[DRIE 시스템을 이용한 식각 공정에서 RF 소스 전력과 PR 패턴 사이즈가 깊은 Silicon Via 측벽 표면 형상에 미치는 영향 평가]
   └ 학회: 대한전기학회 (IF: 0.37)"
4387,2022,전기전자공학,235193877,서동호,1,0.0,0.0,"[공진 방사체 임피던스 측정을 이용한 고효율 안테나 회로 설계 연구]
   └ 학회: 대한전기학회 (IF: 0.37)"
4388,2022,전기전자공학,854334894,김용주,1,0.0,0.0,"[공진 방사체 임피던스 측정을 이용한 고효율 안테나 회로 설계 연구]
   └ 학회: 대한전기학회 (IF: 0.37)"
4389,2022,전기전자공학,223970409,조강민,1,0.0,0.0,"[전방향 모바일 매니퓰레이터의 강인 영상기반 비주얼 서보잉]
   └ 학회: 대한전기학회 (IF: 0.37)"
4390,2022,전기전자공학,191317164,장지영,1,0.0,0.0,"[비선형 마찰 모델을 고려한 BLDC 모터의 적분 슬라이딩 모드 제어]
   └ 학회: 대한전기학회 (IF: 0.37)"
4391,2022,전기전자공학,571758399,황준하,1,0.0,0.0,"[인공신경망 기반의 적분 슬라이딩 모드 제어기를 이용한 6자유도 매니퓰레이터의 강인 궤적추종]
   └ 학회: 대한전기학회 (IF: 0.37)"
4392,2022,전기전자공학,939790599,임채윤,1,0.0,0.0,"[쿼드로터 시스템의 강인 추종 제어를 위한 적분 슬라이딩 모드 기반 외란 관측기 및 제어기 설계]
   └ 학회: 대한전기학회 (IF: 0.37)"
4393,2022,전기전자공학,858699737,이승민,1,0.0,0.0,"[외란관측기와 모델 예측 제어를 이용한 로봇팔의 하이브리드 위치-힘 제어]
   └ 학회: 대한전기학회 (IF: 0.37)"
4394,2022,전기전자공학,158535677,유제휘,1,0.0,0.0,"[외란관측기와 모델 예측 제어를 이용한 로봇팔의 하이브리드 위치-힘 제어]
   └ 학회: 대한전기학회 (IF: 0.37)"
4395,2022,전기전자공학,933574753,한태준,1,0.0,0.0,"[상태 양자화를 고려한 쿼드로터의 샘플치 퍼지 상태 조정기 설계]
   └ 학회: 대한전기학회 (IF: 0.37)"
4396,2022,전기전자공학,869922403,안지호,1,0.0,0.0,"[상태 양자화를 고려한 쿼드로터의 샘플치 퍼지 상태 조정기 설계]
   └ 학회: 대한전기학회 (IF: 0.37)"
4397,2022,전기전자공학,809193352,이준우,1,0.0,0.0,"[로봇팔의 시간지연 제어기에서 각 가속도 추정에 대한 추종 성능 비교연구]
   └ 학회: 대한전기학회 (IF: 0.37)"
4398,2022,전기전자공학,553370438,손영익,1,0.0,0.0,"[DC 모터 속도 제어시스템을 위한 내부모델 원리 기반 제어기와 외란 관측기 기반 제어기의 등가 조건]
   └ 학회: 대한전기학회 (IF: 0.37)"
4399,2022,전기전자공학,119501693,양선직,1,0.0,0.0,"[DC 모터 속도 제어시스템을 위한 내부모델 원리 기반 제어기와 외란 관측기 기반 제어기의 등가 조건]
   └ 학회: 대한전기학회 (IF: 0.37)"
4400,2022,전기전자공학,423479246,아마레 네비옐레울 다니엘,1,0.0,0.0,"[DC 모터 속도 제어시스템을 위한 내부모델 원리 기반 제어기와 외란 관측기 기반 제어기의 등가 조건]
   └ 학회: 대한전기학회 (IF: 0.37)"
4401,2022,전기전자공학,428779426,조남훈,1,0.0,0.0,"[비선형 자기부상시스템의 저차 외란관측기 제어기 설계에 대한 연구]
   └ 학회: 대한전기학회 (IF: 0.37)"
4402,2022,전기전자공학,1169270,Myoung Hwan Choi,1,0.0,0.0,"[Minimum Link Lengths Computation of Violin Bow Playing Robot Arm Using Kinematic Analysis]
   └ 학회: 대한전기학회 (IF: 0.37)"
4403,2022,전기전자공학,545021515,이창복,1,0.0,0.0,"[탑뷰 이미지를 사용한 영상기반 한우 체중 추정 시스템]
   └ 학회: 대한전기학회 (IF: 0.37)"
4404,2022,전기전자공학,217431358,박연수,1,0.0,0.0,"[탑뷰 이미지를 사용한 영상기반 한우 체중 추정 시스템]
   └ 학회: 대한전기학회 (IF: 0.37)"
4405,2022,전기전자공학,426842407,김영석,1,0.0,0.0,"[자가용 전기설비의 변압기 검사 통계 기반 교체 주기 분석]
   └ 학회: 대한전기학회 (IF: 0.37)"
4406,2022,전기전자공학,971827820,김종민,1,0.0,0.0,"[자가용 전기설비의 변압기 검사 통계 기반 교체 주기 분석]
   └ 학회: 대한전기학회 (IF: 0.37)"
4407,2022,전기전자공학,334204358,이상헌,1,0.0,0.0,"[초전도 벌크]
   └ 학회: 대한전기학회 (IF: 0.37)"
4408,2022,전기전자공학,659654805,하동우,1,0.0,0.0,"[수소-초전도 융합 기술 동향]
   └ 학회: 대한전기학회 (IF: 0.37)"
4409,2022,전기전자공학,253839466,고락길,1,0.0,0.0,"[수소-초전도 융합 기술 동향]
   └ 학회: 대한전기학회 (IF: 0.37)"
4410,2022,전기전자공학,629926449,조전욱,1,0.0,0.0,"[한국의 초전도 전력기기의 동향]
   └ 학회: 대한전기학회 (IF: 0.37)"
4411,2022,전기전자공학,493175818,양형석,1,0.0,0.0,"[한국의 초전도 전력기기의 동향]
   └ 학회: 대한전기학회 (IF: 0.37)"
4412,2022,전기전자공학,629406449,류철휘,1,0.0,0.0,"[한국의 초전도 전력기기의 동향]
   └ 학회: 대한전기학회 (IF: 0.37)"
4413,2022,전기전자공학,456550837,김민지,1,0.0,0.0,"[한국의 초전도 전력기기의 동향]
   └ 학회: 대한전기학회 (IF: 0.37)"
4414,2022,전기전자공학,215568919,강성호,1,0.0,0.0,"[기후 관련 중대 전력재난의 데이터 소스, 동향, 정확성 및 편차에 관한 고찰]
   └ 학회: 대한전기학회 (IF: 0.37)"
4415,2022,전기전자공학,247035233,권혁,1,0.0,0.0,"[전력망 사이버 재난과 자연재난, 사이버 리질리언스에 대한 고찰]
   └ 학회: 대한전기학회 (IF: 0.37)"
4416,2022,전기전자공학,980740523,안성현,1,0.0,0.0,"[안정적 전력계통의 운영을 위한 유연성 지수의 분석 및 개선]
   └ 학회: 대한전기학회 (IF: 0.37)"
4417,2022,전기전자공학,290351381,김예령,1,0.0,0.0,"[안정적 전력계통의 운영을 위한 유연성 지수의 분석 및 개선]
   └ 학회: 대한전기학회 (IF: 0.37)"
4418,2022,전기전자공학,463186842,김권,1,0.0,0.0,"[안정적 전력계통의 운영을 위한 유연성 지수의 분석 및 개선]
   └ 학회: 대한전기학회 (IF: 0.37)"
4419,2022,전기전자공학,106828658,석성희,1,0.0,0.0,"[안정적 전력계통의 운영을 위한 유연성 지수의 분석 및 개선]
   └ 학회: 대한전기학회 (IF: 0.37)"
4420,2022,전기전자공학,432326834,이동현,1,0.0,0.0,"[국제 표준과 버스 임피던스 매트릭스를 이용한 고조파 해석 알고리즘에 관한 연구]
   └ 학회: 대한전기학회 (IF: 0.37)"
4421,2022,전기전자공학,966958613,조남훈,1,0.0,0.0,"[국제 표준과 버스 임피던스 매트릭스를 이용한 고조파 해석 알고리즘에 관한 연구]
   └ 학회: 대한전기학회 (IF: 0.37)"
4422,2022,전기전자공학,499263274,정영범,1,0.0,0.0,"[국제 표준과 버스 임피던스 매트릭스를 이용한 고조파 해석 알고리즘에 관한 연구]
   └ 학회: 대한전기학회 (IF: 0.37)"
4423,2022,전기전자공학,760943477,이상중,1,0.0,0.0,"[2모선 Voltage-Power Formula를 이용한 배전선로 두 P-Q 부하점의 전압계산]
   └ 학회: 대한전기학회 (IF: 0.37)"
4424,2022,전기전자공학,863030864,김주철,1,0.0,0.0,"[2모선 Voltage-Power Formula를 이용한 배전선로 두 P-Q 부하점의 전압계산]
   └ 학회: 대한전기학회 (IF: 0.37)"
4425,2022,전기전자공학,356731474,김수환,1,0.0,0.0,"[디지털변전소 중앙집중식 보호시스템에서의 불량데이터 검출에 관한 연구]
   └ 학회: 대한전기학회 (IF: 0.37)"
4426,2022,전기전자공학,425553477,손규정,1,0.0,0.0,"[디지털변전소 중앙집중식 보호시스템에서의 불량데이터 검출에 관한 연구]
   └ 학회: 대한전기학회 (IF: 0.37)"
4427,2022,전기전자공학,249843777,Erastus Mwongela Musyoka,1,0.0,0.0,"[Artificial Neural Network for the Control Mechanism of OLTC on the Generator-Transformer Connected to Unstable Grid]
   └ 학회: 대한전기학회 (IF: 0.37)"
4428,2022,전기전자공학,152853620,Harold Chisano Oyando,1,0.0,0.0,"[Artificial Neural Network for the Control Mechanism of OLTC on the Generator-Transformer Connected to Unstable Grid]
   └ 학회: 대한전기학회 (IF: 0.37)"
4429,2022,전기전자공학,800855820,Choong-koo Chang,1,0.0,0.0,"[Artificial Neural Network for the Control Mechanism of OLTC on the Generator-Transformer Connected to Unstable Grid]
   └ 학회: 대한전기학회 (IF: 0.37)"
4430,2022,전기전자공학,377219315,진창성,1,0.0,0.0,"[극 슬롯 조합에 따른 영구자석 표면 부착형 동기전동기의 특성 분석 연구]
   └ 학회: 대한전기학회 (IF: 0.37)"
4431,2022,전기전자공학,887393997,신진영,1,0.0,0.0,"[토크 밀도 향상을 위한 제한된 각도 토크 모터의 하이브리드 구조]
   └ 학회: 대한전기학회 (IF: 0.37)"
4432,2022,전기전자공학,764208883,권순오,1,0.0,0.0,"[토크 밀도 향상을 위한 제한된 각도 토크 모터의 하이브리드 구조]
   └ 학회: 대한전기학회 (IF: 0.37)"
4433,2022,전기전자공학,345514423,이호영,1,0.0,0.0,"[토크 밀도 향상을 위한 제한된 각도 토크 모터의 하이브리드 구조]
   └ 학회: 대한전기학회 (IF: 0.37)"
4434,2022,전기전자공학,599691573,이기주,1,0.0,0.0,"[토크 밀도 향상을 위한 제한된 각도 토크 모터의 하이브리드 구조]
   └ 학회: 대한전기학회 (IF: 0.37)"
4435,2022,전기전자공학,535370376,윤승영,1,0.0,0.0,"[토크 밀도 향상을 위한 제한된 각도 토크 모터의 하이브리드 구조]
   └ 학회: 대한전기학회 (IF: 0.37)"
4436,2022,전기전자공학,937009697,최홍순,1,0.0,0.0,"[토크 밀도 향상을 위한 제한된 각도 토크 모터의 하이브리드 구조]
   └ 학회: 대한전기학회 (IF: 0.37)"
4437,2022,전기전자공학,491187115,박건우,1,0.0,0.0,"[반도체 공정용 RF 용량성 결합 플라즈마 장비에서 발생하는 Striation 현상]
   └ 학회: 대한전기학회 (IF: 0.37)"
4438,2022,전기전자공학,355579559,이해준,1,0.0,0.0,"[반도체 공정용 RF 용량성 결합 플라즈마 장비에서 발생하는 Striation 현상]
   └ 학회: 대한전기학회 (IF: 0.37)"
4439,2022,전기전자공학,641525692,차영광,1,0.0,0.0,"[50~500㎊ 커패시턴스 가변형 진공커패시터의 전극 설계 및 평가]
   └ 학회: 대한전기학회 (IF: 0.37)"
4440,2022,전기전자공학,481958015,이일회,1,0.0,0.0,"[50~500㎊ 커패시턴스 가변형 진공커패시터의 전극 설계 및 평가]
   └ 학회: 대한전기학회 (IF: 0.37)"
4441,2022,전기전자공학,664897412,전기범,1,0.0,0.0,"[50~500㎊ 커패시턴스 가변형 진공커패시터의 전극 설계 및 평가]
   └ 학회: 대한전기학회 (IF: 0.37)"
4442,2022,전기전자공학,764451844,장지훈,1,0.0,0.0,"[50~500㎊ 커패시턴스 가변형 진공커패시터의 전극 설계 및 평가]
   └ 학회: 대한전기학회 (IF: 0.37)"
4443,2022,전기전자공학,339849546,주흥진,1,0.0,0.0,"[50~500㎊ 커패시턴스 가변형 진공커패시터의 전극 설계 및 평가]
   └ 학회: 대한전기학회 (IF: 0.37)"
4444,2022,전기전자공학,246438206,Jung-Hoon Lee,1,0.0,0.0,"[Control Input Transformed Terminal Integral SMCs with Output Prediction for Second Order Uncertain Plants]
   └ 학회: 대한전기학회 (IF: 0.37)"
4445,2022,전기전자공학,125215458,Myeong-Soo Choi,1,0.0,0.0,"[Control Input Transformed Terminal Integral SMCs with Output Prediction for Second Order Uncertain Plants]
   └ 학회: 대한전기학회 (IF: 0.37)"
4446,2022,전기전자공학,964202583,구근범,1,0.0,0.0,"[Decentralized Fuzzy Observer Design for Discrete-Time Nonlinear Interconnected Systems with Parametric Uncertainties]
   └ 학회: 대한전기학회 (IF: 0.37)"
4447,2022,전기전자공학,498104856,박성미,1,0.0,0.0,"[신뢰도지표를 활용한 신 가치기반신뢰도평가 (VBDRA) 기반의 배전 설비 투자 선택 방안 연구]
   └ 학회: 대한전기학회 (IF: 0.37)"
4448,2022,전기전자공학,318719174,오찬우,1,0.0,0.0,"[신뢰도지표를 활용한 신 가치기반신뢰도평가 (VBDRA) 기반의 배전 설비 투자 선택 방안 연구]
   └ 학회: 대한전기학회 (IF: 0.37)"
4449,2022,전기전자공학,963336431,박세준,1,0.0,0.0,"[신뢰도지표를 활용한 신 가치기반신뢰도평가 (VBDRA) 기반의 배전 설비 투자 선택 방안 연구]
   └ 학회: 대한전기학회 (IF: 0.37)"
4450,2022,전기전자공학,477963548,조호령,1,0.0,0.0,"[R-bar 전차선로 곡선구간 전차선의 편마모 원인에 대한 연구]
   └ 학회: 대한전기학회 (IF: 0.37)"
4451,2022,전기전자공학,454739322,윤정일,1,0.0,0.0,"[R-bar 전차선로 곡선구간 전차선의 편마모 원인에 대한 연구]
   └ 학회: 대한전기학회 (IF: 0.37)"
4452,2022,전기전자공학,733922020,김명진,1,0.0,0.0,"[전기 및 자기 재료의 연구 동향]
   └ 학회: 대한전기학회 (IF: 0.37)"
4453,2022,전기전자공학,298647647,김동환,1,0.0,0.0,"[미래의 영구자석 기술 전망]
   └ 학회: 대한전기학회 (IF: 0.37)"
4454,2022,전기전자공학,947134586,김슬기,1,0.0,0.0,"[전자기파 차폐 응용을 위한 2차원 소재 MXene의 연구동향]
   └ 학회: 대한전기학회 (IF: 0.37)"
4455,2022,전기전자공학,247125201,황혜원,1,0.0,0.0,"[전자기파 차폐 응용을 위한 2차원 소재 MXene의 연구동향]
   └ 학회: 대한전기학회 (IF: 0.37)"
4456,2022,전기전자공학,171405521,이동주,1,0.0,0.0,"[전자기파 차폐 응용을 위한 2차원 소재 MXene의 연구동향]
   └ 학회: 대한전기학회 (IF: 0.37)"
4457,2022,전기전자공학,313524846,김민희,1,0.0,0.0,"[공간전하를 고려한 HVDC 시스템의 절연메커니즘 해석]
   └ 학회: 대한전기학회 (IF: 0.37)"
4458,2022,전기전자공학,639715364,한상욱,1,0.0,0.0,"[Genetic Programming을 이용한 고장전류 저감을 위한 모선분리 및 선로분리 방안 최적화 연구]
   └ 학회: 대한전기학회 (IF: 0.37)"
4459,2022,전기전자공학,817243856,전성국,1,0.0,0.0,"[삼중열병합발전, 태양광, ESS를 포함한 소형 Integrated energy system의 경제적 운영방안]
   └ 학회: 대한전기학회 (IF: 0.37)"
4460,2022,전기전자공학,677517780,전주현,1,0.0,0.0,"[삼중열병합발전, 태양광, ESS를 포함한 소형 Integrated energy system의 경제적 운영방안]
   └ 학회: 대한전기학회 (IF: 0.37)"
4461,2022,전기전자공학,423066088,류신호,1,0.0,0.0,"[삼중열병합발전, 태양광, ESS를 포함한 소형 Integrated energy system의 경제적 운영방안]
   └ 학회: 대한전기학회 (IF: 0.37)"
4462,2022,전기전자공학,803291,이동호,1,0.0,0.0,"[삼중열병합발전, 태양광, ESS를 포함한 소형 Integrated energy system의 경제적 운영방안]
   └ 학회: 대한전기학회 (IF: 0.37)"
4463,2022,전기전자공학,238205547,안정열,1,0.0,0.0,"[DC모터 모델링을 이용한 선루프 제어기 자동반전 기법 개발]
   └ 학회: 대한전기학회 (IF: 0.37)"
4464,2022,전기전자공학,420534901,김강민,1,0.0,0.0,"[기능성 코팅과 후면 방열시트가 적용된 태양광 모듈의 방열 특성분석]
   └ 학회: 대한전기학회 (IF: 0.37)"
4465,2022,전기전자공학,905898430,이국필,1,0.0,0.0,"[기능성 코팅과 후면 방열시트가 적용된 태양광 모듈의 방열 특성분석]
   └ 학회: 대한전기학회 (IF: 0.37)"
4466,2022,전기전자공학,583577926,최원석,1,0.0,0.0,"[기능성 코팅과 후면 방열시트가 적용된 태양광 모듈의 방열 특성분석]
   └ 학회: 대한전기학회 (IF: 0.37)"
4467,2022,전기전자공학,362721823,우필성,1,0.0,0.0,"[대규모 지능형 전력망의 사이버보안 위험성에 대한 평가 방법론]
   └ 학회: 대한전기학회 (IF: 0.37)"
4468,2022,전기전자공학,586668784,김지언,1,0.0,0.0,"[EMTP를 이용한 PMSG 풍력발전시스템의 Closed Loop 합성 관성 제어]
   └ 학회: 대한전기학회 (IF: 0.37)"
4469,2022,전기전자공학,988864174,강용철,1,0.0,0.0,"[EMTP를 이용한 PMSG 풍력발전시스템의 Closed Loop 합성 관성 제어]
   └ 학회: 대한전기학회 (IF: 0.37)"
4470,2022,전기전자공학,843808917,남이슬,1,0.0,0.0,"[배전계통 전력민감도를 고려한 풍력발전기 출력제한 방법에 관한 연구]
   └ 학회: 대한전기학회 (IF: 0.37)"
4471,2022,전기전자공학,912297774,유병찬,1,0.0,0.0,"[배전계통 전력민감도를 고려한 풍력발전기 출력제한 방법에 관한 연구]
   └ 학회: 대한전기학회 (IF: 0.37)"
4472,2022,전기전자공학,580638584,김정환,1,0.0,0.0,"[배전계통 전력민감도를 고려한 풍력발전기 출력제한 방법에 관한 연구]
   └ 학회: 대한전기학회 (IF: 0.37)"
4473,2022,전기전자공학,630398863,정승민,1,0.0,0.0,"[배전계통 전력민감도를 고려한 풍력발전기 출력제한 방법에 관한 연구]
   └ 학회: 대한전기학회 (IF: 0.37)"
4474,2022,전기전자공학,137827563,이호현,1,0.0,0.0,"[SPMSM 설계를 위한 Slotless SPM 모델의 무부하 역기전력 해석]
   └ 학회: 대한전기학회 (IF: 0.37)"
4475,2022,전기전자공학,902997068,이준식,1,0.0,0.0,"[ITO/Ag/ITO 구조의 투명 전도성 전자파차폐 필름]
   └ 학회: 대한전기학회 (IF: 0.37)"
4476,2022,전기전자공학,981517817,홍준표,1,0.0,0.0,"[ITO/Ag/ITO 구조의 투명 전도성 전자파차폐 필름]
   └ 학회: 대한전기학회 (IF: 0.37)"
4477,2022,전기전자공학,378449492,Malkeshkumar Patel,1,0.0,0.0,"[ITO/Ag/ITO 구조의 투명 전도성 전자파차폐 필름]
   └ 학회: 대한전기학회 (IF: 0.37)"
4478,2022,전기전자공학,340346818,이기범,1,0.0,0.0,"[ITO/Ag/ITO 구조의 투명 전도성 전자파차폐 필름]
   └ 학회: 대한전기학회 (IF: 0.37)"
4479,2022,전기전자공학,673494163,김준동,1,0.0,0.0,"[ITO/Ag/ITO 구조의 투명 전도성 전자파차폐 필름]
   └ 학회: 대한전기학회 (IF: 0.37)"
4480,2022,전기전자공학,338511822,이동진,1,0.0,0.0,"[DDS를 이용한 마이크로그리드 통신구조 성능검증]
   └ 학회: 대한전기학회 (IF: 0.37)"
4481,2022,전기전자공학,932148154,양효식,1,0.0,0.0,"[DDS를 이용한 마이크로그리드 통신구조 성능검증]
   └ 학회: 대한전기학회 (IF: 0.37)"
4482,2022,전기전자공학,180282529,박성원,1,0.0,0.0,"[자율주행 트램 차량을 위한 속도 추종 제어기 설계]
   └ 학회: 대한전기학회 (IF: 0.37)"
4483,2022,전기전자공학,596190319,최경준,1,0.0,0.0,"[자율주행 트램 차량을 위한 속도 추종 제어기 설계]
   └ 학회: 대한전기학회 (IF: 0.37)"
4484,2022,전기전자공학,608174451,전희균,1,0.0,0.0,"[자율주행 트램 차량을 위한 속도 추종 제어기 설계]
   └ 학회: 대한전기학회 (IF: 0.37)"
4485,2022,전기전자공학,547860073,황현철,1,0.0,0.0,"[자율주행 트램 차량을 위한 속도 추종 제어기 설계]
   └ 학회: 대한전기학회 (IF: 0.37)"
4486,2022,전기전자공학,468758066,곽재호,1,0.0,0.0,"[자율주행 트램 차량을 위한 속도 추종 제어기 설계]
   └ 학회: 대한전기학회 (IF: 0.37)"
4487,2022,전기전자공학,336881832,유지환,1,0.0,0.0,"[변전소 불량애자 검출을 위한 드론 EO/IR 영상 기반의 경량화 객체탐지 모델 응용 연구]
   └ 학회: 대한전기학회 (IF: 0.37)"
4488,2022,전기전자공학,5416305,권동영,1,0.0,0.0,"[Matlab-OpenDSS 연계 모의를 이용한 배전 계통의 스마트 인버터 전압 제어 방안 연구]
   └ 학회: 대한전기학회 (IF: 0.37)"
4489,2022,전기전자공학,553147724,최윤혁,1,0.0,0.0,"[Matlab-OpenDSS 연계 모의를 이용한 배전 계통의 스마트 인버터 전압 제어 방안 연구]
   └ 학회: 대한전기학회 (IF: 0.37)"
4490,2022,전기전자공학,293108284,심준보,1,0.0,0.0,"[Matlab-OpenDSS 연계 모의를 이용한 배전 계통의 스마트 인버터 전압 제어 방안 연구]
   └ 학회: 대한전기학회 (IF: 0.37)"
4491,2022,전기전자공학,181570793,Prida Erni Kesuma,1,0.0,0.0,"[Risk Analysis and Mitigation Measures of Co-firing : Case Study from Indonesia]
   └ 학회: 대한전기학회 (IF: 0.37)"
4492,2022,전기전자공학,627122711,윤용범,1,0.0,0.0,"[Risk Analysis and Mitigation Measures of Co-firing : Case Study from Indonesia]
   └ 학회: 대한전기학회 (IF: 0.37)"
4493,2022,전기전자공학,359725804,박수진,1,0.0,0.0,"[Risk Analysis and Mitigation Measures of Co-firing : Case Study from Indonesia]
   └ 학회: 대한전기학회 (IF: 0.37)"
4494,2022,전기전자공학,752517316,조강욱,1,0.0,0.0,"[한국 전력시장에서 실시간 시장가격 제도가 소비자 잉여에 미치는 영향에 관한 연구]
   └ 학회: 대한전기학회 (IF: 0.37)"
4495,2022,전기전자공학,494356441,조성봉,1,0.0,0.0,"[한국 전력시장에서 실시간 시장가격 제도가 소비자 잉여에 미치는 영향에 관한 연구]
   └ 학회: 대한전기학회 (IF: 0.37)"
4496,2022,전기전자공학,789700550,이용래,1,0.0,0.0,"[리스크 기반 최적 조류 계산을 통한 도시형 전력네트워크의 리스크 관리]
   └ 학회: 대한전기학회 (IF: 0.37)"
4497,2022,전기전자공학,543272191,차지윤,1,0.0,0.0,"[스마트 인버터의 자율적인 Volt-VAR 곡선 변경을 통한 연계점 전압의 안정화]
   └ 학회: 대한전기학회 (IF: 0.37)"
4498,2022,전기전자공학,522048615,김부건,1,0.0,0.0,"[고전압 변압기 자성재료 적층 형태를 이용한 에너지 효율 향상]
   └ 학회: 대한전기학회 (IF: 0.37)"
4499,2022,전기전자공학,419648632,박승혁,1,0.0,0.0,"[고전압 변압기 자성재료 적층 형태를 이용한 에너지 효율 향상]
   └ 학회: 대한전기학회 (IF: 0.37)"
4500,2022,전기전자공학,528461225,김진규,1,0.0,0.0,"[고전압 변압기 자성재료 적층 형태를 이용한 에너지 효율 향상]
   └ 학회: 대한전기학회 (IF: 0.37)"
4501,2022,전기전자공학,898203259,최준선,1,0.0,0.0,"[CCTV 기반 화염의 특성과 밀도 기반 공간 클러스터링을 이용한 화재 감지 방법]
   └ 학회: 대한전기학회 (IF: 0.37)"
4502,2022,전기전자공학,282262197,신정훈,1,0.0,0.0,"[클러터 환경에서 레이더 시스템의 표적 포착 시간 예측 기법]
   └ 학회: 대한전기학회 (IF: 0.37)"
4503,2022,전기전자공학,408121619,최영진,1,0.0,0.0,"[클러터 환경에서 레이더 시스템의 표적 포착 시간 예측 기법]
   └ 학회: 대한전기학회 (IF: 0.37)"
4504,2022,전기전자공학,274196913,송택렬,1,0.0,0.0,"[클러터 환경에서 레이더 시스템의 표적 포착 시간 예측 기법]
   └ 학회: 대한전기학회 (IF: 0.37)"
4505,2022,전기전자공학,578603857,안병현,1,0.0,0.0,"[전력계통 저주파수 진동억제를 위한 회전형 변압기 속도제어에 관한 연구]
   └ 학회: 대한전기학회 (IF: 0.37)"
4506,2022,전기전자공학,373660915,박재덕,1,0.0,0.0,"[전력계통 저주파수 진동억제를 위한 회전형 변압기 속도제어에 관한 연구]
   └ 학회: 대한전기학회 (IF: 0.37)"
4507,2022,전기전자공학,123611228,김태훈,1,0.0,0.0,"[전력계통 저주파수 진동억제를 위한 회전형 변압기 속도제어에 관한 연구]
   └ 학회: 대한전기학회 (IF: 0.37)"
4508,2022,전기전자공학,250339244,채준수,1,0.0,0.0,"[전력계통 저주파수 진동억제를 위한 회전형 변압기 속도제어에 관한 연구]
   └ 학회: 대한전기학회 (IF: 0.37)"
4509,2022,전기전자공학,770427120,표수한,1,0.0,0.0,"[전력계통 저주파수 진동억제를 위한 회전형 변압기 속도제어에 관한 연구]
   └ 학회: 대한전기학회 (IF: 0.37)"
4510,2022,전기전자공학,455752717,박태식,1,0.0,0.0,"[전력계통 저주파수 진동억제를 위한 회전형 변압기 속도제어에 관한 연구]
   └ 학회: 대한전기학회 (IF: 0.37)"
4511,2022,전기전자공학,773864265,박상준,1,0.0,0.0,"[미국 내 다중 간격 실시간 시장 운영 및 가격 결정 방식 분석]
   └ 학회: 대한전기학회 (IF: 0.37)"
4512,2022,전기전자공학,721784,정태영,1,0.0,0.0,"[천연가스 정압소에 설치한 터보팽창형 유도발전기의 계통 연계 시 과도특성 해석]
   └ 학회: 대한전기학회 (IF: 0.37)"
4513,2022,전기전자공학,698648443,조원효,1,0.0,0.0,"[수중 사출에 의한 소형 무인잠수정의 전동기 역기전력 보호회로 설계 및 모델링 방안]
   └ 학회: 대한전기학회 (IF: 0.37)"
4514,2022,전기전자공학,780911529,김대한,1,0.0,0.0,"[데이터 기반 지상용 변압기의 잔여수명과 고장확률(PoF) 도출방안 연구]
   └ 학회: 대한전기학회 (IF: 0.37)"
4515,2022,전기전자공학,720870223,이홍석,1,0.0,0.0,"[데이터 기반 지상용 변압기의 잔여수명과 고장확률(PoF) 도출방안 연구]
   └ 학회: 대한전기학회 (IF: 0.37)"
4516,2022,전기전자공학,273660506,김민혁,1,0.0,0.0,"[중간 주파수 해석을 위한 수정된 준정적 FDTD 기법과 이론 해의 비교]
   └ 학회: 대한전기학회 (IF: 0.37)"
4517,2022,전기전자공학,874922542,박상욱,1,0.0,0.0,"[중간 주파수 해석을 위한 수정된 준정적 FDTD 기법과 이론 해의 비교]
   └ 학회: 대한전기학회 (IF: 0.37)"
4518,2022,전기전자공학,857211807,김형주,1,0.0,0.0,"[ABCD 파라미터를 활용한 PT의 고주파 전달특성 측정 및 분석]
   └ 학회: 대한전기학회 (IF: 0.37)"
4519,2022,전기전자공학,323721942,박준형,1,0.0,0.0,"[스펙트럼 에너지 해석을 활용한 배전설비 초음파 이상신호 자동검출 기법]
   └ 학회: 대한전기학회 (IF: 0.37)"
4520,2022,전기전자공학,807441976,심윤보,1,0.0,0.0,"[스펙트럼 에너지 해석을 활용한 배전설비 초음파 이상신호 자동검출 기법]
   └ 학회: 대한전기학회 (IF: 0.37)"
4521,2022,전기전자공학,359330776,정상오,1,0.0,0.0,"[스펙트럼 에너지 해석을 활용한 배전설비 초음파 이상신호 자동검출 기법]
   └ 학회: 대한전기학회 (IF: 0.37)"
4522,2022,전기전자공학,589951224,손국현,1,0.0,0.0,"[교류전기철도 급전계통에서 고조파 공진 확대에 따른 R-C Bank의 저감 효과 분석]
   └ 학회: 대한전기학회 (IF: 0.37)"
4523,2022,전기전자공학,678122667,김철환,1,0.0,0.0,"[교류전기철도 급전계통에서 고조파 공진 확대에 따른 R-C Bank의 저감 효과 분석]
   └ 학회: 대한전기학회 (IF: 0.37)"
4524,2022,전기전자공학,705887390,하태길,1,0.0,0.0,"[교류전기철도 급전계통에서 고조파 공진 확대에 따른 R-C Bank의 저감 효과 분석]
   └ 학회: 대한전기학회 (IF: 0.37)"
4525,2022,전기전자공학,268464049,권호준,1,0.0,0.0,"[전기철도 급전계통 부하불평형에 대한 실험적 고찰]
   └ 학회: 대한전기학회 (IF: 0.37)"
4526,2022,전기전자공학,877034925,오효석,1,0.0,0.0,"[전기철도 급전계통 부하불평형에 대한 실험적 고찰]
   └ 학회: 대한전기학회 (IF: 0.37)"
4527,2022,전기전자공학,183768786,이상훈,1,0.0,0.0,"[E-모빌리티 산업기술 동향과 실증사례 연구]
   └ 학회: 대한전기학회 (IF: 0.37)"
4528,2022,전기전자공학,724540419,최승연,1,0.0,0.0,"[동해안 대규모 산불과 발전기축 진동 현상 관측에 대한 고찰]
   └ 학회: 대한전기학회 (IF: 0.37)"
4529,2022,전기전자공학,632312483,이재형,1,0.0,0.0,"[Python 기반의 제어기 모듈화를 통한 PSS/e 과도 모의 안정성 향상 연구]
   └ 학회: 대한전기학회 (IF: 0.37)"
4530,2022,전기전자공학,310427368,신희원,1,0.0,0.0,"[Python 기반의 제어기 모듈화를 통한 PSS/e 과도 모의 안정성 향상 연구]
   └ 학회: 대한전기학회 (IF: 0.37)"
4531,2022,전기전자공학,961119192,이상호,1,0.0,0.0,"[Python 기반의 제어기 모듈화를 통한 PSS/e 과도 모의 안정성 향상 연구]
   └ 학회: 대한전기학회 (IF: 0.37)"
4532,2022,전기전자공학,770449398,민상원,1,0.0,0.0,"[Python 기반의 제어기 모듈화를 통한 PSS/e 과도 모의 안정성 향상 연구]
   └ 학회: 대한전기학회 (IF: 0.37)"
4533,2022,전기전자공학,851426329,송성윤,1,0.0,0.0,"[Python 기반의 제어기 모듈화를 통한 PSS/e 과도 모의 안정성 향상 연구]
   └ 학회: 대한전기학회 (IF: 0.37)"
4534,2022,전기전자공학,823045843,김병목,1,0.0,0.0,"[이차전지를 이용한 2kW 태양광전원용 전압보상장치의 운용 방안에 관한 연구]
   └ 학회: 대한전기학회 (IF: 0.37)"
4535,2022,전기전자공학,515718428,김다현,1,0.0,0.0,"[노지 재배 스마트팜 시스템을 위한 기후 및 영상 분석 애플리케이션]
   └ 학회: 대한전기학회 (IF: 0.37)"
4536,2022,전기전자공학,975384477,안준호,1,0.0,0.0,"[노지 재배 스마트팜 시스템을 위한 기후 및 영상 분석 애플리케이션]
   └ 학회: 대한전기학회 (IF: 0.37)"
4537,2022,전기전자공학,667682138,윤성욱,1,0.0,0.0,"[노지 재배 스마트팜 시스템을 위한 기후 및 영상 분석 애플리케이션]
   └ 학회: 대한전기학회 (IF: 0.37)"
4538,2022,전기전자공학,355092862,유기성,1,0.0,0.0,"[커티너리 전차선로의 전력공급 고장 원인 상호간의 관계 분석]
   └ 학회: 대한전기학회 (IF: 0.37)"
4539,2022,전기전자공학,637569613,이혜선,1,0.0,0.0,"[생존분석 기반 배전설비 자산건전도 평가표 구성방안에 관한 연구]
   └ 학회: 대한전기학회 (IF: 0.37)"
4540,2022,전기전자공학,283714071,오기대,1,0.0,0.0,"[생존분석 기반 배전설비 자산건전도 평가표 구성방안에 관한 연구]
   └ 학회: 대한전기학회 (IF: 0.37)"
4541,2022,전기전자공학,529685111,김용하,1,0.0,0.0,"[생존분석 기반 배전설비 자산건전도 평가표 구성방안에 관한 연구]
   └ 학회: 대한전기학회 (IF: 0.37)"
4542,2022,전기전자공학,882878423,이재환,1,0.0,0.0,"[수용가의 단상부하에 의한 전력계통 불평형 개선 연구]
   └ 학회: 대한전기학회 (IF: 0.37)"
4543,2022,전기전자공학,697584448,우천희,1,0.0,0.0,"[군집 알고리즘을 이용한 전력품질진단장치 개발]
   └ 학회: 대한전기학회 (IF: 0.37)"
4544,2022,전기전자공학,5174709,김준용,1,0.0,0.0,"[수소연료전지 통합운영시스템을 위한 통신클래스 설계]
   └ 학회: 대한전기학회 (IF: 0.37)"
4545,2022,전기전자공학,736725470,신정현,1,0.0,0.0,"[태양광모듈의 전력 측정 개선을 위한 온도 보정법에 대한 연구]
   └ 학회: 대한전기학회 (IF: 0.37)"
4546,2022,전기전자공학,276704949,이영석,1,0.0,0.0,"[태양광모듈의 전력 측정 개선을 위한 온도 보정법에 대한 연구]
   └ 학회: 대한전기학회 (IF: 0.37)"
4547,2022,전기전자공학,942098790,이승재,1,0.0,0.0,"[태양광모듈의 전력 측정 개선을 위한 온도 보정법에 대한 연구]
   └ 학회: 대한전기학회 (IF: 0.37)"
4548,2022,전기전자공학,832603300,문종필,1,0.0,0.0,"[태양광모듈의 전력 측정 개선을 위한 온도 보정법에 대한 연구]
   └ 학회: 대한전기학회 (IF: 0.37)"
4549,2022,전기전자공학,207018827,손영건,1,0.0,0.0,"[그린수소 생산을 위한 소수력발전기반 수전해 연계방안]
   └ 학회: 대한전기학회 (IF: 0.37)"
4550,2022,전기전자공학,5416059,도경택,1,0.0,0.0,"[그린수소 생산을 위한 소수력발전기반 수전해 연계방안]
   └ 학회: 대한전기학회 (IF: 0.37)"
4551,2022,전기전자공학,993748665,추성훈,1,0.0,0.0,"[그린수소 생산을 위한 소수력발전기반 수전해 연계방안]
   └ 학회: 대한전기학회 (IF: 0.37)"
4552,2022,전기전자공학,219799662,이지은,1,0.0,0.0,"[그린수소 생산을 위한 소수력발전기반 수전해 연계방안]
   └ 학회: 대한전기학회 (IF: 0.37)"
4553,2022,전기전자공학,502033737,배인수,1,0.0,0.0,"[그린수소 생산을 위한 소수력발전기반 수전해 연계방안]
   └ 학회: 대한전기학회 (IF: 0.37)"
4554,2022,전기전자공학,561059360,김성열,1,0.0,0.0,"[그린수소 생산을 위한 소수력발전기반 수전해 연계방안]
   └ 학회: 대한전기학회 (IF: 0.37)"
4555,2022,전기전자공학,952327222,권민수,1,0.0,0.0,"[방향성 강판을 적용한 전기자동차용 매입형 영구자석 동기전동기 설계]
   └ 학회: 대한전기학회 (IF: 0.37)"
4556,2022,전기전자공학,1550791,박준휘,1,0.0,0.0,"[IF 기동방식 센서리스 압축기의 소음 및 진동 저감 제어]
   └ 학회: 대한전기학회 (IF: 0.37)"
4557,2022,전기전자공학,324210389,이동희,1,0.0,0.0,"[IF 기동방식 센서리스 압축기의 소음 및 진동 저감 제어]
   └ 학회: 대한전기학회 (IF: 0.37)"
4558,2022,전기전자공학,305190372,안종수,1,0.0,0.0,"[Rosen type 압전 변압기를 적용한 단락 사고 신호 검출 방법에 관한 연구]
   └ 학회: 대한전기학회 (IF: 0.37)"
4559,2022,전기전자공학,557911093,김태규,1,0.0,0.0,"[Rosen type 압전 변압기를 적용한 단락 사고 신호 검출 방법에 관한 연구]
   └ 학회: 대한전기학회 (IF: 0.37)"
4560,2022,전기전자공학,182022001,곽군평,1,0.0,0.0,"[Rosen type 압전 변압기를 적용한 단락 사고 신호 검출 방법에 관한 연구]
   └ 학회: 대한전기학회 (IF: 0.37)"
4561,2022,전기전자공학,385370446,정운조,1,0.0,0.0,"[Ti-Zr 합금 타겟을 사용하여 아크 이온 플레이팅법으로 형성된 TiZrN 박막의 특성]
   └ 학회: 대한전기학회 (IF: 0.37)"
4562,2022,전기전자공학,262022,남현우,1,0.0,0.0,"[WebGPU를 이용한 AES 알고리즘 가속화]
   └ 학회: 대한전기학회 (IF: 0.37)"
4563,2022,전기전자공학,631510505,박능수,1,0.0,0.0,"[WebGPU를 이용한 AES 알고리즘 가속화]
   └ 학회: 대한전기학회 (IF: 0.37)"
4564,2022,전기전자공학,4627663,이태규,1,0.0,0.0,"[건물의 에너지 사용량 예측을 위한 하이브리드 모델 연구]
   └ 학회: 대한전기학회 (IF: 0.37)"
4565,2022,전기전자공학,739874673,김정욱,1,0.0,0.0,"[건물의 에너지 사용량 예측을 위한 하이브리드 모델 연구]
   └ 학회: 대한전기학회 (IF: 0.37)"
4566,2022,전기전자공학,824435479,유련,1,0.0,0.0,"[다구찌기법 기반 25.8kV 친환경 가스개폐기 최적 절연설계]
   └ 학회: 대한전기학회 (IF: 0.37)"
4567,2022,전기전자공학,820655134,김영문,1,0.0,0.0,"[다구찌기법 기반 25.8kV 친환경 가스개폐기 최적 절연설계]
   └ 학회: 대한전기학회 (IF: 0.37)"
4568,2022,전기전자공학,615443039,안길영,1,0.0,0.0,"[다구찌기법 기반 25.8kV 친환경 가스개폐기 최적 절연설계]
   └ 학회: 대한전기학회 (IF: 0.37)"
4569,2022,전기전자공학,247603884,박우진,1,0.0,0.0,"[저압직류차단기의 소전류 영역 차단특성과 성능향상을 위한 연구]
   └ 학회: 대한전기학회 (IF: 0.37)"
4570,2022,전기전자공학,793484781,안길영,1,0.0,0.0,"[저압직류차단기의 소전류 영역 차단특성과 성능향상을 위한 연구]
   └ 학회: 대한전기학회 (IF: 0.37)"
4571,2022,전기전자공학,388124356,심정욱,1,0.0,0.0,"[LVDC용 반도체 차단기 기술 동향]
   └ 학회: 대한전기학회 (IF: 0.37)"
4572,2022,전기전자공학,273954114,장수형,1,0.0,0.0,"[LVDC의 적용 확대를 위한 전력품질과 지락검출에 대한 검토]
   └ 학회: 대한전기학회 (IF: 0.37)"
4573,2022,전기전자공학,581790346,윤재식,1,0.0,0.0,"[LVDC의 적용 확대를 위한 전력품질과 지락검출에 대한 검토]
   └ 학회: 대한전기학회 (IF: 0.37)"
4574,2022,전기전자공학,489227222,이기덕,1,0.0,0.0,"[전자기 유도방식의 부상력을 이용한 오프 더 그라운드 모빌리티용 구동모듈 기술개발]
   └ 학회: 대한전기학회 (IF: 0.37)"
4575,2022,전기전자공학,455083799,서정무,1,0.0,0.0,"[전자기 유도방식의 부상력을 이용한 오프 더 그라운드 모빌리티용 구동모듈 기술개발]
   └ 학회: 대한전기학회 (IF: 0.37)"
4576,2022,전기전자공학,461305435,유세현,1,0.0,0.0,"[전자기 유도방식의 부상력을 이용한 오프 더 그라운드 모빌리티용 구동모듈 기술개발]
   └ 학회: 대한전기학회 (IF: 0.37)"
4577,2022,전기전자공학,420929771,정선호,1,0.0,0.0,"[제주지역 신재생 출력제어 최소화를 위한 플러스DR 제도 소개]
   └ 학회: 대한전기학회 (IF: 0.37)"
4578,2022,전기전자공학,376892150,임세환,1,0.0,0.0,"[고밀도 태양광 연계 배전 계통에서의 OLTC 동작 횟수 저감을 위한 협조 전압 제어]
   └ 학회: 대한전기학회 (IF: 0.37)"
4579,2022,전기전자공학,543748914,김경훈,1,0.0,0.0,"[고밀도 태양광 연계 배전 계통에서의 OLTC 동작 횟수 저감을 위한 협조 전압 제어]
   └ 학회: 대한전기학회 (IF: 0.37)"
4580,2022,전기전자공학,5465093,최우영,1,0.0,0.0,"[전력계통 재생에너지 수용증대를 위한 주파수응답 방안별 성능 평가 및 정량화 방법]
   └ 학회: 대한전기학회 (IF: 0.37)"
4581,2022,전기전자공학,737456026,박상호,1,0.0,0.0,"[신재생발전 지역 관제를 위한 신재생 발전출력 예측 기술]
   └ 학회: 대한전기학회 (IF: 0.37)"
4582,2022,전기전자공학,983368671,최순호,1,0.0,0.0,"[신재생발전 지역 관제를 위한 신재생 발전출력 예측 기술]
   └ 학회: 대한전기학회 (IF: 0.37)"
4583,2022,전기전자공학,467503950,김태환,1,0.0,0.0,"[EMTP/MODELS와 외부프로그램 연계를 통한 성능향상 방안 연구]
   └ 학회: 대한전기학회 (IF: 0.37)"
4584,2022,전기전자공학,460288089,이윤선,1,0.0,0.0,"[EMTP/MODELS와 외부프로그램 연계를 통한 성능향상 방안 연구]
   └ 학회: 대한전기학회 (IF: 0.37)"
4585,2022,전기전자공학,192635482,이상봉,1,0.0,0.0,"[EMTP/MODELS와 외부프로그램 연계를 통한 성능향상 방안 연구]
   └ 학회: 대한전기학회 (IF: 0.37)"
4586,2022,전기전자공학,339518861,조진태,1,0.0,0.0,"[배전계획용 배전선로 부하예측 모델의 입력변수에 관한 고찰]
   └ 학회: 대한전기학회 (IF: 0.37)"
4587,2022,전기전자공학,223071463,김태형,1,0.0,0.0,"[유효 무효전력 분리 제어기반의 DPWM을 이용한 플라잉 커패시터 듀얼 인버터 전력 손실 저감 방법]
   └ 학회: 대한전기학회 (IF: 0.37)"
4588,2022,전기전자공학,220038853,윤범렬,1,0.0,0.0,"[유효 무효전력 분리 제어기반의 DPWM을 이용한 플라잉 커패시터 듀얼 인버터 전력 손실 저감 방법]
   └ 학회: 대한전기학회 (IF: 0.37)"
4589,2022,전기전자공학,501214420,이준희,1,0.0,0.0,"[유효 무효전력 분리 제어기반의 DPWM을 이용한 플라잉 커패시터 듀얼 인버터 전력 손실 저감 방법]
   └ 학회: 대한전기학회 (IF: 0.37)"
4590,2022,전기전자공학,981018633,곽윤기,1,0.0,0.0,"[수상태양광 발전시스템의 편익-비용 비율 기반 경제성 분석]
   └ 학회: 대한전기학회 (IF: 0.37)"
4591,2022,전기전자공학,113819565,강필순,1,0.0,0.0,"[수상태양광 발전시스템의 편익-비용 비율 기반 경제성 분석]
   └ 학회: 대한전기학회 (IF: 0.37)"
4592,2022,전기전자공학,290084666,홍영훈,1,0.0,0.0,"[상부 유도 결합 플라즈마에서 챔버 길이에 따른 전기적 특성 및 플라즈마 분포]
   └ 학회: 대한전기학회 (IF: 0.37)"
4593,2022,전기전자공학,893011406,장이랑,1,0.0,0.0,"[상부 유도 결합 플라즈마에서 챔버 길이에 따른 전기적 특성 및 플라즈마 분포]
   └ 학회: 대한전기학회 (IF: 0.37)"
4594,2022,전기전자공학,321690567,김주호,1,0.0,0.0,"[상부 유도 결합 플라즈마에서 챔버 길이에 따른 전기적 특성 및 플라즈마 분포]
   └ 학회: 대한전기학회 (IF: 0.37)"
4595,2022,전기전자공학,378392618,조현진,1,0.0,0.0,"[부하토크의 변동이 있는 PMSM을 위한 MRAS 기반 셀프튜닝 PI 속도제어]
   └ 학회: 대한전기학회 (IF: 0.37)"
4596,2022,전기전자공학,407531527,이건영,1,0.0,0.0,"[부하토크의 변동이 있는 PMSM을 위한 MRAS 기반 셀프튜닝 PI 속도제어]
   └ 학회: 대한전기학회 (IF: 0.37)"
4597,2022,전기전자공학,543721222,박장현,1,0.0,0.0,"[입력이득의 부호가 미지인 일반적인 비선형시스템의 규정된 성능을 가지는 출력궤환 제어기 설계]
   └ 학회: 대한전기학회 (IF: 0.37)"
4598,2022,전기전자공학,424759181,임민규,1,0.0,0.0,"[클라우드 스토리지 서비스를 위한 Rsync 프로토콜 기반의 파일 동기화 프레임워크]
   └ 학회: 대한전기학회 (IF: 0.37)"
4599,2022,전기전자공학,810887370,박양권,1,0.0,0.0,"[변압기 비율차동계전기의 보호협조 운용방안에 대한 알고리즘 개발]
   └ 학회: 대한전기학회 (IF: 0.37)"
4600,2022,전기전자공학,243633257,어익수,1,0.0,0.0,"[변압기 비율차동계전기의 보호협조 운용방안에 대한 알고리즘 개발]
   └ 학회: 대한전기학회 (IF: 0.37)"
4601,2022,전기전자공학,171880541,홍재영,1,0.0,0.0,"[철도 차량의 전류 고조파를 활용한 전압 고조파 분석에 관한 연구]
   └ 학회: 대한전기학회 (IF: 0.37)"
4602,2022,전기전자공학,309036530,민영환,1,0.0,0.0,"[철도 차량의 전류 고조파를 활용한 전압 고조파 분석에 관한 연구]
   └ 학회: 대한전기학회 (IF: 0.37)"
4603,2022,전기전자공학,464491727,안태풍,1,0.0,0.0,"[철도 차량의 전류 고조파를 활용한 전압 고조파 분석에 관한 연구]
   └ 학회: 대한전기학회 (IF: 0.37)"
4604,2022,전기전자공학,1541921,김재승,1,0.0,0.0,"[철도 차량의 전류 고조파를 활용한 전압 고조파 분석에 관한 연구]
   └ 학회: 대한전기학회 (IF: 0.37)"
4605,2022,전기전자공학,529143494,이태훈,1,0.0,0.0,"[철도 차량의 전류 고조파를 활용한 전압 고조파 분석에 관한 연구]
   └ 학회: 대한전기학회 (IF: 0.37)"
4606,2022,전기전자공학,750066794,이병곤,1,0.0,0.0,"[철도 차량의 전류 고조파를 활용한 전압 고조파 분석에 관한 연구]
   └ 학회: 대한전기학회 (IF: 0.37)"
4607,2022,전기전자공학,921293978,윤성현,1,0.0,0.0,"[반도체 센서를 이용한 라돈측정기의 구현]
   └ 학회: 대한전기학회 (IF: 0.37)"
4608,2022,전기전자공학,774795917,임충혁,1,0.0,0.0,"[반도체 센서를 이용한 라돈측정기의 구현]
   └ 학회: 대한전기학회 (IF: 0.37)"
4609,2022,전기전자공학,130554745,박시효,1,0.0,0.0,"[태양광 발전효율 증대를 위한 최대전력추종 시스템에서 Anti-windup 적용의 효과 분석]
   └ 학회: 대한전기학회 (IF: 0.37)"
4610,2022,전기전자공학,247538356,김현준,1,0.0,0.0,"[고속 모터의 토크 리플 및 효율 개선을 위한 고정자 구조에 대한 연구]
   └ 학회: 대한전기학회 (IF: 0.37)"
4611,2022,전기전자공학,5478796,문주형,1,0.0,0.0,"[고속 모터의 토크 리플 및 효율 개선을 위한 고정자 구조에 대한 연구]
   └ 학회: 대한전기학회 (IF: 0.37)"
4612,2022,전기전자공학,248537713,강동우,1,0.0,0.0,"[고속 모터의 토크 리플 및 효율 개선을 위한 고정자 구조에 대한 연구]
   └ 학회: 대한전기학회 (IF: 0.37)"
4613,2022,전기전자공학,394742587,김태형,1,0.0,0.0,"[고속 모터의 토크 리플 및 효율 개선을 위한 고정자 구조에 대한 연구]
   └ 학회: 대한전기학회 (IF: 0.37)"
4614,2022,전기전자공학,590376260,이수길,1,0.0,0.0,"[철도 차량 차체 특성을 고려한 견인 전동기의 용량 산정 기법 연구]
   └ 학회: 대한전기학회 (IF: 0.37)"
4615,2022,전기전자공학,542627601,유우창,1,0.0,0.0,"[위상시프트 제어법을 적용한 공진형 스위치드 커패시터 DC-DC 컨버터의 특성]
   └ 학회: 대한전기학회 (IF: 0.37)"
4616,2022,전기전자공학,964645789,유의정,1,0.0,0.0,"[위상시프트 제어법을 적용한 공진형 스위치드 커패시터 DC-DC 컨버터의 특성]
   └ 학회: 대한전기학회 (IF: 0.37)"
4617,2022,전기전자공학,407755538,문상필,1,0.0,0.0,"[위상시프트 제어법을 적용한 공진형 스위치드 커패시터 DC-DC 컨버터의 특성]
   └ 학회: 대한전기학회 (IF: 0.37)"
4618,2022,전기전자공학,805536869,구세완,1,0.0,0.0,"[퍼블릭 클라우드 기반 셀프 밸런싱 로봇 네트워크 제어 시스템]
   └ 학회: 대한전기학회 (IF: 0.37)"
4619,2022,전기전자공학,776063734,백승환,1,0.0,0.0,"[사용자 안전성을 고려한 상지 재활치료 로봇의 병렬 안전 제어 시스템]
   └ 학회: 대한전기학회 (IF: 0.37)"
4620,2022,전기전자공학,525552049,지평식,1,0.0,0.0,"[다항회귀모델의 잔차 정보를 이용한 교류 직렬 아크검출 알고리즘 개발]
   └ 학회: 대한전기학회 (IF: 0.37)"
4621,2022,전기전자공학,345430069,최원석,1,0.0,0.0,"[입력 데이터 전처리 과정을 통한 태양광 발전량 예측 모델 성능 향상]
   └ 학회: 대한전기학회 (IF: 0.37)"
4622,2022,전기전자공학,5079134,김민석,1,0.0,0.0,"[출력 향상을 위한 고압 유도전동기의 다중목적 형상 최적 설계]
   └ 학회: 대한전기학회 (IF: 0.37)"
4623,2022,전기전자공학,640136571,김창업,1,0.0,0.0,"[출력 향상을 위한 고압 유도전동기의 다중목적 형상 최적 설계]
   └ 학회: 대한전기학회 (IF: 0.37)"
4624,2022,전기전자공학,104254785,김현지,1,0.0,0.0,"[유도 가열 시스템의 실시간 임피던스 계측을 통한 용기의 온도 추정 기법]
   └ 학회: 대한전기학회 (IF: 0.37)"
4625,2022,전기전자공학,595403596,허경욱,1,0.0,0.0,"[유도 가열 시스템의 실시간 임피던스 계측을 통한 용기의 온도 추정 기법]
   └ 학회: 대한전기학회 (IF: 0.37)"
4626,2022,전기전자공학,994298958,최민규,1,0.0,0.0,"[보조 정류회로를 활용한 통합된 5 kW 급 소형 제논 램프 전원장치]
   └ 학회: 대한전기학회 (IF: 0.37)"
4627,2022,전기전자공학,139058697,송승호,1,0.0,0.0,"[보조 정류회로를 활용한 통합된 5 kW 급 소형 제논 램프 전원장치]
   └ 학회: 대한전기학회 (IF: 0.37)"
4628,2022,전기전자공학,164418863,정재윤,1,0.0,0.0,"[고전계 노화 SiC-MOSFET 소자를 가지는 양방향 DC-DC 컨버터 특성 분석 연구]
   └ 학회: 대한전기학회 (IF: 0.37)"
4629,2022,전기전자공학,393376822,김수현,1,0.0,0.0,"[DPWM 기법을 적용한 비엔나 정류기의 L 필터 설계]
   └ 학회: 대한전기학회 (IF: 0.37)"
4630,2022,전기전자공학,110527294,고영민,1,0.0,0.0,"[DPWM 기법을 적용한 비엔나 정류기의 L 필터 설계]
   └ 학회: 대한전기학회 (IF: 0.37)"
4631,2022,전기전자공학,912283706,이건희,1,0.0,0.0,"[소음 환경에서 상용 음성인식 API의 성능 비교]
   └ 학회: 대한전기학회 (IF: 0.37)"
4632,2022,전기전자공학,722731,이상화,1,0.0,0.0,"[소음 환경에서 상용 음성인식 API의 성능 비교]
   └ 학회: 대한전기학회 (IF: 0.37)"
4633,2022,전기전자공학,226123077,지수환,1,0.0,0.0,"[소음 환경에서 상용 음성인식 API의 성능 비교]
   └ 학회: 대한전기학회 (IF: 0.37)"
4634,2022,전기전자공학,675474653,김아욱,1,0.0,0.0,"[소음 환경에서 상용 음성인식 API의 성능 비교]
   └ 학회: 대한전기학회 (IF: 0.37)"
4635,2022,전기전자공학,521417654,유재현,1,0.0,0.0,"[동적시스템 제어를 위한 효율적인 강화학습 방법]
   └ 학회: 대한전기학회 (IF: 0.37)"
4636,2022,전기전자공학,1909134,송민섭,1,0.0,0.0,"[오프셋 전압 인가 방식의 펄스 크기 변조 풀브릿지 다이오드 클램프 3레벨 LLC 공진형 컨버터]
   └ 학회: 대한전기학회 (IF: 0.37)"
4637,2022,전기전자공학,589519683,조규정,1,0.0,0.0,"[오프셋 전압 인가 방식의 펄스 크기 변조 풀브릿지 다이오드 클램프 3레벨 LLC 공진형 컨버터]
   └ 학회: 대한전기학회 (IF: 0.37)"
4638,2022,전기전자공학,133283298,이운규,1,0.0,0.0,"[통신장애를 고려한 분산형 마이크로그리드 제어기술과 연구동향]
   └ 학회: 대한전기학회 (IF: 0.37)"
4639,2022,전기전자공학,626622272,김학만,1,0.0,0.0,"[통신장애를 고려한 분산형 마이크로그리드 제어기술과 연구동향]
   └ 학회: 대한전기학회 (IF: 0.37)"
4640,2022,전기전자공학,661139387,박준민,1,0.0,0.0,"[사이버물리시스템의 사이버공격감지 연구동향]
   └ 학회: 대한전기학회 (IF: 0.37)"
4641,2022,전기전자공학,147598362,김동섭,1,0.0,0.0,"[분산전원 연계변압기의 전압 탭을 고려한 Volt-Var 제어 곡선 적합성 연구]
   └ 학회: 대한전기학회 (IF: 0.37)"
4642,2022,전기전자공학,848562168,김동관,1,0.0,0.0,"[제주계통을 위한 신뢰성DR 프로그램 설계 방법에 대한 연구]
   └ 학회: 대한전기학회 (IF: 0.37)"
4643,2022,전기전자공학,674231138,정선호,1,0.0,0.0,"[제주계통을 위한 신뢰성DR 프로그램 설계 방법에 대한 연구]
   └ 학회: 대한전기학회 (IF: 0.37)"
4644,2022,전기전자공학,294159961,위영민,1,0.0,0.0,"[제주계통을 위한 신뢰성DR 프로그램 설계 방법에 대한 연구]
   └ 학회: 대한전기학회 (IF: 0.37)"
4645,2022,전기전자공학,905459010,정혜인,1,0.0,0.0,"[3-레그형 2상 인버터에서의 전류 복원 영역 확장]
   └ 학회: 대한전기학회 (IF: 0.37)"
4646,2022,전기전자공학,993486654,최경륜,1,0.0,0.0,"[접지망에서의 과도 전위 변동으로 인한 2차 케이블의 전압변동 예측을 위한 등가 회로모델 개발에 대한 연구]
   └ 학회: 대한전기학회 (IF: 0.37)"
4647,2022,전기전자공학,990797450,김용상,1,0.0,0.0,"[접지망에서의 과도 전위 변동으로 인한 2차 케이블의 전압변동 예측을 위한 등가 회로모델 개발에 대한 연구]
   └ 학회: 대한전기학회 (IF: 0.37)"
4648,2022,전기전자공학,73009,김영선,1,0.0,0.0,"[철도차량 출입문 제어용 BLDC 전동기의 결선방법에 따른 전류 고조파 및 토크 특성 해석]
   └ 학회: 대한전기학회 (IF: 0.37)"
4649,2022,전기전자공학,397593653,김성휘,1,0.0,0.0,"[동일한 토크-속도 성능곡선을 만족하는 철도차량 직접구동용 IPMSM과 마그네틱 기어드 모터의 특성 비교 연구]
   └ 학회: 대한전기학회 (IF: 0.37)"
4650,2022,전기전자공학,605399271,조익현,1,0.0,0.0,"[동일한 토크-속도 성능곡선을 만족하는 철도차량 직접구동용 IPMSM과 마그네틱 기어드 모터의 특성 비교 연구]
   └ 학회: 대한전기학회 (IF: 0.37)"
4651,2022,전기전자공학,741125284,임재현,1,0.0,0.0,"[동일한 토크-속도 성능곡선을 만족하는 철도차량 직접구동용 IPMSM과 마그네틱 기어드 모터의 특성 비교 연구]
   └ 학회: 대한전기학회 (IF: 0.37)"
4652,2022,전기전자공학,426664,박찬배,1,0.0,0.0,"[동일한 토크-속도 성능곡선을 만족하는 철도차량 직접구동용 IPMSM과 마그네틱 기어드 모터의 특성 비교 연구]
   └ 학회: 대한전기학회 (IF: 0.37)"
4653,2022,전기전자공학,296012168,오형석,1,0.0,0.0,"[유도가열 기술을 활용한 에너지 저감형 분기기 히팅시스템의 유효성 검증]
   └ 학회: 대한전기학회 (IF: 0.37)"
4654,2022,전기전자공학,4212037,김동균,1,0.0,0.0,"[유도가열 기술을 활용한 에너지 저감형 분기기 히팅시스템의 유효성 검증]
   └ 학회: 대한전기학회 (IF: 0.37)"
4655,2022,전기전자공학,457377020,박찬배,1,0.0,0.0,"[유도가열 기술을 활용한 에너지 저감형 분기기 히팅시스템의 유효성 검증]
   └ 학회: 대한전기학회 (IF: 0.37)"
4656,2022,전기전자공학,4602303,이재범,1,0.0,0.0,"[유도가열 기술을 활용한 에너지 저감형 분기기 히팅시스템의 유효성 검증]
   └ 학회: 대한전기학회 (IF: 0.37)"
4657,2022,전기전자공학,400967942,이형우,1,0.0,0.0,"[유도가열 기술을 활용한 에너지 저감형 분기기 히팅시스템의 유효성 검증]
   └ 학회: 대한전기학회 (IF: 0.37)"
4658,2022,전기전자공학,794020824,이기원,1,0.0,0.0,"[활선 상태 전기적 특성 평가를 위한 이상 상태모니터링 적용방안 검토]
   └ 학회: 대한전기학회 (IF: 0.37)"
4659,2022,전기전자공학,879669894,박철민,1,0.0,0.0,"[활선 상태 전기적 특성 평가를 위한 이상 상태모니터링 적용방안 검토]
   └ 학회: 대한전기학회 (IF: 0.37)"
4660,2022,전기전자공학,295100847,이훈서,1,0.0,0.0,"[활선 상태 전기적 특성 평가를 위한 이상 상태모니터링 적용방안 검토]
   └ 학회: 대한전기학회 (IF: 0.37)"
4661,2022,전기전자공학,339726116,창상훈,1,0.0,0.0,"[활선 상태 전기적 특성 평가를 위한 이상 상태모니터링 적용방안 검토]
   └ 학회: 대한전기학회 (IF: 0.37)"
4662,2022,전기전자공학,469131553,유태현,1,0.0,0.0,"[전기분야 기후변화 리스크 평가 방법론에 관한 연구]
   └ 학회: 대한전기학회 (IF: 0.37)"
4663,2022,전기전자공학,836111541,신동준,1,0.0,0.0,"[전기분야 기후변화 리스크 평가 방법론에 관한 연구]
   └ 학회: 대한전기학회 (IF: 0.37)"
4664,2022,전기전자공학,482067696,조기선,1,0.0,0.0,"[전기분야 기후변화 리스크 평가 방법론에 관한 연구]
   └ 학회: 대한전기학회 (IF: 0.37)"
4665,2022,전기전자공학,839881152,문재현,1,0.0,0.0,"[ESRGAN 기반 영상 초해상화를 통한 전기설비 상태정보 추출 연구]
   └ 학회: 대한전기학회 (IF: 0.37)"
4666,2022,전기전자공학,592774617,송현제,1,0.0,0.0,"[ESRGAN 기반 영상 초해상화를 통한 전기설비 상태정보 추출 연구]
   └ 학회: 대한전기학회 (IF: 0.37)"
4667,2022,전기전자공학,810873,김진형,1,0.0,0.0,"[XLPE 절연약화로 인한 케이블 부분방전시 초음파를 이용한 위상 변화 분석]
   └ 학회: 대한전기학회 (IF: 0.37)"
4668,2022,전기전자공학,986962712,김경신,1,0.0,0.0,"[XLPE 절연약화로 인한 케이블 부분방전시 초음파를 이용한 위상 변화 분석]
   └ 학회: 대한전기학회 (IF: 0.37)"
4669,2022,전기전자공학,939581091,허견,1,0.0,0.0,"[탄소중립 미래 전력망]
   └ 학회: 대한전기학회 (IF: 0.37)"
4670,2022,전기전자공학,764930761,조윤성,1,0.0,0.0,"[탄소중립 미래 전력망]
   └ 학회: 대한전기학회 (IF: 0.37)"
4671,2022,전기전자공학,998784078,허진,1,0.0,0.0,"[탄소중립 미래 전력망]
   └ 학회: 대한전기학회 (IF: 0.37)"
4672,2022,전기전자공학,1138077,심재웅,1,0.0,0.0,"[탄소중립 미래 전력망]
   └ 학회: 대한전기학회 (IF: 0.37)"
4673,2022,전기전자공학,410956983,서상수,1,0.0,0.0,"[탄소중립 미래 전력망]
   └ 학회: 대한전기학회 (IF: 0.37)"
4674,2022,전기전자공학,310000839,이재걸,1,0.0,0.0,"[탄소중립 미래 전력망]
   └ 학회: 대한전기학회 (IF: 0.37)"
4675,2022,전기전자공학,522872415,이창근,1,0.0,0.0,"[탄소중립 미래 전력망]
   └ 학회: 대한전기학회 (IF: 0.37)"
4676,2022,전기전자공학,162946586,봉의종,1,0.0,0.0,"[고온초전도자석 기술동향]
   └ 학회: 대한전기학회 (IF: 0.37)"
4677,2022,전기전자공학,511817169,한승용,1,0.0,0.0,"[고온초전도자석 기술동향]
   └ 학회: 대한전기학회 (IF: 0.37)"
4678,2022,전기전자공학,717353005,이상진,1,0.0,0.0,"[고온초전도자석 기술동향]
   └ 학회: 대한전기학회 (IF: 0.37)"
4679,2022,전기전자공학,911036822,박인성,1,0.0,0.0,"[2세대 고온초전도 선재의 기술개발 동향]
   └ 학회: 대한전기학회 (IF: 0.37)"
4680,2022,전기전자공학,936194640,하홍수,1,0.0,0.0,"[2세대 고온초전도 선재의 기술개발 동향]
   └ 학회: 대한전기학회 (IF: 0.37)"
4681,2022,전기전자공학,600865489,이우승,1,0.0,0.0,"[고온초전도 NMR 자석 기술 동향]
   └ 학회: 대한전기학회 (IF: 0.37)"
4682,2022,전기전자공학,834240990,이상갑,1,0.0,0.0,"[고온초전도 NMR 자석 기술 동향]
   └ 학회: 대한전기학회 (IF: 0.37)"
4683,2022,전기전자공학,147083987,장재영,1,0.0,0.0,"[고온초전도 NMR 자석 기술 동향]
   └ 학회: 대한전기학회 (IF: 0.37)"
4684,2022,전기전자공학,987400978,최종호,1,0.0,0.0,"[고온초전도 전기추진 기술개발 동향]
   └ 학회: 대한전기학회 (IF: 0.37)"
4685,2022,전기전자공학,223366841,심기덕,1,0.0,0.0,"[고온초전도 전기추진 기술개발 동향]
   └ 학회: 대한전기학회 (IF: 0.37)"
4686,2022,전기전자공학,686508228,고석일,1,0.0,0.0,"[분산전원 수용률 향상을 위한 전압 및 무효전력 제어 알고리즘]
   └ 학회: 대한전기학회 (IF: 0.37)"
4687,2022,전기전자공학,5135629,정인주,1,0.0,0.0,"[동해안 지역 재생에너지원 접속에 따른 과도안정도 여유 분석 및 발전제약 산정 연구]
   └ 학회: 대한전기학회 (IF: 0.37)"
4688,2022,전기전자공학,2279340,오승찬,1,0.0,0.0,"[동해안 지역 재생에너지원 접속에 따른 과도안정도 여유 분석 및 발전제약 산정 연구]
   └ 학회: 대한전기학회 (IF: 0.37)"
4689,2022,전기전자공학,435998623,송지영,1,0.0,0.0,"[동해안 지역 재생에너지원 접속에 따른 과도안정도 여유 분석 및 발전제약 산정 연구]
   └ 학회: 대한전기학회 (IF: 0.37)"
4690,2022,전기전자공학,169271352,구현근,1,0.0,0.0,"[동해안 지역 재생에너지원 접속에 따른 과도안정도 여유 분석 및 발전제약 산정 연구]
   └ 학회: 대한전기학회 (IF: 0.37)"
4691,2022,전기전자공학,879520347,배문성,1,0.0,0.0,"[동해안 지역 재생에너지원 접속에 따른 과도안정도 여유 분석 및 발전제약 산정 연구]
   └ 학회: 대한전기학회 (IF: 0.37)"
4692,2022,전기전자공학,658226298,곽은섭,1,0.0,0.0,"[동해안 지역 재생에너지원 접속에 따른 과도안정도 여유 분석 및 발전제약 산정 연구]
   └ 학회: 대한전기학회 (IF: 0.37)"
4693,2022,전기전자공학,133299337,민재현,1,0.0,0.0,"[동해안 지역 재생에너지원 접속에 따른 과도안정도 여유 분석 및 발전제약 산정 연구]
   └ 학회: 대한전기학회 (IF: 0.37)"
4694,2022,전기전자공학,5083882,심상우,1,0.0,0.0,"[주말 전력수요 예측을 위한 머신러닝 알고리즘 적용 연구]
   └ 학회: 대한전기학회 (IF: 0.37)"
4695,2022,전기전자공학,745082,이영근,1,0.0,0.0,"[극/슬롯 조합에 따른 영구자석 동기전동기의 전자기 및 NVH 특성 비교 분석]
   └ 학회: 대한전기학회 (IF: 0.37)"
4696,2022,전기전자공학,951551965,방태경,1,0.0,0.0,"[극/슬롯 조합에 따른 영구자석 동기전동기의 전자기 및 NVH 특성 비교 분석]
   └ 학회: 대한전기학회 (IF: 0.37)"
4697,2022,전기전자공학,476474353,조성태,1,0.0,0.0,"[극/슬롯 조합에 따른 영구자석 동기전동기의 전자기 및 NVH 특성 비교 분석]
   └ 학회: 대한전기학회 (IF: 0.37)"
4698,2022,전기전자공학,784329555,김수민,1,0.0,0.0,"[극/슬롯 조합에 따른 영구자석 동기전동기의 전자기 및 NVH 특성 비교 분석]
   └ 학회: 대한전기학회 (IF: 0.37)"
4699,2022,전기전자공학,749418193,이훈기,1,0.0,0.0,"[극/슬롯 조합에 따른 영구자석 동기전동기의 전자기 및 NVH 특성 비교 분석]
   └ 학회: 대한전기학회 (IF: 0.37)"
4700,2022,전기전자공학,768809716,이정인,1,0.0,0.0,"[극/슬롯 조합에 따른 영구자석 동기전동기의 전자기 및 NVH 특성 비교 분석]
   └ 학회: 대한전기학회 (IF: 0.37)"
4701,2022,전기전자공학,212183330,신경훈,1,0.0,0.0,"[극/슬롯 조합에 따른 영구자석 동기전동기의 전자기 및 NVH 특성 비교 분석]
   └ 학회: 대한전기학회 (IF: 0.37)"
4702,2022,전기전자공학,550787659,최장영,1,0.0,0.0,"[극/슬롯 조합에 따른 영구자석 동기전동기의 전자기 및 NVH 특성 비교 분석]
   └ 학회: 대한전기학회 (IF: 0.37)"
4703,2022,전기전자공학,649867198,강성준,1,0.0,0.0,"[전기펄스 제빙시스템의 전자기-구조변형-회로 결합 다물리 해석 기법]
   └ 학회: 대한전기학회 (IF: 0.37)"
4704,2022,전기전자공학,548946140,이준성,1,0.0,0.0,"[전기펄스 제빙시스템의 전자기-구조변형-회로 결합 다물리 해석 기법]
   └ 학회: 대한전기학회 (IF: 0.37)"
4705,2022,전기전자공학,682503542,노승은,1,0.0,0.0,"[전기펄스 제빙시스템의 전자기-구조변형-회로 결합 다물리 해석 기법]
   └ 학회: 대한전기학회 (IF: 0.37)"
4706,2022,전기전자공학,631345395,박종오,1,0.0,0.0,"[전기펄스 제빙시스템의 전자기-구조변형-회로 결합 다물리 해석 기법]
   └ 학회: 대한전기학회 (IF: 0.37)"
4707,2022,전기전자공학,474210976,정은채,1,0.0,0.0,"[전기펄스 제빙시스템의 전자기-구조변형-회로 결합 다물리 해석 기법]
   └ 학회: 대한전기학회 (IF: 0.37)"
4708,2022,전기전자공학,580079080,박일한,1,0.0,0.0,"[전기펄스 제빙시스템의 전자기-구조변형-회로 결합 다물리 해석 기법]
   └ 학회: 대한전기학회 (IF: 0.37)"
4709,2022,전기전자공학,799935222,오승태,1,0.0,0.0,"[수신측 센서를 제거한 이모빌리티 무선충전기의 와전류 손실을 고려한 출력 전압 모델링]
   └ 학회: 대한전기학회 (IF: 0.37)"
4710,2022,전기전자공학,132530245,박혜진,1,0.0,0.0,"[노화 가속 실험 기반 전해 커패시터 잔여 유효 수명 예측 연구]
   └ 학회: 대한전기학회 (IF: 0.37)"
4711,2022,전기전자공학,559657192,김재창,1,0.0,0.0,"[고전계 스트레스상에서 Cascode-GaN-FET 소자의 노화 특성 연구]
   └ 학회: 대한전기학회 (IF: 0.37)"
4712,2022,전기전자공학,180101032,곽봉우,1,0.0,0.0,"[Cascode GaN FET 기반 EV용 V2x DAB 컨버터의 경부하 효율 분석]
   └ 학회: 대한전기학회 (IF: 0.37)"
4713,2022,전기전자공학,672878244,Su-Woon Kim,1,0.0,0.0,"[Pole Placement by Static Output Feedback for Two-input, Two-output, 4<SUP>th </SUP>Order Systems in Grassmann Space]
   └ 학회: 대한전기학회 (IF: 0.37)"
4714,2022,전기전자공학,409588942,Seong-Ho Song,1,0.0,0.0,"[Pole Placement by Static Output Feedback for Two-input, Two-output, 4<SUP>th </SUP>Order Systems in Grassmann Space]
   └ 학회: 대한전기학회 (IF: 0.37)"
4715,2022,전기전자공학,784532261,김호찬,1,0.0,0.0,"[Pole Placement by Static Output Feedback for Two-input, Two-output, 4<SUP>th </SUP>Order Systems in Grassmann Space]
   └ 학회: 대한전기학회 (IF: 0.37)"
4716,2022,전기전자공학,638732080,엄호용,1,0.0,0.0,"[중기 전력수요 예측을 위한 LSTM 최적 모델 선정]
   └ 학회: 대한전기학회 (IF: 0.37)"
4717,2022,전기전자공학,730433352,김민겸,1,0.0,0.0,"[이차 원뿔 제약조건을 가진 최적 제어 문제를 위한 내부점 미분 동적 프로그래밍의 확장]
   └ 학회: 대한전기학회 (IF: 0.37)"
4718,2022,전기전자공학,5409593,정민철,1,0.0,0.0,"[로켓모터 절단용 실시간 와이어 상태 검사 시스템 개발]
   └ 학회: 대한전기학회 (IF: 0.37)"
4719,2022,전기전자공학,636418525,이정호,1,0.0,0.0,"[로켓모터 절단용 실시간 와이어 상태 검사 시스템 개발]
   └ 학회: 대한전기학회 (IF: 0.37)"
4720,2022,전기전자공학,794129112,김일환,1,0.0,0.0,"[로켓모터 절단용 실시간 와이어 상태 검사 시스템 개발]
   └ 학회: 대한전기학회 (IF: 0.37)"
4721,2022,전기전자공학,156256,김수찬,1,0.0,0.0,"[동공 빛반사를 활용한 피로도 추정]
   └ 학회: 대한전기학회 (IF: 0.37)"
4722,2022,전기전자공학,511550133,윤용기,1,0.0,0.0,"[고속철도 신호기계실의 접지전류 개선 효과에 관한 연구]
   └ 학회: 대한전기학회 (IF: 0.37)"
4723,2022,전기전자공학,232711,김성진,1,0.0,0.0,"[고속철도 신호기계실의 접지전류 개선 효과에 관한 연구]
   └ 학회: 대한전기학회 (IF: 0.37)"
4724,2022,전기전자공학,145163146,고경준,1,0.0,0.0,"[고속철도 신호기계실의 접지전류 개선 효과에 관한 연구]
   └ 학회: 대한전기학회 (IF: 0.37)"
4725,2022,전기전자공학,518079249,신영인,1,0.0,0.0,"[고속철도 신호기계실의 접지전류 개선 효과에 관한 연구]
   └ 학회: 대한전기학회 (IF: 0.37)"
4726,2022,전기전자공학,245124925,김용규,1,0.0,0.0,"[고속철도 신호기계실의 접지전류 개선 효과에 관한 연구]
   └ 학회: 대한전기학회 (IF: 0.37)"
4727,2022,전기전자공학,294948595,이방욱,1,0.0,0.0,"[탄소중립을 위한 전기물성 · 응용부문회(C)의 전기산업발전 방향]
   └ 학회: 대한전기학회 (IF: 0.37)"
4728,2022,전기전자공학,726517591,김강식,1,0.0,0.0,"[탄소중립을 위한 전기물성 · 응용부문회(C)의 전기산업발전 방향]
   └ 학회: 대한전기학회 (IF: 0.37)"
4729,2022,전기전자공학,872900757,구선근,1,0.0,0.0,"[탄소중립을 위한 전기물성 · 응용부문회(C)의 전기산업발전 방향]
   └ 학회: 대한전기학회 (IF: 0.37)"
4730,2022,전기전자공학,781947997,배채윤,1,0.0,0.0,"[탄소중립을 위한 전기물성 · 응용부문회(C)의 전기산업발전 방향]
   └ 학회: 대한전기학회 (IF: 0.37)"
4731,2022,전기전자공학,747914782,이동준,1,0.0,0.0,"[탄소중립을 위한 전기물성 · 응용부문회(C)의 전기산업발전 방향]
   └ 학회: 대한전기학회 (IF: 0.37)"
4732,2022,전기전자공학,826893568,강형구,1,0.0,0.0,"[탄소중립을 위한 전기물성 · 응용부문회(C)의 전기산업발전 방향]
   └ 학회: 대한전기학회 (IF: 0.37)"
4733,2022,전기전자공학,384164037,이찬주,1,0.0,0.0,"[탄소중립을 위한 전기물성 · 응용부문회(C)의 전기산업발전 방향]
   └ 학회: 대한전기학회 (IF: 0.37)"
4734,2022,전기전자공학,718634664,이수연,1,0.0,0.0,"[초고해상도 마이크로-LED 디스플레이 기술 개발 동향]
   └ 학회: 대한전기학회 (IF: 0.37)"
4735,2022,전기전자공학,564523083,최군호,1,0.0,0.0,"[E-CAD SW를 이용한 전장 설계]
   └ 학회: 대한전기학회 (IF: 0.37)"
4736,2022,전기전자공학,497280565,송유훈,1,0.0,0.0,"[신재생에너지 수용증대를 고려한 주파수조정용 전기저장장치의 1차 예비력 대체효과 정량화 방법]
   └ 학회: 대한전기학회 (IF: 0.37)"
4737,2022,전기전자공학,990428489,양재영,1,0.0,0.0,"[신재생에너지 수용증대를 고려한 주파수조정용 전기저장장치의 1차 예비력 대체효과 정량화 방법]
   └ 학회: 대한전기학회 (IF: 0.37)"
4738,2022,전기전자공학,394435681,이윤영,1,0.0,0.0,"[신재생에너지 수용증대를 고려한 주파수조정용 전기저장장치의 1차 예비력 대체효과 정량화 방법]
   └ 학회: 대한전기학회 (IF: 0.37)"
4739,2022,전기전자공학,559309905,차성현,1,0.0,0.0,"[국내 전력시장에서 매집된 분산형전원의 이용률 기반 용량요금계수 적용 여부에 따른 분산형전원 사업자 수익 변화에 관한 연구]
   └ 학회: 대한전기학회 (IF: 0.37)"
4740,2022,전기전자공학,500222877,백동민,1,0.0,0.0,"[진동감소 및 감쇠력 확보를 위한 와전류형 EM댐퍼 구조 설계]
   └ 학회: 대한전기학회 (IF: 0.37)"
4741,2022,전기전자공학,403783290,강정인,1,0.0,0.0,"[진동감소 및 감쇠력 확보를 위한 와전류형 EM댐퍼 구조 설계]
   └ 학회: 대한전기학회 (IF: 0.37)"
4742,2022,전기전자공학,698601160,정태욱,1,0.0,0.0,"[진동감소 및 감쇠력 확보를 위한 와전류형 EM댐퍼 구조 설계]
   └ 학회: 대한전기학회 (IF: 0.37)"
4743,2022,전기전자공학,880454542,차명회,1,0.0,0.0,"[페로브스카이트 태양전지 계면 결함이 효율과 온도계수에 미치는 영향]
   └ 학회: 대한전기학회 (IF: 0.37)"
4744,2022,전기전자공학,620660304,이택기,1,0.0,0.0,"[페로브스카이트 태양전지 계면 결함이 효율과 온도계수에 미치는 영향]
   └ 학회: 대한전기학회 (IF: 0.37)"
4745,2022,전기전자공학,406920314,안종수,1,0.0,0.0,"[압전 변압기를 적용한 단락 사고 보호 시스템 설계에 관한 연구]
   └ 학회: 대한전기학회 (IF: 0.37)"
4746,2022,전기전자공학,789811355,정성수,1,0.0,0.0,"[압전 변압기를 적용한 단락 사고 보호 시스템 설계에 관한 연구]
   └ 학회: 대한전기학회 (IF: 0.37)"
4747,2022,전기전자공학,219872373,주창대,1,0.0,0.0,"[Langevin 타입 압전변환기의 수중환경 부하 모델링 및 임피던스 특성 분석에 관한 연구]
   └ 학회: 대한전기학회 (IF: 0.37)"
4748,2022,전기전자공학,116942314,백권후,1,0.0,0.0,"[Langevin 타입 압전변환기의 수중환경 부하 모델링 및 임피던스 특성 분석에 관한 연구]
   └ 학회: 대한전기학회 (IF: 0.37)"
4749,2022,전기전자공학,958396629,이숭근,1,0.0,0.0,"[Langevin 타입 압전변환기의 수중환경 부하 모델링 및 임피던스 특성 분석에 관한 연구]
   └ 학회: 대한전기학회 (IF: 0.37)"
4750,2022,전기전자공학,994956853,안호균,1,0.0,0.0,"[Langevin 타입 압전변환기의 수중환경 부하 모델링 및 임피던스 특성 분석에 관한 연구]
   └ 학회: 대한전기학회 (IF: 0.37)"
4751,2022,전기전자공학,144421435,이찬석,1,0.0,0.0,"[기동모델이 변침기동 탄도탄 추적에 미치는 영향에 대한 고찰]
   └ 학회: 대한전기학회 (IF: 0.37)"
4752,2022,전기전자공학,646237522,정보영,1,0.0,0.0,"[기동모델이 변침기동 탄도탄 추적에 미치는 영향에 대한 고찰]
   └ 학회: 대한전기학회 (IF: 0.37)"
