Rank,Year,Class_Name,Author_ID,Author_Name,Total_Papers,Final_Score,Raw_Trend_Score,Paper_List_Details
1,2022,기계공학,1137898,신현장,2,0.0821,0.221988,"한국생산제조학회 (NODE11076355, IF: 0.37)
한국생산제조학회 (NODE11147158, IF: 0.37)"
2,2022,기계공학,483493347,오민재,3,0.0783,0.068711,"(사)한국CDE학회 (NODE11166836, IF: 1.14)
(사)한국CDE학회 (NODE11166846, IF: 1.14)
(사)한국CDE학회 (NODE11068485, IF: 1.14)"
3,2022,기계공학,734389733,구남국,4,0.0699,0.061311000000000004,"(사)한국CDE학회 (NODE11038914, IF: 1.14)
(사)한국CDE학회 (NODE11121449, IF: 1.14)
(사)한국CDE학회 (NODE11166827, IF: 1.14)
대한용접·접합학회 (NODE11151138, IF: 0.65)"
4,2022,기계공학,100196578,함승호,2,0.0639,0.056026000000000006,"(사)한국CDE학회 (NODE11038914, IF: 1.14)
(사)한국CDE학회 (NODE11121449, IF: 1.14)"
5,2022,기계공학,747091714,이찬,4,0.0613,0.155392,"한국유체기계학회 (NODE11124042, IF: 0.38)
한국유체기계학회 (NODE11139669, IF: 0.38)
한국에너지기후변화학회 (NODE11184004, IF: 0.69)
한국유체기계학회 (NODE11073582, IF: 0.38)"
6,2022,기계공학,488852589,마정목,3,0.059,0.051796999999999996,"(사)한국CDE학회 (NODE11068482, IF: 1.14)
(사)한국CDE학회 (NODE11068484, IF: 1.14)
(사)한국CDE학회 (NODE11068487, IF: 1.14)"
7,2022,기계공학,660113333,오상진,1,0.059,0.051796999999999996,"(사)한국CDE학회 (NODE11121448, IF: 1.14)"
8,2022,기계공학,662869265,최혜빈,1,0.059,0.051796999999999996,"(사)한국CDE학회 (NODE11121448, IF: 1.14)"
9,2022,기계공학,475206127,유상우,1,0.059,0.051796999999999996,"(사)한국CDE학회 (NODE11121448, IF: 1.14)"
10,2022,기계공학,720289351,이현식,1,0.059,0.051796999999999996,"(사)한국CDE학회 (NODE11121448, IF: 1.14)"
11,2022,기계공학,382240,양상호,3,0.0562,0.147992,"한국유체기계학회 (NODE11124042, IF: 0.38)
한국유체기계학회 (NODE11139669, IF: 0.38)
한국유체기계학회 (NODE11073582, IF: 0.38)"
12,2022,기계공학,182538699,Eui Jong Noh,1,0.0562,0.147992,"한국유체기계학회 (NODE11139669, IF: 0.38)"
13,2022,기계공학,452968831,Seung Wook Kim,1,0.0562,0.147992,"한국유체기계학회 (NODE11139669, IF: 0.38)"
14,2022,기계공학,338417743,이연원,2,0.0511,0.221988,"한국마린엔지니어링학회 (NODE11124902, IF: 0.08)
한국동력기계공학회 (NODE11184387, IF: 0.38)"
15,2022,기계공학,570180806,박수형,1,0.0506,0.044397,"(사)한국CDE학회 (NODE11038921, IF: 1.14)"
16,2022,기계공학,899647761,정해권,1,0.0506,0.044397,"(사)한국CDE학회 (NODE11038921, IF: 1.14)"
17,2022,기계공학,998474148,박영희,1,0.0506,0.044397,"(사)한국CDE학회 (NODE11038921, IF: 1.14)"
18,2022,기계공학,960668295,김남훈,1,0.0506,0.044397,"(사)한국CDE학회 (NODE11038921, IF: 1.14)"
19,2022,기계공학,481814669,김준성,1,0.0506,0.044398,"(사)한국CDE학회 (NODE11121445, IF: 1.14)"
20,2022,기계공학,729786667,박형준,1,0.0506,0.044398,"(사)한국CDE학회 (NODE11121445, IF: 1.14)"
21,2022,기계공학,228099457,서호건,5,0.0497,0.10148,"한국비파괴검사학회 (NODE11037478, IF: 0.49)
한국비파괴검사학회 (NODE11037480, IF: 0.49)
대한기계학회 (NODE11139707, IF: 0.55)
한국소음진동공학회 (NODE11034356, IF: 0.41)
한국소음진동공학회 (NODE11049116, IF: 0.41)"
22,2022,기계공학,590964792,하제민,1,0.047,0.041226,"(사)한국CDE학회 (NODE11166836, IF: 1.14)"
23,2022,기계공학,705776906,김근완,1,0.047,0.041226,"(사)한국CDE학회 (NODE11166836, IF: 1.14)"
24,2022,기계공학,584300348,이경태,1,0.047,0.041226,"(사)한국CDE학회 (NODE11166836, IF: 1.14)"
25,2022,기계공학,929327349,권영근,1,0.047,0.041226,"(사)한국CDE학회 (NODE11166836, IF: 1.14)"
26,2022,기계공학,5416831,황재민,1,0.047,0.041226,"(사)한국CDE학회 (NODE11068482, IF: 1.14)"
27,2022,기계공학,536945367,Vo Dao Nguyen,1,0.045,0.118394,"한국유체기계학회 (NODE11057305, IF: 0.38)"
28,2022,기계공학,768579311,Jun Matsui,1,0.045,0.118394,"한국유체기계학회 (NODE11057305, IF: 0.38)"
29,2022,기계공학,685682559,이호생,4,0.0422,0.110994,"한국동력기계공학회 (NODE11124218, IF: 0.38)
한국동력기계공학회 (NODE11039986, IF: 0.38)
한국동력기계공학회 (NODE11184388, IF: 0.38)
한국동력기계공학회 (NODE11184392, IF: 0.38)"
30,2022,기계공학,201291785,서종범,3,0.0422,0.110994,"한국동력기계공학회 (NODE11124213, IF: 0.38)
한국동력기계공학회 (NODE11124217, IF: 0.38)
한국동력기계공학회 (NODE11184392, IF: 0.38)"
31,2022,기계공학,946157128,김현주,3,0.0422,0.110994,"한국동력기계공학회 (NODE11124213, IF: 0.38)
한국동력기계공학회 (NODE11124218, IF: 0.38)
한국동력기계공학회 (NODE11184392, IF: 0.38)"
32,2022,기계공학,543452038,Ema Amalia,1,0.0422,0.110994,"한국유체기계학회 (NODE11139663, IF: 0.38)"
33,2022,기계공학,670359167,Hendarko,1,0.0422,0.110994,"한국유체기계학회 (NODE11139663, IF: 0.38)"
34,2022,기계공학,195850781,Muhammad N Hamzah,1,0.0422,0.110994,"한국유체기계학회 (NODE11139663, IF: 0.38)"
35,2022,기계공학,595673505,Faridl A Maulana,1,0.0422,0.110994,"한국유체기계학회 (NODE11139663, IF: 0.38)"
36,2022,기계공학,481073238,Farhan H Budisatrio,1,0.0422,0.110994,"한국유체기계학회 (NODE11139663, IF: 0.38)"
37,2022,기계공학,163377821,Muhammad Rafie,1,0.0422,0.110994,"한국유체기계학회 (NODE11139663, IF: 0.38)"
38,2022,기계공학,208372759,Mochammad A Moelyadi,1,0.0422,0.110994,"한국유체기계학회 (NODE11139663, IF: 0.38)"
39,2022,기계공학,347731616,장성호,1,0.0422,0.036998,"(사)한국CDE학회 (NODE11121449, IF: 1.14)"
40,2022,기계공학,723914,박재현,1,0.0422,0.110994,"한국동력기계공학회 (NODE11184387, IF: 0.38)"
41,2022,기계공학,913362543,최민준,2,0.0414,0.091965,"한국연소학회 (NODE11118422, IF: 0.45)
한국연소학회 (NODE11212990, IF: 0.45)"
42,2022,기계공학,976870809,구인영,2,0.0414,0.091965,"한국연소학회 (NODE11118422, IF: 0.45)
한국연소학회 (NODE11212990, IF: 0.45)"
43,2022,기계공학,295890058,신동혁,2,0.0414,0.091965,"한국연소학회 (NODE11118422, IF: 0.45)
한국연소학회 (NODE11212990, IF: 0.45)"
44,2022,기계공학,326393036,김래은,1,0.0411,0.110994,"한국생산제조학회 (NODE11076355, IF: 0.37)"
45,2022,기계공학,548349819,김재성,2,0.0398,0.034884,"(사)한국CDE학회 (NODE11166843, IF: 1.14)
(사)한국CDE학회 (NODE11068486, IF: 1.14)"
46,2022,기계공학,113665,조은성,3,0.039,0.08668000000000001,"대한기계학회 (NODE11056409, IF: 0.55)
한국연소학회 (NODE11212987, IF: 0.45)
한국연소학회 (NODE11212990, IF: 0.45)"
47,2022,기계공학,423037670,신영준,2,0.039,0.08668000000000001,"한국연소학회 (NODE11212987, IF: 0.45)
한국연소학회 (NODE11212990, IF: 0.45)"
48,2022,기계공학,866937808,김규태,4,0.0352,0.078223,"한국연소학회 (NODE11149972, IF: 0.45)
한국연소학회 (NODE11118422, IF: 0.45)
한국연소학회 (NODE11118425, IF: 0.45)
한국연소학회 (NODE11118430, IF: 0.45)"
49,2022,기계공학,633393871,이수홍,2,0.0325,0.028541,"(사)한국CDE학회 (NODE11038913, IF: 1.14)
대한기계학회 (NODE11123794, IF: 0.55)"
50,2022,기계공학,422481328,현동환,1,0.0325,0.028541,"(사)한국CDE학회 (NODE11038913, IF: 1.14)"
51,2022,기계공학,578837673,김철희,2,0.0323,0.049683,"대한용접·접합학회 (NODE11039705, IF: 0.65)
대한용접·접합학회 (NODE11186633, IF: 0.65)"
52,2022,기계공학,309936726,이승환,2,0.0323,0.049683,"대한용접·접합학회 (NODE11186633, IF: 0.65)
대한용접·접합학회 (NODE11186635, IF: 0.65)"
53,2022,기계공학,1415899,최준호,2,0.0313,0.027485,"대한기계학회 (NODE11110646, IF: 0.55)
(사)한국CDE학회 (NODE11068485, IF: 1.14)"
54,2022,기계공학,171327363,오세진,1,0.0313,0.027485,"(사)한국CDE학회 (NODE11068485, IF: 1.14)"
55,2022,기계공학,875166051,김명규,1,0.0313,0.027485,"(사)한국CDE학회 (NODE11068485, IF: 1.14)"
56,2022,기계공학,341804049,서형석,1,0.0313,0.027485,"(사)한국CDE학회 (NODE11068485, IF: 1.14)"
57,2022,기계공학,912399782,김덕기,1,0.0313,0.027485,"(사)한국CDE학회 (NODE11068485, IF: 1.14)"
58,2022,기계공학,177619392,최상수,3,0.0301,0.026428,"대한기계학회 (NODE10893852, IF: 0.55)
(사)한국CDE학회 (NODE11121447, IF: 1.14)
(사)한국CDE학회 (NODE11166839, IF: 1.14)"
59,2022,기계공학,152833217,김상일,1,0.03,0.061311,"한국비파괴검사학회 (NODE11057599, IF: 0.49)"
60,2022,기계공학,317887418,박동운,1,0.03,0.061311,"한국비파괴검사학회 (NODE11057599, IF: 0.49)"
61,2022,기계공학,252536380,김헌수,1,0.03,0.061311,"한국비파괴검사학회 (NODE11057599, IF: 0.49)"
62,2022,기계공학,375639504,김학성,1,0.03,0.061311,"한국비파괴검사학회 (NODE11057599, IF: 0.49)"
63,2022,기계공학,779874946,이재용,2,0.0277,0.024313,"(사)한국CDE학회 (NODE11038914, IF: 1.14)
(사)한국CDE학회 (NODE11166827, IF: 1.14)"
64,2022,기계공학,740476889,이학준,3,0.0274,0.073996,"한국생산제조학회 (NODE11056365, IF: 0.37)
한국생산제조학회 (NODE11175729, IF: 0.37)
한국생산제조학회 (NODE11175737, IF: 0.37)"
65,2022,기계공학,903130131,안다훈,3,0.0274,0.073996,"한국생산제조학회 (NODE11056365, IF: 0.37)
한국생산제조학회 (NODE11175729, IF: 0.37)
한국생산제조학회 (NODE11175737, IF: 0.37)"
66,2022,기계공학,465051785,최재혁,3,0.027,0.07294,"한국생산제조학회 (NODE11147156, IF: 0.37)
한국생산제조학회 (NODE11147157, IF: 0.37)
한국생산제조학회 (NODE11175736, IF: 0.37)"
67,2022,기계공학,951348012,김민규,1,0.0268,0.041226,"대한용접·접합학회 (NODE11186633, IF: 0.65)"
68,2022,기계공학,408781003,이태현,1,0.0268,0.041226,"대한용접·접합학회 (NODE11186633, IF: 0.65)"
69,2022,기계공학,607958554,감동혁,1,0.0268,0.041226,"대한용접·접합학회 (NODE11186633, IF: 0.65)"
70,2022,기계공학,344276040,고민재,1,0.025,0.06765299999999999,"한국생산제조학회 (NODE11175739, IF: 0.37)"
71,2022,기계공학,765992782,조용주,1,0.025,0.06765299999999999,"한국생산제조학회 (NODE11175739, IF: 0.37)"
72,2022,기계공학,800614577,임소영,1,0.0249,0.05074,"한국비파괴검사학회 (NODE11037480, IF: 0.49)"
73,2022,기계공학,111329284,이항로,1,0.0249,0.05074,"한국비파괴검사학회 (NODE11037480, IF: 0.49)"
74,2022,기계공학,864303578,김진섭,1,0.0249,0.05074,"한국비파괴검사학회 (NODE11037480, IF: 0.49)"
75,2022,기계공학,490842167,김영수,2,0.0229,0.020085,"(사)한국CDE학회 (NODE11038916, IF: 1.14)
(사)한국CDE학회 (NODE11166844, IF: 1.14)"
76,2022,기계공학,297953111,이경호,2,0.0229,0.020085,"(사)한국CDE학회 (NODE11038916, IF: 1.14)
(사)한국CDE학회 (NODE11166844, IF: 1.14)"
77,2022,기계공학,908744206,한영수,2,0.0229,0.020085,"(사)한국CDE학회 (NODE11038916, IF: 1.14)
(사)한국CDE학회 (NODE11166844, IF: 1.14)"
78,2022,기계공학,557494947,남병욱,1,0.0229,0.020085,"(사)한국CDE학회 (NODE11038916, IF: 1.14)"
79,2022,기계공학,360344500,안석호,1,0.0229,0.020085,"(사)한국CDE학회 (NODE11068486, IF: 1.14)"
80,2022,기계공학,455408302,김재희,1,0.0229,0.020085,"(사)한국CDE학회 (NODE11068486, IF: 1.14)"
81,2022,기계공학,574025395,권갑주,1,0.0229,0.020085,"(사)한국CDE학회 (NODE11068486, IF: 1.14)"
82,2022,기계공학,971005,김형우,1,0.0219,0.048625,"한국연소학회 (NODE11118422, IF: 0.45)"
83,2022,기계공학,833528511,진욱화,1,0.0219,0.048625,"한국연소학회 (NODE11118422, IF: 0.45)"
84,2022,기계공학,339588985,고영건,1,0.0219,0.048625,"한국연소학회 (NODE11118422, IF: 0.45)"
85,2022,기계공학,680202045,백민하,1,0.0219,0.048625,"한국연소학회 (NODE11118422, IF: 0.45)"
86,2022,기계공학,854067590,김원태,4,0.0218,0.044397,"한국비파괴검사학회 (NODE11153315, IF: 0.49)
한국비파괴검사학회 (NODE11188182, IF: 0.49)
한국비파괴검사학회 (NODE11120732, IF: 0.49)
한국비파괴검사학회 (NODE11057597, IF: 0.49)"
87,2022,기계공학,729090799,정윤재,3,0.0218,0.044397,"한국비파괴검사학회 (NODE11153315, IF: 0.49)
한국비파괴검사학회 (NODE11188182, IF: 0.49)
한국비파괴검사학회 (NODE11057597, IF: 0.49)"
88,2022,기계공학,635680451,김준영,2,0.0218,0.044397,"한국비파괴검사학회 (NODE11153315, IF: 0.49)
한국비파괴검사학회 (NODE11057597, IF: 0.49)"
89,2022,기계공학,929916806,김옥환,1,0.0218,0.044397,"한국비파괴검사학회 (NODE11153315, IF: 0.49)"
90,2022,기계공학,779987098,구자훈,2,0.0217,0.019028,"(사)한국CDE학회 (NODE11038914, IF: 1.14)
대한용접·접합학회 (NODE11151138, IF: 0.65)"
91,2022,기계공학,950674029,김종규,1,0.0217,0.019028,"(사)한국CDE학회 (NODE11038914, IF: 1.14)"
92,2022,기계공학,577887600,오지현,1,0.0217,0.019028,"(사)한국CDE학회 (NODE11038914, IF: 1.14)"
93,2022,기계공학,349013439,조재혁,1,0.0217,0.019028,"(사)한국CDE학회 (NODE11038914, IF: 1.14)"
94,2022,기계공학,721498040,정현도,1,0.0217,0.019028,"(사)한국CDE학회 (NODE11038914, IF: 1.14)"
95,2022,기계공학,794877677,노명일,1,0.0217,0.019028,"(사)한국CDE학회 (NODE11038914, IF: 1.14)"
96,2022,기계공학,119610859,김기수,1,0.0217,0.019028,"(사)한국CDE학회 (NODE11038914, IF: 1.14)"
97,2022,기계공학,855061396,이수철,1,0.0217,0.019028,"(사)한국CDE학회 (NODE11166839, IF: 1.14)"
98,2022,기계공학,601276549,유태종,1,0.0217,0.019028,"(사)한국CDE학회 (NODE11166839, IF: 1.14)"
99,2022,기계공학,644499255,노동현,1,0.0205,0.017971,"(사)한국CDE학회 (NODE11121444, IF: 1.14)"
100,2022,기계공학,612348549,이재열,1,0.0205,0.017971,"(사)한국CDE학회 (NODE11121444, IF: 1.14)"
101,2022,기계공학,458827024,정구희,1,0.0205,0.01797,"(사)한국CDE학회 (NODE11166848, IF: 1.14)"
102,2022,기계공학,650615152,김균동,1,0.0205,0.01797,"(사)한국CDE학회 (NODE11166848, IF: 1.14)"
103,2022,기계공학,429466543,박효준,1,0.0205,0.01797,"(사)한국CDE학회 (NODE11166848, IF: 1.14)"
104,2022,기계공학,241250768,명세현,1,0.0205,0.01797,"(사)한국CDE학회 (NODE11166848, IF: 1.14)"
105,2022,기계공학,768066873,이태훈,4,0.0202,0.041226,"한국비파괴검사학회 (NODE11153314, IF: 0.49)
한국비파괴검사학회 (NODE11153305, IF: 0.49)
한국비파괴검사학회 (NODE11153307, IF: 0.49)
한국비파괴검사학회 (NODE11057596, IF: 0.49)"
106,2022,기계공학,520635254,김민국,3,0.0195,0.043340000000000004,"한국수소및신에너지학회 (NODE11183627, IF: 0.65)
대한기계학회 (NODE11056408, IF: 0.55)
한국연소학회 (NODE11212987, IF: 0.45)"
107,2022,기계공학,602222474,이원준,2,0.0195,0.043340000000000004,"한국수소및신에너지학회 (NODE11183627, IF: 0.65)
한국연소학회 (NODE11212987, IF: 0.45)"
108,2022,기계공학,827097895,황정재,2,0.0195,0.043340000000000004,"한국수소및신에너지학회 (NODE11183627, IF: 0.65)
한국연소학회 (NODE11212987, IF: 0.45)"
109,2022,기계공학,145095666,Borys Shershnyov,1,0.0195,0.043340000000000004,"한국연소학회 (NODE11212987, IF: 0.45)"
110,2022,기계공학,760402289,구본용,2,0.0181,0.036998,"한국비파괴검사학회 (NODE11037476, IF: 0.49)
유공압건설기계학회 (NODE11171178, IF: 1.02)"
111,2022,기계공학,577479433,장홍래,1,0.0181,0.036998,"한국비파괴검사학회 (NODE11037476, IF: 0.49)"
112,2022,기계공학,756573183,강토,1,0.0181,0.036998,"한국비파괴검사학회 (NODE11037476, IF: 0.49)"
113,2022,기계공학,115935805,윤민호,1,0.0181,0.036998,"한국비파괴검사학회 (NODE11037476, IF: 0.49)"
114,2022,기계공학,931614335,Ky-Quang Pham,1,0.0169,0.04439800000000001,"한국유체기계학회 (NODE11100860, IF: 0.38)"
115,2022,기계공학,313458137,Van-Minh Le,1,0.0169,0.04439800000000001,"한국유체기계학회 (NODE11100860, IF: 0.38)"
116,2022,기계공학,411565819,Cong-Truong Dinh,1,0.0169,0.04439800000000001,"한국유체기계학회 (NODE11100860, IF: 0.38)"
117,2022,기계공학,1854039,권윤희,1,0.0169,0.014799,"(사)한국CDE학회 (NODE11166843, IF: 1.14)"
118,2022,기계공학,801793142,안병율,1,0.0169,0.014799,"(사)한국CDE학회 (NODE11166843, IF: 1.14)"
119,2022,기계공학,124684720,임흥기,1,0.0169,0.014799,"(사)한국CDE학회 (NODE11166843, IF: 1.14)"
120,2022,기계공학,634700986,기환종,1,0.0169,0.014799,"(사)한국CDE학회 (NODE11166843, IF: 1.14)"
121,2022,기계공학,291977737,김종윤,1,0.0168,0.045455,"한국생산제조학회 (NODE11116838, IF: 0.37)"
122,2022,기계공학,455999123,강지완,1,0.0168,0.045455,"한국생산제조학회 (NODE11116838, IF: 0.37)"
123,2022,기계공학,365407270,김성걸,1,0.0168,0.045455,"한국생산제조학회 (NODE11116838, IF: 0.37)"
124,2022,기계공학,937480583,곽동열,2,0.0166,0.033825999999999995,"한국비파괴검사학회 (NODE11153314, IF: 0.49)
한국비파괴검사학회 (NODE11153307, IF: 0.49)"
125,2022,기계공학,913587289,이정석,2,0.0166,0.033825999999999995,"한국비파괴검사학회 (NODE11153314, IF: 0.49)
한국비파괴검사학회 (NODE11153307, IF: 0.49)"
126,2022,기계공학,522902691,박중구,3,0.0165,0.02537,"대한용접·접합학회 (NODE11078282, IF: 0.65)
대한용접·접합학회 (NODE11151137, IF: 0.65)
대한기계학회 (NODE11057728, IF: 0.55)"
127,2022,기계공학,589316454,전용호,3,0.0164,0.044397,"한국생산제조학회 (NODE11175728, IF: 0.37)
한국생산제조학회 (NODE11175735, IF: 0.37)
한국생산제조학회 (NODE11175745, IF: 0.37)"
128,2022,기계공학,322046442,강유성,1,0.0164,0.044397,"한국생산제조학회 (NODE11175735, IF: 0.37)"
129,2022,기계공학,376415938,이문구,1,0.0164,0.044397,"한국생산제조학회 (NODE11175735, IF: 0.37)"
130,2022,기계공학,626662239,김형진,1,0.0157,0.013742,"(사)한국CDE학회 (NODE11166847, IF: 1.14)"
131,2022,기계공학,243209696,황세윤,1,0.0157,0.013742,"(사)한국CDE학회 (NODE11166847, IF: 1.14)"
132,2022,기계공학,187561199,김교순,1,0.0157,0.013742,"(사)한국CDE학회 (NODE11166847, IF: 1.14)"
133,2022,기계공학,718406550,김경미,1,0.0157,0.013742,"(사)한국CDE학회 (NODE11166847, IF: 1.14)"
134,2022,기계공학,437792565,이장현,1,0.0157,0.013742,"(사)한국CDE학회 (NODE11166847, IF: 1.14)"
135,2022,기계공학,4021771,이복직,4,0.0152,0.033827,"한국전산유체공학회 (NODE11184349, IF: 0.26)
한국연소학회 (NODE11118431, IF: 0.45)
한국연소학회 (NODE11118433, IF: 0.45)
한국전산유체공학회 (NODE11139430, IF: 0.26)"
136,2022,기계공학,611154625,이정용,1,0.0152,0.033827,"한국연소학회 (NODE11118431, IF: 0.45)"
137,2022,기계공학,4091406,김미진,3,0.0149,0.04017,"한국생산제조학회 (NODE11147156, IF: 0.37)
한국생산제조학회 (NODE11147157, IF: 0.37)
한국기계가공학회 (NODE11201741, IF: 0.35)"
138,2022,기계공학,397064525,강용준,2,0.0144,0.022199,"대한용접·접합학회 (NODE11124266, IF: 0.65)
대한용접·접합학회 (NODE11186629, IF: 0.65)"
139,2022,기계공학,469202677,김기동,2,0.0144,0.022199,"대한용접·접합학회 (NODE11124266, IF: 0.65)
대한용접·접합학회 (NODE11186629, IF: 0.65)"
140,2022,기계공학,213757201,오동진,1,0.0144,0.022199,"대한용접·접합학회 (NODE11124266, IF: 0.65)"
141,2022,기계공학,122606151,Fanjie Meng,1,0.0141,0.036998,"한국유체기계학회 (NODE11057306, IF: 0.38)"
142,2022,기계공학,417764551,Yingkun Zhang,1,0.0141,0.036998,"한국유체기계학회 (NODE11057306, IF: 0.38)"
143,2022,기계공학,904551403,Jin Xiong,1,0.0141,0.036998,"한국유체기계학회 (NODE11057306, IF: 0.38)"
144,2022,기계공학,507831719,Jingyin Li,1,0.0141,0.036998,"한국유체기계학회 (NODE11057306, IF: 0.38)"
145,2022,기계공학,4587974,최광환,4,0.0137,0.03594,"한국동력기계공학회 (NODE11124210, IF: 0.38)
한국동력기계공학회 (NODE11039977, IF: 0.38)
한국동력기계공학회 (NODE11080855, IF: 0.38)
한국동력기계공학회 (NODE11057985, IF: 0.38)"
146,2022,기계공학,220114363,서재우,2,0.0137,0.036998,"한국생산제조학회 (NODE11147155, IF: 0.37)
한국생산제조학회 (NODE11175730, IF: 0.37)"
147,2022,기계공학,564291173,박형욱,2,0.0137,0.036998,"한국생산제조학회 (NODE11147155, IF: 0.37)
한국생산제조학회 (NODE11175730, IF: 0.37)"
148,2022,기계공학,966486475,정안목,2,0.0137,0.036998,"한국생산제조학회 (NODE11175729, IF: 0.37)
한국생산제조학회 (NODE11175733, IF: 0.37)"
149,2022,기계공학,965322768,조희근,1,0.0137,0.036998,"한국생산제조학회 (NODE11116837, IF: 0.37)"
150,2022,기계공학,975865046,조수제,1,0.0137,0.036998,"한국생산제조학회 (NODE11175729, IF: 0.37)"
151,2022,기계공학,842149977,김재열,1,0.0137,0.036998,"한국생산제조학회 (NODE11175737, IF: 0.37)"
152,2022,기계공학,510335690,박준홍,2,0.0135,0.027485,"한국비파괴검사학회 (NODE11188190, IF: 0.49)
한국소음진동공학회 (NODE11049111, IF: 0.41)"
153,2022,기계공학,154062225,정광훈,1,0.0135,0.027485,"한국비파괴검사학회 (NODE11188190, IF: 0.49)"
154,2022,기계공학,777051026,김완승,1,0.0135,0.027485,"한국비파괴검사학회 (NODE11188190, IF: 0.49)"
155,2022,기계공학,615506476,김나래,1,0.0135,0.027485,"한국비파괴검사학회 (NODE11188190, IF: 0.49)"
156,2022,기계공학,487615906,장웅기,3,0.0133,0.035941,"한국생산제조학회 (NODE11056370, IF: 0.37)
한국생산제조학회 (NODE11056367, IF: 0.37)
한국생산제조학회 (NODE11056369, IF: 0.37)"
157,2022,기계공학,549035480,김병희,3,0.0133,0.035941,"한국생산제조학회 (NODE11056370, IF: 0.37)
한국생산제조학회 (NODE11056367, IF: 0.37)
한국생산제조학회 (NODE11056369, IF: 0.37)"
158,2022,기계공학,506548288,하호진,3,0.0133,0.035941,"한국생산제조학회 (NODE11056370, IF: 0.37)
한국생산제조학회 (NODE11056367, IF: 0.37)
한국생산제조학회 (NODE11056369, IF: 0.37)"
159,2022,기계공학,557722991,문기훈,2,0.0133,0.029598,"한국연소학회 (NODE11118425, IF: 0.45)
한국연소학회 (NODE11118430, IF: 0.45)"
160,2022,기계공학,761822007,최하진,3,0.0129,0.026427,"한국비파괴검사학회 (NODE11037484, IF: 0.49)
한국비파괴검사학회 (NODE11120735, IF: 0.49)
한국비파괴검사학회 (NODE11120740, IF: 0.49)"
161,2022,기계공학,2260203,이재선,3,0.0124,0.02537,"대한기계학회 (NODE11034325, IF: 0.55)
한국비파괴검사학회 (NODE11188184, IF: 0.49)
한국비파괴검사학회 (NODE11153304, IF: 0.49)"
162,2022,기계공학,860751403,박준필,2,0.0124,0.02537,"한국비파괴검사학회 (NODE11188184, IF: 0.49)
한국비파괴검사학회 (NODE11153304, IF: 0.49)"
163,2022,기계공학,152153075,Boris I,1,0.0124,0.02537,"한국비파괴검사학회 (NODE11153304, IF: 0.49)"
164,2022,기계공학,807904910,박광필,2,0.0121,0.010571,"(사)한국CDE학회 (NODE11038917, IF: 1.14)
(사)한국CDE학회 (NODE11166837, IF: 1.14)"
165,2022,기계공학,677116859,황상준,2,0.0121,0.010571,"(사)한국CDE학회 (NODE11166828, IF: 1.14)
(사)한국CDE학회 (NODE11166834, IF: 1.14)"
166,2022,기계공학,558798626,김종훈,1,0.0121,0.010571,"(사)한국CDE학회 (NODE11166828, IF: 1.14)"
167,2022,기계공학,704499598,윤종현,1,0.0121,0.010571,"(사)한국CDE학회 (NODE11166828, IF: 1.14)"
168,2022,기계공학,963262583,신현규,1,0.0121,0.010571,"(사)한국CDE학회 (NODE11166828, IF: 1.14)"
169,2022,기계공학,539408150,이상효,1,0.0121,0.010571,"(사)한국CDE학회 (NODE11166828, IF: 1.14)"
170,2022,기계공학,191474496,정두영,1,0.0121,0.010571,"(사)한국CDE학회 (NODE11166837, IF: 1.14)"
171,2022,기계공학,733848382,임다빈,1,0.0121,0.010571,"(사)한국CDE학회 (NODE11166837, IF: 1.14)"
172,2022,기계공학,921987867,정현,1,0.0121,0.010571,"(사)한국CDE학회 (NODE11166837, IF: 1.14)"
173,2022,기계공학,461064220,황교성,1,0.0121,0.010571,"(사)한국CDE학회 (NODE11068484, IF: 1.14)"
174,2022,기계공학,187332335,홍준희,3,0.0113,0.030655,"한국기계가공학회 (NODE10959131, IF: 0.35)
한국생산제조학회 (NODE11116835, IF: 0.37)
한국생산제조학회 (NODE11175731, IF: 0.37)"
175,2022,기계공학,903183917,김대호,1,0.0113,0.030655,"한국생산제조학회 (NODE11116835, IF: 0.37)"
176,2022,기계공학,647371255,Min-Yeong Kim,1,0.0103,0.041226,"한국표면공학회 (NODE11162574, IF: 0.25)"
177,2022,기계공학,288288910,Jae-Yeong Heo,1,0.0103,0.041226,"한국표면공학회 (NODE11162574, IF: 0.25)"
178,2022,기계공학,222662510,Eun Hun Oh,1,0.0103,0.041226,"한국표면공학회 (NODE11162574, IF: 0.25)"
179,2022,기계공학,350410016,Joo-Yul Lee,1,0.0103,0.041226,"한국표면공학회 (NODE11162574, IF: 0.25)"
180,2022,기계공학,157753921,이규환,1,0.0103,0.041226,"한국표면공학회 (NODE11162574, IF: 0.25)"
181,2022,기계공학,228208168,Palash Chakma,2,0.0099,0.123679,"한국마린엔지니어링학회 (NODE11039078, IF: 0.08)
한국마린엔지니어링학회 (NODE11124902, IF: 0.08)"
182,2022,기계공학,112808,김태현,2,0.0098,0.020085,"한국비파괴검사학회 (NODE11188191, IF: 0.49)
대한기계학회 (NODE11135369, IF: 0.55)"
183,2022,기계공학,567719929,김한기,1,0.0098,0.020085,"한국비파괴검사학회 (NODE11188191, IF: 0.49)"
184,2022,기계공학,431365753,무함마드아크바앤디아리프,1,0.0098,0.020085,"한국비파괴검사학회 (NODE11188191, IF: 0.49)"
185,2022,기계공학,907967728,서현권,1,0.0098,0.020085,"한국비파괴검사학회 (NODE11188191, IF: 0.49)"
186,2022,기계공학,472468977,조병관,1,0.0098,0.020085,"한국비파괴검사학회 (NODE11188191, IF: 0.49)"
187,2022,기계공학,482181870,지창욱,8,0.0096,0.0148,"대한용접·접합학회 (NODE11124264, IF: 0.65)
대한용접·접합학회 (NODE11124265, IF: 0.65)
대한용접·접합학회 (NODE11186627, IF: 0.65)
대한용접·접합학회 (NODE11186634, IF: 0.65)
대한용접·접합학회 (NODE11057055, IF: 0.65)
대한용접·접합학회 (NODE11057056, IF: 0.65)
대한용접·접합학회 (NODE11057057, IF: 0.65)
대한용접·접합학회 (NODE11057058, IF: 0.65)"
188,2022,기계공학,484777447,전종균,3,0.0096,0.008457,"(사)한국CDE학회 (NODE11038912, IF: 1.14)
(사)한국CDE학회 (NODE11166838, IF: 1.14)
(사)한국CDE학회 (NODE11068477, IF: 1.14)"
189,2022,기계공학,706287935,심다솔,2,0.0096,0.008457,"(사)한국CDE학회 (NODE11166838, IF: 1.14)
(사)한국CDE학회 (NODE11068477, IF: 1.14)"
190,2022,기계공학,768476240,최재영,1,0.0096,0.008457,"(사)한국CDE학회 (NODE11068477, IF: 1.14)"
191,2022,기계공학,328272988,장승원,1,0.0096,0.008457,"(사)한국CDE학회 (NODE11068477, IF: 1.14)"
192,2022,기계공학,966980626,한현희,1,0.0096,0.008457,"(사)한국CDE학회 (NODE11068477, IF: 1.14)"
193,2022,기계공학,818345703,이상철,1,0.0094,0.02537,"한국생산제조학회 (NODE11034734, IF: 0.37)"
194,2022,기계공학,994624486,현재호,1,0.0094,0.02537,"한국생산제조학회 (NODE11034734, IF: 0.37)"
195,2022,기계공학,420147077,홍승우,1,0.0094,0.02537,"한국생산제조학회 (NODE11034734, IF: 0.37)"
196,2022,기계공학,5148001,원권희,1,0.0094,0.02537,"한국생산제조학회 (NODE11034734, IF: 0.37)"
197,2022,기계공학,661115441,박희수,1,0.0094,0.02537,"한국생산제조학회 (NODE11034734, IF: 0.37)"
198,2022,기계공학,318746366,현승균,1,0.0094,0.02537,"한국생산제조학회 (NODE11034734, IF: 0.37)"
199,2022,기계공학,264736436,김상열,1,0.0094,0.02537,"한국생산제조학회 (NODE11034734, IF: 0.37)"
200,2022,기계공학,834712064,하석진,2,0.009,0.024313,"한국생산제조학회 (NODE11056370, IF: 0.37)
한국생산제조학회 (NODE11056369, IF: 0.37)"
201,2022,기계공학,585155715,함상우,1,0.009,0.024313,"한국생산제조학회 (NODE11056369, IF: 0.37)"
202,2022,기계공학,230121802,유창영,1,0.009,0.024313,"한국생산제조학회 (NODE11056369, IF: 0.37)"
203,2022,기계공학,226609289,정재윤,1,0.009,0.024313,"한국생산제조학회 (NODE11056369, IF: 0.37)"
204,2022,기계공학,979317892,최성욱,1,0.009,0.024313,"한국생산제조학회 (NODE11056369, IF: 0.37)"
205,2022,기계공학,5354296,Byeol Kim,1,0.0089,0.110994,"한국마린엔지니어링학회 (NODE11187097, IF: 0.08)"
206,2022,기계공학,309323459,황광일,1,0.0089,0.110994,"한국마린엔지니어링학회 (NODE11187097, IF: 0.08)"
207,2022,기계공학,690359299,Zhao Hongwu,1,0.0089,0.110994,"한국마린엔지니어링학회 (NODE11124902, IF: 0.08)"
208,2022,기계공학,658744177,Junho Jeon,1,0.0089,0.110994,"한국마린엔지니어링학회 (NODE11124902, IF: 0.08)"
209,2022,기계공학,930424849,강석환,4,0.0088,0.012684,"한국에너지기후변화학회 (NODE11184006, IF: 0.69)
한국에너지기후변화학회 (NODE11184011, IF: 0.69)
한국에너지기후변화학회 (NODE11184013, IF: 0.69)
한국환경에너지공학회 (NODE11184529, IF: 0.13)"
210,2022,기계공학,254946542,김지현,3,0.0088,0.012684,"한국에너지기후변화학회 (NODE11184006, IF: 0.69)
한국에너지기후변화학회 (NODE11184011, IF: 0.69)
한국에너지기후변화학회 (NODE11184013, IF: 0.69)"
211,2022,기계공학,1308811,김현지,3,0.0088,0.012684,"한국에너지기후변화학회 (NODE11184006, IF: 0.69)
한국에너지기후변화학회 (NODE11184011, IF: 0.69)
한국에너지기후변화학회 (NODE11184013, IF: 0.69)"
212,2022,기계공학,4619266,김진호,2,0.0088,0.012684,"한국에너지기후변화학회 (NODE11184011, IF: 0.69)
한국에너지기후변화학회 (NODE11184013, IF: 0.69)"
213,2022,기계공학,106593809,이동훈,3,0.0084,0.022197999999999996,"한국동력기계공학회 (NODE11124210, IF: 0.38)
한국동력기계공학회 (NODE11080855, IF: 0.38)
한국동력기계공학회 (NODE11057985, IF: 0.38)"
214,2022,기계공학,810834072,우정엽,1,0.0084,0.0074,"(사)한국CDE학회 (NODE11121447, IF: 1.14)"
215,2022,기계공학,287772013,윤가중,1,0.0084,0.0074,"(사)한국CDE학회 (NODE11121447, IF: 1.14)"
216,2022,기계공학,272946778,김미애,1,0.0084,0.0074,"(사)한국CDE학회 (NODE11121447, IF: 1.14)"
217,2022,기계공학,309402603,유진탁,1,0.0084,0.0074,"(사)한국CDE학회 (NODE11121447, IF: 1.14)"
218,2022,기계공학,815461518,이봉현,1,0.0084,0.0074,"(사)한국CDE학회 (NODE11121447, IF: 1.14)"
219,2022,기계공학,706332378,송인호,1,0.0084,0.0074,"(사)한국CDE학회 (NODE11121447, IF: 1.14)"
220,2022,기계공학,638336672,박규해,3,0.0083,0.016912999999999997,"한국비파괴검사학회 (NODE11188186, IF: 0.49)
한국비파괴검사학회 (NODE11120734, IF: 0.49)
한국비파괴검사학회 (NODE11120737, IF: 0.49)"
221,2022,기계공학,742021310,전준영,2,0.0083,0.016912999999999997,"한국비파괴검사학회 (NODE11188186, IF: 0.49)
한국비파괴검사학회 (NODE11120737, IF: 0.49)"
222,2022,기계공학,961969239,오승진,1,0.0083,0.016912999999999997,"한국비파괴검사학회 (NODE11153307, IF: 0.49)"
223,2022,기계공학,672233581,김왕배,1,0.0083,0.016912999999999997,"한국비파괴검사학회 (NODE11153307, IF: 0.49)"
224,2022,기계공학,353283733,문성모,5,0.0077,0.030654,"한국표면공학회 (NODE11165124, IF: 0.25)
한국표면공학회 (NODE11165127, IF: 0.25)
한국표면공학회 (NODE11162558, IF: 0.25)
한국표면공학회 (NODE11162564, IF: 0.25)
한국표면공학회 (NODE11162572, IF: 0.25)"
225,2022,기계공학,641995940,김재훈,3,0.0074,0.093023,"한국마린엔지니어링학회 (NODE11039079, IF: 0.08)
한국마린엔지니어링학회 (NODE11187092, IF: 0.08)
한국마린엔지니어링학회 (NODE11058651, IF: 0.08)"
226,2022,기계공학,365083585,임성현,1,0.0074,0.014799,"한국자동차공학회 (NODE11037453, IF: 0.5)"
227,2022,기계공학,806350065,Changhee Song,1,0.0074,0.014799,"한국자동차공학회 (NODE11037453, IF: 0.5)"
228,2022,기계공학,326193635,Taehyung Lee,1,0.0074,0.014799,"한국자동차공학회 (NODE11037453, IF: 0.5)"
229,2022,기계공학,399768700,박영일,1,0.0074,0.014799,"한국자동차공학회 (NODE11037453, IF: 0.5)"
230,2022,기계공학,891796627,Yong-hyeon Ji,1,0.0074,0.014799,"한국자동차공학회 (NODE11037453, IF: 0.5)"
231,2022,기계공학,593148746,박주혜,2,0.0073,0.014799,"한국비파괴검사학회 (NODE11037484, IF: 0.49)
한국비파괴검사학회 (NODE11120740, IF: 0.49)"
232,2022,기계공학,530456128,송호민,1,0.0073,0.014799,"한국비파괴검사학회 (NODE11120740, IF: 0.49)"
233,2022,기계공학,849203926,최중식,6,0.0072,0.006342,"(사)한국CDE학회 (NODE11121442, IF: 1.14)
(사)한국CDE학회 (NODE11121443, IF: 1.14)
(사)한국CDE학회 (NODE11166831, IF: 1.14)
(사)한국CDE학회 (NODE11166832, IF: 1.14)
(사)한국CDE학회 (NODE11166833, IF: 1.14)
(사)한국CDE학회 (NODE11068481, IF: 1.14)"
234,2022,기계공학,248517783,김인한,3,0.0072,0.006342,"(사)한국CDE학회 (NODE11121443, IF: 1.14)
(사)한국CDE학회 (NODE11166831, IF: 1.14)
(사)한국CDE학회 (NODE11166833, IF: 1.14)"
235,2022,기계공학,666713824,김태완,2,0.0072,0.006342,"(사)한국CDE학회 (NODE11121438, IF: 1.14)
(사)한국CDE학회 (NODE11166829, IF: 1.14)"
236,2022,기계공학,657449564,김지영,2,0.0072,0.006342,"(사)한국CDE학회 (NODE11121443, IF: 1.14)
(사)한국CDE학회 (NODE11166833, IF: 1.14)"
237,2022,기계공학,897606832,이아진,2,0.0072,0.006342,"(사)한국CDE학회 (NODE11121443, IF: 1.14)
(사)한국CDE학회 (NODE11166833, IF: 1.14)"
238,2022,기계공학,885929713,황호진,1,0.0072,0.006342,"(사)한국CDE학회 (NODE11121450, IF: 1.14)"
239,2022,기계공학,5170246,신지유,1,0.0072,0.006342,"(사)한국CDE학회 (NODE11166829, IF: 1.14)"
240,2022,기계공학,145003691,박경모,1,0.0072,0.006342,"(사)한국CDE학회 (NODE11166829, IF: 1.14)"
241,2022,기계공학,236961716,김민국,1,0.0072,0.006342,"(사)한국CDE학회 (NODE11166829, IF: 1.14)"
242,2022,기계공학,654365406,서현규,4,0.0067,0.0148,"한국수소및신에너지학회 (NODE11149755, IF: 0.65)
한국자동차공학회 (NODE11120304, IF: 0.5)
한국연소학회 (NODE11118424, IF: 0.45)
한국연소학회 (NODE11212989, IF: 0.45)"
243,2022,기계공학,705591513,송윤석,2,0.0067,0.0148,"한국연소학회 (NODE11118424, IF: 0.45)
한국연소학회 (NODE11212989, IF: 0.45)"
244,2022,기계공학,942988039,임영찬,2,0.0067,0.0148,"한국연소학회 (NODE11118424, IF: 0.45)
한국연소학회 (NODE11212989, IF: 0.45)"
245,2022,기계공학,742869467,윤동석,2,0.0067,0.013742,"한국비파괴검사학회 (NODE11082158, IF: 0.49)
한국비파괴검사학회 (NODE11082165, IF: 0.49)"
246,2022,기계공학,838240549,유원주,1,0.0067,0.013742,"한국비파괴검사학회 (NODE11082165, IF: 0.49)"
247,2022,기계공학,490781255,박환철,2,0.0064,0.016912999999999997,"한국동력기계공학회 (NODE11080855, IF: 0.38)
한국동력기계공학회 (NODE11057990, IF: 0.38)"
248,2022,기계공학,703405133,한규택,1,0.0063,0.016913,"한국생산제조학회 (NODE11056366, IF: 0.37)"
249,2022,기계공학,913910256,조수용,3,0.006,0.015855,"한국동력기계공학회 (NODE11124212, IF: 0.38)
한국동력기계공학회 (NODE11039979, IF: 0.38)
한국동력기계공학회 (NODE11057987, IF: 0.38)"
250,2022,기계공학,241845371,조종현,3,0.006,0.015855,"한국동력기계공학회 (NODE11124212, IF: 0.38)
한국동력기계공학회 (NODE11039979, IF: 0.38)
한국동력기계공학회 (NODE11057987, IF: 0.38)"
251,2022,기계공학,449533224,이정우,1,0.006,0.005285,"(사)한국CDE학회 (NODE11166827, IF: 1.14)"
252,2022,기계공학,829631385,조영인,1,0.006,0.005285,"(사)한국CDE학회 (NODE11068479, IF: 1.14)"
253,2022,기계공학,920447899,오승헌,1,0.006,0.005285,"(사)한국CDE학회 (NODE11068479, IF: 1.14)"
254,2022,기계공학,678503147,곽동훈,1,0.006,0.005285,"(사)한국CDE학회 (NODE11068479, IF: 1.14)"
255,2022,기계공학,899397149,최재호,1,0.006,0.005285,"(사)한국CDE학회 (NODE11068479, IF: 1.14)"
256,2022,기계공학,430757039,우종훈,1,0.006,0.005285,"(사)한국CDE학회 (NODE11068479, IF: 1.14)"
257,2022,기계공학,785771461,쿠훌룩,1,0.006,0.005285,"(사)한국CDE학회 (NODE11068488, IF: 1.14)"
258,2022,기계공학,569406016,김승권,1,0.006,0.005285,"(사)한국CDE학회 (NODE11068488, IF: 1.14)"
259,2022,기계공학,274671543,현창택,1,0.006,0.005285,"(사)한국CDE학회 (NODE11068488, IF: 1.14)"
260,2022,기계공학,286395085,이상훈,1,0.006,0.005285,"(사)한국CDE학회 (NODE11068488, IF: 1.14)"
261,2022,기계공학,693552779,조승표,1,0.0057,0.011628,"한국비파괴검사학회 (NODE11188186, IF: 0.49)"
262,2022,기계공학,535438257,이태민,1,0.0057,0.011628,"한국비파괴검사학회 (NODE11120735, IF: 0.49)"
263,2022,기계공학,789908255,강수민,1,0.0057,0.011628,"한국비파괴검사학회 (NODE11120735, IF: 0.49)"
264,2022,기계공학,702541211,문인상,2,0.0056,0.017971,"한국추진공학회 (NODE11195013, IF: 0.31)
한국추진공학회 (NODE11152344, IF: 0.31)"
265,2022,기계공학,621316447,서충길,1,0.0056,0.014799,"한국동력기계공학회 (NODE11124208, IF: 0.38)"
266,2022,기계공학,762492490,Sewon Choi,1,0.0056,0.017971,"한국추진공학회 (NODE11152344, IF: 0.31)"
267,2022,기계공학,683708648,김용,2,0.0055,0.008457,"대한용접·접합학회 (NODE11039704, IF: 0.65)
대한용접·접합학회 (NODE11151141, IF: 0.65)"
268,2022,기계공학,213059829,조대원,2,0.0055,0.008457,"대한용접·접합학회 (NODE11186626, IF: 0.65)
대한용접·접합학회 (NODE11186636, IF: 0.65)"
269,2022,기계공학,599575586,이용기,1,0.0055,0.008457,"대한용접·접합학회 (NODE11039705, IF: 0.65)"
270,2022,기계공학,880533586,천현필,1,0.0055,0.008457,"대한용접·접합학회 (NODE11039705, IF: 0.65)"
271,2022,기계공학,386944844,곽연호,1,0.0055,0.008457,"대한용접·접합학회 (NODE11186635, IF: 0.65)"
272,2022,기계공학,524594494,강민정,1,0.0055,0.008457,"대한용접·접합학회 (NODE11186635, IF: 0.65)"
273,2022,기계공학,673636721,김선민,1,0.0055,0.008457,"대한용접·접합학회 (NODE11186636, IF: 0.65)"
274,2022,기계공학,204838466,배승훈,1,0.0055,0.008457,"대한용접·접합학회 (NODE11186636, IF: 0.65)"
275,2022,기계공학,133200780,Upendra Tuladhar,1,0.0055,0.008457,"대한용접·접합학회 (NODE11186636, IF: 0.65)"
276,2022,기계공학,692602028,안상현,1,0.0055,0.008457,"대한용접·접합학회 (NODE11186636, IF: 0.65)"
277,2022,기계공학,990325370,정수진,1,0.0055,0.008457,"대한용접·접합학회 (NODE11151141, IF: 0.65)"
278,2022,기계공학,520261405,윤성민,1,0.0055,0.008457,"대한용접·접합학회 (NODE11151141, IF: 0.65)"
279,2022,기계공학,582604587,이제인,1,0.0055,0.008457,"대한용접·접합학회 (NODE11151141, IF: 0.65)"
280,2022,기계공학,296002691,설성훈,3,0.0052,0.013742,"한국동력기계공학회 (NODE11039977, IF: 0.38)
한국동력기계공학회 (NODE11039983, IF: 0.38)
한국동력기계공학회 (NODE11184388, IF: 0.38)"
281,2022,기계공학,787431488,손창효,3,0.0052,0.013742,"한국동력기계공학회 (NODE11039977, IF: 0.38)
한국동력기계공학회 (NODE11039983, IF: 0.38)
한국동력기계공학회 (NODE11184388, IF: 0.38)"
282,2022,기계공학,4835572,박상찬,3,0.0052,0.013742,"한국동력기계공학회 (NODE11039977, IF: 0.38)
한국동력기계공학회 (NODE11039983, IF: 0.38)
한국동력기계공학회 (NODE11184388, IF: 0.38)"
283,2022,기계공학,209855004,윤정인,3,0.0052,0.013742,"한국동력기계공학회 (NODE11039977, IF: 0.38)
한국동력기계공학회 (NODE11039983, IF: 0.38)
한국동력기계공학회 (NODE11184388, IF: 0.38)"
284,2022,기계공학,845438795,김학민,3,0.0052,0.013742,"대한기계학회 (NODE11110643, IF: 0.55)
한국동력기계공학회 (NODE11151286, IF: 0.38)
대한기계학회 (NODE11120909, IF: 0.55)"
285,2022,기계공학,548135588,염정국,3,0.0052,0.013742,"대한기계학회 (NODE11110643, IF: 0.55)
한국동력기계공학회 (NODE11151286, IF: 0.38)
대한기계학회 (NODE11120909, IF: 0.55)"
286,2022,기계공학,192051593,Hui Chen,2,0.0052,0.013742,"한국유체기계학회 (NODE11139668, IF: 0.38)
한국유체기계학회 (NODE11100861, IF: 0.38)"
287,2022,기계공학,238549047,Liang Dong,2,0.0052,0.013742,"한국유체기계학회 (NODE11139668, IF: 0.38)
한국유체기계학회 (NODE11100861, IF: 0.38)"
288,2022,기계공학,654042289,Houlin Liu,2,0.0052,0.013742,"한국유체기계학회 (NODE11139668, IF: 0.38)
한국유체기계학회 (NODE11100861, IF: 0.38)"
289,2022,기계공학,5448002,차승윤,1,0.0052,0.013742,"한국동력기계공학회 (NODE11039977, IF: 0.38)"
290,2022,기계공학,189353163,Xingxin Xiao,1,0.0052,0.013742,"한국유체기계학회 (NODE11100861, IF: 0.38)"
291,2022,기계공학,547751504,Chuanhan Fan,1,0.0052,0.013742,"한국유체기계학회 (NODE11100861, IF: 0.38)"
292,2022,기계공학,410586085,김영천,1,0.0052,0.013742,"한국동력기계공학회 (NODE11151286, IF: 0.38)"
293,2022,기계공학,468674650,신상문,1,0.0052,0.013742,"한국동력기계공학회 (NODE11151286, IF: 0.38)"
294,2022,기계공학,961632170,이중용,1,0.0051,0.0074,"한국에너지기후변화학회 (NODE11184004, IF: 0.69)"
295,2022,기계공학,989477374,박영도,7,0.0048,0.0074,"대한용접·접합학회 (NODE11039704, IF: 0.65)
대한용접·접합학회 (NODE11186627, IF: 0.65)
대한용접·접합학회 (NODE11186628, IF: 0.65)
대한용접·접합학회 (NODE11186634, IF: 0.65)
대한용접·접합학회 (NODE11078277, IF: 0.65)
대한용접·접합학회 (NODE11078278, IF: 0.65)
대한용접·접합학회 (NODE11151138, IF: 0.65)"
296,2022,기계공학,4593972,김원호,4,0.0048,0.0074,"대한용접·접합학회 (NODE11124264, IF: 0.65)
대한용접·접합학회 (NODE11124265, IF: 0.65)
대한용접·접합학회 (NODE11057057, IF: 0.65)
대한용접·접합학회 (NODE11057058, IF: 0.65)"
297,2022,기계공학,309975318,김유찬,4,0.0048,0.0074,"대한용접·접합학회 (NODE11151142, IF: 0.65)
대한용접·접합학회 (NODE11151143, IF: 0.65)
대한용접·접합학회 (NODE11124271, IF: 0.65)
대한용접·접합학회 (NODE11124272, IF: 0.65)"
298,2022,기계공학,428923324,안규백,3,0.0048,0.0074,"대한용접·접합학회 (NODE11039697, IF: 0.65)
대한용접·접합학회 (NODE11039698, IF: 0.65)
대한용접·접합학회 (NODE11057049, IF: 0.65)"
299,2022,기계공학,458758309,박정웅,3,0.0048,0.0074,"대한용접·접합학회 (NODE11039697, IF: 0.65)
대한용접·접합학회 (NODE11039698, IF: 0.65)
대한용접·접합학회 (NODE11057049, IF: 0.65)"
300,2022,기계공학,270875172,이한주,3,0.0048,0.0074,"대한용접·접합학회 (NODE11186634, IF: 0.65)
대한용접·접합학회 (NODE11078277, IF: 0.65)
대한용접·접합학회 (NODE11078278, IF: 0.65)"
301,2022,기계공학,473288660,Siva Prasad Murugan,2,0.0048,0.0074,"대한용접·접합학회 (NODE11186627, IF: 0.65)
대한용접·접합학회 (NODE11186634, IF: 0.65)"
302,2022,기계공학,767840235,Seonghoon Jeong,2,0.0048,0.0074,"대한용접·접합학회 (NODE11151139, IF: 0.65)
대한용접·접합학회 (NODE11124273, IF: 0.65)"
303,2022,기계공학,734219168,Seunglae Hong,2,0.0048,0.0074,"대한용접·접합학회 (NODE11151139, IF: 0.65)
대한용접·접합학회 (NODE11124273, IF: 0.65)"
304,2022,기계공학,703821861,JunSeok Seo,2,0.0048,0.0074,"대한용접·접합학회 (NODE11151139, IF: 0.65)
대한용접·접합학회 (NODE11124273, IF: 0.65)"
305,2022,기계공학,187877876,Tae-Wan Kim,2,0.0048,0.0074,"대한용접·접합학회 (NODE11151142, IF: 0.65)
대한용접·접합학회 (NODE11124271, IF: 0.65)"
306,2022,기계공학,224839209,전성현,2,0.0048,0.0074,"대한용접·접합학회 (NODE11124271, IF: 0.65)
대한용접·접합학회 (NODE11124272, IF: 0.65)"
307,2022,기계공학,367471267,Md Abdul Karim,1,0.0048,0.0074,"대한용접·접합학회 (NODE11186634, IF: 0.65)"
308,2022,기계공학,379439528,Kiman Bae,1,0.0048,0.0074,"대한용접·접합학회 (NODE11186634, IF: 0.65)"
309,2022,기계공학,483370450,Jongjin Baek,1,0.0048,0.0074,"대한용접·접합학회 (NODE11186634, IF: 0.65)"
310,2022,기계공학,512432026,Wooram Noh,1,0.0048,0.0074,"대한용접·접합학회 (NODE11186634, IF: 0.65)"
311,2022,기계공학,784205917,Will Jang,1,0.0048,0.0074,"대한용접·접합학회 (NODE11186634, IF: 0.65)"
312,2022,기계공학,297963204,Duck Bong Kim,1,0.0048,0.0074,"대한용접·접합학회 (NODE11186634, IF: 0.65)"
313,2022,기계공학,636123430,Ji-Hee Son,1,0.0048,0.0074,"대한용접·접합학회 (NODE11151139, IF: 0.65)"
314,2022,기계공학,898713880,Hyung Goun Joo,1,0.0048,0.0074,"대한용접·접합학회 (NODE11151139, IF: 0.65)"
315,2022,기계공학,890238136,Woo-Hyeon Ju,1,0.0048,0.0074,"대한용접·접합학회 (NODE11124271, IF: 0.65)"
316,2022,기계공학,248998974,김두산,1,0.0048,0.0074,"대한용접·접합학회 (NODE11057049, IF: 0.65)"
317,2022,기계공학,346733532,이진희,3,0.0044,0.006342,"한국에너지기후변화학회 (NODE11184006, IF: 0.69)
한국에너지기후변화학회 (NODE11184013, IF: 0.69)
한국환경에너지공학회 (NODE11184529, IF: 0.13)"
318,2022,기계공학,593259019,강태진,3,0.0044,0.006342,"한국에너지기후변화학회 (NODE11184006, IF: 0.69)
한국에너지기후변화학회 (NODE11184013, IF: 0.69)
한국환경에너지공학회 (NODE11184529, IF: 0.13)"
319,2022,기계공학,710884364,이다혜,3,0.0044,0.006342,"한국에너지기후변화학회 (NODE11184006, IF: 0.69)
한국에너지기후변화학회 (NODE11184013, IF: 0.69)
한국환경에너지공학회 (NODE11184529, IF: 0.13)"
320,2022,기계공학,443295939,김효식,2,0.0044,0.006342,"한국에너지기후변화학회 (NODE11184011, IF: 0.69)
한국환경에너지공학회 (NODE11184529, IF: 0.13)"
321,2022,기계공학,899643023,류재홍,1,0.0044,0.006342,"한국에너지기후변화학회 (NODE11184011, IF: 0.69)"
322,2022,기계공학,515510309,장성민,2,0.0043,0.011628,"한국생산제조학회 (NODE11034742, IF: 0.37)
한국생산제조학회 (NODE11034745, IF: 0.37)"
323,2022,기계공학,893081072,위은찬,1,0.0043,0.011628,"한국생산제조학회 (NODE11034745, IF: 0.37)"
324,2022,기계공학,865372776,고민성,1,0.0043,0.011628,"한국생산제조학회 (NODE11034745, IF: 0.37)"
325,2022,기계공학,651018191,윤이섭,1,0.0043,0.011628,"한국생산제조학회 (NODE11034745, IF: 0.37)"
326,2022,기계공학,100888817,백승엽,1,0.0043,0.011628,"한국생산제조학회 (NODE11034745, IF: 0.37)"
327,2022,기계공학,453326089,이중배,1,0.0043,0.011628,"한국생산제조학회 (NODE11034745, IF: 0.37)"
328,2022,기계공학,121538778,김민수,1,0.0043,0.011628,"한국생산제조학회 (NODE11034745, IF: 0.37)"
329,2022,기계공학,676136591,김진구,1,0.0043,0.011628,"한국생산제조학회 (NODE11056367, IF: 0.37)"
330,2022,기계공학,549678691,강지훈,1,0.0043,0.011628,"한국생산제조학회 (NODE11056367, IF: 0.37)"
331,2022,기계공학,852835260,최경철,1,0.0043,0.011628,"한국생산제조학회 (NODE11056367, IF: 0.37)"
332,2022,기계공학,840764462,임광석,1,0.0043,0.011628,"한국생산제조학회 (NODE11056367, IF: 0.37)"
333,2022,기계공학,321702826,박용재,1,0.0043,0.011628,"한국생산제조학회 (NODE11056367, IF: 0.37)"
334,2022,기계공학,418070594,박현민,1,0.0043,0.011628,"한국생산제조학회 (NODE11175730, IF: 0.37)"
335,2022,기계공학,306537080,강준구,1,0.0043,0.011628,"한국생산제조학회 (NODE11175730, IF: 0.37)"
336,2022,기계공학,698304360,김진석,1,0.0043,0.011628,"한국생산제조학회 (NODE11175730, IF: 0.37)"
337,2022,기계공학,674425340,강은구,1,0.0043,0.011628,"한국생산제조학회 (NODE11175730, IF: 0.37)"
338,2022,기계공학,836088087,우태규,1,0.0042,0.016913,"한국표면공학회 (NODE11162567, IF: 0.25)"
339,2022,기계공학,126653668,강병재,1,0.0042,0.016913,"한국표면공학회 (NODE11162567, IF: 0.25)"
340,2022,기계공학,607481183,박종재,1,0.0042,0.016913,"한국표면공학회 (NODE11162567, IF: 0.25)"
341,2022,기계공학,933852964,박일송,1,0.0042,0.016913,"한국표면공학회 (NODE11162567, IF: 0.25)"
342,2022,기계공학,317762523,황현규,1,0.0042,0.016913,"한국표면공학회 (NODE11162571, IF: 0.25)"
343,2022,기계공학,598522872,신동호,1,0.0042,0.016913,"한국표면공학회 (NODE11162571, IF: 0.25)"
344,2022,기계공학,341509448,허호성,1,0.0042,0.016913,"한국표면공학회 (NODE11162571, IF: 0.25)"
345,2022,기계공학,892619015,김성종,1,0.0042,0.016913,"한국표면공학회 (NODE11162571, IF: 0.25)"
346,2022,기계공학,181241544,박경수,1,0.0041,0.051796999999999996,"한국마린엔지니어링학회 (NODE11187092, IF: 0.08)"
347,2022,기계공학,269931832,Jung-Kn Kim,1,0.0041,0.051796999999999996,"한국마린엔지니어링학회 (NODE11187092, IF: 0.08)"
348,2022,기계공학,390040630,Seong-Dae Lee,1,0.0041,0.051796999999999996,"한국마린엔지니어링학회 (NODE11187092, IF: 0.08)"
349,2022,기계공학,180561692,Johannes Gaigl,1,0.0041,0.006342,"대한용접·접합학회 (NODE11078279, IF: 0.65)"
350,2022,기계공학,575359535,Nobuyuki Yamaguchi,4,0.004,0.01057,"한국유체기계학회 (NODE11139671, IF: 0.38)
한국유체기계학회 (NODE11100852, IF: 0.38)
한국유체기계학회 (NODE11100854, IF: 0.38)
한국유체기계학회 (NODE11057301, IF: 0.38)"
351,2022,기계공학,553706828,한승훈,3,0.004,0.010571,"한국동력기계공학회 (NODE11080847, IF: 0.38)
한국동력기계공학회 (NODE11057984, IF: 0.38)
한국동력기계공학회 (NODE11151292, IF: 0.38)"
352,2022,기계공학,543091444,Duc-Anh Pham,1,0.004,0.010571,"한국동력기계공학회 (NODE11151292, IF: 0.38)"
353,2022,기계공학,581138665,성주현,2,0.0038,0.047568,"한국마린엔지니어링학회 (NODE11187093, IF: 0.08)
한국마린엔지니어링학회 (NODE11187095, IF: 0.08)"
354,2022,기계공학,786614396,최준영,1,0.0038,0.008457,"한국연소학회 (NODE11149971, IF: 0.45)"
355,2022,기계공학,353074073,김민석,1,0.0038,0.008457,"한국연소학회 (NODE11149971, IF: 0.45)"
356,2022,기계공학,309020088,김혜민,1,0.0038,0.008457,"한국연소학회 (NODE11149971, IF: 0.45)"
357,2022,기계공학,482593555,Ju-Won Bae,1,0.0038,0.047568,"한국마린엔지니어링학회 (NODE11187095, IF: 0.08)"
358,2022,기계공학,602033594,권두영,2,0.0037,0.014799,"한국표면공학회 (NODE11165127, IF: 0.25)
한국표면공학회 (NODE11162572, IF: 0.25)"
359,2022,기계공학,540306154,박종언,2,0.0036,0.044397,"한국마린엔지니어링학회 (NODE11187079, IF: 0.08)
한국마린엔지니어링학회 (NODE11187081, IF: 0.08)"
360,2022,기계공학,429523590,허채을,2,0.0036,0.0074,"한국기계가공학회 (NODE10959126, IF: 0.35)
한국비파괴검사학회 (NODE11057604, IF: 0.49)"
361,2022,기계공학,772745500,김정석,2,0.0036,0.0074,"한국기계가공학회 (NODE10959126, IF: 0.35)
한국비파괴검사학회 (NODE11057604, IF: 0.49)"
362,2022,기계공학,615287492,지동현,2,0.0036,0.0074,"한국비파괴검사학회 (NODE11153305, IF: 0.49)
한국비파괴검사학회 (NODE11057596, IF: 0.49)"
363,2022,기계공학,295649260,김인철,2,0.0036,0.0074,"한국비파괴검사학회 (NODE11153305, IF: 0.49)
한국비파괴검사학회 (NODE11057596, IF: 0.49)"
364,2022,기계공학,971439881,한경석,2,0.0036,0.0074,"한국비파괴검사학회 (NODE11153305, IF: 0.49)
한국비파괴검사학회 (NODE11057596, IF: 0.49)"
365,2022,기계공학,435400255,Young Jin Hwang,1,0.0036,0.044397,"한국마린엔지니어링학회 (NODE11187081, IF: 0.08)"
366,2022,기계공학,166524733,홍원식,7,0.0034,0.005285,"대한용접·접합학회 (NODE11078269, IF: 0.65)
대한용접·접합학회 (NODE11078270, IF: 0.65)
대한용접·접합학회 (NODE11078272, IF: 0.65)
대한용접·접합학회 (NODE11078280, IF: 0.65)
대한용접·접합학회 (NODE11078281, IF: 0.65)
대한용접·접합학회 (NODE11057053, IF: 0.65)
대한용접·접합학회 (NODE11057054, IF: 0.65)"
367,2022,기계공학,367980475,Mi-Song Kim,3,0.0034,0.005285,"대한용접·접합학회 (NODE11078269, IF: 0.65)
대한용접·접합학회 (NODE11078280, IF: 0.65)
대한용접·접합학회 (NODE11057053, IF: 0.65)"
368,2022,기계공학,420751650,Myeongin Kim,3,0.0034,0.005285,"대한용접·접합학회 (NODE11078269, IF: 0.65)
대한용접·접합학회 (NODE11078280, IF: 0.65)
대한용접·접합학회 (NODE11057053, IF: 0.65)"
369,2022,기계공학,425351013,Hye-Min Lee,2,0.0034,0.005285,"대한용접·접합학회 (NODE11078269, IF: 0.65)
대한용접·접합학회 (NODE11057053, IF: 0.65)"
370,2022,기계공학,802693057,이종현,2,0.0034,0.005285,"대한용접·접합학회 (NODE11078275, IF: 0.65)
대한용접·접합학회 (NODE11078276, IF: 0.65)"
371,2022,기계공학,448853628,손준혁,1,0.0034,0.005285,"대한용접·접합학회 (NODE11186637, IF: 0.65)"
372,2022,기계공학,464713723,이창우,1,0.0034,0.005285,"대한용접·접합학회 (NODE11186637, IF: 0.65)"
373,2022,기계공학,313154321,유동열,1,0.0034,0.005285,"대한용접·접합학회 (NODE11186637, IF: 0.65)"
374,2022,기계공학,789498438,변동진,1,0.0034,0.005285,"대한용접·접합학회 (NODE11186637, IF: 0.65)"
375,2022,기계공학,972686675,방정환,1,0.0034,0.005285,"대한용접·접합학회 (NODE11186637, IF: 0.65)"
376,2022,기계공학,891176848,이동환,1,0.0034,0.005285,"대한용접·접합학회 (NODE11078273, IF: 0.65)"
377,2022,기계공학,828766499,허민행,1,0.0034,0.005285,"대한용접·접합학회 (NODE11078273, IF: 0.65)"
378,2022,기계공학,801084680,윤정원,1,0.0034,0.005285,"대한용접·접합학회 (NODE11078273, IF: 0.65)"
379,2022,기계공학,697661691,Doyeop Namgoong,1,0.0034,0.005285,"대한용접·접합학회 (NODE11078275, IF: 0.65)"
380,2022,기계공학,685003352,양정현,5,0.0033,0.016912999999999997,"한국연소학회 (NODE11149974, IF: 0.45)
한국마린엔지니어링학회 (NODE11187073, IF: 0.08)
한국표면공학회 (NODE11162575, IF: 0.25)
한국표면공학회 (NODE11192384, IF: 0.25)
한국표면공학회 (NODE11192385, IF: 0.25)"
381,2022,기계공학,494655285,김범수,5,0.0033,0.016912999999999997,"한국연소학회 (NODE11149974, IF: 0.45)
한국마린엔지니어링학회 (NODE11187073, IF: 0.08)
한국표면공학회 (NODE11162575, IF: 0.25)
한국표면공학회 (NODE11192384, IF: 0.25)
한국표면공학회 (NODE11192385, IF: 0.25)"
382,2022,기계공학,851609167,강홍재,4,0.0033,0.0074,"한국추진공학회 (NODE11195023, IF: 0.31)
한국연소학회 (NODE11149975, IF: 0.45)
대한기계학회 (NODE10893831, IF: 0.55)
한국추진공학회 (NODE11058061, IF: 0.31)"
383,2022,기계공학,687184279,이대훈,2,0.0033,0.0074,"한국연소학회 (NODE11149975, IF: 0.45)
대한기계학회 (NODE11152502, IF: 0.55)"
384,2022,기계공학,666941817,최민석,1,0.0033,0.041226,"한국마린엔지니어링학회 (NODE11039079, IF: 0.08)"
385,2022,기계공학,710535327,Young-Seock Oh,1,0.0033,0.041226,"한국마린엔지니어링학회 (NODE11039079, IF: 0.08)"
386,2022,기계공학,272445935,Seung-Soo Park,1,0.0033,0.041226,"한국마린엔지니어링학회 (NODE11039079, IF: 0.08)"
387,2022,기계공학,186548467,송영훈,1,0.0033,0.0074,"한국연소학회 (NODE11149975, IF: 0.45)"
388,2022,기계공학,795793806,오광철,1,0.0033,0.0074,"한국연소학회 (NODE11149975, IF: 0.45)"
389,2022,기계공학,751089133,이춘범,1,0.0033,0.0074,"한국연소학회 (NODE11149975, IF: 0.45)"
390,2022,기계공학,306705318,최광옥,1,0.0033,0.0074,"한국연소학회 (NODE11149975, IF: 0.45)"
391,2022,기계공학,624122510,송화섭,1,0.0033,0.0074,"한국연소학회 (NODE11212988, IF: 0.45)"
392,2022,기계공학,373081256,위재호,1,0.0033,0.0074,"한국연소학회 (NODE11212988, IF: 0.45)"
393,2022,기계공학,4211918,박인강,1,0.0033,0.0074,"한국연소학회 (NODE11212989, IF: 0.45)"
394,2022,기계공학,484064553,조상곤,2,0.0032,0.008457,"한국동력기계공학회 (NODE11057982, IF: 0.38)
한국동력기계공학회 (NODE11184384, IF: 0.38)"
395,2022,기계공학,379301327,박인덕,1,0.0032,0.008457,"한국동력기계공학회 (NODE11124216, IF: 0.38)"
396,2022,기계공학,199278343,이수진,1,0.0032,0.008457,"한국동력기계공학회 (NODE11124216, IF: 0.38)"
397,2022,기계공학,164224907,최정수,1,0.0032,0.008457,"한국동력기계공학회 (NODE11124216, IF: 0.38)"
398,2022,기계공학,256082931,정성민,1,0.0032,0.008457,"한국동력기계공학회 (NODE11124216, IF: 0.38)"
399,2022,기계공학,494519850,고명진,1,0.0031,0.008457,"한국생산제조학회 (NODE11116843, IF: 0.37)"
400,2022,기계공학,184658975,이성호,1,0.0031,0.008457,"한국생산제조학회 (NODE11116843, IF: 0.37)"
401,2022,기계공학,365964338,박순섭,1,0.0031,0.008457,"한국생산제조학회 (NODE11116843, IF: 0.37)"
402,2022,기계공학,713966518,김연원,2,0.0029,0.011628,"한국표면공학회 (NODE11162575, IF: 0.25)
한국표면공학회 (NODE11192384, IF: 0.25)"
403,2022,기계공학,722471721,오창수,2,0.0028,0.0074,"한국동력기계공학회 (NODE11039976, IF: 0.38)
한국동력기계공학회 (NODE11057983, IF: 0.38)"
404,2022,기계공학,711973572,문창권,2,0.0028,0.0074,"한국동력기계공학회 (NODE11039976, IF: 0.38)
한국동력기계공학회 (NODE11057983, IF: 0.38)"
405,2022,기계공학,115714629,김형준,2,0.0028,0.0074,"한국동력기계공학회 (NODE11039976, IF: 0.38)
한국동력기계공학회 (NODE11057983, IF: 0.38)"
406,2022,기계공학,319495675,임재학,2,0.0028,0.0074,"한국동력기계공학회 (NODE11039976, IF: 0.38)
한국동력기계공학회 (NODE11057983, IF: 0.38)"
407,2022,기계공학,221361666,노상훈,2,0.0028,0.0074,"한국동력기계공학회 (NODE11039976, IF: 0.38)
한국동력기계공학회 (NODE11057983, IF: 0.38)"
408,2022,기계공학,440046748,김부안,2,0.0028,0.0074,"한국동력기계공학회 (NODE11039976, IF: 0.38)
한국동력기계공학회 (NODE11057983, IF: 0.38)"
409,2022,기계공학,705694670,최현석,1,0.0027,0.0074,"한국생산제조학회 (NODE11034735, IF: 0.37)"
410,2022,기계공학,298761710,강타오,1,0.0027,0.0074,"한국생산제조학회 (NODE11034735, IF: 0.37)"
411,2022,기계공학,564281166,김홍석,1,0.0027,0.0074,"한국생산제조학회 (NODE11034735, IF: 0.37)"
412,2022,기계공학,228913344,곽영환,1,0.0027,0.0074,"한국생산제조학회 (NODE11076359, IF: 0.37)"
413,2022,기계공학,934202070,차천석,1,0.0027,0.0074,"한국생산제조학회 (NODE11076359, IF: 0.37)"
414,2022,기계공학,426185695,박춘수,5,0.0026,0.005285,"한국비파괴검사학회 (NODE11037485, IF: 0.49)
한국비파괴검사학회 (NODE11153306, IF: 0.49)
한국비파괴검사학회 (NODE11120736, IF: 0.49)
한국비파괴검사학회 (NODE11120739, IF: 0.49)
한국비파괴검사학회 (NODE11057601, IF: 0.49)"
415,2022,기계공학,538268474,박익근,3,0.0026,0.005285,"한국비파괴검사학회 (NODE11037477, IF: 0.49)
한국비파괴검사학회 (NODE11153308, IF: 0.49)
한국비파괴검사학회 (NODE11082157, IF: 0.49)"
416,2022,기계공학,875189180,안윤용,2,0.0026,0.005285,"한국자동차공학회 (NODE11066777, IF: 0.5)
한국자동차공학회 (NODE10819059, IF: 0.5)"
417,2022,기계공학,116984362,허건수,2,0.0026,0.005285,"한국자동차공학회 (NODE11066777, IF: 0.5)
한국자동차공학회 (NODE10819059, IF: 0.5)"
418,2022,기계공학,880715396,최원재,2,0.0026,0.005285,"한국비파괴검사학회 (NODE11153306, IF: 0.49)
한국비파괴검사학회 (NODE11120733, IF: 0.49)"
419,2022,기계공학,499633164,하종문,2,0.0026,0.005285,"한국비파괴검사학회 (NODE11153306, IF: 0.49)
한국비파괴검사학회 (NODE11120733, IF: 0.49)"
420,2022,기계공학,833672901,배명환,2,0.0026,0.005285,"한국비파괴검사학회 (NODE11153306, IF: 0.49)
한국비파괴검사학회 (NODE11120733, IF: 0.49)"
421,2022,기계공학,995212052,승홍민,2,0.0026,0.005285,"한국비파괴검사학회 (NODE11153306, IF: 0.49)
한국비파괴검사학회 (NODE11120733, IF: 0.49)"
422,2022,기계공학,853610663,조갑호,2,0.0026,0.005285,"한국비파괴검사학회 (NODE11153308, IF: 0.49)
한국비파괴검사학회 (NODE11082157, IF: 0.49)"
423,2022,기계공학,432046884,조성종,2,0.0026,0.005285,"한국비파괴검사학회 (NODE11153308, IF: 0.49)
한국비파괴검사학회 (NODE11082157, IF: 0.49)"
424,2022,기계공학,559555777,박희연,1,0.0026,0.005285,"한국비파괴검사학회 (NODE11188192, IF: 0.49)"
425,2022,기계공학,405830264,윤상연,1,0.0026,0.005285,"한국비파괴검사학회 (NODE11188192, IF: 0.49)"
426,2022,기계공학,757160769,황재윤,1,0.0026,0.005285,"한국비파괴검사학회 (NODE11188192, IF: 0.49)"
427,2022,기계공학,701439992,Sunghwan Yun,1,0.0026,0.005285,"한국자동차공학회 (NODE10819059, IF: 0.5)"
428,2022,기계공학,506433584,김승일,1,0.0026,0.005285,"한국비파괴검사학회 (NODE11153306, IF: 0.49)"
429,2022,기계공학,5124771,최용락,1,0.0026,0.005285,"한국비파괴검사학회 (NODE11153306, IF: 0.49)"
430,2022,기계공학,268426948,김영래,1,0.0026,0.005285,"한국비파괴검사학회 (NODE11153308, IF: 0.49)"
431,2022,기계공학,197959748,박태성,1,0.0026,0.005285,"한국비파괴검사학회 (NODE11082159, IF: 0.49)"
432,2022,기계공학,673043847,이동민,1,0.0026,0.005285,"한국비파괴검사학회 (NODE11082159, IF: 0.49)"
433,2022,기계공학,451218499,김정빈,1,0.0026,0.005285,"한국비파괴검사학회 (NODE11082159, IF: 0.49)"
434,2022,기계공학,537532807,김용권,1,0.0026,0.005285,"한국비파괴검사학회 (NODE11082159, IF: 0.49)"
435,2022,기계공학,824402784,배성찬,1,0.0026,0.005285,"한국비파괴검사학회 (NODE11082159, IF: 0.49)"
436,2022,기계공학,854953690,강민규,1,0.0026,0.005285,"한국비파괴검사학회 (NODE11082159, IF: 0.49)"
437,2022,기계공학,343465409,심백섭,1,0.0026,0.005285,"한국비파괴검사학회 (NODE11082159, IF: 0.49)"
438,2022,기계공학,395847120,김남언,1,0.0026,0.005285,"한국비파괴검사학회 (NODE11082159, IF: 0.49)"
439,2022,기계공학,502104054,Mahamuda Akte,1,0.0026,0.01057,"한국표면공학회 (NODE11192375, IF: 0.25)"
440,2022,기계공학,1660661,Jong-Hyeok Park,1,0.0026,0.01057,"한국표면공학회 (NODE11192375, IF: 0.25)"
441,2022,기계공학,766475089,Beom-Seok Kim,1,0.0026,0.01057,"한국표면공학회 (NODE11192375, IF: 0.25)"
442,2022,기계공학,371426294,Minyoung Lee,1,0.0026,0.01057,"한국표면공학회 (NODE11192375, IF: 0.25)"
443,2022,기계공학,260722852,Dahye Jeong,1,0.0026,0.01057,"한국표면공학회 (NODE11192375, IF: 0.25)"
444,2022,기계공학,339075048,Jiyun Shin,1,0.0026,0.01057,"한국표면공학회 (NODE11192375, IF: 0.25)"
445,2022,기계공학,227828091,Jin-Soo Parka,1,0.0026,0.01057,"한국표면공학회 (NODE11192375, IF: 0.25)"
446,2022,기계공학,722941043,이승석,1,0.0026,0.005285,"한국비파괴검사학회 (NODE11120737, IF: 0.49)"
447,2022,기계공학,224985480,공예슬,1,0.0026,0.005285,"한국비파괴검사학회 (NODE11120737, IF: 0.49)"
448,2022,기계공학,373427897,Miao Yinan,1,0.0026,0.005285,"한국비파괴검사학회 (NODE11120737, IF: 0.49)"
449,2022,기계공학,714051548,Kang Woo Chun,2,0.0024,0.029598,"한국마린엔지니어링학회 (NODE11151263, IF: 0.08)
한국마린엔지니어링학회 (NODE11151264, IF: 0.08)"
450,2022,기계공학,532605667,Deng Fanjie,1,0.0024,0.006342,"한국유체기계학회 (NODE11057304, IF: 0.38)"
451,2022,기계공학,186408475,Yuan Jianping,1,0.0024,0.006342,"한국유체기계학회 (NODE11057304, IF: 0.38)"
452,2022,기계공학,953877251,Yang Song,1,0.0024,0.006342,"한국유체기계학회 (NODE11057304, IF: 0.38)"
453,2022,기계공학,351947223,Wang Biaobiao,1,0.0024,0.006342,"한국유체기계학회 (NODE11057304, IF: 0.38)"
454,2022,기계공학,268575524,Si Qiaorui,1,0.0024,0.006342,"한국유체기계학회 (NODE11057304, IF: 0.38)"
455,2022,기계공학,249814815,Jilai Zeng,1,0.0024,0.006342,"한국유체기계학회 (NODE11057308, IF: 0.38)"
456,2022,기계공학,661231227,Zailun Liu,1,0.0024,0.006342,"한국유체기계학회 (NODE11057308, IF: 0.38)"
457,2022,기계공학,918609095,Hui Quan,1,0.0024,0.006342,"한국유체기계학회 (NODE11057308, IF: 0.38)"
458,2022,기계공학,969750666,Ancan Shao,1,0.0024,0.006342,"한국유체기계학회 (NODE11057308, IF: 0.38)"
459,2022,기계공학,198962251,Sanzhen Wang,1,0.0024,0.006342,"한국유체기계학회 (NODE11057308, IF: 0.38)"
460,2022,기계공학,320007864,이수연,1,0.0024,0.009514,"한국표면공학회 (NODE11162572, IF: 0.25)"
461,2022,기계공학,554223093,이춘만,4,0.0023,0.006342,"한국생산제조학회 (NODE11034741, IF: 0.37)
한국기계가공학회 (NODE11036624, IF: 0.35)
한국기계가공학회 (NODE11036626, IF: 0.35)
한국기계가공학회 (NODE11112948, IF: 0.35)"
462,2022,기계공학,828372793,김동현,3,0.0023,0.006342,"한국생산제조학회 (NODE11034741, IF: 0.37)
한국기계가공학회 (NODE11036626, IF: 0.35)
한국기계가공학회 (NODE11112948, IF: 0.35)"
463,2022,기계공학,997653628,김수영,3,0.0023,0.006342,"한국생산제조학회 (NODE11076362, IF: 0.37)
한국생산제조학회 (NODE11076363, IF: 0.37)
한국생산제조학회 (NODE11116846, IF: 0.37)"
464,2022,기계공학,705375569,유성원,1,0.0023,0.006342,"한국생산제조학회 (NODE11034741, IF: 0.37)"
465,2022,기계공학,541908419,이정학,1,0.0023,0.006342,"한국생산제조학회 (NODE11034741, IF: 0.37)"
466,2022,기계공학,453623881,이형기,1,0.0023,0.006342,"한국생산제조학회 (NODE11076354, IF: 0.37)"
467,2022,기계공학,332562834,김상훈,1,0.0023,0.006342,"한국생산제조학회 (NODE11076354, IF: 0.37)"
468,2022,기계공학,640221478,도두이퉁,1,0.0023,0.006342,"한국생산제조학회 (NODE11076354, IF: 0.37)"
469,2022,기계공학,650088913,김진재,1,0.0023,0.006342,"한국생산제조학회 (NODE11076354, IF: 0.37)"
470,2022,기계공학,199721389,김영석,1,0.0023,0.006342,"한국생산제조학회 (NODE11076354, IF: 0.37)"
471,2022,기계공학,785507831,이종옹,1,0.0023,0.006342,"한국생산제조학회 (NODE11147167, IF: 0.37)"
472,2022,기계공학,943466613,김도태,1,0.0023,0.006342,"한국생산제조학회 (NODE11147167, IF: 0.37)"
473,2022,기계공학,366461395,김신동,1,0.0023,0.006342,"한국생산제조학회 (NODE11147167, IF: 0.37)"
474,2022,기계공학,506428169,홍종해,1,0.0023,0.006342,"한국생산제조학회 (NODE11147167, IF: 0.37)"
475,2022,기계공학,958459181,김순철,1,0.0023,0.006342,"한국생산제조학회 (NODE11116846, IF: 0.37)"
476,2022,기계공학,521927657,조민수,1,0.0023,0.006342,"한국생산제조학회 (NODE11116846, IF: 0.37)"
477,2022,기계공학,393438671,이영철,1,0.0023,0.006342,"한국생산제조학회 (NODE11116846, IF: 0.37)"
478,2022,기계공학,584098258,김창우,1,0.002,0.005285,"한국동력기계공학회 (NODE11124210, IF: 0.38)"
479,2022,기계공학,394486158,서강현,1,0.002,0.005285,"한국동력기계공학회 (NODE11039985, IF: 0.38)"
480,2022,기계공학,682086322,이재웅,1,0.002,0.005285,"한국동력기계공학회 (NODE11039985, IF: 0.38)"
481,2022,기계공학,802055257,Prihadi Setyo Darmanto,1,0.002,0.005285,"한국유체기계학회 (NODE11100858, IF: 0.38)"
482,2022,기계공학,413572464,Arief Syahlan,1,0.002,0.005285,"한국유체기계학회 (NODE11100858, IF: 0.38)"
483,2022,기계공학,990714712,Michael Ariefyanto Wibowo,1,0.002,0.005285,"한국유체기계학회 (NODE11100858, IF: 0.38)"
484,2022,기계공학,318015808,Yoshinobu Tsujimoto,1,0.002,0.005285,"한국유체기계학회 (NODE11057301, IF: 0.38)"
485,2022,기계공학,822612857,Yutaka Kawata,1,0.002,0.005285,"한국유체기계학회 (NODE11057301, IF: 0.38)"
486,2022,기계공학,900499439,Jae-Sang Jo,1,0.002,0.02537,"한국마린엔지니어링학회 (NODE11151266, IF: 0.08)"
487,2022,기계공학,175463017,Ji-Sun Kim,1,0.002,0.02537,"한국마린엔지니어링학회 (NODE11151266, IF: 0.08)"
488,2022,기계공학,790275903,Seung-Jun Choi,1,0.002,0.02537,"한국마린엔지니어링학회 (NODE11151266, IF: 0.08)"
489,2022,기계공학,857113894,김도형,1,0.0019,0.0074,"한국표면공학회 (NODE11162577, IF: 0.25)"
490,2022,기계공학,781090465,김글한,1,0.0019,0.0074,"한국표면공학회 (NODE11162577, IF: 0.25)"
491,2022,기계공학,727725001,최승목,1,0.0019,0.0074,"한국표면공학회 (NODE11162577, IF: 0.25)"
492,2022,기계공학,741140622,이지훈,1,0.0019,0.0074,"한국표면공학회 (NODE11162577, IF: 0.25)"
493,2022,기계공학,984189663,정재훈,1,0.0019,0.0074,"한국표면공학회 (NODE11162577, IF: 0.25)"
494,2022,기계공학,868371173,이경복,1,0.0019,0.0074,"한국표면공학회 (NODE11162577, IF: 0.25)"
495,2022,기계공학,224956727,양주찬,1,0.0019,0.0074,"한국표면공학회 (NODE11162577, IF: 0.25)"
496,2022,기계공학,164455440,Jong-Hyun Park,1,0.0019,0.0074,"한국표면공학회 (NODE11162583, IF: 0.25)"
497,2022,기계공학,930617032,Hyojin Kim,1,0.0019,0.0074,"한국표면공학회 (NODE11162583, IF: 0.25)"
498,2022,기계공학,598816128,조준영,1,0.0016,0.006342,"한국표면공학회 (NODE11162556, IF: 0.25)"
499,2022,기계공학,654822790,권대엽,1,0.0016,0.006342,"한국표면공학회 (NODE11162556, IF: 0.25)"
500,2022,기계공학,189249238,최원준,1,0.0016,0.006342,"한국표면공학회 (NODE11162556, IF: 0.25)"
501,2022,기계공학,578198301,반치범,1,0.0016,0.006342,"한국표면공학회 (NODE11162556, IF: 0.25)"
502,2022,기계공학,302851278,김용태,4,0.0013,0.005285,"한국표면공학회 (NODE11162568, IF: 0.25)
한국표면공학회 (NODE11162581, IF: 0.25)
한국표면공학회 (NODE11162586, IF: 0.25)
한국표면공학회 (NODE11192393, IF: 0.25)"
503,2022,기계공학,712444355,최진섭,4,0.0013,0.005285,"한국표면공학회 (NODE11162568, IF: 0.25)
한국표면공학회 (NODE11162581, IF: 0.25)
한국표면공학회 (NODE11162586, IF: 0.25)
한국표면공학회 (NODE11192393, IF: 0.25)"
504,2022,기계공학,870694952,이승효,2,0.0013,0.005285,"한국마린엔지니어링학회 (NODE11039076, IF: 0.08)
한국표면공학회 (NODE11192394, IF: 0.25)"
505,2022,기계공학,522489335,장훈,2,0.0013,0.005285,"한국표면공학회 (NODE11162584, IF: 0.25)
한국표면공학회 (NODE11162585, IF: 0.25)"
506,2022,기계공학,877985467,전성용,2,0.0013,0.005285,"한국표면공학회 (NODE11162584, IF: 0.25)
한국표면공학회 (NODE11162585, IF: 0.25)"
507,2022,기계공학,930148658,Juseok Kim,1,0.0013,0.005285,"한국표면공학회 (NODE11165124, IF: 0.25)"
508,2022,기계공학,294811925,신헌철,1,0.0013,0.005285,"한국표면공학회 (NODE11165124, IF: 0.25)"
509,2022,기계공학,208913383,배기창,1,0.0013,0.005285,"한국표면공학회 (NODE11165126, IF: 0.25)"
510,2022,기계공학,342506945,김기욱,1,0.0013,0.005285,"한국표면공학회 (NODE11165126, IF: 0.25)"
511,2022,기계공학,613143386,김주호,1,0.0013,0.005285,"한국표면공학회 (NODE11165126, IF: 0.25)"
512,2022,기계공학,259900033,이정훈,1,0.0013,0.005285,"한국표면공학회 (NODE11165126, IF: 0.25)"
513,2022,기계공학,757532256,송풍근,1,0.0013,0.005285,"한국표면공학회 (NODE11165127, IF: 0.25)"
514,2022,기계공학,701191415,Duyoung Kwon,1,0.0013,0.005285,"한국표면공학회 (NODE11162564, IF: 0.25)"
515,2022,기계공학,597410903,하재윤,1,0.0013,0.005285,"한국표면공학회 (NODE11162581, IF: 0.25)"
516,2022,기계공학,245459503,김상준,1,0.0013,0.005285,"한국표면공학회 (NODE11162582, IF: 0.25)"
517,2022,기계공학,444686193,이재민,1,0.0013,0.005285,"한국표면공학회 (NODE11162582, IF: 0.25)"
518,2022,기계공학,680624778,조승근,1,0.0013,0.005285,"한국표면공학회 (NODE11162582, IF: 0.25)"
519,2022,기계공학,418489836,이은빈,1,0.0013,0.005285,"한국표면공학회 (NODE11162582, IF: 0.25)"
520,2022,기계공학,560573905,이승기,1,0.0013,0.005285,"한국표면공학회 (NODE11162582, IF: 0.25)"
521,2022,기계공학,936996795,이정우,1,0.0013,0.005285,"한국표면공학회 (NODE11162582, IF: 0.25)"
522,2022,기계공학,534937291,강민주,1,0.0013,0.005285,"한국표면공학회 (NODE11192394, IF: 0.25)"
523,2022,기계공학,630953897,이명훈,1,0.0013,0.005285,"한국표면공학회 (NODE11192394, IF: 0.25)"
524,2022,기계공학,760723339,이승종,5,0.0011,0.008457,"한국에너지기후변화학회 (NODE11184007, IF: 0.69)
한국에너지기후변화학회 (NODE11184008, IF: 0.69)
한국에너지기후변화학회 (NODE11184009, IF: 0.69)
한국에너지기후변화학회 (NODE11079969, IF: 0.69)
한국환경에너지공학회 (NODE11184524, IF: 0.13)"
525,2022,기계공학,236809869,박노국,4,0.0011,0.008457,"한국에너지기후변화학회 (NODE11184008, IF: 0.69)
한국에너지기후변화학회 (NODE11184012, IF: 0.69)
한국에너지기후변화학회 (NODE11079968, IF: 0.69)
한국환경에너지공학회 (NODE11184524, IF: 0.13)"
526,2022,기계공학,743522033,김혜수,2,0.0011,0.008457,"한국에너지기후변화학회 (NODE11079969, IF: 0.69)
한국환경에너지공학회 (NODE11184524, IF: 0.13)"
527,2022,기계공학,810587396,김일호,1,0.0011,0.008457,"한국환경에너지공학회 (NODE11184524, IF: 0.13)"
528,2022,기계공학,865091339,M. A. Taher,1,0.001,0.012685,"한국마린엔지니어링학회 (NODE11039078, IF: 0.08)"
529,2022,기계공학,353825459,M. M. R. Liton,1,0.001,0.012685,"한국마린엔지니어링학회 (NODE11039078, IF: 0.08)"
530,2022,기계공학,554012636,R. Biswas,1,0.001,0.012685,"한국마린엔지니어링학회 (NODE11039078, IF: 0.08)"
531,2022,기계공학,326844438,Y. W. Lee,1,0.001,0.012685,"한국마린엔지니어링학회 (NODE11039078, IF: 0.08)"
532,2022,기계공학,628816749,김석규,1,0.0009,0.011627,"한국마린엔지니어링학회 (NODE11151270, IF: 0.08)"
533,2022,기계공학,146649046,김재현,1,0.0009,0.011627,"한국마린엔지니어링학회 (NODE11151270, IF: 0.08)"
534,2022,기계공학,437243590,Hyeonggeun Park,1,0.0008,0.01057,"한국마린엔지니어링학회 (NODE11124900, IF: 0.08)"
535,2022,기계공학,343570406,황대중,1,0.0008,0.01057,"한국마린엔지니어링학회 (NODE11151262, IF: 0.08)"
536,2022,기계공학,864402173,임태우,1,0.0008,0.01057,"한국마린엔지니어링학회 (NODE11151262, IF: 0.08)"
537,2022,기계공학,563701030,박상균,1,0.0008,0.01057,"한국마린엔지니어링학회 (NODE11151262, IF: 0.08)"
538,2022,기계공학,357524508,지재훈,1,0.0008,0.01057,"한국마린엔지니어링학회 (NODE11151262, IF: 0.08)"
539,2022,기계공학,587812299,Eun Shin Bang,1,0.0008,0.01057,"한국마린엔지니어링학회 (NODE11151262, IF: 0.08)"
540,2022,기계공학,375506294,오철,1,0.0008,0.01057,"한국마린엔지니어링학회 (NODE11151262, IF: 0.08)"
541,2022,기계공학,597320706,Hyun Min Baek,5,0.0004,0.005285,"한국마린엔지니어링학회 (NODE11080328, IF: 0.08)
한국마린엔지니어링학회 (NODE11124899, IF: 0.08)
한국마린엔지니어링학회 (NODE11058648, IF: 0.08)
한국마린엔지니어링학회 (NODE11151273, IF: 0.08)
한국마린엔지니어링학회 (NODE11151274, IF: 0.08)"
542,2022,기계공학,472300018,Hyung Min Lee,3,0.0004,0.005285,"한국마린엔지니어링학회 (NODE11124899, IF: 0.08)
한국마린엔지니어링학회 (NODE11058648, IF: 0.08)
한국마린엔지니어링학회 (NODE11151274, IF: 0.08)"
543,2022,기계공학,321696833,Hyeonjong Kim,2,0.0004,0.005285,"한국마린엔지니어링학회 (NODE11187078, IF: 0.08)
한국마린엔지니어링학회 (NODE11058649, IF: 0.08)"
544,2022,기계공학,264861383,Junghyuk Ko,2,0.0004,0.005285,"한국마린엔지니어링학회 (NODE11187078, IF: 0.08)
한국마린엔지니어링학회 (NODE11058649, IF: 0.08)"
545,2022,기계공학,882248920,Jae-Jung Hur,2,0.0004,0.005285,"한국마린엔지니어링학회 (NODE11080336, IF: 0.08)
한국마린엔지니어링학회 (NODE11058652, IF: 0.08)"
546,2022,기계공학,242152013,Sichan Oh,1,0.0004,0.005285,"한국마린엔지니어링학회 (NODE11187078, IF: 0.08)"
547,2022,기계공학,111548574,Hoyoung Kim,1,0.0004,0.005285,"한국마린엔지니어링학회 (NODE11187078, IF: 0.08)"
548,2022,기계공학,990483906,Inwoo Kim,1,0.0004,0.005285,"한국마린엔지니어링학회 (NODE11187078, IF: 0.08)"
549,2022,기계공학,213899090,Dohyung Kim,1,0.0004,0.005285,"한국마린엔지니어링학회 (NODE11187078, IF: 0.08)"
550,2022,기계공학,321958124,Beom-Seok Roh,1,0.0004,0.005285,"한국마린엔지니어링학회 (NODE11080336, IF: 0.08)"
551,2022,기계공학,708703809,Hui-Hun Kim,1,0.0004,0.005285,"한국마린엔지니어링학회 (NODE11187073, IF: 0.08)"
552,2022,기계공학,152941721,Yeonwon Kim,1,0.0004,0.005285,"한국마린엔지니어링학회 (NODE11187073, IF: 0.08)"
553,2022,기계공학,1947301,김의종,15,0.0,0.0,"대한설비공학회 (NODE11056039, IF: 0.42)
대한설비공학회 (NODE11135919, IF: 0.42)
대한설비공학회 (NODE11157532, IF: 0.42)
대한설비공학회 (NODE11100802, IF: 0.42)
대한설비공학회 (NODE11125598, IF: 0.42)
대한설비공학회 (NODE11065463, IF: 0.42)
대한설비공학회 (NODE10895700, IF: 0.42)
대한설비공학회 (NODE11100774, IF: 0.42)
대한설비공학회 (NODE11170686, IF: 0.42)
대한설비공학회 (NODE11144333, IF: 0.42)
대한설비공학회 (NODE11151056, IF: 0.42)
대한설비공학회 (NODE11151056, IF: 0.42)
대한설비공학회 (NODE11028315, IF: 0.42)
대한설비공학회 (NODE11039544, IF: 0.42)
대한설비공학회 (NODE11056013, IF: 0.42)"
554,2022,기계공학,869227580,이경수,14,0.0,0.0,"한국자동차안전학회 (NODE11288044, IF: 0.41)
한국자동차안전학회 (NODE11288047, IF: 0.41)
한국자동차안전학회 (NODE11288048, IF: 0.41)
한국자동차안전학회 (NODE11288049, IF: 0.41)
한국자동차안전학회 (NODE11288050, IF: 0.41)
한국자동차안전학회 (NODE11288051, IF: 0.41)
한국자동차안전학회 (NODE11288052, IF: 0.41)
한국자동차안전학회 (NODE11288053, IF: 0.41)
한국자동차안전학회 (NODE11288055, IF: 0.41)
한국자동차안전학회 (NODE11288061, IF: 0.41)
한국자동차안전학회 (NODE11288064, IF: 0.41)
한국자동차안전학회 (NODE11266594, IF: 0.41)
한국자동차안전학회 (NODE11266597, IF: 0.41)
한국자동차안전학회 (NODE11266599, IF: 0.41)"
555,2022,기계공학,658133080,조홍현,13,0.0,0.0,"대한설비공학회 (NODE11056039, IF: 0.42)
대한설비공학회 (NODE11135919, IF: 0.42)
대한설비공학회 (NODE11157532, IF: 0.42)
대한설비공학회 (NODE11100802, IF: 0.42)
대한설비공학회 (NODE11125598, IF: 0.42)
대한설비공학회 (NODE11065463, IF: 0.42)
대한설비공학회 (NODE10895700, IF: 0.42)
대한설비공학회 (NODE11100774, IF: 0.42)
대한설비공학회 (NODE11170686, IF: 0.42)
대한설비공학회 (NODE11144333, IF: 0.42)
대한설비공학회 (NODE11068931, IF: 0.42)
대한설비공학회 (NODE11039544, IF: 0.42)
대한설비공학회 (NODE11056013, IF: 0.42)"
556,2022,기계공학,635264580,신현배,12,0.0,0.0,"대한기계학회 (NODE11153366, IF: 0.55)
대한기계학회 (NODE11056396, IF: 0.55)
대한기계학회 (NODE11100711, IF: 0.55)
대한기계학회 (NODE11123791, IF: 0.55)
대한기계학회 (NODE11073834, IF: 0.55)
대한기계학회 (NODE11034343, IF: 0.55)
대한기계학회 (NODE11139715, IF: 0.55)
대한기계학회 (NODE11171256, IF: 0.55)
대한기계학회 (NODE11073817, IF: 0.55)
대한기계학회 (NODE11135372, IF: 0.55)
대한기계학회 (NODE11056414, IF: 0.55)
대한기계학회 (NODE10959699, IF: 0.55)"
557,2022,기계공학,900352626,이진천,12,0.0,0.0,"대한설비공학회 (NODE11056038, IF: 0.42)
대한설비공학회 (NODE11135918, IF: 0.42)
대한설비공학회 (NODE11157531, IF: 0.42)
대한설비공학회 (NODE11100801, IF: 0.42)
대한설비공학회 (NODE11125597, IF: 0.42)
대한설비공학회 (NODE11065462, IF: 0.42)
대한설비공학회 (NODE10895699, IF: 0.42)
대한설비공학회 (NODE11170685, IF: 0.42)
대한설비공학회 (NODE11144332, IF: 0.42)
대한설비공학회 (NODE11039543, IF: 0.42)
대한설비공학회 (NODE11100773, IF: 0.42)
대한설비공학회 (NODE11056012, IF: 0.42)"
558,2022,기계공학,831261996,이창식,10,0.0,0.0,"한국자동차공학회 (NODE11067945, IF: 0.5)
한국자동차공학회 (NODE11040051, IF: 0.5)
한국자동차공학회 (NODE11174779, IF: 0.5)
한국자동차공학회 (NODE11029571, IF: 0.5)
한국자동차공학회 (NODE10895668, IF: 0.5)
한국자동차공학회 (NODE11049489, IF: 0.5)
한국자동차공학회 (NODE11155610, IF: 0.5)
한국자동차공학회 (NODE11058510, IF: 0.5)
한국자동차공학회 (NODE11083464, IF: 0.5)
한국자동차공학회 (NODE11110220, IF: 0.5)"
559,2022,기계공학,214890431,권신욱,10,0.0,0.0,"한국자동차공학회 (NODE11067946, IF: 0.5)
한국자동차공학회 (NODE11040057, IF: 0.5)
한국자동차공학회 (NODE11124810, IF: 0.5)
한국자동차공학회 (NODE11139191, IF: 0.5)
한국자동차공학회 (NODE11029575, IF: 0.5)
한국자동차공학회 (NODE10895670, IF: 0.5)
한국자동차공학회 (NODE11049490, IF: 0.5)
한국자동차공학회 (NODE11058511, IF: 0.5)
한국자동차공학회 (NODE11083465, IF: 0.5)
한국자동차공학회 (NODE11110221, IF: 0.5)"
560,2022,기계공학,234520995,조진균,10,0.0,0.0,"대한설비공학회 (NODE11040102, IF: 0.42)
대한설비공학회 (NODE11100798, IF: 0.42)
대한설비공학회 (NODE11135916, IF: 0.42)
대한설비공학회 (NODE11050735, IF: 0.42)
대한설비공학회 (NODE11170682, IF: 0.42)
대한설비공학회 (NODE11056035, IF: 0.42)
대한설비공학회 (NODE11151054, IF: 0.42)
대한설비공학회 (NODE11167305, IF: 0.42)
대한설비공학회 (NODE11068928, IF: 0.42)
대한설비공학회 (NODE11068931, IF: 0.42)"
561,2022,기계공학,647329504,허장욱,9,0.0,0.0,"한국기계가공학회 (NODE10959127, IF: 0.35)
한국기계가공학회 (NODE11130231, IF: 0.35)
한국기계가공학회 (NODE11072790, IF: 0.35)
한국기계가공학회 (NODE11044656, IF: 0.35)
한국기계가공학회 (NODE11154547, IF: 0.35)
한국기계가공학회 (NODE11143078, IF: 0.35)
한국기계가공학회 (NODE11083756, IF: 0.35)
한국기계가공학회 (NODE11062031, IF: 0.35)
한국기계가공학회 (NODE11201740, IF: 0.35)"
562,2022,기계공학,171654941,윤린,9,0.0,0.0,"대한설비공학회 (NODE11123979, IF: 0.42)
대한설비공학회 (NODE11170675, IF: 0.42)
대한설비공학회 (NODE11170676, IF: 0.42)
대한기계학회 (NODE11135368, IF: 0.55)
대한설비공학회 (NODE11068930, IF: 0.42)
대한설비공학회 (NODE11028313, IF: 0.42)
대한설비공학회 (NODE10894157, IF: 0.42)
대한설비공학회 (NODE11081258, IF: 0.42)
대한설비공학회 (NODE11138404, IF: 0.42)"
563,2022,기계공학,917773667,명노신,8,0.0,0.0,"한국항공우주학회 (NODE11120479, IF: 0.32)
한국전산유체공학회 (NODE11080096, IF: 0.26)
한국전산유체공학회 (NODE11049544, IF: 0.26)
한국항공우주학회 (NODE11076418, IF: 0.32)
항공우주시스템공학회 (NODE11193453, IF: 0.26)
한국전산유체공학회 (NODE11139426, IF: 0.26)
한국전산유체공학회 (NODE11139427, IF: 0.26)
한국전산유체공학회 (NODE11139428, IF: 0.26)"
564,2022,기계공학,405937664,김대중,8,0.0,0.0,"대한기계학회 (NODE11056395, IF: 0.55)
대한기계학회 (NODE11100710, IF: 0.55)
대한기계학회 (NODE11123790, IF: 0.55)
대한기계학회 (NODE11073833, IF: 0.55)
대한기계학회 (NODE11034341, IF: 0.55)
대한기계학회 (NODE11056413, IF: 0.55)
대한기계학회 (NODE11073816, IF: 0.55)
대한기계학회 (NODE10959694, IF: 0.55)"
565,2022,기계공학,766472777,김정진,8,0.0,0.0,"대한기계학회 (NODE11056404, IF: 0.55)
대한기계학회 (NODE11100700, IF: 0.55)
Korean Society for Precision Engineering (NODE11150847, IF: 0.0)
한국기계가공학회 (NODE11173076, IF: 0.35)
대한기계학회 (NODE11153353, IF: 0.55)
Korean Society for Precision Engineering (NODE11104882, IF: 0.0)
대한기계학회 (NODE11073823, IF: 0.55)
대한기계학회 (NODE10959686, IF: 0.55)"
566,2022,기계공학,236861885,이철희,7,0.0,0.0,"유공압건설기계학회 (NODE11038932, IF: 1.02)
한국트라이볼로지학회 (NODE11135858, IF: 0.35)
유공압건설기계학회 (NODE11123701, IF: 1.02)
한국기계가공학회 (NODE11036620, IF: 0.35)
한국트라이볼로지학회 (NODE11044805, IF: 0.35)
한국트라이볼로지학회 (NODE11100466, IF: 0.35)
유공압건설기계학회 (NODE11171171, IF: 1.02)"
567,2022,기계공학,124741,황성호,7,0.0,0.0,"유공압건설기계학회 (NODE11038934, IF: 1.02)
유공압건설기계학회 (NODE11038935, IF: 1.02)
한국자동차공학회 (NODE11067948, IF: 0.5)
유공압건설기계학회 (NODE11123697, IF: 1.02)
한국자동차공학회 (NODE11026942, IF: 0.5)
유공압건설기계학회 (NODE11171172, IF: 1.02)
유공압건설기계학회 (NODE11171175, IF: 1.02)"
568,2022,기계공학,406510902,안준,7,0.0,0.0,"대한설비공학회 (NODE11100799, IF: 0.42)
대한설비공학회 (NODE11135917, IF: 0.42)
대한설비공학회 (NODE11170683, IF: 0.42)
한국유체기계학회 (NODE11056900, IF: 0.38)
한국유체기계학회 (NODE11056904, IF: 0.38)
대한설비공학회 (NODE11056036, IF: 0.42)
대한기계학회 (NODE11152501, IF: 0.55)"
569,2022,기계공학,850720132,박재상,7,0.0,0.0,"한국항공우주학회 (NODE11164822, IF: 0.32)
한국항공우주학회 (NODE11157946, IF: 0.32)
항공우주시스템공학회 (NODE11193385, IF: 0.26)
한국항공우주학회 (NODE11065395, IF: 0.32)
한국항공우주학회 (NODE11029581, IF: 0.32)
한국항공우주학회 (NODE11144688, IF: 0.32)
한국항공우주학회 (NODE11076426, IF: 0.32)"
570,2022,기계공학,129192447,강동훈,7,0.0,0.0,"한국비파괴검사학회 (NODE11037479, IF: 0.49)
한국비파괴검사학회 (NODE11037481, IF: 0.49)
한국비파괴검사학회 (NODE11188184, IF: 0.49)
한국비파괴검사학회 (NODE11153309, IF: 0.49)
한국비파괴검사학회 (NODE11082161, IF: 0.49)
한국비파괴검사학회 (NODE11057600, IF: 0.49)
한국비파괴검사학회 (NODE11057608, IF: 0.49)"
571,2022,기계공학,316091,송두삼,7,0.0,0.0,"대한설비공학회 (NODE11123977, IF: 0.42)
대한설비공학회 (NODE11144323, IF: 0.42)
대한설비공학회 (NODE11144325, IF: 0.42)
대한설비공학회 (NODE11151053, IF: 0.42)
대한설비공학회 (NODE11068931, IF: 0.42)
대한설비공학회 (NODE11056028, IF: 0.42)
대한설비공학회 (NODE11056030, IF: 0.42)"
572,2022,기계공학,382663054,남유진,7,0.0,0.0,"대한설비공학회 (NODE11050732, IF: 0.42)
대한설비공학회 (NODE11050733, IF: 0.42)
대한설비공학회 (NODE11151055, IF: 0.42)
대한설비공학회 (NODE11068931, IF: 0.42)
대한설비공학회 (NODE11057816, IF: 0.42)
대한설비공학회 (NODE11057820, IF: 0.42)
대한설비공학회 (NODE11108605, IF: 0.42)"
573,2022,기계공학,708739151,한승호,7,0.0,0.0,"대한기계학회 (NODE11071023, IF: 0.55)
대한기계학회 (NODE11049461, IF: 0.55)
대한기계학회 (NODE11049476, IF: 0.55)
한국기계가공학회 (NODE11173078, IF: 0.35)
대한기계학회 (NODE11152512, IF: 0.55)
대한기계학회 (NODE11057729, IF: 0.55)
대한기계학회 (NODE11057738, IF: 0.55)"
574,2022,기계공학,442952685,류성기,7,0.0,0.0,"한국기계가공학회 (NODE11072784, IF: 0.35)
한국기계가공학회 (NODE11173091, IF: 0.35)
한국기계가공학회 (NODE11143088, IF: 0.35)
한국기계가공학회 (NODE11083748, IF: 0.35)
한국기계가공학회 (NODE11062036, IF: 0.35)
한국기계가공학회 (NODE11112947, IF: 0.35)
한국기계가공학회 (NODE11112949, IF: 0.35)"
575,2022,기계공학,189612949,김용주,6,0.0,0.0,"유공압건설기계학회 (NODE11038927, IF: 1.02)
유공압건설기계학회 (NODE11038930, IF: 1.02)
유공압건설기계학회 (NODE11038942, IF: 1.02)
유공압건설기계학회 (NODE11171163, IF: 1.02)
유공압건설기계학회 (NODE11171165, IF: 1.02)
대한기계학회 (NODE11038500, IF: 0.55)"
576,2022,기계공학,248962264,이기주,6,0.0,0.0,"한국항공우주연구원 (NODE11195143, IF: 0.0)
한국항공우주학회 (NODE11164826, IF: 0.32)
한국추진공학회 (NODE11123989, IF: 0.31)
한국추진공학회 (NODE11083708, IF: 0.31)
한국추진공학회 (NODE11083710, IF: 0.31)
한국항공우주학회 (NODE11049834, IF: 0.32)"
577,2022,기계공학,612604077,이학진,6,0.0,0.0,"한국항공우주학회 (NODE11120479, IF: 0.32)
한국전산유체공학회 (NODE11049544, IF: 0.26)
한국항공우주학회 (NODE11076418, IF: 0.32)
항공우주시스템공학회 (NODE11193453, IF: 0.26)
한국전산유체공학회 (NODE11139426, IF: 0.26)
한국전산유체공학회 (NODE11139427, IF: 0.26)"
578,2022,기계공학,307285339,노진호,6,0.0,0.0,"한국항공우주학회 (NODE11120480, IF: 0.32)
항공우주시스템공학회 (NODE11193393, IF: 0.26)
한국항공우주학회 (NODE11144687, IF: 0.32)
한국항공우주학회 (NODE11076420, IF: 0.32)
항공우주시스템공학회 (NODE11193441, IF: 0.26)
항공우주시스템공학회 (NODE11193458, IF: 0.26)"
579,2022,기계공학,103010617,유창경,6,0.0,0.0,"한국항공우주학회 (NODE11120484, IF: 0.32)
한국항공우주학회 (NODE11157943, IF: 0.32)
한국항공우주학회 (NODE11065389, IF: 0.32)
한국항공우주학회 (NODE10895664, IF: 0.32)
한국항공우주학회 (NODE11049827, IF: 0.32)
한국항공우주학회 (NODE11110008, IF: 0.32)"
580,2022,기계공학,381271289,최재승,6,0.0,0.0,"대한기계학회 (NODE11139701, IF: 0.55)
대한기계학회 (NODE11056381, IF: 0.55)
대한기계학회 (NODE11123777, IF: 0.55)
대한기계학회 (NODE11034327, IF: 0.55)
대한기계학회 (NODE11171255, IF: 0.55)
대한기계학회 (NODE11073803, IF: 0.55)"
581,2022,기계공학,885974462,유지이,6,0.0,0.0,"대한기계학회 (NODE11139702, IF: 0.55)
대한기계학회 (NODE11056384, IF: 0.55)
대한기계학회 (NODE11123775, IF: 0.55)
대한기계학회 (NODE11034329, IF: 0.55)
대한기계학회 (NODE11171240, IF: 0.55)
대한기계학회 (NODE11073805, IF: 0.55)"
582,2022,기계공학,288961418,서민교,6,0.0,0.0,"대한기계학회 (NODE11139703, IF: 0.55)
대한기계학회 (NODE11056382, IF: 0.55)
대한기계학회 (NODE11123778, IF: 0.55)
대한기계학회 (NODE11034328, IF: 0.55)
대한기계학회 (NODE11171241, IF: 0.55)
대한기계학회 (NODE11073804, IF: 0.55)"
583,2022,기계공학,256510896,김동권,6,0.0,0.0,"대한설비공학회 (NODE11100800, IF: 0.42)
대한설비공학회 (NODE11125596, IF: 0.42)
대한설비공학회 (NODE11170684, IF: 0.42)
대한설비공학회 (NODE11144331, IF: 0.42)
대한설비공학회 (NODE11039542, IF: 0.42)
대한설비공학회 (NODE11056011, IF: 0.42)"
584,2022,기계공학,626035695,구상,6,0.0,0.0,"한국자동차공학회 (NODE11078514, IF: 0.5)
한국자동차공학회 (NODE11150864, IF: 0.5)
한국자동차공학회 (NODE10819062, IF: 0.5)
한국자동차공학회 (NODE10819066, IF: 0.5)
한국자동차공학회 (NODE11103834, IF: 0.5)
한국자동차공학회 (NODE11057613, IF: 0.5)"
585,2022,기계공학,534977046,이관중,6,0.0,0.0,"한국전산유체공학회 (NODE11184331, IF: 0.26)
한국전산유체공학회 (NODE11184339, IF: 0.26)
한국전산유체공학회 (NODE11184348, IF: 0.26)
한국항공우주학회 (NODE11037442, IF: 0.32)
한국전산유체공학회 (NODE11049538, IF: 0.26)
한국항공우주학회 (NODE11110016, IF: 0.32)"
586,2022,기계공학,196080167,이종찬,6,0.0,0.0,"한국기계가공학회 (NODE11130222, IF: 0.35)
한국기계가공학회 (NODE11072786, IF: 0.35)
한국기계가공학회 (NODE11072787, IF: 0.35)
한국기계가공학회 (NODE11044648, IF: 0.35)
한국기계가공학회 (NODE11083747, IF: 0.35)
한국기계가공학회 (NODE11083761, IF: 0.35)"
587,2022,기계공학,379347240,김해지,6,0.0,0.0,"한국기계가공학회 (NODE11130229, IF: 0.35)
한국기계가공학회 (NODE11044658, IF: 0.35)
한국기계가공학회 (NODE11173075, IF: 0.35)
한국기계가공학회 (NODE11143076, IF: 0.35)
한국기계가공학회 (NODE11143080, IF: 0.35)
한국기계가공학회 (NODE11083745, IF: 0.35)"
588,2022,기계공학,636117158,김윤제,6,0.0,0.0,"한국유체기계학회 (NODE11146306, IF: 0.38)
한국유체기계학회 (NODE11056896, IF: 0.38)
대한기계학회 (NODE11028993, IF: 0.55)
한국유체기계학회 (NODE11073577, IF: 0.38)
한국자동차안전학회 (NODE11288066, IF: 0.41)
대한기계학회 (NODE11120870, IF: 0.55)"
589,2022,기계공학,5144216,조준현,6,0.0,0.0,"대한설비공학회 (NODE10895698, IF: 0.42)
대한기계학회 (NODE11152504, IF: 0.55)
대한기계학회 (NODE11152504, IF: 0.55)
대한설비공학회 (NODE11068931, IF: 0.42)
한국항공우주학회 (NODE11049829, IF: 0.32)
대한설비공학회 (NODE11056006, IF: 0.42)"
590,2022,기계공학,5475884,이광규,6,0.0,0.044397,"대한기계학회 (NODE11071015, IF: 0.55)
한국기계가공학회 (NODE11072789, IF: 0.35)
한국기계가공학회 (NODE11173081, IF: 0.35)
한국기계가공학회 (NODE11143075, IF: 0.35)
한국기계가공학회 (NODE11143077, IF: 0.35)
Korean Society for Precision Engineering (NODE11139189, IF: 0.0)"
591,2022,기계공학,530744514,안동규,6,0.0,0.044397,"대한기계학회 (NODE11071015, IF: 0.55)
한국기계가공학회 (NODE11072789, IF: 0.35)
한국기계가공학회 (NODE11173081, IF: 0.35)
한국기계가공학회 (NODE11143075, IF: 0.35)
한국기계가공학회 (NODE11143077, IF: 0.35)
Korean Society for Precision Engineering (NODE11139189, IF: 0.0)"
592,2022,기계공학,250959775,강효림,6,0.0,0.0,"대한기계학회 (NODE11071023, IF: 0.55)
대한기계학회 (NODE11049461, IF: 0.55)
대한기계학회 (NODE11049476, IF: 0.55)
한국기계가공학회 (NODE11173078, IF: 0.35)
대한기계학회 (NODE11152512, IF: 0.55)
대한기계학회 (NODE11057729, IF: 0.55)"
593,2022,기계공학,272865410,조영태,6,0.0,0.0,"한국기계가공학회 (NODE10959121, IF: 0.35)
대한기계학회 (NODE11029003, IF: 0.55)
Korean Society for Precision Engineering (NODE10820575, IF: 0.0)
한국기계가공학회 (NODE11062024, IF: 0.35)
한국기계가공학회 (NODE11112943, IF: 0.35)
대한용접·접합학회 (NODE11057051, IF: 0.65)"
594,2022,기계공학,935839368,이형진,6,0.0,0.0,"한국추진공학회 (NODE11058059, IF: 0.31)
한국추진공학회 (NODE11058070, IF: 0.31)
한국추진공학회 (NODE11083707, IF: 0.31)
대한기계학회 (NODE11120873, IF: 0.55)
한국추진공학회 (NODE11152345, IF: 0.31)
한국항공우주학회 (NODE11057571, IF: 0.32)"
595,2022,기계공학,598469394,김진혁,5,0.0,0.0,"한국유체기계학회 (NODE11124040, IF: 0.38)
한국수소및신에너지학회 (NODE11149762, IF: 0.65)
한국유체기계학회 (NODE11124039, IF: 0.38)
한국유체기계학회 (NODE11171153, IF: 0.38)
한국수소및신에너지학회 (NODE11038593, IF: 0.65)"
596,2022,기계공학,612040511,김승현,5,0.0,0.0,"한국소음진동공학회 (NODE11137865, IF: 0.41)
한국소음진동공학회 (NODE11164839, IF: 0.41)
한국소음진동공학회 (NODE11072708, IF: 0.41)
한국소음진동공학회 (NODE11100891, IF: 0.41)
한국소음진동공학회 (NODE11049112, IF: 0.41)"
597,2022,기계공학,908914410,정주빈,5,0.0,0.0,"한국소음진동공학회 (NODE11137865, IF: 0.41)
한국소음진동공학회 (NODE11164839, IF: 0.41)
한국소음진동공학회 (NODE11072708, IF: 0.41)
한국소음진동공학회 (NODE11100891, IF: 0.41)
한국소음진동공학회 (NODE11049112, IF: 0.41)"
598,2022,기계공학,591763369,권기연,5,0.0,0.0,"(사)한국CDE학회 (NODE11038922, IF: 1.14)
(사)한국CDE학회 (NODE11038915, IF: 1.14)
(사)한국CDE학회 (NODE11166835, IF: 1.14)
(사)한국CDE학회 (NODE11166845, IF: 1.14)
대한기계학회 (NODE11057728, IF: 0.55)"
599,2022,기계공학,196409798,서명국,5,0.0,0.0,"유공압건설기계학회 (NODE11038925, IF: 1.02)
유공압건설기계학회 (NODE11038926, IF: 1.02)
유공압건설기계학회 (NODE11123698, IF: 1.02)
유공압건설기계학회 (NODE11123699, IF: 1.02)
유공압건설기계학회 (NODE11123704, IF: 1.02)"
600,2022,기계공학,487202728,백승민,5,0.0,0.0,"유공압건설기계학회 (NODE11038927, IF: 1.02)
유공압건설기계학회 (NODE11038942, IF: 1.02)
유공압건설기계학회 (NODE11171163, IF: 1.02)
유공압건설기계학회 (NODE11171165, IF: 1.02)
대한기계학회 (NODE11038500, IF: 0.55)"
601,2022,기계공학,974794160,김수현,5,0.0,0.0,"한국수소및신에너지학회 (NODE11183607, IF: 0.65)
한국수소및신에너지학회 (NODE11183608, IF: 0.65)
한국수소및신에너지학회 (NODE11183609, IF: 0.65)
한국수소및신에너지학회 (NODE11120327, IF: 0.65)
한국수소및신에너지학회 (NODE11080279, IF: 0.65)"
602,2022,기계공학,716822545,김영상,5,0.0,0.0,"한국수소및신에너지학회 (NODE11183612, IF: 0.65)
한국수소및신에너지학회 (NODE11183618, IF: 0.65)
한국수소및신에너지학회 (NODE11183620, IF: 0.65)
한국수소및신에너지학회 (NODE11149759, IF: 0.65)
한국수소및신에너지학회 (NODE11038582, IF: 0.65)"
603,2022,기계공학,992994882,황정하,5,0.0,0.0,"대한설비공학회 (NODE11040099, IF: 0.42)
대한설비공학회 (NODE11040100, IF: 0.42)
대한설비공학회 (NODE11144326, IF: 0.42)
대한설비공학회 (NODE11081257, IF: 0.42)
대한설비공학회 (NODE11108601, IF: 0.42)"
604,2022,기계공학,441567698,이혁진,5,0.0,0.0,"한국항공우주학회 (NODE11120479, IF: 0.32)
한국전산유체공학회 (NODE11080096, IF: 0.26)
한국항공우주학회 (NODE11076418, IF: 0.32)
한국전산유체공학회 (NODE11139426, IF: 0.26)
한국전산유체공학회 (NODE11139427, IF: 0.26)"
605,2022,기계공학,714490523,정화영,5,0.0,0.0,"한국항공우주학회 (NODE11120480, IF: 0.32)
한국기계가공학회 (NODE10959128, IF: 0.35)
한국항공우주학회 (NODE11144687, IF: 0.32)
항공우주시스템공학회 (NODE11193441, IF: 0.26)
항공우주시스템공학회 (NODE11193458, IF: 0.26)"
606,2022,기계공학,624122,김동현,5,0.0,0.0,"한국항공우주학회 (NODE11120486, IF: 0.32)
항공우주시스템공학회 (NODE11193395, IF: 0.26)
항공우주시스템공학회 (NODE11193453, IF: 0.26)
한국전산유체공학회 (NODE11139423, IF: 0.26)
한국항공우주학회 (NODE11110017, IF: 0.32)"
607,2022,기계공학,831727156,박중호,5,0.0,0.0,"대한기계학회 (NODE11139700, IF: 0.55)
대한기계학회 (NODE11056383, IF: 0.55)
대한기계학회 (NODE11123776, IF: 0.55)
대한기계학회 (NODE11171242, IF: 0.55)
대한기계학회 (NODE11073802, IF: 0.55)"
608,2022,기계공학,562326947,손정우,5,0.0,0.0,"한국소음진동공학회 (NODE11164845, IF: 0.41)
한국소음진동공학회 (NODE11147954, IF: 0.41)
대한기계학회 (NODE11038499, IF: 0.55)
한국소음진동공학회 (NODE11049117, IF: 0.41)
한국소음진동공학회 (NODE11175823, IF: 0.41)"
609,2022,기계공학,873542703,김규홍,5,0.0,0.0,"한국전산유체공학회 (NODE11080089, IF: 0.26)
한국항공우주학회 (NODE11037450, IF: 0.32)
한국추진공학회 (NODE11150345, IF: 0.31)
한국전산유체공학회 (NODE11139418, IF: 0.26)
한국전산유체공학회 (NODE11139419, IF: 0.26)"
610,2022,기계공학,976234836,유동현,5,0.0,0.0,"한국전산유체공학회 (NODE11080090, IF: 0.26)
한국전산유체공학회 (NODE11080091, IF: 0.26)
한국전산유체공학회 (NODE11080100, IF: 0.26)
한국전산유체공학회 (NODE11184337, IF: 0.26)
대한기계학회 (NODE11120869, IF: 0.55)"
611,2022,기계공학,865496785,설한신,5,0.0,0.0,"한국전산유체공학회 (NODE11184334, IF: 0.26)
한국소음진동공학회 (NODE11034351, IF: 0.41)
한국소음진동공학회 (NODE11076409, IF: 0.41)
한국소음진동공학회 (NODE11023615, IF: 0.41)
한국소음진동공학회 (NODE11114150, IF: 0.41)"
612,2022,기계공학,405916268,김동규,5,0.0,0.0,"대한설비공학회 (NODE11157529, IF: 0.42)
대한설비공학회 (NODE11125594, IF: 0.42)
대한설비공학회 (NODE11065460, IF: 0.42)
대한설비공학회 (NODE11170675, IF: 0.42)
대한설비공학회 (NODE11039540, IF: 0.42)"
613,2022,기계공학,664035716,김수진,5,0.0,0.0,"한국기계가공학회 (NODE11130223, IF: 0.35)
한국기계가공학회 (NODE11154540, IF: 0.35)
한국기계가공학회 (NODE11083757, IF: 0.35)
한국기계가공학회 (NODE11062035, IF: 0.35)
한국기계가공학회 (NODE11112951, IF: 0.35)"
614,2022,기계공학,254186178,공정리,5,0.0,0.0,"한국기계가공학회 (NODE11130229, IF: 0.35)
한국기계가공학회 (NODE11044658, IF: 0.35)
한국기계가공학회 (NODE11143076, IF: 0.35)
한국기계가공학회 (NODE11143080, IF: 0.35)
한국기계가공학회 (NODE11083745, IF: 0.35)"
615,2022,기계공학,955503921,조용준,5,0.0,0.0,"한국기계가공학회 (NODE11130234, IF: 0.35)
한국기계가공학회 (NODE11130235, IF: 0.35)
한국기계가공학회 (NODE11173080, IF: 0.35)
한국기계가공학회 (NODE11173088, IF: 0.35)
한국기계가공학회 (NODE11112941, IF: 0.35)"
616,2022,기계공학,830798007,박관형,5,0.0,0.0,"한국기계가공학회 (NODE11130234, IF: 0.35)
한국기계가공학회 (NODE11130235, IF: 0.35)
한국기계가공학회 (NODE11173080, IF: 0.35)
한국기계가공학회 (NODE11173088, IF: 0.35)
한국기계가공학회 (NODE11112941, IF: 0.35)"
617,2022,기계공학,132128524,윤해룡,5,0.0,0.0,"한국기계가공학회 (NODE11130234, IF: 0.35)
한국기계가공학회 (NODE11130235, IF: 0.35)
한국기계가공학회 (NODE11173080, IF: 0.35)
한국기계가공학회 (NODE11173088, IF: 0.35)
한국기계가공학회 (NODE11112941, IF: 0.35)"
618,2022,기계공학,325746674,홍형길,5,0.0,0.0,"한국기계가공학회 (NODE11130234, IF: 0.35)
한국기계가공학회 (NODE11130235, IF: 0.35)
한국기계가공학회 (NODE11173080, IF: 0.35)
한국기계가공학회 (NODE11173088, IF: 0.35)
한국기계가공학회 (NODE11112941, IF: 0.35)"
619,2022,기계공학,245115316,강민수,5,0.0,0.0,"한국기계가공학회 (NODE11130234, IF: 0.35)
한국기계가공학회 (NODE11130235, IF: 0.35)
한국기계가공학회 (NODE11173080, IF: 0.35)
한국기계가공학회 (NODE11173088, IF: 0.35)
한국기계가공학회 (NODE11112941, IF: 0.35)"
620,2022,기계공학,759629903,오현웅,5,0.0,0.0,"항공우주시스템공학회 (NODE11193392, IF: 0.26)
항공우주시스템공학회 (NODE11193415, IF: 0.26)
항공우주시스템공학회 (NODE11193416, IF: 0.26)
항공우주시스템공학회 (NODE11193421, IF: 0.26)
항공우주시스템공학회 (NODE11193426, IF: 0.26)"
621,2022,기계공학,259999371,배상무,5,0.0,0.0,"대한설비공학회 (NODE11050732, IF: 0.42)
대한설비공학회 (NODE11151055, IF: 0.42)
대한설비공학회 (NODE11057816, IF: 0.42)
대한설비공학회 (NODE11057820, IF: 0.42)
대한설비공학회 (NODE11108605, IF: 0.42)"
622,2022,기계공학,659082043,박창용,5,0.0,0.0,"대한설비공학회 (NODE10895696, IF: 0.42)
대한설비공학회 (NODE11144329, IF: 0.42)
대한기계학회 (NODE11110647, IF: 0.55)
Korean Society for Precision Engineering (NODE11081392, IF: 0.0)
대한설비공학회 (NODE11056009, IF: 0.42)"
623,2022,기계공학,832554658,임종연,5,0.0,0.0,"대한설비공학회 (NODE10895697, IF: 0.42)
대한설비공학회 (NODE11144328, IF: 0.42)
대한설비공학회 (NODE11144330, IF: 0.42)
대한설비공학회 (NODE11100772, IF: 0.42)
대한설비공학회 (NODE11056010, IF: 0.42)"
624,2022,기계공학,473469467,박형준,5,0.0,0.0,"대한기계학회 (NODE11071023, IF: 0.55)
대한기계학회 (NODE11049476, IF: 0.55)
한국기계가공학회 (NODE11173078, IF: 0.35)
대한기계학회 (NODE11152512, IF: 0.55)
대한기계학회 (NODE11057738, IF: 0.55)"
625,2022,기계공학,947949500,김찬중,5,0.0,0.0,"한국소음진동공학회 (NODE11072705, IF: 0.41)
한국소음진동공학회 (NODE11072709, IF: 0.41)
한국기계가공학회 (NODE10959118, IF: 0.35)
한국소음진동공학회 (NODE11076399, IF: 0.41)
한국소음진동공학회 (NODE11175819, IF: 0.41)"
626,2022,기계공학,351345826,도재혁,5,0.0,0.0,"한국기계가공학회 (NODE11154538, IF: 0.35)
대한기계학회 (NODE11080390, IF: 0.55)
한국기계가공학회 (NODE11062032, IF: 0.35)
대한기계학회 (NODE11120916, IF: 0.55)
한국생산제조학회 (NODE11175743, IF: 0.37)"
627,2022,기계공학,912353773,송철기,5,0.0,0.0,"Korean Society for Precision Engineering (NODE11051303, IF: 0.0)
한국기계가공학회 (NODE10959122, IF: 0.35)
한국기계가공학회 (NODE10959123, IF: 0.35)
한국기계가공학회 (NODE11062034, IF: 0.35)
한국기계가공학회 (NODE11201736, IF: 0.35)"
628,2022,기계공학,710476503,김장권,4,0.0,0.0,"한국동력기계공학회 (NODE11124219, IF: 0.38)
한국동력기계공학회 (NODE11039978, IF: 0.38)
한국동력기계공학회 (NODE11151285, IF: 0.38)
한국동력기계공학회 (NODE11184389, IF: 0.38)"
629,2022,기계공학,108848048,오석형,4,0.0,0.0,"한국동력기계공학회 (NODE11124219, IF: 0.38)
한국동력기계공학회 (NODE11039978, IF: 0.38)
한국동력기계공학회 (NODE11151285, IF: 0.38)
한국동력기계공학회 (NODE11184389, IF: 0.38)"
630,2022,기계공학,539991212,김동영,4,0.0,0.0,"한국소음진동공학회 (NODE11137865, IF: 0.41)
한국소음진동공학회 (NODE11072708, IF: 0.41)
한국소음진동공학회 (NODE11100891, IF: 0.41)
한국소음진동공학회 (NODE11049112, IF: 0.41)"
631,2022,기계공학,953921308,김완수,4,0.0,0.0,"유공압건설기계학회 (NODE11038927, IF: 1.02)
유공압건설기계학회 (NODE11171163, IF: 1.02)
유공압건설기계학회 (NODE11171165, IF: 1.02)
대한기계학회 (NODE11038500, IF: 0.55)"
632,2022,기계공학,684501427,백승윤,4,0.0,0.0,"유공압건설기계학회 (NODE11038927, IF: 1.02)
유공압건설기계학회 (NODE11171163, IF: 1.02)
유공압건설기계학회 (NODE11171165, IF: 1.02)
대한기계학회 (NODE11038500, IF: 0.55)"
633,2022,기계공학,106778212,김수철,4,0.0,0.0,"유공압건설기계학회 (NODE11038930, IF: 1.02)
한국기계가공학회 (NODE11130224, IF: 0.35)
항공우주시스템공학회 (NODE11193386, IF: 0.26)
한국기계가공학회 (NODE11173077, IF: 0.35)"
634,2022,기계공학,289432587,유영돈,4,0.0,0.0,"한국수소및신에너지학회 (NODE11183608, IF: 0.65)
한국수소및신에너지학회 (NODE11183609, IF: 0.65)
한국수소및신에너지학회 (NODE11120327, IF: 0.65)
한국수소및신에너지학회 (NODE11080279, IF: 0.65)"
635,2022,기계공학,195649080,권상일,4,0.0,0.0,"한국자동차공학회 (NODE11067947, IF: 0.5)
한국자동차공학회 (NODE11040052, IF: 0.5)
한국자동차공학회 (NODE11124818, IF: 0.5)
한국자동차공학회 (NODE11174784, IF: 0.5)"
636,2022,기계공학,950373407,성홍계,4,0.0,0.0,"한국추진공학회 (NODE11195018, IF: 0.31)
한국추진공학회 (NODE11042728, IF: 0.31)
한국항공우주학회 (NODE10895657, IF: 0.32)
한국추진공학회 (NODE11150346, IF: 0.31)"
637,2022,기계공학,442584,김경진,4,0.0,0.0,"한국추진공학회 (NODE11195027, IF: 0.31)
한국추진공학회 (NODE11042727, IF: 0.31)
한국자동차공학회 (NODE11048756, IF: 0.5)
한국추진공학회 (NODE11152340, IF: 0.31)"
638,2022,기계공학,625297,김도형,4,0.0,0.0,"한국항공우주연구원 (NODE11195136, IF: 0.0)
한국항공우주학회 (NODE11037446, IF: 0.32)
항공우주시스템공학회 (NODE11193394, IF: 0.26)
항공우주시스템공학회 (NODE11193427, IF: 0.26)"
639,2022,기계공학,833240743,임병직,4,0.0,0.0,"한국항공우주연구원 (NODE11195143, IF: 0.0)
한국추진공학회 (NODE11123989, IF: 0.31)
한국추진공학회 (NODE11083708, IF: 0.31)
한국추진공학회 (NODE11083710, IF: 0.31)"
640,2022,기계공학,5147510,김성은,4,0.0,0.0,"대한설비공학회 (NODE11040099, IF: 0.42)
대한설비공학회 (NODE11040100, IF: 0.42)
대한설비공학회 (NODE11144326, IF: 0.42)
대한설비공학회 (NODE11108601, IF: 0.42)"
641,2022,기계공학,528612742,박병용,4,0.0,0.0,"대한설비공학회 (NODE11040102, IF: 0.42)
대한설비공학회 (NODE11151054, IF: 0.42)
대한설비공학회 (NODE11167305, IF: 0.42)
대한설비공학회 (NODE11068928, IF: 0.42)"
642,2022,기계공학,5488755,김승환,4,0.0,0.0,"한국수소및신에너지학회 (NODE11149760, IF: 0.65)
한국수소및신에너지학회 (NODE11080282, IF: 0.65)
한국수소및신에너지학회 (NODE11058665, IF: 0.65)
한국수소및신에너지학회 (NODE11058668, IF: 0.65)"
643,2022,기계공학,417441640,정영관,4,0.0,0.0,"한국수소및신에너지학회 (NODE11149760, IF: 0.65)
한국수소및신에너지학회 (NODE11080282, IF: 0.65)
한국수소및신에너지학회 (NODE11058665, IF: 0.65)
한국수소및신에너지학회 (NODE11058668, IF: 0.65)"
644,2022,기계공학,861448684,윤지현,4,0.0,0.0,"한국항공우주학회 (NODE11120480, IF: 0.32)
한국항공우주학회 (NODE11144687, IF: 0.32)
항공우주시스템공학회 (NODE11193441, IF: 0.26)
항공우주시스템공학회 (NODE11193458, IF: 0.26)"
645,2022,기계공학,997556858,박종호,4,0.0,0.0,"한국항공우주학회 (NODE11120483, IF: 0.32)
한국항공우주학회 (NODE11164831, IF: 0.32)
한국항공우주학회 (NODE11157949, IF: 0.32)
한국항공우주학회 (NODE11065389, IF: 0.32)"
646,2022,기계공학,559183488,정지환,4,0.0,0.0,"대한설비공학회 (NODE11039533, IF: 0.42)
대한설비공학회 (NODE11081254, IF: 0.42)
대한설비공학회 (NODE11138405, IF: 0.42)
대한설비공학회 (NODE11057819, IF: 0.42)"
647,2022,기계공학,442644169,김명현,4,0.0,0.0,"대한용접·접합학회 (NODE11039701, IF: 0.65)
대한용접·접합학회 (NODE11039702, IF: 0.65)
대한용접·접합학회 (NODE11151135, IF: 0.65)
대한용접·접합학회 (NODE11057046, IF: 0.65)"
648,2022,기계공학,776682466,김갑순,4,0.0,0.0,"Korean Society for Precision Engineering (NODE11039955, IF: 0.0)
한국기계가공학회 (NODE11036613, IF: 0.35)
한국기계가공학회 (NODE11143081, IF: 0.35)
한국기계가공학회 (NODE11201732, IF: 0.35)"
649,2022,기계공학,1121048,사민우,4,0.0,0.0,"대한기계학회 (NODE11139494, IF: 0.55)
한국기계가공학회 (NODE11036610, IF: 0.35)
한국기계가공학회 (NODE11083751, IF: 0.35)
한국기계가공학회 (NODE11201737, IF: 0.35)"
650,2022,기계공학,605150001,이철수,4,0.0,0.0,"한국생산제조학회 (NODE11034732, IF: 0.37)
대한기계학회 (NODE10893839, IF: 0.55)
대한기계학회 (NODE10893840, IF: 0.55)
대한기계학회 (NODE11049466, IF: 0.55)"
651,2022,기계공학,424345861,유상석,4,0.0,0.0,"한국수소및신에너지학회 (NODE11120315, IF: 0.65)
한국자동차공학회 (NODE11026945, IF: 0.5)
한국자동차공학회 (NODE10819060, IF: 0.5)
한국연소학회 (NODE11212994, IF: 0.45)"
652,2022,기계공학,730057102,유동진,4,0.0,0.0,"한국수소및신에너지학회 (NODE11120317, IF: 0.65)
한국수소및신에너지학회 (NODE11080281, IF: 0.65)
한국수소및신에너지학회 (NODE11038584, IF: 0.65)
한국수소및신에너지학회 (NODE11038585, IF: 0.65)"
653,2022,기계공학,317468941,송영범,4,0.0,0.0,"대한기계학회 (NODE11056388, IF: 0.55)
항공우주시스템공학회 (NODE11193412, IF: 0.26)
항공우주시스템공학회 (NODE11193416, IF: 0.26)
항공우주시스템공학회 (NODE11193463, IF: 0.26)"
654,2022,기계공학,1615210,서대반,4,0.0,0.0,"한국항공우주학회 (NODE11164826, IF: 0.32)
한국추진공학회 (NODE11123989, IF: 0.31)
한국추진공학회 (NODE11083708, IF: 0.31)
한국항공우주학회 (NODE11049834, IF: 0.32)"
655,2022,기계공학,915124454,손기헌,4,0.0,0.0,"한국전산유체공학회 (NODE11080097, IF: 0.26)
한국전산유체공학회 (NODE11080098, IF: 0.26)
한국전산유체공학회 (NODE11184343, IF: 0.26)
한국전산유체공학회 (NODE11139420, IF: 0.26)"
656,2022,기계공학,378318719,김범신,4,0.0,0.0,"대한기계학회 (NODE11080369, IF: 0.55)
대한기계학회 (NODE11110662, IF: 0.55)
대한기계학회 (NODE11169362, IF: 0.55)
대한기계학회 (NODE11169431, IF: 0.55)"
657,2022,기계공학,467679674,박설현,4,0.0,0.0,"대한기계학회 (NODE10893833, IF: 0.55)
대한기계학회 (NODE11110646, IF: 0.55)
한국동력기계공학회 (NODE11184397, IF: 0.38)
한국연소학회 (NODE11212991, IF: 0.45)"
658,2022,기계공학,319840025,오광석,4,0.0,0.0,"한국자동차공학회 (NODE11078516, IF: 0.5)
한국자동차공학회 (NODE11066771, IF: 0.5)
한국자동차공학회 (NODE11139935, IF: 0.5)
한국자동차안전학회 (NODE11288050, IF: 0.41)"
659,2022,기계공학,295188201,채영석,4,0.0,0.0,"한국자동차공학회 (NODE11155615, IF: 0.5)
한국자동차공학회 (NODE11029577, IF: 0.5)
한국자동차공학회 (NODE11058512, IF: 0.5)
한국자동차공학회 (NODE11110226, IF: 0.5)"
660,2022,기계공학,157536573,전의식,4,0.0,0.0,"한국기계가공학회 (NODE10959134, IF: 0.35)
한국기계가공학회 (NODE11062040, IF: 0.35)
한국기계가공학회 (NODE11112940, IF: 0.35)
한국기계가공학회 (NODE11112950, IF: 0.35)"
661,2022,기계공학,518232572,박만재,4,0.0,0.0,"대한기계학회 (NODE11153368, IF: 0.55)
대한기계학회 (NODE11139714, IF: 0.55)
대한기계학회 (NODE11171254, IF: 0.55)
대한기계학회 (NODE11135371, IF: 0.55)"
662,2022,기계공학,560912116,박희성,4,0.0,0.0,"한국전산유체공학회 (NODE11184346, IF: 0.26)
대한기계학회 (NODE11049457, IF: 0.55)
Korean Society for Precision Engineering (NODE11166115, IF: 0.0)
Korean Society for Precision Engineering (NODE11067907, IF: 0.0)"
663,2022,기계공학,331994,김종훈,4,0.0,0.0,"대한설비공학회 (NODE11157530, IF: 0.42)
대한설비공학회 (NODE11125595, IF: 0.42)
대한설비공학회 (NODE11065461, IF: 0.42)
대한설비공학회 (NODE11039541, IF: 0.42)"
664,2022,기계공학,724548657,김종춘,4,0.0,0.0,"한국자동차공학회 (NODE11139198, IF: 0.5)
한국자동차공학회 (NODE10895673, IF: 0.5)
한국자동차공학회 (NODE11049498, IF: 0.5)
한국자동차공학회 (NODE11083470, IF: 0.5)"
665,2022,기계공학,410855104,조해용,4,0.0,0.0,"대한기계학회 (NODE11038490, IF: 0.55)
한국기계가공학회 (NODE11130227, IF: 0.35)
한국기계가공학회 (NODE11130232, IF: 0.35)
한국기계가공학회 (NODE11062028, IF: 0.35)"
666,2022,기계공학,977722797,윤동원,4,0.0,0.0,"대한기계학회 (NODE11123785, IF: 0.55)
대한기계학회 (NODE11073801, IF: 0.55)
대한기계학회 (NODE11073822, IF: 0.55)
대한기계학회 (NODE11120907, IF: 0.55)"
667,2022,기계공학,599610831,주백석,4,0.0,0.0,"대한기계학회 (NODE11123795, IF: 0.55)
대한기계학회 (NODE11123799, IF: 0.55)
대한기계학회 (NODE11123810, IF: 0.55)
Korean Society for Precision Engineering (NODE11028918, IF: 0.0)"
668,2022,기계공학,785339562,이준성,4,0.0,0.0,"한국추진공학회 (NODE11123989, IF: 0.31)
한국추진공학회 (NODE11083708, IF: 0.31)
한국추진공학회 (NODE11083710, IF: 0.31)
한국항공우주학회 (NODE11049834, IF: 0.32)"
669,2022,기계공학,185153786,이금오,4,0.0,0.0,"한국추진공학회 (NODE11123989, IF: 0.31)
한국추진공학회 (NODE11150343, IF: 0.31)
한국추진공학회 (NODE11083708, IF: 0.31)
대한기계학회 (NODE11120911, IF: 0.55)"
670,2022,기계공학,688014172,박재성,4,0.0,0.0,"한국추진공학회 (NODE11123989, IF: 0.31)
한국추진공학회 (NODE11083708, IF: 0.31)
한국추진공학회 (NODE11083710, IF: 0.31)
한국항공우주학회 (NODE11049834, IF: 0.32)"
671,2022,기계공학,354645711,차승환,4,0.0,0.0,"한국기계가공학회 (NODE11130222, IF: 0.35)
한국기계가공학회 (NODE11072787, IF: 0.35)
한국기계가공학회 (NODE11044648, IF: 0.35)
한국기계가공학회 (NODE11083747, IF: 0.35)"
672,2022,기계공학,516921927,양동호,4,0.0,0.0,"한국기계가공학회 (NODE11130222, IF: 0.35)
한국기계가공학회 (NODE11072787, IF: 0.35)
한국기계가공학회 (NODE11044648, IF: 0.35)
한국기계가공학회 (NODE11083747, IF: 0.35)"
673,2022,기계공학,688645022,이상협,4,0.0,0.0,"한국기계가공학회 (NODE11130222, IF: 0.35)
한국기계가공학회 (NODE11072787, IF: 0.35)
한국기계가공학회 (NODE11044648, IF: 0.35)
한국기계가공학회 (NODE11083747, IF: 0.35)"
674,2022,기계공학,407110728,백종현,4,0.0,0.0,"한국기계가공학회 (NODE11130223, IF: 0.35)
한국기계가공학회 (NODE11154540, IF: 0.35)
한국기계가공학회 (NODE11083757, IF: 0.35)
한국기계가공학회 (NODE11062035, IF: 0.35)"
675,2022,기계공학,292786632,정원훈,4,0.0,0.0,"한국기계가공학회 (NODE11130226, IF: 0.35)
한국기계가공학회 (NODE11154548, IF: 0.35)
한국기계가공학회 (NODE11083752, IF: 0.35)
한국기계가공학회 (NODE11112946, IF: 0.35)"
676,2022,기계공학,497306232,김봉환,4,0.0,0.0,"한국기계가공학회 (NODE11130226, IF: 0.35)
한국기계가공학회 (NODE11154548, IF: 0.35)
한국기계가공학회 (NODE11083752, IF: 0.35)
한국기계가공학회 (NODE11112946, IF: 0.35)"
677,2022,기계공학,767030119,조해성,4,0.0,0.0,"항공우주시스템공학회 (NODE11193385, IF: 0.26)
한국소음진동공학회 (NODE11023622, IF: 0.41)
항공우주시스템공학회 (NODE11193435, IF: 0.26)
한국항공우주학회 (NODE11057573, IF: 0.32)"
678,2022,기계공학,620076774,박현범,4,0.0,0.0,"항공우주시스템공학회 (NODE11193389, IF: 0.26)
항공우주시스템공학회 (NODE11052296, IF: 0.26)
항공우주시스템공학회 (NODE11193405, IF: 0.26)
항공우주시스템공학회 (NODE11193422, IF: 0.26)"
679,2022,기계공학,609453549,김현기,4,0.0,0.0,"항공우주시스템공학회 (NODE11052298, IF: 0.26)
항공우주시스템공학회 (NODE11052299, IF: 0.26)
항공우주시스템공학회 (NODE11193443, IF: 0.26)
항공우주시스템공학회 (NODE11193462, IF: 0.26)"
680,2022,기계공학,625813,김성찬,4,0.0,0.0,"항공우주시스템공학회 (NODE11052298, IF: 0.26)
항공우주시스템공학회 (NODE11052299, IF: 0.26)
항공우주시스템공학회 (NODE11193443, IF: 0.26)
항공우주시스템공학회 (NODE11193462, IF: 0.26)"
681,2022,기계공학,567077667,곽재섭,4,0.0,0.0,"한국기계가공학회 (NODE11036612, IF: 0.35)
한국기계가공학회 (NODE11072792, IF: 0.35)
대한기계학회 (NODE11120912, IF: 0.55)
대한기계학회 (NODE11120917, IF: 0.55)"
682,2022,기계공학,327625829,강영석,4,0.0,0.0,"한국유체기계학회 (NODE11146308, IF: 0.38)
한국유체기계학회 (NODE11056898, IF: 0.38)
한국유체기계학회 (NODE11171154, IF: 0.38)
한국유체기계학회 (NODE11031027, IF: 0.38)"
683,2022,기계공학,588391,이승수,4,0.0,0.0,"한국항공우주학회 (NODE11065386, IF: 0.32)
한국전산유체공학회 (NODE11049541, IF: 0.26)
한국전산유체공학회 (NODE11049542, IF: 0.26)
한국항공우주학회 (NODE11144685, IF: 0.32)"
684,2022,기계공학,178870194,김인걸,4,0.0,0.0,"한국항공우주학회 (NODE11029581, IF: 0.32)
대한기계학회 (NODE11049471, IF: 0.55)
한국항공우주학회 (NODE11144688, IF: 0.32)
대한기계학회 (NODE11038502, IF: 0.55)"
685,2022,기계공학,122717017,박노철,4,0.0,0.0,"한국소음진동공학회 (NODE11034354, IF: 0.41)
한국소음진동공학회 (NODE11175826, IF: 0.41)
한국소음진동공학회 (NODE11147946, IF: 0.41)
한국소음진동공학회 (NODE11114148, IF: 0.41)"
686,2022,기계공학,710944344,박주엽,4,0.0,0.0,"한국비파괴검사학회 (NODE11188184, IF: 0.49)
한국비파괴검사학회 (NODE11153309, IF: 0.49)
한국비파괴검사학회 (NODE11082161, IF: 0.49)
한국비파괴검사학회 (NODE11057608, IF: 0.49)"
687,2022,기계공학,1014805,김호찬,4,0.0,0.0,"한국기계가공학회 (NODE11044647, IF: 0.35)
한국기계가공학회 (NODE11154537, IF: 0.35)
한국기계가공학회 (NODE11173080, IF: 0.35)
대한기계학회 (NODE11080392, IF: 0.55)"
688,2022,기계공학,198748354,박상후,4,0.0,0.0,"한국기계가공학회 (NODE11154545, IF: 0.35)
Korean Society for Precision Engineering (NODE11059692, IF: 0.0)
Korean Society for Precision Engineering (NODE11067901, IF: 0.0)
Korean Society for Precision Engineering (NODE11067901, IF: 0.0)"
689,2022,기계공학,629384819,김홍건,4,0.0,0.0,"한국기계가공학회 (NODE11154549, IF: 0.35)
한국기계가공학회 (NODE11173074, IF: 0.35)
한국기계가공학회 (NODE11062030, IF: 0.35)
한국기계가공학회 (NODE11201733, IF: 0.35)"
690,2022,기계공학,487926724,곽이구,4,0.0,0.0,"한국기계가공학회 (NODE11154549, IF: 0.35)
한국기계가공학회 (NODE11173074, IF: 0.35)
한국기계가공학회 (NODE11143072, IF: 0.35)
한국기계가공학회 (NODE11201733, IF: 0.35)"
691,2022,기계공학,472448839,최병근,4,0.0,0.0,"한국소음진동공학회 (NODE11056759, IF: 0.41)
한국소음진동공학회 (NODE11147950, IF: 0.41)
한국소음진동공학회 (NODE11114145, IF: 0.41)
한국소음진동공학회 (NODE11175815, IF: 0.41)"
692,2022,기계공학,282124280,김기주,4,0.0,0.0,"대한기계학회 (NODE11080398, IF: 0.55)
대한기계학회 (NODE11029012, IF: 0.55)
Korean Society for Precision Engineering (NODE11081399, IF: 0.0)
대한기계학회 (NODE11057733, IF: 0.55)"
693,2022,기계공학,448437839,이재웅,4,0.0,0.0,"대한기계학회 (NODE11080398, IF: 0.55)
대한기계학회 (NODE11029012, IF: 0.55)
Korean Society for Precision Engineering (NODE11081399, IF: 0.0)
대한기계학회 (NODE11057733, IF: 0.55)"
694,2022,기계공학,907311306,서진호,4,0.0,0.0,"Korean Society for Precision Engineering (NODE11059688, IF: 0.0)
유공압건설기계학회 (NODE11069001, IF: 1.02)
Korean Society for Precision Engineering (NODE11104880, IF: 0.0)
Korean Society for Precision Engineering (NODE11081397, IF: 0.0)"
695,2022,기계공학,848809432,이석규,4,0.0,0.0,"한국소음진동공학회 (NODE11076409, IF: 0.41)
한국소음진동공학회 (NODE11147947, IF: 0.41)
한국소음진동공학회 (NODE11114149, IF: 0.41)
한국소음진동공학회 (NODE11114150, IF: 0.41)"
696,2022,기계공학,294274771,조구영,4,0.0,0.0,"Korean Society for Precision Engineering (NODE11166117, IF: 0.0)
Korean Society for Precision Engineering (NODE11028912, IF: 0.0)
Korean Society for Precision Engineering (NODE11067908, IF: 0.0)
Korean Society for Precision Engineering (NODE11139187, IF: 0.0)"
697,2022,기계공학,174473438,백종희,4,0.0,0.0,"유공압건설기계학회 (NODE11176793, IF: 1.02)
유공압건설기계학회 (NODE11176794, IF: 1.02)
유공압건설기계학회 (NODE11176795, IF: 1.02)
유공압건설기계학회 (NODE11171184, IF: 1.02)"
698,2022,기계공학,708559321,김석,4,0.0,0.0,"대한기계학회 (NODE11029003, IF: 0.55)
Korean Society for Precision Engineering (NODE10820575, IF: 0.0)
한국기계가공학회 (NODE11062024, IF: 0.35)
한국기계가공학회 (NODE11112943, IF: 0.35)"
699,2022,기계공학,597108360,노태성,4,0.0,0.0,"한국추진공학회 (NODE11058059, IF: 0.31)
한국추진공학회 (NODE11058070, IF: 0.31)
한국추진공학회 (NODE11083707, IF: 0.31)
한국추진공학회 (NODE11152345, IF: 0.31)"
700,2022,기계공학,141316233,이명수,4,0.0,0.0,"대한용접·접합학회 (NODE11151136, IF: 0.65)
대한용접·접합학회 (NODE11057046, IF: 0.65)
대한용접·접합학회 (NODE11057048, IF: 0.65)
대한용접·접합학회 (NODE11057050, IF: 0.65)"
701,2022,기계공학,742344650,이준원,4,0.0,0.0,"항공우주시스템공학회 (NODE11193408, IF: 0.26)
항공우주시스템공학회 (NODE11193423, IF: 0.26)
항공우주시스템공학회 (NODE11193460, IF: 0.26)
항공우주시스템공학회 (NODE11193462, IF: 0.26)"
702,2022,기계공학,132843212,송성찬,4,0.0,0.0,"항공우주시스템공학회 (NODE11193412, IF: 0.26)
항공우주시스템공학회 (NODE11193416, IF: 0.26)
항공우주시스템공학회 (NODE11193421, IF: 0.26)
항공우주시스템공학회 (NODE11193463, IF: 0.26)"
703,2022,기계공학,639677003,서두현,4,0.0,0.0,"한국수소및신에너지학회 (NODE11038588, IF: 0.65)
한국수소및신에너지학회 (NODE11038588, IF: 0.65)
한국수소및신에너지학회 (NODE11038589, IF: 0.65)
한국수소및신에너지학회 (NODE11038589, IF: 0.65)"
704,2022,기계공학,729904218,김동현,4,0.0,0.0,"한국표면공학회 (NODE11162559, IF: 0.25)
한국표면공학회 (NODE11162565, IF: 0.25)
한국표면공학회 (NODE11162592, IF: 0.25)
한국표면공학회 (NODE11162593, IF: 0.25)"
705,2022,기계공학,107179331,최병열,3,0.0,0.0,"한국유체기계학회 (NODE11124042, IF: 0.38)
한국유체기계학회 (NODE11171153, IF: 0.38)
한국유체기계학회 (NODE11073582, IF: 0.38)"
706,2022,기계공학,182386871,최동훈,3,0.0,0.0,"한국유체기계학회 (NODE11124042, IF: 0.38)
한국유체기계학회 (NODE11171153, IF: 0.38)
한국유체기계학회 (NODE11073582, IF: 0.38)"
707,2022,기계공학,493062558,문영빈,3,0.0,0.0,"한국동력기계공학회 (NODE11124211, IF: 0.38)
한국소음진동공학회 (NODE11056759, IF: 0.41)
한국소음진동공학회 (NODE11147950, IF: 0.41)"
708,2022,기계공학,558124328,임승택,3,0.0,0.0,"한국동력기계공학회 (NODE11124218, IF: 0.38)
한국동력기계공학회 (NODE11039986, IF: 0.38)
한국동력기계공학회 (NODE11184388, IF: 0.38)"
709,2022,기계공학,354316025,김용달,3,0.0,0.0,"한국자동차공학회 (NODE11139192, IF: 0.5)
한국자동차공학회 (NODE11168006, IF: 0.5)
한국자동차공학회 (NODE11150866, IF: 0.5)"
710,2022,기계공학,479234310,김동섭,3,0.0,0.0,"대한기계학회 (NODE11071004, IF: 0.55)
한국유체기계학회 (NODE11146304, IF: 0.38)
한국유체기계학회 (NODE11056895, IF: 0.38)"
711,2022,기계공학,835109489,박용갑,3,0.0,0.0,"대한기계학회 (NODE11071007, IF: 0.55)
대한기계학회 (NODE11080365, IF: 0.55)
한국기계가공학회 (NODE11154541, IF: 0.35)"
712,2022,기계공학,278390342,오현석,3,0.0,0.0,"한국소음진동공학회 (NODE11137860, IF: 0.41)
대한기계학회 (NODE11139710, IF: 0.55)
대한기계학회 (NODE11029004, IF: 0.55)"
713,2022,기계공학,318804947,이호연,3,0.0,0.0,"유공압건설기계학회 (NODE11038925, IF: 1.02)
유공압건설기계학회 (NODE11038926, IF: 1.02)
유공압건설기계학회 (NODE11123698, IF: 1.02)"
714,2022,기계공학,669482009,장주섭,3,0.0,0.0,"유공압건설기계학회 (NODE11038928, IF: 1.02)
유공압건설기계학회 (NODE11038933, IF: 1.02)
유공압건설기계학회 (NODE11123696, IF: 1.02)"
715,2022,기계공학,635285935,문상곤,3,0.0,0.0,"유공압건설기계학회 (NODE11038930, IF: 1.02)
한국기계가공학회 (NODE11130224, IF: 0.35)
한국기계가공학회 (NODE11173077, IF: 0.35)"
716,2022,기계공학,793379441,손종현,3,0.0,0.0,"유공압건설기계학회 (NODE11038930, IF: 1.02)
한국기계가공학회 (NODE11130224, IF: 0.35)
한국기계가공학회 (NODE11173077, IF: 0.35)"
717,2022,기계공학,742169681,기석철,3,0.0,0.0,"유공압건설기계학회 (NODE11038937, IF: 1.02)
한국자동차공학회 (NODE11078521, IF: 0.5)
한국자동차공학회 (NODE10819068, IF: 0.5)"
718,2022,기계공학,1548503,이지웅,3,0.0,0.0,"한국마린엔지니어링학회 (NODE11039086, IF: 0.08)
한국마린엔지니어링학회 (NODE11187071, IF: 0.08)
한국마린엔지니어링학회 (NODE11151273, IF: 0.08)"
719,2022,기계공학,216690894,이동근,3,0.0,0.0,"한국수소및신에너지학회 (NODE11183612, IF: 0.65)
한국수소및신에너지학회 (NODE11183618, IF: 0.65)
한국수소및신에너지학회 (NODE11038582, IF: 0.65)"
720,2022,기계공학,175971754,안국영,3,0.0,0.0,"한국수소및신에너지학회 (NODE11183612, IF: 0.65)
한국수소및신에너지학회 (NODE11183618, IF: 0.65)
한국수소및신에너지학회 (NODE11038582, IF: 0.65)"
721,2022,기계공학,665330102,이상호,3,0.0,0.0,"한국수소및신에너지학회 (NODE11183628, IF: 0.65)
한국수소및신에너지학회 (NODE11183632, IF: 0.65)
한국자동차공학회 (NODE11103830, IF: 0.5)"
722,2022,기계공학,202114,박철웅,3,0.0,0.0,"한국수소및신에너지학회 (NODE11183628, IF: 0.65)
한국수소및신에너지학회 (NODE11080288, IF: 0.65)
한국자동차공학회 (NODE11174783, IF: 0.5)"
723,2022,기계공학,641597024,정재우,3,0.0,0.0,"한국자동차공학회 (NODE11067954, IF: 0.5)
한국자동차공학회 (NODE11120295, IF: 0.5)
한국자동차공학회 (NODE10895667, IF: 0.5)"
724,2022,기계공학,5119337,강윤형,3,0.0,0.0,"한국추진공학회 (NODE11195016, IF: 0.31)
한국추진공학회 (NODE11195024, IF: 0.31)
한국추진공학회 (NODE11042732, IF: 0.31)"
725,2022,기계공학,855102758,김정수,3,0.0,0.0,"한국추진공학회 (NODE11195016, IF: 0.31)
한국추진공학회 (NODE11195024, IF: 0.31)
한국추진공학회 (NODE11042732, IF: 0.31)"
726,2022,기계공학,883764743,이기만,3,0.0,0.0,"한국추진공학회 (NODE11195021, IF: 0.31)
대한기계학회 (NODE11038484, IF: 0.55)
한국연소학회 (NODE11212986, IF: 0.45)"
727,2022,기계공학,800693201,김태주,3,0.0,0.0,"한국항공우주연구원 (NODE11195136, IF: 0.0)
한국소음진동공학회 (NODE11056752, IF: 0.41)
한국항공우주학회 (NODE11057573, IF: 0.32)"
728,2022,기계공학,309917850,송용우,3,0.0,0.0,"대한설비공학회 (NODE11040100, IF: 0.42)
대한설비공학회 (NODE11144326, IF: 0.42)
대한설비공학회 (NODE11108601, IF: 0.42)"
729,2022,기계공학,377360795,어준우,3,0.0,0.0,"한국수소및신에너지학회 (NODE11149760, IF: 0.65)
한국수소및신에너지학회 (NODE11080282, IF: 0.65)
한국수소및신에너지학회 (NODE11058668, IF: 0.65)"
730,2022,기계공학,589567785,서영진,3,0.0,0.0,"한국수소및신에너지학회 (NODE11149760, IF: 0.65)
한국수소및신에너지학회 (NODE11080282, IF: 0.65)
한국수소및신에너지학회 (NODE11058668, IF: 0.65)"
731,2022,기계공학,802410077,황철민,3,0.0,0.0,"한국수소및신에너지학회 (NODE11149760, IF: 0.65)
한국수소및신에너지학회 (NODE11080282, IF: 0.65)
한국수소및신에너지학회 (NODE11058668, IF: 0.65)"
732,2022,기계공학,169942750,황준현,3,0.0,0.0,"한국수소및신에너지학회 (NODE11149761, IF: 0.65)
한국수소및신에너지학회 (NODE11058664, IF: 0.65)
한국수소및신에너지학회 (NODE11038583, IF: 0.65)"
733,2022,기계공학,483098116,홍태환,3,0.0,0.0,"한국수소및신에너지학회 (NODE11149761, IF: 0.65)
한국수소및신에너지학회 (NODE11058664, IF: 0.65)
한국수소및신에너지학회 (NODE11038583, IF: 0.65)"
734,2022,기계공학,146876807,백재민,3,0.0,0.0,"한국연소학회 (NODE11149970, IF: 0.45)
대한기계학회 (NODE11152509, IF: 0.55)
대한기계학회 (NODE11152517, IF: 0.55)"
735,2022,기계공학,368545446,김대식,3,0.0,0.0,"한국연소학회 (NODE11149970, IF: 0.45)
한국추진공학회 (NODE11123984, IF: 0.31)
대한기계학회 (NODE11056411, IF: 0.55)"
736,2022,기계공학,379912203,박정수,3,0.0,0.0,"한국연소학회 (NODE11149973, IF: 0.45)
한국자동차공학회 (NODE11120299, IF: 0.5)
한국자동차공학회 (NODE11120305, IF: 0.5)"
737,2022,기계공학,883951819,임재성,3,0.0,0.0,"한국항공우주학회 (NODE11120483, IF: 0.32)
한국항공우주학회 (NODE11164831, IF: 0.32)
한국항공우주학회 (NODE11157949, IF: 0.32)"
738,2022,기계공학,173452777,황면중,3,0.0,0.0,"대한용접·접합학회 (NODE11039706, IF: 0.65)
대한기계학회 (NODE11135369, IF: 0.55)
Korean Society for Precision Engineering (NODE11081398, IF: 0.0)"
739,2022,기계공학,166742799,김한솔,3,0.0,0.0,"Korean Society for Precision Engineering (NODE11039955, IF: 0.0)
한국기계가공학회 (NODE11036613, IF: 0.35)
한국기계가공학회 (NODE11201732, IF: 0.35)"
740,2022,기계공학,880278187,이치범,3,0.0,0.0,"Korean Society for Precision Engineering (NODE11039957, IF: 0.0)
한국자동차공학회 (NODE11168007, IF: 0.5)
Korean Society for Precision Engineering (NODE11059690, IF: 0.0)"
741,2022,기계공학,869790764,박누가,3,0.0,0.0,"대한기계학회 (NODE11153360, IF: 0.55)
대한기계학회 (NODE11049471, IF: 0.55)
대한기계학회 (NODE11038502, IF: 0.55)"
742,2022,기계공학,639179239,하정호,3,0.0,0.0,"대한기계학회 (NODE11139494, IF: 0.55)
한국기계가공학회 (NODE11036610, IF: 0.35)
한국기계가공학회 (NODE11083751, IF: 0.35)"
743,2022,기계공학,226992919,이공훈,3,0.0,0.0,"대한기계학회 (NODE11139500, IF: 0.55)
대한설비공학회 (NODE11167307, IF: 0.42)
대한설비공학회 (NODE11108603, IF: 0.42)"
744,2022,기계공학,4616583,김동호,3,0.0,0.0,"대한기계학회 (NODE11139500, IF: 0.55)
대한설비공학회 (NODE11167307, IF: 0.42)
대한설비공학회 (NODE11108603, IF: 0.42)"
745,2022,기계공학,552664449,안창선,3,0.0,0.0,"한국자동차공학회 (NODE11120297, IF: 0.5)
한국자동차공학회 (NODE11058516, IF: 0.5)
한국자동차공학회 (NODE10819067, IF: 0.5)"
746,2022,기계공학,167590583,김만회,3,0.0,0.0,"한국수소및신에너지학회 (NODE11120322, IF: 0.65)
한국수소및신에너지학회 (NODE11120324, IF: 0.65)
한국수소및신에너지학회 (NODE11120325, IF: 0.65)"
747,2022,기계공학,4635942,신현철,3,0.0,0.0,"한국항공우주학회 (NODE11164822, IF: 0.32)
항공우주시스템공학회 (NODE11193385, IF: 0.26)
한국항공우주학회 (NODE11065395, IF: 0.32)"
748,2022,기계공학,410360746,오종석,3,0.0,0.0,"한국소음진동공학회 (NODE11164844, IF: 0.41)
한국소음진동공학회 (NODE11056750, IF: 0.41)
한국소음진동공학회 (NODE11114142, IF: 0.41)"
749,2022,기계공학,729857500,오승훈,3,0.0,0.0,"한국기계연구원 (NODE11483533, IF: 0.0)
한국기계연구원 (NODE11492708, IF: 0.0)
한국기계연구원 (NODE11492802, IF: 0.0)"
750,2022,기계공학,544738657,김철후,3,0.0,0.0,"한국기계연구원 (NODE11483534, IF: 0.0)
한국기계연구원 (NODE11483535, IF: 0.0)
한국기계연구원 (NODE11492802, IF: 0.0)"
751,2022,기계공학,257560003,Hyeon Min Jeon,3,0.0,0.0,"한국마린엔지니어링학회 (NODE11187082, IF: 0.08)
한국마린엔지니어링학회 (NODE11187090, IF: 0.08)
한국마린엔지니어링학회 (NODE11058652, IF: 0.08)"
752,2022,기계공학,460663525,서지완,3,0.0,0.0,"한국전산유체공학회 (NODE11080089, IF: 0.26)
한국추진공학회 (NODE11150345, IF: 0.31)
한국전산유체공학회 (NODE11139419, IF: 0.26)"
753,2022,기계공학,571066588,강민제,3,0.0,0.0,"한국전산유체공학회 (NODE11080096, IF: 0.26)
한국항공우주학회 (NODE11076418, IF: 0.32)
한국전산유체공학회 (NODE11139427, IF: 0.26)"
754,2022,기계공학,433434926,고성호,3,0.0,0.0,"대한기계학회 (NODE11080367, IF: 0.55)
한국유체기계학회 (NODE11056897, IF: 0.38)
대한기계학회 (NODE11169351, IF: 0.55)"
755,2022,기계공학,625935,김정훈,3,0.0,0.0,"한국항공우주연구원 (NODE11100475, IF: 0.0)
한국전산유체공학회 (NODE11049537, IF: 0.26)
한국항공우주학회 (NODE11110008, IF: 0.32)"
756,2022,기계공학,784439145,장원석,3,0.0,0.0,"대한기계학회 (NODE11100699, IF: 0.55)
대한기계학회 (NODE11123774, IF: 0.55)
Korean Society for Precision Engineering (NODE11150852, IF: 0.0)"
757,2022,기계공학,821139097,원영수,3,0.0,0.0,"대한기계학회 (NODE11100701, IF: 0.55)
대한기계학회 (NODE11153354, IF: 0.55)
대한기계학회 (NODE11073824, IF: 0.55)"
758,2022,기계공학,4220832,이치승,3,0.0,0.0,"대한기계학회 (NODE10893829, IF: 0.55)
대한기계학회 (NODE11049459, IF: 0.55)
대한기계학회 (NODE11110652, IF: 0.55)"
759,2022,기계공학,628963350,유동만,3,0.0,0.0,"대한기계학회 (NODE10893834, IF: 0.55)
대한기계학회 (NODE11049459, IF: 0.55)
대한기계학회 (NODE11110652, IF: 0.55)"
760,2022,기계공학,646291892,신광복,3,0.0,0.0,"대한기계학회 (NODE10893848, IF: 0.55)
대한기계학회 (NODE10893851, IF: 0.55)
대한기계학회 (NODE11029014, IF: 0.55)"
761,2022,기계공학,197380669,안규복,3,0.0,0.0,"한국추진공학회 (NODE11042725, IF: 0.31)
한국추진공학회 (NODE11042730, IF: 0.31)
한국추진공학회 (NODE11058068, IF: 0.31)"
762,2022,기계공학,465888491,길태옥,3,0.0,0.0,"한국추진공학회 (NODE11042726, IF: 0.31)
한국추진공학회 (NODE11123986, IF: 0.31)
한국추진공학회 (NODE11058060, IF: 0.31)"
763,2022,기계공학,445015298,홍성호,3,0.0,0.0,"한국트라이볼로지학회 (NODE11135857, IF: 0.35)
한국트라이볼로지학회 (NODE11135860, IF: 0.35)
한국트라이볼로지학회 (NODE11100465, IF: 0.35)"
764,2022,기계공학,760974132,천민우,3,0.0,0.0,"한국트라이볼로지학회 (NODE11135858, IF: 0.35)
한국기계가공학회 (NODE11036620, IF: 0.35)
한국연소학회 (NODE11118432, IF: 0.45)"
765,2022,기계공학,684213863,이현섭,3,0.0,0.0,"한국트라이볼로지학회 (NODE11135861, IF: 0.35)
한국트라이볼로지학회 (NODE11044800, IF: 0.35)
한국트라이볼로지학회 (NODE11196776, IF: 0.35)"
766,2022,기계공학,425405221,정구현,3,0.0,0.0,"한국트라이볼로지학회 (NODE11135862, IF: 0.35)
한국트라이볼로지학회 (NODE11044802, IF: 0.35)
한국트라이볼로지학회 (NODE11196773, IF: 0.35)"
767,2022,기계공학,606590847,정황훈,3,0.0,0.0,"유공압건설기계학회 (NODE11123699, IF: 1.02)
유공압건설기계학회 (NODE11123704, IF: 1.02)
유공압건설기계학회 (NODE11068999, IF: 1.02)"
768,2022,기계공학,492103439,윤덕규,3,0.0,0.0,"한국에너지기후변화학회 (NODE11184007, IF: 0.69)
한국에너지기후변화학회 (NODE11184009, IF: 0.69)
한국에너지기후변화학회 (NODE11079969, IF: 0.69)"
769,2022,기계공학,961407278,부진호,3,0.0,0.0,"한국에너지기후변화학회 (NODE11184008, IF: 0.69)
한국에너지기후변화학회 (NODE11184012, IF: 0.69)
한국에너지기후변화학회 (NODE11079968, IF: 0.69)"
770,2022,기계공학,190476968,전동혁,3,0.0,0.0,"한국에너지기후변화학회 (NODE11184010, IF: 0.69)
한국에너지기후변화학회 (NODE11079967, IF: 0.69)
한국에너지기후변화학회 (NODE11079972, IF: 0.69)"
771,2022,기계공학,352794642,김수현,3,0.0,0.0,"한국에너지기후변화학회 (NODE11184010, IF: 0.69)
한국에너지기후변화학회 (NODE11079967, IF: 0.69)
한국에너지기후변화학회 (NODE11079972, IF: 0.69)"
772,2022,기계공학,489267389,임혁,3,0.0,0.0,"한국에너지기후변화학회 (NODE11184010, IF: 0.69)
한국에너지기후변화학회 (NODE11079967, IF: 0.69)
한국에너지기후변화학회 (NODE11079972, IF: 0.69)"
773,2022,기계공학,194035654,유지호,3,0.0,0.0,"한국에너지기후변화학회 (NODE11184010, IF: 0.69)
한국에너지기후변화학회 (NODE11079967, IF: 0.69)
한국에너지기후변화학회 (NODE11079972, IF: 0.69)"
774,2022,기계공학,243623992,김상도,3,0.0,0.0,"한국에너지기후변화학회 (NODE11184010, IF: 0.69)
한국에너지기후변화학회 (NODE11079967, IF: 0.69)
한국에너지기후변화학회 (NODE11079972, IF: 0.69)"
775,2022,기계공학,965516035,최호경,3,0.0,0.0,"한국에너지기후변화학회 (NODE11184010, IF: 0.69)
한국에너지기후변화학회 (NODE11079967, IF: 0.69)
한국에너지기후변화학회 (NODE11079972, IF: 0.69)"
776,2022,기계공학,744658542,이시훈,3,0.0,0.0,"한국에너지기후변화학회 (NODE11184010, IF: 0.69)
한국에너지기후변화학회 (NODE11079967, IF: 0.69)
한국에너지기후변화학회 (NODE11079972, IF: 0.69)"
777,2022,기계공학,127251917,허윤정,3,0.0,0.0,"대한기계학회 (NODE11153350, IF: 0.55)
대한기계학회 (NODE11153351, IF: 0.55)
대한기계학회 (NODE11171239, IF: 0.55)"
778,2022,기계공학,550693491,천강민,3,0.0,0.0,"한국기계가공학회 (NODE10959127, IF: 0.35)
한국기계가공학회 (NODE11083756, IF: 0.35)
한국기계가공학회 (NODE11062031, IF: 0.35)"
779,2022,기계공학,964493677,김기승,3,0.0,0.0,"한국기계가공학회 (NODE10959128, IF: 0.35)
한국기계가공학회 (NODE11036621, IF: 0.35)
한국항공우주학회 (NODE11144687, IF: 0.32)"
780,2022,기계공학,540255052,김효태,3,0.0,0.0,"한국기계가공학회 (NODE10959128, IF: 0.35)
한국기계가공학회 (NODE11036621, IF: 0.35)
항공우주시스템공학회 (NODE11193441, IF: 0.26)"
781,2022,기계공학,857494723,최혜윤,3,0.0,0.0,"한국기계가공학회 (NODE10959128, IF: 0.35)
한국기계가공학회 (NODE11036621, IF: 0.35)
항공우주시스템공학회 (NODE11193441, IF: 0.26)"
782,2022,기계공학,103452851,최성대,3,0.0,0.0,"한국기계가공학회 (NODE10959129, IF: 0.35)
한국기계가공학회 (NODE11173072, IF: 0.35)
한국기계가공학회 (NODE11201730, IF: 0.35)"
783,2022,기계공학,651314786,김창주,3,0.0,0.0,"Korean Society for Precision Engineering (NODE11150842, IF: 0.0)
Korean Society for Precision Engineering (NODE11166106, IF: 0.0)
Korean Society for Precision Engineering (NODE11166107, IF: 0.0)"
784,2022,기계공학,914124965,이상민,3,0.0,0.0,"Korean Society for Precision Engineering (NODE11150851, IF: 0.0)
대한기계학회 (NODE11034336, IF: 0.55)
한국기계가공학회 (NODE11062026, IF: 0.35)"
785,2022,기계공학,936536469,노정훈,3,0.0,0.0,"한국전산유체공학회 (NODE11184342, IF: 0.26)
한국전산유체공학회 (NODE11184342, IF: 0.26)
한국기계가공학회 (NODE11154542, IF: 0.35)"
786,2022,기계공학,994755719,유승한,3,0.0,0.0,"한국자동차공학회 (NODE11124813, IF: 0.5)
한국자동차공학회 (NODE11026943, IF: 0.5)
대한기계학회 (NODE11152520, IF: 0.55)"
787,2022,기계공학,296657705,김시헌,3,0.0,0.0,"대한설비공학회 (NODE11157522, IF: 0.42)
대한설비공학회 (NODE11056003, IF: 0.42)
대한설비공학회 (NODE11056008, IF: 0.42)"
788,2022,기계공학,807789750,이창진,3,0.0,0.0,"한국항공우주학회 (NODE11157945, IF: 0.32)
한국항공우주학회 (NODE11057574, IF: 0.32)
한국항공우주학회 (NODE11057576, IF: 0.32)"
789,2022,기계공학,899429971,김종훈,3,0.0,0.0,"한국자동차공학회 (NODE11037454, IF: 0.5)
한국자동차공학회 (NODE11026941, IF: 0.5)
한국자동차공학회 (NODE11048755, IF: 0.5)"
790,2022,기계공학,782235687,선영택,3,0.0,0.0,"한국자동차공학회 (NODE11037455, IF: 0.5)
한국자동차공학회 (NODE11026939, IF: 0.5)
한국자동차공학회 (NODE11048760, IF: 0.5)"
791,2022,기계공학,621960519,김종혁,3,0.0,0.0,"한국자동차공학회 (NODE11037461, IF: 0.5)
한국자동차안전학회 (NODE11288038, IF: 0.41)
한국자동차공학회 (NODE11103831, IF: 0.5)"
792,2022,기계공학,585595819,최지훈,3,0.0,0.0,"한국자동차공학회 (NODE11037461, IF: 0.5)
한국자동차안전학회 (NODE11288038, IF: 0.41)
한국자동차공학회 (NODE11103831, IF: 0.5)"
793,2022,기계공학,461634261,허재혁,3,0.0,0.0,"대한설비공학회 (NODE11125592, IF: 0.42)
대한설비공학회 (NODE11138402, IF: 0.42)
대한설비공학회 (NODE11138404, IF: 0.42)"
794,2022,기계공학,522296480,박동삼,3,0.0,0.0,"대한기계학회 (NODE11123804, IF: 0.55)
한국기계가공학회 (NODE11072794, IF: 0.35)
Korean Society for Precision Engineering (NODE11166118, IF: 0.0)"
795,2022,기계공학,564764805,김송길,3,0.0,0.0,"대한기계학회 (NODE11123808, IF: 0.55)
대한기계학회 (NODE11123811, IF: 0.55)
한국트라이볼로지학회 (NODE11196774, IF: 0.35)"
796,2022,기계공학,376408599,김영일,3,0.0,0.0,"대한설비공학회 (NODE11123980, IF: 0.42)
대한설비공학회 (NODE11068927, IF: 0.42)
대한설비공학회 (NODE10894159, IF: 0.42)"
797,2022,기계공학,736178762,이현섭,3,0.0,0.0,"한국추진공학회 (NODE11123986, IF: 0.31)
한국추진공학회 (NODE11058059, IF: 0.31)
한국추진공학회 (NODE11058060, IF: 0.31)"
798,2022,기계공학,602604546,김정민,3,0.0,0.0,"한국기계가공학회 (NODE11130228, IF: 0.35)
한국기계가공학회 (NODE11201739, IF: 0.35)
한국자동차공학회 (NODE11057609, IF: 0.5)"
799,2022,기계공학,968909335,오장석,3,0.0,0.0,"한국기계가공학회 (NODE11130234, IF: 0.35)
한국기계가공학회 (NODE11130235, IF: 0.35)
한국기계가공학회 (NODE11112941, IF: 0.35)"
800,2022,기계공학,5082975,장선호,3,0.0,0.0,"한국기계가공학회 (NODE11130234, IF: 0.35)
한국기계가공학회 (NODE11173080, IF: 0.35)
한국기계가공학회 (NODE11173088, IF: 0.35)"
801,2022,기계공학,1380270,서갑호,3,0.0,0.0,"한국기계가공학회 (NODE11130234, IF: 0.35)
Korean Society for Precision Engineering (NODE11059688, IF: 0.0)
Korean Society for Precision Engineering (NODE11104880, IF: 0.0)"
802,2022,기계공학,360897341,박희창,3,0.0,0.0,"한국기계가공학회 (NODE11130235, IF: 0.35)
한국기계가공학회 (NODE11173088, IF: 0.35)
한국기계가공학회 (NODE11112941, IF: 0.35)"
803,2022,기계공학,662538615,송재복,3,0.0,0.0,"한국기계가공학회 (NODE11130235, IF: 0.35)
대한기계학회 (NODE11110659, IF: 0.55)
한국기계가공학회 (NODE11112941, IF: 0.35)"
804,2022,기계공학,908071670,김병수,3,0.0,0.0,"항공우주시스템공학회 (NODE11052288, IF: 0.26)
항공우주시스템공학회 (NODE11193438, IF: 0.26)
항공우주시스템공학회 (NODE11193444, IF: 0.26)"
805,2022,기계공학,495513899,김정,3,0.0,0.0,"항공우주시스템공학회 (NODE11052289, IF: 0.26)
대한기계학회 (NODE11029005, IF: 0.55)
한국자동차공학회 (NODE11103827, IF: 0.5)"
806,2022,기계공학,364441725,최현경,3,0.0,0.0,"항공우주시스템공학회 (NODE11052298, IF: 0.26)
항공우주시스템공학회 (NODE11052299, IF: 0.26)
항공우주시스템공학회 (NODE11193443, IF: 0.26)"
807,2022,기계공학,102405471,홍승호,3,0.0,0.0,"항공우주시스템공학회 (NODE11052298, IF: 0.26)
항공우주시스템공학회 (NODE11052299, IF: 0.26)
항공우주시스템공학회 (NODE11193462, IF: 0.26)"
808,2022,기계공학,388164855,정원지,3,0.0,0.0,"한국기계가공학회 (NODE11036611, IF: 0.35)
한국기계가공학회 (NODE11036623, IF: 0.35)
한국기계가공학회 (NODE11044650, IF: 0.35)"
809,2022,기계공학,935602245,설상석,3,0.0,0.0,"한국기계가공학회 (NODE11036614, IF: 0.35)
한국기계가공학회 (NODE11044650, IF: 0.35)
한국기계가공학회 (NODE11143077, IF: 0.35)"
810,2022,기계공학,164768902,홍대선,3,0.0,0.0,"한국기계가공학회 (NODE11036614, IF: 0.35)
한국기계가공학회 (NODE11044650, IF: 0.35)
한국기계가공학회 (NODE11143077, IF: 0.35)"
811,2022,기계공학,534862015,박석희,3,0.0,0.0,"한국기계가공학회 (NODE11036617, IF: 0.35)
한국기계가공학회 (NODE11036618, IF: 0.35)
한국기계가공학회 (NODE11143084, IF: 0.35)"
812,2022,기계공학,770929223,오진환,3,0.0,0.0,"대한설비공학회 (NODE11050732, IF: 0.42)
대한설비공학회 (NODE11057820, IF: 0.42)
대한설비공학회 (NODE11108605, IF: 0.42)"
813,2022,기계공학,758040256,김동선,3,0.0,0.0,"대한설비공학회 (NODE11050734, IF: 0.42)
대한설비공학회 (NODE11167306, IF: 0.42)
대한설비공학회 (NODE11068931, IF: 0.42)"
814,2022,기계공학,989144437,권상순,3,0.0,0.0,"한국자동차공학회 (NODE11174778, IF: 0.5)
한국자동차공학회 (NODE10895666, IF: 0.5)
한국자동차공학회 (NODE10895667, IF: 0.5)"
815,2022,기계공학,912639914,김석민,3,0.0,0.0,"한국유체기계학회 (NODE11146308, IF: 0.38)
한국유체기계학회 (NODE11171154, IF: 0.38)
한국유체기계학회 (NODE11031027, IF: 0.38)"
816,2022,기계공학,5487153,정희윤,3,0.0,0.0,"한국유체기계학회 (NODE11146308, IF: 0.38)
한국유체기계학회 (NODE11056898, IF: 0.38)
한국유체기계학회 (NODE11171154, IF: 0.38)"
817,2022,기계공학,293349950,이동호,3,0.0,0.0,"한국유체기계학회 (NODE11146308, IF: 0.38)
한국유체기계학회 (NODE11171154, IF: 0.38)
한국유체기계학회 (NODE11031027, IF: 0.38)"
818,2022,기계공학,144252773,박상영,3,0.0,0.0,"한국항공우주학회 (NODE11065390, IF: 0.32)
항공우주시스템공학회 (NODE11193412, IF: 0.26)
항공우주시스템공학회 (NODE11193463, IF: 0.26)"
819,2022,기계공학,614873,김해동,3,0.0,0.0,"한국항공우주학회 (NODE11065394, IF: 0.32)
한국항공우주학회 (NODE11029589, IF: 0.32)
한국항공우주학회 (NODE11110012, IF: 0.32)"
820,2022,기계공학,525450078,최해운,3,0.0,0.0,"한국자동차공학회 (NODE11029567, IF: 0.5)
한국기계가공학회 (NODE11072783, IF: 0.35)
한국기계가공학회 (NODE10959119, IF: 0.35)"
821,2022,기계공학,769244074,김현수,3,0.0,0.0,"대한기계학회 (NODE11071012, IF: 0.55)
대한기계학회 (NODE11049469, IF: 0.55)
한국기계가공학회 (NODE11173085, IF: 0.35)"
822,2022,기계공학,108761641,이형연,3,0.0,0.0,"대한기계학회 (NODE11071014, IF: 0.55)
대한기계학회 (NODE11080391, IF: 0.55)
대한기계학회 (NODE11169427, IF: 0.55)"
823,2022,기계공학,876795148,김선진,3,0.0,0.0,"대한기계학회 (NODE11071016, IF: 0.55)
대한기계학회 (NODE11080391, IF: 0.55)
대한기계학회 (NODE11169427, IF: 0.55)"
824,2022,기계공학,909726418,김상유,3,0.0,0.0,"한국기계가공학회 (NODE11072782, IF: 0.35)
한국기계가공학회 (NODE11044655, IF: 0.35)
한국기계가공학회 (NODE11201734, IF: 0.35)"
825,2022,기계공학,631088527,김재열,3,0.0,0.0,"한국기계가공학회 (NODE11072782, IF: 0.35)
한국기계가공학회 (NODE11044655, IF: 0.35)
한국기계가공학회 (NODE11201734, IF: 0.35)"
826,2022,기계공학,324615544,김남용,3,0.0,0.0,"한국기계가공학회 (NODE11072784, IF: 0.35)
한국기계가공학회 (NODE11173091, IF: 0.35)
한국기계가공학회 (NODE11062036, IF: 0.35)"
827,2022,기계공학,596843463,조용민,3,0.0,0.0,"한국기계가공학회 (NODE11072784, IF: 0.35)
한국기계가공학회 (NODE11083748, IF: 0.35)
한국기계가공학회 (NODE11062036, IF: 0.35)"
828,2022,기계공학,351382551,박수현,3,0.0,0.0,"한국기계가공학회 (NODE11072790, IF: 0.35)
한국기계가공학회 (NODE11143078, IF: 0.35)
한국기계가공학회 (NODE11201740, IF: 0.35)"
829,2022,기계공학,73699,이정희,3,0.0,0.0,"한국기계가공학회 (NODE11072792, IF: 0.35)
대한기계학회 (NODE11120912, IF: 0.55)
대한기계학회 (NODE11120917, IF: 0.55)"
830,2022,기계공학,5161136,황은수,3,0.0,0.0,"한국소음진동공학회 (NODE11034351, IF: 0.41)
한국소음진동공학회 (NODE11076409, IF: 0.41)
한국소음진동공학회 (NODE11114150, IF: 0.41)"
831,2022,기계공학,627658090,정홍석,3,0.0,0.0,"한국소음진동공학회 (NODE11034351, IF: 0.41)
한국소음진동공학회 (NODE11076409, IF: 0.41)
한국소음진동공학회 (NODE11114150, IF: 0.41)"
832,2022,기계공학,1667525,나선익,3,0.0,0.0,"대한설비공학회 (NODE11170675, IF: 0.42)
대한설비공학회 (NODE11170678, IF: 0.42)
대한기계학회 (NODE11152504, IF: 0.55)"
833,2022,기계공학,135673458,박윤철,3,0.0,0.0,"대한설비공학회 (NODE11170675, IF: 0.42)
대한설비공학회 (NODE11170681, IF: 0.42)
대한설비공학회 (NODE11068931, IF: 0.42)"
834,2022,기계공학,329106965,고한별,3,0.0,0.0,"대한기계학회 (NODE11049461, IF: 0.55)
대한기계학회 (NODE11057729, IF: 0.55)
대한기계학회 (NODE11057738, IF: 0.55)"
835,2022,기계공학,141870403,이경창,3,0.0,0.0,"한국기계가공학회 (NODE11044652, IF: 0.35)
한국기계가공학회 (NODE11143087, IF: 0.35)
한국기계가공학회 (NODE11143087, IF: 0.35)"
836,2022,기계공학,4584117,윤재현,3,0.0,0.0,"한국기계가공학회 (NODE11154538, IF: 0.35)
한국기계가공학회 (NODE11062032, IF: 0.35)
대한기계학회 (NODE11120916, IF: 0.55)"
837,2022,기계공학,411820556,신건호,3,0.0,0.0,"한국기계가공학회 (NODE11154547, IF: 0.35)
한국기계가공학회 (NODE11083756, IF: 0.35)
한국기계가공학회 (NODE11062031, IF: 0.35)"
838,2022,기계공학,474270539,배강열,3,0.0,0.0,"한국기계가공학회 (NODE11154548, IF: 0.35)
한국기계가공학회 (NODE11143079, IF: 0.35)
Korean Society for Precision Engineering (NODE11166116, IF: 0.0)"
839,2022,기계공학,490410518,홍성욱,3,0.0,0.0,"Korean Society for Precision Engineering (NODE11051299, IF: 0.0)
한국생산제조학회 (NODE11147166, IF: 0.37)
Korean Society for Precision Engineering (NODE11139188, IF: 0.0)"
840,2022,기계공학,414461837,이호성,3,0.0,0.0,"한국기계가공학회 (NODE10959123, IF: 0.35)
한국기계가공학회 (NODE11062034, IF: 0.35)
한국기계가공학회 (NODE11201736, IF: 0.35)"
841,2022,기계공학,633420078,김진오,3,0.0,0.0,"한국소음진동공학회 (NODE11056749, IF: 0.41)
한국소음진동공학회 (NODE11056751, IF: 0.41)
한국소음진동공학회 (NODE11076398, IF: 0.41)"
842,2022,기계공학,5186701,이정준,3,0.0,0.0,"한국소음진동공학회 (NODE11056759, IF: 0.41)
한국소음진동공학회 (NODE11114145, IF: 0.41)
한국소음진동공학회 (NODE11175815, IF: 0.41)"
843,2022,기계공학,148632938,조용,3,0.0,0.0,"한국유체기계학회 (NODE11056897, IF: 0.38)
한국유체기계학회 (NODE11073578, IF: 0.38)
한국유체기계학회 (NODE11073581, IF: 0.38)"
844,2022,기계공학,515741760,이경용,3,0.0,0.0,"한국유체기계학회 (NODE11056901, IF: 0.38)
한국유체기계학회 (NODE11171151, IF: 0.38)
한국유체기계학회 (NODE11073579, IF: 0.38)"
845,2022,기계공학,492922501,장승민,3,0.0,0.0,"대한설비공학회 (NODE11151054, IF: 0.42)
대한설비공학회 (NODE11167305, IF: 0.42)
대한설비공학회 (NODE11068928, IF: 0.42)"
846,2022,기계공학,504158627,황지홍,3,0.0,0.0,"Korean Society for Precision Engineering (NODE11059697, IF: 0.0)
한국생산제조학회 (NODE11076361, IF: 0.37)
Korean Society for Precision Engineering (NODE11139177, IF: 0.0)"
847,2022,기계공학,909688336,허세곤,3,0.0,0.0,"한국트라이볼로지학회 (NODE11158510, IF: 0.35)
Korean Society for Precision Engineering (NODE11166106, IF: 0.0)
Korean Society for Precision Engineering (NODE11166107, IF: 0.0)"
848,2022,기계공학,5131356,황성호,3,0.0,0.0,"한국트라이볼로지학회 (NODE11158511, IF: 0.35)
한국트라이볼로지학회 (NODE11158512, IF: 0.35)
한국트라이볼로지학회 (NODE11063101, IF: 0.35)"
849,2022,기계공학,276203291,김태호,3,0.0,0.0,"한국트라이볼로지학회 (NODE11158511, IF: 0.35)
한국트라이볼로지학회 (NODE11158512, IF: 0.35)
한국트라이볼로지학회 (NODE11063101, IF: 0.35)"
850,2022,기계공학,407264890,장영준,3,0.0,0.0,"한국트라이볼로지학회 (NODE11100464, IF: 0.35)
한국트라이볼로지학회 (NODE11196777, IF: 0.35)
한국트라이볼로지학회 (NODE11196781, IF: 0.35)"
851,2022,기계공학,370495865,김종국,3,0.0,0.0,"한국트라이볼로지학회 (NODE11100464, IF: 0.35)
한국트라이볼로지학회 (NODE11196777, IF: 0.35)
한국트라이볼로지학회 (NODE11196781, IF: 0.35)"
852,2022,기계공학,586745586,김남용,3,0.0,0.0,"한국기계가공학회 (NODE11143088, IF: 0.35)
한국기계가공학회 (NODE11083748, IF: 0.35)
한국기계가공학회 (NODE11112949, IF: 0.35)"
853,2022,기계공학,814390032,이종수,3,0.0,0.0,"대한기계학회 (NODE11110660, IF: 0.55)
대한기계학회 (NODE11152513, IF: 0.55)
대한기계학회 (NODE11057734, IF: 0.55)"
854,2022,기계공학,426305699,조영태,3,0.0,0.0,"한국생산제조학회 (NODE11076351, IF: 0.37)
한국생산제조학회 (NODE11076352, IF: 0.37)
Korean Society for Precision Engineering (NODE11081391, IF: 0.0)"
855,2022,기계공학,1208762,배병성,3,0.0,0.0,"한국생산제조학회 (NODE11076362, IF: 0.37)
한국생산제조학회 (NODE11076363, IF: 0.37)
한국생산제조학회 (NODE11116845, IF: 0.37)"
856,2022,기계공학,538516827,조종래,3,0.0,0.0,"한국소음진동공학회 (NODE11076400, IF: 0.41)
한국소음진동공학회 (NODE11147955, IF: 0.41)
한국기계가공학회 (NODE11201729, IF: 0.35)"
857,2022,기계공학,570307990,정재백,3,0.0,0.0,"한국항공우주학회 (NODE11076421, IF: 0.32)
한국항공우주학회 (NODE11076422, IF: 0.32)
한국항공우주학회 (NODE11076423, IF: 0.32)"
858,2022,기계공학,1080925,김도영,3,0.0,0.0,"한국항공우주학회 (NODE11076421, IF: 0.32)
한국항공우주학회 (NODE11076422, IF: 0.32)
한국항공우주학회 (NODE11076423, IF: 0.32)"
859,2022,기계공학,137159138,김태림,3,0.0,0.0,"한국항공우주학회 (NODE11076421, IF: 0.32)
한국항공우주학회 (NODE11076422, IF: 0.32)
한국항공우주학회 (NODE11076423, IF: 0.32)"
860,2022,기계공학,360409491,문석민,3,0.0,0.0,"한국항공우주학회 (NODE11076421, IF: 0.32)
한국항공우주학회 (NODE11076422, IF: 0.32)
한국항공우주학회 (NODE11076423, IF: 0.32)"
861,2022,기계공학,599113,배재성,3,0.0,0.0,"한국항공우주학회 (NODE11076421, IF: 0.32)
한국항공우주학회 (NODE11076422, IF: 0.32)
한국항공우주학회 (NODE11076423, IF: 0.32)"
862,2022,기계공학,625143,박상혁,3,0.0,0.0,"한국항공우주학회 (NODE11076421, IF: 0.32)
한국항공우주학회 (NODE11076422, IF: 0.32)
한국항공우주학회 (NODE11076423, IF: 0.32)"
863,2022,기계공학,495413106,이찬영,3,0.0,0.0,"Korean Society for Precision Engineering (NODE11166106, IF: 0.0)
Korean Society for Precision Engineering (NODE11166109, IF: 0.0)
Korean Society for Precision Engineering (NODE11081400, IF: 0.0)"
864,2022,기계공학,489656847,오정석,3,0.0,0.0,"Korean Society for Precision Engineering (NODE11166106, IF: 0.0)
Korean Society for Precision Engineering (NODE11166107, IF: 0.0)
Korean Society for Precision Engineering (NODE11081400, IF: 0.0)"
865,2022,기계공학,196712595,장계은,3,0.0,0.0,"Korean Society for Precision Engineering (NODE11166117, IF: 0.0)
Korean Society for Precision Engineering (NODE11028912, IF: 0.0)
Korean Society for Precision Engineering (NODE11067908, IF: 0.0)"
866,2022,기계공학,692164316,이영조,3,0.0,0.0,"Korean Society for Precision Engineering (NODE11166117, IF: 0.0)
Korean Society for Precision Engineering (NODE11028912, IF: 0.0)
Korean Society for Precision Engineering (NODE11067908, IF: 0.0)"
867,2022,기계공학,295388829,김미송,3,0.0,0.0,"대한용접·접합학회 (NODE11078270, IF: 0.65)
대한용접·접합학회 (NODE11078281, IF: 0.65)
대한용접·접합학회 (NODE11057054, IF: 0.65)"
868,2022,기계공학,373773024,김명인,3,0.0,0.0,"대한용접·접합학회 (NODE11078270, IF: 0.65)
대한용접·접합학회 (NODE11078281, IF: 0.65)
대한용접·접합학회 (NODE11057054, IF: 0.65)"
869,2022,기계공학,622770411,김무림,3,0.0,0.0,"유공압건설기계학회 (NODE11069001, IF: 1.02)
Korean Society for Precision Engineering (NODE11081397, IF: 0.0)
Korean Society for Precision Engineering (NODE11081398, IF: 0.0)"
870,2022,기계공학,112320,이동훈,3,0.0,0.0,"Korean Society for Precision Engineering (NODE11028921, IF: 0.0)
대한기계학회 (NODE11029008, IF: 0.55)
한국자동차안전학회 (NODE11266603, IF: 0.41)"
871,2022,기계공학,414385729,허환일,3,0.0,0.0,"한국추진공학회 (NODE11150344, IF: 0.31)
한국추진공학회 (NODE11058070, IF: 0.31)
대한기계학회 (NODE11120873, IF: 0.55)"
872,2022,기계공학,912388668,이진우,3,0.0,0.0,"한국소음진동공학회 (NODE11023621, IF: 0.41)
대한기계학회 (NODE11169433, IF: 0.55)
대한기계학회 (NODE11169435, IF: 0.55)"
873,2022,기계공학,422482616,Nam Guk Kim,3,0.0,0.0,"한국기계가공학회 (NODE11083750, IF: 0.35)
한국기계가공학회 (NODE11112944, IF: 0.35)
한국기계가공학회 (NODE11201736, IF: 0.35)"
874,2022,기계공학,4617892,송지훈,3,0.0,0.0,"한국유체기계학회 (NODE11073577, IF: 0.38)
한국자동차안전학회 (NODE11288066, IF: 0.41)
대한기계학회 (NODE11120870, IF: 0.55)"
875,2022,기계공학,933431583,김규만,3,0.0,0.0,"Korean Society for Precision Engineering (NODE11067903, IF: 0.0)
Korean Society for Precision Engineering (NODE11124387, IF: 0.0)
Korean Society for Precision Engineering (NODE11139178, IF: 0.0)"
876,2022,기계공학,681004120,조아라,3,0.0,0.0,"한국자동차안전학회 (NODE11288055, IF: 0.41)
한국자동차안전학회 (NODE11266594, IF: 0.41)
한국자동차안전학회 (NODE11266597, IF: 0.41)"
877,2022,기계공학,222085378,장정아,3,0.0,0.0,"한국자동차안전학회 (NODE11288056, IF: 0.41)
한국자동차안전학회 (NODE11266598, IF: 0.41)
한국자동차안전학회 (NODE11266604, IF: 0.41)"
878,2022,기계공학,495031195,기영중,3,0.0,0.0,"항공우주시스템공학회 (NODE11193425, IF: 0.26)
항공우주시스템공학회 (NODE11193435, IF: 0.26)
한국항공우주학회 (NODE11057573, IF: 0.32)"
879,2022,기계공학,793000680,김병준,3,0.0,0.0,"한국생산제조학회 (NODE11147159, IF: 0.37)
한국생산제조학회 (NODE11116834, IF: 0.37)
한국생산제조학회 (NODE11175727, IF: 0.37)"
880,2022,기계공학,249179205,김용성,3,0.0,0.0,"한국생산제조학회 (NODE11147159, IF: 0.37)
한국생산제조학회 (NODE11116834, IF: 0.37)
한국생산제조학회 (NODE11175727, IF: 0.37)"
881,2022,기계공학,605334340,박근,3,0.0,0.0,"Korean Society for Precision Engineering (NODE11081387, IF: 0.0)
Korean Society for Precision Engineering (NODE11081389, IF: 0.0)
Korean Society for Precision Engineering (NODE11081392, IF: 0.0)"
882,2022,기계공학,677997601,한재호,3,0.0,0.0,"한국표면공학회 (NODE11162559, IF: 0.25)
한국표면공학회 (NODE11162592, IF: 0.25)
한국표면공학회 (NODE11162593, IF: 0.25)"
883,2022,기계공학,346421880,신재호,3,0.0,0.0,"한국자동차안전학회 (NODE11266596, IF: 0.41)
한국자동차안전학회 (NODE11266602, IF: 0.41)
한국자동차안전학회 (NODE11266607, IF: 0.41)"
884,2022,기계공학,873153553,Mohammad Abu Shahzer,2,0.0,0.0,"한국유체기계학회 (NODE11124040, IF: 0.38)
한국유체기계학회 (NODE11124039, IF: 0.38)"
885,2022,기계공학,160844610,Seung-Jun Kim,2,0.0,0.0,"한국유체기계학회 (NODE11124040, IF: 0.38)
한국유체기계학회 (NODE11124039, IF: 0.38)"
886,2022,기계공학,803210988,Yong Cho,2,0.0,0.0,"한국유체기계학회 (NODE11124040, IF: 0.38)
한국유체기계학회 (NODE11124039, IF: 0.38)"
887,2022,기계공학,841763430,김승욱,2,0.0,0.0,"한국유체기계학회 (NODE11124042, IF: 0.38)
한국유체기계학회 (NODE11073582, IF: 0.38)"
888,2022,기계공학,347851932,장경식,2,0.0,0.0,"한국유체기계학회 (NODE11124043, IF: 0.38)
대한기계학회 (NODE11139499, IF: 0.55)"
889,2022,기계공학,516961666,김선화,2,0.0,0.0,"한국동력기계공학회 (NODE11124211, IF: 0.38)
한국동력기계공학회 (NODE11039980, IF: 0.38)"
890,2022,기계공학,562571959,이선기,2,0.0,0.0,"한국동력기계공학회 (NODE11124211, IF: 0.38)
한국동력기계공학회 (NODE11039980, IF: 0.38)"
891,2022,기계공학,646599127,노영진,2,0.0,0.0,"한국동력기계공학회 (NODE11124211, IF: 0.38)
한국동력기계공학회 (NODE11039980, IF: 0.38)"
892,2022,기계공학,772950494,문정현,2,0.0,0.0,"한국동력기계공학회 (NODE11124213, IF: 0.38)
한국동력기계공학회 (NODE11039986, IF: 0.38)"
893,2022,기계공학,621999734,문준오,2,0.0,0.0,"대한용접·접합학회 (NODE11124262, IF: 0.65)
대한용접·접합학회 (NODE11186631, IF: 0.65)"
894,2022,기계공학,838635510,이창훈,2,0.0,0.0,"대한용접·접합학회 (NODE11124262, IF: 0.65)
대한용접·접합학회 (NODE11186631, IF: 0.65)"
895,2022,기계공학,314361244,천주용,2,0.0,0.0,"대한용접·접합학회 (NODE11124264, IF: 0.65)
대한용접·접합학회 (NODE11124265, IF: 0.65)"
896,2022,기계공학,666919605,김재득,2,0.0,0.0,"대한용접·접합학회 (NODE11124264, IF: 0.65)
대한용접·접합학회 (NODE11124265, IF: 0.65)"
897,2022,기계공학,360289050,전현욱,2,0.0,0.0,"대한용접·접합학회 (NODE11124265, IF: 0.65)
대한용접·접합학회 (NODE11057056, IF: 0.65)"
898,2022,기계공학,693767939,박기태,2,0.0,0.0,"대한용접·접합학회 (NODE11124267, IF: 0.65)
대한용접·접합학회 (NODE11186630, IF: 0.65)"
899,2022,기계공학,857428705,지상원,2,0.0,0.0,"유공압건설기계학회 (NODE11069002, IF: 1.02)
한국동력기계공학회 (NODE11151289, IF: 0.38)"
900,2022,기계공학,831999714,장지성,2,0.0,0.0,"유공압건설기계학회 (NODE11069002, IF: 1.02)
한국동력기계공학회 (NODE11151289, IF: 0.38)"
901,2022,기계공학,678592332,이상우,2,0.0,0.0,"대한기계학회 (NODE11071005, IF: 0.55)
대한기계학회 (NODE11120872, IF: 0.55)"
902,2022,기계공학,325350558,이태의,2,0.0,0.0,"대한기계학회 (NODE11071008, IF: 0.55)
대한기계학회 (NODE11049462, IF: 0.55)"
903,2022,기계공학,745447263,Andreas Stabel,2,0.0,0.0,"대한기계학회 (NODE11071008, IF: 0.55)
대한기계학회 (NODE11049462, IF: 0.55)"
904,2022,기계공학,618654879,이가영,2,0.0,0.0,"대한기계학회 (NODE11071008, IF: 0.55)
대한기계학회 (NODE11049462, IF: 0.55)"
905,2022,기계공학,579282616,김남근,2,0.0,0.0,"한국소음진동공학회 (NODE11137867, IF: 0.41)
Korean Society for Precision Engineering (NODE11124378, IF: 0.0)"
906,2022,기계공학,444898268,장동욱,2,0.0,0.0,"유공압건설기계학회 (NODE11038925, IF: 1.02)
유공압건설기계학회 (NODE11038926, IF: 1.02)"
907,2022,기계공학,427512215,장병하,2,0.0,0.0,"유공압건설기계학회 (NODE11038925, IF: 1.02)
유공압건설기계학회 (NODE11038926, IF: 1.02)"
908,2022,기계공학,551167385,전현호,2,0.0,0.0,"유공압건설기계학회 (NODE11038927, IF: 1.02)
대한기계학회 (NODE11038500, IF: 0.55)"
909,2022,기계공학,1423420,노대경,2,0.0,0.0,"유공압건설기계학회 (NODE11038928, IF: 1.02)
유공압건설기계학회 (NODE11038933, IF: 1.02)"
910,2022,기계공학,496247667,이동원,2,0.0,0.0,"유공압건설기계학회 (NODE11038928, IF: 1.02)
유공압건설기계학회 (NODE11038933, IF: 1.02)"
911,2022,기계공학,496657642,이종수,2,0.0,0.0,"유공압건설기계학회 (NODE11038928, IF: 1.02)
유공압건설기계학회 (NODE11038933, IF: 1.02)"
912,2022,기계공학,521238713,최요한,2,0.0,0.0,"유공압건설기계학회 (NODE11038932, IF: 1.02)
유공압건설기계학회 (NODE11123701, IF: 1.02)"
913,2022,기계공학,763217004,김종도,2,0.0,0.0,"한국마린엔지니어링학회 (NODE11039077, IF: 0.08)
대한기계학회 (NODE11171238, IF: 0.55)"
914,2022,기계공학,544183950,박혜민,2,0.0,0.0,"한국수소및신에너지학회 (NODE11183608, IF: 0.65)
한국수소및신에너지학회 (NODE11080279, IF: 0.65)"
915,2022,기계공학,665185355,배용균,2,0.0,0.0,"한국수소및신에너지학회 (NODE11183612, IF: 0.65)
한국수소및신에너지학회 (NODE11183618, IF: 0.65)"
916,2022,기계공학,137646617,백운봉,2,0.0,0.0,"한국수소및신에너지학회 (NODE11183615, IF: 0.65)
한국수소및신에너지학회 (NODE11038590, IF: 0.65)"
917,2022,기계공학,974557963,이상훈,2,0.0,0.0,"한국수소및신에너지학회 (NODE11183617, IF: 0.65)
한국수소및신에너지학회 (NODE11149763, IF: 0.65)"
918,2022,기계공학,430712261,이재영,2,0.0,0.0,"한국수소및신에너지학회 (NODE11183619, IF: 0.65)
한국수소및신에너지학회 (NODE11080280, IF: 0.65)"
919,2022,기계공학,615660063,이홍기,2,0.0,0.0,"한국수소및신에너지학회 (NODE11183619, IF: 0.65)
한국수소및신에너지학회 (NODE11080280, IF: 0.65)"
920,2022,기계공학,501467671,VAN-TIEN GIAP,2,0.0,0.0,"한국수소및신에너지학회 (NODE11183620, IF: 0.65)
한국수소및신에너지학회 (NODE11149759, IF: 0.65)"
921,2022,기계공학,525238794,THAI-QUYEN QUACH,2,0.0,0.0,"한국수소및신에너지학회 (NODE11183620, IF: 0.65)
한국수소및신에너지학회 (NODE11149759, IF: 0.65)"
922,2022,기계공학,343789665,YONGGYUN BAE,2,0.0,0.0,"한국수소및신에너지학회 (NODE11183620, IF: 0.65)
한국수소및신에너지학회 (NODE11149759, IF: 0.65)"
923,2022,기계공학,911386156,SUNYOUP LEE,2,0.0,0.0,"한국수소및신에너지학회 (NODE11183620, IF: 0.65)
한국수소및신에너지학회 (NODE11149759, IF: 0.65)"
924,2022,기계공학,533601844,지현진,2,0.0,0.0,"한국수소및신에너지학회 (NODE11183622, IF: 0.65)
한국수소및신에너지학회 (NODE11038594, IF: 0.65)"
925,2022,기계공학,537164929,지상훈,2,0.0,0.0,"한국수소및신에너지학회 (NODE11183623, IF: 0.65)
Korean Society for Precision Engineering (NODE11028909, IF: 0.0)"
926,2022,기계공학,228021376,오승준,2,0.0,0.0,"한국수소및신에너지학회 (NODE11183626, IF: 0.65)
한국수소및신에너지학회 (NODE11120319, IF: 0.65)"
927,2022,기계공학,875279097,최정주,2,0.0,0.0,"한국수소및신에너지학회 (NODE11183626, IF: 0.65)
한국수소및신에너지학회 (NODE11120319, IF: 0.65)"
928,2022,기계공학,417026356,김용래,2,0.0,0.0,"한국수소및신에너지학회 (NODE11183628, IF: 0.65)
한국수소및신에너지학회 (NODE11080288, IF: 0.65)"
929,2022,기계공학,922308487,박우일,2,0.0,0.0,"한국수소및신에너지학회 (NODE11183629, IF: 0.65)
한국수소및신에너지학회 (NODE11080284, IF: 0.65)"
930,2022,기계공학,475132779,김선엽,2,0.0,0.0,"한국수소및신에너지학회 (NODE11183632, IF: 0.65)
한국수소및신에너지학회 (NODE11080288, IF: 0.65)"
931,2022,기계공학,372977584,최영,2,0.0,0.0,"한국수소및신에너지학회 (NODE11183632, IF: 0.65)
한국수소및신에너지학회 (NODE11080288, IF: 0.65)"
932,2022,기계공학,878344995,오승묵,2,0.0,0.0,"한국자동차공학회 (NODE11067949, IF: 0.5)
한국자동차공학회 (NODE11048761, IF: 0.5)"
933,2022,기계공학,207343792,유철성,2,0.0,0.0,"한국추진공학회 (NODE11195013, IF: 0.31)
항공우주시스템공학회 (NODE11193417, IF: 0.26)"
934,2022,기계공학,325413183,김한준,2,0.0,0.0,"한국추진공학회 (NODE11195015, IF: 0.31)
항공우주시스템공학회 (NODE11193419, IF: 0.26)"
935,2022,기계공학,4966156,안현종,2,0.0,0.0,"한국추진공학회 (NODE11195016, IF: 0.31)
한국추진공학회 (NODE11042732, IF: 0.31)"
936,2022,기계공학,515206732,배창한,2,0.0,0.0,"한국추진공학회 (NODE11195016, IF: 0.31)
한국추진공학회 (NODE11042732, IF: 0.31)"
937,2022,기계공학,545795253,박종근,2,0.0,0.0,"한국추진공학회 (NODE11195018, IF: 0.31)
한국추진공학회 (NODE11150346, IF: 0.31)"
938,2022,기계공학,464189745,이원민,2,0.0,0.0,"한국추진공학회 (NODE11195018, IF: 0.31)
한국추진공학회 (NODE11042728, IF: 0.31)"
939,2022,기계공학,445222276,김은미,2,0.0,0.0,"한국추진공학회 (NODE11195018, IF: 0.31)
한국추진공학회 (NODE11042728, IF: 0.31)"
940,2022,기계공학,297516257,이경환,2,0.0,0.0,"한국추진공학회 (NODE11195023, IF: 0.31)
한국추진공학회 (NODE11058061, IF: 0.31)"
941,2022,기계공학,966203637,이종광,2,0.0,0.0,"한국추진공학회 (NODE11195023, IF: 0.31)
한국추진공학회 (NODE11058061, IF: 0.31)"
942,2022,기계공학,673244153,박경조,2,0.0,0.0,"한국동력기계공학회 (NODE11039984, IF: 0.38)
한국동력기계공학회 (NODE11151287, IF: 0.38)"
943,2022,기계공학,600935168,박성용,2,0.0,0.0,"한국자동차공학회 (NODE11040059, IF: 0.5)
한국자동차공학회 (NODE11155619, IF: 0.5)"
944,2022,기계공학,686424168,유민상,2,0.0,0.0,"대한설비공학회 (NODE11040100, IF: 0.42)
대한설비공학회 (NODE11108601, IF: 0.42)"
945,2022,기계공학,3997206,오병철,2,0.0,0.0,"대한설비공학회 (NODE11040102, IF: 0.42)
대한설비공학회 (NODE11144327, IF: 0.42)"
946,2022,기계공학,350971952,권영인,2,0.0,0.0,"한국수소및신에너지학회 (NODE11149750, IF: 0.65)
한국수소및신에너지학회 (NODE11149750, IF: 0.65)"
947,2022,기계공학,394685939,백영순,2,0.0,0.0,"한국수소및신에너지학회 (NODE11149750, IF: 0.65)
한국수소및신에너지학회 (NODE11149756, IF: 0.65)"
948,2022,기계공학,126248688,김명준,2,0.0,0.0,"한국수소및신에너지학회 (NODE11149752, IF: 0.65)
한국수소및신에너지학회 (NODE11149754, IF: 0.65)"
949,2022,기계공학,572795283,조형태,2,0.0,0.0,"한국수소및신에너지학회 (NODE11149752, IF: 0.65)
한국수소및신에너지학회 (NODE11149754, IF: 0.65)"
950,2022,기계공학,714836546,이재원,2,0.0,0.0,"한국수소및신에너지학회 (NODE11149752, IF: 0.65)
한국수소및신에너지학회 (NODE11149754, IF: 0.65)"
951,2022,기계공학,284330638,김정환,2,0.0,0.0,"한국수소및신에너지학회 (NODE11149752, IF: 0.65)
한국수소및신에너지학회 (NODE11149754, IF: 0.65)"
952,2022,기계공학,680835317,윤호원,2,0.0,0.0,"한국수소및신에너지학회 (NODE11149758, IF: 0.65)
한국수소및신에너지학회 (NODE11038587, IF: 0.65)"
953,2022,기계공학,589519995,김영진,2,0.0,0.0,"한국수소및신에너지학회 (NODE11149758, IF: 0.65)
한국수소및신에너지학회 (NODE11038587, IF: 0.65)"
954,2022,기계공학,889447818,김현진,2,0.0,0.0,"한국수소및신에너지학회 (NODE11149758, IF: 0.65)
한국수소및신에너지학회 (NODE11038587, IF: 0.65)"
955,2022,기계공학,621105011,윤경식,2,0.0,0.0,"한국수소및신에너지학회 (NODE11149758, IF: 0.65)
한국수소및신에너지학회 (NODE11038587, IF: 0.65)"
956,2022,기계공학,750869443,유지행,2,0.0,0.0,"한국수소및신에너지학회 (NODE11149758, IF: 0.65)
한국수소및신에너지학회 (NODE11038587, IF: 0.65)"
957,2022,기계공학,569922368,김성,2,0.0,0.0,"한국수소및신에너지학회 (NODE11149762, IF: 0.65)
한국유체기계학회 (NODE11171153, IF: 0.38)"
958,2022,기계공학,2124586,권재성,2,0.0,0.0,"한국연소학회 (NODE11149974, IF: 0.45)
한국표면공학회 (NODE11192385, IF: 0.25)"
959,2022,기계공학,718816119,양진용,2,0.0,0.0,"한국항공우주학회 (NODE11120479, IF: 0.32)
한국전산유체공학회 (NODE11139427, IF: 0.26)"
960,2022,기계공학,541465975,송덕기,2,0.0,0.0,"한국항공우주학회 (NODE11120480, IF: 0.32)
한국항공우주학회 (NODE11065391, IF: 0.32)"
961,2022,기계공학,932578897,방효충,2,0.0,0.0,"한국항공우주학회 (NODE11120481, IF: 0.32)
한국항공우주학회 (NODE11164824, IF: 0.32)"
962,2022,기계공학,965372571,이용선,2,0.0,0.0,"한국항공우주학회 (NODE11120481, IF: 0.32)
한국항공우주학회 (NODE11049827, IF: 0.32)"
963,2022,기계공학,549728896,최성호,2,0.0,0.0,"한국항공우주학회 (NODE11120481, IF: 0.32)
한국항공우주학회 (NODE11049827, IF: 0.32)"
964,2022,기계공학,469224701,강태영,2,0.0,0.0,"한국항공우주학회 (NODE11120484, IF: 0.32)
한국항공우주학회 (NODE11157943, IF: 0.32)"
965,2022,기계공학,185594926,김춘원,2,0.0,0.0,"한국항공우주학회 (NODE11120486, IF: 0.32)
한국항공우주학회 (NODE11110017, IF: 0.32)"
966,2022,기계공학,100079762,박재현,2,0.0,0.0,"한국항공우주학회 (NODE11120487, IF: 0.32)
한국항공우주학회 (NODE11110011, IF: 0.32)"
967,2022,기계공학,564700848,박찬우,2,0.0,0.0,"대한설비공학회 (NODE11039534, IF: 0.42)
대한설비공학회 (NODE11039538, IF: 0.42)"
968,2022,기계공학,222419575,성대희,2,0.0,0.0,"대한용접·접합학회 (NODE11039697, IF: 0.65)
대한용접·접합학회 (NODE11039698, IF: 0.65)"
969,2022,기계공학,751425051,박태욱,2,0.0,0.0,"대한용접·접합학회 (NODE11039700, IF: 0.65)
대한용접·접합학회 (NODE11151134, IF: 0.65)"
970,2022,기계공학,276363017,이명섭,2,0.0,0.0,"대한용접·접합학회 (NODE11039701, IF: 0.65)
대한용접·접합학회 (NODE11039702, IF: 0.65)"
971,2022,기계공학,220654077,노경완,2,0.0,0.0,"한국자동차공학회 (NODE11139194, IF: 0.5)
한국자동차공학회 (NODE11066776, IF: 0.5)"
972,2022,기계공학,620334514,정재일,2,0.0,0.0,"Korean Society for Precision Engineering (NODE11039954, IF: 0.0)
대한기계학회 (NODE11034326, IF: 0.55)"
973,2022,기계공학,944122179,강민규,2,0.0,0.0,"Korean Society for Precision Engineering (NODE11039957, IF: 0.0)
Korean Society for Precision Engineering (NODE11059690, IF: 0.0)"
974,2022,기계공학,739173312,김형준,2,0.0,0.0,"Korean Society for Precision Engineering (NODE11039960, IF: 0.0)
Korean Society for Precision Engineering (NODE11028909, IF: 0.0)"
975,2022,기계공학,558065442,안지환,2,0.0,0.0,"Korean Society for Precision Engineering (NODE11039960, IF: 0.0)
Korean Society for Precision Engineering (NODE11028909, IF: 0.0)"
976,2022,기계공학,500138037,강범수,2,0.0,0.0,"Korean Society for Precision Engineering (NODE11039961, IF: 0.0)
Korean Society for Precision Engineering (NODE11166111, IF: 0.0)"
977,2022,기계공학,1795315,최지석,2,0.0,0.0,"Korean Society for Precision Engineering (NODE11039962, IF: 0.0)
Korean Society for Precision Engineering (NODE10820574, IF: 0.0)"
978,2022,기계공학,372528465,이정근,2,0.0,0.0,"Korean Society for Precision Engineering (NODE11039962, IF: 0.0)
Korean Society for Precision Engineering (NODE10820574, IF: 0.0)"
979,2022,기계공학,642050963,류명록,2,0.0,0.0,"한국동력기계공학회 (NODE11039975, IF: 0.38)
한국동력기계공학회 (NODE11080850, IF: 0.38)"
980,2022,기계공학,1323559,박권하,2,0.0,0.0,"한국동력기계공학회 (NODE11039975, IF: 0.38)
한국동력기계공학회 (NODE11080850, IF: 0.38)"
981,2022,기계공학,652656337,김진균,2,0.0,0.0,"대한기계학회 (NODE11153359, IF: 0.55)
대한기계학회 (NODE11057736, IF: 0.55)"
982,2022,기계공학,781911335,윤병동,2,0.0,0.0,"대한기계학회 (NODE11153361, IF: 0.55)
한국소음진동공학회 (NODE11164837, IF: 0.41)"
983,2022,기계공학,5423245,김동규,2,0.0,0.0,"대한기계학회 (NODE11139494, IF: 0.55)
한국기계가공학회 (NODE11083751, IF: 0.35)"
984,2022,기계공학,824762381,이공희,2,0.0,0.0,"대한기계학회 (NODE11139499, IF: 0.55)
한국전산유체공학회 (NODE11184333, IF: 0.26)"
985,2022,기계공학,1124396,류진우,2,0.0,0.0,"대한기계학회 (NODE11139500, IF: 0.55)
대한설비공학회 (NODE11167307, IF: 0.42)"
986,2022,기계공학,813046484,Toru Shigemitsu,2,0.0,0.0,"한국유체기계학회 (NODE11139664, IF: 0.38)
한국유체기계학회 (NODE11192563, IF: 0.38)"
987,2022,기계공학,578781295,Yusuke Araki,2,0.0,0.0,"한국유체기계학회 (NODE11139664, IF: 0.38)
한국유체기계학회 (NODE11192563, IF: 0.38)"
988,2022,기계공학,537511859,김동환,2,0.0,0.0,"대한기계학회 (NODE11139698, IF: 0.55)
대한기계학회 (NODE11139487, IF: 0.55)"
989,2022,기계공학,615297622,박종욱,2,0.0,0.0,"한국생산제조학회 (NODE11034737, IF: 0.37)
한국기계가공학회 (NODE11201738, IF: 0.35)"
990,2022,기계공학,609060814,김한,2,0.0,0.0,"한국생산제조학회 (NODE11034737, IF: 0.37)
한국기계가공학회 (NODE11201738, IF: 0.35)"
991,2022,기계공학,774648789,김덕진,2,0.0,0.0,"한국자동차공학회 (NODE11120295, IF: 0.5)
한국자동차공학회 (NODE11057618, IF: 0.5)"
992,2022,기계공학,204024191,권원정,2,0.0,0.0,"한국자동차공학회 (NODE11120296, IF: 0.5)
한국자동차공학회 (NODE11066770, IF: 0.5)"
993,2022,기계공학,646801367,류재하,2,0.0,0.0,"한국자동차공학회 (NODE11120300, IF: 0.5)
한국소음진동공학회 (NODE11175817, IF: 0.41)"
994,2022,기계공학,922013378,박성욱,2,0.0,0.0,"한국자동차공학회 (NODE11120303, IF: 0.5)
한국자동차공학회 (NODE11026940, IF: 0.5)"
995,2022,기계공학,213062134,김혜경,2,0.0,0.0,"한국수소및신에너지학회 (NODE11120311, IF: 0.65)
한국수소및신에너지학회 (NODE11058661, IF: 0.65)"
996,2022,기계공학,545703265,최일영,2,0.0,0.0,"한국수소및신에너지학회 (NODE11120311, IF: 0.65)
한국수소및신에너지학회 (NODE11058661, IF: 0.65)"
997,2022,기계공학,348608573,이창환,2,0.0,0.0,"한국수소및신에너지학회 (NODE11120316, IF: 0.65)
Korean Society for Precision Engineering (NODE11059696, IF: 0.0)"
998,2022,기계공학,460536140,류호정,2,0.0,0.0,"한국수소및신에너지학회 (NODE11120323, IF: 0.65)
한국에너지기후변화학회 (NODE11079970, IF: 0.69)"
999,2022,기계공학,432165630,남형석,2,0.0,0.0,"한국수소및신에너지학회 (NODE11120323, IF: 0.65)
한국에너지기후변화학회 (NODE11079970, IF: 0.69)"
1000,2022,기계공학,447066322,황병욱,2,0.0,0.0,"한국수소및신에너지학회 (NODE11120323, IF: 0.65)
한국에너지기후변화학회 (NODE11079970, IF: 0.69)"
1001,2022,기계공학,536820334,원유섭,2,0.0,0.0,"한국수소및신에너지학회 (NODE11120323, IF: 0.65)
한국에너지기후변화학회 (NODE11079970, IF: 0.69)"
1002,2022,기계공학,992343255,전명훈,2,0.0,0.0,"한국수소및신에너지학회 (NODE11120323, IF: 0.65)
한국에너지기후변화학회 (NODE11079970, IF: 0.69)"
1003,2022,기계공학,394407247,백점인,2,0.0,0.0,"한국수소및신에너지학회 (NODE11120323, IF: 0.65)
한국에너지기후변화학회 (NODE11079970, IF: 0.69)"
1004,2022,기계공학,118771972,노상균,2,0.0,0.0,"한국수소및신에너지학회 (NODE11120326, IF: 0.65)
한국수소및신에너지학회 (NODE11080289, IF: 0.65)"
1005,2022,기계공학,629946,이현규,2,0.0,0.0,"한국수소및신에너지학회 (NODE11120327, IF: 0.65)
대한기계학회 (NODE10893838, IF: 0.55)"
1006,2022,기계공학,136290764,김선구,2,0.0,0.0,"한국환경에너지공학회 (NODE11110363, IF: 0.13)
한국환경에너지공학회 (NODE11110364, IF: 0.13)"
1007,2022,기계공학,922731180,오세천,2,0.0,0.0,"한국환경에너지공학회 (NODE11110366, IF: 0.13)
한국환경에너지공학회 (NODE11184522, IF: 0.13)"
1008,2022,기계공학,716612733,이상헌,2,0.0,0.0,"한국생산제조학회 (NODE11056377, IF: 0.37)
한국생산제조학회 (NODE11147165, IF: 0.37)"
1009,2022,기계공학,517608064,박인규,2,0.0,0.0,"대한기계학회 (NODE11056379, IF: 0.55)
대한기계학회 (NODE11056402, IF: 0.55)"
1010,2022,기계공학,967222644,양회관,2,0.0,0.0,"대한기계학회 (NODE11056379, IF: 0.55)
대한기계학회 (NODE11056402, IF: 0.55)"
1011,2022,기계공학,327542142,원영수,2,0.0,0.0,"대한기계학회 (NODE11056403, IF: 0.55)
대한기계학회 (NODE10959685, IF: 0.55)"
1012,2022,기계공학,741089940,송은정,2,0.0,0.0,"한국항공우주학회 (NODE11164825, IF: 0.32)
한국항공우주학회 (NODE11144689, IF: 0.32)"
1013,2022,기계공학,259523799,선병찬,2,0.0,0.0,"한국항공우주학회 (NODE11164825, IF: 0.32)
한국항공우주학회 (NODE11144689, IF: 0.32)"
1014,2022,기계공학,165424224,최수진,2,0.0,0.0,"한국항공우주학회 (NODE11164826, IF: 0.32)
한국추진공학회 (NODE11083708, IF: 0.31)"
1015,2022,기계공학,880041130,신상준,2,0.0,0.0,"한국항공우주학회 (NODE11164828, IF: 0.32)
한국항공우주학회 (NODE11037445, IF: 0.32)"
1016,2022,기계공학,756261764,나성수,2,0.0,0.0,"한국소음진동공학회 (NODE11164834, IF: 0.41)
대한기계학회 (NODE11169434, IF: 0.55)"
1017,2022,기계공학,795295943,장선준,2,0.0,0.0,"한국소음진동공학회 (NODE11164836, IF: 0.41)
한국소음진동공학회 (NODE11076405, IF: 0.41)"
1018,2022,기계공학,386789603,유정은,2,0.0,0.0,"한국표면공학회 (NODE11165123, IF: 0.25)
한국표면공학회 (NODE11162566, IF: 0.25)"
1019,2022,기계공학,739594607,이기영,2,0.0,0.0,"한국표면공학회 (NODE11165123, IF: 0.25)
한국표면공학회 (NODE11162566, IF: 0.25)"
1020,2022,기계공학,182350569,이현섭,2,0.0,0.0,"(사)한국CDE학회 (NODE11038912, IF: 1.14)
(사)한국CDE학회 (NODE11166838, IF: 1.14)"
1021,2022,기계공학,461174493,주양익,2,0.0,0.0,"한국마린엔지니어링학회 (NODE11187080, IF: 0.08)
한국마린엔지니어링학회 (NODE11124903, IF: 0.08)"
1022,2022,기계공학,865737082,김종수,2,0.0,0.0,"한국마린엔지니어링학회 (NODE11187090, IF: 0.08)
한국마린엔지니어링학회 (NODE11058652, IF: 0.08)"
1023,2022,기계공학,766919879,Yeong-Jae Shin,2,0.0,0.0,"한국마린엔지니어링학회 (NODE11187093, IF: 0.08)
한국마린엔지니어링학회 (NODE11187094, IF: 0.08)"
1024,2022,기계공학,587286755,Seong-Beom Jeong,2,0.0,0.0,"한국마린엔지니어링학회 (NODE11187093, IF: 0.08)
한국마린엔지니어링학회 (NODE11187094, IF: 0.08)"
1025,2022,기계공학,936711889,Dong-Hoan Seo,2,0.0,0.0,"한국마린엔지니어링학회 (NODE11187093, IF: 0.08)
한국마린엔지니어링학회 (NODE11187094, IF: 0.08)"
1026,2022,기계공학,357646925,김세진,2,0.0,0.0,"한국전산유체공학회 (NODE11080090, IF: 0.26)
대한기계학회 (NODE11120869, IF: 0.55)"
1027,2022,기계공학,459802080,전수환,2,0.0,0.0,"한국전산유체공학회 (NODE11080091, IF: 0.26)
한국전산유체공학회 (NODE11080100, IF: 0.26)"
1028,2022,기계공학,252709002,오근우,2,0.0,0.0,"한국전산유체공학회 (NODE11080092, IF: 0.26)
한국전산유체공학회 (NODE11184336, IF: 0.26)"
1029,2022,기계공학,936460884,현예솔,2,0.0,0.0,"한국전산유체공학회 (NODE11080092, IF: 0.26)
한국전산유체공학회 (NODE11184336, IF: 0.26)"
1030,2022,기계공학,268377965,최정일,2,0.0,0.0,"한국전산유체공학회 (NODE11080092, IF: 0.26)
한국전산유체공학회 (NODE11184336, IF: 0.26)"
1031,2022,기계공학,877031501,정호진,2,0.0,0.0,"한국전산유체공학회 (NODE11080096, IF: 0.26)
한국전산유체공학회 (NODE11139426, IF: 0.26)"
1032,2022,기계공학,545688733,조현승,2,0.0,0.0,"한국전산유체공학회 (NODE11080096, IF: 0.26)
한국전산유체공학회 (NODE11049544, IF: 0.26)"
1033,2022,기계공학,921783743,서정관,2,0.0,0.0,"한국마린엔지니어링학회 (NODE11080327, IF: 0.08)
대한용접·접합학회 (NODE11151136, IF: 0.65)"
1034,2022,기계공학,976970945,김현식,2,0.0,0.0,"한국마린엔지니어링학회 (NODE11080329, IF: 0.08)
한국소음진동공학회 (NODE11056759, IF: 0.41)"
1035,2022,기계공학,757279365,서동욱,2,0.0,0.0,"한국마린엔지니어링학회 (NODE11080330, IF: 0.08)
한국마린엔지니어링학회 (NODE11124904, IF: 0.08)"
1036,2022,기계공학,218201528,최훈기,2,0.0,0.0,"대한기계학회 (NODE11080365, IF: 0.55)
한국기계가공학회 (NODE11154541, IF: 0.35)"
1037,2022,기계공학,599330464,박경근,2,0.0,0.0,"대한기계학회 (NODE11080366, IF: 0.55)
대한기계학회 (NODE11110644, IF: 0.55)"
1038,2022,기계공학,309434714,한병주,2,0.0,0.0,"대한기계학회 (NODE11080367, IF: 0.55)
대한기계학회 (NODE11169351, IF: 0.55)"
1039,2022,기계공학,641190072,노희전,2,0.0,0.0,"대한설비공학회 (NODE11100765, IF: 0.42)
대한설비공학회 (NODE11100767, IF: 0.42)"
1040,2022,기계공학,355453159,신영기,2,0.0,0.0,"대한설비공학회 (NODE11100766, IF: 0.42)
대한기계학회 (NODE10959692, IF: 0.55)"
1041,2022,기계공학,612965855,송찬희,2,0.0,0.0,"대한기계학회 (NODE10893829, IF: 0.55)
대한기계학회 (NODE11110652, IF: 0.55)"
1042,2022,기계공학,193013107,조성권,2,0.0,0.0,"대한기계학회 (NODE10893831, IF: 0.55)
대한기계학회 (NODE11152502, IF: 0.55)"
1043,2022,기계공학,641482324,이창언,2,0.0,0.0,"대한기계학회 (NODE10893832, IF: 0.55)
대한기계학회 (NODE11152499, IF: 0.55)"
1044,2022,기계공학,796535343,윤아선,2,0.0,0.0,"대한기계학회 (NODE10893832, IF: 0.55)
대한기계학회 (NODE11152499, IF: 0.55)"
1045,2022,기계공학,641173353,이승원,2,0.0,0.0,"대한기계학회 (NODE10893840, IF: 0.55)
대한기계학회 (NODE11049466, IF: 0.55)"
1046,2022,기계공학,256904124,유경현,2,0.0,0.0,"대한기계학회 (NODE10893840, IF: 0.55)
대한기계학회 (NODE11049466, IF: 0.55)"
1047,2022,기계공학,213746520,김형익,2,0.0,0.0,"대한기계학회 (NODE10893842, IF: 0.55)
Korean Society for Precision Engineering (NODE11051298, IF: 0.0)"
1048,2022,기계공학,459340325,장석수,2,0.0,0.0,"대한기계학회 (NODE10893842, IF: 0.55)
Korean Society for Precision Engineering (NODE11051298, IF: 0.0)"
1049,2022,기계공학,724026588,김민규,2,0.0,0.0,"대한기계학회 (NODE10893842, IF: 0.55)
Korean Society for Precision Engineering (NODE11051298, IF: 0.0)"
1050,2022,기계공학,244132323,강상욱,2,0.0,0.0,"대한기계학회 (NODE10893846, IF: 0.55)
한국소음진동공학회 (NODE11034357, IF: 0.41)"
1051,2022,기계공학,362871074,이은비,2,0.0,0.0,"대한기계학회 (NODE10893848, IF: 0.55)
대한기계학회 (NODE11029014, IF: 0.55)"
1052,2022,기계공학,115659,김태우,2,0.0,0.0,"대한기계학회 (NODE10893849, IF: 0.55)
한국전산유체공학회 (NODE11184338, IF: 0.26)"
1053,2022,기계공학,881814615,강승구,2,0.0,0.0,"대한기계학회 (NODE10893851, IF: 0.55)
대한기계학회 (NODE11029014, IF: 0.55)"
1054,2022,기계공학,772667086,박순영,2,0.0,0.0,"한국추진공학회 (NODE11042734, IF: 0.31)
한국추진공학회 (NODE11058064, IF: 0.31)"
1055,2022,기계공학,370660160,이양지,2,0.0,0.0,"한국추진공학회 (NODE11042735, IF: 0.31)
한국추진공학회 (NODE11123985, IF: 0.31)"
1056,2022,기계공학,981106849,양인영,2,0.0,0.0,"한국추진공학회 (NODE11042735, IF: 0.31)
한국추진공학회 (NODE11123985, IF: 0.31)"
1057,2022,기계공학,142703162,이경재,2,0.0,0.0,"한국추진공학회 (NODE11042735, IF: 0.31)
한국추진공학회 (NODE11123985, IF: 0.31)"
1058,2022,기계공학,824394566,오중환,2,0.0,0.0,"한국추진공학회 (NODE11042735, IF: 0.31)
한국추진공학회 (NODE11123985, IF: 0.31)"
1059,2022,기계공학,343586943,최진,2,0.0,0.0,"한국추진공학회 (NODE11042735, IF: 0.31)
한국추진공학회 (NODE11123985, IF: 0.31)"
1060,2022,기계공학,993975108,이경희,2,0.0,0.0,"한국트라이볼로지학회 (NODE11135857, IF: 0.35)
한국트라이볼로지학회 (NODE11100465, IF: 0.35)"
1061,2022,기계공학,990016559,정남화,2,0.0,0.0,"한국트라이볼로지학회 (NODE11135857, IF: 0.35)
한국트라이볼로지학회 (NODE11100465, IF: 0.35)"
1062,2022,기계공학,882270239,박병훈,2,0.0,0.0,"한국트라이볼로지학회 (NODE11135861, IF: 0.35)
한국트라이볼로지학회 (NODE11044800, IF: 0.35)"
1063,2022,기계공학,311727130,김희태,2,0.0,0.0,"한국기계연구원 (NODE11492708, IF: 0.0)
한국기계연구원 (NODE11492802, IF: 0.0)"
1064,2022,기계공학,935192797,Wakana Tsuru,2,0.0,0.0,"한국유체기계학회 (NODE11057300, IF: 0.38)
한국유체기계학회 (NODE11192562, IF: 0.38)"
1065,2022,기계공학,613674540,Donghyuk Kang,2,0.0,0.0,"한국유체기계학회 (NODE11057300, IF: 0.38)
한국유체기계학회 (NODE11192562, IF: 0.38)"
1066,2022,기계공학,884899977,Kazuhiko Yokota,2,0.0,0.0,"한국유체기계학회 (NODE11057300, IF: 0.38)
한국유체기계학회 (NODE11192562, IF: 0.38)"
1067,2022,기계공학,2080943,박소현,2,0.0,0.0,"(사)한국CDE학회 (NODE11121440, IF: 1.14)
(사)한국CDE학회 (NODE11121441, IF: 1.14)"
1068,2022,기계공학,174430745,조찬원,2,0.0,0.0,"(사)한국CDE학회 (NODE11121440, IF: 1.14)
(사)한국CDE학회 (NODE11121441, IF: 1.14)"
1069,2022,기계공학,991565188,마종현,2,0.0,0.0,"(사)한국CDE학회 (NODE11121442, IF: 1.14)
(사)한국CDE학회 (NODE11068481, IF: 1.14)"
1070,2022,기계공학,5443613,유은상,2,0.0,0.0,"(사)한국CDE학회 (NODE11121442, IF: 1.14)
(사)한국CDE학회 (NODE11068481, IF: 1.14)"
1071,2022,기계공학,869364350,김경수,2,0.0,0.0,"유공압건설기계학회 (NODE11123697, IF: 1.02)
유공압건설기계학회 (NODE11171172, IF: 1.02)"
1072,2022,기계공학,131466814,곽석우,2,0.0,0.0,"유공압건설기계학회 (NODE11123697, IF: 1.02)
유공압건설기계학회 (NODE11171172, IF: 1.02)"
1073,2022,기계공학,439629967,신희영,2,0.0,0.0,"유공압건설기계학회 (NODE11123699, IF: 1.02)
유공압건설기계학회 (NODE11123704, IF: 1.02)"
1074,2022,기계공학,555273535,이종직,2,0.0,0.0,"유공압건설기계학회 (NODE11123700, IF: 1.02)
대한기계학회 (NODE11057730, IF: 0.55)"
1075,2022,기계공학,174374796,이종준,2,0.0,0.0,"한국수소및신에너지학회 (NODE11183635, IF: 0.65)
대한기계학회 (NODE11056412, IF: 0.55)"
1076,2022,기계공학,354454989,이철호,2,0.0,0.0,"한국에너지기후변화학회 (NODE11184007, IF: 0.69)
한국에너지기후변화학회 (NODE11184009, IF: 0.69)"
1077,2022,기계공학,875669659,강도형,2,0.0,0.0,"한국에너지기후변화학회 (NODE11184012, IF: 0.69)
한국에너지기후변화학회 (NODE11079968, IF: 0.69)"
1078,2022,기계공학,502780866,장문정,2,0.0,0.0,"한국자동차공학회 (NODE11078516, IF: 0.5)
한국자동차공학회 (NODE11066771, IF: 0.5)"
1079,2022,기계공학,133418367,이진희,2,0.0,0.0,"한국자동차공학회 (NODE11078519, IF: 0.5)
한국자동차공학회 (NODE11103833, IF: 0.5)"
1080,2022,기계공학,290481229,박만복,2,0.0,0.0,"한국자동차공학회 (NODE11155614, IF: 0.5)
한국자동차공학회 (NODE10895667, IF: 0.5)"
1081,2022,기계공학,402463807,윤문철,2,0.0,0.0,"한국기계가공학회 (NODE10959124, IF: 0.35)
한국기계가공학회 (NODE11036612, IF: 0.35)"
1082,2022,기계공학,416499155,최종원,2,0.0,0.0,"한국기계가공학회 (NODE10959125, IF: 0.35)
한국기계가공학회 (NODE11036625, IF: 0.35)"
1083,2022,기계공학,637104536,정의은,2,0.0,0.0,"한국기계가공학회 (NODE10959125, IF: 0.35)
한국기계가공학회 (NODE11036625, IF: 0.35)"
1084,2022,기계공학,198430038,강명창,2,0.0,0.0,"한국기계가공학회 (NODE10959125, IF: 0.35)
한국기계가공학회 (NODE11036625, IF: 0.35)"
1085,2022,기계공학,937777485,임규성,2,0.0,0.0,"한국기계가공학회 (NODE10959129, IF: 0.35)
한국기계가공학회 (NODE11201730, IF: 0.35)"
1086,2022,기계공학,872092914,송창규,2,0.0,0.0,"Korean Society for Precision Engineering (NODE11150842, IF: 0.0)
Korean Society for Precision Engineering (NODE11081400, IF: 0.0)"
1087,2022,기계공학,233438231,노승국,2,0.0,0.0,"Korean Society for Precision Engineering (NODE11150842, IF: 0.0)
Korean Society for Precision Engineering (NODE11081400, IF: 0.0)"
1088,2022,기계공학,688634912,김경수,2,0.0,0.0,"Korean Society for Precision Engineering (NODE11150845, IF: 0.0)
Korean Society for Precision Engineering (NODE11067898, IF: 0.0)"
1089,2022,기계공학,210742822,김지선,2,0.0,0.0,"Korean Society for Precision Engineering (NODE11150847, IF: 0.0)
한국기계가공학회 (NODE11173076, IF: 0.35)"
1090,2022,기계공학,4591944,강동관,2,0.0,0.0,"Korean Society for Precision Engineering (NODE11150851, IF: 0.0)
한국기계가공학회 (NODE11062026, IF: 0.35)"
1091,2022,기계공학,909670324,강유업,2,0.0,0.0,"한국전산유체공학회 (NODE11184331, IF: 0.26)
한국항공우주학회 (NODE11037442, IF: 0.32)"
1092,2022,기계공학,5158365,이다운,2,0.0,0.0,"한국전산유체공학회 (NODE11184331, IF: 0.26)
한국전산유체공학회 (NODE11184348, IF: 0.26)"
1093,2022,기계공학,986500873,박일룡,2,0.0,0.0,"한국전산유체공학회 (NODE11184334, IF: 0.26)
한국전산유체공학회 (NODE11049546, IF: 0.26)"
1094,2022,기계공학,569084070,민준기,2,0.0,0.0,"한국전산유체공학회 (NODE11184335, IF: 0.26)
한국유체기계학회 (NODE11031029, IF: 0.38)"
1095,2022,기계공학,687587,김민규,2,0.0,0.0,"한국전산유체공학회 (NODE11184340, IF: 0.26)
대한설비공학회 (NODE11081254, IF: 0.42)"
1096,2022,기계공학,1503011,조민철,2,0.0,0.0,"한국전산유체공학회 (NODE11184342, IF: 0.26)
한국기계가공학회 (NODE11154542, IF: 0.35)"
1097,2022,기계공학,396906931,이예승,2,0.0,0.0,"한국전산유체공학회 (NODE11184342, IF: 0.26)
한국기계가공학회 (NODE11154542, IF: 0.35)"
1098,2022,기계공학,5322963,권화빈,2,0.0,0.0,"한국전산유체공학회 (NODE11184346, IF: 0.26)
Korean Society for Precision Engineering (NODE11067907, IF: 0.0)"
1099,2022,기계공학,664559934,최회명,2,0.0,0.0,"한국자동차공학회 (NODE11124811, IF: 0.5)
한국자동차공학회 (NODE11168001, IF: 0.5)"
1100,2022,기계공학,965512580,김한상,2,0.0,0.0,"한국자동차공학회 (NODE11124812, IF: 0.5)
한국자동차공학회 (NODE11048752, IF: 0.5)"
1101,2022,기계공학,720881762,이현종,2,0.0,0.0,"대한설비공학회 (NODE11135915, IF: 0.42)
대한설비공학회 (NODE11065459, IF: 0.42)"
1102,2022,기계공학,736772553,정운,2,0.0,0.0,"대한설비공학회 (NODE11157523, IF: 0.42)
대한설비공학회 (NODE11056004, IF: 0.42)"
1103,2022,기계공학,358634038,이남수,2,0.0,0.0,"대한설비공학회 (NODE11157525, IF: 0.42)
Korean Society for Precision Engineering (NODE11028917, IF: 0.0)"
1104,2022,기계공학,5477867,김종한,2,0.0,0.0,"한국항공우주학회 (NODE11157943, IF: 0.32)
한국항공우주학회 (NODE11049829, IF: 0.32)"
1105,2022,기계공학,911256699,현원정,2,0.0,0.0,"한국항공우주학회 (NODE11157945, IF: 0.32)
한국항공우주학회 (NODE11057576, IF: 0.32)"
1106,2022,기계공학,512089161,이대우,2,0.0,0.0,"한국항공우주학회 (NODE11037443, IF: 0.32)
한국항공우주학회 (NODE11029590, IF: 0.32)"
1107,2022,기계공학,456743684,구자예,2,0.0,0.0,"한국항공우주학회 (NODE11037444, IF: 0.32)
한국항공우주학회 (NODE11057575, IF: 0.32)"
1108,2022,기계공학,446319410,권기범,2,0.0,0.0,"한국항공우주학회 (NODE11037450, IF: 0.32)
항공우주시스템공학회 (NODE11193452, IF: 0.26)"
1109,2022,기계공학,226850,박진형,2,0.0,0.0,"한국자동차공학회 (NODE11037454, IF: 0.5)
한국자동차공학회 (NODE11048755, IF: 0.5)"
1110,2022,기계공학,168624601,권상욱,2,0.0,0.0,"한국자동차공학회 (NODE11037454, IF: 0.5)
한국자동차공학회 (NODE11048755, IF: 0.5)"
1111,2022,기계공학,4587529,윤상현,2,0.0,0.0,"한국자동차공학회 (NODE11037457, IF: 0.5)
한국소음진동공학회 (NODE11049109, IF: 0.41)"
1112,2022,기계공학,714454716,현대일,2,0.0,0.0,"한국자동차공학회 (NODE11037457, IF: 0.5)
한국소음진동공학회 (NODE11049109, IF: 0.41)"
1113,2022,기계공학,679891118,박종진,2,0.0,0.0,"한국자동차공학회 (NODE11037461, IF: 0.5)
한국자동차안전학회 (NODE11288038, IF: 0.41)"
1114,2022,기계공학,924887286,박하선,2,0.0,0.0,"한국자동차공학회 (NODE11037461, IF: 0.5)
한국자동차공학회 (NODE11103831, IF: 0.5)"
1115,2022,기계공학,365670484,이선호,2,0.0,0.0,"한국비파괴검사학회 (NODE11037485, IF: 0.49)
한국비파괴검사학회 (NODE11057601, IF: 0.49)"
1116,2022,기계공학,397378826,윤동진,2,0.0,0.0,"한국비파괴검사학회 (NODE11037485, IF: 0.49)
한국비파괴검사학회 (NODE11057601, IF: 0.49)"
1117,2022,기계공학,757781763,조서희,2,0.0,0.0,"대한기계학회 (NODE11038484, IF: 0.55)
한국연소학회 (NODE11212986, IF: 0.45)"
1118,2022,기계공학,887178460,김택영,2,0.0,0.0,"대한기계학회 (NODE11038487, IF: 0.55)
한국항공우주학회 (NODE11144692, IF: 0.32)"
1119,2022,기계공학,690117445,송현정,2,0.0,0.0,"대한기계학회 (NODE11038490, IF: 0.55)
한국기계가공학회 (NODE11062028, IF: 0.35)"
1120,2022,기계공학,323009236,진다정,2,0.0,0.0,"대한기계학회 (NODE11038490, IF: 0.55)
한국기계가공학회 (NODE11062028, IF: 0.35)"
1121,2022,기계공학,149306495,김지훈,2,0.0,0.0,"대한기계학회 (NODE11038490, IF: 0.55)
한국기계가공학회 (NODE11062028, IF: 0.35)"
1122,2022,기계공학,182481817,남정수,2,0.0,0.0,"대한기계학회 (NODE11038491, IF: 0.55)
대한기계학회 (NODE11123798, IF: 0.55)"
1123,2022,기계공학,965895094,홍범의,2,0.0,0.0,"한국에너지기후변화학회 (NODE11079971, IF: 0.69)
한국환경에너지공학회 (NODE11184527, IF: 0.13)"
1124,2022,기계공학,954752,송성혁,2,0.0,0.0,"대한기계학회 (NODE11123781, IF: 0.55)
한국생산제조학회 (NODE11175746, IF: 0.37)"
1125,2022,기계공학,579798514,박종우,2,0.0,0.0,"대한기계학회 (NODE11123782, IF: 0.55)
한국생산제조학회 (NODE11175746, IF: 0.37)"
1126,2022,기계공학,434907637,이수연,2,0.0,0.0,"대한기계학회 (NODE11123797, IF: 0.55)
대한기계학회 (NODE11080389, IF: 0.55)"
1127,2022,기계공학,207146528,박승일,2,0.0,0.0,"대한기계학회 (NODE11123797, IF: 0.55)
대한기계학회 (NODE11080389, IF: 0.55)"
1128,2022,기계공학,766765472,한창운,2,0.0,0.0,"대한기계학회 (NODE11123797, IF: 0.55)
대한기계학회 (NODE11080389, IF: 0.55)"
1129,2022,기계공학,122065348,김현우,2,0.0,0.0,"대한기계학회 (NODE11123799, IF: 0.55)
대한기계학회 (NODE11123810, IF: 0.55)"
1130,2022,기계공학,1697976,이재백,2,0.0,0.0,"대한기계학회 (NODE11123799, IF: 0.55)
대한기계학회 (NODE11123810, IF: 0.55)"
1131,2022,기계공학,963690956,최현지,2,0.0,0.0,"대한기계학회 (NODE11123799, IF: 0.55)
대한기계학회 (NODE11123810, IF: 0.55)"
1132,2022,기계공학,107297694,문선우,2,0.0,0.0,"대한기계학회 (NODE11123799, IF: 0.55)
대한기계학회 (NODE11123810, IF: 0.55)"
1133,2022,기계공학,378587804,최병호,2,0.0,0.0,"대한기계학회 (NODE11123803, IF: 0.55)
대한기계학회 (NODE11135367, IF: 0.55)"
1134,2022,기계공학,182585251,안형준,2,0.0,0.0,"대한기계학회 (NODE11123814, IF: 0.55)
Korean Society for Precision Engineering (NODE10820567, IF: 0.0)"
1135,2022,기계공학,114636,김병준,2,0.0,0.0,"대한기계학회 (NODE11123816, IF: 0.55)
대한기계학회 (NODE11169356, IF: 0.55)"
1136,2022,기계공학,894364533,홍희기,2,0.0,0.0,"대한설비공학회 (NODE11123978, IF: 0.42)
대한설비공학회 (NODE11170675, IF: 0.42)"
1137,2022,기계공학,507137253,엄병환,2,0.0,0.0,"대한설비공학회 (NODE11123981, IF: 0.42)
대한설비공학회 (NODE11167308, IF: 0.42)"
1138,2022,기계공학,411928422,이선영,2,0.0,0.0,"한국추진공학회 (NODE11123986, IF: 0.31)
한국추진공학회 (NODE11058060, IF: 0.31)"
1139,2022,기계공학,241520124,오종윤,2,0.0,0.0,"한국추진공학회 (NODE11123986, IF: 0.31)
한국추진공학회 (NODE11058060, IF: 0.31)"
1140,2022,기계공학,301008566,조남경,2,0.0,0.0,"한국추진공학회 (NODE11123993, IF: 0.31)
한국추진공학회 (NODE11058064, IF: 0.31)"
1141,2022,기계공학,414844539,김승한,2,0.0,0.0,"한국추진공학회 (NODE11123993, IF: 0.31)
한국추진공학회 (NODE11058064, IF: 0.31)"
1142,2022,기계공학,830045635,한영민,2,0.0,0.0,"한국추진공학회 (NODE11123993, IF: 0.31)
한국추진공학회 (NODE11058064, IF: 0.31)"
1143,2022,기계공학,979970702,최재훈,2,0.0,0.0,"한국기계가공학회 (NODE11130224, IF: 0.35)
한국기계가공학회 (NODE11173077, IF: 0.35)"
1144,2022,기계공학,270556520,김재승,2,0.0,0.0,"한국기계가공학회 (NODE11130224, IF: 0.35)
한국기계가공학회 (NODE11173077, IF: 0.35)"
1145,2022,기계공학,295252240,박준영,2,0.0,0.0,"한국기계가공학회 (NODE11130225, IF: 0.35)
한국기계가공학회 (NODE11130225, IF: 0.35)"
1146,2022,기계공학,175067730,조은만,2,0.0,0.0,"한국기계가공학회 (NODE11130226, IF: 0.35)
한국기계가공학회 (NODE11083752, IF: 0.35)"
1147,2022,기계공학,572117903,김동건,2,0.0,0.0,"한국기계가공학회 (NODE11130226, IF: 0.35)
한국기계가공학회 (NODE11154548, IF: 0.35)"
1148,2022,기계공학,793484781,안길영,2,0.0,0.0,"한국기계가공학회 (NODE11130227, IF: 0.35)
한국기계가공학회 (NODE11130232, IF: 0.35)"
1149,2022,기계공학,593630302,표창민,2,0.0,0.0,"한국기계가공학회 (NODE11130233, IF: 0.35)
한국기계가공학회 (NODE11130233, IF: 0.35)"
1150,2022,기계공학,716986465,김산,2,0.0,0.0,"한국기계가공학회 (NODE11130239, IF: 0.35)
한국기계가공학회 (NODE11173082, IF: 0.35)"
1151,2022,기계공학,221746066,강남현,2,0.0,0.0,"대한용접·접합학회 (NODE11186626, IF: 0.65)
대한용접·접합학회 (NODE11078272, IF: 0.65)"
1152,2022,기계공학,385693826,Arun Lalachan,2,0.0,0.0,"대한용접·접합학회 (NODE11186627, IF: 0.65)
대한용접·접합학회 (NODE11186628, IF: 0.65)"
1153,2022,기계공학,327968,김영민,2,0.0,0.0,"한국마린엔지니어링학회 (NODE11187071, IF: 0.08)
대한설비공학회 (NODE11167304, IF: 0.42)"
1154,2022,기계공학,179601049,In-Tae Kim,2,0.0,0.0,"한국마린엔지니어링학회 (NODE11187076, IF: 0.08)
한국마린엔지니어링학회 (NODE11151265, IF: 0.08)"
1155,2022,기계공학,230547131,In-Seob Kim,2,0.0,0.0,"한국마린엔지니어링학회 (NODE11187076, IF: 0.08)
한국마린엔지니어링학회 (NODE11151271, IF: 0.08)"
1156,2022,기계공학,385594775,최성웅,2,0.0,0.0,"한국마린엔지니어링학회 (NODE11187077, IF: 0.08)
한국표면공학회 (NODE11192385, IF: 0.25)"
1157,2022,기계공학,470660255,Ja-Chun Koo,2,0.0,0.0,"항공우주시스템공학회 (NODE11193360, IF: 0.26)
항공우주시스템공학회 (NODE11193364, IF: 0.26)"
1158,2022,기계공학,168848684,장미,2,0.0,0.0,"항공우주시스템공학회 (NODE11193385, IF: 0.26)
한국항공우주학회 (NODE11065395, IF: 0.32)"
1159,2022,기계공학,564476775,김재현,2,0.0,0.0,"항공우주시스템공학회 (NODE11193386, IF: 0.26)
한국기계가공학회 (NODE11143082, IF: 0.35)"
1160,2022,기계공학,744474261,박영준,2,0.0,0.0,"항공우주시스템공학회 (NODE11193386, IF: 0.26)
한국기계가공학회 (NODE11143082, IF: 0.35)"
1161,2022,기계공학,976476894,한철희,2,0.0,0.0,"항공우주시스템공학회 (NODE11193388, IF: 0.26)
항공우주시스템공학회 (NODE11193437, IF: 0.26)"
1162,2022,기계공학,142148607,이용규,2,0.0,0.0,"항공우주시스템공학회 (NODE11193389, IF: 0.26)
항공우주시스템공학회 (NODE11193405, IF: 0.26)"
1163,2022,기계공학,471030864,김혜인,2,0.0,0.0,"항공우주시스템공학회 (NODE11193392, IF: 0.26)
항공우주시스템공학회 (NODE11193426, IF: 0.26)"
1164,2022,기계공학,315534366,변선우,2,0.0,0.0,"항공우주시스템공학회 (NODE11193393, IF: 0.26)
한국항공우주학회 (NODE11076420, IF: 0.32)"
1165,2022,기계공학,442262144,이수용,2,0.0,0.0,"항공우주시스템공학회 (NODE11193393, IF: 0.26)
한국항공우주학회 (NODE11076420, IF: 0.32)"
1166,2022,기계공학,633364119,박지민,2,0.0,0.0,"항공우주시스템공학회 (NODE11193395, IF: 0.26)
한국전산유체공학회 (NODE11139423, IF: 0.26)"
1167,2022,기계공학,162080978,황보현,2,0.0,0.0,"항공우주시스템공학회 (NODE11193399, IF: 0.26)
항공우주시스템공학회 (NODE11052291, IF: 0.26)"
1168,2022,기계공학,590973067,김병규,2,0.0,0.0,"항공우주시스템공학회 (NODE11193399, IF: 0.26)
항공우주시스템공학회 (NODE11052291, IF: 0.26)"
1169,2022,기계공학,778672718,이석순,2,0.0,0.0,"항공우주시스템공학회 (NODE11052287, IF: 0.26)
항공우주시스템공학회 (NODE11193445, IF: 0.26)"
1170,2022,기계공학,288575263,김종섭,2,0.0,0.0,"항공우주시스템공학회 (NODE11052288, IF: 0.26)
항공우주시스템공학회 (NODE11193444, IF: 0.26)"
1171,2022,기계공학,989339117,임상수,2,0.0,0.0,"항공우주시스템공학회 (NODE11052288, IF: 0.26)
항공우주시스템공학회 (NODE11193444, IF: 0.26)"
1172,2022,기계공학,174697520,고기옥,2,0.0,0.0,"항공우주시스템공학회 (NODE11052288, IF: 0.26)
항공우주시스템공학회 (NODE11193444, IF: 0.26)"
1173,2022,기계공학,243579924,문용호,2,0.0,0.0,"항공우주시스템공학회 (NODE11052290, IF: 0.26)
항공우주시스템공학회 (NODE11193438, IF: 0.26)"
1174,2022,기계공학,932939224,박형배,2,0.0,0.0,"항공우주시스템공학회 (NODE11052299, IF: 0.26)
항공우주시스템공학회 (NODE11193443, IF: 0.26)"
1175,2022,기계공학,323017369,이현준,2,0.0,0.0,"한국기계가공학회 (NODE11036611, IF: 0.35)
한국기계가공학회 (NODE11044650, IF: 0.35)"
1176,2022,기계공학,452468260,박일환,2,0.0,0.0,"한국기계가공학회 (NODE11036614, IF: 0.35)
한국기계가공학회 (NODE11143077, IF: 0.35)"
1177,2022,기계공학,110791997,김영서,2,0.0,0.0,"한국기계가공학회 (NODE11036617, IF: 0.35)
한국기계가공학회 (NODE11036618, IF: 0.35)"
1178,2022,기계공학,382318491,조동현,2,0.0,0.0,"한국기계가공학회 (NODE11036619, IF: 0.35)
한국기계가공학회 (NODE11044662, IF: 0.35)"
1179,2022,기계공학,376228517,김홍록,2,0.0,0.0,"한국기계가공학회 (NODE11036623, IF: 0.35)
한국기계가공학회 (NODE11044650, IF: 0.35)"
1180,2022,기계공학,418082927,권영식,2,0.0,0.0,"대한설비공학회 (NODE11050733, IF: 0.42)
대한설비공학회 (NODE11057820, IF: 0.42)"
1181,2022,기계공학,865315713,전수빈,2,0.0,0.0,"한국항공우주학회 (NODE11065390, IF: 0.32)
항공우주시스템공학회 (NODE11193412, IF: 0.26)"
1182,2022,기계공학,165867990,강정민,2,0.0,0.0,"한국항공우주학회 (NODE11065391, IF: 0.32)
항공우주시스템공학회 (NODE11193458, IF: 0.26)"
1183,2022,기계공학,4635966,조동현,2,0.0,0.0,"한국항공우주학회 (NODE11065394, IF: 0.32)
한국항공우주학회 (NODE11029590, IF: 0.32)"
1184,2022,기계공학,639192299,민준기,2,0.0,0.0,"대한설비공학회 (NODE11065453, IF: 0.42)
대한설비공학회 (NODE10895689, IF: 0.42)"
1185,2022,기계공학,693468983,김충회,2,0.0,0.0,"대한설비공학회 (NODE11065457, IF: 0.42)
대한설비공학회 (NODE10895694, IF: 0.42)"
1186,2022,기계공학,790851156,이대영,2,0.0,0.0,"대한설비공학회 (NODE11065457, IF: 0.42)
대한설비공학회 (NODE11065459, IF: 0.42)"
1187,2022,기계공학,101598699,박동일,2,0.0,0.0,"대한설비공학회 (NODE11065458, IF: 0.42)
대한설비공학회 (NODE10895695, IF: 0.42)"
1188,2022,기계공학,191544366,김학주,2,0.0,0.0,"한국자동차공학회 (NODE11066771, IF: 0.5)
한국자동차공학회 (NODE11139935, IF: 0.5)"
1189,2022,기계공학,4084740,오세찬,2,0.0,0.0,"한국자동차공학회 (NODE11066771, IF: 0.5)
한국자동차안전학회 (NODE11288050, IF: 0.41)"
1190,2022,기계공학,228408320,최영수,2,0.0,0.0,"한국자동차공학회 (NODE11026938, IF: 0.5)
한국자동차안전학회 (NODE11288057, IF: 0.41)"
1191,2022,기계공학,679987976,공승현,2,0.0,0.0,"한국자동차공학회 (NODE11026938, IF: 0.5)
한국자동차공학회 (NODE11103829, IF: 0.5)"
1192,2022,기계공학,172082216,이평연,2,0.0,0.0,"한국자동차공학회 (NODE11026941, IF: 0.5)
한국자동차공학회 (NODE11048755, IF: 0.5)"
1193,2022,기계공학,409075226,이형철,2,0.0,0.0,"한국자동차공학회 (NODE11026943, IF: 0.5)
한국자동차공학회 (NODE11057617, IF: 0.5)"
1194,2022,기계공학,549339015,조완기,2,0.0,0.0,"한국자동차공학회 (NODE11026943, IF: 0.5)
대한기계학회 (NODE11152520, IF: 0.55)"
1195,2022,기계공학,151736233,Sungyong Ha,2,0.0,0.0,"한국자동차공학회 (NODE11026948, IF: 0.5)
한국자동차공학회 (NODE11103826, IF: 0.5)"
1196,2022,기계공학,430344278,김정윤,2,0.0,0.0,"한국자동차공학회 (NODE11029567, IF: 0.5)
한국자동차공학회 (NODE11057614, IF: 0.5)"
1197,2022,기계공학,397757355,전민혁,2,0.0,0.0,"한국항공우주학회 (NODE11029581, IF: 0.32)
한국항공우주학회 (NODE11144688, IF: 0.32)"
1198,2022,기계공학,854537335,조현준,2,0.0,0.0,"한국항공우주학회 (NODE11029581, IF: 0.32)
한국항공우주학회 (NODE11144688, IF: 0.32)"
1199,2022,기계공학,917986719,김윤수,2,0.0,0.0,"한국항공우주학회 (NODE11029583, IF: 0.32)
한국항공우주학회 (NODE11029584, IF: 0.32)"
1200,2022,기계공학,377474072,유경덕,2,0.0,0.0,"한국항공우주학회 (NODE11029586, IF: 0.32)
한국항공우주학회 (NODE10895658, IF: 0.32)"
1201,2022,기계공학,866313799,박배선,2,0.0,0.0,"한국항공우주학회 (NODE10895663, IF: 0.32)
한국항공우주학회 (NODE10895664, IF: 0.32)"
1202,2022,기계공학,755992996,이학태,2,0.0,0.0,"한국항공우주학회 (NODE10895663, IF: 0.32)
한국항공우주학회 (NODE10895664, IF: 0.32)"
1203,2022,기계공학,451025066,김효중,2,0.0,0.0,"한국항공우주학회 (NODE10895664, IF: 0.32)
한국항공우주학회 (NODE11110008, IF: 0.32)"
1204,2022,기계공학,758489991,전병욱,2,0.0,0.0,"한국자동차공학회 (NODE10895667, IF: 0.5)
한국자동차공학회 (NODE11058515, IF: 0.5)"
1205,2022,기계공학,833448434,김진호,2,0.0,0.0,"한국자동차공학회 (NODE10895671, IF: 0.5)
Korean Society for Precision Engineering (NODE11104881, IF: 0.0)"
1206,2022,기계공학,897969924,나완용,2,0.0,0.0,"한국자동차공학회 (NODE10895672, IF: 0.5)
한국자동차공학회 (NODE10819063, IF: 0.5)"
1207,2022,기계공학,110189608,김민수,2,0.0,0.0,"대한설비공학회 (NODE10895687, IF: 0.42)
대한기계학회 (NODE10959689, IF: 0.55)"
1208,2022,기계공학,277939367,이길봉,2,0.0,0.0,"대한설비공학회 (NODE10895698, IF: 0.42)
대한기계학회 (NODE11152504, IF: 0.55)"
1209,2022,기계공학,350958819,오봉성,2,0.0,0.0,"대한설비공학회 (NODE10895698, IF: 0.42)
대한기계학회 (NODE11152504, IF: 0.55)"
1210,2022,기계공학,112097,권순만,2,0.0,0.0,"대한기계학회 (NODE11071013, IF: 0.55)
한국생산제조학회 (NODE11116836, IF: 0.37)"
1211,2022,기계공학,884738046,하도현,2,0.0,0.0,"대한기계학회 (NODE11071014, IF: 0.55)
대한기계학회 (NODE11169427, IF: 0.55)"
1212,2022,기계공학,673228624,이제환,2,0.0,0.0,"대한기계학회 (NODE11071014, IF: 0.55)
대한기계학회 (NODE11080391, IF: 0.55)"
1213,2022,기계공학,888838814,어재혁,2,0.0,0.0,"대한기계학회 (NODE11071014, IF: 0.55)
대한기계학회 (NODE11169427, IF: 0.55)"
1214,2022,기계공학,4584106,김단아,2,0.0,0.0,"대한기계학회 (NODE11071015, IF: 0.55)
한국기계가공학회 (NODE11072789, IF: 0.35)"
1215,2022,기계공학,686342437,노정필,2,0.0,0.0,"대한기계학회 (NODE11071017, IF: 0.55)
한국표면공학회 (NODE11192385, IF: 0.25)"
1216,2022,기계공학,822462217,구경희,2,0.0,0.0,"대한기계학회 (NODE11071020, IF: 0.55)
대한기계학회 (NODE11049470, IF: 0.55)"
1217,2022,기계공학,380885996,남기우,2,0.0,0.0,"대한기계학회 (NODE11071020, IF: 0.55)
대한기계학회 (NODE11049470, IF: 0.55)"
1218,2022,기계공학,666607814,황해성,2,0.0,0.0,"대한기계학회 (NODE11071023, IF: 0.55)
대한기계학회 (NODE11049476, IF: 0.55)"
1219,2022,기계공학,485972499,이광기,2,0.0,0.0,"대한기계학회 (NODE11071023, IF: 0.55)
대한기계학회 (NODE11057738, IF: 0.55)"
1220,2022,기계공학,970704789,김성태,2,0.0,0.0,"대한기계학회 (NODE11071025, IF: 0.55)
대한기계학회 (NODE11057726, IF: 0.55)"
1221,2022,기계공학,528872416,김양진,2,0.0,0.0,"대한기계학회 (NODE11071025, IF: 0.55)
대한기계학회 (NODE11057726, IF: 0.55)"
1222,2022,기계공학,268161076,설욱제,2,0.0,0.0,"한국소음진동공학회 (NODE11072703, IF: 0.41)
한국소음진동공학회 (NODE11147948, IF: 0.41)"
1223,2022,기계공학,636220740,곽기명,2,0.0,0.0,"한국기계가공학회 (NODE11072784, IF: 0.35)
한국기계가공학회 (NODE11083748, IF: 0.35)"
1224,2022,기계공학,528083257,백진욱,2,0.0,0.0,"한국기계가공학회 (NODE11072784, IF: 0.35)
한국기계가공학회 (NODE11083748, IF: 0.35)"
1225,2022,기계공학,783421470,정해진,2,0.0,0.0,"한국기계가공학회 (NODE11072786, IF: 0.35)
한국기계가공학회 (NODE11083761, IF: 0.35)"
1226,2022,기계공학,144519021,성동민,2,0.0,0.0,"한국기계가공학회 (NODE11072788, IF: 0.35)
한국기계가공학회 (NODE11143089, IF: 0.35)"
1227,2022,기계공학,127718490,박용석,2,0.0,0.0,"한국기계가공학회 (NODE11072788, IF: 0.35)
한국기계가공학회 (NODE11143089, IF: 0.35)"
1228,2022,기계공학,526279950,서정세,2,0.0,0.0,"한국기계가공학회 (NODE11072788, IF: 0.35)
한국기계가공학회 (NODE11143089, IF: 0.35)"
1229,2022,기계공학,150408059,전형렬,2,0.0,0.0,"한국기계가공학회 (NODE11072790, IF: 0.35)
한국기계가공학회 (NODE11143078, IF: 0.35)"
1230,2022,기계공학,967675598,주우정,2,0.0,0.0,"한국기계가공학회 (NODE11072790, IF: 0.35)
한국기계가공학회 (NODE11143078, IF: 0.35)"
1231,2022,기계공학,247337001,전차수,2,0.0,0.0,"한국기계가공학회 (NODE11072793, IF: 0.35)
한국기계가공학회 (NODE11083758, IF: 0.35)"
1232,2022,기계공학,606978014,신승원,2,0.0,0.0,"대한기계학회 (NODE11034334, IF: 0.55)
한국전산유체공학회 (NODE11049540, IF: 0.26)"
1233,2022,기계공학,692926617,이현구,2,0.0,0.0,"한국소음진동공학회 (NODE11034346, IF: 0.41)
한국소음진동공학회 (NODE11114146, IF: 0.41)"
1234,2022,기계공학,905410721,김무석,2,0.0,0.0,"한국소음진동공학회 (NODE11034346, IF: 0.41)
한국소음진동공학회 (NODE11114146, IF: 0.41)"
1235,2022,기계공학,232910869,김수홍,2,0.0,0.0,"한국소음진동공학회 (NODE11034347, IF: 0.41)
한국소음진동공학회 (NODE11076408, IF: 0.41)"
1236,2022,기계공학,933664045,류종관,2,0.0,0.0,"한국소음진동공학회 (NODE11034347, IF: 0.41)
한국소음진동공학회 (NODE11076408, IF: 0.41)"
1237,2022,기계공학,127428324,문영선,2,0.0,0.0,"한국소음진동공학회 (NODE11034349, IF: 0.41)
한국소음진동공학회 (NODE11076403, IF: 0.41)"
1238,2022,기계공학,318235498,이희창,2,0.0,0.0,"한국소음진동공학회 (NODE11034349, IF: 0.41)
한국소음진동공학회 (NODE11076403, IF: 0.41)"
1239,2022,기계공학,212470157,김성용,2,0.0,0.0,"한국소음진동공학회 (NODE11034349, IF: 0.41)
한국소음진동공학회 (NODE11076403, IF: 0.41)"
1240,2022,기계공학,462055587,이은호,2,0.0,0.0,"한국소음진동공학회 (NODE11034354, IF: 0.41)
한국소음진동공학회 (NODE11114148, IF: 0.41)"
1241,2022,기계공학,641342610,라치웅,2,0.0,0.0,"한국소음진동공학회 (NODE11034354, IF: 0.41)
한국소음진동공학회 (NODE11114148, IF: 0.41)"
1242,2022,기계공학,126596035,사용철,2,0.0,0.0,"대한설비공학회 (NODE11170675, IF: 0.42)
대한설비공학회 (NODE11170677, IF: 0.42)"
1243,2022,기계공학,558104889,윤인규,2,0.0,0.0,"대한설비공학회 (NODE11170675, IF: 0.42)
대한설비공학회 (NODE11170679, IF: 0.42)"
1244,2022,기계공학,849925115,권용일,2,0.0,0.0,"대한설비공학회 (NODE11170675, IF: 0.42)
대한설비공학회 (NODE11170680, IF: 0.42)"
1245,2022,기계공학,806408351,이승주,2,0.0,0.0,"한국비파괴검사학회 (NODE11188182, IF: 0.49)
한국비파괴검사학회 (NODE11120732, IF: 0.49)"
1246,2022,기계공학,364704607,최제문,2,0.0,0.0,"대한기계학회 (NODE11049457, IF: 0.55)
Korean Society for Precision Engineering (NODE11067907, IF: 0.0)"
1247,2022,기계공학,836052313,이하은,2,0.0,0.0,"대한기계학회 (NODE11049458, IF: 0.55)
대한기계학회 (NODE11049458, IF: 0.55)"
1248,2022,기계공학,378867361,이민철,2,0.0,0.0,"대한기계학회 (NODE11049460, IF: 0.55)
대한기계학회 (NODE11028996, IF: 0.55)"
1249,2022,기계공학,345481292,김동욱,2,0.0,0.0,"한국전산유체공학회 (NODE11049541, IF: 0.26)
한국전산유체공학회 (NODE11049542, IF: 0.26)"
1250,2022,기계공학,454542465,박재형,2,0.0,0.0,"한국전산유체공학회 (NODE11049541, IF: 0.26)
한국전산유체공학회 (NODE11049542, IF: 0.26)"
1251,2022,기계공학,766288589,강형민,2,0.0,0.0,"한국전산유체공학회 (NODE11049545, IF: 0.26)
한국전산유체공학회 (NODE11049547, IF: 0.26)"
1252,2022,기계공학,1016116,이상봉,2,0.0,0.0,"한국전산유체공학회 (NODE11049548, IF: 0.26)
한국전산유체공학회 (NODE11139431, IF: 0.26)"
1253,2022,기계공학,1533627,김용희,2,0.0,0.0,"한국소음진동공학회 (NODE11100890, IF: 0.41)
한국소음진동공학회 (NODE11100897, IF: 0.41)"
1254,2022,기계공학,726483560,순샤오광,2,0.0,0.0,"한국기계가공학회 (NODE11044646, IF: 0.35)
한국기계가공학회 (NODE11112953, IF: 0.35)"
1255,2022,기계공학,800509124,진인태,2,0.0,0.0,"한국기계가공학회 (NODE11044646, IF: 0.35)
한국기계가공학회 (NODE11112953, IF: 0.35)"
1256,2022,기계공학,114236,최성종,2,0.0,0.0,"한국기계가공학회 (NODE11044647, IF: 0.35)
대한기계학회 (NODE11080392, IF: 0.55)"
1257,2022,기계공학,326940850,이대경,2,0.0,0.0,"한국기계가공학회 (NODE11044649, IF: 0.35)
한국기계가공학회 (NODE10959118, IF: 0.35)"
1258,2022,기계공학,114362,손정현,2,0.0,0.0,"한국기계가공학회 (NODE11044649, IF: 0.35)
한국기계가공학회 (NODE10959118, IF: 0.35)"
1259,2022,기계공학,953894136,이세한,2,0.0,0.0,"한국기계가공학회 (NODE11044653, IF: 0.35)
한국기계가공학회 (NODE11173089, IF: 0.35)"
1260,2022,기계공학,354460155,왕덕현,2,0.0,0.0,"한국기계가공학회 (NODE11044653, IF: 0.35)
한국기계가공학회 (NODE11062029, IF: 0.35)"
1261,2022,기계공학,354134402,노우승,2,0.0,0.0,"한국기계가공학회 (NODE11154538, IF: 0.35)
한국기계가공학회 (NODE11062032, IF: 0.35)"
1262,2022,기계공학,188806174,백경윤,2,0.0,0.0,"한국기계가공학회 (NODE11154539, IF: 0.35)
한국기계가공학회 (NODE11201741, IF: 0.35)"
1263,2022,기계공학,521598529,양승한,2,0.0,0.0,"Korean Society for Precision Engineering (NODE11051295, IF: 0.0)
Korean Society for Precision Engineering (NODE11104875, IF: 0.0)"
1264,2022,기계공학,924935358,심진욱,2,0.0,0.0,"Korean Society for Precision Engineering (NODE11051299, IF: 0.0)
한국생산제조학회 (NODE11147166, IF: 0.37)"
1265,2022,기계공학,958861369,임종학,2,0.0,0.0,"한국기계가공학회 (NODE10959122, IF: 0.35)
한국기계가공학회 (NODE10959123, IF: 0.35)"
1266,2022,기계공학,905220608,안재혁,2,0.0,0.0,"한국소음진동공학회 (NODE11056751, IF: 0.41)
한국소음진동공학회 (NODE11076398, IF: 0.41)"
1267,2022,기계공학,359151372,임재혁,2,0.0,0.0,"한국소음진동공학회 (NODE11056752, IF: 0.41)
대한기계학회 (NODE11169436, IF: 0.55)"
1268,2022,기계공학,505071265,이두호,2,0.0,0.0,"한국소음진동공학회 (NODE11056753, IF: 0.41)
한국소음진동공학회 (NODE11056754, IF: 0.41)"
1269,2022,기계공학,514351414,김선용,2,0.0,0.0,"한국소음진동공학회 (NODE11056754, IF: 0.41)
한국소음진동공학회 (NODE11175824, IF: 0.41)"
1270,2022,기계공학,411442173,이상권,2,0.0,0.0,"한국소음진동공학회 (NODE11056756, IF: 0.41)
한국자동차공학회 (NODE11139938, IF: 0.5)"
1271,2022,기계공학,894413623,이형일,2,0.0,0.0,"한국소음진동공학회 (NODE11056758, IF: 0.41)
한국소음진동공학회 (NODE11147952, IF: 0.41)"
1272,2022,기계공학,748384182,강현수,2,0.0,0.0,"한국유체기계학회 (NODE11056896, IF: 0.38)
대한기계학회 (NODE11028993, IF: 0.55)"
1273,2022,기계공학,884370706,배강호,2,0.0,0.0,"한국유체기계학회 (NODE11056897, IF: 0.38)
한국유체기계학회 (NODE11073578, IF: 0.38)"
1274,2022,기계공학,422972048,강승환,2,0.0,0.0,"한국유체기계학회 (NODE11056898, IF: 0.38)
한국유체기계학회 (NODE11031027, IF: 0.38)"
1275,2022,기계공학,852481894,전상욱,2,0.0,0.0,"한국유체기계학회 (NODE11056898, IF: 0.38)
한국추진공학회 (NODE11083705, IF: 0.31)"
1276,2022,기계공학,218801408,김성민,2,0.0,0.0,"한국유체기계학회 (NODE11056903, IF: 0.38)
한국유체기계학회 (NODE11171152, IF: 0.38)"
1277,2022,기계공학,898936102,박성군,2,0.0,0.0,"한국유체기계학회 (NODE11056912, IF: 0.38)
대한기계학회 (NODE11169353, IF: 0.55)"
1278,2022,기계공학,382353310,박정수,2,0.0,0.0,"한국자동차공학회 (NODE11150866, IF: 0.5)
한국자동차공학회 (NODE10819061, IF: 0.5)"
1279,2022,기계공학,332644583,김도경,2,0.0,0.0,"한국자동차공학회 (NODE11150866, IF: 0.5)
한국자동차공학회 (NODE10819061, IF: 0.5)"
1280,2022,기계공학,325659592,박재일,2,0.0,0.0,"한국자동차공학회 (NODE11150869, IF: 0.5)
한국자동차공학회 (NODE11150870, IF: 0.5)"
1281,2022,기계공학,270381049,김승기,2,0.0,0.0,"한국자동차공학회 (NODE11150869, IF: 0.5)
한국자동차공학회 (NODE11150870, IF: 0.5)"
1282,2022,기계공학,466316963,황성욱,2,0.0,0.0,"한국자동차공학회 (NODE11150869, IF: 0.5)
한국자동차공학회 (NODE11150870, IF: 0.5)"
1283,2022,기계공학,934851905,이상호,2,0.0,0.0,"한국자동차공학회 (NODE11150869, IF: 0.5)
한국자동차공학회 (NODE11150870, IF: 0.5)"
1284,2022,기계공학,189648489,김상준,2,0.0,0.0,"한국자동차공학회 (NODE11150869, IF: 0.5)
한국자동차공학회 (NODE11150870, IF: 0.5)"
1285,2022,기계공학,756218468,김우균,2,0.0,0.0,"한국자동차공학회 (NODE11150869, IF: 0.5)
한국자동차공학회 (NODE11150870, IF: 0.5)"
1286,2022,기계공학,212774552,채수원,2,0.0,0.0,"대한설비공학회 (NODE11151055, IF: 0.42)
대한설비공학회 (NODE11108605, IF: 0.42)"
1287,2022,기계공학,133039261,김홍석,2,0.0,0.0,"한국자동차공학회 (NODE11058517, IF: 0.5)
한국자동차공학회 (NODE11103830, IF: 0.5)"
1288,2022,기계공학,2131919,Ujjwal Shrestha,2,0.0,0.0,"한국마린엔지니어링학회 (NODE11058650, IF: 0.08)
한국유체기계학회 (NODE11031028, IF: 0.38)"
1289,2022,기계공학,247825073,Young-Do Choi,2,0.0,0.0,"한국마린엔지니어링학회 (NODE11058650, IF: 0.08)
한국유체기계학회 (NODE11031028, IF: 0.38)"
1290,2022,기계공학,994869811,신효원,2,0.0,0.0,"한국수소및신에너지학회 (NODE11058664, IF: 0.65)
한국수소및신에너지학회 (NODE11038583, IF: 0.65)"
1291,2022,기계공학,889114713,박종규,2,0.0,0.0,"한국기계가공학회 (NODE11173073, IF: 0.35)
한국기계가공학회 (NODE11173073, IF: 0.35)"
1292,2022,기계공학,946745560,김재효,2,0.0,0.0,"한국기계가공학회 (NODE11173080, IF: 0.35)
한국기계가공학회 (NODE11173088, IF: 0.35)"
1293,2022,기계공학,775441081,송정훈,2,0.0,0.0,"한국기계가공학회 (NODE11173084, IF: 0.35)
한국기계가공학회 (NODE11062027, IF: 0.35)"
1294,2022,기계공학,765206009,양민석,2,0.0,0.0,"한국기계가공학회 (NODE11173090, IF: 0.35)
한국기계가공학회 (NODE11112952, IF: 0.35)"
1295,2022,기계공학,492357614,이승엽,2,0.0,0.0,"한국기계가공학회 (NODE11173090, IF: 0.35)
한국기계가공학회 (NODE11112952, IF: 0.35)"
1296,2022,기계공학,524303709,김건우,2,0.0,0.0,"한국기계가공학회 (NODE11173090, IF: 0.35)
한국기계가공학회 (NODE11112952, IF: 0.35)"
1297,2022,기계공학,508139261,김다혜,2,0.0,0.0,"한국기계가공학회 (NODE11173090, IF: 0.35)
한국기계가공학회 (NODE11112952, IF: 0.35)"
1298,2022,기계공학,845635816,이재욱,2,0.0,0.0,"한국기계가공학회 (NODE11173090, IF: 0.35)
한국기계가공학회 (NODE11112952, IF: 0.35)"
1299,2022,기계공학,565915829,최용준,2,0.0,0.0,"한국동력기계공학회 (NODE11080847, IF: 0.38)
한국동력기계공학회 (NODE11057984, IF: 0.38)"
1300,2022,기계공학,393656542,신외경,2,0.0,0.0,"한국자동차공학회 (NODE11139936, IF: 0.5)
한국자동차공학회 (NODE11083471, IF: 0.5)"
1301,2022,기계공학,531369252,강덕수,2,0.0,0.0,"한국항공우주학회 (NODE11144687, IF: 0.32)
항공우주시스템공학회 (NODE11193458, IF: 0.26)"
1302,2022,기계공학,125494946,한동주,2,0.0,0.0,"한국항공우주학회 (NODE11144690, IF: 0.32)
한국항공우주학회 (NODE11110010, IF: 0.32)"
1303,2022,기계공학,607309119,김상조,2,0.0,0.0,"한국항공우주학회 (NODE11144690, IF: 0.32)
한국항공우주학회 (NODE11110010, IF: 0.32)"
1304,2022,기계공학,800735051,이수창,2,0.0,0.0,"한국항공우주학회 (NODE11144690, IF: 0.32)
한국항공우주학회 (NODE11110010, IF: 0.32)"
1305,2022,기계공학,954980006,노명규,2,0.0,0.0,"Korean Society for Precision Engineering (NODE11059687, IF: 0.0)
Korean Society for Precision Engineering (NODE11028917, IF: 0.0)"
1306,2022,기계공학,131200259,박영우,2,0.0,0.0,"Korean Society for Precision Engineering (NODE11059687, IF: 0.0)
Korean Society for Precision Engineering (NODE11028917, IF: 0.0)"
1307,2022,기계공학,626041652,홍성호,2,0.0,0.0,"Korean Society for Precision Engineering (NODE11059688, IF: 0.0)
Korean Society for Precision Engineering (NODE11104880, IF: 0.0)"
1308,2022,기계공학,205949402,이재열,2,0.0,0.0,"Korean Society for Precision Engineering (NODE11059688, IF: 0.0)
Korean Society for Precision Engineering (NODE11104880, IF: 0.0)"
1309,2022,기계공학,252241832,신동호,2,0.0,0.0,"Korean Society for Precision Engineering (NODE11059688, IF: 0.0)
Korean Society for Precision Engineering (NODE11104880, IF: 0.0)"
1310,2022,기계공학,440443714,김관주,2,0.0,0.0,"Korean Society for Precision Engineering (NODE11059691, IF: 0.0)
Korean Society for Precision Engineering (NODE11028913, IF: 0.0)"
1311,2022,기계공학,294641786,조영학,2,0.0,0.0,"Korean Society for Precision Engineering (NODE11059697, IF: 0.0)
Korean Society for Precision Engineering (NODE11139177, IF: 0.0)"
1312,2022,기계공학,103284265,배명호,2,0.0,0.0,"한국트라이볼로지학회 (NODE11158507, IF: 0.35)
한국트라이볼로지학회 (NODE11044804, IF: 0.35)"
1313,2022,기계공학,761175877,조연상,2,0.0,0.0,"한국트라이볼로지학회 (NODE11158507, IF: 0.35)
한국트라이볼로지학회 (NODE11044804, IF: 0.35)"
1314,2022,기계공학,395740531,박태조,2,0.0,0.0,"한국트라이볼로지학회 (NODE11158509, IF: 0.35)
한국트라이볼로지학회 (NODE11196780, IF: 0.35)"
1315,2022,기계공학,154887136,정권종,2,0.0,0.0,"한국트라이볼로지학회 (NODE11158511, IF: 0.35)
한국트라이볼로지학회 (NODE11158512, IF: 0.35)"
1316,2022,기계공학,555068688,백두산,2,0.0,0.0,"한국트라이볼로지학회 (NODE11158511, IF: 0.35)
한국트라이볼로지학회 (NODE11063101, IF: 0.35)"
1317,2022,기계공학,580405548,김태영,2,0.0,0.0,"한국트라이볼로지학회 (NODE11158511, IF: 0.35)
한국트라이볼로지학회 (NODE11063101, IF: 0.35)"
1318,2022,기계공학,450060796,안용한,2,0.0,0.0,"(사)한국CDE학회 (NODE11166834, IF: 1.14)
(사)한국CDE학회 (NODE11068481, IF: 1.14)"
1319,2022,기계공학,694506953,이주성,2,0.0,0.0,"(사)한국CDE학회 (NODE11166834, IF: 1.14)
(사)한국CDE학회 (NODE11068480, IF: 1.14)"
1320,2022,기계공학,313913377,김형진,2,0.0,0.0,"(사)한국CDE학회 (NODE11166835, IF: 1.14)
(사)한국CDE학회 (NODE11166845, IF: 1.14)"
1321,2022,기계공학,931470907,문승환,2,0.0,0.0,"(사)한국CDE학회 (NODE11166835, IF: 1.14)
(사)한국CDE학회 (NODE11166845, IF: 1.14)"
1322,2022,기계공학,114805,김형규,2,0.0,0.0,"한국트라이볼로지학회 (NODE11100461, IF: 0.35)
한국트라이볼로지학회 (NODE11100462, IF: 0.35)"
1323,2022,기계공학,530308987,정명휘,2,0.0,0.0,"한국기계가공학회 (NODE11143080, IF: 0.35)
한국기계가공학회 (NODE11083745, IF: 0.35)"
1324,2022,기계공학,766176215,서보민,2,0.0,0.0,"대한기계학회 (NODE11110647, IF: 0.55)
Korean Society for Precision Engineering (NODE11081392, IF: 0.0)"
1325,2022,기계공학,800332743,이중석,2,0.0,0.0,"대한기계학회 (NODE11110651, IF: 0.55)
대한기계학회 (NODE11110654, IF: 0.55)"
1326,2022,기계공학,152246657,송기욱,2,0.0,0.0,"대한기계학회 (NODE11110662, IF: 0.55)
대한기계학회 (NODE11169431, IF: 0.55)"
1327,2022,기계공학,773029652,임광희,2,0.0,0.0,"한국생산제조학회 (NODE11076351, IF: 0.37)
한국생산제조학회 (NODE11076352, IF: 0.37)"
1328,2022,기계공학,719524894,서유종,2,0.0,0.0,"한국소음진동공학회 (NODE11076399, IF: 0.41)
한국소음진동공학회 (NODE11175819, IF: 0.41)"
1329,2022,기계공학,902327047,이채동,2,0.0,0.0,"한국소음진동공학회 (NODE11076399, IF: 0.41)
한국소음진동공학회 (NODE11175819, IF: 0.41)"
1330,2022,기계공학,296807775,안효동,2,0.0,0.0,"한국소음진동공학회 (NODE11076399, IF: 0.41)
한국소음진동공학회 (NODE11175819, IF: 0.41)"
1331,2022,기계공학,958257159,이상현,2,0.0,0.0,"한국항공우주학회 (NODE11076427, IF: 0.32)
한국항공우주학회 (NODE11110013, IF: 0.32)"
1332,2022,기계공학,536939780,유호준,2,0.0,0.0,"Korean Society for Precision Engineering (NODE11166117, IF: 0.0)
Korean Society for Precision Engineering (NODE11067908, IF: 0.0)"
1333,2022,기계공학,611464221,송동근,2,0.0,0.0,"Korean Society for Precision Engineering (NODE11166117, IF: 0.0)
Korean Society for Precision Engineering (NODE11067908, IF: 0.0)"
1334,2022,기계공학,767894090,이종학,2,0.0,0.0,"대한기계학회 (NODE11152500, IF: 0.55)
한국소음진동공학회 (NODE11114148, IF: 0.41)"
1335,2022,기계공학,268915077,조락균,2,0.0,0.0,"대한기계학회 (NODE11152510, IF: 0.55)
한국동력기계공학회 (NODE11184386, IF: 0.38)"
1336,2022,기계공학,305771266,오세범,2,0.0,0.0,"한국비파괴검사학회 (NODE11082156, IF: 0.49)
한국비파괴검사학회 (NODE11082158, IF: 0.49)"
1337,2022,기계공학,441918,김종범,2,0.0,0.0,"한국비파괴검사학회 (NODE11082156, IF: 0.49)
한국비파괴검사학회 (NODE11082158, IF: 0.49)"
1338,2022,기계공학,752162194,장혜림,2,0.0,0.0,"한국비파괴검사학회 (NODE11082160, IF: 0.49)
한국비파괴검사학회 (NODE11082161, IF: 0.49)"
1339,2022,기계공학,104716297,김세모,2,0.0,0.0,"한국비파괴검사학회 (NODE11082160, IF: 0.49)
한국비파괴검사학회 (NODE11082161, IF: 0.49)"
1340,2022,기계공학,792596771,강래형,2,0.0,0.0,"한국비파괴검사학회 (NODE11082160, IF: 0.49)
한국비파괴검사학회 (NODE11082161, IF: 0.49)"
1341,2022,기계공학,317577705,임선빈,2,0.0,0.0,"한국소음진동공학회 (NODE11175826, IF: 0.41)
한국소음진동공학회 (NODE11114148, IF: 0.41)"
1342,2022,기계공학,986036151,유준선,2,0.0,0.0,"한국소음진동공학회 (NODE11175826, IF: 0.41)
한국소음진동공학회 (NODE11147946, IF: 0.41)"
1343,2022,기계공학,811033617,김경우,2,0.0,0.0,"한국소음진동공학회 (NODE11175827, IF: 0.41)
한국소음진동공학회 (NODE11147948, IF: 0.41)"
1344,2022,기계공학,730496901,신혜경,2,0.0,0.0,"한국소음진동공학회 (NODE11175827, IF: 0.41)
한국소음진동공학회 (NODE11147948, IF: 0.41)"
1345,2022,기계공학,505429993,박상희,2,0.0,0.0,"한국소음진동공학회 (NODE11175827, IF: 0.41)
한국소음진동공학회 (NODE11147948, IF: 0.41)"
1346,2022,기계공학,269879862,류제택,2,0.0,0.0,"유공압건설기계학회 (NODE11176793, IF: 1.02)
유공압건설기계학회 (NODE11176795, IF: 1.02)"
1347,2022,기계공학,666443029,이재학,2,0.0,0.0,"유공압건설기계학회 (NODE11176793, IF: 1.02)
유공압건설기계학회 (NODE11176794, IF: 1.02)"
1348,2022,기계공학,243628804,한재흥,2,0.0,0.0,"한국소음진동공학회 (NODE11147945, IF: 0.41)
한국소음진동공학회 (NODE11114144, IF: 0.41)"
1349,2022,기계공학,963754907,이성현,2,0.0,0.0,"한국소음진동공학회 (NODE11147947, IF: 0.41)
한국소음진동공학회 (NODE11023616, IF: 0.41)"
1350,2022,기계공학,609197366,마평식,2,0.0,0.0,"한국소음진동공학회 (NODE11147947, IF: 0.41)
한국소음진동공학회 (NODE11023616, IF: 0.41)"
1351,2022,기계공학,4625426,민태홍,2,0.0,0.0,"한국소음진동공학회 (NODE11147950, IF: 0.41)
한국소음진동공학회 (NODE11175815, IF: 0.41)"
1352,2022,기계공학,788876493,육도경,2,0.0,0.0,"한국소음진동공학회 (NODE11147954, IF: 0.41)
한국소음진동공학회 (NODE11175823, IF: 0.41)"
1353,2022,기계공학,101763101,장진규,2,0.0,0.0,"한국표면공학회 (NODE11192379, IF: 0.25)
한국표면공학회 (NODE11162590, IF: 0.25)"
1354,2022,기계공학,803110708,김대일,2,0.0,0.0,"한국표면공학회 (NODE11192379, IF: 0.25)
한국표면공학회 (NODE11162590, IF: 0.25)"
1355,2022,기계공학,957894367,김창선,2,0.0,0.0,"한국비파괴검사학회 (NODE11120732, IF: 0.49)
한국비파괴검사학회 (NODE11057597, IF: 0.49)"
1356,2022,기계공학,232708803,박찬익,2,0.0,0.0,"한국비파괴검사학회 (NODE11120734, IF: 0.49)
한국항공우주학회 (NODE11057572, IF: 0.32)"
1357,2022,기계공학,483042577,이승철,2,0.0,0.0,"대한설비공학회 (NODE11100790, IF: 0.42)
대한설비공학회 (NODE11100793, IF: 0.42)"
1358,2022,기계공학,853054823,이혜민,2,0.0,0.0,"대한용접·접합학회 (NODE11078270, IF: 0.65)
대한용접·접합학회 (NODE11057054, IF: 0.65)"
1359,2022,기계공학,685785652,강태영,2,0.0,0.0,"대한용접·접합학회 (NODE11078277, IF: 0.65)
대한용접·접합학회 (NODE11078278, IF: 0.65)"
1360,2022,기계공학,609593468,Karim Md Abdul,2,0.0,0.0,"대한용접·접합학회 (NODE11078277, IF: 0.65)
대한용접·접합학회 (NODE11078278, IF: 0.65)"
1361,2022,기계공학,711514019,남대근,2,0.0,0.0,"대한용접·접합학회 (NODE11078277, IF: 0.65)
대한용접·접합학회 (NODE11078278, IF: 0.65)"
1362,2022,기계공학,650934351,김봉주,2,0.0,0.0,"한국자동차안전학회 (NODE11288036, IF: 0.41)
한국자동차안전학회 (NODE11288054, IF: 0.41)"
1363,2022,기계공학,673050324,이선봉,2,0.0,0.0,"한국자동차안전학회 (NODE11288036, IF: 0.41)
한국자동차안전학회 (NODE11288054, IF: 0.41)"
1364,2022,기계공학,167579683,하태웅,2,0.0,0.0,"한국자동차안전학회 (NODE11288040, IF: 0.41)
한국자동차안전학회 (NODE11288067, IF: 0.41)"
1365,2022,기계공학,752785767,심재훈,2,0.0,0.0,"한국자동차안전학회 (NODE11288041, IF: 0.41)
한국자동차안전학회 (NODE11288058, IF: 0.41)"
1366,2022,기계공학,448508771,이중희,2,0.0,0.0,"한국자동차안전학회 (NODE11288041, IF: 0.41)
한국자동차안전학회 (NODE11288058, IF: 0.41)"
1367,2022,기계공학,237091040,신웅희,2,0.0,0.0,"한국자동차안전학회 (NODE11288041, IF: 0.41)
한국자동차안전학회 (NODE11288058, IF: 0.41)"
1368,2022,기계공학,384546263,서우창,2,0.0,0.0,"한국자동차안전학회 (NODE11288042, IF: 0.41)
한국자동차안전학회 (NODE11288065, IF: 0.41)"
1369,2022,기계공학,191730218,서대화,2,0.0,0.0,"한국자동차안전학회 (NODE11288042, IF: 0.41)
한국자동차안전학회 (NODE11288065, IF: 0.41)"
1370,2022,기계공학,213898615,박형욱,2,0.0,0.0,"한국자동차안전학회 (NODE11288043, IF: 0.41)
한국자동차안전학회 (NODE11288045, IF: 0.41)"
1371,2022,기계공학,727713392,김자유,2,0.0,0.0,"한국자동차안전학회 (NODE11288047, IF: 0.41)
한국자동차안전학회 (NODE11266599, IF: 0.41)"
1372,2022,기계공학,942949433,차현수,2,0.0,0.0,"한국자동차안전학회 (NODE11288047, IF: 0.41)
한국자동차안전학회 (NODE11266599, IF: 0.41)"
1373,2022,기계공학,931705035,이아영,2,0.0,0.0,"한국자동차안전학회 (NODE11288049, IF: 0.41)
한국자동차안전학회 (NODE11288053, IF: 0.41)"
1374,2022,기계공학,617001889,정재원,2,0.0,0.0,"대한설비공학회 (NODE11068931, IF: 0.42)
대한설비공학회 (NODE11028316, IF: 0.42)"
1375,2022,기계공학,712755050,양순용,2,0.0,0.0,"유공압건설기계학회 (NODE11068998, IF: 1.02)
유공압건설기계학회 (NODE11171179, IF: 1.02)"
1376,2022,기계공학,799739677,이경희,2,0.0,0.0,"대한설비공학회 (NODE11028314, IF: 0.42)
한국동력기계공학회 (NODE11184395, IF: 0.38)"
1377,2022,기계공학,633429203,김영범,2,0.0,0.0,"Korean Society for Precision Engineering (NODE11028908, IF: 0.0)
Korean Society for Precision Engineering (NODE11028911, IF: 0.0)"
1378,2022,기계공학,767454509,서정석,2,0.0,0.0,"Korean Society for Precision Engineering (NODE11028919, IF: 0.0)
한국비파괴검사학회 (NODE11057598, IF: 0.49)"
1379,2022,기계공학,108510870,박주현,2,0.0,0.0,"Korean Society for Precision Engineering (NODE11028919, IF: 0.0)
한국비파괴검사학회 (NODE11057598, IF: 0.49)"
1380,2022,기계공학,483757431,정계조,2,0.0,0.0,"Korean Society for Precision Engineering (NODE11028919, IF: 0.0)
한국비파괴검사학회 (NODE11057598, IF: 0.49)"
1381,2022,기계공학,155677307,정형진,2,0.0,0.0,"Korean Society for Precision Engineering (NODE11028921, IF: 0.0)
대한기계학회 (NODE11029008, IF: 0.55)"
1382,2022,기계공학,883358644,김광용,2,0.0,0.0,"대한기계학회 (NODE11028995, IF: 0.55)
대한기계학회 (NODE11057625, IF: 0.55)"
1383,2022,기계공학,177213558,정민규,2,0.0,0.0,"대한기계학회 (NODE11028998, IF: 0.55)
대한기계학회 (NODE11120868, IF: 0.55)"
1384,2022,기계공학,768573092,김소연,2,0.0,0.0,"대한기계학회 (NODE11028998, IF: 0.55)
대한기계학회 (NODE11120868, IF: 0.55)"
1385,2022,기계공학,755584275,정상훈,2,0.0,0.0,"대한기계학회 (NODE11028998, IF: 0.55)
대한기계학회 (NODE11120868, IF: 0.55)"
1386,2022,기계공학,953540424,구돈익,2,0.0,0.0,"대한기계학회 (NODE11028998, IF: 0.55)
대한기계학회 (NODE11120868, IF: 0.55)"
1387,2022,기계공학,200062429,김민성,2,0.0,0.0,"대한기계학회 (NODE11028998, IF: 0.55)
대한기계학회 (NODE11120868, IF: 0.55)"
1388,2022,기계공학,841473749,변한비,2,0.0,0.0,"대한기계학회 (NODE11029005, IF: 0.55)
한국자동차공학회 (NODE11103827, IF: 0.5)"
1389,2022,기계공학,210042251,방혜진,2,0.0,0.0,"대한기계학회 (NODE11029009, IF: 0.55)
대한기계학회 (NODE11169430, IF: 0.55)"
1390,2022,기계공학,399079309,박종원,2,0.0,0.0,"대한기계학회 (NODE11029009, IF: 0.55)
대한기계학회 (NODE11169430, IF: 0.55)"
1391,2022,기계공학,1628939,마상범,2,0.0,0.0,"한국유체기계학회 (NODE11171153, IF: 0.38)
한국수소및신에너지학회 (NODE11038593, IF: 0.65)"
1392,2022,기계공학,547370737,김수태,2,0.0,0.0,"유공압건설기계학회 (NODE11171160, IF: 1.02)
한국기계가공학회 (NODE11112945, IF: 0.35)"
1393,2022,기계공학,781940813,최영휴,2,0.0,0.0,"유공압건설기계학회 (NODE11171160, IF: 1.02)
한국기계가공학회 (NODE11112945, IF: 0.35)"
1394,2022,기계공학,594890389,주경진,2,0.0,0.0,"유공압건설기계학회 (NODE11171160, IF: 1.02)
한국기계가공학회 (NODE11112945, IF: 0.35)"
1395,2022,기계공학,1112857,조재홍,2,0.0,0.0,"유공압건설기계학회 (NODE11171162, IF: 1.02)
유공압건설기계학회 (NODE11171167, IF: 1.02)"
1396,2022,기계공학,849766156,나선준,2,0.0,0.0,"유공압건설기계학회 (NODE11171162, IF: 1.02)
유공압건설기계학회 (NODE11171167, IF: 1.02)"
1397,2022,기계공학,544683269,김민석,2,0.0,0.0,"유공압건설기계학회 (NODE11171162, IF: 1.02)
유공압건설기계학회 (NODE11171167, IF: 1.02)"
1398,2022,기계공학,604324637,박명관,2,0.0,0.0,"유공압건설기계학회 (NODE11171162, IF: 1.02)
유공압건설기계학회 (NODE11171167, IF: 1.02)"
1399,2022,기계공학,574894552,전현호,2,0.0,0.0,"유공압건설기계학회 (NODE11171163, IF: 1.02)
유공압건설기계학회 (NODE11171165, IF: 1.02)"
1400,2022,기계공학,830421424,이준호,2,0.0,0.0,"유공압건설기계학회 (NODE11171163, IF: 1.02)
유공압건설기계학회 (NODE11171165, IF: 1.02)"
1401,2022,기계공학,565353375,홍철운,2,0.0,0.0,"Korean Society for Precision Engineering (NODE10820573, IF: 0.0)
Korean Society for Precision Engineering (NODE11124375, IF: 0.0)"
1402,2022,기계공학,818630174,유미,2,0.0,0.0,"Korean Society for Precision Engineering (NODE10820573, IF: 0.0)
Korean Society for Precision Engineering (NODE11124375, IF: 0.0)"
1403,2022,기계공학,761046489,권대규,2,0.0,0.0,"Korean Society for Precision Engineering (NODE10820573, IF: 0.0)
Korean Society for Precision Engineering (NODE11124375, IF: 0.0)"
1404,2022,기계공학,253096499,박종찬,2,0.0,0.0,"한국추진공학회 (NODE11150343, IF: 0.31)
대한기계학회 (NODE11120911, IF: 0.55)"
1405,2022,기계공학,740884977,김재훈,2,0.0,0.0,"한국추진공학회 (NODE11150343, IF: 0.31)
대한기계학회 (NODE11120911, IF: 0.55)"
1406,2022,기계공학,473553417,김재승,2,0.0,0.0,"한국추진공학회 (NODE11150345, IF: 0.31)
한국전산유체공학회 (NODE11139419, IF: 0.26)"
1407,2022,기계공학,937788124,최성만,2,0.0,0.0,"한국추진공학회 (NODE11150347, IF: 0.31)
한국추진공학회 (NODE11058062, IF: 0.31)"
1408,2022,기계공학,360661949,김민지,2,0.0,0.0,"Korean Society for Precision Engineering (NODE11104872, IF: 0.0)
Korean Society for Precision Engineering (NODE11124380, IF: 0.0)"
1409,2022,기계공학,495278578,정선호,2,0.0,0.0,"Korean Society for Precision Engineering (NODE11104872, IF: 0.0)
Korean Society for Precision Engineering (NODE11124380, IF: 0.0)"
1410,2022,기계공학,726013942,박영욱,2,0.0,0.0,"Korean Society for Precision Engineering (NODE11104872, IF: 0.0)
Korean Society for Precision Engineering (NODE11124380, IF: 0.0)"
1411,2022,기계공학,158200148,정해도,2,0.0,0.0,"Korean Society for Precision Engineering (NODE11104872, IF: 0.0)
Korean Society for Precision Engineering (NODE11124380, IF: 0.0)"
1412,2022,기계공학,175155331,강민식,2,0.0,0.0,"Korean Society for Precision Engineering (NODE11104874, IF: 0.0)
Korean Society for Precision Engineering (NODE11067899, IF: 0.0)"
1413,2022,기계공학,801267158,정영훈,2,0.0,0.0,"Korean Society for Precision Engineering (NODE11104875, IF: 0.0)
Korean Society for Precision Engineering (NODE11139179, IF: 0.0)"
1414,2022,기계공학,844133413,박태현,2,0.0,0.0,"Korean Society for Precision Engineering (NODE11104877, IF: 0.0)
한국기계가공학회 (NODE11083749, IF: 0.35)"
1415,2022,기계공학,454809352,황성철,2,0.0,0.0,"한국동력기계공학회 (NODE11057984, IF: 0.38)
한국동력기계공학회 (NODE11184393, IF: 0.38)"
1416,2022,기계공학,111008405,노지선,2,0.0,0.0,"대한용접·접합학회 (NODE11151137, IF: 0.65)
대한용접·접합학회 (NODE11057046, IF: 0.65)"
1417,2022,기계공학,965608519,주우현,2,0.0,0.0,"대한용접·접합학회 (NODE11151143, IF: 0.65)
대한용접·접합학회 (NODE11124272, IF: 0.65)"
1418,2022,기계공학,879820962,김태완,2,0.0,0.0,"대한용접·접합학회 (NODE11151143, IF: 0.65)
대한용접·접합학회 (NODE11124272, IF: 0.65)"
1419,2022,기계공학,598749461,고준석,2,0.0,0.0,"한국동력기계공학회 (NODE11151288, IF: 0.38)
한국동력기계공학회 (NODE11184394, IF: 0.38)"
1420,2022,기계공학,632049938,박지호,2,0.0,0.0,"한국동력기계공학회 (NODE11151288, IF: 0.38)
한국동력기계공학회 (NODE11184394, IF: 0.38)"
1421,2022,기계공학,744062067,김효봉,2,0.0,0.0,"한국동력기계공학회 (NODE11151288, IF: 0.38)
한국동력기계공학회 (NODE11184394, IF: 0.38)"
1422,2022,기계공학,318696015,염한길,2,0.0,0.0,"한국동력기계공학회 (NODE11151288, IF: 0.38)
한국동력기계공학회 (NODE11184394, IF: 0.38)"
1423,2022,기계공학,212963884,홍용주,2,0.0,0.0,"한국동력기계공학회 (NODE11151288, IF: 0.38)
한국동력기계공학회 (NODE11184394, IF: 0.38)"
1424,2022,기계공학,869099981,인세환,2,0.0,0.0,"한국동력기계공학회 (NODE11151288, IF: 0.38)
한국동력기계공학회 (NODE11184394, IF: 0.38)"
1425,2022,기계공학,410854138,박성제,2,0.0,0.0,"한국동력기계공학회 (NODE11151288, IF: 0.38)
한국동력기계공학회 (NODE11184394, IF: 0.38)"
1426,2022,기계공학,411922494,전동순,2,0.0,0.0,"한국유체기계학회 (NODE11031030, IF: 0.38)
대한기계학회 (NODE11057623, IF: 0.55)"
1427,2022,기계공학,915145647,고지운,2,0.0,0.0,"한국유체기계학회 (NODE11031030, IF: 0.38)
대한기계학회 (NODE11057623, IF: 0.55)"
1428,2022,기계공학,488630957,이건명,2,0.0,0.0,"한국기계가공학회 (NODE11083757, IF: 0.35)
한국소음진동공학회 (NODE11114151, IF: 0.41)"
1429,2022,기계공학,878039455,오영택,2,0.0,0.0,"한국유체기계학회 (NODE11073580, IF: 0.38)
한국추진공학회 (NODE11152341, IF: 0.31)"
1430,2022,기계공학,5133415,김혜빈,2,0.0,0.0,"한국유체기계학회 (NODE11073580, IF: 0.38)
한국추진공학회 (NODE11152341, IF: 0.31)"
1431,2022,기계공학,703952736,김귀순,2,0.0,0.0,"한국유체기계학회 (NODE11073580, IF: 0.38)
한국추진공학회 (NODE11152341, IF: 0.31)"
1432,2022,기계공학,221383885,정성균,2,0.0,0.0,"Korean Society for Precision Engineering (NODE11067902, IF: 0.0)
Korean Society for Precision Engineering (NODE11124384, IF: 0.0)"
1433,2022,기계공학,475046543,김철민,2,0.0,0.0,"Korean Society for Precision Engineering (NODE11067903, IF: 0.0)
Korean Society for Precision Engineering (NODE11139178, IF: 0.0)"
1434,2022,기계공학,146190135,곽지섭,2,0.0,0.0,"한국자동차안전학회 (NODE11288061, IF: 0.41)
한국자동차안전학회 (NODE11288064, IF: 0.41)"
1435,2022,기계공학,922413957,고정일,2,0.0,0.0,"한국기계가공학회 (NODE11062031, IF: 0.35)
한국기계가공학회 (NODE11201740, IF: 0.35)"
1436,2022,기계공학,882798207,김영신,2,0.0,0.0,"한국기계가공학회 (NODE11062040, IF: 0.35)
한국기계가공학회 (NODE11112950, IF: 0.35)"
1437,2022,기계공학,191861224,권정혁,2,0.0,0.0,"항공우주시스템공학회 (NODE11193407, IF: 0.26)
항공우주시스템공학회 (NODE11193459, IF: 0.26)"
1438,2022,기계공학,420611166,이왕상,2,0.0,0.0,"항공우주시스템공학회 (NODE11193407, IF: 0.26)
항공우주시스템공학회 (NODE11193459, IF: 0.26)"
1439,2022,기계공학,411097012,김상범,2,0.0,0.0,"항공우주시스템공학회 (NODE11193408, IF: 0.26)
항공우주시스템공학회 (NODE11193460, IF: 0.26)"
1440,2022,기계공학,541454854,박진한,2,0.0,0.0,"항공우주시스템공학회 (NODE11193416, IF: 0.26)
항공우주시스템공학회 (NODE11193421, IF: 0.26)"
1441,2022,기계공학,759114724,김상석,2,0.0,0.0,"항공우주시스템공학회 (NODE11193423, IF: 0.26)
항공우주시스템공학회 (NODE11193460, IF: 0.26)"
1442,2022,기계공학,629589120,최종윤,2,0.0,0.0,"항공우주시스템공학회 (NODE11193423, IF: 0.26)
항공우주시스템공학회 (NODE11193460, IF: 0.26)"
1443,2022,기계공학,525646880,정인호,2,0.0,0.0,"항공우주시스템공학회 (NODE11193435, IF: 0.26)
한국항공우주학회 (NODE11057573, IF: 0.32)"
1444,2022,기계공학,493829151,유민영,2,0.0,0.0,"항공우주시스템공학회 (NODE11193436, IF: 0.26)
항공우주시스템공학회 (NODE11193455, IF: 0.26)"
1445,2022,기계공학,748464295,황욱렬,2,0.0,0.0,"대한기계학회 (NODE11169354, IF: 0.55)
대한기계학회 (NODE11169354, IF: 0.55)"
1446,2022,기계공학,703403992,오동호,2,0.0,0.0,"대한기계학회 (NODE11169429, IF: 0.55)
한국자동차공학회 (NODE11057612, IF: 0.5)"
1447,2022,기계공학,1273587,김현기,2,0.0,0.0,"한국수소및신에너지학회 (NODE11038588, IF: 0.65)
한국수소및신에너지학회 (NODE11038589, IF: 0.65)"
1448,2022,기계공학,863094647,이동민,2,0.0,0.0,"한국수소및신에너지학회 (NODE11038588, IF: 0.65)
한국수소및신에너지학회 (NODE11038589, IF: 0.65)"
1449,2022,기계공학,714545062,신단비,2,0.0,0.0,"한국수소및신에너지학회 (NODE11038588, IF: 0.65)
한국수소및신에너지학회 (NODE11038589, IF: 0.65)"
1450,2022,기계공학,452271155,임병주,2,0.0,0.0,"한국수소및신에너지학회 (NODE11038592, IF: 0.65)
한국수소및신에너지학회 (NODE11038592, IF: 0.65)"
1451,2022,기계공학,964984394,김동선,2,0.0,0.0,"한국기계가공학회 (NODE11112947, IF: 0.35)
한국기계가공학회 (NODE11112949, IF: 0.35)"
1452,2022,기계공학,5168041,박동희,2,0.0,0.0,"한국소음진동공학회 (NODE11114145, IF: 0.41)
한국소음진동공학회 (NODE11175815, IF: 0.41)"
1453,2022,기계공학,541913457,윤홍우,2,0.0,0.0,"한국소음진동공학회 (NODE11114152, IF: 0.41)
한국소음진동공학회 (NODE11114153, IF: 0.41)"
1454,2022,기계공학,616750611,권병진,2,0.0,0.0,"한국소음진동공학회 (NODE11114152, IF: 0.41)
한국소음진동공학회 (NODE11114153, IF: 0.41)"
1455,2022,기계공학,575882882,이정현,2,0.0,0.0,"한국소음진동공학회 (NODE11114152, IF: 0.41)
한국소음진동공학회 (NODE11114153, IF: 0.41)"
1456,2022,기계공학,162178614,김남진,2,0.0,0.0,"대한설비공학회 (NODE11081255, IF: 0.42)
대한설비공학회 (NODE11138403, IF: 0.42)"
1457,2022,기계공학,375457145,이현민,2,0.0,0.0,"Korean Society for Precision Engineering (NODE11081388, IF: 0.0)
Korean Society for Precision Engineering (NODE11081389, IF: 0.0)"
1458,2022,기계공학,375113611,고영배,2,0.0,0.0,"Korean Society for Precision Engineering (NODE11081388, IF: 0.0)
Korean Society for Precision Engineering (NODE11081389, IF: 0.0)"
1459,2022,기계공학,907850800,김호,2,0.0,0.0,"한국자동차안전학회 (NODE11266595, IF: 0.41)
한국자동차안전학회 (NODE11266605, IF: 0.41)"
1460,2022,기계공학,568481154,소영명,2,0.0,0.0,"한국자동차안전학회 (NODE11266595, IF: 0.41)
한국자동차안전학회 (NODE11266605, IF: 0.41)"
1461,2022,기계공학,859215301,한경희,2,0.0,0.0,"한국자동차안전학회 (NODE11266596, IF: 0.41)
한국자동차안전학회 (NODE11266607, IF: 0.41)"
1462,2022,기계공학,715129978,김경진,2,0.0,0.0,"한국자동차안전학회 (NODE11266596, IF: 0.41)
한국자동차안전학회 (NODE11266607, IF: 0.41)"
1463,2022,기계공학,304208383,김시우,2,0.0,0.0,"한국자동차안전학회 (NODE11266596, IF: 0.41)
한국자동차안전학회 (NODE11266607, IF: 0.41)"
1464,2022,기계공학,1854818,진병주,2,0.0,0.0,"대한용접·접합학회 (NODE11124269, IF: 0.65)
대한용접·접합학회 (NODE11124270, IF: 0.65)"
1465,2022,기계공학,567671428,장호준,2,0.0,0.0,"한국전산유체공학회 (NODE11139424, IF: 0.26)
한국전산유체공학회 (NODE11139425, IF: 0.26)"
1466,2022,기계공학,532083676,김훈재,2,0.0,0.0,"한국전산유체공학회 (NODE11139424, IF: 0.26)
한국전산유체공학회 (NODE11139425, IF: 0.26)"
1467,2022,기계공학,833277203,김병수,2,0.0,0.0,"한국전산유체공학회 (NODE11139424, IF: 0.26)
한국전산유체공학회 (NODE11139425, IF: 0.26)"
1468,2022,기계공학,312331359,권오경,2,0.0,0.0,"대한기계학회 (NODE11057623, IF: 0.55)
대한설비공학회 (NODE11057818, IF: 0.42)"
1469,2022,기계공학,743860935,최두진,2,0.0,0.0,"대한기계학회 (NODE11057728, IF: 0.55)
대한용접·접합학회 (NODE11057047, IF: 0.65)"
1470,2022,기계공학,631633325,강별,2,0.0,0.0,"한국동력기계공학회 (NODE11184397, IF: 0.38)
한국연소학회 (NODE11212991, IF: 0.45)"
1471,2022,기계공학,729685305,손인준,2,0.0,0.0,"한국표면공학회 (NODE11192386, IF: 0.25)
한국표면공학회 (NODE11192395, IF: 0.25)"
1472,2022,기계공학,653378993,송근호,2,0.0,0.0,"대한설비공학회 (NODE11056029, IF: 0.42)
대한설비공학회 (NODE11056031, IF: 0.42)"
1473,2022,기계공학,523855261,유민혁,2,0.0,0.0,"한국생산제조학회 (NODE11056368, IF: 0.37)
한국생산제조학회 (NODE11056368, IF: 0.37)"
1474,2022,기계공학,232327673,신주혜,2,0.0,0.0,"한국생산제조학회 (NODE11056368, IF: 0.37)
한국생산제조학회 (NODE11175734, IF: 0.37)"
1475,2022,기계공학,912497932,이창수,2,0.0,0.0,"한국생산제조학회 (NODE11056368, IF: 0.37)
한국생산제조학회 (NODE11175734, IF: 0.37)"
1476,2022,기계공학,628481892,이득귀,2,0.0,0.0,"한국생산제조학회 (NODE11056368, IF: 0.37)
한국생산제조학회 (NODE11175734, IF: 0.37)"
1477,2022,기계공학,763660741,박영창,2,0.0,0.0,"한국생산제조학회 (NODE11056368, IF: 0.37)
한국생산제조학회 (NODE11175734, IF: 0.37)"
1478,2022,기계공학,465767964,허진,2,0.0,0.0,"한국생산제조학회 (NODE11056368, IF: 0.37)
한국생산제조학회 (NODE11175734, IF: 0.37)"
1479,2022,기계공학,163857640,권형진,2,0.0,0.0,"한국생산제조학회 (NODE11056368, IF: 0.37)
한국생산제조학회 (NODE11175734, IF: 0.37)"
1480,2022,기계공학,956121251,심동하,2,0.0,0.0,"한국생산제조학회 (NODE11056368, IF: 0.37)
한국생산제조학회 (NODE11175734, IF: 0.37)"
1481,2022,기계공학,664840127,이진환,2,0.0,0.0,"한국자동차공학회 (NODE11110218, IF: 0.5)
한국자동차공학회 (NODE11110219, IF: 0.5)"
1482,2022,기계공학,374515345,Sung-Hoon Choo,1,0.0,0.0,"한국유체기계학회 (NODE11124040, IF: 0.38)"
1483,2022,기계공학,680246877,Hyeon-Woo Nam,1,0.0,0.0,"한국유체기계학회 (NODE11124040, IF: 0.38)"
1484,2022,기계공학,599381570,곽용준,1,0.0,0.0,"한국유체기계학회 (NODE11124043, IF: 0.38)"
1485,2022,기계공학,610400434,김성환,1,0.0,0.0,"한국유체기계학회 (NODE11124043, IF: 0.38)"
1486,2022,기계공학,191595706,조윤제,1,0.0,0.0,"한국유체기계학회 (NODE11124043, IF: 0.38)"
1487,2022,기계공학,839012817,백현창,1,0.0,0.0,"한국유체기계학회 (NODE11124043, IF: 0.38)"
1488,2022,기계공학,735119739,서진혁,1,0.0,0.0,"한국유체기계학회 (NODE11124044, IF: 0.38)"
1489,2022,기계공학,529097940,신동환,1,0.0,0.0,"한국유체기계학회 (NODE11124044, IF: 0.38)"
1490,2022,기계공학,729775488,이정호,1,0.0,0.0,"한국유체기계학회 (NODE11124044, IF: 0.38)"
1491,2022,기계공학,407089748,이권수,1,0.0,0.0,"한국동력기계공학회 (NODE11124209, IF: 0.38)"
1492,2022,기계공학,506185828,안용식,1,0.0,0.0,"한국동력기계공학회 (NODE11124209, IF: 0.38)"
1493,2022,기계공학,258429052,안석환,1,0.0,0.0,"한국동력기계공학회 (NODE11124211, IF: 0.38)"
1494,2022,기계공학,915590895,김용래,1,0.0,0.0,"한국동력기계공학회 (NODE11124213, IF: 0.38)"
1495,2022,기계공학,369410947,임알렉산드르,1,0.0,0.0,"한국동력기계공학회 (NODE11124213, IF: 0.38)"
1496,2022,기계공학,676299948,송승호,1,0.0,0.0,"한국동력기계공학회 (NODE11124213, IF: 0.38)"
1497,2022,기계공학,294498415,최주엽,1,0.0,0.0,"한국동력기계공학회 (NODE11124213, IF: 0.38)"
1498,2022,기계공학,708935504,윤지원,1,0.0,0.0,"한국동력기계공학회 (NODE11124217, IF: 0.38)"
1499,2022,기계공학,320577563,김현주,1,0.0,0.0,"한국동력기계공학회 (NODE11124217, IF: 0.38)"
1500,2022,기계공학,379979104,이호생,1,0.0,0.0,"한국동력기계공학회 (NODE11124217, IF: 0.38)"
1501,2022,기계공학,317527732,문정현,1,0.0,0.0,"한국동력기계공학회 (NODE11124218, IF: 0.38)"
1502,2022,기계공학,652319908,조윤환,1,0.0,0.0,"대한용접·접합학회 (NODE11124262, IF: 0.65)"
1503,2022,기계공학,720334038,김태훈,1,0.0,0.0,"대한용접·접합학회 (NODE11124262, IF: 0.65)"
1504,2022,기계공학,700320669,김치원,1,0.0,0.0,"대한용접·접합학회 (NODE11124262, IF: 0.65)"
1505,2022,기계공학,604662059,정승진,1,0.0,0.0,"대한용접·접합학회 (NODE11124262, IF: 0.65)"
1506,2022,기계공학,184946767,홍현욱,1,0.0,0.0,"대한용접·접합학회 (NODE11124262, IF: 0.65)"
1507,2022,기계공학,225242,이희근,1,0.0,0.0,"대한용접·접합학회 (NODE11124263, IF: 0.65)"
1508,2022,기계공학,988195147,윤광희,1,0.0,0.0,"대한용접·접합학회 (NODE11124263, IF: 0.65)"
1509,2022,기계공학,188974098,강정윤,1,0.0,0.0,"대한용접·접합학회 (NODE11124263, IF: 0.65)"
1510,2022,기계공학,373569173,Jae-Hun Kim,1,0.0,0.0,"대한용접·접합학회 (NODE11124264, IF: 0.65)"
1511,2022,기계공학,680102348,Hyunuk Jun,1,0.0,0.0,"대한용접·접합학회 (NODE11124264, IF: 0.65)"
1512,2022,기계공학,722907153,Ilguk Jo,1,0.0,0.0,"대한용접·접합학회 (NODE11124264, IF: 0.65)"
1513,2022,기계공학,854598950,김재훈,1,0.0,0.0,"대한용접·접합학회 (NODE11124265, IF: 0.65)"
1514,2022,기계공학,610624560,조일국,1,0.0,0.0,"대한용접·접합학회 (NODE11124265, IF: 0.65)"
1515,2022,기계공학,4023817,최지아,1,0.0,0.0,"유공압건설기계학회 (NODE11069002, IF: 1.02)"
1516,2022,기계공학,948536424,이병원,1,0.0,0.0,"유공압건설기계학회 (NODE11069003, IF: 1.02)"
1517,2022,기계공학,544371571,손소은,1,0.0,0.0,"대한기계학회 (NODE11071003, IF: 0.55)"
1518,2022,기계공학,412447127,전광우,1,0.0,0.0,"대한기계학회 (NODE11071003, IF: 0.55)"
1519,2022,기계공학,814169509,정현준,1,0.0,0.0,"대한기계학회 (NODE11071003, IF: 0.55)"
1520,2022,기계공학,748498135,김혜림,1,0.0,0.0,"대한기계학회 (NODE11071004, IF: 0.55)"
1521,2022,기계공학,362348822,허민석,1,0.0,0.0,"대한기계학회 (NODE11071004, IF: 0.55)"
1522,2022,기계공학,913836296,서용철,1,0.0,0.0,"대한기계학회 (NODE11071005, IF: 0.55)"
1523,2022,기계공학,476792439,김수용,1,0.0,0.0,"대한기계학회 (NODE11071006, IF: 0.55)"
1524,2022,기계공학,784493728,이두용,1,0.0,0.0,"대한기계학회 (NODE11071006, IF: 0.55)"
1525,2022,기계공학,692149623,조현우,1,0.0,0.0,"대한기계학회 (NODE11071007, IF: 0.55)"
1526,2022,기계공학,108206785,최현,1,0.0,0.0,"한국소음진동공학회 (NODE11137857, IF: 0.41)"
1527,2022,기계공학,183522394,곽선형,1,0.0,0.0,"한국소음진동공학회 (NODE11137858, IF: 0.41)"
1528,2022,기계공학,659490214,전원주,1,0.0,0.0,"한국소음진동공학회 (NODE11137858, IF: 0.41)"
1529,2022,기계공학,627491870,최우성,1,0.0,0.0,"한국소음진동공학회 (NODE11137859, IF: 0.41)"
1530,2022,기계공학,346047545,장지호,1,0.0,0.0,"한국소음진동공학회 (NODE11137861, IF: 0.41)"
1531,2022,기계공학,442980716,이수영,1,0.0,0.0,"한국소음진동공학회 (NODE11137862, IF: 0.41)"
1532,2022,기계공학,592810626,이승철,1,0.0,0.0,"한국소음진동공학회 (NODE11137862, IF: 0.41)"
1533,2022,기계공학,484062946,한승주,1,0.0,0.0,"한국소음진동공학회 (NODE11137865, IF: 0.41)"
1534,2022,기계공학,130862530,정인화,1,0.0,0.0,"한국소음진동공학회 (NODE11137868, IF: 0.41)"
1535,2022,기계공학,506480682,조용현,1,0.0,0.0,"(사)한국CDE학회 (NODE11038922, IF: 1.14)"
1536,2022,기계공학,980784324,권대용,1,0.0,0.0,"(사)한국CDE학회 (NODE11038922, IF: 1.14)"
1537,2022,기계공학,795054409,정민수,1,0.0,0.0,"(사)한국CDE학회 (NODE11038922, IF: 1.14)"
1538,2022,기계공학,617182823,조동균,1,0.0,0.0,"(사)한국CDE학회 (NODE11038922, IF: 1.14)"
1539,2022,기계공학,853529216,박상동,1,0.0,0.0,"(사)한국CDE학회 (NODE11038922, IF: 1.14)"
1540,2022,기계공학,346871143,박재현,1,0.0,0.0,"유공압건설기계학회 (NODE11038926, IF: 1.02)"
1541,2022,기계공학,390797132,이대현,1,0.0,0.0,"유공압건설기계학회 (NODE11038927, IF: 1.02)"
1542,2022,기계공학,356928667,김형권,1,0.0,0.0,"유공압건설기계학회 (NODE11038927, IF: 1.02)"
1543,2022,기계공학,691848443,원종근,1,0.0,0.0,"유공압건설기계학회 (NODE11038929, IF: 1.02)"
1544,2022,기계공학,711748082,윤종일,1,0.0,0.0,"유공압건설기계학회 (NODE11038929, IF: 1.02)"
1545,2022,기계공학,738605541,이현아,1,0.0,0.0,"유공압건설기계학회 (NODE11038929, IF: 1.02)"
1546,2022,기계공학,541270106,정성교,1,0.0,0.0,"유공압건설기계학회 (NODE11038929, IF: 1.02)"
1547,2022,기계공학,336237243,정재수,1,0.0,0.0,"유공압건설기계학회 (NODE11038929, IF: 1.02)"
1548,2022,기계공학,441357195,문석표,1,0.0,0.0,"유공압건설기계학회 (NODE11038930, IF: 1.02)"
1549,2022,기계공학,462051343,김재승,1,0.0,0.0,"유공압건설기계학회 (NODE11038930, IF: 1.02)"
1550,2022,기계공학,958522263,Hoai-Vu-Anh Truong,1,0.0,0.0,"유공압건설기계학회 (NODE11038931, IF: 1.02)"
1551,2022,기계공학,913151206,Hoai-An Trinh,1,0.0,0.0,"유공압건설기계학회 (NODE11038931, IF: 1.02)"
1552,2022,기계공학,800639078,Kyoung-Kwan Ahn,1,0.0,0.0,"유공압건설기계학회 (NODE11038931, IF: 1.02)"
1553,2022,기계공학,469559000,유일훈,1,0.0,0.0,"유공압건설기계학회 (NODE11038932, IF: 1.02)"
1554,2022,기계공학,531054273,유시복,1,0.0,0.0,"유공압건설기계학회 (NODE11038936, IF: 1.02)"
1555,2022,기계공학,858633138,박정태,1,0.0,0.0,"유공압건설기계학회 (NODE11038936, IF: 1.02)"
1556,2022,기계공학,377669270,임현주,1,0.0,0.0,"유공압건설기계학회 (NODE11038936, IF: 1.02)"
1557,2022,기계공학,829195048,박지훈,1,0.0,0.0,"유공압건설기계학회 (NODE11038936, IF: 1.02)"
1558,2022,기계공학,450054987,이용기,1,0.0,0.0,"유공압건설기계학회 (NODE11038936, IF: 1.02)"
1559,2022,기계공학,738334881,신유영,1,0.0,0.0,"유공압건설기계학회 (NODE11038936, IF: 1.02)"
1560,2022,기계공학,353161107,정기윤,1,0.0,0.0,"유공압건설기계학회 (NODE11038936, IF: 1.02)"
1561,2022,기계공학,672039865,허건수,1,0.0,0.0,"유공압건설기계학회 (NODE11038936, IF: 1.02)"
1562,2022,기계공학,396987974,김기훈,1,0.0,0.0,"유공압건설기계학회 (NODE11038936, IF: 1.02)"
1563,2022,기계공학,283397005,최재호,1,0.0,0.0,"유공압건설기계학회 (NODE11038936, IF: 1.02)"
1564,2022,기계공학,925401216,박근남,1,0.0,0.0,"유공압건설기계학회 (NODE11038937, IF: 1.02)"
1565,2022,기계공학,858274372,김동목,1,0.0,0.0,"유공압건설기계학회 (NODE11038938, IF: 1.02)"
1566,2022,기계공학,370387264,김연태,1,0.0,0.0,"유공압건설기계학회 (NODE11038942, IF: 1.02)"
1567,2022,기계공학,108325170,김용현,1,0.0,0.0,"유공압건설기계학회 (NODE11038942, IF: 1.02)"
1568,2022,기계공학,752312129,정헌술,1,0.0,0.0,"유공압건설기계학회 (NODE11038944, IF: 1.02)"
1569,2022,기계공학,489640327,김성동,1,0.0,0.0,"유공압건설기계학회 (NODE11038945, IF: 1.02)"
1570,2022,기계공학,410690920,Mu-kyeong Kang,1,0.0,0.0,"한국마린엔지니어링학회 (NODE11039075, IF: 0.08)"
1571,2022,기계공학,288751038,Kyu-young Min,1,0.0,0.0,"한국마린엔지니어링학회 (NODE11039075, IF: 0.08)"
1572,2022,기계공학,176686809,Sun-ung Park,1,0.0,0.0,"한국마린엔지니어링학회 (NODE11039075, IF: 0.08)"
1573,2022,기계공학,701678889,Jong-dae Choi,1,0.0,0.0,"한국마린엔지니어링학회 (NODE11039075, IF: 0.08)"
1574,2022,기계공학,245953261,Ui-Jun Kim,1,0.0,0.0,"한국마린엔지니어링학회 (NODE11039076, IF: 0.08)"
1575,2022,기계공학,373140173,Jun-Sub Yeo,1,0.0,0.0,"한국마린엔지니어링학회 (NODE11039077, IF: 0.08)"
1576,2022,기계공학,146083597,송무근,1,0.0,0.0,"한국마린엔지니어링학회 (NODE11039077, IF: 0.08)"
1577,2022,기계공학,539488550,Gamini Lokuketagoda,1,0.0,0.0,"한국마린엔지니어링학회 (NODE11039080, IF: 0.08)"
1578,2022,기계공학,149664393,Takashi Miwa,1,0.0,0.0,"한국마린엔지니어링학회 (NODE11039080, IF: 0.08)"
1579,2022,기계공학,364084740,조문교,1,0.0,0.0,"한국마린엔지니어링학회 (NODE11039086, IF: 0.08)"
1580,2022,기계공학,949240793,황해중,1,0.0,0.0,"한국수소및신에너지학회 (NODE11183609, IF: 0.65)"
1581,2022,기계공학,548058881,이예슬,1,0.0,0.0,"한국수소및신에너지학회 (NODE11183609, IF: 0.65)"
1582,2022,기계공학,316713766,권낙현,1,0.0,0.0,"한국수소및신에너지학회 (NODE11183609, IF: 0.65)"
1583,2022,기계공학,481933120,이혜진,1,0.0,0.0,"한국수소및신에너지학회 (NODE11183609, IF: 0.65)"
1584,2022,기계공학,451685070,김아연,1,0.0,0.0,"한국수소및신에너지학회 (NODE11183610, IF: 0.65)"
1585,2022,기계공학,902484439,최창권,1,0.0,0.0,"한국수소및신에너지학회 (NODE11183610, IF: 0.65)"
1586,2022,기계공학,207999644,천승현,1,0.0,0.0,"한국수소및신에너지학회 (NODE11183610, IF: 0.65)"
1587,2022,기계공학,586830235,임한권,1,0.0,0.0,"한국수소및신에너지학회 (NODE11183610, IF: 0.65)"
1588,2022,기계공학,244785742,이예임,1,0.0,0.0,"한국수소및신에너지학회 (NODE11183611, IF: 0.65)"
1589,2022,기계공학,561501025,신우재,1,0.0,0.0,"한국수소및신에너지학회 (NODE11183611, IF: 0.65)"
1590,2022,기계공학,708344468,유예진,1,0.0,0.0,"한국수소및신에너지학회 (NODE11183611, IF: 0.65)"
1591,2022,기계공학,841909756,송한호,1,0.0,0.0,"한국수소및신에너지학회 (NODE11183611, IF: 0.65)"
1592,2022,기계공학,347253101,이스라엘,1,0.0,0.0,"한국수소및신에너지학회 (NODE11183612, IF: 0.65)"
1593,2022,기계공학,106201282,이선엽,1,0.0,0.0,"한국수소및신에너지학회 (NODE11183612, IF: 0.65)"
1594,2022,기계공학,483493143,손민희,1,0.0,0.0,"한국수소및신에너지학회 (NODE11183613, IF: 0.65)"
1595,2022,기계공학,207358270,이흥구,1,0.0,0.0,"한국수소및신에너지학회 (NODE11183613, IF: 0.65)"
1596,2022,기계공학,366833259,김경남,1,0.0,0.0,"한국수소및신에너지학회 (NODE11183613, IF: 0.65)"
1597,2022,기계공학,4038632,김하정,1,0.0,0.0,"한국수소및신에너지학회 (NODE11183614, IF: 0.65)"
1598,2022,기계공학,454694390,박상욱,1,0.0,0.0,"한국수소및신에너지학회 (NODE11183614, IF: 0.65)"
1599,2022,기계공학,822272372,강웅,1,0.0,0.0,"한국수소및신에너지학회 (NODE11183615, IF: 0.65)"
1600,2022,기계공학,817909797,신진우,1,0.0,0.0,"한국수소및신에너지학회 (NODE11183615, IF: 0.65)"
1601,2022,기계공학,412382382,이생희,1,0.0,0.0,"한국수소및신에너지학회 (NODE11183615, IF: 0.65)"
1602,2022,기계공학,858739089,윤병로,1,0.0,0.0,"한국수소및신에너지학회 (NODE11183615, IF: 0.65)"
1603,2022,기계공학,191824598,최진영,1,0.0,0.0,"한국수소및신에너지학회 (NODE11183616, IF: 0.65)"
1604,2022,기계공학,825458674,이화영,1,0.0,0.0,"한국수소및신에너지학회 (NODE11183616, IF: 0.65)"
1605,2022,기계공학,209780707,임상식,1,0.0,0.0,"한국수소및신에너지학회 (NODE11183616, IF: 0.65)"
1606,2022,기계공학,379885789,이재훈,1,0.0,0.0,"한국수소및신에너지학회 (NODE11183616, IF: 0.65)"
1607,2022,기계공학,164643585,손지현,1,0.0,0.0,"한국수소및신에너지학회 (NODE11183617, IF: 0.65)"
1608,2022,기계공학,697497064,유미래,1,0.0,0.0,"한국수소및신에너지학회 (NODE11183617, IF: 0.65)"
1609,2022,기계공학,861082824,김명지,1,0.0,0.0,"한국수소및신에너지학회 (NODE11183617, IF: 0.65)"
1610,2022,기계공학,258658298,뚜안앵,1,0.0,0.0,"한국수소및신에너지학회 (NODE11183618, IF: 0.65)"
1611,2022,기계공학,736567905,이상민,1,0.0,0.0,"한국수소및신에너지학회 (NODE11183618, IF: 0.65)"
1612,2022,기계공학,914747773,조성국,1,0.0,0.0,"한국수소및신에너지학회 (NODE11183619, IF: 0.65)"
1613,2022,기계공학,781315961,KOOK YOUNG AHN,1,0.0,0.0,"한국수소및신에너지학회 (NODE11183620, IF: 0.65)"
1614,2022,기계공학,892566390,조희주,1,0.0,0.0,"한국수소및신에너지학회 (NODE11183622, IF: 0.65)"
1615,2022,기계공학,708409986,현수빈,1,0.0,0.0,"한국수소및신에너지학회 (NODE11183622, IF: 0.65)"
1616,2022,기계공학,500761163,정승교,1,0.0,0.0,"한국수소및신에너지학회 (NODE11183622, IF: 0.65)"
1617,2022,기계공학,602882476,최정호,1,0.0,0.0,"한국수소및신에너지학회 (NODE11183622, IF: 0.65)"
1618,2022,기계공학,158777138,김원재,1,0.0,0.0,"한국수소및신에너지학회 (NODE11183623, IF: 0.65)"
1619,2022,기계공학,293496060,한상종,1,0.0,0.0,"한국수소및신에너지학회 (NODE11183623, IF: 0.65)"
1620,2022,기계공학,178587779,장향연,1,0.0,0.0,"한국수소및신에너지학회 (NODE11183623, IF: 0.65)"
1621,2022,기계공학,434550704,박나리,1,0.0,0.0,"한국수소및신에너지학회 (NODE11183623, IF: 0.65)"
1622,2022,기계공학,190482661,김미선,1,0.0,0.0,"한국수소및신에너지학회 (NODE11183623, IF: 0.65)"
1623,2022,기계공학,674832756,강성원,1,0.0,0.0,"한국수소및신에너지학회 (NODE11183623, IF: 0.65)"
1624,2022,기계공학,727445284,임현만,1,0.0,0.0,"한국수소및신에너지학회 (NODE11183623, IF: 0.65)"
1625,2022,기계공학,102911423,정진홍,1,0.0,0.0,"한국수소및신에너지학회 (NODE11183623, IF: 0.65)"
1626,2022,기계공학,907414805,안광호,1,0.0,0.0,"한국수소및신에너지학회 (NODE11183623, IF: 0.65)"
1627,2022,기계공학,213378373,미라툴 매크피로,1,0.0,0.0,"한국수소및신에너지학회 (NODE11183623, IF: 0.65)"
1628,2022,기계공학,870913088,차석원,1,0.0,0.0,"한국수소및신에너지학회 (NODE11183623, IF: 0.65)"
1629,2022,기계공학,485178642,오윤석,1,0.0,0.0,"한국수소및신에너지학회 (NODE11183624, IF: 0.65)"
1630,2022,기계공학,105485764,정아름,1,0.0,0.0,"한국수소및신에너지학회 (NODE11183624, IF: 0.65)"
1631,2022,기계공학,113033,남진현,1,0.0,0.0,"한국수소및신에너지학회 (NODE11183624, IF: 0.65)"
1632,2022,기계공학,981568845,전현진,1,0.0,0.0,"한국수소및신에너지학회 (NODE11183625, IF: 0.65)"
1633,2022,기계공학,371172752,정원종,1,0.0,0.0,"한국수소및신에너지학회 (NODE11183625, IF: 0.65)"
1634,2022,기계공학,162109182,조성구,1,0.0,0.0,"한국수소및신에너지학회 (NODE11183625, IF: 0.65)"
1635,2022,기계공학,812869084,이호식,1,0.0,0.0,"한국수소및신에너지학회 (NODE11183625, IF: 0.65)"
1636,2022,기계공학,512822504,이현우,1,0.0,0.0,"한국수소및신에너지학회 (NODE11183625, IF: 0.65)"
1637,2022,기계공학,333598661,조성우,1,0.0,0.0,"한국수소및신에너지학회 (NODE11183625, IF: 0.65)"
1638,2022,기계공학,461430275,강일호,1,0.0,0.0,"한국수소및신에너지학회 (NODE11183625, IF: 0.65)"
1639,2022,기계공학,429432902,김남용,1,0.0,0.0,"한국수소및신에너지학회 (NODE11183625, IF: 0.65)"
1640,2022,기계공학,402719444,류호진,1,0.0,0.0,"한국수소및신에너지학회 (NODE11183625, IF: 0.65)"
1641,2022,기계공학,5463341,권준영,1,0.0,0.0,"한국수소및신에너지학회 (NODE11183626, IF: 0.65)"
1642,2022,기계공학,972007784,김용기,1,0.0,0.0,"한국수소및신에너지학회 (NODE11183626, IF: 0.65)"
1643,2022,기계공학,916315801,김한석,1,0.0,0.0,"한국수소및신에너지학회 (NODE11183627, IF: 0.65)"
1644,2022,기계공학,522470151,민경욱,1,0.0,0.0,"한국수소및신에너지학회 (NODE11183627, IF: 0.65)"
1645,2022,기계공학,241107751,장형준,1,0.0,0.0,"한국수소및신에너지학회 (NODE11183628, IF: 0.65)"
1646,2022,기계공학,303951257,오세철,1,0.0,0.0,"한국수소및신에너지학회 (NODE11183628, IF: 0.65)"
1647,2022,기계공학,126378552,이선엽,1,0.0,0.0,"한국수소및신에너지학회 (NODE11183628, IF: 0.65)"
1648,2022,기계공학,300007388,박우일,1,0.0,0.0,"한국수소및신에너지학회 (NODE11183629, IF: 0.65)"
1649,2022,기계공학,968710989,최슬기,1,0.0,0.0,"한국수소및신에너지학회 (NODE11183629, IF: 0.65)"
1650,2022,기계공학,835517041,이인우,1,0.0,0.0,"한국수소및신에너지학회 (NODE11183629, IF: 0.65)"
1651,2022,기계공학,244868553,박예찬,1,0.0,0.0,"한국수소및신에너지학회 (NODE11183630, IF: 0.65)"
1652,2022,기계공학,997145216,김선회,1,0.0,0.0,"한국수소및신에너지학회 (NODE11183630, IF: 0.65)"
1653,2022,기계공학,552822262,변병창,1,0.0,0.0,"한국수소및신에너지학회 (NODE11183631, IF: 0.65)"
1654,2022,기계공학,715929982,김경중,1,0.0,0.0,"한국수소및신에너지학회 (NODE11183631, IF: 0.65)"
1655,2022,기계공학,837586016,정상권,1,0.0,0.0,"한국수소및신에너지학회 (NODE11183631, IF: 0.65)"
1656,2022,기계공학,707943340,김모세,1,0.0,0.0,"한국수소및신에너지학회 (NODE11183631, IF: 0.65)"
1657,2022,기계공학,167579347,이상윤,1,0.0,0.0,"한국수소및신에너지학회 (NODE11183631, IF: 0.65)"
1658,2022,기계공학,221733835,이근태,1,0.0,0.0,"한국수소및신에너지학회 (NODE11183631, IF: 0.65)"
1659,2022,기계공학,274439212,김동민,1,0.0,0.0,"한국수소및신에너지학회 (NODE11183631, IF: 0.65)"
1660,2022,기계공학,554947237,강시윤,1,0.0,0.0,"한국추진공학회 (NODE11195013, IF: 0.31)"
1661,2022,기계공학,436462338,김성구,1,0.0,0.0,"한국추진공학회 (NODE11195013, IF: 0.31)"
1662,2022,기계공학,432845813,송정환,1,0.0,0.0,"한국추진공학회 (NODE11195014, IF: 0.31)"
1663,2022,기계공학,301805214,공정훈,1,0.0,0.0,"한국추진공학회 (NODE11195014, IF: 0.31)"
1664,2022,기계공학,253090456,이승용,1,0.0,0.0,"한국추진공학회 (NODE11195014, IF: 0.31)"
1665,2022,기계공학,224224178,손영일,1,0.0,0.0,"한국추진공학회 (NODE11195014, IF: 0.31)"
1666,2022,기계공학,449864003,김도경,1,0.0,0.0,"한국추진공학회 (NODE11195014, IF: 0.31)"
1667,2022,기계공학,149239223,전수아,1,0.0,0.0,"한국추진공학회 (NODE11195015, IF: 0.31)"
1668,2022,기계공학,978184711,안지훈,1,0.0,0.0,"한국추진공학회 (NODE11195015, IF: 0.31)"
1669,2022,기계공학,519423229,서항석,1,0.0,0.0,"한국추진공학회 (NODE11195015, IF: 0.31)"
1670,2022,기계공학,554619978,박의용,1,0.0,0.0,"한국추진공학회 (NODE11195015, IF: 0.31)"
1671,2022,기계공학,4835006,김선제,1,0.0,0.0,"한국추진공학회 (NODE11195017, IF: 0.31)"
1672,2022,기계공학,401279010,김동민,1,0.0,0.0,"한국추진공학회 (NODE11195017, IF: 0.31)"
1673,2022,기계공학,787201941,홍순호,1,0.0,0.0,"한국추진공학회 (NODE11195017, IF: 0.31)"
1674,2022,기계공학,287910369,민성기,1,0.0,0.0,"한국추진공학회 (NODE11195017, IF: 0.31)"
1675,2022,기계공학,2258212,이희도,1,0.0,0.0,"한국추진공학회 (NODE11195021, IF: 0.31)"
1676,2022,기계공학,602599211,김충만,1,0.0,0.0,"한국추진공학회 (NODE11195023, IF: 0.31)"
1677,2022,기계공학,5431307,박홍영,1,0.0,0.0,"한국추진공학회 (NODE11195024, IF: 0.31)"
1678,2022,기계공학,268121893,양수석,1,0.0,0.0,"한국추진공학회 (NODE11195024, IF: 0.31)"
1679,2022,기계공학,683582613,임창호,1,0.0,0.0,"한국항공우주연구원 (NODE11195134, IF: 0.0)"
1680,2022,기계공학,2067545,한동기,1,0.0,0.0,"한국항공우주연구원 (NODE11195135, IF: 0.0)"
1681,2022,기계공학,997455300,위성용,1,0.0,0.0,"한국항공우주연구원 (NODE11195136, IF: 0.0)"
1682,2022,기계공학,456799967,원영진,1,0.0,0.0,"한국항공우주연구원 (NODE11195137, IF: 0.0)"
1683,2022,기계공학,792861330,이선호,1,0.0,0.0,"한국항공우주연구원 (NODE11195137, IF: 0.0)"
1684,2022,기계공학,448325718,정주원,1,0.0,0.0,"한국항공우주연구원 (NODE11195138, IF: 0.0)"
1685,2022,기계공학,572690277,김경원,1,0.0,0.0,"한국항공우주연구원 (NODE11195138, IF: 0.0)"
1686,2022,기계공학,236844797,김선욱,1,0.0,0.0,"한국항공우주연구원 (NODE11195139, IF: 0.0)"
1687,2022,기계공학,156327540,이재승,1,0.0,0.0,"한국항공우주연구원 (NODE11195139, IF: 0.0)"
1688,2022,기계공학,521042901,정재엽,1,0.0,0.0,"한국항공우주연구원 (NODE11195139, IF: 0.0)"
1689,2022,기계공학,966446841,유범수,1,0.0,0.0,"한국항공우주연구원 (NODE11195139, IF: 0.0)"
1690,2022,기계공학,534239021,장윤정,1,0.0,0.0,"한국항공우주연구원 (NODE11195142, IF: 0.0)"
1691,2022,기계공학,332440106,정진택,1,0.0,0.0,"한국항공우주연구원 (NODE11195143, IF: 0.0)"
1692,2022,기계공학,204006392,김수종,1,0.0,0.0,"한국항공우주연구원 (NODE11195143, IF: 0.0)"
1693,2022,기계공학,534201119,이은광,1,0.0,0.0,"한국항공우주연구원 (NODE11195143, IF: 0.0)"
1694,2022,기계공학,247716980,박재성,1,0.0,0.0,"한국항공우주연구원 (NODE11195143, IF: 0.0)"
1695,2022,기계공학,977500553,조현선,1,0.0,0.0,"한국항공우주연구원 (NODE11195144, IF: 0.0)"
1696,2022,기계공학,1841081,박영재,1,0.0,0.0,"한국항공우주연구원 (NODE11195145, IF: 0.0)"
1697,2022,기계공학,234586028,송하룡,1,0.0,0.0,"한국항공우주연구원 (NODE11195145, IF: 0.0)"
1698,2022,기계공학,310169022,백현철,1,0.0,0.0,"한국항공우주연구원 (NODE11195146, IF: 0.0)"
1699,2022,기계공학,938983395,손태근,1,0.0,0.0,"한국항공우주연구원 (NODE11195146, IF: 0.0)"
1700,2022,기계공학,507184047,김민아,1,0.0,0.0,"한국항공우주연구원 (NODE11195146, IF: 0.0)"
1701,2022,기계공학,559960545,전정남,1,0.0,0.0,"한국항공우주연구원 (NODE11195146, IF: 0.0)"
1702,2022,기계공학,962221094,이진실,1,0.0,0.0,"한국항공우주연구원 (NODE11195147, IF: 0.0)"
1703,2022,기계공학,128580873,안종선,1,0.0,0.0,"한국항공우주연구원 (NODE11195147, IF: 0.0)"
1704,2022,기계공학,139703930,강은철,1,0.0,0.0,"한국동력기계공학회 (NODE11039980, IF: 0.38)"
1705,2022,기계공학,623129436,박성수,1,0.0,0.0,"한국동력기계공학회 (NODE11039983, IF: 0.38)"
1706,2022,기계공학,939150373,윤지훈,1,0.0,0.0,"한국동력기계공학회 (NODE11039983, IF: 0.38)"
1707,2022,기계공학,616119646,서영균,1,0.0,0.0,"한국동력기계공학회 (NODE11039986, IF: 0.38)"
1708,2022,기계공학,243520714,민경덕,1,0.0,0.0,"한국자동차공학회 (NODE11040053, IF: 0.5)"
1709,2022,기계공학,693232653,김남욱,1,0.0,0.0,"한국자동차공학회 (NODE11040054, IF: 0.5)"
1710,2022,기계공학,407713685,송순호,1,0.0,0.0,"한국자동차공학회 (NODE11040055, IF: 0.5)"
1711,2022,기계공학,305099037,김상준,1,0.0,0.0,"한국자동차공학회 (NODE11040058, IF: 0.5)"
1712,2022,기계공학,778323929,김병년,1,0.0,0.0,"한국자동차공학회 (NODE11040058, IF: 0.5)"
1713,2022,기계공학,368210531,김태년,1,0.0,0.0,"한국자동차공학회 (NODE11040060, IF: 0.5)"
1714,2022,기계공학,445508786,최영웅,1,0.0,0.0,"대한설비공학회 (NODE11040098, IF: 0.42)"
1715,2022,기계공학,751295,윤성민,1,0.0,0.0,"대한설비공학회 (NODE11040098, IF: 0.42)"
1716,2022,기계공학,772124387,박윤미,1,0.0,0.0,"대한설비공학회 (NODE11040099, IF: 0.42)"
1717,2022,기계공학,552899680,정민희,1,0.0,0.0,"대한설비공학회 (NODE11040099, IF: 0.42)"
1718,2022,기계공학,419707401,김영찬,1,0.0,0.0,"대한설비공학회 (NODE11040101, IF: 0.42)"
1719,2022,기계공학,180933415,진상규,1,0.0,0.0,"한국수소및신에너지학회 (NODE11149750, IF: 0.65)"
1720,2022,기계공학,981384575,진광성,1,0.0,0.0,"한국수소및신에너지학회 (NODE11149750, IF: 0.65)"
1721,2022,기계공학,4608629,전은진,1,0.0,0.0,"한국수소및신에너지학회 (NODE11149751, IF: 0.65)"
1722,2022,기계공학,347579818,우아미,1,0.0,0.0,"한국수소및신에너지학회 (NODE11149751, IF: 0.65)"
1723,2022,기계공학,221028842,박미라,1,0.0,0.0,"한국수소및신에너지학회 (NODE11149751, IF: 0.65)"
1724,2022,기계공학,426675397,정현덕,1,0.0,0.0,"한국수소및신에너지학회 (NODE11149751, IF: 0.65)"
1725,2022,기계공학,657763075,신현우,1,0.0,0.0,"한국수소및신에너지학회 (NODE11149751, IF: 0.65)"
1726,2022,기계공학,341696951,주종효,1,0.0,0.0,"한국수소및신에너지학회 (NODE11149752, IF: 0.65)"
1727,2022,기계공학,626538734,조혜경,1,0.0,0.0,"한국수소및신에너지학회 (NODE11149753, IF: 0.65)"
1728,2022,기계공학,990460951,정현민,1,0.0,0.0,"한국수소및신에너지학회 (NODE11149753, IF: 0.65)"
1729,2022,기계공학,493187467,윤재경,1,0.0,0.0,"한국수소및신에너지학회 (NODE11149753, IF: 0.65)"
1730,2022,기계공학,777305603,이광복,1,0.0,0.0,"한국수소및신에너지학회 (NODE11149753, IF: 0.65)"
1731,2022,기계공학,383231622,김한성,1,0.0,0.0,"한국수소및신에너지학회 (NODE11149753, IF: 0.65)"
1732,2022,기계공학,819085610,주현규,1,0.0,0.0,"한국수소및신에너지학회 (NODE11149753, IF: 0.65)"
1733,2022,기계공학,202639833,윤승관,1,0.0,0.0,"한국수소및신에너지학회 (NODE11149754, IF: 0.65)"
1734,2022,기계공학,818947860,정다운,1,0.0,0.0,"한국수소및신에너지학회 (NODE11149755, IF: 0.65)"
1735,2022,기계공학,123515386,최진,1,0.0,0.0,"한국수소및신에너지학회 (NODE11149755, IF: 0.65)"
1736,2022,기계공학,249800263,정하늘,1,0.0,0.0,"한국수소및신에너지학회 (NODE11149756, IF: 0.65)"
1737,2022,기계공학,890351558,한단비,1,0.0,0.0,"한국수소및신에너지학회 (NODE11149756, IF: 0.65)"
1738,2022,기계공학,815376646,양원균,1,0.0,0.0,"한국수소및신에너지학회 (NODE11149756, IF: 0.65)"
1739,2022,기계공학,942753152,손상호,1,0.0,0.0,"한국수소및신에너지학회 (NODE11149757, IF: 0.65)"
1740,2022,기계공학,322572333,김우경,1,0.0,0.0,"한국수소및신에너지학회 (NODE11149757, IF: 0.65)"
1741,2022,기계공학,781880372,이근우,1,0.0,0.0,"한국수소및신에너지학회 (NODE11149758, IF: 0.65)"
1742,2022,기계공학,108396078,DONG KEUN LEE,1,0.0,0.0,"한국수소및신에너지학회 (NODE11149759, IF: 0.65)"
1743,2022,기계공학,555749548,KOOK YOUNG AHN,1,0.0,0.0,"한국수소및신에너지학회 (NODE11149759, IF: 0.65)"
1744,2022,기계공학,624084942,고형종,1,0.0,0.0,"한국수소및신에너지학회 (NODE11149760, IF: 0.65)"
1745,2022,기계공학,700676202,김가영,1,0.0,0.0,"한국수소및신에너지학회 (NODE11149763, IF: 0.65)"
1746,2022,기계공학,391408307,전영남,1,0.0,0.0,"한국수소및신에너지학회 (NODE11149765, IF: 0.65)"
1747,2022,기계공학,563593757,안준,1,0.0,0.0,"한국수소및신에너지학회 (NODE11149765, IF: 0.65)"
1748,2022,기계공학,533817987,최승규,1,0.0,0.0,"한국연소학회 (NODE11149970, IF: 0.45)"
1749,2022,기계공학,332339882,강혜빈,1,0.0,0.0,"한국연소학회 (NODE11149972, IF: 0.45)"
1750,2022,기계공학,444613113,이후경,1,0.0,0.0,"한국연소학회 (NODE11149973, IF: 0.45)"
1751,2022,기계공학,678664349,김종현,1,0.0,0.0,"한국연소학회 (NODE11149973, IF: 0.45)"
1752,2022,기계공학,77575,곽영태,1,0.0,0.0,"한국연소학회 (NODE11149973, IF: 0.45)"
1753,2022,기계공학,219505195,박철오,1,0.0,0.0,"한국연소학회 (NODE11149974, IF: 0.45)"
1754,2022,기계공학,631995176,최혜윤,1,0.0,0.0,"한국항공우주학회 (NODE11120480, IF: 0.32)"
1755,2022,기계공학,850356974,Awais Arshad,1,0.0,0.0,"한국항공우주학회 (NODE11120481, IF: 0.32)"
1756,2022,기계공학,155022,박준우,1,0.0,0.0,"한국항공우주학회 (NODE11120481, IF: 0.32)"
1757,2022,기계공학,108646285,Yun-young Kim,1,0.0,0.0,"한국항공우주학회 (NODE11120481, IF: 0.32)"
1758,2022,기계공학,268831594,Heesu Kim,1,0.0,0.0,"한국항공우주학회 (NODE11120481, IF: 0.32)"
1759,2022,기계공학,844211287,김예지,1,0.0,0.0,"한국항공우주학회 (NODE11120482, IF: 0.32)"
1760,2022,기계공학,764188,김태균,1,0.0,0.0,"한국항공우주학회 (NODE11120482, IF: 0.32)"
1761,2022,기계공학,110585278,김승균,1,0.0,0.0,"한국항공우주학회 (NODE11120482, IF: 0.32)"
1762,2022,기계공학,154666189,김유단,1,0.0,0.0,"한국항공우주학회 (NODE11120482, IF: 0.32)"
1763,2022,기계공학,466350517,황인성,1,0.0,0.0,"한국항공우주학회 (NODE11120482, IF: 0.32)"
1764,2022,기계공학,179141313,최종혁,1,0.0,0.0,"한국항공우주학회 (NODE11120483, IF: 0.32)"
1765,2022,기계공학,280794346,양하영,1,0.0,0.0,"한국항공우주학회 (NODE11120484, IF: 0.32)"
1766,2022,기계공학,468970313,박소라,1,0.0,0.0,"한국항공우주학회 (NODE11120484, IF: 0.32)"
1767,2022,기계공학,718537704,도륜호,1,0.0,0.0,"한국항공우주학회 (NODE11120484, IF: 0.32)"
1768,2022,기계공학,451140267,이지은,1,0.0,0.0,"한국항공우주학회 (NODE11120484, IF: 0.32)"
1769,2022,기계공학,945161909,백운율,1,0.0,0.0,"한국항공우주학회 (NODE11120484, IF: 0.32)"
1770,2022,기계공학,605545904,안나균,1,0.0,0.0,"한국항공우주학회 (NODE11120486, IF: 0.32)"
1771,2022,기계공학,531073146,조병록,1,0.0,0.0,"한국항공우주학회 (NODE11120486, IF: 0.32)"
1772,2022,기계공학,838957,김근영,1,0.0,0.0,"한국항공우주학회 (NODE11120487, IF: 0.32)"
1773,2022,기계공학,232573369,김남수,1,0.0,0.0,"한국항공우주학회 (NODE11120487, IF: 0.32)"
1774,2022,기계공학,834646784,조기형,1,0.0,0.0,"한국항공우주학회 (NODE11120487, IF: 0.32)"
1775,2022,기계공학,425685376,이혁,1,0.0,0.0,"한국항공우주학회 (NODE11120487, IF: 0.32)"
1776,2022,기계공학,172549860,정재필,1,0.0,0.0,"대한용접·접합학회 (NODE11039694, IF: 0.65)"
1777,2022,기계공학,441155864,강성구,1,0.0,0.0,"대한용접·접합학회 (NODE11039696, IF: 0.65)"
1778,2022,기계공학,213210681,김민구,1,0.0,0.0,"대한용접·접합학회 (NODE11039699, IF: 0.65)"
1779,2022,기계공학,223657605,조성규,1,0.0,0.0,"대한용접·접합학회 (NODE11039699, IF: 0.65)"
1780,2022,기계공학,807168428,신상용,1,0.0,0.0,"대한용접·접합학회 (NODE11039699, IF: 0.65)"
1781,2022,기계공학,741048378,정동희,1,0.0,0.0,"대한용접·접합학회 (NODE11039700, IF: 0.65)"
1782,2022,기계공학,570210833,박지현,1,0.0,0.0,"대한용접·접합학회 (NODE11039700, IF: 0.65)"
1783,2022,기계공학,264556666,김종호,1,0.0,0.0,"대한용접·접합학회 (NODE11039700, IF: 0.65)"
1784,2022,기계공학,101457539,한일욱,1,0.0,0.0,"대한용접·접합학회 (NODE11039700, IF: 0.65)"
1785,2022,기계공학,100852914,이형근,1,0.0,0.0,"대한용접·접합학회 (NODE11039703, IF: 0.65)"
1786,2022,기계공학,123275326,유호진,1,0.0,0.0,"대한용접·접합학회 (NODE11039706, IF: 0.65)"
1787,2022,기계공학,822858460,전종호,1,0.0,0.0,"대한용접·접합학회 (NODE11039706, IF: 0.65)"
1788,2022,기계공학,614491912,김한솔,1,0.0,0.0,"대한용접·접합학회 (NODE11039706, IF: 0.65)"
1789,2022,기계공학,300257111,이건호,1,0.0,0.0,"대한용접·접합학회 (NODE11039706, IF: 0.65)"
1790,2022,기계공학,122778618,신승철,1,0.0,0.0,"대한용접·접합학회 (NODE11039706, IF: 0.65)"
1791,2022,기계공학,546646225,조정호,1,0.0,0.0,"대한용접·접합학회 (NODE11039706, IF: 0.65)"
1792,2022,기계공학,890344332,이인환,1,0.0,0.0,"대한용접·접합학회 (NODE11039706, IF: 0.65)"
1793,2022,기계공학,432028402,김건휘,1,0.0,0.0,"대한용접·접합학회 (NODE11039706, IF: 0.65)"
1794,2022,기계공학,777611176,김승기,1,0.0,0.0,"Korean Society for Precision Engineering (NODE11039952, IF: 0.0)"
1795,2022,기계공학,483485464,허은영,1,0.0,0.0,"Korean Society for Precision Engineering (NODE11039952, IF: 0.0)"
1796,2022,기계공학,361355579,이희관,1,0.0,0.0,"Korean Society for Precision Engineering (NODE11039952, IF: 0.0)"
1797,2022,기계공학,508177148,박점종,1,0.0,0.0,"Korean Society for Precision Engineering (NODE11039952, IF: 0.0)"
1798,2022,기계공학,432869440,김동원,1,0.0,0.0,"Korean Society for Precision Engineering (NODE11039952, IF: 0.0)"
1799,2022,기계공학,5095492,조민수,1,0.0,0.0,"Korean Society for Precision Engineering (NODE11039953, IF: 0.0)"
1800,2022,기계공학,181597767,안일균,1,0.0,0.0,"Korean Society for Precision Engineering (NODE11039953, IF: 0.0)"
1801,2022,기계공학,967867320,김기현,1,0.0,0.0,"Korean Society for Precision Engineering (NODE11039953, IF: 0.0)"
1802,2022,기계공학,729125434,김문영,1,0.0,0.0,"Korean Society for Precision Engineering (NODE11039954, IF: 0.0)"
1803,2022,기계공학,655212626,이장우,1,0.0,0.0,"Korean Society for Precision Engineering (NODE11039954, IF: 0.0)"
1804,2022,기계공학,443995,이진규,1,0.0,0.0,"Korean Society for Precision Engineering (NODE11039956, IF: 0.0)"
1805,2022,기계공학,135676532,배장호,1,0.0,0.0,"Korean Society for Precision Engineering (NODE11039956, IF: 0.0)"
1806,2022,기계공학,251410696,권오영,1,0.0,0.0,"Korean Society for Precision Engineering (NODE11039956, IF: 0.0)"
1807,2022,기계공학,764906363,김한얼,1,0.0,0.0,"Korean Society for Precision Engineering (NODE11039956, IF: 0.0)"
1808,2022,기계공학,213648248,채솔,1,0.0,0.0,"Korean Society for Precision Engineering (NODE11039956, IF: 0.0)"
1809,2022,기계공학,209418551,홍대희,1,0.0,0.0,"Korean Society for Precision Engineering (NODE11039956, IF: 0.0)"
1810,2022,기계공학,198787198,현요환,1,0.0,0.0,"Korean Society for Precision Engineering (NODE11039957, IF: 0.0)"
1811,2022,기계공학,317294162,이준호,1,0.0,0.0,"Korean Society for Precision Engineering (NODE11039960, IF: 0.0)"
1812,2022,기계공학,961679402,안효석,1,0.0,0.0,"Korean Society for Precision Engineering (NODE11039960, IF: 0.0)"
1813,2022,기계공학,106603162,안소현,1,0.0,0.0,"Korean Society for Precision Engineering (NODE11039961, IF: 0.0)"
1814,2022,기계공학,215323881,이광석,1,0.0,0.0,"Korean Society for Precision Engineering (NODE11039961, IF: 0.0)"
1815,2022,기계공학,673662456,신다슬,1,0.0,0.0,"Korean Society for Precision Engineering (NODE11039961, IF: 0.0)"
1816,2022,기계공학,683837697,윤준석,1,0.0,0.0,"Korean Society for Precision Engineering (NODE11039961, IF: 0.0)"
1817,2022,기계공학,581267132,김경배,1,0.0,0.0,"한국동력기계공학회 (NODE11039975, IF: 0.38)"
1818,2022,기계공학,587200888,유소영,1,0.0,0.0,"대한기계학회 (NODE11153358, IF: 0.55)"
1819,2022,기계공학,206901219,이성희,1,0.0,0.0,"대한기계학회 (NODE11153358, IF: 0.55)"
1820,2022,기계공학,638692712,김은지,1,0.0,0.0,"대한기계학회 (NODE11153358, IF: 0.55)"
1821,2022,기계공학,2066244,강남우,1,0.0,0.0,"대한기계학회 (NODE11153358, IF: 0.55)"
1822,2022,기계공학,399535434,오승인,1,0.0,0.0,"대한기계학회 (NODE11153359, IF: 0.55)"
1823,2022,기계공학,700060173,안창욱,1,0.0,0.0,"대한기계학회 (NODE11153359, IF: 0.55)"
1824,2022,기계공학,985857728,조용범,1,0.0,0.0,"대한기계학회 (NODE11153359, IF: 0.55)"
1825,2022,기계공학,161614040,이승민,1,0.0,0.0,"대한기계학회 (NODE11153360, IF: 0.55)"
1826,2022,기계공학,234630145,황범철,1,0.0,0.0,"대한기계학회 (NODE11153360, IF: 0.55)"
1827,2022,기계공학,110934,박종진,1,0.0,0.0,"대한기계학회 (NODE11153360, IF: 0.55)"
1828,2022,기계공학,152770494,고진욱,1,0.0,0.0,"대한기계학회 (NODE11153361, IF: 0.55)"
1829,2022,기계공학,521179114,이진욱,1,0.0,0.0,"대한기계학회 (NODE11153361, IF: 0.55)"
1830,2022,기계공학,115916286,김형민,1,0.0,0.0,"대한기계학회 (NODE11153361, IF: 0.55)"
1831,2022,기계공학,124832042,김성종,1,0.0,0.0,"대한기계학회 (NODE11153361, IF: 0.55)"
1832,2022,기계공학,174562723,이강헌,1,0.0,0.0,"대한기계학회 (NODE11153362, IF: 0.55)"
1833,2022,기계공학,719520987,안광현,1,0.0,0.0,"대한기계학회 (NODE11153362, IF: 0.55)"
1834,2022,기계공학,354145713,오승화,1,0.0,0.0,"대한기계학회 (NODE11139488, IF: 0.55)"
1835,2022,기계공학,717296,이창호,1,0.0,0.0,"대한기계학회 (NODE11139488, IF: 0.55)"
1836,2022,기계공학,142824063,박성호,1,0.0,0.0,"대한기계학회 (NODE11139488, IF: 0.55)"
1837,2022,기계공학,1350631,김성수,1,0.0,0.0,"대한기계학회 (NODE11139488, IF: 0.55)"
1838,2022,기계공학,562431933,문병윤,1,0.0,0.0,"대한기계학회 (NODE11139489, IF: 0.55)"
1839,2022,기계공학,903563830,조대승,1,0.0,0.0,"대한기계학회 (NODE11139489, IF: 0.55)"
1840,2022,기계공학,757596437,유지환,1,0.0,0.0,"대한기계학회 (NODE11139490, IF: 0.55)"
1841,2022,기계공학,549952416,김철웅,1,0.0,0.0,"대한기계학회 (NODE11139490, IF: 0.55)"
1842,2022,기계공학,164284448,유정훈,1,0.0,0.0,"대한기계학회 (NODE11139490, IF: 0.55)"
1843,2022,기계공학,608642393,이경훈,1,0.0,0.0,"대한기계학회 (NODE11139490, IF: 0.55)"
1844,2022,기계공학,964381899,정믿음,1,0.0,0.0,"대한기계학회 (NODE11139490, IF: 0.55)"
1845,2022,기계공학,910361839,허재영,1,0.0,0.0,"대한기계학회 (NODE11139494, IF: 0.55)"
1846,2022,기계공학,719874062,형준호,1,0.0,0.0,"대한기계학회 (NODE11139495, IF: 0.55)"
1847,2022,기계공학,308957099,노종련,1,0.0,0.0,"대한기계학회 (NODE11139495, IF: 0.55)"
1848,2022,기계공학,225568053,최준호,1,0.0,0.0,"대한기계학회 (NODE11139495, IF: 0.55)"
1849,2022,기계공학,203232821,이주한,1,0.0,0.0,"대한기계학회 (NODE11139496, IF: 0.55)"
1850,2022,기계공학,777723720,이정훈,1,0.0,0.0,"대한기계학회 (NODE11139496, IF: 0.55)"
1851,2022,기계공학,148376207,김은채,1,0.0,0.0,"대한기계학회 (NODE11139497, IF: 0.55)"
1852,2022,기계공학,611514588,강내운,1,0.0,0.0,"대한기계학회 (NODE11139497, IF: 0.55)"
1853,2022,기계공학,986870686,박지우,1,0.0,0.0,"대한기계학회 (NODE11139497, IF: 0.55)"
1854,2022,기계공학,441256091,곽소정,1,0.0,0.0,"대한기계학회 (NODE11139497, IF: 0.55)"
1855,2022,기계공학,850369679,이승재,1,0.0,0.0,"대한기계학회 (NODE11139497, IF: 0.55)"
1856,2022,기계공학,135733433,박일웅,1,0.0,0.0,"대한기계학회 (NODE11139498, IF: 0.55)"
1857,2022,기계공학,194498762,강인엽,1,0.0,0.0,"대한기계학회 (NODE11139498, IF: 0.55)"
1858,2022,기계공학,199512339,이연건,1,0.0,0.0,"대한기계학회 (NODE11139498, IF: 0.55)"
1859,2022,기계공학,969342755,배재현,1,0.0,0.0,"대한기계학회 (NODE11139499, IF: 0.55)"
1860,2022,기계공학,867919085,김병천,1,0.0,0.0,"대한기계학회 (NODE11139499, IF: 0.55)"
1861,2022,기계공학,396745829,김우경,1,0.0,0.0,"대한기계학회 (NODE11139500, IF: 0.55)"
1862,2022,기계공학,811854075,김진섭,1,0.0,0.0,"대한기계학회 (NODE11139500, IF: 0.55)"
1863,2022,기계공학,174174183,김영,1,0.0,0.0,"대한기계학회 (NODE11139500, IF: 0.55)"
1864,2022,기계공학,441788667,김진만,1,0.0,0.0,"대한기계학회 (NODE11139501, IF: 0.55)"
1865,2022,기계공학,402291637,김선창,1,0.0,0.0,"대한기계학회 (NODE11139501, IF: 0.55)"
1866,2022,기계공학,4021636,이천규,1,0.0,0.0,"대한기계학회 (NODE11139501, IF: 0.55)"
1867,2022,기계공학,751867296,이정길,1,0.0,0.0,"대한기계학회 (NODE11139501, IF: 0.55)"
1868,2022,기계공학,699926563,Masaru Sumida,1,0.0,0.0,"한국유체기계학회 (NODE11139665, IF: 0.38)"
1869,2022,기계공학,441034128,Takahiro Kamahara,1,0.0,0.0,"한국유체기계학회 (NODE11139665, IF: 0.38)"
1870,2022,기계공학,894441422,Xiaolei Song,1,0.0,0.0,"한국유체기계학회 (NODE11139666, IF: 0.38)"
1871,2022,기계공학,811004362,LIU Meihong,1,0.0,0.0,"한국유체기계학회 (NODE11139666, IF: 0.38)"
1872,2022,기계공학,236231844,Jingyao Yang,1,0.0,0.0,"한국유체기계학회 (NODE11139666, IF: 0.38)"
1873,2022,기계공학,456944335,Morad Belharizi,1,0.0,0.0,"한국유체기계학회 (NODE11139667, IF: 0.38)"
1874,2022,기계공학,416319172,Tayeb Yahiaoui,1,0.0,0.0,"한국유체기계학회 (NODE11139667, IF: 0.38)"
1875,2022,기계공학,228312837,Azzeddine Khorsi,1,0.0,0.0,"한국유체기계학회 (NODE11139667, IF: 0.38)"
1876,2022,기계공학,907013506,Omar Ladjedel,1,0.0,0.0,"한국유체기계학회 (NODE11139667, IF: 0.38)"
1877,2022,기계공학,581144423,Lahouari Adjlout,1,0.0,0.0,"한국유체기계학회 (NODE11139667, IF: 0.38)"
1878,2022,기계공학,402035534,OndřejŠikula,1,0.0,0.0,"한국유체기계학회 (NODE11139667, IF: 0.38)"
1879,2022,기계공학,312620448,Runze Zhou,1,0.0,0.0,"한국유체기계학회 (NODE11139668, IF: 0.38)"
1880,2022,기계공학,836765114,Linglin Jiang,1,0.0,0.0,"한국유체기계학회 (NODE11139668, IF: 0.38)"
1881,2022,기계공학,616824545,Zeyu Chen,1,0.0,0.0,"한국유체기계학회 (NODE11139668, IF: 0.38)"
1882,2022,기계공학,865263989,Omar El-aajine,1,0.0,0.0,"한국유체기계학회 (NODE11139670, IF: 0.38)"
1883,2022,기계공학,764340203,Azeddine Naamane,1,0.0,0.0,"한국유체기계학회 (NODE11139670, IF: 0.38)"
1884,2022,기계공학,761623815,Mohammed Radouani,1,0.0,0.0,"한국유체기계학회 (NODE11139670, IF: 0.38)"
1885,2022,기계공학,560216408,Benaissa El fahime,1,0.0,0.0,"한국유체기계학회 (NODE11139670, IF: 0.38)"
1886,2022,기계공학,604122833,김진현,1,0.0,0.0,"대한기계학회 (NODE11139699, IF: 0.55)"
1887,2022,기계공학,144112856,김아영,1,0.0,0.0,"대한기계학회 (NODE11139699, IF: 0.55)"
1888,2022,기계공학,903369617,양회관,1,0.0,0.0,"대한기계학회 (NODE11139699, IF: 0.55)"
1889,2022,기계공학,186570555,채재묵,1,0.0,0.0,"대한설비공학회 (NODE11100797, IF: 0.42)"
1890,2022,기계공학,143686804,사카다 코우,1,0.0,0.0,"대한설비공학회 (NODE11100799, IF: 0.42)"
1891,2022,기계공학,820277494,이승원,1,0.0,0.0,"한국생산제조학회 (NODE11034732, IF: 0.37)"
1892,2022,기계공학,618618674,유경현,1,0.0,0.0,"한국생산제조학회 (NODE11034732, IF: 0.37)"
1893,2022,기계공학,365239436,김기영,1,0.0,0.0,"한국생산제조학회 (NODE11034733, IF: 0.37)"
1894,2022,기계공학,531309872,장승호,1,0.0,0.0,"한국생산제조학회 (NODE11034733, IF: 0.37)"
1895,2022,기계공학,156404191,김현기,1,0.0,0.0,"한국생산제조학회 (NODE11034736, IF: 0.37)"
1896,2022,기계공학,944596204,이승일,1,0.0,0.0,"한국생산제조학회 (NODE11034742, IF: 0.37)"
1897,2022,기계공학,653605173,김노유,1,0.0,0.0,"한국생산제조학회 (NODE11034743, IF: 0.37)"
1898,2022,기계공학,724096850,양승용,1,0.0,0.0,"한국생산제조학회 (NODE11034743, IF: 0.37)"
1899,2022,기계공학,899433846,이범호,1,0.0,0.0,"한국자동차공학회 (NODE11120295, IF: 0.5)"
1900,2022,기계공학,475285193,이시원,1,0.0,0.0,"한국자동차공학회 (NODE11120295, IF: 0.5)"
1901,2022,기계공학,316239396,최승현,1,0.0,0.0,"한국자동차공학회 (NODE11120295, IF: 0.5)"
1902,2022,기계공학,995462006,박선욱,1,0.0,0.0,"한국자동차공학회 (NODE11120296, IF: 0.5)"
1903,2022,기계공학,191199446,조경철,1,0.0,0.0,"한국자동차공학회 (NODE11120296, IF: 0.5)"
1904,2022,기계공학,180848787,이승우,1,0.0,0.0,"한국자동차공학회 (NODE11120296, IF: 0.5)"
1905,2022,기계공학,291462648,강원모,1,0.0,0.0,"한국자동차공학회 (NODE11120297, IF: 0.5)"
1906,2022,기계공학,710272812,박재현,1,0.0,0.0,"한국자동차공학회 (NODE11120298, IF: 0.5)"
1907,2022,기계공학,318017495,홍도영,1,0.0,0.0,"한국자동차공학회 (NODE11120298, IF: 0.5)"
1908,2022,기계공학,470693421,임원식,1,0.0,0.0,"한국자동차공학회 (NODE11120298, IF: 0.5)"
1909,2022,기계공학,989070827,김지훈,1,0.0,0.0,"한국자동차공학회 (NODE11120298, IF: 0.5)"
1910,2022,기계공학,115593095,권영섭,1,0.0,0.0,"한국자동차공학회 (NODE11120298, IF: 0.5)"
1911,2022,기계공학,732564981,배정태,1,0.0,0.0,"한국자동차공학회 (NODE11120299, IF: 0.5)"
1912,2022,기계공학,345297313,박성준,1,0.0,0.0,"한국자동차공학회 (NODE11120300, IF: 0.5)"
1913,2022,기계공학,857781337,최민기,1,0.0,0.0,"한국자동차공학회 (NODE11120300, IF: 0.5)"
1914,2022,기계공학,968739848,서지구,1,0.0,0.0,"한국자동차공학회 (NODE11120303, IF: 0.5)"
1915,2022,기계공학,185577961,김자륭,1,0.0,0.0,"한국자동차공학회 (NODE11120303, IF: 0.5)"
1916,2022,기계공학,562755823,김남용,1,0.0,0.0,"한국자동차공학회 (NODE11120303, IF: 0.5)"
1917,2022,기계공학,531066125,김종완,1,0.0,0.0,"한국자동차공학회 (NODE11120303, IF: 0.5)"
1918,2022,기계공학,649325998,최주환,1,0.0,0.0,"한국자동차공학회 (NODE11120304, IF: 0.5)"
1919,2022,기계공학,867747316,민세훈,1,0.0,0.0,"한국자동차공학회 (NODE11120304, IF: 0.5)"
1920,2022,기계공학,567381570,김지운,1,0.0,0.0,"한국자동차공학회 (NODE11120305, IF: 0.5)"
1921,2022,기계공학,5140123,김숙희,1,0.0,0.0,"한국수소및신에너지학회 (NODE11120306, IF: 0.65)"
1922,2022,기계공학,448212332,김정화,1,0.0,0.0,"한국수소및신에너지학회 (NODE11120306, IF: 0.65)"
1923,2022,기계공학,223913426,신혜영,1,0.0,0.0,"한국수소및신에너지학회 (NODE11120306, IF: 0.65)"
1924,2022,기계공학,662586567,김동겸,1,0.0,0.0,"한국수소및신에너지학회 (NODE11120307, IF: 0.65)"
1925,2022,기계공학,324900851,임정식,1,0.0,0.0,"한국수소및신에너지학회 (NODE11120307, IF: 0.65)"
1926,2022,기계공학,128017674,이정순,1,0.0,0.0,"한국수소및신에너지학회 (NODE11120307, IF: 0.65)"
1927,2022,기계공학,598060345,강부민,1,0.0,0.0,"한국수소및신에너지학회 (NODE11120308, IF: 0.65)"
1928,2022,기계공학,768133992,정창훈,1,0.0,0.0,"한국수소및신에너지학회 (NODE11120308, IF: 0.65)"
1929,2022,기계공학,760509436,하승우,1,0.0,0.0,"한국수소및신에너지학회 (NODE11120308, IF: 0.65)"
1930,2022,기계공학,307725799,진홍덕,1,0.0,0.0,"한국수소및신에너지학회 (NODE11120308, IF: 0.65)"
1931,2022,기계공학,350238871,김학민,1,0.0,0.0,"한국수소및신에너지학회 (NODE11120308, IF: 0.65)"
1932,2022,기계공학,577100280,정대운,1,0.0,0.0,"한국수소및신에너지학회 (NODE11120308, IF: 0.65)"
1933,2022,기계공학,945398381,이한우,1,0.0,0.0,"한국수소및신에너지학회 (NODE11120309, IF: 0.65)"
1934,2022,기계공학,750797040,김진호,1,0.0,0.0,"한국수소및신에너지학회 (NODE11120309, IF: 0.65)"
1935,2022,기계공학,274655910,이원규,1,0.0,0.0,"한국수소및신에너지학회 (NODE11120310, IF: 0.65)"
1936,2022,기계공학,577698424,장수연,1,0.0,0.0,"한국수소및신에너지학회 (NODE11120312, IF: 0.65)"
1937,2022,기계공학,492320367,유철휘,1,0.0,0.0,"한국수소및신에너지학회 (NODE11120312, IF: 0.65)"
1938,2022,기계공학,417116027,황갑진,1,0.0,0.0,"한국수소및신에너지학회 (NODE11120312, IF: 0.65)"
1939,2022,기계공학,104401,최정민,1,0.0,0.0,"한국수소및신에너지학회 (NODE11120313, IF: 0.65)"
1940,2022,기계공학,396227529,김학덕,1,0.0,0.0,"한국수소및신에너지학회 (NODE11120313, IF: 0.65)"
1941,2022,기계공학,653061524,송주헌,1,0.0,0.0,"한국수소및신에너지학회 (NODE11120313, IF: 0.65)"
1942,2022,기계공학,741385730,윤성모,1,0.0,0.0,"한국수소및신에너지학회 (NODE11120314, IF: 0.65)"
1943,2022,기계공학,440431322,이태훈,1,0.0,0.0,"한국수소및신에너지학회 (NODE11120314, IF: 0.65)"
1944,2022,기계공학,957892135,오택현,1,0.0,0.0,"한국수소및신에너지학회 (NODE11120314, IF: 0.65)"
1945,2022,기계공학,259151817,김태형,1,0.0,0.0,"한국수소및신에너지학회 (NODE11120315, IF: 0.65)"
1946,2022,기계공학,590513247,한재수,1,0.0,0.0,"한국수소및신에너지학회 (NODE11120315, IF: 0.65)"
1947,2022,기계공학,485315843,정규석,1,0.0,0.0,"한국수소및신에너지학회 (NODE11120316, IF: 0.65)"
1948,2022,기계공학,339727252,이상혁,1,0.0,0.0,"한국수소및신에너지학회 (NODE11120317, IF: 0.65)"
1949,2022,기계공학,244818137,변윤섭,1,0.0,0.0,"한국수소및신에너지학회 (NODE11120318, IF: 0.65)"
1950,2022,기계공학,776093284,윤정환,1,0.0,0.0,"한국수소및신에너지학회 (NODE11120319, IF: 0.65)"
1951,2022,기계공학,769196449,김시범,1,0.0,0.0,"한국수소및신에너지학회 (NODE11120319, IF: 0.65)"
1952,2022,기계공학,856626515,안소정,1,0.0,0.0,"한국수소및신에너지학회 (NODE11120321, IF: 0.65)"
1953,2022,기계공학,135049433,박진제,1,0.0,0.0,"한국수소및신에너지학회 (NODE11120321, IF: 0.65)"
1954,2022,기계공학,449880468,배윤상,1,0.0,0.0,"한국수소및신에너지학회 (NODE11120321, IF: 0.65)"
1955,2022,기계공학,835025901,이영재,1,0.0,0.0,"한국수소및신에너지학회 (NODE11120321, IF: 0.65)"
1956,2022,기계공학,804426198,안드리아스 카라지오기스,1,0.0,0.0,"한국수소및신에너지학회 (NODE11120322, IF: 0.65)"
1957,2022,기계공학,905984045,죠지 히노플로스,1,0.0,0.0,"한국수소및신에너지학회 (NODE11120322, IF: 0.65)"
1958,2022,기계공학,820089789,김하나,1,0.0,0.0,"한국수소및신에너지학회 (NODE11120323, IF: 0.65)"
1959,2022,기계공학,516193214,김대욱,1,0.0,0.0,"한국수소및신에너지학회 (NODE11120323, IF: 0.65)"
1960,2022,기계공학,243543106,김동원,1,0.0,0.0,"한국수소및신에너지학회 (NODE11120323, IF: 0.65)"
1961,2022,기계공학,800155221,이규화,1,0.0,0.0,"한국수소및신에너지학회 (NODE11120323, IF: 0.65)"
1962,2022,기계공학,251946767,SHEHRYAR ISHAQUE,1,0.0,0.0,"한국수소및신에너지학회 (NODE11120324, IF: 0.65)"
1963,2022,기계공학,480699506,NAVEED ULLAH,1,0.0,0.0,"한국수소및신에너지학회 (NODE11120324, IF: 0.65)"
1964,2022,기계공학,136345900,JUN-HO CHOI,1,0.0,0.0,"한국수소및신에너지학회 (NODE11120324, IF: 0.65)"
1965,2022,기계공학,750329535,정다운,1,0.0,0.0,"한국수소및신에너지학회 (NODE11120325, IF: 0.65)"
1966,2022,기계공학,249759806,심성훈,1,0.0,0.0,"한국환경에너지공학회 (NODE11110361, IF: 0.13)"
1967,2022,기계공학,668317543,이철,1,0.0,0.0,"한국환경에너지공학회 (NODE11110361, IF: 0.13)"
1968,2022,기계공학,348504750,노창래,1,0.0,0.0,"한국환경에너지공학회 (NODE11110361, IF: 0.13)"
1969,2022,기계공학,188285279,최홍기,1,0.0,0.0,"한국환경에너지공학회 (NODE11110361, IF: 0.13)"
1970,2022,기계공학,868400545,한신,1,0.0,0.0,"한국환경에너지공학회 (NODE11110361, IF: 0.13)"
1971,2022,기계공학,818249303,김두진,1,0.0,0.0,"한국환경에너지공학회 (NODE11110361, IF: 0.13)"
1972,2022,기계공학,5115825,김승권,1,0.0,0.0,"한국환경에너지공학회 (NODE11110362, IF: 0.13)"
1973,2022,기계공학,262869931,김수현,1,0.0,0.0,"한국환경에너지공학회 (NODE11110362, IF: 0.13)"
1974,2022,기계공학,111572288,김민지,1,0.0,0.0,"한국환경에너지공학회 (NODE11110362, IF: 0.13)"
1975,2022,기계공학,971316937,박지혜,1,0.0,0.0,"한국환경에너지공학회 (NODE11110362, IF: 0.13)"
1976,2022,기계공학,385659300,정인선,1,0.0,0.0,"한국환경에너지공학회 (NODE11110363, IF: 0.13)"
1977,2022,기계공학,561799494,정진산,1,0.0,0.0,"한국환경에너지공학회 (NODE11110364, IF: 0.13)"
1978,2022,기계공학,167726944,오현일,1,0.0,0.0,"한국환경에너지공학회 (NODE11110365, IF: 0.13)"
1979,2022,기계공학,907353042,정진도,1,0.0,0.0,"한국환경에너지공학회 (NODE11110365, IF: 0.13)"
1980,2022,기계공학,473602872,조경환,1,0.0,0.0,"한국환경에너지공학회 (NODE11110365, IF: 0.13)"
1981,2022,기계공학,231174553,박찬,1,0.0,0.0,"한국환경에너지공학회 (NODE11110366, IF: 0.13)"
1982,2022,기계공학,189707043,김혁진,1,0.0,0.0,"한국환경에너지공학회 (NODE11110366, IF: 0.13)"
1983,2022,기계공학,619761415,강경곤,1,0.0,0.0,"한국생산제조학회 (NODE11056370, IF: 0.37)"
1984,2022,기계공학,564137371,김두현,1,0.0,0.0,"한국생산제조학회 (NODE11056370, IF: 0.37)"
1985,2022,기계공학,735831336,권덕호,1,0.0,0.0,"한국생산제조학회 (NODE11056370, IF: 0.37)"
1986,2022,기계공학,799462695,여명훈,1,0.0,0.0,"한국생산제조학회 (NODE11056374, IF: 0.37)"
1987,2022,기계공학,956834975,김정엽,1,0.0,0.0,"한국생산제조학회 (NODE11056374, IF: 0.37)"
1988,2022,기계공학,274381117,이득우,1,0.0,0.0,"한국생산제조학회 (NODE11056375, IF: 0.37)"
1989,2022,기계공학,275106231,시티 누르파딜라 빈티 자이니,1,0.0,0.0,"한국생산제조학회 (NODE11056375, IF: 0.37)"
1990,2022,기계공학,486104595,정광석,1,0.0,0.0,"한국생산제조학회 (NODE11056377, IF: 0.37)"
1991,2022,기계공학,727058600,조시연,1,0.0,0.0,"대한기계학회 (NODE11056379, IF: 0.55)"
1992,2022,기계공학,550067325,박강,1,0.0,0.0,"대한기계학회 (NODE11056380, IF: 0.55)"
1993,2022,기계공학,559359375,김성우,1,0.0,0.0,"대한기계학회 (NODE11056387, IF: 0.55)"
1994,2022,기계공학,879762658,송찬미,1,0.0,0.0,"대한기계학회 (NODE11056389, IF: 0.55)"
1995,2022,기계공학,668036553,문용준,1,0.0,0.0,"대한기계학회 (NODE11056390, IF: 0.55)"
1996,2022,기계공학,690349752,정성근,1,0.0,0.0,"대한기계학회 (NODE11056391, IF: 0.55)"
1997,2022,기계공학,188802773,장광필,1,0.0,0.0,"대한기계학회 (NODE11056402, IF: 0.55)"
1998,2022,기계공학,569548763,박민준,1,0.0,0.0,"한국항공우주학회 (NODE11164821, IF: 0.32)"
1999,2022,기계공학,827587210,최주영,1,0.0,0.0,"한국항공우주학회 (NODE11164821, IF: 0.32)"
2000,2022,기계공학,495322676,박세환,1,0.0,0.0,"한국항공우주학회 (NODE11164821, IF: 0.32)"
2001,2022,기계공학,701071185,류근우,1,0.0,0.0,"한국항공우주학회 (NODE11164823, IF: 0.32)"
2002,2022,기계공학,529998520,김영재,1,0.0,0.0,"한국항공우주학회 (NODE11164823, IF: 0.32)"
2003,2022,기계공학,492338666,신휴성,1,0.0,0.0,"한국항공우주학회 (NODE11164823, IF: 0.32)"
2004,2022,기계공학,189742728,김남수,1,0.0,0.0,"한국항공우주학회 (NODE11164824, IF: 0.32)"
2005,2022,기계공학,4625880,이동우,1,0.0,0.0,"한국항공우주학회 (NODE11164824, IF: 0.32)"
2006,2022,기계공학,5415124,이호형,1,0.0,0.0,"한국항공우주학회 (NODE11164824, IF: 0.32)"
2007,2022,기계공학,624233190,홍수운,1,0.0,0.0,"한국항공우주학회 (NODE11164824, IF: 0.32)"
2008,2022,기계공학,788222326,이상일,1,0.0,0.0,"한국항공우주학회 (NODE11164825, IF: 0.32)"
2009,2022,기계공학,835302614,최지영,1,0.0,0.0,"한국항공우주학회 (NODE11164825, IF: 0.32)"
2010,2022,기계공학,449420506,노웅래,1,0.0,0.0,"한국항공우주학회 (NODE11164825, IF: 0.32)"
2011,2022,기계공학,218512307,Mike Loucks,1,0.0,0.0,"한국항공우주학회 (NODE11164826, IF: 0.32)"
2012,2022,기계공학,859275121,Stephen West,1,0.0,0.0,"한국항공우주학회 (NODE11164826, IF: 0.32)"
2013,2022,기계공학,5323685,강승훈,1,0.0,0.0,"한국항공우주학회 (NODE11164828, IF: 0.32)"
2014,2022,기계공학,571598605,송동현,1,0.0,0.0,"한국항공우주학회 (NODE11164828, IF: 0.32)"
2015,2022,기계공학,904418673,최재원,1,0.0,0.0,"한국항공우주학회 (NODE11164828, IF: 0.32)"
2016,2022,기계공학,540407637,김제원,1,0.0,0.0,"한국항공우주학회 (NODE11164829, IF: 0.32)"
2017,2022,기계공학,134932336,류정희,1,0.0,0.0,"한국항공우주학회 (NODE11164829, IF: 0.32)"
2018,2022,기계공학,872492856,나성준,1,0.0,0.0,"한국항공우주학회 (NODE11164829, IF: 0.32)"
2019,2022,기계공학,605498316,성성철,1,0.0,0.0,"한국항공우주학회 (NODE11164829, IF: 0.32)"
2020,2022,기계공학,162072149,이상일,1,0.0,0.0,"한국항공우주학회 (NODE11164831, IF: 0.32)"
2021,2022,기계공학,726551419,김영철,1,0.0,0.0,"한국소음진동공학회 (NODE11164835, IF: 0.41)"
2022,2022,기계공학,1942930,조수호,1,0.0,0.0,"한국소음진동공학회 (NODE11164837, IF: 0.41)"
2023,2022,기계공학,330776562,최진영,1,0.0,0.0,"한국소음진동공학회 (NODE11164838, IF: 0.41)"
2024,2022,기계공학,743372279,김동수,1,0.0,0.0,"한국소음진동공학회 (NODE11164838, IF: 0.41)"
2025,2022,기계공학,756550576,김우진,1,0.0,0.0,"한국소음진동공학회 (NODE11164838, IF: 0.41)"
2026,2022,기계공학,432308385,한대훈,1,0.0,0.0,"한국소음진동공학회 (NODE11164838, IF: 0.41)"
2027,2022,기계공학,809038394,윤헌준,1,0.0,0.0,"한국소음진동공학회 (NODE11164838, IF: 0.41)"
2028,2022,기계공학,426931136,황보빈,1,0.0,0.0,"한국소음진동공학회 (NODE11164839, IF: 0.41)"
2029,2022,기계공학,902715101,도경민,1,0.0,0.0,"한국소음진동공학회 (NODE11164843, IF: 0.41)"
2030,2022,기계공학,540928894,이석희,1,0.0,0.0,"한국표면공학회 (NODE11165128, IF: 0.25)"
2031,2022,기계공학,418890746,차현진,1,0.0,0.0,"한국표면공학회 (NODE11165128, IF: 0.25)"
2032,2022,기계공학,881899644,이상운,1,0.0,0.0,"한국표면공학회 (NODE11165128, IF: 0.25)"
2033,2022,기계공학,836539185,김준아,1,0.0,0.0,"한국표면공학회 (NODE11165128, IF: 0.25)"
2034,2022,기계공학,467063297,박정환,1,0.0,0.0,"한국표면공학회 (NODE11165128, IF: 0.25)"
2035,2022,기계공학,257409437,손영국,1,0.0,0.0,"한국표면공학회 (NODE11165128, IF: 0.25)"
2036,2022,기계공학,655336089,이준호,1,0.0,0.0,"한국자동차공학회 (NODE11155611, IF: 0.5)"
2037,2022,기계공학,642726080,한창수,1,0.0,0.0,"한국자동차공학회 (NODE11155612, IF: 0.5)"
2038,2022,기계공학,265740462,김인관,1,0.0,0.0,"대한설비공학회 (NODE11039535, IF: 0.42)"
2039,2022,기계공학,869106379,정시영,1,0.0,0.0,"대한설비공학회 (NODE11039536, IF: 0.42)"
2040,2022,기계공학,269712169,최형원,1,0.0,0.0,"대한설비공학회 (NODE11039536, IF: 0.42)"
2041,2022,기계공학,667209735,차운용,1,0.0,0.0,"(사)한국CDE학회 (NODE11038912, IF: 1.14)"
2042,2022,기계공학,133933209,박아람,1,0.0,0.0,"(사)한국CDE학회 (NODE11038915, IF: 1.14)"
2043,2022,기계공학,516148197,김상우,1,0.0,0.0,"(사)한국CDE학회 (NODE11038915, IF: 1.14)"
2044,2022,기계공학,195886756,김윤희,1,0.0,0.0,"(사)한국CDE학회 (NODE11038917, IF: 1.14)"
2045,2022,기계공학,861567426,송진호,1,0.0,0.0,"(사)한국CDE학회 (NODE11038917, IF: 1.14)"
2046,2022,기계공학,270486238,강인완,1,0.0,0.0,"한국자동차공학회 (NODE11139195, IF: 0.5)"
2047,2022,기계공학,436804728,곽기호,1,0.0,0.0,"한국기계연구원 (NODE11483533, IF: 0.0)"
2048,2022,기계공학,475078870,김희태,1,0.0,0.0,"한국기계연구원 (NODE11483533, IF: 0.0)"
2049,2022,기계공학,275940775,최진철,1,0.0,0.0,"한국기계연구원 (NODE11483533, IF: 0.0)"
2050,2022,기계공학,294004325,윤홍식,1,0.0,0.0,"한국기계연구원 (NODE11483534, IF: 0.0)"
2051,2022,기계공학,634884719,길형배,1,0.0,0.0,"한국기계연구원 (NODE11483534, IF: 0.0)"
2052,2022,기계공학,927561081,길형배,1,0.0,0.0,"한국기계연구원 (NODE11483535, IF: 0.0)"
2053,2022,기계공학,578079679,김현하,1,0.0,0.0,"한국기계연구원 (NODE11483535, IF: 0.0)"
2054,2022,기계공학,834096596,이선엽,1,0.0,0.0,"한국기계연구원 (NODE11483535, IF: 0.0)"
2055,2022,기계공학,146954914,김성화,1,0.0,0.0,"한국기계연구원 (NODE11483542, IF: 0.0)"
2056,2022,기계공학,157020875,곽기호,1,0.0,0.0,"한국기계연구원 (NODE11483543, IF: 0.0)"
2057,2022,기계공학,608494209,김혜주,1,0.0,0.010571,"한국기계연구원 (NODE11483546, IF: 0.0)"
2058,2022,기계공학,885058381,최희수,1,0.0,0.0,"한국기계연구원 (NODE11483547, IF: 0.0)"
2059,2022,기계공학,112885128,박상진,1,0.0,0.0,"한국기계연구원 (NODE11483576, IF: 0.0)"
2060,2022,기계공학,624467361,김복철,1,0.0,0.0,"한국기계연구원 (NODE11483577, IF: 0.0)"
2061,2022,기계공학,158643654,이우일,1,0.0,0.0,"한국기계연구원 (NODE11483578, IF: 0.0)"
2062,2022,기계공학,759114460,이재종,1,0.0,0.0,"한국기계연구원 (NODE11483579, IF: 0.0)"
2063,2022,기계공학,991513872,손정락,1,0.0,0.0,"한국기계연구원 (NODE11483580, IF: 0.0)"
2064,2022,기계공학,434177416,심창섭,1,0.0,0.0,"한국기계연구원 (NODE11483581, IF: 0.0)"
2065,2022,기계공학,594087795,이정우,1,0.0,0.034883,"한국기계연구원 (NODE11483585, IF: 0.0)"
2066,2022,기계공학,488289170,김혁준,1,0.0,0.0,"한국기계연구원 (NODE11483586, IF: 0.0)"
2067,2022,기계공학,833860312,이도연,1,0.0,0.0,"한국기계연구원 (NODE11483587, IF: 0.0)"
2068,2022,기계공학,686106579,박기주,1,0.0,0.0,"한국기계연구원 (NODE11483587, IF: 0.0)"
2069,2022,기계공학,746374199,김근환,1,0.0,0.0,"한국기계연구원 (NODE11483587, IF: 0.0)"
2070,2022,기계공학,134295965,이창규,1,0.0,0.0,"한국기계연구원 (NODE11483588, IF: 0.0)"
2071,2022,기계공학,152304736,SeongWan Kim,1,0.0,0.0,"한국마린엔지니어링학회 (NODE11187082, IF: 0.08)"
2072,2022,기계공학,110026474,SeokCheon Kang,1,0.0,0.0,"한국마린엔지니어링학회 (NODE11187082, IF: 0.08)"
2073,2022,기계공학,762450599,MinKi Son,1,0.0,0.0,"한국마린엔지니어링학회 (NODE11187082, IF: 0.08)"
2074,2022,기계공학,101070267,Hyeon-Soo Shin,1,0.0,0.0,"한국마린엔지니어링학회 (NODE11187089, IF: 0.08)"
2075,2022,기계공학,293333970,Chiyeol Kim,1,0.0,0.0,"한국마린엔지니어링학회 (NODE11187089, IF: 0.08)"
2076,2022,기계공학,919652427,Hwan-Seong Kim,1,0.0,0.0,"한국마린엔지니어링학회 (NODE11187089, IF: 0.08)"
2077,2022,기계공학,204093209,Hyeun-chul Kim,1,0.0,0.0,"한국마린엔지니어링학회 (NODE11187090, IF: 0.08)"
2078,2022,기계공학,105019636,Hee-Su Kim,1,0.0,0.0,"한국마린엔지니어링학회 (NODE11187091, IF: 0.08)"
2079,2022,기계공학,435598971,Sung-geun Lee,1,0.0,0.0,"한국마린엔지니어링학회 (NODE11187091, IF: 0.08)"
2080,2022,기계공학,226782914,Hong-Il Seo,1,0.0,0.0,"한국마린엔지니어링학회 (NODE11187094, IF: 0.08)"
2081,2022,기계공학,637399581,Won-Yeol Kim,1,0.0,0.0,"한국마린엔지니어링학회 (NODE11187094, IF: 0.08)"
2082,2022,기계공학,364533638,Jin-Kyung Kim,1,0.0,0.0,"한국마린엔지니어링학회 (NODE11187096, IF: 0.08)"
2083,2022,기계공학,685695415,Seo-Hyeon Bang,1,0.0,0.0,"한국마린엔지니어링학회 (NODE11187096, IF: 0.08)"
2084,2022,기계공학,923471151,Sang-Il Lee,1,0.0,0.0,"한국마린엔지니어링학회 (NODE11187096, IF: 0.08)"
2085,2022,기계공학,5133357,최종락,1,0.0,0.0,"한국전산유체공학회 (NODE11080087, IF: 0.26)"
2086,2022,기계공학,661675342,장상수,1,0.0,0.0,"한국전산유체공학회 (NODE11080087, IF: 0.26)"
2087,2022,기계공학,469358724,허남건,1,0.0,0.0,"한국전산유체공학회 (NODE11080087, IF: 0.26)"
2088,2022,기계공학,945520550,허서연,1,0.0,0.0,"한국전산유체공학회 (NODE11080088, IF: 0.26)"
2089,2022,기계공학,301297766,윤예지,1,0.0,0.0,"한국전산유체공학회 (NODE11080088, IF: 0.26)"
2090,2022,기계공학,778823981,김민성,1,0.0,0.0,"한국전산유체공학회 (NODE11080088, IF: 0.26)"
2091,2022,기계공학,270570435,정민재,1,0.0,0.0,"한국전산유체공학회 (NODE11080088, IF: 0.26)"
2092,2022,기계공학,677153775,지솔근,1,0.0,0.0,"한국전산유체공학회 (NODE11080088, IF: 0.26)"
2093,2022,기계공학,297299971,백진솔,1,0.0,0.0,"한국전산유체공학회 (NODE11080089, IF: 0.26)"
2094,2022,기계공학,949260941,김준영,1,0.0,0.0,"한국전산유체공학회 (NODE11080091, IF: 0.26)"
2095,2022,기계공학,957830053,이재헌,1,0.0,0.0,"한국전산유체공학회 (NODE11080092, IF: 0.26)"
2096,2022,기계공학,715258368,김민건,1,0.0,0.0,"한국전산유체공학회 (NODE11080092, IF: 0.26)"
2097,2022,기계공학,863617051,정희수,1,0.0,0.0,"한국전산유체공학회 (NODE11080092, IF: 0.26)"
2098,2022,기계공학,887306672,김희석,1,0.0,0.0,"한국전산유체공학회 (NODE11080093, IF: 0.26)"
2099,2022,기계공학,366104,노주현,1,0.0,0.0,"한국전산유체공학회 (NODE11080093, IF: 0.26)"
2100,2022,기계공학,353243967,정종덕,1,0.0,0.0,"한국전산유체공학회 (NODE11080093, IF: 0.26)"
2101,2022,기계공학,5109590,손민재,1,0.0,0.0,"한국전산유체공학회 (NODE11080094, IF: 0.26)"
2102,2022,기계공학,661935797,최종욱,1,0.0,0.0,"한국전산유체공학회 (NODE11080094, IF: 0.26)"
2103,2022,기계공학,653419707,허장현,1,0.0,0.0,"한국전산유체공학회 (NODE11080095, IF: 0.26)"
2104,2022,기계공학,564534885,박수형,1,0.0,0.0,"한국전산유체공학회 (NODE11080095, IF: 0.26)"
2105,2022,기계공학,974514615,조제현,1,0.0,0.0,"한국전산유체공학회 (NODE11080096, IF: 0.26)"
2106,2022,기계공학,773309537,박수권,1,0.0,0.0,"한국전산유체공학회 (NODE11080097, IF: 0.26)"
2107,2022,기계공학,992906330,박재성,1,0.0,0.0,"한국전산유체공학회 (NODE11080098, IF: 0.26)"
2108,2022,기계공학,123194742,오은훈,1,0.0,0.0,"한국전산유체공학회 (NODE11080099, IF: 0.26)"
2109,2022,기계공학,297726821,최경민,1,0.0,0.0,"한국전산유체공학회 (NODE11080099, IF: 0.26)"
2110,2022,기계공학,770316639,박준신,1,0.0,0.0,"한국전산유체공학회 (NODE11080100, IF: 0.26)"
2111,2022,기계공학,362481866,김병인,1,0.0,0.0,"한국수소및신에너지학회 (NODE11080279, IF: 0.65)"
2112,2022,기계공학,675891977,이승훈,1,0.0,0.0,"한국수소및신에너지학회 (NODE11080279, IF: 0.65)"
2113,2022,기계공학,529180,이혜진,1,0.0,0.0,"한국수소및신에너지학회 (NODE11080279, IF: 0.65)"
2114,2022,기계공학,966586360,장붕비,1,0.0,0.0,"한국수소및신에너지학회 (NODE11080280, IF: 0.65)"
2115,2022,기계공학,666462341,김현진,1,0.0,0.0,"한국수소및신에너지학회 (NODE11080281, IF: 0.65)"
2116,2022,기계공학,101927114,이동배,1,0.0,0.0,"한국수소및신에너지학회 (NODE11080282, IF: 0.65)"
2117,2022,기계공학,976078723,오환영,1,0.0,0.0,"한국수소및신에너지학회 (NODE11080283, IF: 0.65)"
2118,2022,기계공학,676160177,최윤영,1,0.0,0.0,"한국수소및신에너지학회 (NODE11080283, IF: 0.65)"
2119,2022,기계공학,372969066,손영준,1,0.0,0.0,"한국수소및신에너지학회 (NODE11080283, IF: 0.65)"
2120,2022,기계공학,492193810,이동훈,1,0.0,0.0,"한국수소및신에너지학회 (NODE11080284, IF: 0.65)"
2121,2022,기계공학,798854797,최인호,1,0.0,0.0,"한국수소및신에너지학회 (NODE11080286, IF: 0.65)"
2122,2022,기계공학,620188799,하태일,1,0.0,0.0,"한국수소및신에너지학회 (NODE11080286, IF: 0.65)"
2123,2022,기계공학,570117391,김한상,1,0.0,0.0,"한국수소및신에너지학회 (NODE11080286, IF: 0.65)"
2124,2022,기계공학,106240290,박성호,1,0.0,0.0,"한국수소및신에너지학회 (NODE11080287, IF: 0.65)"
2125,2022,기계공학,487171052,이창형,1,0.0,0.0,"한국수소및신에너지학회 (NODE11080287, IF: 0.65)"
2126,2022,기계공학,692843162,류주열,1,0.0,0.0,"한국수소및신에너지학회 (NODE11080287, IF: 0.65)"
2127,2022,기계공학,158778799,황성현,1,0.0,0.0,"한국수소및신에너지학회 (NODE11080287, IF: 0.65)"
2128,2022,기계공학,393140985,최지선,1,0.0,0.0,"한국수소및신에너지학회 (NODE11080288, IF: 0.65)"
2129,2022,기계공학,741240134,Young IL Park,1,0.0,0.0,"한국마린엔지니어링학회 (NODE11080326, IF: 0.08)"
2130,2022,기계공학,953121884,Jin-Seong Cho,1,0.0,0.0,"한국마린엔지니어링학회 (NODE11080326, IF: 0.08)"
2131,2022,기계공학,171093189,김정환,1,0.0,0.0,"한국마린엔지니어링학회 (NODE11080326, IF: 0.08)"
2132,2022,기계공학,274216884,박주신,1,0.0,0.0,"한국마린엔지니어링학회 (NODE11080327, IF: 0.08)"
2133,2022,기계공학,306118076,손경락,1,0.0,0.0,"한국마린엔지니어링학회 (NODE11080329, IF: 0.08)"
2134,2022,기계공학,667559605,Dong-Yeob Lee,1,0.0,0.0,"한국마린엔지니어링학회 (NODE11080330, IF: 0.08)"
2135,2022,기계공학,785653317,김준선,1,0.0,0.0,"한국마린엔지니어링학회 (NODE11080330, IF: 0.08)"
2136,2022,기계공학,1024874,Kim Sung-An,1,0.0,0.0,"한국마린엔지니어링학회 (NODE11080331, IF: 0.08)"
2137,2022,기계공학,256527778,Jiyong Joo,1,0.0,0.0,"한국마린엔지니어링학회 (NODE11080337, IF: 0.08)"
2138,2022,기계공학,713443266,Dong hyun Park,1,0.0,0.0,"한국마린엔지니어링학회 (NODE11080337, IF: 0.08)"
2139,2022,기계공학,914015173,Tae-jin Rhee,1,0.0,0.0,"한국마린엔지니어링학회 (NODE11080337, IF: 0.08)"
2140,2022,기계공학,155045333,Ji hyoung Lee,1,0.0,0.0,"한국마린엔지니어링학회 (NODE11080337, IF: 0.08)"
2141,2022,기계공학,409278458,이효빈,1,0.0,0.0,"대한기계학회 (NODE11080364, IF: 0.55)"
2142,2022,기계공학,557228302,이효정,1,0.0,0.0,"대한기계학회 (NODE11080364, IF: 0.55)"
2143,2022,기계공학,563939520,홍성은,1,0.0,0.0,"대한기계학회 (NODE11080364, IF: 0.55)"
2144,2022,기계공학,516585440,최장환,1,0.0,0.0,"대한기계학회 (NODE11080364, IF: 0.55)"
2145,2022,기계공학,548726051,조성원,1,0.0,0.0,"대한기계학회 (NODE11080365, IF: 0.55)"
2146,2022,기계공학,5427308,이용균,1,0.0,0.0,"대한기계학회 (NODE11080368, IF: 0.55)"
2147,2022,기계공학,556229084,김태영,1,0.0,0.0,"대한기계학회 (NODE11080368, IF: 0.55)"
2148,2022,기계공학,917625523,박명수,1,0.0,0.0,"대한기계학회 (NODE11080369, IF: 0.55)"
2149,2022,기계공학,842035576,남윤민,1,0.0,0.0,"대한기계학회 (NODE11080369, IF: 0.55)"
2150,2022,기계공학,341893362,김진수,1,0.0,0.0,"대한기계학회 (NODE11080369, IF: 0.55)"
2151,2022,기계공학,231867696,이한상,1,0.0,0.0,"대한기계학회 (NODE11080369, IF: 0.55)"
2152,2022,기계공학,343090824,김덕관,1,0.0,0.0,"한국항공우주연구원 (NODE11100471, IF: 0.0)"
2153,2022,기계공학,5112432,박민수,1,0.0,0.0,"한국항공우주연구원 (NODE11100472, IF: 0.0)"
2154,2022,기계공학,137365572,최은주,1,0.0,0.0,"한국항공우주연구원 (NODE11100472, IF: 0.0)"
2155,2022,기계공학,127416065,조지훈,1,0.0,0.0,"한국항공우주연구원 (NODE11100472, IF: 0.0)"
2156,2022,기계공학,613238837,문석민,1,0.0,0.0,"한국항공우주연구원 (NODE11100472, IF: 0.0)"
2157,2022,기계공학,517456952,이소망,1,0.0,0.0,"한국항공우주연구원 (NODE11100473, IF: 0.0)"
2158,2022,기계공학,123069685,은연주,1,0.0,0.0,"한국항공우주연구원 (NODE11100473, IF: 0.0)"
2159,2022,기계공학,767877995,전대근,1,0.0,0.0,"한국항공우주연구원 (NODE11100473, IF: 0.0)"
2160,2022,기계공학,855995847,박응식,1,0.0,0.0,"한국항공우주연구원 (NODE11100474, IF: 0.0)"
2161,2022,기계공학,309511238,권경진,1,0.0,0.0,"한국항공우주연구원 (NODE11100474, IF: 0.0)"
2162,2022,기계공학,578057419,현범석,1,0.0,0.0,"한국항공우주연구원 (NODE11100475, IF: 0.0)"
2163,2022,기계공학,167335808,이장준,1,0.0,0.0,"한국항공우주연구원 (NODE11100475, IF: 0.0)"
2164,2022,기계공학,902803565,황도순,1,0.0,0.0,"한국항공우주연구원 (NODE11100476, IF: 0.0)"
2165,2022,기계공학,809302783,석병석,1,0.0,0.0,"한국항공우주연구원 (NODE11100477, IF: 0.0)"
2166,2022,기계공학,633627041,박신무,1,0.0,0.0,"한국항공우주연구원 (NODE11100477, IF: 0.0)"
2167,2022,기계공학,546526802,채희상,1,0.0,0.0,"한국항공우주연구원 (NODE11100477, IF: 0.0)"
2168,2022,기계공학,421361459,송복섭,1,0.0,0.0,"한국항공우주연구원 (NODE11100477, IF: 0.0)"
2169,2022,기계공학,428440576,용상순,1,0.0,0.0,"한국항공우주연구원 (NODE11100477, IF: 0.0)"
2170,2022,기계공학,591834804,유명종,1,0.0,0.0,"한국항공우주연구원 (NODE11100477, IF: 0.0)"
2171,2022,기계공학,920189931,이승윤,1,0.0,0.0,"한국항공우주연구원 (NODE11100478, IF: 0.0)"
2172,2022,기계공학,105180117,유준태,1,0.0,0.0,"한국항공우주연구원 (NODE11100478, IF: 0.0)"
2173,2022,기계공학,772775831,허건의,1,0.0,0.0,"한국항공우주연구원 (NODE11100479, IF: 0.0)"
2174,2022,기계공학,565176652,신한섭,1,0.0,0.0,"한국항공우주연구원 (NODE11100480, IF: 0.0)"
2175,2022,기계공학,137384905,최지환,1,0.0,0.0,"한국항공우주연구원 (NODE11100480, IF: 0.0)"
2176,2022,기계공학,886695982,김대오,1,0.0,0.0,"한국항공우주연구원 (NODE11100480, IF: 0.0)"
2177,2022,기계공학,608628603,김태형,1,0.0,0.0,"한국항공우주연구원 (NODE11100480, IF: 0.0)"
2178,2022,기계공학,467321025,이훈희,1,0.0,0.0,"한국항공우주연구원 (NODE11100481, IF: 0.0)"
2179,2022,기계공학,235748658,이돈구,1,0.0,0.0,"한국항공우주연구원 (NODE11100481, IF: 0.0)"
2180,2022,기계공학,482248679,최연주,1,0.0,0.0,"한국항공우주연구원 (NODE11100481, IF: 0.0)"
2181,2022,기계공학,961952169,허성식,1,0.0,0.0,"한국항공우주연구원 (NODE11100481, IF: 0.0)"
2182,2022,기계공학,229774519,진경욱,1,0.0,0.0,"한국항공우주연구원 (NODE11100481, IF: 0.0)"
2183,2022,기계공학,991127709,오한,1,0.0,0.0,"한국항공우주연구원 (NODE11100481, IF: 0.0)"
2184,2022,기계공학,415709383,장종태,1,0.0,0.0,"한국항공우주연구원 (NODE11100482, IF: 0.0)"
2185,2022,기계공학,929940717,박형상,1,0.0,0.0,"대한기계학회 (NODE11100699, IF: 0.55)"
2186,2022,기계공학,766234027,양회관,1,0.0,0.0,"대한기계학회 (NODE11100699, IF: 0.55)"
2187,2022,기계공학,547050745,송재엽,1,0.0,0.0,"대한설비공학회 (NODE11100764, IF: 0.42)"
2188,2022,기계공학,402386494,김진,1,0.0,0.0,"대한설비공학회 (NODE11100766, IF: 0.42)"
2189,2022,기계공학,895239573,손익수,1,0.0,0.0,"대한설비공학회 (NODE11100766, IF: 0.42)"
2190,2022,기계공학,740238635,송재엽,1,0.0,0.0,"대한설비공학회 (NODE11100767, IF: 0.42)"
2191,2022,기계공학,704381,성남철,1,0.0,0.0,"대한설비공학회 (NODE11100768, IF: 0.42)"
2192,2022,기계공학,369136889,홍구표,1,0.0,0.0,"대한설비공학회 (NODE11100768, IF: 0.42)"
2193,2022,기계공학,422613347,최현준,1,0.0,0.0,"대한설비공학회 (NODE11100769, IF: 0.42)"
2194,2022,기계공학,274803914,김창규,1,0.0,0.0,"대한설비공학회 (NODE11100769, IF: 0.42)"
2195,2022,기계공학,902613352,박준성,1,0.0,0.0,"대한기계학회 (NODE10893829, IF: 0.55)"
2196,2022,기계공학,141925425,고태식,1,0.0,0.0,"대한기계학회 (NODE10893829, IF: 0.55)"
2197,2022,기계공학,681125956,이정섭,1,0.0,0.0,"대한기계학회 (NODE10893829, IF: 0.55)"
2198,2022,기계공학,520346285,양서림,1,0.0,0.0,"대한기계학회 (NODE10893830, IF: 0.55)"
2199,2022,기계공학,281216607,유재현,1,0.0,0.0,"대한기계학회 (NODE10893830, IF: 0.55)"
2200,2022,기계공학,145317499,이용택,1,0.0,0.0,"대한기계학회 (NODE10893830, IF: 0.55)"
2201,2022,기계공학,337346259,조동현,1,0.0,0.0,"대한기계학회 (NODE10893831, IF: 0.55)"
2202,2022,기계공학,122320300,강우석,1,0.0,0.0,"대한기계학회 (NODE10893831, IF: 0.55)"
2203,2022,기계공학,5497643,박태준,1,0.0,0.0,"대한기계학회 (NODE10893832, IF: 0.55)"
2204,2022,기계공학,406579655,한호식,1,0.0,0.0,"대한기계학회 (NODE10893833, IF: 0.55)"
2205,2022,기계공학,864831897,정용훈,1,0.0,0.0,"대한기계학회 (NODE10893833, IF: 0.55)"
2206,2022,기계공학,220248453,이상규,1,0.0,0.0,"대한기계학회 (NODE10893833, IF: 0.55)"
2207,2022,기계공학,422070511,백승익,1,0.0,0.0,"대한기계학회 (NODE10893834, IF: 0.55)"
2208,2022,기계공학,670500426,김정실,1,0.0,0.0,"대한기계학회 (NODE10893834, IF: 0.55)"
2209,2022,기계공학,334682722,임종웅,1,0.0,0.0,"대한기계학회 (NODE10893838, IF: 0.55)"
2210,2022,기계공학,367207884,김성민,1,0.0,0.0,"대한기계학회 (NODE10893838, IF: 0.55)"
2211,2022,기계공학,734234124,이정수,1,0.0,0.0,"대한기계학회 (NODE10893838, IF: 0.55)"
2212,2022,기계공학,352434717,조진수,1,0.0,0.0,"대한기계학회 (NODE10893838, IF: 0.55)"
2213,2022,기계공학,456865103,김민규,1,0.0,0.0,"대한기계학회 (NODE10893839, IF: 0.55)"
2214,2022,기계공학,161236026,강영균,1,0.0,0.0,"대한기계학회 (NODE10893840, IF: 0.55)"
2215,2022,기계공학,158173229,원종익,1,0.0,0.0,"대한기계학회 (NODE10893841, IF: 0.55)"
2216,2022,기계공학,789841164,오현택,1,0.0,0.0,"대한기계학회 (NODE10893841, IF: 0.55)"
2217,2022,기계공학,902150965,사공재,1,0.0,0.0,"대한기계학회 (NODE10893841, IF: 0.55)"
2218,2022,기계공학,298007952,박성규,1,0.0,0.0,"대한기계학회 (NODE10893842, IF: 0.55)"
2219,2022,기계공학,269774863,김승찬,1,0.0,0.0,"대한기계학회 (NODE10893842, IF: 0.55)"
2220,2022,기계공학,537030179,신철순,1,0.0,0.0,"대한기계학회 (NODE10893842, IF: 0.55)"
2221,2022,기계공학,138181574,권성용,1,0.0,0.0,"대한기계학회 (NODE10893842, IF: 0.55)"
2222,2022,기계공학,2167369,김경민,1,0.0,0.0,"대한기계학회 (NODE10893843, IF: 0.55)"
2223,2022,기계공학,895560550,강재은,1,0.0,0.0,"대한기계학회 (NODE10893843, IF: 0.55)"
2224,2022,기계공학,774781194,박관진,1,0.0,0.0,"대한기계학회 (NODE10893843, IF: 0.55)"
2225,2022,기계공학,199332918,왕진영,1,0.0,0.0,"대한기계학회 (NODE10893844, IF: 0.55)"
2226,2022,기계공학,479336807,이상환,1,0.0,0.0,"대한기계학회 (NODE10893844, IF: 0.55)"
2227,2022,기계공학,942192177,윤경선,1,0.0,0.0,"대한기계학회 (NODE10893847, IF: 0.55)"
2228,2022,기계공학,113744163,사공영진,1,0.0,0.0,"대한기계학회 (NODE10893847, IF: 0.55)"
2229,2022,기계공학,418006666,주진원,1,0.0,0.0,"대한기계학회 (NODE10893847, IF: 0.55)"
2230,2022,기계공학,537565187,안효훈,1,0.0,0.0,"대한기계학회 (NODE10893848, IF: 0.55)"
2231,2022,기계공학,551263487,정민호,1,0.0,0.0,"대한기계학회 (NODE10893848, IF: 0.55)"
2232,2022,기계공학,819568832,김남훈,1,0.0,0.0,"대한기계학회 (NODE10893848, IF: 0.55)"
2233,2022,기계공학,623960,김정호,1,0.0,0.0,"대한기계학회 (NODE10893849, IF: 0.55)"
2234,2022,기계공학,748517072,정황희,1,0.0,0.0,"대한기계학회 (NODE10893849, IF: 0.55)"
2235,2022,기계공학,794203322,신재렬,1,0.0,0.0,"대한기계학회 (NODE10893849, IF: 0.55)"
2236,2022,기계공학,531400692,신승환,1,0.0,0.0,"대한기계학회 (NODE10893849, IF: 0.55)"
2237,2022,기계공학,103736679,곽영학,1,0.0,0.0,"대한기계학회 (NODE10893849, IF: 0.55)"
2238,2022,기계공학,554543150,김진곤,1,0.0,0.0,"대한기계학회 (NODE10893850, IF: 0.55)"
2239,2022,기계공학,791261399,윤현중,1,0.0,0.0,"대한기계학회 (NODE10893850, IF: 0.55)"
2240,2022,기계공학,483722783,박용국,1,0.0,0.0,"대한기계학회 (NODE10893850, IF: 0.55)"
2241,2022,기계공학,242610853,우정엽,1,0.0,0.0,"대한기계학회 (NODE10893852, IF: 0.55)"
2242,2022,기계공학,730668115,송인호,1,0.0,0.0,"대한기계학회 (NODE10893852, IF: 0.55)"
2243,2022,기계공학,795805580,이다인,1,0.0,0.0,"한국추진공학회 (NODE11042725, IF: 0.31)"
2244,2022,기계공학,959289005,이강영,1,0.0,0.0,"한국추진공학회 (NODE11042725, IF: 0.31)"
2245,2022,기계공학,747032758,한선우,1,0.0,0.0,"한국추진공학회 (NODE11042725, IF: 0.31)"
2246,2022,기계공학,627296381,유경원,1,0.0,0.0,"한국추진공학회 (NODE11042725, IF: 0.31)"
2247,2022,기계공학,999913036,김미리,1,0.0,0.0,"한국추진공학회 (NODE11042726, IF: 0.31)"
2248,2022,기계공학,227588842,김정은,1,0.0,0.0,"한국추진공학회 (NODE11042726, IF: 0.31)"
2249,2022,기계공학,121420368,최한영,1,0.0,0.0,"한국추진공학회 (NODE11042728, IF: 0.31)"
2250,2022,기계공학,111751729,이동선,1,0.0,0.0,"한국추진공학회 (NODE11042728, IF: 0.31)"
2251,2022,기계공학,518116698,윤태두,1,0.0,0.0,"한국추진공학회 (NODE11042729, IF: 0.31)"
2252,2022,기계공학,869329588,최승영,1,0.0,0.0,"한국추진공학회 (NODE11042729, IF: 0.31)"
2253,2022,기계공학,344393016,김태현,1,0.0,0.0,"한국추진공학회 (NODE11042729, IF: 0.31)"
2254,2022,기계공학,4612879,박희승,1,0.0,0.0,"한국추진공학회 (NODE11042729, IF: 0.31)"
2255,2022,기계공학,319693835,조형희,1,0.0,0.0,"한국추진공학회 (NODE11042729, IF: 0.31)"
2256,2022,기계공학,819900352,안종현,1,0.0,0.0,"한국추진공학회 (NODE11042730, IF: 0.31)"
2257,2022,기계공학,949255474,임하영,1,0.0,0.0,"한국추진공학회 (NODE11042730, IF: 0.31)"
2258,2022,기계공학,397258291,서견수,1,0.0,0.0,"한국추진공학회 (NODE11042734, IF: 0.31)"
2259,2022,기계공학,984121238,남창호,1,0.0,0.0,"한국추진공학회 (NODE11042734, IF: 0.31)"
2260,2022,기계공학,772448870,문윤완,1,0.0,0.0,"한국추진공학회 (NODE11042734, IF: 0.31)"
2261,2022,기계공학,930377697,이은성,1,0.0,0.0,"한국추진공학회 (NODE11042736, IF: 0.31)"
2262,2022,기계공학,219855673,한형석,1,0.0,0.0,"한국추진공학회 (NODE11042736, IF: 0.31)"
2263,2022,기계공학,413016504,이재혁,1,0.0,0.0,"한국추진공학회 (NODE11042736, IF: 0.31)"
2264,2022,기계공학,646068159,최정열,1,0.0,0.0,"한국추진공학회 (NODE11042736, IF: 0.31)"
2265,2022,기계공학,269379158,김세일,1,0.0,0.0,"한국추진공학회 (NODE11042737, IF: 0.31)"
2266,2022,기계공학,438879307,김성은,1,0.0,0.0,"한국트라이볼로지학회 (NODE11135859, IF: 0.35)"
2267,2022,기계공학,548480437,이영호,1,0.0,0.0,"한국트라이볼로지학회 (NODE11135859, IF: 0.35)"
2268,2022,기계공학,525872424,김대호,1,0.0,0.0,"한국트라이볼로지학회 (NODE11135859, IF: 0.35)"
2269,2022,기계공학,741056253,김현길,1,0.0,0.0,"한국트라이볼로지학회 (NODE11135859, IF: 0.35)"
2270,2022,기계공학,618892630,장범석,1,0.0,0.0,"한국트라이볼로지학회 (NODE11135860, IF: 0.35)"
2271,2022,기계공학,950309499,권동균,1,0.0,0.0,"한국트라이볼로지학회 (NODE11135862, IF: 0.35)"
2272,2022,기계공학,232121246,오세진,1,0.0,0.0,"한국트라이볼로지학회 (NODE11135862, IF: 0.35)"
2273,2022,기계공학,957431064,아마노프 아웨즈한,1,0.0,0.0,"한국트라이볼로지학회 (NODE11135864, IF: 0.35)"
2274,2022,기계공학,865973751,카림바예프 루슬란,1,0.0,0.0,"한국트라이볼로지학회 (NODE11135864, IF: 0.35)"
2275,2022,기계공학,718793,조인호,1,0.0,0.0,"한국트라이볼로지학회 (NODE11135864, IF: 0.35)"
2276,2022,기계공학,105363558,김응주,1,0.0,0.0,"한국트라이볼로지학회 (NODE11135864, IF: 0.35)"
2277,2022,기계공학,744142425,최성훈,1,0.0,0.0,"한국기계연구원 (NODE11492708, IF: 0.0)"
2278,2022,기계공학,711163849,길형배,1,0.0,0.0,"한국기계연구원 (NODE11492708, IF: 0.0)"
2279,2022,기계공학,288985359,길형배,1,0.0,0.0,"한국기계연구원 (NODE11492802, IF: 0.0)"
2280,2022,기계공학,144742740,이운규,1,0.0,0.0,"한국기계연구원 (NODE11492802, IF: 0.0)"
2281,2022,기계공학,432402785,이지은,1,0.0,0.0,"한국기계연구원 (NODE11492802, IF: 0.0)"
2282,2022,기계공학,468188678,Kotaro Sato,1,0.0,0.0,"한국유체기계학회 (NODE11057300, IF: 0.38)"
2283,2022,기계공학,807884850,신민소,1,0.0,0.0,"(사)한국CDE학회 (NODE11121438, IF: 1.14)"
2284,2022,기계공학,690048976,손보식,1,0.0,0.0,"(사)한국CDE학회 (NODE11121438, IF: 1.14)"
2285,2022,기계공학,299360789,박상근,1,0.0,0.0,"(사)한국CDE학회 (NODE11121439, IF: 1.14)"
2286,2022,기계공학,926366499,권미덕,1,0.0,0.0,"(사)한국CDE학회 (NODE11121440, IF: 1.14)"
2287,2022,기계공학,490988707,빙승진,1,0.0,0.0,"(사)한국CDE학회 (NODE11121441, IF: 1.14)"
2288,2022,기계공학,999002039,강경준,1,0.0,0.0,"(사)한국CDE학회 (NODE11121442, IF: 1.14)"
2289,2022,기계공학,152038743,김구택,1,0.0,0.0,"(사)한국CDE학회 (NODE11121442, IF: 1.14)"
2290,2022,기계공학,176215007,이여경,1,0.0,0.0,"(사)한국CDE학회 (NODE11121446, IF: 1.14)"
2291,2022,기계공학,310302672,나건열,1,0.0,0.0,"(사)한국CDE학회 (NODE11121451, IF: 1.14)"
2292,2022,기계공학,686256816,유재홍,1,0.0,0.0,"(사)한국CDE학회 (NODE11121451, IF: 1.14)"
2293,2022,기계공학,736465842,양정삼,1,0.0,0.0,"(사)한국CDE학회 (NODE11121451, IF: 1.14)"
2294,2022,기계공학,617297654,강영기,1,0.0,0.0,"유공압건설기계학회 (NODE11123696, IF: 1.02)"
2295,2022,기계공학,280489590,이재인,1,0.0,0.0,"유공압건설기계학회 (NODE11123697, IF: 1.02)"
2296,2022,기계공학,974666151,강원율,1,0.0,0.0,"유공압건설기계학회 (NODE11123697, IF: 1.02)"
2297,2022,기계공학,686835814,신대영,1,0.0,0.0,"유공압건설기계학회 (NODE11123697, IF: 1.02)"
2298,2022,기계공학,956063546,채준성,1,0.0,0.0,"유공압건설기계학회 (NODE11123699, IF: 1.02)"
2299,2022,기계공학,398042669,이용범,1,0.0,0.0,"유공압건설기계학회 (NODE11123700, IF: 1.02)"
2300,2022,기계공학,424434511,이기천,1,0.0,0.0,"유공압건설기계학회 (NODE11123700, IF: 1.02)"
2301,2022,기계공학,331266726,임신열,1,0.0,0.0,"유공압건설기계학회 (NODE11123700, IF: 1.02)"
2302,2022,기계공학,504243809,김우진,1,0.0,0.0,"유공압건설기계학회 (NODE11123700, IF: 1.02)"
2303,2022,기계공학,232059521,김광민,1,0.0,0.0,"유공압건설기계학회 (NODE11123700, IF: 1.02)"
2304,2022,기계공학,5121247,박승운,1,0.0,0.0,"유공압건설기계학회 (NODE11123701, IF: 1.02)"
2305,2022,기계공학,374958971,김동혁,1,0.0,0.0,"한국수소및신에너지학회 (NODE11183633, IF: 0.65)"
2306,2022,기계공학,662978219,이영범,1,0.0,0.0,"한국수소및신에너지학회 (NODE11183633, IF: 0.65)"
2307,2022,기계공학,459981900,서흥석,1,0.0,0.0,"한국수소및신에너지학회 (NODE11183633, IF: 0.65)"
2308,2022,기계공학,725401974,모용기,1,0.0,0.0,"한국수소및신에너지학회 (NODE11183633, IF: 0.65)"
2309,2022,기계공학,577350289,이치훈,1,0.0,0.0,"한국수소및신에너지학회 (NODE11183633, IF: 0.65)"
2310,2022,기계공학,865789073,정순영,1,0.0,0.0,"한국수소및신에너지학회 (NODE11183634, IF: 0.65)"
2311,2022,기계공학,125760895,임슬예,1,0.0,0.0,"한국수소및신에너지학회 (NODE11183635, IF: 0.65)"
2312,2022,기계공학,917700918,신경아,1,0.0,0.0,"한국수소및신에너지학회 (NODE11183635, IF: 0.65)"
2313,2022,기계공학,655352687,김남웅,1,0.0,0.0,"한국수소및신에너지학회 (NODE11183635, IF: 0.65)"
2314,2022,기계공학,938547172,김도형,1,0.0,0.0,"한국수소및신에너지학회 (NODE11183635, IF: 0.65)"
2315,2022,기계공학,394003525,박철규,1,0.0,0.0,"한국수소및신에너지학회 (NODE11183635, IF: 0.65)"
2316,2022,기계공학,158662981,박지연,1,0.0,0.0,"한국에너지기후변화학회 (NODE11184005, IF: 0.69)"
2317,2022,기계공학,387919440,이승룡,1,0.0,0.0,"한국에너지기후변화학회 (NODE11184005, IF: 0.69)"
2318,2022,기계공학,338021346,정낙원,1,0.0,0.0,"한국에너지기후변화학회 (NODE11184005, IF: 0.69)"
2319,2022,기계공학,439432085,류창국,1,0.0,0.0,"한국에너지기후변화학회 (NODE11184005, IF: 0.69)"
2320,2022,기계공학,732532302,유미연,1,0.0,0.0,"한국에너지기후변화학회 (NODE11184005, IF: 0.69)"
2321,2022,기계공학,521757454,이창엽,1,0.0,0.0,"한국에너지기후변화학회 (NODE11184005, IF: 0.69)"
2322,2022,기계공학,405171397,송유나,1,0.0,0.0,"한국에너지기후변화학회 (NODE11184008, IF: 0.69)"
2323,2022,기계공학,340955309,이승우,1,0.0,0.0,"한국에너지기후변화학회 (NODE11184008, IF: 0.69)"
2324,2022,기계공학,216250598,김민규,1,0.0,0.0,"한국에너지기후변화학회 (NODE11184008, IF: 0.69)"
2325,2022,기계공학,811027089,윤용승,1,0.0,0.0,"한국에너지기후변화학회 (NODE11184008, IF: 0.69)"
2326,2022,기계공학,756310137,정태경,1,0.0,0.0,"한국에너지기후변화학회 (NODE11184010, IF: 0.69)"
2327,2022,기계공학,713963390,정용,1,0.0,0.0,"한국에너지기후변화학회 (NODE11184010, IF: 0.69)"
2328,2022,기계공학,952681353,서명조,1,0.0,0.0,"한국에너지기후변화학회 (NODE11184012, IF: 0.69)"
2329,2022,기계공학,782235999,김기훈,1,0.0,0.0,"한국에너지기후변화학회 (NODE11184014, IF: 0.69)"
2330,2022,기계공학,615140032,정윤철,1,0.0,0.0,"한국에너지기후변화학회 (NODE11184014, IF: 0.69)"
2331,2022,기계공학,419049475,강경수,1,0.0,0.0,"한국에너지기후변화학회 (NODE11184014, IF: 0.69)"
2332,2022,기계공학,5134470,최영준,1,0.0,0.0,"한국에너지기후변화학회 (NODE11184014, IF: 0.69)"
2333,2022,기계공학,731016460,고희상,1,0.0,0.0,"한국에너지기후변화학회 (NODE11184014, IF: 0.69)"
2334,2022,기계공학,384557062,신혜리,1,0.0,0.0,"한국에너지기후변화학회 (NODE11184015, IF: 0.69)"
2335,2022,기계공학,103733,이승언,1,0.0,0.0,"한국에너지기후변화학회 (NODE11184015, IF: 0.69)"
2336,2022,기계공학,465203520,김유민,1,0.0,0.0,"한국에너지기후변화학회 (NODE11184015, IF: 0.69)"
2337,2022,기계공학,394145413,엄혜원,1,0.0,0.0,"한국에너지기후변화학회 (NODE11184016, IF: 0.69)"
2338,2022,기계공학,496341691,김윤지,1,0.0,0.0,"한국에너지기후변화학회 (NODE11184016, IF: 0.69)"
2339,2022,기계공학,572546259,이수연,1,0.0,0.0,"한국에너지기후변화학회 (NODE11184016, IF: 0.69)"
2340,2022,기계공학,210514787,이주영,1,0.0,0.0,"한국에너지기후변화학회 (NODE11184016, IF: 0.69)"
2341,2022,기계공학,176690248,신기열,1,0.0,0.0,"한국자동차공학회 (NODE11078515, IF: 0.5)"
2342,2022,기계공학,185546507,진태환,1,0.0,0.0,"한국자동차공학회 (NODE11078515, IF: 0.5)"
2343,2022,기계공학,258409608,이동규,1,0.0,0.0,"한국자동차공학회 (NODE11078515, IF: 0.5)"
2344,2022,기계공학,139482967,김준환,1,0.0,0.0,"한국자동차공학회 (NODE11078515, IF: 0.5)"
2345,2022,기계공학,119559609,최주돈,1,0.0,0.0,"한국자동차공학회 (NODE11078515, IF: 0.5)"
2346,2022,기계공학,135913838,사공극,1,0.0,0.0,"한국자동차공학회 (NODE11078515, IF: 0.5)"
2347,2022,기계공학,401633369,오영민,1,0.0,0.0,"한국자동차공학회 (NODE11078517, IF: 0.5)"
2348,2022,기계공학,219851677,양민석,1,0.0,0.0,"한국자동차공학회 (NODE11078517, IF: 0.5)"
2349,2022,기계공학,548784966,정재헌,1,0.0,0.0,"한국자동차공학회 (NODE11078517, IF: 0.5)"
2350,2022,기계공학,139940887,서정환,1,0.0,0.0,"한국자동차공학회 (NODE11078517, IF: 0.5)"
2351,2022,기계공학,4628252,방우석,1,0.0,0.0,"한국자동차공학회 (NODE11078518, IF: 0.5)"
2352,2022,기계공학,334733625,이광주,1,0.0,0.0,"한국자동차공학회 (NODE11078518, IF: 0.5)"
2353,2022,기계공학,394547315,정지은,1,0.0,0.0,"한국자동차공학회 (NODE11078521, IF: 0.5)"
2354,2022,기계공학,888346214,김가현,1,0.0,0.0,"한국자동차공학회 (NODE11078522, IF: 0.5)"
2355,2022,기계공학,998899116,정호기,1,0.0,0.0,"한국자동차공학회 (NODE11078522, IF: 0.5)"
2356,2022,기계공학,464490377,서재규,1,0.0,0.0,"한국자동차공학회 (NODE11078522, IF: 0.5)"
2357,2022,기계공학,5134174,이용희,1,0.0,0.0,"한국비파괴검사학회 (NODE11153312, IF: 0.49)"
2358,2022,기계공학,637040804,홍지영,1,0.0,0.0,"한국비파괴검사학회 (NODE11153312, IF: 0.49)"
2359,2022,기계공학,752621642,이성운,1,0.0,0.0,"대한기계학회 (NODE11153350, IF: 0.55)"
2360,2022,기계공학,722384552,양회관,1,0.0,0.0,"대한기계학회 (NODE11153350, IF: 0.55)"
2361,2022,기계공학,746624247,노경현,1,0.0,0.0,"대한기계학회 (NODE11153351, IF: 0.55)"
2362,2022,기계공학,421973566,양회관,1,0.0,0.0,"대한기계학회 (NODE11153351, IF: 0.55)"
2363,2022,기계공학,228903503,이용범,1,0.0,0.0,"대한기계학회 (NODE11153352, IF: 0.55)"
2364,2022,기계공학,671136883,이호원,1,0.0,0.0,"대한기계학회 (NODE11153352, IF: 0.55)"
2365,2022,기계공학,651035415,한지형,1,0.0,0.0,"한국자동차공학회 (NODE11155607, IF: 0.5)"
2366,2022,기계공학,282596927,김재승,1,0.0,0.0,"한국자동차공학회 (NODE11155608, IF: 0.5)"
2367,2022,기계공학,396834312,유형곤,1,0.0,0.0,"한국자동차공학회 (NODE11155608, IF: 0.5)"
2368,2022,기계공학,980312472,김길현,1,0.0,0.0,"한국자동차공학회 (NODE11155608, IF: 0.5)"
2369,2022,기계공학,812672099,송휴섭,1,0.0,0.0,"한국자동차공학회 (NODE11155608, IF: 0.5)"
2370,2022,기계공학,666012397,곽만기,1,0.0,0.0,"한국자동차공학회 (NODE11155609, IF: 0.5)"
2371,2022,기계공학,130998875,남경모,1,0.0,0.0,"한국자동차공학회 (NODE11155616, IF: 0.5)"
2372,2022,기계공학,363416369,최준섭,1,0.0,0.0,"한국자동차공학회 (NODE11155617, IF: 0.5)"
2373,2022,기계공학,881511544,최지헌,1,0.0,0.0,"한국자동차공학회 (NODE11155617, IF: 0.5)"
2374,2022,기계공학,739607470,함연태,1,0.0,0.0,"한국자동차공학회 (NODE11155617, IF: 0.5)"
2375,2022,기계공학,494630953,김이솔,1,0.0,0.0,"한국자동차공학회 (NODE11155617, IF: 0.5)"
2376,2022,기계공학,904548119,문병준,1,0.0,0.0,"한국자동차공학회 (NODE11155618, IF: 0.5)"
2377,2022,기계공학,476459706,송영규,1,0.0,0.0,"한국자동차공학회 (NODE11155631, IF: 0.5)"
2378,2022,기계공학,826856742,한국자동차공학회 사업팀,1,0.0,0.0,"한국자동차공학회 (NODE11155633, IF: 0.5)"
2379,2022,기계공학,104582804,이혁,1,0.0,0.0,"한국기계가공학회 (NODE10959124, IF: 0.35)"
2380,2022,기계공학,584754565,김종도,1,0.0,0.0,"한국기계가공학회 (NODE10959124, IF: 0.35)"
2381,2022,기계공학,535146923,박재욱,1,0.0,0.0,"한국기계가공학회 (NODE10959125, IF: 0.35)"
2382,2022,기계공학,531072627,윤일채,1,0.0,0.0,"한국기계가공학회 (NODE10959125, IF: 0.35)"
2383,2022,기계공학,752870437,안준현,1,0.0,0.0,"한국기계가공학회 (NODE10959127, IF: 0.35)"
2384,2022,기계공학,279826511,이주형,1,0.0,0.0,"한국기계가공학회 (NODE10959130, IF: 0.35)"
2385,2022,기계공학,112058827,한수원,1,0.0,0.0,"한국기계가공학회 (NODE10959131, IF: 0.35)"
2386,2022,기계공학,757347740,Seung Pyo Hong,1,0.0,0.0,"한국기계가공학회 (NODE10959134, IF: 0.35)"
2387,2022,기계공학,810053416,Seung Min Cha,1,0.0,0.0,"한국기계가공학회 (NODE10959134, IF: 0.35)"
2388,2022,기계공학,499615758,Dong Seok Shin,1,0.0,0.0,"한국기계가공학회 (NODE10959134, IF: 0.35)"
2389,2022,기계공학,813676195,한대성,1,0.0,0.0,"한국기계가공학회 (NODE10959135, IF: 0.35)"
2390,2022,기계공학,531170637,윤현진,1,0.0,0.0,"한국기계가공학회 (NODE10959135, IF: 0.35)"
2391,2022,기계공학,355888683,백승국,1,0.0,0.0,"Korean Society for Precision Engineering (NODE11150842, IF: 0.0)"
2392,2022,기계공학,435005665,이성철,1,0.0,0.0,"Korean Society for Precision Engineering (NODE11150842, IF: 0.0)"
2393,2022,기계공학,429058,장재혁,1,0.0,0.0,"Korean Society for Precision Engineering (NODE11150843, IF: 0.0)"
2394,2022,기계공학,268723849,김지훈,1,0.0,0.0,"Korean Society for Precision Engineering (NODE11150843, IF: 0.0)"
2395,2022,기계공학,1863085,장성원,1,0.0,0.0,"Korean Society for Precision Engineering (NODE11150843, IF: 0.0)"
2396,2022,기계공학,244025317,휴고 로드리그,1,0.0,0.0,"Korean Society for Precision Engineering (NODE11150843, IF: 0.0)"
2397,2022,기계공학,884664992,전우혁,1,0.0,0.0,"Korean Society for Precision Engineering (NODE11150844, IF: 0.0)"
2398,2022,기계공학,3480630,조수빈,1,0.0,0.0,"Korean Society for Precision Engineering (NODE11150844, IF: 0.0)"
2399,2022,기계공학,1316549,정성균,1,0.0,0.0,"Korean Society for Precision Engineering (NODE11150844, IF: 0.0)"
2400,2022,기계공학,974815118,봉재환,1,0.0,0.0,"Korean Society for Precision Engineering (NODE11150844, IF: 0.0)"
2401,2022,기계공학,875744084,강정욱,1,0.0,0.0,"Korean Society for Precision Engineering (NODE11150845, IF: 0.0)"
2402,2022,기계공학,170217188,김한길,1,0.0,0.0,"Korean Society for Precision Engineering (NODE11150845, IF: 0.0)"
2403,2022,기계공학,749634,김태경,1,0.0,0.0,"Korean Society for Precision Engineering (NODE11150846, IF: 0.0)"
2404,2022,기계공학,867521616,이정환,1,0.0,0.0,"Korean Society for Precision Engineering (NODE11150846, IF: 0.0)"
2405,2022,기계공학,5132226,김민규,1,0.0,0.0,"Korean Society for Precision Engineering (NODE11150847, IF: 0.0)"
2406,2022,기계공학,974849740,정보라,1,0.0,0.0,"Korean Society for Precision Engineering (NODE11150850, IF: 0.0)"
2407,2022,기계공학,329663774,김규석,1,0.0,0.0,"Korean Society for Precision Engineering (NODE11150850, IF: 0.0)"
2408,2022,기계공학,837849797,장윤희,1,0.0,0.0,"Korean Society for Precision Engineering (NODE11150850, IF: 0.0)"
2409,2022,기계공학,858884525,강희정,1,0.0,0.0,"한국전산유체공학회 (NODE11184330, IF: 0.26)"
2410,2022,기계공학,592423385,이웅현,1,0.0,0.0,"한국전산유체공학회 (NODE11184332, IF: 0.26)"
2411,2022,기계공학,885156162,이상돈,1,0.0,0.0,"한국전산유체공학회 (NODE11184332, IF: 0.26)"
2412,2022,기계공학,5530878,배준호,1,0.0,0.0,"한국전산유체공학회 (NODE11184333, IF: 0.26)"
2413,2022,기계공학,476344062,김민철,1,0.0,0.0,"한국전산유체공학회 (NODE11184333, IF: 0.26)"
2414,2022,기계공학,901488756,김병성,1,0.0,0.0,"한국전산유체공학회 (NODE11184333, IF: 0.26)"
2415,2022,기계공학,590152959,김제인,1,0.0,0.0,"한국전산유체공학회 (NODE11184334, IF: 0.26)"
2416,2022,기계공학,549423519,문요섭,1,0.0,0.0,"한국전산유체공학회 (NODE11184334, IF: 0.26)"
2417,2022,기계공학,311057922,김진욱,1,0.0,0.0,"한국전산유체공학회 (NODE11184334, IF: 0.26)"
2418,2022,기계공학,750586404,김문찬,1,0.0,0.0,"한국전산유체공학회 (NODE11184334, IF: 0.26)"
2419,2022,기계공학,511778180,안종우,1,0.0,0.0,"한국전산유체공학회 (NODE11184334, IF: 0.26)"
2420,2022,기계공학,111709610,박성호,1,0.0,0.0,"한국전산유체공학회 (NODE11184335, IF: 0.26)"
2421,2022,기계공학,142798867,김정태,1,0.0,0.0,"한국전산유체공학회 (NODE11184335, IF: 0.26)"
2422,2022,기계공학,967484987,양재성,1,0.0,0.0,"한국전산유체공학회 (NODE11184335, IF: 0.26)"
2423,2022,기계공학,5146247,양민규,1,0.0,0.0,"한국전산유체공학회 (NODE11184336, IF: 0.26)"
2424,2022,기계공학,467078316,최지용,1,0.0,0.0,"한국전산유체공학회 (NODE11184336, IF: 0.26)"
2425,2022,기계공학,160899755,최병엽,1,0.0,0.0,"한국전산유체공학회 (NODE11184337, IF: 0.26)"
2426,2022,기계공학,556820183,김용환,1,0.0,0.0,"한국전산유체공학회 (NODE11184339, IF: 0.26)"
2427,2022,기계공학,910446305,서덕철,1,0.0,0.0,"한국전산유체공학회 (NODE11184340, IF: 0.26)"
2428,2022,기계공학,477770643,정희택,1,0.0,0.0,"한국전산유체공학회 (NODE11184340, IF: 0.26)"
2429,2022,기계공학,673026084,이정희,1,0.0,0.0,"한국전산유체공학회 (NODE11184341, IF: 0.26)"
2430,2022,기계공학,624415070,김길원,1,0.0,0.0,"한국전산유체공학회 (NODE11184341, IF: 0.26)"
2431,2022,기계공학,425060505,오재원,1,0.0,0.0,"한국전산유체공학회 (NODE11184341, IF: 0.26)"
2432,2022,기계공학,436646010,나유창,1,0.0,0.0,"한국전산유체공학회 (NODE11184343, IF: 0.26)"
2433,2022,기계공학,991159307,안규중,1,0.0,0.0,"한국전산유체공학회 (NODE11184347, IF: 0.26)"
2434,2022,기계공학,684159740,구본국,1,0.0,0.0,"한국전산유체공학회 (NODE11184347, IF: 0.26)"
2435,2022,기계공학,291262218,김지혜,1,0.0,0.0,"한국전산유체공학회 (NODE11184347, IF: 0.26)"
2436,2022,기계공학,188474636,홍윤표,1,0.0,0.0,"한국전산유체공학회 (NODE11184348, IF: 0.26)"
2437,2022,기계공학,140106309,박준휘,1,0.0,0.0,"한국전산유체공학회 (NODE11184348, IF: 0.26)"
2438,2022,기계공학,240701354,전대영,1,0.0,0.0,"한국전산유체공학회 (NODE11184349, IF: 0.26)"
2439,2022,기계공학,695067016,강혁,1,0.0,0.0,"한국자동차공학회 (NODE11124814, IF: 0.5)"
2440,2022,기계공학,694831992,임후섭,1,0.0,0.0,"한국자동차공학회 (NODE11124814, IF: 0.5)"
2441,2022,기계공학,238911787,김형구,1,0.0,0.0,"한국자동차공학회 (NODE11124819, IF: 0.5)"
2442,2022,기계공학,335752102,So Yeon Kim,1,0.0,0.0,"한국마린엔지니어링학회 (NODE11124899, IF: 0.08)"
2443,2022,기계공학,156312494,GeunGon Kim,1,0.0,0.0,"한국마린엔지니어링학회 (NODE11124901, IF: 0.08)"
2444,2022,기계공학,570730630,Sung-Hwan An,1,0.0,0.0,"한국마린엔지니어링학회 (NODE11124901, IF: 0.08)"
2445,2022,기계공학,778392414,Jong-Hyun Lee,1,0.0,0.0,"한국마린엔지니어링학회 (NODE11124901, IF: 0.08)"
2446,2022,기계공학,612591455,Dongjae Kim,1,0.0,0.0,"한국마린엔지니어링학회 (NODE11124904, IF: 0.08)"
2447,2022,기계공학,988856257,김동우,1,0.0,0.0,"대한설비공학회 (NODE11135909, IF: 0.42)"
2448,2022,기계공학,347025767,정창호,1,0.0,0.0,"대한설비공학회 (NODE11135910, IF: 0.42)"
2449,2022,기계공학,149071244,박상훈,1,0.0,0.0,"대한설비공학회 (NODE11135911, IF: 0.42)"
2450,2022,기계공학,692691291,이종성,1,0.0,0.0,"대한설비공학회 (NODE11135912, IF: 0.42)"
2451,2022,기계공학,164464441,여명석,1,0.0,0.0,"대한설비공학회 (NODE11135913, IF: 0.42)"
2452,2022,기계공학,322044656,장휴산,1,0.0,0.0,"대한설비공학회 (NODE11135913, IF: 0.42)"
2453,2022,기계공학,426085465,리우슈어,1,0.0,0.0,"대한설비공학회 (NODE11135913, IF: 0.42)"
2454,2022,기계공학,891177867,설염,1,0.0,0.0,"대한설비공학회 (NODE11135913, IF: 0.42)"
2455,2022,기계공학,230179077,강수영,1,0.0,0.0,"대한설비공학회 (NODE11135914, IF: 0.42)"
2456,2022,기계공학,441766952,BY David Quirk,1,0.0,0.0,"대한설비공학회 (NODE11135916, IF: 0.42)"
2457,2022,기계공학,453758371,Tom Davidson,1,0.0,0.0,"대한설비공학회 (NODE11135916, IF: 0.42)"
2458,2022,기계공학,423678576,Roger Schmidt,1,0.0,0.0,"대한설비공학회 (NODE11135916, IF: 0.42)"
2459,2022,기계공학,463969315,유영우,1,0.0,0.0,"한국자동차공학회 (NODE11139193, IF: 0.5)"
2460,2022,기계공학,130609380,김한영,1,0.0,0.0,"대한설비공학회 (NODE11157524, IF: 0.42)"
2461,2022,기계공학,490116435,김규영,1,0.0,0.0,"대한설비공학회 (NODE11157525, IF: 0.42)"
2462,2022,기계공학,728301389,김창희,1,0.0,0.0,"대한설비공학회 (NODE11157525, IF: 0.42)"
2463,2022,기계공학,337733708,연성현,1,0.0,0.0,"대한설비공학회 (NODE11157525, IF: 0.42)"
2464,2022,기계공학,260496352,최병남,1,0.0,0.0,"대한설비공학회 (NODE11157526, IF: 0.42)"
2465,2022,기계공학,779800159,박석규,1,0.0,0.0,"대한설비공학회 (NODE11157527, IF: 0.42)"
2466,2022,기계공학,482298710,山本佳嗣,1,0.0,0.0,"대한설비공학회 (NODE11157530, IF: 0.42)"
2467,2022,기계공학,987943977,森上伸也,1,0.0,0.0,"대한설비공학회 (NODE11157530, IF: 0.42)"
2468,2022,기계공학,625654788,大風翼,1,0.0,0.0,"대한설비공학회 (NODE11157530, IF: 0.42)"
2469,2022,기계공학,333775243,丸山裕恒,1,0.0,0.0,"대한설비공학회 (NODE11157530, IF: 0.42)"
2470,2022,기계공학,343194111,吉村奈津江,1,0.0,0.0,"대한설비공학회 (NODE11157530, IF: 0.42)"
2471,2022,기계공학,856838341,박상훈,1,0.0,0.0,"한국항공우주학회 (NODE11157941, IF: 0.32)"
2472,2022,기계공학,835805,이열,1,0.0,0.0,"한국항공우주학회 (NODE11157941, IF: 0.32)"
2473,2022,기계공학,177217483,노경호,1,0.0,0.0,"한국항공우주학회 (NODE11157942, IF: 0.32)"
2474,2022,기계공학,646104554,강동기,1,0.0,0.0,"한국항공우주학회 (NODE11157942, IF: 0.32)"
2475,2022,기계공학,177107993,김재현,1,0.0,0.0,"한국항공우주학회 (NODE11157942, IF: 0.32)"
2476,2022,기계공학,379199155,김영진,1,0.0,0.0,"한국항공우주학회 (NODE11157942, IF: 0.32)"
2477,2022,기계공학,345342198,김태형,1,0.0,0.0,"한국항공우주학회 (NODE11157943, IF: 0.32)"
2478,2022,기계공학,634279911,이진규,1,0.0,0.0,"한국항공우주학회 (NODE11157943, IF: 0.32)"
2479,2022,기계공학,750659162,고효상,1,0.0,0.0,"한국항공우주학회 (NODE11157944, IF: 0.32)"
2480,2022,기계공학,610957707,최한림,1,0.0,0.0,"한국항공우주학회 (NODE11157944, IF: 0.32)"
2481,2022,기계공학,521545893,장종윤,1,0.0,0.0,"한국항공우주학회 (NODE11157944, IF: 0.32)"
2482,2022,기계공학,811324509,김준,1,0.0,0.0,"한국항공우주학회 (NODE11157944, IF: 0.32)"
2483,2022,기계공학,868497799,유구현,1,0.0,0.0,"한국항공우주학회 (NODE11157944, IF: 0.32)"
2484,2022,기계공학,635502014,박병현,1,0.0,0.0,"한국항공우주학회 (NODE11157946, IF: 0.32)"
2485,2022,기계공학,306565995,이예린,1,0.0,0.0,"한국항공우주학회 (NODE11157946, IF: 0.32)"
2486,2022,기계공학,5135527,전지호,1,0.0,0.0,"한국항공우주학회 (NODE11157948, IF: 0.32)"
2487,2022,기계공학,174000974,박주은,1,0.0,0.0,"한국항공우주학회 (NODE11157948, IF: 0.32)"
2488,2022,기계공학,668273136,김성민,1,0.0,0.0,"한국항공우주학회 (NODE11157948, IF: 0.32)"
2489,2022,기계공학,766740711,민세홍,1,0.0,0.0,"한국항공우주학회 (NODE11157948, IF: 0.32)"
2490,2022,기계공학,847976337,이종혁,1,0.0,0.0,"한국항공우주학회 (NODE11157948, IF: 0.32)"
2491,2022,기계공학,77078,김복기,1,0.0,0.0,"한국항공우주학회 (NODE11157948, IF: 0.32)"
2492,2022,기계공학,630101482,이상일,1,0.0,0.0,"한국항공우주학회 (NODE11157949, IF: 0.32)"
2493,2022,기계공학,524226982,박정회,1,0.0,0.0,"한국자동차공학회 (NODE11139199, IF: 0.5)"
2494,2022,기계공학,747905094,노기문,1,0.0,0.0,"한국항공우주학회 (NODE11037443, IF: 0.32)"
2495,2022,기계공학,131213825,박지훈,1,0.0,0.0,"한국항공우주학회 (NODE11037443, IF: 0.32)"
2496,2022,기계공학,626518,민찬오,1,0.0,0.0,"한국항공우주학회 (NODE11037443, IF: 0.32)"
2497,2022,기계공학,956880681,남정수,1,0.0,0.0,"한국항공우주학회 (NODE11037444, IF: 0.32)"
2498,2022,기계공학,574217792,이건웅,1,0.0,0.0,"한국항공우주학회 (NODE11037444, IF: 0.32)"
2499,2022,기계공학,320293203,이동열,1,0.0,0.0,"한국항공우주학회 (NODE11037445, IF: 0.32)"
2500,2022,기계공학,258433558,박선후,1,0.0,0.0,"한국항공우주학회 (NODE11037445, IF: 0.32)"
2501,2022,기계공학,393308013,김남조,1,0.0,0.0,"한국항공우주학회 (NODE11037446, IF: 0.32)"
2502,2022,기계공학,739816440,곽동일,1,0.0,0.0,"한국항공우주학회 (NODE11037446, IF: 0.32)"
2503,2022,기계공학,613041954,강우람,1,0.0,0.0,"한국항공우주학회 (NODE11037446, IF: 0.32)"
2504,2022,기계공학,740068019,황유상,1,0.0,0.0,"한국항공우주학회 (NODE11037446, IF: 0.32)"
2505,2022,기계공학,723362065,김찬동,1,0.0,0.0,"한국항공우주학회 (NODE11037446, IF: 0.32)"
2506,2022,기계공학,849184903,이기진,1,0.0,0.0,"한국항공우주학회 (NODE11037446, IF: 0.32)"
2507,2022,기계공학,238434517,소희섭,1,0.0,0.0,"한국항공우주학회 (NODE11037446, IF: 0.32)"
2508,2022,기계공학,507759176,김균회,1,0.0,0.0,"한국항공우주학회 (NODE11037447, IF: 0.32)"
2509,2022,기계공학,666206530,은창수,1,0.0,0.0,"한국항공우주학회 (NODE11037447, IF: 0.32)"
2510,2022,기계공학,545330342,이강현,1,0.0,0.0,"한국항공우주학회 (NODE11037450, IF: 0.32)"
2511,2022,기계공학,404804385,조예랑,1,0.0,0.0,"한국항공우주학회 (NODE11037450, IF: 0.32)"
2512,2022,기계공학,540834763,지완구,1,0.0,0.0,"한국항공우주학회 (NODE11037450, IF: 0.32)"
2513,2022,기계공학,918436741,한상혁,1,0.0,0.0,"한국항공우주학회 (NODE11037451, IF: 0.32)"
2514,2022,기계공학,881506322,윤태경,1,0.0,0.0,"한국항공우주학회 (NODE11037451, IF: 0.32)"
2515,2022,기계공학,822222680,김상현,1,0.0,0.0,"한국항공우주학회 (NODE11037451, IF: 0.32)"
2516,2022,기계공학,919191535,맹주영,1,0.0,0.0,"한국자동차공학회 (NODE11037452, IF: 0.5)"
2517,2022,기계공학,994659851,홍사라,1,0.0,0.0,"한국자동차공학회 (NODE11037452, IF: 0.5)"
2518,2022,기계공학,459677803,양지현,1,0.0,0.0,"한국자동차공학회 (NODE11037452, IF: 0.5)"
2519,2022,기계공학,746306,김재원,1,0.0,0.0,"한국자동차공학회 (NODE11037454, IF: 0.5)"
2520,2022,기계공학,960637503,신승화,1,0.0,0.0,"한국자동차공학회 (NODE11037454, IF: 0.5)"
2521,2022,기계공학,649559763,김범종,1,0.0,0.0,"한국자동차공학회 (NODE11037454, IF: 0.5)"
2522,2022,기계공학,195248592,박상일,1,0.0,0.0,"한국자동차공학회 (NODE11037455, IF: 0.5)"
2523,2022,기계공학,330519369,권성준,1,0.0,0.0,"한국자동차공학회 (NODE11037456, IF: 0.5)"
2524,2022,기계공학,532562542,박민범,1,0.0,0.0,"한국자동차공학회 (NODE11037456, IF: 0.5)"
2525,2022,기계공학,518009429,윤진원,1,0.0,0.0,"한국자동차공학회 (NODE11037457, IF: 0.5)"
2526,2022,기계공학,693906069,임석연,1,0.0,0.0,"한국자동차공학회 (NODE11037457, IF: 0.5)"
2527,2022,기계공학,439362060,류순필,1,0.0,0.0,"한국자동차공학회 (NODE11037459, IF: 0.5)"
2528,2022,기계공학,609231162,윤건식,1,0.0,0.0,"한국자동차공학회 (NODE11037459, IF: 0.5)"
2529,2022,기계공학,118375926,박철우,1,0.0,0.0,"한국자동차공학회 (NODE11037459, IF: 0.5)"
2530,2022,기계공학,594519235,이인석,1,0.0,0.0,"한국자동차공학회 (NODE11037459, IF: 0.5)"
2531,2022,기계공학,2076781,백세룡,1,0.0,0.0,"한국자동차공학회 (NODE11037460, IF: 0.5)"
2532,2022,기계공학,279870490,윤준규,1,0.0,0.0,"한국자동차공학회 (NODE11037460, IF: 0.5)"
2533,2022,기계공학,444816282,임종한,1,0.0,0.0,"한국자동차공학회 (NODE11037460, IF: 0.5)"
2534,2022,기계공학,296609457,한현서,1,0.0,0.0,"한국자동차공학회 (NODE11037461, IF: 0.5)"
2535,2022,기계공학,298756296,김송희,1,0.0,0.0,"한국자동차공학회 (NODE11037461, IF: 0.5)"
2536,2022,기계공학,786662311,김용현,1,0.0,0.0,"한국자동차공학회 (NODE11037462, IF: 0.5)"
2537,2022,기계공학,711383087,고대철,1,0.0,0.0,"한국자동차공학회 (NODE11037462, IF: 0.5)"
2538,2022,기계공학,729966082,안형근,1,0.0,0.0,"한국비파괴검사학회 (NODE11037477, IF: 0.49)"
2539,2022,기계공학,931132184,강동찬,1,0.0,0.0,"한국비파괴검사학회 (NODE11037477, IF: 0.49)"
2540,2022,기계공학,785888789,김성민,1,0.0,0.0,"한국비파괴검사학회 (NODE11037477, IF: 0.49)"
2541,2022,기계공학,364580599,신양섭,1,0.0,0.0,"한국비파괴검사학회 (NODE11037479, IF: 0.49)"
2542,2022,기계공학,259922741,조상현,1,0.0,0.0,"한국비파괴검사학회 (NODE11037479, IF: 0.49)"
2543,2022,기계공학,565070206,정원석,1,0.0,0.0,"한국비파괴검사학회 (NODE11037479, IF: 0.49)"
2544,2022,기계공학,765947074,박주엽,1,0.0,0.0,"한국비파괴검사학회 (NODE11037481, IF: 0.49)"
2545,2022,기계공학,445259565,홍진영,1,0.0,0.0,"한국비파괴검사학회 (NODE11037484, IF: 0.49)"
2546,2022,기계공학,671367784,김도윤,1,0.0,0.0,"한국비파괴검사학회 (NODE11037484, IF: 0.49)"
2547,2022,기계공학,446927195,황영인,1,0.0,0.0,"한국비파괴검사학회 (NODE11037487, IF: 0.49)"
2548,2022,기계공학,692061317,이효성,1,0.0,0.0,"한국비파괴검사학회 (NODE11037487, IF: 0.49)"
2549,2022,기계공학,193882558,서대철,1,0.0,0.0,"한국비파괴검사학회 (NODE11037487, IF: 0.49)"
2550,2022,기계공학,501794295,유영준,1,0.0,0.0,"한국비파괴검사학회 (NODE11037487, IF: 0.49)"
2551,2022,기계공학,227770943,박성백,1,0.0,0.0,"한국비파괴검사학회 (NODE11037487, IF: 0.49)"
2552,2022,기계공학,678932144,김성호,1,0.0,0.0,"한국비파괴검사학회 (NODE11037487, IF: 0.49)"
2553,2022,기계공학,932158650,김홍성,1,0.0,0.0,"한국비파괴검사학회 (NODE11037487, IF: 0.49)"
2554,2022,기계공학,557911210,김기복,1,0.0,0.0,"한국비파괴검사학회 (NODE11037487, IF: 0.49)"
2555,2022,기계공학,557502312,신정식,1,0.0,0.0,"한국비파괴검사학회 (NODE11037488, IF: 0.49)"
2556,2022,기계공학,308704955,김철훈,1,0.0,0.0,"한국비파괴검사학회 (NODE11037488, IF: 0.49)"
2557,2022,기계공학,810241506,김성태,1,0.0,0.0,"한국비파괴검사학회 (NODE11037488, IF: 0.49)"
2558,2022,기계공학,131315059,양진화,1,0.0,0.0,"대한기계학회 (NODE11038482, IF: 0.55)"
2559,2022,기계공학,568668884,안태환,1,0.0,0.0,"대한기계학회 (NODE11038482, IF: 0.55)"
2560,2022,기계공학,113990982,배황,1,0.0,0.0,"대한기계학회 (NODE11038482, IF: 0.55)"
2561,2022,기계공학,573713381,박현식,1,0.0,0.0,"대한기계학회 (NODE11038482, IF: 0.55)"
2562,2022,기계공학,568752791,김민성,1,0.0,0.0,"대한기계학회 (NODE11038483, IF: 0.55)"
2563,2022,기계공학,553681244,김범주,1,0.0,0.0,"대한기계학회 (NODE11038483, IF: 0.55)"
2564,2022,기계공학,580311105,이신표,1,0.0,0.0,"대한기계학회 (NODE11038485, IF: 0.55)"
2565,2022,기계공학,258712542,진재식,1,0.0,0.0,"대한기계학회 (NODE11038486, IF: 0.55)"
2566,2022,기계공학,5352014,최규태,1,0.0,0.0,"대한기계학회 (NODE11038487, IF: 0.55)"
2567,2022,기계공학,974586920,류연동,1,0.0,0.0,"대한기계학회 (NODE11038487, IF: 0.55)"
2568,2022,기계공학,170511743,전석환,1,0.0,0.0,"대한기계학회 (NODE11038487, IF: 0.55)"
2569,2022,기계공학,406873129,김유환,1,0.0,0.0,"대한기계학회 (NODE11038487, IF: 0.55)"
2570,2022,기계공학,818509097,한진호,1,0.0,0.0,"대한기계학회 (NODE11038487, IF: 0.55)"
2571,2022,기계공학,549318962,Shuqiang Lyu,1,0.0,0.0,"대한기계학회 (NODE11038490, IF: 0.55)"
2572,2022,기계공학,397581531,이문용,1,0.0,0.0,"대한기계학회 (NODE11038490, IF: 0.55)"
2573,2022,기계공학,112138,김진우,1,0.0,0.0,"대한기계학회 (NODE11038491, IF: 0.55)"
2574,2022,기계공학,332281912,이상원,1,0.0,0.0,"대한기계학회 (NODE11038491, IF: 0.55)"
2575,2022,기계공학,688371981,김윤영,1,0.0,0.0,"대한기계학회 (NODE11038492, IF: 0.55)"
2576,2022,기계공학,204082885,이정명,1,0.0,0.0,"대한기계학회 (NODE11038492, IF: 0.55)"
2577,2022,기계공학,461818869,조창훈,1,0.0,0.0,"대한기계학회 (NODE11038492, IF: 0.55)"
2578,2022,기계공학,505247942,변상민,1,0.0,0.0,"대한기계학회 (NODE11038493, IF: 0.55)"
2579,2022,기계공학,686893455,구범모,1,0.0,0.0,"대한기계학회 (NODE11038494, IF: 0.55)"
2580,2022,기계공학,502609710,김종만,1,0.0,0.0,"대한기계학회 (NODE11038494, IF: 0.55)"
2581,2022,기계공학,634208948,남예진,1,0.0,0.0,"대한기계학회 (NODE11038494, IF: 0.55)"
2582,2022,기계공학,331600984,성동진,1,0.0,0.0,"대한기계학회 (NODE11038494, IF: 0.55)"
2583,2022,기계공학,483357152,심재우,1,0.0,0.0,"대한기계학회 (NODE11038494, IF: 0.55)"
2584,2022,기계공학,349195921,양수민,1,0.0,0.0,"대한기계학회 (NODE11038494, IF: 0.55)"
2585,2022,기계공학,553490967,김영호,1,0.0,0.0,"대한기계학회 (NODE11038494, IF: 0.55)"
2586,2022,기계공학,246738964,조우민,1,0.0,0.0,"대한기계학회 (NODE11038495, IF: 0.55)"
2587,2022,기계공학,299310950,장윤석,1,0.0,0.0,"대한기계학회 (NODE11038495, IF: 0.55)"
2588,2022,기계공학,941634,김남열,1,0.0,0.0,"대한기계학회 (NODE11038497, IF: 0.55)"
2589,2022,기계공학,240248450,김종형,1,0.0,0.0,"대한기계학회 (NODE11038497, IF: 0.55)"
2590,2022,기계공학,637523714,김성회,1,0.0,0.0,"대한기계학회 (NODE11038497, IF: 0.55)"
2591,2022,기계공학,520447598,김관영,1,0.0,0.0,"한국에너지기후변화학회 (NODE11079967, IF: 0.69)"
2592,2022,기계공학,426182314,문주연,1,0.0,0.0,"한국에너지기후변화학회 (NODE11079967, IF: 0.69)"
2593,2022,기계공학,274873473,전덕우,1,0.0,0.0,"한국에너지기후변화학회 (NODE11079967, IF: 0.69)"
2594,2022,기계공학,676063708,고은희,1,0.0,0.0,"한국에너지기후변화학회 (NODE11079968, IF: 0.69)"
2595,2022,기계공학,241961127,권병찬,1,0.0,0.0,"한국에너지기후변화학회 (NODE11079968, IF: 0.69)"
2596,2022,기계공학,930823443,윤대식,1,0.0,0.0,"한국에너지기후변화학회 (NODE11079968, IF: 0.69)"
2597,2022,기계공학,442004566,이재용,1,0.0,0.0,"한국에너지기후변화학회 (NODE11079969, IF: 0.69)"
2598,2022,기계공학,518327332,류상오,1,0.0,0.0,"한국에너지기후변화학회 (NODE11079969, IF: 0.69)"
2599,2022,기계공학,688547246,김하나,1,0.0,0.0,"한국에너지기후변화학회 (NODE11079970, IF: 0.69)"
2600,2022,기계공학,340821304,김대욱,1,0.0,0.0,"한국에너지기후변화학회 (NODE11079970, IF: 0.69)"
2601,2022,기계공학,802176821,이진원,1,0.0,0.0,"한국에너지기후변화학회 (NODE11079971, IF: 0.69)"
2602,2022,기계공학,165037239,김석휘,1,0.0,0.0,"한국에너지기후변화학회 (NODE11079971, IF: 0.69)"
2603,2022,기계공학,255650230,황갑수,1,0.0,0.0,"한국에너지기후변화학회 (NODE11079971, IF: 0.69)"
2604,2022,기계공학,193673593,윤경미,1,0.0,0.0,"대한설비공학회 (NODE11125588, IF: 0.42)"
2605,2022,기계공학,884992554,김정훈,1,0.0,0.0,"대한설비공학회 (NODE11125589, IF: 0.42)"
2606,2022,기계공학,699269510,양연호,1,0.0,0.0,"대한설비공학회 (NODE11125590, IF: 0.42)"
2607,2022,기계공학,954099758,정연주,1,0.0,0.0,"대한설비공학회 (NODE11125591, IF: 0.42)"
2608,2022,기계공학,582149115,강현우,1,0.0,0.0,"대한설비공학회 (NODE11125593, IF: 0.42)"
2609,2022,기계공학,196183480,兼坂栄,1,0.0,0.0,"대한설비공학회 (NODE11125595, IF: 0.42)"
2610,2022,기계공학,234806589,이종석,1,0.0,0.0,"대한기계학회 (NODE11123773, IF: 0.55)"
2611,2022,기계공학,289664093,오승현,1,0.0,0.0,"대한기계학회 (NODE11123774, IF: 0.55)"
2612,2022,기계공학,303526081,양회관,1,0.0,0.0,"대한기계학회 (NODE11123774, IF: 0.55)"
2613,2022,기계공학,369229291,최태용,1,0.0,0.0,"대한기계학회 (NODE11123782, IF: 0.55)"
2614,2022,기계공학,108636417,김정중,1,0.0,0.0,"대한기계학회 (NODE11123782, IF: 0.55)"
2615,2022,기계공학,181910969,신영식,1,0.0,0.0,"대한기계학회 (NODE11123782, IF: 0.55)"
2616,2022,기계공학,634262735,김의겸,1,0.0,0.0,"대한기계학회 (NODE11123783, IF: 0.55)"
2617,2022,기계공학,348222535,고제성,1,0.0,0.0,"대한기계학회 (NODE11123784, IF: 0.55)"
2618,2022,기계공학,458954383,김종규,1,0.0,0.0,"대한기계학회 (NODE11123794, IF: 0.55)"
2619,2022,기계공학,230129347,신재민,1,0.0,0.0,"대한기계학회 (NODE11123795, IF: 0.55)"
2620,2022,기계공학,5147767,정현경,1,0.0,0.0,"대한기계학회 (NODE11123795, IF: 0.55)"
2621,2022,기계공학,794750033,박현빈,1,0.0,0.0,"대한기계학회 (NODE11123795, IF: 0.55)"
2622,2022,기계공학,180256471,이상웅,1,0.0,0.0,"대한기계학회 (NODE11123795, IF: 0.55)"
2623,2022,기계공학,647890708,이정연,1,0.0,0.0,"대한기계학회 (NODE11123796, IF: 0.55)"
2624,2022,기계공학,385525847,김채은,1,0.0,0.0,"대한기계학회 (NODE11123796, IF: 0.55)"
2625,2022,기계공학,880236773,정유경,1,0.0,0.0,"대한기계학회 (NODE11123796, IF: 0.55)"
2626,2022,기계공학,420997384,임덕신,1,0.0,0.0,"대한기계학회 (NODE11123796, IF: 0.55)"
2627,2022,기계공학,192485242,오유근,1,0.0,0.0,"대한기계학회 (NODE11123796, IF: 0.55)"
2628,2022,기계공학,909116620,김재형,1,0.0,0.0,"대한기계학회 (NODE11123797, IF: 0.55)"
2629,2022,기계공학,359713972,주송현,1,0.0,0.0,"대한기계학회 (NODE11123798, IF: 0.55)"
2630,2022,기계공학,872663122,윤준영,1,0.0,0.0,"대한기계학회 (NODE11123803, IF: 0.55)"
2631,2022,기계공학,872371165,강승구,1,0.0,0.0,"대한기계학회 (NODE11123803, IF: 0.55)"
2632,2022,기계공학,233691350,김동현,1,0.0,0.0,"대한기계학회 (NODE11123803, IF: 0.55)"
2633,2022,기계공학,949876469,김현태,1,0.0,0.0,"대한기계학회 (NODE11123803, IF: 0.55)"
2634,2022,기계공학,515493145,박세훈,1,0.0,0.0,"대한기계학회 (NODE11123804, IF: 0.55)"
2635,2022,기계공학,211247151,김원중,1,0.0,0.0,"대한기계학회 (NODE11123804, IF: 0.55)"
2636,2022,기계공학,255915431,김민제,1,0.0,0.0,"대한기계학회 (NODE11123804, IF: 0.55)"
2637,2022,기계공학,834300390,박홍근,1,0.0,0.0,"대한기계학회 (NODE11123804, IF: 0.55)"
2638,2022,기계공학,976112065,김현준,1,0.0,0.0,"대한기계학회 (NODE11123804, IF: 0.55)"
2639,2022,기계공학,100180650,김형준,1,0.0,0.0,"대한기계학회 (NODE11123804, IF: 0.55)"
2640,2022,기계공학,511613584,김승용,1,0.0,0.0,"대한기계학회 (NODE11123805, IF: 0.55)"
2641,2022,기계공학,870833934,오동현,1,0.0,0.0,"대한기계학회 (NODE11123805, IF: 0.55)"
2642,2022,기계공학,475393134,김준현,1,0.0,0.0,"대한기계학회 (NODE11123805, IF: 0.55)"
2643,2022,기계공학,340088275,박찬익,1,0.0,0.0,"대한기계학회 (NODE11123805, IF: 0.55)"
2644,2022,기계공학,431750444,이민혁,1,0.0,0.0,"대한기계학회 (NODE11123805, IF: 0.55)"
2645,2022,기계공학,645383845,유대원,1,0.0,0.0,"대한기계학회 (NODE11123805, IF: 0.55)"
2646,2022,기계공학,213125900,김수형,1,0.0,0.0,"대한기계학회 (NODE11123806, IF: 0.55)"
2647,2022,기계공학,983049713,김태형,1,0.0,0.0,"대한기계학회 (NODE11123806, IF: 0.55)"
2648,2022,기계공학,933718001,정진영,1,0.0,0.0,"대한기계학회 (NODE11123806, IF: 0.55)"
2649,2022,기계공학,831328221,박관호,1,0.0,0.0,"대한기계학회 (NODE11123806, IF: 0.55)"
2650,2022,기계공학,156515674,이경록,1,0.0,0.0,"대한기계학회 (NODE11123806, IF: 0.55)"
2651,2022,기계공학,312212305,백광현,1,0.0,0.0,"대한기계학회 (NODE11123806, IF: 0.55)"
2652,2022,기계공학,318612529,송지현,1,0.0,0.0,"대한기계학회 (NODE11123806, IF: 0.55)"
2653,2022,기계공학,543152564,송동현,1,0.0,0.0,"대한기계학회 (NODE11123807, IF: 0.55)"
2654,2022,기계공학,265539127,이충휘,1,0.0,0.0,"대한기계학회 (NODE11123807, IF: 0.55)"
2655,2022,기계공학,702892880,김재훈,1,0.0,0.0,"대한기계학회 (NODE11123807, IF: 0.55)"
2656,2022,기계공학,691642799,천준영,1,0.0,0.0,"대한기계학회 (NODE11123807, IF: 0.55)"
2657,2022,기계공학,931611962,이현택,1,0.0,0.0,"대한기계학회 (NODE11123807, IF: 0.55)"
2658,2022,기계공학,375270263,조성원,1,0.0,0.0,"대한기계학회 (NODE11123808, IF: 0.55)"
2659,2022,기계공학,391378187,김은호,1,0.0,0.0,"대한기계학회 (NODE11123808, IF: 0.55)"
2660,2022,기계공학,353848735,박진수,1,0.0,0.0,"대한기계학회 (NODE11123808, IF: 0.55)"
2661,2022,기계공학,5357064,이재백,1,0.0,0.0,"대한기계학회 (NODE11123808, IF: 0.55)"
2662,2022,기계공학,226951881,이준혁,1,0.0,0.0,"대한기계학회 (NODE11123808, IF: 0.55)"
2663,2022,기계공학,574865439,권선호,1,0.0,0.0,"대한기계학회 (NODE11123811, IF: 0.55)"
2664,2022,기계공학,213642,김홍민,1,0.0,0.0,"대한기계학회 (NODE11123811, IF: 0.55)"
2665,2022,기계공학,727203310,민경석,1,0.0,0.0,"대한기계학회 (NODE11123811, IF: 0.55)"
2666,2022,기계공학,356157987,이효준,1,0.0,0.0,"대한기계학회 (NODE11123811, IF: 0.55)"
2667,2022,기계공학,331314712,김지환,1,0.0,0.0,"대한기계학회 (NODE11123811, IF: 0.55)"
2668,2022,기계공학,696929580,차진훈,1,0.0,0.0,"대한기계학회 (NODE11123812, IF: 0.55)"
2669,2022,기계공학,732000090,곽유빈,1,0.0,0.0,"대한기계학회 (NODE11123812, IF: 0.55)"
2670,2022,기계공학,284814179,윤하정,1,0.0,0.0,"대한기계학회 (NODE11123812, IF: 0.55)"
2671,2022,기계공학,849745395,정희철,1,0.0,0.0,"대한기계학회 (NODE11123812, IF: 0.55)"
2672,2022,기계공학,764644868,임현준,1,0.0,0.0,"대한기계학회 (NODE11123812, IF: 0.55)"
2673,2022,기계공학,498878799,양수현,1,0.0,0.0,"대한기계학회 (NODE11123813, IF: 0.55)"
2674,2022,기계공학,341633285,김도완,1,0.0,0.0,"대한기계학회 (NODE11123813, IF: 0.55)"
2675,2022,기계공학,243939488,김민재,1,0.0,0.0,"대한기계학회 (NODE11123813, IF: 0.55)"
2676,2022,기계공학,500611937,문제민,1,0.0,0.0,"대한기계학회 (NODE11123813, IF: 0.55)"
2677,2022,기계공학,109152835,곽민정,1,0.0,0.0,"대한기계학회 (NODE11123813, IF: 0.55)"
2678,2022,기계공학,980822634,손인수,1,0.0,0.0,"대한기계학회 (NODE11123813, IF: 0.55)"
2679,2022,기계공학,692342346,강찬익,1,0.0,0.0,"대한기계학회 (NODE11123814, IF: 0.55)"
2680,2022,기계공학,497619208,이동효,1,0.0,0.0,"대한기계학회 (NODE11123814, IF: 0.55)"
2681,2022,기계공학,268888315,정규환,1,0.0,0.0,"대한기계학회 (NODE11123814, IF: 0.55)"
2682,2022,기계공학,264791866,이원호,1,0.0,0.0,"대한기계학회 (NODE11123815, IF: 0.55)"
2683,2022,기계공학,952530571,임승호,1,0.0,0.0,"대한기계학회 (NODE11123815, IF: 0.55)"
2684,2022,기계공학,819117496,고광춘,1,0.0,0.0,"대한기계학회 (NODE11123816, IF: 0.55)"
2685,2022,기계공학,744939425,구수진,1,0.0,0.0,"대한기계학회 (NODE11123816, IF: 0.55)"
2686,2022,기계공학,733717483,김도희,1,0.0,0.0,"대한설비공학회 (NODE11123977, IF: 0.42)"
2687,2022,기계공학,921041908,김은서,1,0.0,0.0,"대한설비공학회 (NODE11123977, IF: 0.42)"
2688,2022,기계공학,900850537,최태규,1,0.0,0.0,"대한설비공학회 (NODE11123978, IF: 0.42)"
2689,2022,기계공학,753678332,홍경희,1,0.0,0.0,"대한설비공학회 (NODE11123979, IF: 0.42)"
2690,2022,기계공학,874627043,이연우,1,0.0,0.0,"대한설비공학회 (NODE11123980, IF: 0.42)"
2691,2022,기계공학,704773910,김종헌,1,0.0,0.0,"대한설비공학회 (NODE11123981, IF: 0.42)"
2692,2022,기계공학,538473200,손주찬,1,0.0,0.0,"한국추진공학회 (NODE11123984, IF: 0.31)"
2693,2022,기계공학,414467831,김민호,1,0.0,0.0,"한국추진공학회 (NODE11123986, IF: 0.31)"
2694,2022,기계공학,496848018,오주영,1,0.0,0.0,"한국추진공학회 (NODE11123987, IF: 0.31)"
2695,2022,기계공학,590938736,여재익,1,0.0,0.0,"한국추진공학회 (NODE11123987, IF: 0.31)"
2696,2022,기계공학,121387055,윤지수,1,0.0,0.0,"한국추진공학회 (NODE11123988, IF: 0.31)"
2697,2022,기계공학,346532567,허준영,1,0.0,0.0,"한국추진공학회 (NODE11123988, IF: 0.31)"
2698,2022,기계공학,868608670,오석진,1,0.0,0.0,"한국추진공학회 (NODE11123988, IF: 0.31)"
2699,2022,기계공학,325817547,김철웅,1,0.0,0.0,"한국추진공학회 (NODE11123989, IF: 0.31)"
2700,2022,기계공학,886506909,임석희,1,0.0,0.0,"한국추진공학회 (NODE11123989, IF: 0.31)"
2701,2022,기계공학,510857944,황창환,1,0.0,0.0,"한국추진공학회 (NODE11123993, IF: 0.31)"
2702,2022,기계공학,177540828,이정호,1,0.0,0.0,"한국추진공학회 (NODE11123993, IF: 0.31)"
2703,2022,기계공학,717054662,김채형,1,0.0,0.0,"한국추진공학회 (NODE11123993, IF: 0.31)"
2704,2022,기계공학,611051255,전준수,1,0.0,0.0,"한국추진공학회 (NODE11123993, IF: 0.31)"
2705,2022,기계공학,785876193,박재영,1,0.0,0.0,"한국추진공학회 (NODE11123993, IF: 0.31)"
2706,2022,기계공학,744507996,이광진,1,0.0,0.0,"한국추진공학회 (NODE11123993, IF: 0.31)"
2707,2022,기계공학,120314894,이근호,1,0.0,0.0,"한국기계가공학회 (NODE11130224, IF: 0.35)"
2708,2022,기계공학,258624560,방상욱,1,0.0,0.0,"한국기계가공학회 (NODE11130225, IF: 0.35)"
2709,2022,기계공학,999397172,유련,1,0.0,0.0,"한국기계가공학회 (NODE11130227, IF: 0.35)"
2710,2022,기계공학,862412108,김영근,1,0.0,0.0,"한국기계가공학회 (NODE11130227, IF: 0.35)"
2711,2022,기계공학,805153256,손영갑,1,0.0,0.0,"한국기계가공학회 (NODE11130228, IF: 0.35)"
2712,2022,기계공학,701497628,신중한,1,0.0,0.0,"한국기계가공학회 (NODE11130230, IF: 0.35)"
2713,2022,기계공학,565033173,김도희,1,0.0,0.0,"한국기계가공학회 (NODE11130230, IF: 0.35)"
2714,2022,기계공학,763423344,도재석,1,0.0,0.0,"한국기계가공학회 (NODE11130231, IF: 0.35)"
2715,2022,기계공학,800384039,박우진,1,0.0,0.0,"한국기계가공학회 (NODE11130232, IF: 0.35)"
2716,2022,기계공학,706776196,박용익,1,0.0,0.0,"한국기계가공학회 (NODE11130232, IF: 0.35)"
2717,2022,기계공학,688326380,이영태,1,0.0,0.0,"한국기계가공학회 (NODE11130234, IF: 0.35)"
2718,2022,기계공학,834330647,황성완,1,0.0,0.0,"한국기계가공학회 (NODE11130238, IF: 0.35)"
2719,2022,기계공학,444997003,차석수,1,0.0,0.0,"한국기계가공학회 (NODE11130238, IF: 0.35)"
2720,2022,기계공학,475400533,김서현,1,0.0,0.0,"한국기계가공학회 (NODE11130239, IF: 0.35)"
2721,2022,기계공학,823114548,유성재,1,0.0,0.0,"한국기계가공학회 (NODE11130239, IF: 0.35)"
2722,2022,기계공학,276314741,문상준,1,0.0,0.0,"한국기계가공학회 (NODE11130239, IF: 0.35)"
2723,2022,기계공학,941128743,최강림,1,0.0,0.0,"한국자동차공학회 (NODE11155613, IF: 0.5)"
2724,2022,기계공학,474818207,최명환,1,0.0,0.0,"대한용접·접합학회 (NODE11186626, IF: 0.65)"
2725,2022,기계공학,675815803,WooSung Jin,1,0.0,0.0,"대한용접·접합학회 (NODE11186627, IF: 0.65)"
2726,2022,기계공학,410607555,진우성,1,0.0,0.0,"대한용접·접합학회 (NODE11186628, IF: 0.65)"
2727,2022,기계공학,899343865,Siva Prasad Murugan,1,0.0,0.0,"대한용접·접합학회 (NODE11186628, IF: 0.65)"
2728,2022,기계공학,190963543,지창욱,1,0.0,0.0,"대한용접·접합학회 (NODE11186628, IF: 0.65)"
2729,2022,기계공학,766756693,김정민,1,0.0,0.0,"대한용접·접합학회 (NODE11186629, IF: 0.65)"
2730,2022,기계공학,804032925,김남규,1,0.0,0.0,"대한용접·접합학회 (NODE11186629, IF: 0.65)"
2731,2022,기계공학,530397004,송상우,1,0.0,0.0,"대한용접·접합학회 (NODE11186629, IF: 0.65)"
2732,2022,기계공학,223672226,홍승갑,1,0.0,0.0,"대한용접·접합학회 (NODE11186630, IF: 0.65)"
2733,2022,기계공학,199019644,여경윤,1,0.0,0.0,"대한용접·접합학회 (NODE11186630, IF: 0.65)"
2734,2022,기계공학,681564558,정보영,1,0.0,0.0,"대한용접·접합학회 (NODE11186630, IF: 0.65)"
2735,2022,기계공학,485333308,김경환,1,0.0,0.0,"대한용접·접합학회 (NODE11186631, IF: 0.65)"
2736,2022,기계공학,568454213,박이현,1,0.0,0.0,"대한용접·접합학회 (NODE11186631, IF: 0.65)"
2737,2022,기계공학,439226,최병철,1,0.0,0.0,"한국마린엔지니어링학회 (NODE11187069, IF: 0.08)"
2738,2022,기계공학,496256260,Jae Ik Lee,1,0.0,0.0,"한국마린엔지니어링학회 (NODE11187069, IF: 0.08)"
2739,2022,기계공학,785133854,Jun-Soo Kim,1,0.0,0.0,"한국마린엔지니어링학회 (NODE11187070, IF: 0.08)"
2740,2022,기계공학,734641709,박대근,1,0.0,0.0,"한국마린엔지니어링학회 (NODE11187070, IF: 0.08)"
2741,2022,기계공학,429583755,최재혁,1,0.0,0.0,"한국마린엔지니어링학회 (NODE11187070, IF: 0.08)"
2742,2022,기계공학,831687658,윤성환,1,0.0,0.0,"한국마린엔지니어링학회 (NODE11187070, IF: 0.08)"
2743,2022,기계공학,878856034,Quang Dao Vuong,1,0.0,0.0,"한국마린엔지니어링학회 (NODE11187071, IF: 0.08)"
2744,2022,기계공학,447043135,Sung Jun Lee,1,0.0,0.0,"한국마린엔지니어링학회 (NODE11187072, IF: 0.08)"
2745,2022,기계공학,699305253,Yoo Sei Park,1,0.0,0.0,"한국마린엔지니어링학회 (NODE11187072, IF: 0.08)"
2746,2022,기계공학,337612654,이인규,1,0.0,0.0,"한국마린엔지니어링학회 (NODE11187074, IF: 0.08)"
2747,2022,기계공학,631557526,이상곤,1,0.0,0.0,"한국마린엔지니어링학회 (NODE11187074, IF: 0.08)"
2748,2022,기계공학,789614874,Kyung-Hun Lee,1,0.0,0.0,"한국마린엔지니어링학회 (NODE11187074, IF: 0.08)"
2749,2022,기계공학,318156837,Jaehui Bang,1,0.0,0.0,"한국마린엔지니어링학회 (NODE11187075, IF: 0.08)"
2750,2022,기계공학,817360858,Hansol Kwon,1,0.0,0.0,"한국마린엔지니어링학회 (NODE11187075, IF: 0.08)"
2751,2022,기계공학,743517447,Eungsun Byon,1,0.0,0.0,"한국마린엔지니어링학회 (NODE11187075, IF: 0.08)"
2752,2022,기계공학,744256875,Eunkyung Lee,1,0.0,0.0,"한국마린엔지니어링학회 (NODE11187075, IF: 0.08)"
2753,2022,기계공학,163488362,Sung-Uk KIM,1,0.0,0.0,"한국마린엔지니어링학회 (NODE11187076, IF: 0.08)"
2754,2022,기계공학,887056349,Gun-Kyung LEE,1,0.0,0.0,"한국마린엔지니어링학회 (NODE11187076, IF: 0.08)"
2755,2022,기계공학,113713370,김무선,1,0.0,0.0,"한국마린엔지니어링학회 (NODE11187077, IF: 0.08)"
2756,2022,기계공학,933883310,Seong-Woo Lee,1,0.0,0.0,"한국마린엔지니어링학회 (NODE11187077, IF: 0.08)"
2757,2022,기계공학,219591240,Hee-Sung Park,1,0.0,0.0,"항공우주시스템공학회 (NODE11193360, IF: 0.26)"
2758,2022,기계공학,433427360,Max Guba,1,0.0,0.0,"항공우주시스템공학회 (NODE11193360, IF: 0.26)"
2759,2022,기계공학,532155622,강승훈,1,0.0,0.0,"항공우주시스템공학회 (NODE11193382, IF: 0.26)"
2760,2022,기계공학,470917722,한성현,1,0.0,0.0,"항공우주시스템공학회 (NODE11193382, IF: 0.26)"
2761,2022,기계공학,604912897,전지연,1,0.0,0.0,"항공우주시스템공학회 (NODE11193382, IF: 0.26)"
2762,2022,기계공학,927642769,임동주,1,0.0,0.0,"항공우주시스템공학회 (NODE11193382, IF: 0.26)"
2763,2022,기계공학,971017734,이상철,1,0.0,0.0,"항공우주시스템공학회 (NODE11193382, IF: 0.26)"
2764,2022,기계공학,457337852,김연희,1,0.0,0.0,"항공우주시스템공학회 (NODE11193383, IF: 0.26)"
2765,2022,기계공학,333775002,김휘엽,1,0.0,0.0,"항공우주시스템공학회 (NODE11193383, IF: 0.26)"
2766,2022,기계공학,556651484,박정선,1,0.0,0.0,"항공우주시스템공학회 (NODE11193383, IF: 0.26)"
2767,2022,기계공학,741769602,변준형,1,0.0,0.0,"항공우주시스템공학회 (NODE11193383, IF: 0.26)"
2768,2022,기계공학,993027970,김승한,1,0.0,0.0,"항공우주시스템공학회 (NODE11193384, IF: 0.26)"
2769,2022,기계공학,240234549,박상훈,1,0.0,0.0,"항공우주시스템공학회 (NODE11193384, IF: 0.26)"
2770,2022,기계공학,801551367,심창훈,1,0.0,0.0,"항공우주시스템공학회 (NODE11193385, IF: 0.26)"
2771,2022,기계공학,244119696,한현우,1,0.0,0.0,"항공우주시스템공학회 (NODE11193386, IF: 0.26)"
2772,2022,기계공학,222308830,임동우,1,0.0,0.0,"항공우주시스템공학회 (NODE11193386, IF: 0.26)"
2773,2022,기계공학,5140336,박정호,1,0.0,0.0,"항공우주시스템공학회 (NODE11193386, IF: 0.26)"
2774,2022,기계공학,980531516,조경연,1,0.0,0.0,"항공우주시스템공학회 (NODE11193387, IF: 0.26)"
2775,2022,기계공학,561636266,이두환,1,0.0,0.0,"항공우주시스템공학회 (NODE11193387, IF: 0.26)"
2776,2022,기계공학,707195032,차상철,1,0.0,0.0,"항공우주시스템공학회 (NODE11193387, IF: 0.26)"
2777,2022,기계공학,935885929,김정열,1,0.0,0.0,"항공우주시스템공학회 (NODE11193387, IF: 0.26)"
2778,2022,기계공학,105968832,최인서,1,0.0,0.0,"항공우주시스템공학회 (NODE11193388, IF: 0.26)"
2779,2022,기계공학,411108296,이종훈,1,0.0,0.0,"항공우주시스템공학회 (NODE11193390, IF: 0.26)"
2780,2022,기계공학,104891986,박태산,1,0.0,0.0,"항공우주시스템공학회 (NODE11193390, IF: 0.26)"
2781,2022,기계공학,503598759,성길영,1,0.0,0.0,"항공우주시스템공학회 (NODE11193390, IF: 0.26)"
2782,2022,기계공학,788301428,남경래,1,0.0,0.0,"항공우주시스템공학회 (NODE11193390, IF: 0.26)"
2783,2022,기계공학,5174332,문정호,1,0.0,0.0,"항공우주시스템공학회 (NODE11193390, IF: 0.26)"
2784,2022,기계공학,499363416,문귀원,1,0.0,0.0,"항공우주시스템공학회 (NODE11193391, IF: 0.26)"
2785,2022,기계공학,625285,구철회,1,0.0,0.0,"항공우주시스템공학회 (NODE11193391, IF: 0.26)"
2786,2022,기계공학,411799336,이성윤,1,0.0,0.0,"항공우주시스템공학회 (NODE11193391, IF: 0.26)"
2787,2022,기계공학,543451163,구인회,1,0.0,0.0,"항공우주시스템공학회 (NODE11193391, IF: 0.26)"
2788,2022,기계공학,950703148,안상일,1,0.0,0.0,"항공우주시스템공학회 (NODE11193391, IF: 0.26)"
2789,2022,기계공학,686928912,최필경,1,0.0,0.0,"항공우주시스템공학회 (NODE11193392, IF: 0.26)"
2790,2022,기계공학,799039012,유병철,1,0.0,0.0,"항공우주시스템공학회 (NODE11193392, IF: 0.26)"
2791,2022,기계공학,135336851,이경묵,1,0.0,0.0,"항공우주시스템공학회 (NODE11193392, IF: 0.26)"
2792,2022,기계공학,413673391,홍진석,1,0.0,0.0,"항공우주시스템공학회 (NODE11193392, IF: 0.26)"
2793,2022,기계공학,313670269,양지윤,1,0.0,0.0,"항공우주시스템공학회 (NODE11193393, IF: 0.26)"
2794,2022,기계공학,906175507,김영철,1,0.0,0.0,"항공우주시스템공학회 (NODE11193394, IF: 0.26)"
2795,2022,기계공학,117412545,김동협,1,0.0,0.0,"항공우주시스템공학회 (NODE11193394, IF: 0.26)"
2796,2022,기계공학,995419697,김상우,1,0.0,0.0,"항공우주시스템공학회 (NODE11193394, IF: 0.26)"
2797,2022,기계공학,626685034,강정현,1,0.0,0.0,"항공우주시스템공학회 (NODE11193394, IF: 0.26)"
2798,2022,기계공학,753223968,우상만,1,0.0,0.0,"항공우주시스템공학회 (NODE11193395, IF: 0.26)"
2799,2022,기계공학,791847434,최준우,1,0.0,0.0,"항공우주시스템공학회 (NODE11193399, IF: 0.26)"
2800,2022,기계공학,366871339,김동연,1,0.0,0.0,"항공우주시스템공학회 (NODE11193399, IF: 0.26)"
2801,2022,기계공학,461561113,김현국,1,0.0,0.0,"항공우주시스템공학회 (NODE11193399, IF: 0.26)"
2802,2022,기계공학,454929148,박부식,1,0.0,0.0,"항공우주시스템공학회 (NODE11052286, IF: 0.26)"
2803,2022,기계공학,898726924,손명환,1,0.0,0.0,"항공우주시스템공학회 (NODE11052286, IF: 0.26)"
2804,2022,기계공학,390535395,이정도,1,0.0,0.0,"항공우주시스템공학회 (NODE11052286, IF: 0.26)"
2805,2022,기계공학,761566433,윤종호,1,0.0,0.0,"항공우주시스템공학회 (NODE11052286, IF: 0.26)"
2806,2022,기계공학,4382954,백인석,1,0.0,0.0,"항공우주시스템공학회 (NODE11052287, IF: 0.26)"
2807,2022,기계공학,996171390,김동환,1,0.0,0.0,"항공우주시스템공학회 (NODE11052288, IF: 0.26)"
2808,2022,기계공학,811884242,장윤호,1,0.0,0.0,"항공우주시스템공학회 (NODE11052289, IF: 0.26)"
2809,2022,기계공학,547126334,채문교,1,0.0,0.0,"항공우주시스템공학회 (NODE11052290, IF: 0.26)"
2810,2022,기계공학,540362265,강문혜,1,0.0,0.0,"항공우주시스템공학회 (NODE11052290, IF: 0.26)"
2811,2022,기계공학,893104566,주기영,1,0.0,0.0,"항공우주시스템공학회 (NODE11052291, IF: 0.26)"
2812,2022,기계공학,281765061,이상민,1,0.0,0.0,"항공우주시스템공학회 (NODE11052291, IF: 0.26)"
2813,2022,기계공학,218139390,백중환,1,0.0,0.0,"항공우주시스템공학회 (NODE11052291, IF: 0.26)"
2814,2022,기계공학,279232069,손현승,1,0.0,0.0,"항공우주시스템공학회 (NODE11052294, IF: 0.26)"
2815,2022,기계공학,371599520,이호일,1,0.0,0.0,"항공우주시스템공학회 (NODE11052294, IF: 0.26)"
2816,2022,기계공학,348607811,고덕곤,1,0.0,0.0,"항공우주시스템공학회 (NODE11052294, IF: 0.26)"
2817,2022,기계공학,834766039,김대욱,1,0.0,0.0,"항공우주시스템공학회 (NODE11052295, IF: 0.26)"
2818,2022,기계공학,184979617,김찬조,1,0.0,0.0,"항공우주시스템공학회 (NODE11052295, IF: 0.26)"
2819,2022,기계공학,191491380,최희주,1,0.0,0.0,"항공우주시스템공학회 (NODE11052296, IF: 0.26)"
2820,2022,기계공학,906871883,권병국,1,0.0,0.0,"항공우주시스템공학회 (NODE11052297, IF: 0.26)"
2821,2022,기계공학,229717454,손일원,1,0.0,0.0,"항공우주시스템공학회 (NODE11052297, IF: 0.26)"
2822,2022,기계공학,992645464,김상혁,1,0.0,0.0,"항공우주시스템공학회 (NODE11052298, IF: 0.26)"
2823,2022,기계공학,567325097,조상환,1,0.0,0.0,"항공우주시스템공학회 (NODE11052299, IF: 0.26)"
2824,2022,기계공학,527976904,홍진표,1,0.0,0.0,"한국기계가공학회 (NODE11036608, IF: 0.35)"
2825,2022,기계공학,778379819,윤상환,1,0.0,0.0,"한국기계가공학회 (NODE11036608, IF: 0.35)"
2826,2022,기계공학,248851020,윤현규,1,0.0,0.0,"한국기계가공학회 (NODE11036608, IF: 0.35)"
2827,2022,기계공학,642669923,김래성,1,0.0,0.0,"한국기계가공학회 (NODE11036608, IF: 0.35)"
2828,2022,기계공학,651773068,안준태,1,0.0,0.0,"한국기계가공학회 (NODE11036608, IF: 0.35)"
2829,2022,기계공학,861791062,장동환,1,0.0,0.0,"한국기계가공학회 (NODE11036609, IF: 0.35)"
2830,2022,기계공학,245936662,차태형,1,0.0,0.0,"한국기계가공학회 (NODE11036611, IF: 0.35)"
2831,2022,기계공학,890930330,김광희,1,0.0,0.0,"한국기계가공학회 (NODE11036612, IF: 0.35)"
2832,2022,기계공학,106899203,고아라,1,0.0,0.0,"한국기계가공학회 (NODE11036614, IF: 0.35)"
2833,2022,기계공학,533844635,이동형,1,0.0,0.0,"한국기계가공학회 (NODE11036615, IF: 0.35)"
2834,2022,기계공학,447801211,최돈범,1,0.0,0.0,"한국기계가공학회 (NODE11036615, IF: 0.35)"
2835,2022,기계공학,974608546,강성웅,1,0.0,0.0,"한국기계가공학회 (NODE11036615, IF: 0.35)"
2836,2022,기계공학,304013872,최하영,1,0.0,0.0,"한국기계가공학회 (NODE11036615, IF: 0.35)"
2837,2022,기계공학,942166564,구현곤,1,0.0,0.0,"한국기계가공학회 (NODE11036616, IF: 0.35)"
2838,2022,기계공학,792908415,배영관,1,0.0,0.0,"한국기계가공학회 (NODE11036616, IF: 0.35)"
2839,2022,기계공학,585042635,김진희,1,0.0,0.0,"한국기계가공학회 (NODE11036616, IF: 0.35)"
2840,2022,기계공학,273684522,육주찬,1,0.0,0.0,"한국기계가공학회 (NODE11036618, IF: 0.35)"
2841,2022,기계공학,665611579,신홍식,1,0.0,0.0,"한국기계가공학회 (NODE11036621, IF: 0.35)"
2842,2022,기계공학,143231696,박상혁,1,0.0,0.0,"한국기계가공학회 (NODE11036623, IF: 0.35)"
2843,2022,기계공학,585943891,황희건,1,0.0,0.0,"한국기계가공학회 (NODE11036623, IF: 0.35)"
2844,2022,기계공학,812928987,최세웅,1,0.0,0.0,"한국기계가공학회 (NODE11036623, IF: 0.35)"
2845,2022,기계공학,369809130,지명준,1,0.0,0.0,"한국기계가공학회 (NODE11036623, IF: 0.35)"
2846,2022,기계공학,152923996,홍우철,1,0.0,0.0,"한국기계가공학회 (NODE11036623, IF: 0.35)"
2847,2022,기계공학,235977761,정호인,1,0.0,0.0,"한국기계가공학회 (NODE11036624, IF: 0.35)"
2848,2022,기계공학,577518839,최성준,1,0.0,0.0,"한국기계가공학회 (NODE11036624, IF: 0.35)"
2849,2022,기계공학,921464033,서주한,1,0.0,0.0,"한국기계가공학회 (NODE11036625, IF: 0.35)"
2850,2022,기계공학,765803877,김민재,1,0.0,0.0,"한국기계가공학회 (NODE11036626, IF: 0.35)"
2851,2022,기계공학,827016155,황태연,1,0.0,0.0,"대한설비공학회 (NODE11144327, IF: 0.42)"
2852,2022,기계공학,229443327,이영재,1,0.0,0.0,"대한설비공학회 (NODE11050735, IF: 0.42)"
2853,2022,기계공학,468010868,이웅복,1,0.0,0.0,"대한설비공학회 (NODE11050735, IF: 0.42)"
2854,2022,기계공학,558174348,옥정수,1,0.0,0.0,"대한설비공학회 (NODE11050736, IF: 0.42)"
2855,2022,기계공학,908308804,안익로,1,0.0,0.0,"대한설비공학회 (NODE11050736, IF: 0.42)"
2856,2022,기계공학,878308473,강상우,1,0.0,0.0,"대한설비공학회 (NODE11050736, IF: 0.42)"
2857,2022,기계공학,536015806,우경헌,1,0.0,0.0,"대한설비공학회 (NODE11144324, IF: 0.42)"
2858,2022,기계공학,857106293,조현준,1,0.0,0.0,"한국자동차공학회 (NODE11174780, IF: 0.5)"
2859,2022,기계공학,965716687,도영민,1,0.0,0.0,"한국자동차공학회 (NODE11174781, IF: 0.5)"
2860,2022,기계공학,636273178,홍성수,1,0.0,0.0,"한국자동차공학회 (NODE11174782, IF: 0.5)"
2861,2022,기계공학,328664274,이정욱,1,0.0,0.0,"한국자동차공학회 (NODE11174785, IF: 0.5)"
2862,2022,기계공학,752773287,안수환,1,0.0,0.0,"한국자동차공학회 (NODE11174786, IF: 0.5)"
2863,2022,기계공학,280371462,김진서,1,0.0,0.0,"한국유체기계학회 (NODE11146304, IF: 0.38)"
2864,2022,기계공학,711675842,박영광,1,0.0,0.0,"한국유체기계학회 (NODE11146304, IF: 0.38)"
2865,2022,기계공학,420529655,김지용,1,0.0,0.0,"한국유체기계학회 (NODE11146305, IF: 0.38)"
2866,2022,기계공학,738102725,이윤주,1,0.0,0.0,"한국유체기계학회 (NODE11146305, IF: 0.38)"
2867,2022,기계공학,671734703,함준혁,1,0.0,0.0,"한국유체기계학회 (NODE11146305, IF: 0.38)"
2868,2022,기계공학,656449430,김지현,1,0.0,0.0,"한국유체기계학회 (NODE11146305, IF: 0.38)"
2869,2022,기계공학,938022667,방인철,1,0.0,0.0,"한국유체기계학회 (NODE11146305, IF: 0.38)"
2870,2022,기계공학,478469970,신용한,1,0.0,0.0,"한국유체기계학회 (NODE11146306, IF: 0.38)"
2871,2022,기계공학,611702709,최윤석,1,0.0,0.0,"한국유체기계학회 (NODE11146306, IF: 0.38)"
2872,2022,기계공학,4091017,오종민,1,0.0,0.0,"한국유체기계학회 (NODE11146307, IF: 0.38)"
2873,2022,기계공학,440490317,이동은,1,0.0,0.0,"한국유체기계학회 (NODE11146308, IF: 0.38)"
2874,2022,기계공학,376149037,박진이,1,0.0,0.0,"한국항공우주학회 (NODE11065386, IF: 0.32)"
2875,2022,기계공학,734082804,백청,1,0.0,0.0,"한국항공우주학회 (NODE11065386, IF: 0.32)"
2876,2022,기계공학,716577,김성준,1,0.0,0.0,"한국항공우주학회 (NODE11065387, IF: 0.32)"
2877,2022,기계공학,518488306,이승규,1,0.0,0.0,"한국항공우주학회 (NODE11065387, IF: 0.32)"
2878,2022,기계공학,612056884,황인희,1,0.0,0.0,"한국항공우주학회 (NODE11065387, IF: 0.32)"
2879,2022,기계공학,318738854,정원모,1,0.0,0.0,"한국항공우주학회 (NODE11065388, IF: 0.32)"
2880,2022,기계공학,214426477,김명건,1,0.0,0.0,"한국항공우주학회 (NODE11065388, IF: 0.32)"
2881,2022,기계공학,275659605,이산하,1,0.0,0.0,"한국항공우주학회 (NODE11065388, IF: 0.32)"
2882,2022,기계공학,248404964,이상필,1,0.0,0.0,"한국항공우주학회 (NODE11065388, IF: 0.32)"
2883,2022,기계공학,673319916,박춘신,1,0.0,0.0,"한국항공우주학회 (NODE11065388, IF: 0.32)"
2884,2022,기계공학,415522907,손흥선,1,0.0,0.0,"한국항공우주학회 (NODE11065388, IF: 0.32)"
2885,2022,기계공학,919037752,전하민,1,0.0,0.0,"한국항공우주학회 (NODE11065389, IF: 0.32)"
2886,2022,기계공학,930540904,신진영,1,0.0,0.0,"한국항공우주학회 (NODE11065390, IF: 0.32)"
2887,2022,기계공학,287057147,황영민,1,0.0,0.0,"한국항공우주학회 (NODE11065390, IF: 0.32)"
2888,2022,기계공학,922581673,이은지,1,0.0,0.0,"한국항공우주학회 (NODE11065390, IF: 0.32)"
2889,2022,기계공학,360376084,송성찬,1,0.0,0.0,"한국항공우주학회 (NODE11065390, IF: 0.32)"
2890,2022,기계공학,786964992,송태성,1,0.0,0.0,"한국항공우주학회 (NODE11065391, IF: 0.32)"
2891,2022,기계공학,530188911,이종국,1,0.0,0.0,"한국항공우주학회 (NODE11065391, IF: 0.32)"
2892,2022,기계공학,117996318,권준범,1,0.0,0.0,"한국항공우주학회 (NODE11065391, IF: 0.32)"
2893,2022,기계공학,599426895,이일,1,0.0,0.0,"한국항공우주학회 (NODE11065391, IF: 0.32)"
2894,2022,기계공학,630638744,서중보,1,0.0,0.0,"한국항공우주학회 (NODE11065391, IF: 0.32)"
2895,2022,기계공학,457449976,김민기,1,0.0,0.0,"한국항공우주학회 (NODE11065394, IF: 0.32)"
2896,2022,기계공학,660647926,최원섭,1,0.0,0.0,"한국항공우주학회 (NODE11065394, IF: 0.32)"
2897,2022,기계공학,810873,김진형,1,0.0,0.0,"한국항공우주학회 (NODE11065394, IF: 0.32)"
2898,2022,기계공학,461665656,김기덕,1,0.0,0.0,"한국항공우주학회 (NODE11065394, IF: 0.32)"
2899,2022,기계공학,128875406,김지석,1,0.0,0.0,"한국항공우주학회 (NODE11065394, IF: 0.32)"
2900,2022,기계공학,669864510,황의진,1,0.0,0.0,"한국항공우주학회 (NODE11065395, IF: 0.32)"
2901,2022,기계공학,579621244,임준현,1,0.0,0.0,"한국항공우주학회 (NODE11065395, IF: 0.32)"
2902,2022,기계공학,167426600,심창훈,1,0.0,0.0,"한국항공우주학회 (NODE11065395, IF: 0.32)"
2903,2022,기계공학,197966765,이상태,1,0.0,0.0,"대한설비공학회 (NODE11065452, IF: 0.42)"
2904,2022,기계공학,772384394,임태훈,1,0.0,0.0,"대한설비공학회 (NODE11065454, IF: 0.42)"
2905,2022,기계공학,605700266,이철경,1,0.0,0.0,"대한설비공학회 (NODE11065454, IF: 0.42)"
2906,2022,기계공학,547168504,전진호,1,0.0,0.0,"대한설비공학회 (NODE11065455, IF: 0.42)"
2907,2022,기계공학,853369549,강한기,1,0.0,0.0,"대한설비공학회 (NODE11065456, IF: 0.42)"
2908,2022,기계공학,819690280,이학수,1,0.0,0.0,"대한설비공학회 (NODE11065457, IF: 0.42)"
2909,2022,기계공학,781069129,강민규,1,0.0,0.0,"대한설비공학회 (NODE11065458, IF: 0.42)"
2910,2022,기계공학,466678995,AYED A. Al-Ruwaili,1,0.0,0.0,"대한설비공학회 (NODE11065460, IF: 0.42)"
2911,2022,기계공학,233214496,Majed A. Al-Zahrani,1,0.0,0.0,"대한설비공학회 (NODE11065460, IF: 0.42)"
2912,2022,기계공학,789680414,大岡龍三,1,0.0,0.0,"대한설비공학회 (NODE11065461, IF: 0.42)"
2913,2022,기계공학,527467266,송진근,1,0.0,0.0,"한국자동차공학회 (NODE11066769, IF: 0.5)"
2914,2022,기계공학,274400495,송승현,1,0.0,0.0,"한국자동차공학회 (NODE11066770, IF: 0.5)"
2915,2022,기계공학,708978810,김세환,1,0.0,0.0,"한국자동차공학회 (NODE11066771, IF: 0.5)"
2916,2022,기계공학,717603703,이영옥,1,0.0,0.0,"한국자동차공학회 (NODE11066772, IF: 0.5)"
2917,2022,기계공학,713356862,손영섭,1,0.0,0.0,"한국자동차공학회 (NODE11066772, IF: 0.5)"
2918,2022,기계공학,146720041,한덕희,1,0.0,0.0,"한국자동차공학회 (NODE11066773, IF: 0.5)"
2919,2022,기계공학,250013968,정용창,1,0.0,0.0,"한국자동차공학회 (NODE11066773, IF: 0.5)"
2920,2022,기계공학,288952884,오용선,1,0.0,0.0,"한국자동차공학회 (NODE11066773, IF: 0.5)"
2921,2022,기계공학,485343130,박상근,1,0.0,0.0,"한국자동차공학회 (NODE11066774, IF: 0.5)"
2922,2022,기계공학,690261530,노만수,1,0.0,0.0,"한국자동차공학회 (NODE11066776, IF: 0.5)"
2923,2022,기계공학,5087084,김병건,1,0.0,0.0,"한국자동차공학회 (NODE11066777, IF: 0.5)"
2924,2022,기계공학,845828537,김기훈,1,0.0,0.0,"한국자동차공학회 (NODE11066777, IF: 0.5)"
2925,2022,기계공학,582391015,성지훈,1,0.0,0.0,"한국자동차공학회 (NODE11066777, IF: 0.5)"
2926,2022,기계공학,492457016,최석훈,1,0.0,0.0,"한국자동차공학회 (NODE11066777, IF: 0.5)"
2927,2022,기계공학,755151275,전영호,1,0.0,0.0,"한국자동차공학회 (NODE11066777, IF: 0.5)"
2928,2022,기계공학,748274028,박종찬,1,0.0,0.0,"한국자동차공학회 (NODE11026938, IF: 0.5)"
2929,2022,기계공학,646900971,박승세,1,0.0,0.0,"한국자동차공학회 (NODE11026939, IF: 0.5)"
2930,2022,기계공학,494827056,장지환,1,0.0,0.0,"한국자동차공학회 (NODE11026940, IF: 0.5)"
2931,2022,기계공학,179367823,박정환,1,0.0,0.0,"한국자동차공학회 (NODE11026940, IF: 0.5)"
2932,2022,기계공학,108483718,김지석,1,0.0,0.0,"한국자동차공학회 (NODE11026940, IF: 0.5)"
2933,2022,기계공학,421520025,유영수,1,0.0,0.0,"한국자동차공학회 (NODE11026940, IF: 0.5)"
2934,2022,기계공학,185435533,김형익,1,0.0,0.0,"한국자동차공학회 (NODE11026940, IF: 0.5)"
2935,2022,기계공학,647135395,홍성곤,1,0.0,0.0,"한국자동차공학회 (NODE11026941, IF: 0.5)"
2936,2022,기계공학,5414989,강덕훈,1,0.0,0.0,"한국자동차공학회 (NODE11026941, IF: 0.5)"
2937,2022,기계공학,266273286,박성윤,1,0.0,0.0,"한국자동차공학회 (NODE11026941, IF: 0.5)"
2938,2022,기계공학,289995897,한승윤,1,0.0,0.0,"한국자동차공학회 (NODE11026941, IF: 0.5)"
2939,2022,기계공학,280827174,이홍규,1,0.0,0.0,"한국자동차공학회 (NODE11026942, IF: 0.5)"
2940,2022,기계공학,183234635,김태윤,1,0.0,0.0,"한국자동차공학회 (NODE11026942, IF: 0.5)"
2941,2022,기계공학,508105168,유동연,1,0.0,0.0,"한국자동차공학회 (NODE11026942, IF: 0.5)"
2942,2022,기계공학,2064749,조건희,1,0.0,0.0,"한국자동차공학회 (NODE11026943, IF: 0.5)"
2943,2022,기계공학,422757745,김좌헌,1,0.0,0.0,"한국자동차공학회 (NODE11026943, IF: 0.5)"
2944,2022,기계공학,763972773,최유라,1,0.0,0.0,"한국자동차공학회 (NODE11026945, IF: 0.5)"
2945,2022,기계공학,537974349,이환주,1,0.0,0.0,"한국자동차공학회 (NODE11026946, IF: 0.5)"
2946,2022,기계공학,144888707,김흥규,1,0.0,0.0,"한국자동차공학회 (NODE11026946, IF: 0.5)"
2947,2022,기계공학,143271892,김동언,1,0.0,0.0,"한국자동차공학회 (NODE11026946, IF: 0.5)"
2948,2022,기계공학,369951850,전용준,1,0.0,0.0,"한국자동차공학회 (NODE11026946, IF: 0.5)"
2949,2022,기계공학,872878863,김봉구,1,0.0,0.0,"한국자동차공학회 (NODE11026946, IF: 0.5)"
2950,2022,기계공학,523184922,전채염,1,0.0,0.0,"한국자동차공학회 (NODE11026946, IF: 0.5)"
2951,2022,기계공학,631622504,금종원,1,0.0,0.0,"한국자동차공학회 (NODE11026946, IF: 0.5)"
2952,2022,기계공학,924883870,최건영,1,0.0,0.0,"한국자동차공학회 (NODE11026947, IF: 0.5)"
2953,2022,기계공학,911998447,장일식,1,0.0,0.0,"한국자동차공학회 (NODE11026947, IF: 0.5)"
2954,2022,기계공학,721901335,이영화,1,0.0,0.0,"한국자동차공학회 (NODE11026947, IF: 0.5)"
2955,2022,기계공학,872325408,강현석,1,0.0,0.0,"한국자동차공학회 (NODE11026947, IF: 0.5)"
2956,2022,기계공학,226589532,박구만,1,0.0,0.0,"한국자동차공학회 (NODE11026947, IF: 0.5)"
2957,2022,기계공학,657569016,이성준,1,0.0,0.0,"한국자동차공학회 (NODE11026948, IF: 0.5)"
2958,2022,기계공학,301146381,최용준,1,0.0,0.0,"한국자동차공학회 (NODE11029568, IF: 0.5)"
2959,2022,기계공학,300680303,이시목,1,0.0,0.0,"한국자동차공학회 (NODE11029568, IF: 0.5)"
2960,2022,기계공학,475471277,엄준식,1,0.0,0.0,"한국자동차공학회 (NODE11029568, IF: 0.5)"
2961,2022,기계공학,5477868,권성진,1,0.0,0.0,"한국자동차공학회 (NODE11029569, IF: 0.5)"
2962,2022,기계공학,268860396,강호준,1,0.0,0.0,"한국자동차공학회 (NODE11029569, IF: 0.5)"
2963,2022,기계공학,959305154,김태림,1,0.0,0.0,"한국자동차공학회 (NODE11029569, IF: 0.5)"
2964,2022,기계공학,467498742,이재혁,1,0.0,0.0,"한국자동차공학회 (NODE11029569, IF: 0.5)"
2965,2022,기계공학,987995728,김규식,1,0.0,0.0,"한국자동차공학회 (NODE11029570, IF: 0.5)"
2966,2022,기계공학,232664931,박현진,1,0.0,0.0,"한국자동차공학회 (NODE11029570, IF: 0.5)"
2967,2022,기계공학,768222647,이병화,1,0.0,0.0,"한국자동차공학회 (NODE11029570, IF: 0.5)"
2968,2022,기계공학,232138173,공승택,1,0.0,0.0,"한국항공우주학회 (NODE11029581, IF: 0.32)"
2969,2022,기계공학,851508675,유준태,1,0.0,0.0,"한국항공우주학회 (NODE11029581, IF: 0.32)"
2970,2022,기계공학,788037318,윤영하,1,0.0,0.0,"한국항공우주학회 (NODE11029581, IF: 0.32)"
2971,2022,기계공학,883319314,하종수,1,0.0,0.0,"한국항공우주학회 (NODE11029582, IF: 0.32)"
2972,2022,기계공학,847535082,이한진,1,0.0,0.0,"한국항공우주학회 (NODE11029582, IF: 0.32)"
2973,2022,기계공학,664555073,이수지,1,0.0,0.0,"한국항공우주학회 (NODE11029582, IF: 0.32)"
2974,2022,기계공학,458818430,홍성용,1,0.0,0.0,"한국항공우주학회 (NODE11029582, IF: 0.32)"
2975,2022,기계공학,357094396,김성민,1,0.0,0.0,"한국항공우주학회 (NODE11029583, IF: 0.32)"
2976,2022,기계공학,492041647,헨드라 구남완 하노,1,0.0,0.0,"한국항공우주학회 (NODE11029583, IF: 0.32)"
2977,2022,기계공학,378047252,수브라마냠 사델라,1,0.0,0.0,"한국항공우주학회 (NODE11029583, IF: 0.32)"
2978,2022,기계공학,371244941,주종인,1,0.0,0.0,"한국항공우주학회 (NODE11029584, IF: 0.32)"
2979,2022,기계공학,721723678,진재현,1,0.0,0.0,"한국항공우주학회 (NODE11029585, IF: 0.32)"
2980,2022,기계공학,777038093,김동식,1,0.0,0.0,"한국항공우주학회 (NODE11029586, IF: 0.32)"
2981,2022,기계공학,640717051,김현철,1,0.0,0.0,"한국항공우주학회 (NODE11029586, IF: 0.32)"
2982,2022,기계공학,714867046,허전,1,0.0,0.0,"한국항공우주학회 (NODE11029586, IF: 0.32)"
2983,2022,기계공학,667603931,우재춘,1,0.0,0.0,"한국항공우주학회 (NODE11029586, IF: 0.32)"
2984,2022,기계공학,510318573,이상규,1,0.0,0.0,"한국항공우주학회 (NODE11029586, IF: 0.32)"
2985,2022,기계공학,942211193,이현철,1,0.0,0.0,"한국항공우주학회 (NODE11029586, IF: 0.32)"
2986,2022,기계공학,905710196,유상범,1,0.0,0.0,"한국항공우주학회 (NODE11029586, IF: 0.32)"
2987,2022,기계공학,876159527,조동현,1,0.0,0.0,"한국항공우주학회 (NODE11029589, IF: 0.32)"
2988,2022,기계공학,324770921,김홍래,1,0.0,0.0,"한국항공우주학회 (NODE11029589, IF: 0.32)"
2989,2022,기계공학,587985353,김해리,1,0.0,0.0,"한국항공우주학회 (NODE11029590, IF: 0.32)"
2990,2022,기계공학,270994289,이상훈,1,0.0,0.0,"한국항공우주학회 (NODE11029590, IF: 0.32)"
2991,2022,기계공학,933156153,박찬휘,1,0.0,0.0,"한국항공우주학회 (NODE11029590, IF: 0.32)"
2992,2022,기계공학,368142449,임하경,1,0.0,0.0,"한국항공우주학회 (NODE11029590, IF: 0.32)"
2993,2022,기계공학,386434691,김건우,1,0.0,0.0,"한국항공우주학회 (NODE11029590, IF: 0.32)"
2994,2022,기계공학,731109334,곽민우,1,0.0,0.0,"한국항공우주학회 (NODE11029590, IF: 0.32)"
2995,2022,기계공학,628351619,이창현,1,0.0,0.0,"한국항공우주학회 (NODE11029590, IF: 0.32)"
2996,2022,기계공학,776012764,김신형,1,0.0,0.0,"한국항공우주학회 (NODE11029590, IF: 0.32)"
2997,2022,기계공학,304149391,구인회,1,0.0,0.0,"한국항공우주학회 (NODE11029590, IF: 0.32)"
2998,2022,기계공학,178175578,신수희,1,0.0,0.0,"한국항공우주학회 (NODE10895655, IF: 0.32)"
2999,2022,기계공학,727012457,이승훈,1,0.0,0.0,"한국항공우주학회 (NODE10895655, IF: 0.32)"
3000,2022,기계공학,493990180,김양원,1,0.0,0.0,"한국항공우주학회 (NODE10895655, IF: 0.32)"
3001,2022,기계공학,726619645,조태환,1,0.0,0.0,"한국항공우주학회 (NODE10895655, IF: 0.32)"
3002,2022,기계공학,466863256,장성우,1,0.0,0.0,"한국항공우주학회 (NODE10895656, IF: 0.32)"
3003,2022,기계공학,311209344,유재림,1,0.0,0.0,"한국항공우주학회 (NODE10895656, IF: 0.32)"
3004,2022,기계공학,149384311,유광의,1,0.0,0.0,"한국항공우주학회 (NODE10895656, IF: 0.32)"
3005,2022,기계공학,774500465,김현우,1,0.0,0.0,"한국항공우주학회 (NODE10895657, IF: 0.32)"
3006,2022,기계공학,239542627,서한석,1,0.0,0.0,"한국항공우주학회 (NODE10895657, IF: 0.32)"
3007,2022,기계공학,355266055,김종찬,1,0.0,0.0,"한국항공우주학회 (NODE10895657, IF: 0.32)"
3008,2022,기계공학,539135542,박익수,1,0.0,0.0,"한국항공우주학회 (NODE10895657, IF: 0.32)"
3009,2022,기계공학,312382640,양호준,1,0.0,0.0,"한국항공우주학회 (NODE10895658, IF: 0.32)"
3010,2022,기계공학,526708309,이유리,1,0.0,0.0,"한국항공우주학회 (NODE10895658, IF: 0.32)"
3011,2022,기계공학,450554381,조성민,1,0.0,0.0,"한국항공우주학회 (NODE10895658, IF: 0.32)"
3012,2022,기계공학,342337412,김종필,1,0.0,0.0,"한국항공우주학회 (NODE10895658, IF: 0.32)"
3013,2022,기계공학,123337023,강명호,1,0.0,0.0,"한국항공우주학회 (NODE10895659, IF: 0.32)"
3014,2022,기계공학,769252073,김성재,1,0.0,0.0,"한국항공우주학회 (NODE10895659, IF: 0.32)"
3015,2022,기계공학,637091674,고영준,1,0.0,0.0,"한국항공우주학회 (NODE10895659, IF: 0.32)"
3016,2022,기계공학,448568277,황성인,1,0.0,0.0,"한국항공우주학회 (NODE10895660, IF: 0.32)"
3017,2022,기계공학,898047238,양광진,1,0.0,0.0,"한국항공우주학회 (NODE10895660, IF: 0.32)"
3018,2022,기계공학,908334256,오지현,1,0.0,0.0,"한국항공우주학회 (NODE10895660, IF: 0.32)"
3019,2022,기계공학,640219067,설현주,1,0.0,0.0,"한국항공우주학회 (NODE10895660, IF: 0.32)"
3020,2022,기계공학,802806444,남홍수,1,0.0,0.0,"한국항공우주학회 (NODE10895663, IF: 0.32)"
3021,2022,기계공학,357726713,이창식,1,0.0,0.0,"한국자동차공학회 (NODE10895667, IF: 0.5)"
3022,2022,기계공학,969688534,이현순,1,0.0,0.0,"한국자동차공학회 (NODE10895667, IF: 0.5)"
3023,2022,기계공학,772178659,전광민,1,0.0,0.0,"한국자동차공학회 (NODE10895667, IF: 0.5)"
3024,2022,기계공학,431353300,박병완,1,0.0,0.0,"한국자동차공학회 (NODE10895667, IF: 0.5)"
3025,2022,기계공학,970014236,한문식,1,0.0,0.0,"한국자동차공학회 (NODE10895667, IF: 0.5)"
3026,2022,기계공학,261094873,강건용,1,0.0,0.0,"한국자동차공학회 (NODE10895667, IF: 0.5)"
3027,2022,기계공학,219154153,이기형,1,0.0,0.0,"한국자동차공학회 (NODE10895667, IF: 0.5)"
3028,2022,기계공학,749077606,안정구,1,0.0,0.0,"한국자동차공학회 (NODE10895667, IF: 0.5)"
3029,2022,기계공학,709591715,황성호,1,0.0,0.0,"한국자동차공학회 (NODE10895667, IF: 0.5)"
3030,2022,기계공학,985312595,김동석,1,0.0,0.0,"한국자동차공학회 (NODE10895667, IF: 0.5)"
3031,2022,기계공학,835472446,김홍석,1,0.0,0.0,"한국자동차공학회 (NODE10895667, IF: 0.5)"
3032,2022,기계공학,124030136,김우상,1,0.0,0.0,"한국자동차공학회 (NODE10895667, IF: 0.5)"
3033,2022,기계공학,605833609,임세혁,1,0.0,0.0,"한국자동차공학회 (NODE10895669, IF: 0.5)"
3034,2022,기계공학,754217435,강용태,1,0.0,0.0,"대한설비공학회 (NODE10895688, IF: 0.42)"
3035,2022,기계공학,961495615,진동식,1,0.0,0.0,"대한설비공학회 (NODE10895690, IF: 0.42)"
3036,2022,기계공학,213993058,김윤성,1,0.0,0.0,"대한설비공학회 (NODE10895691, IF: 0.42)"
3037,2022,기계공학,487447289,이재인,1,0.0,0.0,"대한설비공학회 (NODE10895691, IF: 0.42)"
3038,2022,기계공학,108649142,윤재동,1,0.0,0.0,"대한설비공학회 (NODE10895692, IF: 0.42)"
3039,2022,기계공학,314338310,백재현,1,0.0,0.0,"대한설비공학회 (NODE10895693, IF: 0.42)"
3040,2022,기계공학,336920127,홍성호,1,0.0,0.0,"대한설비공학회 (NODE10895693, IF: 0.42)"
3041,2022,기계공학,298639000,오명석,1,0.0,0.0,"대한설비공학회 (NODE10895694, IF: 0.42)"
3042,2022,기계공학,691538527,Stephanie Taylor,1,0.0,0.0,"대한설비공학회 (NODE10895696, IF: 0.42)"
3043,2022,기계공학,523585394,山中 俊夫,1,0.0,0.0,"대한설비공학회 (NODE10895697, IF: 0.42)"
3044,2022,기계공학,287945518,최봉수,1,0.0,0.0,"대한설비공학회 (NODE10895698, IF: 0.42)"
3045,2022,기계공학,277786555,이상우,1,0.0,0.0,"대한기계학회 (NODE11071012, IF: 0.55)"
3046,2022,기계공학,823321351,차영빈,1,0.0,0.0,"대한기계학회 (NODE11071013, IF: 0.55)"
3047,2022,기계공학,1893689,노영진,1,0.0,0.0,"대한기계학회 (NODE11071016, IF: 0.55)"
3048,2022,기계공학,645170234,김도현,1,0.0,0.0,"대한기계학회 (NODE11071017, IF: 0.55)"
3049,2022,기계공학,820964522,양진호,1,0.0,0.0,"대한기계학회 (NODE11071017, IF: 0.55)"
3050,2022,기계공학,421501276,김현지,1,0.0,0.0,"대한기계학회 (NODE11071017, IF: 0.55)"
3051,2022,기계공학,760924376,허선철,1,0.0,0.0,"대한기계학회 (NODE11071017, IF: 0.55)"
3052,2022,기계공학,548519459,이금화,1,0.0,0.0,"대한기계학회 (NODE11071020, IF: 0.55)"
3053,2022,기계공학,832862758,유은섭,1,0.0,0.0,"대한기계학회 (NODE11071022, IF: 0.55)"
3054,2022,기계공학,818230537,염충섭,1,0.0,0.0,"대한기계학회 (NODE11071022, IF: 0.55)"
3055,2022,기계공학,269614547,유보현,1,0.0,0.0,"대한기계학회 (NODE11071022, IF: 0.55)"
3056,2022,기계공학,893572738,최경환,1,0.0,0.0,"대한기계학회 (NODE11071024, IF: 0.55)"
3057,2022,기계공학,685533335,이두열,1,0.0,0.0,"대한기계학회 (NODE11071024, IF: 0.55)"
3058,2022,기계공학,853910589,최병근,1,0.0,0.0,"한국소음진동공학회 (NODE11072700, IF: 0.41)"
3059,2022,기계공학,538687959,임영환,1,0.0,0.0,"한국소음진동공학회 (NODE11072701, IF: 0.41)"
3060,2022,기계공학,719260581,김찬중,1,0.0,0.0,"한국소음진동공학회 (NODE11072701, IF: 0.41)"
3061,2022,기계공학,317661465,박소희,1,0.0,0.0,"한국소음진동공학회 (NODE11072702, IF: 0.41)"
3062,2022,기계공학,315472166,이상한,1,0.0,0.0,"한국소음진동공학회 (NODE11072702, IF: 0.41)"
3063,2022,기계공학,920110458,박형근,1,0.0,0.0,"한국소음진동공학회 (NODE11072702, IF: 0.41)"
3064,2022,기계공학,1526361,이장현,1,0.0,0.0,"한국소음진동공학회 (NODE11072703, IF: 0.41)"
3065,2022,기계공학,937857003,이정호,1,0.0,0.0,"한국소음진동공학회 (NODE11072703, IF: 0.41)"
3066,2022,기계공학,533371295,김한샘,1,0.0,0.0,"한국소음진동공학회 (NODE11072703, IF: 0.41)"
3067,2022,기계공학,105882,백정훈,1,0.0,0.0,"한국소음진동공학회 (NODE11072703, IF: 0.41)"
3068,2022,기계공학,137421056,곽명근,1,0.0,0.0,"한국소음진동공학회 (NODE11072703, IF: 0.41)"
3069,2022,기계공학,534749425,김은영,1,0.0,0.0,"한국소음진동공학회 (NODE11072703, IF: 0.41)"
3070,2022,기계공학,560277790,서유종,1,0.0,0.0,"한국소음진동공학회 (NODE11072704, IF: 0.41)"
3071,2022,기계공학,690477141,안효동,1,0.0,0.0,"한국소음진동공학회 (NODE11072704, IF: 0.41)"
3072,2022,기계공학,629901656,배규현,1,0.0,0.0,"한국소음진동공학회 (NODE11072704, IF: 0.41)"
3073,2022,기계공학,585246866,백승훈,1,0.0,0.0,"한국소음진동공학회 (NODE11072710, IF: 0.41)"
3074,2022,기계공학,470575696,박철,1,0.0,0.0,"한국소음진동공학회 (NODE11072711, IF: 0.41)"
3075,2022,기계공학,134358685,이찬우,1,0.0,0.0,"한국기계가공학회 (NODE11072782, IF: 0.35)"
3076,2022,기계공학,5423235,이서한,1,0.0,0.0,"한국기계가공학회 (NODE11072782, IF: 0.35)"
3077,2022,기계공학,623058198,임진혁,1,0.0,0.0,"한국기계가공학회 (NODE11072782, IF: 0.35)"
3078,2022,기계공학,333348289,Ye-Rang Jeon,1,0.0,0.0,"한국기계가공학회 (NODE11072783, IF: 0.35)"
3079,2022,기계공학,5083172,Jae-Yeon Kim,1,0.0,0.0,"한국기계가공학회 (NODE11072785, IF: 0.35)"
3080,2022,기계공학,242579954,Jae-Yong Lee,1,0.0,0.0,"한국기계가공학회 (NODE11072785, IF: 0.35)"
3081,2022,기계공학,805958720,성홍석,1,0.0,0.0,"한국기계가공학회 (NODE11072788, IF: 0.35)"
3082,2022,기계공학,523680595,이상훈,1,0.0,0.0,"한국기계가공학회 (NODE11072791, IF: 0.35)"
3083,2022,기계공학,445577577,김원진,1,0.0,0.0,"한국기계가공학회 (NODE11072791, IF: 0.35)"
3084,2022,기계공학,371710535,김종민,1,0.0,0.0,"한국기계가공학회 (NODE11072793, IF: 0.35)"
3085,2022,기계공학,772076239,구준영,1,0.0,0.0,"한국기계가공학회 (NODE11072793, IF: 0.35)"
3086,2022,기계공학,369902033,Muhammad Bilal Shahid,1,0.0,0.0,"한국기계가공학회 (NODE11072794, IF: 0.35)"
3087,2022,기계공학,206441177,문현철,1,0.0,0.0,"한국기계가공학회 (NODE11072795, IF: 0.35)"
3088,2022,기계공학,365517191,배수한,1,0.0,0.0,"한국기계가공학회 (NODE11072795, IF: 0.35)"
3089,2022,기계공학,275556889,성효경,1,0.0,0.0,"한국기계가공학회 (NODE11072795, IF: 0.35)"
3090,2022,기계공학,844537784,조일주,1,0.0,0.0,"대한기계학회 (NODE11073832, IF: 0.55)"
3091,2022,기계공학,530957571,ERIN MCCONAHEY,1,0.0,0.0,"대한설비공학회 (NODE11144329, IF: 0.42)"
3092,2022,기계공학,832006969,이동우,1,0.0,0.0,"대한기계학회 (NODE11139708, IF: 0.55)"
3093,2022,기계공학,324477563,이승건,1,0.0,0.0,"대한기계학회 (NODE11139709, IF: 0.55)"
3094,2022,기계공학,662170661,장지호,1,0.0,0.0,"대한기계학회 (NODE11034326, IF: 0.55)"
3095,2022,기계공학,333973976,양회관,1,0.0,0.0,"대한기계학회 (NODE11034326, IF: 0.55)"
3096,2022,기계공학,947925972,이충엽,1,0.0,0.0,"대한기계학회 (NODE11034332, IF: 0.55)"
3097,2022,기계공학,237983988,박형민,1,0.0,0.0,"대한기계학회 (NODE11034333, IF: 0.55)"
3098,2022,기계공학,667028733,윤익로,1,0.0,0.0,"대한기계학회 (NODE11034334, IF: 0.55)"
3099,2022,기계공학,373707653,정영수,1,0.0,0.0,"대한기계학회 (NODE11034335, IF: 0.55)"
3100,2022,기계공학,932522710,홍사만,1,0.0,0.0,"한국소음진동공학회 (NODE11034346, IF: 0.41)"
3101,2022,기계공학,191113027,김용범,1,0.0,0.0,"한국소음진동공학회 (NODE11034346, IF: 0.41)"
3102,2022,기계공학,504310104,유동규,1,0.0,0.0,"한국소음진동공학회 (NODE11034346, IF: 0.41)"
3103,2022,기계공학,637554971,채금묵,1,0.0,0.0,"한국소음진동공학회 (NODE11034346, IF: 0.41)"
3104,2022,기계공학,689119251,이태휘,1,0.0,0.0,"한국소음진동공학회 (NODE11034346, IF: 0.41)"
3105,2022,기계공학,912101555,송은성,1,0.0,0.0,"한국소음진동공학회 (NODE11034347, IF: 0.41)"
3106,2022,기계공학,339959019,김정훈,1,0.0,0.0,"한국소음진동공학회 (NODE11034347, IF: 0.41)"
3107,2022,기계공학,384017594,이송미,1,0.0,0.0,"한국소음진동공학회 (NODE11034347, IF: 0.41)"
3108,2022,기계공학,131273836,이석규,1,0.0,0.0,"한국소음진동공학회 (NODE11034348, IF: 0.41)"
3109,2022,기계공학,845815790,장준영,1,0.0,0.0,"한국소음진동공학회 (NODE11034348, IF: 0.41)"
3110,2022,기계공학,929777594,송경준,1,0.0,0.0,"한국소음진동공학회 (NODE11034348, IF: 0.41)"
3111,2022,기계공학,876507367,강승희,1,0.0,0.0,"한국소음진동공학회 (NODE11034349, IF: 0.41)"
3112,2022,기계공학,707941304,정인수,1,0.0,0.0,"한국소음진동공학회 (NODE11034350, IF: 0.41)"
3113,2022,기계공학,638542998,이동철,1,0.0,0.0,"한국소음진동공학회 (NODE11034350, IF: 0.41)"
3114,2022,기계공학,436565707,노경진,1,0.0,0.0,"한국소음진동공학회 (NODE11034350, IF: 0.41)"
3115,2022,기계공학,195932105,장준혁,1,0.0,0.0,"한국소음진동공학회 (NODE11034350, IF: 0.41)"
3116,2022,기계공학,865001631,김근일,1,0.0,0.0,"한국소음진동공학회 (NODE11034353, IF: 0.41)"
3117,2022,기계공학,664710022,유효선,1,0.0,0.0,"한국소음진동공학회 (NODE11034353, IF: 0.41)"
3118,2022,기계공학,874865409,김은호,1,0.0,0.0,"한국소음진동공학회 (NODE11034353, IF: 0.41)"
3119,2022,기계공학,393793311,임진우,1,0.0,0.0,"한국소음진동공학회 (NODE11034354, IF: 0.41)"
3120,2022,기계공학,351684463,강광규,1,0.0,0.0,"한국소음진동공학회 (NODE11034355, IF: 0.41)"
3121,2022,기계공학,148549729,김종원,1,0.0,0.0,"한국소음진동공학회 (NODE11034355, IF: 0.41)"
3122,2022,기계공학,194841488,김경민,1,0.0,0.0,"한국소음진동공학회 (NODE11034355, IF: 0.41)"
3123,2022,기계공학,866883350,박영민,1,0.0,0.0,"한국소음진동공학회 (NODE11034355, IF: 0.41)"
3124,2022,기계공학,234838160,김선진,1,0.0,0.0,"한국소음진동공학회 (NODE11034356, IF: 0.41)"
3125,2022,기계공학,391752290,정변영,1,0.0,0.0,"한국소음진동공학회 (NODE11034356, IF: 0.41)"
3126,2022,기계공학,832182188,최영철,1,0.0,0.0,"한국소음진동공학회 (NODE11034356, IF: 0.41)"
3127,2022,기계공학,448828392,강병하,1,0.0,0.0,"대한설비공학회 (NODE11170674, IF: 0.42)"
3128,2022,기계공학,652626255,김성현,1,0.0,0.0,"대한설비공학회 (NODE11170675, IF: 0.42)"
3129,2022,기계공학,515430039,양경삼,1,0.0,0.0,"대한설비공학회 (NODE11170675, IF: 0.42)"
3130,2022,기계공학,369738189,조남희,1,0.0,0.0,"대한설비공학회 (NODE11170675, IF: 0.42)"
3131,2022,기계공학,692546968,오근환,1,0.0,0.0,"대한설비공학회 (NODE11170675, IF: 0.42)"
3132,2022,기계공학,105902658,김병열,1,0.0,0.0,"대한설비공학회 (NODE11170675, IF: 0.42)"
3133,2022,기계공학,913549875,이기진,1,0.0,0.0,"대한설비공학회 (NODE11170675, IF: 0.42)"
3134,2022,기계공학,587380901,이정호,1,0.0,0.0,"대한설비공학회 (NODE11170675, IF: 0.42)"
3135,2022,기계공학,606682903,남궁은,1,0.0,0.0,"대한설비공학회 (NODE11170675, IF: 0.42)"
3136,2022,기계공학,818843818,홍경희,1,0.0,0.0,"대한설비공학회 (NODE11170676, IF: 0.42)"
3137,2022,기계공학,526625183,장지영,1,0.0,0.0,"대한설비공학회 (NODE11170677, IF: 0.42)"
3138,2022,기계공학,670223636,윤필현,1,0.0,0.0,"대한설비공학회 (NODE11170677, IF: 0.42)"
3139,2022,기계공학,855284957,이마에다 카오루,1,0.0,0.0,"대한설비공학회 (NODE11170683, IF: 0.42)"
3140,2022,기계공학,141549371,아오키 료이치,1,0.0,0.0,"대한설비공학회 (NODE11170683, IF: 0.42)"
3141,2022,기계공학,326319559,다나카 히로아키,1,0.0,0.0,"대한설비공학회 (NODE11170683, IF: 0.42)"
3142,2022,기계공학,334779176,스즈키 히로마사,1,0.0,0.0,"대한설비공학회 (NODE11170683, IF: 0.42)"
3143,2022,기계공학,309184782,가와노 마나시,1,0.0,0.0,"대한설비공학회 (NODE11170683, IF: 0.42)"
3144,2022,기계공학,582516934,코이케 카즈야,1,0.0,0.0,"대한설비공학회 (NODE11170683, IF: 0.42)"
3145,2022,기계공학,642694796,가네코 켄,1,0.0,0.0,"대한설비공학회 (NODE11170683, IF: 0.42)"
3146,2022,기계공학,580960458,김호경,1,0.0,0.0,"한국비파괴검사학회 (NODE11188183, IF: 0.49)"
3147,2022,기계공학,439479,최영일,1,0.0,0.0,"한국비파괴검사학회 (NODE11188184, IF: 0.49)"
3148,2022,기계공학,987850974,박상진,1,0.0,0.0,"한국비파괴검사학회 (NODE11188185, IF: 0.49)"
3149,2022,기계공학,445787050,주영상,1,0.0,0.0,"한국비파괴검사학회 (NODE11188185, IF: 0.49)"
3150,2022,기계공학,309299627,김회웅,1,0.0,0.0,"한국비파괴검사학회 (NODE11188185, IF: 0.49)"
3151,2022,기계공학,480650213,박창규,1,0.0,0.0,"한국비파괴검사학회 (NODE11188185, IF: 0.49)"
3152,2022,기계공학,703857438,전무승,1,0.0,0.0,"한국비파괴검사학회 (NODE11188187, IF: 0.49)"
3153,2022,기계공학,625141222,김두환,1,0.0,0.0,"한국비파괴검사학회 (NODE11188187, IF: 0.49)"
3154,2022,기계공학,1500505,이정률,1,0.0,0.0,"한국비파괴검사학회 (NODE11188187, IF: 0.49)"
3155,2022,기계공학,987206076,홍승찬,1,0.0,0.0,"한국비파괴검사학회 (NODE11188187, IF: 0.49)"
3156,2022,기계공학,192799069,전호병,1,0.0,0.0,"대한기계학회 (NODE11049458, IF: 0.55)"
3157,2022,기계공학,135043819,정찬호,1,0.0,0.0,"대한기계학회 (NODE11049458, IF: 0.55)"
3158,2022,기계공학,413635389,이동훈,1,0.0,0.0,"대한기계학회 (NODE11049458, IF: 0.55)"
3159,2022,기계공학,146040870,김시우,1,0.0,0.0,"대한기계학회 (NODE11049458, IF: 0.55)"
3160,2022,기계공학,458287051,김철정,1,0.0,0.0,"대한기계학회 (NODE11049459, IF: 0.55)"
3161,2022,기계공학,513020144,최성훈,1,0.0,0.0,"대한기계학회 (NODE11049459, IF: 0.55)"
3162,2022,기계공학,484088066,손승민,1,0.0,0.0,"대한기계학회 (NODE11049459, IF: 0.55)"
3163,2022,기계공학,153198384,정승연,1,0.0,0.0,"대한기계학회 (NODE11049460, IF: 0.55)"
3164,2022,기계공학,379648555,김민호,1,0.0,0.0,"대한기계학회 (NODE11049460, IF: 0.55)"
3165,2022,기계공학,973285618,이석희,1,0.0,0.0,"대한기계학회 (NODE11049460, IF: 0.55)"
3166,2022,기계공학,566201772,권양근,1,0.0,0.0,"대한기계학회 (NODE11049462, IF: 0.55)"
3167,2022,기계공학,775135631,최성렬,1,0.0,0.0,"대한기계학회 (NODE11049467, IF: 0.55)"
3168,2022,기계공학,419727897,정일섭,1,0.0,0.0,"대한기계학회 (NODE11049467, IF: 0.55)"
3169,2022,기계공학,385804790,신찬영,1,0.0,0.0,"대한기계학회 (NODE11049468, IF: 0.55)"
3170,2022,기계공학,351424601,박건영,1,0.0,0.0,"대한기계학회 (NODE11049468, IF: 0.55)"
3171,2022,기계공학,554667574,김화영,1,0.0,0.0,"대한기계학회 (NODE11049468, IF: 0.55)"
3172,2022,기계공학,602646728,김철,1,0.0,0.0,"대한기계학회 (NODE11049468, IF: 0.55)"
3173,2022,기계공학,954667109,권윤정,1,0.0,0.0,"대한기계학회 (NODE11049469, IF: 0.55)"
3174,2022,기계공학,458657042,윤서현,1,0.0,0.0,"대한기계학회 (NODE11049470, IF: 0.55)"
3175,2022,기계공학,938251795,신종호,1,0.0,0.0,"대한기계학회 (NODE11049475, IF: 0.55)"
3176,2022,기계공학,885178822,김민극,1,0.0,0.0,"대한기계학회 (NODE11049475, IF: 0.55)"
3177,2022,기계공학,797179306,최원석,1,0.0,0.0,"대한기계학회 (NODE11049477, IF: 0.55)"
3178,2022,기계공학,659047801,김형종,1,0.0,0.0,"대한기계학회 (NODE11049477, IF: 0.55)"
3179,2022,기계공학,235100843,김동율,1,0.0,0.0,"대한기계학회 (NODE11049478, IF: 0.55)"
3180,2022,기계공학,984146089,김지욱,1,0.0,0.0,"대한기계학회 (NODE11049478, IF: 0.55)"
3181,2022,기계공학,426514673,장진석,1,0.0,0.0,"대한기계학회 (NODE11049478, IF: 0.55)"
3182,2022,기계공학,994263567,박기홍,1,0.0,0.0,"한국자동차공학회 (NODE11049491, IF: 0.5)"
3183,2022,기계공학,342913692,손원일,1,0.0,0.0,"한국자동차공학회 (NODE11049491, IF: 0.5)"
3184,2022,기계공학,728069144,안정구,1,0.0,0.0,"한국자동차공학회 (NODE11049492, IF: 0.5)"
3185,2022,기계공학,985103669,여권구,1,0.0,0.0,"한국자동차공학회 (NODE11049493, IF: 0.5)"
3186,2022,기계공학,764252439,류현석,1,0.0,0.0,"한국자동차공학회 (NODE11049497, IF: 0.5)"
3187,2022,기계공학,312892315,최정림,1,0.0,0.0,"한국전산유체공학회 (NODE11049537, IF: 0.26)"
3188,2022,기계공학,419461697,박지은,1,0.0,0.0,"한국전산유체공학회 (NODE11049537, IF: 0.26)"
3189,2022,기계공학,167108562,이종민,1,0.0,0.0,"한국전산유체공학회 (NODE11049537, IF: 0.26)"
3190,2022,기계공학,760123363,손순호,1,0.0,0.0,"한국전산유체공학회 (NODE11049538, IF: 0.26)"
3191,2022,기계공학,248467598,배진규,1,0.0,0.0,"한국전산유체공학회 (NODE11049538, IF: 0.26)"
3192,2022,기계공학,913956211,홍성근,1,0.0,0.0,"한국전산유체공학회 (NODE11049539, IF: 0.26)"
3193,2022,기계공학,318292795,김태겸,1,0.0,0.0,"한국전산유체공학회 (NODE11049539, IF: 0.26)"
3194,2022,기계공학,821380886,곽호상,1,0.0,0.0,"한국전산유체공학회 (NODE11049539, IF: 0.26)"
3195,2022,기계공학,406560626,박경근,1,0.0,0.0,"한국전산유체공학회 (NODE11049540, IF: 0.26)"
3196,2022,기계공학,367135138,최근혁,1,0.0,0.0,"한국전산유체공학회 (NODE11049540, IF: 0.26)"
3197,2022,기계공학,739186996,이현진,1,0.0,0.0,"한국전산유체공학회 (NODE11049540, IF: 0.26)"
3198,2022,기계공학,966268143,송지수,1,0.0,0.0,"한국전산유체공학회 (NODE11049543, IF: 0.26)"
3199,2022,기계공학,989101155,이성욱,1,0.0,0.0,"한국전산유체공학회 (NODE11049543, IF: 0.26)"
3200,2022,기계공학,648648464,구민아,1,0.0,0.0,"한국전산유체공학회 (NODE11049544, IF: 0.26)"
3201,2022,기계공학,142631280,홍상원,1,0.0,0.0,"한국전산유체공학회 (NODE11049545, IF: 0.26)"
3202,2022,기계공학,858908761,권혁빈,1,0.0,0.0,"한국전산유체공학회 (NODE11049545, IF: 0.26)"
3203,2022,기계공학,915042477,이상아,1,0.0,0.0,"한국전산유체공학회 (NODE11049547, IF: 0.26)"
3204,2022,기계공학,928564278,강민재,1,0.0,0.0,"한국전산유체공학회 (NODE11049548, IF: 0.26)"
3205,2022,기계공학,113792152,석우찬,1,0.0,0.0,"한국전산유체공학회 (NODE11049549, IF: 0.26)"
3206,2022,기계공학,208337952,전우영,1,0.0,0.0,"한국전산유체공학회 (NODE11049549, IF: 0.26)"
3207,2022,기계공학,825315517,이정욱,1,0.0,0.0,"한국전산유체공학회 (NODE11049549, IF: 0.26)"
3208,2022,기계공학,665700269,박선호,1,0.0,0.0,"한국전산유체공학회 (NODE11049549, IF: 0.26)"
3209,2022,기계공학,783702879,이신형,1,0.0,0.0,"한국전산유체공학회 (NODE11049549, IF: 0.26)"
3210,2022,기계공학,552573651,임종범,1,0.0,0.0,"한국전산유체공학회 (NODE11049549, IF: 0.26)"
3211,2022,기계공학,324891391,이승진,1,0.0,0.0,"한국전산유체공학회 (NODE11049549, IF: 0.26)"
3212,2022,기계공학,957523397,임영섭,1,0.0,0.0,"한국전산유체공학회 (NODE11049549, IF: 0.26)"
3213,2022,기계공학,152293010,우성민,1,0.0,0.0,"대한설비공학회 (NODE11039537, IF: 0.42)"
3214,2022,기계공학,536688020,이수용,1,0.0,0.0,"대한설비공학회 (NODE11039537, IF: 0.42)"
3215,2022,기계공학,419901210,Jialiang Wang,1,0.0,0.0,"한국유체기계학회 (NODE11100853, IF: 0.38)"
3216,2022,기계공학,249457394,Dilei Qian,1,0.0,0.0,"한국유체기계학회 (NODE11100853, IF: 0.38)"
3217,2022,기계공학,915030780,Yang Sun,1,0.0,0.0,"한국유체기계학회 (NODE11100853, IF: 0.38)"
3218,2022,기계공학,308770727,Fenfei Peng,1,0.0,0.0,"한국유체기계학회 (NODE11100853, IF: 0.38)"
3219,2022,기계공학,624798458,Jesline Joy,1,0.0,0.0,"한국유체기계학회 (NODE11100855, IF: 0.38)"
3220,2022,기계공학,356135790,Mehrdad Raisee,1,0.0,0.0,"한국유체기계학회 (NODE11100855, IF: 0.38)"
3221,2022,기계공학,113954544,Michel J. Cervantes,1,0.0,0.0,"한국유체기계학회 (NODE11100855, IF: 0.38)"
3222,2022,기계공학,644900920,Xiaoping Jiang,1,0.0,0.0,"한국유체기계학회 (NODE11100856, IF: 0.38)"
3223,2022,기계공학,203070773,Xiang Gao,1,0.0,0.0,"한국유체기계학회 (NODE11100856, IF: 0.38)"
3224,2022,기계공학,206152762,Chao Shi,1,0.0,0.0,"한국유체기계학회 (NODE11100856, IF: 0.38)"
3225,2022,기계공학,812469505,Yang Congxin,1,0.0,0.0,"한국유체기계학회 (NODE11100857, IF: 0.38)"
3226,2022,기계공학,214373801,Luo Xin,1,0.0,0.0,"한국유체기계학회 (NODE11100857, IF: 0.38)"
3227,2022,기계공학,863982925,Qian Chen,1,0.0,0.0,"한국유체기계학회 (NODE11100857, IF: 0.38)"
3228,2022,기계공학,604840310,Yasuyuki Nishi,1,0.0,0.0,"한국유체기계학회 (NODE11100859, IF: 0.38)"
3229,2022,기계공학,740218437,Hiroto Sasashita,1,0.0,0.0,"한국유체기계학회 (NODE11100859, IF: 0.38)"
3230,2022,기계공학,386252801,Terumi Inagaki,1,0.0,0.0,"한국유체기계학회 (NODE11100859, IF: 0.38)"
3231,2022,기계공학,504568317,강상욱,1,0.0,0.0,"한국소음진동공학회 (NODE11100886, IF: 0.41)"
3232,2022,기계공학,425352405,나승식,1,0.0,0.0,"한국소음진동공학회 (NODE11100887, IF: 0.41)"
3233,2022,기계공학,420238524,이병권,1,0.0,0.0,"한국소음진동공학회 (NODE11100887, IF: 0.41)"
3234,2022,기계공학,646923924,홍주영,1,0.0,0.0,"한국소음진동공학회 (NODE11100888, IF: 0.41)"
3235,2022,기계공학,878023243,이병권,1,0.0,0.0,"한국소음진동공학회 (NODE11100889, IF: 0.41)"
3236,2022,기계공학,613475005,박태호,1,0.0,0.0,"한국소음진동공학회 (NODE11100889, IF: 0.41)"
3237,2022,기계공학,273679058,서로사,1,0.0,0.0,"한국소음진동공학회 (NODE11100896, IF: 0.41)"
3238,2022,기계공학,751407378,정원준,1,0.0,0.0,"한국자동차공학회 (NODE11167999, IF: 0.5)"
3239,2022,기계공학,330836550,노재승,1,0.0,0.0,"한국자동차공학회 (NODE11168000, IF: 0.5)"
3240,2022,기계공학,642165456,안준민,1,0.0,0.0,"한국자동차공학회 (NODE11168001, IF: 0.5)"
3241,2022,기계공학,103204233,신명환,1,0.0,0.0,"한국자동차공학회 (NODE11168001, IF: 0.5)"
3242,2022,기계공학,415205141,이동인,1,0.0,0.0,"한국자동차공학회 (NODE11168001, IF: 0.5)"
3243,2022,기계공학,448293562,김소진,1,0.0,0.0,"한국자동차공학회 (NODE11168001, IF: 0.5)"
3244,2022,기계공학,102658679,최우진,1,0.0,0.0,"한국자동차공학회 (NODE11168002, IF: 0.5)"
3245,2022,기계공학,265148846,여성윤,1,0.0,0.0,"한국자동차공학회 (NODE11168002, IF: 0.5)"
3246,2022,기계공학,330908506,강구창,1,0.0,0.0,"한국자동차공학회 (NODE11168002, IF: 0.5)"
3247,2022,기계공학,779424919,김성훈,1,0.0,0.0,"한국자동차공학회 (NODE11168002, IF: 0.5)"
3248,2022,기계공학,902391669,손문준,1,0.0,0.0,"한국자동차공학회 (NODE11168002, IF: 0.5)"
3249,2022,기계공학,444804074,김대웅,1,0.0,0.0,"한국자동차공학회 (NODE11168003, IF: 0.5)"
3250,2022,기계공학,522671675,양철호,1,0.0,0.0,"한국자동차공학회 (NODE11168003, IF: 0.5)"
3251,2022,기계공학,4613885,정민호,1,0.0,0.0,"한국자동차공학회 (NODE11168004, IF: 0.5)"
3252,2022,기계공학,433431525,량티에이,1,0.0,0.0,"한국자동차공학회 (NODE11168004, IF: 0.5)"
3253,2022,기계공학,995199406,양현익,1,0.0,0.0,"한국자동차공학회 (NODE11168004, IF: 0.5)"
3254,2022,기계공학,432695720,박경진,1,0.0,0.0,"한국자동차공학회 (NODE11168004, IF: 0.5)"
3255,2022,기계공학,714724271,오태석,1,0.0,0.0,"한국자동차공학회 (NODE11168006, IF: 0.5)"
3256,2022,기계공학,202447,여운석,1,0.0,0.0,"한국자동차공학회 (NODE11168006, IF: 0.5)"
3257,2022,기계공학,436064984,백두현,1,0.0,0.0,"한국자동차공학회 (NODE11168006, IF: 0.5)"
3258,2022,기계공학,834506905,김덕호,1,0.0,0.0,"한국자동차공학회 (NODE11168006, IF: 0.5)"
3259,2022,기계공학,582188377,하성용,1,0.0,0.0,"한국자동차공학회 (NODE11168006, IF: 0.5)"
3260,2022,기계공학,703099142,고재성,1,0.0,0.0,"한국자동차공학회 (NODE11168006, IF: 0.5)"
3261,2022,기계공학,362280642,권혁민,1,0.0,0.0,"한국자동차공학회 (NODE11168006, IF: 0.5)"
3262,2022,기계공학,722400681,이현진,1,0.0,0.0,"한국자동차공학회 (NODE11168007, IF: 0.5)"
3263,2022,기계공학,879215792,최장훈,1,0.0,0.0,"한국자동차공학회 (NODE11168007, IF: 0.5)"
3264,2022,기계공학,2246925,조형진,1,0.0,0.0,"한국자동차공학회 (NODE11168007, IF: 0.5)"
3265,2022,기계공학,343628668,송준영,1,0.0,0.0,"한국자동차공학회 (NODE11168007, IF: 0.5)"
3266,2022,기계공학,536077152,공석환,1,0.0,0.0,"한국기계가공학회 (NODE11044650, IF: 0.35)"
3267,2022,기계공학,955601896,이성원,1,0.0,0.0,"한국기계가공학회 (NODE11044650, IF: 0.35)"
3268,2022,기계공학,215517486,손병래,1,0.0,0.0,"한국기계가공학회 (NODE11044651, IF: 0.35)"
3269,2022,기계공학,869746450,안준형,1,0.0,0.0,"한국기계가공학회 (NODE11044651, IF: 0.35)"
3270,2022,기계공학,243451172,이영환,1,0.0,0.0,"한국기계가공학회 (NODE11044651, IF: 0.35)"
3271,2022,기계공학,956818379,황영국,1,0.0,0.0,"한국기계가공학회 (NODE11044651, IF: 0.35)"
3272,2022,기계공학,914499780,김형준,1,0.0,0.0,"한국기계가공학회 (NODE11044652, IF: 0.35)"
3273,2022,기계공학,524329872,손호준,1,0.0,0.0,"한국기계가공학회 (NODE11044652, IF: 0.35)"
3274,2022,기계공학,902477946,박신준,1,0.0,0.0,"한국기계가공학회 (NODE11044652, IF: 0.35)"
3275,2022,기계공학,959110653,박철수,1,0.0,0.0,"한국기계가공학회 (NODE11044652, IF: 0.35)"
3276,2022,기계공학,734832528,김중선,1,0.0,0.0,"한국기계가공학회 (NODE11044653, IF: 0.35)"
3277,2022,기계공학,392889577,권대규,1,0.0,0.0,"한국기계가공학회 (NODE11044653, IF: 0.35)"
3278,2022,기계공학,874834251,한상혁,1,0.0,0.0,"한국기계가공학회 (NODE11044654, IF: 0.35)"
3279,2022,기계공학,288626623,이영림,1,0.0,0.0,"한국기계가공학회 (NODE11044654, IF: 0.35)"
3280,2022,기계공학,261047411,고가진,1,0.0,0.0,"한국기계가공학회 (NODE11044655, IF: 0.35)"
3281,2022,기계공학,737794020,김민섭,1,0.0,0.0,"한국기계가공학회 (NODE11044656, IF: 0.35)"
3282,2022,기계공학,346679531,이태원,1,0.0,0.0,"한국기계가공학회 (NODE11044657, IF: 0.35)"
3283,2022,기계공학,813690725,정홍일,1,0.0,0.0,"한국기계가공학회 (NODE11044658, IF: 0.35)"
3284,2022,기계공학,1909576,홍준호,1,0.0,0.0,"한국기계가공학회 (NODE11044659, IF: 0.35)"
3285,2022,기계공학,178389939,신동원,1,0.0,0.0,"한국기계가공학회 (NODE11044659, IF: 0.35)"
3286,2022,기계공학,556896442,김동현,1,0.0,0.0,"한국기계가공학회 (NODE11154536, IF: 0.35)"
3287,2022,기계공학,313399056,곽지윤,1,0.0,0.0,"한국기계가공학회 (NODE11154536, IF: 0.35)"
3288,2022,기계공학,464181893,전은채,1,0.0,0.0,"한국기계가공학회 (NODE11154536, IF: 0.35)"
3289,2022,기계공학,938148034,배용환,1,0.0,0.0,"한국기계가공학회 (NODE11154537, IF: 0.35)"
3290,2022,기계공학,489633599,우수성,1,0.0,0.0,"한국기계가공학회 (NODE11154539, IF: 0.35)"
3291,2022,기계공학,566149370,심도식,1,0.0,0.0,"한국기계가공학회 (NODE11154539, IF: 0.35)"
3292,2022,기계공학,236698425,박원균,1,0.0,0.0,"한국기계가공학회 (NODE11154539, IF: 0.35)"
3293,2022,기계공학,696342672,송대빈,1,0.0,0.0,"한국기계가공학회 (NODE11154539, IF: 0.35)"
3294,2022,기계공학,615114017,조성원,1,0.0,0.0,"한국기계가공학회 (NODE11154541, IF: 0.35)"
3295,2022,기계공학,489635365,김종민,1,0.0,0.0,"한국기계가공학회 (NODE11154542, IF: 0.35)"
3296,2022,기계공학,562493379,윤지홍,1,0.0,0.0,"한국기계가공학회 (NODE11154543, IF: 0.35)"
3297,2022,기계공학,343949094,김성훈,1,0.0,0.0,"한국기계가공학회 (NODE11154543, IF: 0.35)"
3298,2022,기계공학,807832937,김정한,1,0.0,0.0,"한국기계가공학회 (NODE11154543, IF: 0.35)"
3299,2022,기계공학,127148796,이세환,1,0.0,0.0,"한국기계가공학회 (NODE11154543, IF: 0.35)"
3300,2022,기계공학,369024697,김백규,1,0.0,0.0,"한국기계가공학회 (NODE11154544, IF: 0.35)"
3301,2022,기계공학,746444498,김만진,1,0.0,0.0,"한국기계가공학회 (NODE11154544, IF: 0.35)"
3302,2022,기계공학,614326492,김도영,1,0.0,0.0,"한국기계가공학회 (NODE11154544, IF: 0.35)"
3303,2022,기계공학,147747382,김형우,1,0.0,0.0,"한국기계가공학회 (NODE11154544, IF: 0.35)"
3304,2022,기계공학,650724430,서경덕,1,0.0,0.0,"한국기계가공학회 (NODE11154544, IF: 0.35)"
3305,2022,기계공학,583546325,이창렬,1,0.0,0.0,"한국기계가공학회 (NODE11154544, IF: 0.35)"
3306,2022,기계공학,789231893,박상민,1,0.0,0.0,"한국기계가공학회 (NODE11154544, IF: 0.35)"
3307,2022,기계공학,783717221,최성우,1,0.0,0.0,"한국기계가공학회 (NODE11154545, IF: 0.35)"
3308,2022,기계공학,311950120,박홍주,1,0.0,0.0,"한국기계가공학회 (NODE11154546, IF: 0.35)"
3309,2022,기계공학,548388121,박성제,1,0.0,0.0,"한국기계가공학회 (NODE11154546, IF: 0.35)"
3310,2022,기계공학,417266544,정선우,1,0.0,0.0,"한국기계가공학회 (NODE11154547, IF: 0.35)"
3311,2022,기계공학,389374054,김나용,1,0.0,0.0,"한국기계가공학회 (NODE11154548, IF: 0.35)"
3312,2022,기계공학,773467632,박병진,1,0.0,0.0,"한국기계가공학회 (NODE11154549, IF: 0.35)"
3313,2022,기계공학,623741120,Su-Chak Ryu,1,0.0,0.0,"한국기계가공학회 (NODE11154552, IF: 0.35)"
3314,2022,기계공학,842668891,Keon-Oh Shim,1,0.0,0.0,"한국기계가공학회 (NODE11154552, IF: 0.35)"
3315,2022,기계공학,641150278,Seung-Hyeon Kim,1,0.0,0.0,"한국기계가공학회 (NODE11154552, IF: 0.35)"
3316,2022,기계공학,872194187,정효빈,1,0.0,0.0,"Korean Society for Precision Engineering (NODE11051294, IF: 0.0)"
3317,2022,기계공학,399455545,박효미,1,0.0,0.0,"Korean Society for Precision Engineering (NODE11051294, IF: 0.0)"
3318,2022,기계공학,287677028,주기남,1,0.0,0.0,"Korean Society for Precision Engineering (NODE11051294, IF: 0.0)"
3319,2022,기계공학,258890737,이광일,1,0.0,0.0,"Korean Society for Precision Engineering (NODE11051295, IF: 0.0)"
3320,2022,기계공학,4966596,김도훈,1,0.0,0.0,"Korean Society for Precision Engineering (NODE11051295, IF: 0.0)"
3321,2022,기계공학,558545134,이훈희,1,0.0,0.0,"Korean Society for Precision Engineering (NODE11051295, IF: 0.0)"
3322,2022,기계공학,470648890,김병준,1,0.0,0.0,"Korean Society for Precision Engineering (NODE11051296, IF: 0.0)"
3323,2022,기계공학,792419814,이영훈,1,0.0,0.0,"Korean Society for Precision Engineering (NODE11051296, IF: 0.0)"
3324,2022,기계공학,199027297,김형준,1,0.0,0.0,"Korean Society for Precision Engineering (NODE11051296, IF: 0.0)"
3325,2022,기계공학,515741160,부광석,1,0.0,0.0,"Korean Society for Precision Engineering (NODE11051296, IF: 0.0)"
3326,2022,기계공학,392572012,김흥섭,1,0.0,0.0,"Korean Society for Precision Engineering (NODE11051296, IF: 0.0)"
3327,2022,기계공학,528444447,이재학,1,0.0,0.0,"Korean Society for Precision Engineering (NODE11051297, IF: 0.0)"
3328,2022,기계공학,555798720,이동주,1,0.0,0.0,"Korean Society for Precision Engineering (NODE11051297, IF: 0.0)"
3329,2022,기계공학,928711368,최준영,1,0.0,0.0,"Korean Society for Precision Engineering (NODE11051297, IF: 0.0)"
3330,2022,기계공학,238639425,정훈성,1,0.0,0.0,"Korean Society for Precision Engineering (NODE11051298, IF: 0.0)"
3331,2022,기계공학,236831372,박상우,1,0.0,0.0,"Korean Society for Precision Engineering (NODE11051298, IF: 0.0)"
3332,2022,기계공학,558505905,최필규,1,0.0,0.0,"Korean Society for Precision Engineering (NODE11051299, IF: 0.0)"
3333,2022,기계공학,773661430,권선웅,1,0.0,0.0,"Korean Society for Precision Engineering (NODE11051299, IF: 0.0)"
3334,2022,기계공학,206432765,이송연,1,0.0,0.0,"Korean Society for Precision Engineering (NODE11051302, IF: 0.0)"
3335,2022,기계공학,748644625,허용정,1,0.0,0.0,"Korean Society for Precision Engineering (NODE11051302, IF: 0.0)"
3336,2022,기계공학,982046772,김대경,1,0.0,0.0,"Korean Society for Precision Engineering (NODE11051303, IF: 0.0)"
3337,2022,기계공학,661900146,강동순,1,0.0,0.0,"Korean Society for Precision Engineering (NODE11051303, IF: 0.0)"
3338,2022,기계공학,595693360,임종학,1,0.0,0.0,"Korean Society for Precision Engineering (NODE11051303, IF: 0.0)"
3339,2022,기계공학,147649417,변영일,1,0.0,0.0,"Korean Society for Precision Engineering (NODE11051303, IF: 0.0)"
3340,2022,기계공학,337229164,이혜원,1,0.0,0.0,"Korean Society for Precision Engineering (NODE11051304, IF: 0.0)"
3341,2022,기계공학,296641445,한예지,1,0.0,0.0,"Korean Society for Precision Engineering (NODE11051304, IF: 0.0)"
3342,2022,기계공학,584028095,강민채,1,0.0,0.0,"Korean Society for Precision Engineering (NODE11051304, IF: 0.0)"
3343,2022,기계공학,584450913,이주희,1,0.0,0.0,"Korean Society for Precision Engineering (NODE11051304, IF: 0.0)"
3344,2022,기계공학,1011451,한민우,1,0.0,0.0,"Korean Society for Precision Engineering (NODE11051304, IF: 0.0)"
3345,2022,기계공학,5186723,정지수,1,0.0,0.0,"한국기계가공학회 (NODE10959118, IF: 0.35)"
3346,2022,기계공학,659271953,박진홍,1,0.0,0.0,"한국기계가공학회 (NODE10959118, IF: 0.35)"
3347,2022,기계공학,116420767,이영진,1,0.0,0.0,"한국기계가공학회 (NODE10959120, IF: 0.35)"
3348,2022,기계공학,250805677,이상찬,1,0.0,0.0,"한국기계가공학회 (NODE10959120, IF: 0.35)"
3349,2022,기계공학,219425024,김찬규,1,0.0,0.0,"한국기계가공학회 (NODE10959121, IF: 0.35)"
3350,2022,기계공학,2117094,문도영,1,0.0,0.0,"한국기계가공학회 (NODE10959121, IF: 0.35)"
3351,2022,기계공학,393419459,문일우,1,0.0,0.0,"한국기계가공학회 (NODE10959121, IF: 0.35)"
3352,2022,기계공학,785349928,송영준,1,0.0,0.0,"한국기계가공학회 (NODE10959122, IF: 0.35)"
3353,2022,기계공학,687138135,변영일,1,0.0,0.0,"한국기계가공학회 (NODE10959122, IF: 0.35)"
3354,2022,기계공학,629938978,홍성민,1,0.0,0.0,"한국기계가공학회 (NODE10959122, IF: 0.35)"
3355,2022,기계공학,128584299,정영환,1,0.0,0.0,"한국기계가공학회 (NODE10959122, IF: 0.35)"
3356,2022,기계공학,164529178,박장용,1,0.0,0.0,"한국기계가공학회 (NODE10959122, IF: 0.35)"
3357,2022,기계공학,182397,이중섭,1,0.0,0.0,"한국기계가공학회 (NODE10959123, IF: 0.35)"
3358,2022,기계공학,308295415,이정실,1,0.0,0.0,"한국기계가공학회 (NODE10959123, IF: 0.35)"
3359,2022,기계공학,167120605,곽범섭,1,0.0,0.0,"한국기계가공학회 (NODE10959123, IF: 0.35)"
3360,2022,기계공학,493144648,허인재,1,0.0,0.0,"한국소음진동공학회 (NODE11056749, IF: 0.41)"
3361,2022,기계공학,153150203,김영준,1,0.0,0.0,"한국소음진동공학회 (NODE11056750, IF: 0.41)"
3362,2022,기계공학,1578410,홍석무,1,0.0,0.0,"한국소음진동공학회 (NODE11056750, IF: 0.41)"
3363,2022,기계공학,126823511,백승길,1,0.0,0.0,"한국소음진동공학회 (NODE11056752, IF: 0.41)"
3364,2022,기계공학,838241670,원영우,1,0.0,0.0,"한국소음진동공학회 (NODE11056753, IF: 0.41)"
3365,2022,기계공학,424921663,배시완,1,0.0,0.0,"한국소음진동공학회 (NODE11056754, IF: 0.41)"
3366,2022,기계공학,364293537,이상윤,1,0.0,0.0,"한국소음진동공학회 (NODE11056756, IF: 0.41)"
3367,2022,기계공학,300498536,윤성철,1,0.0,0.0,"한국소음진동공학회 (NODE11056757, IF: 0.41)"
3368,2022,기계공학,120425845,임진이,1,0.0,0.0,"한국소음진동공학회 (NODE11056757, IF: 0.41)"
3369,2022,기계공학,716347296,정천우,1,0.0,0.0,"한국소음진동공학회 (NODE11056757, IF: 0.41)"
3370,2022,기계공학,523622128,곽규빈,1,0.0,0.0,"한국소음진동공학회 (NODE11056758, IF: 0.41)"
3371,2022,기계공학,142320329,김병일,1,0.0,0.0,"한국소음진동공학회 (NODE11056758, IF: 0.41)"
3372,2022,기계공학,657777427,한유경,1,0.0,0.0,"한국소음진동공학회 (NODE11056758, IF: 0.41)"
3373,2022,기계공학,829393424,박계륜,1,0.0,0.0,"한국소음진동공학회 (NODE11056759, IF: 0.41)"
3374,2022,기계공학,361828545,유현탁,1,0.0,0.0,"한국소음진동공학회 (NODE11056759, IF: 0.41)"
3375,2022,기계공학,246791469,김춘배,1,0.0,0.0,"한국소음진동공학회 (NODE11056759, IF: 0.41)"
3376,2022,기계공학,928429785,안창훈,1,0.0,0.0,"한국소음진동공학회 (NODE11056760, IF: 0.41)"
3377,2022,기계공학,676837155,이승훈,1,0.0,0.0,"한국소음진동공학회 (NODE11056760, IF: 0.41)"
3378,2022,기계공학,534288081,김창욱,1,0.0,0.0,"한국소음진동공학회 (NODE11056760, IF: 0.41)"
3379,2022,기계공학,477167870,이종문,1,0.0,0.0,"한국소음진동공학회 (NODE11056760, IF: 0.41)"
3380,2022,기계공학,204247081,仲村直子,1,0.0,0.0,"대한설비공학회 (NODE11144330, IF: 0.42)"
3381,2022,기계공학,970018525,矢口広晴,1,0.0,0.0,"대한설비공학회 (NODE11144330, IF: 0.42)"
3382,2022,기계공학,863487886,박진희,1,0.0,0.0,"한국유체기계학회 (NODE11056895, IF: 0.38)"
3383,2022,기계공학,114992,이재홍,1,0.0,0.0,"한국유체기계학회 (NODE11056895, IF: 0.38)"
3384,2022,기계공학,511438875,정경우,1,0.0,0.0,"한국유체기계학회 (NODE11056895, IF: 0.38)"
3385,2022,기계공학,181841030,윤종웅,1,0.0,0.0,"한국유체기계학회 (NODE11056896, IF: 0.38)"
3386,2022,기계공학,988699069,조태영,1,0.0,0.0,"한국유체기계학회 (NODE11056897, IF: 0.38)"
3387,2022,기계공학,383756063,윤태호,1,0.0,0.0,"한국유체기계학회 (NODE11056898, IF: 0.38)"
3388,2022,기계공학,370302442,이영균,1,0.0,0.0,"한국유체기계학회 (NODE11056899, IF: 0.38)"
3389,2022,기계공학,757386423,염태영,1,0.0,0.0,"한국유체기계학회 (NODE11056899, IF: 0.38)"
3390,2022,기계공학,246031273,이승배,1,0.0,0.0,"한국유체기계학회 (NODE11056899, IF: 0.38)"
3391,2022,기계공학,253164330,서정민,1,0.0,0.0,"한국유체기계학회 (NODE11056902, IF: 0.38)"
3392,2022,기계공학,176002760,김도형,1,0.0,0.0,"한국유체기계학회 (NODE11056905, IF: 0.38)"
3393,2022,기계공학,812819187,김규만,1,0.0,0.0,"한국유체기계학회 (NODE11056906, IF: 0.38)"
3394,2022,기계공학,237804751,이찬우,1,0.0,0.0,"한국유체기계학회 (NODE11056906, IF: 0.38)"
3395,2022,기계공학,958795872,정현성,1,0.0,0.0,"한국유체기계학회 (NODE11056906, IF: 0.38)"
3396,2022,기계공학,699025687,임호민,1,0.0,0.0,"한국유체기계학회 (NODE11056906, IF: 0.38)"
3397,2022,기계공학,585339267,허준원,1,0.0,0.0,"한국유체기계학회 (NODE11056906, IF: 0.38)"
3398,2022,기계공학,104870855,위민수,1,0.0,0.0,"한국유체기계학회 (NODE11056906, IF: 0.38)"
3399,2022,기계공학,267048110,김지한,1,0.0,0.0,"한국유체기계학회 (NODE11056906, IF: 0.38)"
3400,2022,기계공학,417373184,김예슬,1,0.0,0.0,"한국유체기계학회 (NODE11056906, IF: 0.38)"
3401,2022,기계공학,986492880,류근,1,0.0,0.0,"한국유체기계학회 (NODE11056906, IF: 0.38)"
3402,2022,기계공학,421743556,김범석,1,0.0,0.0,"한국유체기계학회 (NODE11056907, IF: 0.38)"
3403,2022,기계공학,497303414,정원식,1,0.0,0.0,"한국유체기계학회 (NODE11056908, IF: 0.38)"
3404,2022,기계공학,969024761,임세환,1,0.0,0.0,"한국유체기계학회 (NODE11056912, IF: 0.38)"
3405,2022,기계공학,775379569,김동억,1,0.0,0.0,"한국유체기계학회 (NODE11056913, IF: 0.38)"
3406,2022,기계공학,759062357,오주,1,0.0,0.0,"대한설비공학회 (NODE11056034, IF: 0.42)"
3407,2022,기계공학,228178794,David Quirk,1,0.0,0.0,"대한설비공학회 (NODE11056035, IF: 0.42)"
3408,2022,기계공학,504257359,와타나베 신이치,1,0.0,0.0,"대한설비공학회 (NODE11056036, IF: 0.42)"
3409,2022,기계공학,549207034,오상현,1,0.0,0.0,"대한설비공학회 (NODE11056037, IF: 0.42)"
3410,2022,기계공학,312528781,이원섭,1,0.0,0.0,"Korean Society for Precision Engineering (NODE11150852, IF: 0.0)"
3411,2022,기계공학,223476816,조현민,1,0.0,0.0,"Korean Society for Precision Engineering (NODE11150852, IF: 0.0)"
3412,2022,기계공학,750178753,강영구,1,0.0,0.0,"Korean Society for Precision Engineering (NODE11150853, IF: 0.0)"
3413,2022,기계공학,369788951,원현우,1,0.0,0.0,"한국자동차공학회 (NODE11150861, IF: 0.5)"
3414,2022,기계공학,361483039,유찬학,1,0.0,0.0,"한국자동차공학회 (NODE11150862, IF: 0.5)"
3415,2022,기계공학,518478047,정재환,1,0.0,0.0,"한국자동차공학회 (NODE11150862, IF: 0.5)"
3416,2022,기계공학,906899345,이호상,1,0.0,0.0,"한국자동차공학회 (NODE11150862, IF: 0.5)"
3417,2022,기계공학,992802094,권영문,1,0.0,0.0,"한국자동차공학회 (NODE11150862, IF: 0.5)"
3418,2022,기계공학,335882624,이효열,1,0.0,0.0,"한국자동차공학회 (NODE11150862, IF: 0.5)"
3419,2022,기계공학,993642545,김강원,1,0.0,0.0,"한국자동차공학회 (NODE11150863, IF: 0.5)"
3420,2022,기계공학,653492702,이상빈,1,0.0,0.0,"한국자동차공학회 (NODE11150863, IF: 0.5)"
3421,2022,기계공학,249008602,오성빈,1,0.0,0.0,"한국자동차공학회 (NODE11150865, IF: 0.5)"
3422,2022,기계공학,711357620,김진호,1,0.0,0.0,"한국자동차공학회 (NODE11150865, IF: 0.5)"
3423,2022,기계공학,493131641,한창평,1,0.0,0.0,"한국자동차공학회 (NODE11150866, IF: 0.5)"
3424,2022,기계공학,926271070,유성훈,1,0.0,0.0,"한국자동차공학회 (NODE11150869, IF: 0.5)"
3425,2022,기계공학,653885055,김영은,1,0.0,0.0,"한국자동차공학회 (NODE11150869, IF: 0.5)"
3426,2022,기계공학,599030340,금하영,1,0.0,0.0,"대한설비공학회 (NODE11151053, IF: 0.42)"
3427,2022,기계공학,530840065,양정훈,1,0.0,0.0,"대한설비공학회 (NODE11151053, IF: 0.42)"
3428,2022,기계공학,786616666,이태인,1,0.0,0.0,"대한설비공학회 (NODE11151054, IF: 0.42)"
3429,2022,기계공학,553147427,최율,1,0.0,0.0,"대한설비공학회 (NODE11151054, IF: 0.42)"
3430,2022,기계공학,978422201,전성현,1,0.0,0.0,"대한설비공학회 (NODE11151057, IF: 0.42)"
3431,2022,기계공학,707562008,김영주,1,0.0,0.0,"대한설비공학회 (NODE11151057, IF: 0.42)"
3432,2022,기계공학,333776445,전병일,1,0.0,0.0,"대한설비공학회 (NODE11151057, IF: 0.42)"
3433,2022,기계공학,926301807,정도원,1,0.0,0.0,"대한설비공학회 (NODE11151057, IF: 0.42)"
3434,2022,기계공학,757603413,임정택,1,0.0,0.0,"대한설비공학회 (NODE11151057, IF: 0.42)"
3435,2022,기계공학,445864484,김현진,1,0.0,0.0,"대한설비공학회 (NODE11151057, IF: 0.42)"
3436,2022,기계공학,187015060,김효린,1,0.0,0.0,"한국자동차공학회 (NODE11058505, IF: 0.5)"
3437,2022,기계공학,823925565,정의승,1,0.0,0.0,"한국자동차공학회 (NODE11058506, IF: 0.5)"
3438,2022,기계공학,594185445,주다영,1,0.0,0.0,"한국자동차공학회 (NODE11058507, IF: 0.5)"
3439,2022,기계공학,217894904,이철배,1,0.0,0.0,"한국자동차공학회 (NODE11058508, IF: 0.5)"
3440,2022,기계공학,325572209,이호필,1,0.0,0.0,"한국자동차공학회 (NODE11058508, IF: 0.5)"
3441,2022,기계공학,668305545,황인영,1,0.0,0.0,"한국자동차공학회 (NODE11058508, IF: 0.5)"
3442,2022,기계공학,899583849,김동은,1,0.0,0.0,"한국자동차공학회 (NODE11058508, IF: 0.5)"
3443,2022,기계공학,811254970,박성준,1,0.0,0.0,"한국자동차공학회 (NODE11058508, IF: 0.5)"
3444,2022,기계공학,324027918,류중희,1,0.0,0.0,"한국자동차공학회 (NODE11058509, IF: 0.5)"
3445,2022,기계공학,826543835,최성규,1,0.0,0.0,"한국자동차공학회 (NODE11058513, IF: 0.5)"
3446,2022,기계공학,593124477,이성욱,1,0.0,0.0,"한국자동차공학회 (NODE11058514, IF: 0.5)"
3447,2022,기계공학,295283370,정용일,1,0.0,0.0,"한국자동차공학회 (NODE11058517, IF: 0.5)"
3448,2022,기계공학,903976130,이신재,1,0.0,0.0,"한국자동차공학회 (NODE11058528, IF: 0.5)"
3449,2022,기계공학,767124193,이영훈,1,0.0,0.0,"한국자동차공학회 (NODE11058528, IF: 0.5)"
3450,2022,기계공학,767992542,Thi Hong Minh Hoang,1,0.0,0.0,"한국마린엔지니어링학회 (NODE11058650, IF: 0.08)"
3451,2022,기계공학,133598387,박채림,1,0.0,0.0,"한국마린엔지니어링학회 (NODE11058651, IF: 0.08)"
3452,2022,기계공학,922542198,조석제,1,0.0,0.0,"한국마린엔지니어링학회 (NODE11058651, IF: 0.08)"
3453,2022,기계공학,607680837,Jung-Ho Noh,1,0.0,0.0,"한국마린엔지니어링학회 (NODE11058652, IF: 0.08)"
3454,2022,기계공학,471478708,Eun-Seok Jeong,1,0.0,0.0,"한국마린엔지니어링학회 (NODE11058652, IF: 0.08)"
3455,2022,기계공학,568361240,Jin-Uk Lee,1,0.0,0.0,"한국마린엔지니어링학회 (NODE11058652, IF: 0.08)"
3456,2022,기계공학,467656575,Sae-Gin Oh,1,0.0,0.0,"한국마린엔지니어링학회 (NODE11058652, IF: 0.08)"
3457,2022,기계공학,548715186,Kyoung-Kuk Yoon,1,0.0,0.0,"한국마린엔지니어링학회 (NODE11058652, IF: 0.08)"
3458,2022,기계공학,155673882,손범석,1,0.0,0.0,"한국수소및신에너지학회 (NODE11058662, IF: 0.65)"
3459,2022,기계공학,597375618,황한수,1,0.0,0.0,"한국수소및신에너지학회 (NODE11058662, IF: 0.65)"
3460,2022,기계공학,340571173,오상진,1,0.0,0.0,"한국수소및신에너지학회 (NODE11058662, IF: 0.65)"
3461,2022,기계공학,956111,윤동협,1,0.0,0.0,"한국수소및신에너지학회 (NODE11058663, IF: 0.65)"
3462,2022,기계공학,194187963,이상익,1,0.0,0.0,"한국수소및신에너지학회 (NODE11058663, IF: 0.65)"
3463,2022,기계공학,597971878,박충환,1,0.0,0.0,"한국수소및신에너지학회 (NODE11058663, IF: 0.65)"
3464,2022,기계공학,647101379,한진목,1,0.0,0.0,"한국수소및신에너지학회 (NODE11058665, IF: 0.65)"
3465,2022,기계공학,568199306,이성희,1,0.0,0.0,"한국수소및신에너지학회 (NODE11058665, IF: 0.65)"
3466,2022,기계공학,670485928,KANAKARAJ SELVAKUMAR,1,0.0,0.0,"한국수소및신에너지학회 (NODE11058666, IF: 0.65)"
3467,2022,기계공학,629815332,AE RHAN KIM,1,0.0,0.0,"한국수소및신에너지학회 (NODE11058666, IF: 0.65)"
3468,2022,기계공학,538745344,DONG JIN YOO,1,0.0,0.0,"한국수소및신에너지학회 (NODE11058666, IF: 0.65)"
3469,2022,기계공학,582567523,Seung-Jin Lee,1,0.0,0.0,"한국기계가공학회 (NODE11173072, IF: 0.35)"
3470,2022,기계공학,520587983,정민수,1,0.0,0.0,"한국기계가공학회 (NODE11173073, IF: 0.35)"
3471,2022,기계공학,674899558,장현수,1,0.0,0.0,"한국기계가공학회 (NODE11173073, IF: 0.35)"
3472,2022,기계공학,103593922,오정훈,1,0.0,0.0,"한국기계가공학회 (NODE11173074, IF: 0.35)"
3473,2022,기계공학,327443763,하원호,1,0.0,0.0,"한국기계가공학회 (NODE11173075, IF: 0.35)"
3474,2022,기계공학,522337395,심한섭,1,0.0,0.0,"한국기계가공학회 (NODE11173075, IF: 0.35)"
3475,2022,기계공학,418400539,백지아,1,0.0,0.0,"한국기계가공학회 (NODE11173076, IF: 0.35)"
3476,2022,기계공학,862801136,전원표,1,0.0,0.0,"한국기계가공학회 (NODE11173079, IF: 0.35)"
3477,2022,기계공학,745644774,임성훈,1,0.0,0.0,"한국기계가공학회 (NODE11173081, IF: 0.35)"
3478,2022,기계공학,911077592,김정섭,1,0.0,0.0,"한국기계가공학회 (NODE11173082, IF: 0.35)"
3479,2022,기계공학,246569073,김민주,1,0.0,0.0,"한국기계가공학회 (NODE11173082, IF: 0.35)"
3480,2022,기계공학,445094732,권오훈,1,0.0,0.0,"한국기계가공학회 (NODE11173082, IF: 0.35)"
3481,2022,기계공학,615186398,오경진,1,0.0,0.0,"한국기계가공학회 (NODE11173082, IF: 0.35)"
3482,2022,기계공학,715093292,이병일,1,0.0,0.0,"한국기계가공학회 (NODE11173082, IF: 0.35)"
3483,2022,기계공학,722286717,이승민,1,0.0,0.0,"한국기계가공학회 (NODE11173083, IF: 0.35)"
3484,2022,기계공학,244781485,김하늘,1,0.0,0.0,"한국기계가공학회 (NODE11173083, IF: 0.35)"
3485,2022,기계공학,856791247,고재웅,1,0.0,0.0,"한국기계가공학회 (NODE11173083, IF: 0.35)"
3486,2022,기계공학,808446995,곽태수,1,0.0,0.0,"한국기계가공학회 (NODE11173083, IF: 0.35)"
3487,2022,기계공학,932264763,김지만,1,0.0,0.0,"한국기계가공학회 (NODE11173085, IF: 0.35)"
3488,2022,기계공학,656084790,최성윤,1,0.0,0.0,"한국기계가공학회 (NODE11173089, IF: 0.35)"
3489,2022,기계공학,434668,김우성,1,0.0,0.0,"한국기계가공학회 (NODE11173090, IF: 0.35)"
3490,2022,기계공학,536312356,이윤선,1,0.0,0.0,"한국기계가공학회 (NODE11173090, IF: 0.35)"
3491,2022,기계공학,512133295,성지현,1,0.0,0.0,"한국기계가공학회 (NODE11173090, IF: 0.35)"
3492,2022,기계공학,963546140,박성배,1,0.0,0.0,"한국기계가공학회 (NODE11173091, IF: 0.35)"
3493,2022,기계공학,811153206,서보라,1,0.0,0.0,"대한기계학회 (NODE11080388, IF: 0.55)"
3494,2022,기계공학,555209375,김민제,1,0.0,0.0,"대한기계학회 (NODE11080388, IF: 0.55)"
3495,2022,기계공학,276278449,박준협,1,0.0,0.0,"대한기계학회 (NODE11080388, IF: 0.55)"
3496,2022,기계공학,959936496,프린스-데이비드 마렌델,1,0.0,0.0,"대한기계학회 (NODE11080389, IF: 0.55)"
3497,2022,기계공학,461709160,안재승,1,0.0,0.0,"대한기계학회 (NODE11080390, IF: 0.55)"
3498,2022,기계공학,345931027,박상인,1,0.0,0.0,"대한기계학회 (NODE11080390, IF: 0.55)"
3499,2022,기계공학,347600431,하도현,1,0.0,0.0,"대한기계학회 (NODE11080391, IF: 0.55)"
3500,2022,기계공학,208098995,박홍선,1,0.0,0.0,"대한기계학회 (NODE11080393, IF: 0.55)"
3501,2022,기계공학,565046753,김규완,1,0.0,0.0,"대한기계학회 (NODE11080393, IF: 0.55)"
3502,2022,기계공학,555766671,김종수,1,0.0,0.0,"대한기계학회 (NODE11080393, IF: 0.55)"
3503,2022,기계공학,623495542,김종민,1,0.0,0.0,"대한기계학회 (NODE11080393, IF: 0.55)"
3504,2022,기계공학,111342235,김주연,1,0.0,0.0,"대한기계학회 (NODE11080397, IF: 0.55)"
3505,2022,기계공학,235206938,배대성,1,0.0,0.0,"대한기계학회 (NODE11080397, IF: 0.55)"
3506,2022,기계공학,940776722,배진용,1,0.0,0.0,"한국동력기계공학회 (NODE11080846, IF: 0.38)"
3507,2022,기계공학,610843337,이상국,1,0.0,0.0,"한국동력기계공학회 (NODE11080846, IF: 0.38)"
3508,2022,기계공학,761583130,조광식,1,0.0,0.0,"한국동력기계공학회 (NODE11080847, IF: 0.38)"
3509,2022,기계공학,723827720,이승철,1,0.0,0.0,"한국동력기계공학회 (NODE11080848, IF: 0.38)"
3510,2022,기계공학,395790104,구자삼,1,0.0,0.0,"한국동력기계공학회 (NODE11080848, IF: 0.38)"
3511,2022,기계공학,820239757,정종원,1,0.0,0.0,"한국동력기계공학회 (NODE11080849, IF: 0.38)"
3512,2022,기계공학,885664837,양현경,1,0.0,0.0,"한국동력기계공학회 (NODE11080849, IF: 0.38)"
3513,2022,기계공학,775797727,강정구,1,0.0,0.0,"한국동력기계공학회 (NODE11080850, IF: 0.38)"
3514,2022,기계공학,683249784,강대민,1,0.0,0.0,"한국동력기계공학회 (NODE11080851, IF: 0.38)"
3515,2022,기계공학,900441489,박경도,1,0.0,0.0,"한국동력기계공학회 (NODE11080851, IF: 0.38)"
3516,2022,기계공학,790815828,강나영,1,0.0,0.0,"한국동력기계공학회 (NODE11080851, IF: 0.38)"
3517,2022,기계공학,294114955,조규진,1,0.0,0.0,"한국동력기계공학회 (NODE11080851, IF: 0.38)"
3518,2022,기계공학,423696322,정영석,1,0.0,0.0,"한국동력기계공학회 (NODE11080854, IF: 0.38)"
3519,2022,기계공학,594090340,김호성,1,0.0,0.0,"대한설비공학회 (NODE11039539, IF: 0.42)"
3520,2022,기계공학,525775398,정진남,1,0.0,0.0,"대한설비공학회 (NODE11039539, IF: 0.42)"
3521,2022,기계공학,584823860,Mohammadamin Ahmadrard,1,0.0,0.0,"대한설비공학회 (NODE11039540, IF: 0.42)"
3522,2022,기계공학,815754790,Michel Bernier,1,0.0,0.0,"대한설비공학회 (NODE11039540, IF: 0.42)"
3523,2022,기계공학,534118074,우종빈,1,0.0,0.0,"한국자동차공학회 (NODE10819060, IF: 0.5)"
3524,2022,기계공학,872138328,김영현,1,0.0,0.0,"한국자동차공학회 (NODE10819060, IF: 0.5)"
3525,2022,기계공학,189176114,김우석,1,0.0,0.0,"한국자동차공학회 (NODE10819061, IF: 0.5)"
3526,2022,기계공학,125357715,정성필,1,0.0,0.0,"한국자동차공학회 (NODE10819063, IF: 0.5)"
3527,2022,기계공학,714309335,박재현,1,0.0,0.0,"한국자동차공학회 (NODE10819063, IF: 0.5)"
3528,2022,기계공학,651580455,마경업,1,0.0,0.0,"한국자동차공학회 (NODE10819063, IF: 0.5)"
3529,2022,기계공학,609355976,정경문,1,0.0,0.0,"한국자동차공학회 (NODE10819063, IF: 0.5)"
3530,2022,기계공학,490494528,강문구,1,0.0,0.0,"한국자동차공학회 (NODE10819064, IF: 0.5)"
3531,2022,기계공학,599111150,윤형섭,1,0.0,0.0,"한국자동차공학회 (NODE10819064, IF: 0.5)"
3532,2022,기계공학,460791046,이철웅,1,0.0,0.0,"한국자동차공학회 (NODE10819064, IF: 0.5)"
3533,2022,기계공학,308020978,임태성,1,0.0,0.0,"한국자동차공학회 (NODE10819064, IF: 0.5)"
3534,2022,기계공학,311541953,김성진,1,0.0,0.0,"한국자동차공학회 (NODE10819064, IF: 0.5)"
3535,2022,기계공학,986496570,윤광민,1,0.0,0.0,"한국자동차공학회 (NODE10819064, IF: 0.5)"
3536,2022,기계공학,823401589,김주희,1,0.0,0.0,"한국자동차공학회 (NODE10819067, IF: 0.5)"
3537,2022,기계공학,764734444,최완식,1,0.0,0.0,"한국자동차공학회 (NODE10819067, IF: 0.5)"
3538,2022,기계공학,697042727,Geunnam Park,1,0.0,0.0,"한국자동차공학회 (NODE10819068, IF: 0.5)"
3539,2022,기계공학,697975117,David M. Bevly,1,0.0,0.0,"한국자동차공학회 (NODE10819068, IF: 0.5)"
3540,2022,기계공학,563630957,정대성,1,0.0,0.0,"한국자동차공학회 (NODE10819069, IF: 0.5)"
3541,2022,기계공학,376946845,박준성,1,0.0,0.0,"한국자동차공학회 (NODE11139936, IF: 0.5)"
3542,2022,기계공학,196058317,전유종,1,0.0,0.0,"한국자동차공학회 (NODE11139936, IF: 0.5)"
3543,2022,기계공학,134155184,나재호,1,0.0,0.0,"한국자동차공학회 (NODE11139936, IF: 0.5)"
3544,2022,기계공학,100004319,조수연,1,0.0,0.0,"한국자동차공학회 (NODE11139936, IF: 0.5)"
3545,2022,기계공학,175939579,신양진,1,0.0,0.0,"한국자동차공학회 (NODE11139936, IF: 0.5)"
3546,2022,기계공학,951747947,김준호,1,0.0,0.0,"한국자동차공학회 (NODE11139936, IF: 0.5)"
3547,2022,기계공학,603582794,최원재,1,0.0,0.0,"한국자동차공학회 (NODE11139937, IF: 0.5)"
3548,2022,기계공학,681972744,백지선,1,0.0,0.0,"한국자동차공학회 (NODE11139938, IF: 0.5)"
3549,2022,기계공학,457483737,유진환,1,0.0,0.0,"한국자동차공학회 (NODE11139938, IF: 0.5)"
3550,2022,기계공학,110782832,윤영삼,1,0.0,0.0,"한국자동차공학회 (NODE11139938, IF: 0.5)"
3551,2022,기계공학,246227963,이재훈,1,0.0,0.0,"한국자동차공학회 (NODE11139938, IF: 0.5)"
3552,2022,기계공학,885624634,염기호,1,0.0,0.0,"한국자동차공학회 (NODE11139938, IF: 0.5)"
3553,2022,기계공학,738118255,황성욱,1,0.0,0.0,"한국자동차공학회 (NODE11139938, IF: 0.5)"
3554,2022,기계공학,671353223,송하민,1,0.0,0.0,"한국자동차공학회 (NODE11139939, IF: 0.5)"
3555,2022,기계공학,920546555,조지은,1,0.0,0.0,"한국자동차공학회 (NODE11139939, IF: 0.5)"
3556,2022,기계공학,629522561,하진수,1,0.0,0.0,"한국자동차공학회 (NODE11139939, IF: 0.5)"
3557,2022,기계공학,536803812,박재현,1,0.0,0.0,"한국자동차공학회 (NODE11139939, IF: 0.5)"
3558,2022,기계공학,365188422,조기춘,1,0.0,0.0,"한국자동차공학회 (NODE11139939, IF: 0.5)"
3559,2022,기계공학,820987268,김산민,1,0.0,0.0,"한국자동차공학회 (NODE11139940, IF: 0.5)"
3560,2022,기계공학,236482420,김영석,1,0.0,0.0,"한국자동차공학회 (NODE11139940, IF: 0.5)"
3561,2022,기계공학,203641400,전형석,1,0.0,0.0,"한국자동차공학회 (NODE11139940, IF: 0.5)"
3562,2022,기계공학,561882689,금동석,1,0.0,0.0,"한국자동차공학회 (NODE11139940, IF: 0.5)"
3563,2022,기계공학,989092,이기범,1,0.0,0.0,"한국자동차공학회 (NODE11139940, IF: 0.5)"
3564,2022,기계공학,528041397,차종현,1,0.0,0.0,"한국자동차공학회 (NODE11139943, IF: 0.5)"
3565,2022,기계공학,247052751,이태현,1,0.0,0.0,"한국자동차공학회 (NODE11139943, IF: 0.5)"
3566,2022,기계공학,819102359,송봉섭,1,0.0,0.0,"한국자동차공학회 (NODE11139943, IF: 0.5)"
3567,2022,기계공학,162681058,장하린,1,0.0,0.0,"한국자동차공학회 (NODE11139944, IF: 0.5)"
3568,2022,기계공학,734576363,조주연,1,0.0,0.0,"한국자동차공학회 (NODE11139944, IF: 0.5)"
3569,2022,기계공학,938773011,허세종,1,0.0,0.0,"한국자동차공학회 (NODE11139944, IF: 0.5)"
3570,2022,기계공학,224653069,강연식,1,0.0,0.0,"한국자동차공학회 (NODE11139944, IF: 0.5)"
3571,2022,기계공학,640881009,배종욱,1,0.0,0.0,"한국자동차공학회 (NODE11139945, IF: 0.5)"
3572,2022,기계공학,945740249,이영우,1,0.0,0.0,"한국자동차공학회 (NODE11139945, IF: 0.5)"
3573,2022,기계공학,890971312,고준호,1,0.0,0.0,"한국자동차공학회 (NODE11139945, IF: 0.5)"
3574,2022,기계공학,394145672,이재영,1,0.0,0.0,"한국자동차공학회 (NODE11139945, IF: 0.5)"
3575,2022,기계공학,400770338,최준원,1,0.0,0.0,"한국자동차공학회 (NODE11139945, IF: 0.5)"
3576,2022,기계공학,961870955,강선욱,1,0.0,0.0,"한국항공우주학회 (NODE11144685, IF: 0.32)"
3577,2022,기계공학,557799090,안계현,1,0.0,0.0,"한국항공우주학회 (NODE11144685, IF: 0.32)"
3578,2022,기계공학,253044532,이유진,1,0.0,0.0,"한국항공우주학회 (NODE11144686, IF: 0.32)"
3579,2022,기계공학,510522900,태명식,1,0.0,0.0,"한국항공우주학회 (NODE11144686, IF: 0.32)"
3580,2022,기계공학,215090946,박동훈,1,0.0,0.0,"한국항공우주학회 (NODE11144686, IF: 0.32)"
3581,2022,기계공학,737978997,이미연,1,0.0,0.0,"한국항공우주학회 (NODE11144688, IF: 0.32)"
3582,2022,기계공학,862870789,김연주,1,0.0,0.0,"한국항공우주학회 (NODE11144688, IF: 0.32)"
3583,2022,기계공학,868678469,조상범,1,0.0,0.0,"한국항공우주학회 (NODE11144689, IF: 0.32)"
3584,2022,기계공학,403820802,조연,1,0.0,0.0,"한국항공우주학회 (NODE11144692, IF: 0.32)"
3585,2022,기계공학,234567667,서정기,1,0.0,0.0,"한국항공우주학회 (NODE11144692, IF: 0.32)"
3586,2022,기계공학,354154576,장태성,1,0.0,0.0,"한국항공우주학회 (NODE11144692, IF: 0.32)"
3587,2022,기계공학,599108,박홍영,1,0.0,0.0,"한국항공우주학회 (NODE11144692, IF: 0.32)"
3588,2022,기계공학,821415531,이재원,1,0.0,0.0,"한국항공우주학회 (NODE11144693, IF: 0.32)"
3589,2022,기계공학,497427514,정승범,1,0.0,0.0,"한국항공우주학회 (NODE11144693, IF: 0.32)"
3590,2022,기계공학,391814112,황영하,1,0.0,0.0,"한국항공우주학회 (NODE11144693, IF: 0.32)"
3591,2022,기계공학,522934966,고정우,1,0.0,0.0,"한국항공우주학회 (NODE11144693, IF: 0.32)"
3592,2022,기계공학,231783268,박희준,1,0.0,0.0,"Korean Society for Precision Engineering (NODE11059687, IF: 0.0)"
3593,2022,기계공학,754837049,함제훈,1,0.0,0.0,"Korean Society for Precision Engineering (NODE11059688, IF: 0.0)"
3594,2022,기계공학,336192275,문찬우,1,0.0,0.0,"Korean Society for Precision Engineering (NODE11059689, IF: 0.0)"
3595,2022,기계공학,248641740,이영대,1,0.0,0.0,"Korean Society for Precision Engineering (NODE11059689, IF: 0.0)"
3596,2022,기계공학,858259914,이은석,1,0.0,0.0,"Korean Society for Precision Engineering (NODE11059691, IF: 0.0)"
3597,2022,기계공학,445107781,유남식,1,0.0,0.0,"Korean Society for Precision Engineering (NODE11059691, IF: 0.0)"
3598,2022,기계공학,758917278,이범주,1,0.0,0.0,"Korean Society for Precision Engineering (NODE11059691, IF: 0.0)"
3599,2022,기계공학,744377914,나선주,1,0.0,0.0,"Korean Society for Precision Engineering (NODE11059691, IF: 0.0)"
3600,2022,기계공학,529820779,나종태,1,0.0,0.0,"Korean Society for Precision Engineering (NODE11059691, IF: 0.0)"
3601,2022,기계공학,213916469,소서연,1,0.0,0.0,"Korean Society for Precision Engineering (NODE11059692, IF: 0.0)"
3602,2022,기계공학,948292194,양원존,1,0.0,0.0,"Korean Society for Precision Engineering (NODE11059695, IF: 0.0)"
3603,2022,기계공학,131722172,오충석,1,0.0,0.0,"Korean Society for Precision Engineering (NODE11059695, IF: 0.0)"
3604,2022,기계공학,421293117,경준현,1,0.0,0.0,"Korean Society for Precision Engineering (NODE11059696, IF: 0.0)"
3605,2022,기계공학,670168502,이병협,1,0.0,0.0,"Korean Society for Precision Engineering (NODE11059696, IF: 0.0)"
3606,2022,기계공학,201560435,이선재,1,0.0,0.0,"Korean Society for Precision Engineering (NODE11059696, IF: 0.0)"
3607,2022,기계공학,181882047,조경훈,1,0.0,0.0,"Korean Society for Precision Engineering (NODE11059696, IF: 0.0)"
3608,2022,기계공학,140874386,윤형원,1,0.0,0.0,"Korean Society for Precision Engineering (NODE11059696, IF: 0.0)"
3609,2022,기계공학,999998868,지수진,1,0.0,0.0,"Korean Society for Precision Engineering (NODE11059697, IF: 0.0)"
3610,2022,기계공학,787920892,한송이,1,0.0,0.0,"Korean Society for Precision Engineering (NODE11059697, IF: 0.0)"
3611,2022,기계공학,876978785,한아름,1,0.0,0.0,"Korean Society for Precision Engineering (NODE11059697, IF: 0.0)"
3612,2022,기계공학,742663059,이준희,1,0.0,0.0,"한국트라이볼로지학회 (NODE11158507, IF: 0.35)"
3613,2022,기계공학,201883491,정지윤,1,0.0,0.0,"한국트라이볼로지학회 (NODE11158508, IF: 0.35)"
3614,2022,기계공학,821621893,임혜원,1,0.0,0.0,"한국트라이볼로지학회 (NODE11158508, IF: 0.35)"
3615,2022,기계공학,252446334,김혜원,1,0.0,0.0,"한국트라이볼로지학회 (NODE11158508, IF: 0.35)"
3616,2022,기계공학,547200539,김형모,1,0.0,0.0,"한국트라이볼로지학회 (NODE11158508, IF: 0.35)"
3617,2022,기계공학,459043438,장인규,1,0.0,0.0,"한국트라이볼로지학회 (NODE11158509, IF: 0.35)"
3618,2022,기계공학,371026753,김현준,1,0.0,0.0,"한국트라이볼로지학회 (NODE11158510, IF: 0.35)"
3619,2022,기계공학,339470516,정진우,1,0.0,0.0,"한국트라이볼로지학회 (NODE11158512, IF: 0.35)"
3620,2022,기계공학,649470122,김어진,1,0.0,0.0,"한국트라이볼로지학회 (NODE11158512, IF: 0.35)"
3621,2022,기계공학,941052701,이성준,1,0.0,0.0,"한국트라이볼로지학회 (NODE11158515, IF: 0.35)"
3622,2022,기계공학,456975217,김창래,1,0.0,0.0,"한국트라이볼로지학회 (NODE11158515, IF: 0.35)"
3623,2022,기계공학,747432862,짱슈어,1,0.0,0.0,"대한기계학회 (NODE11169352, IF: 0.55)"
3624,2022,기계공학,777022305,신원규,1,0.0,0.0,"대한기계학회 (NODE11169352, IF: 0.55)"
3625,2022,기계공학,917097561,박범영,1,0.0,0.0,"한국트라이볼로지학회 (NODE11044800, IF: 0.35)"
3626,2022,기계공학,527355529,전언찬,1,0.0,0.0,"한국트라이볼로지학회 (NODE11044800, IF: 0.35)"
3627,2022,기계공학,978921506,윤주용,1,0.0,0.0,"한국트라이볼로지학회 (NODE11044801, IF: 0.35)"
3628,2022,기계공학,617664736,서국진,1,0.0,0.0,"한국트라이볼로지학회 (NODE11044801, IF: 0.35)"
3629,2022,기계공학,245868480,한재호,1,0.0,0.0,"한국트라이볼로지학회 (NODE11044801, IF: 0.35)"
3630,2022,기계공학,417502499,전지환,1,0.0,0.0,"한국트라이볼로지학회 (NODE11044801, IF: 0.35)"
3631,2022,기계공학,576571906,송지영,1,0.0,0.0,"한국트라이볼로지학회 (NODE11044801, IF: 0.35)"
3632,2022,기계공학,547358078,고영덕,1,0.0,0.0,"한국트라이볼로지학회 (NODE11044801, IF: 0.35)"
3633,2022,기계공학,693074931,남자현,1,0.0,0.0,"한국트라이볼로지학회 (NODE11044801, IF: 0.35)"
3634,2022,기계공학,987429272,김선교,1,0.0,0.0,"한국트라이볼로지학회 (NODE11044801, IF: 0.35)"
3635,2022,기계공학,232398144,김대은,1,0.0,0.0,"한국트라이볼로지학회 (NODE11044801, IF: 0.35)"
3636,2022,기계공학,329310565,후인 옥-팟,1,0.0,0.0,"한국트라이볼로지학회 (NODE11044802, IF: 0.35)"
3637,2022,기계공학,634050502,부아린,1,0.0,0.0,"한국트라이볼로지학회 (NODE11044802, IF: 0.35)"
3638,2022,기계공학,572774528,남석주,1,0.0,0.0,"한국트라이볼로지학회 (NODE11044804, IF: 0.35)"
3639,2022,기계공학,887787319,김상현,1,0.0,0.0,"한국트라이볼로지학회 (NODE11044805, IF: 0.35)"
3640,2022,기계공학,487556125,변창섭,1,0.0,0.0,"한국트라이볼로지학회 (NODE11044805, IF: 0.35)"
3641,2022,기계공학,264132519,정민규,1,0.0,0.0,"(사)한국CDE학회 (NODE11166826, IF: 1.14)"
3642,2022,기계공학,975981955,서효원,1,0.0,0.0,"(사)한국CDE학회 (NODE11166826, IF: 1.14)"
3643,2022,기계공학,743066840,이희정,1,0.0,0.0,"(사)한국CDE학회 (NODE11166826, IF: 1.14)"
3644,2022,기계공학,890977016,이재현,1,0.0,0.0,"(사)한국CDE학회 (NODE11166826, IF: 1.14)"
3645,2022,기계공학,414274823,정선종,1,0.0,0.0,"(사)한국CDE학회 (NODE11166830, IF: 1.14)"
3646,2022,기계공학,724276660,하솔,1,0.0,0.0,"(사)한국CDE학회 (NODE11166830, IF: 1.14)"
3647,2022,기계공학,342309493,차주환,1,0.0,0.0,"(사)한국CDE학회 (NODE11166830, IF: 1.14)"
3648,2022,기계공학,903064797,이지환,1,0.0,0.0,"(사)한국CDE학회 (NODE11166830, IF: 1.14)"
3649,2022,기계공학,746487939,박진아,1,0.0,0.0,"(사)한국CDE학회 (NODE11166831, IF: 1.14)"
3650,2022,기계공학,692273523,진주완,1,0.0,0.0,"(사)한국CDE학회 (NODE11166831, IF: 1.14)"
3651,2022,기계공학,157073800,이한영,1,0.0,0.0,"(사)한국CDE학회 (NODE11166832, IF: 1.14)"
3652,2022,기계공학,640326054,김준갑,1,0.0,0.0,"(사)한국CDE학회 (NODE11166832, IF: 1.14)"
3653,2022,기계공학,460385795,원서경,1,0.0,0.0,"(사)한국CDE학회 (NODE11166832, IF: 1.14)"
3654,2022,기계공학,959632385,김별,1,0.0,0.0,"(사)한국CDE학회 (NODE11166834, IF: 1.14)"
3655,2022,기계공학,753857,이주현,1,0.0,0.0,"(사)한국CDE학회 (NODE11166835, IF: 1.14)"
3656,2022,기계공학,939698225,남미희,1,0.0,0.0,"(사)한국CDE학회 (NODE11166835, IF: 1.14)"
3657,2022,기계공학,640064615,김강부,1,0.0,0.0,"(사)한국CDE학회 (NODE11166838, IF: 1.14)"
3658,2022,기계공학,820709107,김선명,1,0.0,0.0,"(사)한국CDE학회 (NODE11166838, IF: 1.14)"
3659,2022,기계공학,917460607,여현빈,1,0.0,0.0,"(사)한국CDE학회 (NODE11166844, IF: 1.14)"
3660,2022,기계공학,276954002,김희준,1,0.0,0.0,"(사)한국CDE학회 (NODE11166845, IF: 1.14)"
3661,2022,기계공학,537469579,이재창,1,0.0,0.0,"(사)한국CDE학회 (NODE11166845, IF: 1.14)"
3662,2022,기계공학,829548099,정다연,1,0.0,0.0,"(사)한국CDE학회 (NODE11166846, IF: 1.14)"
3663,2022,기계공학,910624209,김관훈,1,0.0,0.0,"(사)한국CDE학회 (NODE11166846, IF: 1.14)"
3664,2022,기계공학,992642769,서유택,1,0.0,0.0,"대한기계학회 (NODE11100708, IF: 0.55)"
3665,2022,기계공학,353550631,박기흠,1,0.0,0.0,"대한기계학회 (NODE11100708, IF: 0.55)"
3666,2022,기계공학,878873576,이나영,1,0.0,0.0,"대한기계학회 (NODE11100708, IF: 0.55)"
3667,2022,기계공학,541650020,한승,1,0.0,0.0,"한국트라이볼로지학회 (NODE11100463, IF: 0.35)"
3668,2022,기계공학,284128507,윤민아,1,0.0,0.0,"한국트라이볼로지학회 (NODE11100463, IF: 0.35)"
3669,2022,기계공학,983051815,김찬,1,0.0,0.0,"한국트라이볼로지학회 (NODE11100463, IF: 0.35)"
3670,2022,기계공학,378879347,김재현,1,0.0,0.0,"한국트라이볼로지학회 (NODE11100463, IF: 0.35)"
3671,2022,기계공학,884482136,김광섭,1,0.0,0.0,"한국트라이볼로지학회 (NODE11100463, IF: 0.35)"
3672,2022,기계공학,120017864,김원석,1,0.0,0.0,"한국트라이볼로지학회 (NODE11100464, IF: 0.35)"
3673,2022,기계공학,204659641,김송길,1,0.0,0.0,"한국트라이볼로지학회 (NODE11100464, IF: 0.35)"
3674,2022,기계공학,543762474,Chen-Xiao Li,1,0.0,0.0,"한국트라이볼로지학회 (NODE11100466, IF: 0.35)"
3675,2022,기계공학,833738394,Haneum Park,1,0.0,0.0,"한국트라이볼로지학회 (NODE11100466, IF: 0.35)"
3676,2022,기계공학,983530778,김종범,1,0.0,0.0,"한국항공우주연구원 (NODE11100469, IF: 0.0)"
3677,2022,기계공학,726676157,이다현,1,0.0,0.0,"한국항공우주연구원 (NODE11100470, IF: 0.0)"
3678,2022,기계공학,219105002,김광호,1,0.0,0.0,"한국기계가공학회 (NODE11143071, IF: 0.35)"
3679,2022,기계공학,301804455,정상화,1,0.0,0.0,"한국기계가공학회 (NODE11143071, IF: 0.35)"
3680,2022,기계공학,512753418,이규완,1,0.0,0.0,"한국기계가공학회 (NODE11143072, IF: 0.35)"
3681,2022,기계공학,395293705,이민상,1,0.0,0.0,"한국기계가공학회 (NODE11143072, IF: 0.35)"
3682,2022,기계공학,733988636,전지호,1,0.0,0.0,"한국기계가공학회 (NODE11143072, IF: 0.35)"
3683,2022,기계공학,298874414,서창희,1,0.0,0.0,"한국기계가공학회 (NODE11143073, IF: 0.35)"
3684,2022,기계공학,924488918,전효원,1,0.0,0.0,"한국기계가공학회 (NODE11143073, IF: 0.35)"
3685,2022,기계공학,317608127,오상균,1,0.0,0.0,"한국기계가공학회 (NODE11143073, IF: 0.35)"
3686,2022,기계공학,143442513,권태하,1,0.0,0.0,"한국기계가공학회 (NODE11143073, IF: 0.35)"
3687,2022,기계공학,304080007,심재록,1,0.0,0.0,"한국기계가공학회 (NODE11143074, IF: 0.35)"
3688,2022,기계공학,664457497,김병창,1,0.0,0.0,"한국기계가공학회 (NODE11143074, IF: 0.35)"
3689,2022,기계공학,157610684,심아진,1,0.0,0.0,"한국기계가공학회 (NODE11143075, IF: 0.35)"
3690,2022,기계공학,661316251,김두리,1,0.0,0.0,"한국기계가공학회 (NODE11143075, IF: 0.35)"
3691,2022,기계공학,926607900,정병권,1,0.0,0.0,"한국기계가공학회 (NODE11143076, IF: 0.35)"
3692,2022,기계공학,342837384,김태우,1,0.0,0.0,"한국기계가공학회 (NODE11143077, IF: 0.35)"
3693,2022,기계공학,490027057,박기범,1,0.0,0.0,"한국기계가공학회 (NODE11143079, IF: 0.35)"
3694,2022,기계공학,640295663,김호성,1,0.0,0.0,"한국기계가공학회 (NODE11143081, IF: 0.35)"
3695,2022,기계공학,119558631,김범수,1,0.0,0.0,"한국기계가공학회 (NODE11143082, IF: 0.35)"
3696,2022,기계공학,785053948,김강은,1,0.0,0.0,"한국기계가공학회 (NODE11143082, IF: 0.35)"
3697,2022,기계공학,926764355,신현의,1,0.0,0.0,"한국기계가공학회 (NODE11143082, IF: 0.35)"
3698,2022,기계공학,715235397,이재창,1,0.0,0.0,"한국기계가공학회 (NODE11143083, IF: 0.35)"
3699,2022,기계공학,972050011,최규성,1,0.0,0.0,"한국기계가공학회 (NODE11143083, IF: 0.35)"
3700,2022,기계공학,881017857,김호진,1,0.0,0.0,"한국기계가공학회 (NODE11143083, IF: 0.35)"
3701,2022,기계공학,424948877,박성제,1,0.0,0.0,"한국기계가공학회 (NODE11143084, IF: 0.35)"
3702,2022,기계공학,660171759,이지은,1,0.0,0.0,"한국기계가공학회 (NODE11143084, IF: 0.35)"
3703,2022,기계공학,713512021,손용,1,0.0,0.0,"한국기계가공학회 (NODE11143084, IF: 0.35)"
3704,2022,기계공학,326358476,김태욱,1,0.0,0.0,"한국기계가공학회 (NODE11143087, IF: 0.35)"
3705,2022,기계공학,4616078,김성락,1,0.0,0.0,"한국기계가공학회 (NODE11143087, IF: 0.35)"
3706,2022,기계공학,943691981,김성훈,1,0.0,0.0,"한국기계가공학회 (NODE11143087, IF: 0.35)"
3707,2022,기계공학,705188963,유종욱,1,0.0,0.0,"한국기계가공학회 (NODE11143087, IF: 0.35)"
3708,2022,기계공학,455339356,김현희,1,0.0,0.0,"한국기계가공학회 (NODE11143087, IF: 0.35)"
3709,2022,기계공학,285969611,박용우,1,0.0,0.0,"한국기계가공학회 (NODE11143088, IF: 0.35)"
3710,2022,기계공학,682017406,김태화,1,0.0,0.0,"한국기계가공학회 (NODE11143089, IF: 0.35)"
3711,2022,기계공학,600305874,박상진,1,0.0,0.0,"한국기계가공학회 (NODE11143089, IF: 0.35)"
3712,2022,기계공학,451791200,김형민,1,0.0,0.0,"대한기계학회 (NODE11110642, IF: 0.55)"
3713,2022,기계공학,239902149,방일호,1,0.0,0.0,"대한기계학회 (NODE11110643, IF: 0.55)"
3714,2022,기계공학,320168252,김우태,1,0.0,0.0,"대한기계학회 (NODE11110645, IF: 0.55)"
3715,2022,기계공학,186141692,엄인용,1,0.0,0.0,"대한기계학회 (NODE11110645, IF: 0.55)"
3716,2022,기계공학,1621072,윤홍석,1,0.0,0.0,"대한기계학회 (NODE11110646, IF: 0.55)"
3717,2022,기계공학,838151329,김종호,1,0.0,0.0,"대한기계학회 (NODE11110650, IF: 0.55)"
3718,2022,기계공학,360145805,장인권,1,0.0,0.0,"대한기계학회 (NODE11110650, IF: 0.55)"
3719,2022,기계공학,550089727,이수영,1,0.0,0.0,"대한기계학회 (NODE11110651, IF: 0.55)"
3720,2022,기계공학,526650836,송승환,1,0.0,0.0,"대한기계학회 (NODE11110652, IF: 0.55)"
3721,2022,기계공학,934203113,곽성웅,1,0.0,0.0,"대한기계학회 (NODE11110653, IF: 0.55)"
3722,2022,기계공학,872371130,이강현,1,0.0,0.0,"대한기계학회 (NODE11110653, IF: 0.55)"
3723,2022,기계공학,747009854,김욱수,1,0.0,0.0,"대한기계학회 (NODE11110653, IF: 0.55)"
3724,2022,기계공학,561330013,박정우,1,0.0,0.0,"대한기계학회 (NODE11110653, IF: 0.55)"
3725,2022,기계공학,354810201,오유빈,1,0.0,0.0,"대한기계학회 (NODE11110654, IF: 0.55)"
3726,2022,기계공학,376989293,김양곤,1,0.0,0.0,"대한기계학회 (NODE11110655, IF: 0.55)"
3727,2022,기계공학,896402098,이지민,1,0.0,0.0,"대한기계학회 (NODE11110655, IF: 0.55)"
3728,2022,기계공학,163693983,이일오,1,0.0,0.0,"대한기계학회 (NODE11110655, IF: 0.55)"
3729,2022,기계공학,584031727,배창현,1,0.0,0.0,"대한기계학회 (NODE11110655, IF: 0.55)"
3730,2022,기계공학,653503208,김희탁,1,0.0,0.0,"대한기계학회 (NODE11110655, IF: 0.55)"
3731,2022,기계공학,935787916,박순기,1,0.0,0.0,"대한기계학회 (NODE11110659, IF: 0.55)"
3732,2022,기계공학,296010467,김서현,1,0.0,0.0,"대한기계학회 (NODE11110659, IF: 0.55)"
3733,2022,기계공학,791217385,변은석,1,0.0,0.0,"대한기계학회 (NODE11110660, IF: 0.55)"
3734,2022,기계공학,391979009,김예지,1,0.0,0.0,"대한기계학회 (NODE11110661, IF: 0.55)"
3735,2022,기계공학,954066267,황유라,1,0.0,0.0,"대한기계학회 (NODE11110661, IF: 0.55)"
3736,2022,기계공학,222694298,홍주표,1,0.0,0.0,"대한기계학회 (NODE11110661, IF: 0.55)"
3737,2022,기계공학,835596578,김희선,1,0.0,0.0,"대한기계학회 (NODE11110662, IF: 0.55)"
3738,2022,기계공학,189153782,김현세,1,0.0,0.0,"한국생산제조학회 (NODE11076350, IF: 0.37)"
3739,2022,기계공학,350063733,임의수,1,0.0,0.0,"한국생산제조학회 (NODE11076350, IF: 0.37)"
3740,2022,기계공학,776038880,이양래,1,0.0,0.0,"한국생산제조학회 (NODE11076350, IF: 0.37)"
3741,2022,기계공학,198474853,Gui-Lin Zhang,1,0.0,0.0,"한국생산제조학회 (NODE11076351, IF: 0.37)"
3742,2022,기계공학,5375711,Yun-Taek Yeom,1,0.0,0.0,"한국생산제조학회 (NODE11076351, IF: 0.37)"
3743,2022,기계공학,594602877,Sun-Kyu Kim,1,0.0,0.0,"한국생산제조학회 (NODE11076351, IF: 0.37)"
3744,2022,기계공학,140438494,Yong-Deuck Woo,1,0.0,0.0,"한국생산제조학회 (NODE11076351, IF: 0.37)"
3745,2022,기계공학,249502411,윤주성,1,0.0,0.0,"한국생산제조학회 (NODE11076353, IF: 0.37)"
3746,2022,기계공학,406199176,정병관,1,0.0,0.0,"한국생산제조학회 (NODE11076358, IF: 0.37)"
3747,2022,기계공학,461543932,이혜진,1,0.0,0.0,"한국생산제조학회 (NODE11076358, IF: 0.37)"
3748,2022,기계공학,242827914,원찬희,1,0.0,0.0,"한국생산제조학회 (NODE11076358, IF: 0.37)"
3749,2022,기계공학,939517962,강성구,1,0.0,0.0,"한국생산제조학회 (NODE11076361, IF: 0.37)"
3750,2022,기계공학,743838398,황병찬,1,0.0,0.0,"한국생산제조학회 (NODE11076361, IF: 0.37)"
3751,2022,기계공학,579744558,하광,1,0.0,0.0,"한국생산제조학회 (NODE11076361, IF: 0.37)"
3752,2022,기계공학,924614325,이남은,1,0.0,0.0,"한국생산제조학회 (NODE11076362, IF: 0.37)"
3753,2022,기계공학,760891476,오상석,1,0.0,0.0,"한국생산제조학회 (NODE11076362, IF: 0.37)"
3754,2022,기계공학,954757143,장재훈,1,0.0,0.0,"한국생산제조학회 (NODE11076363, IF: 0.37)"
3755,2022,기계공학,624081254,김상락,1,0.0,0.0,"한국생산제조학회 (NODE11076363, IF: 0.37)"
3756,2022,기계공학,582083672,김재하,1,0.0,0.0,"한국생산제조학회 (NODE11076363, IF: 0.37)"
3757,2022,기계공학,442967100,박성용,1,0.0,0.0,"한국소음진동공학회 (NODE11076400, IF: 0.41)"
3758,2022,기계공학,458635759,조규현,1,0.0,0.0,"한국소음진동공학회 (NODE11076400, IF: 0.41)"
3759,2022,기계공학,506728384,김석현,1,0.0,0.0,"한국소음진동공학회 (NODE11076401, IF: 0.41)"
3760,2022,기계공학,801494304,변준호,1,0.0,0.0,"한국소음진동공학회 (NODE11076401, IF: 0.41)"
3761,2022,기계공학,450732819,이준호,1,0.0,0.0,"한국소음진동공학회 (NODE11076402, IF: 0.41)"
3762,2022,기계공학,393434025,최재용,1,0.0,0.0,"한국소음진동공학회 (NODE11076403, IF: 0.41)"
3763,2022,기계공학,662114995,김인호,1,0.0,0.0,"한국소음진동공학회 (NODE11076405, IF: 0.41)"
3764,2022,기계공학,242419203,Nansukusa Mirembe Sarah,1,0.0,0.0,"한국소음진동공학회 (NODE11076406, IF: 0.41)"
3765,2022,기계공학,508108362,Hyun Woo Park,1,0.0,0.0,"한국소음진동공학회 (NODE11076406, IF: 0.41)"
3766,2022,기계공학,508578742,유지수,1,0.0,0.0,"한국소음진동공학회 (NODE11076407, IF: 0.41)"
3767,2022,기계공학,373029646,노명현,1,0.0,0.0,"한국소음진동공학회 (NODE11076407, IF: 0.41)"
3768,2022,기계공학,496637780,정정호,1,0.0,0.0,"한국소음진동공학회 (NODE11076407, IF: 0.41)"
3769,2022,기계공학,579368019,이장복,1,0.0,0.0,"한국소음진동공학회 (NODE11076407, IF: 0.41)"
3770,2022,기계공학,529604960,장서일,1,0.0,0.0,"한국소음진동공학회 (NODE11076407, IF: 0.41)"
3771,2022,기계공학,800544381,송민정,1,0.0,0.0,"한국소음진동공학회 (NODE11076408, IF: 0.41)"
3772,2022,기계공학,531964486,조현승,1,0.0,0.0,"한국항공우주학회 (NODE11076418, IF: 0.32)"
3773,2022,기계공학,1337647,김혜성,1,0.0,0.0,"한국항공우주학회 (NODE11076419, IF: 0.32)"
3774,2022,기계공학,794143316,안상현,1,0.0,0.0,"한국항공우주학회 (NODE11076420, IF: 0.32)"
3775,2022,기계공학,283009650,백준우,1,0.0,0.0,"한국항공우주학회 (NODE11076420, IF: 0.32)"
3776,2022,기계공학,660821097,정일영,1,0.0,0.0,"한국항공우주학회 (NODE11076420, IF: 0.32)"
3777,2022,기계공학,929751477,김용래,1,0.0,0.0,"한국항공우주학회 (NODE11076422, IF: 0.32)"
3778,2022,기계공학,238566461,이유빈,1,0.0,0.0,"한국항공우주학회 (NODE11076426, IF: 0.32)"
3779,2022,기계공학,597718893,신진영,1,0.0,0.0,"한국항공우주학회 (NODE11076427, IF: 0.32)"
3780,2022,기계공학,359702761,이재인,1,0.0,0.0,"한국항공우주학회 (NODE11076427, IF: 0.32)"
3781,2022,기계공학,999180833,김종범,1,0.0,0.0,"한국항공우주학회 (NODE11076427, IF: 0.32)"
3782,2022,기계공학,5497319,김송현,1,0.0,0.0,"한국항공우주학회 (NODE11076427, IF: 0.32)"
3783,2022,기계공학,766634967,김시태,1,0.0,0.0,"한국항공우주학회 (NODE11076427, IF: 0.32)"
3784,2022,기계공학,899358018,조동현,1,0.0,0.0,"한국항공우주학회 (NODE11076427, IF: 0.32)"
3785,2022,기계공학,348507384,민경철,1,0.0,0.0,"한국항공우주학회 (NODE11076428, IF: 0.32)"
3786,2022,기계공학,817647403,고윤호,1,0.0,0.0,"한국항공우주학회 (NODE11076428, IF: 0.32)"
3787,2022,기계공학,736004154,차동진,1,0.0,0.0,"한국연소학회 (NODE11118421, IF: 0.45)"
3788,2022,기계공학,915734326,Darren C. Tinker,1,0.0,0.0,"한국연소학회 (NODE11118421, IF: 0.45)"
3789,2022,기계공학,970506087,Carl A. Hall,1,0.0,0.0,"한국연소학회 (NODE11118421, IF: 0.45)"
3790,2022,기계공학,224954076,Robert W. Pitz,1,0.0,0.0,"한국연소학회 (NODE11118421, IF: 0.45)"
3791,2022,기계공학,268197683,구자헌,1,0.0,0.0,"한국연소학회 (NODE11118425, IF: 0.45)"
3792,2022,기계공학,628573279,제갈현욱,1,0.0,0.0,"한국연소학회 (NODE11118425, IF: 0.45)"
3793,2022,기계공학,620818109,김경택,1,0.0,0.0,"한국연소학회 (NODE11118429, IF: 0.45)"
3794,2022,기계공학,174468430,유춘상,1,0.0,0.0,"한국연소학회 (NODE11118429, IF: 0.45)"
3795,2022,기계공학,696193406,박정,1,0.0,0.0,"한국연소학회 (NODE11118429, IF: 0.45)"
3796,2022,기계공학,774402687,정석호,1,0.0,0.0,"한국연소학회 (NODE11118429, IF: 0.45)"
3797,2022,기계공학,618277701,권오붕,1,0.0,0.0,"한국연소학회 (NODE11118429, IF: 0.45)"
3798,2022,기계공학,262699703,전원일,1,0.0,0.0,"한국연소학회 (NODE11118432, IF: 0.45)"
3799,2022,기계공학,142083495,김경수,1,0.0,0.0,"한국연소학회 (NODE11118432, IF: 0.45)"
3800,2022,기계공학,4575693,최경호,1,0.0,0.0,"한국연소학회 (NODE11118432, IF: 0.45)"
3801,2022,기계공학,791805081,김주일,1,0.0,0.0,"한국연소학회 (NODE11118432, IF: 0.45)"
3802,2022,기계공학,757054833,박정배,1,0.0,0.0,"한국연소학회 (NODE11118432, IF: 0.45)"
3803,2022,기계공학,308739383,김바다,1,0.0,0.0,"한국연소학회 (NODE11118432, IF: 0.45)"
3804,2022,기계공학,789816259,이정호,1,0.0,0.0,"한국연소학회 (NODE11118432, IF: 0.45)"
3805,2022,기계공학,738078228,이대엽,1,0.0,0.0,"한국연소학회 (NODE11118432, IF: 0.45)"
3806,2022,기계공학,1711571,이종윤,1,0.0,0.0,"한국연소학회 (NODE11118433, IF: 0.45)"
3807,2022,기계공학,238273192,최영재,1,0.0,0.0,"Korean Society for Precision Engineering (NODE11166108, IF: 0.0)"
3808,2022,기계공학,832832095,송기형,1,0.0,0.0,"Korean Society for Precision Engineering (NODE11166108, IF: 0.0)"
3809,2022,기계공학,325560927,김재혁,1,0.0,0.0,"Korean Society for Precision Engineering (NODE11166108, IF: 0.0)"
3810,2022,기계공학,165052165,강구선,1,0.0,0.0,"Korean Society for Precision Engineering (NODE11166108, IF: 0.0)"
3811,2022,기계공학,592962585,황순홍,1,0.0,0.0,"Korean Society for Precision Engineering (NODE11166109, IF: 0.0)"
3812,2022,기계공학,342231295,강상원,1,0.0,0.0,"Korean Society for Precision Engineering (NODE11166109, IF: 0.0)"
3813,2022,기계공학,997848210,민병권,1,0.0,0.0,"Korean Society for Precision Engineering (NODE11166109, IF: 0.0)"
3814,2022,기계공학,176853373,이주민,1,0.0,0.0,"Korean Society for Precision Engineering (NODE11166110, IF: 0.0)"
3815,2022,기계공학,185053202,김구조,1,0.0,0.0,"Korean Society for Precision Engineering (NODE11166110, IF: 0.0)"
3816,2022,기계공학,459212628,안은기,1,0.0,0.0,"Korean Society for Precision Engineering (NODE11166110, IF: 0.0)"
3817,2022,기계공학,432625,김기범,1,0.0,0.0,"Korean Society for Precision Engineering (NODE11166111, IF: 0.0)"
3818,2022,기계공학,805287640,김재남,1,0.0,0.0,"Korean Society for Precision Engineering (NODE11166111, IF: 0.0)"
3819,2022,기계공학,332344584,이현석,1,0.0,0.0,"Korean Society for Precision Engineering (NODE11166111, IF: 0.0)"
3820,2022,기계공학,683451692,김현철,1,0.0,0.0,"Korean Society for Precision Engineering (NODE11166111, IF: 0.0)"
3821,2022,기계공학,869172968,구태완,1,0.0,0.0,"Korean Society for Precision Engineering (NODE11166111, IF: 0.0)"
3822,2022,기계공학,763194905,김정명,1,0.0,0.0,"Korean Society for Precision Engineering (NODE11166115, IF: 0.0)"
3823,2022,기계공학,867526544,장호용,1,0.0,0.0,"Korean Society for Precision Engineering (NODE11166115, IF: 0.0)"
3824,2022,기계공학,433305817,양영수,1,0.0,0.0,"Korean Society for Precision Engineering (NODE11166116, IF: 0.0)"
3825,2022,기계공학,903444541,이희윤,1,0.0,0.0,"Korean Society for Precision Engineering (NODE11166117, IF: 0.0)"
3826,2022,기계공학,582384619,한일용,1,0.0,0.0,"Korean Society for Precision Engineering (NODE11166118, IF: 0.0)"
3827,2022,기계공학,115752,박성현,1,0.0,0.0,"Korean Society for Precision Engineering (NODE11166118, IF: 0.0)"
3828,2022,기계공학,154050590,정민수,1,0.0,0.0,"Korean Society for Precision Engineering (NODE11166118, IF: 0.0)"
3829,2022,기계공학,679736834,김태균,1,0.0,0.0,"Korean Society for Precision Engineering (NODE11166118, IF: 0.0)"
3830,2022,기계공학,281630692,강도원,1,0.0,0.0,"대한기계학회 (NODE11056408, IF: 0.55)"
3831,2022,기계공학,273655655,송용선,1,0.0,0.0,"대한기계학회 (NODE11056410, IF: 0.55)"
3832,2022,기계공학,150026503,하우석,1,0.0,0.0,"대한기계학회 (NODE11152499, IF: 0.55)"
3833,2022,기계공학,379981506,조현석,1,0.0,0.0,"대한기계학회 (NODE11152499, IF: 0.55)"
3834,2022,기계공학,302911862,김지용,1,0.0,0.0,"대한기계학회 (NODE11152500, IF: 0.55)"
3835,2022,기계공학,731319011,박기민,1,0.0,0.0,"대한기계학회 (NODE11152500, IF: 0.55)"
3836,2022,기계공학,754182875,권홍구,1,0.0,0.0,"대한기계학회 (NODE11152500, IF: 0.55)"
3837,2022,기계공학,177702965,신동준,1,0.0,0.0,"대한기계학회 (NODE11152500, IF: 0.55)"
3838,2022,기계공학,451072134,한혜선,1,0.0,0.0,"대한기계학회 (NODE11152500, IF: 0.55)"
3839,2022,기계공학,549050613,전범진,1,0.0,0.0,"대한기계학회 (NODE11152500, IF: 0.55)"
3840,2022,기계공학,489449124,김우철,1,0.0,0.0,"대한기계학회 (NODE11152500, IF: 0.55)"
3841,2022,기계공학,337446201,이상욱,1,0.0,0.0,"대한기계학회 (NODE11152501, IF: 0.55)"
3842,2022,기계공학,590010436,박귀중,1,0.0,0.0,"대한기계학회 (NODE11152503, IF: 0.55)"
3843,2022,기계공학,354222947,박성호,1,0.0,0.0,"대한기계학회 (NODE11152503, IF: 0.55)"
3844,2022,기계공학,874709817,이중건,1,0.0,0.0,"대한기계학회 (NODE11152503, IF: 0.55)"
3845,2022,기계공학,550837384,박상진,1,0.0,0.0,"대한기계학회 (NODE11152503, IF: 0.55)"
3846,2022,기계공학,476994822,최봉수,1,0.0,0.0,"대한기계학회 (NODE11152504, IF: 0.55)"
3847,2022,기계공학,440895756,왕은석,1,0.0,0.0,"대한기계학회 (NODE11152504, IF: 0.55)"
3848,2022,기계공학,101304509,나호상,1,0.0,0.0,"대한기계학회 (NODE11152504, IF: 0.55)"
3849,2022,기계공학,464418712,허균철,1,0.0,0.0,"대한기계학회 (NODE11152504, IF: 0.55)"
3850,2022,기계공학,533646031,조종재,1,0.0,0.0,"대한기계학회 (NODE11152504, IF: 0.55)"
3851,2022,기계공학,783340954,이범준,1,0.0,0.0,"대한기계학회 (NODE11152504, IF: 0.55)"
3852,2022,기계공학,524447771,신형기,1,0.0,0.0,"대한기계학회 (NODE11152504, IF: 0.55)"
3853,2022,기계공학,189456436,정창호,1,0.0,0.0,"대한기계학회 (NODE11152508, IF: 0.55)"
3854,2022,기계공학,481087495,정의창,1,0.0,0.0,"대한기계학회 (NODE11152508, IF: 0.55)"
3855,2022,기계공학,671380582,조종두,1,0.0,0.0,"대한기계학회 (NODE11152508, IF: 0.55)"
3856,2022,기계공학,962866635,윤경수,1,0.0,0.0,"대한기계학회 (NODE11152509, IF: 0.55)"
3857,2022,기계공학,161357057,최영재,1,0.0,0.0,"대한기계학회 (NODE11152510, IF: 0.55)"
3858,2022,기계공학,635357175,김운,1,0.0,0.0,"대한기계학회 (NODE11152510, IF: 0.55)"
3859,2022,기계공학,156713445,이경률,1,0.0,0.0,"대한기계학회 (NODE11152510, IF: 0.55)"
3860,2022,기계공학,976483808,위다빈,1,0.0,0.0,"대한기계학회 (NODE11152510, IF: 0.55)"
3861,2022,기계공학,394780731,김백진,1,0.0,0.0,"대한기계학회 (NODE11152510, IF: 0.55)"
3862,2022,기계공학,816478232,김병수,1,0.0,0.0,"대한기계학회 (NODE11152511, IF: 0.55)"
3863,2022,기계공학,259928088,곽명선,1,0.0,0.0,"대한기계학회 (NODE11152513, IF: 0.55)"
3864,2022,기계공학,604553985,신승천,1,0.0,0.0,"대한기계학회 (NODE11152517, IF: 0.55)"
3865,2022,기계공학,207970529,강민석,1,0.0,0.0,"대한기계학회 (NODE11152517, IF: 0.55)"
3866,2022,기계공학,221874470,하성훈,1,0.0,0.0,"대한기계학회 (NODE11152518, IF: 0.55)"
3867,2022,기계공학,791730796,김민철,1,0.0,0.0,"대한기계학회 (NODE11152518, IF: 0.55)"
3868,2022,기계공학,747986889,박금룡,1,0.0,0.0,"대한기계학회 (NODE11152518, IF: 0.55)"
3869,2022,기계공학,829905730,박배정,1,0.0,0.0,"대한기계학회 (NODE11152518, IF: 0.55)"
3870,2022,기계공학,887236141,이광민,1,0.0,0.0,"대한기계학회 (NODE11152518, IF: 0.55)"
3871,2022,기계공학,514017516,김창세,1,0.0,0.0,"대한기계학회 (NODE11152518, IF: 0.55)"
3872,2022,기계공학,558741579,우찬영,1,0.0,0.0,"대한기계학회 (NODE11152519, IF: 0.55)"
3873,2022,기계공학,306564397,서희원,1,0.0,0.0,"대한기계학회 (NODE11152519, IF: 0.55)"
3874,2022,기계공학,620744272,한정삼,1,0.0,0.0,"대한기계학회 (NODE11152519, IF: 0.55)"
3875,2022,기계공학,2064748,나호용,1,0.0,0.0,"대한기계학회 (NODE11152520, IF: 0.55)"
3876,2022,기계공학,826297869,전창준,1,0.0,0.0,"대한기계학회 (NODE11152520, IF: 0.55)"
3877,2022,기계공학,488657500,천인숙,1,0.0,0.0,"한국자동차공학회 (NODE11083466, IF: 0.5)"
3878,2022,기계공학,973252258,이종연,1,0.0,0.0,"한국비파괴검사학회 (NODE11082156, IF: 0.49)"
3879,2022,기계공학,268473823,김동진,1,0.0,0.0,"한국비파괴검사학회 (NODE11082156, IF: 0.49)"
3880,2022,기계공학,920474732,김경모,1,0.0,0.0,"한국비파괴검사학회 (NODE11082156, IF: 0.49)"
3881,2022,기계공학,180635263,박진근,1,0.0,0.0,"한국비파괴검사학회 (NODE11082158, IF: 0.49)"
3882,2022,기계공학,442653600,김축복,1,0.0,0.0,"한국비파괴검사학회 (NODE11082158, IF: 0.49)"
3883,2022,기계공학,446328165,한대현,1,0.0,0.0,"한국비파괴검사학회 (NODE11082160, IF: 0.49)"
3884,2022,기계공학,404170603,맹완영,1,0.0,0.0,"한국비파괴검사학회 (NODE11082167, IF: 0.49)"
3885,2022,기계공학,912758107,박진주,1,0.0,0.0,"한국비파괴검사학회 (NODE11082167, IF: 0.49)"
3886,2022,기계공학,684193574,문성인,1,0.0,0.0,"한국비파괴검사학회 (NODE11082167, IF: 0.49)"
3887,2022,기계공학,330418078,이혁진,1,0.0,0.0,"한국자동차공학회 (NODE11083467, IF: 0.5)"
3888,2022,기계공학,738226485,백진욱,1,0.0,0.0,"한국자동차공학회 (NODE11083467, IF: 0.5)"
3889,2022,기계공학,192750618,Satoshi Otsuki,1,0.0,0.0,"한국유체기계학회 (NODE11057302, IF: 0.38)"
3890,2022,기계공학,997959224,Lokesh Kumar,1,0.0,0.0,"한국유체기계학회 (NODE11057303, IF: 0.38)"
3891,2022,기계공학,231411636,Nimai Pada Mandal,1,0.0,0.0,"한국유체기계학회 (NODE11057303, IF: 0.38)"
3892,2022,기계공학,345946263,Samia Benattalah,1,0.0,0.0,"한국유체기계학회 (NODE11057307, IF: 0.38)"
3893,2022,기계공학,655273407,Amar Bouhallassa,1,0.0,0.0,"한국유체기계학회 (NODE11057307, IF: 0.38)"
3894,2022,기계공학,895268481,Mouhamed Souhar,1,0.0,0.0,"한국유체기계학회 (NODE11057307, IF: 0.38)"
3895,2022,기계공학,272617249,Hiroaki Yoda,1,0.0,0.0,"한국유체기계학회 (NODE11057309, IF: 0.38)"
3896,2022,기계공학,161663704,Kazuo Uranishi,1,0.0,0.0,"한국유체기계학회 (NODE11057309, IF: 0.38)"
3897,2022,기계공학,549176551,Chikara Takahashi,1,0.0,0.0,"한국유체기계학회 (NODE11057309, IF: 0.38)"
3898,2022,기계공학,277463415,Yasuo Handa,1,0.0,0.0,"한국유체기계학회 (NODE11057309, IF: 0.38)"
3899,2022,기계공학,795152199,Sylvio R. Bistafa,1,0.0,0.0,"한국유체기계학회 (NODE11057310, IF: 0.38)"
3900,2022,기계공학,183718651,Zixuan Xu,1,0.0,0.0,"한국유체기계학회 (NODE11057311, IF: 0.38)"
3901,2022,기계공학,584630397,Zhenggui Li,1,0.0,0.0,"한국유체기계학회 (NODE11057311, IF: 0.38)"
3902,2022,기계공학,360353261,Weijun Wang,1,0.0,0.0,"한국유체기계학회 (NODE11057311, IF: 0.38)"
3903,2022,기계공학,607756691,Qifan Wang,1,0.0,0.0,"한국유체기계학회 (NODE11057311, IF: 0.38)"
3904,2022,기계공학,388753964,Yang Xu,1,0.0,0.0,"한국유체기계학회 (NODE11057311, IF: 0.38)"
3905,2022,기계공학,443299623,Yibin Li,1,0.0,0.0,"한국유체기계학회 (NODE11057311, IF: 0.38)"
3906,2022,기계공학,252231278,Dendy Adanta,1,0.0,0.0,"한국유체기계학회 (NODE11057312, IF: 0.38)"
3907,2022,기계공학,614933931,Imam Syofii,1,0.0,0.0,"한국유체기계학회 (NODE11057312, IF: 0.38)"
3908,2022,기계공학,685751727,Dewi Puspita Sari,1,0.0,0.0,"한국유체기계학회 (NODE11057312, IF: 0.38)"
3909,2022,기계공학,165174048,Apri Wiyono,1,0.0,0.0,"한국유체기계학회 (NODE11057312, IF: 0.38)"
3910,2022,기계공학,719452280,정재우,1,0.0,0.0,"한국소음진동공학회 (NODE11175826, IF: 0.41)"
3911,2022,기계공학,165991343,정상원,1,0.0,0.0,"한국소음진동공학회 (NODE11175826, IF: 0.41)"
3912,2022,기계공학,954002327,김재현,1,0.0,0.0,"한국소음진동공학회 (NODE11175826, IF: 0.41)"
3913,2022,기계공학,618216235,윤준영,1,0.0,0.0,"한국소음진동공학회 (NODE11175826, IF: 0.41)"
3914,2022,기계공학,279184875,이승한,1,0.0,0.0,"한국소음진동공학회 (NODE11175826, IF: 0.41)"
3915,2022,기계공학,818138880,이병주,1,0.0,0.0,"한국소음진동공학회 (NODE11175826, IF: 0.41)"
3916,2022,기계공학,700531388,정광식,1,0.0,0.0,"한국소음진동공학회 (NODE11175826, IF: 0.41)"
3917,2022,기계공학,587481067,정의봉,1,0.0,0.0,"한국소음진동공학회 (NODE11175826, IF: 0.41)"
3918,2022,기계공학,230427380,이종원,1,0.0,0.0,"한국소음진동공학회 (NODE11175827, IF: 0.41)"
3919,2022,기계공학,342852577,차수빈,1,0.0,0.0,"한국트라이볼로지학회 (NODE11196773, IF: 0.35)"
3920,2022,기계공학,902089271,이향,1,0.0,0.0,"한국트라이볼로지학회 (NODE11196773, IF: 0.35)"
3921,2022,기계공학,369690403,Seonha Park,1,0.0,0.0,"한국트라이볼로지학회 (NODE11196774, IF: 0.35)"
3922,2022,기계공학,150466179,Mingi Choi,1,0.0,0.0,"한국트라이볼로지학회 (NODE11196774, IF: 0.35)"
3923,2022,기계공학,893097159,Seokjun Kim,1,0.0,0.0,"한국트라이볼로지학회 (NODE11196774, IF: 0.35)"
3924,2022,기계공학,925949996,지민기,1,0.0,0.0,"한국트라이볼로지학회 (NODE11196775, IF: 0.35)"
3925,2022,기계공학,841338149,노연주,1,0.0,0.0,"한국트라이볼로지학회 (NODE11196775, IF: 0.35)"
3926,2022,기계공학,475212394,강현학,1,0.0,0.0,"한국트라이볼로지학회 (NODE11196775, IF: 0.35)"
3927,2022,기계공학,683055468,전태성,1,0.0,0.0,"한국트라이볼로지학회 (NODE11196775, IF: 0.35)"
3928,2022,기계공학,202433155,신창희,1,0.0,0.0,"한국트라이볼로지학회 (NODE11196777, IF: 0.35)"
3929,2022,기계공학,645740632,유성미,1,0.0,0.0,"한국트라이볼로지학회 (NODE11196777, IF: 0.35)"
3930,2022,기계공학,345995353,공민선,1,0.0,0.0,"한국트라이볼로지학회 (NODE11196778, IF: 0.35)"
3931,2022,기계공학,683454300,채영훈,1,0.0,0.0,"한국트라이볼로지학회 (NODE11196778, IF: 0.35)"
3932,2022,기계공학,815521252,강정국,1,0.0,0.0,"한국트라이볼로지학회 (NODE11196780, IF: 0.35)"
3933,2022,기계공학,519159957,김도영,1,0.0,0.0,"한국트라이볼로지학회 (NODE11196781, IF: 0.35)"
3934,2022,기계공학,207246379,신준기,1,0.0,0.0,"한국트라이볼로지학회 (NODE11196781, IF: 0.35)"
3935,2022,기계공학,355889012,Kyeongsoo Kim,1,0.0,0.0,"한국트라이볼로지학회 (NODE11196782, IF: 0.35)"
3936,2022,기계공학,202259009,김태완,1,0.0,0.0,"한국트라이볼로지학회 (NODE11196782, IF: 0.35)"
3937,2022,기계공학,691072497,김국현,1,0.0,0.0,"한국트라이볼로지학회 (NODE11196784, IF: 0.35)"
3938,2022,기계공학,128600118,정바울,1,0.0,0.0,"한국소음진동공학회 (NODE11147945, IF: 0.41)"
3939,2022,기계공학,508562656,이승찬,1,0.0,0.0,"한국소음진동공학회 (NODE11147945, IF: 0.41)"
3940,2022,기계공학,527548397,노현규,1,0.0,0.0,"한국소음진동공학회 (NODE11147946, IF: 0.41)"
3941,2022,기계공학,571030307,박영진,1,0.0,0.0,"한국소음진동공학회 (NODE11147946, IF: 0.41)"
3942,2022,기계공학,549281443,김휘재,1,0.0,0.0,"한국소음진동공학회 (NODE11147946, IF: 0.41)"
3943,2022,기계공학,310591390,라영은,1,0.0,0.0,"한국소음진동공학회 (NODE11147946, IF: 0.41)"
3944,2022,기계공학,494342,장은정,1,0.0,0.0,"한국소음진동공학회 (NODE11147946, IF: 0.41)"
3945,2022,기계공학,437846947,이원철,1,0.0,0.0,"한국소음진동공학회 (NODE11147946, IF: 0.41)"
3946,2022,기계공학,766483962,우정한,1,0.0,0.0,"한국소음진동공학회 (NODE11147947, IF: 0.41)"
3947,2022,기계공학,620866521,서효선,1,0.0,0.0,"한국소음진동공학회 (NODE11147947, IF: 0.41)"
3948,2022,기계공학,712059473,장강석,1,0.0,0.0,"한국소음진동공학회 (NODE11147947, IF: 0.41)"
3949,2022,기계공학,434463107,최상민,1,0.0,0.0,"한국소음진동공학회 (NODE11147949, IF: 0.41)"
3950,2022,기계공학,954695165,이용봉,1,0.0,0.0,"한국소음진동공학회 (NODE11147949, IF: 0.41)"
3951,2022,기계공학,751225400,정성수,1,0.0,0.0,"한국소음진동공학회 (NODE11147949, IF: 0.41)"
3952,2022,기계공학,623482261,정덕영,1,0.0,0.0,"한국소음진동공학회 (NODE11147950, IF: 0.41)"
3953,2022,기계공학,977565011,전법규,1,0.0,0.0,"한국소음진동공학회 (NODE11147953, IF: 0.41)"
3954,2022,기계공학,474685675,김성완,1,0.0,0.0,"한국소음진동공학회 (NODE11147953, IF: 0.41)"
3955,2022,기계공학,816356882,윤다운,1,0.0,0.0,"한국소음진동공학회 (NODE11147953, IF: 0.41)"
3956,2022,기계공학,442062562,주부석,1,0.0,0.0,"한국소음진동공학회 (NODE11147953, IF: 0.41)"
3957,2022,기계공학,469935808,유진석,1,0.0,0.0,"한국소음진동공학회 (NODE11147953, IF: 0.41)"
3958,2022,기계공학,5164772,정호연,1,0.0,0.0,"한국소음진동공학회 (NODE11147955, IF: 0.41)"
3959,2022,기계공학,461813342,조재상,1,0.0,0.0,"한국소음진동공학회 (NODE11147955, IF: 0.41)"
3960,2022,기계공학,701539511,구희모,1,0.0,0.0,"한국소음진동공학회 (NODE11147955, IF: 0.41)"
3961,2022,기계공학,547446720,배진욱,1,0.0,0.0,"한국소음진동공학회 (NODE11147955, IF: 0.41)"
3962,2022,기계공학,811921284,서민호,1,0.0,0.0,"한국소음진동공학회 (NODE11147956, IF: 0.41)"
3963,2022,기계공학,491418883,김용우,1,0.0,0.0,"한국소음진동공학회 (NODE11147956, IF: 0.41)"
3964,2022,기계공학,490036137,최유리,1,0.0,0.0,"한국소음진동공학회 (NODE11147957, IF: 0.41)"
3965,2022,기계공학,118425884,주희건,1,0.0,0.0,"한국소음진동공학회 (NODE11147957, IF: 0.41)"
3966,2022,기계공학,842569625,정형조,1,0.0,0.0,"한국소음진동공학회 (NODE11147957, IF: 0.41)"
3967,2022,기계공학,411342816,강성표,1,0.0,0.0,"한국표면공학회 (NODE11192374, IF: 0.25)"
3968,2022,기계공학,817838169,이한준,1,0.0,0.0,"한국표면공학회 (NODE11192374, IF: 0.25)"
3969,2022,기계공학,453229886,김태희,1,0.0,0.0,"한국표면공학회 (NODE11192374, IF: 0.25)"
3970,2022,기계공학,405118575,고은총,1,0.0,0.0,"한국표면공학회 (NODE11192376, IF: 0.25)"
3971,2022,기계공학,781907256,안지상,1,0.0,0.0,"한국표면공학회 (NODE11192376, IF: 0.25)"
3972,2022,기계공학,363609970,한정환,1,0.0,0.0,"한국표면공학회 (NODE11192376, IF: 0.25)"
3973,2022,기계공학,909983852,Batmend Davaa-Ochir,1,0.0,0.0,"한국표면공학회 (NODE11192377, IF: 0.25)"
3974,2022,기계공학,724326807,Iris Baffour Ansah,1,0.0,0.0,"한국표면공학회 (NODE11192377, IF: 0.25)"
3975,2022,기계공학,852790424,Sung Gyu Park,1,0.0,0.0,"한국표면공학회 (NODE11192377, IF: 0.25)"
3976,2022,기계공학,452312884,Dong-Ho Kim,1,0.0,0.0,"한국표면공학회 (NODE11192377, IF: 0.25)"
3977,2022,기계공학,315099548,정종국,1,0.0,0.0,"한국표면공학회 (NODE11192378, IF: 0.25)"
3978,2022,기계공학,979620118,임실묵,1,0.0,0.0,"한국표면공학회 (NODE11192378, IF: 0.25)"
3979,2022,기계공학,641231710,차병철,1,0.0,0.0,"한국표면공학회 (NODE11192379, IF: 0.25)"
3980,2022,기계공학,892841950,최진영,1,0.0,0.0,"한국표면공학회 (NODE11192379, IF: 0.25)"
3981,2022,기계공학,435785152,이인식,1,0.0,0.0,"한국표면공학회 (NODE11192379, IF: 0.25)"
3982,2022,기계공학,763094402,김대욱,1,0.0,0.0,"한국표면공학회 (NODE11192379, IF: 0.25)"
3983,2022,기계공학,625555748,김유성,1,0.0,0.0,"한국표면공학회 (NODE11192379, IF: 0.25)"
3984,2022,기계공학,245992520,최용석,1,0.0,0.0,"한국표면공학회 (NODE11192380, IF: 0.25)"
3985,2022,기계공학,982597832,이계원,1,0.0,0.0,"한국표면공학회 (NODE11192380, IF: 0.25)"
3986,2022,기계공학,605278627,전창우,1,0.0,0.0,"한국표면공학회 (NODE11192380, IF: 0.25)"
3987,2022,기계공학,717404342,남산,1,0.0,0.0,"한국표면공학회 (NODE11192380, IF: 0.25)"
3988,2022,기계공학,921551966,오윤석,1,0.0,0.0,"한국표면공학회 (NODE11192380, IF: 0.25)"
3989,2022,기계공학,547618223,최재형,1,0.0,0.0,"한국표면공학회 (NODE11192381, IF: 0.25)"
3990,2022,기계공학,538764677,김성원,1,0.0,0.0,"한국표면공학회 (NODE11192381, IF: 0.25)"
3991,2022,기계공학,955369046,김지유,1,0.0,0.0,"한국표면공학회 (NODE11192381, IF: 0.25)"
3992,2022,기계공학,942499720,문흥수,1,0.0,0.0,"한국표면공학회 (NODE11192381, IF: 0.25)"
3993,2022,기계공학,102445841,최지수,1,0.0,0.0,"한국비파괴검사학회 (NODE11120734, IF: 0.49)"
3994,2022,기계공학,534040557,전준영,1,0.0,0.0,"한국비파괴검사학회 (NODE11120734, IF: 0.49)"
3995,2022,기계공학,409480406,남현우,1,0.0,0.0,"한국비파괴검사학회 (NODE11120734, IF: 0.49)"
3996,2022,기계공학,244241530,지봉규,1,0.0,0.0,"한국비파괴검사학회 (NODE11120736, IF: 0.49)"
3997,2022,기계공학,924637206,조승현,1,0.0,0.0,"한국비파괴검사학회 (NODE11120736, IF: 0.49)"
3998,2022,기계공학,923907949,신성호,1,0.0,0.0,"대한설비공학회 (NODE11100770, IF: 0.42)"
3999,2022,기계공학,135463195,김욱환,1,0.0,0.0,"대한설비공학회 (NODE11100770, IF: 0.42)"
4000,2022,기계공학,188119433,Furkan,1,0.0,0.0,"대한용접·접합학회 (NODE11078271, IF: 0.65)"
4001,2022,기계공학,341285473,Hye-Jeong Kim,1,0.0,0.0,"대한용접·접합학회 (NODE11078271, IF: 0.65)"
4002,2022,기계공학,547358343,Gun-hwan Lee,1,0.0,0.0,"대한용접·접합학회 (NODE11078271, IF: 0.65)"
4003,2022,기계공학,314314770,정재필,1,0.0,0.0,"대한용접·접합학회 (NODE11078271, IF: 0.65)"
4004,2022,기계공학,280531854,유지은,1,0.0,0.0,"대한용접·접합학회 (NODE11078272, IF: 0.65)"
4005,2022,기계공학,753289584,김수종,1,0.0,0.0,"대한용접·접합학회 (NODE11078272, IF: 0.65)"
4006,2022,기계공학,324282974,하민정,1,0.0,0.0,"대한용접·접합학회 (NODE11078274, IF: 0.65)"
4007,2022,기계공학,736808900,김지호,1,0.0,0.0,"대한용접·접합학회 (NODE11078274, IF: 0.65)"
4008,2022,기계공학,506778671,한재구,1,0.0,0.0,"대한용접·접합학회 (NODE11078274, IF: 0.65)"
4009,2022,기계공학,862194989,양진석,1,0.0,0.0,"대한용접·접합학회 (NODE11078274, IF: 0.65)"
4010,2022,기계공학,918366374,김종민,1,0.0,0.0,"대한용접·접합학회 (NODE11078274, IF: 0.65)"
4011,2022,기계공학,978127849,임병승,1,0.0,0.0,"대한용접·접합학회 (NODE11078274, IF: 0.65)"
4012,2022,기계공학,658228136,남궁도엽,1,0.0,0.0,"대한용접·접합학회 (NODE11078276, IF: 0.65)"
4013,2022,기계공학,564749259,Byeong-ryong Lee,1,0.0,0.0,"대한용접·접합학회 (NODE11078277, IF: 0.65)"
4014,2022,기계공학,781905722,Jung-Muk Choi,1,0.0,0.0,"대한용접·접합학회 (NODE11078277, IF: 0.65)"
4015,2022,기계공학,843524899,이병룡,1,0.0,0.0,"대한용접·접합학회 (NODE11078278, IF: 0.65)"
4016,2022,기계공학,957936014,최정묵,1,0.0,0.0,"대한용접·접합학회 (NODE11078278, IF: 0.65)"
4017,2022,기계공학,558771479,고윤정,1,0.0,0.0,"대한설비공학회 (NODE11167304, IF: 0.42)"
4018,2022,기계공학,256327053,김종우,1,0.0,0.0,"대한설비공학회 (NODE11167304, IF: 0.42)"
4019,2022,기계공학,406055349,오승진,1,0.0,0.0,"대한설비공학회 (NODE11167304, IF: 0.42)"
4020,2022,기계공학,760544227,정융,1,0.0,0.0,"대한설비공학회 (NODE11167307, IF: 0.42)"
4021,2022,기계공학,838429954,김종헌,1,0.0,0.0,"대한설비공학회 (NODE11167308, IF: 0.42)"
4022,2022,기계공학,168539601,이상배,1,0.0,0.0,"한국자동차안전학회 (NODE11288037, IF: 0.41)"
4023,2022,기계공학,986858854,김동한,1,0.0,0.0,"한국자동차안전학회 (NODE11288037, IF: 0.41)"
4024,2022,기계공학,891941312,문병준,1,0.0,0.0,"한국자동차안전학회 (NODE11288037, IF: 0.41)"
4025,2022,기계공학,824184762,박정우,1,0.0,0.0,"한국자동차안전학회 (NODE11288038, IF: 0.41)"
4026,2022,기계공학,560930747,박하선,1,0.0,0.0,"한국자동차안전학회 (NODE11288038, IF: 0.41)"
4027,2022,기계공학,995823213,장진희,1,0.0,0.0,"한국자동차안전학회 (NODE11288039, IF: 0.41)"
4028,2022,기계공학,224499409,허성필,1,0.0,0.0,"한국자동차안전학회 (NODE11288039, IF: 0.41)"
4029,2022,기계공학,635386192,홍승준,1,0.0,0.0,"한국자동차안전학회 (NODE11288040, IF: 0.41)"
4030,2022,기계공학,648992597,권영운,1,0.0,0.0,"한국자동차안전학회 (NODE11288041, IF: 0.41)"
4031,2022,기계공학,250442864,배정규,1,0.0,0.0,"한국자동차안전학회 (NODE11288042, IF: 0.41)"
4032,2022,기계공학,966819577,서경덕,1,0.0,0.0,"한국자동차안전학회 (NODE11288042, IF: 0.41)"
4033,2022,기계공학,359673380,송수성,1,0.0,0.0,"한국자동차안전학회 (NODE11288043, IF: 0.41)"
4034,2022,기계공학,155445207,신장호,1,0.0,0.0,"한국자동차안전학회 (NODE11288043, IF: 0.41)"
4035,2022,기계공학,664038290,한광철,1,0.0,0.0,"한국자동차안전학회 (NODE11288043, IF: 0.41)"
4036,2022,기계공학,636581453,최세경,1,0.0,0.0,"한국자동차안전학회 (NODE11288043, IF: 0.41)"
4037,2022,기계공학,266834395,하헌석,1,0.0,0.0,"한국자동차안전학회 (NODE11288043, IF: 0.41)"
4038,2022,기계공학,609944814,윤성로,1,0.0,0.0,"한국자동차안전학회 (NODE11288043, IF: 0.41)"
4039,2022,기계공학,187230408,이희성,1,0.0,0.0,"한국자동차안전학회 (NODE11288044, IF: 0.41)"
4040,2022,기계공학,556757012,박준상,1,0.0,0.0,"한국자동차안전학회 (NODE11288045, IF: 0.41)"
4041,2022,기계공학,351039692,김규현,1,0.0,0.0,"한국자동차안전학회 (NODE11288046, IF: 0.41)"
4042,2022,기계공학,505792903,박관우,1,0.0,0.0,"한국자동차안전학회 (NODE11288047, IF: 0.41)"
4043,2022,기계공학,861482608,김창희,1,0.0,0.0,"한국자동차안전학회 (NODE11288048, IF: 0.41)"
4044,2022,기계공학,449605044,채흥석,1,0.0,0.0,"한국자동차안전학회 (NODE11288048, IF: 0.41)"
4045,2022,기계공학,295753545,윤영민,1,0.0,0.0,"한국자동차안전학회 (NODE11288048, IF: 0.41)"
4046,2022,기계공학,270256628,이호준,1,0.0,0.0,"한국자동차안전학회 (NODE11288049, IF: 0.41)"
4047,2022,기계공학,741969682,이종민,1,0.0,0.0,"한국자동차안전학회 (NODE11288050, IF: 0.41)"
4048,2022,기계공학,696287797,노한석,1,0.0,0.0,"한국자동차안전학회 (NODE11288051, IF: 0.41)"
4049,2022,기계공학,354907848,이현성,1,0.0,0.0,"한국자동차안전학회 (NODE11288051, IF: 0.41)"
4050,2022,기계공학,521007338,백서하,1,0.0,0.0,"한국자동차안전학회 (NODE11288052, IF: 0.41)"
4051,2022,기계공학,741076161,김종호,1,0.0,0.0,"한국자동차안전학회 (NODE11288052, IF: 0.41)"
4052,2022,기계공학,841276430,박영운,1,0.0,0.0,"한국항공협회 (NODE11987961, IF: 0.0)"
4053,2022,기계공학,636117050,이준호,1,0.0,0.0,"한국항공협회 (NODE11987962, IF: 0.0)"
4054,2022,기계공학,580380749,김종현,1,0.0,0.0,"한국항공협회 (NODE11987964, IF: 0.0)"
4055,2022,기계공학,569416939,김영천,1,0.0,0.0,"한국항공협회 (NODE11987965, IF: 0.0)"
4056,2022,기계공학,567992920,서일수,1,0.0,0.0,"한국항공협회 (NODE11987965, IF: 0.0)"
4057,2022,기계공학,810691733,조규호,1,0.0,0.0,"한국항공협회 (NODE11987965, IF: 0.0)"
4058,2022,기계공학,828626889,박민우,1,0.0,0.0,"한국항공협회 (NODE11987965, IF: 0.0)"
4059,2022,기계공학,146799097,김정호,1,0.0,0.0,"한국항공협회 (NODE11987967, IF: 0.0)"
4060,2022,기계공학,776668813,이득순,1,0.0,0.0,"한국항공협회 (NODE11987968, IF: 0.0)"
4061,2022,기계공학,291728422,최임수,1,0.0,0.0,"한국항공협회 (NODE11987970, IF: 0.0)"
4062,2022,기계공학,866860918,이민녕,1,0.0,0.0,"한국항공협회 (NODE11987971, IF: 0.0)"
4063,2022,기계공학,331199771,차영욱,1,0.0,0.0,"한국항공협회 (NODE11987972, IF: 0.0)"
4064,2022,기계공학,714705213,박시후,1,0.0,0.0,"한국항공협회 (NODE11987973, IF: 0.0)"
4065,2022,기계공학,413315511,Sungil Ham,1,0.0,0.0,"(사)한국CDE학회 (NODE11068478, IF: 1.14)"
4066,2022,기계공학,116834518,김문환,1,0.0,0.0,"(사)한국CDE학회 (NODE11068480, IF: 1.14)"
4067,2022,기계공학,401407626,김재준,1,0.0,0.0,"(사)한국CDE학회 (NODE11068480, IF: 1.14)"
4068,2022,기계공학,221760246,김기선,1,0.0,0.0,"(사)한국CDE학회 (NODE11068487, IF: 1.14)"
4069,2022,기계공학,874868107,이장용,1,0.0,0.0,"(사)한국CDE학회 (NODE11068489, IF: 1.14)"
4070,2022,기계공학,801310526,이준희,1,0.0,0.0,"대한설비공학회 (NODE11068927, IF: 0.42)"
4071,2022,기계공학,381889229,신철웅,1,0.0,0.0,"대한설비공학회 (NODE11068928, IF: 0.42)"
4072,2022,기계공학,427485909,홍경희,1,0.0,0.0,"대한설비공학회 (NODE11068930, IF: 0.42)"
4073,2022,기계공학,110370612,김수민,1,0.0,0.0,"대한설비공학회 (NODE11068931, IF: 0.42)"
4074,2022,기계공학,279171636,김현정,1,0.0,0.0,"대한설비공학회 (NODE11068931, IF: 0.42)"
4075,2022,기계공학,532895727,최성웅,1,0.0,0.0,"유공압건설기계학회 (NODE11068998, IF: 1.02)"
4076,2022,기계공학,691921138,곽경신,1,0.0,0.0,"유공압건설기계학회 (NODE11068998, IF: 1.02)"
4077,2022,기계공학,867625585,레쾅호안,1,0.0,0.0,"유공압건설기계학회 (NODE11068998, IF: 1.02)"
4078,2022,기계공학,5169768,이민수,1,0.0,0.0,"유공압건설기계학회 (NODE11068999, IF: 1.02)"
4079,2022,기계공학,268029656,신영일,1,0.0,0.0,"유공압건설기계학회 (NODE11068999, IF: 1.02)"
4080,2022,기계공학,226182759,정규홍,1,0.0,0.0,"유공압건설기계학회 (NODE11069000, IF: 1.02)"
4081,2022,기계공학,783149734,신주성,1,0.0,0.0,"유공압건설기계학회 (NODE11069001, IF: 1.02)"
4082,2022,기계공학,698007166,표주현,1,0.0,0.0,"유공압건설기계학회 (NODE11069001, IF: 1.02)"
4083,2022,기계공학,136942427,이명석,1,0.0,0.0,"유공압건설기계학회 (NODE11069001, IF: 1.02)"
4084,2022,기계공학,252339,박상현,1,0.0,0.0,"유공압건설기계학회 (NODE11069001, IF: 1.02)"
4085,2022,기계공학,208632790,박서연,1,0.0,0.0,"유공압건설기계학회 (NODE11069001, IF: 1.02)"
4086,2022,기계공학,304290872,유건호,1,0.0,0.0,"대한설비공학회 (NODE11028313, IF: 0.42)"
4087,2022,기계공학,137483817,김지훈,1,0.0,0.0,"대한설비공학회 (NODE11028314, IF: 0.42)"
4088,2022,기계공학,904096001,이준기,1,0.0,0.0,"대한설비공학회 (NODE11028314, IF: 0.42)"
4089,2022,기계공학,322869628,하상우,1,0.0,0.0,"대한설비공학회 (NODE11028315, IF: 0.42)"
4090,2022,기계공학,306881182,장용성,1,0.0,0.0,"대한설비공학회 (NODE11028315, IF: 0.42)"
4091,2022,기계공학,828234374,이수진,1,0.0,0.0,"대한설비공학회 (NODE11028316, IF: 0.42)"
4092,2022,기계공학,5513907,박두용,1,0.0,0.0,"대한설비공학회 (NODE11028317, IF: 0.42)"
4093,2022,기계공학,477308095,이현제,1,0.0,0.0,"대한설비공학회 (NODE11028317, IF: 0.42)"
4094,2022,기계공학,949243197,박덕준,1,0.0,0.0,"대한설비공학회 (NODE11028317, IF: 0.42)"
4095,2022,기계공학,202379352,최슬건,1,0.0,0.0,"대한설비공학회 (NODE11028317, IF: 0.42)"
4096,2022,기계공학,162853517,이명선,1,0.0,0.0,"대한설비공학회 (NODE11028318, IF: 0.42)"
4097,2022,기계공학,541556201,이효진,1,0.0,0.0,"대한설비공학회 (NODE11028318, IF: 0.42)"
4098,2022,기계공학,300776391,하광순,1,0.0,0.0,"대한설비공학회 (NODE11028318, IF: 0.42)"
4099,2022,기계공학,257183241,김성일,1,0.0,0.0,"대한설비공학회 (NODE11028318, IF: 0.42)"
4100,2022,기계공학,588322727,양병찬,1,0.0,0.0,"Korean Society for Precision Engineering (NODE11028909, IF: 0.0)"
4101,2022,기계공학,483855536,이재형,1,0.0,0.0,"Korean Society for Precision Engineering (NODE11028909, IF: 0.0)"
4102,2022,기계공학,508530666,조성은,1,0.0,0.0,"Korean Society for Precision Engineering (NODE11028909, IF: 0.0)"
4103,2022,기계공학,615286982,박건우,1,0.0,0.0,"Korean Society for Precision Engineering (NODE11028909, IF: 0.0)"
4104,2022,기계공학,873325493,이재윤,1,0.0,0.0,"Korean Society for Precision Engineering (NODE11028910, IF: 0.0)"
4105,2022,기계공학,680995338,이상혁,1,0.0,0.0,"Korean Society for Precision Engineering (NODE11028910, IF: 0.0)"
4106,2022,기계공학,479309040,김현택,1,0.0,0.0,"Korean Society for Precision Engineering (NODE11028910, IF: 0.0)"
4107,2022,기계공학,382827456,박용찬,1,0.0,0.0,"Korean Society for Precision Engineering (NODE11028910, IF: 0.0)"
4108,2022,기계공학,725393421,이근진,1,0.0,0.0,"Korean Society for Precision Engineering (NODE11028910, IF: 0.0)"
4109,2022,기계공학,675896663,이창헌,1,0.0,0.0,"Korean Society for Precision Engineering (NODE11028910, IF: 0.0)"
4110,2022,기계공학,371889090,최성규,1,0.0,0.0,"Korean Society for Precision Engineering (NODE11028910, IF: 0.0)"
4111,2022,기계공학,770879560,홍순욱,1,0.0,0.0,"Korean Society for Precision Engineering (NODE11028910, IF: 0.0)"
4112,2022,기계공학,853331250,임용현,1,0.0,0.0,"Korean Society for Precision Engineering (NODE11028911, IF: 0.0)"
4113,2022,기계공학,790130124,이준헌,1,0.0,0.0,"Korean Society for Precision Engineering (NODE11028913, IF: 0.0)"
4114,2022,기계공학,249970183,권은상,1,0.0,0.0,"Korean Society for Precision Engineering (NODE11028917, IF: 0.0)"
4115,2022,기계공학,122894672,백성기,1,0.0,0.0,"Korean Society for Precision Engineering (NODE11028917, IF: 0.0)"
4116,2022,기계공학,728533041,백준수,1,0.0,0.0,"Korean Society for Precision Engineering (NODE11028918, IF: 0.0)"
4117,2022,기계공학,859513514,곽준영,1,0.0,0.0,"Korean Society for Precision Engineering (NODE11028918, IF: 0.0)"
4118,2022,기계공학,5125076,문준희,1,0.0,0.0,"Korean Society for Precision Engineering (NODE11028920, IF: 0.0)"
4119,2022,기계공학,519804124,유지원,1,0.0,0.0,"Korean Society for Precision Engineering (NODE11028921, IF: 0.0)"
4120,2022,기계공학,333855737,박재형,1,0.0,0.0,"Korean Society for Precision Engineering (NODE11028921, IF: 0.0)"
4121,2022,기계공학,621838735,진성욱,1,0.0,0.0,"대한기계학회 (NODE11028993, IF: 0.55)"
4122,2022,기계공학,498025982,전동협,1,0.0,0.0,"대한기계학회 (NODE11028994, IF: 0.55)"
4123,2022,기계공학,139270809,김남훈,1,0.0,0.0,"대한기계학회 (NODE11028995, IF: 0.55)"
4124,2022,기계공학,692417345,장대진,1,0.0,0.0,"대한기계학회 (NODE11028996, IF: 0.55)"
4125,2022,기계공학,187549160,김서연,1,0.0,0.0,"대한기계학회 (NODE11028996, IF: 0.55)"
4126,2022,기계공학,547168190,이현창,1,0.0,0.0,"대한기계학회 (NODE11028997, IF: 0.55)"
4127,2022,기계공학,912404700,임지훈,1,0.0,0.0,"대한기계학회 (NODE11028998, IF: 0.55)"
4128,2022,기계공학,956710875,이진욱,1,0.0,0.0,"대한기계학회 (NODE11028998, IF: 0.55)"
4129,2022,기계공학,808757771,양민식,1,0.0,0.0,"대한기계학회 (NODE11029001, IF: 0.55)"
4130,2022,기계공학,405347329,정재훈,1,0.0,0.0,"대한기계학회 (NODE11029001, IF: 0.55)"
4131,2022,기계공학,603952800,배철호,1,0.0,0.0,"대한기계학회 (NODE11029001, IF: 0.55)"
4132,2022,기계공학,345544005,김종호,1,0.0,0.0,"대한기계학회 (NODE11029001, IF: 0.55)"
4133,2022,기계공학,704533796,오승민,1,0.0,0.0,"대한기계학회 (NODE11029001, IF: 0.55)"
4134,2022,기계공학,455428442,김창수,1,0.0,0.0,"대한기계학회 (NODE11029001, IF: 0.55)"
4135,2022,기계공학,509634422,남진식,1,0.0,0.0,"대한기계학회 (NODE11029001, IF: 0.55)"
4136,2022,기계공학,290264794,심재술,1,0.0,0.0,"대한기계학회 (NODE11029001, IF: 0.55)"
4137,2022,기계공학,101624064,강다영,1,0.0,0.0,"대한기계학회 (NODE11029002, IF: 0.55)"
4138,2022,기계공학,942774847,Minh Triet Pham,1,0.0,0.0,"대한기계학회 (NODE11029002, IF: 0.55)"
4139,2022,기계공학,840746498,이경훈,1,0.0,0.0,"대한기계학회 (NODE11029002, IF: 0.55)"
4140,2022,기계공학,109449007,이제민,1,0.0,0.0,"대한기계학회 (NODE11029003, IF: 0.55)"
4141,2022,기계공학,137082328,유동휘,1,0.0,0.0,"대한기계학회 (NODE11029004, IF: 0.55)"
4142,2022,기계공학,232932594,최민석,1,0.0,0.0,"대한기계학회 (NODE11029004, IF: 0.55)"
4143,2022,기계공학,299216585,김정언,1,0.0,0.0,"대한기계학회 (NODE11029004, IF: 0.55)"
4144,2022,기계공학,866939663,이상철,1,0.0,0.0,"대한기계학회 (NODE11029005, IF: 0.55)"
4145,2022,기계공학,402471410,신승철,1,0.0,0.0,"대한기계학회 (NODE11029006, IF: 0.55)"
4146,2022,기계공학,410752204,허성용,1,0.0,0.0,"대한기계학회 (NODE11029006, IF: 0.55)"
4147,2022,기계공학,487000073,최동일,1,0.0,0.0,"대한기계학회 (NODE11029006, IF: 0.55)"
4148,2022,기계공학,461880819,전하늘,1,0.0,0.0,"대한기계학회 (NODE11029008, IF: 0.55)"
4149,2022,기계공학,805634387,김소연,1,0.0,0.0,"대한기계학회 (NODE11029008, IF: 0.55)"
4150,2022,기계공학,910568878,전동수,1,0.0,0.0,"대한기계학회 (NODE11029008, IF: 0.55)"
4151,2022,기계공학,499804593,조유희,1,0.0,0.0,"대한기계학회 (NODE11029009, IF: 0.55)"
4152,2022,기계공학,134128588,조정선,1,0.0,0.0,"대한기계학회 (NODE11029009, IF: 0.55)"
4153,2022,기계공학,305884413,김명준,1,0.0,0.0,"대한기계학회 (NODE11029010, IF: 0.55)"
4154,2022,기계공학,193888121,조현직,1,0.0,0.0,"대한기계학회 (NODE11029010, IF: 0.55)"
4155,2022,기계공학,823566543,강철구,1,0.0,0.0,"대한기계학회 (NODE11029010, IF: 0.55)"
4156,2022,기계공학,101801767,신명호,1,0.0,0.0,"대한기계학회 (NODE11029013, IF: 0.55)"
4157,2022,기계공학,5222595,유승우,1,0.0,0.0,"대한기계학회 (NODE11029013, IF: 0.55)"
4158,2022,기계공학,764035362,김민수,1,0.0,0.0,"대한기계학회 (NODE11029014, IF: 0.55)"
4159,2022,기계공학,752595351,강민석,1,0.0,0.0,"한국유체기계학회 (NODE11171150, IF: 0.38)"
4160,2022,기계공학,245178508,송유진,1,0.0,0.0,"한국유체기계학회 (NODE11171150, IF: 0.38)"
4161,2022,기계공학,557428732,곽재수,1,0.0,0.0,"한국유체기계학회 (NODE11171150, IF: 0.38)"
4162,2022,기계공학,376017241,손용진,1,0.0,0.0,"한국유체기계학회 (NODE11171151, IF: 0.38)"
4163,2022,기계공학,979696,김용인,1,0.0,0.0,"한국유체기계학회 (NODE11171151, IF: 0.38)"
4164,2022,기계공학,126123010,양현모,1,0.0,0.0,"한국유체기계학회 (NODE11171151, IF: 0.38)"
4165,2022,기계공학,570946077,윤준용,1,0.0,0.0,"한국유체기계학회 (NODE11171151, IF: 0.38)"
4166,2022,기계공학,117679608,최영석,1,0.0,0.0,"한국유체기계학회 (NODE11171151, IF: 0.38)"
4167,2022,기계공학,963523719,현승봉,1,0.0,0.0,"한국유체기계학회 (NODE11171152, IF: 0.38)"
4168,2022,기계공학,937260585,이형진,1,0.0,0.0,"한국유체기계학회 (NODE11171153, IF: 0.38)"
4169,2022,기계공학,160162827,김재호,1,0.0,0.0,"한국유체기계학회 (NODE11171154, IF: 0.38)"
4170,2022,기계공학,280273990,안철주,1,0.0,0.0,"한국유체기계학회 (NODE11171154, IF: 0.38)"
4171,2022,기계공학,326338159,임병권,1,0.0,0.0,"한국유체기계학회 (NODE11171154, IF: 0.38)"
4172,2022,기계공학,336788318,이복원,1,0.0,0.0,"한국유체기계학회 (NODE11171154, IF: 0.38)"
4173,2022,기계공학,571893933,강진경,1,0.0,0.0,"유공압건설기계학회 (NODE11171159, IF: 1.02)"
4174,2022,기계공학,535653634,유영락,1,0.0,0.0,"유공압건설기계학회 (NODE11171159, IF: 1.02)"
4175,2022,기계공학,103433399,박규태,1,0.0,0.0,"유공압건설기계학회 (NODE11171159, IF: 1.02)"
4176,2022,기계공학,116259227,원진호,1,0.0,0.0,"유공압건설기계학회 (NODE11171161, IF: 1.02)"
4177,2022,기계공학,365055864,전진택,1,0.0,0.0,"유공압건설기계학회 (NODE11171161, IF: 1.02)"
4178,2022,기계공학,731033261,홍영기,1,0.0,0.0,"유공압건설기계학회 (NODE11171161, IF: 1.02)"
4179,2022,기계공학,628042083,양창주,1,0.0,0.0,"유공압건설기계학회 (NODE11171161, IF: 1.02)"
4180,2022,기계공학,301188676,김경철,1,0.0,0.0,"유공압건설기계학회 (NODE11171161, IF: 1.02)"
4181,2022,기계공학,149383923,권경도,1,0.0,0.0,"유공압건설기계학회 (NODE11171161, IF: 1.02)"
4182,2022,기계공학,424386414,김국환,1,0.0,0.0,"유공압건설기계학회 (NODE11171161, IF: 1.02)"
4183,2022,기계공학,647687543,조승제,1,0.0,0.0,"유공압건설기계학회 (NODE11171164, IF: 1.02)"
4184,2022,기계공학,188382661,김정길,1,0.0,0.0,"유공압건설기계학회 (NODE11171164, IF: 1.02)"
4185,2022,기계공학,372508768,박진선,1,0.0,0.0,"유공압건설기계학회 (NODE11171164, IF: 1.02)"
4186,2022,기계공학,759224262,김연수,1,0.0,0.0,"유공압건설기계학회 (NODE11171164, IF: 1.02)"
4187,2022,기계공학,545800901,이동근,1,0.0,0.0,"유공압건설기계학회 (NODE11171164, IF: 1.02)"
4188,2022,기계공학,836651842,Md. Abu Ayub Siddique,1,0.0,0.0,"유공압건설기계학회 (NODE11171165, IF: 1.02)"
4189,2022,기계공학,411195371,김지철,1,0.0,0.0,"유공압건설기계학회 (NODE11171166, IF: 1.02)"
4190,2022,기계공학,933056586,김영재,1,0.0,0.0,"유공압건설기계학회 (NODE11171166, IF: 1.02)"
4191,2022,기계공학,935846295,김민극,1,0.0,0.0,"유공압건설기계학회 (NODE11171166, IF: 1.02)"
4192,2022,기계공학,235119340,이한민,1,0.0,0.0,"유공압건설기계학회 (NODE11171166, IF: 1.02)"
4193,2022,기계공학,656019916,김대지,1,0.0,0.0,"유공압건설기계학회 (NODE11171168, IF: 1.02)"
4194,2022,기계공학,420155465,정진태,1,0.0,0.0,"유공압건설기계학회 (NODE11171168, IF: 1.02)"
4195,2022,기계공학,562249910,이창선,1,0.0,0.0,"유공압건설기계학회 (NODE11171168, IF: 1.02)"
4196,2022,기계공학,485534676,송창헌,1,0.0,0.0,"유공압건설기계학회 (NODE11171168, IF: 1.02)"
4197,2022,기계공학,646675774,김영태,1,0.0,0.0,"유공압건설기계학회 (NODE11171169, IF: 1.02)"
4198,2022,기계공학,493801976,김세윤,1,0.0,0.0,"유공압건설기계학회 (NODE11171169, IF: 1.02)"
4199,2022,기계공학,370304019,류경하,1,0.0,0.0,"유공압건설기계학회 (NODE11171170, IF: 1.02)"
4200,2022,기계공학,631166226,이태현,1,0.0,0.0,"유공압건설기계학회 (NODE11171170, IF: 1.02)"
4201,2022,기계공학,644167274,박종원,1,0.0,0.0,"유공압건설기계학회 (NODE11171170, IF: 1.02)"
4202,2022,기계공학,621732465,권혁성,1,0.0,0.0,"유공압건설기계학회 (NODE11171170, IF: 1.02)"
4203,2022,기계공학,565388268,강보식,1,0.0,0.0,"유공압건설기계학회 (NODE11171170, IF: 1.02)"
4204,2022,기계공학,252986789,유영준,1,0.0,0.0,"유공압건설기계학회 (NODE11171171, IF: 1.02)"
4205,2022,기계공학,203211873,박세은,1,0.0,0.0,"유공압건설기계학회 (NODE11171171, IF: 1.02)"
4206,2022,기계공학,683941899,안태준,1,0.0,0.0,"유공압건설기계학회 (NODE11171171, IF: 1.02)"
4207,2022,기계공학,994703500,양지호,1,0.0,0.0,"유공압건설기계학회 (NODE11171171, IF: 1.02)"
4208,2022,기계공학,404634242,이명규,1,0.0,0.0,"유공압건설기계학회 (NODE11171171, IF: 1.02)"
4209,2022,기계공학,970703937,나호용,1,0.0,0.0,"유공압건설기계학회 (NODE11171172, IF: 1.02)"
4210,2022,기계공학,376228320,송은지,1,0.0,0.0,"유공압건설기계학회 (NODE11171172, IF: 1.02)"
4211,2022,기계공학,388365834,정세영,1,0.0,0.0,"유공압건설기계학회 (NODE11171172, IF: 1.02)"
4212,2022,기계공학,570163828,이계원,1,0.0,0.0,"유공압건설기계학회 (NODE11171172, IF: 1.02)"
4213,2022,기계공학,517612546,정지현,1,0.0,0.0,"유공압건설기계학회 (NODE11171172, IF: 1.02)"
4214,2022,기계공학,157202158,이훈기,1,0.0,0.0,"유공압건설기계학회 (NODE11171175, IF: 1.02)"
4215,2022,기계공학,571875005,김태윤,1,0.0,0.0,"유공압건설기계학회 (NODE11171175, IF: 1.02)"
4216,2022,기계공학,550551470,김효빈,1,0.0,0.0,"유공압건설기계학회 (NODE11171175, IF: 1.02)"
4217,2022,기계공학,916146388,최준묵,1,0.0,0.0,"유공압건설기계학회 (NODE11171177, IF: 1.02)"
4218,2022,기계공학,198667252,이성환,1,0.0,0.0,"유공압건설기계학회 (NODE11171180, IF: 1.02)"
4219,2022,기계공학,562988415,김지산,1,0.0,0.0,"유공압건설기계학회 (NODE11171183, IF: 1.02)"
4220,2022,기계공학,488551710,정완균,1,0.0,0.0,"대한기계학회 (NODE11171239, IF: 0.55)"
4221,2022,기계공학,673374387,양회관,1,0.0,0.0,"대한기계학회 (NODE11171239, IF: 0.55)"
4222,2022,기계공학,110239478,문철우,1,0.0,0.0,"대한기계학회 (NODE11171245, IF: 0.55)"
4223,2022,기계공학,827008727,김재구,1,0.0,0.0,"대한기계학회 (NODE11171245, IF: 0.55)"
4224,2022,기계공학,638837105,천다솔,1,0.0,0.0,"대한기계학회 (NODE11171246, IF: 0.55)"
4225,2022,기계공학,796442795,서영훈,1,0.0,0.0,"대한기계학회 (NODE11171246, IF: 0.55)"
4226,2022,기계공학,138933310,오세훈,1,0.0,0.0,"대한기계학회 (NODE11171246, IF: 0.55)"
4227,2022,기계공학,862903333,정인수,1,0.0,0.0,"대한기계학회 (NODE11171247, IF: 0.55)"
4228,2022,기계공학,609656331,남강현,1,0.0,0.0,"대한기계학회 (NODE11171247, IF: 0.55)"
4229,2022,기계공학,344338525,임성진,1,0.0,0.0,"대한기계학회 (NODE11171248, IF: 0.55)"
4230,2022,기계공학,869846702,정용환,1,0.0,0.0,"대한기계학회 (NODE11171249, IF: 0.55)"
4231,2022,기계공학,962104418,김지수,1,0.0,0.0,"Korean Society for Precision Engineering (NODE10820565, IF: 0.0)"
4232,2022,기계공학,282419421,김도영,1,0.0,0.0,"Korean Society for Precision Engineering (NODE10820565, IF: 0.0)"
4233,2022,기계공학,508407949,정도관,1,0.0,0.0,"Korean Society for Precision Engineering (NODE10820566, IF: 0.0)"
4234,2022,기계공학,646138041,김성학,1,0.0,0.0,"Korean Society for Precision Engineering (NODE10820567, IF: 0.0)"
4235,2022,기계공학,190843186,보응옥부,1,0.0,0.0,"Korean Society for Precision Engineering (NODE10820567, IF: 0.0)"
4236,2022,기계공학,4620680,구평모,1,0.0,0.0,"Korean Society for Precision Engineering (NODE10820568, IF: 0.0)"
4237,2022,기계공학,446663362,유재관,1,0.0,0.0,"Korean Society for Precision Engineering (NODE10820568, IF: 0.0)"
4238,2022,기계공학,522769605,이원희,1,0.0,0.0,"Korean Society for Precision Engineering (NODE10820568, IF: 0.0)"
4239,2022,기계공학,759388378,이재철,1,0.0,0.0,"Korean Society for Precision Engineering (NODE10820569, IF: 0.0)"
4240,2022,기계공학,438962,이지훈,1,0.0,0.0,"Korean Society for Precision Engineering (NODE10820570, IF: 0.0)"
4241,2022,기계공학,681724977,이용주,1,0.0,0.0,"Korean Society for Precision Engineering (NODE10820570, IF: 0.0)"
4242,2022,기계공학,212336641,윤해성,1,0.0,0.0,"Korean Society for Precision Engineering (NODE10820570, IF: 0.0)"
4243,2022,기계공학,829585215,차은혜,1,0.0,0.0,"Korean Society for Precision Engineering (NODE10820573, IF: 0.0)"
4244,2022,기계공학,127723128,오승용,1,0.0,0.0,"Korean Society for Precision Engineering (NODE10820573, IF: 0.0)"
4245,2022,기계공학,4835827,이창준,1,0.0,0.0,"Korean Society for Precision Engineering (NODE10820574, IF: 0.0)"
4246,2022,기계공학,616890408,김창종,1,0.0,0.0,"Korean Society for Precision Engineering (NODE10820575, IF: 0.0)"
4247,2022,기계공학,498829518,이주미,1,0.0,0.0,"한국추진공학회 (NODE11150344, IF: 0.31)"
4248,2022,기계공학,422867773,최준섭,1,0.0,0.0,"한국추진공학회 (NODE11150344, IF: 0.31)"
4249,2022,기계공학,366677627,강정석,1,0.0,0.0,"한국추진공학회 (NODE11150346, IF: 0.31)"
4250,2022,기계공학,982643660,이창욱,1,0.0,0.0,"한국추진공학회 (NODE11150347, IF: 0.31)"
4251,2022,기계공학,462670336,박용석,1,0.0,0.0,"한국추진공학회 (NODE11150347, IF: 0.31)"
4252,2022,기계공학,848542900,조덕용,1,0.0,0.0,"한국추진공학회 (NODE11150347, IF: 0.31)"
4253,2022,기계공학,988040840,김대래,1,0.0,0.0,"한국추진공학회 (NODE11150348, IF: 0.31)"
4254,2022,기계공학,373756959,임찬경,1,0.0,0.0,"한국추진공학회 (NODE11150348, IF: 0.31)"
4255,2022,기계공학,276455097,양성필,1,0.0,0.0,"한국추진공학회 (NODE11150348, IF: 0.31)"
4256,2022,기계공학,853155375,이영호,1,0.0,0.0,"한국추진공학회 (NODE11150348, IF: 0.31)"
4257,2022,기계공학,902123811,배주현,1,0.0,0.0,"한국추진공학회 (NODE11150352, IF: 0.31)"
4258,2022,기계공학,268061767,임창원,1,0.0,0.0,"한국추진공학회 (NODE11150352, IF: 0.31)"
4259,2022,기계공학,188588468,최호진,1,0.0,0.0,"한국추진공학회 (NODE11150352, IF: 0.31)"
4260,2022,기계공학,163882113,진상욱,1,0.0,0.0,"한국추진공학회 (NODE11150352, IF: 0.31)"
4261,2022,기계공학,207601591,김정우,1,0.0,0.0,"한국추진공학회 (NODE11150352, IF: 0.31)"
4262,2022,기계공학,800265532,임미래,1,0.0,0.0,"한국자동차공학회 (NODE11103827, IF: 0.5)"
4263,2022,기계공학,367577280,송윤준,1,0.0,0.0,"한국자동차공학회 (NODE11103827, IF: 0.5)"
4264,2022,기계공학,853817739,박정수,1,0.0,0.0,"한국자동차공학회 (NODE11103827, IF: 0.5)"
4265,2022,기계공학,106583321,김락민,1,0.0,0.0,"한국자동차공학회 (NODE11103828, IF: 0.5)"
4266,2022,기계공학,753869350,류경진,1,0.0,0.0,"한국자동차공학회 (NODE11103828, IF: 0.5)"
4267,2022,기계공학,5112397,선민혁,1,0.0,0.0,"한국자동차공학회 (NODE11103829, IF: 0.5)"
4268,2022,기계공학,739334948,백동희,1,0.0,0.0,"한국자동차공학회 (NODE11103829, IF: 0.5)"
4269,2022,기계공학,456317848,강원모,1,0.0,0.0,"한국자동차공학회 (NODE11103830, IF: 0.5)"
4270,2022,기계공학,592012379,장형준,1,0.0,0.0,"한국자동차공학회 (NODE11103830, IF: 0.5)"
4271,2022,기계공학,507419190,우상희,1,0.0,0.0,"한국자동차공학회 (NODE11103830, IF: 0.5)"
4272,2022,기계공학,408574726,이상경,1,0.0,0.0,"한국자동차공학회 (NODE11103830, IF: 0.5)"
4273,2022,기계공학,117559466,황선희,1,0.0,0.0,"한국자동차공학회 (NODE11103831, IF: 0.5)"
4274,2022,기계공학,632457930,신영일,1,0.0,0.0,"Korean Society for Precision Engineering (NODE11104872, IF: 0.0)"
4275,2022,기계공학,626261194,이경일,1,0.0,0.0,"Korean Society for Precision Engineering (NODE11104873, IF: 0.0)"
4276,2022,기계공학,118777818,하태웅,1,0.0,0.0,"Korean Society for Precision Engineering (NODE11104874, IF: 0.0)"
4277,2022,기계공학,111831999,정기범,1,0.0,0.0,"Korean Society for Precision Engineering (NODE11104875, IF: 0.0)"
4278,2022,기계공학,179125210,권성환,1,0.0,0.0,"Korean Society for Precision Engineering (NODE11104875, IF: 0.0)"
4279,2022,기계공학,102636763,전병국,1,0.0,0.0,"Korean Society for Precision Engineering (NODE11104875, IF: 0.0)"
4280,2022,기계공학,633431148,지창운,1,0.0,0.0,"Korean Society for Precision Engineering (NODE11104876, IF: 0.0)"
4281,2022,기계공학,512587636,지수민,1,0.0,0.0,"Korean Society for Precision Engineering (NODE11104876, IF: 0.0)"
4282,2022,기계공학,293712558,변종복,1,0.0,0.0,"Korean Society for Precision Engineering (NODE11104876, IF: 0.0)"
4283,2022,기계공학,486226710,전만수,1,0.0,0.0,"Korean Society for Precision Engineering (NODE11104876, IF: 0.0)"
4284,2022,기계공학,815905011,이해수,1,0.0,0.0,"Korean Society for Precision Engineering (NODE11104877, IF: 0.0)"
4285,2022,기계공학,498793549,장민우,1,0.0,0.0,"Korean Society for Precision Engineering (NODE11104880, IF: 0.0)"
4286,2022,기계공학,289736055,정명수,1,0.0,0.0,"Korean Society for Precision Engineering (NODE11104880, IF: 0.0)"
4287,2022,기계공학,409914676,김선명,1,0.0,0.0,"Korean Society for Precision Engineering (NODE11104881, IF: 0.0)"
4288,2022,기계공학,638913379,최준원,1,0.0,0.0,"Korean Society for Precision Engineering (NODE11104882, IF: 0.0)"
4289,2022,기계공학,723090747,성민영,1,0.0,0.0,"대한기계학회 (NODE11135369, IF: 0.55)"
4290,2022,기계공학,501006859,이수일,1,0.0,0.0,"대한기계학회 (NODE11135369, IF: 0.55)"
4291,2022,기계공학,990789161,전주현,1,0.0,0.0,"대한기계학회 (NODE11135370, IF: 0.55)"
4292,2022,기계공학,476501838,이정욱,1,0.0,0.0,"한국동력기계공학회 (NODE11057984, IF: 0.38)"
4293,2022,기계공학,824556437,박정석,1,0.0,0.0,"한국동력기계공학회 (NODE11057985, IF: 0.38)"
4294,2022,기계공학,701834975,정두형,1,0.0,0.0,"한국동력기계공학회 (NODE11057986, IF: 0.38)"
4295,2022,기계공학,392806393,김병탁,1,0.0,0.0,"한국동력기계공학회 (NODE11057986, IF: 0.38)"
4296,2022,기계공학,794814566,정지현,1,0.0,0.0,"한국동력기계공학회 (NODE11057990, IF: 0.38)"
4297,2022,기계공학,227762120,황이철,1,0.0,0.0,"한국동력기계공학회 (NODE11057991, IF: 0.38)"
4298,2022,기계공학,104705588,노태원,1,0.0,0.0,"한국추진공학회 (NODE11058059, IF: 0.31)"
4299,2022,기계공학,134889086,유필훈,1,0.0,0.0,"한국추진공학회 (NODE11058059, IF: 0.31)"
4300,2022,기계공학,384661875,양희성,1,0.0,0.0,"한국추진공학회 (NODE11058060, IF: 0.31)"
4301,2022,기계공학,527770158,박성현,1,0.0,0.0,"한국추진공학회 (NODE11058061, IF: 0.31)"
4302,2022,기계공학,371533505,유건원,1,0.0,0.0,"한국추진공학회 (NODE11058062, IF: 0.31)"
4303,2022,기계공학,285249213,이동호,1,0.0,0.0,"한국추진공학회 (NODE11058063, IF: 0.31)"
4304,2022,기계공학,931693894,김호락,1,0.0,0.0,"한국추진공학회 (NODE11058063, IF: 0.31)"
4305,2022,기계공학,934144879,도근태,1,0.0,0.0,"한국추진공학회 (NODE11058063, IF: 0.31)"
4306,2022,기계공학,192332862,김영호,1,0.0,0.0,"한국추진공학회 (NODE11058063, IF: 0.31)"
4307,2022,기계공학,5174668,박재홍,1,0.0,0.0,"한국추진공학회 (NODE11058063, IF: 0.31)"
4308,2022,기계공학,171394689,이재준,1,0.0,0.0,"한국추진공학회 (NODE11058063, IF: 0.31)"
4309,2022,기계공학,409822835,최원호,1,0.0,0.0,"한국추진공학회 (NODE11058063, IF: 0.31)"
4310,2022,기계공학,500335020,김대환,1,0.0,0.0,"한국추진공학회 (NODE11058068, IF: 0.31)"
4311,2022,기계공학,824716962,허수범,1,0.0,0.0,"한국추진공학회 (NODE11058068, IF: 0.31)"
4312,2022,기계공학,771478742,김인호,1,0.0,0.0,"한국추진공학회 (NODE11058068, IF: 0.31)"
4313,2022,기계공학,1615315,황동현,1,0.0,0.0,"한국추진공학회 (NODE11058068, IF: 0.31)"
4314,2022,기계공학,950028081,강철웅,1,0.0,0.0,"한국추진공학회 (NODE11058068, IF: 0.31)"
4315,2022,기계공학,276751403,이신우,1,0.0,0.0,"한국추진공학회 (NODE11058068, IF: 0.31)"
4316,2022,기계공학,525600952,윤영빈,1,0.0,0.0,"한국추진공학회 (NODE11058068, IF: 0.31)"
4317,2022,기계공학,882081504,한명재,1,0.0,0.0,"한국추진공학회 (NODE11058069, IF: 0.31)"
4318,2022,기계공학,498380875,설진운,1,0.0,0.0,"한국추진공학회 (NODE11058069, IF: 0.31)"
4319,2022,기계공학,220219070,정승호,1,0.0,0.0,"한국추진공학회 (NODE11058069, IF: 0.31)"
4320,2022,기계공학,779992212,차민경,1,0.0,0.0,"한국추진공학회 (NODE11058069, IF: 0.31)"
4321,2022,기계공학,455898532,장호연,1,0.0,0.0,"한국추진공학회 (NODE11058069, IF: 0.31)"
4322,2022,기계공학,387750164,김중회,1,0.0,0.0,"한국추진공학회 (NODE11058069, IF: 0.31)"
4323,2022,기계공학,772236510,한경환,1,0.0,0.0,"한국추진공학회 (NODE11058070, IF: 0.31)"
4324,2022,기계공학,392622178,박노철,1,0.0,0.0,"한국소음진동공학회 (NODE11023611, IF: 0.41)"
4325,2022,기계공학,392604191,박영민,1,0.0,0.0,"한국소음진동공학회 (NODE11023612, IF: 0.41)"
4326,2022,기계공학,643868429,김영찬,1,0.0,0.0,"한국소음진동공학회 (NODE11023613, IF: 0.41)"
4327,2022,기계공학,666138712,전원주,1,0.0,0.0,"한국소음진동공학회 (NODE11023613, IF: 0.41)"
4328,2022,기계공학,568218531,송종춘,1,0.0,0.0,"한국소음진동공학회 (NODE11023614, IF: 0.41)"
4329,2022,기계공학,782828132,김현실,1,0.0,0.0,"한국소음진동공학회 (NODE11023616, IF: 0.41)"
4330,2022,기계공학,163476031,김봉기,1,0.0,0.0,"한국소음진동공학회 (NODE11023616, IF: 0.41)"
4331,2022,기계공학,789703202,한승진,1,0.0,0.0,"한국소음진동공학회 (NODE11023619, IF: 0.41)"
4332,2022,기계공학,706829759,유재영,1,0.0,0.0,"한국소음진동공학회 (NODE11023620, IF: 0.41)"
4333,2022,기계공학,745843851,이태진,1,0.0,0.0,"대한설비공학회 (NODE10894156, IF: 0.42)"
4334,2022,기계공학,542620127,정동수,1,0.0,0.0,"대한설비공학회 (NODE10894156, IF: 0.42)"
4335,2022,기계공학,696510074,이선곤,1,0.0,0.0,"대한설비공학회 (NODE10894156, IF: 0.42)"
4336,2022,기계공학,111604987,홍경희,1,0.0,0.0,"대한설비공학회 (NODE10894157, IF: 0.42)"
4337,2022,기계공학,424944630,백원근,1,0.0,0.0,"대한설비공학회 (NODE10894157, IF: 0.42)"
4338,2022,기계공학,157917782,김태영,1,0.0,0.0,"대한설비공학회 (NODE10894158, IF: 0.42)"
4339,2022,기계공학,324338913,조성우,1,0.0,0.0,"대한설비공학회 (NODE10894158, IF: 0.42)"
4340,2022,기계공학,494365648,방재웅,1,0.0,0.0,"대한설비공학회 (NODE10894159, IF: 0.42)"
4341,2022,기계공학,948577725,구기범,1,0.0,0.0,"대한설비공학회 (NODE10894160, IF: 0.42)"
4342,2022,기계공학,889543341,정신규,1,0.0,0.0,"대한설비공학회 (NODE10894160, IF: 0.42)"
4343,2022,기계공학,599748939,양자강,1,0.0,0.0,"대한설비공학회 (NODE10894161, IF: 0.42)"
4344,2022,기계공학,403518048,이창재,1,0.0,0.0,"대한설비공학회 (NODE10894161, IF: 0.42)"
4345,2022,기계공학,145236619,박선효,1,0.0,0.0,"대한설비공학회 (NODE10894161, IF: 0.42)"
4346,2022,기계공학,903875042,정영천,1,0.0,0.0,"대한용접·접합학회 (NODE11151134, IF: 0.65)"
4347,2022,기계공학,926148133,임희대,1,0.0,0.0,"대한용접·접합학회 (NODE11151134, IF: 0.65)"
4348,2022,기계공학,839645923,최창현,1,0.0,0.0,"대한용접·접합학회 (NODE11151134, IF: 0.65)"
4349,2022,기계공학,288759304,길웅,1,0.0,0.0,"대한용접·접합학회 (NODE11151134, IF: 0.65)"
4350,2022,기계공학,403644389,조동필,1,0.0,0.0,"대한용접·접합학회 (NODE11151135, IF: 0.65)"
4351,2022,기계공학,947901731,김정환,1,0.0,0.0,"대한용접·접합학회 (NODE11151136, IF: 0.65)"
4352,2022,기계공학,815011650,유승수,1,0.0,0.0,"대한용접·접합학회 (NODE11151136, IF: 0.65)"
4353,2022,기계공학,236063713,박창우,1,0.0,0.0,"대한용접·접합학회 (NODE11151137, IF: 0.65)"
4354,2022,기계공학,469114035,주우현,1,0.0,0.0,"대한용접·접합학회 (NODE11151142, IF: 0.65)"
4355,2022,기계공학,871318417,Jang-Hoon Pyun,1,0.0,0.0,"한국마린엔지니어링학회 (NODE11151265, IF: 0.08)"
4356,2022,기계공학,144227572,Hyang-Kwoen Yang,1,0.0,0.0,"한국마린엔지니어링학회 (NODE11151265, IF: 0.08)"
4357,2022,기계공학,526465355,Jin-Hun Choo,1,0.0,0.0,"한국마린엔지니어링학회 (NODE11151265, IF: 0.08)"
4358,2022,기계공학,498089210,Sung-Gon Ryu,1,0.0,0.0,"한국마린엔지니어링학회 (NODE11151265, IF: 0.08)"
4359,2022,기계공학,530282021,Gi-Seon Jeong,1,0.0,0.0,"한국마린엔지니어링학회 (NODE11151267, IF: 0.08)"
4360,2022,기계공학,786905279,Sang-Jin Lee,1,0.0,0.0,"한국마린엔지니어링학회 (NODE11151267, IF: 0.08)"
4361,2022,기계공학,207391007,Sang-Do Lee,1,0.0,0.0,"한국마린엔지니어링학회 (NODE11151267, IF: 0.08)"
4362,2022,기계공학,206321546,이시웅,1,0.0,0.0,"한국마린엔지니어링학회 (NODE11151269, IF: 0.08)"
4363,2022,기계공학,413821224,윤병주,1,0.0,0.0,"한국마린엔지니어링학회 (NODE11151269, IF: 0.08)"
4364,2022,기계공학,386387037,Byong-Ug Jeong,1,0.0,0.0,"한국마린엔지니어링학회 (NODE11151271, IF: 0.08)"
4365,2022,기계공학,611902295,Mi-Kyoung Song,1,0.0,0.0,"한국마린엔지니어링학회 (NODE11151271, IF: 0.08)"
4366,2022,기계공학,289551005,남동,1,0.0,0.0,"한국마린엔지니어링학회 (NODE11151271, IF: 0.08)"
4367,2022,기계공학,142260045,Pil Woo Heo,1,0.0,0.0,"한국마린엔지니어링학회 (NODE11151272, IF: 0.08)"
4368,2022,기계공학,104613835,Woo Jin Kim,1,0.0,0.0,"한국마린엔지니어링학회 (NODE11151273, IF: 0.08)"
4369,2022,기계공학,650153523,Min Kyu Kim,1,0.0,0.0,"한국마린엔지니어링학회 (NODE11151273, IF: 0.08)"
4370,2022,기계공학,897002065,리창창,1,0.0,0.0,"한국동력기계공학회 (NODE11151284, IF: 0.38)"
4371,2022,기계공학,292491677,김종환,1,0.0,0.0,"한국동력기계공학회 (NODE11151284, IF: 0.38)"
4372,2022,기계공학,290338271,공경주,1,0.0,0.0,"한국동력기계공학회 (NODE11151284, IF: 0.38)"
4373,2022,기계공학,824613970,고대권,1,0.0,0.0,"한국동력기계공학회 (NODE11151284, IF: 0.38)"
4374,2022,기계공학,972978983,김종우,1,0.0,0.0,"한국동력기계공학회 (NODE11151288, IF: 0.38)"
4375,2022,기계공학,251999138,추상윤,1,0.0,0.0,"한국동력기계공학회 (NODE11151288, IF: 0.38)"
4376,2022,기계공학,680336895,김주현,1,0.0,0.0,"한국동력기계공학회 (NODE11151289, IF: 0.38)"
4377,2022,기계공학,608910569,조영진,1,0.0,0.0,"한국동력기계공학회 (NODE11151289, IF: 0.38)"
4378,2022,기계공학,648546021,서상일,1,0.0,0.0,"한국동력기계공학회 (NODE11151293, IF: 0.38)"
4379,2022,기계공학,638564592,백종희,1,0.0,0.0,"유공압건설기계학회 (NODE11176792, IF: 1.02)"
4380,2022,기계공학,779250515,Thi Hong Minh Hoang,1,0.0,0.0,"한국유체기계학회 (NODE11031028, IF: 0.38)"
4381,2022,기계공학,520623329,이남경,1,0.0,0.0,"한국유체기계학회 (NODE11031029, IF: 0.38)"
4382,2022,기계공학,647029823,이준석,1,0.0,0.0,"한국유체기계학회 (NODE11031029, IF: 0.38)"
4383,2022,기계공학,379464124,양재성,1,0.0,0.0,"한국유체기계학회 (NODE11031029, IF: 0.38)"
4384,2022,기계공학,252397069,허정훈,1,0.0,0.0,"한국유체기계학회 (NODE11031029, IF: 0.38)"
4385,2022,기계공학,956825559,이준용,1,0.0,0.0,"한국유체기계학회 (NODE11031031, IF: 0.38)"
4386,2022,기계공학,472068014,김만복,1,0.0,0.0,"한국유체기계학회 (NODE11031031, IF: 0.38)"
4387,2022,기계공학,683814888,안태경,1,0.0,0.0,"한국유체기계학회 (NODE11031031, IF: 0.38)"
4388,2022,기계공학,476796519,최만수,1,0.0,0.0,"한국유체기계학회 (NODE11031031, IF: 0.38)"
4389,2022,기계공학,505895448,이보화,1,0.0,0.0,"한국추진공학회 (NODE11083705, IF: 0.31)"
4390,2022,기계공학,884607237,김춘택,1,0.0,0.0,"한국추진공학회 (NODE11083705, IF: 0.31)"
4391,2022,기계공학,343863244,허재성,1,0.0,0.0,"한국추진공학회 (NODE11083705, IF: 0.31)"
4392,2022,기계공학,495943112,김재환,1,0.0,0.0,"한국추진공학회 (NODE11083705, IF: 0.31)"
4393,2022,기계공학,237237491,이숙,1,0.0,0.0,"한국추진공학회 (NODE11083706, IF: 0.31)"
4394,2022,기계공학,647265257,손택준,1,0.0,0.0,"한국추진공학회 (NODE11083706, IF: 0.31)"
4395,2022,기계공학,529860479,최상민,1,0.0,0.0,"한국추진공학회 (NODE11083706, IF: 0.31)"
4396,2022,기계공학,622753059,배진효,1,0.0,0.0,"한국추진공학회 (NODE11083706, IF: 0.31)"
4397,2022,기계공학,715219791,유진석,1,0.0,0.0,"한국추진공학회 (NODE11083707, IF: 0.31)"
4398,2022,기계공학,302075419,강동원,1,0.0,0.0,"한국추진공학회 (NODE11083707, IF: 0.31)"
4399,2022,기계공학,1858731,조하나,1,0.0,0.0,"한국추진공학회 (NODE11083709, IF: 0.31)"
4400,2022,기계공학,474837995,황인석,1,0.0,0.0,"한국기계가공학회 (NODE11083746, IF: 0.35)"
4401,2022,기계공학,828231641,신창섭,1,0.0,0.0,"한국기계가공학회 (NODE11083746, IF: 0.35)"
4402,2022,기계공학,248355218,곽진,1,0.0,0.0,"한국기계가공학회 (NODE11083747, IF: 0.35)"
4403,2022,기계공학,652334636,이영식,1,0.0,0.0,"한국기계가공학회 (NODE11083747, IF: 0.35)"
4404,2022,기계공학,305595600,윤성호,1,0.0,0.0,"한국기계가공학회 (NODE11083753, IF: 0.35)"
4405,2022,기계공학,412751845,이정원,1,0.0,0.0,"한국기계가공학회 (NODE11083754, IF: 0.35)"
4406,2022,기계공학,497250120,Man-Jun Yu,1,0.0,0.0,"한국기계가공학회 (NODE11083755, IF: 0.35)"
4407,2022,기계공학,393685232,Jong-Cheon Park,1,0.0,0.0,"한국기계가공학회 (NODE11083755, IF: 0.35)"
4408,2022,기계공학,948912510,주창민,1,0.0,0.0,"한국기계가공학회 (NODE11083757, IF: 0.35)"
4409,2022,기계공학,171329806,이정실,1,0.0,0.0,"한국기계가공학회 (NODE11083758, IF: 0.35)"
4410,2022,기계공학,112384985,김영준,1,0.0,0.0,"한국유체기계학회 (NODE11073578, IF: 0.38)"
4411,2022,기계공학,491497856,최종웅,1,0.0,0.0,"한국유체기계학회 (NODE11073578, IF: 0.38)"
4412,2022,기계공학,5537921,정철영,1,0.0,0.0,"한국유체기계학회 (NODE11073579, IF: 0.38)"
4413,2022,기계공학,332542909,국정근,1,0.0,0.0,"한국유체기계학회 (NODE11073579, IF: 0.38)"
4414,2022,기계공학,277165300,이계복,1,0.0,0.0,"한국유체기계학회 (NODE11073581, IF: 0.38)"
4415,2022,기계공학,591786881,김대근,1,0.0,0.0,"한국유체기계학회 (NODE11073581, IF: 0.38)"
4416,2022,기계공학,299933,박태진,1,0.0,0.0,"한국유체기계학회 (NODE11073581, IF: 0.38)"
4417,2022,기계공학,865249742,김태성,1,0.0,0.0,"대한기계학회 (NODE11073800, IF: 0.55)"
4418,2022,기계공학,995525759,민태기,1,0.0,0.0,"대한기계학회 (NODE11073801, IF: 0.55)"
4419,2022,기계공학,923991009,양회관,1,0.0,0.0,"대한기계학회 (NODE11073801, IF: 0.55)"
4420,2022,기계공학,443337148,정훈의,1,0.0,0.0,"대한기계학회 (NODE11073808, IF: 0.55)"
4421,2022,기계공학,346274663,김재일,1,0.0,0.0,"대한기계학회 (NODE11073808, IF: 0.55)"
4422,2022,기계공학,791697031,박정환,1,0.0,0.0,"대한기계학회 (NODE11073809, IF: 0.55)"
4423,2022,기계공학,709186189,윤여상,1,0.0,0.0,"대한기계학회 (NODE11073810, IF: 0.55)"
4424,2022,기계공학,953490774,고승환,1,0.0,0.0,"대한기계학회 (NODE11073810, IF: 0.55)"
4425,2022,기계공학,793159726,이가연,1,0.0,0.0,"대한기계학회 (NODE11073811, IF: 0.55)"
4426,2022,기계공학,401847027,최정욱,1,0.0,0.0,"대한기계학회 (NODE11073811, IF: 0.55)"
4427,2022,기계공학,451550151,양종대,1,0.0,0.0,"대한기계학회 (NODE11073822, IF: 0.55)"
4428,2022,기계공학,656939569,양회관,1,0.0,0.0,"대한기계학회 (NODE11073822, IF: 0.55)"
4429,2022,기계공학,529441276,추남선,1,0.0,0.0,"대한기계학회 (NODE11073828, IF: 0.55)"
4430,2022,기계공학,456588330,이현주,1,0.0,0.0,"대한기계학회 (NODE11073829, IF: 0.55)"
4431,2022,기계공학,915035749,김홍남,1,0.0,0.0,"대한기계학회 (NODE11073830, IF: 0.55)"
4432,2022,기계공학,384003560,김소희,1,0.0,0.0,"대한기계학회 (NODE11073831, IF: 0.55)"
4433,2022,기계공학,950274377,문현민,1,0.0,0.0,"대한기계학회 (NODE11073831, IF: 0.55)"
4434,2022,기계공학,385318543,조진우,1,0.0,0.0,"Korean Society for Precision Engineering (NODE11067898, IF: 0.0)"
4435,2022,기계공학,613934330,박지일,1,0.0,0.0,"Korean Society for Precision Engineering (NODE11067898, IF: 0.0)"
4436,2022,기계공학,804974822,전현용,1,0.0,0.0,"Korean Society for Precision Engineering (NODE11067898, IF: 0.0)"
4437,2022,기계공학,280681787,박지혁,1,0.0,0.0,"Korean Society for Precision Engineering (NODE11067898, IF: 0.0)"
4438,2022,기계공학,296617372,김도영,1,0.0,0.0,"Korean Society for Precision Engineering (NODE11067899, IF: 0.0)"
4439,2022,기계공학,263301465,Eun-Jeong Jang,1,0.0,0.0,"Korean Society for Precision Engineering (NODE11067900, IF: 0.0)"
4440,2022,기계공학,517954019,Su-Yeon Lee,1,0.0,0.0,"Korean Society for Precision Engineering (NODE11067900, IF: 0.0)"
4441,2022,기계공학,5141959,Kyung-Hwan Kim,1,0.0,0.0,"Korean Society for Precision Engineering (NODE11067900, IF: 0.0)"
4442,2022,기계공학,126842841,이길용,1,0.0,0.0,"Korean Society for Precision Engineering (NODE11067900, IF: 0.0)"
4443,2022,기계공학,966541206,백승호,1,0.0,0.0,"Korean Society for Precision Engineering (NODE11067901, IF: 0.0)"
4444,2022,기계공학,869827742,지호성,1,0.0,0.0,"Korean Society for Precision Engineering (NODE11067901, IF: 0.0)"
4445,2022,기계공학,184888480,Marinus Mieremet,1,0.0,0.0,"Korean Society for Precision Engineering (NODE11067901, IF: 0.0)"
4446,2022,기계공학,146863001,김명곤,1,0.0,0.0,"Korean Society for Precision Engineering (NODE11067901, IF: 0.0)"
4447,2022,기계공학,1835664,최대철,1,0.0,0.0,"Korean Society for Precision Engineering (NODE11067902, IF: 0.0)"
4448,2022,기계공학,749865312,한영구,1,0.0,0.0,"Korean Society for Precision Engineering (NODE11067902, IF: 0.0)"
4449,2022,기계공학,353874021,홍민철,1,0.0,0.0,"Korean Society for Precision Engineering (NODE11067902, IF: 0.0)"
4450,2022,기계공학,5108082,신기훈,1,0.0,0.0,"Korean Society for Precision Engineering (NODE11067902, IF: 0.0)"
4451,2022,기계공학,573585936,나기정,1,0.0,0.0,"Korean Society for Precision Engineering (NODE11067902, IF: 0.0)"
4452,2022,기계공학,414276084,정종설,1,0.0,0.0,"Korean Society for Precision Engineering (NODE11067902, IF: 0.0)"
4453,2022,기계공학,272181178,유호훈,1,0.0,0.0,"Korean Society for Precision Engineering (NODE11067902, IF: 0.0)"
4454,2022,기계공학,333439393,Dahyun Nam,1,0.0,0.0,"Korean Society for Precision Engineering (NODE11067906, IF: 0.0)"
4455,2022,기계공학,710610851,박기원,1,0.0,0.0,"Korean Society for Precision Engineering (NODE11067906, IF: 0.0)"
4456,2022,기계공학,920807758,박찬혁,1,0.0,0.0,"Korean Society for Precision Engineering (NODE11067907, IF: 0.0)"
4457,2022,기계공학,765261044,따망사전,1,0.0,0.0,"Korean Society for Precision Engineering (NODE11067907, IF: 0.0)"
4458,2022,기계공학,374698718,노혜강,1,0.0,0.0,"Korean Society for Precision Engineering (NODE11067908, IF: 0.0)"
4459,2022,기계공학,912763888,染谷博行,1,0.0,0.0,"대한설비공학회 (NODE11039541, IF: 0.42)"
4460,2022,기계공학,390820063,김민수,1,0.0,0.0,"한국항공우주학회 (NODE11049826, IF: 0.32)"
4461,2022,기계공학,765611323,김지윤,1,0.0,0.0,"한국항공우주학회 (NODE11049826, IF: 0.32)"
4462,2022,기계공학,651564243,박은교,1,0.0,0.0,"한국항공우주학회 (NODE11049826, IF: 0.32)"
4463,2022,기계공학,254763828,김태민,1,0.0,0.0,"한국항공우주학회 (NODE11049826, IF: 0.32)"
4464,2022,기계공학,1470315,조진연,1,0.0,0.0,"한국항공우주학회 (NODE11049826, IF: 0.32)"
4465,2022,기계공학,394380588,김정호,1,0.0,0.0,"한국항공우주학회 (NODE11049826, IF: 0.32)"
4466,2022,기계공학,169381351,문규진,1,0.0,0.0,"한국항공우주학회 (NODE11049827, IF: 0.32)"
4467,2022,기계공학,129306923,정의택,1,0.0,0.0,"한국항공우주학회 (NODE11049827, IF: 0.32)"
4468,2022,기계공학,755399899,김민영,1,0.0,0.0,"한국항공우주학회 (NODE11049828, IF: 0.32)"
4469,2022,기계공학,436298784,이현재,1,0.0,0.0,"한국항공우주학회 (NODE11049828, IF: 0.32)"
4470,2022,기계공학,168622924,전호영,1,0.0,0.0,"한국항공우주학회 (NODE11049829, IF: 0.32)"
4471,2022,기계공학,914111389,임산하,1,0.0,0.0,"한국항공우주학회 (NODE11049830, IF: 0.32)"
4472,2022,기계공학,993427851,이선아,1,0.0,0.0,"한국항공우주학회 (NODE11049830, IF: 0.32)"
4473,2022,기계공학,269347335,전용기,1,0.0,0.0,"한국항공우주학회 (NODE11049830, IF: 0.32)"
4474,2022,기계공학,210425686,손준원,1,0.0,0.0,"한국항공우주학회 (NODE11049831, IF: 0.32)"
4475,2022,기계공학,378030636,이창석,1,0.0,0.0,"한국항공우주학회 (NODE11049835, IF: 0.32)"
4476,2022,기계공학,911764981,김주현,1,0.0,0.0,"한국항공우주학회 (NODE11049835, IF: 0.32)"
4477,2022,기계공학,121028522,최봉완,1,0.0,0.0,"한국항공우주학회 (NODE11049835, IF: 0.32)"
4478,2022,기계공학,371763703,김경택,1,0.0,0.0,"한국항공우주학회 (NODE11049835, IF: 0.32)"
4479,2022,기계공학,699847654,권우진,1,0.0,0.0,"한국자동차안전학회 (NODE11288055, IF: 0.41)"
4480,2022,기계공학,955439151,손성호,1,0.0,0.0,"한국자동차안전학회 (NODE11288056, IF: 0.41)"
4481,2022,기계공학,210495917,이정기,1,0.0,0.0,"한국자동차안전학회 (NODE11288056, IF: 0.41)"
4482,2022,기계공학,183785671,윤용문,1,0.0,0.0,"한국자동차안전학회 (NODE11288057, IF: 0.41)"
4483,2022,기계공학,764249710,박종찬,1,0.0,0.0,"한국자동차안전학회 (NODE11288057, IF: 0.41)"
4484,2022,기계공학,178097682,임동원,1,0.0,0.0,"한국자동차안전학회 (NODE11288058, IF: 0.41)"
4485,2022,기계공학,472634032,현은재,1,0.0,0.0,"한국자동차안전학회 (NODE11288058, IF: 0.41)"
4486,2022,기계공학,591764134,이상현,1,0.0,0.0,"한국자동차안전학회 (NODE11288059, IF: 0.41)"
4487,2022,기계공학,266859553,고한검,1,0.0,0.0,"한국자동차안전학회 (NODE11288059, IF: 0.41)"
4488,2022,기계공학,722807519,이현우,1,0.0,0.0,"한국자동차안전학회 (NODE11288059, IF: 0.41)"
4489,2022,기계공학,256661688,조성우,1,0.0,0.0,"한국자동차안전학회 (NODE11288059, IF: 0.41)"
4490,2022,기계공학,441772174,윤일수,1,0.0,0.0,"한국자동차안전학회 (NODE11288059, IF: 0.41)"
4491,2022,기계공학,780173900,우현구,1,0.0,0.0,"한국자동차안전학회 (NODE11288060, IF: 0.41)"
4492,2022,기계공학,430232787,박지양,1,0.0,0.0,"한국자동차안전학회 (NODE11288062, IF: 0.41)"
4493,2022,기계공학,860484316,정재환,1,0.0,0.0,"한국자동차안전학회 (NODE11288062, IF: 0.41)"
4494,2022,기계공학,271649654,윤진수,1,0.0,0.0,"한국자동차안전학회 (NODE11288062, IF: 0.41)"
4495,2022,기계공학,939536441,김성철,1,0.0,0.0,"한국자동차안전학회 (NODE11288062, IF: 0.41)"
4496,2022,기계공학,651333830,김지연,1,0.0,0.0,"한국자동차안전학회 (NODE11288062, IF: 0.41)"
4497,2022,기계공학,546451486,이호상,1,0.0,0.0,"한국자동차안전학회 (NODE11288062, IF: 0.41)"
4498,2022,기계공학,637268620,류익희,1,0.0,0.0,"한국자동차안전학회 (NODE11288062, IF: 0.41)"
4499,2022,기계공학,395714747,권영문,1,0.0,0.0,"한국자동차안전학회 (NODE11288062, IF: 0.41)"
4500,2022,기계공학,580366513,김형선,1,0.0,0.0,"한국자동차안전학회 (NODE11288063, IF: 0.41)"
4501,2022,기계공학,362291186,박수인,1,0.0,0.0,"한국자동차안전학회 (NODE11288065, IF: 0.41)"
4502,2022,기계공학,382471353,양은주,1,0.0,0.0,"한국자동차안전학회 (NODE11288065, IF: 0.41)"
4503,2022,기계공학,620153269,임재문,1,0.0,0.0,"한국자동차안전학회 (NODE11288067, IF: 0.41)"
4504,2022,기계공학,764702915,吉田真誠,1,0.0,0.0,"대한설비공학회 (NODE11100772, IF: 0.42)"
4505,2022,기계공학,113959823,김예진,1,0.0,0.0,"한국기계가공학회 (NODE11062024, IF: 0.35)"
4506,2022,기계공학,178584226,김우중,1,0.0,0.0,"한국기계가공학회 (NODE11062025, IF: 0.35)"
4507,2022,기계공학,101534237,김수완,1,0.0,0.0,"한국기계가공학회 (NODE11062025, IF: 0.35)"
4508,2022,기계공학,913513952,박성현,1,0.0,0.0,"한국기계가공학회 (NODE11062025, IF: 0.35)"
4509,2022,기계공학,806218069,도양회,1,0.0,0.0,"한국기계가공학회 (NODE11062025, IF: 0.35)"
4510,2022,기계공학,412363104,양영진,1,0.0,0.0,"한국기계가공학회 (NODE11062025, IF: 0.35)"
4511,2022,기계공학,304922628,박진근,1,0.0,0.0,"한국기계가공학회 (NODE11062028, IF: 0.35)"
4512,2022,기계공학,359607340,박성호,1,0.0,0.0,"한국기계가공학회 (NODE11062029, IF: 0.35)"
4513,2022,기계공학,638781804,김용선,1,0.0,0.0,"한국기계가공학회 (NODE11062030, IF: 0.35)"
4514,2022,기계공학,734744801,신백천,1,0.0,0.0,"한국기계가공학회 (NODE11062031, IF: 0.35)"
4515,2022,기계공학,468108462,이준혁,1,0.0,0.0,"한국기계가공학회 (NODE11062031, IF: 0.35)"
4516,2022,기계공학,263893511,천세호,1,0.0,0.0,"한국기계가공학회 (NODE11062033, IF: 0.35)"
4517,2022,기계공학,494495239,차병서,1,0.0,0.0,"한국기계가공학회 (NODE11062034, IF: 0.35)"
4518,2022,기계공학,195267141,조우현,1,0.0,0.0,"한국기계가공학회 (NODE11062034, IF: 0.35)"
4519,2022,기계공학,236660497,양원옥,1,0.0,0.0,"한국기계가공학회 (NODE11062034, IF: 0.35)"
4520,2022,기계공학,955537797,이윤승,1,0.0,0.0,"한국기계가공학회 (NODE11062036, IF: 0.35)"
4521,2022,기계공학,672680208,이도영,1,0.0,0.0,"한국기계가공학회 (NODE11062036, IF: 0.35)"
4522,2022,기계공학,428829,김영일,1,0.0,0.0,"한국기계가공학회 (NODE11062037, IF: 0.35)"
4523,2022,기계공학,646141426,오창혁,1,0.0,0.0,"한국기계가공학회 (NODE11062040, IF: 0.35)"
4524,2022,기계공학,353480873,박현하,1,0.0,0.0,"한국기계가공학회 (NODE11062041, IF: 0.35)"
4525,2022,기계공학,633861470,이동현,1,0.0,0.0,"한국트라이볼로지학회 (NODE11063099, IF: 0.35)"
4526,2022,기계공학,100816541,김병옥,1,0.0,0.0,"한국트라이볼로지학회 (NODE11063099, IF: 0.35)"
4527,2022,기계공학,1524594,정준하,1,0.0,0.0,"한국트라이볼로지학회 (NODE11063099, IF: 0.35)"
4528,2022,기계공학,742047062,임형수,1,0.0,0.0,"한국트라이볼로지학회 (NODE11063099, IF: 0.35)"
4529,2022,기계공학,740900826,김재곤,1,0.0,0.0,"한국트라이볼로지학회 (NODE11063100, IF: 0.35)"
4530,2022,기계공학,566327698,민영제,1,0.0,0.0,"한국트라이볼로지학회 (NODE11063100, IF: 0.35)"
4531,2022,기계공학,777899692,김목연,1,0.0,0.0,"한국트라이볼로지학회 (NODE11063100, IF: 0.35)"
4532,2022,기계공학,798734737,곽병섭,1,0.0,0.0,"한국트라이볼로지학회 (NODE11063100, IF: 0.35)"
4533,2022,기계공학,685727458,박현주,1,0.0,0.0,"한국트라이볼로지학회 (NODE11063100, IF: 0.35)"
4534,2022,기계공학,389491,이종성,1,0.0,0.0,"한국트라이볼로지학회 (NODE11063101, IF: 0.35)"
4535,2022,기계공학,5487340,이정인,1,0.0,0.0,"한국트라이볼로지학회 (NODE11063102, IF: 0.35)"
4536,2022,기계공학,250695,서준호,1,0.0,0.0,"한국트라이볼로지학회 (NODE11063102, IF: 0.35)"
4537,2022,기계공학,593457593,김은겸,1,0.0,0.0,"한국트라이볼로지학회 (NODE11063104, IF: 0.35)"
4538,2022,기계공학,120324512,김현찬,1,0.0,0.0,"한국트라이볼로지학회 (NODE11063104, IF: 0.35)"
4539,2022,기계공학,710017456,박준영,1,0.0,0.0,"한국트라이볼로지학회 (NODE11063104, IF: 0.35)"
4540,2022,기계공학,473527089,김민우,1,0.0,0.0,"항공우주시스템공학회 (NODE11193400, IF: 0.26)"
4541,2022,기계공학,5420007,고상호,1,0.0,0.0,"항공우주시스템공학회 (NODE11193400, IF: 0.26)"
4542,2022,기계공학,481280023,백기태,1,0.0,0.0,"항공우주시스템공학회 (NODE11193403, IF: 0.26)"
4543,2022,기계공학,948425233,장정훈,1,0.0,0.0,"항공우주시스템공학회 (NODE11193404, IF: 0.26)"
4544,2022,기계공학,123554377,김성수,1,0.0,0.0,"항공우주시스템공학회 (NODE11193404, IF: 0.26)"
4545,2022,기계공학,326268019,이지현,1,0.0,0.0,"항공우주시스템공학회 (NODE11193404, IF: 0.26)"
4546,2022,기계공학,829069576,황진영,1,0.0,0.0,"항공우주시스템공학회 (NODE11193406, IF: 0.26)"
4547,2022,기계공학,987412511,오승현,1,0.0,0.0,"항공우주시스템공학회 (NODE11193407, IF: 0.26)"
4548,2022,기계공학,289476252,서병익,1,0.0,0.0,"항공우주시스템공학회 (NODE11193407, IF: 0.26)"
4549,2022,기계공학,421221923,조현준,1,0.0,0.0,"항공우주시스템공학회 (NODE11193408, IF: 0.26)"
4550,2022,기계공학,838077777,김태주,1,0.0,0.0,"항공우주시스템공학회 (NODE11193408, IF: 0.26)"
4551,2022,기계공학,196771485,김은수,1,0.0,0.0,"항공우주시스템공학회 (NODE11193408, IF: 0.26)"
4552,2022,기계공학,902745406,신진영,1,0.0,0.0,"항공우주시스템공학회 (NODE11193412, IF: 0.26)"
4553,2022,기계공학,356674437,박재현,1,0.0,0.0,"항공우주시스템공학회 (NODE11193415, IF: 0.26)"
4554,2022,기계공학,519072898,박연혁,1,0.0,0.0,"항공우주시스템공학회 (NODE11193415, IF: 0.26)"
4555,2022,기계공학,352114517,박성우,1,0.0,0.0,"항공우주시스템공학회 (NODE11193415, IF: 0.26)"
4556,2022,기계공학,660423604,강수진,1,0.0,0.0,"항공우주시스템공학회 (NODE11193415, IF: 0.26)"
4557,2022,기계공학,2282692,손지혜,1,0.0,0.0,"항공우주시스템공학회 (NODE11193416, IF: 0.26)"
4558,2022,기계공학,244348636,강동혁,1,0.0,0.0,"항공우주시스템공학회 (NODE11193417, IF: 0.26)"
4559,2022,기계공학,499468830,김종규,1,0.0,0.0,"항공우주시스템공학회 (NODE11193417, IF: 0.26)"
4560,2022,기계공학,562690678,고영성,1,0.0,0.0,"항공우주시스템공학회 (NODE11193417, IF: 0.26)"
4561,2022,기계공학,704658495,최재동,1,0.0,0.0,"항공우주시스템공학회 (NODE11193418, IF: 0.26)"
4562,2022,기계공학,751938265,박봉규,1,0.0,0.0,"항공우주시스템공학회 (NODE11193418, IF: 0.26)"
4563,2022,기계공학,815362590,윤재호,1,0.0,0.0,"항공우주시스템공학회 (NODE11193419, IF: 0.26)"
4564,2022,기계공학,243713507,김용하,1,0.0,0.0,"항공우주시스템공학회 (NODE11193419, IF: 0.26)"
4565,2022,기계공학,107777064,이경행,1,0.0,0.0,"항공우주시스템공학회 (NODE11193420, IF: 0.26)"
4566,2022,기계공학,607308875,이은지,1,0.0,0.0,"항공우주시스템공학회 (NODE11193421, IF: 0.26)"
4567,2022,기계공학,929117304,박영태,1,0.0,0.0,"항공우주시스템공학회 (NODE11193422, IF: 0.26)"
4568,2022,기계공학,684428945,송우근,1,0.0,0.0,"항공우주시스템공학회 (NODE11193423, IF: 0.26)"
4569,2022,기계공학,455212330,최정석,1,0.0,0.0,"항공우주시스템공학회 (NODE11193423, IF: 0.26)"
4570,2022,기계공학,2014025,이정운,1,0.0,0.0,"항공우주시스템공학회 (NODE11193423, IF: 0.26)"
4571,2022,기계공학,692892796,이종철,1,0.0,0.0,"항공우주시스템공학회 (NODE11193423, IF: 0.26)"
4572,2022,기계공학,111817545,이호섭,1,0.0,0.0,"항공우주시스템공학회 (NODE11193424, IF: 0.26)"
4573,2022,기계공학,147376225,신희민,1,0.0,0.0,"항공우주시스템공학회 (NODE11193424, IF: 0.26)"
4574,2022,기계공학,802745539,심현철,1,0.0,0.0,"항공우주시스템공학회 (NODE11193424, IF: 0.26)"
4575,2022,기계공학,838904,조성욱,1,0.0,0.0,"항공우주시스템공학회 (NODE11193424, IF: 0.26)"
4576,2022,기계공학,833357345,김태균,1,0.0,0.0,"항공우주시스템공학회 (NODE11193425, IF: 0.26)"
4577,2022,기계공학,282160356,채봉건,1,0.0,0.0,"항공우주시스템공학회 (NODE11193426, IF: 0.26)"
4578,2022,기계공학,790587,조경환,1,0.0,0.0,"항공우주시스템공학회 (NODE11193427, IF: 0.26)"
4579,2022,기계공학,818263762,문상찬,1,0.0,0.0,"항공우주시스템공학회 (NODE11193427, IF: 0.26)"
4580,2022,기계공학,869330483,윤석창,1,0.0,0.0,"항공우주시스템공학회 (NODE11193427, IF: 0.26)"
4581,2022,기계공학,309432632,권승복,1,0.0,0.0,"항공우주시스템공학회 (NODE11193427, IF: 0.26)"
4582,2022,기계공학,728495699,양일영,1,0.0,0.0,"항공우주시스템공학회 (NODE11193427, IF: 0.26)"
4583,2022,기계공학,237422540,김정진,1,0.0,0.0,"항공우주시스템공학회 (NODE11193433, IF: 0.26)"
4584,2022,기계공학,489466238,김성훈,1,0.0,0.0,"항공우주시스템공학회 (NODE11193434, IF: 0.26)"
4585,2022,기계공학,826501603,김현우,1,0.0,0.0,"항공우주시스템공학회 (NODE11193434, IF: 0.26)"
4586,2022,기계공학,909350161,채희문,1,0.0,0.0,"항공우주시스템공학회 (NODE11193434, IF: 0.26)"
4587,2022,기계공학,361336693,김기두,1,0.0,0.0,"항공우주시스템공학회 (NODE11193434, IF: 0.26)"
4588,2022,기계공학,175647221,천성우,1,0.0,0.0,"항공우주시스템공학회 (NODE11193435, IF: 0.26)"
4589,2022,기계공학,583936120,정호진,1,0.0,0.0,"항공우주시스템공학회 (NODE11193435, IF: 0.26)"
4590,2022,기계공학,923772129,박민규,1,0.0,0.0,"항공우주시스템공학회 (NODE11193435, IF: 0.26)"
4591,2022,기계공학,693633494,오연경,1,0.0,0.0,"항공우주시스템공학회 (NODE11193436, IF: 0.26)"
4592,2022,기계공학,802280192,김수호,1,0.0,0.0,"항공우주시스템공학회 (NODE11193436, IF: 0.26)"
4593,2022,기계공학,387135875,최성환,1,0.0,0.0,"항공우주시스템공학회 (NODE11193436, IF: 0.26)"
4594,2022,기계공학,887335698,서현우,1,0.0,0.0,"항공우주시스템공학회 (NODE11193436, IF: 0.26)"
4595,2022,기계공학,940047793,지승환,1,0.0,0.0,"항공우주시스템공학회 (NODE11193437, IF: 0.26)"
4596,2022,기계공학,874408320,박진상,1,0.0,0.0,"항공우주시스템공학회 (NODE11193438, IF: 0.26)"
4597,2022,기계공학,555688168,송민재,1,0.0,0.0,"항공우주시스템공학회 (NODE11193438, IF: 0.26)"
4598,2022,기계공학,386252905,최은주,1,0.0,0.0,"항공우주시스템공학회 (NODE11193438, IF: 0.26)"
4599,2022,기계공학,778255279,전성민,1,0.0,0.0,"항공우주시스템공학회 (NODE11193439, IF: 0.26)"
4600,2022,기계공학,619696253,윤석환,1,0.0,0.0,"항공우주시스템공학회 (NODE11193439, IF: 0.26)"
4601,2022,기계공학,395299808,정태검,1,0.0,0.0,"항공우주시스템공학회 (NODE11193439, IF: 0.26)"
4602,2022,기계공학,843343595,김민수,1,0.0,0.0,"항공우주시스템공학회 (NODE11193440, IF: 0.26)"
4603,2022,기계공학,532669809,이도근,1,0.0,0.0,"항공우주시스템공학회 (NODE11193440, IF: 0.26)"
4604,2022,기계공학,775787437,정치운,1,0.0,0.0,"항공우주시스템공학회 (NODE11193440, IF: 0.26)"
4605,2022,기계공학,644731810,정지희,1,0.0,0.0,"항공우주시스템공학회 (NODE11193440, IF: 0.26)"
4606,2022,기계공학,706332193,김태욱,1,0.0,0.0,"항공우주시스템공학회 (NODE11193442, IF: 0.26)"
4607,2022,기계공학,892463611,안수홍,1,0.0,0.0,"항공우주시스템공학회 (NODE11193443, IF: 0.26)"
4608,2022,기계공학,288603309,김영신,1,0.0,0.0,"항공우주시스템공학회 (NODE11193443, IF: 0.26)"
4609,2022,기계공학,815136833,강명수,1,0.0,0.0,"항공우주시스템공학회 (NODE11193444, IF: 0.26)"
4610,2022,기계공학,468393479,이수병,1,0.0,0.0,"항공우주시스템공학회 (NODE11193445, IF: 0.26)"
4611,2022,기계공학,475387066,이정훈,1,0.0,0.0,"항공우주시스템공학회 (NODE11193451, IF: 0.26)"
4612,2022,기계공학,460484868,정인식,1,0.0,0.0,"항공우주시스템공학회 (NODE11193452, IF: 0.26)"
4613,2022,기계공학,5156793,윤정훈,1,0.0,0.0,"항공우주시스템공학회 (NODE11193452, IF: 0.26)"
4614,2022,기계공학,384971301,이명신,1,0.0,0.0,"항공우주시스템공학회 (NODE11193452, IF: 0.26)"
4615,2022,기계공학,715637546,이정현,1,0.0,0.0,"항공우주시스템공학회 (NODE11193452, IF: 0.26)"
4616,2022,기계공학,717673507,조재현,1,0.0,0.0,"항공우주시스템공학회 (NODE11193453, IF: 0.26)"
4617,2022,기계공학,710645103,김윤곤,1,0.0,0.0,"항공우주시스템공학회 (NODE11193453, IF: 0.26)"
4618,2022,기계공학,414685605,조성인,1,0.0,0.0,"항공우주시스템공학회 (NODE11193454, IF: 0.26)"
4619,2022,기계공학,616402652,양용만,1,0.0,0.0,"항공우주시스템공학회 (NODE11193454, IF: 0.26)"
4620,2022,기계공학,836742012,정석호,1,0.0,0.0,"항공우주시스템공학회 (NODE11193454, IF: 0.26)"
4621,2022,기계공학,963369065,김제준,1,0.0,0.0,"항공우주시스템공학회 (NODE11193454, IF: 0.26)"
4622,2022,기계공학,948268253,김주영,1,0.0,0.0,"항공우주시스템공학회 (NODE11193455, IF: 0.26)"
4623,2022,기계공학,519264502,권혁록,1,0.0,0.0,"항공우주시스템공학회 (NODE11193455, IF: 0.26)"
4624,2022,기계공학,337075882,길기남,1,0.0,0.0,"항공우주시스템공학회 (NODE11193455, IF: 0.26)"
4625,2022,기계공학,626159391,공병호,1,0.0,0.0,"항공우주시스템공학회 (NODE11193455, IF: 0.26)"
4626,2022,기계공학,861117650,나종화,1,0.0,0.0,"항공우주시스템공학회 (NODE11193455, IF: 0.26)"
4627,2022,기계공학,801802960,권태화,1,0.0,0.0,"항공우주시스템공학회 (NODE11193456, IF: 0.26)"
4628,2022,기계공학,566249264,장세원,1,0.0,0.0,"항공우주시스템공학회 (NODE11193456, IF: 0.26)"
4629,2022,기계공학,829538988,전승목,1,0.0,0.0,"항공우주시스템공학회 (NODE11193456, IF: 0.26)"
4630,2022,기계공학,496934371,김종민,1,0.0,0.0,"항공우주시스템공학회 (NODE11193459, IF: 0.26)"
4631,2022,기계공학,927630026,박형준,1,0.0,0.0,"항공우주시스템공학회 (NODE11193460, IF: 0.26)"
4632,2022,기계공학,431188627,김대연,1,0.0,0.0,"항공우주시스템공학회 (NODE11193460, IF: 0.26)"
4633,2022,기계공학,879233082,김대현,1,0.0,0.0,"항공우주시스템공학회 (NODE11193460, IF: 0.26)"
4634,2022,기계공학,471982296,유상민,1,0.0,0.0,"항공우주시스템공학회 (NODE11193461, IF: 0.26)"
4635,2022,기계공학,473527145,황선환,1,0.0,0.0,"항공우주시스템공학회 (NODE11193461, IF: 0.26)"
4636,2022,기계공학,261884955,이기창,1,0.0,0.0,"항공우주시스템공학회 (NODE11193461, IF: 0.26)"
4637,2022,기계공학,837039534,하병근,1,0.0,0.0,"항공우주시스템공학회 (NODE11193462, IF: 0.26)"
4638,2022,기계공학,805197553,김극남,1,0.0,0.0,"항공우주시스템공학회 (NODE11193463, IF: 0.26)"
4639,2022,기계공학,811845203,김기환,1,0.0,0.0,"항공우주시스템공학회 (NODE11193463, IF: 0.26)"
4640,2022,기계공학,177948350,박승한,1,0.0,0.0,"항공우주시스템공학회 (NODE11193463, IF: 0.26)"
4641,2022,기계공학,100816394,강민식,1,0.0,0.0,"대한기계학회 (NODE11169353, IF: 0.55)"
4642,2022,기계공학,460909622,박범철,1,0.0,0.0,"대한기계학회 (NODE11169354, IF: 0.55)"
4643,2022,기계공학,580335930,김영주,1,0.0,0.0,"대한기계학회 (NODE11169354, IF: 0.55)"
4644,2022,기계공학,5174331,이민우,1,0.0,0.0,"대한기계학회 (NODE11169355, IF: 0.55)"
4645,2022,기계공학,941782805,이영덕,1,0.0,0.0,"대한기계학회 (NODE11169356, IF: 0.55)"
4646,2022,기계공학,583858141,김성진,1,0.0,0.0,"대한기계학회 (NODE11169359, IF: 0.55)"
4647,2022,기계공학,172047735,성정모,1,0.0,0.0,"대한기계학회 (NODE11169360, IF: 0.55)"
4648,2022,기계공학,564851089,한규호,1,0.0,0.0,"대한기계학회 (NODE11169360, IF: 0.55)"
4649,2022,기계공학,463777177,박한준,1,0.0,0.0,"대한기계학회 (NODE11169360, IF: 0.55)"
4650,2022,기계공학,133940851,한종호,1,0.0,0.0,"대한기계학회 (NODE11169360, IF: 0.55)"
4651,2022,기계공학,121869954,황원태,1,0.0,0.0,"대한기계학회 (NODE11169360, IF: 0.55)"
4652,2022,기계공학,740890260,임지현,1,0.0,0.0,"대한기계학회 (NODE11169362, IF: 0.55)"
4653,2022,기계공학,402201,장용희,1,0.0,0.0,"대한기계학회 (NODE11169362, IF: 0.55)"
4654,2022,기계공학,517332128,이보람,1,0.0,0.0,"대한기계학회 (NODE11169426, IF: 0.55)"
4655,2022,기계공학,325264137,김학형,1,0.0,0.0,"대한기계학회 (NODE11169426, IF: 0.55)"
4656,2022,기계공학,844535494,정영재,1,0.0,0.0,"대한기계학회 (NODE11169426, IF: 0.55)"
4657,2022,기계공학,663539497,오원빈,1,0.0,0.0,"대한기계학회 (NODE11169426, IF: 0.55)"
4658,2022,기계공학,992160495,김일수,1,0.0,0.0,"대한기계학회 (NODE11169426, IF: 0.55)"
4659,2022,기계공학,978461764,곽효서,1,0.0,0.0,"대한기계학회 (NODE11169428, IF: 0.55)"
4660,2022,기계공학,757065900,박윤범,1,0.0,0.0,"대한기계학회 (NODE11169429, IF: 0.55)"
4661,2022,기계공학,501876694,최종식,1,0.0,0.0,"대한기계학회 (NODE11169430, IF: 0.55)"
4662,2022,기계공학,504070247,안수봉,1,0.0,0.0,"대한기계학회 (NODE11169430, IF: 0.55)"
4663,2022,기계공학,227144807,이희장,1,0.0,0.0,"대한기계학회 (NODE11169430, IF: 0.55)"
4664,2022,기계공학,962582759,장진웅,1,0.0,0.0,"대한기계학회 (NODE11169433, IF: 0.55)"
4665,2022,기계공학,638649385,윤태영,1,0.0,0.0,"대한기계학회 (NODE11169434, IF: 0.55)"
4666,2022,기계공학,236721331,김윤중,1,0.0,0.0,"대한기계학회 (NODE11169434, IF: 0.55)"
4667,2022,기계공학,893078266,박우범,1,0.0,0.0,"대한기계학회 (NODE11169434, IF: 0.55)"
4668,2022,기계공학,120104268,신홍철,1,0.0,0.0,"대한기계학회 (NODE11169434, IF: 0.55)"
4669,2022,기계공학,697576491,안창훈,1,0.0,0.0,"대한기계학회 (NODE11169435, IF: 0.55)"
4670,2022,기계공학,582813308,진성원,1,0.0,0.0,"대한기계학회 (NODE11169436, IF: 0.55)"
4671,2022,기계공학,540709972,박병도,1,0.0,0.0,"대한기계학회 (NODE11169436, IF: 0.55)"
4672,2022,기계공학,143117248,추정욱,1,0.0,0.0,"대한기계학회 (NODE11169436, IF: 0.55)"
4673,2022,기계공학,817632084,정규율,1,0.0,0.0,"대한기계학회 (NODE11169436, IF: 0.55)"
4674,2022,기계공학,525690009,최인호,1,0.0,0.0,"대한기계학회 (NODE11169436, IF: 0.55)"
4675,2022,기계공학,888298232,김세영,1,0.0,0.0,"대한기계학회 (NODE11169437, IF: 0.55)"
4676,2022,기계공학,598234,박철훈,1,0.0,0.0,"대한기계학회 (NODE11169437, IF: 0.55)"
4677,2022,기계공학,468640536,박찬훈,1,0.0,0.0,"대한기계학회 (NODE11169437, IF: 0.55)"
4678,2022,기계공학,865798543,허필원,1,0.0,0.0,"대한기계학회 (NODE11169437, IF: 0.55)"
4679,2022,기계공학,884661202,구광민,1,0.0,0.0,"대한기계학회 (NODE11169437, IF: 0.55)"
4680,2022,기계공학,744734226,전소율,1,0.0,0.0,"대한기계학회 (NODE11169438, IF: 0.55)"
4681,2022,기계공학,534802618,서지윤,1,0.0,0.0,"대한기계학회 (NODE11169438, IF: 0.55)"
4682,2022,기계공학,603859875,황윤규,1,0.0,0.0,"대한기계학회 (NODE11169438, IF: 0.55)"
4683,2022,기계공학,194762270,김민구,1,0.0,0.0,"대한기계학회 (NODE11169438, IF: 0.55)"
4684,2022,기계공학,336639407,박성종,1,0.0,0.0,"대한기계학회 (NODE11169439, IF: 0.55)"
4685,2022,기계공학,463058709,이희성,1,0.0,0.0,"대한기계학회 (NODE11169439, IF: 0.55)"
4686,2022,기계공학,805417636,양유성,1,0.0,0.0,"대한기계학회 (NODE11169439, IF: 0.55)"
4687,2022,기계공학,467370689,민배현,1,0.0,0.0,"대한기계학회 (NODE11100705, IF: 0.55)"
4688,2022,기계공학,980067955,김민,1,0.0,0.0,"대한기계학회 (NODE11100705, IF: 0.55)"
4689,2022,기계공학,707891093,권서윤,1,0.0,0.0,"대한기계학회 (NODE11100705, IF: 0.55)"
4690,2022,기계공학,830530379,조광현,1,0.0,0.0,"대한기계학회 (NODE11038498, IF: 0.55)"
4691,2022,기계공학,396235363,하윤도,1,0.0,0.0,"대한기계학회 (NODE11038498, IF: 0.55)"
4692,2022,기계공학,903761861,심지용,1,0.0,0.0,"대한기계학회 (NODE11038499, IF: 0.55)"
4693,2022,기계공학,474955840,박수한,1,0.0,0.0,"대한기계학회 (NODE11038500, IF: 0.55)"
4694,2022,기계공학,456770341,김진식,1,0.0,0.0,"대한기계학회 (NODE11038500, IF: 0.55)"
4695,2022,기계공학,386537776,유철,1,0.0,0.0,"대한기계학회 (NODE11038500, IF: 0.55)"
4696,2022,기계공학,797300267,한순우,1,0.0,0.0,"대한기계학회 (NODE11038503, IF: 0.55)"
4697,2022,기계공학,119101439,이재선,1,0.0,0.0,"대한기계학회 (NODE11038503, IF: 0.55)"
4698,2022,기계공학,941879108,김상희,1,0.0,0.0,"한국수소및신에너지학회 (NODE11038584, IF: 0.65)"
4699,2022,기계공학,999568695,이규하,1,0.0,0.0,"한국수소및신에너지학회 (NODE11038585, IF: 0.65)"
4700,2022,기계공학,778739406,전현수,1,0.0,0.0,"한국수소및신에너지학회 (NODE11038586, IF: 0.65)"
4701,2022,기계공학,299083270,김도형,1,0.0,0.0,"한국수소및신에너지학회 (NODE11038586, IF: 0.65)"
4702,2022,기계공학,938363423,정현승,1,0.0,0.0,"한국수소및신에너지학회 (NODE11038586, IF: 0.65)"
4703,2022,기계공학,916414755,박찬호,1,0.0,0.0,"한국수소및신에너지학회 (NODE11038586, IF: 0.65)"
4704,2022,기계공학,601108776,이광민,1,0.0,0.0,"한국수소및신에너지학회 (NODE11038588, IF: 0.65)"
4705,2022,기계공학,134597522,이광원,1,0.0,0.0,"한국수소및신에너지학회 (NODE11038589, IF: 0.65)"
4706,2022,기계공학,571712220,홍성철,1,0.0,0.0,"한국수소및신에너지학회 (NODE11038589, IF: 0.65)"
4707,2022,기계공학,495970403,이지훈,1,0.0,0.0,"한국수소및신에너지학회 (NODE11038590, IF: 0.65)"
4708,2022,기계공학,776890149,정재갑,1,0.0,0.0,"한국수소및신에너지학회 (NODE11038590, IF: 0.65)"
4709,2022,기계공학,392772074,정기수,1,0.0,0.0,"한국수소및신에너지학회 (NODE11038590, IF: 0.65)"
4710,2022,기계공학,783668283,이장호,1,0.0,0.0,"한국수소및신에너지학회 (NODE11038591, IF: 0.65)"
4711,2022,기계공학,166776068,박호영,1,0.0,0.0,"한국수소및신에너지학회 (NODE11038591, IF: 0.65)"
4712,2022,기계공학,426620802,조성훈,1,0.0,0.0,"한국수소및신에너지학회 (NODE11038592, IF: 0.65)"
4713,2022,기계공학,578844509,이가람,1,0.0,0.0,"한국수소및신에너지학회 (NODE11038592, IF: 0.65)"
4714,2022,기계공학,336065345,최석민,1,0.0,0.0,"한국수소및신에너지학회 (NODE11038592, IF: 0.65)"
4715,2022,기계공학,633201772,MOHAMED MURSHID SHAMSUDDEEN,1,0.0,0.0,"한국수소및신에너지학회 (NODE11038593, IF: 0.65)"
4716,2022,기계공학,247173572,SEUNG-JUN KIM,1,0.0,0.0,"한국수소및신에너지학회 (NODE11038593, IF: 0.65)"
4717,2022,기계공학,240679233,이은혜,1,0.0,0.0,"한국수소및신에너지학회 (NODE11038594, IF: 0.65)"
4718,2022,기계공학,116114202,최은영,1,0.0,0.0,"한국수소및신에너지학회 (NODE11038594, IF: 0.65)"
4719,2022,기계공학,483640649,이정훈,1,0.0,0.0,"한국수소및신에너지학회 (NODE11038594, IF: 0.65)"
4720,2022,기계공학,712136891,조장현,1,0.0,0.0,"한국수소및신에너지학회 (NODE11038594, IF: 0.65)"
4721,2022,기계공학,991908715,정성목,1,0.0,0.0,"한국수소및신에너지학회 (NODE11038595, IF: 0.65)"
4722,2022,기계공학,442834435,김재엽,1,0.0,0.0,"한국수소및신에너지학회 (NODE11038595, IF: 0.65)"
4723,2022,기계공학,589185109,박정호,1,0.0,0.0,"한국생산제조학회 (NODE11147160, IF: 0.37)"
4724,2022,기계공학,816393298,유혁상,1,0.0,0.0,"한국생산제조학회 (NODE11147160, IF: 0.37)"
4725,2022,기계공학,533370599,김창훈,1,0.0,0.0,"한국생산제조학회 (NODE11147160, IF: 0.37)"
4726,2022,기계공학,1797180,이철주,1,0.0,0.0,"한국생산제조학회 (NODE11147160, IF: 0.37)"
4727,2022,기계공학,172790009,우창헌,1,0.0,0.0,"한국생산제조학회 (NODE11147160, IF: 0.37)"
4728,2022,기계공학,583329652,임병직,1,0.0,0.0,"한국생산제조학회 (NODE11147160, IF: 0.37)"
4729,2022,기계공학,709867694,고강호,1,0.0,0.0,"한국생산제조학회 (NODE11147166, IF: 0.37)"
4730,2022,기계공학,366141,정승환,1,0.0,0.0,"한국자동차공학회 (NODE11048751, IF: 0.5)"
4731,2022,기계공학,564559951,이서근,1,0.0,0.0,"한국자동차공학회 (NODE11048752, IF: 0.5)"
4732,2022,기계공학,268976397,전혜령,1,0.0,0.0,"한국자동차공학회 (NODE11048753, IF: 0.5)"
4733,2022,기계공학,308608802,황락원,1,0.0,0.0,"한국자동차공학회 (NODE11048753, IF: 0.5)"
4734,2022,기계공학,955242210,박원아,1,0.0,0.0,"한국자동차공학회 (NODE11048753, IF: 0.5)"
4735,2022,기계공학,413108657,김진명,1,0.0,0.0,"한국자동차공학회 (NODE11048754, IF: 0.5)"
4736,2022,기계공학,789263780,김재식,1,0.0,0.0,"한국자동차공학회 (NODE11048754, IF: 0.5)"
4737,2022,기계공학,210040299,김영빈,1,0.0,0.0,"한국자동차공학회 (NODE11048754, IF: 0.5)"
4738,2022,기계공학,104579456,전지훈,1,0.0,0.0,"한국자동차공학회 (NODE11048754, IF: 0.5)"
4739,2022,기계공학,581650232,김경필,1,0.0,0.0,"한국자동차공학회 (NODE11048754, IF: 0.5)"
4740,2022,기계공학,192263349,황순욱,1,0.0,0.0,"한국자동차공학회 (NODE11048754, IF: 0.5)"
4741,2022,기계공학,329010371,이호용,1,0.0,0.0,"한국자동차공학회 (NODE11048754, IF: 0.5)"
4742,2022,기계공학,802482913,서명원,1,0.0,0.0,"한국자동차공학회 (NODE11048754, IF: 0.5)"
4743,2022,기계공학,5116865,이동재,1,0.0,0.0,"한국자동차공학회 (NODE11048755, IF: 0.5)"
4744,2022,기계공학,426586505,김동욱,1,0.0,0.0,"한국자동차공학회 (NODE11048756, IF: 0.5)"
4745,2022,기계공학,981615237,황준식,1,0.0,0.0,"한국자동차공학회 (NODE11048756, IF: 0.5)"
4746,2022,기계공학,450214607,박덕우,1,0.0,0.0,"한국자동차공학회 (NODE11048756, IF: 0.5)"
4747,2022,기계공학,3512713,장용호,1,0.0,0.0,"한국자동차공학회 (NODE11048758, IF: 0.5)"
4748,2022,기계공학,170743078,이성구,1,0.0,0.0,"한국자동차공학회 (NODE11048758, IF: 0.5)"
4749,2022,기계공학,835187745,이동수,1,0.0,0.0,"한국자동차공학회 (NODE11048758, IF: 0.5)"
4750,2022,기계공학,223045830,이상호,1,0.0,0.0,"한국자동차공학회 (NODE11048759, IF: 0.5)"
4751,2022,기계공학,384971356,장시열,1,0.0,0.0,"한국자동차공학회 (NODE11048759, IF: 0.5)"
4752,2022,기계공학,291047446,서승수,1,0.0,0.0,"한국자동차공학회 (NODE11048760, IF: 0.5)"
4753,2022,기계공학,684902967,이준순,1,0.0,0.0,"한국자동차공학회 (NODE11048761, IF: 0.5)"
4754,2022,기계공학,144600,박현욱,1,0.0,0.0,"한국자동차공학회 (NODE11048761, IF: 0.5)"
4755,2022,기계공학,343421928,잠스랑 나랑후,1,0.0,0.0,"한국자동차공학회 (NODE11048761, IF: 0.5)"
4756,2022,기계공학,371150285,김창업,1,0.0,0.0,"한국자동차공학회 (NODE11048761, IF: 0.5)"
4757,2022,기계공학,562146360,이용규,1,0.0,0.0,"한국자동차공학회 (NODE11048761, IF: 0.5)"
4758,2022,기계공학,336433782,강건용,1,0.0,0.0,"한국자동차공학회 (NODE11048761, IF: 0.5)"
4759,2022,기계공학,503250728,신필선,1,0.0,0.0,"한국기계가공학회 (NODE11112940, IF: 0.35)"
4760,2022,기계공학,433057,김재경,1,0.0,0.0,"한국기계가공학회 (NODE11112940, IF: 0.35)"
4761,2022,기계공학,606154975,이권일,1,0.0,0.0,"한국기계가공학회 (NODE11112942, IF: 0.35)"
4762,2022,기계공학,486937362,장훈,1,0.0,0.0,"한국기계가공학회 (NODE11112942, IF: 0.35)"
4763,2022,기계공학,675194670,이치우,1,0.0,0.0,"한국기계가공학회 (NODE11112942, IF: 0.35)"
4764,2022,기계공학,614899664,손휘준,1,0.0,0.0,"한국기계가공학회 (NODE11112943, IF: 0.35)"
4765,2022,기계공학,343761006,박기범,1,0.0,0.0,"한국기계가공학회 (NODE11112943, IF: 0.35)"
4766,2022,기계공학,928692267,정현철,1,0.0,0.0,"한국기계가공학회 (NODE11112943, IF: 0.35)"
4767,2022,기계공학,386287823,박근종,1,0.0,0.0,"한국기계가공학회 (NODE11112945, IF: 0.35)"
4768,2022,기계공학,350616993,민경무,1,0.0,0.0,"한국기계가공학회 (NODE11112946, IF: 0.35)"
4769,2022,기계공학,344257559,차앨리,1,0.0,0.0,"한국기계가공학회 (NODE11112946, IF: 0.35)"
4770,2022,기계공학,833437706,박근우,1,0.0,0.0,"한국기계가공학회 (NODE11112946, IF: 0.35)"
4771,2022,기계공학,294393576,허기석,1,0.0,0.0,"한국기계가공학회 (NODE11112947, IF: 0.35)"
4772,2022,기계공학,600723496,박용우,1,0.0,0.0,"한국기계가공학회 (NODE11112947, IF: 0.35)"
4773,2022,기계공학,826311180,황예한,1,0.0,0.0,"한국기계가공학회 (NODE11112948, IF: 0.35)"
4774,2022,기계공학,206128080,Yi-Hwan Joo,1,0.0,0.0,"한국기계가공학회 (NODE11112949, IF: 0.35)"
4775,2022,기계공학,671818391,박윤아,1,0.0,0.0,"한국기계가공학회 (NODE11112950, IF: 0.35)"
4776,2022,기계공학,168853975,이현승,1,0.0,0.0,"한국기계가공학회 (NODE11112950, IF: 0.35)"
4777,2022,기계공학,267732180,문정일,1,0.0,0.0,"한국기계가공학회 (NODE11112951, IF: 0.35)"
4778,2022,기계공학,196170396,이재진,1,0.0,0.0,"한국기계가공학회 (NODE11112952, IF: 0.35)"
4779,2022,기계공학,280165830,문지훈,1,0.0,0.0,"한국기계가공학회 (NODE11112952, IF: 0.35)"
4780,2022,기계공학,198996246,박지원,1,0.0,0.0,"한국기계가공학회 (NODE11112952, IF: 0.35)"
4781,2022,기계공학,996473146,김종한,1,0.0,0.0,"한국소음진동공학회 (NODE11114141, IF: 0.41)"
4782,2022,기계공학,805045741,신기홍,1,0.0,0.0,"한국소음진동공학회 (NODE11114141, IF: 0.41)"
4783,2022,기계공학,5114602,황규용,1,0.0,0.0,"한국소음진동공학회 (NODE11114142, IF: 0.41)"
4784,2022,기계공학,767274012,정성민,1,0.0,0.0,"한국소음진동공학회 (NODE11114142, IF: 0.41)"
4785,2022,기계공학,4018191,박우엽,1,0.0,0.0,"한국소음진동공학회 (NODE11114143, IF: 0.41)"
4786,2022,기계공학,234367107,전주현,1,0.0,0.0,"한국소음진동공학회 (NODE11114143, IF: 0.41)"
4787,2022,기계공학,266818214,유성호,1,0.0,0.0,"한국소음진동공학회 (NODE11114143, IF: 0.41)"
4788,2022,기계공학,951989108,강연준,1,0.0,0.0,"한국소음진동공학회 (NODE11114143, IF: 0.41)"
4789,2022,기계공학,630529318,박현수,1,0.0,0.0,"한국소음진동공학회 (NODE11114144, IF: 0.41)"
4790,2022,기계공학,352401460,김형진,1,0.0,0.0,"한국소음진동공학회 (NODE11114145, IF: 0.41)"
4791,2022,기계공학,215756752,문형소,1,0.0,0.0,"한국소음진동공학회 (NODE11114146, IF: 0.41)"
4792,2022,기계공학,746193813,박주동,1,0.0,0.0,"한국소음진동공학회 (NODE11114146, IF: 0.41)"
4793,2022,기계공학,302436026,이정한,1,0.0,0.0,"한국소음진동공학회 (NODE11114146, IF: 0.41)"
4794,2022,기계공학,135490113,김흥태,1,0.0,0.0,"한국소음진동공학회 (NODE11114148, IF: 0.41)"
4795,2022,기계공학,245121070,강석원,1,0.0,0.0,"한국소음진동공학회 (NODE11114148, IF: 0.41)"
4796,2022,기계공학,245657147,김정우,1,0.0,0.0,"한국소음진동공학회 (NODE11114149, IF: 0.41)"
4797,2022,기계공학,339591549,박승호,1,0.0,0.0,"한국소음진동공학회 (NODE11114149, IF: 0.41)"
4798,2022,기계공학,222803765,박경수,1,0.0,0.0,"한국소음진동공학회 (NODE11114149, IF: 0.41)"
4799,2022,기계공학,866534058,주영호,1,0.0,0.0,"한국소음진동공학회 (NODE11114151, IF: 0.41)"
4800,2022,기계공학,136424415,김정찬,1,0.0,0.0,"한국소음진동공학회 (NODE11114151, IF: 0.41)"
4801,2022,기계공학,815530532,민승기,1,0.0,0.0,"한국소음진동공학회 (NODE11114152, IF: 0.41)"
4802,2022,기계공학,667792810,임종범,1,0.0,0.0,"한국소음진동공학회 (NODE11114152, IF: 0.41)"
4803,2022,기계공학,638318739,안병선,1,0.0,0.0,"한국소음진동공학회 (NODE11114152, IF: 0.41)"
4804,2022,기계공학,503854629,오영식,1,0.0,0.0,"한국소음진동공학회 (NODE11114153, IF: 0.41)"
4805,2022,기계공학,463277514,박연수,1,0.0,0.0,"한국소음진동공학회 (NODE11114153, IF: 0.41)"
4806,2022,기계공학,823867706,Jin Seong Park,1,0.0,0.0,"한국기계가공학회 (NODE11201729, IF: 0.35)"
4807,2022,기계공학,728955124,Seongik Kim,1,0.0,0.0,"한국기계가공학회 (NODE11201729, IF: 0.35)"
4808,2022,기계공학,967426124,Gun Yup Lee,1,0.0,0.0,"한국기계가공학회 (NODE11201729, IF: 0.35)"
4809,2022,기계공학,838998133,최철웅,1,0.0,0.0,"한국기계가공학회 (NODE11201731, IF: 0.35)"
4810,2022,기계공학,233816329,김진수,1,0.0,0.0,"한국기계가공학회 (NODE11201731, IF: 0.35)"
4811,2022,기계공학,879587514,유태두,1,0.0,0.0,"한국기계가공학회 (NODE11201733, IF: 0.35)"
4812,2022,기계공학,878294167,안태형,1,0.0,0.0,"한국기계가공학회 (NODE11201734, IF: 0.35)"
4813,2022,기계공학,757113690,고정민,1,0.0,0.0,"한국기계가공학회 (NODE11201734, IF: 0.35)"
4814,2022,기계공학,730164570,김준식,1,0.0,0.0,"한국기계가공학회 (NODE11201735, IF: 0.35)"
4815,2022,기계공학,690777657,한장우,1,0.0,0.0,"한국기계가공학회 (NODE11201735, IF: 0.35)"
4816,2022,기계공학,302911761,Ji Hun Nam,1,0.0,0.0,"한국기계가공학회 (NODE11201736, IF: 0.35)"
4817,2022,기계공학,925975302,Won Ock Yang,1,0.0,0.0,"한국기계가공학회 (NODE11201736, IF: 0.35)"
4818,2022,기계공학,162356056,Su Hyeon Park,1,0.0,0.0,"한국기계가공학회 (NODE11201736, IF: 0.35)"
4819,2022,기계공학,844900416,최승혁,1,0.0,0.0,"한국기계가공학회 (NODE11201737, IF: 0.35)"
4820,2022,기계공학,147519990,김종영,1,0.0,0.0,"한국기계가공학회 (NODE11201737, IF: 0.35)"
4821,2022,기계공학,375193742,최재혁,1,0.0,0.0,"한국기계가공학회 (NODE11201741, IF: 0.35)"
4822,2022,기계공학,197466320,정현윤,1,0.0,0.0,"한국기계가공학회 (NODE11201742, IF: 0.35)"
4823,2022,기계공학,720195862,고정범,1,0.0,0.0,"한국기계가공학회 (NODE11201742, IF: 0.35)"
4824,2022,기계공학,459872774,김수호,1,0.0,0.0,"한국기계가공학회 (NODE11201744, IF: 0.35)"
4825,2022,기계공학,964392231,심재홍,1,0.0,0.0,"한국기계가공학회 (NODE11201744, IF: 0.35)"
4826,2022,기계공학,755584409,강명보,1,0.0,0.0,"대한설비공학회 (NODE11081255, IF: 0.42)"
4827,2022,기계공학,101007039,조경주,1,0.0,0.0,"대한설비공학회 (NODE11081256, IF: 0.42)"
4828,2022,기계공학,636008976,조동우,1,0.0,0.0,"대한설비공학회 (NODE11081256, IF: 0.42)"
4829,2022,기계공학,205448224,양윤경,1,0.0,0.0,"대한설비공학회 (NODE11081257, IF: 0.42)"
4830,2022,기계공학,3999446,조혜린,1,0.0,0.0,"대한설비공학회 (NODE11081258, IF: 0.42)"
4831,2022,기계공학,454306356,오세신,1,0.0,0.0,"대한설비공학회 (NODE11081258, IF: 0.42)"
4832,2022,기계공학,817246960,최우천,1,0.0,0.0,"Korean Society for Precision Engineering (NODE11081388, IF: 0.0)"
4833,2022,기계공학,268978726,오서현,1,0.0,0.0,"Korean Society for Precision Engineering (NODE11081389, IF: 0.0)"
4834,2022,기계공학,258531264,전은지,1,0.0,0.0,"Korean Society for Precision Engineering (NODE11081389, IF: 0.0)"
4835,2022,기계공학,864485660,배형섭,1,0.0,0.0,"Korean Society for Precision Engineering (NODE11081390, IF: 0.0)"
4836,2022,기계공학,245741965,박동현,1,0.0,0.0,"Korean Society for Precision Engineering (NODE11081390, IF: 0.0)"
4837,2022,기계공학,112586807,이호상,1,0.0,0.0,"Korean Society for Precision Engineering (NODE11081390, IF: 0.0)"
4838,2022,기계공학,123156,정동연,1,0.0,0.0,"Korean Society for Precision Engineering (NODE11081392, IF: 0.0)"
4839,2022,기계공학,928022355,박세림,1,0.0,0.0,"Korean Society for Precision Engineering (NODE11081395, IF: 0.0)"
4840,2022,기계공학,935087618,민경찬,1,0.0,0.0,"Korean Society for Precision Engineering (NODE11081395, IF: 0.0)"
4841,2022,기계공학,564075949,장소원,1,0.0,0.0,"Korean Society for Precision Engineering (NODE11081395, IF: 0.0)"
4842,2022,기계공학,162848637,하유진,1,0.0,0.0,"Korean Society for Precision Engineering (NODE11081395, IF: 0.0)"
4843,2022,기계공학,313202886,김욱배,1,0.0,0.0,"Korean Society for Precision Engineering (NODE11081395, IF: 0.0)"
4844,2022,기계공학,829632784,한상원,1,0.0,0.0,"Korean Society for Precision Engineering (NODE11081397, IF: 0.0)"
4845,2022,기계공학,542450511,김성재,1,0.0,0.0,"Korean Society for Precision Engineering (NODE11081397, IF: 0.0)"
4846,2022,기계공학,544055613,신동관,1,0.0,0.0,"Korean Society for Precision Engineering (NODE11081397, IF: 0.0)"
4847,2022,기계공학,635869871,표주현,1,0.0,0.0,"Korean Society for Precision Engineering (NODE11081397, IF: 0.0)"
4848,2022,기계공학,252619284,이명석,1,0.0,0.0,"Korean Society for Precision Engineering (NODE11081397, IF: 0.0)"
4849,2022,기계공학,899915622,박종훈,1,0.0,0.0,"Korean Society for Precision Engineering (NODE11081398, IF: 0.0)"
4850,2022,기계공학,915610252,장원보,1,0.0,0.0,"Korean Society for Precision Engineering (NODE11081398, IF: 0.0)"
4851,2022,기계공학,925740987,정성엽,1,0.0,0.0,"Korean Society for Precision Engineering (NODE11081398, IF: 0.0)"
4852,2022,기계공학,682792021,서기정,1,0.0,0.0,"대한기계학회 (NODE11120868, IF: 0.55)"
4853,2022,기계공학,496736011,배수진,1,0.0,0.0,"대한기계학회 (NODE11120868, IF: 0.55)"
4854,2022,기계공학,975007476,홍승표,1,0.0,0.0,"대한기계학회 (NODE11120869, IF: 0.55)"
4855,2022,기계공학,562124949,유민수,1,0.0,0.0,"대한기계학회 (NODE11120871, IF: 0.55)"
4856,2022,기계공학,555730686,김형호,1,0.0,0.0,"대한기계학회 (NODE11120871, IF: 0.55)"
4857,2022,기계공학,714803048,최선규,1,0.0,0.0,"대한기계학회 (NODE11120872, IF: 0.55)"
4858,2022,기계공학,581758230,이홍식,1,0.0,0.0,"대한기계학회 (NODE11120872, IF: 0.55)"
4859,2022,기계공학,328877390,김건영,1,0.0,0.0,"대한기계학회 (NODE11120873, IF: 0.55)"
4860,2022,기계공학,132095900,김준겸,1,0.0,0.0,"대한기계학회 (NODE11120873, IF: 0.55)"
4861,2022,기계공학,958327933,배준성,1,0.0,0.0,"대한기계학회 (NODE11120907, IF: 0.55)"
4862,2022,기계공학,552361735,주인성,1,0.0,0.0,"대한기계학회 (NODE11120907, IF: 0.55)"
4863,2022,기계공학,600188308,박대환,1,0.0,0.0,"대한기계학회 (NODE11120908, IF: 0.55)"
4864,2022,기계공학,704364231,이원균,1,0.0,0.0,"대한기계학회 (NODE11120908, IF: 0.55)"
4865,2022,기계공학,942315508,황희준,1,0.0,0.0,"대한기계학회 (NODE11120909, IF: 0.55)"
4866,2022,기계공학,730524526,송병규,1,0.0,0.0,"대한기계학회 (NODE11120910, IF: 0.55)"
4867,2022,기계공학,998198602,강남철,1,0.0,0.0,"대한기계학회 (NODE11120910, IF: 0.55)"
4868,2022,기계공학,928538795,이진경,1,0.0,0.0,"대한기계학회 (NODE11120912, IF: 0.55)"
4869,2022,기계공학,192389384,문현철,1,0.0,0.0,"대한기계학회 (NODE11120916, IF: 0.55)"
4870,2022,기계공학,817181138,정여경,1,0.0,0.0,"대한기계학회 (NODE11120917, IF: 0.55)"
4871,2022,기계공학,330975919,이영환,1,0.0,0.0,"한국표면공학회 (NODE11162554, IF: 0.25)"
4872,2022,기계공학,278282845,권태규,1,0.0,0.0,"한국표면공학회 (NODE11162554, IF: 0.25)"
4873,2022,기계공학,173967434,박민혁,1,0.0,0.0,"한국표면공학회 (NODE11162554, IF: 0.25)"
4874,2022,기계공학,700272263,최용욱,1,0.0,0.0,"한국표면공학회 (NODE11162555, IF: 0.25)"
4875,2022,기계공학,164372065,민창흠,1,0.0,0.0,"한국표면공학회 (NODE11162557, IF: 0.25)"
4876,2022,기계공학,422683594,최두호,1,0.0,0.0,"한국표면공학회 (NODE11162557, IF: 0.25)"
4877,2022,기계공학,922268530,Dae-Hyeon Kim,1,0.0,0.0,"한국표면공학회 (NODE11162563, IF: 0.25)"
4878,2022,기계공학,303120381,강광모,1,0.0,0.0,"한국표면공학회 (NODE11162563, IF: 0.25)"
4879,2022,기계공학,891907013,Yoon-Chae Nah,1,0.0,0.0,"한국표면공학회 (NODE11162563, IF: 0.25)"
4880,2022,기계공학,477527794,최용선,1,0.0,0.0,"한국표면공학회 (NODE11162566, IF: 0.25)"
4881,2022,기계공학,653824498,이가람,1,0.0,0.0,"한국표면공학회 (NODE11162568, IF: 0.25)"
4882,2022,기계공학,879103873,정지윤,1,0.0,0.0,"한국표면공학회 (NODE11162568, IF: 0.25)"
4883,2022,기계공학,806007569,박덕용,1,0.0,0.0,"한국표면공학회 (NODE11162573, IF: 0.25)"
4884,2022,기계공학,392467937,Chong-Hyun Chang,1,0.0,0.0,"한국표면공학회 (NODE11162573, IF: 0.25)"
4885,2022,기계공학,512427365,Yong-Jun Oh,1,0.0,0.0,"한국표면공학회 (NODE11162573, IF: 0.25)"
4886,2022,기계공학,384693256,Nosang V. Myung,1,0.0,0.0,"한국표면공학회 (NODE11162573, IF: 0.25)"
4887,2022,기계공학,557901749,유봉영,1,0.0,0.0,"한국표면공학회 (NODE11162573, IF: 0.25)"
4888,2022,기계공학,294691498,이경황,1,0.0,0.0,"한국표면공학회 (NODE11162575, IF: 0.25)"
4889,2022,기계공학,917040042,박양규,1,0.0,0.0,"한국표면공학회 (NODE11162576, IF: 0.25)"
4890,2022,기계공학,638775260,김재필,1,0.0,0.0,"한국표면공학회 (NODE11162576, IF: 0.25)"
4891,2022,기계공학,354637450,김완호,1,0.0,0.0,"한국표면공학회 (NODE11162576, IF: 0.25)"
4892,2022,기계공학,694734259,정강,1,0.0,0.0,"한국표면공학회 (NODE11162576, IF: 0.25)"
4893,2022,기계공학,148786829,정호중,1,0.0,0.0,"한국표면공학회 (NODE11162576, IF: 0.25)"
4894,2022,기계공학,502089464,박은진,1,0.0,0.0,"한국표면공학회 (NODE11162586, IF: 0.25)"
4895,2022,기계공학,470440808,김현진,1,0.0,0.0,"한국표면공학회 (NODE11162590, IF: 0.25)"
4896,2022,기계공학,549348128,최재욱,1,0.0,0.0,"한국표면공학회 (NODE11162590, IF: 0.25)"
4897,2022,기계공학,510026642,이연학,1,0.0,0.0,"한국표면공학회 (NODE11162590, IF: 0.25)"
4898,2022,기계공학,234586646,허성보,1,0.0,0.0,"한국표면공학회 (NODE11162590, IF: 0.25)"
4899,2022,기계공학,882180332,공영민,1,0.0,0.0,"한국표면공학회 (NODE11162590, IF: 0.25)"
4900,2022,기계공학,766751836,조신호,1,0.0,0.0,"한국표면공학회 (NODE11162591, IF: 0.25)"
4901,2022,기계공학,683842100,윤원섭,1,0.0,0.0,"한국자동차안전학회 (NODE11266593, IF: 0.41)"
4902,2022,기계공학,663022122,김종탁,1,0.0,0.0,"한국자동차안전학회 (NODE11266593, IF: 0.41)"
4903,2022,기계공학,274854667,이명규,1,0.0,0.0,"한국자동차안전학회 (NODE11266593, IF: 0.41)"
4904,2022,기계공학,935365331,김원균,1,0.0,0.0,"한국자동차안전학회 (NODE11266593, IF: 0.41)"
4905,2022,기계공학,429760490,전명근,1,0.0,0.0,"한국자동차안전학회 (NODE11266594, IF: 0.41)"
4906,2022,기계공학,747361462,배준석,1,0.0,0.0,"한국자동차안전학회 (NODE11266595, IF: 0.41)"
4907,2022,기계공학,378958043,김성호,1,0.0,0.0,"한국자동차안전학회 (NODE11266596, IF: 0.41)"
4908,2022,기계공학,977671066,김수빈,1,0.0,0.0,"한국자동차안전학회 (NODE11266596, IF: 0.41)"
4909,2022,기계공학,171587604,장형진,1,0.0,0.0,"한국자동차안전학회 (NODE11266596, IF: 0.41)"
4910,2022,기계공학,698327986,김상윤,1,0.0,0.0,"한국자동차안전학회 (NODE11266597, IF: 0.41)"
4911,2022,기계공학,585636784,임서현,1,0.0,0.0,"한국자동차안전학회 (NODE11266598, IF: 0.41)"
4912,2022,기계공학,361351405,이빈희,1,0.0,0.0,"한국자동차안전학회 (NODE11266600, IF: 0.41)"
4913,2022,기계공학,422030167,허관회,1,0.0,0.0,"한국자동차안전학회 (NODE11266600, IF: 0.41)"
4914,2022,기계공학,960694719,이효진,1,0.0,0.0,"한국자동차안전학회 (NODE11266600, IF: 0.41)"
4915,2022,기계공학,895106501,이장우,1,0.0,0.0,"한국자동차안전학회 (NODE11266600, IF: 0.41)"
4916,2022,기계공학,739688631,윤종민,1,0.0,0.0,"한국자동차안전학회 (NODE11266600, IF: 0.41)"
4917,2022,기계공학,382207396,조성우,1,0.0,0.0,"한국자동차안전학회 (NODE11266600, IF: 0.41)"
4918,2022,기계공학,863139487,박명옥,1,0.0,0.0,"한국자동차안전학회 (NODE11266601, IF: 0.41)"
4919,2022,기계공학,450676975,손준우,1,0.0,0.0,"한국자동차안전학회 (NODE11266601, IF: 0.41)"
4920,2022,기계공학,508272437,백창민,1,0.0,0.0,"한국자동차안전학회 (NODE11266602, IF: 0.41)"
4921,2022,기계공학,4592173,김진석,1,0.0,0.0,"한국자동차안전학회 (NODE11266603, IF: 0.41)"
4922,2022,기계공학,166080726,이상화,1,0.0,0.0,"한국자동차안전학회 (NODE11266604, IF: 0.41)"
4923,2022,기계공학,272954406,강수희,1,0.0,0.0,"한국자동차안전학회 (NODE11266604, IF: 0.41)"
4924,2022,기계공학,129545501,안명규,1,0.0,0.0,"한국자동차안전학회 (NODE11266605, IF: 0.41)"
4925,2022,기계공학,547493345,조용혁,1,0.0,0.0,"한국자동차안전학회 (NODE11266606, IF: 0.41)"
4926,2022,기계공학,696760104,안정아,1,0.0,0.0,"한국자동차안전학회 (NODE11266606, IF: 0.41)"
4927,2022,기계공학,952086605,이상현,1,0.0,0.0,"한국자동차안전학회 (NODE11266606, IF: 0.41)"
4928,2022,기계공학,462487307,한현민,1,0.0,0.0,"한국자동차안전학회 (NODE11266607, IF: 0.41)"
4929,2022,기계공학,229974560,인정민,1,0.0,0.0,"한국자동차안전학회 (NODE11266607, IF: 0.41)"
4930,2022,기계공학,872148373,Ki-Young Park,1,0.0,0.0,"대한용접·접합학회 (NODE11124269, IF: 0.65)"
4931,2022,기계공학,476934390,박기영,1,0.0,0.0,"대한용접·접합학회 (NODE11124270, IF: 0.65)"
4932,2022,기계공학,103754214,Woohyuk Choi,1,0.0,0.0,"대한용접·접합학회 (NODE11124273, IF: 0.65)"
4933,2022,기계공학,432327,박정훈,1,0.0,0.0,"Korean Society for Precision Engineering (NODE11124375, IF: 0.0)"
4934,2022,기계공학,835859321,박희수,1,0.0,0.0,"Korean Society for Precision Engineering (NODE11124376, IF: 0.0)"
4935,2022,기계공학,260761194,한성민,1,0.0,0.0,"Korean Society for Precision Engineering (NODE11124376, IF: 0.0)"
4936,2022,기계공학,833904228,성주환,1,0.0,0.0,"Korean Society for Precision Engineering (NODE11124376, IF: 0.0)"
4937,2022,기계공학,707122470,황소리,1,0.0,0.0,"Korean Society for Precision Engineering (NODE11124376, IF: 0.0)"
4938,2022,기계공학,382375961,김승종,1,0.0,0.0,"Korean Society for Precision Engineering (NODE11124376, IF: 0.0)"
4939,2022,기계공학,802139165,윤인찬,1,0.0,0.0,"Korean Society for Precision Engineering (NODE11124376, IF: 0.0)"
4940,2022,기계공학,354844511,서정우,1,0.0,0.0,"Korean Society for Precision Engineering (NODE11124377, IF: 0.0)"
4941,2022,기계공학,444275463,김정길,1,0.0,0.0,"Korean Society for Precision Engineering (NODE11124377, IF: 0.0)"
4942,2022,기계공학,580242631,이슬기,1,0.0,0.0,"Korean Society for Precision Engineering (NODE11124377, IF: 0.0)"
4943,2022,기계공학,781149680,탁계래,1,0.0,0.0,"Korean Society for Precision Engineering (NODE11124377, IF: 0.0)"
4944,2022,기계공학,433120431,최진승,1,0.0,0.0,"Korean Society for Precision Engineering (NODE11124377, IF: 0.0)"
4945,2022,기계공학,773757086,임종우,1,0.0,0.0,"Korean Society for Precision Engineering (NODE11124378, IF: 0.0)"
4946,2022,기계공학,550718672,이수민,1,0.0,0.0,"Korean Society for Precision Engineering (NODE11124378, IF: 0.0)"
4947,2022,기계공학,134121446,김현호,1,0.0,0.0,"Korean Society for Precision Engineering (NODE11124379, IF: 0.0)"
4948,2022,기계공학,102865076,루엥비엣,1,0.0,0.0,"Korean Society for Precision Engineering (NODE11124379, IF: 0.0)"
4949,2022,기계공학,296052388,황재혁,1,0.0,0.0,"Korean Society for Precision Engineering (NODE11124379, IF: 0.0)"
4950,2022,기계공학,991725142,장한뜻,1,0.0,0.0,"Korean Society for Precision Engineering (NODE11124379, IF: 0.0)"
4951,2022,기계공학,506208980,김영진,1,0.0,0.0,"Korean Society for Precision Engineering (NODE11124379, IF: 0.0)"
4952,2022,기계공학,707923698,허성녕,1,0.0,0.0,"Korean Society for Precision Engineering (NODE11124380, IF: 0.0)"
4953,2022,기계공학,142104435,왕환,1,0.0,0.0,"Korean Society for Precision Engineering (NODE11124384, IF: 0.0)"
4954,2022,기계공학,911628783,우성철,1,0.0,0.0,"Korean Society for Precision Engineering (NODE11124384, IF: 0.0)"
4955,2022,기계공학,815820183,심충기,1,0.0,0.0,"Korean Society for Precision Engineering (NODE11124384, IF: 0.0)"
4956,2022,기계공학,342328461,김주한,1,0.0,0.0,"Korean Society for Precision Engineering (NODE11124384, IF: 0.0)"
4957,2022,기계공학,693592081,박준희,1,0.0,0.0,"Korean Society for Precision Engineering (NODE11124385, IF: 0.0)"
4958,2022,기계공학,739504790,박동휘,1,0.0,0.0,"Korean Society for Precision Engineering (NODE11124385, IF: 0.0)"
4959,2022,기계공학,523107135,신상윤,1,0.0,0.0,"Korean Society for Precision Engineering (NODE11124385, IF: 0.0)"
4960,2022,기계공학,635338832,김낙수,1,0.0,0.0,"Korean Society for Precision Engineering (NODE11124385, IF: 0.0)"
4961,2022,기계공학,487803717,이성민,1,0.0,0.0,"Korean Society for Precision Engineering (NODE11124386, IF: 0.0)"
4962,2022,기계공학,374825631,이종수,1,0.0,0.0,"Korean Society for Precision Engineering (NODE11124386, IF: 0.0)"
4963,2022,기계공학,449797211,김형선,1,0.0,0.0,"Korean Society for Precision Engineering (NODE11124386, IF: 0.0)"
4964,2022,기계공학,110233401,최종근,1,0.0,0.0,"Korean Society for Precision Engineering (NODE11124386, IF: 0.0)"
4965,2022,기계공학,651112423,이한창,1,0.0,0.0,"Korean Society for Precision Engineering (NODE11124387, IF: 0.0)"
4966,2022,기계공학,252095852,정진혁,1,0.0,0.0,"Korean Society for Precision Engineering (NODE11124387, IF: 0.0)"
4967,2022,기계공학,881085409,이규익,1,0.0,0.0,"Korean Society for Precision Engineering (NODE11124387, IF: 0.0)"
4968,2022,기계공학,461324552,김우진,1,0.0,0.0,"Korean Society for Precision Engineering (NODE11124387, IF: 0.0)"
4969,2022,기계공학,271882625,이봉구,1,0.0,0.0,"Korean Society for Precision Engineering (NODE11124387, IF: 0.0)"
4970,2022,기계공학,799477580,김성우,1,0.0,0.0,"Korean Society for Precision Engineering (NODE11139177, IF: 0.0)"
4971,2022,기계공학,686281044,권주용,1,0.0,0.0,"Korean Society for Precision Engineering (NODE11139177, IF: 0.0)"
4972,2022,기계공학,110821,최진호,1,0.0,0.0,"Korean Society for Precision Engineering (NODE11139178, IF: 0.0)"
4973,2022,기계공학,672771443,김동욱,1,0.0,0.0,"Korean Society for Precision Engineering (NODE11139178, IF: 0.0)"
4974,2022,기계공학,582323767,김정화,1,0.0,0.0,"Korean Society for Precision Engineering (NODE11139179, IF: 0.0)"
4975,2022,기계공학,703120773,최재원,1,0.0,0.0,"Korean Society for Precision Engineering (NODE11139179, IF: 0.0)"
4976,2022,기계공학,460635414,윤용준,1,0.0,0.0,"Korean Society for Precision Engineering (NODE11139179, IF: 0.0)"
4977,2022,기계공학,115746654,심대보,1,0.0,0.0,"Korean Society for Precision Engineering (NODE11139180, IF: 0.0)"
4978,2022,기계공학,551252217,양찬영,1,0.0,0.0,"Korean Society for Precision Engineering (NODE11139180, IF: 0.0)"
4979,2022,기계공학,540147647,김보현,1,0.0,0.0,"Korean Society for Precision Engineering (NODE11139180, IF: 0.0)"
4980,2022,기계공학,387614569,고희진,1,0.0,0.0,"Korean Society for Precision Engineering (NODE11139181, IF: 0.0)"
4981,2022,기계공학,108000932,권대성,1,0.0,0.0,"Korean Society for Precision Engineering (NODE11139181, IF: 0.0)"
4982,2022,기계공학,748015739,김종백,1,0.0,0.0,"Korean Society for Precision Engineering (NODE11139181, IF: 0.0)"
4983,2022,기계공학,989052474,김준수,1,0.0,0.0,"Korean Society for Precision Engineering (NODE11139182, IF: 0.0)"
4984,2022,기계공학,506652852,이동균,1,0.0,0.0,"Korean Society for Precision Engineering (NODE11139182, IF: 0.0)"
4985,2022,기계공학,209764501,이석인,1,0.0,0.0,"Korean Society for Precision Engineering (NODE11139182, IF: 0.0)"
4986,2022,기계공학,543679941,조현준,1,0.0,0.0,"Korean Society for Precision Engineering (NODE11139182, IF: 0.0)"
4987,2022,기계공학,154278639,윤문영,1,0.0,0.0,"Korean Society for Precision Engineering (NODE11139182, IF: 0.0)"
4988,2022,기계공학,658224888,김준혁,1,0.0,0.0,"Korean Society for Precision Engineering (NODE11139186, IF: 0.0)"
4989,2022,기계공학,534383998,조희욱,1,0.0,0.0,"Korean Society for Precision Engineering (NODE11139186, IF: 0.0)"
4990,2022,기계공학,734217582,조종래,1,0.0,0.0,"Korean Society for Precision Engineering (NODE11139186, IF: 0.0)"
4991,2022,기계공학,911654653,이준하,1,0.0,0.0,"Korean Society for Precision Engineering (NODE11139186, IF: 0.0)"
4992,2022,기계공학,136852997,이윤호,1,0.0,0.0,"Korean Society for Precision Engineering (NODE11139187, IF: 0.0)"
4993,2022,기계공학,183220981,리베라 길버트,1,0.0,0.0,"Korean Society for Precision Engineering (NODE11139188, IF: 0.0)"
4994,2022,기계공학,689771326,통반칸,1,0.0,0.0,"Korean Society for Precision Engineering (NODE11139188, IF: 0.0)"
4995,2022,기계공학,740733741,알리예브 알리술탄,1,0.0,0.044397,"Korean Society for Precision Engineering (NODE11139189, IF: 0.0)"
4996,2022,기계공학,140041783,이은호,1,0.0,0.0,"대한기계학회 (NODE11139706, IF: 0.55)"
4997,2022,기계공학,457479165,유한필,1,0.0,0.0,"한국전산유체공학회 (NODE11139418, IF: 0.26)"
4998,2022,기계공학,693014993,이민술,1,0.0,0.0,"한국전산유체공학회 (NODE11139418, IF: 0.26)"
4999,2022,기계공학,831788640,김형진,1,0.0,0.0,"한국전산유체공학회 (NODE11139418, IF: 0.26)"
5000,2022,기계공학,5111380,서송현,1,0.0,0.0,"한국전산유체공학회 (NODE11139419, IF: 0.26)"
5001,2022,기계공학,135714952,홍성진,1,0.0,0.0,"한국전산유체공학회 (NODE11139420, IF: 0.26)"
5002,2022,기계공학,298509811,하태욱,1,0.0,0.0,"한국전산유체공학회 (NODE11139421, IF: 0.26)"
5003,2022,기계공학,122698464,이현진,1,0.0,0.0,"한국전산유체공학회 (NODE11139421, IF: 0.26)"
5004,2022,기계공학,912029897,이재룡,1,0.0,0.0,"한국전산유체공학회 (NODE11139421, IF: 0.26)"
5005,2022,기계공학,227955370,배성원,1,0.0,0.0,"한국전산유체공학회 (NODE11139421, IF: 0.26)"
5006,2022,기계공학,483403990,장커정,1,0.0,0.0,"한국전산유체공학회 (NODE11139422, IF: 0.26)"
5007,2022,기계공학,951289585,장세명,1,0.0,0.0,"한국전산유체공학회 (NODE11139422, IF: 0.26)"
5008,2022,기계공학,938548726,김기하,1,0.0,0.0,"한국전산유체공학회 (NODE11139423, IF: 0.26)"
5009,2022,기계공학,661927940,정지인,1,0.0,0.0,"한국전산유체공학회 (NODE11139425, IF: 0.26)"
5010,2022,기계공학,5126797,장대익,1,0.0,0.0,"한국전산유체공학회 (NODE11139426, IF: 0.26)"
5011,2022,기계공학,685699915,김은민,1,0.0,0.0,"한국전산유체공학회 (NODE11139427, IF: 0.26)"
5012,2022,기계공학,743911641,류석희,1,0.0,0.0,"한국전산유체공학회 (NODE11139428, IF: 0.26)"
5013,2022,기계공학,126610593,이유렬,1,0.0,0.0,"한국전산유체공학회 (NODE11139428, IF: 0.26)"
5014,2022,기계공학,227500296,신창민,1,0.0,0.0,"한국전산유체공학회 (NODE11139428, IF: 0.26)"
5015,2022,기계공학,181000868,박진우,1,0.0,0.0,"한국전산유체공학회 (NODE11139429, IF: 0.26)"
5016,2022,기계공학,610491819,허강열,1,0.0,0.0,"한국전산유체공학회 (NODE11139429, IF: 0.26)"
5017,2022,기계공학,342031104,김승래,1,0.0,0.0,"한국전산유체공학회 (NODE11139430, IF: 0.26)"
5018,2022,기계공학,625534354,한서음,1,0.0,0.0,"한국전산유체공학회 (NODE11139430, IF: 0.26)"
5019,2022,기계공학,733276237,심민경,1,0.0,0.0,"한국전산유체공학회 (NODE11139431, IF: 0.26)"
5020,2022,기계공학,319656179,이무열,1,0.0,0.0,"한국전산유체공학회 (NODE11139431, IF: 0.26)"
5021,2022,기계공학,155563543,이주호,1,0.0,0.0,"대한기계학회 (NODE11139485, IF: 0.55)"
5022,2022,기계공학,201505,이정한,1,0.0,0.0,"대한기계학회 (NODE11139486, IF: 0.55)"
5023,2022,기계공학,658120457,최진환,1,0.0,0.0,"대한기계학회 (NODE11139486, IF: 0.55)"
5024,2022,기계공학,127143494,유완석,1,0.0,0.0,"대한기계학회 (NODE11139486, IF: 0.55)"
5025,2022,기계공학,976949337,이동환,1,0.0,0.0,"대한기계학회 (NODE11139487, IF: 0.55)"
5026,2022,기계공학,927161897,곽혜원,1,0.0,0.0,"대한기계학회 (NODE11139487, IF: 0.55)"
5027,2022,기계공학,513922710,박동규,1,0.0,0.0,"대한기계학회 (NODE11139487, IF: 0.55)"
5028,2022,기계공학,647810760,김경훈,1,0.0,0.0,"한국추진공학회 (NODE11152340, IF: 0.31)"
5029,2022,기계공학,277868266,Seon Myeong Park,1,0.0,0.0,"한국추진공학회 (NODE11152343, IF: 0.31)"
5030,2022,기계공학,234695,박태선,1,0.0,0.0,"한국추진공학회 (NODE11152343, IF: 0.31)"
5031,2022,기계공학,282696972,신종민,1,0.0,0.0,"한국추진공학회 (NODE11152345, IF: 0.31)"
5032,2022,기계공학,111728058,김득원,1,0.0,0.0,"대한설비공학회 (NODE11138402, IF: 0.42)"
5033,2022,기계공학,167295475,이동원,1,0.0,0.0,"대한설비공학회 (NODE11138402, IF: 0.42)"
5034,2022,기계공학,238679297,김민휘,1,0.0,0.0,"대한설비공학회 (NODE11138402, IF: 0.42)"
5035,2022,기계공학,3999413,김민균,1,0.0,0.0,"대한설비공학회 (NODE11138403, IF: 0.42)"
5036,2022,기계공학,388933967,박희준,1,0.0,0.0,"대한설비공학회 (NODE11138404, IF: 0.42)"
5037,2022,기계공학,188780908,윤석만,1,0.0,0.0,"대한설비공학회 (NODE11138404, IF: 0.42)"
5038,2022,기계공학,837728607,강준우,1,0.0,0.0,"대한설비공학회 (NODE11138405, IF: 0.42)"
5039,2022,기계공학,571376215,김진훈,1,0.0,0.0,"대한설비공학회 (NODE11138405, IF: 0.42)"
5040,2022,기계공학,323819752,이효인,1,0.0,0.0,"대한설비공학회 (NODE11138405, IF: 0.42)"
5041,2022,기계공학,5112320,이도형,1,0.0,0.0,"대한설비공학회 (NODE11138406, IF: 0.42)"
5042,2022,기계공학,673527288,원종연,1,0.0,0.0,"대한설비공학회 (NODE11138406, IF: 0.42)"
5043,2022,기계공학,864564529,양동헌,1,0.0,0.0,"대한설비공학회 (NODE11138406, IF: 0.42)"
5044,2022,기계공학,229982225,최윤철,1,0.0,0.0,"대한설비공학회 (NODE11138406, IF: 0.42)"
5045,2022,기계공학,5096861,김영진,1,0.0,0.0,"한국항공우주학회 (NODE11057571, IF: 0.32)"
5046,2022,기계공학,485122641,이명건,1,0.0,0.0,"한국항공우주학회 (NODE11057572, IF: 0.32)"
5047,2022,기계공학,817496655,김상용,1,0.0,0.0,"한국항공우주학회 (NODE11057572, IF: 0.32)"
5048,2022,기계공학,803799758,장세용,1,0.0,0.0,"한국항공우주학회 (NODE11057572, IF: 0.32)"
5049,2022,기계공학,197596596,유승호,1,0.0,0.0,"한국항공우주학회 (NODE11057573, IF: 0.32)"
5050,2022,기계공학,644749940,김혜진,1,0.0,0.0,"한국항공우주학회 (NODE11057573, IF: 0.32)"
5051,2022,기계공학,248603145,채동훈,1,0.0,0.0,"한국항공우주학회 (NODE11057574, IF: 0.32)"
5052,2022,기계공학,351974091,채희상,1,0.0,0.0,"한국항공우주학회 (NODE11057574, IF: 0.32)"
5053,2022,기계공학,773473686,안정우,1,0.0,0.0,"한국항공우주학회 (NODE11057575, IF: 0.32)"
5054,2022,기계공학,187493302,최명환,1,0.0,0.0,"한국항공우주학회 (NODE11057575, IF: 0.32)"
5055,2022,기계공학,992500212,이준,1,0.0,0.0,"한국항공우주학회 (NODE11057575, IF: 0.32)"
5056,2022,기계공학,5405626,오태근,1,0.0,0.0,"한국항공우주학회 (NODE11057579, IF: 0.32)"
5057,2022,기계공학,623434859,윤형식,1,0.0,0.0,"한국항공우주학회 (NODE11057579, IF: 0.32)"
5058,2022,기계공학,506976904,이종해,1,0.0,0.0,"한국항공우주학회 (NODE11057580, IF: 0.32)"
5059,2022,기계공학,803654679,이상욱,1,0.0,0.0,"한국항공우주학회 (NODE11057580, IF: 0.32)"
5060,2022,기계공학,576250249,양원혁,1,0.0,0.0,"한국항공우주학회 (NODE11057580, IF: 0.32)"
5061,2022,기계공학,679229866,김상식,1,0.0,0.0,"한국항공우주학회 (NODE11057580, IF: 0.32)"
5062,2022,기계공학,650356713,김정태,1,0.0,0.0,"한국비파괴검사학회 (NODE11057605, IF: 0.49)"
5063,2022,기계공학,211160384,전혜연,1,0.0,0.0,"한국비파괴검사학회 (NODE11057605, IF: 0.49)"
5064,2022,기계공학,350730910,김길동,1,0.0,0.0,"한국비파괴검사학회 (NODE11057605, IF: 0.49)"
5065,2022,기계공학,320773299,정락교,1,0.0,0.0,"한국비파괴검사학회 (NODE11057605, IF: 0.49)"
5066,2022,기계공학,898088528,유의종,1,0.0,0.0,"한국비파괴검사학회 (NODE11057607, IF: 0.49)"
5067,2022,기계공학,395712238,김현우,1,0.0,0.0,"한국비파괴검사학회 (NODE11057607, IF: 0.49)"
5068,2022,기계공학,928570366,나대영,1,0.0,0.0,"한국자동차공학회 (NODE11057610, IF: 0.5)"
5069,2022,기계공학,507524812,조병관,1,0.0,0.0,"한국자동차공학회 (NODE11057610, IF: 0.5)"
5070,2022,기계공학,735941350,김진용,1,0.0,0.0,"한국자동차공학회 (NODE11057610, IF: 0.5)"
5071,2022,기계공학,560634800,이두호,1,0.0,0.0,"한국자동차공학회 (NODE11057610, IF: 0.5)"
5072,2022,기계공학,678603380,조현종,1,0.0,0.0,"한국자동차공학회 (NODE11057610, IF: 0.5)"
5073,2022,기계공학,847280855,서영교,1,0.0,0.0,"한국자동차공학회 (NODE11057611, IF: 0.5)"
5074,2022,기계공학,733637139,고지원,1,0.0,0.0,"한국자동차공학회 (NODE11057611, IF: 0.5)"
5075,2022,기계공학,515865085,박용우,1,0.0,0.0,"한국자동차공학회 (NODE11057611, IF: 0.5)"
5076,2022,기계공학,339672007,강종규,1,0.0,0.0,"한국자동차공학회 (NODE11057612, IF: 0.5)"
5077,2022,기계공학,1342623,김현석,1,0.0,0.0,"한국자동차공학회 (NODE11057612, IF: 0.5)"
5078,2022,기계공학,431953906,도지현,1,0.0,0.0,"한국자동차공학회 (NODE11057612, IF: 0.5)"
5079,2022,기계공학,727292511,오치성,1,0.0,0.0,"한국자동차공학회 (NODE11057612, IF: 0.5)"
5080,2022,기계공학,657542704,정준휘,1,0.0,0.0,"한국자동차공학회 (NODE11057616, IF: 0.5)"
5081,2022,기계공학,931995346,신응수,1,0.0,0.0,"한국자동차공학회 (NODE11057616, IF: 0.5)"
5082,2022,기계공학,536966604,한규홍,1,0.0,0.0,"한국자동차공학회 (NODE11057617, IF: 0.5)"
5083,2022,기계공학,243222575,유태현,1,0.0,0.0,"한국자동차공학회 (NODE11057618, IF: 0.5)"
5084,2022,기계공학,344060690,정호창,1,0.0,0.0,"한국자동차공학회 (NODE11057618, IF: 0.5)"
5085,2022,기계공학,286250524,윤석찬,1,0.0,0.0,"한국자동차공학회 (NODE11057619, IF: 0.5)"
5086,2022,기계공학,346269096,김영진,1,0.0,0.0,"한국자동차공학회 (NODE11057619, IF: 0.5)"
5087,2022,기계공학,382092455,김경환,1,0.0,0.0,"한국자동차공학회 (NODE11057619, IF: 0.5)"
5088,2022,기계공학,114115,이민형,1,0.0,0.0,"대한기계학회 (NODE11057620, IF: 0.55)"
5089,2022,기계공학,101659147,이정준,1,0.0,0.0,"대한기계학회 (NODE11057621, IF: 0.55)"
5090,2022,기계공학,810805143,서일호,1,0.0,0.0,"대한기계학회 (NODE11057621, IF: 0.55)"
5091,2022,기계공학,240656454,박승현,1,0.0,0.0,"대한기계학회 (NODE11057621, IF: 0.55)"
5092,2022,기계공학,153197157,김선일,1,0.0,0.0,"대한기계학회 (NODE11057621, IF: 0.55)"
5093,2022,기계공학,266209045,류원형,1,0.0,0.0,"대한기계학회 (NODE11057621, IF: 0.55)"
5094,2022,기계공학,431077033,정재택,1,0.0,0.0,"대한기계학회 (NODE11057622, IF: 0.55)"
5095,2022,기계공학,553888321,배경진,1,0.0,0.0,"대한기계학회 (NODE11057623, IF: 0.55)"
5096,2022,기계공학,961726808,양희천,1,0.0,0.0,"대한기계학회 (NODE11057624, IF: 0.55)"
5097,2022,기계공학,591223962,오지현,1,0.0,0.0,"대한기계학회 (NODE11057625, IF: 0.55)"
5098,2022,기계공학,420961096,브엉티엔 융,1,0.0,0.0,"대한기계학회 (NODE11057625, IF: 0.55)"
5099,2022,기계공학,727505719,이완기,1,0.0,0.0,"대한기계학회 (NODE11057725, IF: 0.55)"
5100,2022,기계공학,341575615,주영석,1,0.0,0.0,"대한기계학회 (NODE11057725, IF: 0.55)"
5101,2022,기계공학,989883348,김진현,1,0.0,0.0,"대한기계학회 (NODE11057725, IF: 0.55)"
5102,2022,기계공학,585672783,전주림,1,0.0,0.0,"대한기계학회 (NODE11057726, IF: 0.55)"
5103,2022,기계공학,659642474,이수빈,1,0.0,0.0,"대한기계학회 (NODE11057727, IF: 0.55)"
5104,2022,기계공학,224208282,박세현,1,0.0,0.0,"대한기계학회 (NODE11057727, IF: 0.55)"
5105,2022,기계공학,547589886,유기수,1,0.0,0.0,"대한기계학회 (NODE11057727, IF: 0.55)"
5106,2022,기계공학,646129166,박성현,1,0.0,0.0,"대한기계학회 (NODE11057729, IF: 0.55)"
5107,2022,기계공학,410975797,이주홍,1,0.0,0.0,"대한기계학회 (NODE11057730, IF: 0.55)"
5108,2022,기계공학,125112032,김도식,1,0.0,0.0,"대한기계학회 (NODE11057730, IF: 0.55)"
5109,2022,기계공학,5209324,김성현,1,0.0,0.0,"대한기계학회 (NODE11057730, IF: 0.55)"
5110,2022,기계공학,828673693,김광민,1,0.0,0.0,"대한기계학회 (NODE11057730, IF: 0.55)"
5111,2022,기계공학,626317,김동하,1,0.0,0.0,"대한기계학회 (NODE11057734, IF: 0.55)"
5112,2022,기계공학,667060906,윤일근,1,0.0,0.0,"대한기계학회 (NODE11057735, IF: 0.55)"
5113,2022,기계공학,989403507,민혜리,1,0.0,0.0,"대한기계학회 (NODE11057735, IF: 0.55)"
5114,2022,기계공학,800681830,이수,1,0.0,0.0,"대한기계학회 (NODE11057735, IF: 0.55)"
5115,2022,기계공학,4208713,장성일,1,0.0,0.0,"대한기계학회 (NODE11057736, IF: 0.55)"
5116,2022,기계공학,611657513,최진환,1,0.0,0.0,"대한기계학회 (NODE11057736, IF: 0.55)"
5117,2022,기계공학,624513203,임성수,1,0.0,0.0,"대한기계학회 (NODE11057736, IF: 0.55)"
5118,2022,기계공학,841653195,박상욱,1,0.0,0.0,"대한기계학회 (NODE11057737, IF: 0.55)"
5119,2022,기계공학,608396794,권용일,1,0.0,0.0,"대한설비공학회 (NODE11057817, IF: 0.42)"
5120,2022,기계공학,4208714,이원종,1,0.0,0.0,"대한설비공학회 (NODE11057818, IF: 0.42)"
5121,2022,기계공학,319156354,배경진,1,0.0,0.0,"대한설비공학회 (NODE11057818, IF: 0.42)"
5122,2022,기계공학,288969425,Md. Sarwar Alam,1,0.0,0.0,"대한설비공학회 (NODE11057819, IF: 0.42)"
5123,2022,기계공학,267852385,김태열,1,0.0,0.0,"대한설비공학회 (NODE11057819, IF: 0.42)"
5124,2022,기계공학,569611575,정구민,1,0.0,0.0,"한국자동차공학회 (NODE11083468, IF: 0.5)"
5125,2022,기계공학,767394280,오차영,1,0.0,0.0,"한국자동차공학회 (NODE11083468, IF: 0.5)"
5126,2022,기계공학,648134254,권순재,1,0.0,0.0,"한국자동차공학회 (NODE11083468, IF: 0.5)"
5127,2022,기계공학,344679954,정현정,1,0.0,0.0,"한국자동차공학회 (NODE11083468, IF: 0.5)"
5128,2022,기계공학,315734104,백철승,1,0.0,0.0,"대한기계학회 (NODE11100706, IF: 0.55)"
5129,2022,기계공학,442506217,주계영,1,0.0,0.0,"대한기계학회 (NODE11100706, IF: 0.55)"
5130,2022,기계공학,698949156,김장진,1,0.0,0.0,"대한기계학회 (NODE11100707, IF: 0.55)"
5131,2022,기계공학,903958218,최성수,1,0.0,0.0,"대한기계학회 (NODE11100707, IF: 0.55)"
5132,2022,기계공학,821024141,김현국,1,0.0,0.0,"대한기계학회 (NODE11100707, IF: 0.55)"
5133,2022,기계공학,345738714,박찬일,1,0.0,0.0,"대한기계학회 (NODE11100707, IF: 0.55)"
5134,2022,기계공학,493538562,차상호,1,0.0,0.0,"대한기계학회 (NODE11100707, IF: 0.55)"
5135,2022,기계공학,497328649,김영민,1,0.0,0.0,"대한기계학회 (NODE11100707, IF: 0.55)"
5136,2022,기계공학,354330236,강신현,1,0.0,0.0,"대한기계학회 (NODE11100707, IF: 0.55)"
5137,2022,기계공학,896749316,이재구,1,0.0,0.0,"대한기계학회 (NODE11100707, IF: 0.55)"
5138,2022,기계공학,118009060,한재흥,1,0.0,0.0,"한국소음진동공학회 (NODE11049107, IF: 0.41)"
5139,2022,기계공학,768795593,손정우,1,0.0,0.0,"한국소음진동공학회 (NODE11049108, IF: 0.41)"
5140,2022,기계공학,919107862,강민수,1,0.0,0.0,"한국소음진동공학회 (NODE11049110, IF: 0.41)"
5141,2022,기계공학,939732773,김형준,1,0.0,0.0,"한국소음진동공학회 (NODE11049111, IF: 0.41)"
5142,2022,기계공학,672358635,장수영,1,0.0,0.0,"한국소음진동공학회 (NODE11049115, IF: 0.41)"
5143,2022,기계공학,623117,정성훈,1,0.0,0.0,"한국소음진동공학회 (NODE11049118, IF: 0.41)"
5144,2022,기계공학,994917937,박준석,1,0.0,0.0,"한국동력기계공학회 (NODE11184385, IF: 0.38)"
5145,2022,기계공학,319195343,김송미,1,0.0,0.0,"한국동력기계공학회 (NODE11184385, IF: 0.38)"
5146,2022,기계공학,913528551,박우림,1,0.0,0.0,"한국동력기계공학회 (NODE11184385, IF: 0.38)"
5147,2022,기계공학,991149216,권기룡,1,0.0,0.0,"한국동력기계공학회 (NODE11184385, IF: 0.38)"
5148,2022,기계공학,659081549,이윤성,1,0.0,0.0,"한국동력기계공학회 (NODE11184386, IF: 0.38)"
5149,2022,기계공학,974481853,박재관,1,0.0,0.0,"한국동력기계공학회 (NODE11184386, IF: 0.38)"
5150,2022,기계공학,296156349,최준혁,1,0.0,0.0,"한국동력기계공학회 (NODE11184386, IF: 0.38)"
5151,2022,기계공학,993455663,이빈,1,0.0,0.0,"한국동력기계공학회 (NODE11184386, IF: 0.38)"
5152,2022,기계공학,178493357,임지윤,1,0.0,0.0,"한국동력기계공학회 (NODE11184386, IF: 0.38)"
5153,2022,기계공학,305699066,정석호,1,0.0,0.0,"한국동력기계공학회 (NODE11184393, IF: 0.38)"
5154,2022,기계공학,602049774,박정민,1,0.0,0.0,"한국동력기계공학회 (NODE11184393, IF: 0.38)"
5155,2022,기계공학,151553854,김상원,1,0.0,0.0,"한국동력기계공학회 (NODE11184393, IF: 0.38)"
5156,2022,기계공학,302696633,김종우,1,0.0,0.0,"한국동력기계공학회 (NODE11184394, IF: 0.38)"
5157,2022,기계공학,270781463,추상윤,1,0.0,0.0,"한국동력기계공학회 (NODE11184394, IF: 0.38)"
5158,2022,기계공학,180619242,김동완,1,0.0,0.0,"한국동력기계공학회 (NODE11184395, IF: 0.38)"
5159,2022,기계공학,714562163,신성호,1,0.0,0.0,"한국동력기계공학회 (NODE11184395, IF: 0.38)"
5160,2022,기계공학,763021945,김상암,1,0.0,0.0,"한국동력기계공학회 (NODE11184396, IF: 0.38)"
5161,2022,기계공학,703378176,왕우경,1,0.0,0.0,"한국동력기계공학회 (NODE11184396, IF: 0.38)"
5162,2022,기계공학,420230613,김무현,1,0.0,0.0,"한국동력기계공학회 (NODE11184397, IF: 0.38)"
5163,2022,기계공학,225286234,이구회,1,0.0,0.0,"한국환경에너지공학회 (NODE11184522, IF: 0.13)"
5164,2022,기계공학,645942261,송민정,1,0.0,0.0,"한국환경에너지공학회 (NODE11184522, IF: 0.13)"
5165,2022,기계공학,390419945,장지원,1,0.0,0.0,"한국환경에너지공학회 (NODE11184522, IF: 0.13)"
5166,2022,기계공학,296923537,김우태,1,0.0,0.0,"한국환경에너지공학회 (NODE11184522, IF: 0.13)"
5167,2022,기계공학,163640967,김현수,1,0.0,0.0,"한국환경에너지공학회 (NODE11184523, IF: 0.13)"
5168,2022,기계공학,872383854,장정훈,1,0.0,0.0,"한국환경에너지공학회 (NODE11184523, IF: 0.13)"
5169,2022,기계공학,585378785,박재람,1,0.0,0.0,"한국환경에너지공학회 (NODE11184523, IF: 0.13)"
5170,2022,기계공학,455009118,김기홍,1,0.0,0.0,"한국환경에너지공학회 (NODE11184523, IF: 0.13)"
5171,2022,기계공학,207565822,신재현,1,0.0,0.0,"한국환경에너지공학회 (NODE11184523, IF: 0.13)"
5172,2022,기계공학,730295602,이동엽,1,0.0,0.0,"한국환경에너지공학회 (NODE11184523, IF: 0.13)"
5173,2022,기계공학,967296029,정새봄,1,0.0,0.0,"한국환경에너지공학회 (NODE11184523, IF: 0.13)"
5174,2022,기계공학,415608238,이경훈,1,0.0,0.0,"한국환경에너지공학회 (NODE11184525, IF: 0.13)"
5175,2022,기계공학,174436522,손준익,1,0.0,0.0,"한국환경에너지공학회 (NODE11184526, IF: 0.13)"
5176,2022,기계공학,202480704,배재근,1,0.0,0.0,"한국환경에너지공학회 (NODE11184526, IF: 0.13)"
5177,2022,기계공학,929249817,박정은,1,0.0,0.0,"한국환경에너지공학회 (NODE11184527, IF: 0.13)"
5178,2022,기계공학,330152318,이기쁨,1,0.0,0.0,"한국환경에너지공학회 (NODE11184527, IF: 0.13)"
5179,2022,기계공학,728635996,김석휘,1,0.0,0.0,"한국환경에너지공학회 (NODE11184527, IF: 0.13)"
5180,2022,기계공학,604737685,조은서,1,0.0,0.0,"한국환경에너지공학회 (NODE11184527, IF: 0.13)"
5181,2022,기계공학,927447760,이상엽,1,0.0,0.0,"한국환경에너지공학회 (NODE11184528, IF: 0.13)"
5182,2022,기계공학,712131556,김종근,1,0.0,0.0,"한국환경에너지공학회 (NODE11184528, IF: 0.13)"
5183,2022,기계공학,722955552,이지연,1,0.0,0.0,"한국환경에너지공학회 (NODE11184528, IF: 0.13)"
5184,2022,기계공학,182431,이상준,1,0.0,0.0,"한국환경에너지공학회 (NODE11184528, IF: 0.13)"
5185,2022,기계공학,616653388,이예지,1,0.0,0.0,"한국환경에너지공학회 (NODE11184529, IF: 0.13)"
5186,2022,기계공학,458070226,이수출,1,0.0,0.0,"한국환경에너지공학회 (NODE11184529, IF: 0.13)"
5187,2022,기계공학,760520528,노영훈,1,0.0,0.0,"한국환경에너지공학회 (NODE11184530, IF: 0.13)"
5188,2022,기계공학,792690684,박주형,1,0.0,0.0,"한국환경에너지공학회 (NODE11184530, IF: 0.13)"
5189,2022,기계공학,724820106,락와더르지,1,0.0,0.0,"한국환경에너지공학회 (NODE11184530, IF: 0.13)"
5190,2022,기계공학,201086413,송규섭,1,0.0,0.0,"한국환경에너지공학회 (NODE11184530, IF: 0.13)"
5191,2022,기계공학,4683836,김진성,1,0.0,0.0,"한국환경에너지공학회 (NODE11184530, IF: 0.13)"
5192,2022,기계공학,242779837,최영찬,1,0.0,0.0,"한국환경에너지공학회 (NODE11184530, IF: 0.13)"
5193,2022,기계공학,967216921,최종원,1,0.0,0.0,"한국환경에너지공학회 (NODE11184530, IF: 0.13)"
5194,2022,기계공학,836438855,박세준,1,0.0,0.0,"한국환경에너지공학회 (NODE11184530, IF: 0.13)"
5195,2022,기계공학,657620121,송광호,1,0.0,0.0,"한국환경에너지공학회 (NODE11184530, IF: 0.13)"
5196,2022,기계공학,872707794,이영주,1,0.0,0.0,"한국환경에너지공학회 (NODE11184530, IF: 0.13)"
5197,2022,기계공학,636387477,문정미,1,0.0,0.0,"한국표면공학회 (NODE11192382, IF: 0.25)"
5198,2022,기계공학,228859172,장호진,1,0.0,0.0,"한국표면공학회 (NODE11192382, IF: 0.25)"
5199,2022,기계공학,245887291,김창환,1,0.0,0.0,"한국표면공학회 (NODE11192382, IF: 0.25)"
5200,2022,기계공학,414384981,김동국,1,0.0,0.0,"한국표면공학회 (NODE11192383, IF: 0.25)"
5201,2022,기계공학,346708335,송태하,1,0.0,0.0,"한국표면공학회 (NODE11192383, IF: 0.25)"
5202,2022,기계공학,294727533,정용훈,1,0.0,0.0,"한국표면공학회 (NODE11192383, IF: 0.25)"
5203,2022,기계공학,168098022,강관수,1,0.0,0.0,"한국표면공학회 (NODE11192383, IF: 0.25)"
5204,2022,기계공학,221437988,윤덕규,1,0.0,0.0,"한국표면공학회 (NODE11192383, IF: 0.25)"
5205,2022,기계공학,609101755,김민욱,1,0.0,0.0,"한국표면공학회 (NODE11192383, IF: 0.25)"
5206,2022,기계공학,310699089,우영재,1,0.0,0.0,"한국표면공학회 (NODE11192383, IF: 0.25)"
5207,2022,기계공학,437145525,서요한,1,0.0,0.0,"한국표면공학회 (NODE11192383, IF: 0.25)"
5208,2022,기계공학,422798152,김경아,1,0.0,0.0,"한국표면공학회 (NODE11192383, IF: 0.25)"
5209,2022,기계공학,512822568,노지형,1,0.0,0.0,"한국표면공학회 (NODE11192383, IF: 0.25)"
5210,2022,기계공학,807105798,윤상두,1,0.0,0.0,"한국표면공학회 (NODE11192385, IF: 0.25)"
5211,2022,기계공학,483068248,최종환,1,0.0,0.0,"한국표면공학회 (NODE11192386, IF: 0.25)"
5212,2022,기계공학,372464100,박영주,1,0.0,0.0,"한국표면공학회 (NODE11192387, IF: 0.25)"
5213,2022,기계공학,154190840,정찬영,1,0.0,0.0,"한국표면공학회 (NODE11192387, IF: 0.25)"
5214,2022,기계공학,136462301,한덕현,1,0.0,0.0,"한국표면공학회 (NODE11192391, IF: 0.25)"
5215,2022,기계공학,153408529,고혁준,1,0.0,0.0,"한국표면공학회 (NODE11192391, IF: 0.25)"
5216,2022,기계공학,671172101,정항철,1,0.0,0.0,"한국표면공학회 (NODE11192391, IF: 0.25)"
5217,2022,기계공학,134881743,최재훈,1,0.0,0.0,"한국표면공학회 (NODE11192392, IF: 0.25)"
5218,2022,기계공학,471094123,이승준,1,0.0,0.0,"한국표면공학회 (NODE11192392, IF: 0.25)"
5219,2022,기계공학,640987693,맹석주,1,0.0,0.0,"한국표면공학회 (NODE11192393, IF: 0.25)"
5220,2022,기계공학,698997179,곽우진,1,0.0,0.0,"한국표면공학회 (NODE11192393, IF: 0.25)"
5221,2022,기계공학,840621696,박헌수,1,0.0,0.0,"한국표면공학회 (NODE11192393, IF: 0.25)"
5222,2022,기계공학,827755754,허원영,1,0.0,0.0,"한국표면공학회 (NODE11192395, IF: 0.25)"
5223,2022,기계공학,795924008,Kanata Nemoto,1,0.0,0.0,"한국유체기계학회 (NODE11192562, IF: 0.38)"
5224,2022,기계공학,402757599,Izuru Kambayashi,1,0.0,0.0,"한국유체기계학회 (NODE11192562, IF: 0.38)"
5225,2022,기계공학,885658752,Satoshi Watanabe,1,0.0,0.0,"한국유체기계학회 (NODE11192562, IF: 0.38)"
5226,2022,기계공학,415272402,이의준,1,0.0,0.0,"대한설비공학회 (NODE11056005, IF: 0.42)"
5227,2022,기계공학,385882739,이재용,1,0.0,0.0,"대한설비공학회 (NODE11056006, IF: 0.42)"
5228,2022,기계공학,5096121,성민아,1,0.0,0.0,"대한설비공학회 (NODE11056006, IF: 0.42)"
5229,2022,기계공학,321506826,장용성,1,0.0,0.0,"대한설비공학회 (NODE11056007, IF: 0.42)"
5230,2022,기계공학,669796304,"DAVID W. BODENSCHATZ, P.E",1,0.0,0.0,"대한설비공학회 (NODE11056009, IF: 0.42)"
5231,2022,기계공학,637468661,尾方壯行,1,0.0,0.0,"대한설비공학회 (NODE11056010, IF: 0.42)"
5232,2022,기계공학,356419564,박상태,1,0.0,0.0,"대한설비공학회 (NODE11056032, IF: 0.42)"
5233,2022,기계공학,218286764,최영진,1,0.0,0.0,"대한설비공학회 (NODE11056033, IF: 0.42)"
5234,2022,기계공학,738258724,노태민,1,0.0,0.0,"한국생산제조학회 (NODE11056368, IF: 0.37)"
5235,2022,기계공학,263083141,레페부르 악셀,1,0.0,0.0,"한국생산제조학회 (NODE11056368, IF: 0.37)"
5236,2022,기계공학,392558151,김민욱,1,0.0,0.0,"한국생산제조학회 (NODE11056368, IF: 0.37)"
5237,2022,기계공학,117064406,박동혁,1,0.0,0.0,"한국생산제조학회 (NODE11056368, IF: 0.37)"
5238,2022,기계공학,547258995,최지섭,1,0.0,0.0,"한국생산제조학회 (NODE11056368, IF: 0.37)"
5239,2022,기계공학,727144404,신대견,1,0.0,0.0,"한국생산제조학회 (NODE11056368, IF: 0.37)"
5240,2022,기계공학,228185083,고병호,1,0.0,0.0,"한국생산제조학회 (NODE11056368, IF: 0.37)"
5241,2022,기계공학,5329078,정용기,1,0.0,0.0,"대한설비공학회 (NODE11108601, IF: 0.42)"
5242,2022,기계공학,748556420,손나민,1,0.0,0.0,"대한설비공학회 (NODE11108602, IF: 0.42)"
5243,2022,기계공학,497659124,원유승,1,0.0,0.0,"대한설비공학회 (NODE11108602, IF: 0.42)"
5244,2022,기계공학,990782472,박경태,1,0.0,0.0,"대한설비공학회 (NODE11108602, IF: 0.42)"
5245,2022,기계공학,617042025,박우성,1,0.0,0.0,"대한설비공학회 (NODE11108602, IF: 0.42)"
5246,2022,기계공학,600606049,신지영,1,0.0,0.0,"대한설비공학회 (NODE11108602, IF: 0.42)"
5247,2022,기계공학,999951449,김학수,1,0.0,0.0,"대한설비공학회 (NODE11108603, IF: 0.42)"
5248,2022,기계공학,139711438,김우경,1,0.0,0.0,"대한설비공학회 (NODE11108603, IF: 0.42)"
5249,2022,기계공학,968572698,지현욱,1,0.0,0.0,"대한설비공학회 (NODE11108604, IF: 0.42)"
5250,2022,기계공학,596752807,장희라,1,0.0,0.0,"대한설비공학회 (NODE11108604, IF: 0.42)"
5251,2022,기계공학,478565728,황인주,1,0.0,0.0,"대한설비공학회 (NODE11108604, IF: 0.42)"
5252,2022,기계공학,717772071,이홍철,1,0.0,0.0,"대한설비공학회 (NODE11108604, IF: 0.42)"
5253,2022,기계공학,489427475,채호병,1,0.0,0.0,"대한설비공학회 (NODE11108605, IF: 0.42)"
5254,2022,기계공학,708906713,문진우,1,0.0,0.0,"대한설비공학회 (NODE11108605, IF: 0.42)"
5255,2022,기계공학,812536040,김문정,1,0.0,0.0,"한국항공우주학회 (NODE11110008, IF: 0.32)"
5256,2022,기계공학,904482204,정철구,1,0.0,0.0,"한국항공우주학회 (NODE11110009, IF: 0.32)"
5257,2022,기계공학,973800144,이창훈,1,0.0,0.0,"한국항공우주학회 (NODE11110009, IF: 0.32)"
5258,2022,기계공학,440068629,탁민제,1,0.0,0.0,"한국항공우주학회 (NODE11110009, IF: 0.32)"
5259,2022,기계공학,652936154,유동길,1,0.0,0.0,"한국항공우주학회 (NODE11110009, IF: 0.32)"
5260,2022,기계공학,573048504,손성환,1,0.0,0.0,"한국항공우주학회 (NODE11110009, IF: 0.32)"
5261,2022,기계공학,101094847,김유일,1,0.0,0.0,"한국항공우주학회 (NODE11110010, IF: 0.32)"
5262,2022,기계공학,985376333,이진원,1,0.0,0.0,"한국항공우주학회 (NODE11110011, IF: 0.32)"
5263,2022,기계공학,227389852,권나은,1,0.0,0.0,"한국항공우주학회 (NODE11110011, IF: 0.32)"
5264,2022,기계공학,385510562,김지홍,1,0.0,0.0,"한국항공우주학회 (NODE11110011, IF: 0.32)"
5265,2022,기계공학,623997,김영준,1,0.0,0.0,"한국항공우주학회 (NODE11110013, IF: 0.32)"
5266,2022,기계공학,615890791,박준수,1,0.0,0.0,"한국항공우주학회 (NODE11110013, IF: 0.32)"
5267,2022,기계공학,155020436,남재영,1,0.0,0.0,"한국항공우주학회 (NODE11110013, IF: 0.32)"
5268,2022,기계공학,803255111,이준혁,1,0.0,0.0,"한국항공우주학회 (NODE11110013, IF: 0.32)"
5269,2022,기계공학,584834890,최윤원,1,0.0,0.0,"한국항공우주학회 (NODE11110013, IF: 0.32)"
5270,2022,기계공학,845981654,유승훈,1,0.0,0.0,"한국항공우주학회 (NODE11110013, IF: 0.32)"
5271,2022,기계공학,226222887,이영건,1,0.0,0.0,"한국항공우주학회 (NODE11110013, IF: 0.32)"
5272,2022,기계공학,326980524,김현수,1,0.0,0.0,"한국항공우주학회 (NODE11110016, IF: 0.32)"
5273,2022,기계공학,145583517,김형석,1,0.0,0.0,"한국항공우주학회 (NODE11110016, IF: 0.32)"
5274,2022,기계공학,699245403,임대진,1,0.0,0.0,"한국항공우주학회 (NODE11110016, IF: 0.32)"
5275,2022,기계공학,530878026,권순호,1,0.0,0.0,"한국항공우주학회 (NODE11110017, IF: 0.32)"
5276,2022,기계공학,824395977,이태진,1,0.0,0.0,"한국항공우주학회 (NODE11110017, IF: 0.32)"
5277,2022,기계공학,251953341,남궁주,1,0.0,0.0,"한국자동차공학회 (NODE11110216, IF: 0.5)"
5278,2022,기계공학,809947233,김형우,1,0.0,0.0,"한국자동차공학회 (NODE11110216, IF: 0.5)"
5279,2022,기계공학,220909431,정을고,1,0.0,0.0,"한국자동차공학회 (NODE11110216, IF: 0.5)"
5280,2022,기계공학,506501274,김태식,1,0.0,0.0,"한국자동차공학회 (NODE11110216, IF: 0.5)"
5281,2022,기계공학,525542979,선태형,1,0.0,0.0,"한국자동차공학회 (NODE11110216, IF: 0.5)"
5282,2022,기계공학,382488256,김문성,1,0.0,0.0,"한국자동차공학회 (NODE11110217, IF: 0.5)"
5283,2022,기계공학,429480069,최욱진,1,0.0,0.0,"한국자동차공학회 (NODE11110217, IF: 0.5)"
5284,2022,기계공학,570825455,임우철,1,0.0,0.0,"한국자동차공학회 (NODE11110217, IF: 0.5)"
5285,2022,기계공학,776009644,김욱현,1,0.0,0.0,"한국자동차공학회 (NODE11110217, IF: 0.5)"
5286,2022,기계공학,383488789,정지현,1,0.0,0.0,"한국자동차공학회 (NODE11110218, IF: 0.5)"
5287,2022,기계공학,680900255,허동혁,1,0.0,0.0,"한국자동차공학회 (NODE11110218, IF: 0.5)"
5288,2022,기계공학,925545482,손명호,1,0.0,0.0,"한국자동차공학회 (NODE11110218, IF: 0.5)"
5289,2022,기계공학,985424418,윤범식,1,0.0,0.0,"한국자동차공학회 (NODE11110218, IF: 0.5)"
5290,2022,기계공학,947305094,고상진,1,0.0,0.0,"한국자동차공학회 (NODE11110219, IF: 0.5)"
5291,2022,기계공학,154318087,오민혁,1,0.0,0.0,"한국자동차공학회 (NODE11110222, IF: 0.5)"
5292,2022,기계공학,843481117,심재경,1,0.0,0.0,"한국자동차공학회 (NODE11110223, IF: 0.5)"
5293,2022,기계공학,643250433,이영국,1,0.0,0.0,"한국자동차공학회 (NODE11110224, IF: 0.5)"
5294,2022,기계공학,266465246,최태훈,1,0.0,0.0,"한국자동차공학회 (NODE11110225, IF: 0.5)"
5295,2022,기계공학,672023207,이현욱,1,0.0,0.0,"한국자동차공학회 (NODE11110225, IF: 0.5)"
5296,2022,기계공학,127812520,하진욱,1,0.0,0.0,"한국자동차공학회 (NODE11110225, IF: 0.5)"
5297,2022,기계공학,260789454,정선경,1,0.0,0.0,"한국자동차공학회 (NODE11110225, IF: 0.5)"
5298,2022,기계공학,111463185,S. R. Rajesh,1,0.0,0.0,"대한용접·접합학회 (NODE11057047, IF: 0.65)"
5299,2022,기계공학,436630569,JinSun Yoo,1,0.0,0.0,"대한용접·접합학회 (NODE11057047, IF: 0.65)"
5300,2022,기계공학,957418144,JungGoo Park,1,0.0,0.0,"대한용접·접합학회 (NODE11057047, IF: 0.65)"
5301,2022,기계공학,497124632,박동희,1,0.0,0.0,"대한용접·접합학회 (NODE11057048, IF: 0.65)"
5302,2022,기계공학,912885835,이제명,1,0.0,0.0,"대한용접·접합학회 (NODE11057048, IF: 0.65)"
5303,2022,기계공학,620509488,안동수,1,0.0,0.0,"대한용접·접합학회 (NODE11057051, IF: 0.65)"
5304,2022,기계공학,995671807,김찬규,1,0.0,0.0,"대한용접·접합학회 (NODE11057051, IF: 0.65)"
5305,2022,기계공학,388246875,박대웅,1,0.0,0.0,"대한용접·접합학회 (NODE11057052, IF: 0.65)"
5306,2022,기계공학,808004417,이성윤,1,0.0,0.0,"대한용접·접합학회 (NODE11057052, IF: 0.65)"
5307,2022,기계공학,989571719,황승진,1,0.0,0.0,"대한용접·접합학회 (NODE11057052, IF: 0.65)"
5308,2022,기계공학,801139832,이건희,1,0.0,0.0,"대한용접·접합학회 (NODE11057052, IF: 0.65)"
5309,2022,기계공학,841815132,조한진,1,0.0,0.0,"대한용접·접합학회 (NODE11057052, IF: 0.65)"
5310,2022,기계공학,796336986,박상현,1,0.0,0.0,"대한용접·접합학회 (NODE11057052, IF: 0.65)"
5311,2022,기계공학,283572865,조세례요한,1,0.0,0.0,"대한용접·접합학회 (NODE11057052, IF: 0.65)"
5312,2022,기계공학,496799760,유태준,1,0.0,0.0,"대한용접·접합학회 (NODE11057052, IF: 0.65)"
5313,2022,기계공학,823789022,Hyunuk Jun,1,0.0,0.0,"대한용접·접합학회 (NODE11057055, IF: 0.65)"
5314,2022,기계공학,734517372,문정환,1,0.0,0.0,"대한설비공학회 (NODE11100791, IF: 0.42)"
5315,2022,기계공학,127604333,유지오,1,0.0,0.0,"대한설비공학회 (NODE11100792, IF: 0.42)"
5316,2022,기계공학,535200007,김효규,1,0.0,0.0,"대한설비공학회 (NODE11100792, IF: 0.42)"
5317,2022,기계공학,256370441,전규명,1,0.0,0.0,"대한설비공학회 (NODE11100795, IF: 0.42)"
5318,2022,기계공학,411563419,민대기,1,0.0,0.0,"대한설비공학회 (NODE11100795, IF: 0.42)"
5319,2022,기계공학,835696628,이주경,1,0.0,0.0,"대한설비공학회 (NODE11100795, IF: 0.42)"
5320,2022,기계공학,279896391,이상범,1,0.0,0.0,"대한설비공학회 (NODE11100796, IF: 0.42)"
5321,2022,기계공학,196785263,조재일,1,0.0,0.0,"대한설비공학회 (NODE11100796, IF: 0.42)"
5322,2022,기계공학,409214330,조정화,1,0.0,0.0,"한국연소학회 (NODE11212994, IF: 0.45)"
5323,2022,기계공학,997361987,이상민,1,0.0,0.0,"한국연소학회 (NODE11212994, IF: 0.45)"
5324,2022,기계공학,226475795,백두산,1,0.0,0.0,"대한설비공학회 (NODE11100793, IF: 0.42)"
5325,2022,기계공학,457713645,박진욱,1,0.0,0.0,"대한설비공학회 (NODE11100794, IF: 0.42)"
5326,2022,기계공학,354734553,유용호,1,0.0,0.0,"대한설비공학회 (NODE11100794, IF: 0.42)"
5327,2022,기계공학,895818837,최해천,1,0.0,0.0,"대한기계학회 (NODE10959682, IF: 0.55)"
5328,2022,기계공학,505225309,이재종,1,0.0,0.0,"대한기계학회 (NODE10959683, IF: 0.55)"
5329,2022,기계공학,894334356,김상태,1,0.0,0.0,"대한기계학회 (NODE10959684, IF: 0.55)"
5330,2022,기계공학,990049731,노유정,1,0.0,0.0,"대한기계학회 (NODE10959684, IF: 0.55)"
5331,2022,기계공학,300620816,김재연,1,0.0,0.0,"대한기계학회 (NODE10959690, IF: 0.55)"
5332,2022,기계공학,928112841,예동희,1,0.0,0.0,"대한기계학회 (NODE10959691, IF: 0.55)"
5333,2022,기계공학,321062624,이호성,1,0.0,0.0,"대한기계학회 (NODE10959693, IF: 0.55)"
5334,2022,기계공학,830839000,정성윤,1,0.0,0.0,"한국생산제조학회 (NODE11116833, IF: 0.37)"
5335,2022,기계공학,5491002,강정모,1,0.0,0.0,"한국생산제조학회 (NODE11116833, IF: 0.37)"
5336,2022,기계공학,705948480,지성철,1,0.0,0.0,"한국생산제조학회 (NODE11116833, IF: 0.37)"
5337,2022,기계공학,978382553,김재윤,1,0.0,0.0,"한국생산제조학회 (NODE11116836, IF: 0.37)"
5338,2022,기계공학,399092268,이용호,1,0.0,0.0,"한국생산제조학회 (NODE11116836, IF: 0.37)"
5339,2022,기계공학,203695051,김용홍,1,0.0,0.0,"한국생산제조학회 (NODE11116845, IF: 0.37)"
5340,2022,기계공학,116099936,양해성,1,0.0,0.0,"한국생산제조학회 (NODE11116845, IF: 0.37)"
5341,2022,기계공학,241305299,김성수,1,0.0,0.0,"한국생산제조학회 (NODE11116845, IF: 0.37)"
5342,2022,기계공학,189777427,김수영,1,0.0,0.0,"한국생산제조학회 (NODE11116845, IF: 0.37)"
5343,2022,기계공학,562336530,김상민,1,0.0,0.0,"한국생산제조학회 (NODE11175726, IF: 0.37)"
5344,2022,기계공학,944406899,오종은,1,0.0,0.0,"한국생산제조학회 (NODE11175726, IF: 0.37)"
5345,2022,기계공학,271050705,이지현,1,0.0,0.0,"한국생산제조학회 (NODE11175726, IF: 0.37)"
5346,2022,기계공학,700133779,김동현,1,0.0,0.0,"한국생산제조학회 (NODE11175726, IF: 0.37)"
5347,2022,기계공학,297695180,Qi Zhoua,1,0.0,0.0,"한국생산제조학회 (NODE11175726, IF: 0.37)"
5348,2022,기계공학,477963686,강신일,1,0.0,0.0,"한국생산제조학회 (NODE11175726, IF: 0.37)"
5349,2022,기계공학,482028380,최용준,1,0.0,0.0,"한국생산제조학회 (NODE11175728, IF: 0.37)"
5350,2022,기계공학,835425549,강영재,1,0.0,0.0,"한국생산제조학회 (NODE11175728, IF: 0.37)"
5351,2022,기계공학,893085564,정창호,1,0.0,0.0,"한국생산제조학회 (NODE11175728, IF: 0.37)"
5352,2022,기계공학,693231087,염현호,1,0.0,0.0,"한국생산제조학회 (NODE11175728, IF: 0.37)"
5353,2022,기계공학,483678907,박천명,1,0.0,0.0,"한국생산제조학회 (NODE11175728, IF: 0.37)"
5354,2022,기계공학,949868117,한수원,1,0.0,0.0,"한국생산제조학회 (NODE11175731, IF: 0.37)"
5355,2022,기계공학,426489526,김현,1,0.0,0.0,"한국생산제조학회 (NODE11175731, IF: 0.37)"
5356,2022,기계공학,269913516,장민지,1,0.0,0.0,"한국생산제조학회 (NODE11175732, IF: 0.37)"
5357,2022,기계공학,124721550,곽시영,1,0.0,0.0,"한국생산제조학회 (NODE11175732, IF: 0.37)"
5358,2022,기계공학,198579069,이희권,1,0.0,0.0,"한국생산제조학회 (NODE11175732, IF: 0.37)"
5359,2022,기계공학,476519155,김용현,1,0.0,0.0,"한국생산제조학회 (NODE11175732, IF: 0.37)"
5360,2022,기계공학,290731742,최영재,1,0.0,0.0,"한국생산제조학회 (NODE11175734, IF: 0.37)"
5361,2022,기계공학,463472975,박거락,1,0.0,0.0,"한국생산제조학회 (NODE11175734, IF: 0.37)"
5362,2022,기계공학,804591986,김건우,1,0.0,0.0,"한국생산제조학회 (NODE11175734, IF: 0.37)"
5363,2022,기계공학,605648064,김준현,1,0.0,0.0,"한국생산제조학회 (NODE11175738, IF: 0.37)"
5364,2022,기계공학,257540096,성재용,1,0.0,0.0,"한국생산제조학회 (NODE11175738, IF: 0.37)"
5365,2022,기계공학,407220004,김태호,1,0.0,0.0,"한국생산제조학회 (NODE11175743, IF: 0.37)"
5366,2022,기계공학,662130044,구병문,1,0.0,0.0,"한국생산제조학회 (NODE11175743, IF: 0.37)"
5367,2022,기계공학,986682686,방양근,1,0.0,0.0,"한국생산제조학회 (NODE11175745, IF: 0.37)"
5368,2022,기계공학,281152360,김동훈,1,0.0,0.0,"한국생산제조학회 (NODE11175745, IF: 0.37)"
5369,2022,기계공학,758728957,송문섭,1,0.0,0.0,"한국생산제조학회 (NODE11175745, IF: 0.37)"
5370,2022,기계공학,323285083,박정애,1,0.0,0.0,"한국생산제조학회 (NODE11175746, IF: 0.37)"
5371,2022,기계공학,531766389,한병길,1,0.0,0.0,"한국생산제조학회 (NODE11175746, IF: 0.37)"
5372,2022,기계공학,626227204,김휘수,1,0.0,0.0,"한국생산제조학회 (NODE11175746, IF: 0.37)"
5373,2022,기계공학,192884138,도현민,1,0.0,0.0,"한국생산제조학회 (NODE11175746, IF: 0.37)"
5374,2022,기계공학,587644647,서상윤,1,0.0,0.0,"한국소음진동공학회 (NODE11175815, IF: 0.41)"
5375,2022,기계공학,819572353,강성우,1,0.0,0.0,"한국소음진동공학회 (NODE11175815, IF: 0.41)"
5376,2022,기계공학,5110083,김성현,1,0.0,0.0,"한국소음진동공학회 (NODE11175816, IF: 0.41)"
5377,2022,기계공학,896887239,M. Ercan Altinsoy,1,0.0,0.0,"한국소음진동공학회 (NODE11175816, IF: 0.41)"
5378,2022,기계공학,160926032,김 중 관,1,0.0,0.0,"한국소음진동공학회 (NODE11175816, IF: 0.41)"
5379,2022,기계공학,118427188,양원석,1,0.0,0.0,"한국소음진동공학회 (NODE11175817, IF: 0.41)"
5380,2022,기계공학,994318461,정광민,1,0.0,0.0,"한국소음진동공학회 (NODE11175818, IF: 0.41)"
5381,2022,기계공학,101539796,김신태,1,0.0,0.0,"한국소음진동공학회 (NODE11175818, IF: 0.41)"
5382,2022,기계공학,386875817,김명준,1,0.0,0.0,"한국소음진동공학회 (NODE11175818, IF: 0.41)"
5383,2022,기계공학,373797168,김영완,1,0.0,0.0,"한국소음진동공학회 (NODE11175820, IF: 0.41)"
5384,2022,기계공학,503734539,박규현,1,0.0,0.0,"한국소음진동공학회 (NODE11175822, IF: 0.41)"
5385,2022,기계공학,143878772,이경자,1,0.0,0.0,"한국소음진동공학회 (NODE11175822, IF: 0.41)"
5386,2022,기계공학,323245934,이민구,1,0.0,0.0,"한국소음진동공학회 (NODE11175822, IF: 0.41)"
5387,2022,기계공학,719469866,이혜진,1,0.0,0.0,"한국소음진동공학회 (NODE11175823, IF: 0.41)"
5388,2022,기계공학,851707056,박민규,1,0.0,0.0,"한국소음진동공학회 (NODE11175825, IF: 0.41)"
5389,2022,기계공학,203410,이정우,1,0.0,0.0,"한국소음진동공학회 (NODE11175825, IF: 0.41)"
