Rank,Year,Class_Name,Author_ID,Author_Name,Total_Papers,Total_Trend_Score,Paper_List_Details
1,2022,공학 일반,914153592,이정민,3,0.197391,"[시설관리공단 근로자들의 감정노동과 구강건강의 관계에서 신체 증상 매개효과]
   └ 학회: 한국산학기술학회 (IF: 1.09)
--------------------------------
[공공부문 근로자의 직무스트레스가 우울증상에 미치는 영향 - 시설관리공단 근로자를 중심으로 -]
   └ 학회: 한국산학기술학회 (IF: 1.09)
--------------------------------
[공공 근로자의 표면연기와 내면연기가 정신건강에 미치는 차별적 영향 연구]
   └ 학회: 한국산학기술학회 (IF: 1.09)"
2,2022,공학 일반,411068809,김종임,2,0.162011,"[비대면 온라인 교육을 경험한 간호대학생의 대학생활스트레스와 우울과의 관계에서 자기효능감의 매개효과]
   └ 학회: 한국산학기술학회 (IF: 1.09)
--------------------------------
[간호대학생의 대학생활스트레스, 자기효능감이 극복력에 미치는 영향]
   └ 학회: 한국산학기술학회 (IF: 1.09)"
3,2022,공학 일반,506385560,홍민희,2,0.130352,"[시설관리공단 근로자들의 감정노동과 구강건강의 관계에서 신체 증상 매개효과]
   └ 학회: 한국산학기술학회 (IF: 1.09)
--------------------------------
[공공 근로자의 표면연기와 내면연기가 정신건강에 미치는 차별적 영향 연구]
   └ 학회: 한국산학기술학회 (IF: 1.09)"
4,2022,공학 일반,168969372,문지유,1,0.12104400000000001,"[Triplet Loss 기반 딥러닝 모델을 통한 유사 아동 그림 선별 알고리즘]
   └ 학회: 한국산업정보학회 (IF: 1.12)"
5,2022,공학 일반,853070354,김민종,1,0.12104400000000001,"[Triplet Loss 기반 딥러닝 모델을 통한 유사 아동 그림 선별 알고리즘]
   └ 학회: 한국산업정보학회 (IF: 1.12)"
6,2022,공학 일반,711889522,이성옥,1,0.12104400000000001,"[Triplet Loss 기반 딥러닝 모델을 통한 유사 아동 그림 선별 알고리즘]
   └ 학회: 한국산업정보학회 (IF: 1.12)"
7,2022,공학 일반,428108722,유용균,1,0.12104400000000001,"[Triplet Loss 기반 딥러닝 모델을 통한 유사 아동 그림 선별 알고리즘]
   └ 학회: 한국산업정보학회 (IF: 1.12)"
8,2022,공학 일반,711148069,김윤호,1,0.12104400000000001,"[배터리 리드탭 압흔 오류 검출의 딥러닝 기법 적용]
   └ 학회: 한국산업정보학회 (IF: 1.12)"
9,2022,공학 일반,423002339,김병만,1,0.12104400000000001,"[배터리 리드탭 압흔 오류 검출의 딥러닝 기법 적용]
   └ 학회: 한국산업정보학회 (IF: 1.12)"
10,2022,공학 일반,541820191,김태형,2,0.11173100000000001,"[대학생의 가족기능이 우울에 미치는 영향: 자아존중감의 매개효과]
   └ 학회: 한국산학기술학회 (IF: 1.09)
--------------------------------
[사회복지대학생의 가족기능과 행복감과의 관계: 자아존중감의 매개효과]
   └ 학회: 한국산학기술학회 (IF: 1.09)"
11,2022,공학 일반,944597725,최영실,2,0.106146,"[중환자실 환자에 대한 간호대학생의 신체 억제대 사용에 대한 지식과 인식이 태도에 미치는 영향 요인]
   └ 학회: 한국산학기술학회 (IF: 1.09)
--------------------------------
[간호 대학생의 생명윤리의식, 의사소통능력 및 도덕적 민감성이 간호 전문직관에 미치는 영향]
   └ 학회: 한국산학기술학회 (IF: 1.09)"
12,2022,공학 일반,498321868,정계선,2,0.106146,"[중환자실 환자에 대한 간호대학생의 신체 억제대 사용에 대한 지식과 인식이 태도에 미치는 영향 요인]
   └ 학회: 한국산학기술학회 (IF: 1.09)
--------------------------------
[간호 대학생의 생명윤리의식, 의사소통능력 및 도덕적 민감성이 간호 전문직관에 미치는 영향]
   └ 학회: 한국산학기술학회 (IF: 1.09)"
13,2022,공학 일반,417058791,장희정,1,0.10614599999999999,"[간호대학생의 낙상에 대한 지식과 태도가 낙상예방활동에 미치는 영향]
   └ 학회: 한국산학기술학회 (IF: 1.09)"
14,2022,공학 일반,249356265,모문희,1,0.10614599999999999,"[간호대학생의 낙상에 대한 지식과 태도가 낙상예방활동에 미치는 영향]
   └ 학회: 한국산학기술학회 (IF: 1.09)"
15,2022,공학 일반,670806406,김혜진,1,0.10614599999999999,"[간호대학생의 낙상에 대한 지식과 태도가 낙상예방활동에 미치는 영향]
   └ 학회: 한국산학기술학회 (IF: 1.09)"
16,2022,공학 일반,782508214,이영미,3,0.106144,"[간호사의 감염관리 직무스트레스, 회복탄력성 및 이직의도와의 관계]
   └ 학회: 한국산학기술학회 (IF: 1.09)
--------------------------------
[Factors of Problem Drinking and the Relationship between College Students’ Problem Drinking, Anxiety, and Internalized Shame]
   └ 학회: 한국산학기술학회 (IF: 1.09)
--------------------------------
[The effect of forest-based trauma stress management program on job stress, PTSD, resilience, mental health, and salivary cortisol for firefighters]
   └ 학회: 한국산학기술학회 (IF: 1.09)"
17,2022,공학 일반,605371648,이동화,2,0.104284,"[다중스펙트럼을 이용한 횡단보도 보행자 검지에 관한 연구]
   └ 학회: 한국산업정보학회 (IF: 1.12)
--------------------------------
[SHAPE 알고리즘을 이용한 사인파 주파수 변조 펄스의 상호간섭 억제]
   └ 학회: 한국산업정보학회 (IF: 1.12)"
18,2022,공학 일반,879967105,김정훈,1,0.104284,"[다중스펙트럼을 이용한 횡단보도 보행자 검지에 관한 연구]
   └ 학회: 한국산업정보학회 (IF: 1.12)"
19,2022,공학 일반,667759126,최두현,1,0.104284,"[다중스펙트럼을 이용한 횡단보도 보행자 검지에 관한 연구]
   └ 학회: 한국산업정보학회 (IF: 1.12)"
20,2022,공학 일반,892129027,이종선,1,0.104284,"[다중스펙트럼을 이용한 횡단보도 보행자 검지에 관한 연구]
   └ 학회: 한국산업정보학회 (IF: 1.12)"
21,2022,공학 일반,638175604,김유민,1,0.104284,"[컨볼루션 신경망 모델에 의한 악성 댓글 모자이크처리 방안]
   └ 학회: 한국산업정보학회 (IF: 1.12)"
22,2022,공학 일반,623754619,강효빈,1,0.104284,"[컨볼루션 신경망 모델에 의한 악성 댓글 모자이크처리 방안]
   └ 학회: 한국산업정보학회 (IF: 1.12)"
23,2022,공학 일반,532516402,한수현,1,0.104284,"[컨볼루션 신경망 모델에 의한 악성 댓글 모자이크처리 방안]
   └ 학회: 한국산업정보학회 (IF: 1.12)"
24,2022,공학 일반,779643206,정희용,1,0.104284,"[컨볼루션 신경망 모델에 의한 악성 댓글 모자이크처리 방안]
   └ 학회: 한국산업정보학회 (IF: 1.12)"
25,2022,공학 일반,690533368,김성엽,1,0.104284,"[딥러닝 활용 원전 중대사고 진단]
   └ 학회: 한국산업정보학회 (IF: 1.12)"
26,2022,공학 일반,637182539,최윤영,1,0.104284,"[딥러닝 활용 원전 중대사고 진단]
   └ 학회: 한국산업정보학회 (IF: 1.12)"
27,2022,공학 일반,344740628,박수용,1,0.104284,"[딥러닝 활용 원전 중대사고 진단]
   └ 학회: 한국산업정보학회 (IF: 1.12)"
28,2022,공학 일반,470692992,권오규,1,0.104284,"[딥러닝 활용 원전 중대사고 진단]
   └ 학회: 한국산업정보학회 (IF: 1.12)"
29,2022,공학 일반,583758803,신형기,1,0.104284,"[딥러닝 활용 원전 중대사고 진단]
   └ 학회: 한국산업정보학회 (IF: 1.12)"
30,2022,공학 일반,355007365,김민,2,0.096834,"[COVID-19 증상과 우울에 대한 이중매개효과]
   └ 학회: 한국산학기술학회 (IF: 1.09)
--------------------------------
[한국판 사건영향 수정판 척도 타당화 연구 - 정신질환자를 중심으로]
   └ 학회: 한국산학기술학회 (IF: 1.09)"
31,2022,공학 일반,694088642,김현진,2,0.096834,"[COVID-19 증상과 우울에 대한 이중매개효과]
   └ 학회: 한국산학기술학회 (IF: 1.09)
--------------------------------
[한국판 사건영향 수정판 척도 타당화 연구 - 정신질환자를 중심으로]
   └ 학회: 한국산학기술학회 (IF: 1.09)"
32,2022,공학 일반,637918018,이윤정,1,0.096834,"[임부의 우울, 스트레스, 사회적지지가 모성역할자신감에 미치는 영향]
   └ 학회: 한국산학기술학회 (IF: 1.09)"
33,2022,공학 일반,152886896,김연실,1,0.096834,"[임부의 우울, 스트레스, 사회적지지가 모성역할자신감에 미치는 영향]
   └ 학회: 한국산학기술학회 (IF: 1.09)"
34,2022,공학 일반,526639255,박규희,1,0.096834,"[임부의 우울, 스트레스, 사회적지지가 모성역할자신감에 미치는 영향]
   └ 학회: 한국산학기술학회 (IF: 1.09)"
35,2022,공학 일반,538451530,권영은,1,0.094972,"[갱년기 증상을 경험하는 중년 남성의 삶의 질 영향요인]
   └ 학회: 한국산학기술학회 (IF: 1.09)"
36,2022,공학 일반,560877738,김경하,2,0.091247,"[간호대학생의 임상실습 감정노동과 간호전문직관이 진로정체감에 미치는 영향]
   └ 학회: 한국산학기술학회 (IF: 1.09)
--------------------------------
[간호대학생의 성장마인드셋과 진로준비행동의 관계에서 셀프리더십의 매개효과]
   └ 학회: 한국산학기술학회 (IF: 1.09)"
37,2022,공학 일반,203066349,박영미,1,0.08752399999999999,"[간호대학생의 호흡기감염병 예방행위 수행의 예측요인]
   └ 학회: 한국산학기술학회 (IF: 1.09)"
38,2022,공학 일반,204371644,김정이,1,0.08752399999999999,"[간호대학생의 호흡기감염병 예방행위 수행의 예측요인]
   └ 학회: 한국산학기술학회 (IF: 1.09)"
39,2022,공학 일반,918333359,한미현,1,0.08752399999999999,"[전문대학 간호학과 재입학생들의 학습경험에 관한 질적 연구 - 근거이론 접근]
   └ 학회: 한국산학기술학회 (IF: 1.09)"
40,2022,공학 일반,380206901,이경숙,2,0.085661,"[간호대학생의 취업불안 관련요인]
   └ 학회: 한국산학기술학회 (IF: 1.09)
--------------------------------
[국내 간호대학생의 학습몰입 관련 요인에 대한 체계적 문헌 고찰 및 메타분석]
   └ 학회: 한국산학기술학회 (IF: 1.09)"
41,2022,공학 일반,162330537,김영숙,1,0.085661,"[국내 간호대학생의 학습몰입 관련 요인에 대한 체계적 문헌 고찰 및 메타분석]
   └ 학회: 한국산학기술학회 (IF: 1.09)"
42,2022,공학 일반,485674006,임효남,4,0.08193700000000001,"[웰에이징을 위한 노인 구강건강과 삶의 질 및 교육 요구도에 관한 연구]
   └ 학회: 한국산학기술학회 (IF: 1.09)
--------------------------------
[웰에이징을 위한 노인의 건강증진행위와 교육요구도 조사]
   └ 학회: 한국산학기술학회 (IF: 1.09)
--------------------------------
[중환자실 간호사의 생명의료윤리의식, 좋은 죽음 인식 및 사전연명의료의향서 지식이 연명의료중단 태도에 미치는 영향]
   └ 학회: 한국산학기술학회 (IF: 1.09)
--------------------------------
[코로나19 전담병원 간호사의 코로나19 감염관리에 대한 지식과 교육요구도가 감염관리 수행도에 미치는 영향]
   └ 학회: 한국산학기술학회 (IF: 1.09)"
43,2022,공학 일반,941356879,오은주,3,0.081937,"[고등학생의 지각된 스트레스와 충동성이 일탈행위에 미치는 영향]
   └ 학회: 한국산학기술학회 (IF: 1.09)
--------------------------------
[간호대학생의 자기 주도성, 임상실습 스트레스가 임상수행능력에 미치는 영향]
   └ 학회: 한국산학기술학회 (IF: 1.09)
--------------------------------
[간호대학생의 학업지연행동, 대인관계유능성이 학습몰입에 미치는 영향]
   └ 학회: 한국산학기술학회 (IF: 1.09)"
44,2022,공학 일반,669122747,조현우,2,0.081937,"[텍스트 마이닝에 기반한 Expert Systems with Applications 저널의 토픽 모델링 및 분석]
   └ 학회: 한국산학기술학회 (IF: 1.09)
--------------------------------
[LDA를 활용한 Batch 공정 모니터링 연구의 토픽 모델링 분석]
   └ 학회: 한국산학기술학회 (IF: 1.09)"
45,2022,공학 일반,247301498,곽은주,1,0.081937,"[간호 대학생의 좋은 죽음 인식이 사전의료의향서와 안락사에 대한 태도에 미치는 영향]
   └ 학회: 한국산학기술학회 (IF: 1.09)"
46,2022,공학 일반,566461824,김해숙,2,0.080074,"[팬데믹 상황에서 스트레스와 우울의 관계에 대인접촉빈도가 미치는 영향: 매개효과를 중심으로]
   └ 학회: 한국산학기술학회 (IF: 1.09)
--------------------------------
[강력범죄피해자의 과거 정서학대 경험과 외상후스트레스장애 증상간의 관계에서 수치심의 매개효과]
   └ 학회: 한국산학기술학회 (IF: 1.09)"
47,2022,공학 일반,189172835,장기원,2,0.080074,"[시설관리공단 근로자들의 감정노동과 구강건강의 관계에서 신체 증상 매개효과]
   └ 학회: 한국산학기술학회 (IF: 1.09)
--------------------------------
[공공부문 근로자의 직무스트레스가 우울증상에 미치는 영향 - 시설관리공단 근로자를 중심으로 -]
   └ 학회: 한국산학기술학회 (IF: 1.09)"
48,2022,공학 일반,594081793,박승미,1,0.080074,"[예비노인과 전기노인의 우울영향요인]
   └ 학회: 한국산학기술학회 (IF: 1.09)"
49,2022,공학 일반,628774133,박선아,1,0.080074,"[예비노인과 전기노인의 우울영향요인]
   └ 학회: 한국산학기술학회 (IF: 1.09)"
50,2022,공학 일반,164177123,양미라,1,0.080074,"[팬데믹 상황에서 스트레스와 우울의 관계에 대인접촉빈도가 미치는 영향: 매개효과를 중심으로]
   └ 학회: 한국산학기술학회 (IF: 1.09)"
51,2022,공학 일반,101540383,이윤희,1,0.07821199999999999,"[여성 노인의 스트레스 원인에 따른 삶의 질 영향요인]
   └ 학회: 한국산학기술학회 (IF: 1.09)"
52,2022,공학 일반,898875880,곽은미,1,0.07821199999999999,"[여성 노인의 스트레스 원인에 따른 삶의 질 영향요인]
   └ 학회: 한국산학기술학회 (IF: 1.09)"
53,2022,공학 일반,306523900,이상희,4,0.074488,"[소형 관리기식 보행형 중경제초기 개발]
   └ 학회: 한국산학기술학회 (IF: 1.09)
--------------------------------
[인삼 파종기의 홈롤러식 배종장치 개발]
   └ 학회: 한국산학기술학회 (IF: 1.09)
--------------------------------
[딥러닝을 활용한 감자 수확량 모니터링 시스템 설계]
   └ 학회: 한국산학기술학회 (IF: 1.09)
--------------------------------
[벼 수확량 모니터링을 위한 충격판식 유량센서 개발]
   └ 학회: 한국산학기술학회 (IF: 1.09)"
54,2022,공학 일반,193468429,장성혁,4,0.074488,"[소형 관리기식 보행형 중경제초기 개발]
   └ 학회: 한국산학기술학회 (IF: 1.09)
--------------------------------
[인삼 파종기의 홈롤러식 배종장치 개발]
   └ 학회: 한국산학기술학회 (IF: 1.09)
--------------------------------
[딥러닝을 활용한 감자 수확량 모니터링 시스템 설계]
   └ 학회: 한국산학기술학회 (IF: 1.09)
--------------------------------
[벼 수확량 모니터링을 위한 충격판식 유량센서 개발]
   └ 학회: 한국산학기술학회 (IF: 1.09)"
55,2022,공학 일반,471074739,김태형,4,0.074488,"[소형 관리기식 보행형 중경제초기 개발]
   └ 학회: 한국산학기술학회 (IF: 1.09)
--------------------------------
[인삼 파종기의 홈롤러식 배종장치 개발]
   └ 학회: 한국산학기술학회 (IF: 1.09)
--------------------------------
[딥러닝을 활용한 감자 수확량 모니터링 시스템 설계]
   └ 학회: 한국산학기술학회 (IF: 1.09)
--------------------------------
[벼 수확량 모니터링을 위한 충격판식 유량센서 개발]
   └ 학회: 한국산학기술학회 (IF: 1.09)"
56,2022,공학 일반,525719915,신소영,3,0.074488,"[소형 관리기식 보행형 중경제초기 개발]
   └ 학회: 한국산학기술학회 (IF: 1.09)
--------------------------------
[인삼 파종기의 홈롤러식 배종장치 개발]
   └ 학회: 한국산학기술학회 (IF: 1.09)
--------------------------------
[딥러닝을 활용한 감자 수확량 모니터링 시스템 설계]
   └ 학회: 한국산학기술학회 (IF: 1.09)"
57,2022,공학 일반,742455312,장희경,2,0.074488,"[간호대학생의 인간중심돌봄 역량에 대한 공감, 자기자비 및 비판적 사고성향의 영향]
   └ 학회: 한국산학기술학회 (IF: 1.09)
--------------------------------
[혈액투석환자의 자가관리 이행 영향요인]
   └ 학회: 한국산학기술학회 (IF: 1.09)"
58,2022,공학 일반,220182060,김애실,2,0.07262500000000001,"[간호대학생의 학업적 자기효능감과 임상추론역량에서 그릿의 매개효과]
   └ 학회: 한국산학기술학회 (IF: 1.09)
--------------------------------
[알레르기 비염 청소년의 주관적 행복감에 영향을 미치는 요인 -2020년 제16차 청소년건강행태조사-]
   └ 학회: 한국산학기술학회 (IF: 1.09)"
59,2022,공학 일반,529449673,원희욱,3,0.072625,"[마음챙김 명상이 주식투자자의 마음챙김, 집착과 정량뇌파에 미치는 효과 연구]
   └ 학회: 한국산학기술학회 (IF: 1.09)
--------------------------------
[아로마목걸이를 병용한 고려수지요법이 노인의 근골격계 통증, 스트레스 및 악력에 미치는 영향]
   └ 학회: 한국산학기술학회 (IF: 1.09)
--------------------------------
[미래 저널링이 초등·중학생의 메타인지, 마음건강 및 뇌파에 미치는 영향]
   └ 학회: 한국산학기술학회 (IF: 1.09)"
60,2022,공학 일반,941097168,손해경,2,0.072625,"[아로마목걸이를 병용한 고려수지요법이 노인의 근골격계 통증, 스트레스 및 악력에 미치는 영향]
   └ 학회: 한국산학기술학회 (IF: 1.09)
--------------------------------
[미래 저널링이 초등·중학생의 메타인지, 마음건강 및 뇌파에 미치는 영향]
   └ 학회: 한국산학기술학회 (IF: 1.09)"
61,2022,공학 일반,865170209,장경오,2,0.072625,"[일 지역사회 일반직 공무원의 치매인식도, 치매태도 및 치매예방교육 요구도가 치매두려움에 미치는 영향]
   └ 학회: 한국산학기술학회 (IF: 1.09)
--------------------------------
[지역사회 노인의 지각된 건강상태가 생활만족도에 미치는 영향에 대한 자아존중감의 매개효과]
   └ 학회: 한국산학기술학회 (IF: 1.09)"
62,2022,공학 일반,317775272,김설희,2,0.070764,"[치과위생사의 골다공증, 약물관련 악골괴사 인식과 교육 요구도에 관한 연구]
   └ 학회: 한국산학기술학회 (IF: 1.09)
--------------------------------
[웰에이징을 위한 노인 구강건강과 삶의 질 및 교육 요구도에 관한 연구]
   └ 학회: 한국산학기술학회 (IF: 1.09)"
63,2022,공학 일반,955636430,이채원,1,0.070764,"[비보건계열 대학생의 고혈압 전단계에 관련된 지식, 태도, 건강증진행위가 자가간호역량에 미치는 영향]
   └ 학회: 한국산학기술학회 (IF: 1.09)"
64,2022,공학 일반,890608565,이지원,1,0.070764,"[비보건계열 대학생의 고혈압 전단계에 관련된 지식, 태도, 건강증진행위가 자가간호역량에 미치는 영향]
   └ 학회: 한국산학기술학회 (IF: 1.09)"
65,2022,공학 일반,333417132,유민주,1,0.070764,"[비보건계열 대학생의 고혈압 전단계에 관련된 지식, 태도, 건강증진행위가 자가간호역량에 미치는 영향]
   └ 학회: 한국산학기술학회 (IF: 1.09)"
66,2022,공학 일반,726463273,강지영,1,0.070764,"[비보건계열 대학생의 고혈압 전단계에 관련된 지식, 태도, 건강증진행위가 자가간호역량에 미치는 영향]
   └ 학회: 한국산학기술학회 (IF: 1.09)"
67,2022,공학 일반,683517434,신선주,1,0.070764,"[비보건계열 대학생의 고혈압 전단계에 관련된 지식, 태도, 건강증진행위가 자가간호역량에 미치는 영향]
   └ 학회: 한국산학기술학회 (IF: 1.09)"
68,2022,공학 일반,365628542,이지연,1,0.070764,"[비보건계열 대학생의 고혈압 전단계에 관련된 지식, 태도, 건강증진행위가 자가간호역량에 미치는 영향]
   └ 학회: 한국산학기술학회 (IF: 1.09)"
69,2022,공학 일반,378037825,조은희,1,0.070764,"[비보건계열 대학생의 고혈압 전단계에 관련된 지식, 태도, 건강증진행위가 자가간호역량에 미치는 영향]
   └ 학회: 한국산학기술학회 (IF: 1.09)"
70,2022,공학 일반,849320703,강혜경,2,0.070763,"[당뇨병성 콩팥병 예측의 기계학습 적용을 위한 분류기 알고리즘별 성능 비교에 대한 연구]
   └ 학회: 한국산학기술학회 (IF: 1.09)
--------------------------------
[혈액투석환자의 자가간호수행, 우울 및 가족지지]
   └ 학회: 한국산학기술학회 (IF: 1.09)"
71,2022,공학 일반,5539147,박동진,2,0.070763,"[간호대학생의 셀프리더십과 임상수행능력의 관계 : 간호전문직관의 매개효과]
   └ 학회: 한국산학기술학회 (IF: 1.09)
--------------------------------
[농인의 농정체성이 농문화 인식에 미치는 영향 : 수어인식의 매개효과]
   └ 학회: 한국산학기술학회 (IF: 1.09)"
72,2022,공학 일반,545305703,이원재,1,0.068902,"[과학화 경계시스템 고도화 연구: 이미지데이터 분석을 중심으로]
   └ 학회: 한국산학기술학회 (IF: 1.09)"
73,2022,공학 일반,587114878,손창호,1,0.068902,"[과학화 경계시스템 고도화 연구: 이미지데이터 분석을 중심으로]
   └ 학회: 한국산학기술학회 (IF: 1.09)"
74,2022,공학 일반,944008423,이미영,1,0.067039,"[소방공무원의 수면의 질과 우울과의 관련성]
   └ 학회: 한국산학기술학회 (IF: 1.09)"
75,2022,공학 일반,482488522,강유리,1,0.067039,"[욕창 교육 프로그램이 간호 · 간병통합서비스 병동 간호사의 욕창간호 지식, 욕창예방 태도, 욕창 간호중재 수행도에 미치는 효과]
   └ 학회: 한국산학기술학회 (IF: 1.09)"
76,2022,공학 일반,291074957,조명주,1,0.067039,"[욕창 교육 프로그램이 간호 · 간병통합서비스 병동 간호사의 욕창간호 지식, 욕창예방 태도, 욕창 간호중재 수행도에 미치는 효과]
   └ 학회: 한국산학기술학회 (IF: 1.09)"
77,2022,공학 일반,471803274,김광환,3,0.063315,"[드라마에 나타난 죽음, 자살 분석과 대안으로서의 웰다잉(well-dying), 웰에이징(well-aging) 연구]
   └ 학회: 한국산학기술학회 (IF: 1.09)
--------------------------------
[웰에이징을 위한 노인 구강건강과 삶의 질 및 교육 요구도에 관한 연구]
   └ 학회: 한국산학기술학회 (IF: 1.09)
--------------------------------
[웰에이징을 위한 노인의 건강증진행위와 교육요구도 조사]
   └ 학회: 한국산학기술학회 (IF: 1.09)"
78,2022,공학 일반,259048994,이인숙,1,0.063315,"[간호대학생들의 출산의지와 가족건강성이 결혼관에 미치는 영향]
   └ 학회: 한국산학기술학회 (IF: 1.09)"
79,2022,공학 일반,211797084,박명남,1,0.063315,"[간호대학생의 자기 주도성, 임상실습 스트레스가 임상수행능력에 미치는 영향]
   └ 학회: 한국산학기술학회 (IF: 1.09)"
80,2022,공학 일반,348485445,이해랑,1,0.063315,"[간호대학생의 자기 주도성, 임상실습 스트레스가 임상수행능력에 미치는 영향]
   └ 학회: 한국산학기술학회 (IF: 1.09)"
81,2022,공학 일반,317986912,김민영,1,0.063315,"[간호대학생의 학업스트레스와 대인관계가 전공만족도에 미치는 영향]
   └ 학회: 한국산학기술학회 (IF: 1.09)"
82,2022,공학 일반,781816277,주혜진,1,0.063315,"[간호대학생의 임상실습 시 성희롱 피해경험, 젠더감수성 및 간호전문직관간의 관계]
   └ 학회: 한국산학기술학회 (IF: 1.09)"
83,2022,공학 일반,653143546,이수경,1,0.063315,"[간호대학생의 임상실습 시 성희롱 피해경험, 젠더감수성 및 간호전문직관간의 관계]
   └ 학회: 한국산학기술학회 (IF: 1.09)"
84,2022,공학 일반,681432607,정은,1,0.063314,"[노인의 수면에 영향을 미치는 요인: 제8기 국민건강영양조사 자료(2019~2020) 활용]
   └ 학회: 한국산학기술학회 (IF: 1.09)"
85,2022,공학 일반,358869051,정미라,1,0.063314,"[노인의 수면에 영향을 미치는 요인: 제8기 국민건강영양조사 자료(2019~2020) 활용]
   └ 학회: 한국산학기술학회 (IF: 1.09)"
86,2022,공학 일반,396882861,배한주,1,0.06145200000000001,"[간호대학생의 학업적 자기효능감과 임상추론역량에서 그릿의 매개효과]
   └ 학회: 한국산학기술학회 (IF: 1.09)"
87,2022,공학 일반,440051632,김연하,1,0.06145200000000001,"[간호대학생의 학업적 자기효능감과 임상추론역량에서 그릿의 매개효과]
   └ 학회: 한국산학기술학회 (IF: 1.09)"
88,2022,공학 일반,493754249,임유진,2,0.061452,"[중고령자의 음주 및 흡연, 신체적 건강, 우울 및 불안의 구조적 관계에 대한 연구]
   └ 학회: 한국산학기술학회 (IF: 1.09)
--------------------------------
[저소득 금융소외계층의 금융복지 이용 경험에 관한 질적연구]
   └ 학회: 한국산학기술학회 (IF: 1.09)"
89,2022,공학 일반,672249308,남희은,2,0.061452,"[중고령자의 음주 및 흡연, 신체적 건강, 우울 및 불안의 구조적 관계에 대한 연구]
   └ 학회: 한국산학기술학회 (IF: 1.09)
--------------------------------
[저소득 금융소외계층의 금융복지 이용 경험에 관한 질적연구]
   └ 학회: 한국산학기술학회 (IF: 1.09)"
90,2022,공학 일반,344626665,박원주,2,0.061452,"[아동기 학대경험, 자기비난 및 대인관계문제의 관계에서 공감경험의 조절된 매개효과]
   └ 학회: 한국산학기술학회 (IF: 1.09)
--------------------------------
[남성 동성애자의 불안정 성인애착이 우울과 불안에 미치는 영향: 소수자 스트레스의 매개효과]
   └ 학회: 한국산학기술학회 (IF: 1.09)"
91,2022,공학 일반,696436043,김은영,1,0.061452,"[대학생의 취업 스트레스가 SNS 중독에 미치는 영향 -우울과 불안의 매개효과 검증-]
   └ 학회: 한국산학기술학회 (IF: 1.09)"
92,2022,공학 일반,460802959,김상미,1,0.061452,"[대학생의 취업 스트레스가 SNS 중독에 미치는 영향 -우울과 불안의 매개효과 검증-]
   └ 학회: 한국산학기술학회 (IF: 1.09)"
93,2022,공학 일반,559168627,고기숙,1,0.061452,"[중고령자의 음주 및 흡연, 신체적 건강, 우울 및 불안의 구조적 관계에 대한 연구]
   └ 학회: 한국산학기술학회 (IF: 1.09)"
94,2022,공학 일반,860082566,문정화,1,0.061452,"[중고령자의 음주 및 흡연, 신체적 건강, 우울 및 불안의 구조적 관계에 대한 연구]
   └ 학회: 한국산학기술학회 (IF: 1.09)"
95,2022,공학 일반,234290766,박기량,1,0.061452,"[남성 동성애자의 불안정 성인애착이 우울과 불안에 미치는 영향: 소수자 스트레스의 매개효과]
   └ 학회: 한국산학기술학회 (IF: 1.09)"
96,2022,공학 일반,785630039,하보경,1,0.054003999999999996,"[중환자실 간호사의 연명의료결정지식, 연명의료중단에 대한 태도 및 연명의료결정과정에서 역할수행의 관계]
   └ 학회: 한국산학기술학회 (IF: 1.09)"
97,2022,공학 일반,744736342,민혜영,1,0.054003999999999996,"[중환자실 간호사의 연명의료결정지식, 연명의료중단에 대한 태도 및 연명의료결정과정에서 역할수행의 관계]
   └ 학회: 한국산학기술학회 (IF: 1.09)"
98,2022,공학 일반,706505058,김애정,5,0.054002999999999995,"[습식마사지가 한국 비만 중년여성의 신체조성과 혈액성상에 미친 효과크기 분석]
   └ 학회: 한국산학기술학회 (IF: 1.09)
--------------------------------
[독서치료 프로그램의 변인에 따른 메타분석]
   └ 학회: 한국산학기술학회 (IF: 1.09)
--------------------------------
[침치료를 이용한 요통 개선의 효과크기 분석]
   └ 학회: 한국산학기술학회 (IF: 1.09)
--------------------------------
[건식마사지가 한국 성인 여성의 신체조성과 혈액성상에 미친 효과크기 분석]
   └ 학회: 한국산학기술학회 (IF: 1.09)
--------------------------------
[운동 중재가 한국 마른 비만 여성의 체 성분, 혈액 성상 및 체력 요인에 미치는 효과크기 분석]
   └ 학회: 한국산학기술학회 (IF: 1.09)"
99,2022,공학 일반,488852589,마정목,5,0.052142,"[공군 수리부속 수요 데이터 분석기간 설정에 관한 실증연구]
   └ 학회: 한국산학기술학회 (IF: 1.09)
--------------------------------
[자폭형 군집 드론의 전투모형에 관한 연구]
   └ 학회: 한국산학기술학회 (IF: 1.09)
--------------------------------
[GPR 영상에서 CNN을 이용한 지뢰 식별 연구]
   └ 학회: 한국산학기술학회 (IF: 1.09)
--------------------------------
[일반전초 감시카메라 동영상 분석에 적합한 배경분리 알고리즘 성능 비교 및 향상에 관한 연구]
   └ 학회: 한국산학기술학회 (IF: 1.09)
--------------------------------
[KUH-1 헬기의 상태감시시스템(HUMS) 안정화를 위한 요소와 우선순위 연구]
   └ 학회: 한국산학기술학회 (IF: 1.09)"
100,2022,공학 일반,860947430,하재철,4,0.052142,"[딥러닝을 활용한 산업제어 시스템에 대한 이상징후 탐지]
   └ 학회: 한국산학기술학회 (IF: 1.09)
--------------------------------
[경량 블록 암호 알고리즘 PIPO에 대한 테이블 기반 마스킹 적용 및 분석]
   └ 학회: 한국산학기술학회 (IF: 1.09)
--------------------------------
[부채널 분석에 강인한 블록 암호 PIPO 구현을 위한 비선형 마스킹 기법]
   └ 학회: 한국산학기술학회 (IF: 1.09)
--------------------------------
[양자 내성 암호 FALCON에 대한 차분 전력 분석 공격 성능 개선]
   └ 학회: 한국산학기술학회 (IF: 1.09)"
101,2022,공학 일반,563649356,장세창,3,0.052142,"[딥러닝을 활용한 산업제어 시스템에 대한 이상징후 탐지]
   └ 학회: 한국산학기술학회 (IF: 1.09)
--------------------------------
[부채널 분석에 강인한 블록 암호 PIPO 구현을 위한 비선형 마스킹 기법]
   └ 학회: 한국산학기술학회 (IF: 1.09)
--------------------------------
[양자 내성 암호 FALCON에 대한 차분 전력 분석 공격 성능 개선]
   └ 학회: 한국산학기술학회 (IF: 1.09)"
102,2022,공학 일반,286920906,양가영,3,0.052142,"[일반 군사사육 농장의 모돈사의 복지 수준 및 돈사환경 비교 분석]
   └ 학회: 한국산학기술학회 (IF: 1.09)
--------------------------------
[딥러닝을 활용한 반려견 비문 이미지 품질 분류 연구]
   └ 학회: 한국산학기술학회 (IF: 1.09)
--------------------------------
[한우 거세비육우에 반추위 강화 사료첨가제 급여가 바이오캡슐 생체정보 및 비육능력에 미치는 영향]
   └ 학회: 한국산학기술학회 (IF: 1.09)"
103,2022,공학 일반,339020169,장재원,2,0.052142,"[딥러닝을 활용한 산업제어 시스템에 대한 이상징후 탐지]
   └ 학회: 한국산학기술학회 (IF: 1.09)
--------------------------------
[부채널 분석에 강인한 블록 암호 PIPO 구현을 위한 비선형 마스킹 기법]
   └ 학회: 한국산학기술학회 (IF: 1.09)"
104,2022,공학 일반,555009087,장동화,2,0.052142,"[일반 군사사육 농장의 모돈사의 복지 수준 및 돈사환경 비교 분석]
   └ 학회: 한국산학기술학회 (IF: 1.09)
--------------------------------
[딥러닝을 활용한 반려견 비문 이미지 품질 분류 연구]
   └ 학회: 한국산학기술학회 (IF: 1.09)"
105,2022,공학 일반,128474729,권경석,2,0.052142,"[일반 군사사육 농장의 모돈사의 복지 수준 및 돈사환경 비교 분석]
   └ 학회: 한국산학기술학회 (IF: 1.09)
--------------------------------
[딥러닝을 활용한 반려견 비문 이미지 품질 분류 연구]
   └ 학회: 한국산학기술학회 (IF: 1.09)"
106,2022,공학 일반,482934242,하태환,2,0.052142,"[일반 군사사육 농장의 모돈사의 복지 수준 및 돈사환경 비교 분석]
   └ 학회: 한국산학기술학회 (IF: 1.09)
--------------------------------
[딥러닝을 활용한 반려견 비문 이미지 품질 분류 연구]
   └ 학회: 한국산학기술학회 (IF: 1.09)"
107,2022,공학 일반,770278073,김종복,2,0.052142,"[일반 군사사육 농장의 모돈사의 복지 수준 및 돈사환경 비교 분석]
   └ 학회: 한국산학기술학회 (IF: 1.09)
--------------------------------
[딥러닝을 활용한 반려견 비문 이미지 품질 분류 연구]
   └ 학회: 한국산학기술학회 (IF: 1.09)"
108,2022,공학 일반,103226600,최용,2,0.052142,"[딥러닝을 활용한 감자 수확량 모니터링 시스템 설계]
   └ 학회: 한국산학기술학회 (IF: 1.09)
--------------------------------
[벼 수확량 모니터링을 위한 충격판식 유량센서 개발]
   └ 학회: 한국산학기술학회 (IF: 1.09)"
109,2022,공학 일반,219977976,권희주,1,0.052142,"[컨테이너 BIC-code 인식을 위한 Transformer Network]
   └ 학회: 한국산업정보학회 (IF: 1.12)"
110,2022,공학 일반,537734862,강현수,1,0.052142,"[컨테이너 BIC-code 인식을 위한 Transformer Network]
   └ 학회: 한국산업정보학회 (IF: 1.12)"
111,2022,공학 일반,444979065,황종배,1,0.052142,"[딥러닝을 활용한 산업제어 시스템에 대한 이상징후 탐지]
   └ 학회: 한국산학기술학회 (IF: 1.09)"
112,2022,공학 일반,198991167,김기현,1,0.052142,"[딥러닝을 활용한 산업제어 시스템에 대한 이상징후 탐지]
   └ 학회: 한국산학기술학회 (IF: 1.09)"
113,2022,공학 일반,573595280,김삼근,1,0.052142,"[전이 학습 기반의 모바일 작물 질병 진단을 위한 PWA]
   └ 학회: 한국산학기술학회 (IF: 1.09)"
114,2022,공학 일반,922605897,허환,1,0.052142,"[전이 학습 기반의 모바일 작물 질병 진단을 위한 PWA]
   └ 학회: 한국산학기술학회 (IF: 1.09)"
115,2022,공학 일반,920632308,안재근,1,0.052142,"[전이 학습 기반의 모바일 작물 질병 진단을 위한 PWA]
   └ 학회: 한국산학기술학회 (IF: 1.09)"
116,2022,공학 일반,464367723,이준환,1,0.052142,"[딥러닝을 활용한 반려견 비문 이미지 품질 분류 연구]
   └ 학회: 한국산학기술학회 (IF: 1.09)"
117,2022,공학 일반,871183390,장명진,1,0.052142,"[한우 도체형질의 합성곱신경망을 이용한 유전체 예측 정확도 추정]
   └ 학회: 한국산학기술학회 (IF: 1.09)"
118,2022,공학 일반,985594069,임다정,1,0.052142,"[한우 도체형질의 합성곱신경망을 이용한 유전체 예측 정확도 추정]
   └ 학회: 한국산학기술학회 (IF: 1.09)"
119,2022,공학 일반,884455467,박원철,1,0.052142,"[한우 도체형질의 합성곱신경망을 이용한 유전체 예측 정확도 추정]
   └ 학회: 한국산학기술학회 (IF: 1.09)"
120,2022,공학 일반,808540000,박종은,1,0.052142,"[한우 도체형질의 합성곱신경망을 이용한 유전체 예측 정확도 추정]
   └ 학회: 한국산학기술학회 (IF: 1.09)"
121,2022,공학 일반,163100348,이현기,1,0.052142,"[GPR 영상에서 CNN을 이용한 지뢰 식별 연구]
   └ 학회: 한국산학기술학회 (IF: 1.09)"
122,2022,공학 일반,869749429,김용현,1,0.052142,"[수경재배 온실 모니터링 로봇을 위한 작물 인식 시스템 연구]
   └ 학회: 한국산학기술학회 (IF: 1.09)"
123,2022,공학 일반,707726215,조병효,1,0.052142,"[수경재배 온실 모니터링 로봇을 위한 작물 인식 시스템 연구]
   └ 학회: 한국산학기술학회 (IF: 1.09)"
124,2022,공학 일반,789142305,서다솜,1,0.052142,"[수경재배 온실 모니터링 로봇을 위한 작물 인식 시스템 연구]
   └ 학회: 한국산학기술학회 (IF: 1.09)"
125,2022,공학 일반,424309604,송혜영,1,0.052142,"[수경재배 온실 모니터링 로봇을 위한 작물 인식 시스템 연구]
   └ 학회: 한국산학기술학회 (IF: 1.09)"
126,2022,공학 일반,301188676,김경철,1,0.052142,"[수경재배 온실 모니터링 로봇을 위한 작물 인식 시스템 연구]
   └ 학회: 한국산학기술학회 (IF: 1.09)"
127,2022,공학 일반,5158868,손영재,1,0.052142,"[딥러닝 기술을 위한 시뮬레이션 스펙트럼 데이터 생성 방법]
   └ 학회: 한국산학기술학회 (IF: 1.09)"
128,2022,공학 일반,297879815,진철군,1,0.052142,"[딥러닝 기술을 위한 시뮬레이션 스펙트럼 데이터 생성 방법]
   └ 학회: 한국산학기술학회 (IF: 1.09)"
129,2022,공학 일반,383364710,손성재,1,0.052142,"[딥러닝 기술을 위한 시뮬레이션 스펙트럼 데이터 생성 방법]
   └ 학회: 한국산학기술학회 (IF: 1.09)"
130,2022,공학 일반,582392039,백성준,1,0.052142,"[딥러닝 기술을 위한 시뮬레이션 스펙트럼 데이터 생성 방법]
   └ 학회: 한국산학기술학회 (IF: 1.09)"
131,2022,공학 일반,233272166,지은선,2,0.052141999999999994,"[장염아동간호 시뮬레이션의 성찰일지 분석]
   └ 학회: 한국산학기술학회 (IF: 1.09)
--------------------------------
[6세 이하 아동의 알레르기 질환과 영양섭취와의 관련성: 국민건강영양조사 2016-2019년 자료분석]
   └ 학회: 한국산학기술학회 (IF: 1.09)"
132,2022,공학 일반,151669429,심은경,1,0.052141999999999994,"[혈액투석환자의 치료순응도에 관한 구조모형]
   └ 학회: 한국산학기술학회 (IF: 1.09)"
133,2022,공학 일반,770995635,서남숙,1,0.052141999999999994,"[혈액투석환자의 치료순응도에 관한 구조모형]
   └ 학회: 한국산학기술학회 (IF: 1.09)"
134,2022,공학 일반,832296712,손미선,1,0.052141999999999994,"[장염아동간호 시뮬레이션의 성찰일지 분석]
   └ 학회: 한국산학기술학회 (IF: 1.09)"
135,2022,공학 일반,790466357,Jin-Gyung Cha,1,0.050279000000000004,"[The effect of forest-based trauma stress management program on job stress, PTSD, resilience, mental health, and salivary cortisol for firefighters]
   └ 학회: 한국산학기술학회 (IF: 1.09)"
136,2022,공학 일반,147843159,송민선,4,0.048417,"[간호대학생들의 학업적 자기효능감, 사회적 실재감 및 시험불안이 비대면 수업 학습몰입도에 미치는 영향]
   └ 학회: 한국산학기술학회 (IF: 1.09)
--------------------------------
[대학생들의 구직효능감 영향요인: 공학계열 학생을 중심으로]
   └ 학회: 한국산학기술학회 (IF: 1.09)
--------------------------------
[창업프로그램 참여 대학생의 창업의지 영향요인]
   └ 학회: 한국산학기술학회 (IF: 1.09)
--------------------------------
[교육전공 대학생들의 전공만족도와 회복탄력성이 취업장벽에 미치는 영향]
   └ 학회: 한국산학기술학회 (IF: 1.09)"
137,2022,공학 일반,881814221,원서진,1,0.048417,"[여성노인의 빈곤이 우울에 미치는 영향: 건강행태의 매개효과 분석]
   └ 학회: 한국산학기술학회 (IF: 1.09)"
138,2022,공학 일반,221348871,송인욱,1,0.048417,"[여성노인의 빈곤이 우울에 미치는 영향: 건강행태의 매개효과 분석]
   └ 학회: 한국산학기술학회 (IF: 1.09)"
139,2022,공학 일반,596273631,유미옥,1,0.048417,"[코로나19로 인한 비대면 수업에서 간호대학생의 스트레스 대처방식과 극복력이 진로정체감에 미치는 영향]
   └ 학회: 한국산학기술학회 (IF: 1.09)"
140,2022,공학 일반,303791019,최환호,1,0.048417,"[해양치유 프로그램의 우울 완화 효과 : ‘코로나블루’ 극복 치유관광으로 해양치유프로그램 제시]
   └ 학회: 한국산학기술학회 (IF: 1.09)"
141,2022,공학 일반,894928600,이지현,1,0.048417,"[해양치유 프로그램의 우울 완화 효과 : ‘코로나블루’ 극복 치유관광으로 해양치유프로그램 제시]
   └ 학회: 한국산학기술학회 (IF: 1.09)"
142,2022,공학 일반,244307344,정은양,1,0.048417,"[해양치유 프로그램의 우울 완화 효과 : ‘코로나블루’ 극복 치유관광으로 해양치유프로그램 제시]
   └ 학회: 한국산학기술학회 (IF: 1.09)"
143,2022,공학 일반,793562583,백지은,1,0.048417,"[해양치유 프로그램의 우울 완화 효과 : ‘코로나블루’ 극복 치유관광으로 해양치유프로그램 제시]
   └ 학회: 한국산학기술학회 (IF: 1.09)"
144,2022,공학 일반,764575850,성시윤,1,0.048417,"[해양치유 프로그램의 우울 완화 효과 : ‘코로나블루’ 극복 치유관광으로 해양치유프로그램 제시]
   └ 학회: 한국산학기술학회 (IF: 1.09)"
145,2022,공학 일반,358181872,정종현,1,0.048417,"[응력도와 변형도 및 탄성계수에 대한 모의 구조실험을 위한 웹 애플리케이션]
   └ 학회: 한국산학기술학회 (IF: 1.09)"
146,2022,공학 일반,661984538,박훈혜,1,0.048417,"[혈액투석환자의 자가관리 이행 영향요인]
   └ 학회: 한국산학기술학회 (IF: 1.09)"
147,2022,공학 일반,994894030,지은미,1,0.048417,"[간호대학생의 셀프리더십과 임상수행능력의 관계 : 간호전문직관의 매개효과]
   └ 학회: 한국산학기술학회 (IF: 1.09)"
148,2022,공학 일반,779163176,김혜란,1,0.048417,"[혈액투석환자의 자가간호수행, 우울 및 가족지지]
   └ 학회: 한국산학기술학회 (IF: 1.09)"
149,2022,공학 일반,188539490,김영학,1,0.048417,"[노인의 빈곤이 우울에 미치는 영향: 종교활동의 조절효과를 중심으로]
   └ 학회: 한국산학기술학회 (IF: 1.09)"
150,2022,공학 일반,789190764,조창익,2,0.046555,"[노인의 스마트폰 사용과 사회활동 참여가 인지기능에 미치는 영향에 대한 연구]
   └ 학회: 한국산학기술학회 (IF: 1.09)
--------------------------------
[식품안정성 미보장 1인 가구의 만성질환과 건강행태가 삶의 질에 미치는 영향에 대한 연구]
   └ 학회: 한국산학기술학회 (IF: 1.09)"
151,2022,공학 일반,5417844,정득,2,0.046555,"[노인의 스마트폰 사용과 사회활동 참여가 인지기능에 미치는 영향에 대한 연구]
   └ 학회: 한국산학기술학회 (IF: 1.09)
--------------------------------
[식품안정성 미보장 1인 가구의 만성질환과 건강행태가 삶의 질에 미치는 영향에 대한 연구]
   └ 학회: 한국산학기술학회 (IF: 1.09)"
152,2022,공학 일반,504320934,김용하,1,0.046555,"[웰에이징을 위한 노인 구강건강과 삶의 질 및 교육 요구도에 관한 연구]
   └ 학회: 한국산학기술학회 (IF: 1.09)"
153,2022,공학 일반,370126615,김지수,1,0.046555,"[신규간호사의 직무성취에 자가 디브리핑 경험이 미치는 영향에 간호실무준비도의 매개효과 검증]
   └ 학회: 한국산학기술학회 (IF: 1.09)"
154,2022,공학 일반,137977486,박정해,1,0.046555,"[신규간호사의 직무성취에 자가 디브리핑 경험이 미치는 영향에 간호실무준비도의 매개효과 검증]
   └ 학회: 한국산학기술학회 (IF: 1.09)"
155,2022,공학 일반,444083143,서영숙,1,0.044693,"[비대면 교육환경에 참여한 대학생의 학업성취도 관련변수에 관한 경로분석]
   └ 학회: 한국산학기술학회 (IF: 1.09)"
156,2022,공학 일반,751243267,정추영,1,0.044693,"[비대면 교육환경에 참여한 대학생의 학업성취도 관련변수에 관한 경로분석]
   └ 학회: 한국산학기술학회 (IF: 1.09)"
157,2022,공학 일반,529314416,박혜림,1,0.044691999999999996,"[COVID-19 팬데믹 상황에서 의료기관 종사자의 불안, 스트레스, 대처유형 분석]
   └ 학회: 한국산학기술학회 (IF: 1.09)"
158,2022,공학 일반,357930931,이수정,1,0.044691999999999996,"[COVID-19 팬데믹 상황에서 의료기관 종사자의 불안, 스트레스, 대처유형 분석]
   └ 학회: 한국산학기술학회 (IF: 1.09)"
159,2022,공학 일반,142903783,류미희,1,0.042831,"[일반인의 사전연명의료의향서에 대한 지식과 태도, 연명의료 중단에 대한 의도]
   └ 학회: 한국산학기술학회 (IF: 1.09)"
160,2022,공학 일반,111204024,정상복,3,0.040968000000000004,"[도시지역 일부 고등학생들의 스마트폰 사용시간에 관련된 요인]
   └ 학회: 한국산학기술학회 (IF: 1.09)
--------------------------------
[사무직 공무원의 A형 행동유형과 사회 · 심리적 스트레스의 관계에서 자기존중감의 매개효과]
   └ 학회: 한국산학기술학회 (IF: 1.09)
--------------------------------
[종합병원 근무 방사선사의 직무스트레스와 피로자각증상과의 관련성]
   └ 학회: 한국산학기술학회 (IF: 1.09)"
161,2022,공학 일반,384123366,이종신,2,0.040968000000000004,"[유도무기 야전 데이터를 활용한 머신 러닝 기반의 정비예측 모델 연구]
   └ 학회: 한국산학기술학회 (IF: 1.09)
--------------------------------
[운용 환경 변화에 따른 유도탄 구성품 신뢰도 예측 결과 및 필드 데이터 분석 결과 비교 연구]
   └ 학회: 한국산학기술학회 (IF: 1.09)"
162,2022,공학 일반,755689781,엄민화,1,0.040968000000000004,"[종합병원 간호사의 조직몰입에 간호관리자의 진성리더십, 간호조직문화, 직무만족이 미치는 영향]
   └ 학회: 한국산학기술학회 (IF: 1.09)"
163,2022,공학 일반,519090931,이지원,1,0.040968000000000004,"[종합병원 간호사의 조직몰입에 간호관리자의 진성리더십, 간호조직문화, 직무만족이 미치는 영향]
   └ 학회: 한국산학기술학회 (IF: 1.09)"
164,2022,공학 일반,850491601,이다정,1,0.040968,"[대학생의 스트레스와 외국인 혐오 간의 관계에서 자기수용과 공격성의 매개효과]
   └ 학회: 한국산학기술학회 (IF: 1.09)"
165,2022,공학 일반,942676873,정성진,1,0.040968,"[대학생의 스트레스와 외국인 혐오 간의 관계에서 자기수용과 공격성의 매개효과]
   └ 학회: 한국산학기술학회 (IF: 1.09)"
166,2022,공학 일반,511743666,김종규,2,0.037244,"[무기체계 소프트웨어 기술변경 원인 및 결함 유입단계 분석]
   └ 학회: 한국산학기술학회 (IF: 1.09)
--------------------------------
[무기체계 소프트웨어 기술변경 원인분석을 통한 개발단계 품질관리 강화 방안연구 - 8대 무기체계 중 기동화력분야 소스코드 관점으로]
   └ 학회: 한국산학기술학회 (IF: 1.09)"
167,2022,공학 일반,551525309,윤재형,2,0.037244,"[무기체계 소프트웨어 기술변경 원인 및 결함 유입단계 분석]
   └ 학회: 한국산학기술학회 (IF: 1.09)
--------------------------------
[무기체계 소프트웨어 기술변경 원인분석을 통한 개발단계 품질관리 강화 방안연구 - 8대 무기체계 중 기동화력분야 소스코드 관점으로]
   └ 학회: 한국산학기술학회 (IF: 1.09)"
168,2022,공학 일반,898169673,류지선,2,0.037244,"[무기체계 소프트웨어 기술변경 원인 및 결함 유입단계 분석]
   └ 학회: 한국산학기술학회 (IF: 1.09)
--------------------------------
[무기체계 소프트웨어 기술변경 원인분석을 통한 개발단계 품질관리 강화 방안연구 - 8대 무기체계 중 기동화력분야 소스코드 관점으로]
   └ 학회: 한국산학기술학회 (IF: 1.09)"
169,2022,공학 일반,377369669,이지수,1,0.037244,"[간호대학생의 전공만족도와 임상실습교육환경이 진로준비행동에 미치는 영향]
   └ 학회: 한국산학기술학회 (IF: 1.09)"
170,2022,공학 일반,712512891,홍주은,1,0.037244,"[간호대학생의 전공만족도와 임상실습교육환경이 진로준비행동에 미치는 영향]
   └ 학회: 한국산학기술학회 (IF: 1.09)"
171,2022,공학 일반,873358579,원미선,1,0.037244,"[간호대학생의 전공만족도와 임상실습교육환경이 진로준비행동에 미치는 영향]
   └ 학회: 한국산학기술학회 (IF: 1.09)"
172,2022,공학 일반,446311844,박수현,1,0.037244,"[간호대학생의 전공만족도와 임상실습교육환경이 진로준비행동에 미치는 영향]
   └ 학회: 한국산학기술학회 (IF: 1.09)"
173,2022,공학 일반,217348752,심미경,1,0.037244,"[요양병원 간호사의 의료관련 감염관리를 위한 표준주의 수행도 영향요인]
   └ 학회: 한국산학기술학회 (IF: 1.09)"
174,2022,공학 일반,659799558,채경숙,1,0.037244,"[요양병원 간호사의 의료관련 감염관리를 위한 표준주의 수행도 영향요인]
   └ 학회: 한국산학기술학회 (IF: 1.09)"
175,2022,공학 일반,340230287,윤민희,1,0.037244,"[물리치료사의 직무스트레스와 직무만족이 이직의도에 미치는 영향]
   └ 학회: 한국산학기술학회 (IF: 1.09)"
176,2022,공학 일반,928546047,임동호,1,0.037244,"[물리치료사의 직무스트레스와 직무만족이 이직의도에 미치는 영향]
   └ 학회: 한국산학기술학회 (IF: 1.09)"
177,2022,공학 일반,900753648,왕혜정,1,0.037244,"[직무스트레스가 직무만족에 미치는 영향에 관한 연구 -중국 IT 종사자를 중심으로-]
   └ 학회: 한국산학기술학회 (IF: 1.09)"
178,2022,공학 일반,384472161,이윤구,1,0.037244,"[직무스트레스가 직무만족에 미치는 영향에 관한 연구 -중국 IT 종사자를 중심으로-]
   └ 학회: 한국산학기술학회 (IF: 1.09)"
179,2022,공학 일반,553969046,이미향,2,0.035382000000000004,"[중환자실 간호사의 생명의료윤리의식, 좋은 죽음 인식 및 사전연명의료의향서 지식이 연명의료중단 태도에 미치는 영향]
   └ 학회: 한국산학기술학회 (IF: 1.09)
--------------------------------
[코로나19 전담병원 간호사의 코로나19 감염관리에 대한 지식과 교육요구도가 감염관리 수행도에 미치는 영향]
   └ 학회: 한국산학기술학회 (IF: 1.09)"
180,2022,공학 일반,615947525,권혜민,1,0.035382000000000004,"[코로나19 전담병원 간호사의 코로나19 감염관리에 대한 지식과 교육요구도가 감염관리 수행도에 미치는 영향]
   └ 학회: 한국산학기술학회 (IF: 1.09)"
181,2022,공학 일반,244022671,이경화,1,0.035382000000000004,"[코로나19 전담병원 간호사의 코로나19 감염관리에 대한 지식과 교육요구도가 감염관리 수행도에 미치는 영향]
   └ 학회: 한국산학기술학회 (IF: 1.09)"
182,2022,공학 일반,740514704,정진명,1,0.035382,"[텍스트마이닝을 활용한 정보보호 키워드 기반 소셜미디어 빅데이터 분석]
   └ 학회: 한국산업정보학회 (IF: 1.12)"
183,2022,공학 일반,665702807,박영호,1,0.035382,"[텍스트마이닝을 활용한 정보보호 키워드 기반 소셜미디어 빅데이터 분석]
   └ 학회: 한국산업정보학회 (IF: 1.12)"
184,2022,공학 일반,533442684,임동희,1,0.035382,"[만학도 간호대학생의 대학생활에 관한 연구동향 - 주제범위 문헌고찰]
   └ 학회: 한국산학기술학회 (IF: 1.09)"
185,2022,공학 일반,366702820,조영란,1,0.035382,"[만학도 간호대학생의 대학생활에 관한 연구동향 - 주제범위 문헌고찰]
   └ 학회: 한국산학기술학회 (IF: 1.09)"
186,2022,공학 일반,759820408,이재겸,1,0.035382,"[간호대학생의 인성, 관계성 및 교내활동 참여의 관계]
   └ 학회: 한국산학기술학회 (IF: 1.09)"
187,2022,공학 일반,628475460,김중경,1,0.035382,"[간호대학생의 인성, 관계성 및 교내활동 참여의 관계]
   └ 학회: 한국산학기술학회 (IF: 1.09)"
188,2022,공학 일반,778664333,김민욱,1,0.035382,"[사이버전무기체계 기술의 연구개발 동향 및 발전 방향]
   └ 학회: 한국산학기술학회 (IF: 1.09)"
189,2022,공학 일반,789231230,김성회,1,0.035381,"[불법주차 문제점과 드론 주차단속 필요성의 관계: 기존 단속장비의 매개효과]
   └ 학회: 한국산학기술학회 (IF: 1.09)"
190,2022,공학 일반,713724,김경석,1,0.035381,"[불법주차 문제점과 드론 주차단속 필요성의 관계: 기존 단속장비의 매개효과]
   └ 학회: 한국산학기술학회 (IF: 1.09)"
191,2022,공학 일반,735434778,나진성,2,0.03352,"[코로나19 판데믹 이후 컨테이너선 운임 상승 요인분석: 텍스트 분석을 중심으로]
   └ 학회: 한국산업정보학회 (IF: 1.12)
--------------------------------
[ESG 경영시대의 공급망 관리 분야 과제: 텍스트 분석을 활용하여]
   └ 학회: 한국산업정보학회 (IF: 1.12)"
192,2022,공학 일반,878483288,박은식,2,0.033519,"[청소년활동을 경험한 청소년의 그릿과 학교생활적응의 관계에서 성장 마인드 셋의 매개효과 연구]
   └ 학회: 한국산학기술학회 (IF: 1.09)
--------------------------------
[대학생의 여가활동 참여 동기가 심리적 행복감 및 학교생활 만족도에 미치는 영향: 여가활동 관여도에 대한 조절효과를 중심으로]
   └ 학회: 한국산학기술학회 (IF: 1.09)"
193,2022,공학 일반,433017246,김봉기,1,0.033519,"[기상 데이터가 항공사 운항 지연에 미치는 영향 분석]
   └ 학회: 한국산학기술학회 (IF: 1.09)"
194,2022,공학 일반,922050575,김영아,1,0.033519,"[기상 데이터가 항공사 운항 지연에 미치는 영향 분석]
   └ 학회: 한국산학기술학회 (IF: 1.09)"
195,2022,공학 일반,562194301,김계하,2,0.031657,"[천연 에센셜 오일을 이용한 향기 요법이 성인의 뇌 활성도에 미치는 효과]
   └ 학회: 한국산학기술학회 (IF: 1.09)
--------------------------------
[사회적 건강에 관한 국내 연구 동향 분석]
   └ 학회: 한국산학기술학회 (IF: 1.09)"
196,2022,공학 일반,841388861,김기용,2,0.031657,"[국민건강영양조사 자료를 이용한 노인인구에서의 당뇨병 유무에 따른 사구체여과율과 고감도 C-반응단백 농도의 상관관계]
   └ 학회: 한국산학기술학회 (IF: 1.09)
--------------------------------
[국민건강영양조사 자료를 이용한 만성폐쇄성폐질환의 중증도와 고감도 C-반응단백 농도의 상관관계]
   └ 학회: 한국산학기술학회 (IF: 1.09)"
197,2022,공학 일반,345435460,마상혁,2,0.031657,"[국민건강영양조사 자료를 이용한 노인인구에서의 당뇨병 유무에 따른 사구체여과율과 고감도 C-반응단백 농도의 상관관계]
   └ 학회: 한국산학기술학회 (IF: 1.09)
--------------------------------
[국민건강영양조사 자료를 이용한 만성폐쇄성폐질환의 중증도와 고감도 C-반응단백 농도의 상관관계]
   └ 학회: 한국산학기술학회 (IF: 1.09)"
198,2022,공학 일반,267894390,허율강,2,0.031657,"[국민건강영양조사 자료를 이용한 노인인구에서의 당뇨병 유무에 따른 사구체여과율과 고감도 C-반응단백 농도의 상관관계]
   └ 학회: 한국산학기술학회 (IF: 1.09)
--------------------------------
[국민건강영양조사 자료를 이용한 만성폐쇄성폐질환의 중증도와 고감도 C-반응단백 농도의 상관관계]
   └ 학회: 한국산학기술학회 (IF: 1.09)"
199,2022,공학 일반,999601730,조영미,1,0.031657,"[간호조무사의 근무형태와 건강증진 행위가 감정노동과 직무만족도에 미치는 영향]
   └ 학회: 한국산학기술학회 (IF: 1.09)"
200,2022,공학 일반,2080901,장주동,1,0.031657,"[간호조무사의 근무형태와 건강증진 행위가 감정노동과 직무만족도에 미치는 영향]
   └ 학회: 한국산학기술학회 (IF: 1.09)"
201,2022,공학 일반,850048040,이무식,1,0.031657,"[간호조무사의 근무형태와 건강증진 행위가 감정노동과 직무만족도에 미치는 영향]
   └ 학회: 한국산학기술학회 (IF: 1.09)"
202,2022,공학 일반,103322343,김현우,1,0.031657,"[근로자의 근로시간과 스트레스와의 관련성]
   └ 학회: 한국산학기술학회 (IF: 1.09)"
203,2022,공학 일반,186472808,홍남수,1,0.031657,"[근로자의 근로시간과 스트레스와의 관련성]
   └ 학회: 한국산학기술학회 (IF: 1.09)"
204,2022,공학 일반,504132144,김은정,1,0.031657,"[병원에 근무하는 요양보호사의 감정노동에 영향을 미치는 요인]
   └ 학회: 한국산학기술학회 (IF: 1.09)"
205,2022,공학 일반,958188002,이혜원,1,0.031657,"[병원에 근무하는 요양보호사의 감정노동에 영향을 미치는 요인]
   └ 학회: 한국산학기술학회 (IF: 1.09)"
206,2022,공학 일반,859775581,김수현,1,0.031657,"[병원에 근무하는 요양보호사의 감정노동에 영향을 미치는 요인]
   └ 학회: 한국산학기술학회 (IF: 1.09)"
207,2022,공학 일반,143386841,문용필,1,0.031657,"[장기요양 케어매니지먼트 구축을 위한 이용지원 실증분석 연구]
   └ 학회: 한국산학기술학회 (IF: 1.09)"
208,2022,공학 일반,426085068,공희주,1,0.031657,"[천연 에센셜 오일을 이용한 향기 요법이 성인의 뇌 활성도에 미치는 효과]
   └ 학회: 한국산학기술학회 (IF: 1.09)"
209,2022,공학 일반,615552930,최민지,1,0.031657,"[노인의 스마트폰 사용과 사회활동 참여가 인지기능에 미치는 영향에 대한 연구]
   └ 학회: 한국산학기술학회 (IF: 1.09)"
210,2022,공학 일반,654644583,손범수,1,0.031657,"[노인의 스마트폰 사용과 사회활동 참여가 인지기능에 미치는 영향에 대한 연구]
   └ 학회: 한국산학기술학회 (IF: 1.09)"
211,2022,공학 일반,890308770,이종석,1,0.031657,"[노인의 스마트폰 사용과 사회활동 참여가 인지기능에 미치는 영향에 대한 연구]
   └ 학회: 한국산학기술학회 (IF: 1.09)"
212,2022,공학 일반,754168771,한명희,1,0.031657,"[의사결정나무분석을 이용한 노인인지기능 예측모형: 2020년 노인실태조사를 활용하여]
   └ 학회: 한국산학기술학회 (IF: 1.09)"
213,2022,공학 일반,146614537,김미정,1,0.029795000000000002,"[여성근로자의 가족친화제도 활용 용이성이 직업만족도와 조직몰입도에 미치는 영향 분석]
   └ 학회: 한국산학기술학회 (IF: 1.09)"
214,2022,공학 일반,472808058,최서진,1,0.029795000000000002,"[여성근로자의 가족친화제도 활용 용이성이 직업만족도와 조직몰입도에 미치는 영향 분석]
   └ 학회: 한국산학기술학회 (IF: 1.09)"
215,2022,공학 일반,353595124,이인숙,1,0.027933,"[간호대학생들의 학업적 자기효능감, 사회적 실재감 및 시험불안이 비대면 수업 학습몰입도에 미치는 영향]
   └ 학회: 한국산학기술학회 (IF: 1.09)"
216,2022,공학 일반,526027327,김선영,1,0.027933,"[간호대학생의 인성, 공감능력과 간호전문직관과의 관련성]
   └ 학회: 한국산학기술학회 (IF: 1.09)"
217,2022,공학 일반,5445178,하이경,1,0.027933,"[손위생수행 개선을 위한 증강현실 시뮬레이션 개발 및 평가]
   └ 학회: 한국산학기술학회 (IF: 1.09)"
218,2022,공학 일반,783762535,김진국,1,0.027933,"[침치료를 이용한 요통 개선의 효과크기 분석]
   └ 학회: 한국산학기술학회 (IF: 1.09)"
219,2022,공학 일반,518818819,이소영,1,0.027933,"[침치료를 이용한 요통 개선의 효과크기 분석]
   └ 학회: 한국산학기술학회 (IF: 1.09)"
220,2022,공학 일반,403826581,김영희,1,0.027933,"[기본간호학실습 교육에서의 동료지지와 학업적 자기효능감이 간호전문직관에 미치는 영향]
   └ 학회: 한국산학기술학회 (IF: 1.09)"
221,2022,공학 일반,181324945,김지영,1,0.027933,"[기본간호학실습에서 간호대학생의 간호윤리 경험]
   └ 학회: 한국산학기술학회 (IF: 1.09)"
222,2022,공학 일반,326011394,도영주,1,0.026071,"[간호대학생의 인간중심돌봄 역량에 대한 공감, 자기자비 및 비판적 사고성향의 영향]
   └ 학회: 한국산학기술학회 (IF: 1.09)"
223,2022,공학 일반,159071796,안진영,1,0.026071,"[간호대학생의 인간중심돌봄 역량에 대한 공감, 자기자비 및 비판적 사고성향의 영향]
   └ 학회: 한국산학기술학회 (IF: 1.09)"
224,2022,공학 일반,354702,박선미,1,0.026071,"[산림치유활동 및 인식과 간호대학생의 진로적응성, 긍정적 학업인식 간 관계 연구]
   └ 학회: 한국산학기술학회 (IF: 1.09)"
225,2022,공학 일반,210138958,신화진,1,0.026071,"[플립러닝을 활용한 교내실습교육이 간호대학생의 자기효능감과 학습만족도에 미치는 효과]
   └ 학회: 한국산학기술학회 (IF: 1.09)"
226,2022,공학 일반,333130238,박민경,1,0.026071,"[플립러닝을 활용한 교내실습교육이 간호대학생의 자기효능감과 학습만족도에 미치는 효과]
   └ 학회: 한국산학기술학회 (IF: 1.09)"
227,2022,공학 일반,891725126,서명희,1,0.026071,"[의사결정나무 모형을 이용한 혼합수업에서 비대면 강의방법별 학업성취도 취약군 규명]
   └ 학회: 한국산학기술학회 (IF: 1.09)"
228,2022,공학 일반,225702313,주민선,1,0.026071,"[졸업 전 간호대학생의 의사소통능력, 문제해결능력 및 자기주도적 학습능력과 간호과정 자신감과의 관계]
   └ 학회: 한국산학기술학회 (IF: 1.09)"
229,2022,공학 일반,252822141,박경실,1,0.026071,"[간호대학생의 생명의료윤리의식, 좋은 죽음인식, 도덕적 민감성이 연명치료중단에 대한 태도에 미치는 영향]
   └ 학회: 한국산학기술학회 (IF: 1.09)"
230,2022,공학 일반,374142242,서유영,2,0.02607,"[습식마사지가 한국 비만 중년여성의 신체조성과 혈액성상에 미친 효과크기 분석]
   └ 학회: 한국산학기술학회 (IF: 1.09)
--------------------------------
[건식마사지가 한국 성인 여성의 신체조성과 혈액성상에 미친 효과크기 분석]
   └ 학회: 한국산학기술학회 (IF: 1.09)"
231,2022,공학 일반,836837494,이현정,2,0.02607,"[습식마사지가 한국 비만 중년여성의 신체조성과 혈액성상에 미친 효과크기 분석]
   └ 학회: 한국산학기술학회 (IF: 1.09)
--------------------------------
[건식마사지가 한국 성인 여성의 신체조성과 혈액성상에 미친 효과크기 분석]
   └ 학회: 한국산학기술학회 (IF: 1.09)"
232,2022,공학 일반,201738843,김정희,1,0.024209,"[응급상황관리에 대한 일지역 보육교사의 지식, 수행자신감 및 교육요구도]
   └ 학회: 한국산학기술학회 (IF: 1.09)"
233,2022,공학 일반,687397580,강경자,1,0.024209,"[응급상황관리에 대한 일지역 보육교사의 지식, 수행자신감 및 교육요구도]
   └ 학회: 한국산학기술학회 (IF: 1.09)"
234,2022,공학 일반,406759624,이혜미,1,0.024209,"[치과위생사의 골다공증, 약물관련 악골괴사 인식과 교육 요구도에 관한 연구]
   └ 학회: 한국산학기술학회 (IF: 1.09)"
235,2022,공학 일반,646294356,김지은,1,0.024209,"[공공병원 간호사의 다제내성균 감염관리수행 영향요인]
   └ 학회: 한국산학기술학회 (IF: 1.09)"
236,2022,공학 일반,126102575,장희정,1,0.024209,"[공공병원 간호사의 다제내성균 감염관리수행 영향요인]
   └ 학회: 한국산학기술학회 (IF: 1.09)"
237,2022,공학 일반,870403175,안효자,1,0.024209,"[흡연 대학생의 전자담배 사용 경험]
   └ 학회: 한국산학기술학회 (IF: 1.09)"
238,2022,공학 일반,142919781,이병록,2,0.024208,"[노인일자리전담기관 종사자의 감정노동과 소진 : 조직헌신의 매개효과]
   └ 학회: 한국산학기술학회 (IF: 1.09)
--------------------------------
[노인여가복지시설 종사자의 슈퍼비전과 직무몰입의 관계에서 자아효능감의 매개효과]
   └ 학회: 한국산학기술학회 (IF: 1.09)"
239,2022,공학 일반,450409417,이재호,1,0.024208,"[무인항공기를 응용한 미세먼지 모니터링 시스템 개발]
   └ 학회: 한국산학기술학회 (IF: 1.09)"
240,2022,공학 일반,245063521,한재구,1,0.024208,"[무인항공기를 응용한 미세먼지 모니터링 시스템 개발]
   └ 학회: 한국산학기술학회 (IF: 1.09)"
241,2022,공학 일반,757139179,김영현,1,0.024208,"[무인항공기를 응용한 미세먼지 모니터링 시스템 개발]
   └ 학회: 한국산학기술학회 (IF: 1.09)"
242,2022,공학 일반,987364986,황인호,4,0.022346,"[메타버스의 사회적 기능과 원격실재감이 메타버스 참여 주체의 신뢰를 통해 요청지원 의도에 미치는 영향]
   └ 학회: 한국산업정보학회 (IF: 1.12)
--------------------------------
[조직원의 정보보안 준수 강화 방안: 조직 공정성과 개인-직무 적합성의 자기결정성 향상 관점]
   └ 학회: 한국산학기술학회 (IF: 1.09)
--------------------------------
[메타버스의 매체 풍부성이 실재감 및 플로우를 통해 사용자의 요청지원 의도에 미치는 영향]
   └ 학회: 한국산학기술학회 (IF: 1.09)
--------------------------------
[조직원의 심리적 지식 소유와 지식 은폐: 성과 분위기와 업무 상호의존성의 규칙]
   └ 학회: 한국산학기술학회 (IF: 1.09)"
243,2022,공학 일반,522437493,이형규,2,0.022346,"[신뢰도 신호를 갖는 RC 회로 기반 PUF 설계]
   └ 학회: 한국산업정보학회 (IF: 1.12)
--------------------------------
[움직임 인식응용을 위한 커널 밀도 추정 기반 학습용 데이터 증폭 기법]
   └ 학회: 한국산업정보학회 (IF: 1.12)"
244,2022,공학 일반,949912075,최승렬,2,0.022346,"[소형 관리기식 보행형 중경제초기 개발]
   └ 학회: 한국산학기술학회 (IF: 1.09)
--------------------------------
[인삼 파종기의 홈롤러식 배종장치 개발]
   └ 학회: 한국산학기술학회 (IF: 1.09)"
245,2022,공학 일반,647329504,허장욱,2,0.022346,"[디젤엔진 터보 과급기 CBM+ 적용을 위한 설계초기단계 센서선정 추론 연구]
   └ 학회: 한국산학기술학회 (IF: 1.09)
--------------------------------
[머신러닝을 이용한 열화상 카메라 회로보드의 고장 진단 알고리즘 분석]
   └ 학회: 한국산학기술학회 (IF: 1.09)"
246,2022,공학 일반,677133135,김은정,1,0.022346,"[머신러닝을 활용한 프로그래밍언어 객관식 문제의 난이도 조정에 대한 연구]
   └ 학회: 한국산업정보학회 (IF: 1.12)"
247,2022,공학 일반,719043326,정우순,1,0.022346,"[움직임 인식응용을 위한 커널 밀도 추정 기반 학습용 데이터 증폭 기법]
   └ 학회: 한국산업정보학회 (IF: 1.12)"
248,2022,공학 일반,185320535,한민호,1,0.022346,"[비대칭 멀티코어 모바일 단말에서 SVM 기반 저전력 스케줄링 기법]
   └ 학회: 한국산업정보학회 (IF: 1.12)"
249,2022,공학 일반,897743516,고영배,1,0.022346,"[비대칭 멀티코어 모바일 단말에서 SVM 기반 저전력 스케줄링 기법]
   └ 학회: 한국산업정보학회 (IF: 1.12)"
250,2022,공학 일반,686838458,임성화,1,0.022346,"[비대칭 멀티코어 모바일 단말에서 SVM 기반 저전력 스케줄링 기법]
   └ 학회: 한국산업정보학회 (IF: 1.12)"
251,2022,공학 일반,506652852,이동균,1,0.022346,"[유도무기 야전 데이터를 활용한 머신 러닝 기반의 정비예측 모델 연구]
   └ 학회: 한국산학기술학회 (IF: 1.09)"
252,2022,공학 일반,206692086,박장원,1,0.022346,"[유도무기 야전 데이터를 활용한 머신 러닝 기반의 정비예측 모델 연구]
   └ 학회: 한국산학기술학회 (IF: 1.09)"
253,2022,공학 일반,627631181,조산희,1,0.022346,"[유도무기 야전 데이터를 활용한 머신 러닝 기반의 정비예측 모델 연구]
   └ 학회: 한국산학기술학회 (IF: 1.09)"
254,2022,공학 일반,783140545,박윤진,1,0.022346,"[당뇨병성 콩팥병 예측의 기계학습 적용을 위한 분류기 알고리즘별 성능 비교에 대한 연구]
   └ 학회: 한국산학기술학회 (IF: 1.09)"
255,2022,공학 일반,464080804,성경미,1,0.022346,"[전염병 유행 시기 중학생의 COVID-19 인식과 개인위생 실천의 관계에서 자아개념의 매개효과]
   └ 학회: 한국산학기술학회 (IF: 1.09)"
256,2022,공학 일반,2084653,이승민,1,0.022346,"[전염병 유행 시기 중학생의 COVID-19 인식과 개인위생 실천의 관계에서 자아개념의 매개효과]
   └ 학회: 한국산학기술학회 (IF: 1.09)"
257,2022,공학 일반,708869401,최재훈,1,0.022346,"[기혼여성의 내현적 자기애와 이차적 분노사고의 관계에 관한 연구: 자존감의 매개효과를 중심으로]
   └ 학회: 한국산학기술학회 (IF: 1.09)"
258,2022,공학 일반,443854948,김경운,1,0.022346,"[기혼여성의 내현적 자기애와 이차적 분노사고의 관계에 관한 연구: 자존감의 매개효과를 중심으로]
   └ 학회: 한국산학기술학회 (IF: 1.09)"
259,2022,공학 일반,114526843,남기현,1,0.022346,"[농인의 농정체성이 농문화 인식에 미치는 영향 : 수어인식의 매개효과]
   └ 학회: 한국산학기술학회 (IF: 1.09)"
260,2022,공학 일반,168861723,이권희,1,0.022346,"[Discrete Sizing Optimization of Truss Structures Using Continuous Optimization and Machine Learning Tools]
   └ 학회: 한국산학기술학회 (IF: 1.09)"
261,2022,공학 일반,738154169,김선모,1,0.022346,"[머신러닝을 이용한 열화상 카메라 회로보드의 고장 진단 알고리즘 분석]
   └ 학회: 한국산학기술학회 (IF: 1.09)"
262,2022,공학 일반,645824928,이하예림,1,0.022346,"[머신러닝을 이용한 열화상 카메라 회로보드의 고장 진단 알고리즘 분석]
   └ 학회: 한국산학기술학회 (IF: 1.09)"
263,2022,공학 일반,974783004,황인수,1,0.022346,"[머신러닝을 이용한 열화상 카메라 회로보드의 고장 진단 알고리즘 분석]
   └ 학회: 한국산학기술학회 (IF: 1.09)"
264,2022,공학 일반,973603700,이숙정,2,0.020484000000000002,"[대학생의 기회불평등인식과 진로준비행동의 관계에 대한 그릿의 매개효과]
   └ 학회: 한국산학기술학회 (IF: 1.09)
--------------------------------
[여대생의 친환경 태도, 친환경 행동, 세계시민성의 관계 분석]
   └ 학회: 한국산학기술학회 (IF: 1.09)"
265,2022,공학 일반,871999806,김혜영,2,0.020484000000000002,"[대학생의 기회불평등인식과 진로준비행동의 관계에 대한 그릿의 매개효과]
   └ 학회: 한국산학기술학회 (IF: 1.09)
--------------------------------
[여대생의 친환경 태도, 친환경 행동, 세계시민성의 관계 분석]
   └ 학회: 한국산학기술학회 (IF: 1.09)"
266,2022,공학 일반,336555292,홍관수,2,0.020484,"[중고거래 앱(App) 사용자의 지각된 유용성 및 지속적 사용의도에 미치는 영향요인에 관한 연구: 소비가치와 보호동기이론을 중심으로]
   └ 학회: 한국산업정보학회 (IF: 1.12)
--------------------------------
[산학협력준비역량과 기업성과 간의 관계에서 개방형혁신협업과 회복탄력성의 매개효과]
   └ 학회: 한국산업정보학회 (IF: 1.12)"
267,2022,공학 일반,838785020,양종곤,2,0.020484,"[2018~2020년 기술사업화 지원사업의 운영성과에 영향을 미치는 결정요인 비교연구]
   └ 학회: 한국산학기술학회 (IF: 1.09)
--------------------------------
[코로나19 팬데믹 패닉 시대의 공급사슬 위험관리 전략에 대한 실증연구: 중소기업의 동적역량과 기업성과 간 다중매개효과를 중심으로]
   └ 학회: 한국산학기술학회 (IF: 1.09)"
268,2022,공학 일반,300204103,정헌식,2,0.020484,"[대학생들의 구직효능감 영향요인: 공학계열 학생을 중심으로]
   └ 학회: 한국산학기술학회 (IF: 1.09)
--------------------------------
[교육전공 대학생들의 전공만족도와 회복탄력성이 취업장벽에 미치는 영향]
   └ 학회: 한국산학기술학회 (IF: 1.09)"
269,2022,공학 일반,237799566,김응호,1,0.020484,"[산학협력준비역량과 기업성과 간의 관계에서 개방형혁신협업과 회복탄력성의 매개효과]
   └ 학회: 한국산업정보학회 (IF: 1.12)"
270,2022,공학 일반,608711469,김보영,1,0.020484,"[평가적 후원 제공과 일터영성 간의 관계에서 회복탄력성의 매개효과]
   └ 학회: 한국산학기술학회 (IF: 1.09)"
271,2022,공학 일반,526474593,권세인,1,0.020484,"[코로나19 팬데믹 패닉 시대의 공급사슬 위험관리 전략에 대한 실증연구: 중소기업의 동적역량과 기업성과 간 다중매개효과를 중심으로]
   └ 학회: 한국산학기술학회 (IF: 1.09)"
272,2022,공학 일반,615672299,송민교,1,0.020484,"[초등학교 고학년이 지각한 부모양육태도와 문제해결능력의 관계에서 자아탄력성의 매개효과 연구]
   └ 학회: 한국산학기술학회 (IF: 1.09)"
273,2022,공학 일반,972609256,서민성,3,0.018622,"[우리 군과 미 공군의 시스템 안전 정책에 관한 연구]
   └ 학회: 한국산학기술학회 (IF: 1.09)
--------------------------------
[무기체계 개발단계 품질관리 프로세스 적용을 통한 효과 연구]
   └ 학회: 한국산학기술학회 (IF: 1.09)
--------------------------------
[무기체계 개발단계 품질관리의 경제적 파급효과 분석]
   └ 학회: 한국산학기술학회 (IF: 1.09)"
274,2022,공학 일반,124808973,김남곤,3,0.018622,"[국가하천 점용 콘텐츠에 대한 연관어 분석 -전라도 지역을 중심으로-]
   └ 학회: 한국산학기술학회 (IF: 1.09)
--------------------------------
[가치의 정규화를 통한 가치평가의 체계화 연구 - 건설CALS의 데이터를 기준으로 -]
   └ 학회: 한국산학기술학회 (IF: 1.09)
--------------------------------
[네트워크 중심성을 이용한 건설 사업 리스크 관련 키워드 동향 분석]
   └ 학회: 한국산학기술학회 (IF: 1.09)"
275,2022,공학 일반,323601012,이영민,3,0.018622,"[무기체계 개발단계 품질관리 프로세스 적용을 통한 효과 연구]
   └ 학회: 한국산학기술학회 (IF: 1.09)
--------------------------------
[첨단무기체계 품질관리를 위한 기초 기술 분류에 관한 조사/분석 연구]
   └ 학회: 한국산학기술학회 (IF: 1.09)
--------------------------------
[훈련함 실습용 항해레이더 허상반사 개선방안 연구]
   └ 학회: 한국산학기술학회 (IF: 1.09)"
276,2022,공학 일반,542376920,정현석,2,0.018622,"[중고거래 앱(App) 사용자의 지각된 유용성 및 지속적 사용의도에 미치는 영향요인에 관한 연구: 소비가치와 보호동기이론을 중심으로]
   └ 학회: 한국산업정보학회 (IF: 1.12)
--------------------------------
[서비스기업의 고객경험관리역량이 직무만족 및 고객지향성에 미치는 영향 : 은행서비스를 중심으로]
   └ 학회: 한국산업정보학회 (IF: 1.12)"
277,2022,공학 일반,5168871,김소희,2,0.018622,"[머신러닝 기반 생애주기별 고혈압 위험 요인 분석]
   └ 학회: 한국산업정보학회 (IF: 1.12)
--------------------------------
[국내 모바일 뱅킹 애플리케이션에 대한 이용자 중요도-만족도 분석(IPA): 구글 플레이스토어 리뷰 데이터를 활용하여]
   └ 학회: 한국산업정보학회 (IF: 1.12)"
278,2022,공학 일반,779337301,류민호,2,0.018622,"[머신러닝 기반 생애주기별 고혈압 위험 요인 분석]
   └ 학회: 한국산업정보학회 (IF: 1.12)
--------------------------------
[국내 모바일 뱅킹 애플리케이션에 대한 이용자 중요도-만족도 분석(IPA): 구글 플레이스토어 리뷰 데이터를 활용하여]
   └ 학회: 한국산업정보학회 (IF: 1.12)"
279,2022,공학 일반,497852609,김진성,2,0.018622,"[우리 군과 미 공군의 시스템 안전 정책에 관한 연구]
   └ 학회: 한국산학기술학회 (IF: 1.09)
--------------------------------
[군의 시스템 안전 위험도 평가를 위한 테일러링 적용에 관한 연구]
   └ 학회: 한국산학기술학회 (IF: 1.09)"
280,2022,공학 일반,875476196,정성윤,2,0.018622,"[국가하천 점용 콘텐츠에 대한 연관어 분석 -전라도 지역을 중심으로-]
   └ 학회: 한국산학기술학회 (IF: 1.09)
--------------------------------
[네트워크 중심성을 이용한 건설 사업 리스크 관련 키워드 동향 분석]
   └ 학회: 한국산학기술학회 (IF: 1.09)"
281,2022,공학 일반,2081858,서양우,2,0.018622,"[운용 형태별 원샷 시스템의 신뢰도 예측 모델 제안]
   └ 학회: 한국산학기술학회 (IF: 1.09)
--------------------------------
[복수장비의 고장 데이터를 활용한 신뢰성 성장 시험 적용 방안]
   └ 학회: 한국산학기술학회 (IF: 1.09)"
282,2022,공학 일반,635273600,정현석,2,0.018622,"[155mm 조명탄 저장탄약신뢰성평가(ASRP) 대체시험 결과 분석]
   └ 학회: 한국산학기술학회 (IF: 1.09)
--------------------------------
[155mm 연막탄 오작용 조사분석 및 향후 평가방안]
   └ 학회: 한국산학기술학회 (IF: 1.09)"
283,2022,공학 일반,617421499,이준혁,2,0.018622,"[155mm 조명탄 저장탄약신뢰성평가(ASRP) 대체시험 결과 분석]
   └ 학회: 한국산학기술학회 (IF: 1.09)
--------------------------------
[155mm 연막탄 오작용 조사분석 및 향후 평가방안]
   └ 학회: 한국산학기술학회 (IF: 1.09)"
284,2022,공학 일반,586261787,지선구,2,0.018622,"[구글 검색과 특허정보를 활용한 지속가능성 평가 방법 연구]
   └ 학회: 한국산학기술학회 (IF: 1.09)
--------------------------------
[특허기술의 권리회복심사 방법 연구]
   └ 학회: 한국산학기술학회 (IF: 1.09)"
285,2022,공학 일반,190087205,최동현,1,0.018622,"[텍스트마이닝을 활용한 Covid-19 기간 동안의 항공산업 관련 키워드 트렌드 분석]
   └ 학회: 한국산업정보학회 (IF: 1.12)"
286,2022,공학 일반,109574846,송보미,1,0.018622,"[텍스트마이닝을 활용한 Covid-19 기간 동안의 항공산업 관련 키워드 트렌드 분석]
   └ 학회: 한국산업정보학회 (IF: 1.12)"
287,2022,공학 일반,5272842,박다현,1,0.018622,"[텍스트마이닝을 활용한 Covid-19 기간 동안의 항공산업 관련 키워드 트렌드 분석]
   └ 학회: 한국산업정보학회 (IF: 1.12)"
288,2022,공학 일반,766809697,이성우,1,0.018622,"[텍스트마이닝을 활용한 Covid-19 기간 동안의 항공산업 관련 키워드 트렌드 분석]
   └ 학회: 한국산업정보학회 (IF: 1.12)"
289,2022,공학 일반,305689254,이진기,1,0.018622,"[재택근무 특성 인식이 직무창의성, 직무만족 및 직무성과에 미치는 영향]
   └ 학회: 한국산업정보학회 (IF: 1.12)"
290,2022,공학 일반,215831186,권혁기,1,0.018622,"[재택근무 특성 인식이 직무창의성, 직무만족 및 직무성과에 미치는 영향]
   └ 학회: 한국산업정보학회 (IF: 1.12)"
291,2022,공학 일반,643489615,추승우,1,0.018622,"[재택근무 특성 인식이 직무창의성, 직무만족 및 직무성과에 미치는 영향]
   └ 학회: 한국산업정보학회 (IF: 1.12)"
292,2022,공학 일반,5150745,김무건,1,0.018622,"[국내 모바일 뱅킹 애플리케이션에 대한 이용자 중요도-만족도 분석(IPA): 구글 플레이스토어 리뷰 데이터를 활용하여]
   └ 학회: 한국산업정보학회 (IF: 1.12)"
293,2022,공학 일반,420171626,곽윤정,1,0.018622,"[직업기대와 직업만족이 전공만족도에 미치는 영향 -사이버대학생을 중심으로-]
   └ 학회: 한국산학기술학회 (IF: 1.09)"
294,2022,공학 일반,584606371,엄천섭,1,0.018622,"[운용 형태별 원샷 시스템의 신뢰도 예측 모델 제안]
   └ 학회: 한국산학기술학회 (IF: 1.09)"
295,2022,공학 일반,262022,남현우,1,0.018622,"[운용 형태별 원샷 시스템의 신뢰도 예측 모델 제안]
   └ 학회: 한국산학기술학회 (IF: 1.09)"
296,2022,공학 일반,913592889,전동주,1,0.018622,"[운용 형태별 원샷 시스템의 신뢰도 예측 모델 제안]
   └ 학회: 한국산학기술학회 (IF: 1.09)"
297,2022,공학 일반,898973871,오은정,1,0.018622,"[일 지역사회 일반직 공무원의 치매인식도, 치매태도 및 치매예방교육 요구도가 치매두려움에 미치는 영향]
   └ 학회: 한국산학기술학회 (IF: 1.09)"
298,2022,공학 일반,426626402,조영신,1,0.018622,"[일 지역사회 일반직 공무원의 치매인식도, 치매태도 및 치매예방교육 요구도가 치매두려움에 미치는 영향]
   └ 학회: 한국산학기술학회 (IF: 1.09)"
299,2022,공학 일반,878305083,김송주,1,0.018622,"[키워드 네트워크 분석을 통한 국내 스마트팩토리 기술연구동향]
   └ 학회: 한국산학기술학회 (IF: 1.09)"
300,2022,공학 일반,106405285,전은혜,1,0.018622,"[WBS 기반 무기체계 기술분석을 통한 핵심기술과제 기획방안 연구]
   └ 학회: 한국산학기술학회 (IF: 1.09)"
301,2022,공학 일반,938279432,김대호,1,0.018622,"[WBS 기반 무기체계 기술분석을 통한 핵심기술과제 기획방안 연구]
   └ 학회: 한국산학기술학회 (IF: 1.09)"
302,2022,공학 일반,280130145,한영진,1,0.018622,"[WBS 기반 무기체계 기술분석을 통한 핵심기술과제 기획방안 연구]
   └ 학회: 한국산학기술학회 (IF: 1.09)"
303,2022,공학 일반,131343043,하영석,1,0.018622,"[WBS 기반 무기체계 기술분석을 통한 핵심기술과제 기획방안 연구]
   └ 학회: 한국산학기술학회 (IF: 1.09)"
304,2022,공학 일반,206049016,하성철,1,0.018622,"[무기체계 신뢰도 개발목표를 활용한 운용단계 신뢰성 평가 방안 연구]
   └ 학회: 한국산학기술학회 (IF: 1.09)"
305,2022,공학 일반,399445995,전일국,1,0.018622,"[SWOT 분석을 통한 신속시범획득사업 발전방안 연구]
   └ 학회: 한국산학기술학회 (IF: 1.09)"
306,2022,공학 일반,391166163,이용복,1,0.018622,"[SWOT 분석을 통한 신속시범획득사업 발전방안 연구]
   └ 학회: 한국산학기술학회 (IF: 1.09)"
307,2022,공학 일반,202402631,윤일웅,1,0.018622,"[국방기술기획 대상 무기체계 선정 지표에 관한 연구]
   └ 학회: 한국산학기술학회 (IF: 1.09)"
308,2022,공학 일반,897609558,김종영,1,0.018622,"[국방기술기획 대상 무기체계 선정 지표에 관한 연구]
   └ 학회: 한국산학기술학회 (IF: 1.09)"
309,2022,공학 일반,305685741,오진우,1,0.018622,"[무기체계 소프트웨어 기술변경 원인분석을 통한 개발단계 품질관리 강화 방안연구 - 8대 무기체계 중 기동화력분야 소스코드 관점으로]
   └ 학회: 한국산학기술학회 (IF: 1.09)"
310,2022,공학 일반,902538712,윤동환,1,0.018622,"[군의 시스템 안전 위험도 평가를 위한 테일러링 적용에 관한 연구]
   └ 학회: 한국산학기술학회 (IF: 1.09)"
311,2022,공학 일반,411004229,김정호,1,0.018622,"[방사선사의 전공 선택 동기와 직업가치관이 취업준비행동과 임상실습에 미치는 영향]
   └ 학회: 한국산학기술학회 (IF: 1.09)"
312,2022,공학 일반,695313253,김갑중,1,0.018622,"[방사선사의 전공 선택 동기와 직업가치관이 취업준비행동과 임상실습에 미치는 영향]
   └ 학회: 한국산학기술학회 (IF: 1.09)"
313,2022,공학 일반,698880943,조차현,1,0.018622,"[운용 환경 변화에 따른 유도탄 구성품 신뢰도 예측 결과 및 필드 데이터 분석 결과 비교 연구]
   └ 학회: 한국산학기술학회 (IF: 1.09)"
314,2022,공학 일반,997204061,성신영,1,0.018622,"[운용 환경 변화에 따른 유도탄 구성품 신뢰도 예측 결과 및 필드 데이터 분석 결과 비교 연구]
   └ 학회: 한국산학기술학회 (IF: 1.09)"
315,2022,공학 일반,437688231,이세일,1,0.018622,"[운용 환경 변화에 따른 유도탄 구성품 신뢰도 예측 결과 및 필드 데이터 분석 결과 비교 연구]
   └ 학회: 한국산학기술학회 (IF: 1.09)"
316,2022,공학 일반,586304375,임은지,1,0.018622,"[간호대학생의 학업지연행동, 대인관계유능성이 학습몰입에 미치는 영향]
   └ 학회: 한국산학기술학회 (IF: 1.09)"
317,2022,공학 일반,775081521,조혜영,3,0.01676,"[플립러닝 수업참여도가 지속적인 참여의도에 미치는 영향: 학습자 중심 플립러닝 수준과 자기효능감의 매개효과를 중심으로]
   └ 학회: 한국산학기술학회 (IF: 1.09)
--------------------------------
[아동기 자녀를 둔 취업모가 지각하는 일-가정양립과 사회적지지 간의 종단적 관계]
   └ 학회: 한국산학기술학회 (IF: 1.09)
--------------------------------
[성인학습자의 자기주도 학습 준비성과 평가적 자기존중, 비판적 사고와 창의성 간의 구조적 관계]
   └ 학회: 한국산학기술학회 (IF: 1.09)"
318,2022,공학 일반,142783759,박창현,2,0.01676,"[기술 혁신 속성 기반 과학기술의 시나리오 선택(scenario selection)에 대한 연구: 인공지능 기반 미래 시나리오 사례]
   └ 학회: 한국산학기술학회 (IF: 1.09)
--------------------------------
[과학기술 공공 시나리오의 핵심변화동인 탐색에 대한 연구: 델파이 기반 전문가 워크샵 기법]
   └ 학회: 한국산학기술학회 (IF: 1.09)"
319,2022,공학 일반,865459147,황혜정,2,0.01676,"[드라마에 나타난 죽음, 자살 분석과 대안으로서의 웰다잉(well-dying), 웰에이징(well-aging) 연구]
   └ 학회: 한국산학기술학회 (IF: 1.09)
--------------------------------
[웰에이징을 위한 노인의 건강증진행위와 교육요구도 조사]
   └ 학회: 한국산학기술학회 (IF: 1.09)"
320,2022,공학 일반,235382887,오윤환,1,0.01676,"[토픽모델링을 활용한 주요국의 스마트제조 기술 동향 분석]
   └ 학회: 한국산업정보학회 (IF: 1.12)"
321,2022,공학 일반,184168587,문형빈,1,0.01676,"[토픽모델링을 활용한 주요국의 스마트제조 기술 동향 분석]
   └ 학회: 한국산업정보학회 (IF: 1.12)"
322,2022,공학 일반,628205431,김재경,1,0.01676,"[대학생의 중도탈락의도에 미치는 요인에 관한 연구: 토픽모델링과 구조방정식모형을 중심으로]
   └ 학회: 한국산업정보학회 (IF: 1.12)"
323,2022,공학 일반,636864974,권온,1,0.01676,"[드라마에 나타난 죽음, 자살 분석과 대안으로서의 웰다잉(well-dying), 웰에이징(well-aging) 연구]
   └ 학회: 한국산학기술학회 (IF: 1.09)"
324,2022,공학 일반,845046972,김문준,1,0.01676,"[드라마에 나타난 죽음, 자살 분석과 대안으로서의 웰다잉(well-dying), 웰에이징(well-aging) 연구]
   └ 학회: 한국산학기술학회 (IF: 1.09)"
325,2022,공학 일반,964830757,구진희,1,0.01676,"[드라마에 나타난 죽음, 자살 분석과 대안으로서의 웰다잉(well-dying), 웰에이징(well-aging) 연구]
   └ 학회: 한국산학기술학회 (IF: 1.09)"
326,2022,공학 일반,628480863,한준수,1,0.01676,"[인공지능기반의 유사객체 인식모델을 위한 인식오류 저감법 및 구조에 관한 연구]
   └ 학회: 한국산학기술학회 (IF: 1.09)"
327,2022,공학 일반,924422528,김종원,1,0.01676,"[인공지능기반의 유사객체 인식모델을 위한 인식오류 저감법 및 구조에 관한 연구]
   └ 학회: 한국산학기술학회 (IF: 1.09)"
328,2022,공학 일반,824910215,김지원,1,0.01676,"[자외선 살균조명을 이용한 친환경빌딩 방역시스템 연구]
   └ 학회: 한국산학기술학회 (IF: 1.09)"
329,2022,공학 일반,198806042,이창신,1,0.01676,"[자외선 살균조명을 이용한 친환경빌딩 방역시스템 연구]
   └ 학회: 한국산학기술학회 (IF: 1.09)"
330,2022,공학 일반,812235175,배정자,1,0.01676,"[자외선 살균조명을 이용한 친환경빌딩 방역시스템 연구]
   └ 학회: 한국산학기술학회 (IF: 1.09)"
331,2022,공학 일반,675966532,주재웅,1,0.01676,"[실차 충돌시험을 통한 기존 노측용 가드레일 강도 성능 개선 연구]
   └ 학회: 한국산학기술학회 (IF: 1.09)"
332,2022,공학 일반,361484315,안성기,1,0.01676,"[실차 충돌시험을 통한 기존 노측용 가드레일 강도 성능 개선 연구]
   └ 학회: 한국산학기술학회 (IF: 1.09)"
333,2022,공학 일반,276519779,장대영,1,0.01676,"[실차 충돌시험을 통한 기존 노측용 가드레일 강도 성능 개선 연구]
   └ 학회: 한국산학기술학회 (IF: 1.09)"
334,2022,공학 일반,803375234,권정윤,1,0.01676,"[아동기 자녀를 둔 취업모가 지각하는 일-가정양립과 사회적지지 간의 종단적 관계]
   └ 학회: 한국산학기술학회 (IF: 1.09)"
335,2022,공학 일반,227546517,김성해,1,0.01676,"[플립러닝 기반 가상 시뮬레이션을 활용한 핵심간호술 프로그램 적용 효과]
   └ 학회: 한국산학기술학회 (IF: 1.09)"
336,2022,공학 일반,477135722,정준,1,0.01676,"[함정 무기체계 보급성 개선 방안 연구]
   └ 학회: 한국산학기술학회 (IF: 1.09)"
337,2022,공학 일반,752863609,이기원,1,0.01676,"[함정 무기체계 보급성 개선 방안 연구]
   └ 학회: 한국산학기술학회 (IF: 1.09)"
338,2022,공학 일반,956336838,김경록,1,0.01676,"[함정 무기체계 보급성 개선 방안 연구]
   └ 학회: 한국산학기술학회 (IF: 1.09)"
339,2022,공학 일반,824163930,차종한,1,0.01676,"[함정 무기체계 보급성 개선 방안 연구]
   └ 학회: 한국산학기술학회 (IF: 1.09)"
340,2022,공학 일반,657826753,고호진,1,0.01676,"[함정 무기체계 보급성 개선 방안 연구]
   └ 학회: 한국산학기술학회 (IF: 1.09)"
341,2022,공학 일반,443472613,김재훈,1,0.01676,"[데이터 마이닝을 활용한 대학생과 교원의 창업 아이템 분석]
   └ 학회: 한국산학기술학회 (IF: 1.09)"
342,2022,공학 일반,273570625,정혜진,1,0.01676,"[데이터 마이닝을 활용한 대학생과 교원의 창업 아이템 분석]
   └ 학회: 한국산학기술학회 (IF: 1.09)"
343,2022,공학 일반,218227854,유찬주,3,0.014898,"[중국농산물 전자상거래의 서비스품질 인식에 관한 실증적 연구]
   └ 학회: 한국산학기술학회 (IF: 1.09)
--------------------------------
[로컬푸드 직매장 속성이 이용만족에 미치는 영향]
   └ 학회: 한국산학기술학회 (IF: 1.09)
--------------------------------
[신품종 도입농가의 경영성과 분석]
   └ 학회: 한국산학기술학회 (IF: 1.09)"
344,2022,공학 일반,175718910,서영욱,3,0.014898,"[반려동물 전문쇼핑몰의 서비스 품질요인이 이용자의 의사결정의 질을 통해 만족도와 충성도에 미치는 영향]
   └ 학회: 한국산학기술학회 (IF: 1.09)
--------------------------------
[창업기업 CEO의 윤리적 리더십과 변혁적 리더십이 조직성과에 미치는 영향연구]
   └ 학회: 한국산학기술학회 (IF: 1.09)
--------------------------------
[반려동물 제품 및 서비스에 관한 탐색적 연구 - 반려견 중심으로]
   └ 학회: 한국산학기술학회 (IF: 1.09)"
345,2022,공학 일반,1993520,김병선,2,0.014898,"[대학생들이 인식하는 영어학습의 의미 탐색: 학습자 중심교육의 실천을 위한 기초연구]
   └ 학회: 한국산학기술학회 (IF: 1.09)
--------------------------------
[세계영어 발음 교육 활성화를 위한 좋은 영어 발음에 대한 대학생들의 인식 연구]
   └ 학회: 한국산학기술학회 (IF: 1.09)"
346,2022,공학 일반,264512484,김장호,1,0.014898,"[창업자의 교환관계가 창업만족과 몰입 그리고 성과에 미치는 영향]
   └ 학회: 한국산학기술학회 (IF: 1.09)"
347,2022,공학 일반,196248305,금용필,1,0.014898,"[창업자의 교환관계가 창업만족과 몰입 그리고 성과에 미치는 영향]
   └ 학회: 한국산학기술학회 (IF: 1.09)"
348,2022,공학 일반,337832431,박소령,1,0.014898,"[여성 암 환자의 가임력 보존에 대한 인식]
   └ 학회: 한국산학기술학회 (IF: 1.09)"
349,2022,공학 일반,426298264,강희선,1,0.014898,"[여성 암 환자의 가임력 보존에 대한 인식]
   └ 학회: 한국산학기술학회 (IF: 1.09)"
350,2022,공학 일반,258224484,김문숙,1,0.014898,"[전북지역의 식품 관련 전공 대학생의 지역특산물을 이용한 음식 또는 가공식품에 대한 인지도 및 기호도 연구]
   └ 학회: 한국산학기술학회 (IF: 1.09)"
351,2022,공학 일반,789646364,박미라,1,0.014898,"[결혼 1년차 여성의 새로운 가족되기 경험]
   └ 학회: 한국산학기술학회 (IF: 1.09)"
352,2022,공학 일반,268531729,여형남,1,0.014898,"[결혼 1년차 여성의 새로운 가족되기 경험]
   └ 학회: 한국산학기술학회 (IF: 1.09)"
353,2022,공학 일반,156216414,양현주,1,0.014898,"[결혼 1년차 여성의 새로운 가족되기 경험]
   └ 학회: 한국산학기술학회 (IF: 1.09)"
354,2022,공학 일반,164097518,Jeong-Min Choi,1,0.014898,"[Qualitative Case Study on the Empowerment-Practicing Experience of Social Workers]
   └ 학회: 한국산학기술학회 (IF: 1.09)"
355,2022,공학 일반,484693249,윤선빈,1,0.014898,"[반려동물 전문쇼핑몰의 서비스 품질요인이 이용자의 의사결정의 질을 통해 만족도와 충성도에 미치는 영향]
   └ 학회: 한국산학기술학회 (IF: 1.09)"
356,2022,공학 일반,340471045,류미지,1,0.014898,"[관상동맥 질환자의 시술 전 · 후 삶의 질에 미치는 영향요인]
   └ 학회: 한국산학기술학회 (IF: 1.09)"
357,2022,공학 일반,5356120,엄지범,1,0.014898,"[로컬푸드 직매장 속성이 이용만족에 미치는 영향]
   └ 학회: 한국산학기술학회 (IF: 1.09)"
358,2022,공학 일반,686394727,윤재현,1,0.014898,"[고엽제에 노출된 월남전 참전군인의 삶의 재편성]
   └ 학회: 한국산학기술학회 (IF: 1.09)"
359,2022,공학 일반,182556713,김무학,1,0.014898,"[세계영어 발음 교육 활성화를 위한 좋은 영어 발음에 대한 대학생들의 인식 연구]
   └ 학회: 한국산학기술학회 (IF: 1.09)"
360,2022,공학 일반,1927842,손은경,1,0.014898,"[세계영어 발음 교육 활성화를 위한 좋은 영어 발음에 대한 대학생들의 인식 연구]
   └ 학회: 한국산학기술학회 (IF: 1.09)"
361,2022,공학 일반,608471188,류아현,1,0.014898,"[2019년 지역사회 건강조사를 활용한 치매환자 부양가족의 삶의 질에 미치는 영향요인: GIS분석을 활용하여]
   └ 학회: 한국산학기술학회 (IF: 1.09)"
362,2022,공학 일반,159924658,장태정,1,0.014898,"[2019년 지역사회 건강조사를 활용한 치매환자 부양가족의 삶의 질에 미치는 영향요인: GIS분석을 활용하여]
   └ 학회: 한국산학기술학회 (IF: 1.09)"
363,2022,공학 일반,5120689,장준혁,1,0.014898,"[식품안정성 미보장 1인 가구의 만성질환과 건강행태가 삶의 질에 미치는 영향에 대한 연구]
   └ 학회: 한국산학기술학회 (IF: 1.09)"
364,2022,공학 일반,944764543,김세인,1,0.014898,"[식품안정성 미보장 1인 가구의 만성질환과 건강행태가 삶의 질에 미치는 영향에 대한 연구]
   └ 학회: 한국산학기술학회 (IF: 1.09)"
365,2022,공학 일반,565502880,채유미,1,0.014898,"[의과대학 의료인문학 수업에서 학기제 대면수업과 실시간 온라인 블럭수업의 수업성과 비교]
   └ 학회: 한국산학기술학회 (IF: 1.09)"
366,2022,공학 일반,980260523,권민혁,1,0.014898,"[한국판 출산만족척도(K-BSS-R)의 타당화]
   └ 학회: 한국산학기술학회 (IF: 1.09)"
367,2022,공학 일반,942971117,김은하,1,0.014898,"[한국판 출산만족척도(K-BSS-R)의 타당화]
   └ 학회: 한국산학기술학회 (IF: 1.09)"
368,2022,공학 일반,605163199,김미정,1,0.014898,"[의료기관 조직내 간호사의 의사소통 만족도가 심리적 안녕감에 미치는 영향]
   └ 학회: 한국산학기술학회 (IF: 1.09)"
369,2022,공학 일반,689801970,강천국,1,0.014898,"[의료기관 조직내 간호사의 의사소통 만족도가 심리적 안녕감에 미치는 영향]
   └ 학회: 한국산학기술학회 (IF: 1.09)"
370,2022,공학 일반,104137004,손은교,4,0.013035,"[AMOS를 이용한 디지털, 진로, 학과 만족도, 학과 추천 모형 탐구]
   └ 학회: 한국산학기술학회 (IF: 1.09)
--------------------------------
[일개 대학교 치위생학과 학생의 유니폼 감염인식 및 세탁에 관한 연구: 개인주의, 집단주의, 유니폼 이미지 인식의 조절 효과 분석]
   └ 학회: 한국산학기술학회 (IF: 1.09)
--------------------------------
[코로나(Coronavirus disease (COVID-19)) 시대 불안이 감염에 대한 치과위생사의 이미지, 취업 인식 및 예방 의도에 미치는 영향]
   └ 학회: 한국산학기술학회 (IF: 1.09)
--------------------------------
[치과치료 이용이 민간보험 가입에 미치는 영향: 국민건강영양조사 2013, 2016, 2019 자료를 중심으로]
   └ 학회: 한국산학기술학회 (IF: 1.09)"
371,2022,공학 일반,143845990,김동진,3,0.013035,"[데이터마이닝을 통한 국방드론 소요 공통화 연구]
   └ 학회: 한국산학기술학회 (IF: 1.09)
--------------------------------
[극초음속미사일 위협 감소를 위한 대응 전략]
   └ 학회: 한국산학기술학회 (IF: 1.09)
--------------------------------
[40mm 고속유탄기관총 개발동향 및 발전방향]
   └ 학회: 한국산학기술학회 (IF: 1.09)"
372,2022,공학 일반,593986439,정화영,2,0.013035,"[AMOS를 이용한 디지털, 진로, 학과 만족도, 학과 추천 모형 탐구]
   └ 학회: 한국산학기술학회 (IF: 1.09)
--------------------------------
[코로나(Coronavirus disease (COVID-19)) 시대 불안이 감염에 대한 치과위생사의 이미지, 취업 인식 및 예방 의도에 미치는 영향]
   └ 학회: 한국산학기술학회 (IF: 1.09)"
373,2022,공학 일반,621659618,김요나,1,0.013035,"[임상간호사의 간호업무수행 영향요인]
   └ 학회: 한국산학기술학회 (IF: 1.09)"
374,2022,공학 일반,637856531,오은희,1,0.013035,"[DACUM 기법을 이용한 COVID-19 부서 간호사의 직무분석]
   └ 학회: 한국산학기술학회 (IF: 1.09)"
375,2022,공학 일반,325196468,송영미,1,0.013035,"[DACUM 기법을 이용한 COVID-19 부서 간호사의 직무분석]
   └ 학회: 한국산학기술학회 (IF: 1.09)"
376,2022,공학 일반,188302536,김혜주,1,0.013035,"[DACUM 기법을 이용한 COVID-19 부서 간호사의 직무분석]
   └ 학회: 한국산학기술학회 (IF: 1.09)"
377,2022,공학 일반,294713761,남순영,1,0.013035,"[DACUM 기법을 이용한 COVID-19 부서 간호사의 직무분석]
   └ 학회: 한국산학기술학회 (IF: 1.09)"
378,2022,공학 일반,990918665,김유경,1,0.013035,"[DACUM 기법을 이용한 COVID-19 부서 간호사의 직무분석]
   └ 학회: 한국산학기술학회 (IF: 1.09)"
379,2022,공학 일반,456672632,송은혜,1,0.013035,"[DACUM 기법을 이용한 COVID-19 부서 간호사의 직무분석]
   └ 학회: 한국산학기술학회 (IF: 1.09)"
380,2022,공학 일반,749719128,이소영,1,0.013035,"[요양병원 간호사의 도덕적 고뇌와 고통경험이 소진에 미치는 영향]
   └ 학회: 한국산학기술학회 (IF: 1.09)"
381,2022,공학 일반,4026730,In Geun Jung,1,0.013035,"[Synergistic Antibacterial and Antioxidant Effects of Different Molecular Weight Chitosan with Cosmetic Ingredients]
   └ 학회: 한국산학기술학회 (IF: 1.09)"
382,2022,공학 일반,856843097,Guen Moo Lee,1,0.013035,"[Synergistic Antibacterial and Antioxidant Effects of Different Molecular Weight Chitosan with Cosmetic Ingredients]
   └ 학회: 한국산학기술학회 (IF: 1.09)"
383,2022,공학 일반,394229537,황유진,1,0.013035,"[Synergistic Antibacterial and Antioxidant Effects of Different Molecular Weight Chitosan with Cosmetic Ingredients]
   └ 학회: 한국산학기술학회 (IF: 1.09)"
384,2022,공학 일반,222519544,김현경,1,0.013035,"[피부관리실 종사자의 감정노동과 반생산적 과업행동의 관계에서 감성지능에 대한 매개효과 연구]
   └ 학회: 한국산학기술학회 (IF: 1.09)"
385,2022,공학 일반,868481165,최용규,1,0.013035,"[GPS, RTK-GPS, 드론 정사영상을 활용한 벌채지 면적측량 및 조림비용 차이 분석]
   └ 학회: 한국산학기술학회 (IF: 1.09)"
386,2022,공학 일반,475953673,손병택,1,0.013035,"[GPS, RTK-GPS, 드론 정사영상을 활용한 벌채지 면적측량 및 조림비용 차이 분석]
   └ 학회: 한국산학기술학회 (IF: 1.09)"
387,2022,공학 일반,784669122,신창섭,1,0.013035,"[GPS, RTK-GPS, 드론 정사영상을 활용한 벌채지 면적측량 및 조림비용 차이 분석]
   └ 학회: 한국산학기술학회 (IF: 1.09)"
388,2022,공학 일반,597713884,안용후,1,0.013035,"[추출방법에 따른 장미 추출물의 항균 및 항산화 활성]
   └ 학회: 한국산학기술학회 (IF: 1.09)"
389,2022,공학 일반,846621073,권민지,1,0.013035,"[추출방법에 따른 장미 추출물의 항균 및 항산화 활성]
   └ 학회: 한국산학기술학회 (IF: 1.09)"
390,2022,공학 일반,315096696,이형재,1,0.013035,"[추출방법에 따른 장미 추출물의 항균 및 항산화 활성]
   └ 학회: 한국산학기술학회 (IF: 1.09)"
391,2022,공학 일반,413760039,최석현,1,0.013035,"[추출방법에 따른 장미 추출물의 항균 및 항산화 활성]
   └ 학회: 한국산학기술학회 (IF: 1.09)"
392,2022,공학 일반,132767247,권상철,1,0.013035,"[추출방법에 따른 장미 추출물의 항균 및 항산화 활성]
   └ 학회: 한국산학기술학회 (IF: 1.09)"
393,2022,공학 일반,5422363,이일로,1,0.013035,"[데이터마이닝을 통한 국방드론 소요 공통화 연구]
   └ 학회: 한국산학기술학회 (IF: 1.09)"
394,2022,공학 일반,562413013,정윤식,1,0.013035,"[데이터마이닝을 통한 국방드론 소요 공통화 연구]
   └ 학회: 한국산학기술학회 (IF: 1.09)"
395,2022,공학 일반,377127224,김대원,1,0.013035,"[데이터마이닝을 통한 국방드론 소요 공통화 연구]
   └ 학회: 한국산학기술학회 (IF: 1.09)"
396,2022,공학 일반,816637930,허엽,1,0.013035,"[데이터마이닝을 통한 국방드론 소요 공통화 연구]
   └ 학회: 한국산학기술학회 (IF: 1.09)"
397,2022,공학 일반,685266049,이재남,1,0.013035,"[Paeonia lactiflora palls flower 추출물의 항산화 활성과 멜라닌 생합성 억제 효과]
   └ 학회: 한국산학기술학회 (IF: 1.09)"
398,2022,공학 일반,244077333,이용준,4,0.011173,"[정육로봇을 위한 자유형상 물체의 자세 추정 및 절단경로 추적]
   └ 학회: 한국산학기술학회 (IF: 1.09)
--------------------------------
[계층적인 잡음 축소에 기반한 안개 제거 방법]
   └ 학회: 한국산학기술학회 (IF: 1.09)
--------------------------------
[비음향센서 기반 잠수함 탐지 요소 개발 연구]
   └ 학회: 한국산학기술학회 (IF: 1.09)
--------------------------------
[입력 영상에서 예측 기반 개인 정보 영역의 보존]
   └ 학회: 한국산학기술학회 (IF: 1.09)"
399,2022,공학 일반,974133191,백돈규,3,0.011173,"[적외선 및 초음파센서 그리드를 활용한 태그가 없는 실내 우치식별 시스템]
   └ 학회: 한국산업정보학회 (IF: 1.12)
--------------------------------
[IoT 센서노드 시스템을 위한 고출력 에너지 하베스팅 시스템]
   └ 학회: 한국산업정보학회 (IF: 1.12)
--------------------------------
[Advanced Microcontroller Bus Architecture 기반의 MCU 설계 가이드라인]
   └ 학회: 한국산업정보학회 (IF: 1.12)"
400,2022,공학 일반,878157236,노찬휘,2,0.011173,"[적외선 및 초음파센서 그리드를 활용한 태그가 없는 실내 우치식별 시스템]
   └ 학회: 한국산업정보학회 (IF: 1.12)
--------------------------------
[Advanced Microcontroller Bus Architecture 기반의 MCU 설계 가이드라인]
   └ 학회: 한국산업정보학회 (IF: 1.12)"
401,2022,공학 일반,655581567,김용석,2,0.011173,"[적외선 및 초음파센서 그리드를 활용한 태그가 없는 실내 우치식별 시스템]
   └ 학회: 한국산업정보학회 (IF: 1.12)
--------------------------------
[IoT 센서노드 시스템을 위한 고출력 에너지 하베스팅 시스템]
   └ 학회: 한국산업정보학회 (IF: 1.12)"
402,2022,공학 일반,490503092,박재표,2,0.011173,"[히스토그램 매칭 방식을 이용한 효율적인 전자문서 유사도 분석 방안에 관한 연구]
   └ 학회: 한국산학기술학회 (IF: 1.09)
--------------------------------
[메타버스 환경에서의 정보보호 및 개인정보 보호를 위한 보안모델]
   └ 학회: 한국산학기술학회 (IF: 1.09)"
403,2022,공학 일반,739638466,신창식,1,0.011173,"[적외선 및 초음파센서 그리드를 활용한 태그가 없는 실내 우치식별 시스템]
   └ 학회: 한국산업정보학회 (IF: 1.12)"
404,2022,공학 일반,242537508,양동식,1,0.011173,"[실시간 정보를 제공하는 M2M 빅데이터 품질특성이 사용자 만족에 미치는 영향에 대한 연구 - 버스기사의 교통정보 시스템 중심으로 -]
   └ 학회: 한국산업정보학회 (IF: 1.12)"
405,2022,공학 일반,989952846,박동진,1,0.011173,"[실시간 정보를 제공하는 M2M 빅데이터 품질특성이 사용자 만족에 미치는 영향에 대한 연구 - 버스기사의 교통정보 시스템 중심으로 -]
   └ 학회: 한국산업정보학회 (IF: 1.12)"
406,2022,공학 일반,325951491,이윤재,1,0.011173,"[실시간 정보를 제공하는 M2M 빅데이터 품질특성이 사용자 만족에 미치는 영향에 대한 연구 - 버스기사의 교통정보 시스템 중심으로 -]
   └ 학회: 한국산업정보학회 (IF: 1.12)"
407,2022,공학 일반,485701619,배유나,1,0.011173,"[빅데이터를 통해 살펴본 앙트러프러너십 교육에 대한 사회적 인식 탐색: LDA 토픽모델링 분석을 중심으로]
   └ 학회: 한국산학기술학회 (IF: 1.09)"
408,2022,공학 일반,759353660,이강훈,1,0.011173,"[빅데이터를 통해 살펴본 앙트러프러너십 교육에 대한 사회적 인식 탐색: LDA 토픽모델링 분석을 중심으로]
   └ 학회: 한국산학기술학회 (IF: 1.09)"
409,2022,공학 일반,181866387,김건우,1,0.011173,"[UAV 탑재용 5G 기반 RTK 개발을 위한 Network-RTK 정확도 비교 분석]
   └ 학회: 한국산학기술학회 (IF: 1.09)"
410,2022,공학 일반,431697650,김무승,1,0.011173,"[UAV 탑재용 5G 기반 RTK 개발을 위한 Network-RTK 정확도 비교 분석]
   └ 학회: 한국산학기술학회 (IF: 1.09)"
411,2022,공학 일반,751772490,강연구,1,0.011173,"[인삼 파종기의 홈롤러식 배종장치 개발]
   └ 학회: 한국산학기술학회 (IF: 1.09)"
412,2022,공학 일반,586992774,지은아,1,0.011173,"[신생아집중치료실 간호사를 위한 초극소 저체중 출생아 간호 시뮬레이션 교육프로그램 개발 및 효과]
   └ 학회: 한국산학기술학회 (IF: 1.09)"
413,2022,공학 일반,101798941,박정미,1,0.011173,"[알레르기 비염 청소년의 주관적 행복감에 영향을 미치는 요인 -2020년 제16차 청소년건강행태조사-]
   └ 학회: 한국산학기술학회 (IF: 1.09)"
414,2022,공학 일반,4587130,이종항,1,0.011173,"[가공공정 모니터링이 가능한 치과용 크라운 가공기 개발]
   └ 학회: 한국산학기술학회 (IF: 1.09)"
415,2022,공학 일반,439407250,허우석,1,0.011173,"[가공공정 모니터링이 가능한 치과용 크라운 가공기 개발]
   └ 학회: 한국산학기술학회 (IF: 1.09)"
416,2022,공학 일반,709613799,김혜원,1,0.011173,"[HR 부서의 전략적 인적자원관리 역할에 대한 구성원 인식이 조직몰입에 미치는 영향: HR 부서의 커뮤니케이션 활동의 조절효과를 중심으로]
   └ 학회: 한국산학기술학회 (IF: 1.09)"
417,2022,공학 일반,832001939,박지성,1,0.011173,"[HR 부서의 전략적 인적자원관리 역할에 대한 구성원 인식이 조직몰입에 미치는 영향: HR 부서의 커뮤니케이션 활동의 조절효과를 중심으로]
   └ 학회: 한국산학기술학회 (IF: 1.09)"
418,2022,공학 일반,923052814,신용승,1,0.011173,"[UAV 비행경로에 따른 3D Mapping 데이터 유효성 비교]
   └ 학회: 한국산학기술학회 (IF: 1.09)"
419,2022,공학 일반,501047171,전경식,1,0.011173,"[UAV 비행경로에 따른 3D Mapping 데이터 유효성 비교]
   └ 학회: 한국산학기술학회 (IF: 1.09)"
420,2022,공학 일반,943729281,이병길,1,0.011173,"[UAV 비행경로에 따른 3D Mapping 데이터 유효성 비교]
   └ 학회: 한국산학기술학회 (IF: 1.09)"
421,2022,공학 일반,633611110,박재암,1,0.011173,"[복합표본설계를 이용한 청소년의 신체활동수준이 심리적웰빙 및 건강행태에 미치는 영향 분석]
   └ 학회: 한국산학기술학회 (IF: 1.09)"
422,2022,공학 일반,611289341,심희철,1,0.011173,"[메타버스 몰입을 위한 홀로그램 적용에 관한 연구 -대중음악 콘서트를 중심으로-]
   └ 학회: 한국산학기술학회 (IF: 1.09)"
423,2022,공학 일반,274861698,김헌식,1,0.011173,"[메타버스 몰입을 위한 홀로그램 적용에 관한 연구 -대중음악 콘서트를 중심으로-]
   └ 학회: 한국산학기술학회 (IF: 1.09)"
424,2022,공학 일반,193428256,박의현,1,0.011173,"[뷰티산업종사자의 상호작용공정성이 조직신뢰와 조직몰입에 미치는 영향]
   └ 학회: 한국산학기술학회 (IF: 1.09)"
425,2022,공학 일반,676209265,이인희,1,0.011173,"[뷰티산업종사자의 상호작용공정성이 조직신뢰와 조직몰입에 미치는 영향]
   └ 학회: 한국산학기술학회 (IF: 1.09)"
426,2022,공학 일반,396129646,홍성욱,1,0.011173,"[메타버스 환경에서의 정보보호 및 개인정보 보호를 위한 보안모델]
   └ 학회: 한국산학기술학회 (IF: 1.09)"
427,2022,공학 일반,991524697,김경애,1,0.011173,"[〈스카이캐슬〉과 〈펜트하우스〉의 수용자 댓글 연구]
   └ 학회: 한국산학기술학회 (IF: 1.09)"
428,2022,공학 일반,150069482,장석우,1,0.011173,"[계층적인 잡음 축소에 기반한 안개 제거 방법]
   └ 학회: 한국산학기술학회 (IF: 1.09)"
429,2022,공학 일반,165802960,유해연,1,0.011173,"[국내 스마트도시재생지역의 리빙랩의 지속가능한 운영방안 연구]
   └ 학회: 한국산학기술학회 (IF: 1.09)"
430,2022,공학 일반,5121134,정지원,1,0.011173,"[국내 스마트도시재생지역의 리빙랩의 지속가능한 운영방안 연구]
   └ 학회: 한국산학기술학회 (IF: 1.09)"
431,2022,공학 일반,788120879,김하영,1,0.011173,"[국내 스마트도시재생지역의 리빙랩의 지속가능한 운영방안 연구]
   └ 학회: 한국산학기술학회 (IF: 1.09)"
432,2022,공학 일반,541362604,최재혁,1,0.011173,"[메타버스 기반 통합가상훈련환경 플랫폼을 활용한 과학화훈련 발전방향 연구]
   └ 학회: 한국산학기술학회 (IF: 1.09)"
433,2022,공학 일반,405316607,이광훈,1,0.011173,"[방탄소년단의 세계 음악시장 성공 요인에 대한 고찰 -2017-2021 가온음악차트 분석을 중심으로-]
   └ 학회: 한국산학기술학회 (IF: 1.09)"
434,2022,공학 일반,135336115,조승현,1,0.011173,"[방탄소년단의 세계 음악시장 성공 요인에 대한 고찰 -2017-2021 가온음악차트 분석을 중심으로-]
   └ 학회: 한국산학기술학회 (IF: 1.09)"
435,2022,공학 일반,967678314,이화중,1,0.011173,"[무인비행장치 항공사진 기반 도시 객체의 3차원 변화탐지]
   └ 학회: 한국산학기술학회 (IF: 1.09)"
436,2022,공학 일반,865489174,엄대용,1,0.011173,"[무인비행장치 항공사진 기반 도시 객체의 3차원 변화탐지]
   └ 학회: 한국산학기술학회 (IF: 1.09)"
437,2022,공학 일반,378453753,우정희,1,0.011173,"[폭력피해경험이 청소년의 슬픔 · 절망감에 미치는 영향: 성향점수매칭을 이용한 청소년건강행태 온라인조사 자료 분석]
   └ 학회: 한국산학기술학회 (IF: 1.09)"
438,2022,공학 일반,1706969,김명자,1,0.011173,"[폭력피해경험이 청소년의 슬픔 · 절망감에 미치는 영향: 성향점수매칭을 이용한 청소년건강행태 온라인조사 자료 분석]
   └ 학회: 한국산학기술학회 (IF: 1.09)"
439,2022,공학 일반,636418525,이정호,3,0.009311,"[130mm급 고체 추진기관의 장기 저장에 따른 내탄도 성능 분석]
   └ 학회: 한국산학기술학회 (IF: 1.09)
--------------------------------
[회귀분석을 이용한 탄속 추정 방법의 검증]
   └ 학회: 한국산학기술학회 (IF: 1.09)
--------------------------------
[장기저장 고체 추진기관의 ATJ Graphite 노즐목 삭마특성 분석]
   └ 학회: 한국산학기술학회 (IF: 1.09)"
440,2022,공학 일반,801987415,노영숙,2,0.009311,"[3D 프린팅 격자구조 인공골재를 치환한 경량콘크리트의 압축강도 특성]
   └ 학회: 한국산학기술학회 (IF: 1.09)
--------------------------------
[콘크리트 강도에 따른 탄소섬유시트의 보강효과에 관한 실험적 연구]
   └ 학회: 한국산학기술학회 (IF: 1.09)"
441,2022,공학 일반,781586331,정용준,2,0.009311,"[활성탄 성능시험에서의 사염화탄소 대체물질 연구]
   └ 학회: 한국산학기술학회 (IF: 1.09)
--------------------------------
[실측 데이터를 이용한 고무류 화생방 물자의 저장수명 예측 연구]
   └ 학회: 한국산학기술학회 (IF: 1.09)"
442,2022,공학 일반,961616312,정재담,1,0.009311,"[저전력 손실 네트워크에서 노드 연결성 향상을 위한 EC-RPL]
   └ 학회: 한국산업정보학회 (IF: 1.12)"
443,2022,공학 일반,299332597,홍석원,1,0.009311,"[저전력 손실 네트워크에서 노드 연결성 향상을 위한 EC-RPL]
   └ 학회: 한국산업정보학회 (IF: 1.12)"
444,2022,공학 일반,176282212,김영수,1,0.009311,"[저전력 손실 네트워크에서 노드 연결성 향상을 위한 EC-RPL]
   └ 학회: 한국산업정보학회 (IF: 1.12)"
445,2022,공학 일반,793751825,유성은,1,0.009311,"[저전력 손실 네트워크에서 노드 연결성 향상을 위한 EC-RPL]
   └ 학회: 한국산업정보학회 (IF: 1.12)"
446,2022,공학 일반,666320997,전병욱,1,0.009311,"[회귀분석을 이용한 탄속 추정 방법의 검증]
   └ 학회: 한국산학기술학회 (IF: 1.09)"
447,2022,공학 일반,919881119,박중화,1,0.009311,"[회귀분석을 이용한 탄속 추정 방법의 검증]
   └ 학회: 한국산학기술학회 (IF: 1.09)"
448,2022,공학 일반,361928636,조성환,1,0.009311,"[회귀분석을 이용한 탄속 추정 방법의 검증]
   └ 학회: 한국산학기술학회 (IF: 1.09)"
449,2022,공학 일반,981163976,최인선,1,0.009311,"[대학생의 가족건강성과 성인애착의 관계: 적응적 인지정서조절의 매개효과]
   └ 학회: 한국산학기술학회 (IF: 1.09)"
450,2022,공학 일반,425920311,주은지,1,0.009311,"[대학생의 가족건강성과 성인애착의 관계: 적응적 인지정서조절의 매개효과]
   └ 학회: 한국산학기술학회 (IF: 1.09)"
451,2022,공학 일반,365756092,강혜승,1,0.009311,"[대학에서 온라인 수업의 질과 수업만족도가 학습몰입을 매개로 학업성취도에 미치는 영향]
   └ 학회: 한국산학기술학회 (IF: 1.09)"
452,2022,공학 일반,2072530,이하나,1,0.009311,"[대학에서 온라인 수업의 질과 수업만족도가 학습몰입을 매개로 학업성취도에 미치는 영향]
   └ 학회: 한국산학기술학회 (IF: 1.09)"
453,2022,공학 일반,729242740,정주영,1,0.009311,"[대학에서 온라인 수업의 질과 수업만족도가 학습몰입을 매개로 학업성취도에 미치는 영향]
   └ 학회: 한국산학기술학회 (IF: 1.09)"
454,2022,공학 일반,304783847,박광민,1,0.009311,"[3D 프린팅 격자구조 인공골재를 치환한 경량콘크리트의 압축강도 특성]
   └ 학회: 한국산학기술학회 (IF: 1.09)"
455,2022,공학 일반,401254069,민경성,1,0.009311,"[3D 프린팅 격자구조 인공골재를 치환한 경량콘크리트의 압축강도 특성]
   └ 학회: 한국산학기술학회 (IF: 1.09)"
456,2022,공학 일반,714761791,이강산,1,0.009311,"[군수용 화공품 제조공정의 FMEA 발전방안]
   └ 학회: 한국산학기술학회 (IF: 1.09)"
457,2022,공학 일반,657419149,조예림,1,0.009311,"[AHP 분석을 통한 건설현장 타워크레인 안전사고 요인별 중요도에 관한 연구]
   └ 학회: 한국산학기술학회 (IF: 1.09)"
458,2022,공학 일반,839885699,강성원,1,0.009311,"[AHP 분석을 통한 건설현장 타워크레인 안전사고 요인별 중요도에 관한 연구]
   └ 학회: 한국산학기술학회 (IF: 1.09)"
459,2022,공학 일반,820814245,신윤석,1,0.009311,"[AHP 분석을 통한 건설현장 타워크레인 안전사고 요인별 중요도에 관한 연구]
   └ 학회: 한국산학기술학회 (IF: 1.09)"
460,2022,공학 일반,796586336,윤지아,1,0.009311,"[대학생의 직업가치관에 대한 교육 요구 우선순위 분석 연구]
   └ 학회: 한국산학기술학회 (IF: 1.09)"
461,2022,공학 일반,161101933,박찬주,1,0.009311,"[대학생의 직업가치관에 대한 교육 요구 우선순위 분석 연구]
   └ 학회: 한국산학기술학회 (IF: 1.09)"
462,2022,공학 일반,308680952,신호진,1,0.009311,"[대학생의 직업가치관에 대한 교육 요구 우선순위 분석 연구]
   └ 학회: 한국산학기술학회 (IF: 1.09)"
463,2022,공학 일반,312674574,박병기,1,0.009311,"[미래 저널링이 초등·중학생의 메타인지, 마음건강 및 뇌파에 미치는 영향]
   └ 학회: 한국산학기술학회 (IF: 1.09)"
464,2022,공학 일반,869268085,김희경,1,0.009311,"[미래 저널링이 초등·중학생의 메타인지, 마음건강 및 뇌파에 미치는 영향]
   └ 학회: 한국산학기술학회 (IF: 1.09)"
465,2022,공학 일반,606143391,이해연,1,0.009311,"[실측 데이터를 이용한 고무류 화생방 물자의 저장수명 예측 연구]
   └ 학회: 한국산학기술학회 (IF: 1.09)"
466,2022,공학 일반,108580570,서지영,1,0.009311,"[실측 데이터를 이용한 고무류 화생방 물자의 저장수명 예측 연구]
   └ 학회: 한국산학기술학회 (IF: 1.09)"
467,2022,공학 일반,198349238,이남례,1,0.009311,"[실측 데이터를 이용한 고무류 화생방 물자의 저장수명 예측 연구]
   └ 학회: 한국산학기술학회 (IF: 1.09)"
468,2022,공학 일반,333809253,Shuang-Yu Hu,9,0.0,"[Manufacturing Enterprise, Tourism Industry and Economic Development Coupling Coordinative in Jilin Province, China]
   └ 학회: 한국산학기술학회 (IF: 1.09)
--------------------------------
[Analysis on the Spatial and Temporal Pattern of China’s Grain Production and Its Influencing Factors]
   └ 학회: 한국산학기술학회 (IF: 1.09)
--------------------------------
[Study on the effect of minimum purchase price policy on China’s wheat production]
   └ 학회: 한국산학기술학회 (IF: 1.09)
--------------------------------
[Study on the influencing factors of wheat import trade in China]
   └ 학회: 한국산학기술학회 (IF: 1.09)
--------------------------------
[Evaluation of Grain Security in China’s Major Grain-Producing Areas Based on the Entropy Weight TOPSIS Method]
   └ 학회: 한국산학기술학회 (IF: 1.09)
--------------------------------
[The Research on Technical Efficiency and Influence Factors of Chinese Cabbage Production in China]
   └ 학회: 한국산학기술학회 (IF: 1.09)
--------------------------------
[A Three-Stage DEA-Based Efficiency Evaluation of Broiler Breeding in China]
   └ 학회: 한국산학기술학회 (IF: 1.09)
--------------------------------
[Analysis of Broiler Production Cost-Revenue and Efficiency in Jilin Province, China]
   └ 학회: 한국산학기술학회 (IF: 1.09)
--------------------------------
[Research on Coupling Coordination Evaluation of Sustainable Land Use and Economic Development: A Case Study of Guangdong Province, China]
   └ 학회: 한국산학기술학회 (IF: 1.09)"
469,2022,공학 일반,427261031,이종인,9,0.0,"[Manufacturing Enterprise, Tourism Industry and Economic Development Coupling Coordinative in Jilin Province, China]
   └ 학회: 한국산학기술학회 (IF: 1.09)
--------------------------------
[Analysis on the Spatial and Temporal Pattern of China’s Grain Production and Its Influencing Factors]
   └ 학회: 한국산학기술학회 (IF: 1.09)
--------------------------------
[Study on the effect of minimum purchase price policy on China’s wheat production]
   └ 학회: 한국산학기술학회 (IF: 1.09)
--------------------------------
[Study on the influencing factors of wheat import trade in China]
   └ 학회: 한국산학기술학회 (IF: 1.09)
--------------------------------
[Evaluation of Grain Security in China’s Major Grain-Producing Areas Based on the Entropy Weight TOPSIS Method]
   └ 학회: 한국산학기술학회 (IF: 1.09)
--------------------------------
[The Research on Technical Efficiency and Influence Factors of Chinese Cabbage Production in China]
   └ 학회: 한국산학기술학회 (IF: 1.09)
--------------------------------
[A Three-Stage DEA-Based Efficiency Evaluation of Broiler Breeding in China]
   └ 학회: 한국산학기술학회 (IF: 1.09)
--------------------------------
[Analysis of Broiler Production Cost-Revenue and Efficiency in Jilin Province, China]
   └ 학회: 한국산학기술학회 (IF: 1.09)
--------------------------------
[Research on Coupling Coordination Evaluation of Sustainable Land Use and Economic Development: A Case Study of Guangdong Province, China]
   └ 학회: 한국산학기술학회 (IF: 1.09)"
470,2022,공학 일반,874468018,김기출,5,0.0,"[RF 마그네트론 스퍼터링 공정제어를 통한 3차원 α-MoO₃ Nanowalls의 성장 기구 연구]
   └ 학회: 한국산학기술학회 (IF: 1.09)
--------------------------------
[카본 나노파이버 위에 직접 성장된 SnO 나노구조물 복합체]
   └ 학회: 한국산학기술학회 (IF: 1.09)
--------------------------------
[흠집 없는 h-MoO₃ 나노막대의 용이한 합성법]
   └ 학회: 한국산학기술학회 (IF: 1.09)
--------------------------------
[표면 구조가 다른 실리카 나노입자로 제작된 리튬이온전지의 전기화학적 성능 비교]
   └ 학회: 한국산학기술학회 (IF: 1.09)
--------------------------------
[RF 마그네트론 스퍼터링 시스템을 이용한 3차원 바나듐 옥사이드 나노구조물의 성장]
   └ 학회: 한국산학기술학회 (IF: 1.09)"
471,2022,공학 일반,280377101,Yu-Cong Sun,5,0.0,"[Manufacturing Enterprise, Tourism Industry and Economic Development Coupling Coordinative in Jilin Province, China]
   └ 학회: 한국산학기술학회 (IF: 1.09)
--------------------------------
[Analysis on the Spatial and Temporal Pattern of China’s Grain Production and Its Influencing Factors]
   └ 학회: 한국산학기술학회 (IF: 1.09)
--------------------------------
[Study on the effect of minimum purchase price policy on China’s wheat production]
   └ 학회: 한국산학기술학회 (IF: 1.09)
--------------------------------
[Study on the influencing factors of wheat import trade in China]
   └ 학회: 한국산학기술학회 (IF: 1.09)
--------------------------------
[The Research on Technical Efficiency and Influence Factors of Chinese Cabbage Production in China]
   └ 학회: 한국산학기술학회 (IF: 1.09)"
472,2022,공학 일반,166462950,Zhi-Run Li,5,0.0,"[Manufacturing Enterprise, Tourism Industry and Economic Development Coupling Coordinative in Jilin Province, China]
   └ 학회: 한국산학기술학회 (IF: 1.09)
--------------------------------
[Analysis on the Spatial and Temporal Pattern of China’s Grain Production and Its Influencing Factors]
   └ 학회: 한국산학기술학회 (IF: 1.09)
--------------------------------
[Study on the influencing factors of wheat import trade in China]
   └ 학회: 한국산학기술학회 (IF: 1.09)
--------------------------------
[Evaluation of Grain Security in China’s Major Grain-Producing Areas Based on the Entropy Weight TOPSIS Method]
   └ 학회: 한국산학기술학회 (IF: 1.09)
--------------------------------
[The Research on Technical Efficiency and Influence Factors of Chinese Cabbage Production in China]
   └ 학회: 한국산학기술학회 (IF: 1.09)"
473,2022,공학 일반,687771988,양리,5,0.0,"[Study on the effect of minimum purchase price policy on China’s wheat production]
   └ 학회: 한국산학기술학회 (IF: 1.09)
--------------------------------
[Evaluation of Grain Security in China’s Major Grain-Producing Areas Based on the Entropy Weight TOPSIS Method]
   └ 학회: 한국산학기술학회 (IF: 1.09)
--------------------------------
[A Three-Stage DEA-Based Efficiency Evaluation of Broiler Breeding in China]
   └ 학회: 한국산학기술학회 (IF: 1.09)
--------------------------------
[Analysis of Broiler Production Cost-Revenue and Efficiency in Jilin Province, China]
   └ 학회: 한국산학기술학회 (IF: 1.09)
--------------------------------
[Research on Coupling Coordination Evaluation of Sustainable Land Use and Economic Development: A Case Study of Guangdong Province, China]
   └ 학회: 한국산학기술학회 (IF: 1.09)"
474,2022,공학 일반,722231624,한병길,4,0.0,"[전력 거래방식을 고려한 에너지 프로슈머의 운용전략 및 경제성평가에 관한 연구]
   └ 학회: 한국산학기술학회 (IF: 1.09)
--------------------------------
[PSCAD/EMTDC를 이용한 ±35kV급 MVDC 실증 배전망의 모델링 및 사고특성에 관한 연구]
   └ 학회: 한국산학기술학회 (IF: 1.09)
--------------------------------
[소규모 제로에너지빌딩의 피크 수요관리용 EMS 운용 알고리즘에 관한 연구]
   └ 학회: 한국산학기술학회 (IF: 1.09)
--------------------------------
[배전계통에서 접지망 형태에 따른 과도접지임피던스 모델링에 관한 연구]
   └ 학회: 한국산학기술학회 (IF: 1.09)"
475,2022,공학 일반,307800753,노대석,4,0.0,"[전력 거래방식을 고려한 에너지 프로슈머의 운용전략 및 경제성평가에 관한 연구]
   └ 학회: 한국산학기술학회 (IF: 1.09)
--------------------------------
[PSCAD/EMTDC를 이용한 ±35kV급 MVDC 실증 배전망의 모델링 및 사고특성에 관한 연구]
   └ 학회: 한국산학기술학회 (IF: 1.09)
--------------------------------
[소규모 제로에너지빌딩의 피크 수요관리용 EMS 운용 알고리즘에 관한 연구]
   └ 학회: 한국산학기술학회 (IF: 1.09)
--------------------------------
[배전계통에서 접지망 형태에 따른 과도접지임피던스 모델링에 관한 연구]
   └ 학회: 한국산학기술학회 (IF: 1.09)"
476,2022,공학 일반,294462239,남광우,3,0.0,"[웹 문서상의 공간 텍스트 위치 맵핑과 질의 기법]
   └ 학회: 한국산업정보학회 (IF: 1.12)
--------------------------------
[다중 회귀 모델을 이용한 전주시 보행 환경 점수 예측에 관한 연구]
   └ 학회: 한국산업정보학회 (IF: 1.12)
--------------------------------
[크라우드 소싱 기반 딥러닝 선호 학습을 위한 쌍체 비교 셋 생성]
   └ 학회: 한국산업정보학회 (IF: 1.12)"
477,2022,공학 일반,559086201,김수연,3,0.0,"[NFT 구매의도에 영향을 미치는 요인에 관한 실증적 연구]
   └ 학회: 한국산업정보학회 (IF: 1.12)
--------------------------------
[SNS 데이터를 활용한 관광지 혼잡도 및 방문자 특성 분석에 관한 연구]
   └ 학회: 한국산업정보학회 (IF: 1.12)
--------------------------------
[음원 내 보컬 주파수 대역 분석에 기반한 음향기기 추천시스템]
   └ 학회: 한국산업정보학회 (IF: 1.12)"
478,2022,공학 일반,628663466,조태선,3,0.0,"[고대 동양사상에 있어서의 음악론에 관한 비교연구 - 『예기』 중 「악기」와 「성무애락론」을 중심으로 -]
   └ 학회: 한국산학기술학회 (IF: 1.09)
--------------------------------
[대중음악을 통한 주제 전달 -BTS 디지털 싱글 Dynamite를 중심으로-]
   └ 학회: 한국산학기술학회 (IF: 1.09)
--------------------------------
[밥 딜런의 블로윙 인 더 윈드 가사와 영화 포레스트 검프의 장면과 대사 서브텍스트 연구]
   └ 학회: 한국산학기술학회 (IF: 1.09)"
479,2022,공학 일반,605339503,김선웅,3,0.0,"[QAR을 이용한 주가 과잉반응 탐색 - SARS, MERS, COVID 팬데믹]
   └ 학회: 한국산학기술학회 (IF: 1.09)
--------------------------------
[기술적 거래 규칙을 이용한 알트코인 투자의 성과]
   └ 학회: 한국산학기술학회 (IF: 1.09)
--------------------------------
[주식 수익률의 일 중 주기성 연구]
   └ 학회: 한국산학기술학회 (IF: 1.09)"
480,2022,공학 일반,342402894,손혜경,3,0.0,"[군수품 표준관리제도 및 형상관리 운영체계 개선방안 연구]
   └ 학회: 한국산학기술학회 (IF: 1.09)
--------------------------------
[탐색레이더 반도체송수신 조립체 신뢰성 개선방안 연구]
   └ 학회: 한국산학기술학회 (IF: 1.09)
--------------------------------
[선진국 국방 표준 동향 분석을 통한 국방규격 적합성 검토업무 발전 방안 연구]
   └ 학회: 한국산학기술학회 (IF: 1.09)"
481,2022,공학 일반,421592463,채한화,3,0.0,"[긴꼬리닭 암컷에서 환우 연관 유전자군 발현 연구]
   └ 학회: 한국산학기술학회 (IF: 1.09)
--------------------------------
[긴꼬리닭의 깃털조직에 대한 차등 메탈화 영역 유전자 연구]
   └ 학회: 한국산학기술학회 (IF: 1.09)
--------------------------------
[피코나바이러스와 숙주세포 내 유입 수용체간의 상호작용에 대한 구조 및 기능적 이해]
   └ 학회: 한국산학기술학회 (IF: 1.09)"
482,2022,공학 일반,910088337,조성제,3,0.0,"[보육교사가 지각하는 교수몰입이 행복감에 미치는 영향]
   └ 학회: 한국산학기술학회 (IF: 1.09)
--------------------------------
[중년여성의 마음 챙김과 긍정심리자본이 심리적 소진에 미치는 영향]
   └ 학회: 한국산학기술학회 (IF: 1.09)
--------------------------------
[청소년의 예술심리치료 프로그램 참여동기가 진로정체감에 미치는 영향]
   └ 학회: 한국산학기술학회 (IF: 1.09)"
483,2022,공학 일반,315594751,박금주,3,0.0,"[텍스트 분석을 적용한 대학 진로교과 강의평가 기반 학생 요구 분석]
   └ 학회: 한국산학기술학회 (IF: 1.09)
--------------------------------
[서술형 강의평가결과에 대한 단과대별 내용 분석]
   └ 학회: 한국산학기술학회 (IF: 1.09)
--------------------------------
[교수자와 학습자 의견 비교를 통한 좋은 수업의 특성 분석]
   └ 학회: 한국산학기술학회 (IF: 1.09)"
484,2022,공학 일반,855477570,김지명,3,0.0,"[전력 거래방식을 고려한 에너지 프로슈머의 운용전략 및 경제성평가에 관한 연구]
   └ 학회: 한국산학기술학회 (IF: 1.09)
--------------------------------
[PSCAD/EMTDC를 이용한 ±35kV급 MVDC 실증 배전망의 모델링 및 사고특성에 관한 연구]
   └ 학회: 한국산학기술학회 (IF: 1.09)
--------------------------------
[배전계통에서 접지망 형태에 따른 과도접지임피던스 모델링에 관한 연구]
   └ 학회: 한국산학기술학회 (IF: 1.09)"
485,2022,공학 일반,567262493,김영호,3,0.0,"[천 덕트를 적용한 함정의 통풍량 측정에 따른 검증 방법 연구]
   └ 학회: 한국산학기술학회 (IF: 1.09)
--------------------------------
[잠수함 실내공기질 계측 실험 결과 분석 및 연구]
   └ 학회: 한국산학기술학회 (IF: 1.09)
--------------------------------
[해군 함정의 전자전 · 위성통신체계 EMI/EMC 최소화 방안에 관한 연구]
   └ 학회: 한국산학기술학회 (IF: 1.09)"
486,2022,공학 일반,365107601,이종인,3,0.0,"[고체산화물 연료전지용 코발트 코팅된 460FC계 금속분리판의 고온산화특성]
   └ 학회: 한국산학기술학회 (IF: 1.09)
--------------------------------
[계면활성제가 도입된 이오노머를 함침시킨 ePTFE기반 강화복합막의 제작과 이들의 PEMFC 특성]
   └ 학회: 한국산학기술학회 (IF: 1.09)
--------------------------------
[마스터배치로부터 제조된 자원 순환형 탄소필러기반 탄소복합소재의 열적 및 기계적 물성 개선]
   └ 학회: 한국산학기술학회 (IF: 1.09)"
487,2022,공학 일반,797249445,배진우,3,0.0,"[고체산화물 연료전지용 코발트 코팅된 460FC계 금속분리판의 고온산화특성]
   └ 학회: 한국산학기술학회 (IF: 1.09)
--------------------------------
[계면활성제가 도입된 이오노머를 함침시킨 ePTFE기반 강화복합막의 제작과 이들의 PEMFC 특성]
   └ 학회: 한국산학기술학회 (IF: 1.09)
--------------------------------
[마스터배치로부터 제조된 자원 순환형 탄소필러기반 탄소복합소재의 열적 및 기계적 물성 개선]
   └ 학회: 한국산학기술학회 (IF: 1.09)"
488,2022,공학 일반,924806887,손민구,3,0.0,"[구조해석을 통한 유기압 현수장치 체결나사의 손상원인 및 강도개선에 관한 연구]
   └ 학회: 한국산학기술학회 (IF: 1.09)
--------------------------------
[GMAW Narrow Gap Welding을 활용한 전차 용접방법 개선에 관한 연구]
   └ 학회: 한국산학기술학회 (IF: 1.09)
--------------------------------
[군용 지상궤도차량의 해치 작동력 개선에 대한 연구]
   └ 학회: 한국산학기술학회 (IF: 1.09)"
489,2022,공학 일반,996383208,강승주,3,0.0,"[구조해석을 통한 유기압 현수장치 체결나사의 손상원인 및 강도개선에 관한 연구]
   └ 학회: 한국산학기술학회 (IF: 1.09)
--------------------------------
[GMAW Narrow Gap Welding을 활용한 전차 용접방법 개선에 관한 연구]
   └ 학회: 한국산학기술학회 (IF: 1.09)
--------------------------------
[군용 지상궤도차량의 해치 작동력 개선에 대한 연구]
   └ 학회: 한국산학기술학회 (IF: 1.09)"
490,2022,공학 일반,326543545,김록한,3,0.0,"[구조해석을 통한 유기압 현수장치 체결나사의 손상원인 및 강도개선에 관한 연구]
   └ 학회: 한국산학기술학회 (IF: 1.09)
--------------------------------
[GMAW Narrow Gap Welding을 활용한 전차 용접방법 개선에 관한 연구]
   └ 학회: 한국산학기술학회 (IF: 1.09)
--------------------------------
[군용 지상궤도차량의 해치 작동력 개선에 대한 연구]
   └ 학회: 한국산학기술학회 (IF: 1.09)"
491,2022,공학 일반,686275586,김연태,3,0.0,"[페로니켈 슬래그를 사용한 밀입도 아스팔트 혼합물 특성평가]
   └ 학회: 한국산학기술학회 (IF: 1.09)
--------------------------------
[3차원 프로파일 데이터 및 도로포장 균열 깊이 변화량에 따른 도로포장의 균열검출 노이즈 제거 기법 성능분석]
   └ 학회: 한국산학기술학회 (IF: 1.09)
--------------------------------
[모바일 어플리케이션을 이용한 차선의 시인성 분석 연구]
   └ 학회: 한국산학기술학회 (IF: 1.09)"
492,2022,공학 일반,262814287,김장현,3,0.0,"[Diachronic Network Analysis of Variables that Affect the Value of the Textile Industry in South Korea]
   └ 학회: 한국산학기술학회 (IF: 1.09)
--------------------------------
[니트 소재가 적용된 캐주얼 아우터의 구매행동 및 디자인 선호도]
   └ 학회: 한국산학기술학회 (IF: 1.09)
--------------------------------
[외모지상주의에 대한 감성적 경향과 패션에 대한 인식]
   └ 학회: 한국산학기술학회 (IF: 1.09)"
493,2022,공학 일반,515189176,석재욱,3,0.0,"[붕괴사례 분석을 통한 토사재해 발생요인 및 건물 피해 특성 연구]
   └ 학회: 한국산학기술학회 (IF: 1.09)
--------------------------------
[변형-연화 거동 이론을 이용한 토사비탈면의 표층붕괴 예측 방법 고찰]
   └ 학회: 한국산학기술학회 (IF: 1.09)
--------------------------------
[토사비탈면 붕괴에 대한 계측관리기준 제안: 지표 경사를 중심으로]
   └ 학회: 한국산학기술학회 (IF: 1.09)"
494,2022,공학 일반,169911880,정향선,3,0.0,"[붕괴사례 분석을 통한 토사재해 발생요인 및 건물 피해 특성 연구]
   └ 학회: 한국산학기술학회 (IF: 1.09)
--------------------------------
[변형-연화 거동 이론을 이용한 토사비탈면의 표층붕괴 예측 방법 고찰]
   └ 학회: 한국산학기술학회 (IF: 1.09)
--------------------------------
[토사비탈면 붕괴에 대한 계측관리기준 제안: 지표 경사를 중심으로]
   └ 학회: 한국산학기술학회 (IF: 1.09)"
495,2022,공학 일반,525378915,송효성,3,0.0,"[붕괴사례 분석을 통한 토사재해 발생요인 및 건물 피해 특성 연구]
   └ 학회: 한국산학기술학회 (IF: 1.09)
--------------------------------
[변형-연화 거동 이론을 이용한 토사비탈면의 표층붕괴 예측 방법 고찰]
   └ 학회: 한국산학기술학회 (IF: 1.09)
--------------------------------
[토사비탈면 붕괴에 대한 계측관리기준 제안: 지표 경사를 중심으로]
   └ 학회: 한국산학기술학회 (IF: 1.09)"
496,2022,공학 일반,804385225,최선규,3,0.0,"[붕괴사례 분석을 통한 토사재해 발생요인 및 건물 피해 특성 연구]
   └ 학회: 한국산학기술학회 (IF: 1.09)
--------------------------------
[변형-연화 거동 이론을 이용한 토사비탈면의 표층붕괴 예측 방법 고찰]
   └ 학회: 한국산학기술학회 (IF: 1.09)
--------------------------------
[토사비탈면 붕괴에 대한 계측관리기준 제안: 지표 경사를 중심으로]
   └ 학회: 한국산학기술학회 (IF: 1.09)"
497,2022,공학 일반,830345970,정민수,3,0.0,"[붕괴사례 분석을 통한 토사재해 발생요인 및 건물 피해 특성 연구]
   └ 학회: 한국산학기술학회 (IF: 1.09)
--------------------------------
[변형-연화 거동 이론을 이용한 토사비탈면의 표층붕괴 예측 방법 고찰]
   └ 학회: 한국산학기술학회 (IF: 1.09)
--------------------------------
[토사비탈면 붕괴에 대한 계측관리기준 제안: 지표 경사를 중심으로]
   └ 학회: 한국산학기술학회 (IF: 1.09)"
498,2022,공학 일반,895067062,김규민,3,0.0,"[잠수함 실내공기질 계측 실험 결과 분석 및 연구]
   └ 학회: 한국산학기술학회 (IF: 1.09)
--------------------------------
[희생양극을 적용한 잠수함 선체 부식 방지 연구]
   └ 학회: 한국산학기술학회 (IF: 1.09)
--------------------------------
[해군 함정의 전자전 · 위성통신체계 EMI/EMC 최소화 방안에 관한 연구]
   └ 학회: 한국산학기술학회 (IF: 1.09)"
499,2022,공학 일반,592295331,김진식,3,0.0,"[DTiMS 기반 국방연구개발 인력정보 관리방안 연구]
   └ 학회: 한국산학기술학회 (IF: 1.09)
--------------------------------
[DRES 기반 국방연구시설장비 정보관리 개선방안 연구]
   └ 학회: 한국산학기술학회 (IF: 1.09)
--------------------------------
[산학연 주관 국방연구개발사업 성과정보 통합 수집·관리 방안 연구]
   └ 학회: 한국산학기술학회 (IF: 1.09)"
500,2022,공학 일반,700824212,이보은,3,0.0,"[DTiMS 기반 국방연구개발 인력정보 관리방안 연구]
   └ 학회: 한국산학기술학회 (IF: 1.09)
--------------------------------
[DRES 기반 국방연구시설장비 정보관리 개선방안 연구]
   └ 학회: 한국산학기술학회 (IF: 1.09)
--------------------------------
[산학연 주관 국방연구개발사업 성과정보 통합 수집·관리 방안 연구]
   └ 학회: 한국산학기술학회 (IF: 1.09)"
501,2022,공학 일반,966726393,최지원,2,0.0,"[파일 은닉을 통한 파일 대상 공격 방어 기법]
   └ 학회: 한국산업정보학회 (IF: 1.12)
--------------------------------
[신뢰도 신호를 갖는 RC 회로 기반 PUF 설계]
   └ 학회: 한국산업정보학회 (IF: 1.12)"
502,2022,공학 일반,325952084,이중희,2,0.0,"[파일 은닉을 통한 파일 대상 공격 방어 기법]
   └ 학회: 한국산업정보학회 (IF: 1.12)
--------------------------------
[신뢰도 신호를 갖는 RC 회로 기반 PUF 설계]
   └ 학회: 한국산업정보학회 (IF: 1.12)"
503,2022,공학 일반,156016737,이규호,2,0.0,"[파일 은닉을 통한 파일 대상 공격 방어 기법]
   └ 학회: 한국산업정보학회 (IF: 1.12)
--------------------------------
[신뢰도 신호를 갖는 RC 회로 기반 PUF 설계]
   └ 학회: 한국산업정보학회 (IF: 1.12)"
504,2022,공학 일반,391526255,박아란,2,0.0,"[파일 은닉을 통한 파일 대상 공격 방어 기법]
   └ 학회: 한국산업정보학회 (IF: 1.12)
--------------------------------
[신뢰도 신호를 갖는 RC 회로 기반 PUF 설계]
   └ 학회: 한국산업정보학회 (IF: 1.12)"
505,2022,공학 일반,361277997,김광,2,0.0,"[작업 완료 확률을 고려한 다수 에이전트-다수 작업 할당의 근사 알고리즘]
   └ 학회: 한국산업정보학회 (IF: 1.12)
--------------------------------
[혼합 교차-엔트로피 알고리즘을 활용한 다수 에이전트-다수 작업 할당 문제]
   └ 학회: 한국산업정보학회 (IF: 1.12)"
506,2022,공학 일반,99797,김영균,2,0.0,"[Hedonic consumption and consumer’s choice under the windfall gains]
   └ 학회: 한국산업정보학회 (IF: 1.12)
--------------------------------
[개방형 및 비개방형 리더십과 마케팅역량이 기업성과에 미치는 영향: 소상공기업의 비대면서비스사용성을 중심으로]
   └ 학회: 한국산업정보학회 (IF: 1.12)"
507,2022,공학 일반,782318997,정의범,2,0.0,"[빅데이터 분석을 이용한 소셜 미디어의 부정적 구전 파급력에 관한 연구: 공급사슬 리스크 관점에서]
   └ 학회: 한국산업정보학회 (IF: 1.12)
--------------------------------
[사회적 기업가정신의 체계적 문헌연구: 경영학 분야를 중심으로]
   └ 학회: 한국산업정보학회 (IF: 1.12)"
508,2022,공학 일반,530152359,이창우,2,0.0,"[다중 회귀 모델을 이용한 전주시 보행 환경 점수 예측에 관한 연구]
   └ 학회: 한국산업정보학회 (IF: 1.12)
--------------------------------
[크라우드 소싱 기반 딥러닝 선호 학습을 위한 쌍체 비교 셋 생성]
   └ 학회: 한국산업정보학회 (IF: 1.12)"
509,2022,공학 일반,192312714,이상훈,2,0.0,"[NFT 구매의도에 영향을 미치는 요인에 관한 실증적 연구]
   └ 학회: 한국산업정보학회 (IF: 1.12)
--------------------------------
[SNS 데이터를 활용한 관광지 혼잡도 및 방문자 특성 분석에 관한 연구]
   └ 학회: 한국산업정보학회 (IF: 1.12)"
510,2022,공학 일반,840971776,소순영,2,0.0,"[자동차용 부동액내의 구리 및 철 이온이 알루미늄의 부식에 미치는 영향]
   └ 학회: 한국산학기술학회 (IF: 1.09)
--------------------------------
[헤테로고리계 부식방지제를 함유한 부동액에서 알루미늄 및 철 이온이 구리의 부식에 미치는 영향]
   └ 학회: 한국산학기술학회 (IF: 1.09)"
511,2022,공학 일반,593147579,이주희,2,0.0,"[자동차용 부동액내의 구리 및 철 이온이 알루미늄의 부식에 미치는 영향]
   └ 학회: 한국산학기술학회 (IF: 1.09)
--------------------------------
[헤테로고리계 부식방지제를 함유한 부동액에서 알루미늄 및 철 이온이 구리의 부식에 미치는 영향]
   └ 학회: 한국산학기술학회 (IF: 1.09)"
512,2022,공학 일반,430276956,장희진,2,0.0,"[자동차용 부동액내의 구리 및 철 이온이 알루미늄의 부식에 미치는 영향]
   └ 학회: 한국산학기술학회 (IF: 1.09)
--------------------------------
[헤테로고리계 부식방지제를 함유한 부동액에서 알루미늄 및 철 이온이 구리의 부식에 미치는 영향]
   └ 학회: 한국산학기술학회 (IF: 1.09)"
513,2022,공학 일반,666013259,최재성,2,0.0,"[130mm급 고체 추진기관의 장기 저장에 따른 내탄도 성능 분석]
   └ 학회: 한국산학기술학회 (IF: 1.09)
--------------------------------
[장기저장 고체 추진기관의 ATJ Graphite 노즐목 삭마특성 분석]
   └ 학회: 한국산학기술학회 (IF: 1.09)"
514,2022,공학 일반,187937227,김미리,2,0.0,"[RF 마그네트론 스퍼터링 공정제어를 통한 3차원 α-MoO₃ Nanowalls의 성장 기구 연구]
   └ 학회: 한국산학기술학회 (IF: 1.09)
--------------------------------
[카본 나노파이버 위에 직접 성장된 SnO 나노구조물 복합체]
   └ 학회: 한국산학기술학회 (IF: 1.09)"
515,2022,공학 일반,808328178,최현지,2,0.0,"[긴꼬리닭 암컷에서 환우 연관 유전자군 발현 연구]
   └ 학회: 한국산학기술학회 (IF: 1.09)
--------------------------------
[긴꼬리닭의 깃털조직에 대한 차등 메탈화 영역 유전자 연구]
   └ 학회: 한국산학기술학회 (IF: 1.09)"
516,2022,공학 일반,110450451,임다정,2,0.0,"[긴꼬리닭 암컷에서 환우 연관 유전자군 발현 연구]
   └ 학회: 한국산학기술학회 (IF: 1.09)
--------------------------------
[긴꼬리닭의 깃털조직에 대한 차등 메탈화 영역 유전자 연구]
   └ 학회: 한국산학기술학회 (IF: 1.09)"
517,2022,공학 일반,749634,김태경,2,0.0,"[무인반송차(AGVs)를 위한 자기공진을 이용한 무선 전력 전송회로 설계]
   └ 학회: 한국산학기술학회 (IF: 1.09)
--------------------------------
[DCM PFC 플라이백 컨버터의 스위칭 피크 전류 저감을 위한 Switching Duty Cycle Split 방식]
   └ 학회: 한국산학기술학회 (IF: 1.09)"
518,2022,공학 일반,186636828,박대수,2,0.0,"[무인반송차(AGVs)를 위한 자기공진을 이용한 무선 전력 전송회로 설계]
   └ 학회: 한국산학기술학회 (IF: 1.09)
--------------------------------
[DCM PFC 플라이백 컨버터의 스위칭 피크 전류 저감을 위한 Switching Duty Cycle Split 방식]
   └ 학회: 한국산학기술학회 (IF: 1.09)"
519,2022,공학 일반,124266163,오성철,2,0.0,"[무인반송차(AGVs)를 위한 자기공진을 이용한 무선 전력 전송회로 설계]
   └ 학회: 한국산학기술학회 (IF: 1.09)
--------------------------------
[DCM PFC 플라이백 컨버터의 스위칭 피크 전류 저감을 위한 Switching Duty Cycle Split 방식]
   └ 학회: 한국산학기술학회 (IF: 1.09)"
520,2022,공학 일반,356521456,정규수,2,0.0,"[방위각을 이용한 개별 차량의 주행방향 결정]
   └ 학회: 한국산학기술학회 (IF: 1.09)
--------------------------------
[도로 및 교통정보 관측 드론 운용을 위한 프로토타입 시뮬레이터 개발]
   └ 학회: 한국산학기술학회 (IF: 1.09)"
521,2022,공학 일반,835765019,홍기선,2,0.0,"[비선형 가격인상기대효과에 대한 실증연구: 아파트 거래가격과 거래량을 중심으로]
   └ 학회: 한국산학기술학회 (IF: 1.09)
--------------------------------
[아파트 가격과 거래량의 월간효과에 관한 연구: 수도권의 신도시를 중심으로]
   └ 학회: 한국산학기술학회 (IF: 1.09)"
522,2022,공학 일반,370431904,왕설,2,0.0,"[비선형 가격인상기대효과에 대한 실증연구: 아파트 거래가격과 거래량을 중심으로]
   └ 학회: 한국산학기술학회 (IF: 1.09)
--------------------------------
[아파트 가격과 거래량의 월간효과에 관한 연구: 수도권의 신도시를 중심으로]
   └ 학회: 한국산학기술학회 (IF: 1.09)"
523,2022,공학 일반,922159030,곽영식,2,0.0,"[비선형 가격인상기대효과에 대한 실증연구: 아파트 거래가격과 거래량을 중심으로]
   └ 학회: 한국산학기술학회 (IF: 1.09)
--------------------------------
[아파트 가격과 거래량의 월간효과에 관한 연구: 수도권의 신도시를 중심으로]
   └ 학회: 한국산학기술학회 (IF: 1.09)"
524,2022,공학 일반,164177305,홍재원,2,0.0,"[비선형 가격인상기대효과에 대한 실증연구: 아파트 거래가격과 거래량을 중심으로]
   └ 학회: 한국산학기술학회 (IF: 1.09)
--------------------------------
[아파트 가격과 거래량의 월간효과에 관한 연구: 수도권의 신도시를 중심으로]
   └ 학회: 한국산학기술학회 (IF: 1.09)"
525,2022,공학 일반,593475730,서성원,2,0.0,"[양성자 핵자기공명분광기를 이용한 고온스트레스에 따른 Holstein 수소의 반추위액과 혈액 내 대사체 프로파일링 연구]
   └ 학회: 한국산학기술학회 (IF: 1.09)
--------------------------------
[한국 낙농 농가의 정밀 축산 기술 도입 실태 조사]
   └ 학회: 한국산학기술학회 (IF: 1.09)"
526,2022,공학 일반,809056284,박민정,2,0.0,"[울산광역시 다문화 청소년의 기본심리욕구가 지적 호기심과 도전 정신을 매개로 하여 내재적 직업가치관에 미치는 영향]
   └ 학회: 한국산학기술학회 (IF: 1.09)
--------------------------------
[학교밖 청소년의 부모 지지 및 방임이 진로성숙도에 미치는 영향: 또래애착과 핵심자기평가의 매개효과를 중심으로]
   └ 학회: 한국산학기술학회 (IF: 1.09)"
527,2022,공학 일반,414255829,김경화,2,0.0,"[전력 거래방식을 고려한 에너지 프로슈머의 운용전략 및 경제성평가에 관한 연구]
   └ 학회: 한국산학기술학회 (IF: 1.09)
--------------------------------
[배전계통에서 접지망 형태에 따른 과도접지임피던스 모델링에 관한 연구]
   └ 학회: 한국산학기술학회 (IF: 1.09)"
528,2022,공학 일반,441553661,신건,2,0.0,"[전력 거래방식을 고려한 에너지 프로슈머의 운용전략 및 경제성평가에 관한 연구]
   └ 학회: 한국산학기술학회 (IF: 1.09)
--------------------------------
[소규모 제로에너지빌딩의 피크 수요관리용 EMS 운용 알고리즘에 관한 연구]
   └ 학회: 한국산학기술학회 (IF: 1.09)"
529,2022,공학 일반,484278521,송세현,2,0.0,"[조합형 반응표면법을 이용한 라푸티딘 함유 즉시 방출성 정제의 개발]
   └ 학회: 한국산학기술학회 (IF: 1.09)
--------------------------------
[소수성 고분자를 이용한 미라베그론 함유 서방성 정제의 개발]
   └ 학회: 한국산학기술학회 (IF: 1.09)"
530,2022,공학 일반,838877669,최홍주,2,0.0,"[진행 궤적 분석을 통한 사고 발생 원인 추정]
   └ 학회: 한국산학기술학회 (IF: 1.09)
--------------------------------
[버스 공공와이파이 데이터 사용 동향 분석에 관한 연구]
   └ 학회: 한국산학기술학회 (IF: 1.09)"
531,2022,공학 일반,741835980,오혜지,2,0.0,"[진행 궤적 분석을 통한 사고 발생 원인 추정]
   └ 학회: 한국산학기술학회 (IF: 1.09)
--------------------------------
[버스 공공와이파이 데이터 사용 동향 분석에 관한 연구]
   └ 학회: 한국산학기술학회 (IF: 1.09)"
532,2022,공학 일반,748493102,한동헌,2,0.0,"[고체산화물 연료전지용 코발트 코팅된 460FC계 금속분리판의 고온산화특성]
   └ 학회: 한국산학기술학회 (IF: 1.09)
--------------------------------
[계면활성제가 도입된 이오노머를 함침시킨 ePTFE기반 강화복합막의 제작과 이들의 PEMFC 특성]
   └ 학회: 한국산학기술학회 (IF: 1.09)"
533,2022,공학 일반,901433065,오승주,2,0.0,"[고체산화물 연료전지용 코발트 코팅된 460FC계 금속분리판의 고온산화특성]
   └ 학회: 한국산학기술학회 (IF: 1.09)
--------------------------------
[계면활성제가 도입된 이오노머를 함침시킨 ePTFE기반 강화복합막의 제작과 이들의 PEMFC 특성]
   └ 학회: 한국산학기술학회 (IF: 1.09)"
534,2022,공학 일반,118845469,배대현,2,0.0,"[경량 블록 암호 알고리즘 PIPO에 대한 테이블 기반 마스킹 적용 및 분석]
   └ 학회: 한국산학기술학회 (IF: 1.09)
--------------------------------
[부채널 분석에 강인한 블록 암호 PIPO 구현을 위한 비선형 마스킹 기법]
   └ 학회: 한국산학기술학회 (IF: 1.09)"
535,2022,공학 일반,460873270,이재욱,2,0.0,"[경량 블록 암호 알고리즘 PIPO에 대한 테이블 기반 마스킹 적용 및 분석]
   └ 학회: 한국산학기술학회 (IF: 1.09)
--------------------------------
[양자 내성 암호 FALCON에 대한 차분 전력 분석 공격 성능 개선]
   └ 학회: 한국산학기술학회 (IF: 1.09)"
536,2022,공학 일반,457735319,손준규,2,0.0,"[국내산 저지종 우유와 홀스타인종 우유로 제조한 할루미 치즈의 특성 비교]
   └ 학회: 한국산학기술학회 (IF: 1.09)
--------------------------------
[젖소 발정탐지 고도화를 위한 활동량, 반추시간 생체정보 모니터링]
   └ 학회: 한국산학기술학회 (IF: 1.09)"
537,2022,공학 일반,939045456,유경훈,2,0.0,"[부모의 공동양육, 양육효능감 및 유아의 행복감과의 관계 연구]
   └ 학회: 한국산학기술학회 (IF: 1.09)
--------------------------------
[아동의 자아존중감, 학업스트레스, 학교적응과 행복감 간의 구조적 관계]
   └ 학회: 한국산학기술학회 (IF: 1.09)"
538,2022,공학 일반,231731813,김관우,2,0.0,"[단일염기다형성 마커를 이용한 칡소 품종의 식별]
   └ 학회: 한국산학기술학회 (IF: 1.09)
--------------------------------
[Ovum Pick-Up 기술을 이용한 난자 채취 시 회수압력에 따른 엘크 암사슴의 수정란 생산 효율조사]
   └ 학회: 한국산학기술학회 (IF: 1.09)"
539,2022,공학 일반,738807919,이은도,2,0.0,"[단일염기다형성 마커를 이용한 칡소 품종의 식별]
   └ 학회: 한국산학기술학회 (IF: 1.09)
--------------------------------
[Ovum Pick-Up 기술을 이용한 난자 채취 시 회수압력에 따른 엘크 암사슴의 수정란 생산 효율조사]
   └ 학회: 한국산학기술학회 (IF: 1.09)"
540,2022,공학 일반,244069736,김동교,2,0.0,"[단일염기다형성 마커를 이용한 칡소 품종의 식별]
   └ 학회: 한국산학기술학회 (IF: 1.09)
--------------------------------
[Ovum Pick-Up 기술을 이용한 난자 채취 시 회수압력에 따른 엘크 암사슴의 수정란 생산 효율조사]
   └ 학회: 한국산학기술학회 (IF: 1.09)"
541,2022,공학 일반,995745455,최봉환,2,0.0,"[단일염기다형성 마커를 이용한 칡소 품종의 식별]
   └ 학회: 한국산학기술학회 (IF: 1.09)
--------------------------------
[Ovum Pick-Up 기술을 이용한 난자 채취 시 회수압력에 따른 엘크 암사슴의 수정란 생산 효율조사]
   └ 학회: 한국산학기술학회 (IF: 1.09)"
542,2022,공학 일반,556894311,신영준,2,0.0,"[수중에서 보행 및 균형 훈련이 뇌졸중 환자의 정적 균형과 보행에 미치는 영향]
   └ 학회: 한국산학기술학회 (IF: 1.09)
--------------------------------
[수중재활운동치료가 초기 파킨슨 질환 환자의 균형과 보행에 미치는 영향]
   └ 학회: 한국산학기술학회 (IF: 1.09)"
543,2022,공학 일반,768478,이정우,2,0.0,"[스마트 도슨트에 관한 사용성 평가 - 대림미술관을 중심으로]
   └ 학회: 한국산학기술학회 (IF: 1.09)
--------------------------------
[중고령자의 가구 유형이 코로나19로 인한 디지털 기술인식 변화에 미치는 영향: 디지털 정보화 수준의 매개효과를 중심으로]
   └ 학회: 한국산학기술학회 (IF: 1.09)"
544,2022,공학 일반,643559446,이진아,2,0.0,"[한국과 일본의 노인학대행위자 관련 요인 및 대응에 관한 탐색]
   └ 학회: 한국산학기술학회 (IF: 1.09)
--------------------------------
[보건·의료·복지 분야에서의 다직종 연계 역량에 대한 탐색 -미국, 캐나다, 일본을 중심으로-]
   └ 학회: 한국산학기술학회 (IF: 1.09)"
545,2022,공학 일반,421373972,홍성조,2,0.0,"[환지방식 도시개발사업의 시행자 유형에 따른 기반시설 공급 차이 : 공공시행자와 민간시행자의 차이를 중심으로]
   └ 학회: 한국산학기술학회 (IF: 1.09)
--------------------------------
[1인가구 밀집지역 상권의 식료품 매출액 변화: 온라인 식료품 쇼핑 활성화 시기를 중심으로(2015~2019)]
   └ 학회: 한국산학기술학회 (IF: 1.09)"
546,2022,공학 일반,1578410,홍석무,2,0.0,"[유한요소해석을 활용한 차량용 휴대폰 거치대 파라미터 스터디]
   └ 학회: 한국산학기술학회 (IF: 1.09)
--------------------------------
[친환경 자동차용 고강도 알루미늄 신소재(Almag6) 성형성 평가]
   └ 학회: 한국산학기술학회 (IF: 1.09)"
547,2022,공학 일반,153671905,예상돈,2,0.0,"[휴대폰용 폴리카보네이트 박육 성형품의 수축률 예측 정확도 향상에 관한 연구]
   └ 학회: 한국산학기술학회 (IF: 1.09)
--------------------------------
[휴대폰 중간면의 인서트 사출성형공정에 관한 연구]
   └ 학회: 한국산학기술학회 (IF: 1.09)"
548,2022,공학 일반,154244075,김병곤,2,0.0,"[휴대폰용 폴리카보네이트 박육 성형품의 수축률 예측 정확도 향상에 관한 연구]
   └ 학회: 한국산학기술학회 (IF: 1.09)
--------------------------------
[휴대폰 중간면의 인서트 사출성형공정에 관한 연구]
   └ 학회: 한국산학기술학회 (IF: 1.09)"
549,2022,공학 일반,919077316,민병현,2,0.0,"[휴대폰용 폴리카보네이트 박육 성형품의 수축률 예측 정확도 향상에 관한 연구]
   └ 학회: 한국산학기술학회 (IF: 1.09)
--------------------------------
[휴대폰 중간면의 인서트 사출성형공정에 관한 연구]
   └ 학회: 한국산학기술학회 (IF: 1.09)"
550,2022,공학 일반,370514554,이수형,2,0.0,"[페로니켈 슬래그를 사용한 밀입도 아스팔트 혼합물 특성평가]
   └ 학회: 한국산학기술학회 (IF: 1.09)
--------------------------------
[모바일 어플리케이션을 이용한 차선의 시인성 분석 연구]
   └ 학회: 한국산학기술학회 (IF: 1.09)"
551,2022,공학 일반,916279924,박준철,2,0.0,"[동종 조혈모세포 이식에서 생착 및 재발 판정을 위한 STR marker 검사의 유용성]
   └ 학회: 한국산학기술학회 (IF: 1.09)
--------------------------------
[뮐러관 기형에서 유산, 조산 및 자궁내막증의 발병 위험성]
   └ 학회: 한국산학기술학회 (IF: 1.09)"
552,2022,공학 일반,320211260,최효식,2,0.0,"[부모의 주관적 행복감, 부모-자녀 상호작용, 자녀의 자아존중감 간 관계에 대한 종단연구: APIM 모형의 적용]
   └ 학회: 한국산학기술학회 (IF: 1.09)
--------------------------------
[청소년, 부모, 친구의 게임 인식에 대한 잠재프로파일 분석: 게임 과몰입, 행동문제 차이를 중심으로]
   └ 학회: 한국산학기술학회 (IF: 1.09)"
553,2022,공학 일반,740874160,연은모,2,0.0,"[부모의 주관적 행복감, 부모-자녀 상호작용, 자녀의 자아존중감 간 관계에 대한 종단연구: APIM 모형의 적용]
   └ 학회: 한국산학기술학회 (IF: 1.09)
--------------------------------
[청소년, 부모, 친구의 게임 인식에 대한 잠재프로파일 분석: 게임 과몰입, 행동문제 차이를 중심으로]
   └ 학회: 한국산학기술학회 (IF: 1.09)"
554,2022,공학 일반,886577341,김영진,2,0.0,"[승강기 사고사례 중 이용자 과실 분석을 통한 사고예방을 위한 안전관리 대책 연구]
   └ 학회: 한국산학기술학회 (IF: 1.09)
--------------------------------
[BLE 기반의 모바일 기기간 다중 순차 접속 방법 연구]
   └ 학회: 한국산학기술학회 (IF: 1.09)"
555,2022,공학 일반,144247593,최성문,2,0.0,"[PSCAD/EMTDC를 이용한 ±35kV급 MVDC 실증 배전망의 모델링 및 사고특성에 관한 연구]
   └ 학회: 한국산학기술학회 (IF: 1.09)
--------------------------------
[소규모 제로에너지빌딩의 피크 수요관리용 EMS 운용 알고리즘에 관한 연구]
   └ 학회: 한국산학기술학회 (IF: 1.09)"
556,2022,공학 일반,736472708,강양훈,2,0.0,"[신체안정화운동 후 고등학교 핸드볼, 축구, 배구 구기종목 운동선수들의 유연성과 평형성 향상 비교]
   └ 학회: 한국산학기술학회 (IF: 1.09)
--------------------------------
[고등학교 구기종목 운동선수들의 와이밸런스 평가 수치에 의한 유연성 및 평형성 차이 비교 및 평가 부위와 다리 길이와의 상관관계]
   └ 학회: 한국산학기술학회 (IF: 1.09)"
557,2022,공학 일반,433554502,김철승,2,0.0,"[신체안정화운동 후 고등학교 핸드볼, 축구, 배구 구기종목 운동선수들의 유연성과 평형성 향상 비교]
   └ 학회: 한국산학기술학회 (IF: 1.09)
--------------------------------
[고등학교 구기종목 운동선수들의 와이밸런스 평가 수치에 의한 유연성 및 평형성 차이 비교 및 평가 부위와 다리 길이와의 상관관계]
   └ 학회: 한국산학기술학회 (IF: 1.09)"
558,2022,공학 일반,272249671,김명선,2,0.0,"[1930년대 지방행정관청사의 비정기적 건축인가 및 예산배부]
   └ 학회: 한국산학기술학회 (IF: 1.09)
--------------------------------
[경성제국대학 예과 캠퍼스 배치의 변화과정]
   └ 학회: 한국산학기술학회 (IF: 1.09)"
559,2022,공학 일반,198951441,황지환,2,0.0,"[Yagi-Uda 안테나를 이용한 무인표적기 통신 끊김 현상의 트러블 슈팅]
   └ 학회: 한국산학기술학회 (IF: 1.09)
--------------------------------
[앙상블 학습 기반의 동시조달수리부속 예측모형 연구]
   └ 학회: 한국산학기술학회 (IF: 1.09)"
560,2022,공학 일반,161690610,장준호,2,0.0,"[아역청탄의 자연 발화 측정 방법]
   └ 학회: 한국산학기술학회 (IF: 1.09)
--------------------------------
[유동층에서 유기성 오니의 마모 특성]
   └ 학회: 한국산학기술학회 (IF: 1.09)"
561,2022,공학 일반,901480444,서원태,2,0.0,"[아역청탄의 자연 발화 측정 방법]
   └ 학회: 한국산학기술학회 (IF: 1.09)
--------------------------------
[유동층에서 유기성 오니의 마모 특성]
   └ 학회: 한국산학기술학회 (IF: 1.09)"
562,2022,공학 일반,5096638,장윤영,2,0.0,"[아역청탄의 자연 발화 측정 방법]
   └ 학회: 한국산학기술학회 (IF: 1.09)
--------------------------------
[유동층에서 유기성 오니의 마모 특성]
   └ 학회: 한국산학기술학회 (IF: 1.09)"
563,2022,공학 일반,161005192,장현태,2,0.0,"[아역청탄의 자연 발화 측정 방법]
   └ 학회: 한국산학기술학회 (IF: 1.09)
--------------------------------
[유동층에서 유기성 오니의 마모 특성]
   └ 학회: 한국산학기술학회 (IF: 1.09)"
564,2022,공학 일반,825586838,김영임,2,0.0,"[치과위생사의 직무배태성이 치위생 업무성과에 미치는 영향]
   └ 학회: 한국산학기술학회 (IF: 1.09)
--------------------------------
[한국산학기술학회 논문지에 게재된 치위생학 관련 연구동향 분석]
   └ 학회: 한국산학기술학회 (IF: 1.09)"
565,2022,공학 일반,837467806,정용대,2,0.0,"[Effects of Fermented Milk Supplements on the Growth Performance and Gut Conditions in Piglets during the Pre-and Post-Weaning Periods]
   └ 학회: 한국산학기술학회 (IF: 1.09)
--------------------------------
[우리흑돈 성장단계별 및 우리흑돈과 삼원교잡돈 도체특성 비교]
   └ 학회: 한국산학기술학회 (IF: 1.09)"
566,2022,공학 일반,781586101,최요한,2,0.0,"[Effects of Fermented Milk Supplements on the Growth Performance and Gut Conditions in Piglets during the Pre-and Post-Weaning Periods]
   └ 학회: 한국산학기술학회 (IF: 1.09)
--------------------------------
[우리흑돈 성장단계별 및 우리흑돈과 삼원교잡돈 도체특성 비교]
   └ 학회: 한국산학기술학회 (IF: 1.09)"
567,2022,공학 일반,851240793,민예진,2,0.0,"[Effects of Fermented Milk Supplements on the Growth Performance and Gut Conditions in Piglets during the Pre-and Post-Weaning Periods]
   └ 학회: 한국산학기술학회 (IF: 1.09)
--------------------------------
[우리흑돈 성장단계별 및 우리흑돈과 삼원교잡돈 도체특성 비교]
   └ 학회: 한국산학기술학회 (IF: 1.09)"
568,2022,공학 일반,979603087,김두완,2,0.0,"[Effects of Fermented Milk Supplements on the Growth Performance and Gut Conditions in Piglets during the Pre-and Post-Weaning Periods]
   └ 학회: 한국산학기술학회 (IF: 1.09)
--------------------------------
[우리흑돈 성장단계별 및 우리흑돈과 삼원교잡돈 도체특성 비교]
   └ 학회: 한국산학기술학회 (IF: 1.09)"
569,2022,공학 일반,769605894,사수진,2,0.0,"[Effects of Fermented Milk Supplements on the Growth Performance and Gut Conditions in Piglets during the Pre-and Post-Weaning Periods]
   └ 학회: 한국산학기술학회 (IF: 1.09)
--------------------------------
[우리흑돈 성장단계별 및 우리흑돈과 삼원교잡돈 도체특성 비교]
   └ 학회: 한국산학기술학회 (IF: 1.09)"
570,2022,공학 일반,525290425,진현주,2,0.0,"[Effects of Fermented Milk Supplements on the Growth Performance and Gut Conditions in Piglets during the Pre-and Post-Weaning Periods]
   └ 학회: 한국산학기술학회 (IF: 1.09)
--------------------------------
[우리흑돈 성장단계별 및 우리흑돈과 삼원교잡돈 도체특성 비교]
   └ 학회: 한국산학기술학회 (IF: 1.09)"
571,2022,공학 일반,5223806,한승욱,2,0.0,"[일본 역세권 복합개발형 도시재생사업의 특성과 정책적 시사점에 관한 연구]
   └ 학회: 한국산학기술학회 (IF: 1.09)
--------------------------------
[제도적 요인 분석을 통한 도시재생사업의 민간투자 활성화 방안]
   └ 학회: 한국산학기술학회 (IF: 1.09)"
572,2022,공학 일반,331458581,최강혁,2,0.0,"[도로 및 교통정보 관측 드론 운용을 위한 프로토타입 시뮬레이터 개발]
   └ 학회: 한국산학기술학회 (IF: 1.09)
--------------------------------
[드론 영상을 이용한 3차원 도로정보 추출 및 갱신 프레임워크]
   └ 학회: 한국산학기술학회 (IF: 1.09)"
573,2022,공학 일반,893572738,최경환,2,0.0,"[선·화주 상생협력에 관한 인식조사와 발전 방향 연구]
   └ 학회: 한국산학기술학회 (IF: 1.09)
--------------------------------
[군 급식의 경제적 파급효과 분석: 산업연관분석을 중심으로]
   └ 학회: 한국산학기술학회 (IF: 1.09)"
574,2022,공학 일반,531864564,김창수,2,0.0,"[중대재해처벌법 시행에 따른 안전보건경영시스템 효율적인 운영방안]
   └ 학회: 한국산학기술학회 (IF: 1.09)
--------------------------------
[진공 및 단열재를 적용한 열전지의 단열 및 작동시간에 대한 연구]
   └ 학회: 한국산학기술학회 (IF: 1.09)"
575,2022,공학 일반,268915678,박성영,2,0.0,"[중대재해처벌법 시행에 따른 안전보건경영시스템 효율적인 운영방안]
   └ 학회: 한국산학기술학회 (IF: 1.09)
--------------------------------
[진공 및 단열재를 적용한 열전지의 단열 및 작동시간에 대한 연구]
   └ 학회: 한국산학기술학회 (IF: 1.09)"
576,2022,공학 일반,824717314,조규선,2,0.0,"[최하사점을 고려한 안전대 고정점 선정에 대한 연구]
   └ 학회: 한국산학기술학회 (IF: 1.09)
--------------------------------
[화학물질관리법 내 사고대비물질 호흡보호구 선정기준 개선을 위한 연구]
   └ 학회: 한국산학기술학회 (IF: 1.09)"
577,2022,공학 일반,829462480,박종호,2,0.0,"[코로나19상황에서 당뇨병 치료율의 지역 간 변이요인 분석]
   └ 학회: 한국산학기술학회 (IF: 1.09)
--------------------------------
[비수도권 거주 입원환자의 서울 · 경기지역 의료이용에 영향을 미치는 요인]
   └ 학회: 한국산학기술학회 (IF: 1.09)"
578,2022,공학 일반,252669360,유승현,2,0.0,"[국방강소벤처 Tech-Fi Net을 활용한 국방특허기술 민간이전 활성화 방안 연구]
   └ 학회: 한국산학기술학회 (IF: 1.09)
--------------------------------
[DTiMS 기반 국방연구개발 인력정보 관리방안 연구]
   └ 학회: 한국산학기술학회 (IF: 1.09)"
579,2022,공학 일반,924999298,신동관,2,0.0,"[국산 밀 건조를 위한 평형함수율 예측 모델 연구]
   └ 학회: 한국산학기술학회 (IF: 1.09)
--------------------------------
[국산 밀 건조를 위한 건조 조건별 발아율 예측 모델 개발]
   └ 학회: 한국산학기술학회 (IF: 1.09)"
580,2022,공학 일반,308858271,김훈,2,0.0,"[국산 밀 건조를 위한 평형함수율 예측 모델 연구]
   └ 학회: 한국산학기술학회 (IF: 1.09)
--------------------------------
[국산 밀 건조를 위한 건조 조건별 발아율 예측 모델 개발]
   └ 학회: 한국산학기술학회 (IF: 1.09)"
581,2022,공학 일반,557811054,한재웅,2,0.0,"[국산 밀 건조를 위한 평형함수율 예측 모델 연구]
   └ 학회: 한국산학기술학회 (IF: 1.09)
--------------------------------
[국산 밀 건조를 위한 건조 조건별 발아율 예측 모델 개발]
   └ 학회: 한국산학기술학회 (IF: 1.09)"
582,2022,공학 일반,984759253,김문국,2,0.0,"[극초음속미사일 위협 감소를 위한 대응 전략]
   └ 학회: 한국산학기술학회 (IF: 1.09)
--------------------------------
[차세대 회전익 항공기 기술동향 분석을 통한 발전방안 연구]
   └ 학회: 한국산학기술학회 (IF: 1.09)"
583,2022,공학 일반,587065468,박준태,2,0.0,"[이륜차 관제기술 도입 및 행태분석을 위한 실증 연구]
   └ 학회: 한국산학기술학회 (IF: 1.09)
--------------------------------
[탐방객 및 탐방로 특성에 따른 통행속도 보정계수 산정 및 탐방로 용량 추정 기초 연구]
   └ 학회: 한국산학기술학회 (IF: 1.09)"
584,2022,공학 일반,765156605,정현섭,2,0.0,"[차기상륙함(LST-II) 65톤 함수크레인 슬립 현상 개선 방안 연구]
   └ 학회: 한국산학기술학회 (IF: 1.09)
--------------------------------
[훈련함 실습용 항해레이더 허상반사 개선방안 연구]
   └ 학회: 한국산학기술학회 (IF: 1.09)"
585,2022,공학 일반,822176108,김연철,2,0.0,"[화학 개질에 따른 PP/CNF 슬러리 복합체의 물성 연구]
   └ 학회: 한국산학기술학회 (IF: 1.09)
--------------------------------
[PET 필름 표면처리 및 바인더 적용에 따른 전도성 페이스트/PET 필름의 접착특성 연구]
   └ 학회: 한국산학기술학회 (IF: 1.09)"
586,2022,공학 일반,883076593,김영길,2,0.0,"[상태기반정비를 활용한 레이더 도파관 결로 · 결빙 예방에 관한 연구]
   └ 학회: 한국산학기술학회 (IF: 1.09)
--------------------------------
[무기체계 성능개량사업 SW 신뢰성 시험 효율적 검증 방안 연구]
   └ 학회: 한국산학기술학회 (IF: 1.09)"
587,2022,공학 일반,242466773,손민정,2,0.0,"[상태기반정비를 활용한 레이더 도파관 결로 · 결빙 예방에 관한 연구]
   └ 학회: 한국산학기술학회 (IF: 1.09)
--------------------------------
[무기체계 성능개량사업 SW 신뢰성 시험 효율적 검증 방안 연구]
   └ 학회: 한국산학기술학회 (IF: 1.09)"
588,2022,공학 일반,994116194,노시찬,2,0.0,"[상태기반정비를 활용한 레이더 도파관 결로 · 결빙 예방에 관한 연구]
   └ 학회: 한국산학기술학회 (IF: 1.09)
--------------------------------
[무기체계 성능개량사업 SW 신뢰성 시험 효율적 검증 방안 연구]
   └ 학회: 한국산학기술학회 (IF: 1.09)"
589,2022,공학 일반,548401039,김밝금,2,0.0,"[이탈리안 라이그라스(IRG) 건조기 개발 및 건조 성능 비교]
   └ 학회: 한국산학기술학회 (IF: 1.09)
--------------------------------
[가시광-근적외선 대역의 초분광 영상 분석을 통한 불량 누에고치 판별 모델 개발]
   └ 학회: 한국산학기술학회 (IF: 1.09)"
590,2022,공학 일반,383746600,이아영,2,0.0,"[이탈리안 라이그라스(IRG) 건조기 개발 및 건조 성능 비교]
   └ 학회: 한국산학기술학회 (IF: 1.09)
--------------------------------
[가시광-근적외선 대역의 초분광 영상 분석을 통한 불량 누에고치 판별 모델 개발]
   └ 학회: 한국산학기술학회 (IF: 1.09)"
591,2022,공학 일반,844358987,김기영,2,0.0,"[이탈리안 라이그라스(IRG) 건조기 개발 및 건조 성능 비교]
   └ 학회: 한국산학기술학회 (IF: 1.09)
--------------------------------
[가시광-근적외선 대역의 초분광 영상 분석을 통한 불량 누에고치 판별 모델 개발]
   └ 학회: 한국산학기술학회 (IF: 1.09)"
592,2022,공학 일반,5114989,배지훈,2,0.0,"[인공 위성 탑재 소프트웨어의 소프트 에러 고장 주입시험]
   └ 학회: 한국산학기술학회 (IF: 1.09)
--------------------------------
[인공위성 탑재 소프트웨어의 결함 주입시험 도구 개발]
   └ 학회: 한국산학기술학회 (IF: 1.09)"
593,2022,공학 일반,250254945,김형신,2,0.0,"[인공 위성 탑재 소프트웨어의 소프트 에러 고장 주입시험]
   └ 학회: 한국산학기술학회 (IF: 1.09)
--------------------------------
[인공위성 탑재 소프트웨어의 결함 주입시험 도구 개발]
   └ 학회: 한국산학기술학회 (IF: 1.09)"
594,2022,공학 일반,677795779,장호성,2,0.0,"[잠수함 실내공기질 계측 실험 결과 분석 및 연구]
   └ 학회: 한국산학기술학회 (IF: 1.09)
--------------------------------
[희생양극을 적용한 잠수함 선체 부식 방지 연구]
   └ 학회: 한국산학기술학회 (IF: 1.09)"
595,2022,공학 일반,722991834,김준수,2,0.0,"[탐색레이더 반도체송수신 조립체 신뢰성 개선방안 연구]
   └ 학회: 한국산학기술학회 (IF: 1.09)
--------------------------------
[선진국 국방 표준 동향 분석을 통한 국방규격 적합성 검토업무 발전 방안 연구]
   └ 학회: 한국산학기술학회 (IF: 1.09)"
596,2022,공학 일반,934471085,박슬기,2,0.0,"[능동 소자 패턴을 고려한 위상배열 안테나의 빔조향 효율 최적화]
   └ 학회: 한국산학기술학회 (IF: 1.09)
--------------------------------
[전자전용 광대역 위상배열 고출력 송신장치 설계 및 제작]
   └ 학회: 한국산학기술학회 (IF: 1.09)"
597,2022,공학 일반,650828123,이철수,2,0.0,"[능동 소자 패턴을 고려한 위상배열 안테나의 빔조향 효율 최적화]
   └ 학회: 한국산학기술학회 (IF: 1.09)
--------------------------------
[전자전용 광대역 위상배열 고출력 송신장치 설계 및 제작]
   └ 학회: 한국산학기술학회 (IF: 1.09)"
598,2022,공학 일반,140235065,서석원,2,0.0,"[부모의 행복감이 유아의 사회적 유능성을 매개로 유아의 내재화 문제행동에 미치는 영향]
   └ 학회: 한국산학기술학회 (IF: 1.09)
--------------------------------
[부모의 양육행동과 양육스트레스 유아의 ADHD 성향에 미치는 영향]
   └ 학회: 한국산학기술학회 (IF: 1.09)"
599,2022,공학 일반,372985586,김은엽,2,0.0,"[COVID-19 이후 일상 변화에 대한 성인의 인식]
   └ 학회: 한국산학기술학회 (IF: 1.09)
--------------------------------
[스마트폰 의존 정도와 개인위생 손 씻기 행동과 알레르기 질환 발생 위험도]
   └ 학회: 한국산학기술학회 (IF: 1.09)"
600,2022,공학 일반,845962889,김재영,2,0.0,"[COVID-19 이후 일상 변화에 대한 성인의 인식]
   └ 학회: 한국산학기술학회 (IF: 1.09)
--------------------------------
[스마트폰 의존 정도와 개인위생 손 씻기 행동과 알레르기 질환 발생 위험도]
   └ 학회: 한국산학기술학회 (IF: 1.09)"
601,2022,공학 일반,1932614,김재동,2,0.0,"[앙상블 학습 기반의 동시조달수리부속 예측모형 연구]
   └ 학회: 한국산학기술학회 (IF: 1.09)
--------------------------------
[한미동맹의 인도·태평양 해양안보 파트너십 강화 필요성 연구]
   └ 학회: 한국산학기술학회 (IF: 1.09)"
602,2022,공학 일반,835652222,윤충한,2,0.0,"[전기자동차와 충전소 간의 긍정적 피드백 네트워크 효과]
   └ 학회: 한국산학기술학회 (IF: 1.09)
--------------------------------
[도서발행의 가격탄력성과 도서정가제의 경제적 효과]
   └ 학회: 한국산학기술학회 (IF: 1.09)"
603,2022,공학 일반,324410462,최민제,2,0.0,"[화학물질관리법 내 사고대비물질 호흡보호구 선정기준 개선을 위한 연구]
   └ 학회: 한국산학기술학회 (IF: 1.09)
--------------------------------
[화학플랜트 관리감독자의 안전리더십과 사고예방의 관계에서 안전문화의 매개효과 분석]
   └ 학회: 한국산학기술학회 (IF: 1.09)"
604,2022,공학 일반,161083300,이연주,2,0.0,"[체육시설 주변 주거지 빛공해 특성에 따른 저감방안 연구]
   └ 학회: 한국산학기술학회 (IF: 1.09)
--------------------------------
[건설기계 로더 소음도 현황 및 분석]
   └ 학회: 한국산학기술학회 (IF: 1.09)"
605,2022,공학 일반,688892981,박형규,2,0.0,"[체육시설 주변 주거지 빛공해 특성에 따른 저감방안 연구]
   └ 학회: 한국산학기술학회 (IF: 1.09)
--------------------------------
[건설기계 로더 소음도 현황 및 분석]
   └ 학회: 한국산학기술학회 (IF: 1.09)"
606,2022,공학 일반,660528229,구진회,2,0.0,"[체육시설 주변 주거지 빛공해 특성에 따른 저감방안 연구]
   └ 학회: 한국산학기술학회 (IF: 1.09)
--------------------------------
[건설기계 로더 소음도 현황 및 분석]
   └ 학회: 한국산학기술학회 (IF: 1.09)"
607,2022,공학 일반,942972776,윤영수,1,0.0,"[공학설계 최적화 문제 해결을 위한 GA-VNS-HC 접근법]
   └ 학회: 한국산업정보학회 (IF: 1.12)"
608,2022,공학 일반,195600795,우제혁,1,0.0,"[한글 정형화 방법에 기반한 상품평 감성분석의 제품 개발 적용 방법 연구]
   └ 학회: 한국산업정보학회 (IF: 1.12)"
609,2022,공학 일반,131881469,정민규,1,0.0,"[한글 정형화 방법에 기반한 상품평 감성분석의 제품 개발 적용 방법 연구]
   └ 학회: 한국산업정보학회 (IF: 1.12)"
610,2022,공학 일반,890977016,이재현,1,0.0,"[한글 정형화 방법에 기반한 상품평 감성분석의 제품 개발 적용 방법 연구]
   └ 학회: 한국산업정보학회 (IF: 1.12)"
611,2022,공학 일반,975981955,서효원,1,0.0,"[한글 정형화 방법에 기반한 상품평 감성분석의 제품 개발 적용 방법 연구]
   └ 학회: 한국산업정보학회 (IF: 1.12)"
612,2022,공학 일반,750496414,이경환,1,0.0,"[ESG 경영의 정당성 확보와 기부금 지출 수준의 관계 : 가족임원의 조절효과]
   └ 학회: 한국산업정보학회 (IF: 1.12)"
613,2022,공학 일반,764215716,서정일,1,0.0,"[ESG 경영의 정당성 확보와 기부금 지출 수준의 관계 : 가족임원의 조절효과]
   └ 학회: 한국산업정보학회 (IF: 1.12)"
614,2022,공학 일반,907631561,남윤성,1,0.0,"[ESG 경영의 정당성 확보와 기부금 지출 수준의 관계 : 가족임원의 조절효과]
   └ 학회: 한국산업정보학회 (IF: 1.12)"
615,2022,공학 일반,105895800,김효정,1,0.0,"[중소벤처기업의 R&D 역량이 기업성과에 미치는 영향: 제조역량, 비즈니스모델 이해도의 조절효과를중심으로]
   └ 학회: 한국산업정보학회 (IF: 1.12)"
616,2022,공학 일반,791320166,최원용,1,0.0,"[중소벤처기업의 R&D 역량이 기업성과에 미치는 영향: 제조역량, 비즈니스모델 이해도의 조절효과를중심으로]
   └ 학회: 한국산업정보학회 (IF: 1.12)"
617,2022,공학 일반,753558318,진희수,1,0.0,"[디지털전환 기반의 숙박예약 서비스 경쟁우위전략: 사례연구]
   └ 학회: 한국산업정보학회 (IF: 1.12)"
618,2022,공학 일반,167828700,이동원,1,0.0,"[디지털전환 기반의 숙박예약 서비스 경쟁우위전략: 사례연구]
   └ 학회: 한국산업정보학회 (IF: 1.12)"
619,2022,공학 일반,952549405,구광주,1,0.0,"[CEO의 내부성이 혁신 성과에 미치는 영향]
   └ 학회: 한국산업정보학회 (IF: 1.12)"
620,2022,공학 일반,415275875,이동현,1,0.0,"[CEO의 내부성이 혁신 성과에 미치는 영향]
   └ 학회: 한국산업정보학회 (IF: 1.12)"
621,2022,공학 일반,534229654,이성희,1,0.0,"[중소 물류기업의 안전 환경이 안전 행동에 미치는 영향]
   └ 학회: 한국산업정보학회 (IF: 1.12)"
622,2022,공학 일반,949236555,박진수,1,0.0,"[중소 물류기업의 안전 환경이 안전 행동에 미치는 영향]
   └ 학회: 한국산업정보학회 (IF: 1.12)"
623,2022,공학 일반,750433957,유재관,1,0.0,"[파일 은닉을 통한 파일 대상 공격 방어 기법]
   └ 학회: 한국산업정보학회 (IF: 1.12)"
624,2022,공학 일반,645372275,이동석,1,0.0,"[깊이 영상의 이차 곡면 모델링을 통한 화면 내 예측 방법]
   └ 학회: 한국산업정보학회 (IF: 1.12)"
625,2022,공학 일반,599700082,권순각,1,0.0,"[깊이 영상의 이차 곡면 모델링을 통한 화면 내 예측 방법]
   └ 학회: 한국산업정보학회 (IF: 1.12)"
626,2022,공학 일반,474775709,이정석,1,0.0,"[유니버설 단축키 점자시스템 개발]
   └ 학회: 한국산업정보학회 (IF: 1.12)"
627,2022,공학 일반,364607132,문병현,1,0.0,"[유니버설 단축키 점자시스템 개발]
   └ 학회: 한국산업정보학회 (IF: 1.12)"
628,2022,공학 일반,505977619,윤동관,1,0.0,"[플렉스 센서와 메카넘 휠을 사용한 이동식 원격 작업보조 로봇]
   └ 학회: 한국산업정보학회 (IF: 1.12)"
629,2022,공학 일반,226518762,박철영,1,0.0,"[플렉스 센서와 메카넘 휠을 사용한 이동식 원격 작업보조 로봇]
   └ 학회: 한국산업정보학회 (IF: 1.12)"
630,2022,공학 일반,538860491,MooGone Seol,1,0.0,"[Hedonic consumption and consumer’s choice under the windfall gains]
   └ 학회: 한국산업정보학회 (IF: 1.12)"
631,2022,공학 일반,960671773,편제범,1,0.0,"[공공영역의 서비스 품질 유지 및 수준 향상을 위한 실행 방안에 관한 연구]
   └ 학회: 한국산업정보학회 (IF: 1.12)"
632,2022,공학 일반,140593887,김나랑,1,0.0,"[Zoom을 이용한 실시간 비대면 수업에서 몰입과 학습성과에 미치는 요인에 관한 실증연구]
   └ 학회: 한국산업정보학회 (IF: 1.12)"
633,2022,공학 일반,917540226,김미숙,1,0.0,"[중고거래 앱(App) 사용자의 지각된 유용성 및 지속적 사용의도에 미치는 영향요인에 관한 연구: 소비가치와 보호동기이론을 중심으로]
   └ 학회: 한국산업정보학회 (IF: 1.12)"
634,2022,공학 일반,854012606,하태석,1,0.0,"[웹 문서상의 공간 텍스트 위치 맵핑과 질의 기법]
   └ 학회: 한국산업정보학회 (IF: 1.12)"
635,2022,공학 일반,425401696,김진수,1,0.0,"[칼라 QR코드의 패턴 종류에 따른 인식 성능 비교]
   └ 학회: 한국산업정보학회 (IF: 1.12)"
636,2022,공학 일반,391335832,안도현,1,0.0,"[이끼를 활용한 공기정화 시스템 개발 및 이끼별 공기정화 능력 평가]
   └ 학회: 한국산업정보학회 (IF: 1.12)"
637,2022,공학 일반,447326104,최현우,1,0.0,"[이끼를 활용한 공기정화 시스템 개발 및 이끼별 공기정화 능력 평가]
   └ 학회: 한국산업정보학회 (IF: 1.12)"
638,2022,공학 일반,167108562,이종민,1,0.0,"[이끼를 활용한 공기정화 시스템 개발 및 이끼별 공기정화 능력 평가]
   └ 학회: 한국산업정보학회 (IF: 1.12)"
639,2022,공학 일반,493963190,허성필,1,0.0,"[이끼를 활용한 공기정화 시스템 개발 및 이끼별 공기정화 능력 평가]
   └ 학회: 한국산업정보학회 (IF: 1.12)"
640,2022,공학 일반,399515058,김중한,1,0.0,"[정보시스템 성공에 대한 개발자 가치구조에 관한 연구]
   └ 학회: 한국산업정보학회 (IF: 1.12)"
641,2022,공학 일반,988161739,성기욱,1,0.0,"[기술혁신형 중소기업의 조직요인이 경영성과에 미치는 영향: 흡수역량의 매개효과를 중심으로]
   └ 학회: 한국산업정보학회 (IF: 1.12)"
642,2022,공학 일반,946682902,엄기용,1,0.0,"[기술혁신형 중소기업의 조직요인이 경영성과에 미치는 영향: 흡수역량의 매개효과를 중심으로]
   └ 학회: 한국산업정보학회 (IF: 1.12)"
643,2022,공학 일반,649141907,오주연,1,0.0,"[소셜 네트워크 분석을 활용한 코로나19 대응 협력 네트워크에 관한 연구]
   └ 학회: 한국산업정보학회 (IF: 1.12)"
644,2022,공학 일반,332476318,김진재,1,0.0,"[소셜 네트워크 분석을 활용한 코로나19 대응 협력 네트워크에 관한 연구]
   └ 학회: 한국산업정보학회 (IF: 1.12)"
645,2022,공학 일반,972946579,이태호,1,0.0,"[소셜 네트워크 분석을 활용한 코로나19 대응 협력 네트워크에 관한 연구]
   └ 학회: 한국산업정보학회 (IF: 1.12)"
646,2022,공학 일반,811794609,서우종,1,0.0,"[소셜 네트워크 분석을 활용한 코로나19 대응 협력 네트워크에 관한 연구]
   └ 학회: 한국산업정보학회 (IF: 1.12)"
647,2022,공학 일반,176931192,임영수,1,0.0,"[개방형 및 비개방형 리더십과 마케팅역량이 기업성과에 미치는 영향: 소상공기업의 비대면서비스사용성을 중심으로]
   └ 학회: 한국산업정보학회 (IF: 1.12)"
648,2022,공학 일반,331956651,이정은,1,0.0,"[기업의 경영환경요인이 관리회계시스템에 미치는 영향에 관한 연구: 중소기업을 대상으로]
   └ 학회: 한국산업정보학회 (IF: 1.12)"
649,2022,공학 일반,166855094,이찬호,1,0.0,"[기업의 경영환경요인이 관리회계시스템에 미치는 영향에 관한 연구: 중소기업을 대상으로]
   └ 학회: 한국산업정보학회 (IF: 1.12)"
650,2022,공학 일반,595498097,이기춘,1,0.0,"[다중 회귀 모델을 이용한 전주시 보행 환경 점수 예측에 관한 연구]
   └ 학회: 한국산업정보학회 (IF: 1.12)"
651,2022,공학 일반,849622091,김범중,1,0.0,"[신뢰도 신호를 갖는 RC 회로 기반 PUF 설계]
   └ 학회: 한국산업정보학회 (IF: 1.12)"
652,2022,공학 일반,105253946,장우현,1,0.0,"[신뢰도 신호를 갖는 RC 회로 기반 PUF 설계]
   └ 학회: 한국산업정보학회 (IF: 1.12)"
653,2022,공학 일반,657080557,박용수,1,0.0,"[IoT 센서노드 시스템을 위한 고출력 에너지 하베스팅 시스템]
   └ 학회: 한국산업정보학회 (IF: 1.12)"
654,2022,공학 일반,579847869,이정정,1,0.0,"[넷플릭스 이용자의 이용 의도와 몰입에 이르는 영향요인 연구]
   └ 학회: 한국산업정보학회 (IF: 1.12)"
655,2022,공학 일반,311820606,배승주,1,0.0,"[넷플릭스 이용자의 이용 의도와 몰입에 이르는 영향요인 연구]
   └ 학회: 한국산업정보학회 (IF: 1.12)"
656,2022,공학 일반,872250,이상호,1,0.0,"[넷플릭스 이용자의 이용 의도와 몰입에 이르는 영향요인 연구]
   └ 학회: 한국산업정보학회 (IF: 1.12)"
657,2022,공학 일반,841083418,정일선,1,0.0,"[음식물류 폐기물 자원화 시설 DEA모형을 활용한 경영성과 분석]
   └ 학회: 한국산업정보학회 (IF: 1.12)"
658,2022,공학 일반,270453911,김영균,1,0.0,"[음식물류 폐기물 자원화 시설 DEA모형을 활용한 경영성과 분석]
   └ 학회: 한국산업정보학회 (IF: 1.12)"
659,2022,공학 일반,338708015,박관재,1,0.0,"[공적개발원조(ODA)의 효과적인 의료기기 운영관리를 위한 교육훈련방안: 베트남을 중심으로]
   └ 학회: 한국산업정보학회 (IF: 1.12)"
660,2022,공학 일반,567779317,이돈희,1,0.0,"[공적개발원조(ODA)의 효과적인 의료기기 운영관리를 위한 교육훈련방안: 베트남을 중심으로]
   └ 학회: 한국산업정보학회 (IF: 1.12)"
661,2022,공학 일반,4221210,최승호,1,0.0,"[ANP 방법론을 이용한 블록체인 기술 기반 DID 플랫폼 구현 시 고려요소 - 양면시장 관점에서 -]
   └ 학회: 한국산업정보학회 (IF: 1.12)"
662,2022,공학 일반,498402999,윤대명,1,0.0,"[ANP 방법론을 이용한 블록체인 기술 기반 DID 플랫폼 구현 시 고려요소 - 양면시장 관점에서 -]
   └ 학회: 한국산업정보학회 (IF: 1.12)"
663,2022,공학 일반,809904751,유기현,1,0.0,"[크라우드 소싱 기반 딥러닝 선호 학습을 위한 쌍체 비교 셋 생성]
   └ 학회: 한국산업정보학회 (IF: 1.12)"
664,2022,공학 일반,956369855,이동기,1,0.0,"[크라우드 소싱 기반 딥러닝 선호 학습을 위한 쌍체 비교 셋 생성]
   └ 학회: 한국산업정보학회 (IF: 1.12)"
665,2022,공학 일반,428443731,정혁구,1,0.0,"[단일 반송파 변조를 위한 공간 주파수 블록 코드의 난수 부호 반전 기법]
   └ 학회: 한국산업정보학회 (IF: 1.12)"
666,2022,공학 일반,575699284,김근환,1,0.0,"[SHAPE 알고리즘을 이용한 사인파 주파수 변조 펄스의 상호간섭 억제]
   └ 학회: 한국산업정보학회 (IF: 1.12)"
667,2022,공학 일반,817066199,하윤수,1,0.0,"[Web 3.0 시대가 가져올 NFT 마케팅 사례에 관한 연구: 일본 「HARTi」 NFT Art를 중심으로]
   └ 학회: 한국산업정보학회 (IF: 1.12)"
668,2022,공학 일반,821402701,강성안,1,0.0,"[머신러닝 기반 생애주기별 고혈압 위험 요인 분석]
   └ 학회: 한국산업정보학회 (IF: 1.12)"
669,2022,공학 일반,304782369,유한나,1,0.0,"[사회적 기업가정신의 체계적 문헌연구: 경영학 분야를 중심으로]
   └ 학회: 한국산업정보학회 (IF: 1.12)"
670,2022,공학 일반,598691606,이수진,1,0.0,"[사회적 기업가정신의 체계적 문헌연구: 경영학 분야를 중심으로]
   └ 학회: 한국산업정보학회 (IF: 1.12)"
671,2022,공학 일반,527635284,김미라,1,0.0,"[의료서비스충성도에 대한 QR정보서비스의 효과]
   └ 학회: 한국산업정보학회 (IF: 1.12)"
672,2022,공학 일반,938268493,황윤용,1,0.0,"[의료서비스충성도에 대한 QR정보서비스의 효과]
   └ 학회: 한국산업정보학회 (IF: 1.12)"
673,2022,공학 일반,128807541,김정현,1,0.0,"[음원 내 보컬 주파수 대역 분석에 기반한 음향기기 추천시스템]
   └ 학회: 한국산업정보학회 (IF: 1.12)"
674,2022,공학 일반,112725742,석철민,1,0.0,"[음원 내 보컬 주파수 대역 분석에 기반한 음향기기 추천시스템]
   └ 학회: 한국산업정보학회 (IF: 1.12)"
675,2022,공학 일반,986430473,김민주,1,0.0,"[음원 내 보컬 주파수 대역 분석에 기반한 음향기기 추천시스템]
   └ 학회: 한국산업정보학회 (IF: 1.12)"
676,2022,공학 일반,836717083,조승아,1,0.0,"[비정형 패션 이미지 검색을 위한 MASK R-CNN 선형처리 기반 CNN 분류 학습모델 구현]
   └ 학회: 한국산업정보학회 (IF: 1.12)"
677,2022,공학 일반,355927090,이하영,1,0.0,"[비정형 패션 이미지 검색을 위한 MASK R-CNN 선형처리 기반 CNN 분류 학습모델 구현]
   └ 학회: 한국산업정보학회 (IF: 1.12)"
678,2022,공학 일반,148272005,장혜림,1,0.0,"[비정형 패션 이미지 검색을 위한 MASK R-CNN 선형처리 기반 CNN 분류 학습모델 구현]
   └ 학회: 한국산업정보학회 (IF: 1.12)"
679,2022,공학 일반,772803796,김규리,1,0.0,"[비정형 패션 이미지 검색을 위한 MASK R-CNN 선형처리 기반 CNN 분류 학습모델 구현]
   └ 학회: 한국산업정보학회 (IF: 1.12)"
680,2022,공학 일반,497086464,이현지,1,0.0,"[비정형 패션 이미지 검색을 위한 MASK R-CNN 선형처리 기반 CNN 분류 학습모델 구현]
   └ 학회: 한국산업정보학회 (IF: 1.12)"
681,2022,공학 일반,737189267,손봉기,1,0.0,"[비정형 패션 이미지 검색을 위한 MASK R-CNN 선형처리 기반 CNN 분류 학습모델 구현]
   └ 학회: 한국산업정보학회 (IF: 1.12)"
682,2022,공학 일반,252402093,이재호,1,0.0,"[비정형 패션 이미지 검색을 위한 MASK R-CNN 선형처리 기반 CNN 분류 학습모델 구현]
   └ 학회: 한국산업정보학회 (IF: 1.12)"
683,2022,공학 일반,810891959,오연상,1,0.0,"[Advanced Microcontroller Bus Architecture 기반의 MCU 설계 가이드라인]
   └ 학회: 한국산업정보학회 (IF: 1.12)"
684,2022,공학 일반,287339378,박지원,1,0.0,"[CAN 통신을 이용한 자동차 유지관리 지원 시스템]
   └ 학회: 한국산업정보학회 (IF: 1.12)"
685,2022,공학 일반,436944135,한승홍,1,0.0,"[CAN 통신을 이용한 자동차 유지관리 지원 시스템]
   └ 학회: 한국산업정보학회 (IF: 1.12)"
686,2022,공학 일반,981235688,박재현,1,0.0,"[CAN 통신을 이용한 자동차 유지관리 지원 시스템]
   └ 학회: 한국산업정보학회 (IF: 1.12)"
687,2022,공학 일반,929229398,하광림,1,0.0,"[교통과 지역의 특성에 따른 대설의 실시간 피해 위험도 분석 연구]
   └ 학회: 한국산업정보학회 (IF: 1.12)"
688,2022,공학 일반,494700289,정용철,1,0.0,"[교통과 지역의 특성에 따른 대설의 실시간 피해 위험도 분석 연구]
   └ 학회: 한국산업정보학회 (IF: 1.12)"
689,2022,공학 일반,691023527,유진영,1,0.0,"[교통과 지역의 특성에 따른 대설의 실시간 피해 위험도 분석 연구]
   └ 학회: 한국산업정보학회 (IF: 1.12)"
690,2022,공학 일반,807822360,이준희,1,0.0,"[교통과 지역의 특성에 따른 대설의 실시간 피해 위험도 분석 연구]
   └ 학회: 한국산업정보학회 (IF: 1.12)"
691,2022,공학 일반,505561198,유태선,1,0.0,"[벌크항만의 하역 최적화를 위한 정수계획모형]
   └ 학회: 한국산업정보학회 (IF: 1.12)"
692,2022,공학 일반,733237610,이유신,1,0.0,"[벌크항만의 하역 최적화를 위한 정수계획모형]
   └ 학회: 한국산업정보학회 (IF: 1.12)"
693,2022,공학 일반,708811812,박현곤,1,0.0,"[벌크항만의 하역 최적화를 위한 정수계획모형]
   └ 학회: 한국산업정보학회 (IF: 1.12)"
694,2022,공학 일반,5401211,김도희,1,0.0,"[벌크항만의 하역 최적화를 위한 정수계획모형]
   └ 학회: 한국산업정보학회 (IF: 1.12)"
695,2022,공학 일반,259856217,배혜림,1,0.0,"[벌크항만의 하역 최적화를 위한 정수계획모형]
   └ 학회: 한국산업정보학회 (IF: 1.12)"
696,2022,공학 일반,297756091,임혜정,1,0.0,"[제 4차 산업혁명 중심의 사물인터넷 지적 구조 시각화]
   └ 학회: 한국산업정보학회 (IF: 1.12)"
697,2022,공학 일반,874875722,서창교,1,0.0,"[제 4차 산업혁명 중심의 사물인터넷 지적 구조 시각화]
   └ 학회: 한국산업정보학회 (IF: 1.12)"
698,2022,공학 일반,723088596,전창덕,1,0.0,"[증발냉각방식 소형 응축기 실용화 연구]
   └ 학회: 한국산학기술학회 (IF: 1.09)"
699,2022,공학 일반,672160102,유호준,1,0.0,"[비디오모니터링을 활용한 봉포 해변의 파 처오름 연구]
   └ 학회: 한국산학기술학회 (IF: 1.09)"
700,2022,공학 일반,810135616,김효섭,1,0.0,"[비디오모니터링을 활용한 봉포 해변의 파 처오름 연구]
   └ 학회: 한국산학기술학회 (IF: 1.09)"
701,2022,공학 일반,818085649,오영민,1,0.0,"[비디오모니터링을 활용한 봉포 해변의 파 처오름 연구]
   └ 학회: 한국산학기술학회 (IF: 1.09)"
702,2022,공학 일반,524024292,황순미,1,0.0,"[비디오모니터링을 활용한 봉포 해변의 파 처오름 연구]
   └ 학회: 한국산학기술학회 (IF: 1.09)"
703,2022,공학 일반,960760287,장창환,1,0.0,"[비디오모니터링을 활용한 봉포 해변의 파 처오름 연구]
   └ 학회: 한국산학기술학회 (IF: 1.09)"
704,2022,공학 일반,813718293,여희주,1,0.0,"[리소스가 한정된 국지형 로봇들의 제어를 위한 네트워크 토폴러지 및 라우팅]
   └ 학회: 한국산학기술학회 (IF: 1.09)"
705,2022,공학 일반,266607222,조시현,1,0.0,"[130mm급 고체 추진기관의 장기 저장에 따른 내탄도 성능 분석]
   └ 학회: 한국산학기술학회 (IF: 1.09)"
706,2022,공학 일반,611278832,김진규,1,0.0,"[2018~2020년 기술사업화 지원사업의 운영성과에 영향을 미치는 결정요인 비교연구]
   └ 학회: 한국산학기술학회 (IF: 1.09)"
707,2022,공학 일반,527690388,김현기,1,0.0,"[3D프린터를 활용한 콘크리트 폼라이너 제작 및 응용: 캡스톤디자인 교육 사례 제안]
   └ 학회: 한국산학기술학회 (IF: 1.09)"
708,2022,공학 일반,918993781,유승운,1,0.0,"[3D프린터를 활용한 콘크리트 폼라이너 제작 및 응용: 캡스톤디자인 교육 사례 제안]
   └ 학회: 한국산학기술학회 (IF: 1.09)"
709,2022,공학 일반,641386325,배웅규,1,0.0,"[CFD 시뮬레이션을 통한 저층주거지 도시재생뉴딜사업 마중물사업의 시행에 따른 온도 및 미세먼지(PM2.5) 감소효과 분석 연구]
   └ 학회: 한국산학기술학회 (IF: 1.09)"
710,2022,공학 일반,319496989,박진철,1,0.0,"[CFD 시뮬레이션을 통한 저층주거지 도시재생뉴딜사업 마중물사업의 시행에 따른 온도 및 미세먼지(PM2.5) 감소효과 분석 연구]
   └ 학회: 한국산학기술학회 (IF: 1.09)"
711,2022,공학 일반,864971478,이철원,1,0.0,"[COVID-19 동안의 미국 의료기기 수요 예측과 FDA 510(K) 등록기간과의 연관성에 관한 연구]
   └ 학회: 한국산학기술학회 (IF: 1.09)"
712,2022,공학 일반,655586738,김성민,1,0.0,"[COVID-19 동안의 미국 의료기기 수요 예측과 FDA 510(K) 등록기간과의 연관성에 관한 연구]
   └ 학회: 한국산학기술학회 (IF: 1.09)"
713,2022,공학 일반,205691197,우재현,1,0.0,"[COVID-19 동안의 미국 의료기기 수요 예측과 FDA 510(K) 등록기간과의 연관성에 관한 연구]
   └ 학회: 한국산학기술학회 (IF: 1.09)"
714,2022,공학 일반,454968229,이중원,1,0.0,"[건식조립벽체용 인터락킹 콘크리트 벽돌의 강도특성 연구]
   └ 학회: 한국산학기술학회 (IF: 1.09)"
715,2022,공학 일반,764291948,김현종,1,0.0,"[고대 동양사상에 있어서의 음악론에 관한 비교연구 - 『예기』 중 「악기」와 「성무애락론」을 중심으로 -]
   └ 학회: 한국산학기술학회 (IF: 1.09)"
716,2022,공학 일반,907886758,추용대,1,0.0,"[고소 작업 시간 단축 및 고소 작업자 안전성을 확보한 매립형 앵커 및 배관 지지대에 관한 연구]
   └ 학회: 한국산학기술학회 (IF: 1.09)"
717,2022,공학 일반,566705767,이재민,1,0.0,"[고소 작업 시간 단축 및 고소 작업자 안전성을 확보한 매립형 앵커 및 배관 지지대에 관한 연구]
   └ 학회: 한국산학기술학회 (IF: 1.09)"
718,2022,공학 일반,983890393,이상욱,1,0.0,"[공적자본 지배 은행의 대출 행태]
   └ 학회: 한국산학기술학회 (IF: 1.09)"
719,2022,공학 일반,850943646,정주성,1,0.0,"[교과담당 교사 의식에 따른 중학교 교과교실 재배치 요구 분석]
   └ 학회: 한국산학기술학회 (IF: 1.09)"
720,2022,공학 일반,883187530,정혜경,1,0.0,"[국산 옥수수를 이용한 팝콘에 대한 경제적 가치 추정]
   └ 학회: 한국산학기술학회 (IF: 1.09)"
721,2022,공학 일반,842656552,김미옥,1,0.0,"[국산 옥수수를 이용한 팝콘에 대한 경제적 가치 추정]
   └ 학회: 한국산학기술학회 (IF: 1.09)"
722,2022,공학 일반,594228757,이동수,1,0.0,"[국산 옥수수를 이용한 팝콘에 대한 경제적 가치 추정]
   └ 학회: 한국산학기술학회 (IF: 1.09)"
723,2022,공학 일반,738766378,심보현,1,0.0,"[군수품 표준관리제도 및 형상관리 운영체계 개선방안 연구]
   └ 학회: 한국산학기술학회 (IF: 1.09)"
724,2022,공학 일반,276761801,정남진,1,0.0,"[규칙적인 운동이 알츠하이머 발병 이후 운동기능에 미치는 영향]
   └ 학회: 한국산학기술학회 (IF: 1.09)"
725,2022,공학 일반,125321023,노윤정,1,0.0,"[긴꼬리닭 암컷에서 환우 연관 유전자군 발현 연구]
   └ 학회: 한국산학기술학회 (IF: 1.09)"
726,2022,공학 일반,742657307,전형우,1,0.0,"[대사증후군 위험군의 건강생활습관 이행에 영향을 미치는 요인]
   └ 학회: 한국산학기술학회 (IF: 1.09)"
727,2022,공학 일반,168026676,김지현,1,0.0,"[대사증후군 위험군의 건강생활습관 이행에 영향을 미치는 요인]
   └ 학회: 한국산학기술학회 (IF: 1.09)"
728,2022,공학 일반,546783978,이상규,1,0.0,"[대학 교육과정 사례분석 연구 - 유튜브 크리에이터 교육과정을 중심으로]
   └ 학회: 한국산학기술학회 (IF: 1.09)"
729,2022,공학 일반,502543861,이인섭,1,0.0,"[모니터의 구조적 파손 방지를 위한 지지부의 최대 외부 하중 결정]
   └ 학회: 한국산학기술학회 (IF: 1.09)"
730,2022,공학 일반,766472777,김정진,1,0.0,"[모니터의 구조적 파손 방지를 위한 지지부의 최대 외부 하중 결정]
   └ 학회: 한국산학기술학회 (IF: 1.09)"
731,2022,공학 일반,812172978,김지수,1,0.0,"[뮤지컬 공연 관람객의 소비가치가 뮤지컬 관람 플로우(flow) 및 재관람의도, 구전의도에 미치는 영향]
   └ 학회: 한국산학기술학회 (IF: 1.09)"
732,2022,공학 일반,992486643,전종우,1,0.0,"[뮤지컬 공연 관람객의 소비가치가 뮤지컬 관람 플로우(flow) 및 재관람의도, 구전의도에 미치는 영향]
   └ 학회: 한국산학기술학회 (IF: 1.09)"
733,2022,공학 일반,114643984,이원홍,1,0.0,"[바텀애시를 잔골재로 사용한 콘크리트의 압축강도 증진에 대한 혼화제 개발]
   └ 학회: 한국산학기술학회 (IF: 1.09)"
734,2022,공학 일반,316501580,이승열,1,0.0,"[바텀애시를 잔골재로 사용한 콘크리트의 압축강도 증진에 대한 혼화제 개발]
   └ 학회: 한국산학기술학회 (IF: 1.09)"
735,2022,공학 일반,253149198,강욱중,1,0.0,"[바텀애시를 잔골재로 사용한 콘크리트의 압축강도 증진에 대한 혼화제 개발]
   └ 학회: 한국산학기술학회 (IF: 1.09)"
736,2022,공학 일반,425951943,안진희,1,0.0,"[바텀애시를 잔골재로 사용한 콘크리트의 압축강도 증진에 대한 혼화제 개발]
   └ 학회: 한국산학기술학회 (IF: 1.09)"
737,2022,공학 일반,786133757,김홍준,1,0.0,"[바텀애시를 잔골재로 사용한 콘크리트의 압축강도 증진에 대한 혼화제 개발]
   └ 학회: 한국산학기술학회 (IF: 1.09)"
738,2022,공학 일반,645610707,배종홍,1,0.0,"[발전폐수 처리 및 재이용수 생산 방법과 검증에 관한 연구]
   └ 학회: 한국산학기술학회 (IF: 1.09)"
739,2022,공학 일반,760404009,박흥석,1,0.0,"[발전폐수 처리 및 재이용수 생산 방법과 검증에 관한 연구]
   └ 학회: 한국산학기술학회 (IF: 1.09)"
740,2022,공학 일반,648724381,경대승,1,0.0,"[발전폐수 처리 및 재이용수 생산 방법과 검증에 관한 연구]
   └ 학회: 한국산학기술학회 (IF: 1.09)"
741,2022,공학 일반,200400644,전순득,1,0.0,"[보육교사가 지각하는 교수몰입이 행복감에 미치는 영향]
   └ 학회: 한국산학기술학회 (IF: 1.09)"
742,2022,공학 일반,304776655,박연경,1,0.0,"[부품 단종정보 수집 효율화 방안 연구 : Computer Vision을 적용한 RPA 설계 및 구현과 부품 단종정보 수집 효율 개선의 정량적 측정]
   └ 학회: 한국산학기술학회 (IF: 1.09)"
743,2022,공학 일반,659325968,이익도,1,0.0,"[부품 단종정보 수집 효율화 방안 연구 : Computer Vision을 적용한 RPA 설계 및 구현과 부품 단종정보 수집 효율 개선의 정량적 측정]
   └ 학회: 한국산학기술학회 (IF: 1.09)"
744,2022,공학 일반,454650036,신상희,1,0.0,"[부품 단종정보 수집 효율화 방안 연구 : Computer Vision을 적용한 RPA 설계 및 구현과 부품 단종정보 수집 효율 개선의 정량적 측정]
   └ 학회: 한국산학기술학회 (IF: 1.09)"
745,2022,공학 일반,814141661,김진만,1,0.0,"[부품 단종정보 수집 효율화 방안 연구 : Computer Vision을 적용한 RPA 설계 및 구현과 부품 단종정보 수집 효율 개선의 정량적 측정]
   └ 학회: 한국산학기술학회 (IF: 1.09)"
746,2022,공학 일반,781907819,박우재,1,0.0,"[부품 단종정보 수집 효율화 방안 연구 : Computer Vision을 적용한 RPA 설계 및 구현과 부품 단종정보 수집 효율 개선의 정량적 측정]
   └ 학회: 한국산학기술학회 (IF: 1.09)"
747,2022,공학 일반,333485972,김영택,1,0.0,"[북한이탈주민의 한국사회 적응에 관한 연구 - 사회적 관계 수용성의 조절효과를 중심으로 -]
   └ 학회: 한국산학기술학회 (IF: 1.09)"
748,2022,공학 일반,129878943,송세관,1,0.0,"[북한이탈주민의 한국사회 적응에 관한 연구 - 사회적 관계 수용성의 조절효과를 중심으로 -]
   └ 학회: 한국산학기술학회 (IF: 1.09)"
749,2022,공학 일반,218901,지준근,1,0.0,"[비엔나 컨버터를 이용한 3상 PFC 시스템]
   └ 학회: 한국산학기술학회 (IF: 1.09)"
750,2022,공학 일반,752285476,전지형,1,0.0,"[빈곤 독거노인의 성공적 노화에 대한 현상학적 연구]
   └ 학회: 한국산학기술학회 (IF: 1.09)"
751,2022,공학 일반,878746187,이총규,1,0.0,"[산양삼 재배 적지 선정을 위한 재분류 방법 분석]
   └ 학회: 한국산학기술학회 (IF: 1.09)"
752,2022,공학 일반,875093286,강학모,1,0.0,"[산양삼 재배 적지 선정을 위한 재분류 방법 분석]
   └ 학회: 한국산학기술학회 (IF: 1.09)"
753,2022,공학 일반,279161069,최수임,1,0.0,"[산양삼 재배 적지 선정을 위한 재분류 방법 분석]
   └ 학회: 한국산학기술학회 (IF: 1.09)"
754,2022,공학 일반,416865907,김현,1,0.0,"[산양삼 재배 적지 선정을 위한 재분류 방법 분석]
   └ 학회: 한국산학기술학회 (IF: 1.09)"
755,2022,공학 일반,548312305,손환식,1,0.0,"[스마트 공장 기술과 린 시스템 간의 관계 연구]
   └ 학회: 한국산학기술학회 (IF: 1.09)"
756,2022,공학 일반,795136499,김응석,1,0.0,"[스마트 공장 기술과 린 시스템 간의 관계 연구]
   └ 학회: 한국산학기술학회 (IF: 1.09)"
757,2022,공학 일반,476691067,백승성,1,0.0,"[스마트 공장 기술과 린 시스템 간의 관계 연구]
   └ 학회: 한국산학기술학회 (IF: 1.09)"
758,2022,공학 일반,169635235,황재문,1,0.0,"[스마트 공장 기술과 린 시스템 간의 관계 연구]
   └ 학회: 한국산학기술학회 (IF: 1.09)"
759,2022,공학 일반,112322703,황인극,1,0.0,"[스마트 공장 기술과 린 시스템 간의 관계 연구]
   └ 학회: 한국산학기술학회 (IF: 1.09)"
760,2022,공학 일반,101691833,이원휘,1,0.0,"[슬링을 이용한 플랭크 운동 방법이 체간근육의 근활성도에 미치는 영향]
   └ 학회: 한국산학기술학회 (IF: 1.09)"
761,2022,공학 일반,799215349,안승호,1,0.0,"[승강기 출입문 이탈방지장치의 충돌 해석]
   └ 학회: 한국산학기술학회 (IF: 1.09)"
762,2022,공학 일반,634984008,정현승,1,0.0,"[승강기 출입문 이탈방지장치의 충돌 해석]
   └ 학회: 한국산학기술학회 (IF: 1.09)"
763,2022,공학 일반,104216877,김진성,1,0.0,"[승강기 출입문 이탈방지장치의 충돌 해석]
   └ 학회: 한국산학기술학회 (IF: 1.09)"
764,2022,공학 일반,5081730,김효성,1,0.0,"[알루미늄/GFRP 접착 조인트의 강도에 대한 샌딩과 프라이머의 영향]
   └ 학회: 한국산학기술학회 (IF: 1.09)"
765,2022,공학 일반,4628252,방우석,1,0.0,"[알루미늄/GFRP 접착 조인트의 강도에 대한 샌딩과 프라이머의 영향]
   └ 학회: 한국산학기술학회 (IF: 1.09)"
766,2022,공학 일반,334733625,이광주,1,0.0,"[알루미늄/GFRP 접착 조인트의 강도에 대한 샌딩과 프라이머의 영향]
   └ 학회: 한국산학기술학회 (IF: 1.09)"
767,2022,공학 일반,857498837,이정구,1,0.0,"[약용약주 대중화를 위한 남·여 인식도 조사]
   └ 학회: 한국산학기술학회 (IF: 1.09)"
768,2022,공학 일반,472533537,손은심,1,0.0,"[약용약주 대중화를 위한 남·여 인식도 조사]
   └ 학회: 한국산학기술학회 (IF: 1.09)"
769,2022,공학 일반,430020684,이영복,1,0.0,"[약용약주 대중화를 위한 남·여 인식도 조사]
   └ 학회: 한국산학기술학회 (IF: 1.09)"
770,2022,공학 일반,177585860,정철,1,0.0,"[약용약주 대중화를 위한 남·여 인식도 조사]
   └ 학회: 한국산학기술학회 (IF: 1.09)"
771,2022,공학 일반,495444707,엄준식,1,0.0,"[양성자 핵자기공명분광기를 이용한 고온스트레스에 따른 Holstein 수소의 반추위액과 혈액 내 대사체 프로파일링 연구]
   └ 학회: 한국산학기술학회 (IF: 1.09)"
772,2022,공학 일반,159832586,이신자,1,0.0,"[양성자 핵자기공명분광기를 이용한 고온스트레스에 따른 Holstein 수소의 반추위액과 혈액 내 대사체 프로파일링 연구]
   └ 학회: 한국산학기술학회 (IF: 1.09)"
773,2022,공학 일반,149396992,이상석,1,0.0,"[양성자 핵자기공명분광기를 이용한 고온스트레스에 따른 Holstein 수소의 반추위액과 혈액 내 대사체 프로파일링 연구]
   └ 학회: 한국산학기술학회 (IF: 1.09)"
774,2022,공학 일반,859105789,박성민,1,0.0,"[양성자 핵자기공명분광기를 이용한 고온스트레스에 따른 Holstein 수소의 반추위액과 혈액 내 대사체 프로파일링 연구]
   └ 학회: 한국산학기술학회 (IF: 1.09)"
775,2022,공학 일반,339902279,이성실,1,0.0,"[양성자 핵자기공명분광기를 이용한 고온스트레스에 따른 Holstein 수소의 반추위액과 혈액 내 대사체 프로파일링 연구]
   └ 학회: 한국산학기술학회 (IF: 1.09)"
776,2022,공학 일반,213303471,심윤희,1,0.0,"[어머니의 원가족 건강성 및 아동기 경험, 비합리적 신념이 부모 소진에 미치는 영향]
   └ 학회: 한국산학기술학회 (IF: 1.09)"
777,2022,공학 일반,149310131,김지연,1,0.0,"[어머니의 원가족 건강성 및 아동기 경험, 비합리적 신념이 부모 소진에 미치는 영향]
   └ 학회: 한국산학기술학회 (IF: 1.09)"
778,2022,공학 일반,896986064,박순철,1,0.0,"[우리 군과 미 공군의 시스템 안전 정책에 관한 연구]
   └ 학회: 한국산학기술학회 (IF: 1.09)"
779,2022,공학 일반,703612700,심재린,1,0.0,"[PLA 미립자 생산 공정 최적화]
   └ 학회: 한국산학기술학회 (IF: 1.09)"
780,2022,공학 일반,492212787,황정연,1,0.0,"[PLA 미립자 생산 공정 최적화]
   └ 학회: 한국산학기술학회 (IF: 1.09)"
781,2022,공학 일반,658380777,박종순,1,0.0,"[PLA 미립자 생산 공정 최적화]
   └ 학회: 한국산학기술학회 (IF: 1.09)"
782,2022,공학 일반,481739970,정영미,1,0.0,"[PLA 미립자 생산 공정 최적화]
   └ 학회: 한국산학기술학회 (IF: 1.09)"
783,2022,공학 일반,797678660,Yongjoon Kim,1,0.0,"[The Effect of Consignment Farming on Total Factor Productivity of Farm Households]
   └ 학회: 한국산학기술학회 (IF: 1.09)"
784,2022,공학 일반,987039464,Youngjune Kim,1,0.0,"[The Effect of Consignment Farming on Total Factor Productivity of Farm Households]
   └ 학회: 한국산학기술학회 (IF: 1.09)"
785,2022,공학 일반,277570743,마지순,1,0.0,"[유아교사의 자기성찰지능과 공감능력이 공유리더십에 미치는 영향]
   └ 학회: 한국산학기술학회 (IF: 1.09)"
786,2022,공학 일반,749650234,이준엽,1,0.0,"[일반 군사사육 농장의 모돈사의 복지 수준 및 돈사환경 비교 분석]
   └ 학회: 한국산학기술학회 (IF: 1.09)"
787,2022,공학 일반,357528636,김중곤,1,0.0,"[일반 군사사육 농장의 모돈사의 복지 수준 및 돈사환경 비교 분석]
   └ 학회: 한국산학기술학회 (IF: 1.09)"
788,2022,공학 일반,842219690,정운화,1,0.0,"[잠수함용 프로펠러 표면부 균열 발생에 대한 연구]
   └ 학회: 한국산학기술학회 (IF: 1.09)"
789,2022,공학 일반,742840240,이형신,1,0.0,"[잠수함용 프로펠러 표면부 균열 발생에 대한 연구]
   └ 학회: 한국산학기술학회 (IF: 1.09)"
790,2022,공학 일반,585491766,윤홍주,1,0.0,"[잠재프로파일 분석을 활용한 초등학생의 진로개발역량 집단 예측요인 분석]
   └ 학회: 한국산학기술학회 (IF: 1.09)"
791,2022,공학 일반,732231610,솝단지멕,1,0.0,"[한국 공간정보 제공 시스템 분석을 통한 몽골 공간정보 인프라의 발전 방안 연구]
   └ 학회: 한국산학기술학회 (IF: 1.09)"
792,2022,공학 일반,744730609,윤희천,1,0.0,"[한국 공간정보 제공 시스템 분석을 통한 몽골 공간정보 인프라의 발전 방안 연구]
   └ 학회: 한국산학기술학회 (IF: 1.09)"
793,2022,공학 일반,546512873,서병석,1,0.0,"[전투체계 상용품의 미 군사표준 고온 조건 만족을 위한 열전 소자 적용 및 검증]
   └ 학회: 한국산학기술학회 (IF: 1.09)"
794,2022,공학 일반,443220574,이진옥,1,0.0,"[제조업에 종사하는 남성 근로자의 수면의 질과 피로증상의 관련성]
   └ 학회: 한국산학기술학회 (IF: 1.09)"
795,2022,공학 일반,920486194,윤석한,1,0.0,"[제조업에 종사하는 남성 근로자의 수면의 질과 피로증상의 관련성]
   └ 학회: 한국산학기술학회 (IF: 1.09)"
796,2022,공학 일반,586316368,강태운,1,0.0,"[젯슨 나노를 이용한 심층 컨볼루션 신경망 기반 실시간 마스크 착용 검출기 구현]
   └ 학회: 한국산학기술학회 (IF: 1.09)"
797,2022,공학 일반,372532813,김용우,1,0.0,"[젯슨 나노를 이용한 심층 컨볼루션 신경망 기반 실시간 마스크 착용 검출기 구현]
   └ 학회: 한국산학기술학회 (IF: 1.09)"
798,2022,공학 일반,593181121,김혜인,1,0.0,"[조합형 반응표면법을 이용한 라푸티딘 함유 즉시 방출성 정제의 개발]
   └ 학회: 한국산학기술학회 (IF: 1.09)"
799,2022,공학 일반,270897993,김현성,1,0.0,"[좌석 높이에 따른 일어서기와 앉기 시 몸통 및 하지 근 활성도 및 압력중심 이동에 미치는 영향]
   └ 학회: 한국산학기술학회 (IF: 1.09)"
800,2022,공학 일반,887374215,신형수,1,0.0,"[좌석 높이에 따른 일어서기와 앉기 시 몸통 및 하지 근 활성도 및 압력중심 이동에 미치는 영향]
   └ 학회: 한국산학기술학회 (IF: 1.09)"
801,2022,공학 일반,818428819,엄주영,1,0.0,"[중년여성의 마음 챙김과 긍정심리자본이 심리적 소진에 미치는 영향]
   └ 학회: 한국산학기술학회 (IF: 1.09)"
802,2022,공학 일반,131584843,이흥훈,1,0.0,"[지방의료원의 구조적 문제 분석 및 코로나 대응 제도에서 참고할 운영 개선 방안]
   └ 학회: 한국산학기술학회 (IF: 1.09)"
803,2022,공학 일반,713233381,서창진,1,0.0,"[지방의료원의 구조적 문제 분석 및 코로나 대응 제도에서 참고할 운영 개선 방안]
   └ 학회: 한국산학기술학회 (IF: 1.09)"
804,2022,공학 일반,973703592,전병윤,1,0.0,"[지역 내 통행 특성을 고려한 청주시 중생활권의 도시기반시설별 서비스 권역 분석: 네트워크 분석 방법을 중심으로]
   └ 학회: 한국산학기술학회 (IF: 1.09)"
805,2022,공학 일반,191491097,LIU SIPEI,1,0.0,"[지역 내 통행 특성을 고려한 청주시 중생활권의 도시기반시설별 서비스 권역 분석: 네트워크 분석 방법을 중심으로]
   └ 학회: 한국산학기술학회 (IF: 1.09)"
806,2022,공학 일반,979014352,홍영교,1,0.0,"[지역 내 통행 특성을 고려한 청주시 중생활권의 도시기반시설별 서비스 권역 분석: 네트워크 분석 방법을 중심으로]
   └ 학회: 한국산학기술학회 (IF: 1.09)"
807,2022,공학 일반,299184691,이만형,1,0.0,"[지역 내 통행 특성을 고려한 청주시 중생활권의 도시기반시설별 서비스 권역 분석: 네트워크 분석 방법을 중심으로]
   └ 학회: 한국산학기술학회 (IF: 1.09)"
808,2022,공학 일반,715811532,박남훈,1,0.0,"[지지도 변화 감시를 이용한 효율적 부분 공간 클러스터링]
   └ 학회: 한국산학기술학회 (IF: 1.09)"
809,2022,공학 일반,172485439,왕효봉,1,0.0,"[중국농산물 전자상거래의 서비스품질 인식에 관한 실증적 연구]
   └ 학회: 한국산학기술학회 (IF: 1.09)"
810,2022,공학 일반,739265853,양리리,1,0.0,"[중국농산물 전자상거래의 서비스품질 인식에 관한 실증적 연구]
   └ 학회: 한국산학기술학회 (IF: 1.09)"
811,2022,공학 일반,507948745,김광배,1,0.0,"[ZrVFe 다공체 표면오염층의 UVO₃ 크리닝 공정]
   └ 학회: 한국산학기술학회 (IF: 1.09)"
812,2022,공학 일반,608496245,김호준,1,0.0,"[ZrVFe 다공체 표면오염층의 UVO₃ 크리닝 공정]
   └ 학회: 한국산학기술학회 (IF: 1.09)"
813,2022,공학 일반,409698697,진새라,1,0.0,"[ZrVFe 다공체 표면오염층의 UVO₃ 크리닝 공정]
   └ 학회: 한국산학기술학회 (IF: 1.09)"
814,2022,공학 일반,259734947,임예솔,1,0.0,"[ZrVFe 다공체 표면오염층의 UVO₃ 크리닝 공정]
   └ 학회: 한국산학기술학회 (IF: 1.09)"
815,2022,공학 일반,437461300,이현준,1,0.0,"[ZrVFe 다공체 표면오염층의 UVO₃ 크리닝 공정]
   └ 학회: 한국산학기술학회 (IF: 1.09)"
816,2022,공학 일반,456341823,김성훈,1,0.0,"[ZrVFe 다공체 표면오염층의 UVO₃ 크리닝 공정]
   └ 학회: 한국산학기술학회 (IF: 1.09)"
817,2022,공학 일반,875195449,노윤영,1,0.0,"[ZrVFe 다공체 표면오염층의 UVO₃ 크리닝 공정]
   └ 학회: 한국산학기술학회 (IF: 1.09)"
818,2022,공학 일반,910141802,송오성,1,0.0,"[ZrVFe 다공체 표면오염층의 UVO₃ 크리닝 공정]
   └ 학회: 한국산학기술학회 (IF: 1.09)"
819,2022,공학 일반,653538905,박동규,1,0.0,"[천 덕트를 적용한 함정의 통풍량 측정에 따른 검증 방법 연구]
   └ 학회: 한국산학기술학회 (IF: 1.09)"
820,2022,공학 일반,867509903,박해진,1,0.0,"[천 덕트를 적용한 함정의 통풍량 측정에 따른 검증 방법 연구]
   └ 학회: 한국산학기술학회 (IF: 1.09)"
821,2022,공학 일반,317454855,김민혁,1,0.0,"[천마 유도탄의 창정비 표준작업시간과 표준정비인시 분석연구]
   └ 학회: 한국산학기술학회 (IF: 1.09)"
822,2022,공학 일반,800075812,조규선,1,0.0,"[천마 유도탄의 창정비 표준작업시간과 표준정비인시 분석연구]
   └ 학회: 한국산학기술학회 (IF: 1.09)"
823,2022,공학 일반,993603300,오두수,1,0.0,"[천마 유도탄의 창정비 표준작업시간과 표준정비인시 분석연구]
   └ 학회: 한국산학기술학회 (IF: 1.09)"
824,2022,공학 일반,297751937,함윤영,1,0.0,"[천연가스/디젤 RCCI 엔진의 연소 특성에 관한 수치적 연구]
   └ 학회: 한국산학기술학회 (IF: 1.09)"
825,2022,공학 일반,551380681,장효정,1,0.0,"[천연가스/디젤 RCCI 엔진의 연소 특성에 관한 수치적 연구]
   └ 학회: 한국산학기술학회 (IF: 1.09)"
826,2022,공학 일반,339127269,권선희,1,0.0,"[The trend study of academic articles on industry-academic cooperation using text mining analysis]
   └ 학회: 한국산학기술학회 (IF: 1.09)"
827,2022,공학 일반,820024533,오유민,1,0.0,"[한국 경종농업의 플로우 노동투입량 추계 및 노동생산성 변화요인 분석]
   └ 학회: 한국산학기술학회 (IF: 1.09)"
828,2022,공학 일반,545269126,유영봉,1,0.0,"[한국 경종농업의 플로우 노동투입량 추계 및 노동생산성 변화요인 분석]
   └ 학회: 한국산학기술학회 (IF: 1.09)"
829,2022,공학 일반,636096916,이수현,1,0.0,"[화재 후 냉각방식에 따른 철근의 직경 및 강도별 역학적 특성에 관한 실험적 연구]
   └ 학회: 한국산학기술학회 (IF: 1.09)"
830,2022,공학 일반,339435822,강철규,1,0.0,"[화재 후 냉각방식에 따른 철근의 직경 및 강도별 역학적 특성에 관한 실험적 연구]
   └ 학회: 한국산학기술학회 (IF: 1.09)"
831,2022,공학 일반,703592208,박연출,1,0.0,"[정육로봇을 위한 자유형상 물체의 자세 추정 및 절단경로 추적]
   └ 학회: 한국산학기술학회 (IF: 1.09)"
832,2022,공학 일반,921488200,박세준,1,0.0,"[정육로봇을 위한 자유형상 물체의 자세 추정 및 절단경로 추적]
   └ 학회: 한국산학기술학회 (IF: 1.09)"
833,2022,공학 일반,843097115,임재성,1,0.0,"[객체 기반 영상 분할을 위한 비등방성 확산 모델에 기반한 전처리 기법 연구]
   └ 학회: 한국산학기술학회 (IF: 1.09)"
834,2022,공학 일반,853365315,노승원,1,0.0,"[실시간 수요대응 자율주행 모빌리티 평가 항목 정의]
   └ 학회: 한국산학기술학회 (IF: 1.09)"
835,2022,공학 일반,3672365,노창균,1,0.0,"[실시간 수요대응 자율주행 모빌리티 평가 항목 정의]
   └ 학회: 한국산학기술학회 (IF: 1.09)"
836,2022,공학 일반,926338692,문병섭,1,0.0,"[실시간 수요대응 자율주행 모빌리티 평가 항목 정의]
   └ 학회: 한국산학기술학회 (IF: 1.09)"
837,2022,공학 일반,204383557,하정아,1,0.0,"[실시간 수요대응 자율주행 모빌리티 평가 항목 정의]
   └ 학회: 한국산학기술학회 (IF: 1.09)"
838,2022,공학 일반,784814786,진두한,1,0.0,"[면심입방정 집합조직의 상계 및 하계 항복응력 계산]
   └ 학회: 한국산학기술학회 (IF: 1.09)"
839,2022,공학 일반,724096850,양승용,1,0.0,"[면심입방정 집합조직의 상계 및 하계 항복응력 계산]
   └ 학회: 한국산학기술학회 (IF: 1.09)"
840,2022,공학 일반,292133214,이영걸,1,0.0,"[엑츄에이터가 없는 피난 장치의 제동장치 설계]
   └ 학회: 한국산학기술학회 (IF: 1.09)"
841,2022,공학 일반,533844635,이덕희,1,0.0,"[엑츄에이터가 없는 피난 장치의 제동장치 설계]
   └ 학회: 한국산학기술학회 (IF: 1.09)"
842,2022,공학 일반,739957924,박원희,1,0.0,"[엑츄에이터가 없는 피난 장치의 제동장치 설계]
   └ 학회: 한국산학기술학회 (IF: 1.09)"
843,2022,공학 일반,793322519,전해성,1,0.0,"[침수 저감을 위한 도시하천 수위를 고려한 배수펌프장 운영에 관한 연구]
   └ 학회: 한국산학기술학회 (IF: 1.09)"
844,2022,공학 일반,833872132,추연문,1,0.0,"[침수 저감을 위한 도시하천 수위를 고려한 배수펌프장 운영에 관한 연구]
   └ 학회: 한국산학기술학회 (IF: 1.09)"
845,2022,공학 일반,144633229,이윤곤,1,0.0,"[Compression Garment 재질이 하지 근수축 특성에 미치는 영향]
   └ 학회: 한국산학기술학회 (IF: 1.09)"
846,2022,공학 일반,337567115,신성훈,1,0.0,"[Compression Garment 재질이 하지 근수축 특성에 미치는 영향]
   └ 학회: 한국산학기술학회 (IF: 1.09)"
847,2022,공학 일반,197119109,조석희,1,0.0,"[IFRS 도입과 재보험자산의 가치관련성 변화]
   └ 학회: 한국산학기술학회 (IF: 1.09)"
848,2022,공학 일반,547571889,김성찬,1,0.0,"[Study on the effect of minimum purchase price policy on China’s wheat production]
   └ 학회: 한국산학기술학회 (IF: 1.09)"
849,2022,공학 일반,125242678,조성진,1,0.0,"[건축 타일용 Effect(Sinking, Matt, Glossy) 세라믹 잉크의 제조 및 특성 연구]
   └ 학회: 한국산학기술학회 (IF: 1.09)"
850,2022,공학 일반,327239771,하진욱,1,0.0,"[건축 타일용 Effect(Sinking, Matt, Glossy) 세라믹 잉크의 제조 및 특성 연구]
   └ 학회: 한국산학기술학회 (IF: 1.09)"
851,2022,공학 일반,665797204,이현로,1,0.0,"[경량 블록 암호 알고리즘 PIPO에 대한 테이블 기반 마스킹 적용 및 분석]
   └ 학회: 한국산학기술학회 (IF: 1.09)"
852,2022,공학 일반,555797609,주영철,1,0.0,"[고점도 잉크를 위한 니들 타입 젯 디스펜서의 액적 형성에 관한 해석적 연구]
   └ 학회: 한국산학기술학회 (IF: 1.09)"
853,2022,공학 일반,650302547,이혜민,1,0.0,"[고점도 잉크를 위한 니들 타입 젯 디스펜서의 액적 형성에 관한 해석적 연구]
   └ 학회: 한국산학기술학회 (IF: 1.09)"
854,2022,공학 일반,484289867,권계시,1,0.0,"[고점도 잉크를 위한 니들 타입 젯 디스펜서의 액적 형성에 관한 해석적 연구]
   └ 학회: 한국산학기술학회 (IF: 1.09)"
855,2022,공학 일반,238124996,송민규,1,0.0,"[공군 수리부속 수요 데이터 분석기간 설정에 관한 실증연구]
   └ 학회: 한국산학기술학회 (IF: 1.09)"
856,2022,공학 일반,494141036,장정호,1,0.0,"[구조해석을 통한 유기압 현수장치 체결나사의 손상원인 및 강도개선에 관한 연구]
   └ 학회: 한국산학기술학회 (IF: 1.09)"
857,2022,공학 일반,931158076,유자연,1,0.0,"[국내산 저지종 우유와 홀스타인종 우유로 제조한 할루미 치즈의 특성 비교]
   └ 학회: 한국산학기술학회 (IF: 1.09)"
858,2022,공학 일반,479554194,함준상,1,0.0,"[국내산 저지종 우유와 홀스타인종 우유로 제조한 할루미 치즈의 특성 비교]
   └ 학회: 한국산학기술학회 (IF: 1.09)"
859,2022,공학 일반,648414105,김범호,1,0.0,"[남성 흡연자들의 금연에 대한 관심과 간접흡연의 타인에 대한 위해성 인식과의 관련성]
   └ 학회: 한국산학기술학회 (IF: 1.09)"
860,2022,공학 일반,308231210,문윤경,1,0.0,"[대학생의 직업가치가 구직준비역량에 미치는 영향 -진로성숙의 매개효과-]
   └ 학회: 한국산학기술학회 (IF: 1.09)"
861,2022,공학 일반,824466417,채희원,1,0.0,"[대학생의 직업가치가 구직준비역량에 미치는 영향 -진로성숙의 매개효과-]
   └ 학회: 한국산학기술학회 (IF: 1.09)"
862,2022,공학 일반,693796786,정소영,1,0.0,"[랜덤 포레스트 기반 위험도 지수 평가항목 타당성 확인에 따른 터널 안전관리 정책지원 방안]
   └ 학회: 한국산학기술학회 (IF: 1.09)"
863,2022,공학 일반,899880894,김명수,1,0.0,"[마을 규칙 ‘향약’의 교육적 요소 도출과 우선순위에 대한 분석]
   └ 학회: 한국산학기술학회 (IF: 1.09)"
864,2022,공학 일반,559224038,김일순,1,0.0,"[마을 규칙 ‘향약’의 교육적 요소 도출과 우선순위에 대한 분석]
   └ 학회: 한국산학기술학회 (IF: 1.09)"
865,2022,공학 일반,675119305,고혜영,1,0.0,"[마을 규칙 ‘향약’의 교육적 요소 도출과 우선순위에 대한 분석]
   └ 학회: 한국산학기술학회 (IF: 1.09)"
866,2022,공학 일반,216303828,황경수,1,0.0,"[마을 규칙 ‘향약’의 교육적 요소 도출과 우선순위에 대한 분석]
   └ 학회: 한국산학기술학회 (IF: 1.09)"
867,2022,공학 일반,914438272,김다혜,1,0.0,"[무경계 경력에 관한 통합적 문헌고찰: 2010년-2021년 국내 · 외 양적연구를 중심으로]
   └ 학회: 한국산학기술학회 (IF: 1.09)"
868,2022,공학 일반,322316136,박윤희,1,0.0,"[무경계 경력에 관한 통합적 문헌고찰: 2010년-2021년 국내 · 외 양적연구를 중심으로]
   └ 학회: 한국산학기술학회 (IF: 1.09)"
869,2022,공학 일반,701001490,윤덕용,1,0.0,"[무창돈사용 고성능 스마트 환기 시스템]
   └ 학회: 한국산학기술학회 (IF: 1.09)"
870,2022,공학 일반,535017213,박종호,1,0.0,"[미국의 통화정책 충격이 원유가격에 미치는 영향]
   └ 학회: 한국산학기술학회 (IF: 1.09)"
871,2022,공학 일반,692477275,정선정,1,0.0,"[민간주도 신기술 분야 인력육성 프로그램 실태와 시사점]
   └ 학회: 한국산학기술학회 (IF: 1.09)"
872,2022,공학 일반,585531428,남휘은,1,0.0,"[민간주도 신기술 분야 인력육성 프로그램 실태와 시사점]
   └ 학회: 한국산학기술학회 (IF: 1.09)"
873,2022,공학 일반,178731649,이은영,1,0.0,"[반복측정 자료를 활용한 상담성과 지속성 분석 : 울산시남구청소년상담복지센터를 중심으로]
   └ 학회: 한국산학기술학회 (IF: 1.09)"
874,2022,공학 일반,705983468,윤소정,1,0.0,"[반복측정 자료를 활용한 상담성과 지속성 분석 : 울산시남구청소년상담복지센터를 중심으로]
   └ 학회: 한국산학기술학회 (IF: 1.09)"
875,2022,공학 일반,728366064,주자현,1,0.0,"[반복측정 자료를 활용한 상담성과 지속성 분석 : 울산시남구청소년상담복지센터를 중심으로]
   └ 학회: 한국산학기술학회 (IF: 1.09)"
876,2022,공학 일반,163038950,장재영,1,0.0,"[반복측정 자료를 활용한 상담성과 지속성 분석 : 울산시남구청소년상담복지센터를 중심으로]
   └ 학회: 한국산학기술학회 (IF: 1.09)"
877,2022,공학 일반,326832661,김소희,1,0.0,"[반복측정 자료를 활용한 상담성과 지속성 분석 : 울산시남구청소년상담복지센터를 중심으로]
   └ 학회: 한국산학기술학회 (IF: 1.09)"
878,2022,공학 일반,476759532,서예나,1,0.0,"[반복측정 자료를 활용한 상담성과 지속성 분석 : 울산시남구청소년상담복지센터를 중심으로]
   └ 학회: 한국산학기술학회 (IF: 1.09)"
879,2022,공학 일반,279341826,용길영,1,0.0,"[보험심사간호사의 셀프리더십과 조직문화가 업무수행에 미치는 영향]
   └ 학회: 한국산학기술학회 (IF: 1.09)"
880,2022,공학 일반,156593203,이은희,1,0.0,"[보험심사간호사의 셀프리더십과 조직문화가 업무수행에 미치는 영향]
   └ 학회: 한국산학기술학회 (IF: 1.09)"
881,2022,공학 일반,601656930,정미애,1,0.0,"[부모의 공동양육, 양육효능감 및 유아의 행복감과의 관계 연구]
   └ 학회: 한국산학기술학회 (IF: 1.09)"
882,2022,공학 일반,574759852,김승창,1,0.0,"[단일염기다형성 마커를 이용한 칡소 품종의 식별]
   └ 학회: 한국산학기술학회 (IF: 1.09)"
883,2022,공학 일반,848475240,진대혁,1,0.0,"[단일염기다형성 마커를 이용한 칡소 품종의 식별]
   └ 학회: 한국산학기술학회 (IF: 1.09)"
884,2022,공학 일반,938233577,이진욱,1,0.0,"[단일염기다형성 마커를 이용한 칡소 품종의 식별]
   └ 학회: 한국산학기술학회 (IF: 1.09)"
885,2022,공학 일반,722836893,김재환,1,0.0,"[단일염기다형성 마커를 이용한 칡소 품종의 식별]
   └ 학회: 한국산학기술학회 (IF: 1.09)"
886,2022,공학 일반,375437629,송명섭,1,0.0,"[사회복지사의 삶의 질이 감정노동을 매개로 서비스 질에 미치는 영향]
   └ 학회: 한국산학기술학회 (IF: 1.09)"
887,2022,공학 일반,268944199,공원식,1,0.0,"[석유화학 반응기 모니터링을 위한 연속체 구조물 변형 평가 기술]
   └ 학회: 한국산학기술학회 (IF: 1.09)"
888,2022,공학 일반,343575648,최현선,1,0.0,"[석유화학 반응기 모니터링을 위한 연속체 구조물 변형 평가 기술]
   └ 학회: 한국산학기술학회 (IF: 1.09)"
889,2022,공학 일반,951748749,김형규,1,0.0,"[석유화학 반응기 모니터링을 위한 연속체 구조물 변형 평가 기술]
   └ 학회: 한국산학기술학회 (IF: 1.09)"
890,2022,공학 일반,618893479,이진혁,1,0.0,"[석유화학 반응기 모니터링을 위한 연속체 구조물 변형 평가 기술]
   └ 학회: 한국산학기술학회 (IF: 1.09)"
891,2022,공학 일반,628851495,김헌영,1,0.0,"[석유화학 반응기 모니터링을 위한 연속체 구조물 변형 평가 기술]
   └ 학회: 한국산학기술학회 (IF: 1.09)"
892,2022,공학 일반,222957676,신형수,1,0.0,"[수중에서 보행 및 균형 훈련이 뇌졸중 환자의 정적 균형과 보행에 미치는 영향]
   └ 학회: 한국산학기술학회 (IF: 1.09)"
893,2022,공학 일반,829420184,박민혁,1,0.0,"[스마트 도슨트에 관한 사용성 평가 - 대림미술관을 중심으로]
   └ 학회: 한국산학기술학회 (IF: 1.09)"
894,2022,공학 일반,304255003,이영주,1,0.0,"[스마트 환경에서의 필수 어포던스 요소 연구]
   └ 학회: 한국산학기술학회 (IF: 1.09)"
895,2022,공학 일반,266362018,김대중,1,0.0,"[스마트공장 공급 산업의 유형화에 관한 연구: 충남 스마트제조 산업기기 및 소재 제조업을 중심으로]
   └ 학회: 한국산학기술학회 (IF: 1.09)"
896,2022,공학 일반,155723969,정송화,1,0.0,"[스마트폰 사용조절 집단상담 프로그램 개발 및 효과 연구 -지역아동센터 이용 아동을 중심으로-]
   └ 학회: 한국산학기술학회 (IF: 1.09)"
897,2022,공학 일반,665082450,이경은,1,0.0,"[스마트폰 사용조절 집단상담 프로그램 개발 및 효과 연구 -지역아동센터 이용 아동을 중심으로-]
   └ 학회: 한국산학기술학회 (IF: 1.09)"
898,2022,공학 일반,4761464,하나영,1,0.0,"[스마트폰 사용조절 집단상담 프로그램 개발 및 효과 연구 -지역아동센터 이용 아동을 중심으로-]
   └ 학회: 한국산학기술학회 (IF: 1.09)"
899,2022,공학 일반,641921165,송유인,1,0.0,"[슬로시티 전문해설사의 지속가능발전교육(ESD)이 실현가능성에 미치는 영향 연구]
   └ 학회: 한국산학기술학회 (IF: 1.09)"
900,2022,공학 일반,475441751,박희정,1,0.0,"[슬로시티 전문해설사의 지속가능발전교육(ESD)이 실현가능성에 미치는 영향 연구]
   └ 학회: 한국산학기술학회 (IF: 1.09)"
901,2022,공학 일반,967512799,문소영,1,0.0,"[음악치료사의 임상 현장에 관한 경험: 포스트코로나 시대의 도전과 과제]
   └ 학회: 한국산학기술학회 (IF: 1.09)"
902,2022,공학 일반,873435580,박지원,1,0.0,"[음악치료사의 임상 현장에 관한 경험: 포스트코로나 시대의 도전과 과제]
   └ 학회: 한국산학기술학회 (IF: 1.09)"
903,2022,공학 일반,729005439,김상재,1,0.0,"[이동물체의 위치기반 데이터로거용 무선단말장치에 관한 연구]
   └ 학회: 한국산학기술학회 (IF: 1.09)"
904,2022,공학 일반,132646833,송영진,1,0.0,"[이동물체의 위치기반 데이터로거용 무선단말장치에 관한 연구]
   └ 학회: 한국산학기술학회 (IF: 1.09)"
905,2022,공학 일반,527168407,하윤철,1,0.0,"[이중화 체계의 운용가용도 산정 모델에 관한 연구]
   └ 학회: 한국산학기술학회 (IF: 1.09)"
906,2022,공학 일반,410426018,조현철,1,0.0,"[장기저장 고체 추진기관의 ATJ Graphite 노즐목 삭마특성 분석]
   └ 학회: 한국산학기술학회 (IF: 1.09)"
907,2022,공학 일반,468173161,정원일,1,0.0,"[주택화재에서 주거지 유형별 재산피해에 영향을 미치는 화재인자 영향분석에 관한 연구]
   └ 학회: 한국산학기술학회 (IF: 1.09)"
908,2022,공학 일반,934223585,심지연,1,0.0,"[Study on the influencing factors of wheat import trade in China]
   └ 학회: 한국산학기술학회 (IF: 1.09)"
909,2022,공학 일반,692442653,류재국,1,0.0,"[콜린알포세레이트 고형 제제의 안정성 개선 연구]
   └ 학회: 한국산학기술학회 (IF: 1.09)"
910,2022,공학 일반,960461470,김경나,1,0.0,"[퇴원손상심층조사를 이용한 10대와 20대의 손상유형별 특성 연구]
   └ 학회: 한국산학기술학회 (IF: 1.09)"
911,2022,공학 일반,696986890,이민경,1,0.0,"[한국 낙농 농가의 정밀 축산 기술 도입 실태 조사]
   └ 학회: 한국산학기술학회 (IF: 1.09)"
912,2022,공학 일반,422531931,박해선,1,0.0,"[한국의 외국인 직접투자와 경제성장 간 인과관계 분석]
   └ 학회: 한국산학기술학회 (IF: 1.09)"
913,2022,공학 일반,405465774,이종욱,1,0.0,"[환지방식 도시개발사업의 시행자 유형에 따른 기반시설 공급 차이 : 공공시행자와 민간시행자의 차이를 중심으로]
   └ 학회: 한국산학기술학회 (IF: 1.09)"
914,2022,공학 일반,682220667,이태학,1,0.0,"[대역저지 필터 캐스케이드를 사용한 기판집적도파관 대역통과 필터의 저지대역 개선]
   └ 학회: 한국산학기술학회 (IF: 1.09)"
915,2022,공학 일반,803575432,이건명,1,0.0,"[대역저지 필터 캐스케이드를 사용한 기판집적도파관 대역통과 필터의 저지대역 개선]
   └ 학회: 한국산학기술학회 (IF: 1.09)"
916,2022,공학 일반,729788926,이현택,1,0.0,"[유한요소해석을 활용한 차량용 휴대폰 거치대 파라미터 스터디]
   └ 학회: 한국산학기술학회 (IF: 1.09)"
917,2022,공학 일반,564950557,노은솔,1,0.0,"[유한요소해석을 활용한 차량용 휴대폰 거치대 파라미터 스터디]
   └ 학회: 한국산학기술학회 (IF: 1.09)"
918,2022,공학 일반,5420390,김기승,1,0.0,"[OCT 박막 두께 측정기의 기울기 보정에 관한 연구]
   └ 학회: 한국산학기술학회 (IF: 1.09)"
919,2022,공학 일반,500730,박윤창,1,0.0,"[OCT 박막 두께 측정기의 기울기 보정에 관한 연구]
   └ 학회: 한국산학기술학회 (IF: 1.09)"
920,2022,공학 일반,261302323,이붕주,1,0.0,"[인삼재배용 유리온실의 구조물에 따른 광특성과 에너지 절감을 위한 광시뮬레이션]
   └ 학회: 한국산학기술학회 (IF: 1.09)"
921,2022,공학 일반,178506841,배대현,1,0.0,"[양자 내성 암호 FALCON에 대한 차분 전력 분석 공격 성능 개선]
   └ 학회: 한국산학기술학회 (IF: 1.09)"
922,2022,공학 일반,674323371,김경남,1,0.0,"[페로니켈 슬래그를 사용한 밀입도 아스팔트 혼합물 특성평가]
   └ 학회: 한국산학기술학회 (IF: 1.09)"
923,2022,공학 일반,827211972,조신행,1,0.0,"[페로니켈 슬래그를 사용한 밀입도 아스팔트 혼합물 특성평가]
   └ 학회: 한국산학기술학회 (IF: 1.09)"
924,2022,공학 일반,486618307,손현정,1,0.0,"[e-헬스 리터러시와 인터넷 건강정보추구행위가 중년여성의 건강증진행위에 미치는 영향]
   └ 학회: 한국산학기술학회 (IF: 1.09)"
925,2022,공학 일반,940291935,강현욱,1,0.0,"[e-헬스 리터러시와 인터넷 건강정보추구행위가 중년여성의 건강증진행위에 미치는 영향]
   └ 학회: 한국산학기술학회 (IF: 1.09)"
926,2022,공학 일반,217190876,이상규,1,0.0,"[가족통제는 지배주주의 사익편취 유인을 증가시키는가?]
   └ 학회: 한국산학기술학회 (IF: 1.09)"
927,2022,공학 일반,974012660,김동욱,1,0.0,"[가족통제는 지배주주의 사익편취 유인을 증가시키는가?]
   └ 학회: 한국산학기술학회 (IF: 1.09)"
928,2022,공학 일반,759391828,김병곤,1,0.0,"[가족통제는 지배주주의 사익편취 유인을 증가시키는가?]
   └ 학회: 한국산학기술학회 (IF: 1.09)"
929,2022,공학 일반,928555459,안성아,1,0.0,"[간호대학생의 취업불안 관련요인]
   └ 학회: 한국산학기술학회 (IF: 1.09)"
930,2022,공학 일반,884748641,윤한국,1,0.0,"[공적 부실채권정리기구의 필요성과 정책 대안 -해외 운영사례를 중심으로-]
   └ 학회: 한국산학기술학회 (IF: 1.09)"
931,2022,공학 일반,975211222,김진섭,1,0.0,"[공적 부실채권정리기구의 필요성과 정책 대안 -해외 운영사례를 중심으로-]
   └ 학회: 한국산학기술학회 (IF: 1.09)"
932,2022,공학 일반,279809657,김영진,1,0.0,"[관광지 사진이 관광의도에 미치는 영향: 광주, 전남을 대상으로]
   └ 학회: 한국산학기술학회 (IF: 1.09)"
933,2022,공학 일반,921309518,임연우,1,0.0,"[관광지 사진이 관광의도에 미치는 영향: 광주, 전남을 대상으로]
   └ 학회: 한국산학기술학회 (IF: 1.09)"
934,2022,공학 일반,345358800,홍하늘,1,0.0,"[동종 조혈모세포 이식에서 생착 및 재발 판정을 위한 STR marker 검사의 유용성]
   └ 학회: 한국산학기술학회 (IF: 1.09)"
935,2022,공학 일반,121998110,이난영,1,0.0,"[동종 조혈모세포 이식에서 생착 및 재발 판정을 위한 STR marker 검사의 유용성]
   └ 학회: 한국산학기술학회 (IF: 1.09)"
936,2022,공학 일반,490212161,조명숙,1,0.0,"[비대면 수업을 경험한 간호대학생의 코로나우울, 자기효능감이 학업성취도에 미치는 영향]
   └ 학회: 한국산학기술학회 (IF: 1.09)"
937,2022,공학 일반,221988595,김지홍,1,0.0,"[비대면 수업을 경험한 간호대학생의 코로나우울, 자기효능감이 학업성취도에 미치는 영향]
   └ 학회: 한국산학기술학회 (IF: 1.09)"
938,2022,공학 일반,824487955,박준규,1,0.0,"[비행계획에 따른 드론 LiDAR의 공간정보 구축 품질 및 정확도 분석]
   └ 학회: 한국산학기술학회 (IF: 1.09)"
939,2022,공학 일반,764345385,이근왕,1,0.0,"[비행계획에 따른 드론 LiDAR의 공간정보 구축 품질 및 정확도 분석]
   └ 학회: 한국산학기술학회 (IF: 1.09)"
940,2022,공학 일반,342388235,임채윤,1,0.0,"[산업유해 위험물질 취급 제조현장 관리자의 공정안전관리(PSM)가 잠재위험도에 미치는 영향에 관한 연구]
   └ 학회: 한국산학기술학회 (IF: 1.09)"
941,2022,공학 일반,109615434,김채수,1,0.0,"[산업유해 위험물질 취급 제조현장 관리자의 공정안전관리(PSM)가 잠재위험도에 미치는 영향에 관한 연구]
   └ 학회: 한국산학기술학회 (IF: 1.09)"
942,2022,공학 일반,720626087,임애련,1,0.0,"[성격심리학 수업이 대학생의 거부민감성과 공감능력에 미치는 영향: 정서인식명확성의 매개효과]
   └ 학회: 한국산학기술학회 (IF: 1.09)"
943,2022,공학 일반,938308532,김계경,1,0.0,"[손자녀 양육 조부모 대상 중재연구에 대한 통합적 고찰]
   └ 학회: 한국산학기술학회 (IF: 1.09)"
944,2022,공학 일반,804830795,김영아,1,0.0,"[손자녀 양육 조부모 대상 중재연구에 대한 통합적 고찰]
   └ 학회: 한국산학기술학회 (IF: 1.09)"
945,2022,공학 일반,762335439,서병도,1,0.0,"[수중재활운동치료가 초기 파킨슨 질환 환자의 균형과 보행에 미치는 영향]
   └ 학회: 한국산학기술학회 (IF: 1.09)"
946,2022,공학 일반,554834949,권면재,1,0.0,"[연구개발 단계에서 Modeling & Simulation을 활용한 무기체계 수명주기비용 산출 방안 연구]
   └ 학회: 한국산학기술학회 (IF: 1.09)"
947,2022,공학 일반,355127754,박영민,1,0.0,"[연구개발 단계에서 Modeling & Simulation을 활용한 무기체계 수명주기비용 산출 방안 연구]
   └ 학회: 한국산학기술학회 (IF: 1.09)"
948,2022,공학 일반,830560832,계영진,1,0.0,"[연구개발 단계에서 Modeling & Simulation을 활용한 무기체계 수명주기비용 산출 방안 연구]
   └ 학회: 한국산학기술학회 (IF: 1.09)"
949,2022,공학 일반,780755377,신주환,1,0.0,"[연구개발 단계에서 Modeling & Simulation을 활용한 무기체계 수명주기비용 산출 방안 연구]
   └ 학회: 한국산학기술학회 (IF: 1.09)"
950,2022,공학 일반,420863215,조현주,1,0.0,"[연구개발 단계에서 Modeling & Simulation을 활용한 무기체계 수명주기비용 산출 방안 연구]
   └ 학회: 한국산학기술학회 (IF: 1.09)"
951,2022,공학 일반,141362129,김경숙,1,0.0,"[우리나라 30~64세 성인여성의 폐경 전후 대사증후군 관련요인 -제7기 국민건강영양조사 자료를 중심으로(2016-2018)-]
   └ 학회: 한국산학기술학회 (IF: 1.09)"
952,2022,공학 일반,829816963,장준섭,1,0.0,"[원자력선과 관련된 국내 · 외 규제와 조약에 대한 고찰]
   └ 학회: 한국산학기술학회 (IF: 1.09)"
953,2022,공학 일반,318243710,배영민,1,0.0,"[일반 시민이 인식하는 공직부패 원인의 정량적 연구: 구조방정식모델 활용을 중심으로]
   └ 학회: 한국산학기술학회 (IF: 1.09)"
954,2022,공학 일반,369099462,한승조,1,0.0,"[일반 시민이 인식하는 공직부패 원인의 정량적 연구: 구조방정식모델 활용을 중심으로]
   └ 학회: 한국산학기술학회 (IF: 1.09)"
955,2022,공학 일반,422227813,이상무,1,0.0,"[전력선 전자기파 라인소스의 매설 영향성에 관한 고찰]
   └ 학회: 한국산학기술학회 (IF: 1.09)"
956,2022,공학 일반,513082363,박소영,1,0.0,"[젊은 안무가 지원 사업의 유형별 현황 및 요구도]
   └ 학회: 한국산학기술학회 (IF: 1.09)"
957,2022,공학 일반,5092371,김태용,1,0.0,"[중고령자의 가구 유형이 코로나19로 인한 디지털 기술인식 변화에 미치는 영향: 디지털 정보화 수준의 매개효과를 중심으로]
   └ 학회: 한국산학기술학회 (IF: 1.09)"
958,2022,공학 일반,887177475,최화준,1,0.0,"[중고령자의 가구 유형이 코로나19로 인한 디지털 기술인식 변화에 미치는 영향: 디지털 정보화 수준의 매개효과를 중심으로]
   └ 학회: 한국산학기술학회 (IF: 1.09)"
959,2022,공학 일반,549393089,정주하,1,0.0,"[카약과 조정 남자선수의 신체구성과 체력 요인 비교 · 분석]
   └ 학회: 한국산학기술학회 (IF: 1.09)"
960,2022,공학 일반,997272181,안현경,1,0.0,"[평형 및 칼럼 이온교환에서 ETAH<SUP>+</SUP>에 대한 NH₄<SUP>+</SUP>선택도 특성 연구]
   └ 학회: 한국산학기술학회 (IF: 1.09)"
961,2022,공학 일반,945815320,이인형,1,0.0,"[평형 및 칼럼 이온교환에서 ETAH<SUP>+</SUP>에 대한 NH₄<SUP>+</SUP>선택도 특성 연구]
   └ 학회: 한국산학기술학회 (IF: 1.09)"
962,2022,공학 일반,396860814,나용수,1,0.0,"[프리캐스트 콘크리트를 이용한 신축이음장치의 한강상 교량에서의 시공성 평가]
   └ 학회: 한국산학기술학회 (IF: 1.09)"
963,2022,공학 일반,803614692,이노진,1,0.0,"[프리캐스트 콘크리트를 이용한 신축이음장치의 한강상 교량에서의 시공성 평가]
   └ 학회: 한국산학기술학회 (IF: 1.09)"
964,2022,공학 일반,973657678,조수진,1,0.0,"[프리캐스트 콘크리트를 이용한 신축이음장치의 한강상 교량에서의 시공성 평가]
   └ 학회: 한국산학기술학회 (IF: 1.09)"
965,2022,공학 일반,254902520,서강,1,0.0,"[호텔기업 재무비율의 코로나19 전 · 후 차이 비교분석]
   └ 학회: 한국산학기술학회 (IF: 1.09)"
966,2022,공학 일반,166464774,김시중,1,0.0,"[호텔기업 재무비율의 코로나19 전 · 후 차이 비교분석]
   └ 학회: 한국산학기술학회 (IF: 1.09)"
967,2022,공학 일반,729693,최용준,1,0.0,"[환경시설 재난대응 전문가시스템 개발]
   └ 학회: 한국산학기술학회 (IF: 1.09)"
968,2022,공학 일반,702290006,이주영,1,0.0,"[환경시설 재난대응 전문가시스템 개발]
   └ 학회: 한국산학기술학회 (IF: 1.09)"
969,2022,공학 일반,594858114,이동섭,1,0.0,"[환경시설 재난대응 전문가시스템 개발]
   └ 학회: 한국산학기술학회 (IF: 1.09)"
970,2022,공학 일반,157843015,이상호,1,0.0,"[환경시설 재난대응 전문가시스템 개발]
   └ 학회: 한국산학기술학회 (IF: 1.09)"
971,2022,공학 일반,596711697,이문섭,1,0.0,"[3차원 프로파일 데이터 및 도로포장 균열 깊이 변화량에 따른 도로포장의 균열검출 노이즈 제거 기법 성능분석]
   └ 학회: 한국산학기술학회 (IF: 1.09)"
972,2022,공학 일반,909947925,김윤현,1,0.0,"[저전류 측정 정밀도 개선형 새로운 혼합형 로고스키 코일 개발]
   └ 학회: 한국산학기술학회 (IF: 1.09)"
973,2022,공학 일반,414714517,김정남,1,0.0,"[저전류 측정 정밀도 개선형 새로운 혼합형 로고스키 코일 개발]
   └ 학회: 한국산학기술학회 (IF: 1.09)"
974,2022,공학 일반,841304055,장성원,1,0.0,"[승강기 사고사례 중 이용자 과실 분석을 통한 사고예방을 위한 안전관리 대책 연구]
   └ 학회: 한국산학기술학회 (IF: 1.09)"
975,2022,공학 일반,145603076,오현석,1,0.0,"[광음향 변조기의 단일 경로와 이중 경로를 동시에 사용한 이종 간섭계 방식의 레이저 도플러 진동계]
   └ 학회: 한국산학기술학회 (IF: 1.09)"
976,2022,공학 일반,557853201,정연홍,1,0.0,"[광음향 변조기의 단일 경로와 이중 경로를 동시에 사용한 이종 간섭계 방식의 레이저 도플러 진동계]
   └ 학회: 한국산학기술학회 (IF: 1.09)"
977,2022,공학 일반,518963952,조재흥,1,0.0,"[광음향 변조기의 단일 경로와 이중 경로를 동시에 사용한 이종 간섭계 방식의 레이저 도플러 진동계]
   └ 학회: 한국산학기술학회 (IF: 1.09)"
978,2022,공학 일반,724846164,이후동,1,0.0,"[PSCAD/EMTDC를 이용한 ±35kV급 MVDC 실증 배전망의 모델링 및 사고특성에 관한 연구]
   └ 학회: 한국산학기술학회 (IF: 1.09)"
979,2022,공학 일반,279971137,최희영,1,0.0,"[신체안정화운동 후 고등학교 핸드볼, 축구, 배구 구기종목 운동선수들의 유연성과 평형성 향상 비교]
   └ 학회: 한국산학기술학회 (IF: 1.09)"
980,2022,공학 일반,756095334,서형필,1,0.0,"[Yagi-Uda 안테나를 이용한 무인표적기 통신 끊김 현상의 트러블 슈팅]
   └ 학회: 한국산학기술학회 (IF: 1.09)"
981,2022,공학 일반,486257832,조규룡,1,0.0,"[Yagi-Uda 안테나를 이용한 무인표적기 통신 끊김 현상의 트러블 슈팅]
   └ 학회: 한국산학기술학회 (IF: 1.09)"
982,2022,공학 일반,409583420,최미영,1,0.0,"[국내 로봇 SI기업의 로봇시스템 구축 역량 분석]
   └ 학회: 한국산학기술학회 (IF: 1.09)"
983,2022,공학 일반,315235349,김민교,1,0.0,"[국내 로봇 SI기업의 로봇시스템 구축 역량 분석]
   └ 학회: 한국산학기술학회 (IF: 1.09)"
984,2022,공학 일반,559473177,전진우,1,0.0,"[국내 로봇 SI기업의 로봇시스템 구축 역량 분석]
   └ 학회: 한국산학기술학회 (IF: 1.09)"
985,2022,공학 일반,698353840,전지혜,1,0.0,"[근로장애인의 소득과 건강상태가 삶의 만족도에 미치는 영향: 소극적 여가활동 및 적극적 여가활동의 다중매개효과를 중심으로]
   └ 학회: 한국산학기술학회 (IF: 1.09)"
986,2022,공학 일반,272209363,남지현,1,0.0,"[근로장애인의 소득과 건강상태가 삶의 만족도에 미치는 영향: 소극적 여가활동 및 적극적 여가활동의 다중매개효과를 중심으로]
   └ 학회: 한국산학기술학회 (IF: 1.09)"
987,2022,공학 일반,883198003,한남기,1,0.0,"[니트 소재가 적용된 캐주얼 아우터의 구매행동 및 디자인 선호도]
   └ 학회: 한국산학기술학회 (IF: 1.09)"
988,2022,공학 일반,319942227,문유민,1,0.0,"[대중음악을 통한 주제 전달 -BTS 디지털 싱글 Dynamite를 중심으로-]
   └ 학회: 한국산학기술학회 (IF: 1.09)"
989,2022,공학 일반,198269338,정명자,1,0.0,"[독서치료 프로그램의 변인에 따른 메타분석]
   └ 학회: 한국산학기술학회 (IF: 1.09)"
990,2022,공학 일반,803318938,김민주,1,0.0,"[독서치료 프로그램의 변인에 따른 메타분석]
   └ 학회: 한국산학기술학회 (IF: 1.09)"
991,2022,공학 일반,127582256,이공이,1,0.0,"[마음챙김 명상이 주식투자자의 마음챙김, 집착과 정량뇌파에 미치는 효과 연구]
   └ 학회: 한국산학기술학회 (IF: 1.09)"
992,2022,공학 일반,805792665,김수현,1,0.0,"[바세나르체제 군용물자목록에 기반한 국방기술통제목록 개선 연구]
   └ 학회: 한국산학기술학회 (IF: 1.09)"
993,2022,공학 일반,842989170,김민철,1,0.0,"[바세나르체제 군용물자목록에 기반한 국방기술통제목록 개선 연구]
   └ 학회: 한국산학기술학회 (IF: 1.09)"
994,2022,공학 일반,681168301,조윤경,1,0.0,"[바세나르체제 군용물자목록에 기반한 국방기술통제목록 개선 연구]
   └ 학회: 한국산학기술학회 (IF: 1.09)"
995,2022,공학 일반,395211601,양정은,1,0.0,"[바세나르체제 군용물자목록에 기반한 국방기술통제목록 개선 연구]
   └ 학회: 한국산학기술학회 (IF: 1.09)"
996,2022,공학 일반,200335749,장일호,1,0.0,"[바세나르체제 군용물자목록에 기반한 국방기술통제목록 개선 연구]
   └ 학회: 한국산학기술학회 (IF: 1.09)"
997,2022,공학 일반,2115299,천기현,1,0.0,"[방산원가제도 변화에 따른 무기체계 비용분석 영향에 관한 연구]
   └ 학회: 한국산학기술학회 (IF: 1.09)"
998,2022,공학 일반,875503049,박정남,1,0.0,"[방산원가제도 변화에 따른 무기체계 비용분석 영향에 관한 연구]
   └ 학회: 한국산학기술학회 (IF: 1.09)"
999,2022,공학 일반,530221711,김준영,1,0.0,"[방산원가제도 변화에 따른 무기체계 비용분석 영향에 관한 연구]
   └ 학회: 한국산학기술학회 (IF: 1.09)"
1000,2022,공학 일반,432625,김기범,1,0.0,"[분산제조환경에서 VMI 기반의 원자재 통합관리 기법에 관한 연구]
   └ 학회: 한국산학기술학회 (IF: 1.09)"
1001,2022,공학 일반,421148927,이승현,1,0.0,"[비탈끝 배수공이 설치된 균질제방의 침투특성에 대한 해석적 연구]
   └ 학회: 한국산학기술학회 (IF: 1.09)"
1002,2022,공학 일반,507370016,김응석,1,0.0,"[비탈끝 배수공이 설치된 균질제방의 침투특성에 대한 해석적 연구]
   └ 학회: 한국산학기술학회 (IF: 1.09)"
1003,2022,공학 일반,897548637,하상집,1,0.0,"[소셜 로봇 표정에 대한 사용자의 반응에 관한 연구: 아이트래커를 통한 사용자 시선 데이터를 중심으로]
   └ 학회: 한국산학기술학회 (IF: 1.09)"
1004,2022,공학 일반,182768324,유성훈,1,0.0,"[소셜 로봇 표정에 대한 사용자의 반응에 관한 연구: 아이트래커를 통한 사용자 시선 데이터를 중심으로]
   └ 학회: 한국산학기술학회 (IF: 1.09)"
1005,2022,공학 일반,212778990,박도형,1,0.0,"[소셜 로봇 표정에 대한 사용자의 반응에 관한 연구: 아이트래커를 통한 사용자 시선 데이터를 중심으로]
   └ 학회: 한국산학기술학회 (IF: 1.09)"
1006,2022,공학 일반,104635,이종호,1,0.0,"[스마트홈 활성화를 위한 서비스 분야의 연구동향 분석: 국외 연구동향 및 등재학술지를 중심으로]
   └ 학회: 한국산학기술학회 (IF: 1.09)"
1007,2022,공학 일반,863630803,이재욱,1,0.0,"[스마트홈 활성화를 위한 서비스 분야의 연구동향 분석: 국외 연구동향 및 등재학술지를 중심으로]
   └ 학회: 한국산학기술학회 (IF: 1.09)"
1008,2022,공학 일반,525619041,서동구,1,0.0,"[스마트홈 활성화를 위한 서비스 분야의 연구동향 분석: 국외 연구동향 및 등재학술지를 중심으로]
   └ 학회: 한국산학기술학회 (IF: 1.09)"
1009,2022,공학 일반,552927361,황은경,1,0.0,"[스마트홈 활성화를 위한 서비스 분야의 연구동향 분석: 국외 연구동향 및 등재학술지를 중심으로]
   └ 학회: 한국산학기술학회 (IF: 1.09)"
1010,2022,공학 일반,734621593,진학은,1,0.0,"[시뮬레이션을 활용한 전시 복합 운송 의사결정방안 연구]
   └ 학회: 한국산학기술학회 (IF: 1.09)"
1011,2022,공학 일반,196781959,박승배,1,0.0,"[시뮬레이션을 활용한 전시 복합 운송 의사결정방안 연구]
   └ 학회: 한국산학기술학회 (IF: 1.09)"
1012,2022,공학 일반,5096635,서창열,1,0.0,"[시뮬레이션을 활용한 전시 복합 운송 의사결정방안 연구]
   └ 학회: 한국산학기술학회 (IF: 1.09)"
1013,2022,공학 일반,778790015,이광희,1,0.0,"[아역청탄의 자연 발화 측정 방법]
   └ 학회: 한국산학기술학회 (IF: 1.09)"
1014,2022,공학 일반,639458934,유지현,1,0.0,"[여대생의 친환경 태도, 친환경 행동, 세계시민성의 관계 분석]
   └ 학회: 한국산학기술학회 (IF: 1.09)"
1015,2022,공학 일반,187912157,윤양호,1,0.0,"[영광 연안, 온배수 배출해역 수괴 및 식물플랑크톤 군집의 시 · 공간적 변동 특성]
   └ 학회: 한국산학기술학회 (IF: 1.09)"
1016,2022,공학 일반,841141638,이유림,1,0.0,"[외모지상주의에 대한 감성적 경향과 패션에 대한 인식]
   └ 학회: 한국산학기술학회 (IF: 1.09)"
1017,2022,공학 일반,419597533,유진우,1,0.0,"[외모지상주의에 대한 감성적 경향과 패션에 대한 인식]
   └ 학회: 한국산학기술학회 (IF: 1.09)"
1018,2022,공학 일반,719159189,김민정,1,0.0,"[우리나라 성인 남성의 고위험 음주 관련요인: 제7기 국민건강영양조사(2016∼2018)]
   └ 학회: 한국산학기술학회 (IF: 1.09)"
1019,2022,공학 일반,407416631,김형식,1,0.0,"[인접한 전기자동차의 화재 성상에 관한 실험 연구]
   └ 학회: 한국산학기술학회 (IF: 1.09)"
1020,2022,공학 일반,311200443,이수호,1,0.0,"[인접한 전기자동차의 화재 성상에 관한 실험 연구]
   └ 학회: 한국산학기술학회 (IF: 1.09)"
1021,2022,공학 일반,122817014,김태동,1,0.0,"[인접한 전기자동차의 화재 성상에 관한 실험 연구]
   └ 학회: 한국산학기술학회 (IF: 1.09)"
1022,2022,공학 일반,602076644,최아영,1,0.0,"[인접한 전기자동차의 화재 성상에 관한 실험 연구]
   └ 학회: 한국산학기술학회 (IF: 1.09)"
1023,2022,공학 일반,525539958,정명선,1,0.0,"[자기조절이 이직의도에 미치는 영향 : 보육교사에 대한 자율성 지지의 조절효과]
   └ 학회: 한국산학기술학회 (IF: 1.09)"
1024,2022,공학 일반,3485667,박유선,1,0.0,"[자율주행 자동차의 세그먼트 모델 제안을 위한 모빌리티 퍼니처 구성 연구]
   └ 학회: 한국산학기술학회 (IF: 1.09)"
1025,2022,공학 일반,804327,이정수,1,0.0,"[장애인 재난인식 및 피난행태 특성 분석 -도심업무시설 사례를 중심으로-]
   └ 학회: 한국산학기술학회 (IF: 1.09)"
1026,2022,공학 일반,989242255,권용원,1,0.0,"[장애인 재난인식 및 피난행태 특성 분석 -도심업무시설 사례를 중심으로-]
   └ 학회: 한국산학기술학회 (IF: 1.09)"
1027,2022,공학 일반,213017042,오영숙,1,0.0,"[장애인 재난인식 및 피난행태 특성 분석 -도심업무시설 사례를 중심으로-]
   └ 학회: 한국산학기술학회 (IF: 1.09)"
1028,2022,공학 일반,717065363,하승용,1,0.0,"[장애인 재난인식 및 피난행태 특성 분석 -도심업무시설 사례를 중심으로-]
   └ 학회: 한국산학기술학회 (IF: 1.09)"
1029,2022,공학 일반,677822496,강지호,1,0.0,"[지속가능경영이 기업 신뢰, 비재무적 경영성과 및 사회적 가치에 미치는 영향]
   └ 학회: 한국산학기술학회 (IF: 1.09)"
1030,2022,공학 일반,232237330,서미옥,1,0.0,"[지속가능경영이 기업 신뢰, 비재무적 경영성과 및 사회적 가치에 미치는 영향]
   └ 학회: 한국산학기술학회 (IF: 1.09)"
1031,2022,공학 일반,909269591,윤성욱,1,0.0,"[지속가능경영이 기업 신뢰, 비재무적 경영성과 및 사회적 가치에 미치는 영향]
   └ 학회: 한국산학기술학회 (IF: 1.09)"
1032,2022,공학 일반,143688766,정도윤,1,0.0,"[창업기업 CEO의 윤리적 리더십과 변혁적 리더십이 조직성과에 미치는 영향연구]
   └ 학회: 한국산학기술학회 (IF: 1.09)"
1033,2022,공학 일반,161756991,노승백,1,0.0,"[초친수 물질을 이용한 안경 렌즈(CR-39) 표면의 김서림 방지 연구]
   └ 학회: 한국산학기술학회 (IF: 1.09)"
1034,2022,공학 일반,296676839,정지윤,1,0.0,"[코로나 19시대의 업무시간 외 업무관련 정보통신기술의 사용이 지식은폐에 미치는 영향]
   └ 학회: 한국산학기술학회 (IF: 1.09)"
1035,2022,공학 일반,167182990,박미소,1,0.0,"[콘크리트 강도에 따른 탄소섬유시트의 보강효과에 관한 실험적 연구]
   └ 학회: 한국산학기술학회 (IF: 1.09)"
1036,2022,공학 일반,820902914,손세창,1,0.0,"[포스트 코로나19 시대 공항의 디지털 트랜스포메이션을 통한 공항운영에서 혁신적 비즈니스 모델 적용 연구]
   └ 학회: 한국산학기술학회 (IF: 1.09)"
1037,2022,공학 일반,965043279,윤한영,1,0.0,"[포스트 코로나19 시대 공항의 디지털 트랜스포메이션을 통한 공항운영에서 혁신적 비즈니스 모델 적용 연구]
   └ 학회: 한국산학기술학회 (IF: 1.09)"
1038,2022,공학 일반,408444769,서강민,1,0.0,"[Effects of Fermented Milk Supplements on the Growth Performance and Gut Conditions in Piglets during the Pre-and Post-Weaning Periods]
   └ 학회: 한국산학기술학회 (IF: 1.09)"
1039,2022,공학 일반,268706949,Ha-Seung Seong,1,0.0,"[Effects of Fermented Milk Supplements on the Growth Performance and Gut Conditions in Piglets during the Pre-and Post-Weaning Periods]
   └ 학회: 한국산학기술학회 (IF: 1.09)"
1040,2022,공학 일반,925193123,김조은,1,0.0,"[Effects of Fermented Milk Supplements on the Growth Performance and Gut Conditions in Piglets during the Pre-and Post-Weaning Periods]
   └ 학회: 한국산학기술학회 (IF: 1.09)"
1041,2022,공학 일반,839536395,Ki-Hyun Kim,1,0.0,"[Effects of Fermented Milk Supplements on the Growth Performance and Gut Conditions in Piglets during the Pre-and Post-Weaning Periods]
   └ 학회: 한국산학기술학회 (IF: 1.09)"
1042,2022,공학 일반,136756480,남기택,1,0.0,"[Effects of Fermented Milk Supplements on the Growth Performance and Gut Conditions in Piglets during the Pre-and Post-Weaning Periods]
   └ 학회: 한국산학기술학회 (IF: 1.09)"
1043,2022,공학 일반,436880266,남기춘,1,0.0,"[한국어 어절재인 시에 나타나는 첫 음절 빈도 효과의 좌우반구 편중과 협응]
   └ 학회: 한국산학기술학회 (IF: 1.09)"
1044,2022,공학 일반,536298994,김준섭,1,0.0,"[항균강화유리를 적용한 기능성 어항 개발]
   └ 학회: 한국산학기술학회 (IF: 1.09)"
1045,2022,공학 일반,948515385,김명근,1,0.0,"[현행 건축프로세스 기반의 BIM 도입을 위한 단계별 정보체계 구축에 관한 연구 -도면 및 서류 구성정보를 중심으로-]
   └ 학회: 한국산학기술학회 (IF: 1.09)"
1046,2022,공학 일반,432922344,강찬,1,0.0,"[현행 건축프로세스 기반의 BIM 도입을 위한 단계별 정보체계 구축에 관한 연구 -도면 및 서류 구성정보를 중심으로-]
   └ 학회: 한국산학기술학회 (IF: 1.09)"
1047,2022,공학 일반,405239354,고인룡,1,0.0,"[현행 건축프로세스 기반의 BIM 도입을 위한 단계별 정보체계 구축에 관한 연구 -도면 및 서류 구성정보를 중심으로-]
   └ 학회: 한국산학기술학회 (IF: 1.09)"
1048,2022,공학 일반,452417932,이정우,1,0.0,"[전력 케이블의 수트리 발생여부 추정에 관한 연구]
   └ 학회: 한국산학기술학회 (IF: 1.09)"
1049,2022,공학 일반,141690673,오용택,1,0.0,"[전력 케이블의 수트리 발생여부 추정에 관한 연구]
   └ 학회: 한국산학기술학회 (IF: 1.09)"
1050,2022,공학 일반,803293051,김두원,1,0.0,"[CaWO₄와 BaV₂O<SUB>6</SUB>를 이용한 초저온 동시소성 세라믹 제조]
   └ 학회: 한국산학기술학회 (IF: 1.09)"
1051,2022,공학 일반,838608135,이경호,1,0.0,"[CaWO₄와 BaV₂O<SUB>6</SUB>를 이용한 초저온 동시소성 세라믹 제조]
   └ 학회: 한국산학기술학회 (IF: 1.09)"
1052,2022,공학 일반,418252662,한문환,1,0.0,"[가혹 조건을 고려한 무선이어폰 배터리 유지 시간 측정 방법에 관한 연구]
   └ 학회: 한국산학기술학회 (IF: 1.09)"
1053,2022,공학 일반,779845427,정인호,1,0.0,"[가혹 조건을 고려한 무선이어폰 배터리 유지 시간 측정 방법에 관한 연구]
   └ 학회: 한국산학기술학회 (IF: 1.09)"
1054,2022,공학 일반,949702821,구병춘,1,0.0,"[SM490A 용접시편의 초음파 핀 피닝 및 피로수명 평가]
   └ 학회: 한국산학기술학회 (IF: 1.09)"
1055,2022,공학 일반,685472201,박현식,1,0.0,"[마이크로 구조체의 전극 거동에 미치는 증착 박막의 효과]
   └ 학회: 한국산학기술학회 (IF: 1.09)"
1056,2022,공학 일반,835729710,이승원,1,0.0,"[마스터배치로부터 제조된 자원 순환형 탄소필러기반 탄소복합소재의 열적 및 기계적 물성 개선]
   └ 학회: 한국산학기술학회 (IF: 1.09)"
1057,2022,공학 일반,807211661,손태준,1,0.0,"[마스터배치로부터 제조된 자원 순환형 탄소필러기반 탄소복합소재의 열적 및 기계적 물성 개선]
   └ 학회: 한국산학기술학회 (IF: 1.09)"
1058,2022,공학 일반,260095913,김수연,1,0.0,"[마스터배치로부터 제조된 자원 순환형 탄소필러기반 탄소복합소재의 열적 및 기계적 물성 개선]
   └ 학회: 한국산학기술학회 (IF: 1.09)"
1059,2022,공학 일반,403859390,남병욱,1,0.0,"[마스터배치로부터 제조된 자원 순환형 탄소필러기반 탄소복합소재의 열적 및 기계적 물성 개선]
   └ 학회: 한국산학기술학회 (IF: 1.09)"
1060,2022,공학 일반,157643199,차지현,1,0.0,"[K200계열 기동차량용 팬 유압모터의 이중씰 적용을 통한 오일 누유 개선 연구]
   └ 학회: 한국산학기술학회 (IF: 1.09)"
1061,2022,공학 일반,691362711,신명준,1,0.0,"[K200계열 기동차량용 팬 유압모터의 이중씰 적용을 통한 오일 누유 개선 연구]
   └ 학회: 한국산학기술학회 (IF: 1.09)"
1062,2022,공학 일반,659561506,안홍준,1,0.0,"[12주간 크로스핏 파워 트레이닝이 20대 남성의 운동수행력 및 근기능에 미치는 영향]
   └ 학회: 한국산학기술학회 (IF: 1.09)"
1063,2022,공학 일반,176730271,김대열,1,0.0,"[12주간 크로스핏 파워 트레이닝이 20대 남성의 운동수행력 및 근기능에 미치는 영향]
   └ 학회: 한국산학기술학회 (IF: 1.09)"
1064,2022,공학 일반,355497496,최지영,1,0.0,"[COVID-19 상황에서 간호사의 감정노동과 피로가 수면의 질에 미치는 영향]
   └ 학회: 한국산학기술학회 (IF: 1.09)"
1065,2022,공학 일반,156804909,김현영,1,0.0,"[COVID-19 상황에서 간호사의 감정노동과 피로가 수면의 질에 미치는 영향]
   └ 학회: 한국산학기술학회 (IF: 1.09)"
1066,2022,공학 일반,271045433,정연호,1,0.0,"[GMAW Narrow Gap Welding을 활용한 전차 용접방법 개선에 관한 연구]
   └ 학회: 한국산학기술학회 (IF: 1.09)"
1067,2022,공학 일반,187880015,김규환,1,0.0,"[R&D협업 기관들의 공간적 분포와 지역 간 네트워크 분석 -정보통신, 바이오, 에너지 산업을 중심으로-]
   └ 학회: 한국산학기술학회 (IF: 1.09)"
1068,2022,공학 일반,904350711,이예진,1,0.0,"[감성 인터랙션 과정에서의 시선움직임 분석을 위한 시선 엔트로피 활용방안에 관한 고찰]
   └ 학회: 한국산학기술학회 (IF: 1.09)"
1069,2022,공학 일반,222694298,홍주표,1,0.0,"[감성 인터랙션 과정에서의 시선움직임 분석을 위한 시선 엔트로피 활용방안에 관한 고찰]
   └ 학회: 한국산학기술학회 (IF: 1.09)"
1070,2022,공학 일반,418607748,정광태,1,0.0,"[감성 인터랙션 과정에서의 시선움직임 분석을 위한 시선 엔트로피 활용방안에 관한 고찰]
   └ 학회: 한국산학기술학회 (IF: 1.09)"
1071,2022,공학 일반,439915473,곽희정,1,0.0,"[강력범죄피해자의 과거 정서학대 경험과 외상후스트레스장애 증상간의 관계에서 수치심의 매개효과]
   └ 학회: 한국산학기술학회 (IF: 1.09)"
1072,2022,공학 일반,112717857,국혜윤,1,0.0,"[강력범죄피해자의 과거 정서학대 경험과 외상후스트레스장애 증상간의 관계에서 수치심의 매개효과]
   └ 학회: 한국산학기술학회 (IF: 1.09)"
1073,2022,공학 일반,560308628,임남열,1,0.0,"[강력범죄피해자의 과거 정서학대 경험과 외상후스트레스장애 증상간의 관계에서 수치심의 매개효과]
   └ 학회: 한국산학기술학회 (IF: 1.09)"
1074,2022,공학 일반,610033660,이임정,1,0.0,"[경기도 골프장 입지특성 연구]
   └ 학회: 한국산학기술학회 (IF: 1.09)"
1075,2022,공학 일반,795954711,최주영,1,0.0,"[경기도 골프장 입지특성 연구]
   └ 학회: 한국산학기술학회 (IF: 1.09)"
1076,2022,공학 일반,339913721,유평수,1,0.0,"[고등학교 교사가 인식한 학교장의 분산적 지도성이 직무만족에 미치는 영향에서 교사 임파워먼트와 학교장신뢰의 매개효과]
   └ 학회: 한국산학기술학회 (IF: 1.09)"
1077,2022,공학 일반,858135646,임명희,1,0.0,"[고등학교 교사가 인식한 학교장의 분산적 지도성이 직무만족에 미치는 영향에서 교사 임파워먼트와 학교장신뢰의 매개효과]
   └ 학회: 한국산학기술학회 (IF: 1.09)"
1078,2022,공학 일반,709329946,신명원,1,0.0,"[고에너지 레이저(HEL) 무기체계 발전방안 연구]
   └ 학회: 한국산학기술학회 (IF: 1.09)"
1079,2022,공학 일반,372432660,권경민,1,0.0,"[대규모 고객사와 공급기업의 상생과 혁신역량]
   └ 학회: 한국산학기술학회 (IF: 1.09)"
1080,2022,공학 일반,949844831,정호진,1,0.0,"[대규모 고객사와 공급기업의 상생과 혁신역량]
   └ 학회: 한국산학기술학회 (IF: 1.09)"
1081,2022,공학 일반,5119245,심태은,1,0.0,"[대학생이 생각하는 현장실습에 대한 인식 연구]
   └ 학회: 한국산학기술학회 (IF: 1.09)"
1082,2022,공학 일반,707362123,양윤정,1,0.0,"[대학생이 생각하는 현장실습에 대한 인식 연구]
   └ 학회: 한국산학기술학회 (IF: 1.09)"
1083,2022,공학 일반,754916141,노기남,1,0.0,"[민간아파트의 주거 품질과 주거만족, 브랜드 충성도, 추천의도 간의 구조적 관계 분석]
   └ 학회: 한국산학기술학회 (IF: 1.09)"
1084,2022,공학 일반,548152597,윤효진,1,0.0,"[민간아파트의 주거 품질과 주거만족, 브랜드 충성도, 추천의도 간의 구조적 관계 분석]
   └ 학회: 한국산학기술학회 (IF: 1.09)"
1085,2022,공학 일반,213219434,구승환,1,0.0,"[방탄시험용 탄약의 관통력 비교 연구]
   └ 학회: 한국산학기술학회 (IF: 1.09)"
1086,2022,공학 일반,592614338,김영철,1,0.0,"[방탄시험용 탄약의 관통력 비교 연구]
   └ 학회: 한국산학기술학회 (IF: 1.09)"
1087,2022,공학 일반,549223883,송승환,1,0.0,"[방탄시험용 탄약의 관통력 비교 연구]
   └ 학회: 한국산학기술학회 (IF: 1.09)"
1088,2022,공학 일반,245930207,고동현,1,0.0,"[K56 탄약운반차 엔진용 실린더 블록 등 3종 국산화 개발을 통한 시험평가 방안 설계에 관한 연구]
   └ 학회: 한국산학기술학회 (IF: 1.09)"
1089,2022,공학 일반,804732798,문태상,1,0.0,"[K56 탄약운반차 엔진용 실린더 블록 등 3종 국산화 개발을 통한 시험평가 방안 설계에 관한 연구]
   └ 학회: 한국산학기술학회 (IF: 1.09)"
1090,2022,공학 일반,621522406,전진명,1,0.0,"[서비스종사자의 커뮤니케이션 특성이 라포형성과 관계의 질에 미치는 영향]
   └ 학회: 한국산학기술학회 (IF: 1.09)"
1091,2022,공학 일반,621331893,황선일,1,0.0,"[선·화주 상생협력에 관한 인식조사와 발전 방향 연구]
   └ 학회: 한국산학기술학회 (IF: 1.09)"
1092,2022,공학 일반,642836678,박세훈,1,0.0,"[선·화주 상생협력에 관한 인식조사와 발전 방향 연구]
   └ 학회: 한국산학기술학회 (IF: 1.09)"
1093,2022,공학 일반,783929216,최나영환,1,0.0,"[선·화주 상생협력에 관한 인식조사와 발전 방향 연구]
   └ 학회: 한국산학기술학회 (IF: 1.09)"
1094,2022,공학 일반,288509978,심주아,1,0.0,"[소수성 고분자를 이용한 미라베그론 함유 서방성 정제의 개발]
   └ 학회: 한국산학기술학회 (IF: 1.09)"
1095,2022,공학 일반,210894095,박소현,1,0.0,"[흠집 없는 h-MoO₃ 나노막대의 용이한 합성법]
   └ 학회: 한국산학기술학회 (IF: 1.09)"
1096,2022,공학 일반,260253957,제승완,1,0.0,"[악보의 음표 인식을 위한 형태학 기반의 오선 제거]
   └ 학회: 한국산학기술학회 (IF: 1.09)"
1097,2022,공학 일반,857684908,이덕우,1,0.0,"[악보의 음표 인식을 위한 형태학 기반의 오선 제거]
   └ 학회: 한국산학기술학회 (IF: 1.09)"
1098,2022,공학 일반,155178779,주진희,1,0.0,"[염화칼슘 농도에 따른 자생 구절초의 종자발아 및 유묘생장 반응]
   └ 학회: 한국산학기술학회 (IF: 1.09)"
1099,2022,공학 일반,613330191,함현,1,0.0,"[영상 표현에 있어서 공간과 장소의 상호매체성에 관한 연구 -영화 〈미나리〉를 중심으로-]
   └ 학회: 한국산학기술학회 (IF: 1.09)"
1100,2022,공학 일반,700288444,성은숙,1,0.0,"[운동 중재가 한국 마른 비만 여성의 체 성분, 혈액 성상 및 체력 요인에 미치는 효과크기 분석]
   └ 학회: 한국산학기술학회 (IF: 1.09)"
1101,2022,공학 일반,211697594,임종욱,1,0.0,"[유전 알고리즘을 활용한 야전 배치된 군 시스템의 성능 복원 시점 결정]
   └ 학회: 한국산학기술학회 (IF: 1.09)"
1102,2022,공학 일반,5186702,김태완,1,0.0,"[유전 알고리즘을 활용한 야전 배치된 군 시스템의 성능 복원 시점 결정]
   └ 학회: 한국산학기술학회 (IF: 1.09)"
1103,2022,공학 일반,531141346,홍석환,1,0.0,"[유전 알고리즘을 활용한 야전 배치된 군 시스템의 성능 복원 시점 결정]
   └ 학회: 한국산학기술학회 (IF: 1.09)"
1104,2022,공학 일반,5131348,류준열,1,0.0,"[유전 알고리즘을 활용한 야전 배치된 군 시스템의 성능 복원 시점 결정]
   └ 학회: 한국산학기술학회 (IF: 1.09)"
1105,2022,공학 일반,918166305,김승대,1,0.0,"[일부 대학생들의 코로나바이러스감염증-19에 대한 예방인식의 분석]
   └ 학회: 한국산학기술학회 (IF: 1.09)"
1106,2022,공학 일반,560129001,오정택,1,0.0,"[자폭형 군집 드론의 전투모형에 관한 연구]
   └ 학회: 한국산학기술학회 (IF: 1.09)"
1107,2022,공학 일반,735277021,최진숙,1,0.0,"[전문대학의 교양교육 현황 및 요구도 분석]
   └ 학회: 한국산학기술학회 (IF: 1.09)"
1108,2022,공학 일반,397825503,진선미,1,0.0,"[전문대학의 교양교육 현황 및 요구도 분석]
   └ 학회: 한국산학기술학회 (IF: 1.09)"
1109,2022,공학 일반,299255649,정혜영,1,0.0,"[전문대학의 교양교육 현황 및 요구도 분석]
   └ 학회: 한국산학기술학회 (IF: 1.09)"
1110,2022,공학 일반,503763468,하정윤,1,0.0,"[전문대학의 교양교육 현황 및 요구도 분석]
   └ 학회: 한국산학기술학회 (IF: 1.09)"
1111,2022,공학 일반,890288559,송동건,1,0.0,"[무기체계 패키지형 응용연구 적용을 통한 국방핵심기술의 무기체계 활용률 향상에 관한 연구]
   └ 학회: 한국산학기술학회 (IF: 1.09)"
1112,2022,공학 일반,979365039,임종원,1,0.0,"[MZ 세대 신병정신전력 교육방법별 효과분석에 관한 연구]
   └ 학회: 한국산학기술학회 (IF: 1.09)"
1113,2022,공학 일반,808523917,송인회,1,0.0,"[중대재해처벌법 시행에 따른 안전보건경영시스템 효율적인 운영방안]
   └ 학회: 한국산학기술학회 (IF: 1.09)"
1114,2022,공학 일반,507312713,김기성,1,0.0,"[중대재해처벌법 시행에 따른 안전보건경영시스템 효율적인 운영방안]
   └ 학회: 한국산학기술학회 (IF: 1.09)"
1115,2022,공학 일반,642562424,류재민,1,0.0,"[중대재해처벌법 시행에 따른 안전보건경영시스템 효율적인 운영방안]
   └ 학회: 한국산학기술학회 (IF: 1.09)"
1116,2022,공학 일반,575423914,여열,1,0.0,"[중등 예비교사의 플립러닝(Flipped Learning) 수업 효과 탐색: 교직수업(교육방법 및 교육공학)을 중심으로]
   └ 학회: 한국산학기술학회 (IF: 1.09)"
1117,2022,공학 일반,994855367,이용직,1,0.0,"[중등 예비교사의 플립러닝(Flipped Learning) 수업 효과 탐색: 교직수업(교육방법 및 교육공학)을 중심으로]
   └ 학회: 한국산학기술학회 (IF: 1.09)"
1118,2022,공학 일반,419469933,원정달,1,0.0,"[중소기업 경영자의 전략적 리더십, 구성원의 심리적 임파워먼트, 직무열의, 혁신행동 간의 구조적 관계 분석]
   └ 학회: 한국산학기술학회 (IF: 1.09)"
1119,2022,공학 일반,665089158,정기수,1,0.0,"[중소기업 경영자의 전략적 리더십, 구성원의 심리적 임파워먼트, 직무열의, 혁신행동 간의 구조적 관계 분석]
   └ 학회: 한국산학기술학회 (IF: 1.09)"
1120,2022,공학 일반,833582729,홍동욱,1,0.0,"[지구타원체 계수추정 모델을 이용한 고속표적의 발사지점 및 탄착지점 예측]
   └ 학회: 한국산학기술학회 (IF: 1.09)"
1121,2022,공학 일반,911764981,김주현,1,0.0,"[지구타원체 계수추정 모델을 이용한 고속표적의 발사지점 및 탄착지점 예측]
   └ 학회: 한국산학기술학회 (IF: 1.09)"
1122,2022,공학 일반,256894219,박진원,1,0.0,"[전산지원 시스템엔지니어링 자동화 환경을 이용한 한국형 경항공모함 설계조합 및 최적대안 산출 기술 연구]
   └ 학회: 한국산학기술학회 (IF: 1.09)"
1123,2022,공학 일반,485972499,이광기,1,0.0,"[전산지원 시스템엔지니어링 자동화 환경을 이용한 한국형 경항공모함 설계조합 및 최적대안 산출 기술 연구]
   └ 학회: 한국산학기술학회 (IF: 1.09)"
1124,2022,공학 일반,845051193,김윤수,1,0.0,"[청년 대상 일차 의료 주치의 상담프로그램 경험에 관한 연구]
   └ 학회: 한국산학기술학회 (IF: 1.09)"
1125,2022,공학 일반,340596305,석다솜,1,0.0,"[청년농업인 지원정책의 개선방안]
   └ 학회: 한국산학기술학회 (IF: 1.09)"
1126,2022,공학 일반,169934383,이상래,1,0.0,"[청년농업인 지원정책의 개선방안]
   └ 학회: 한국산학기술학회 (IF: 1.09)"
1127,2022,공학 일반,743349064,김윤호,1,0.0,"[청년농업인 지원정책의 개선방안]
   └ 학회: 한국산학기술학회 (IF: 1.09)"
1128,2022,공학 일반,295908619,김상현,1,0.0,"[최하사점을 고려한 안전대 고정점 선정에 대한 연구]
   └ 학회: 한국산학기술학회 (IF: 1.09)"
1129,2022,공학 일반,704608544,한용흠,1,0.0,"[최하사점을 고려한 안전대 고정점 선정에 대한 연구]
   └ 학회: 한국산학기술학회 (IF: 1.09)"
1130,2022,공학 일반,735440776,이무송,1,0.0,"[최하사점을 고려한 안전대 고정점 선정에 대한 연구]
   └ 학회: 한국산학기술학회 (IF: 1.09)"
1131,2022,공학 일반,119813292,김지혜,1,0.0,"[코로나19상황에서 당뇨병 치료율의 지역 간 변이요인 분석]
   └ 학회: 한국산학기술학회 (IF: 1.09)"
1132,2022,공학 일반,605111585,박종훈,1,0.0,"[탄도수정신관 탄착 특성 및 사격제한 구역에 관한 분석]
   └ 학회: 한국산학기술학회 (IF: 1.09)"
1133,2022,공학 일반,265347208,노원채,1,0.0,"[테헤란로 오피스빌딩 리모델링을 위한 에너지소요량 최적화 방안]
   └ 학회: 한국산학기술학회 (IF: 1.09)"
1134,2022,공학 일반,336100125,오준걸,1,0.0,"[테헤란로 오피스빌딩 리모델링을 위한 에너지소요량 최적화 방안]
   └ 학회: 한국산학기술학회 (IF: 1.09)"
1135,2022,공학 일반,127545472,김한세,1,0.0,"[드론 영상을 이용한 3차원 도로정보 추출 및 갱신 프레임워크]
   └ 학회: 한국산학기술학회 (IF: 1.09)"
1136,2022,공학 일반,566318171,박동명,1,0.0,"[소규모 제로에너지빌딩의 피크 수요관리용 EMS 운용 알고리즘에 관한 연구]
   └ 학회: 한국산학기술학회 (IF: 1.09)"
1137,2022,공학 일반,160477351,이경복,1,0.0,"[표면 구조가 다른 실리카 나노입자로 제작된 리튬이온전지의 전기화학적 성능 비교]
   └ 학회: 한국산학기술학회 (IF: 1.09)"
1138,2022,공학 일반,809120476,곽충근,1,0.0,"[배전계통에서 접지망 형태에 따른 과도접지임피던스 모델링에 관한 연구]
   └ 학회: 한국산학기술학회 (IF: 1.09)"
1139,2022,공학 일반,332419656,전정환,1,0.0,"[국방강소벤처 Tech-Fi Net을 활용한 국방특허기술 민간이전 활성화 방안 연구]
   └ 학회: 한국산학기술학회 (IF: 1.09)"
1140,2022,공학 일반,214496091,한정우,1,0.0,"[유체 유동 배열에 따른 원통형 리튬이온 배터리팩의 유랭식 성능 특성에 관한 수치적 연구]
   └ 학회: 한국산학기술학회 (IF: 1.09)"
1141,2022,공학 일반,1598865,황성국,1,0.0,"[유체 유동 배열에 따른 원통형 리튬이온 배터리팩의 유랭식 성능 특성에 관한 수치적 연구]
   └ 학회: 한국산학기술학회 (IF: 1.09)"
1142,2022,공학 일반,513394149,쿠날산딥가루드,1,0.0,"[유체 유동 배열에 따른 원통형 리튬이온 배터리팩의 유랭식 성능 특성에 관한 수치적 연구]
   └ 학회: 한국산학기술학회 (IF: 1.09)"
1143,2022,공학 일반,510990557,이명성,1,0.0,"[유체 유동 배열에 따른 원통형 리튬이온 배터리팩의 유랭식 성능 특성에 관한 수치적 연구]
   └ 학회: 한국산학기술학회 (IF: 1.09)"
1144,2022,공학 일반,432697852,이무연,1,0.0,"[유체 유동 배열에 따른 원통형 리튬이온 배터리팩의 유랭식 성능 특성에 관한 수치적 연구]
   └ 학회: 한국산학기술학회 (IF: 1.09)"
1145,2022,공학 일반,609453549,김현기,1,0.0,"[블레이드 제어용 전기식 작동기 환경시험 계획]
   └ 학회: 한국산학기술학회 (IF: 1.09)"
1146,2022,공학 일반,177508723,국찬호,1,0.0,"[4D 가상현실 트랙터 시뮬레이터 설계 및 구현]
   └ 학회: 한국산학기술학회 (IF: 1.09)"
1147,2022,공학 일반,209349003,권규식,1,0.0,"[4D 가상현실 트랙터 시뮬레이터 설계 및 구현]
   └ 학회: 한국산학기술학회 (IF: 1.09)"
1148,2022,공학 일반,886026752,박미정,1,0.0,"[RPA 효과에 관한 실증연구 - 농협중앙회 RPA 포털 사례를 중심으로]
   └ 학회: 한국산학기술학회 (IF: 1.09)"
1149,2022,공학 일반,239717643,나문성,1,0.0,"[RPA 효과에 관한 실증연구 - 농협중앙회 RPA 포털 사례를 중심으로]
   └ 학회: 한국산학기술학회 (IF: 1.09)"
1150,2022,공학 일반,869469297,양인준,1,0.0,"[RPA 효과에 관한 실증연구 - 농협중앙회 RPA 포털 사례를 중심으로]
   └ 학회: 한국산학기술학회 (IF: 1.09)"
1151,2022,공학 일반,871409946,최승일,1,0.0,"[RPA 효과에 관한 실증연구 - 농협중앙회 RPA 포털 사례를 중심으로]
   └ 학회: 한국산학기술학회 (IF: 1.09)"
1152,2022,공학 일반,544136098,이정우,1,0.0,"[경성제국대학 예과 캠퍼스 배치의 변화과정]
   └ 학회: 한국산학기술학회 (IF: 1.09)"
1153,2022,공학 일반,412420850,박삼호,1,0.0,"[경추성 두통환자의 근육 특성과 자세 및 근활성도의 분석]
   └ 학회: 한국산학기술학회 (IF: 1.09)"
1154,2022,공학 일반,968857799,정대근,1,0.0,"[경추성 두통환자의 근육 특성과 자세 및 근활성도의 분석]
   └ 학회: 한국산학기술학회 (IF: 1.09)"
1155,2022,공학 일반,677175896,윤종혁,1,0.0,"[경추성 두통환자의 근육 특성과 자세 및 근활성도의 분석]
   └ 학회: 한국산학기술학회 (IF: 1.09)"
1156,2022,공학 일반,983253030,염성규,1,0.0,"[군 급식의 경제적 파급효과 분석: 산업연관분석을 중심으로]
   └ 학회: 한국산학기술학회 (IF: 1.09)"
1157,2022,공학 일반,715266181,윤종혁,1,0.0,"[고등학교 구기종목 운동선수들의 와이밸런스 평가 수치에 의한 유연성 및 평형성 차이 비교 및 평가 부위와 다리 길이와의 상관관계]
   └ 학회: 한국산학기술학회 (IF: 1.09)"
1158,2022,공학 일반,493186469,박원철,1,0.0,"[긴꼬리닭의 깃털조직에 대한 차등 메탈화 영역 유전자 연구]
   └ 학회: 한국산학기술학회 (IF: 1.09)"
1159,2022,공학 일반,457147558,박종은,1,0.0,"[긴꼬리닭의 깃털조직에 대한 차등 메탈화 영역 유전자 연구]
   └ 학회: 한국산학기술학회 (IF: 1.09)"
1160,2022,공학 일반,772630247,양인범,1,0.0,"[대학캠퍼스 내에서의 퍼스널 모빌리티 이용에 대한 사용자 인식 조사]
   └ 학회: 한국산학기술학회 (IF: 1.09)"
1161,2022,공학 일반,136887633,남재우,1,0.0,"[문헌정보학전공 대학생의 진로역량이 사서직 진로 결정에 미치는 영향]
   └ 학회: 한국산학기술학회 (IF: 1.09)"
1162,2022,공학 일반,786903432,이수영,1,0.0,"[문헌정보학전공 대학생의 진로역량이 사서직 진로 결정에 미치는 영향]
   └ 학회: 한국산학기술학회 (IF: 1.09)"
1163,2022,공학 일반,221962447,오경헌,1,0.0,"[미용서비스고객의 SNS마케팅이 구전효과와 구매행동의도에 미치는 영향]
   └ 학회: 한국산학기술학회 (IF: 1.09)"
1164,2022,공학 일반,353040295,오영일,1,0.0,"[복수장비의 고장 데이터를 활용한 신뢰성 성장 시험 적용 방안]
   └ 학회: 한국산학기술학회 (IF: 1.09)"
1165,2022,공학 일반,571502182,임성준,1,0.0,"[복수장비의 고장 데이터를 활용한 신뢰성 성장 시험 적용 방안]
   └ 학회: 한국산학기술학회 (IF: 1.09)"
1166,2022,공학 일반,658357122,엄천섭,1,0.0,"[복수장비의 고장 데이터를 활용한 신뢰성 성장 시험 적용 방안]
   └ 학회: 한국산학기술학회 (IF: 1.09)"
1167,2022,공학 일반,884568777,전유정,1,0.0,"[비수도권 거주 입원환자의 서울 · 경기지역 의료이용에 영향을 미치는 요인]
   └ 학회: 한국산학기술학회 (IF: 1.09)"
1168,2022,공학 일반,940790,김예은,1,0.0,"[비수도권 거주 입원환자의 서울 · 경기지역 의료이용에 영향을 미치는 요인]
   └ 학회: 한국산학기술학회 (IF: 1.09)"
1169,2022,공학 일반,657011632,류승현,1,0.0,"[극초음속미사일 위협 감소를 위한 대응 전략]
   └ 학회: 한국산학기술학회 (IF: 1.09)"
1170,2022,공학 일반,803888163,이성훈,1,0.0,"[속방출성 제제의 시험관/생체내 상관관계를 예측하기 위한 개선된 Flow-Through Cell 용출시험방법의 평가 연구]
   └ 학회: 한국산학기술학회 (IF: 1.09)"
1171,2022,공학 일반,332787102,정경숙,1,0.0,"[고등학생의 지각된 스트레스와 충동성이 일탈행위에 미치는 영향]
   └ 학회: 한국산학기술학회 (IF: 1.09)"
1172,2022,공학 일반,726219549,안상윤,1,0.0,"[웰에이징을 위한 노인의 건강증진행위와 교육요구도 조사]
   └ 학회: 한국산학기술학회 (IF: 1.09)"
1173,2022,공학 일반,214367049,임준범,1,0.0,"[이륜차 관제기술 도입 및 행태분석을 위한 실증 연구]
   └ 학회: 한국산학기술학회 (IF: 1.09)"
1174,2022,공학 일반,137647455,김경목,1,0.0,"[이륜차 관제기술 도입 및 행태분석을 위한 실증 연구]
   └ 학회: 한국산학기술학회 (IF: 1.09)"
1175,2022,공학 일반,554236752,김성욱,1,0.0,"[제주특별자치도 감귤 생산 및 유통과 관련한 조례에 관한 고찰]
   └ 학회: 한국산학기술학회 (IF: 1.09)"
1176,2022,공학 일반,357012168,고성보,1,0.0,"[제주특별자치도 감귤 생산 및 유통과 관련한 조례에 관한 고찰]
   └ 학회: 한국산학기술학회 (IF: 1.09)"
1177,2022,공학 일반,168928215,이상일,1,0.0,"[주의기제와 반응측정 다양성을 기반으로 한 성인 ADHD 변별 과제 개발]
   └ 학회: 한국산학기술학회 (IF: 1.09)"
1178,2022,공학 일반,515510309,장성민,1,0.0,"[중공축의 가압부 면적에 따른 고정 효과에 관한 연구]
   └ 학회: 한국산학기술학회 (IF: 1.09)"
1179,2022,공학 일반,264375562,조완수,1,0.0,"[중공축의 가압부 면적에 따른 고정 효과에 관한 연구]
   └ 학회: 한국산학기술학회 (IF: 1.09)"
1180,2022,공학 일반,157697649,유창환,1,0.0,"[중국 수출용 쌀의 선택속성에 관한 만족도-중요도 분석]
   └ 학회: 한국산학기술학회 (IF: 1.09)"
1181,2022,공학 일반,145003691,박경모,1,0.0,"[중요도 성과분석(IPA)를 이용한 공공기관 안전관리 추진 전략]
   └ 학회: 한국산학기술학회 (IF: 1.09)"
1182,2022,공학 일반,859701879,양남영,1,0.0,"[창업프로그램 참여 대학생의 창업의지 영향요인]
   └ 학회: 한국산학기술학회 (IF: 1.09)"
1183,2022,공학 일반,299837044,김성경,1,0.0,"[척추 수술을 받은 환자에게 발생한 섬망과 섬망 발생 위험요인]
   └ 학회: 한국산학기술학회 (IF: 1.09)"
1184,2022,공학 일반,240882317,서석호,1,0.0,"[첨단무기체계 품질관리를 위한 기초 기술 분류에 관한 조사/분석 연구]
   └ 학회: 한국산학기술학회 (IF: 1.09)"
1185,2022,공학 일반,688288330,송경미,1,0.0,"[청소년의 예술심리치료 프로그램 참여동기가 진로정체감에 미치는 영향]
   └ 학회: 한국산학기술학회 (IF: 1.09)"
1186,2022,공학 일반,808759194,남승주,1,0.0,"[카노 모형 기반 항공정비조직 지원 시스템 개발]
   └ 학회: 한국산학기술학회 (IF: 1.09)"
1187,2022,공학 일반,498520428,박유림,1,0.0,"[카노 모형 기반 항공정비조직 지원 시스템 개발]
   └ 학회: 한국산학기술학회 (IF: 1.09)"
1188,2022,공학 일반,689672290,윤희권,1,0.0,"[카노 모형 기반 항공정비조직 지원 시스템 개발]
   └ 학회: 한국산학기술학회 (IF: 1.09)"
1189,2022,공학 일반,725626721,송운경,1,0.0,"[카노 모형 기반 항공정비조직 지원 시스템 개발]
   └ 학회: 한국산학기술학회 (IF: 1.09)"
1190,2022,공학 일반,971277470,위안쯔위안,1,0.0,"[투입산출분석을 이용한 중국의 IT산업 및 서비스부문의 경제적 파급효과에 관한 연구]
   └ 학회: 한국산학기술학회 (IF: 1.09)"
1191,2022,공학 일반,740148716,정은희,1,0.0,"[투입산출분석을 이용한 중국의 IT산업 및 서비스부문의 경제적 파급효과에 관한 연구]
   └ 학회: 한국산학기술학회 (IF: 1.09)"
1192,2022,공학 일반,942388035,황용운,1,0.0,"[프랭크 로이드 라이트의 원형 디자인개념 발전과정에 관한 연구]
   └ 학회: 한국산학기술학회 (IF: 1.09)"
1193,2022,공학 일반,482704575,오동환,1,0.0,"[해안선 정찰 헬기 운용에 관한 연구]
   └ 학회: 한국산학기술학회 (IF: 1.09)"
1194,2022,공학 일반,545057211,오동진,1,0.0,"[해안선 정찰 헬기 운용에 관한 연구]
   └ 학회: 한국산학기술학회 (IF: 1.09)"
1195,2022,공학 일반,719608155,박동규,1,0.0,"[다층 박판 구조의 래킹 변형에 관한 연구]
   └ 학회: 한국산학기술학회 (IF: 1.09)"
1196,2022,공학 일반,368686915,윤동혁,1,0.0,"[군용 지상궤도차량의 해치 작동력 개선에 대한 연구]
   └ 학회: 한국산학기술학회 (IF: 1.09)"
1197,2022,공학 일반,692861548,최영민,1,0.0,"[가치의 정규화를 통한 가치평가의 체계화 연구 - 건설CALS의 데이터를 기준으로 -]
   └ 학회: 한국산학기술학회 (IF: 1.09)"
1198,2022,공학 일반,678045262,나혜숙,1,0.0,"[가치의 정규화를 통한 가치평가의 체계화 연구 - 건설CALS의 데이터를 기준으로 -]
   └ 학회: 한국산학기술학회 (IF: 1.09)"
1199,2022,공학 일반,758480352,김태학,1,0.0,"[가치의 정규화를 통한 가치평가의 체계화 연구 - 건설CALS의 데이터를 기준으로 -]
   └ 학회: 한국산학기술학회 (IF: 1.09)"
1200,2022,공학 일반,196889879,황윤국,1,0.0,"[가치의 정규화를 통한 가치평가의 체계화 연구 - 건설CALS의 데이터를 기준으로 -]
   └ 학회: 한국산학기술학회 (IF: 1.09)"
1201,2022,공학 일반,310889408,한대철,1,0.0,"[리튬 커패시터기반의 실시간 충전상태 확인과 긴급복구 기능을 갖는 예비전원장치 개발 및 성능 평가]
   └ 학회: 한국산학기술학회 (IF: 1.09)"
1202,2022,공학 일반,344312286,정준화,1,0.0,"[리튬 커패시터기반의 실시간 충전상태 확인과 긴급복구 기능을 갖는 예비전원장치 개발 및 성능 평가]
   └ 학회: 한국산학기술학회 (IF: 1.09)"
1203,2022,공학 일반,642493510,이선훈,1,0.0,"[비전기술 기반 방역수칙 모니터링 시스템 개발 연구]
   └ 학회: 한국산학기술학회 (IF: 1.09)"
1204,2022,공학 일반,820060138,정준욱,1,0.0,"[비전기술 기반 방역수칙 모니터링 시스템 개발 연구]
   └ 학회: 한국산학기술학회 (IF: 1.09)"
1205,2022,공학 일반,151578728,오흥선,1,0.0,"[비전기술 기반 방역수칙 모니터링 시스템 개발 연구]
   └ 학회: 한국산학기술학회 (IF: 1.09)"
1206,2022,공학 일반,947956988,김선호,1,0.0,"[비전기술 기반 방역수칙 모니터링 시스템 개발 연구]
   └ 학회: 한국산학기술학회 (IF: 1.09)"
1207,2022,공학 일반,362646615,양승호,1,0.0,"[원형실린더 점성 롤댐핑에 관한 이론적 접근 및 실험적 연구]
   └ 학회: 한국산학기술학회 (IF: 1.09)"
1208,2022,공학 일반,282311186,백형민,1,0.0,"[원형실린더 점성 롤댐핑에 관한 이론적 접근 및 실험적 연구]
   └ 학회: 한국산학기술학회 (IF: 1.09)"
1209,2022,공학 일반,549518427,한석환,1,0.0,"[화학 개질에 따른 PP/CNF 슬러리 복합체의 물성 연구]
   └ 학회: 한국산학기술학회 (IF: 1.09)"
1210,2022,공학 일반,259358111,손가영,1,0.0,"[1인가구 밀집지역 상권의 식료품 매출액 변화: 온라인 식료품 쇼핑 활성화 시기를 중심으로(2015~2019)]
   └ 학회: 한국산학기술학회 (IF: 1.09)"
1211,2022,공학 일반,508396764,황지현,1,0.0,"[1인가구 밀집지역 상권의 식료품 매출액 변화: 온라인 식료품 쇼핑 활성화 시기를 중심으로(2015~2019)]
   └ 학회: 한국산학기술학회 (IF: 1.09)"
1212,2022,공학 일반,889867894,이상종,1,0.0,"[CONDUIT을 활용한 고정익무인기 종운동 자동비행 제어법칙 설계]
   └ 학회: 한국산학기술학회 (IF: 1.09)"
1213,2022,공학 일반,660427988,민병문,1,0.0,"[CONDUIT을 활용한 고정익무인기 종운동 자동비행 제어법칙 설계]
   └ 학회: 한국산학기술학회 (IF: 1.09)"
1214,2022,공학 일반,561146963,최형식,1,0.0,"[CONDUIT을 활용한 고정익무인기 종운동 자동비행 제어법칙 설계]
   └ 학회: 한국산학기술학회 (IF: 1.09)"
1215,2022,공학 일반,665856107,고훈범,1,0.0,"[FRP 시트의 유효부착길이 모델에 대한 검증]
   └ 학회: 한국산학기술학회 (IF: 1.09)"
1216,2022,공학 일반,241878357,김주연,1,0.0,"[사회적 건강에 관한 국내 연구 동향 분석]
   └ 학회: 한국산학기술학회 (IF: 1.09)"
1217,2022,공학 일반,734744801,신백천,1,0.0,"[디젤엔진 터보 과급기 CBM+ 적용을 위한 설계초기단계 센서선정 추론 연구]
   └ 학회: 한국산학기술학회 (IF: 1.09)"
1218,2022,공학 일반,670316347,황은정,1,0.0,"[지역사회에 거주하는 치매 노인, 주관적 경도인지장애 노인, 건강한 노인의 인구학적 특성, 건강증진활동 비교]
   └ 학회: 한국산학기술학회 (IF: 1.09)"
1219,2022,공학 일반,567577347,문혁준,1,0.0,"[기질과 어머니의 훈육방식이 유아의 행동적 자기조절능력에 미치는 영향]
   └ 학회: 한국산학기술학회 (IF: 1.09)"
1220,2022,공학 일반,694154852,손동규,1,0.0,"[무기체계 개발단계 품질관리의 경제적 파급효과 분석]
   └ 학회: 한국산학기술학회 (IF: 1.09)"
1221,2022,공학 일반,566857634,장유미,1,0.0,"[간호 서비스의 사회경제적 가치 연구 - 일 지역 보건소 통합건강증진사업을 중심으로 -]
   └ 학회: 한국산학기술학회 (IF: 1.09)"
1222,2022,공학 일반,232711,김성진,1,0.0,"[상태기반정비를 활용한 레이더 도파관 결로 · 결빙 예방에 관한 연구]
   └ 학회: 한국산학기술학회 (IF: 1.09)"
1223,2022,공학 일반,427606200,이상열,1,0.0,"[방위산업체 보안 평가 개선방안에 관한 연구]
   └ 학회: 한국산학기술학회 (IF: 1.09)"
1224,2022,공학 일반,763233547,유연승,1,0.0,"[방위산업체 보안 평가 개선방안에 관한 연구]
   └ 학회: 한국산학기술학회 (IF: 1.09)"
1225,2022,공학 일반,803507357,김찬호,1,0.0,"[유산균발효 사자발약쑥 첨가가 산란계 웅추 육질 특성에 미치는 영향]
   └ 학회: 한국산학기술학회 (IF: 1.09)"
1226,2022,공학 일반,172739324,임종국,1,0.0,"[이탈리안 라이그라스(IRG) 건조기 개발 및 건조 성능 비교]
   └ 학회: 한국산학기술학회 (IF: 1.09)"
1227,2022,공학 일반,707815368,이영균,1,0.0,"[일반전초 감시카메라 동영상 분석에 적합한 배경분리 알고리즘 성능 비교 및 향상에 관한 연구]
   └ 학회: 한국산학기술학회 (IF: 1.09)"
1228,2022,공학 일반,419608340,권혁신,1,0.0,"[제도적 요인 분석을 통한 도시재생사업의 민간투자 활성화 방안]
   └ 학회: 한국산학기술학회 (IF: 1.09)"
1229,2022,공학 일반,5426724,김찬수,1,0.0,"[주식 수익률의 일 중 주기성 연구]
   └ 학회: 한국산학기술학회 (IF: 1.09)"
1230,2022,공학 일반,919337691,최흥식,1,0.0,"[주식 수익률의 일 중 주기성 연구]
   └ 학회: 한국산학기술학회 (IF: 1.09)"
1231,2022,공학 일반,990242062,황인설,1,0.0,"[돼지 난자용 유리화동결 기구의 고안 및 생존율 분석]
   └ 학회: 한국산학기술학회 (IF: 1.09)"
1232,2022,공학 일반,800874418,박미령,1,0.0,"[돼지 난자용 유리화동결 기구의 고안 및 생존율 분석]
   └ 학회: 한국산학기술학회 (IF: 1.09)"
1233,2022,공학 일반,965421149,이은정,1,0.0,"[중환자실 간호사의 생명의료윤리의식, 좋은 죽음 인식 및 사전연명의료의향서 지식이 연명의료중단 태도에 미치는 영향]
   └ 학회: 한국산학기술학회 (IF: 1.09)"
1234,2022,공학 일반,327216191,김두리,1,0.0,"[중환자실 간호사의 생명의료윤리의식, 좋은 죽음 인식 및 사전연명의료의향서 지식이 연명의료중단 태도에 미치는 영향]
   └ 학회: 한국산학기술학회 (IF: 1.09)"
1235,2022,공학 일반,722647489,김민혁,1,0.0,"[무기체계 성능개량사업 SW 신뢰성 시험 효율적 검증 방안 연구]
   └ 학회: 한국산학기술학회 (IF: 1.09)"
1236,2022,공학 일반,279942554,안상윤,1,0.0,"[지역 특성 연계 레저스포츠-관광산업 활성화 방향에 관한 연구: 제천시 초경량비행장치 열기구 사업 적합성 평가를 중심으로]
   └ 학회: 한국산학기술학회 (IF: 1.09)"
1237,2022,공학 일반,332986832,신용국,1,0.0,"[지역 특성 연계 레저스포츠-관광산업 활성화 방향에 관한 연구: 제천시 초경량비행장치 열기구 사업 적합성 평가를 중심으로]
   └ 학회: 한국산학기술학회 (IF: 1.09)"
1238,2022,공학 일반,213276275,최재일,1,0.0,"[지역 특성 연계 레저스포츠-관광산업 활성화 방향에 관한 연구: 제천시 초경량비행장치 열기구 사업 적합성 평가를 중심으로]
   └ 학회: 한국산학기술학회 (IF: 1.09)"
1239,2022,공학 일반,659510829,신성연,1,0.0,"[지역 특성 연계 레저스포츠-관광산업 활성화 방향에 관한 연구: 제천시 초경량비행장치 열기구 사업 적합성 평가를 중심으로]
   └ 학회: 한국산학기술학회 (IF: 1.09)"
1240,2022,공학 일반,938304045,김찬후,1,0.0,"[진공 및 단열재를 적용한 열전지의 단열 및 작동시간에 대한 연구]
   └ 학회: 한국산학기술학회 (IF: 1.09)"
1241,2022,공학 일반,633527579,박주현,1,0.0,"[치매노인들의 인지 수준에 따른 근린 내 공간인지 요소 및 인지지도 특성 분석 - 용인시 신갈동을 대상으로]
   └ 학회: 한국산학기술학회 (IF: 1.09)"
1242,2022,공학 일반,307710679,이경환,1,0.0,"[치매노인들의 인지 수준에 따른 근린 내 공간인지 요소 및 인지지도 특성 분석 - 용인시 신갈동을 대상으로]
   └ 학회: 한국산학기술학회 (IF: 1.09)"
1243,2022,공학 일반,731960972,정서진,1,0.0,"[원예활동 환경교육이 유아의 환경감수성과 자연친화적 태도에 미치는 효과]
   └ 학회: 한국산학기술학회 (IF: 1.09)"
1244,2022,공학 일반,606810488,김정겸,1,0.0,"[원예활동 환경교육이 유아의 환경감수성과 자연친화적 태도에 미치는 효과]
   └ 학회: 한국산학기술학회 (IF: 1.09)"
1245,2022,공학 일반,941637718,강영식,1,0.0,"[원예활동 환경교육이 유아의 환경감수성과 자연친화적 태도에 미치는 효과]
   └ 학회: 한국산학기술학회 (IF: 1.09)"
1246,2022,공학 일반,678752150,설인환,1,0.0,"[특허기술의 권리회복심사 방법 연구]
   └ 학회: 한국산학기술학회 (IF: 1.09)"
1247,2022,공학 일반,843560664,임다정,1,0.0,"[피코나바이러스와 숙주세포 내 유입 수용체간의 상호작용에 대한 구조 및 기능적 이해]
   └ 학회: 한국산학기술학회 (IF: 1.09)"
1248,2022,공학 일반,248098099,류기탁,1,0.0,"[선박에서 지락고장에 따른 대지전압 변동 특성에 대한 실험적 연구]
   └ 학회: 한국산학기술학회 (IF: 1.09)"
1249,2022,공학 일반,542602771,이윤형,1,0.0,"[선박에서 지락고장에 따른 대지전압 변동 특성에 대한 실험적 연구]
   └ 학회: 한국산학기술학회 (IF: 1.09)"
1250,2022,공학 일반,198858642,윤태림,1,0.0,"[N₂ 가스 분사를 이용한 산화 방지시스템에 의한 초고집적 소자용 TiSi₂ 박막의 특성 개선]
   └ 학회: 한국산학기술학회 (IF: 1.09)"
1251,2022,공학 일반,106161572,안성준,1,0.0,"[N₂ 가스 분사를 이용한 산화 방지시스템에 의한 초고집적 소자용 TiSi₂ 박막의 특성 개선]
   └ 학회: 한국산학기술학회 (IF: 1.09)"
1252,2022,공학 일반,2087609,이재열,1,0.0,"[엔지니어링산업의 기업경기실사지수 개발 및 적용에 관한 연구]
   └ 학회: 한국산학기술학회 (IF: 1.09)"
1253,2022,공학 일반,265893212,황성수,1,0.0,"[엔지니어링산업의 기업경기실사지수 개발 및 적용에 관한 연구]
   └ 학회: 한국산학기술학회 (IF: 1.09)"
1254,2022,공학 일반,370418799,박은영,1,0.0,"[KUH-1 헬기의 상태감시시스템(HUMS) 안정화를 위한 요소와 우선순위 연구]
   └ 학회: 한국산학기술학회 (IF: 1.09)"
1255,2022,공학 일반,333882568,유삼열,1,0.0,"[소형압력용기 시험법에 의한 프탈산염의 분해거동에 관한 연구]
   └ 학회: 한국산학기술학회 (IF: 1.09)"
1256,2022,공학 일반,695666486,최유정,1,0.0,"[소형압력용기 시험법에 의한 프탈산염의 분해거동에 관한 연구]
   └ 학회: 한국산학기술학회 (IF: 1.09)"
1257,2022,공학 일반,898662528,이병림,1,0.0,"[소형압력용기 시험법에 의한 프탈산염의 분해거동에 관한 연구]
   └ 학회: 한국산학기술학회 (IF: 1.09)"
1258,2022,공학 일반,732820108,최재욱,1,0.0,"[소형압력용기 시험법에 의한 프탈산염의 분해거동에 관한 연구]
   └ 학회: 한국산학기술학회 (IF: 1.09)"
1259,2022,공학 일반,581545995,김지은,1,0.0,"[재난 대응을 위한 시스템 기반 표준운영절차(S-SOP) 운영 도구 구축 연구]
   └ 학회: 한국산학기술학회 (IF: 1.09)"
1260,2022,공학 일반,508661668,홍석민,1,0.0,"[BLE 기반의 모바일 기기간 다중 순차 접속 방법 연구]
   └ 학회: 한국산학기술학회 (IF: 1.09)"
1261,2022,공학 일반,829455779,고민석,1,0.0,"[BLE 기반의 모바일 기기간 다중 순차 접속 방법 연구]
   └ 학회: 한국산학기술학회 (IF: 1.09)"
1262,2022,공학 일반,106345752,최장한,1,0.0,"[BLE 기반의 모바일 기기간 다중 순차 접속 방법 연구]
   └ 학회: 한국산학기술학회 (IF: 1.09)"
1263,2022,공학 일반,554904653,김창성,1,0.0,"[능동 소자 패턴을 고려한 위상배열 안테나의 빔조향 효율 최적화]
   └ 학회: 한국산학기술학회 (IF: 1.09)"
1264,2022,공학 일반,868965944,박영미,1,0.0,"[능동 소자 패턴을 고려한 위상배열 안테나의 빔조향 효율 최적화]
   └ 학회: 한국산학기술학회 (IF: 1.09)"
1265,2022,공학 일반,566612069,황태성,1,0.0,"[국내 운항선박 내항성능해석을 위한 우리나라 해역의 파랑특성 연구]
   └ 학회: 한국산학기술학회 (IF: 1.09)"
1266,2022,공학 일반,753609121,서대원,1,0.0,"[국내 운항선박 내항성능해석을 위한 우리나라 해역의 파랑특성 연구]
   └ 학회: 한국산학기술학회 (IF: 1.09)"
1267,2022,공학 일반,234055869,시에위잉,1,0.0,"[분해반응에 따른 생분해성 봉합사 고분자의 열적 및 물성변화]
   └ 학회: 한국산학기술학회 (IF: 1.09)"
1268,2022,공학 일반,875877664,강순국,1,0.0,"[분해반응에 따른 생분해성 봉합사 고분자의 열적 및 물성변화]
   └ 학회: 한국산학기술학회 (IF: 1.09)"
1269,2022,공학 일반,605661849,손미선,1,0.0,"[6세 이하 아동의 알레르기 질환과 영양섭취와의 관련성: 국민건강영양조사 2016-2019년 자료분석]
   └ 학회: 한국산학기술학회 (IF: 1.09)"
1270,2022,공학 일반,4772462,황수하,1,0.0,"[고체 추진제 활성화에너지 및 가속노화시험법에 관한 고찰]
   └ 학회: 한국산학기술학회 (IF: 1.09)"
1271,2022,공학 일반,501097910,박범식,1,0.0,"[고체 추진제 활성화에너지 및 가속노화시험법에 관한 고찰]
   └ 학회: 한국산학기술학회 (IF: 1.09)"
1272,2022,공학 일반,4022865,김동성,1,0.0,"[고체 추진제 활성화에너지 및 가속노화시험법에 관한 고찰]
   └ 학회: 한국산학기술학회 (IF: 1.09)"
1273,2022,공학 일반,104266040,김진솔,1,0.0,"[고지방식이로 유도된 비만 마우스에서 바실러스균을 이용한 발효대두의 혈행개선 효과]
   └ 학회: 한국산학기술학회 (IF: 1.09)"
1274,2022,공학 일반,181611673,정준한,1,0.0,"[고지방식이로 유도된 비만 마우스에서 바실러스균을 이용한 발효대두의 혈행개선 효과]
   └ 학회: 한국산학기술학회 (IF: 1.09)"
1275,2022,공학 일반,736547220,양은주,1,0.0,"[고지방식이로 유도된 비만 마우스에서 바실러스균을 이용한 발효대두의 혈행개선 효과]
   └ 학회: 한국산학기술학회 (IF: 1.09)"
1276,2022,공학 일반,956932578,이호우,1,0.0,"[고지방식이로 유도된 비만 마우스에서 바실러스균을 이용한 발효대두의 혈행개선 효과]
   └ 학회: 한국산학기술학회 (IF: 1.09)"
1277,2022,공학 일반,936528443,이현화,1,0.0,"[고지방식이로 유도된 비만 마우스에서 바실러스균을 이용한 발효대두의 혈행개선 효과]
   └ 학회: 한국산학기술학회 (IF: 1.09)"
1278,2022,공학 일반,326603987,어승섭,1,0.0,"[광해방지사업의 경제적 파급효과]
   └ 학회: 한국산학기술학회 (IF: 1.09)"
1279,2022,공학 일반,773805274,안홍수,1,0.0,"[광해방지사업의 경제적 파급효과]
   └ 학회: 한국산학기술학회 (IF: 1.09)"
1280,2022,공학 일반,491141070,김태혁,1,0.0,"[광해방지사업의 경제적 파급효과]
   └ 학회: 한국산학기술학회 (IF: 1.09)"
1281,2022,공학 일반,439390265,강세영,1,0.0,"[광해방지사업의 경제적 파급효과]
   └ 학회: 한국산학기술학회 (IF: 1.09)"
1282,2022,공학 일반,145548863,정동원,1,0.0,"[광해방지사업의 경제적 파급효과]
   └ 학회: 한국산학기술학회 (IF: 1.09)"
1283,2022,공학 일반,125915730,김성연,1,0.0,"[구조적 토픽모델링을 활용한 한국과 미국의 산업수학 연구동향 비교분석]
   └ 학회: 한국산학기술학회 (IF: 1.09)"
1284,2022,공학 일반,670157043,장미경,1,0.0,"[대학생의 아동기 부모로부터의 학대경험과 이상섭식행동의 관계에서 사회불안의 매개효과]
   └ 학회: 한국산학기술학회 (IF: 1.09)"
1285,2022,공학 일반,364939620,이종찬,1,0.0,"[155mm 연막탄 오작용 조사분석 및 향후 평가방안]
   └ 학회: 한국산학기술학회 (IF: 1.09)"
1286,2022,공학 일반,554406473,심완섭,1,0.0,"[대전 중소 · 벤처기업 특허출원의 정책적 결정요인 분석]
   └ 학회: 한국산학기술학회 (IF: 1.09)"
1287,2022,공학 일반,4565344,김민석,1,0.0,"[대전 중소 · 벤처기업 특허출원의 정책적 결정요인 분석]
   └ 학회: 한국산학기술학회 (IF: 1.09)"
1288,2022,공학 일반,998958010,박찬익,1,0.0,"[동남아에서의 한국 드라마와 영화의 수용에 관한 연구]
   └ 학회: 한국산학기술학회 (IF: 1.09)"
1289,2022,공학 일반,694204461,권용범,1,0.0,"[러시아 기술협력 수요조사를 통한 한-러 산업기술 협력의 새로운 방향 고찰: 연구논문 리뷰와 9개다리 정책을 중심으로]
   └ 학회: 한국산학기술학회 (IF: 1.09)"
1290,2022,공학 일반,642288763,조인희,1,0.0,"[러시아 기술협력 수요조사를 통한 한-러 산업기술 협력의 새로운 방향 고찰: 연구논문 리뷰와 9개다리 정책을 중심으로]
   └ 학회: 한국산학기술학회 (IF: 1.09)"
1291,2022,공학 일반,961301785,민알렉산더명준,1,0.0,"[맥아분말 건조공정에 대한 미생물학적 한계 기준 설정 연구]
   └ 학회: 한국산학기술학회 (IF: 1.09)"
1292,2022,공학 일반,590928145,남규봉,1,0.0,"[맥아분말 건조공정에 대한 미생물학적 한계 기준 설정 연구]
   └ 학회: 한국산학기술학회 (IF: 1.09)"
1293,2022,공학 일반,377704882,손경탁,1,0.0,"[맥아분말 건조공정에 대한 미생물학적 한계 기준 설정 연구]
   └ 학회: 한국산학기술학회 (IF: 1.09)"
1294,2022,공학 일반,121381212,손은심,1,0.0,"[맥아분말 건조공정에 대한 미생물학적 한계 기준 설정 연구]
   └ 학회: 한국산학기술학회 (IF: 1.09)"
1295,2022,공학 일반,259353020,여인설,1,0.0,"[바이오에어로졸 내 미생물 저감을 위한 전기산화 나노버블 발생시스템 성능평가 연구]
   └ 학회: 한국산학기술학회 (IF: 1.09)"
1296,2022,공학 일반,584344579,유근제,1,0.0,"[바이오에어로졸 내 미생물 저감을 위한 전기산화 나노버블 발생시스템 성능평가 연구]
   └ 학회: 한국산학기술학회 (IF: 1.09)"
1297,2022,공학 일반,889204998,박찬규,1,0.0,"[바이오에어로졸 내 미생물 저감을 위한 전기산화 나노버블 발생시스템 성능평가 연구]
   └ 학회: 한국산학기술학회 (IF: 1.09)"
1298,2022,공학 일반,438813049,육영삼,1,0.0,"[비듬을 유발하는 원인균의 성장억제에 필요한 10종류 Essential Oil의 사용 적정량 정량화 연구]
   └ 학회: 한국산학기술학회 (IF: 1.09)"
1299,2022,공학 일반,627857793,김재경,1,0.0,"[SWMM 모델을 활용한 상도동 지역의 우수유출관리 및 저영향개발의 유출저감효과 분석 연구]
   └ 학회: 한국산학기술학회 (IF: 1.09)"
1300,2022,공학 일반,222142387,강준석,1,0.0,"[SWMM 모델을 활용한 상도동 지역의 우수유출관리 및 저영향개발의 유출저감효과 분석 연구]
   └ 학회: 한국산학기술학회 (IF: 1.09)"
1301,2022,공학 일반,1808951,홍은영,1,0.0,"[선택과 집중의 이면: 조직생태학적 관점의 중소기업산학협력센터 소멸 사례]
   └ 학회: 한국산학기술학회 (IF: 1.09)"
1302,2022,공학 일반,406092701,최종인,1,0.0,"[선택과 집중의 이면: 조직생태학적 관점의 중소기업산학협력센터 소멸 사례]
   └ 학회: 한국산학기술학회 (IF: 1.09)"
1303,2022,공학 일반,554107691,이재관,1,0.0,"[소진탄피 안정 물질과 탄약 품질 수준 간 상관관계 연구]
   └ 학회: 한국산학기술학회 (IF: 1.09)"
1304,2022,공학 일반,747280442,김명현,1,0.0,"[소진탄피 안정 물질과 탄약 품질 수준 간 상관관계 연구]
   └ 학회: 한국산학기술학회 (IF: 1.09)"
1305,2022,공학 일반,1081325,이지훈,1,0.0,"[소진탄피 안정 물질과 탄약 품질 수준 간 상관관계 연구]
   └ 학회: 한국산학기술학회 (IF: 1.09)"
1306,2022,공학 일반,154461241,윤성원,1,0.0,"[신공공외교 갱신(更新): 한국-아프리카 기후 거버넌스 구축]
   └ 학회: 한국산학기술학회 (IF: 1.09)"
1307,2022,공학 일반,381143463,김성수,1,0.0,"[신공공외교 갱신(更新): 한국-아프리카 기후 거버넌스 구축]
   └ 학회: 한국산학기술학회 (IF: 1.09)"
1308,2022,공학 일반,196862122,박홍석,1,0.0,"[앙상블 학습 기반의 동시조달수리부속 예측모형 연구]
   └ 학회: 한국산학기술학회 (IF: 1.09)"
1309,2022,공학 일반,235425385,김세연,1,0.0,"[우리나라 병원손상의 특성과 영향요인: 2014~2018 퇴원손상심층조사자료를 이용하여]
   └ 학회: 한국산학기술학회 (IF: 1.09)"
1310,2022,공학 일반,959083157,황지은,1,0.0,"[우리나라 병원손상의 특성과 영향요인: 2014~2018 퇴원손상심층조사자료를 이용하여]
   └ 학회: 한국산학기술학회 (IF: 1.09)"
1311,2022,공학 일반,461618952,김장묵,1,0.0,"[우리나라 병원손상의 특성과 영향요인: 2014~2018 퇴원손상심층조사자료를 이용하여]
   └ 학회: 한국산학기술학회 (IF: 1.09)"
1312,2022,공학 일반,307144625,부유경,1,0.0,"[우리나라 병원손상의 특성과 영향요인: 2014~2018 퇴원손상심층조사자료를 이용하여]
   └ 학회: 한국산학기술학회 (IF: 1.09)"
1313,2022,공학 일반,694975414,김국현,1,0.0,"[업무 적용사례를 통한 품질통제점 점검표 고도화 방안 연구]
   └ 학회: 한국산학기술학회 (IF: 1.09)"
1314,2022,공학 일반,565724766,최규옥,1,0.0,"[인공위성 탑재 소프트웨어의 결함 주입시험 도구 개발]
   └ 학회: 한국산학기술학회 (IF: 1.09)"
1315,2022,공학 일반,668851926,이윤탁,1,0.0,"[전기자동차와 충전소 간의 긍정적 피드백 네트워크 효과]
   └ 학회: 한국산학기술학회 (IF: 1.09)"
1316,2022,공학 일반,691635902,서원구,1,0.0,"[전자전용 광대역 위상배열 고출력 송신장치 설계 및 제작]
   └ 학회: 한국산학기술학회 (IF: 1.09)"
1317,2022,공학 일반,569753468,박주래,1,0.0,"[전자전용 광대역 위상배열 고출력 송신장치 설계 및 제작]
   └ 학회: 한국산학기술학회 (IF: 1.09)"
1318,2022,공학 일반,419594517,손유선,1,0.0,"[아동의 자아존중감, 학업스트레스, 학교적응과 행복감 간의 구조적 관계]
   └ 학회: 한국산학기술학회 (IF: 1.09)"
1319,2022,공학 일반,587839668,나우진,1,0.0,"[제철소 탈질 공정 적용을 위한 Metal Corrugated에 워시 코팅된 저온 SCR 촉매의 관한 연구]
   └ 학회: 한국산학기술학회 (IF: 1.09)"
1320,2022,공학 일반,372156641,박해경,1,0.0,"[제철소 탈질 공정 적용을 위한 Metal Corrugated에 워시 코팅된 저온 SCR 촉매의 관한 연구]
   └ 학회: 한국산학기술학회 (IF: 1.09)"
1321,2022,공학 일반,2073092,강현준,1,0.0,"[합리적 국방과학기술 정책수립을 위한 국방과학기술표준분류체계 최신화]
   └ 학회: 한국산학기술학회 (IF: 1.09)"
1322,2022,공학 일반,451252104,석광호,1,0.0,"[합리적 국방과학기술 정책수립을 위한 국방과학기술표준분류체계 최신화]
   └ 학회: 한국산학기술학회 (IF: 1.09)"
1323,2022,공학 일반,691425724,양진석,1,0.0,"[합리적 국방과학기술 정책수립을 위한 국방과학기술표준분류체계 최신화]
   └ 학회: 한국산학기술학회 (IF: 1.09)"
1324,2022,공학 일반,170915324,장돈훈,1,0.0,"[합리적 국방과학기술 정책수립을 위한 국방과학기술표준분류체계 최신화]
   └ 학회: 한국산학기술학회 (IF: 1.09)"
1325,2022,공학 일반,827271514,김선영,1,0.0,"[친환경 식생활 정보시스템 사용성 평가]
   └ 학회: 한국산학기술학회 (IF: 1.09)"
1326,2022,공학 일반,217174522,윤정식,1,0.0,"[친환경 식생활 정보시스템 사용성 평가]
   └ 학회: 한국산학기술학회 (IF: 1.09)"
1327,2022,공학 일반,871860171,권두완,1,0.0,"[키덜트 정체성 인식이 히어로 피규어 구매 의사에 미치는 영향: 수퍼 디포메이션 디자인의 조절 효과]
   └ 학회: 한국산학기술학회 (IF: 1.09)"
1328,2022,공학 일반,184388797,신형덕,1,0.0,"[키덜트 정체성 인식이 히어로 피규어 구매 의사에 미치는 영향: 수퍼 디포메이션 디자인의 조절 효과]
   └ 학회: 한국산학기술학회 (IF: 1.09)"
1329,2022,공학 일반,304649401,어유경,1,0.0,"[한국 노인의 선호 임종장소와 결정요인 분석]
   └ 학회: 한국산학기술학회 (IF: 1.09)"
1330,2022,공학 일반,699904888,고정은,1,0.0,"[한국 노인의 선호 임종장소와 결정요인 분석]
   └ 학회: 한국산학기술학회 (IF: 1.09)"
1331,2022,공학 일반,966430076,김한솔,1,0.0,"[한우 거세비육우에 반추위 강화 사료첨가제 급여가 바이오캡슐 생체정보 및 비육능력에 미치는 영향]
   └ 학회: 한국산학기술학회 (IF: 1.09)"
1332,2022,공학 일반,357454168,김대현,1,0.0,"[한우 거세비육우에 반추위 강화 사료첨가제 급여가 바이오캡슐 생체정보 및 비육능력에 미치는 영향]
   └ 학회: 한국산학기술학회 (IF: 1.09)"
1333,2022,공학 일반,529331957,이준구,1,0.0,"[한우 거세비육우에 반추위 강화 사료첨가제 급여가 바이오캡슐 생체정보 및 비육능력에 미치는 영향]
   └ 학회: 한국산학기술학회 (IF: 1.09)"
1334,2022,공학 일반,392213102,오동엽,1,0.0,"[한우 거세비육우에 반추위 강화 사료첨가제 급여가 바이오캡슐 생체정보 및 비육능력에 미치는 영향]
   └ 학회: 한국산학기술학회 (IF: 1.09)"
1335,2022,공학 일반,452561381,박진연,1,0.0,"[한우 거세비육우에 반추위 강화 사료첨가제 급여가 바이오캡슐 생체정보 및 비육능력에 미치는 영향]
   └ 학회: 한국산학기술학회 (IF: 1.09)"
1336,2022,공학 일반,440819663,하재정,1,0.0,"[한우 거세비육우에 반추위 강화 사료첨가제 급여가 바이오캡슐 생체정보 및 비육능력에 미치는 영향]
   └ 학회: 한국산학기술학회 (IF: 1.09)"
1337,2022,공학 일반,782154650,신우균,1,0.0,"[화학물질관리법 내 사고대비물질 호흡보호구 선정기준 개선을 위한 연구]
   └ 학회: 한국산학기술학회 (IF: 1.09)"
1338,2022,공학 일반,174314626,한진우,1,0.0,"[화학물질관리법 내 사고대비물질 호흡보호구 선정기준 개선을 위한 연구]
   └ 학회: 한국산학기술학회 (IF: 1.09)"
1339,2022,공학 일반,119569301,부창진,1,0.0,"[2차원 지하구조 대지저항률 전기영상복원 알고리즘 비교]
   └ 학회: 한국산학기술학회 (IF: 1.09)"
1340,2022,공학 일반,784532261,김호찬,1,0.0,"[2차원 지하구조 대지저항률 전기영상복원 알고리즘 비교]
   └ 학회: 한국산학기술학회 (IF: 1.09)"
1341,2022,공학 일반,206918247,강민제,1,0.0,"[2차원 지하구조 대지저항률 전기영상복원 알고리즘 비교]
   └ 학회: 한국산학기술학회 (IF: 1.09)"
1342,2022,공학 일반,265330791,김영식,1,0.0,"[히스토그램 매칭 방식을 이용한 효율적인 전자문서 유사도 분석 방안에 관한 연구]
   └ 학회: 한국산학기술학회 (IF: 1.09)"
1343,2022,공학 일반,868796095,백종경,1,0.0,"[히스토그램 매칭 방식을 이용한 효율적인 전자문서 유사도 분석 방안에 관한 연구]
   └ 학회: 한국산학기술학회 (IF: 1.09)"
1344,2022,공학 일반,428792034,변성훈,1,0.0,"[PET 필름 표면처리 및 바인더 적용에 따른 전도성 페이스트/PET 필름의 접착특성 연구]
   └ 학회: 한국산학기술학회 (IF: 1.09)"
1345,2022,공학 일반,716747917,이민규,1,0.0,"[RF 마그네트론 스퍼터링 시스템을 이용한 3차원 바나듐 옥사이드 나노구조물의 성장]
   └ 학회: 한국산학기술학회 (IF: 1.09)"
1346,2022,공학 일반,660059009,김준형,1,0.0,"[저전력 시스템에서 GaN HEMT와 Si MOSFET의 전력 손실 분석]
   └ 학회: 한국산학기술학회 (IF: 1.09)"
1347,2022,공학 일반,345398553,권용성,1,0.0,"[저전력 시스템에서 GaN HEMT와 Si MOSFET의 전력 손실 분석]
   └ 학회: 한국산학기술학회 (IF: 1.09)"
1348,2022,공학 일반,540225608,성충현,1,0.0,"[고분자-불소계면활성제 복합체와 실리카 나노입자를 이용한 다층박막의 젖음성에 관한 연구]
   └ 학회: 한국산학기술학회 (IF: 1.09)"
1349,2022,공학 일반,843698632,최수연,1,0.0,"[DRES 기반 국방연구시설장비 정보관리 개선방안 연구]
   └ 학회: 한국산학기술학회 (IF: 1.09)"
1350,2022,공학 일반,630513163,김성완,1,0.0,"[가시광-근적외선 대역의 초분광 영상 분석을 통한 불량 누에고치 판별 모델 개발]
   └ 학회: 한국산학기술학회 (IF: 1.09)"
1351,2022,공학 일반,941806404,서정환,1,0.0,"[공연장 회원제에 관한 실증연구 -공공극장의 무료회원제와 만족요인을 중심으로-]
   └ 학회: 한국산학기술학회 (IF: 1.09)"
1352,2022,공학 일반,747021967,이진수,1,0.0,"[공연장 회원제에 관한 실증연구 -공공극장의 무료회원제와 만족요인을 중심으로-]
   └ 학회: 한국산학기술학회 (IF: 1.09)"
1353,2022,공학 일반,139222010,윤유정,1,0.0,"[굴패각 분말로부터 칼슘 이온 추출과 불순물 제거]
   └ 학회: 한국산학기술학회 (IF: 1.09)"
1354,2022,공학 일반,350604653,고현주,1,0.0,"[굴패각 분말로부터 칼슘 이온 추출과 불순물 제거]
   └ 학회: 한국산학기술학회 (IF: 1.09)"
1355,2022,공학 일반,935066140,류영복,1,0.0,"[굴패각 분말로부터 칼슘 이온 추출과 불순물 제거]
   └ 학회: 한국산학기술학회 (IF: 1.09)"
1356,2022,공학 일반,940689000,고혜지,1,0.0,"[기능성 가공과 봉제방법 변경을 통한 군용 방한 피복의 봉합강도 개선방안 고찰]
   └ 학회: 한국산학기술학회 (IF: 1.09)"
1357,2022,공학 일반,977832719,김지훈,1,0.0,"[기능성 가공과 봉제방법 변경을 통한 군용 방한 피복의 봉합강도 개선방안 고찰]
   └ 학회: 한국산학기술학회 (IF: 1.09)"
1358,2022,공학 일반,409701975,정아미,1,0.0,"[무기체계 수명주기비용 최적화를 위한 RAM-C 분석방안 연구]
   └ 학회: 한국산학기술학회 (IF: 1.09)"
1359,2022,공학 일반,881052244,김현진,1,0.0,"[무기체계 수명주기비용 최적화를 위한 RAM-C 분석방안 연구]
   └ 학회: 한국산학기술학회 (IF: 1.09)"
1360,2022,공학 일반,773779478,김휘진,1,0.0,"[무기체계 수명주기비용 최적화를 위한 RAM-C 분석방안 연구]
   └ 학회: 한국산학기술학회 (IF: 1.09)"
1361,2022,공학 일반,636244218,박석봉,1,0.0,"[무기체계 수명주기비용 최적화를 위한 RAM-C 분석방안 연구]
   └ 학회: 한국산학기술학회 (IF: 1.09)"
1362,2022,공학 일반,792850500,진정민,1,0.0,"[도서발행의 가격탄력성과 도서정가제의 경제적 효과]
   └ 학회: 한국산학기술학회 (IF: 1.09)"
1363,2022,공학 일반,244489856,이진호,1,0.0,"[초전도 유도 반발식 자기부상 캡슐트레인 차량의 단면적 및 길이에 따른 동특성 분석]
   └ 학회: 한국산학기술학회 (IF: 1.09)"
1364,2022,공학 일반,331922096,Gi-Hwal Son,1,0.0,"[Effect of micronutrient (L-tryptophan) imprinting on growth performance, fecal consistency, and blood parameter of Hanwoo calves]
   └ 학회: 한국산학기술학회 (IF: 1.09)"
1365,2022,공학 일반,489586866,Jong-Suh Shin,1,0.0,"[Effect of micronutrient (L-tryptophan) imprinting on growth performance, fecal consistency, and blood parameter of Hanwoo calves]
   └ 학회: 한국산학기술학회 (IF: 1.09)"
1366,2022,공학 일반,676783360,Byung-Ki Park,1,0.0,"[Effect of micronutrient (L-tryptophan) imprinting on growth performance, fecal consistency, and blood parameter of Hanwoo calves]
   └ 학회: 한국산학기술학회 (IF: 1.09)"
1367,2022,공학 일반,586306320,박형근,1,0.0,"[반도체 제조공정의 포토레지스트 정량 토출 펌프에 관한 연구]
   └ 학회: 한국산학기술학회 (IF: 1.09)"
1368,2022,공학 일반,308332639,이소정,1,0.0,"[반려동물 제품 및 서비스에 관한 탐색적 연구 - 반려견 중심으로]
   └ 학회: 한국산학기술학회 (IF: 1.09)"
1369,2022,공학 일반,337602928,공형택,1,0.0,"[밥 딜런의 블로윙 인 더 윈드 가사와 영화 포레스트 검프의 장면과 대사 서브텍스트 연구]
   └ 학회: 한국산학기술학회 (IF: 1.09)"
1370,2022,공학 일반,492167862,이재영,1,0.0,"[노인형 지역사회 통합돌봄에 관한 사례연구(부천시 중심으로)]
   └ 학회: 한국산학기술학회 (IF: 1.09)"
1371,2022,공학 일반,606840050,김성종,1,0.0,"[노인형 지역사회 통합돌봄에 관한 사례연구(부천시 중심으로)]
   └ 학회: 한국산학기술학회 (IF: 1.09)"
1372,2022,공학 일반,647560098,신기호,1,0.0,"[방위산업 수출 활성화를 위한 수출형 R&D 지원사업 발전방안 연구]
   └ 학회: 한국산학기술학회 (IF: 1.09)"
1373,2022,공학 일반,320447263,고건우,1,0.0,"[AAS계 토양개량제의 활용 및 적용방법에 대한 실험적 연구]
   └ 학회: 한국산학기술학회 (IF: 1.09)"
1374,2022,공학 일반,646033808,이병석,1,0.0,"[AAS계 토양개량제의 활용 및 적용방법에 대한 실험적 연구]
   └ 학회: 한국산학기술학회 (IF: 1.09)"
1375,2022,공학 일반,538935707,여동준,1,0.0,"[AAS계 토양개량제의 활용 및 적용방법에 대한 실험적 연구]
   └ 학회: 한국산학기술학회 (IF: 1.09)"
1376,2022,공학 일반,212910701,오세찬,1,0.0,"[상대제동 모델 기반 이동폐색 열차제어시스템]
   └ 학회: 한국산학기술학회 (IF: 1.09)"
1377,2022,공학 일반,554825250,김영주,1,0.0,"[상대제동 모델 기반 이동폐색 열차제어시스템]
   └ 학회: 한국산학기술학회 (IF: 1.09)"
1378,2022,공학 일반,918985336,박지영,1,0.0,"[예비유아교사의 전공별 비인지적 역량과 창의융합역량에 대한 차이 분석]
   └ 학회: 한국산학기술학회 (IF: 1.09)"
1379,2022,공학 일반,692795421,김용숙,1,0.0,"[예비유아교사의 전공별 비인지적 역량과 창의융합역량에 대한 차이 분석]
   └ 학회: 한국산학기술학회 (IF: 1.09)"
1380,2022,공학 일반,702203897,박현주,1,0.0,"[우리흑돈 성장단계별 및 우리흑돈과 삼원교잡돈 도체특성 비교]
   └ 학회: 한국산학기술학회 (IF: 1.09)"
1381,2022,공학 일반,478537123,정학재,1,0.0,"[우리흑돈 성장단계별 및 우리흑돈과 삼원교잡돈 도체특성 비교]
   └ 학회: 한국산학기술학회 (IF: 1.09)"
1382,2022,공학 일반,828210182,전다연,1,0.0,"[우리흑돈 성장단계별 및 우리흑돈과 삼원교잡돈 도체특성 비교]
   └ 학회: 한국산학기술학회 (IF: 1.09)"
1383,2022,공학 일반,166590765,조수현,1,0.0,"[우리흑돈 성장단계별 및 우리흑돈과 삼원교잡돈 도체특성 비교]
   └ 학회: 한국산학기술학회 (IF: 1.09)"
1384,2022,공학 일반,439983121,김조은,1,0.0,"[우리흑돈 성장단계별 및 우리흑돈과 삼원교잡돈 도체특성 비교]
   └ 학회: 한국산학기술학회 (IF: 1.09)"
1385,2022,공학 일반,882389762,이미숙,1,0.0,"[주관적 인지 저하에 대한 작업기억 기반 의사소통 중재의 효과 : 영역 및 적용 방식별 차이를 중심으로]
   └ 학회: 한국산학기술학회 (IF: 1.09)"
1386,2022,공학 일반,430928088,박선미,1,0.0,"[유아교사의 테크노스트레스와 테크놀로지 자기효능감의 관계에서 테크놀로지 리더십의 매개효과]
   └ 학회: 한국산학기술학회 (IF: 1.09)"
1387,2022,공학 일반,384022975,김종훈,1,0.0,"[유아교사의 테크노스트레스와 테크놀로지 자기효능감의 관계에서 테크놀로지 리더십의 매개효과]
   └ 학회: 한국산학기술학회 (IF: 1.09)"
1388,2022,공학 일반,678168241,조상옥,1,0.0,"[의무기록정보분석실무 교재 구성에 관한 연구]
   └ 학회: 한국산학기술학회 (IF: 1.09)"
1389,2022,공학 일반,220762432,전은정,1,0.0,"[젖소 발정탐지 고도화를 위한 활동량, 반추시간 생체정보 모니터링]
   └ 학회: 한국산학기술학회 (IF: 1.09)"
1390,2022,공학 일반,576150575,이지환,1,0.0,"[젖소 발정탐지 고도화를 위한 활동량, 반추시간 생체정보 모니터링]
   └ 학회: 한국산학기술학회 (IF: 1.09)"
1391,2022,공학 일반,412065491,김두산,1,0.0,"[젖소 발정탐지 고도화를 위한 활동량, 반추시간 생체정보 모니터링]
   └ 학회: 한국산학기술학회 (IF: 1.09)"
1392,2022,공학 일반,368661647,김동현,1,0.0,"[젖소 발정탐지 고도화를 위한 활동량, 반추시간 생체정보 모니터링]
   └ 학회: 한국산학기술학회 (IF: 1.09)"
1393,2022,공학 일반,491737858,정다진솔,1,0.0,"[젖소 발정탐지 고도화를 위한 활동량, 반추시간 생체정보 모니터링]
   └ 학회: 한국산학기술학회 (IF: 1.09)"
1394,2022,공학 일반,692481972,기광석,1,0.0,"[젖소 발정탐지 고도화를 위한 활동량, 반추시간 생체정보 모니터링]
   └ 학회: 한국산학기술학회 (IF: 1.09)"
1395,2022,공학 일반,478836952,한만희,1,0.0,"[젖소 발정탐지 고도화를 위한 활동량, 반추시간 생체정보 모니터링]
   └ 학회: 한국산학기술학회 (IF: 1.09)"
1396,2022,공학 일반,722248862,황성수,1,0.0,"[젖소 발정탐지 고도화를 위한 활동량, 반추시간 생체정보 모니터링]
   └ 학회: 한국산학기술학회 (IF: 1.09)"
1397,2022,공학 일반,956695570,문태완,1,0.0,"[제주지역 월동무 중장기 수급전망 및 적정 재배면적 추정]
   └ 학회: 한국산학기술학회 (IF: 1.09)"
1398,2022,공학 일반,367738823,안경아,1,0.0,"[제주지역 월동무 중장기 수급전망 및 적정 재배면적 추정]
   └ 학회: 한국산학기술학회 (IF: 1.09)"
1399,2022,공학 일반,291428052,김배성,1,0.0,"[제주지역 월동무 중장기 수급전망 및 적정 재배면적 추정]
   └ 학회: 한국산학기술학회 (IF: 1.09)"
1400,2022,공학 일반,874500867,신선영,1,0.0,"[무기체계 소프트웨어 통합형상관리 도구 평가 기준 연구]
   └ 학회: 한국산학기술학회 (IF: 1.09)"
1401,2022,공학 일반,219328206,권지나,1,0.0,"[특허기술 동향분석을 통한 지상감시레이더 체계구축 개선방안 연구]
   └ 학회: 한국산학기술학회 (IF: 1.09)"
1402,2022,공학 일반,554383846,김각규,1,0.0,"[특허기술 동향분석을 통한 지상감시레이더 체계구축 개선방안 연구]
   └ 학회: 한국산학기술학회 (IF: 1.09)"
1403,2022,공학 일반,5229251,진강균,1,0.0,"[특허기술 동향분석을 통한 지상감시레이더 체계구축 개선방안 연구]
   └ 학회: 한국산학기술학회 (IF: 1.09)"
1404,2022,공학 일반,877186344,원경찬,1,0.0,"[특허기술 동향분석을 통한 지상감시레이더 체계구축 개선방안 연구]
   └ 학회: 한국산학기술학회 (IF: 1.09)"
1405,2022,공학 일반,701496189,박서현,1,0.0,"[차세대 회전익 항공기 기술동향 분석을 통한 발전방안 연구]
   └ 학회: 한국산학기술학회 (IF: 1.09)"
1406,2022,공학 일반,994739615,황인보,1,0.0,"[특허 네트워크 분석 및 Word2Vec을 활용한 물류기술동향에 관한 연구]
   └ 학회: 한국산학기술학회 (IF: 1.09)"
1407,2022,공학 일반,986849771,송상화,1,0.0,"[특허 네트워크 분석 및 Word2Vec을 활용한 물류기술동향에 관한 연구]
   └ 학회: 한국산학기술학회 (IF: 1.09)"
1408,2022,공학 일반,557350586,유지훈,1,0.0,"[한미동맹의 인도·태평양 해양안보 파트너십 강화 필요성 연구]
   └ 학회: 한국산학기술학회 (IF: 1.09)"
1409,2022,공학 일반,103191092,이규식,1,0.0,"[화학플랜트 관리감독자의 안전리더십과 사고예방의 관계에서 안전문화의 매개효과 분석]
   └ 학회: 한국산학기술학회 (IF: 1.09)"
1410,2022,공학 일반,648766706,최형수,1,0.0,"[화학플랜트 관리감독자의 안전리더십과 사고예방의 관계에서 안전문화의 매개효과 분석]
   └ 학회: 한국산학기술학회 (IF: 1.09)"
1411,2022,공학 일반,639677003,김태훈,1,0.0,"[화학플랜트 관리감독자의 안전리더십과 사고예방의 관계에서 안전문화의 매개효과 분석]
   └ 학회: 한국산학기술학회 (IF: 1.09)"
1412,2022,공학 일반,937471194,안석,1,0.0,"[화학플랜트 관리감독자의 안전리더십과 사고예방의 관계에서 안전문화의 매개효과 분석]
   └ 학회: 한국산학기술학회 (IF: 1.09)"
1413,2022,공학 일반,105635645,박효진,1,0.0,"[훈련함 실습용 항해레이더 허상반사 개선방안 연구]
   └ 학회: 한국산학기술학회 (IF: 1.09)"
1414,2022,공학 일반,672374233,오현석,1,0.0,"[훈련함 실습용 항해레이더 허상반사 개선방안 연구]
   └ 학회: 한국산학기술학회 (IF: 1.09)"
1415,2022,공학 일반,5477868,권성진,1,0.0,"[다물체 차량동역학 기반 롤 안전성 해석 및 설계변수 영향도 분석에 관한 연구]
   └ 학회: 한국산학기술학회 (IF: 1.09)"
1416,2022,공학 일반,233886855,박의준,1,0.0,"[Zigbee 통신 기반 폐수배출시설 배출 현황 자동기록 시스템 설계에 관한 연구]
   └ 학회: 한국산학기술학회 (IF: 1.09)"
1417,2022,공학 일반,191477174,송제호,1,0.0,"[Zigbee 통신 기반 폐수배출시설 배출 현황 자동기록 시스템 설계에 관한 연구]
   └ 학회: 한국산학기술학회 (IF: 1.09)"
1418,2022,공학 일반,706422,황두희,1,0.0,"[스마트공장 및 제조혁신분야의 산업기술교육수요 분석 연구: 전라남도지역의 중소기업 및 벤처기업을 중심으로]
   └ 학회: 한국산학기술학회 (IF: 1.09)"
1419,2022,공학 일반,195312739,서희정,1,0.0,"[스마트공장 및 제조혁신분야의 산업기술교육수요 분석 연구: 전라남도지역의 중소기업 및 벤처기업을 중심으로]
   └ 학회: 한국산학기술학회 (IF: 1.09)"
1420,2022,공학 일반,303819848,서원범,1,0.0,"[해군 함정의 전자전 · 위성통신체계 EMI/EMC 최소화 방안에 관한 연구]
   └ 학회: 한국산학기술학회 (IF: 1.09)"
1421,2022,공학 일반,5174218,이상민,1,0.0,"[친환경 자동차용 고강도 알루미늄 신소재(Almag6) 성형성 평가]
   └ 학회: 한국산학기술학회 (IF: 1.09)"
1422,2022,공학 일반,560935918,레 쫑 다이,1,0.0,"[친환경 자동차용 고강도 알루미늄 신소재(Almag6) 성형성 평가]
   └ 학회: 한국산학기술학회 (IF: 1.09)"
1423,2022,공학 일반,954714577,강태욱,1,0.0,"[건설 인프라 스캔 작업 생산성 향상을 위한 로버 기반 실시간 3차원 모바일 맵핑 시스템 개발]
   └ 학회: 한국산학기술학회 (IF: 1.09)"
1424,2022,공학 일반,818547789,엄명헌,1,0.0,"[고밀도 자기기록용 Ba-Ferrite 분말의 자기적 특성에 미치는 첨가제 (Co, Ti, Co-Ti)의 효과]
   └ 학회: 한국산학기술학회 (IF: 1.09)"
1425,2022,공학 일반,136674098,연제욱,1,0.0,"[고밀도 자기기록용 Ba-Ferrite 분말의 자기적 특성에 미치는 첨가제 (Co, Ti, Co-Ti)의 효과]
   └ 학회: 한국산학기술학회 (IF: 1.09)"
1426,2022,공학 일반,507557316,하범용,1,0.0,"[고밀도 자기기록용 Ba-Ferrite 분말의 자기적 특성에 미치는 첨가제 (Co, Ti, Co-Ti)의 효과]
   └ 학회: 한국산학기술학회 (IF: 1.09)"
1427,2022,공학 일반,5499488,유도진,1,0.0,"[비음향센서 기반 잠수함 탐지 요소 개발 연구]
   └ 학회: 한국산학기술학회 (IF: 1.09)"
1428,2022,공학 일반,495663949,황경섭,1,0.0,"[프로빗 함수를 이용한 고폭탄의 위험성에 대한 연구]
   └ 학회: 한국산학기술학회 (IF: 1.09)"
1429,2022,공학 일반,140296063,전인범,1,0.0,"[프로빗 함수를 이용한 고폭탄의 위험성에 대한 연구]
   └ 학회: 한국산학기술학회 (IF: 1.09)"
1430,2022,공학 일반,514009929,장석우,1,0.0,"[입력 영상에서 예측 기반 개인 정보 영역의 보존]
   └ 학회: 한국산학기술학회 (IF: 1.09)"
1431,2022,공학 일반,732179210,조범연,1,0.0,"[계단 내려가기 운동의 효과 검증에 대한 연구]
   └ 학회: 한국산학기술학회 (IF: 1.09)"
1432,2022,공학 일반,803258702,배은영,1,0.0,"[계단 내려가기 운동의 효과 검증에 대한 연구]
   └ 학회: 한국산학기술학회 (IF: 1.09)"
1433,2022,공학 일반,669000178,신오순,1,0.0,"[계단 내려가기 운동의 효과 검증에 대한 연구]
   └ 학회: 한국산학기술학회 (IF: 1.09)"
1434,2022,공학 일반,584528298,문동규,1,0.0,"[유아교사의 교수창의성 영향요인에 대한 효과 분석]
   └ 학회: 한국산학기술학회 (IF: 1.09)"
1435,2022,공학 일반,840875555,김시철,1,0.0,"[측정 방법에 따른 CAD/CAM으로 제작한 3본 브리지의 내면 적합도 비교]
   └ 학회: 한국산학기술학회 (IF: 1.09)"
1436,2022,공학 일반,798895059,김희영,1,0.0,"[도시유형별 스마트도시서비스 비교분석]
   └ 학회: 한국산학기술학회 (IF: 1.09)"
1437,2022,공학 일반,646791279,조성수,1,0.0,"[도시유형별 스마트도시서비스 비교분석]
   └ 학회: 한국산학기술학회 (IF: 1.09)"
1438,2022,공학 일반,487435458,이상호,1,0.0,"[도시유형별 스마트도시서비스 비교분석]
   └ 학회: 한국산학기술학회 (IF: 1.09)"
1439,2022,공학 일반,684244783,이영호,1,0.0,"[북한지역 교량의 급속 상태안전 점검 체크리스트 개발]
   └ 학회: 한국산학기술학회 (IF: 1.09)"
1440,2022,공학 일반,327181579,하범만,1,0.0,"[노인의 일상생활 수행능력 장애 발생과 영향요인 : 전기노인과 후기노인 비교]
   └ 학회: 한국산학기술학회 (IF: 1.09)"
1441,2022,공학 일반,817357628,김지순,1,0.0,"[노인의 일상생활 수행능력 장애 발생과 영향요인 : 전기노인과 후기노인 비교]
   └ 학회: 한국산학기술학회 (IF: 1.09)"
1442,2022,공학 일반,249203587,김선호,1,0.0,"[노인의 일상생활 수행능력 장애 발생과 영향요인 : 전기노인과 후기노인 비교]
   └ 학회: 한국산학기술학회 (IF: 1.09)"
1443,2022,공학 일반,249607993,양영철,1,0.0,"[마리나 개발수립 시 기본 검토사항에 대한 고찰]
   └ 학회: 한국산학기술학회 (IF: 1.09)"
1444,2022,공학 일반,259621140,박혜림,1,0.0,"[대학 신입생의 잠재프로파일분석을 적용한 학습전략 활용 유형 분류 및 학업적 자기효능감, 학업성취도와의 관계]
   └ 학회: 한국산학기술학회 (IF: 1.09)"
1445,2022,공학 일반,127685424,고은현,1,0.0,"[대학 신입생의 잠재프로파일분석을 적용한 학습전략 활용 유형 분류 및 학업적 자기효능감, 학업성취도와의 관계]
   └ 학회: 한국산학기술학회 (IF: 1.09)"
1446,2022,공학 일반,958656515,장재홍,1,0.0,"[대학 신입생의 잠재프로파일분석을 적용한 학습전략 활용 유형 분류 및 학업적 자기효능감, 학업성취도와의 관계]
   └ 학회: 한국산학기술학회 (IF: 1.09)"
1447,2022,공학 일반,237718683,이규선,1,0.0,"[체육시설 주변 주거지 빛공해 특성에 따른 저감방안 연구]
   └ 학회: 한국산학기술학회 (IF: 1.09)"
1448,2022,공학 일반,155609719,정준식,1,0.0,"[건설기계 로더 소음도 현황 및 분석]
   └ 학회: 한국산학기술학회 (IF: 1.09)"
1449,2022,공학 일반,754509640,김우정,1,0.0,"[건설기계 로더 소음도 현황 및 분석]
   └ 학회: 한국산학기술학회 (IF: 1.09)"
1450,2022,공학 일반,497374066,남상구,1,0.0,"[고속주행차량의 후방스포일러 각도변화가 차량의 공력특성변화에 미치는 영향에 관한 수치해석 연구]
   └ 학회: 한국산학기술학회 (IF: 1.09)"
1451,2022,공학 일반,864283641,김철호,1,0.0,"[고속주행차량의 후방스포일러 각도변화가 차량의 공력특성변화에 미치는 영향에 관한 수치해석 연구]
   └ 학회: 한국산학기술학회 (IF: 1.09)"
1452,2022,공학 일반,582377089,이소연,1,0.0,"[자연어처리기법을 활용한 코로나19 전후 지속가능한 글로벌 공급망 연구 동향 변화와 시사점]
   └ 학회: 한국산학기술학회 (IF: 1.09)"
1453,2022,공학 일반,661363737,송민채,1,0.0,"[자연어처리기법을 활용한 코로나19 전후 지속가능한 글로벌 공급망 연구 동향 변화와 시사점]
   └ 학회: 한국산학기술학회 (IF: 1.09)"
1454,2022,공학 일반,206064313,박소연,1,0.0,"[충남 일개지역 학생들의 생활안전의식에 관한 연구]
   └ 학회: 한국산학기술학회 (IF: 1.09)"
1455,2022,공학 일반,607056742,홍영호,1,0.0,"[충남 일개지역 학생들의 생활안전의식에 관한 연구]
   └ 학회: 한국산학기술학회 (IF: 1.09)"
1456,2022,공학 일반,176369331,이선미,1,0.0,"[한국산학기술학회 논문지에 게재된 치위생학 관련 연구동향 분석]
   └ 학회: 한국산학기술학회 (IF: 1.09)"
1457,2022,공학 일반,490016687,임미희,1,0.0,"[한국산학기술학회 논문지에 게재된 치위생학 관련 연구동향 분석]
   └ 학회: 한국산학기술학회 (IF: 1.09)"
1458,2022,공학 일반,914455231,이희연,1,0.0,"[성인학습자의 자기주도 학습 준비성과 평가적 자기존중, 비판적 사고와 창의성 간의 구조적 관계]
   └ 학회: 한국산학기술학회 (IF: 1.09)"
1459,2022,공학 일반,625804006,박현옥,1,0.0,"[성인학습자의 자기주도 학습 준비성과 평가적 자기존중, 비판적 사고와 창의성 간의 구조적 관계]
   └ 학회: 한국산학기술학회 (IF: 1.09)"
1460,2022,공학 일반,496040129,음승희,1,0.0,"[음악치료 전공생의 실습경험에 관한 현상학적 연구]
   └ 학회: 한국산학기술학회 (IF: 1.09)"
1461,2022,공학 일반,298909152,송준구,1,0.0,"[어깨뼈 들임 와이퍼운동이 둥근 어깨 자세를 가진 사람의 가시아래근의 근활성도에 미치는 영향]
   └ 학회: 한국산학기술학회 (IF: 1.09)"
1462,2022,공학 일반,267167368,정연규,1,0.0,"[어깨뼈 들임 와이퍼운동이 둥근 어깨 자세를 가진 사람의 가시아래근의 근활성도에 미치는 영향]
   └ 학회: 한국산학기술학회 (IF: 1.09)"
1463,2022,공학 일반,710409305,김준희,1,0.0,"[어깨뼈 들임 와이퍼운동이 둥근 어깨 자세를 가진 사람의 가시아래근의 근활성도에 미치는 영향]
   └ 학회: 한국산학기술학회 (IF: 1.09)"
1464,2022,공학 일반,728761852,안희은,1,0.0,"[어깨뼈 들임 와이퍼운동이 둥근 어깨 자세를 가진 사람의 가시아래근의 근활성도에 미치는 영향]
   └ 학회: 한국산학기술학회 (IF: 1.09)"
1465,2022,공학 일반,226817059,김현숙,1,0.0,"[어깨뼈 들임 와이퍼운동이 둥근 어깨 자세를 가진 사람의 가시아래근의 근활성도에 미치는 영향]
   └ 학회: 한국산학기술학회 (IF: 1.09)"
1466,2022,공학 일반,114302960,구정완,1,0.0,"[어깨뼈 들임 와이퍼운동이 둥근 어깨 자세를 가진 사람의 가시아래근의 근활성도에 미치는 영향]
   └ 학회: 한국산학기술학회 (IF: 1.09)"
1467,2022,공학 일반,525352966,천지아,1,0.0,"[조선전기와 명왕조의 제도 분석에 따른 궁중복식 연구 -왕의 제복인 면복을 중심으로-]
   └ 학회: 한국산학기술학회 (IF: 1.09)"
1468,2022,공학 일반,598750263,김지현,1,0.0,"[조선전기와 명왕조의 제도 분석에 따른 궁중복식 연구 -왕의 제복인 면복을 중심으로-]
   └ 학회: 한국산학기술학회 (IF: 1.09)"
1469,2022,공학 일반,671278852,나미향,1,0.0,"[조선전기와 명왕조의 제도 분석에 따른 궁중복식 연구 -왕의 제복인 면복을 중심으로-]
   └ 학회: 한국산학기술학회 (IF: 1.09)"
1470,2022,공학 일반,965989920,김정민,1,0.0,"[통계적 기법을 통한 군용 항공기의 지속적 개선효과 분석: 필드데이터 중심으로]
   └ 학회: 한국산학기술학회 (IF: 1.09)"
1471,2022,공학 일반,873284551,김석환,1,0.0,"[의무기록자료를 이용한 감염성 질환(A00-B99)환자의 평균재원일수에 미치는 요인 분석]
   └ 학회: 한국산학기술학회 (IF: 1.09)"
1472,2022,공학 일반,852978560,김미주,1,0.0,"[의무기록자료를 이용한 감염성 질환(A00-B99)환자의 평균재원일수에 미치는 요인 분석]
   └ 학회: 한국산학기술학회 (IF: 1.09)"
1473,2022,공학 일반,517738966,함태영,1,0.0,"[안전상태정보지도 구축을 위한 건축물 화재 안전상태지수 연구]
   └ 학회: 한국산학기술학회 (IF: 1.09)"
1474,2022,공학 일반,123397143,심규철,1,0.0,"[안전상태정보지도 구축을 위한 건축물 화재 안전상태지수 연구]
   └ 학회: 한국산학기술학회 (IF: 1.09)"
1475,2022,공학 일반,696931253,김성환,1,0.0,"[안전상태정보지도 구축을 위한 건축물 화재 안전상태지수 연구]
   └ 학회: 한국산학기술학회 (IF: 1.09)"
1476,2022,공학 일반,2092201,송우승,1,0.0,"[안전상태정보지도 구축을 위한 건축물 화재 안전상태지수 연구]
   └ 학회: 한국산학기술학회 (IF: 1.09)"
