Rank,Year,Class_Name,Author_ID,Author_Name,Total_Papers,Final_Score,Raw_Trend_Score,Paper_List_Details
1,2025,컴퓨터학,696119555,김건동,5,1.4504,1.133089,"한국디지털콘텐츠학회 (NODE12341990, IF: 1.28)
한국디지털콘텐츠학회 (NODE12091190, IF: 1.28)
한국디지털콘텐츠학회 (NODE12408862, IF: 1.28)
한국디지털콘텐츠학회 (NODE12124213, IF: 1.28)
한국디지털콘텐츠학회 (NODE12152254, IF: 1.28)"
2,2025,컴퓨터학,112619693,권보람,2,0.7447,0.47135000000000005,"한국전자거래학회 (NODE12354335, IF: 1.58)
한국전자거래학회 (NODE12101229, IF: 1.58)"
3,2025,컴퓨터학,411188298,우탁,7,0.6388,0.499073,"한국디지털콘텐츠학회 (NODE12091191, IF: 1.28)
한국디지털콘텐츠학회 (NODE12267715, IF: 1.28)
한국디지털콘텐츠학회 (NODE12124201, IF: 1.28)
한국디지털콘텐츠학회 (NODE12124216, IF: 1.28)
한국디지털콘텐츠학회 (NODE12039219, IF: 1.28)
한국디지털콘텐츠학회 (NODE12039223, IF: 1.28)
한국디지털콘텐츠학회 (NODE12091175, IF: 1.28)"
4,2025,컴퓨터학,149046435,강지영,3,0.6223,0.486138,"한국디지털콘텐츠학회 (NODE12341999, IF: 1.28)
한국디지털콘텐츠학회 (NODE12124202, IF: 1.28)
한국디지털콘텐츠학회 (NODE12091180, IF: 1.28)"
5,2025,컴퓨터학,442471954,김유진,3,0.5779,0.713495,"한국컴퓨터정보학회 (NODE12296075, IF: 0.81)
한국컴퓨터정보학회 (NODE12296077, IF: 0.81)
한국컴퓨터정보학회 (NODE12087147, IF: 0.81)"
6,2025,컴퓨터학,645761159,이형석,3,0.5779,0.713495,"한국컴퓨터정보학회 (NODE12296075, IF: 0.81)
한국컴퓨터정보학회 (NODE12296077, IF: 0.81)
한국컴퓨터정보학회 (NODE12087147, IF: 0.81)"
7,2025,컴퓨터학,833101275,권보민,2,0.5749,0.44916900000000004,"한국디지털콘텐츠학회 (NODE12341990, IF: 1.28)
한국디지털콘텐츠학회 (NODE12408862, IF: 1.28)"
8,2025,컴퓨터학,984160680,원종윤,3,0.5678,0.443624,"한국디지털콘텐츠학회 (NODE12124205, IF: 1.28)
한국디지털콘텐츠학회 (NODE12482401, IF: 1.28)
한국디지털콘텐츠학회 (NODE12152248, IF: 1.28)"
9,2025,컴퓨터학,581674470,황효현,2,0.5678,0.443624,"한국디지털콘텐츠학회 (NODE12434534, IF: 1.28)
한국디지털콘텐츠학회 (NODE12296262, IF: 1.28)"
10,2025,컴퓨터학,449357864,임수연,2,0.5678,0.443624,"한국디지털콘텐츠학회 (NODE12091199, IF: 1.28)
한국디지털콘텐츠학회 (NODE12408871, IF: 1.28)"
11,2025,컴퓨터학,836625578,임진호,2,0.5678,0.443624,"한국디지털콘텐츠학회 (NODE12482403, IF: 1.28)
한국디지털콘텐츠학회 (NODE12434511, IF: 1.28)"
12,2025,컴퓨터학,191993582,홍복실,2,0.5312,0.41497300000000004,"한국디지털콘텐츠학회 (NODE12341992, IF: 1.28)
한국디지털콘텐츠학회 (NODE12342003, IF: 1.28)"
13,2025,컴퓨터학,991969986,김귀훈,10,0.4866,0.600738,"한국컴퓨터정보학회 (NODE12336980, IF: 0.81)
한국컴퓨터정보학회 (NODE12336981, IF: 0.81)
한국컴퓨터정보학회 (NODE12432009, IF: 0.81)
한국컴퓨터정보학회 (NODE12296080, IF: 0.81)
한국컴퓨터정보학회 (NODE12206739, IF: 0.81)
한국컴퓨터정보학회 (NODE12206740, IF: 0.81)
한국컴퓨터정보학회 (NODE12263476, IF: 0.81)
한국컴퓨터정보학회 (NODE12087156, IF: 0.81)
한국컴퓨터정보학회 (NODE12038635, IF: 0.81)
한국컴퓨터정보학회 (NODE12038636, IF: 0.81)"
14,2025,컴퓨터학,338719801,김종성,6,0.4634,0.6654359999999999,"한국정보보호학회 (NODE12431101, IF: 0.41)
한국디지털포렌식학회 (NODE12464780, IF: 0.72)
한국디지털포렌식학회 (NODE12293289, IF: 0.72)
한국디지털포렌식학회 (NODE12293290, IF: 0.72)
한국디지털포렌식학회 (NODE12109045, IF: 0.72)
한국디지털포렌식학회 (NODE12172010, IF: 0.72)"
15,2025,컴퓨터학,918391399,민자경,6,0.4365,0.341036,"한국디지털콘텐츠학회 (NODE12408856, IF: 1.28)
한국디지털콘텐츠학회 (NODE12482407, IF: 1.28)
한국디지털콘텐츠학회 (NODE12039204, IF: 1.28)
한국디지털콘텐츠학회 (NODE12434516, IF: 1.28)
한국디지털콘텐츠학회 (NODE12194024, IF: 1.28)
한국디지털콘텐츠학회 (NODE12194005, IF: 1.28)"
16,2025,컴퓨터학,538630440,전지현,2,0.4282,0.334564,"한국디지털콘텐츠학회 (NODE12091195, IF: 1.28)
한국디지털콘텐츠학회 (NODE12434524, IF: 1.28)"
17,2025,컴퓨터학,657991424,박수형,2,0.4282,0.334564,"한국디지털콘텐츠학회 (NODE12091195, IF: 1.28)
한국디지털콘텐츠학회 (NODE12434524, IF: 1.28)"
18,2025,컴퓨터학,810243432,김철홍,2,0.4022,0.314232,"한국디지털콘텐츠학회 (NODE12124214, IF: 1.28)
한국디지털콘텐츠학회 (NODE12408875, IF: 1.28)"
19,2025,컴퓨터학,143991450,강아영,1,0.3857,0.301294,"한국디지털콘텐츠학회 (NODE12342000, IF: 1.28)"
20,2025,컴퓨터학,844776287,김태훈,3,0.3667,0.286507,"한국디지털콘텐츠학회 (NODE12267733, IF: 1.28)
한국디지털콘텐츠학회 (NODE12039217, IF: 1.28)
한국디지털콘텐츠학회 (NODE12091178, IF: 1.28)"
21,2025,컴퓨터학,544761986,정회경,2,0.3667,0.28650600000000004,"한국디지털콘텐츠학회 (NODE12124203, IF: 1.28)
한국디지털콘텐츠학회 (NODE12152262, IF: 1.28)"
22,2025,컴퓨터학,971031091,이세종,3,0.3646,0.450093,"한국컴퓨터정보학회 (NODE12206716, IF: 0.81)
한국컴퓨터정보학회 (NODE12121920, IF: 0.81)
한국컴퓨터정보학회 (NODE12481171, IF: 0.81)"
23,2025,컴퓨터학,4613490,김형진,1,0.3505,0.221812,"한국전자거래학회 (NODE12354335, IF: 1.58)"
24,2025,컴퓨터학,199188920,Sungwook Yoon,1,0.3505,0.221812,"한국전자거래학회 (NODE12354335, IF: 1.58)"
25,2025,컴퓨터학,744480,김기범,9,0.3418,0.518486,"한국디지털포렌식학회 (NODE12464775, IF: 0.72)
한국디지털포렌식학회 (NODE12464777, IF: 0.72)
한국디지털포렌식학회 (NODE12293293, IF: 0.72)
한국정보보호학회 (NODE12148082, IF: 0.41)
한국정보보호학회 (NODE12148094, IF: 0.41)
한국디지털포렌식학회 (NODE12109043, IF: 0.72)
한국디지털포렌식학회 (NODE12109044, IF: 0.72)
한국디지털포렌식학회 (NODE12172006, IF: 0.72)
한국디지털포렌식학회 (NODE12172009, IF: 0.72)"
26,2025,컴퓨터학,162201111,민태호,2,0.3414,0.4214420000000001,"한국컴퓨터정보학회 (NODE12296069, IF: 0.81)
한국컴퓨터정보학회 (NODE12087155, IF: 0.81)"
27,2025,컴퓨터학,297891639,배현영,3,0.3372,0.263402,"한국디지털콘텐츠학회 (NODE12342005, IF: 1.28)
한국디지털콘텐츠학회 (NODE12267719, IF: 1.28)
한국디지털콘텐츠학회 (NODE12296278, IF: 1.28)"
28,2025,컴퓨터학,820617928,권경아,2,0.3241,0.253236,"한국디지털콘텐츠학회 (NODE12296277, IF: 1.28)
한국디지털콘텐츠학회 (NODE12152251, IF: 1.28)"
29,2025,컴퓨터학,1823710,박명철,3,0.3234,0.39926000000000006,"한국컴퓨터정보학회 (NODE12336982, IF: 0.81)
한국컴퓨터정보학회 (NODE12403654, IF: 0.81)
한국컴퓨터정보학회 (NODE12481152, IF: 0.81)"
30,2025,컴퓨터학,566726616,최완석,2,0.3189,0.39371500000000004,"한국컴퓨터정보학회 (NODE12336982, IF: 0.81)
한국컴퓨터정보학회 (NODE12403654, IF: 0.81)"
31,2025,컴퓨터학,952142806,TaeSeok Choi,2,0.3189,0.39371500000000004,"한국컴퓨터정보학회 (NODE12336982, IF: 0.81)
한국컴퓨터정보학회 (NODE12403654, IF: 0.81)"
32,2025,컴퓨터학,294240138,Seoyoon Heo,2,0.3189,0.39371500000000004,"한국컴퓨터정보학회 (NODE12336982, IF: 0.81)
한국컴퓨터정보학회 (NODE12403654, IF: 0.81)"
33,2025,컴퓨터학,487315968,우용태,2,0.3107,0.38354900000000003,"한국컴퓨터정보학회 (NODE12263455, IF: 0.81)
한국컴퓨터정보학회 (NODE12206726, IF: 0.81)"
34,2025,컴퓨터학,978082054,최재은,1,0.3099,0.24214400000000003,"한국디지털콘텐츠학회 (NODE12482412, IF: 1.28)"
35,2025,컴퓨터학,955073539,박소은,1,0.3005,0.23475100000000002,"한국디지털콘텐츠학회 (NODE12124213, IF: 1.28)"
36,2025,컴퓨터학,125048094,강석민,2,0.2969,0.23197800000000002,"한국디지털콘텐츠학회 (NODE12267744, IF: 1.28)
한국디지털콘텐츠학회 (NODE12296283, IF: 1.28)"
37,2025,컴퓨터학,771316125,문지용,1,0.2969,0.23197800000000002,"한국디지털콘텐츠학회 (NODE12124220, IF: 1.28)"
38,2025,컴퓨터학,911698791,김성백,1,0.2969,0.23197800000000002,"한국디지털콘텐츠학회 (NODE12124220, IF: 1.28)"
39,2025,컴퓨터학,448386367,박진철,3,0.2961,0.411276,"한국디지털포렌식학회 (NODE12464780, IF: 0.72)
한국디지털포렌식학회 (NODE12293290, IF: 0.72)
한국디지털포렌식학회 (NODE12109045, IF: 0.72)"
40,2025,컴퓨터학,544811971,윤승욱,1,0.291,0.227357,"한국디지털콘텐츠학회 (NODE12342004, IF: 1.28)"
41,2025,컴퓨터학,577250320,김찬원,1,0.291,0.227357,"한국디지털콘텐츠학회 (NODE12342004, IF: 1.28)"
42,2025,컴퓨터학,313195633,박소연,1,0.291,0.227357,"한국디지털콘텐츠학회 (NODE12091190, IF: 1.28)"
43,2025,컴퓨터학,891846050,송희수,1,0.291,0.227357,"한국디지털콘텐츠학회 (NODE12408862, IF: 1.28)"
44,2025,컴퓨터학,799704217,유승연,1,0.291,0.227357,"한국디지털콘텐츠학회 (NODE12408862, IF: 1.28)"
45,2025,컴퓨터학,712876857,조재희,2,0.2898,0.226433,"한국디지털콘텐츠학회 (NODE12342005, IF: 1.28)
한국디지털콘텐츠학회 (NODE12039211, IF: 1.28)"
46,2025,컴퓨터학,724738725,권순현,1,0.2845,0.351202,"한국컴퓨터정보학회 (NODE12206720, IF: 0.81)"
47,2025,컴퓨터학,817420565,김지윤,4,0.2839,0.221812,"한국디지털콘텐츠학회 (NODE12341981, IF: 1.28)
한국디지털콘텐츠학회 (NODE12341991, IF: 1.28)
한국디지털콘텐츠학회 (NODE12408860, IF: 1.28)
한국디지털콘텐츠학회 (NODE12194006, IF: 1.28)"
48,2025,컴퓨터학,552477482,조세희,2,0.2839,0.221812,"한국디지털콘텐츠학회 (NODE12124205, IF: 1.28)
한국디지털콘텐츠학회 (NODE12482401, IF: 1.28)"
49,2025,컴퓨터학,461067856,문수지,2,0.2839,0.221812,"한국디지털콘텐츠학회 (NODE12124206, IF: 1.28)
한국디지털콘텐츠학회 (NODE12434520, IF: 1.28)"
50,2025,컴퓨터학,442478366,박신희,2,0.2839,0.221812,"한국디지털콘텐츠학회 (NODE12434512, IF: 1.28)
한국디지털콘텐츠학회 (NODE12267704, IF: 1.28)"
51,2025,컴퓨터학,633528978,이창배,1,0.2839,0.221812,"한국디지털콘텐츠학회 (NODE12434534, IF: 1.28)"
52,2025,컴퓨터학,429230794,고윤정,1,0.2839,0.221812,"한국디지털콘텐츠학회 (NODE12434535, IF: 1.28)"
53,2025,컴퓨터학,198465178,백상미,1,0.2839,0.221812,"한국디지털콘텐츠학회 (NODE12091199, IF: 1.28)"
54,2025,컴퓨터학,626612940,신한솔,1,0.2839,0.22181,"한국디지털콘텐츠학회 (NODE12296281, IF: 1.28)"
55,2025,컴퓨터학,921898814,이찬희,1,0.2839,0.22181,"한국디지털콘텐츠학회 (NODE12296281, IF: 1.28)"
56,2025,컴퓨터학,438411030,서상원,1,0.2839,0.22181,"한국디지털콘텐츠학회 (NODE12296281, IF: 1.28)"
57,2025,컴퓨터학,688750642,전대일,1,0.2839,0.22181,"한국디지털콘텐츠학회 (NODE12296281, IF: 1.28)"
58,2025,컴퓨터학,258993914,임우주,1,0.2839,0.221812,"한국디지털콘텐츠학회 (NODE12408867, IF: 1.28)"
59,2025,컴퓨터학,889149164,신지호,1,0.2839,0.221812,"한국디지털콘텐츠학회 (NODE12408867, IF: 1.28)"
60,2025,컴퓨터학,102920744,나수민,1,0.2839,0.221812,"한국디지털콘텐츠학회 (NODE12408871, IF: 1.28)"
61,2025,컴퓨터학,440523252,박연수,1,0.2839,0.221812,"한국디지털콘텐츠학회 (NODE12482403, IF: 1.28)"
62,2025,컴퓨터학,231290722,김근형,1,0.2839,0.221812,"한국디지털콘텐츠학회 (NODE12482419, IF: 1.28)"
63,2025,컴퓨터학,400351754,윤주성,1,0.2839,0.221812,"한국디지털콘텐츠학회 (NODE12039212, IF: 1.28)"
64,2025,컴퓨터학,794748688,노기영,1,0.2839,0.221812,"한국디지털콘텐츠학회 (NODE12039212, IF: 1.28)"
65,2025,컴퓨터학,422759415,김재희,1,0.2839,0.221812,"한국디지털콘텐츠학회 (NODE12434511, IF: 1.28)"
66,2025,컴퓨터학,929010967,김기태,1,0.2839,0.221812,"한국디지털콘텐츠학회 (NODE12434526, IF: 1.28)"
67,2025,컴퓨터학,651278814,배현영,1,0.2839,0.221812,"한국디지털콘텐츠학회 (NODE12434526, IF: 1.28)"
68,2025,컴퓨터학,863036011,진지훈,1,0.2839,0.221812,"한국디지털콘텐츠학회 (NODE12194024, IF: 1.28)"
69,2025,컴퓨터학,795657583,강일,1,0.2839,0.221812,"한국디지털콘텐츠학회 (NODE12194006, IF: 1.28)"
70,2025,컴퓨터학,950288043,이학진,1,0.2839,0.221812,"한국디지털콘텐츠학회 (NODE12194021, IF: 1.28)"
71,2025,컴퓨터학,265666779,이혜진,1,0.2839,0.221812,"한국디지털콘텐츠학회 (NODE12091178, IF: 1.28)"
72,2025,컴퓨터학,234002467,박대혁,1,0.2839,0.221812,"한국디지털콘텐츠학회 (NODE12091183, IF: 1.28)"
73,2025,컴퓨터학,968067393,김지우,1,0.2839,0.221812,"한국디지털콘텐츠학회 (NODE12152254, IF: 1.28)"
74,2025,컴퓨터학,115407402,강태곤,1,0.2839,0.221812,"한국디지털콘텐츠학회 (NODE12152257, IF: 1.28)"
75,2025,컴퓨터학,511810392,김경순,1,0.2839,0.221812,"한국디지털콘텐츠학회 (NODE12152257, IF: 1.28)"
76,2025,컴퓨터학,905262820,박정흠,4,0.267,0.420519,"한국디지털포렌식학회 (NODE12403963, IF: 0.72)
한국정보보호학회 (NODE12334188, IF: 0.41)
한국디지털포렌식학회 (NODE12293291, IF: 0.72)
한국디지털포렌식학회 (NODE12172011, IF: 0.72)"
77,2025,컴퓨터학,590491241,김호준,1,0.2598,0.320703,"한국컴퓨터정보학회 (NODE12121920, IF: 0.81)"
78,2025,컴퓨터학,301943728,김현동,1,0.2598,0.320703,"한국컴퓨터정보학회 (NODE12121920, IF: 0.81)"
79,2025,컴퓨터학,372241056,손서희,1,0.2598,0.320703,"한국컴퓨터정보학회 (NODE12121920, IF: 0.81)"
80,2025,컴퓨터학,615482837,배성욱,1,0.2598,0.320703,"한국컴퓨터정보학회 (NODE12121920, IF: 0.81)"
81,2025,컴퓨터학,875487373,옥지원,1,0.2598,0.320703,"한국컴퓨터정보학회 (NODE12121920, IF: 0.81)"
82,2025,컴퓨터학,688239823,김하영,3,0.244,0.30129300000000003,"한국컴퓨터정보학회 (NODE12336960, IF: 0.81)
한국컴퓨터정보학회 (NODE12296063, IF: 0.81)
한국컴퓨터정보학회 (NODE12038615, IF: 0.81)"
83,2025,컴퓨터학,853293265,박세준,4,0.2404,0.35582400000000003,"한국정보보호학회 (NODE12431101, IF: 0.41)
한국디지털포렌식학회 (NODE12293289, IF: 0.72)
한국디지털포렌식학회 (NODE12109045, IF: 0.72)
한국디지털포렌식학회 (NODE12172010, IF: 0.72)"
84,2025,컴퓨터학,164322387,배병철,3,0.2366,0.184844,"한국디지털콘텐츠학회 (NODE12124219, IF: 1.28)
한국디지털콘텐츠학회 (NODE12152271, IF: 1.28)
한국디지털콘텐츠학회 (NODE12152273, IF: 1.28)"
85,2025,컴퓨터학,891505292,문철호,1,0.2366,0.184842,"한국디지털콘텐츠학회 (NODE12039223, IF: 1.28)"
86,2025,컴퓨터학,940283245,송민채,1,0.2351,0.290204,"한국컴퓨터정보학회 (NODE12263459, IF: 0.81)"
87,2025,컴퓨터학,618674765,박재영,1,0.2351,0.290204,"한국컴퓨터정보학회 (NODE12263459, IF: 0.81)"
88,2025,컴퓨터학,623718069,이원주,3,0.2343,0.28928,"한국컴퓨터정보학회 (NODE12263463, IF: 0.81)
한국컴퓨터정보학회 (NODE12206727, IF: 0.81)
한국컴퓨터정보학회 (NODE12121922, IF: 0.81)"
89,2025,컴퓨터학,891404384,이병권,2,0.2321,0.28650600000000004,"한국컴퓨터정보학회 (NODE12296062, IF: 0.81)
한국컴퓨터정보학회 (NODE12149603, IF: 0.81)"
90,2025,컴퓨터학,103793492,HeeJoon Shin,1,0.2321,0.286507,"한국컴퓨터정보학회 (NODE12336982, IF: 0.81)"
91,2025,컴퓨터학,648787105,Hongrae Kim,1,0.2321,0.286507,"한국컴퓨터정보학회 (NODE12336982, IF: 0.81)"
92,2025,컴퓨터학,149367496,Ma Xu,1,0.2321,0.286507,"한국컴퓨터정보학회 (NODE12336982, IF: 0.81)"
93,2025,컴퓨터학,635175506,Do Heon Kwon,1,0.2321,0.286507,"한국컴퓨터정보학회 (NODE12336982, IF: 0.81)"
94,2025,컴퓨터학,868880038,Jin Yuemei,1,0.2321,0.286507,"한국컴퓨터정보학회 (NODE12336982, IF: 0.81)"
95,2025,컴퓨터학,401777044,한지훈,1,0.2321,0.286507,"한국컴퓨터정보학회 (NODE12038618, IF: 0.81)"
96,2025,컴퓨터학,266850723,박승아,1,0.2321,0.286507,"한국컴퓨터정보학회 (NODE12038618, IF: 0.81)"
97,2025,컴퓨터학,110144388,하준서,1,0.2321,0.286507,"한국컴퓨터정보학회 (NODE12038618, IF: 0.81)"
98,2025,컴퓨터학,285205889,이창민,1,0.2321,0.286507,"한국컴퓨터정보학회 (NODE12038618, IF: 0.81)"
99,2025,컴퓨터학,335494603,정경미,1,0.2321,0.286507,"한국컴퓨터정보학회 (NODE12038618, IF: 0.81)"
100,2025,컴퓨터학,168425791,한미란,1,0.2321,0.286507,"한국컴퓨터정보학회 (NODE12038618, IF: 0.81)"
101,2025,컴퓨터학,187135382,김준섭,1,0.2321,0.286507,"한국컴퓨터정보학회 (NODE12038618, IF: 0.81)"
102,2025,컴퓨터학,665576245,조금환,1,0.2321,0.286507,"한국컴퓨터정보학회 (NODE12038618, IF: 0.81)"
103,2025,컴퓨터학,751347933,김광기,4,0.2319,0.181146,"한국디지털콘텐츠학회 (NODE12482421, IF: 1.28)
한국디지털콘텐츠학회 (NODE12482428, IF: 1.28)
한국디지털콘텐츠학회 (NODE12434528, IF: 1.28)
한국디지털콘텐츠학회 (NODE12091182, IF: 1.28)"
104,2025,컴퓨터학,398956311,오상원,3,0.2319,0.181146,"한국디지털콘텐츠학회 (NODE12482421, IF: 1.28)
한국디지털콘텐츠학회 (NODE12482428, IF: 1.28)
한국디지털콘텐츠학회 (NODE12434528, IF: 1.28)"
105,2025,컴퓨터학,624091182,오승민,3,0.2319,0.181146,"한국디지털콘텐츠학회 (NODE12482421, IF: 1.28)
한국디지털콘텐츠학회 (NODE12482428, IF: 1.28)
한국디지털콘텐츠학회 (NODE12434528, IF: 1.28)"
106,2025,컴퓨터학,872673620,한민수,3,0.2319,0.181146,"한국디지털콘텐츠학회 (NODE12482421, IF: 1.28)
한국디지털콘텐츠학회 (NODE12482428, IF: 1.28)
한국디지털콘텐츠학회 (NODE12434528, IF: 1.28)"
107,2025,컴퓨터학,114009371,김진술,3,0.2319,0.181146,"한국디지털콘텐츠학회 (NODE12482421, IF: 1.28)
한국디지털콘텐츠학회 (NODE12482428, IF: 1.28)
한국디지털콘텐츠학회 (NODE12434528, IF: 1.28)"
108,2025,컴퓨터학,133349445,송재호,1,0.2319,0.181146,"한국디지털콘텐츠학회 (NODE12482421, IF: 1.28)"
109,2025,컴퓨터학,238352700,이진,1,0.2319,0.181146,"한국디지털콘텐츠학회 (NODE12408874, IF: 1.28)"
110,2025,컴퓨터학,345307592,유광현,1,0.2319,0.181146,"한국디지털콘텐츠학회 (NODE12408874, IF: 1.28)"
111,2025,컴퓨터학,599000420,이준,1,0.2319,0.181146,"한국디지털콘텐츠학회 (NODE12408874, IF: 1.28)"
112,2025,컴퓨터학,652656001,신병권,1,0.2319,0.181146,"한국디지털콘텐츠학회 (NODE12408874, IF: 1.28)"
113,2025,컴퓨터학,107393131,한영민,1,0.2319,0.181146,"한국디지털콘텐츠학회 (NODE12408874, IF: 1.28)"
114,2025,컴퓨터학,462430630,이헌주,1,0.2319,0.181146,"한국디지털콘텐츠학회 (NODE12408874, IF: 1.28)"
115,2025,컴퓨터학,491829132,장진호,1,0.2319,0.181146,"한국디지털콘텐츠학회 (NODE12408874, IF: 1.28)"
116,2025,컴퓨터학,217010576,김진영,1,0.2319,0.181146,"한국디지털콘텐츠학회 (NODE12408874, IF: 1.28)"
117,2025,컴퓨터학,885904477,김건영,1,0.2319,0.181146,"한국디지털콘텐츠학회 (NODE12408874, IF: 1.28)"
118,2025,컴퓨터학,908652646,권헌영,4,0.2278,0.144176,"한국전자거래학회 (NODE12487930, IF: 1.58)
한국정보보호학회 (NODE12334186, IF: 0.41)
한국전자거래학회 (NODE12101222, IF: 1.58)
한국전자거래학회 (NODE12244515, IF: 1.58)"
119,2025,컴퓨터학,166181423,양성주,2,0.2278,0.144176,"한국전자거래학회 (NODE12101222, IF: 1.58)
한국전자거래학회 (NODE12244515, IF: 1.58)"
120,2025,컴퓨터학,228275014,이성훈,1,0.2271,0.177448,"한국디지털콘텐츠학회 (NODE12434524, IF: 1.28)"
121,2025,컴퓨터학,786147169,안민권,1,0.226,0.176525,"한국디지털콘텐츠학회 (NODE12194012, IF: 1.28)"
122,2025,컴퓨터학,487800065,채민정,1,0.226,0.176525,"한국디지털콘텐츠학회 (NODE12194012, IF: 1.28)"
123,2025,컴퓨터학,542147320,장한얼,3,0.2229,0.411276,"한국디지털포렌식학회 (NODE12403961, IF: 0.72)
한국디지털포렌식학회 (NODE12403965, IF: 0.72)
Korean Institute of Information Scientists and Engineers (NODE12153361, IF: 0.0)"
124,2025,컴퓨터학,864078466,김동수,2,0.2229,0.309612,"한국디지털포렌식학회 (NODE12403961, IF: 0.72)
한국디지털포렌식학회 (NODE12403965, IF: 0.72)"
125,2025,컴퓨터학,599576444,오태우,2,0.2229,0.309612,"한국디지털포렌식학회 (NODE12403961, IF: 0.72)
한국디지털포렌식학회 (NODE12403965, IF: 0.72)"
126,2025,컴퓨터학,266960698,박지수,2,0.2229,0.309612,"한국디지털포렌식학회 (NODE12464780, IF: 0.72)
한국디지털포렌식학회 (NODE12293290, IF: 0.72)"
127,2025,컴퓨터학,948080461,손태식,8,0.2194,0.33087,"ICT플랫폼학회 (NODE12287136, IF: 0.42)
한국디지털포렌식학회 (NODE12403959, IF: 0.72)
한국디지털콘텐츠학회 (NODE12267738, IF: 1.28)
한국디지털콘텐츠학회 (NODE12124221, IF: 1.28)
한국디지털포렌식학회 (NODE12293292, IF: 0.72)
한국디지털콘텐츠학회 (NODE12482410, IF: 1.28)
ICT플랫폼학회 (NODE12102165, IF: 0.42)
한국디지털포렌식학회 (NODE12172007, IF: 0.72)"
128,2025,컴퓨터학,831654845,박태원,1,0.2165,0.169131,"한국디지털콘텐츠학회 (NODE12482420, IF: 1.28)"
129,2025,컴퓨터학,463821285,강창원,1,0.2165,0.169131,"한국디지털콘텐츠학회 (NODE12482420, IF: 1.28)"
130,2025,컴퓨터학,323452758,김효석,1,0.2165,0.169131,"한국디지털콘텐츠학회 (NODE12482420, IF: 1.28)"
131,2025,컴퓨터학,792789654,이도훈,1,0.2165,0.169131,"한국디지털콘텐츠학회 (NODE12482420, IF: 1.28)"
132,2025,컴퓨터학,600873797,유재성,2,0.2163,0.267098,"한국컴퓨터정보학회 (NODE12263456, IF: 0.81)
한국컴퓨터정보학회 (NODE12121924, IF: 0.81)"
133,2025,컴퓨터학,905166414,김유희,1,0.2141,0.264326,"한국컴퓨터정보학회 (NODE12431985, IF: 0.81)"
134,2025,컴퓨터학,618589011,백계환,1,0.2082,0.162662,"한국디지털콘텐츠학회 (NODE12152266, IF: 1.28)"
135,2025,컴퓨터학,353178546,양승민,1,0.2082,0.162662,"한국디지털콘텐츠학회 (NODE12152266, IF: 1.28)"
136,2025,컴퓨터학,234827708,장난영,1,0.2082,0.162662,"한국디지털콘텐츠학회 (NODE12152266, IF: 1.28)"
137,2025,컴퓨터학,389116630,한단비,1,0.2082,0.162662,"한국디지털콘텐츠학회 (NODE12152266, IF: 1.28)"
138,2025,컴퓨터학,903917151,조민경,1,0.2082,0.162662,"한국디지털콘텐츠학회 (NODE12152266, IF: 1.28)"
139,2025,컴퓨터학,256206579,이수민,1,0.2082,0.162662,"한국디지털콘텐츠학회 (NODE12152266, IF: 1.28)"
140,2025,컴퓨터학,115831126,권건율,1,0.2082,0.162662,"한국디지털콘텐츠학회 (NODE12152266, IF: 1.28)"
141,2025,컴퓨터학,141797144,곽민정,1,0.2082,0.162662,"한국디지털콘텐츠학회 (NODE12152266, IF: 1.28)"
142,2025,컴퓨터학,468351858,김응준,1,0.2074,0.256008,"한국컴퓨터정보학회 (NODE12121921, IF: 0.81)"
143,2025,컴퓨터학,335100184,최승호,2,0.2058,0.160812,"한국디지털콘텐츠학회 (NODE12124217, IF: 1.28)
한국디지털콘텐츠학회 (NODE12039216, IF: 1.28)"
144,2025,컴퓨터학,933257532,박기홍,2,0.2011,0.157116,"한국디지털콘텐츠학회 (NODE12342002, IF: 1.28)
ICT플랫폼학회 (NODE12177133, IF: 0.42)"
145,2025,컴퓨터학,456436301,노희성,1,0.2011,0.157116,"한국디지털콘텐츠학회 (NODE12342002, IF: 1.28)"
146,2025,컴퓨터학,724797467,Narae Kang,1,0.2011,0.157116,"한국디지털콘텐츠학회 (NODE12342002, IF: 1.28)"
147,2025,컴퓨터학,556106386,Seokhwan Hwang,1,0.2011,0.157116,"한국디지털콘텐츠학회 (NODE12342002, IF: 1.28)"
148,2025,컴퓨터학,552252788,정윤환,1,0.2011,0.157116,"한국디지털콘텐츠학회 (NODE12091191, IF: 1.28)"
149,2025,컴퓨터학,554413486,류현승,1,0.2011,0.157116,"한국디지털콘텐츠학회 (NODE12091195, IF: 1.28)"
150,2025,컴퓨터학,999767889,남창균,1,0.2011,0.157116,"한국디지털콘텐츠학회 (NODE12124214, IF: 1.28)"
151,2025,컴퓨터학,224659558,장보수,1,0.2011,0.157116,"한국디지털콘텐츠학회 (NODE12408875, IF: 1.28)"
152,2025,컴퓨터학,451131290,김학성,1,0.2011,0.157116,"한국디지털콘텐츠학회 (NODE12152262, IF: 1.28)"
153,2025,컴퓨터학,479931952,김창배,1,0.2011,0.157116,"한국디지털콘텐츠학회 (NODE12152262, IF: 1.28)"
154,2025,컴퓨터학,206219237,장혁,1,0.2011,0.157116,"한국디지털콘텐츠학회 (NODE12152262, IF: 1.28)"
155,2025,컴퓨터학,112964856,MD Ilias Bappi,1,0.2011,0.157116,"한국디지털콘텐츠학회 (NODE12152263, IF: 1.28)"
156,2025,컴퓨터학,5527711,Hyeonseok Jin,1,0.2011,0.157116,"한국디지털콘텐츠학회 (NODE12152263, IF: 1.28)"
157,2025,컴퓨터학,213728695,김경백,1,0.2011,0.157116,"한국디지털콘텐츠학회 (NODE12152263, IF: 1.28)"
158,2025,컴퓨터학,136417808,전현주,1,0.1964,0.15342,"한국디지털콘텐츠학회 (NODE12091177, IF: 1.28)"
159,2025,컴퓨터학,826115313,김명류,1,0.1928,0.150647,"한국디지털콘텐츠학회 (NODE12341992, IF: 1.28)"
160,2025,컴퓨터학,934138564,박은홍,2,0.1916,0.236598,"한국컴퓨터정보학회 (NODE12296063, IF: 0.81)
한국컴퓨터정보학회 (NODE12038615, IF: 0.81)"
161,2025,컴퓨터학,724845770,나현호,1,0.1916,0.23659799999999997,"한국컴퓨터정보학회 (NODE12038613, IF: 0.81)"
162,2025,컴퓨터학,271265593,현대원,2,0.1893,0.147875,"한국디지털콘텐츠학회 (NODE12124208, IF: 1.28)
한국디지털콘텐츠학회 (NODE12039209, IF: 1.28)"
163,2025,컴퓨터학,680774409,장항배,6,0.1884,0.119223,"한국전자거래학회 (NODE12354327, IF: 1.58)
한국전자거래학회 (NODE12487924, IF: 1.58)
한국전자거래학회 (NODE12487928, IF: 1.58)
한국전자거래학회 (NODE12101221, IF: 1.58)
ICT플랫폼학회 (NODE12455006, IF: 0.42)
ICT플랫폼학회 (NODE12177136, IF: 0.42)"
164,2025,컴퓨터학,141360564,이지민,3,0.1884,0.119223,"한국전자거래학회 (NODE12354327, IF: 1.58)
한국전자거래학회 (NODE12487924, IF: 1.58)
한국전자거래학회 (NODE12101221, IF: 1.58)"
165,2025,컴퓨터학,207900470,조다영,2,0.1845,0.144176,"한국디지털콘텐츠학회 (NODE12341995, IF: 1.28)
한국디지털콘텐츠학회 (NODE12039225, IF: 1.28)"
166,2025,컴퓨터학,492491634,최준호,2,0.1845,0.144176,"한국디지털콘텐츠학회 (NODE12341995, IF: 1.28)
한국디지털콘텐츠학회 (NODE12039225, IF: 1.28)"
167,2025,컴퓨터학,335598177,송성광,1,0.1834,0.226433,"한국컴퓨터정보학회 (NODE12263455, IF: 0.81)"
168,2025,컴퓨터학,167541806,문현정,1,0.1834,0.226433,"한국컴퓨터정보학회 (NODE12263455, IF: 0.81)"
169,2025,컴퓨터학,727081284,김영지,1,0.1834,0.226433,"한국컴퓨터정보학회 (NODE12263455, IF: 0.81)"
170,2025,컴퓨터학,963351867,김효정,1,0.1822,0.14233,"한국디지털콘텐츠학회 (NODE12039209, IF: 1.28)"
171,2025,컴퓨터학,648606840,신선우,1,0.1822,0.14233,"한국디지털콘텐츠학회 (NODE12039209, IF: 1.28)"
172,2025,컴퓨터학,240373456,이호성,1,0.1822,0.14233,"한국디지털콘텐츠학회 (NODE12039209, IF: 1.28)"
173,2025,컴퓨터학,912281206,이영선,2,0.1797,0.221812,"한국컴퓨터정보학회 (NODE12336965, IF: 0.81)
한국디지털콘텐츠학회 (NODE12408868, IF: 1.28)"
174,2025,컴퓨터학,549173051,이영준,2,0.1797,0.221812,"한국컴퓨터정보학회 (NODE12121942, IF: 0.81)
한국컴퓨터정보학회 (NODE12403676, IF: 0.81)"
175,2025,컴퓨터학,599472931,김승연,1,0.1797,0.221812,"한국컴퓨터정보학회 (NODE12336965, IF: 0.81)"
176,2025,컴퓨터학,281190706,박예슬,1,0.1797,0.221812,"한국컴퓨터정보학회 (NODE12336965, IF: 0.81)"
177,2025,컴퓨터학,180988630,이보원,1,0.1797,0.221812,"한국컴퓨터정보학회 (NODE12336965, IF: 0.81)"
178,2025,컴퓨터학,675175309,김재남,1,0.1797,0.221812,"한국컴퓨터정보학회 (NODE12336979, IF: 0.81)"
179,2025,컴퓨터학,401405174,길완제,1,0.1797,0.221812,"한국컴퓨터정보학회 (NODE12403652, IF: 0.81)"
180,2025,컴퓨터학,787245014,신인수,1,0.1797,0.221812,"한국컴퓨터정보학회 (NODE12403652, IF: 0.81)"
181,2025,컴퓨터학,517447313,임수훈,1,0.1797,0.221812,"한국컴퓨터정보학회 (NODE12403676, IF: 0.81)"
182,2025,컴퓨터학,114198681,홍승주,1,0.1797,0.221812,"한국컴퓨터정보학회 (NODE12403676, IF: 0.81)"
183,2025,컴퓨터학,669820380,김성원,1,0.1797,0.221812,"한국컴퓨터정보학회 (NODE12403676, IF: 0.81)"
184,2025,컴퓨터학,562214,이상진,8,0.176,0.275417,"한국정보보호학회 (NODE12431109, IF: 0.41)
한국디지털포렌식학회 (NODE12464774, IF: 0.72)
한국디지털포렌식학회 (NODE12464776, IF: 0.72)
한국정보보호학회 (NODE12334194, IF: 0.41)
한국정보보호학회 (NODE12148092, IF: 0.41)
한국정보보호학회 (NODE12265683, IF: 0.41)
한국정보보호학회 (NODE12265684, IF: 0.41)
한국디지털포렌식학회 (NODE12172012, IF: 0.72)"
185,2025,컴퓨터학,325016,이지원,4,0.1757,0.399262,"한국컴퓨터그래픽스학회 (NODE12218879, IF: 0.44)
한국컴퓨터그래픽스학회 (NODE12292966, IF: 0.44)
한국컴퓨터그래픽스학회 (NODE12292967, IF: 0.44)
한국컴퓨터그래픽스학회 (NODE12292968, IF: 0.44)"
186,2025,컴퓨터학,534024725,김진모,4,0.1757,0.399262,"한국컴퓨터그래픽스학회 (NODE12218879, IF: 0.44)
한국컴퓨터그래픽스학회 (NODE12292966, IF: 0.44)
한국컴퓨터그래픽스학회 (NODE12292967, IF: 0.44)
한국컴퓨터그래픽스학회 (NODE12292968, IF: 0.44)"
187,2025,컴퓨터학,294071264,박원철,3,0.1737,0.214417,"한국컴퓨터정보학회 (NODE12263458, IF: 0.81)
한국컴퓨터정보학회 (NODE12206722, IF: 0.81)
한국컴퓨터정보학회 (NODE12087144, IF: 0.81)"
188,2025,컴퓨터학,910608941,김성은,2,0.1715,0.134011,"한국디지털콘텐츠학회 (NODE12341993, IF: 1.28)
한국디지털콘텐츠학회 (NODE12194017, IF: 1.28)"
189,2025,컴퓨터학,397283519,유선용,2,0.1715,0.134011,"Korean Institute of Information Scientists and Engineers (NODE12252213, IF: 0.0)
한국디지털콘텐츠학회 (NODE12039221, IF: 1.28)"
190,2025,컴퓨터학,379371210,박준영,1,0.1715,0.134011,"한국디지털콘텐츠학회 (NODE12039221, IF: 1.28)"
191,2025,컴퓨터학,458035514,김기윤,2,0.1706,0.25878,"한국정보보호학회 (NODE12431101, IF: 0.41)
한국디지털포렌식학회 (NODE12464780, IF: 0.72)"
192,2025,컴퓨터학,5121949,김하람,1,0.1694,0.107208,"한국전자거래학회 (NODE12101228, IF: 1.58)"
193,2025,컴퓨터학,703160495,김동수,1,0.1694,0.107208,"한국전자거래학회 (NODE12101228, IF: 1.58)"
194,2025,컴퓨터학,345061512,박한별,1,0.1694,0.107208,"한국전자거래학회 (NODE12101231, IF: 1.58)"
195,2025,컴퓨터학,431914425,박기군,1,0.1694,0.107208,"한국전자거래학회 (NODE12101231, IF: 1.58)"
196,2025,컴퓨터학,633995950,허재현,1,0.1694,0.107208,"한국전자거래학회 (NODE12101231, IF: 1.58)"
197,2025,컴퓨터학,526373195,김민섭,1,0.1694,0.107208,"한국전자거래학회 (NODE12101231, IF: 1.58)"
198,2025,컴퓨터학,202254283,남재현,1,0.1694,0.107208,"한국전자거래학회 (NODE12101231, IF: 1.58)"
199,2025,컴퓨터학,259856217,배혜림,1,0.1694,0.107208,"한국전자거래학회 (NODE12101231, IF: 1.58)"
200,2025,컴퓨터학,967570207,현기정,2,0.168,0.13123800000000002,"한국디지털콘텐츠학회 (NODE12091197, IF: 1.28)
한국디지털콘텐츠학회 (NODE12124209, IF: 1.28)"
201,2025,컴퓨터학,339959292,김명호,3,0.1677,0.207024,"한국컴퓨터정보학회 (NODE12336964, IF: 0.81)
한국컴퓨터정보학회 (NODE12431997, IF: 0.81)
Korean Institute of Information Scientists and Engineers (NODE12252214, IF: 0.0)"
202,2025,컴퓨터학,613628125,윤희동,1,0.1677,0.207024,"한국컴퓨터정보학회 (NODE12336964, IF: 0.81)"
203,2025,컴퓨터학,459024628,이세욱,1,0.1677,0.207024,"한국컴퓨터정보학회 (NODE12336964, IF: 0.81)"
204,2025,컴퓨터학,206134317,문동규,1,0.1677,0.207024,"한국컴퓨터정보학회 (NODE12336964, IF: 0.81)"
205,2025,컴퓨터학,164160795,최성원,3,0.1656,0.12939,"한국디지털콘텐츠학회 (NODE12091192, IF: 1.28)
한국디지털콘텐츠학회 (NODE12039202, IF: 1.28)
한국디지털콘텐츠학회 (NODE12039222, IF: 1.28)"
206,2025,컴퓨터학,5214471,이태준,1,0.1656,0.12939,"한국디지털콘텐츠학회 (NODE12124203, IF: 1.28)"
207,2025,컴퓨터학,689906424,박정석,1,0.1656,0.12939,"한국디지털콘텐츠학회 (NODE12124203, IF: 1.28)"
208,2025,컴퓨터학,456218381,한개,1,0.1656,0.12939,"한국디지털콘텐츠학회 (NODE12124203, IF: 1.28)"
209,2025,컴퓨터학,994958215,최유경,1,0.1656,0.12939,"한국디지털콘텐츠학회 (NODE12434525, IF: 1.28)"
210,2025,컴퓨터학,5494281,박태정,1,0.1656,0.12939,"한국디지털콘텐츠학회 (NODE12434525, IF: 1.28)"
211,2025,컴퓨터학,701917420,김정민,1,0.1633,0.12754,"한국디지털콘텐츠학회 (NODE12039219, IF: 1.28)"
212,2025,컴퓨터학,753726512,홍헬렌,4,0.1618,0.36783600000000005,"한국컴퓨터그래픽스학회 (NODE12485241, IF: 0.44)
한국컴퓨터그래픽스학회 (NODE12218880, IF: 0.44)
한국컴퓨터그래픽스학회 (NODE12218881, IF: 0.44)
한국컴퓨터그래픽스학회 (NODE12097938, IF: 0.44)"
213,2025,컴퓨터학,108276003,이한준,2,0.1617,0.199628,"한국컴퓨터정보학회 (NODE12481177, IF: 0.81)
한국컴퓨터정보학회 (NODE12481181, IF: 0.81)"
214,2025,컴퓨터학,818604002,황동욱,2,0.1562,0.121996,"한국디지털콘텐츠학회 (NODE12296273, IF: 1.28)
한국디지털콘텐츠학회 (NODE12152268, IF: 1.28)"
215,2025,컴퓨터학,200315827,강정현,1,0.1562,0.121996,"한국디지털콘텐츠학회 (NODE12296273, IF: 1.28)"
216,2025,컴퓨터학,357622329,박희영,1,0.1562,0.121996,"한국디지털콘텐츠학회 (NODE12296273, IF: 1.28)"
217,2025,컴퓨터학,122225198,유희주,1,0.1562,0.121996,"한국디지털콘텐츠학회 (NODE12296273, IF: 1.28)"
218,2025,컴퓨터학,762441475,정태양,1,0.1562,0.121996,"한국디지털콘텐츠학회 (NODE12296273, IF: 1.28)"
219,2025,컴퓨터학,324795166,김재웅,2,0.1542,0.19038800000000003,"한국컴퓨터정보학회 (NODE12087143, IF: 0.81)
한국컴퓨터정보학회 (NODE12087144, IF: 0.81)"
220,2025,컴퓨터학,575431220,박회민,1,0.1542,0.19038800000000003,"한국컴퓨터정보학회 (NODE12087143, IF: 0.81)"
221,2025,컴퓨터학,885482747,김준용,1,0.1542,0.19038800000000003,"한국컴퓨터정보학회 (NODE12087143, IF: 0.81)"
222,2025,컴퓨터학,773969169,이한상,2,0.1529,0.34750400000000004,"한국컴퓨터그래픽스학회 (NODE12218881, IF: 0.44)
한국컴퓨터그래픽스학회 (NODE12097938, IF: 0.44)"
223,2025,컴퓨터학,169303631,서니은,2,0.1529,0.34750400000000004,"한국컴퓨터그래픽스학회 (NODE12218881, IF: 0.44)
한국컴퓨터그래픽스학회 (NODE12097938, IF: 0.44)"
224,2025,컴퓨터학,830108069,임준석,2,0.1529,0.34750400000000004,"한국컴퓨터그래픽스학회 (NODE12218881, IF: 0.44)
한국컴퓨터그래픽스학회 (NODE12097938, IF: 0.44)"
225,2025,컴퓨터학,105996268,이효라,1,0.1527,0.18854,"한국컴퓨터정보학회 (NODE12087136, IF: 0.81)"
226,2025,컴퓨터학,5481963,권범,1,0.1527,0.18854,"한국컴퓨터정보학회 (NODE12087136, IF: 0.81)"
227,2025,컴퓨터학,151854126,류상연,1,0.1526,0.11922400000000001,"한국디지털콘텐츠학회 (NODE12152259, IF: 1.28)"
228,2025,컴퓨터학,449474098,김균엽,1,0.1526,0.11922400000000001,"한국디지털콘텐츠학회 (NODE12152259, IF: 1.28)"
229,2025,컴퓨터학,643907626,강상우,1,0.1526,0.11922400000000001,"한국디지털콘텐츠학회 (NODE12152259, IF: 1.28)"
230,2025,컴퓨터학,1811131,채민수,1,0.1514,0.1183,"한국디지털콘텐츠학회 (NODE12152250, IF: 1.28)"
231,2025,컴퓨터학,301545555,오서연,2,0.1497,0.309612,"한국디지털포렌식학회 (NODE12403961, IF: 0.72)
Korean Institute of Information Scientists and Engineers (NODE12153361, IF: 0.0)"
232,2025,컴퓨터학,482915623,최해철,1,0.1497,0.20794800000000002,"한국디지털포렌식학회 (NODE12403961, IF: 0.72)"
233,2025,컴퓨터학,727679524,홍서현,1,0.1497,0.20794800000000002,"한국디지털포렌식학회 (NODE12464780, IF: 0.72)"
234,2025,컴퓨터학,824071623,김진호,1,0.1497,0.184842,"한국컴퓨터정보학회 (NODE12038615, IF: 0.81)"
235,2025,컴퓨터학,5131359,오소정,3,0.1464,0.203328,"한국디지털포렌식학회 (NODE12464777, IF: 0.72)
한국디지털포렌식학회 (NODE12109044, IF: 0.72)
한국디지털포렌식학회 (NODE12172009, IF: 0.72)"
236,2025,컴퓨터학,392542270,강수진,2,0.1464,0.203328,"한국디지털포렌식학회 (NODE12293289, IF: 0.72)
한국디지털포렌식학회 (NODE12172010, IF: 0.72)"
237,2025,컴퓨터학,367985849,허욱,2,0.1464,0.203328,"한국디지털포렌식학회 (NODE12293290, IF: 0.72)
한국디지털포렌식학회 (NODE12109045, IF: 0.72)"
238,2025,컴퓨터학,410833876,최소정,2,0.1452,0.179298,"한국컴퓨터정보학회 (NODE12296080, IF: 0.81)
한국컴퓨터정보학회 (NODE12038636, IF: 0.81)"
239,2025,컴퓨터학,599282611,박세영,1,0.1452,0.179298,"한국컴퓨터정보학회 (NODE12038636, IF: 0.81)"
240,2025,컴퓨터학,143425916,김현아,4,0.1443,0.112753,"한국디지털콘텐츠학회 (NODE12342007, IF: 1.28)
한국디지털콘텐츠학회 (NODE12267731, IF: 1.28)
한국디지털콘텐츠학회 (NODE12408864, IF: 1.28)
한국디지털콘텐츠학회 (NODE12194010, IF: 1.28)"
241,2025,컴퓨터학,299871600,양충헌,3,0.1431,0.111829,"한국디지털콘텐츠학회 (NODE12341997, IF: 1.28)
한국디지털콘텐츠학회 (NODE12267721, IF: 1.28)
한국디지털콘텐츠학회 (NODE12296280, IF: 1.28)"
242,2025,컴퓨터학,304996616,문재필,2,0.1431,0.111829,"한국디지털콘텐츠학회 (NODE12341997, IF: 1.28)
한국디지털콘텐츠학회 (NODE12267721, IF: 1.28)"
243,2025,컴퓨터학,243871578,이상화,2,0.1422,0.175601,"한국컴퓨터정보학회 (NODE12431994, IF: 0.81)
한국컴퓨터정보학회 (NODE12481153, IF: 0.81)"
244,2025,컴퓨터학,4624876,이병권,1,0.1422,0.175601,"한국컴퓨터정보학회 (NODE12431994, IF: 0.81)"
245,2025,컴퓨터학,601813464,정나라,1,0.1422,0.175601,"한국컴퓨터정보학회 (NODE12431994, IF: 0.81)"
246,2025,컴퓨터학,938013332,신해인,1,0.1372,0.107208,"한국디지털콘텐츠학회 (NODE12267710, IF: 1.28)"
247,2025,컴퓨터학,165095815,김명진,1,0.1372,0.107208,"한국디지털콘텐츠학회 (NODE12267710, IF: 1.28)"
248,2025,컴퓨터학,614105874,Qing-Quan Fan,1,0.1372,0.107208,"한국디지털콘텐츠학회 (NODE12124218, IF: 1.28)"
249,2025,컴퓨터학,213483948,Dong-Ryool Kim,1,0.1372,0.107208,"한국디지털콘텐츠학회 (NODE12124218, IF: 1.28)"
250,2025,컴퓨터학,717679091,Seung-Soo Shin,1,0.1372,0.107208,"한국디지털콘텐츠학회 (NODE12124218, IF: 1.28)"
251,2025,컴퓨터학,229391490,이솔비,1,0.1372,0.107208,"한국디지털콘텐츠학회 (NODE12482418, IF: 1.28)"
252,2025,컴퓨터학,522684690,강인혁,1,0.1372,0.107208,"한국디지털콘텐츠학회 (NODE12482418, IF: 1.28)"
253,2025,컴퓨터학,625891905,권정혁,1,0.1372,0.107208,"한국디지털콘텐츠학회 (NODE12482418, IF: 1.28)"
254,2025,컴퓨터학,592911120,김지온,1,0.1372,0.107208,"한국디지털콘텐츠학회 (NODE12482418, IF: 1.28)"
255,2025,컴퓨터학,394368474,김의직,1,0.1372,0.107208,"한국디지털콘텐츠학회 (NODE12482418, IF: 1.28)"
256,2025,컴퓨터학,339244483,Gwangyu Lee,1,0.1372,0.107208,"한국디지털콘텐츠학회 (NODE12039206, IF: 1.28)"
257,2025,컴퓨터학,983878426,Jun Kim,1,0.1372,0.107208,"한국디지털콘텐츠학회 (NODE12039206, IF: 1.28)"
258,2025,컴퓨터학,832429477,김진웅,1,0.1372,0.107208,"한국디지털콘텐츠학회 (NODE12039216, IF: 1.28)"
259,2025,컴퓨터학,197949642,서지원,1,0.1372,0.107208,"한국디지털콘텐츠학회 (NODE12039216, IF: 1.28)"
260,2025,컴퓨터학,173015395,손창호,1,0.1372,0.107208,"한국디지털콘텐츠학회 (NODE12039216, IF: 1.28)"
261,2025,컴퓨터학,590886356,오희원,1,0.1372,0.107208,"한국디지털콘텐츠학회 (NODE12194002, IF: 1.28)"
262,2025,컴퓨터학,349125729,김도현,1,0.1372,0.107209,"한국디지털콘텐츠학회 (NODE12194019, IF: 1.28)"
263,2025,컴퓨터학,738315178,김병욱,1,0.1372,0.107209,"한국디지털콘텐츠학회 (NODE12194019, IF: 1.28)"
264,2025,컴퓨터학,210628852,양영욱,1,0.1372,0.107209,"한국디지털콘텐츠학회 (NODE12194019, IF: 1.28)"
265,2025,컴퓨터학,375939485,장홍준,1,0.1372,0.107209,"한국디지털콘텐츠학회 (NODE12194019, IF: 1.28)"
266,2025,컴퓨터학,207269833,류범상,1,0.1372,0.107208,"한국디지털콘텐츠학회 (NODE12194023, IF: 1.28)"
267,2025,컴퓨터학,570298200,성지민,1,0.1372,0.107208,"한국디지털콘텐츠학회 (NODE12194023, IF: 1.28)"
268,2025,컴퓨터학,855178724,김혜원,1,0.137,0.169131,"한국컴퓨터정보학회 (NODE12149601, IF: 0.81)"
269,2025,컴퓨터학,668835093,김상민,1,0.137,0.169131,"한국컴퓨터정보학회 (NODE12149601, IF: 0.81)"
270,2025,컴퓨터학,431036618,손정모,1,0.137,0.169131,"한국컴퓨터정보학회 (NODE12149601, IF: 0.81)"
271,2025,컴퓨터학,873978404,강아름,3,0.1333,0.16451000000000002,"한국컴퓨터정보학회 (NODE12431987, IF: 0.81)
한국컴퓨터정보학회 (NODE12038619, IF: 0.81)
한국컴퓨터정보학회 (NODE12481158, IF: 0.81)"
272,2025,컴퓨터학,148107944,조원준,1,0.1325,0.163586,"한국컴퓨터정보학회 (NODE12121924, IF: 0.81)"
273,2025,컴퓨터학,1923395,김상민,1,0.1325,0.163586,"한국컴퓨터정보학회 (NODE12121924, IF: 0.81)"
274,2025,컴퓨터학,132364127,장재은,1,0.1325,0.163586,"한국컴퓨터정보학회 (NODE12121924, IF: 0.81)"
275,2025,컴퓨터학,106607950,이석영,1,0.1318,0.16266,"한국컴퓨터정보학회 (NODE12206740, IF: 0.81)"
276,2025,컴퓨터학,806324357,송기상,1,0.1318,0.16266,"한국컴퓨터정보학회 (NODE12206740, IF: 0.81)"
277,2025,컴퓨터학,539786221,조규철,2,0.1273,0.157116,"한국컴퓨터정보학회 (NODE12336974, IF: 0.81)
한국컴퓨터정보학회 (NODE12403663, IF: 0.81)"
278,2025,컴퓨터학,970790079,고종현,1,0.1273,0.157116,"한국컴퓨터정보학회 (NODE12263457, IF: 0.81)"
279,2025,컴퓨터학,751295005,조겨리,1,0.1273,0.157116,"한국컴퓨터정보학회 (NODE12263457, IF: 0.81)"
280,2025,컴퓨터학,727408659,차진우,1,0.1273,0.157116,"한국컴퓨터정보학회 (NODE12336974, IF: 0.81)"
281,2025,컴퓨터학,741209339,김재승,1,0.1273,0.157116,"한국컴퓨터정보학회 (NODE12206726, IF: 0.81)"
282,2025,컴퓨터학,776656074,문형우,1,0.1273,0.157116,"한국컴퓨터정보학회 (NODE12206726, IF: 0.81)"
283,2025,컴퓨터학,423193151,도규석,1,0.1273,0.157116,"한국컴퓨터정보학회 (NODE12038614, IF: 0.81)"
284,2025,컴퓨터학,141435203,박주미,1,0.1273,0.157116,"한국컴퓨터정보학회 (NODE12038614, IF: 0.81)"
285,2025,컴퓨터학,229792028,장원석,1,0.1273,0.157116,"한국컴퓨터정보학회 (NODE12038614, IF: 0.81)"
286,2025,컴퓨터학,504411043,양영섭,1,0.1273,0.157116,"한국컴퓨터정보학회 (NODE12038614, IF: 0.81)"
287,2025,컴퓨터학,569921780,윤지석,1,0.1273,0.157116,"한국컴퓨터정보학회 (NODE12038614, IF: 0.81)"
288,2025,컴퓨터학,750276952,Gati Lother Martin,1,0.1273,0.157116,"한국컴퓨터정보학회 (NODE12038619, IF: 0.81)"
289,2025,컴퓨터학,974030724,정영섭,1,0.1273,0.157116,"한국컴퓨터정보학회 (NODE12038619, IF: 0.81)"
290,2025,컴퓨터학,327976097,우지영,1,0.1273,0.157116,"한국컴퓨터정보학회 (NODE12038619, IF: 0.81)"
291,2025,컴퓨터학,340033054,이용희,1,0.1273,0.157116,"한국컴퓨터정보학회 (NODE12481172, IF: 0.81)"
292,2025,컴퓨터학,140091308,차정환,1,0.1273,0.157116,"한국컴퓨터정보학회 (NODE12481172, IF: 0.81)"
293,2025,컴퓨터학,442184551,이준동,1,0.1273,0.157116,"한국컴퓨터정보학회 (NODE12481172, IF: 0.81)"
294,2025,컴퓨터학,530142048,박승보,2,0.1243,0.15342,"한국컴퓨터정보학회 (NODE12087138, IF: 0.81)
한국컴퓨터정보학회 (NODE12481155, IF: 0.81)"
295,2025,컴퓨터학,950666136,김민수,1,0.1243,0.15342,"한국컴퓨터정보학회 (NODE12263463, IF: 0.81)"
296,2025,컴퓨터학,280011419,김민,1,0.1243,0.15342,"한국컴퓨터정보학회 (NODE12263463, IF: 0.81)"
297,2025,컴퓨터학,312838267,곽현정,1,0.1243,0.15342,"한국컴퓨터정보학회 (NODE12263463, IF: 0.81)"
298,2025,컴퓨터학,940449155,최예준,1,0.1243,0.15342,"한국컴퓨터정보학회 (NODE12263463, IF: 0.81)"
299,2025,컴퓨터학,988556983,이형록,1,0.1243,0.15342,"한국컴퓨터정보학회 (NODE12263463, IF: 0.81)"
300,2025,컴퓨터학,731690234,안치욱,1,0.1243,0.15342,"한국컴퓨터정보학회 (NODE12263463, IF: 0.81)"
301,2025,컴퓨터학,446871069,조영록,1,0.1243,0.15342,"한국컴퓨터정보학회 (NODE12263463, IF: 0.81)"
302,2025,컴퓨터학,322662954,최윤하,1,0.1242,0.097043,"한국디지털콘텐츠학회 (NODE12482416, IF: 1.28)"
303,2025,컴퓨터학,543400641,최근영,2,0.1206,0.21719100000000002,"한국정보보호학회 (NODE12334188, IF: 0.41)
한국디지털포렌식학회 (NODE12172011, IF: 0.72)"
304,2025,컴퓨터학,336771489,Doyeon Lee,1,0.1197,0.075785,"한국전자거래학회 (NODE12244519, IF: 1.58)"
305,2025,컴퓨터학,952671344,강윤철,1,0.1197,0.075785,"한국전자거래학회 (NODE12244519, IF: 1.58)"
306,2025,컴퓨터학,337435953,박정윤,2,0.1183,0.092422,"한국디지털콘텐츠학회 (NODE12124219, IF: 1.28)
한국디지털콘텐츠학회 (NODE12152273, IF: 1.28)"
307,2025,컴퓨터학,783370343,김가연,1,0.1183,0.092422,"한국디지털콘텐츠학회 (NODE12152271, IF: 1.28)"
308,2025,컴퓨터학,523887752,조은혜,1,0.1159,0.090571,"한국디지털콘텐츠학회 (NODE12091186, IF: 1.28)"
309,2025,컴퓨터학,499784899,신동희,1,0.1159,0.090571,"한국디지털콘텐츠학회 (NODE12091186, IF: 1.28)"
310,2025,컴퓨터학,474458064,전두용,1,0.1108,0.13678400000000002,"한국컴퓨터정보학회 (NODE12431998, IF: 0.81)"
311,2025,컴퓨터학,474967966,곽호영,4,0.11,0.13586,"한국컴퓨터정보학회 (NODE12263461, IF: 0.81)
한국컴퓨터정보학회 (NODE12336967, IF: 0.81)
한국컴퓨터정보학회 (NODE12206716, IF: 0.81)
한국컴퓨터정보학회 (NODE12121922, IF: 0.81)"
312,2025,컴퓨터학,108351552,안정민,1,0.11,0.13586,"한국컴퓨터정보학회 (NODE12121922, IF: 0.81)"
313,2025,컴퓨터학,539936829,유혜원,1,0.11,0.13586,"한국컴퓨터정보학회 (NODE12121922, IF: 0.81)"
314,2025,컴퓨터학,297905591,백두산,1,0.11,0.13586,"한국컴퓨터정보학회 (NODE12121922, IF: 0.81)"
315,2025,컴퓨터학,861848913,조경호,1,0.11,0.13586,"한국컴퓨터정보학회 (NODE12121922, IF: 0.81)"
316,2025,컴퓨터학,941056063,최성빈,1,0.11,0.13586,"한국컴퓨터정보학회 (NODE12121922, IF: 0.81)"
317,2025,컴퓨터학,425406891,남희경,1,0.1093,0.134934,"한국컴퓨터정보학회 (NODE12038627, IF: 0.81)"
318,2025,컴퓨터학,856527174,홍정윤,1,0.1093,0.134934,"한국컴퓨터정보학회 (NODE12038627, IF: 0.81)"
319,2025,컴퓨터학,446591899,우민수,1,0.1093,0.134934,"한국컴퓨터정보학회 (NODE12038627, IF: 0.81)"
320,2025,컴퓨터학,894415376,한고은,1,0.1093,0.134934,"한국컴퓨터정보학회 (NODE12038627, IF: 0.81)"
321,2025,컴퓨터학,800426659,송재민,1,0.1093,0.134934,"한국컴퓨터정보학회 (NODE12038627, IF: 0.81)"
322,2025,컴퓨터학,926462144,윤율경,1,0.1093,0.134934,"한국컴퓨터정보학회 (NODE12038627, IF: 0.81)"
323,2025,컴퓨터학,422059250,이인영,1,0.1093,0.134934,"한국컴퓨터정보학회 (NODE12038627, IF: 0.81)"
324,2025,컴퓨터학,267647355,조성원,1,0.1093,0.134934,"한국컴퓨터정보학회 (NODE12038627, IF: 0.81)"
325,2025,컴퓨터학,917879319,조윤식,2,0.109,0.24769000000000002,"한국컴퓨터그래픽스학회 (NODE12218879, IF: 0.44)
한국컴퓨터그래픽스학회 (NODE12292968, IF: 0.44)"
326,2025,컴퓨터학,192692023,최혜정,2,0.1048,0.12939,"한국컴퓨터정보학회 (NODE12149623, IF: 0.81)
한국컴퓨터정보학회 (NODE12481173, IF: 0.81)"
327,2025,컴퓨터학,717171889,정은숙,1,0.1048,0.12939,"한국컴퓨터정보학회 (NODE12336980, IF: 0.81)"
328,2025,컴퓨터학,433689102,이한빈,1,0.1048,0.12939,"한국컴퓨터정보학회 (NODE12336980, IF: 0.81)"
329,2025,컴퓨터학,725910132,조민국,1,0.1048,0.12939,"한국컴퓨터정보학회 (NODE12336981, IF: 0.81)"
330,2025,컴퓨터학,746026587,이동수,1,0.1048,0.12939,"한국컴퓨터정보학회 (NODE12432007, IF: 0.81)"
331,2025,컴퓨터학,970772595,박영근,1,0.1048,0.12939,"한국컴퓨터정보학회 (NODE12432007, IF: 0.81)"
332,2025,컴퓨터학,718311360,오기택,1,0.1048,0.12939,"한국컴퓨터정보학회 (NODE12432007, IF: 0.81)"
333,2025,컴퓨터학,2079015,이한진,1,0.1048,0.12939,"한국컴퓨터정보학회 (NODE12432007, IF: 0.81)"
334,2025,컴퓨터학,257206151,우희선,1,0.1048,0.12939,"한국컴퓨터정보학회 (NODE12149623, IF: 0.81)"
335,2025,컴퓨터학,493400186,신성윤,1,0.1048,0.12939,"한국컴퓨터정보학회 (NODE12403656, IF: 0.81)"
336,2025,컴퓨터학,729652942,백영태,1,0.1048,0.12939,"한국컴퓨터정보학회 (NODE12403656, IF: 0.81)"
337,2025,컴퓨터학,416438693,배석찬,1,0.1048,0.12939,"한국컴퓨터정보학회 (NODE12403656, IF: 0.81)"
338,2025,컴퓨터학,259018688,신재국,1,0.1048,0.12939,"한국컴퓨터정보학회 (NODE12087138, IF: 0.81)"
339,2025,컴퓨터학,230093593,김민석,1,0.1048,0.12939,"한국컴퓨터정보학회 (NODE12087138, IF: 0.81)"
340,2025,컴퓨터학,795067784,박광현,1,0.1048,0.12939,"한국컴퓨터정보학회 (NODE12038630, IF: 0.81)"
341,2025,컴퓨터학,861364127,김용호,1,0.1048,0.12939,"한국컴퓨터정보학회 (NODE12481161, IF: 0.81)"
342,2025,컴퓨터학,363576573,조영복,1,0.1048,0.12939,"한국컴퓨터정보학회 (NODE12481171, IF: 0.81)"
343,2025,컴퓨터학,448559670,박재우,1,0.0976,0.221812,"한국컴퓨터그래픽스학회 (NODE12292972, IF: 0.44)"
344,2025,컴퓨터학,906745612,이용선,1,0.0976,0.221812,"한국컴퓨터그래픽스학회 (NODE12292972, IF: 0.44)"
345,2025,컴퓨터학,528346028,이택희,1,0.0976,0.221812,"한국컴퓨터그래픽스학회 (NODE12292972, IF: 0.44)"
346,2025,컴퓨터학,880219299,유정민,2,0.097,0.075786,"한국디지털콘텐츠학회 (NODE12039203, IF: 1.28)
한국디지털콘텐츠학회 (NODE12434523, IF: 1.28)"
347,2025,컴퓨터학,116516754,고채영,1,0.0958,0.133088,"한국디지털포렌식학회 (NODE12403960, IF: 0.72)"
348,2025,컴퓨터학,242830187,이수지,1,0.0958,0.133088,"한국디지털포렌식학회 (NODE12403960, IF: 0.72)"
349,2025,컴퓨터학,154083819,최영경,1,0.0958,0.133088,"한국디지털포렌식학회 (NODE12403960, IF: 0.72)"
350,2025,컴퓨터학,752776085,송윤근,1,0.0958,0.133088,"한국디지털포렌식학회 (NODE12403960, IF: 0.72)"
351,2025,컴퓨터학,607691566,이유식,1,0.0958,0.133088,"한국디지털포렌식학회 (NODE12403960, IF: 0.72)"
352,2025,컴퓨터학,236008502,김진훈,1,0.0923,0.072088,"한국디지털콘텐츠학회 (NODE12341983, IF: 1.28)"
353,2025,컴퓨터학,374604355,송채원,1,0.0923,0.072088,"한국디지털콘텐츠학회 (NODE12341985, IF: 1.28)"
354,2025,컴퓨터학,308862277,도훈민,1,0.0923,0.072088,"한국디지털콘텐츠학회 (NODE12408858, IF: 1.28)"
355,2025,컴퓨터학,111896922,이유진,1,0.0923,0.072088,"한국디지털콘텐츠학회 (NODE12408858, IF: 1.28)"
356,2025,컴퓨터학,147028499,도소영,1,0.0923,0.072088,"한국디지털콘텐츠학회 (NODE12434515, IF: 1.28)"
357,2025,컴퓨터학,882318995,정여진,1,0.0923,0.072088,"한국디지털콘텐츠학회 (NODE12434515, IF: 1.28)"
358,2025,컴퓨터학,5527215,이현화,1,0.0923,0.072088,"한국디지털콘텐츠학회 (NODE12434515, IF: 1.28)"
359,2025,컴퓨터학,871572151,유해나,1,0.0923,0.072088,"한국디지털콘텐츠학회 (NODE12434515, IF: 1.28)"
360,2025,컴퓨터학,484251732,김동환,1,0.0923,0.072088,"한국디지털콘텐츠학회 (NODE12434515, IF: 1.28)"
361,2025,컴퓨터학,263918346,오이비,1,0.0923,0.072088,"한국디지털콘텐츠학회 (NODE12194005, IF: 1.28)"
362,2025,컴퓨터학,219878475,이승희,1,0.0923,0.072088,"한국디지털콘텐츠학회 (NODE12152261, IF: 1.28)"
363,2025,컴퓨터학,386764324,박수진,1,0.0923,0.072088,"한국디지털콘텐츠학회 (NODE12152261, IF: 1.28)"
364,2025,컴퓨터학,297546896,이수진,2,0.0868,0.107208,"한국컴퓨터정보학회 (NODE12206734, IF: 0.81)
한국컴퓨터정보학회 (NODE12481162, IF: 0.81)"
365,2025,컴퓨터학,260404355,김광호,2,0.0868,0.107208,"한국컴퓨터정보학회 (NODE12206734, IF: 0.81)
한국컴퓨터정보학회 (NODE12481162, IF: 0.81)"
366,2025,컴퓨터학,967899945,정지오,1,0.0868,0.107208,"한국컴퓨터정보학회 (NODE12336959, IF: 0.81)"
367,2025,컴퓨터학,153062650,김인영,1,0.0868,0.107208,"한국컴퓨터정보학회 (NODE12336959, IF: 0.81)"
368,2025,컴퓨터학,316654181,한원준,1,0.0868,0.107208,"한국컴퓨터정보학회 (NODE12206734, IF: 0.81)"
369,2025,컴퓨터학,645282217,박기평,1,0.0868,0.107208,"한국컴퓨터정보학회 (NODE12206734, IF: 0.81)"
370,2025,컴퓨터학,223019918,Liao Liang,1,0.0868,0.107208,"한국컴퓨터정보학회 (NODE12403654, IF: 0.81)"
371,2025,컴퓨터학,170848194,Hye Young Kwon,1,0.0868,0.107208,"한국컴퓨터정보학회 (NODE12403654, IF: 0.81)"
372,2025,컴퓨터학,222957676,신형수,1,0.0868,0.107208,"한국컴퓨터정보학회 (NODE12403654, IF: 0.81)"
373,2025,컴퓨터학,233527594,Wei Hanyi,1,0.0868,0.107208,"한국컴퓨터정보학회 (NODE12403654, IF: 0.81)"
374,2025,컴퓨터학,941359033,소유빈,1,0.0868,0.107208,"한국컴퓨터정보학회 (NODE12481177, IF: 0.81)"
375,2025,컴퓨터학,396614953,우은비,1,0.0868,0.107208,"한국컴퓨터정보학회 (NODE12481177, IF: 0.81)"
376,2025,컴퓨터학,848224690,이한슬,1,0.0838,0.10351199999999999,"한국컴퓨터정보학회 (NODE12263456, IF: 0.81)"
377,2025,컴퓨터학,459695265,김동현,1,0.0838,0.10351199999999999,"한국컴퓨터정보학회 (NODE12263456, IF: 0.81)"
378,2025,컴퓨터학,960094005,김형석,1,0.0838,0.10351199999999999,"한국컴퓨터정보학회 (NODE12263456, IF: 0.81)"
379,2025,컴퓨터학,144033950,이유철,1,0.0828,0.064695,"한국디지털콘텐츠학회 (NODE12341989, IF: 1.28)"
380,2025,컴퓨터학,737024092,임세진,1,0.0828,0.064695,"한국디지털콘텐츠학회 (NODE12341989, IF: 1.28)"
381,2025,컴퓨터학,325373114,정진아,1,0.0828,0.064695,"한국디지털콘텐츠학회 (NODE12341989, IF: 1.28)"
382,2025,컴퓨터학,155621568,이고은,1,0.0828,0.064695,"한국디지털콘텐츠학회 (NODE12341989, IF: 1.28)"
383,2025,컴퓨터학,239667397,신혜련,1,0.0828,0.064695,"한국디지털콘텐츠학회 (NODE12341989, IF: 1.28)"
384,2025,컴퓨터학,220226421,임수린,1,0.0828,0.064695,"한국디지털콘텐츠학회 (NODE12267723, IF: 1.28)"
385,2025,컴퓨터학,742829762,임회정,1,0.0828,0.064695,"한국디지털콘텐츠학회 (NODE12267723, IF: 1.28)"
386,2025,컴퓨터학,625719761,이주경,1,0.0828,0.064695,"한국디지털콘텐츠학회 (NODE12039217, IF: 1.28)"
387,2025,컴퓨터학,370840908,박승준,1,0.0805,0.11183000000000001,"한국디지털포렌식학회 (NODE12109043, IF: 0.72)"
388,2025,컴퓨터학,154192042,지승현,1,0.0801,0.098891,"한국컴퓨터정보학회 (NODE12336966, IF: 0.81)"
389,2025,컴퓨터학,734729355,박주환,1,0.0785,0.109058,"한국디지털포렌식학회 (NODE12464779, IF: 0.72)"
390,2025,컴퓨터학,979769634,박채민,1,0.0785,0.109058,"한국디지털포렌식학회 (NODE12464779, IF: 0.72)"
391,2025,컴퓨터학,637335867,문선우,1,0.0785,0.109058,"한국디지털포렌식학회 (NODE12464779, IF: 0.72)"
392,2025,컴퓨터학,730500649,김종인,1,0.0785,0.109058,"한국디지털포렌식학회 (NODE12464779, IF: 0.72)"
393,2025,컴퓨터학,539875505,이우진,1,0.0785,0.109058,"한국디지털포렌식학회 (NODE12464779, IF: 0.72)"
394,2025,컴퓨터학,244289499,안준성,1,0.0785,0.109058,"한국디지털포렌식학회 (NODE12464779, IF: 0.72)"
395,2025,컴퓨터학,766059832,김도현,1,0.0785,0.109058,"한국디지털포렌식학회 (NODE12464779, IF: 0.72)"
396,2025,컴퓨터학,624461353,하은아,2,0.0769,0.060073,"한국디지털콘텐츠학회 (NODE12342007, IF: 1.28)
한국디지털콘텐츠학회 (NODE12408864, IF: 1.28)"
397,2025,컴퓨터학,891843202,이성준,1,0.0769,0.060073,"한국디지털콘텐츠학회 (NODE12039208, IF: 1.28)"
398,2025,컴퓨터학,470235932,이채린,1,0.0765,0.17375200000000002,"한국컴퓨터그래픽스학회 (NODE12218881, IF: 0.44)"
399,2025,컴퓨터학,851441155,이서현,1,0.0765,0.17375200000000002,"한국컴퓨터그래픽스학회 (NODE12097938, IF: 0.44)"
400,2025,컴퓨터학,959132080,Young-Sun Ha,2,0.0757,0.05915,"한국디지털콘텐츠학회 (NODE12408869, IF: 1.28)
한국디지털콘텐츠학회 (NODE12039201, IF: 1.28)"
401,2025,컴퓨터학,230196039,Yong-Kyung Park,2,0.0757,0.05915,"한국디지털콘텐츠학회 (NODE12408869, IF: 1.28)
한국디지털콘텐츠학회 (NODE12039201, IF: 1.28)"
402,2025,컴퓨터학,672779991,Hye-Sun Byun,2,0.0757,0.05915,"한국디지털콘텐츠학회 (NODE12408869, IF: 1.28)
한국디지털콘텐츠학회 (NODE12039201, IF: 1.28)"
403,2025,컴퓨터학,955455174,최문지,2,0.0757,0.05915,"한국디지털콘텐츠학회 (NODE12408869, IF: 1.28)
한국디지털콘텐츠학회 (NODE12039201, IF: 1.28)"
404,2025,컴퓨터학,375016944,마성현,1,0.0749,0.09242,"한국컴퓨터정보학회 (NODE12481181, IF: 0.81)"
405,2025,컴퓨터학,893678244,이상진,2,0.0732,0.101664,"한국정보보호학회 (NODE12431112, IF: 0.41)
한국디지털포렌식학회 (NODE12293291, IF: 0.72)"
406,2025,컴퓨터학,5147766,김한결,2,0.0732,0.101664,"한국디지털포렌식학회 (NODE12293288, IF: 0.72)
한국디지털포렌식학회 (NODE12172008, IF: 0.72)"
407,2025,컴퓨터학,501819291,위다빈,2,0.0732,0.101664,"한국디지털포렌식학회 (NODE12293288, IF: 0.72)
한국디지털포렌식학회 (NODE12172008, IF: 0.72)"
408,2025,컴퓨터학,909444244,안원석,2,0.0732,0.101664,"한국디지털포렌식학회 (NODE12293288, IF: 0.72)
한국디지털포렌식학회 (NODE12172008, IF: 0.72)"
409,2025,컴퓨터학,494091170,박명서,2,0.0732,0.101664,"한국디지털포렌식학회 (NODE12293288, IF: 0.72)
한국디지털포렌식학회 (NODE12172008, IF: 0.72)"
410,2025,컴퓨터학,511984702,박현지,1,0.0732,0.101664,"한국디지털포렌식학회 (NODE12403963, IF: 0.72)"
411,2025,컴퓨터학,4600007,최근영,1,0.0732,0.101664,"한국디지털포렌식학회 (NODE12403963, IF: 0.72)"
412,2025,컴퓨터학,801381357,양효민,1,0.0732,0.101664,"한국디지털포렌식학회 (NODE12403964, IF: 0.72)"
413,2025,컴퓨터학,147437086,정진한,1,0.0732,0.101664,"한국디지털포렌식학회 (NODE12403964, IF: 0.72)"
414,2025,컴퓨터학,803115599,박종원,1,0.0732,0.101664,"한국디지털포렌식학회 (NODE12403964, IF: 0.72)"
415,2025,컴퓨터학,264178750,최성진,1,0.0732,0.101664,"한국디지털포렌식학회 (NODE12403964, IF: 0.72)"
416,2025,컴퓨터학,616610502,성기범,1,0.0732,0.101664,"한국디지털포렌식학회 (NODE12403964, IF: 0.72)"
417,2025,컴퓨터학,500985738,엄기원,1,0.0732,0.101664,"한국디지털포렌식학회 (NODE12403965, IF: 0.72)"
418,2025,컴퓨터학,976567206,김수용,1,0.0732,0.101664,"한국디지털포렌식학회 (NODE12464776, IF: 0.72)"
419,2025,컴퓨터학,632278929,김도연,1,0.0732,0.101664,"한국디지털포렌식학회 (NODE12464778, IF: 0.72)"
420,2025,컴퓨터학,989415852,김주현,1,0.0732,0.101664,"한국디지털포렌식학회 (NODE12464778, IF: 0.72)"
421,2025,컴퓨터학,406835756,김성욱,1,0.0732,0.101664,"한국디지털포렌식학회 (NODE12464778, IF: 0.72)"
422,2025,컴퓨터학,725238270,신민지,1,0.0732,0.101664,"한국디지털포렌식학회 (NODE12293285, IF: 0.72)"
423,2025,컴퓨터학,260351929,홍준호,1,0.0732,0.101664,"한국디지털포렌식학회 (NODE12293285, IF: 0.72)"
424,2025,컴퓨터학,543430269,김재이,1,0.0732,0.101664,"한국디지털포렌식학회 (NODE12293291, IF: 0.72)"
425,2025,컴퓨터학,688949459,정병찬,1,0.0732,0.101664,"한국디지털포렌식학회 (NODE12293291, IF: 0.72)"
426,2025,컴퓨터학,961049358,안관우,1,0.0732,0.101664,"한국디지털포렌식학회 (NODE12293292, IF: 0.72)"
427,2025,컴퓨터학,893613946,나보미,1,0.0732,0.101664,"한국디지털포렌식학회 (NODE12109044, IF: 0.72)"
428,2025,컴퓨터학,701412322,박연지,1,0.0732,0.101664,"한국디지털포렌식학회 (NODE12109044, IF: 0.72)"
429,2025,컴퓨터학,907956336,김현준,1,0.0732,0.101664,"한국디지털포렌식학회 (NODE12109045, IF: 0.72)"
430,2025,컴퓨터학,175232135,박재현,1,0.0732,0.101664,"한국디지털포렌식학회 (NODE12172006, IF: 0.72)"
431,2025,컴퓨터학,946065920,신은별,1,0.0732,0.101664,"한국디지털포렌식학회 (NODE12172007, IF: 0.72)"
432,2025,컴퓨터학,794595261,김동인,1,0.0732,0.101664,"한국디지털포렌식학회 (NODE12172008, IF: 0.72)"
433,2025,컴퓨터학,945203352,권재민,1,0.0732,0.101664,"한국디지털포렌식학회 (NODE12172009, IF: 0.72)"
434,2025,컴퓨터학,295683826,김경희,1,0.0732,0.101664,"한국디지털포렌식학회 (NODE12172009, IF: 0.72)"
435,2025,컴퓨터학,944741780,김강한,1,0.0732,0.101664,"한국디지털포렌식학회 (NODE12172010, IF: 0.72)"
436,2025,컴퓨터학,487846281,조동후,1,0.0732,0.101664,"한국디지털포렌식학회 (NODE12172010, IF: 0.72)"
437,2025,컴퓨터학,201177394,이윤송,1,0.0732,0.101664,"한국디지털포렌식학회 (NODE12172011, IF: 0.72)"
438,2025,컴퓨터학,376702280,윤용의,1,0.0732,0.101664,"한국디지털포렌식학회 (NODE12172012, IF: 0.72)"
439,2025,컴퓨터학,287016938,Nitin Bhagat,2,0.0719,0.088724,"한국컴퓨터정보학회 (NODE12403661, IF: 0.81)
한국컴퓨터정보학회 (NODE12087141, IF: 0.81)"
440,2025,컴퓨터학,569800342,JongWook Bae,2,0.0719,0.088724,"한국컴퓨터정보학회 (NODE12403661, IF: 0.81)
한국컴퓨터정보학회 (NODE12087141, IF: 0.81)"
441,2025,컴퓨터학,801702463,이수현,2,0.0719,0.088724,"한국컴퓨터정보학회 (NODE12403661, IF: 0.81)
한국컴퓨터정보학회 (NODE12087141, IF: 0.81)"
442,2025,컴퓨터학,368316027,장태현,1,0.071,0.055452,"한국디지털콘텐츠학회 (NODE12296269, IF: 1.28)"
443,2025,컴퓨터학,284112779,이예진,1,0.071,0.055452,"한국디지털콘텐츠학회 (NODE12296269, IF: 1.28)"
444,2025,컴퓨터학,677485456,김현석,1,0.071,0.055452,"한국디지털콘텐츠학회 (NODE12296269, IF: 1.28)"
445,2025,컴퓨터학,561568461,정현철,2,0.0704,0.086877,"한국컴퓨터정보학회 (NODE12038623, IF: 0.81)
한국컴퓨터정보학회 (NODE12481152, IF: 0.81)"
446,2025,컴퓨터학,551141946,한철규,1,0.0701,0.044362,"한국전자거래학회 (NODE12101224, IF: 1.58)"
447,2025,컴퓨터학,957666627,조세홍,1,0.0691,0.157116,"한국컴퓨터그래픽스학회 (NODE12218879, IF: 0.44)"
448,2025,컴퓨터학,121981524,구윤정,2,0.0689,0.085028,"한국컴퓨터정보학회 (NODE12121937, IF: 0.81)
한국컴퓨터정보학회 (NODE12149615, IF: 0.81)"
449,2025,컴퓨터학,487160069,김민선,1,0.0686,0.053604,"한국디지털콘텐츠학회 (NODE12124217, IF: 1.28)"
450,2025,컴퓨터학,642628854,서준혁,1,0.0686,0.053604,"한국디지털콘텐츠학회 (NODE12124217, IF: 1.28)"
451,2025,컴퓨터학,833141022,박윤수,2,0.0679,0.072088,"한국디지털콘텐츠학회 (NODE12124222, IF: 1.28)
한국컴퓨터정보학회 (NODE12121939, IF: 0.81)"
452,2025,컴퓨터학,929951502,고대식,2,0.066,0.157116,"ICT플랫폼학회 (NODE12455010, IF: 0.42)
ICT플랫폼학회 (NODE12457509, IF: 0.42)"
453,2025,컴퓨터학,706166834,Wu MengSi,2,0.066,0.157116,"ICT플랫폼학회 (NODE12457501, IF: 0.42)
ICT플랫폼학회 (NODE12177131, IF: 0.42)"
454,2025,컴퓨터학,596367413,Lian Xu,2,0.066,0.157116,"ICT플랫폼학회 (NODE12457501, IF: 0.42)
ICT플랫폼학회 (NODE12177131, IF: 0.42)"
455,2025,컴퓨터학,105476011,신건수,1,0.0659,0.081332,"한국컴퓨터정보학회 (NODE12038623, IF: 0.81)"
456,2025,컴퓨터학,263701611,박성훈,1,0.0659,0.081332,"한국컴퓨터정보학회 (NODE12038623, IF: 0.81)"
457,2025,컴퓨터학,629220661,박성빈,1,0.0659,0.081332,"한국컴퓨터정보학회 (NODE12038623, IF: 0.81)"
458,2025,컴퓨터학,984565396,홍석희,4,0.0644,0.157116,"한국정보보호학회 (NODE12431092, IF: 0.41)
한국정보보호학회 (NODE12091088, IF: 0.41)
한국정보보호학회 (NODE12091090, IF: 0.41)
한국정보보호학회 (NODE12091091, IF: 0.41)"
459,2025,컴퓨터학,597937402,김주환,2,0.0644,0.157116,"한국정보보호학회 (NODE12431092, IF: 0.41)
한국정보보호학회 (NODE12091091, IF: 0.41)"
460,2025,컴퓨터학,967458855,박정인,1,0.0643,0.040666,"한국전자거래학회 (NODE12354330, IF: 1.58)"
461,2025,컴퓨터학,335395109,김나현,1,0.0643,0.040666,"한국전자거래학회 (NODE12354330, IF: 1.58)"
462,2025,컴퓨터학,130385862,김지호,1,0.0643,0.040666,"한국전자거래학회 (NODE12354330, IF: 1.58)"
463,2025,컴퓨터학,679567169,오학균,1,0.0643,0.040666,"한국전자거래학회 (NODE12354330, IF: 1.58)"
464,2025,컴퓨터학,734960738,이원상,1,0.0643,0.040666,"한국전자거래학회 (NODE12354330, IF: 1.58)"
465,2025,컴퓨터학,590515249,이희주,1,0.0643,0.040666,"한국전자거래학회 (NODE12101232, IF: 1.58)"
466,2025,컴퓨터학,906084742,민대기,1,0.0643,0.040666,"한국전자거래학회 (NODE12101232, IF: 1.58)"
467,2025,컴퓨터학,798591808,한창완,5,0.0639,0.049908,"한국디지털콘텐츠학회 (NODE12341982, IF: 1.28)
한국디지털콘텐츠학회 (NODE12267708, IF: 1.28)
한국디지털콘텐츠학회 (NODE12296264, IF: 1.28)
한국디지털콘텐츠학회 (NODE12408857, IF: 1.28)
한국디지털콘텐츠학회 (NODE12194026, IF: 1.28)"
468,2025,컴퓨터학,307670116,왕천몽,1,0.0639,0.049908,"한국디지털콘텐츠학회 (NODE12267708, IF: 1.28)"
469,2025,컴퓨터학,232388910,허대겸,1,0.0639,0.049908,"한국디지털콘텐츠학회 (NODE12296268, IF: 1.28)"
470,2025,컴퓨터학,428262048,권승준,1,0.0639,0.049908,"한국디지털콘텐츠학회 (NODE12039203, IF: 1.28)"
471,2025,컴퓨터학,285386299,김민지,1,0.0639,0.049908,"한국디지털콘텐츠학회 (NODE12267706, IF: 1.28)"
472,2025,컴퓨터학,763704075,조현의,1,0.0639,0.049908,"한국디지털콘텐츠학회 (NODE12267706, IF: 1.28)"
473,2025,컴퓨터학,550560125,우나림,1,0.0639,0.049908,"한국디지털콘텐츠학회 (NODE12267706, IF: 1.28)"
474,2025,컴퓨터학,631853579,김인환,1,0.0636,0.078558,"한국컴퓨터정보학회 (NODE12403653, IF: 0.81)"
475,2025,컴퓨터학,974970801,김대원,1,0.0636,0.078558,"한국컴퓨터정보학회 (NODE12403653, IF: 0.81)"
476,2025,컴퓨터학,365546899,권윤희,3,0.0616,0.06377100000000001,"한국디지털콘텐츠학회 (NODE12124223, IF: 1.28)
한국컴퓨터정보학회 (NODE12121935, IF: 0.81)
한국컴퓨터정보학회 (NODE12149611, IF: 0.81)"
477,2025,컴퓨터학,465015988,김주섭,2,0.0615,0.04806,"한국디지털콘텐츠학회 (NODE12341996, IF: 1.28)
한국디지털콘텐츠학회 (NODE12408859, IF: 1.28)"
478,2025,컴퓨터학,237093597,한혜선,1,0.0615,0.04806,"한국디지털콘텐츠학회 (NODE12341996, IF: 1.28)"
479,2025,컴퓨터학,429717359,조윤주,3,0.0591,0.04621,"한국디지털콘텐츠학회 (NODE12408861, IF: 1.28)
한국디지털콘텐츠학회 (NODE12124215, IF: 1.28)
한국디지털콘텐츠학회 (NODE12434530, IF: 1.28)"
480,2025,컴퓨터학,523287098,이해령,1,0.0584,0.072088,"한국컴퓨터정보학회 (NODE12336961, IF: 0.81)"
481,2025,컴퓨터학,865826597,하주혜,1,0.0584,0.072088,"한국컴퓨터정보학회 (NODE12336961, IF: 0.81)"
482,2025,컴퓨터학,286116105,오창훈,1,0.0584,0.072088,"한국컴퓨터정보학회 (NODE12336961, IF: 0.81)"
483,2025,컴퓨터학,460683997,김대진,2,0.058,0.04528700000000001,"한국디지털콘텐츠학회 (NODE12124211, IF: 1.28)
한국디지털콘텐츠학회 (NODE12152265, IF: 1.28)"
484,2025,컴퓨터학,581777835,김준화,2,0.058,0.04528700000000001,"한국디지털콘텐츠학회 (NODE12124211, IF: 1.28)
한국디지털콘텐츠학회 (NODE12152265, IF: 1.28)"
485,2025,컴퓨터학,173590078,배재한,1,0.0568,0.044362,"한국디지털콘텐츠학회 (NODE12408872, IF: 1.28)"
486,2025,컴퓨터학,258792295,김승현,1,0.0568,0.044362,"한국디지털콘텐츠학회 (NODE12408872, IF: 1.28)"
487,2025,컴퓨터학,898190838,박용민,1,0.0568,0.044362,"한국디지털콘텐츠학회 (NODE12408876, IF: 1.28)"
488,2025,컴퓨터학,557678391,문남미,4,0.0546,0.067468,"한국컴퓨터정보학회 (NODE12431986, IF: 0.81)
한국컴퓨터정보학회 (NODE12431988, IF: 0.81)
한국컴퓨터정보학회 (NODE12121923, IF: 0.81)
한국컴퓨터정보학회 (NODE12149604, IF: 0.81)"
489,2025,컴퓨터학,4587976,최유미,2,0.0544,0.042514,"한국디지털콘텐츠학회 (NODE12267727, IF: 1.28)
한국디지털콘텐츠학회 (NODE12408854, IF: 1.28)"
490,2025,컴퓨터학,566650347,김지수,1,0.0544,0.042514,"한국디지털콘텐츠학회 (NODE12408854, IF: 1.28)"
491,2025,컴퓨터학,787693143,여현주,1,0.0544,0.042514,"한국디지털콘텐츠학회 (NODE12434532, IF: 1.28)"
492,2025,컴퓨터학,218777852,김군주,1,0.0532,0.04159,"한국디지털콘텐츠학회 (NODE12267719, IF: 1.28)"
493,2025,컴퓨터학,509064699,김슬기,2,0.0524,0.064695,"한국컴퓨터정보학회 (NODE12263475, IF: 0.81)
한국컴퓨터정보학회 (NODE12481187, IF: 0.81)"
494,2025,컴퓨터학,420786373,Seungjae Park,1,0.0524,0.064695,"한국컴퓨터정보학회 (NODE12336960, IF: 0.81)"
495,2025,컴퓨터학,148734746,조성배,1,0.0524,0.064695,"한국컴퓨터정보학회 (NODE12336960, IF: 0.81)"
496,2025,컴퓨터학,846637050,신수현,1,0.0521,0.040665,"한국디지털콘텐츠학회 (NODE12194014, IF: 1.28)"
497,2025,컴퓨터학,565202577,손설영,1,0.0497,0.038816,"한국디지털콘텐츠학회 (NODE12039205, IF: 1.28)"
498,2025,컴퓨터학,437700455,최병일,1,0.0497,0.038816,"한국디지털콘텐츠학회 (NODE12039205, IF: 1.28)"
499,2025,컴퓨터학,876972298,양현용,2,0.0496,0.112756,"한국컴퓨터그래픽스학회 (NODE12292966, IF: 0.44)
한국컴퓨터그래픽스학회 (NODE12292968, IF: 0.44)"
500,2025,컴퓨터학,362792329,전유민,1,0.0474,0.115527,"한국정보보호학회 (NODE12334188, IF: 0.41)"
501,2025,컴퓨터학,492678173,Nur Alam,3,0.0466,0.110905,"ICT플랫폼학회 (NODE12177132, IF: 0.42)
ICT플랫폼학회 (NODE12102161, IF: 0.42)
ICT플랫폼학회 (NODE12102162, IF: 0.42)"
502,2025,컴퓨터학,831082046,장성훈,1,0.0466,0.064695,"한국디지털포렌식학회 (NODE12403959, IF: 0.72)"
503,2025,컴퓨터학,309124387,이명락,1,0.0466,0.064695,"한국디지털포렌식학회 (NODE12403959, IF: 0.72)"
504,2025,컴퓨터학,585207638,이재식,1,0.0455,0.110906,"한국정보보호학회 (NODE12334191, IF: 0.41)"
505,2025,컴퓨터학,416941058,Jungmin Lee,1,0.0451,0.102588,"한국컴퓨터그래픽스학회 (NODE12485243, IF: 0.44)"
506,2025,컴퓨터학,238177022,최종원,1,0.0451,0.102588,"한국컴퓨터그래픽스학회 (NODE12485243, IF: 0.44)"
507,2025,컴퓨터학,345295029,Jaewon Song,1,0.0451,0.102588,"한국컴퓨터그래픽스학회 (NODE12485243, IF: 0.44)"
508,2025,컴퓨터학,718170599,류은진,1,0.045,0.03512,"한국디지털콘텐츠학회 (NODE12194015, IF: 1.28)"
509,2025,컴퓨터학,288183703,김기홍,1,0.045,0.03512,"한국디지털콘텐츠학회 (NODE12194015, IF: 1.28)"
510,2025,컴퓨터학,124518237,최웅,2,0.0423,0.100739,"ICT플랫폼학회 (NODE12287137, IF: 0.42)
ICT플랫폼학회 (NODE12457503, IF: 0.42)"
511,2025,컴퓨터학,884145983,박지훈,1,0.0419,0.051756,"한국컴퓨터정보학회 (NODE12296063, IF: 0.81)"
512,2025,컴퓨터학,860447905,김경훈,1,0.0419,0.051756,"한국컴퓨터정보학회 (NODE12121939, IF: 0.81)"
513,2025,컴퓨터학,250752573,최원진,1,0.0419,0.051756,"한국컴퓨터정보학회 (NODE12121939, IF: 0.81)"
514,2025,컴퓨터학,438554396,이세운,1,0.0419,0.051756,"한국컴퓨터정보학회 (NODE12121939, IF: 0.81)"
515,2025,컴퓨터학,472087734,성낙인,1,0.0419,0.051756,"한국컴퓨터정보학회 (NODE12121939, IF: 0.81)"
516,2025,컴퓨터학,612045044,최대선,6,0.0417,0.101664,"한국정보보호학회 (NODE12274584, IF: 0.41)
한국정보보호학회 (NODE12148090, IF: 0.41)
한국정보보호학회 (NODE12265688, IF: 0.41)
한국정보보호학회 (NODE12435426, IF: 0.41)
한국정보보호학회 (NODE12265690, IF: 0.41)
한국정보보호학회 (NODE12265691, IF: 0.41)"
517,2025,컴퓨터학,720921753,장현준,3,0.0417,0.101664,"한국정보보호학회 (NODE12148090, IF: 0.41)
한국정보보호학회 (NODE12265690, IF: 0.41)
한국정보보호학회 (NODE12265691, IF: 0.41)"
518,2025,컴퓨터학,822925815,이주연,1,0.0414,0.032347,"한국디지털콘텐츠학회 (NODE12482408, IF: 1.28)"
519,2025,컴퓨터학,494844488,박후린,2,0.0405,0.098891,"한국정보보호학회 (NODE12431104, IF: 0.41)
한국정보보호학회 (NODE12148098, IF: 0.41)"
520,2025,컴퓨터학,323594783,진현준,1,0.0405,0.098891,"한국정보보호학회 (NODE12148098, IF: 0.41)"
521,2025,컴퓨터학,319041662,최정원,1,0.0405,0.098891,"한국정보보호학회 (NODE12148098, IF: 0.41)"
522,2025,컴퓨터학,153325379,조용권,1,0.0405,0.098891,"한국정보보호학회 (NODE12148098, IF: 0.41)"
523,2025,컴퓨터학,970473168,홍영창,1,0.0405,0.098891,"한국정보보호학회 (NODE12148098, IF: 0.41)"
524,2025,컴퓨터학,773659655,이동수,1,0.0405,0.098891,"한국정보보호학회 (NODE12148098, IF: 0.41)"
525,2025,컴퓨터학,227607967,신우빈,1,0.0405,0.098891,"한국정보보호학회 (NODE12148098, IF: 0.41)"
526,2025,컴퓨터학,212476642,김종현,9,0.0404,0.049908,"한국컴퓨터정보학회 (NODE12336968, IF: 0.81)
한국컴퓨터그래픽스학회 (NODE12485244, IF: 0.44)
한국컴퓨터정보학회 (NODE12431992, IF: 0.81)
한국컴퓨터그래픽스학회 (NODE12342239, IF: 0.44)
한국컴퓨터정보학회 (NODE12206724, IF: 0.81)
한국컴퓨터그래픽스학회 (NODE12097939, IF: 0.44)
한국컴퓨터정보학회 (NODE12087140, IF: 0.81)
한국컴퓨터정보학회 (NODE12149606, IF: 0.81)
한국컴퓨터정보학회 (NODE12149608, IF: 0.81)"
527,2025,컴퓨터학,241191629,진우가,1,0.0402,0.031424,"한국디지털콘텐츠학회 (NODE12482407, IF: 1.28)"
528,2025,컴퓨터학,277570917,김기범,2,0.0379,0.052680000000000005,"한국디지털포렌식학회 (NODE12293286, IF: 0.72)
한국디지털포렌식학회 (NODE12293287, IF: 0.72)"
529,2025,컴퓨터학,166417190,김태완,1,0.0379,0.029575,"한국디지털콘텐츠학회 (NODE12267748, IF: 1.28)"
530,2025,컴퓨터학,925383171,박수현,1,0.0379,0.029575,"한국디지털콘텐츠학회 (NODE12267748, IF: 1.28)"
531,2025,컴퓨터학,396492578,이현아,1,0.0379,0.029575,"한국디지털콘텐츠학회 (NODE12267748, IF: 1.28)"
532,2025,컴퓨터학,703952577,김경진,1,0.0379,0.029575,"한국디지털콘텐츠학회 (NODE12408869, IF: 1.28)"
533,2025,컴퓨터학,737634515,김현우,1,0.0379,0.029575,"한국디지털콘텐츠학회 (NODE12124201, IF: 1.28)"
534,2025,컴퓨터학,464650862,고상협,1,0.0379,0.052680000000000005,"한국디지털포렌식학회 (NODE12293287, IF: 0.72)"
535,2025,컴퓨터학,706872491,진혜영,1,0.0379,0.029575,"한국디지털콘텐츠학회 (NODE12434518, IF: 1.28)"
536,2025,컴퓨터학,792048613,신춘성,1,0.0379,0.029575,"한국디지털콘텐츠학회 (NODE12434518, IF: 1.28)"
537,2025,컴퓨터학,860947430,하재철,3,0.0371,0.090573,"한국정보보호학회 (NODE12148095, IF: 0.41)
한국정보보호학회 (NODE12148096, IF: 0.41)
한국정보보호학회 (NODE12265681, IF: 0.41)"
538,2025,컴퓨터학,637961376,이민종,2,0.0371,0.090573,"한국정보보호학회 (NODE12148096, IF: 0.41)
한국정보보호학회 (NODE12265681, IF: 0.41)"
539,2025,컴퓨터학,376643315,김수형,2,0.0371,0.090573,"한국정보보호학회 (NODE12148096, IF: 0.41)
한국정보보호학회 (NODE12265681, IF: 0.41)"
540,2025,컴퓨터학,852655989,전윤걸,1,0.0367,0.028651000000000003,"한국디지털콘텐츠학회 (NODE12152265, IF: 1.28)"
541,2025,컴퓨터학,276225835,이규범,1,0.036,0.0878,"한국정보보호학회 (NODE12148085, IF: 0.41)"
542,2025,컴퓨터학,519407580,홍성관,1,0.036,0.0878,"한국정보보호학회 (NODE12148085, IF: 0.41)"
543,2025,컴퓨터학,118576603,김성진,1,0.036,0.0878,"한국정보보호학회 (NODE12148085, IF: 0.41)"
544,2025,컴퓨터학,257728,박규동,4,0.0355,0.027726,"Korean Institute of Information Scientists and Engineers (NODE12034194, IF: 0.0)
Korean Institute of Information Scientists and Engineers (NODE12034207, IF: 0.0)
Korean Institute of Information Scientists and Engineers (NODE12034209, IF: 0.0)
한국디지털콘텐츠학회 (NODE12482426, IF: 1.28)"
545,2025,컴퓨터학,831773872,김길래,1,0.0355,0.027726,"한국디지털콘텐츠학회 (NODE12296284, IF: 1.28)"
546,2025,컴퓨터학,603046301,심현,1,0.0355,0.027726,"한국디지털콘텐츠학회 (NODE12482426, IF: 1.28)"
547,2025,컴퓨터학,229084513,황규민,1,0.0355,0.027726,"한국디지털콘텐츠학회 (NODE12482426, IF: 1.28)"
548,2025,컴퓨터학,734160814,이주희,1,0.0355,0.027726,"한국디지털콘텐츠학회 (NODE12482426, IF: 1.28)"
549,2025,컴퓨터학,314887727,이석희,1,0.0349,0.083179,"ICT플랫폼학회 (NODE12457509, IF: 0.42)"
550,2025,컴퓨터학,124772884,송석일,1,0.0349,0.083179,"ICT플랫폼학회 (NODE12457509, IF: 0.42)"
551,2025,컴퓨터학,926138606,Ding Zihan,1,0.0349,0.083179,"ICT플랫폼학회 (NODE12102162, IF: 0.42)"
552,2025,컴퓨터학,285163528,Md Mahrab Islam,1,0.0349,0.083179,"ICT플랫폼학회 (NODE12102162, IF: 0.42)"
553,2025,컴퓨터학,561592995,임동훈,1,0.0344,0.042514,"한국컴퓨터정보학회 (NODE12263460, IF: 0.81)"
554,2025,컴퓨터학,843066620,한승수,1,0.0344,0.042514,"한국컴퓨터정보학회 (NODE12263460, IF: 0.81)"
555,2025,컴퓨터학,713278305,은의찬,1,0.0344,0.042514,"한국컴퓨터정보학회 (NODE12263460, IF: 0.81)"
556,2025,컴퓨터학,322091243,김동영,1,0.0344,0.042514,"한국컴퓨터정보학회 (NODE12263460, IF: 0.81)"
557,2025,컴퓨터학,403121654,최장훈,1,0.0344,0.042514,"한국컴퓨터정보학회 (NODE12263460, IF: 0.81)"
558,2025,컴퓨터학,576153363,홍선연,1,0.0344,0.042514,"한국컴퓨터정보학회 (NODE12121937, IF: 0.81)"
559,2025,컴퓨터학,350614038,최숙경,1,0.0344,0.042514,"한국컴퓨터정보학회 (NODE12121938, IF: 0.81)"
560,2025,컴퓨터학,216483536,이미옥,1,0.0344,0.042514,"한국컴퓨터정보학회 (NODE12038632, IF: 0.81)"
561,2025,컴퓨터학,405323594,이소영,1,0.0344,0.042514,"한국컴퓨터정보학회 (NODE12149612, IF: 0.81)"
562,2025,컴퓨터학,719333598,심혜린,1,0.0336,0.021257,"한국전자거래학회 (NODE12244518, IF: 1.58)"
563,2025,컴퓨터학,517158558,김협,1,0.0336,0.021257,"한국전자거래학회 (NODE12244518, IF: 1.58)"
564,2025,컴퓨터학,620929549,박지섭,1,0.0336,0.021257,"한국전자거래학회 (NODE12244518, IF: 1.58)"
565,2025,컴퓨터학,450531012,이주영,1,0.0331,0.025878,"한국디지털콘텐츠학회 (NODE12434523, IF: 1.28)"
566,2025,컴퓨터학,798458294,권오양,1,0.0331,0.025878,"한국디지털콘텐츠학회 (NODE12434523, IF: 1.28)"
567,2025,컴퓨터학,787842704,전주현,1,0.0331,0.025878,"한국디지털콘텐츠학회 (NODE12434530, IF: 1.28)"
568,2025,컴퓨터학,580192811,신다혜,1,0.0331,0.025878,"한국디지털콘텐츠학회 (NODE12434530, IF: 1.28)"
569,2025,컴퓨터학,386397960,정유진,1,0.0331,0.025878,"한국디지털콘텐츠학회 (NODE12434530, IF: 1.28)"
570,2025,컴퓨터학,841577000,Jihoon Moon,5,0.033,0.078558,"ICT플랫폼학회 (NODE12287131, IF: 0.42)
ICT플랫폼학회 (NODE12287133, IF: 0.42)
ICT플랫폼학회 (NODE12177130, IF: 0.42)
ICT플랫폼학회 (NODE12457500, IF: 0.42)
ICT플랫폼학회 (NODE12102160, IF: 0.42)"
571,2025,컴퓨터학,500502716,박대얼,2,0.033,0.080407,"한국정보보호학회 (NODE12265690, IF: 0.41)
한국정보보호학회 (NODE12265691, IF: 0.41)"
572,2025,컴퓨터학,522954349,윤두식,1,0.033,0.080407,"한국정보보호학회 (NODE12265690, IF: 0.41)"
573,2025,컴퓨터학,687484028,연영란,3,0.0329,0.040664,"한국컴퓨터정보학회 (NODE12432002, IF: 0.81)
한국컴퓨터정보학회 (NODE12296072, IF: 0.81)
한국컴퓨터정보학회 (NODE12087145, IF: 0.81)"
574,2025,컴퓨터학,498994909,백재우,1,0.0329,0.040666,"한국컴퓨터정보학회 (NODE12336977, IF: 0.81)"
575,2025,컴퓨터학,272021652,정민규,1,0.0329,0.040666,"한국컴퓨터정보학회 (NODE12336977, IF: 0.81)"
576,2025,컴퓨터학,395332554,김문형,1,0.0329,0.040666,"한국컴퓨터정보학회 (NODE12336977, IF: 0.81)"
577,2025,컴퓨터학,614613805,정기현,1,0.0329,0.040666,"한국컴퓨터정보학회 (NODE12336977, IF: 0.81)"
578,2025,컴퓨터학,539315844,정미지,1,0.0329,0.040666,"한국컴퓨터정보학회 (NODE12336977, IF: 0.81)"
579,2025,컴퓨터학,156167317,박규동,1,0.0329,0.040666,"한국컴퓨터정보학회 (NODE12336977, IF: 0.81)"
580,2025,컴퓨터학,710212443,이수정,1,0.0329,0.040666,"한국컴퓨터정보학회 (NODE12296078, IF: 0.81)"
581,2025,컴퓨터학,938467752,최원석,2,0.0322,0.078558,"한국정보보호학회 (NODE12334192, IF: 0.41)
한국정보보호학회 (NODE12265686, IF: 0.41)"
582,2025,컴퓨터학,909138169,오성빈,1,0.0322,0.078558,"한국정보보호학회 (NODE12431092, IF: 0.41)"
583,2025,컴퓨터학,166209914,조병모,1,0.0322,0.078558,"한국정보보호학회 (NODE12431092, IF: 0.41)"
584,2025,컴퓨터학,606004838,강준혁,1,0.0322,0.078558,"한국정보보호학회 (NODE12265686, IF: 0.41)"
585,2025,컴퓨터학,859276773,이지원,1,0.0322,0.078558,"한국정보보호학회 (NODE12265686, IF: 0.41)"
586,2025,컴퓨터학,2199227,진홍주,1,0.0322,0.078558,"한국정보보호학회 (NODE12265686, IF: 0.41)"
587,2025,컴퓨터학,464154,이동훈,1,0.0322,0.078558,"한국정보보호학회 (NODE12265686, IF: 0.41)"
588,2025,컴퓨터학,744142872,최기훈,1,0.0322,0.078558,"한국정보보호학회 (NODE12091091, IF: 0.41)"
589,2025,컴퓨터학,957918058,오충연,1,0.0322,0.078558,"한국정보보호학회 (NODE12091091, IF: 0.41)"
590,2025,컴퓨터학,258495639,박혜진,1,0.0322,0.078558,"한국정보보호학회 (NODE12091091, IF: 0.41)"
591,2025,컴퓨터학,550149402,이윤수,1,0.0319,0.024954,"한국디지털콘텐츠학회 (NODE12342001, IF: 1.28)"
592,2025,컴퓨터학,809410989,강세이,1,0.0319,0.024954,"한국디지털콘텐츠학회 (NODE12342001, IF: 1.28)"
593,2025,컴퓨터학,767088591,김승원,1,0.0319,0.024954,"한국디지털콘텐츠학회 (NODE12342001, IF: 1.28)"
594,2025,컴퓨터학,278115180,저우사사,1,0.0319,0.024954,"한국디지털콘텐츠학회 (NODE12152249, IF: 1.28)"
595,2025,컴퓨터학,890095056,최수아,1,0.0319,0.024954,"한국디지털콘텐츠학회 (NODE12152249, IF: 1.28)"
596,2025,컴퓨터학,771583906,한정민,1,0.0319,0.024954,"한국디지털콘텐츠학회 (NODE12152249, IF: 1.28)"
597,2025,컴퓨터학,289669907,박필원,1,0.0311,0.073937,"ICT플랫폼학회 (NODE12455010, IF: 0.42)"
598,2025,컴퓨터학,732287933,권정오,1,0.0301,0.06839100000000001,"한국컴퓨터그래픽스학회 (NODE12342238, IF: 0.44)"
599,2025,컴퓨터학,853099090,이정,1,0.0301,0.06839100000000001,"한국컴퓨터그래픽스학회 (NODE12342238, IF: 0.44)"
600,2025,컴퓨터학,834908235,최민석,1,0.0291,0.069316,"ICT플랫폼학회 (NODE12457503, IF: 0.42)"
601,2025,컴퓨터학,786166,주해종,1,0.0291,0.069316,"ICT플랫폼학회 (NODE12457503, IF: 0.42)"
602,2025,컴퓨터학,762761028,김수균,2,0.0277,0.034196,"한국컴퓨터정보학회 (NODE12263461, IF: 0.81)
한국컴퓨터정보학회 (NODE12296068, IF: 0.81)"
603,2025,컴퓨터학,421836411,서준원,1,0.0277,0.034196,"한국컴퓨터정보학회 (NODE12336962, IF: 0.81)"
604,2025,컴퓨터학,701018750,민정혜,1,0.0277,0.034196,"한국컴퓨터정보학회 (NODE12336962, IF: 0.81)"
605,2025,컴퓨터학,869944329,유희경,1,0.0277,0.034196,"한국컴퓨터정보학회 (NODE12431986, IF: 0.81)"
606,2025,컴퓨터학,560711095,오재광,1,0.0277,0.034196,"한국컴퓨터정보학회 (NODE12296068, IF: 0.81)"
607,2025,컴퓨터학,380571614,이양선,7,0.0272,0.064695,"ICT플랫폼학회 (NODE12287131, IF: 0.42)
ICT플랫폼학회 (NODE12287134, IF: 0.42)
ICT플랫폼학회 (NODE12177130, IF: 0.42)
ICT플랫폼학회 (NODE12457500, IF: 0.42)
ICT플랫폼학회 (NODE12457505, IF: 0.42)
ICT플랫폼학회 (NODE12102160, IF: 0.42)
ICT플랫폼학회 (NODE12102166, IF: 0.42)"
608,2025,컴퓨터학,758397080,김윤철,4,0.0272,0.064695,"ICT플랫폼학회 (NODE12287134, IF: 0.42)
ICT플랫폼학회 (NODE12457505, IF: 0.42)
ICT플랫폼학회 (NODE12177133, IF: 0.42)
ICT플랫폼학회 (NODE12102166, IF: 0.42)"
609,2025,컴퓨터학,660240826,서정택,2,0.0272,0.064695,"ICT플랫폼학회 (NODE12287139, IF: 0.42)
ICT플랫폼학회 (NODE12455002, IF: 0.42)"
610,2025,컴퓨터학,328706818,박상원,1,0.0272,0.064695,"ICT플랫폼학회 (NODE12287139, IF: 0.42)"
611,2025,컴퓨터학,375365315,안성찬,1,0.0272,0.064695,"ICT플랫폼학회 (NODE12287139, IF: 0.42)"
612,2025,컴퓨터학,370882878,정성호,1,0.0272,0.064695,"ICT플랫폼학회 (NODE12287139, IF: 0.42)"
613,2025,컴퓨터학,937581582,윤영,1,0.0272,0.064695,"ICT플랫폼학회 (NODE12287139, IF: 0.42)"
614,2025,컴퓨터학,714357119,강혜원,1,0.0272,0.021257,"한국디지털콘텐츠학회 (NODE12482425, IF: 1.28)"
615,2025,컴퓨터학,578410120,고준혁,2,0.027,0.033272,"한국컴퓨터정보학회 (NODE12121923, IF: 0.81)
한국컴퓨터정보학회 (NODE12149604, IF: 0.81)"
616,2025,컴퓨터학,498584988,김시웅,2,0.027,0.033272,"한국컴퓨터정보학회 (NODE12121923, IF: 0.81)
한국컴퓨터정보학회 (NODE12149604, IF: 0.81)"
617,2025,컴퓨터학,695368661,박정현,2,0.027,0.033272,"한국컴퓨터정보학회 (NODE12121923, IF: 0.81)
한국컴퓨터정보학회 (NODE12149604, IF: 0.81)"
618,2025,컴퓨터학,717973734,황재훈,1,0.027,0.033272,"한국컴퓨터정보학회 (NODE12263453, IF: 0.81)"
619,2025,컴퓨터학,544597566,하승엽,1,0.027,0.033272,"한국컴퓨터정보학회 (NODE12263453, IF: 0.81)"
620,2025,컴퓨터학,909111007,윤준석,1,0.027,0.033272,"한국컴퓨터정보학회 (NODE12263453, IF: 0.81)"
621,2025,컴퓨터학,446161849,김민수,1,0.027,0.033272,"한국컴퓨터정보학회 (NODE12263453, IF: 0.81)"
622,2025,컴퓨터학,915042477,이상아,1,0.027,0.033272,"한국컴퓨터정보학회 (NODE12263453, IF: 0.81)"
623,2025,컴퓨터학,450008405,윤종필,1,0.027,0.033272,"한국컴퓨터정보학회 (NODE12263453, IF: 0.81)"
624,2025,컴퓨터학,235110509,원홍인,1,0.027,0.033272,"한국컴퓨터정보학회 (NODE12263453, IF: 0.81)"
625,2025,컴퓨터학,789682416,박준휘,1,0.027,0.033272,"한국컴퓨터정보학회 (NODE12038611, IF: 0.81)"
626,2025,컴퓨터학,5441411,박창준,1,0.027,0.033272,"한국컴퓨터정보학회 (NODE12038611, IF: 0.81)"
627,2025,컴퓨터학,938040029,김남중,1,0.027,0.033272,"한국컴퓨터정보학회 (NODE12038611, IF: 0.81)"
628,2025,컴퓨터학,573526097,오염덕,1,0.027,0.033272,"한국컴퓨터정보학회 (NODE12038611, IF: 0.81)"
629,2025,컴퓨터학,268534790,곽정환,1,0.027,0.033272,"한국컴퓨터정보학회 (NODE12038611, IF: 0.81)"
630,2025,컴퓨터학,512906996,김성민,2,0.0265,0.064695,"한국정보보호학회 (NODE12431106, IF: 0.41)
한국디지털포렌식학회 (NODE12109046, IF: 0.72)"
631,2025,컴퓨터학,587929197,임예람,1,0.0265,0.064695,"한국정보보호학회 (NODE12431106, IF: 0.41)"
632,2025,컴퓨터학,464638918,김태호,1,0.0265,0.064695,"한국정보보호학회 (NODE12334182, IF: 0.41)"
633,2025,컴퓨터학,901206972,정지우,1,0.0265,0.064695,"한국정보보호학회 (NODE12334182, IF: 0.41)"
634,2025,컴퓨터학,867377907,최지혁,1,0.0265,0.064695,"한국정보보호학회 (NODE12334182, IF: 0.41)"
635,2025,컴퓨터학,3477043,권태경,1,0.0265,0.064695,"한국정보보호학회 (NODE12334182, IF: 0.41)"
636,2025,컴퓨터학,927760504,김승현,1,0.0265,0.064695,"한국정보보호학회 (NODE12148092, IF: 0.41)"
637,2025,컴퓨터학,744186404,이한주,1,0.0265,0.064695,"한국정보보호학회 (NODE12091096, IF: 0.41)"
638,2025,컴퓨터학,564522678,김광남,1,0.0265,0.064695,"한국정보보호학회 (NODE12091096, IF: 0.41)"
639,2025,컴퓨터학,198915246,최석환,1,0.0265,0.064695,"한국정보보호학회 (NODE12091096, IF: 0.41)"
640,2025,컴퓨터학,706355060,신현우,1,0.0264,0.062847,"ICT플랫폼학회 (NODE12102165, IF: 0.42)"
641,2025,컴퓨터학,923826996,이상민,3,0.026,0.020332,"한국디지털콘텐츠학회 (NODE12341994, IF: 1.28)
한국디지털콘텐츠학회 (NODE12124204, IF: 1.28)
Korean Institute of Information Scientists and Engineers (NODE12314501, IF: 0.0)"
642,2025,컴퓨터학,937500749,김민수,2,0.026,0.020332,"한국디지털콘텐츠학회 (NODE12267715, IF: 1.28)
한국디지털콘텐츠학회 (NODE12124204, IF: 1.28)"
643,2025,컴퓨터학,209837423,문영수,2,0.026,0.020332,"한국디지털콘텐츠학회 (NODE12267729, IF: 1.28)
한국디지털콘텐츠학회 (NODE12482413, IF: 1.28)"
644,2025,컴퓨터학,672719226,박복재,2,0.026,0.020332,"한국디지털콘텐츠학회 (NODE12267729, IF: 1.28)
한국디지털콘텐츠학회 (NODE12482413, IF: 1.28)"
645,2025,컴퓨터학,376178154,이하나,2,0.026,0.020332,"한국디지털콘텐츠학회 (NODE12434522, IF: 1.28)
한국디지털콘텐츠학회 (NODE12152267, IF: 1.28)"
646,2025,컴퓨터학,222882615,오수경,1,0.026,0.020332,"한국디지털콘텐츠학회 (NODE12124210, IF: 1.28)"
647,2025,컴퓨터학,459554297,임다미,1,0.026,0.020332,"한국디지털콘텐츠학회 (NODE12124210, IF: 1.28)"
648,2025,컴퓨터학,787252699,송예솔,1,0.026,0.020332,"한국디지털콘텐츠학회 (NODE12124215, IF: 1.28)"
649,2025,컴퓨터학,117553644,유재우,1,0.026,0.020332,"한국디지털콘텐츠학회 (NODE12124215, IF: 1.28)"
650,2025,컴퓨터학,851682976,이기성,1,0.026,0.020332,"한국디지털콘텐츠학회 (NODE12124222, IF: 1.28)"
651,2025,컴퓨터학,344600355,박동희,1,0.026,0.020332,"한국디지털콘텐츠학회 (NODE12124222, IF: 1.28)"
652,2025,컴퓨터학,544640658,신예성,1,0.026,0.020332,"한국디지털콘텐츠학회 (NODE12124222, IF: 1.28)"
653,2025,컴퓨터학,802900823,박호현,1,0.026,0.020332,"한국디지털콘텐츠학회 (NODE12124222, IF: 1.28)"
654,2025,컴퓨터학,812149607,이현승,1,0.026,0.020332,"한국디지털콘텐츠학회 (NODE12482427, IF: 1.28)"
655,2025,컴퓨터학,209768827,김성준,1,0.026,0.020332,"한국디지털콘텐츠학회 (NODE12482427, IF: 1.28)"
656,2025,컴퓨터학,158595701,김찬수,1,0.026,0.020332,"한국디지털콘텐츠학회 (NODE12482427, IF: 1.28)"
657,2025,컴퓨터학,782866393,안순태,1,0.026,0.020332,"한국디지털콘텐츠학회 (NODE12434522, IF: 1.28)"
658,2025,컴퓨터학,529878130,한유정,1,0.026,0.020332,"한국디지털콘텐츠학회 (NODE12434531, IF: 1.28)"
659,2025,컴퓨터학,791880275,최지예,1,0.026,0.020332,"한국디지털콘텐츠학회 (NODE12408879, IF: 1.28)"
660,2025,컴퓨터학,968852263,정시욱,1,0.026,0.020332,"한국디지털콘텐츠학회 (NODE12408879, IF: 1.28)"
661,2025,컴퓨터학,851161009,이신지,1,0.026,0.020332,"한국디지털콘텐츠학회 (NODE12408879, IF: 1.28)"
662,2025,컴퓨터학,140217342,방미향,1,0.026,0.020332,"한국디지털콘텐츠학회 (NODE12408881, IF: 1.28)"
663,2025,컴퓨터학,598449386,김대호,2,0.0255,0.031424,"한국컴퓨터정보학회 (NODE12263454, IF: 0.81)
한국컴퓨터정보학회 (NODE12206719, IF: 0.81)"
664,2025,컴퓨터학,930035102,김세영,2,0.0255,0.031424,"한국컴퓨터정보학회 (NODE12263454, IF: 0.81)
한국컴퓨터정보학회 (NODE12206719, IF: 0.81)"
665,2025,컴퓨터학,796316885,정옥란,2,0.0255,0.031424,"한국컴퓨터정보학회 (NODE12263454, IF: 0.81)
한국컴퓨터정보학회 (NODE12206719, IF: 0.81)"
666,2025,컴퓨터학,869867867,김영대,2,0.0255,0.08687600000000001,"Korean Institute of Information Scientists and Engineers (NODE12252217, IF: 0.0)
한국컴퓨터정보학회 (NODE12481145, IF: 0.81)"
667,2025,컴퓨터학,289864513,권태형,1,0.0255,0.031424,"한국컴퓨터정보학회 (NODE12263454, IF: 0.81)"
668,2025,컴퓨터학,151750819,신도경,1,0.0255,0.031424,"한국컴퓨터정보학회 (NODE12481145, IF: 0.81)"
669,2025,컴퓨터학,841857581,김준수,2,0.0247,0.030497999999999997,"한국컴퓨터정보학회 (NODE12206730, IF: 0.81)
한국컴퓨터정보학회 (NODE12263471, IF: 0.81)"
670,2025,컴퓨터학,888078469,나예현,1,0.0244,0.055452,"한국컴퓨터그래픽스학회 (NODE12292956, IF: 0.44)"
671,2025,컴퓨터학,188530045,Richard.Y.Park,1,0.0244,0.055452,"한국컴퓨터그래픽스학회 (NODE12292956, IF: 0.44)"
672,2025,컴퓨터학,973600770,서상영,1,0.0244,0.055452,"한국컴퓨터그래픽스학회 (NODE12292956, IF: 0.44)"
673,2025,컴퓨터학,855958592,권태수,1,0.0244,0.055452,"한국컴퓨터그래픽스학회 (NODE12292956, IF: 0.44)"
674,2025,컴퓨터학,559759689,이보아,4,0.0225,0.027726,"한국컴퓨터정보학회 (NODE12431993, IF: 0.81)
한국디지털콘텐츠학회 (NODE12039213, IF: 1.28)
한국컴퓨터정보학회 (NODE12087139, IF: 0.81)
한국컴퓨터정보학회 (NODE12149607, IF: 0.81)"
675,2025,컴퓨터학,928502303,박성현,4,0.0225,0.027726,"한국컴퓨터정보학회 (NODE12263466, IF: 0.81)
한국컴퓨터정보학회 (NODE12087142, IF: 0.81)
한국컴퓨터정보학회 (NODE12038622, IF: 0.81)
한국컴퓨터정보학회 (NODE12038624, IF: 0.81)"
676,2025,컴퓨터학,134628513,정영석,2,0.0225,0.027726,"한국컴퓨터정보학회 (NODE12087142, IF: 0.81)
한국컴퓨터정보학회 (NODE12038624, IF: 0.81)"
677,2025,컴퓨터학,141592993,문솔미,1,0.0225,0.027726,"한국컴퓨터정보학회 (NODE12431993, IF: 0.81)"
678,2025,컴퓨터학,561462197,황준하,1,0.0225,0.027726,"한국컴퓨터정보학회 (NODE12403649, IF: 0.81)"
679,2025,컴퓨터학,299076768,김지은,1,0.0225,0.027726,"한국컴퓨터정보학회 (NODE12087142, IF: 0.81)"
680,2025,컴퓨터학,565141823,문예진,1,0.0225,0.027726,"한국컴퓨터정보학회 (NODE12087155, IF: 0.81)"
681,2025,컴퓨터학,286391000,맹희주,1,0.0225,0.027726,"한국컴퓨터정보학회 (NODE12087155, IF: 0.81)"
682,2025,컴퓨터학,217162805,신영주,2,0.022,0.053604,"한국정보보호학회 (NODE12431097, IF: 0.41)
한국정보보호학회 (NODE12148091, IF: 0.41)"
683,2025,컴퓨터학,565759908,조우진,1,0.022,0.053604,"한국정보보호학회 (NODE12334189, IF: 0.41)"
684,2025,컴퓨터학,342508212,김형식,1,0.022,0.053604,"한국정보보호학회 (NODE12334189, IF: 0.41)"
685,2025,컴퓨터학,663637638,이둠밈,1,0.022,0.053604,"한국정보보호학회 (NODE12148091, IF: 0.41)"
686,2025,컴퓨터학,153611822,황지선,1,0.0219,0.013863,"한국전자거래학회 (NODE12101227, IF: 1.58)"
687,2025,컴퓨터학,799292620,윤태영,1,0.0219,0.013863,"한국전자거래학회 (NODE12101227, IF: 1.58)"
688,2025,컴퓨터학,680456184,강주영,1,0.0219,0.013863,"한국전자거래학회 (NODE12101227, IF: 1.58)"
689,2025,컴퓨터학,349143511,김석수,1,0.021,0.025878,"한국컴퓨터정보학회 (NODE12038621, IF: 0.81)"
690,2025,컴퓨터학,367062234,정재영,1,0.021,0.025878,"한국컴퓨터정보학회 (NODE12038621, IF: 0.81)"
691,2025,컴퓨터학,998485600,박소현,1,0.0208,0.050832,"한국정보보호학회 (NODE12148082, IF: 0.41)"
692,2025,컴퓨터학,120484278,나보미,1,0.0208,0.050832,"한국정보보호학회 (NODE12148094, IF: 0.41)"
693,2025,컴퓨터학,965321573,이은지,1,0.0208,0.050832,"한국정보보호학회 (NODE12148094, IF: 0.41)"
694,2025,컴퓨터학,234356561,김현일,1,0.0195,0.02403,"한국컴퓨터정보학회 (NODE12481155, IF: 0.81)"
695,2025,컴퓨터학,423689776,박현준,1,0.0179,0.040666,"한국컴퓨터그래픽스학회 (NODE12292961, IF: 0.44)"
696,2025,컴퓨터학,867473224,강보희,1,0.0179,0.040666,"한국컴퓨터그래픽스학회 (NODE12292961, IF: 0.44)"
697,2025,컴퓨터학,516840911,김주환,1,0.0179,0.040666,"한국컴퓨터그래픽스학회 (NODE12292961, IF: 0.44)"
698,2025,컴퓨터학,452955099,조동식,1,0.0179,0.040666,"한국컴퓨터그래픽스학회 (NODE12292961, IF: 0.44)"
699,2025,컴퓨터학,281334462,상로,2,0.0177,0.013863,"한국디지털콘텐츠학회 (NODE12341984, IF: 1.28)
한국디지털콘텐츠학회 (NODE12434513, IF: 1.28)"
700,2025,컴퓨터학,522760873,김혜경,2,0.0177,0.013863,"한국디지털콘텐츠학회 (NODE12341984, IF: 1.28)
한국디지털콘텐츠학회 (NODE12434513, IF: 1.28)"
701,2025,컴퓨터학,793312825,문재영,2,0.0172,0.021256999999999998,"한국컴퓨터정보학회 (NODE12121926, IF: 0.81)
한국컴퓨터정보학회 (NODE12481182, IF: 0.81)"
702,2025,컴퓨터학,134747628,전지윤,1,0.0166,0.012939,"한국디지털콘텐츠학회 (NODE12296265, IF: 1.28)"
703,2025,컴퓨터학,323474262,조우홍,2,0.0165,0.020332,"한국컴퓨터정보학회 (NODE12403664, IF: 0.81)
한국컴퓨터정보학회 (NODE12263471, IF: 0.81)"
704,2025,컴퓨터학,793593348,이영화,1,0.0165,0.020332,"한국컴퓨터정보학회 (NODE12432004, IF: 0.81)"
705,2025,컴퓨터학,409184565,김경희,1,0.0165,0.020332,"한국컴퓨터정보학회 (NODE12432004, IF: 0.81)"
706,2025,컴퓨터학,131580117,김재현,1,0.0165,0.020332,"한국컴퓨터정보학회 (NODE12481167, IF: 0.81)"
707,2025,컴퓨터학,290213440,권찬혁,1,0.0165,0.020332,"한국컴퓨터정보학회 (NODE12481167, IF: 0.81)"
708,2025,컴퓨터학,920052688,이수미,1,0.0165,0.020332,"한국컴퓨터정보학회 (NODE12481167, IF: 0.81)"
709,2025,컴퓨터학,299700269,하민우,1,0.0165,0.020332,"한국컴퓨터정보학회 (NODE12481167, IF: 0.81)"
710,2025,컴퓨터학,252374823,김성현,1,0.0161,0.010166,"한국전자거래학회 (NODE12244514, IF: 1.58)"
711,2025,컴퓨터학,440103075,임희영,1,0.0161,0.010166,"한국전자거래학회 (NODE12244514, IF: 1.58)"
712,2025,컴퓨터학,919419167,김자원,1,0.0161,0.010166,"한국전자거래학회 (NODE12244514, IF: 1.58)"
713,2025,컴퓨터학,205205236,황석형,4,0.0145,0.024954,"ICT플랫폼학회 (NODE12455005, IF: 0.42)
ICT플랫폼학회 (NODE12455008, IF: 0.42)
한국디지털콘텐츠학회 (NODE12482414, IF: 1.28)
ICT플랫폼학회 (NODE12102163, IF: 0.42)"
714,2025,컴퓨터학,405573927,황세웅,4,0.0145,0.024954,"ICT플랫폼학회 (NODE12455005, IF: 0.42)
ICT플랫폼학회 (NODE12455008, IF: 0.42)
한국디지털콘텐츠학회 (NODE12482414, IF: 1.28)
ICT플랫폼학회 (NODE12102163, IF: 0.42)"
715,2025,컴퓨터학,158371327,정영애,4,0.0145,0.024954,"ICT플랫폼학회 (NODE12455005, IF: 0.42)
ICT플랫폼학회 (NODE12455008, IF: 0.42)
한국디지털콘텐츠학회 (NODE12482414, IF: 1.28)
ICT플랫폼학회 (NODE12102163, IF: 0.42)"
716,2025,컴퓨터학,681010858,김휘강,2,0.0144,0.03512,"한국정보보호학회 (NODE12431103, IF: 0.41)
한국정보보호학회 (NODE12265694, IF: 0.41)"
717,2025,컴퓨터학,852940104,강지호,1,0.0144,0.03512,"한국정보보호학회 (NODE12431103, IF: 0.41)"
718,2025,컴퓨터학,660751524,김형선,1,0.0144,0.03512,"한국정보보호학회 (NODE12431103, IF: 0.41)"
719,2025,컴퓨터학,661633444,송민근,1,0.0144,0.03512,"한국정보보호학회 (NODE12431103, IF: 0.41)"
720,2025,컴퓨터학,477741488,송유찬,1,0.0144,0.03512,"한국정보보호학회 (NODE12431103, IF: 0.41)"
721,2025,컴퓨터학,258448432,이재연,1,0.0144,0.03512,"한국정보보호학회 (NODE12431103, IF: 0.41)"
722,2025,컴퓨터학,209169198,장준호,1,0.0144,0.03512,"한국정보보호학회 (NODE12431103, IF: 0.41)"
723,2025,컴퓨터학,523590584,최재웅,1,0.0144,0.03512,"한국정보보호학회 (NODE12431103, IF: 0.41)"
724,2025,컴퓨터학,425917770,고은진,1,0.0142,0.011091,"한국디지털콘텐츠학회 (NODE12434516, IF: 1.28)"
725,2025,컴퓨터학,346857105,서양진,1,0.014,0.034196,"한국정보보호학회 (NODE12431099, IF: 0.41)"
726,2025,컴퓨터학,397860729,정나영,1,0.0132,0.031423,"ICT플랫폼학회 (NODE12287137, IF: 0.42)"
727,2025,컴퓨터학,345756528,이현숙,1,0.0132,0.031423,"ICT플랫폼학회 (NODE12287137, IF: 0.42)"
728,2025,컴퓨터학,241934966,정순둘,1,0.013,0.010166,"한국디지털콘텐츠학회 (NODE12341998, IF: 1.28)"
729,2025,컴퓨터학,406523918,이아영,1,0.013,0.010166,"한국디지털콘텐츠학회 (NODE12341998, IF: 1.28)"
730,2025,컴퓨터학,225200489,이하진,1,0.013,0.010166,"한국디지털콘텐츠학회 (NODE12341998, IF: 1.28)"
731,2025,컴퓨터학,230930606,진화수,1,0.013,0.010166,"한국디지털콘텐츠학회 (NODE12434536, IF: 1.28)"
732,2025,컴퓨터학,513959171,송은지,1,0.013,0.010166,"한국디지털콘텐츠학회 (NODE12434536, IF: 1.28)"
733,2025,컴퓨터학,185352977,Huang Kanglin,2,0.0116,0.027726,"ICT플랫폼학회 (NODE12177132, IF: 0.42)
ICT플랫폼학회 (NODE12102161, IF: 0.42)"
734,2025,컴퓨터학,534685540,Md Rakibul Islam,2,0.0116,0.027726,"ICT플랫폼학회 (NODE12177132, IF: 0.42)
ICT플랫폼학회 (NODE12102161, IF: 0.42)"
735,2025,컴퓨터학,123897530,김예서,1,0.0109,0.025877999999999998,"ICT플랫폼학회 (NODE12177134, IF: 0.42)"
736,2025,컴퓨터학,579483275,장재원,1,0.0109,0.025877999999999998,"ICT플랫폼학회 (NODE12177134, IF: 0.42)"
737,2025,컴퓨터학,4635370,이소연,1,0.0109,0.025877999999999998,"ICT플랫폼학회 (NODE12177134, IF: 0.42)"
738,2025,컴퓨터학,859183454,최정욱,1,0.0109,0.025877999999999998,"ICT플랫폼학회 (NODE12177134, IF: 0.42)"
739,2025,컴퓨터학,694899101,박수범,1,0.0109,0.025877999999999998,"ICT플랫폼학회 (NODE12177134, IF: 0.42)"
740,2025,컴퓨터학,216930500,김대영,1,0.0109,0.025877999999999998,"ICT플랫폼학회 (NODE12177134, IF: 0.42)"
741,2025,컴퓨터학,665028923,김민혁,1,0.0106,0.008318,"한국디지털콘텐츠학회 (NODE12296279, IF: 1.28)"
742,2025,컴퓨터학,783429252,이응주,1,0.0106,0.008318,"한국디지털콘텐츠학회 (NODE12296279, IF: 1.28)"
743,2025,컴퓨터학,377331140,유석봉,1,0.0106,0.008318,"한국디지털콘텐츠학회 (NODE12296279, IF: 1.28)"
744,2025,컴퓨터학,228093152,공수민,1,0.0098,0.022182,"한국컴퓨터그래픽스학회 (NODE12292966, IF: 0.44)"
745,2025,컴퓨터학,453955974,심흥섭,1,0.0097,0.012015,"한국컴퓨터정보학회 (NODE12149618, IF: 0.81)"
746,2025,컴퓨터학,880318212,김재현,1,0.0091,0.022181,"한국정보보호학회 (NODE12148080, IF: 0.41)"
747,2025,컴퓨터학,283401221,김나연,1,0.0091,0.022181,"한국정보보호학회 (NODE12148080, IF: 0.41)"
748,2025,컴퓨터학,912198269,이용학,1,0.0091,0.022181,"한국정보보호학회 (NODE12148080, IF: 0.41)"
749,2025,컴퓨터학,943184101,양성민,1,0.0091,0.022181,"한국정보보호학회 (NODE12148080, IF: 0.41)"
750,2025,컴퓨터학,455730079,김성환,1,0.0091,0.022181,"한국정보보호학회 (NODE12148080, IF: 0.41)"
751,2025,컴퓨터학,576466604,김석훈,3,0.009,0.01109,"한국컴퓨터정보학회 (NODE12149621, IF: 0.81)
한국컴퓨터정보학회 (NODE12481154, IF: 0.81)
한국컴퓨터정보학회 (NODE12481165, IF: 0.81)"
752,2025,컴퓨터학,416209925,Kwang Hyuk Im,2,0.009,0.01109,"한국컴퓨터정보학회 (NODE12481154, IF: 0.81)
한국컴퓨터정보학회 (NODE12481165, IF: 0.81)"
753,2025,컴퓨터학,876395817,HongDae Kim,2,0.009,0.01109,"한국컴퓨터정보학회 (NODE12481154, IF: 0.81)
한국컴퓨터정보학회 (NODE12481165, IF: 0.81)"
754,2025,컴퓨터학,149181127,신예진,1,0.0089,0.020332,"한국컴퓨터그래픽스학회 (NODE12485241, IF: 0.44)"
755,2025,컴퓨터학,718154852,이민진,1,0.0089,0.020332,"한국컴퓨터그래픽스학회 (NODE12485241, IF: 0.44)"
756,2025,컴퓨터학,193800911,황성일,1,0.0089,0.020332,"한국컴퓨터그래픽스학회 (NODE12485241, IF: 0.44)"
757,2025,컴퓨터학,943934650,박성준,2,0.0087,0.021257,"한국정보보호학회 (NODE12148089, IF: 0.41)
한국정보보호학회 (NODE12148090, IF: 0.41)"
758,2025,컴퓨터학,926569788,손승녀,2,0.0085,0.020332,"ICT플랫폼학회 (NODE12455004, IF: 0.42)
ICT플랫폼학회 (NODE12455009, IF: 0.42)"
759,2025,컴퓨터학,509614349,강원평,2,0.0085,0.020332,"ICT플랫폼학회 (NODE12455004, IF: 0.42)
ICT플랫폼학회 (NODE12455009, IF: 0.42)"
760,2025,컴퓨터학,249236504,임혜진,2,0.0085,0.020332,"ICT플랫폼학회 (NODE12455004, IF: 0.42)
ICT플랫폼학회 (NODE12455009, IF: 0.42)"
761,2025,컴퓨터학,647842006,장기훈,2,0.0085,0.020332,"ICT플랫폼학회 (NODE12455004, IF: 0.42)
ICT플랫폼학회 (NODE12455009, IF: 0.42)"
762,2025,컴퓨터학,254775445,조용성,2,0.0085,0.020332,"ICT플랫폼학회 (NODE12455004, IF: 0.42)
ICT플랫폼학회 (NODE12455009, IF: 0.42)"
763,2025,컴퓨터학,541323276,콘도코이치,1,0.0085,0.020333,"ICT플랫폼학회 (NODE12102163, IF: 0.42)"
764,2025,컴퓨터학,642496907,조정희,1,0.0082,0.010166,"한국컴퓨터정보학회 (NODE12481185, IF: 0.81)"
765,2025,컴퓨터학,310810610,문수영,3,0.0075,0.009242,"한국컴퓨터정보학회 (NODE12431984, IF: 0.81)
한국컴퓨터정보학회 (NODE12431996, IF: 0.81)
한국컴퓨터정보학회 (NODE12431999, IF: 0.81)"
766,2025,컴퓨터학,257798554,황우현,3,0.0075,0.009242,"한국컴퓨터정보학회 (NODE12263467, IF: 0.81)
한국컴퓨터정보학회 (NODE12263468, IF: 0.81)
한국컴퓨터정보학회 (NODE12149613, IF: 0.81)"
767,2025,컴퓨터학,192802199,Dawit Chun,2,0.0075,0.009242,"한국컴퓨터정보학회 (NODE12263468, IF: 0.81)
한국컴퓨터정보학회 (NODE12149613, IF: 0.81)"
768,2025,컴퓨터학,269199309,Dahee Chun,2,0.0075,0.009242,"한국컴퓨터정보학회 (NODE12263468, IF: 0.81)
한국컴퓨터정보학회 (NODE12149613, IF: 0.81)"
769,2025,컴퓨터학,841714409,김혜영,1,0.0075,0.009242,"한국컴퓨터정보학회 (NODE12481186, IF: 0.81)"
770,2025,컴퓨터학,394154964,전은화,1,0.0075,0.009242,"한국컴퓨터정보학회 (NODE12481186, IF: 0.81)"
771,2025,컴퓨터학,478864060,Yang Yue,2,0.0074,0.01756,"ICT플랫폼학회 (NODE12454998, IF: 0.42)
ICT플랫폼학회 (NODE12457502, IF: 0.42)"
772,2025,컴퓨터학,809823853,Mahamudul Azim Muied,2,0.0074,0.01756,"ICT플랫폼학회 (NODE12454998, IF: 0.42)
ICT플랫폼학회 (NODE12457502, IF: 0.42)"
773,2025,컴퓨터학,715659021,나정조,2,0.0071,0.005545,"한국디지털콘텐츠학회 (NODE12267714, IF: 1.28)
한국디지털콘텐츠학회 (NODE12194004, IF: 1.28)"
774,2025,컴퓨터학,329291404,김동회,2,0.0071,0.005545,"한국디지털콘텐츠학회 (NODE12267736, IF: 1.28)
한국디지털콘텐츠학회 (NODE12039218, IF: 1.28)"
775,2025,컴퓨터학,493869823,박선호,2,0.0071,0.005545,"한국디지털콘텐츠학회 (NODE12124208, IF: 1.28)
한국디지털콘텐츠학회 (NODE12091181, IF: 1.28)"
776,2025,컴퓨터학,606474409,오유림,1,0.0071,0.005545,"한국디지털콘텐츠학회 (NODE12267714, IF: 1.28)"
777,2025,컴퓨터학,252667767,김정연,1,0.0071,0.005545,"한국디지털콘텐츠학회 (NODE12267736, IF: 1.28)"
778,2025,컴퓨터학,824759996,임광복,1,0.0071,0.005545,"한국디지털콘텐츠학회 (NODE12124208, IF: 1.28)"
779,2025,컴퓨터학,4598818,구본근,5,0.007,0.016635999999999998,"ICT플랫폼학회 (NODE12287131, IF: 0.42)
ICT플랫폼학회 (NODE12177130, IF: 0.42)
ICT플랫폼학회 (NODE12457500, IF: 0.42)
ICT플랫폼학회 (NODE12177137, IF: 0.42)
ICT플랫폼학회 (NODE12102160, IF: 0.42)"
780,2025,컴퓨터학,244063844,정수용,2,0.0068,0.016636,"한국정보보호학회 (NODE12431105, IF: 0.41)
한국정보보호학회 (NODE12334187, IF: 0.41)"
781,2025,컴퓨터학,605951728,류권상,2,0.0068,0.016636,"한국정보보호학회 (NODE12431105, IF: 0.41)
한국정보보호학회 (NODE12334187, IF: 0.41)"
782,2025,컴퓨터학,756170167,서창호,2,0.0068,0.016636,"한국정보보호학회 (NODE12431105, IF: 0.41)
한국정보보호학회 (NODE12334187, IF: 0.41)"
783,2025,컴퓨터학,735375113,김현일,2,0.0068,0.016636,"한국정보보호학회 (NODE12334187, IF: 0.41)
한국정보보호학회 (NODE12091097, IF: 0.41)"
784,2025,컴퓨터학,863370535,윤익준,2,0.0067,0.008318,"한국컴퓨터정보학회 (NODE12296060, IF: 0.81)
Korean Institute of Information Scientists and Engineers (NODE12316326, IF: 0.0)"
785,2025,컴퓨터학,382250269,노동건,2,0.0067,0.016636,"한국컴퓨터정보학회 (NODE12296060, IF: 0.81)
Korean Institute of Information Scientists and Engineers (NODE12417646, IF: 0.0)"
786,2025,컴퓨터학,127439774,김승주,2,0.0061,0.014788,"한국정보보호학회 (NODE12148099, IF: 0.41)
한국정보보호학회 (NODE12091100, IF: 0.41)"
787,2025,컴퓨터학,5515777,정우진,2,0.006,0.007394,"한국컴퓨터정보학회 (NODE12431987, IF: 0.81)
한국컴퓨터정보학회 (NODE12481158, IF: 0.81)"
788,2025,컴퓨터학,567629243,김철태,1,0.006,0.007394,"한국컴퓨터정보학회 (NODE12263469, IF: 0.81)"
789,2025,컴퓨터학,248923581,강광순,1,0.006,0.007394,"한국컴퓨터정보학회 (NODE12263469, IF: 0.81)"
790,2025,컴퓨터학,103826143,홍성초,1,0.006,0.007394,"한국컴퓨터정보학회 (NODE12481158, IF: 0.81)"
791,2025,컴퓨터학,228836798,난양잉,1,0.0059,0.004621,"한국디지털콘텐츠학회 (NODE12408856, IF: 1.28)"
792,2025,컴퓨터학,546554076,전다원,1,0.0059,0.004621,"한국디지털콘텐츠학회 (NODE12408863, IF: 1.28)"
793,2025,컴퓨터학,468013668,이희상,1,0.0059,0.004621,"한국디지털콘텐츠학회 (NODE12408863, IF: 1.28)"
794,2025,컴퓨터학,822571479,우에다 마사토,1,0.0059,0.004621,"한국디지털콘텐츠학회 (NODE12482414, IF: 1.28)"
795,2025,컴퓨터학,798148100,콘도 코이치,1,0.0059,0.004621,"한국디지털콘텐츠학회 (NODE12482414, IF: 1.28)"
796,2025,컴퓨터학,674045848,김춘남,1,0.0059,0.004621,"한국디지털콘텐츠학회 (NODE12039211, IF: 1.28)"
797,2025,컴퓨터학,871292370,서지현,1,0.0059,0.004621,"한국디지털콘텐츠학회 (NODE12434527, IF: 1.28)"
798,2025,컴퓨터학,249778289,박진호,1,0.0059,0.004621,"한국디지털콘텐츠학회 (NODE12434527, IF: 1.28)"
799,2025,컴퓨터학,305148707,오예슬,1,0.0059,0.004621,"한국디지털콘텐츠학회 (NODE12194011, IF: 1.28)"
800,2025,컴퓨터학,699781528,정정호,1,0.0059,0.004621,"한국디지털콘텐츠학회 (NODE12194011, IF: 1.28)"
801,2025,컴퓨터학,822552287,김지원,1,0.0059,0.004621,"한국디지털콘텐츠학회 (NODE12194016, IF: 1.28)"
802,2025,컴퓨터학,820128267,김자경,1,0.0059,0.004621,"한국디지털콘텐츠학회 (NODE12194017, IF: 1.28)"
803,2025,컴퓨터학,660976192,오동석,1,0.0059,0.004621,"한국디지털콘텐츠학회 (NODE12194017, IF: 1.28)"
804,2025,컴퓨터학,126728236,오윤정,1,0.0059,0.004621,"한국디지털콘텐츠학회 (NODE12152269, IF: 1.28)"
805,2025,컴퓨터학,103245900,Ziyang Liu,3,0.0045,0.005545,"한국컴퓨터정보학회 (NODE12149620, IF: 0.81)
한국컴퓨터정보학회 (NODE12263472, IF: 0.81)
한국컴퓨터정보학회 (NODE12481179, IF: 0.81)"
806,2025,컴퓨터학,710074893,윤형완,2,0.0045,0.005545,"한국컴퓨터정보학회 (NODE12403668, IF: 0.81)
한국컴퓨터정보학회 (NODE12403669, IF: 0.81)"
807,2025,컴퓨터학,438953085,Shuo Sun,2,0.0045,0.005545,"한국컴퓨터정보학회 (NODE12263472, IF: 0.81)
한국컴퓨터정보학회 (NODE12481179, IF: 0.81)"
808,2025,컴퓨터학,324433412,손석훈,2,0.0045,0.01109,"한국정보보호학회 (NODE12265680, IF: 0.41)
한국정보보호학회 (NODE12265693, IF: 0.41)"
809,2025,컴퓨터학,859525014,이덕규,2,0.0045,0.01109,"한국정보보호학회 (NODE12265680, IF: 0.41)
한국정보보호학회 (NODE12265693, IF: 0.41)"
810,2025,컴퓨터학,397815334,김환희,1,0.0045,0.005545,"한국컴퓨터정보학회 (NODE12403669, IF: 0.81)"
811,2025,컴퓨터학,764824323,Qiling Deng,1,0.0045,0.005545,"한국컴퓨터정보학회 (NODE12481179, IF: 0.81)"
812,2025,컴퓨터학,644368914,Yulei Wang,1,0.0045,0.005545,"한국컴퓨터정보학회 (NODE12481179, IF: 0.81)"
813,2025,컴퓨터학,827381558,나원철,2,0.0043,0.010166,"한국전자거래학회 (NODE12101225, IF: 1.58)
ICT플랫폼학회 (NODE12102164, IF: 0.42)"
814,2025,컴퓨터학,525018060,강동윤,1,0.0043,0.010166,"ICT플랫폼학회 (NODE12455004, IF: 0.42)"
815,2025,컴퓨터학,733991436,김준섭,2,0.0039,0.009242,"한국전자거래학회 (NODE12487931, IF: 1.58)
ICT플랫폼학회 (NODE12455003, IF: 0.42)"
816,2025,컴퓨터학,854048433,곽동규,3,0.0038,0.009242,"한국정보보호학회 (NODE12431094, IF: 0.41)
한국정보보호학회 (NODE12091092, IF: 0.41)
Korean Institute of Information Scientists and Engineers (NODE12417630, IF: 0.0)"
817,2025,컴퓨터학,470500925,하재현,2,0.0038,0.009242,"한국정보보호학회 (NODE12431094, IF: 0.41)
한국정보보호학회 (NODE12091092, IF: 0.41)"
818,2025,컴퓨터학,232402598,김선우,2,0.0038,0.009242,"한국정보보호학회 (NODE12431094, IF: 0.41)
한국정보보호학회 (NODE12091092, IF: 0.41)"
819,2025,컴퓨터학,886562371,노현아,1,0.0038,0.009242,"한국정보보호학회 (NODE12148079, IF: 0.41)"
820,2025,컴퓨터학,291523611,이은민,1,0.0038,0.009242,"한국정보보호학회 (NODE12148079, IF: 0.41)"
821,2025,컴퓨터학,981753519,이주희,1,0.0038,0.009242,"한국정보보호학회 (NODE12148079, IF: 0.41)"
822,2025,컴퓨터학,915557740,조병준,3,0.0037,0.004621,"한국컴퓨터정보학회 (NODE12336976, IF: 0.81)
한국컴퓨터정보학회 (NODE12087146, IF: 0.81)
한국컴퓨터정보학회 (NODE12149616, IF: 0.81)"
823,2025,컴퓨터학,851796197,이문숙,2,0.0037,0.004621,"한국컴퓨터정보학회 (NODE12336976, IF: 0.81)
한국컴퓨터정보학회 (NODE12087146, IF: 0.81)"
824,2025,컴퓨터학,878060586,박영수,2,0.0037,0.004621,"한국컴퓨터정보학회 (NODE12432005, IF: 0.81)
한국컴퓨터정보학회 (NODE12403666, IF: 0.81)"
825,2025,컴퓨터학,719771294,강민성,1,0.0037,0.004621,"한국컴퓨터정보학회 (NODE12403666, IF: 0.81)"
826,2025,컴퓨터학,591111845,김준호,1,0.0037,0.004621,"한국컴퓨터정보학회 (NODE12403666, IF: 0.81)"
827,2025,컴퓨터학,883352137,조정희,1,0.0037,0.004621,"한국컴퓨터정보학회 (NODE12038633, IF: 0.81)"
828,2025,컴퓨터학,772417593,윤민성,1,0.0034,0.008318,"한국정보보호학회 (NODE12431105, IF: 0.41)"
829,2025,컴퓨터학,370018583,김현일,1,0.0034,0.008318,"한국정보보호학회 (NODE12431105, IF: 0.41)"
830,2025,컴퓨터학,551327916,조규찬,1,0.0034,0.008318,"한국정보보호학회 (NODE12334187, IF: 0.41)"
831,2025,컴퓨터학,413147542,최민영,1,0.0034,0.008318,"한국정보보호학회 (NODE12091097, IF: 0.41)"
832,2025,컴퓨터학,253318295,윤지원,2,0.003,0.007394,"한국정보보호학회 (NODE12431110, IF: 0.41)
한국정보보호학회 (NODE12265677, IF: 0.41)"
833,2025,컴퓨터학,757868238,김정현,1,0.003,0.007394,"한국정보보호학회 (NODE12148099, IF: 0.41)"
834,2025,컴퓨터학,752382851,곽지원,1,0.003,0.007394,"한국정보보호학회 (NODE12148099, IF: 0.41)"
835,2025,컴퓨터학,606305215,조광수,1,0.003,0.007394,"한국정보보호학회 (NODE12148099, IF: 0.41)"
836,2025,컴퓨터학,378750759,김유진,1,0.003,0.007394,"한국정보보호학회 (NODE12265677, IF: 0.41)"
837,2025,컴퓨터학,385200787,정혜정,1,0.003,0.007394,"한국정보보호학회 (NODE12265684, IF: 0.41)"
838,2025,컴퓨터학,500343209,안정근,1,0.003,0.007394,"한국정보보호학회 (NODE12091100, IF: 0.41)"
839,2025,컴퓨터학,833608130,윤상열,1,0.003,0.007394,"한국정보보호학회 (NODE12265697, IF: 0.41)"
840,2025,컴퓨터학,436340,김완주,1,0.003,0.007394,"한국정보보호학회 (NODE12265697, IF: 0.41)"
841,2025,컴퓨터학,5480258,이민우,1,0.003,0.007394,"한국정보보호학회 (NODE12265697, IF: 0.41)"
842,2025,컴퓨터학,883951819,임재성,1,0.003,0.007394,"한국정보보호학회 (NODE12265697, IF: 0.41)"
843,2025,컴퓨터학,953968624,오상원,1,0.0023,0.005545,"한국정보보호학회 (NODE12265693, IF: 0.41)"
844,2025,컴퓨터학,235822458,서종찬,1,0.0023,0.005545,"한국정보보호학회 (NODE12265693, IF: 0.41)"
845,2025,컴퓨터학,774646726,우현우,1,0.0023,0.005545,"한국정보보호학회 (NODE12265693, IF: 0.41)"
846,2025,컴퓨터학,512156880,최유정,2,0.0019,0.004621,"한국정보보호학회 (NODE12265679, IF: 0.41)
한국정보보호학회 (NODE12091098, IF: 0.41)"
847,2025,컴퓨터학,479820539,박현준,2,0.0019,0.004621,"한국정보보호학회 (NODE12265679, IF: 0.41)
한국정보보호학회 (NODE12091098, IF: 0.41)"
848,2025,컴퓨터학,854241830,김지윤,2,0.0019,0.004621,"한국정보보호학회 (NODE12265679, IF: 0.41)
한국정보보호학회 (NODE12091098, IF: 0.41)"
849,2025,컴퓨터학,782015227,김태양,2,0.0019,0.004621,"한국정보보호학회 (NODE12265679, IF: 0.41)
한국정보보호학회 (NODE12091098, IF: 0.41)"
850,2025,컴퓨터학,514598664,신예지,2,0.0019,0.004621,"한국정보보호학회 (NODE12265679, IF: 0.41)
한국정보보호학회 (NODE12091098, IF: 0.41)"
851,2025,컴퓨터학,711573396,차원제,2,0.0019,0.004621,"한국정보보호학회 (NODE12265679, IF: 0.41)
한국정보보호학회 (NODE12091098, IF: 0.41)"
852,2025,컴퓨터학,922861659,배종옥,1,0.0019,0.004621,"한국정보보호학회 (NODE12334184, IF: 0.41)"
853,2025,컴퓨터학,598367605,임준묵,1,0.0019,0.004621,"한국정보보호학회 (NODE12334184, IF: 0.41)"
854,2025,컴퓨터학,852919853,이종욱,7,0.0,0.303145,"Korean Institute of Information Scientists and Engineers (NODE12285650, IF: 0.0)
Korean Institute of Information Scientists and Engineers (NODE12252218, IF: 0.0)
Korean Institute of Information Scientists and Engineers (NODE12252220, IF: 0.0)
Korean Institute of Information Scientists and Engineers (NODE12316324, IF: 0.0)
Korean Institute of Information Scientists and Engineers (NODE12167228, IF: 0.0)
Korean Institute of Information Scientists and Engineers (NODE12167232, IF: 0.0)
Korean Institute of Information Scientists and Engineers (NODE12417640, IF: 0.0)"
855,2025,컴퓨터학,592113471,박천음,7,0.0,0.0,"Korean Institute of Information Scientists and Engineers (NODE12455721, IF: 0.0)
Korean Institute of Information Scientists and Engineers (NODE12455733, IF: 0.0)
Korean Institute of Information Scientists and Engineers (NODE12455734, IF: 0.0)
Korean Institute of Information Scientists and Engineers (NODE12455736, IF: 0.0)
Korean Institute of Information Scientists and Engineers (NODE12455737, IF: 0.0)
Korean Institute of Information Scientists and Engineers (NODE12455738, IF: 0.0)
Korean Institute of Information Scientists and Engineers (NODE12455740, IF: 0.0)"
856,2025,컴퓨터학,638371966,한경식,6,0.0,0.174677,"Korean Institute of Information Scientists and Engineers (NODE12086924, IF: 0.0)
Korean Institute of Information Scientists and Engineers (NODE12034194, IF: 0.0)
Korean Institute of Information Scientists and Engineers (NODE12034201, IF: 0.0)
Korean Institute of Information Scientists and Engineers (NODE12034205, IF: 0.0)
Korean Institute of Information Scientists and Engineers (NODE12034208, IF: 0.0)
Korean Institute of Information Scientists and Engineers (NODE12039235, IF: 0.0)"
857,2025,컴퓨터학,883930003,서화정,6,0.0,0.0,"한국정보보호학회 (NODE12274574, IF: 0.41)
한국정보보호학회 (NODE12274579, IF: 0.41)
한국정보보호학회 (NODE12274580, IF: 0.41)
한국정보보호학회 (NODE12274581, IF: 0.41)
한국정보보호학회 (NODE12274582, IF: 0.41)
한국정보보호학회 (NODE12274583, IF: 0.41)"
858,2025,컴퓨터학,660853853,김중헌,5,0.0,0.110904,"Korean Institute of Information Scientists and Engineers (NODE12252217, IF: 0.0)
Korean Institute of Information Scientists and Engineers (NODE12153357, IF: 0.0)
Korean Institute of Information Scientists and Engineers (NODE12161258, IF: 0.0)
Korean Institute of Information Scientists and Engineers (NODE12161259, IF: 0.0)
Korean Institute of Information Scientists and Engineers (NODE12152732, IF: 0.0)"
859,2025,컴퓨터학,569799974,조해현,5,0.0,0.0,"한국정보보호학회 (NODE12148086, IF: 0.41)
한국정보보호학회 (NODE12148089, IF: 0.41)
한국정보보호학회 (NODE12148097, IF: 0.41)
한국정보보호학회 (NODE12148103, IF: 0.41)
한국정보보호학회 (NODE12091099, IF: 0.41)"
860,2025,컴퓨터학,557332618,이민석,4,0.0,0.0,"Korean Institute of Information Scientists and Engineers (NODE12277451, IF: 0.0)
Korean Institute of Information Scientists and Engineers (NODE12277438, IF: 0.0)
Korean Institute of Information Scientists and Engineers (NODE12277447, IF: 0.0)
Korean Institute of Information Scientists and Engineers (NODE12277454, IF: 0.0)"
861,2025,컴퓨터학,742257248,김양훈,4,0.0,0.0,"ICT플랫폼학회 (NODE12287131, IF: 0.42)
ICT플랫폼학회 (NODE12177130, IF: 0.42)
ICT플랫폼학회 (NODE12457500, IF: 0.42)
ICT플랫폼학회 (NODE12102160, IF: 0.42)"
862,2025,컴퓨터학,967022589,최종무,4,0.0,0.107208,"Korean Institute of Information Scientists and Engineers (NODE12370119, IF: 0.0)
Korean Institute of Information Scientists and Engineers (NODE12034193, IF: 0.0)
Korean Institute of Information Scientists and Engineers (NODE12102538, IF: 0.0)
Korean Institute of Information Scientists and Engineers (NODE12167224, IF: 0.0)"
863,2025,컴퓨터학,460034202,이진욱,4,0.0,0.0,"한국컴퓨터정보학회 (NODE12432001, IF: 0.81)
한국컴퓨터정보학회 (NODE12296071, IF: 0.81)
한국컴퓨터정보학회 (NODE12121933, IF: 0.81)
한국컴퓨터정보학회 (NODE12121934, IF: 0.81)"
864,2025,컴퓨터학,347856370,장병탁,4,0.0,0.064694,"Korean Institute of Information Scientists and Engineers (NODE12109163, IF: 0.0)
Korean Institute of Information Scientists and Engineers (NODE12039233, IF: 0.0)
Korean Institute of Information Scientists and Engineers (NODE12167217, IF: 0.0)
Korean Institute of Information Scientists and Engineers (NODE12167225, IF: 0.0)"
865,2025,컴퓨터학,5403670,강동수,4,0.0,0.23012900000000003,"Korean Institute of Information Scientists and Engineers (NODE12305757, IF: 0.0)
Korean Institute of Information Scientists and Engineers (NODE12252199, IF: 0.0)
Korean Institute of Information Scientists and Engineers (NODE12316311, IF: 0.0)
Korean Institute of Information Scientists and Engineers (NODE12167212, IF: 0.0)"
866,2025,컴퓨터학,890109918,이만희,4,0.0,0.0,"한국정보보호학회 (NODE12148100, IF: 0.41)
한국정보보호학회 (NODE12265687, IF: 0.41)
한국정보보호학회 (NODE12088069, IF: 0.41)
한국정보보호학회 (NODE12088072, IF: 0.41)"
867,2025,컴퓨터학,288785190,염흥열,4,0.0,0.0,"한국정보보호학회 (NODE12160182, IF: 0.41)
한국정보보호학회 (NODE12352487, IF: 0.41)
한국정보보호학회 (NODE12352489, IF: 0.41)
한국정보보호학회 (NODE12352493, IF: 0.41)"
868,2025,컴퓨터학,464350705,신강식,3,0.0,0.0,"Korean Institute of Information Scientists and Engineers (NODE12285659, IF: 0.0)
한국정보보호학회 (NODE12334190, IF: 0.41)
Korean Institute of Information Scientists and Engineers (NODE12167214, IF: 0.0)"
869,2025,컴퓨터학,916807210,노승민,3,0.0,0.0,"ICT플랫폼학회 (NODE12287131, IF: 0.42)
ICT플랫폼학회 (NODE12177130, IF: 0.42)
ICT플랫폼학회 (NODE12102160, IF: 0.42)"
870,2025,컴퓨터학,115350800,유명혜,3,0.0,0.0,"한국디지털콘텐츠학회 (NODE12341982, IF: 1.28)
한국디지털콘텐츠학회 (NODE12296264, IF: 1.28)
한국디지털콘텐츠학회 (NODE12408857, IF: 1.28)"
871,2025,컴퓨터학,577634328,류덕산,3,0.0,0.0,"Korean Institute of Information Scientists and Engineers (NODE12370108, IF: 0.0)
Korean Institute of Information Scientists and Engineers (NODE12086909, IF: 0.0)
Korean Institute of Information Scientists and Engineers (NODE12109164, IF: 0.0)"
872,2025,컴퓨터학,849880885,김정욱,3,0.0,0.042514,"Korean Institute of Information Scientists and Engineers (NODE12370110, IF: 0.0)
Korean Institute of Information Scientists and Engineers (NODE12086908, IF: 0.0)
Korean Institute of Information Scientists and Engineers (NODE12252215, IF: 0.0)"
873,2025,컴퓨터학,527750811,변용현,3,0.0,0.0,"한국컴퓨터정보학회 (NODE12432001, IF: 0.81)
한국컴퓨터정보학회 (NODE12296071, IF: 0.81)
한국컴퓨터정보학회 (NODE12038628, IF: 0.81)"
874,2025,컴퓨터학,5499457,부석준,3,0.0,0.255083,"Korean Institute of Information Scientists and Engineers (NODE12086922, IF: 0.0)
한국디지털콘텐츠학회 (NODE12091194, IF: 1.28)
Korean Institute of Information Scientists and Engineers (NODE12252209, IF: 0.0)"
875,2025,컴퓨터학,966062571,문성태,3,0.0,0.020332,"Korean Institute of Information Scientists and Engineers (NODE12109167, IF: 0.0)
Korean Institute of Information Scientists and Engineers (NODE12153353, IF: 0.0)
Korean Institute of Information Scientists and Engineers (NODE12252204, IF: 0.0)"
876,2025,컴퓨터학,927135459,이성진,3,0.0,0.0,"한국디지털콘텐츠학회 (NODE12091194, IF: 1.28)
Korean Institute of Information Scientists and Engineers (NODE12102527, IF: 0.0)
Korean Institute of Information Scientists and Engineers (NODE12102544, IF: 0.0)"
877,2025,컴퓨터학,269882045,이성호,3,0.0,0.0,"한국정보보호학회 (NODE12431098, IF: 0.41)
Korean Institute of Information Scientists and Engineers (NODE12419037, IF: 0.0)
Korean Institute of Information Scientists and Engineers (NODE12419048, IF: 0.0)"
878,2025,컴퓨터학,984347208,홍윤희,3,0.0,0.0,"한국정보보호학회 (NODE12431116, IF: 0.41)
한국디지털콘텐츠학회 (NODE12408878, IF: 1.28)
ICT플랫폼학회 (NODE12102167, IF: 0.42)"
879,2025,컴퓨터학,311461341,김유섭,3,0.0,0.0,"한국컴퓨터정보학회 (NODE12296073, IF: 0.81)
한국컴퓨터정보학회 (NODE12296074, IF: 0.81)
한국컴퓨터정보학회 (NODE12481170, IF: 0.81)"
880,2025,컴퓨터학,100272353,박수현,3,0.0,0.110904,"Korean Institute of Information Scientists and Engineers (NODE12252217, IF: 0.0)
Korean Institute of Information Scientists and Engineers (NODE12153357, IF: 0.0)
Korean Institute of Information Scientists and Engineers (NODE12161260, IF: 0.0)"
881,2025,컴퓨터학,474515756,복경수,3,0.0,0.0,"Korean Institute of Information Scientists and Engineers (NODE12153359, IF: 0.0)
Korean Institute of Information Scientists and Engineers (NODE12167216, IF: 0.0)
Korean Institute of Information Scientists and Engineers (NODE12167216, IF: 0.0)"
882,2025,컴퓨터학,376961666,임상섭,3,0.0,0.0,"한국컴퓨터정보학회 (NODE12206736, IF: 0.81)
한국컴퓨터정보학회 (NODE12149621, IF: 0.81)
한국컴퓨터정보학회 (NODE12149622, IF: 0.81)"
883,2025,컴퓨터학,732630754,조병모,3,0.0,0.0,"한국정보보호학회 (NODE12148086, IF: 0.41)
한국정보보호학회 (NODE12148089, IF: 0.41)
한국정보보호학회 (NODE12148097, IF: 0.41)"
884,2025,컴퓨터학,633843298,김지민,3,0.0,0.0,"한국정보보호학회 (NODE12148100, IF: 0.41)
한국정보보호학회 (NODE12265687, IF: 0.41)
한국정보보호학회 (NODE12088072, IF: 0.41)"
885,2025,컴퓨터학,987364986,황인호,3,0.0,0.0,"한국전자거래학회 (NODE12244520, IF: 1.58)
한국디지털콘텐츠학회 (NODE12434521, IF: 1.28)
한국디지털콘텐츠학회 (NODE12152255, IF: 1.28)"
886,2025,컴퓨터학,864964380,장대희,3,0.0,0.0,"한국정보보호학회 (NODE12160173, IF: 0.41)
한국정보보호학회 (NODE12160174, IF: 0.41)
한국정보보호학회 (NODE12160178, IF: 0.41)"
887,2025,컴퓨터학,478330849,정유채,3,0.0,0.0,"Korean Institute of Information Scientists and Engineers (NODE12267806, IF: 0.0)
Korean Institute of Information Scientists and Engineers (NODE12267815, IF: 0.0)
Korean Institute of Information Scientists and Engineers (NODE12267822, IF: 0.0)"
888,2025,컴퓨터학,902111552,박민호,3,0.0,0.0,"Korean Institute of Information Scientists and Engineers (NODE12161245, IF: 0.0)
Korean Institute of Information Scientists and Engineers (NODE12161262, IF: 0.0)
Korean Institute of Information Scientists and Engineers (NODE12161263, IF: 0.0)"
889,2025,컴퓨터학,391510465,박상훈,3,0.0,0.0,"한국컴퓨터그래픽스학회 (NODE12292958, IF: 0.44)
한국컴퓨터그래픽스학회 (NODE12292959, IF: 0.44)
한국컴퓨터그래픽스학회 (NODE12292960, IF: 0.44)"
890,2025,컴퓨터학,724795627,선민수,2,0.0,0.0,"한국컴퓨터정보학회 (NODE12263461, IF: 0.81)
한국컴퓨터정보학회 (NODE12206716, IF: 0.81)"
891,2025,컴퓨터학,640247588,이재구,2,0.0,0.018484,"Korean Institute of Information Scientists and Engineers (NODE12285646, IF: 0.0)
Korean Institute of Information Scientists and Engineers (NODE12167226, IF: 0.0)"
892,2025,컴퓨터학,808621407,안응선,2,0.0,0.062848,"Korean Institute of Information Scientists and Engineers (NODE12285647, IF: 0.0)
Korean Institute of Information Scientists and Engineers (NODE12316322, IF: 0.0)"
893,2025,컴퓨터학,882934649,권태형,2,0.0,0.062848,"Korean Institute of Information Scientists and Engineers (NODE12285647, IF: 0.0)
Korean Institute of Information Scientists and Engineers (NODE12316322, IF: 0.0)"
894,2025,컴퓨터학,941009486,김도국,2,0.0,0.062848,"Korean Institute of Information Scientists and Engineers (NODE12285647, IF: 0.0)
Korean Institute of Information Scientists and Engineers (NODE12316322, IF: 0.0)"
895,2025,컴퓨터학,252339,박상현,2,0.0,0.004621,"Korean Institute of Information Scientists and Engineers (NODE12285648, IF: 0.0)
Korean Institute of Information Scientists and Engineers (NODE12167230, IF: 0.0)"
896,2025,컴퓨터학,877819043,이상원,2,0.0,0.0,"Korean Institute of Information Scientists and Engineers (NODE12285649, IF: 0.0)
Korean Institute of Information Scientists and Engineers (NODE12102539, IF: 0.0)"
897,2025,컴퓨터학,538559870,엄영익,2,0.0,0.0,"Korean Institute of Information Scientists and Engineers (NODE12285649, IF: 0.0)
Korean Institute of Information Scientists and Engineers (NODE12252200, IF: 0.0)"
898,2025,컴퓨터학,579170870,박성민,2,0.0,0.242146,"Korean Institute of Information Scientists and Engineers (NODE12285650, IF: 0.0)
Korean Institute of Information Scientists and Engineers (NODE12417640, IF: 0.0)"
899,2025,컴퓨터학,501117966,최동완,2,0.0,0.009242,"Korean Institute of Information Scientists and Engineers (NODE12285651, IF: 0.0)
Korean Institute of Information Scientists and Engineers (NODE12039257, IF: 0.0)"
900,2025,컴퓨터학,681062218,정인택,2,0.0,0.018484,"Korean Institute of Information Scientists and Engineers (NODE12285656, IF: 0.0)
Korean Institute of Information Scientists and Engineers (NODE12285656, IF: 0.0)"
901,2025,컴퓨터학,600474383,이용,2,0.0,0.0,"한국디지털콘텐츠학회 (NODE12342006, IF: 1.28)
한국디지털콘텐츠학회 (NODE12408873, IF: 1.28)"
902,2025,컴퓨터학,138766415,이영호,2,0.0,0.0,"Korean Institute of Information Scientists and Engineers (NODE12314495, IF: 0.0)
Korean Institute of Information Scientists and Engineers (NODE12314500, IF: 0.0)"
903,2025,컴퓨터학,524005584,최석훈,2,0.0,0.218115,"Korean Institute of Information Scientists and Engineers (NODE12370111, IF: 0.0)
Korean Institute of Information Scientists and Engineers (NODE12252209, IF: 0.0)"
904,2025,컴퓨터학,184900944,박성배,2,0.0,0.064694,"Korean Institute of Information Scientists and Engineers (NODE12370112, IF: 0.0)
Korean Institute of Information Scientists and Engineers (NODE12109181, IF: 0.0)"
905,2025,컴퓨터학,523425005,유시환,2,0.0,0.107208,"Korean Institute of Information Scientists and Engineers (NODE12370119, IF: 0.0)
Korean Institute of Information Scientists and Engineers (NODE12167224, IF: 0.0)"
906,2025,컴퓨터학,451308062,이석원,2,0.0,0.0,"한국컴퓨터정보학회 (NODE12336971, IF: 0.81)
한국컴퓨터정보학회 (NODE12087134, IF: 0.81)"
907,2025,컴퓨터학,294388225,나승훈,2,0.0,0.0,"Korean Institute of Information Scientists and Engineers (NODE12057932, IF: 0.0)
Korean Institute of Information Scientists and Engineers (NODE12057950, IF: 0.0)"
908,2025,컴퓨터학,780897760,임경태,2,0.0,0.0,"Korean Institute of Information Scientists and Engineers (NODE12057932, IF: 0.0)
Korean Institute of Information Scientists and Engineers (NODE12417635, IF: 0.0)"
909,2025,컴퓨터학,539916577,구건재,2,0.0,0.0,"Korean Institute of Information Scientists and Engineers (NODE12086906, IF: 0.0)
Korean Institute of Information Scientists and Engineers (NODE12252211, IF: 0.0)"
910,2025,컴퓨터학,559143096,강한훈,2,0.0,0.10074,"Korean Institute of Information Scientists and Engineers (NODE12086913, IF: 0.0)
Korean Institute of Information Scientists and Engineers (NODE12152731, IF: 0.0)"
911,2025,컴퓨터학,730680407,김현수,2,0.0,0.055452,"Korean Institute of Information Scientists and Engineers (NODE12086916, IF: 0.0)
Korean Institute of Information Scientists and Engineers (NODE12109181, IF: 0.0)"
912,2025,컴퓨터학,720722535,홍충선,2,0.0,0.055452,"Korean Institute of Information Scientists and Engineers (NODE12086916, IF: 0.0)
Korean Institute of Information Scientists and Engineers (NODE12109181, IF: 0.0)"
913,2025,컴퓨터학,596761680,허유민,2,0.0,0.074862,"Korean Institute of Information Scientists and Engineers (NODE12109170, IF: 0.0)
Korean Institute of Information Scientists and Engineers (NODE12417637, IF: 0.0)"
914,2025,컴퓨터학,931027549,고영중,2,0.0,0.074862,"Korean Institute of Information Scientists and Engineers (NODE12109170, IF: 0.0)
Korean Institute of Information Scientists and Engineers (NODE12417637, IF: 0.0)"
915,2025,컴퓨터학,478686596,김재성,2,0.0,0.2061,"Korean Institute of Information Scientists and Engineers (NODE12109171, IF: 0.0)
Korean Institute of Information Scientists and Engineers (NODE12417647, IF: 0.0)"
916,2025,컴퓨터학,850290766,이수안,2,0.0,0.2061,"Korean Institute of Information Scientists and Engineers (NODE12109171, IF: 0.0)
Korean Institute of Information Scientists and Engineers (NODE12417647, IF: 0.0)"
917,2025,컴퓨터학,844535334,지수환,2,0.0,0.0,"Korean Institute of Information Scientists and Engineers (NODE12109180, IF: 0.0)
Korean Institute of Information Scientists and Engineers (NODE12316321, IF: 0.0)"
918,2025,컴퓨터학,1123976,임현승,2,0.0,0.0,"Korean Institute of Information Scientists and Engineers (NODE12109180, IF: 0.0)
Korean Institute of Information Scientists and Engineers (NODE12316321, IF: 0.0)"
919,2025,컴퓨터학,573705374,이상은,2,0.0,0.0,"한국디지털포렌식학회 (NODE12403962, IF: 0.72)
한국디지털포렌식학회 (NODE12293286, IF: 0.72)"
920,2025,컴퓨터학,615481728,도현미,2,0.0,0.0,"한국디지털콘텐츠학회 (NODE12091188, IF: 1.28)
한국컴퓨터정보학회 (NODE12403675, IF: 0.81)"
921,2025,컴퓨터학,469941172,박예랑,2,0.0,0.0,"한국디지털콘텐츠학회 (NODE12091200, IF: 1.28)
한국디지털콘텐츠학회 (NODE12152272, IF: 1.28)"
922,2025,컴퓨터학,109037444,최세정,2,0.0,0.0,"한국디지털콘텐츠학회 (NODE12091200, IF: 1.28)
한국디지털콘텐츠학회 (NODE12152272, IF: 1.28)"
923,2025,컴퓨터학,4593054,곽찬희,2,0.0,0.0,"한국디지털콘텐츠학회 (NODE12091203, IF: 1.28)
한국디지털콘텐츠학회 (NODE12434519, IF: 1.28)"
924,2025,컴퓨터학,262778,노승민,2,0.0,0.0,"한국전자거래학회 (NODE12354332, IF: 1.58)
ICT플랫폼학회 (NODE12457500, IF: 0.42)"
925,2025,컴퓨터학,829270,윤병운,2,0.0,0.0,"한국전자거래학회 (NODE12354334, IF: 1.58)
한국전자거래학회 (NODE12487926, IF: 1.58)"
926,2025,컴퓨터학,589755875,김한빛,2,0.0,0.0,"한국정보보호학회 (NODE12431096, IF: 0.41)
Korean Institute of Information Scientists and Engineers (NODE12153352, IF: 0.0)"
927,2025,컴퓨터학,466608351,이해진,2,0.0,0.0,"한국정보보호학회 (NODE12431104, IF: 0.41)
한국정보보호학회 (NODE12091101, IF: 0.41)"
928,2025,컴퓨터학,252969783,최영준,2,0.0,0.0,"한국컴퓨터정보학회 (NODE12296073, IF: 0.81)
한국컴퓨터정보학회 (NODE12296074, IF: 0.81)"
929,2025,컴퓨터학,551847475,홍기형,2,0.0,0.0,"한국디지털콘텐츠학회 (NODE12296272, IF: 1.28)
Korean Institute of Information Scientists and Engineers (NODE12039230, IF: 0.0)"
930,2025,컴퓨터학,869007847,윤천주,2,0.0,0.0,"한국디지털콘텐츠학회 (NODE12296280, IF: 1.28)
한국디지털콘텐츠학회 (NODE12482424, IF: 1.28)"
931,2025,컴퓨터학,863829596,박모라,2,0.0,0.0,"한국디지털콘텐츠학회 (NODE12408865, IF: 1.28)
한국디지털콘텐츠학회 (NODE12091184, IF: 1.28)"
932,2025,컴퓨터학,335884227,이정훈,2,0.0,0.0,"한국디지털콘텐츠학회 (NODE12408866, IF: 1.28)
한국전자거래학회 (NODE12101223, IF: 1.58)"
933,2025,컴퓨터학,297738839,문병훈,2,0.0,0.0,"한국디지털포렌식학회 (NODE12464777, IF: 0.72)
한국디지털포렌식학회 (NODE12293286, IF: 0.72)"
934,2025,컴퓨터학,465135200,조호묵,2,0.0,0.0,"한국정보보호학회 (NODE12334190, IF: 0.41)
Korean Institute of Information Scientists and Engineers (NODE12167214, IF: 0.0)"
935,2025,컴퓨터학,137691241,김태성,2,0.0,0.0,"한국정보보호학회 (NODE12334193, IF: 0.41)
한국정보보호학회 (NODE12148083, IF: 0.41)"
936,2025,컴퓨터학,911345794,안효준,2,0.0,0.055452,"Korean Institute of Information Scientists and Engineers (NODE12252217, IF: 0.0)
Korean Institute of Information Scientists and Engineers (NODE12161259, IF: 0.0)"
937,2025,컴퓨터학,427792517,노지민,2,0.0,0.055452,"Korean Institute of Information Scientists and Engineers (NODE12252217, IF: 0.0)
Korean Institute of Information Scientists and Engineers (NODE12161258, IF: 0.0)"
938,2025,컴퓨터학,832942063,이동철,2,0.0,0.0,"Korean Institute of Information Scientists and Engineers (NODE12252218, IF: 0.0)
Korean Institute of Information Scientists and Engineers (NODE12316324, IF: 0.0)"
939,2025,컴퓨터학,863248885,최종환,2,0.0,0.288353,"Korean Institute of Information Scientists and Engineers (NODE12252219, IF: 0.0)
Korean Institute of Information Scientists and Engineers (NODE12316325, IF: 0.0)"
940,2025,컴퓨터학,5509920,김현수,2,0.0,0.060999,"Korean Institute of Information Scientists and Engineers (NODE12252220, IF: 0.0)
Korean Institute of Information Scientists and Engineers (NODE12167232, IF: 0.0)"
941,2025,컴퓨터학,473480122,임경훈,2,0.0,0.020332,"Korean Institute of Information Scientists and Engineers (NODE12153353, IF: 0.0)
Korean Institute of Information Scientists and Engineers (NODE12252204, IF: 0.0)"
942,2025,컴퓨터학,563380965,조석민,2,0.0,0.0,"Korean Institute of Information Scientists and Engineers (NODE12153356, IF: 0.0)
Korean Institute of Information Scientists and Engineers (NODE12039252, IF: 0.0)"
943,2025,컴퓨터학,469210569,박종철,2,0.0,0.0,"Korean Institute of Information Scientists and Engineers (NODE12153356, IF: 0.0)
Korean Institute of Information Scientists and Engineers (NODE12039252, IF: 0.0)"
944,2025,컴퓨터학,288677299,박동철,2,0.0,0.0,"ICT플랫폼학회 (NODE12455000, IF: 0.42)
ICT플랫폼학회 (NODE12457507, IF: 0.42)"
945,2025,컴퓨터학,793184691,아베 다카노부,2,0.0,0.0,"ICT플랫폼학회 (NODE12455005, IF: 0.42)
ICT플랫폼학회 (NODE12455008, IF: 0.42)"
946,2025,컴퓨터학,5109209,신유경,2,0.0,0.0,"한국컴퓨터정보학회 (NODE12206723, IF: 0.81)
한국컴퓨터정보학회 (NODE12087135, IF: 0.81)"
947,2025,컴퓨터학,443874749,Xing Yuanyuan,2,0.0,0.0,"한국컴퓨터정보학회 (NODE12206732, IF: 0.81)
한국컴퓨터정보학회 (NODE12149616, IF: 0.81)"
948,2025,컴퓨터학,865885455,신상열,2,0.0,0.0,"한국컴퓨터정보학회 (NODE12206733, IF: 0.81)
한국컴퓨터정보학회 (NODE12149616, IF: 0.81)"
949,2025,컴퓨터학,5165625,김세용,2,0.0,0.0,"한국컴퓨터정보학회 (NODE12206735, IF: 0.81)
한국컴퓨터정보학회 (NODE12087149, IF: 0.81)"
950,2025,컴퓨터학,684789623,김준상,2,0.0,0.0,"한국컴퓨터정보학회 (NODE12206735, IF: 0.81)
한국컴퓨터정보학회 (NODE12087149, IF: 0.81)"
951,2025,컴퓨터학,805733194,이병하,2,0.0,0.0,"한국컴퓨터정보학회 (NODE12206736, IF: 0.81)
한국컴퓨터정보학회 (NODE12149622, IF: 0.81)"
952,2025,컴퓨터학,476998976,김아라,2,0.0,0.0,"한국컴퓨터정보학회 (NODE12206736, IF: 0.81)
한국컴퓨터정보학회 (NODE12149622, IF: 0.81)"
953,2025,컴퓨터학,480401248,고동혁,2,0.0,0.0,"Korean Institute of Information Scientists and Engineers (NODE12455736, IF: 0.0)
Korean Institute of Information Scientists and Engineers (NODE12417635, IF: 0.0)"
954,2025,컴퓨터학,581334962,최형민,2,0.0,0.0,"한국정보보호학회 (NODE12274576, IF: 0.41)
한국정보보호학회 (NODE12274577, IF: 0.41)"
955,2025,컴퓨터학,503720187,홍정대,2,0.0,0.0,"한국정보보호학회 (NODE12274576, IF: 0.41)
한국정보보호학회 (NODE12274577, IF: 0.41)"
956,2025,컴퓨터학,897937497,이미라,2,0.0,0.0,"한국정보보호학회 (NODE12274578, IF: 0.41)
한국정보보호학회 (NODE12091089, IF: 0.41)"
957,2025,컴퓨터학,529870171,김종현,2,0.0,0.0,"한국정보보호학회 (NODE12274578, IF: 0.41)
한국정보보호학회 (NODE12091089, IF: 0.41)"
958,2025,컴퓨터학,956390086,박종환,2,0.0,0.0,"한국정보보호학회 (NODE12274578, IF: 0.41)
한국정보보호학회 (NODE12091089, IF: 0.41)"
959,2025,컴퓨터학,947393861,서창배,2,0.0,0.0,"한국정보보호학회 (NODE12148086, IF: 0.41)
한국정보보호학회 (NODE12148089, IF: 0.41)"
960,2025,컴퓨터학,704825440,강성현,2,0.0,0.0,"한국정보보호학회 (NODE12148086, IF: 0.41)
한국정보보호학회 (NODE12148097, IF: 0.41)"
961,2025,컴퓨터학,247551404,정수환,2,0.0,0.0,"한국정보보호학회 (NODE12148088, IF: 0.41)
한국정보보호학회 (NODE12265685, IF: 0.41)"
962,2025,컴퓨터학,778125522,이동호,2,0.0,0.0,"한국정보보호학회 (NODE12148097, IF: 0.41)
한국정보보호학회 (NODE12148103, IF: 0.41)"
963,2025,컴퓨터학,880883995,강동현,2,0.0,0.0,"Korean Institute of Information Scientists and Engineers (NODE12252200, IF: 0.0)
Korean Institute of Information Scientists and Engineers (NODE12167215, IF: 0.0)"
964,2025,컴퓨터학,226794623,이원식,2,0.0,0.0,"Korean Institute of Information Scientists and Engineers (NODE12252202, IF: 0.0)
Korean Institute of Information Scientists and Engineers (NODE12167211, IF: 0.0)"
965,2025,컴퓨터학,917797266,이상운,2,0.0,0.0,"한국디지털콘텐츠학회 (NODE12482411, IF: 1.28)
한국디지털콘텐츠학회 (NODE12434533, IF: 1.28)"
966,2025,컴퓨터학,454690927,이재호,2,0.0,0.0,"한국디지털콘텐츠학회 (NODE12482411, IF: 1.28)
한국디지털콘텐츠학회 (NODE12434533, IF: 1.28)"
967,2025,컴퓨터학,783894275,김도연,2,0.0,0.0,"한국디지털콘텐츠학회 (NODE12482428, IF: 1.28)
한국디지털콘텐츠학회 (NODE12434528, IF: 1.28)"
968,2025,컴퓨터학,772826306,유수현,2,0.0,0.0,"한국컴퓨터정보학회 (NODE12121940, IF: 0.81)
한국디지털콘텐츠학회 (NODE12194007, IF: 1.28)"
969,2025,컴퓨터학,248783033,나정우,2,0.0,0.0,"Korean Institute of Information Scientists and Engineers (NODE12316324, IF: 0.0)
Korean Institute of Information Scientists and Engineers (NODE12167228, IF: 0.0)"
970,2025,컴퓨터학,728444558,임유민,2,0.0,0.0,"한국디지털콘텐츠학회 (NODE12039213, IF: 1.28)
한국컴퓨터정보학회 (NODE12087139, IF: 0.81)"
971,2025,컴퓨터학,325952084,이중희,2,0.0,0.044362,"Korean Institute of Information Scientists and Engineers (NODE12039232, IF: 0.0)
Korean Institute of Information Scientists and Engineers (NODE12167233, IF: 0.0)"
972,2025,컴퓨터학,536099595,박진완,2,0.0,0.0,"한국디지털콘텐츠학회 (NODE12434508, IF: 1.28)
한국디지털콘텐츠학회 (NODE12194013, IF: 1.28)"
973,2025,컴퓨터학,598996554,박미옥,2,0.0,0.0,"한국컴퓨터정보학회 (NODE12121928, IF: 0.81)
한국컴퓨터정보학회 (NODE12481159, IF: 0.81)"
974,2025,컴퓨터학,990980715,안인회,2,0.0,0.0,"한국컴퓨터정보학회 (NODE12121929, IF: 0.81)
한국컴퓨터정보학회 (NODE12121929, IF: 0.81)"
975,2025,컴퓨터학,210836957,심동욱,2,0.0,0.0,"한국컴퓨터정보학회 (NODE12121929, IF: 0.81)
한국컴퓨터정보학회 (NODE12121929, IF: 0.81)"
976,2025,컴퓨터학,380949290,이병수,2,0.0,0.0,"한국컴퓨터정보학회 (NODE12121929, IF: 0.81)
한국컴퓨터정보학회 (NODE12121929, IF: 0.81)"
977,2025,컴퓨터학,253821733,주용완,2,0.0,0.0,"한국컴퓨터정보학회 (NODE12121929, IF: 0.81)
한국컴퓨터정보학회 (NODE12121929, IF: 0.81)"
978,2025,컴퓨터학,575837473,이준동,2,0.0,0.0,"한국컴퓨터정보학회 (NODE12121929, IF: 0.81)
한국컴퓨터정보학회 (NODE12121929, IF: 0.81)"
979,2025,컴퓨터학,840541538,김형희,2,0.0,0.0,"한국컴퓨터정보학회 (NODE12403667, IF: 0.81)
한국컴퓨터정보학회 (NODE12481175, IF: 0.81)"
980,2025,컴퓨터학,130988463,차수정,2,0.0,0.0,"한국컴퓨터정보학회 (NODE12403673, IF: 0.81)
한국컴퓨터정보학회 (NODE12481180, IF: 0.81)"
981,2025,컴퓨터학,218768839,이태진,2,0.0,0.0,"한국정보보호학회 (NODE12435421, IF: 0.41)
한국정보보호학회 (NODE12435428, IF: 0.41)"
982,2025,컴퓨터학,284999362,홍재원,2,0.0,0.0,"한국컴퓨터정보학회 (NODE12263473, IF: 0.81)
한국컴퓨터정보학회 (NODE12087152, IF: 0.81)"
983,2025,컴퓨터학,5437670,도윤미,2,0.0,0.0,"한국컴퓨터정보학회 (NODE12263476, IF: 0.81)
한국컴퓨터정보학회 (NODE12087156, IF: 0.81)"
984,2025,컴퓨터학,347443761,나현식,2,0.0,0.0,"한국정보보호학회 (NODE12265688, IF: 0.41)
한국정보보호학회 (NODE12265691, IF: 0.41)"
985,2025,컴퓨터학,749212641,김해봄,2,0.0,0.0,"한국컴퓨터정보학회 (NODE12087148, IF: 0.81)
한국컴퓨터정보학회 (NODE12087148, IF: 0.81)"
986,2025,컴퓨터학,113278305,송민규,2,0.0,0.0,"Korean Institute of Information Scientists and Engineers (NODE12267818, IF: 0.0)
Korean Institute of Information Scientists and Engineers (NODE12267821, IF: 0.0)"
987,2025,컴퓨터학,146649046,김재현,2,0.0,0.0,"한국컴퓨터정보학회 (NODE12038612, IF: 0.81)
한국컴퓨터정보학회 (NODE12038620, IF: 0.81)"
988,2025,컴퓨터학,677014955,류민형,2,0.0,0.0,"한국컴퓨터정보학회 (NODE12038616, IF: 0.81)
한국컴퓨터정보학회 (NODE12481148, IF: 0.81)"
989,2025,컴퓨터학,344731444,최영준,2,0.0,0.0,"한국컴퓨터정보학회 (NODE12481169, IF: 0.81)
한국컴퓨터정보학회 (NODE12481170, IF: 0.81)"
990,2025,컴퓨터학,371491565,최상훈,2,0.0,0.0,"한국정보보호학회 (NODE12091094, IF: 0.41)
한국정보보호학회 (NODE12088075, IF: 0.41)"
991,2025,컴퓨터학,790805773,박기웅,2,0.0,0.0,"한국정보보호학회 (NODE12091094, IF: 0.41)
한국정보보호학회 (NODE12088075, IF: 0.41)"
992,2025,컴퓨터학,5414696,이윤수,2,0.0,0.009242,"Korean Institute of Information Scientists and Engineers (NODE12167217, IF: 0.0)
Korean Institute of Information Scientists and Engineers (NODE12167225, IF: 0.0)"
993,2025,컴퓨터학,494514357,박천음,2,0.0,0.0,"Korean Institute of Information Scientists and Engineers (NODE12057948, IF: 0.0)
Korean Institute of Information Scientists and Engineers (NODE12417635, IF: 0.0)"
994,2025,컴퓨터학,862680068,박성채,2,0.0,0.0,"한국정보보호학회 (NODE12160182, IF: 0.41)
한국정보보호학회 (NODE12352493, IF: 0.41)"
995,2025,컴퓨터학,855781617,고은우,2,0.0,0.0,"Korean Institute of Information Scientists and Engineers (NODE12152733, IF: 0.0)
Korean Institute of Information Scientists and Engineers (NODE12152733, IF: 0.0)"
996,2025,컴퓨터학,947431490,조형민,2,0.0,0.0,"Korean Institute of Information Scientists and Engineers (NODE12134385, IF: 0.0)
Korean Institute of Information Scientists and Engineers (NODE12134396, IF: 0.0)"
997,2025,컴퓨터학,580905172,김우혁,2,0.0,0.0,"한국컴퓨터그래픽스학회 (NODE12292954, IF: 0.44)
한국컴퓨터그래픽스학회 (NODE12292971, IF: 0.44)"
998,2025,컴퓨터학,989686983,조성현,2,0.0,0.0,"한국컴퓨터그래픽스학회 (NODE12292954, IF: 0.44)
한국컴퓨터그래픽스학회 (NODE12292971, IF: 0.44)"
999,2025,컴퓨터학,345245420,강지훈,2,0.0,0.0,"Korean Institute of Information Scientists and Engineers (NODE12419037, IF: 0.0)
Korean Institute of Information Scientists and Engineers (NODE12419048, IF: 0.0)"
1000,2025,컴퓨터학,257993211,나재훈,2,0.0,0.0,"한국정보보호학회 (NODE12352486, IF: 0.41)
한국정보보호학회 (NODE12352488, IF: 0.41)"
1001,2025,컴퓨터학,590877634,이경호,2,0.0,0.0,"한국정보보호학회 (NODE12265689, IF: 0.41)
한국정보보호학회 (NODE12265696, IF: 0.41)"
1002,2025,컴퓨터학,451708529,배종환,2,0.0,0.0,"한국컴퓨터그래픽스학회 (NODE12292959, IF: 0.44)
한국컴퓨터그래픽스학회 (NODE12292960, IF: 0.44)"
1003,2025,컴퓨터학,658154660,황효석,2,0.0,0.0,"한국컴퓨터그래픽스학회 (NODE12292964, IF: 0.44)
한국컴퓨터그래픽스학회 (NODE12292965, IF: 0.44)"
1004,2025,컴퓨터학,820503446,강형엽,2,0.0,0.0,"한국컴퓨터그래픽스학회 (NODE12292964, IF: 0.44)
한국컴퓨터그래픽스학회 (NODE12292965, IF: 0.44)"
1005,2025,컴퓨터학,936534639,신상경,1,0.0,0.0,"한국컴퓨터정보학회 (NODE12263461, IF: 0.81)"
1006,2025,컴퓨터학,991689746,김민영,1,0.0,0.0,"한국컴퓨터정보학회 (NODE12263461, IF: 0.81)"
1007,2025,컴퓨터학,972188888,김운용,1,0.0,0.0,"한국컴퓨터정보학회 (NODE12263462, IF: 0.81)"
1008,2025,컴퓨터학,934158894,권은지,1,0.0,0.0,"Korean Institute of Information Scientists and Engineers (NODE12277452, IF: 0.0)"
1009,2025,컴퓨터학,994260124,김현우,1,0.0,0.0,"Korean Institute of Information Scientists and Engineers (NODE12285642, IF: 0.0)"
1010,2025,컴퓨터학,627309869,이어진,1,0.0,0.0,"Korean Institute of Information Scientists and Engineers (NODE12285642, IF: 0.0)"
1011,2025,컴퓨터학,195382662,이재혁,1,0.0,0.0,"Korean Institute of Information Scientists and Engineers (NODE12285644, IF: 0.0)"
1012,2025,컴퓨터학,625999124,차수영,1,0.0,0.0,"Korean Institute of Information Scientists and Engineers (NODE12285644, IF: 0.0)"
1013,2025,컴퓨터학,426692801,진현,1,0.0,0.064695,"Korean Institute of Information Scientists and Engineers (NODE12285645, IF: 0.0)"
1014,2025,컴퓨터학,592774617,송현제,1,0.0,0.064695,"Korean Institute of Information Scientists and Engineers (NODE12285645, IF: 0.0)"
1015,2025,컴퓨터학,577700452,강윤석,1,0.0,0.0,"Korean Institute of Information Scientists and Engineers (NODE12285646, IF: 0.0)"
1016,2025,컴퓨터학,571635418,이재석,1,0.0,0.0,"Korean Institute of Information Scientists and Engineers (NODE12285646, IF: 0.0)"
1017,2025,컴퓨터학,277733724,최재웅,1,0.0,0.0,"Korean Institute of Information Scientists and Engineers (NODE12285646, IF: 0.0)"
1018,2025,컴퓨터학,696675570,김윤주,1,0.0,0.004621,"Korean Institute of Information Scientists and Engineers (NODE12285648, IF: 0.0)"
1019,2025,컴퓨터학,166661222,문성재,1,0.0,0.0,"Korean Institute of Information Scientists and Engineers (NODE12285649, IF: 0.0)"
1020,2025,컴퓨터학,965573162,국희진,1,0.0,0.136785,"Korean Institute of Information Scientists and Engineers (NODE12285650, IF: 0.0)"
1021,2025,컴퓨터학,326829885,이경환,1,0.0,0.0,"Korean Institute of Information Scientists and Engineers (NODE12285651, IF: 0.0)"
1022,2025,컴퓨터학,304402987,박충훈,1,0.0,0.0,"Korean Institute of Information Scientists and Engineers (NODE12285655, IF: 0.0)"
1023,2025,컴퓨터학,579220354,박근수,1,0.0,0.0,"Korean Institute of Information Scientists and Engineers (NODE12285655, IF: 0.0)"
1024,2025,컴퓨터학,852682538,김선겸,1,0.0,0.009242,"Korean Institute of Information Scientists and Engineers (NODE12285656, IF: 0.0)"
1025,2025,컴퓨터학,173376584,정성윤,1,0.0,0.12939,"Korean Institute of Information Scientists and Engineers (NODE12285657, IF: 0.0)"
1026,2025,컴퓨터학,499098010,정남훈,1,0.0,0.12939,"Korean Institute of Information Scientists and Engineers (NODE12285657, IF: 0.0)"
1027,2025,컴퓨터학,346385517,남효주,1,0.0,0.12939,"Korean Institute of Information Scientists and Engineers (NODE12285657, IF: 0.0)"
1028,2025,컴퓨터학,813581563,김병현,1,0.0,0.12939,"Korean Institute of Information Scientists and Engineers (NODE12285657, IF: 0.0)"
1029,2025,컴퓨터학,987463509,조규태,1,0.0,0.12939,"Korean Institute of Information Scientists and Engineers (NODE12285657, IF: 0.0)"
1030,2025,컴퓨터학,705336722,노성규,1,0.0,0.12939,"Korean Institute of Information Scientists and Engineers (NODE12285657, IF: 0.0)"
1031,2025,컴퓨터학,475225288,박삼준,1,0.0,0.12939,"Korean Institute of Information Scientists and Engineers (NODE12285657, IF: 0.0)"
1032,2025,컴퓨터학,700028653,엄지호,1,0.0,0.107208,"Korean Institute of Information Scientists and Engineers (NODE12285658, IF: 0.0)"
1033,2025,컴퓨터학,678608662,최유진,1,0.0,0.107208,"Korean Institute of Information Scientists and Engineers (NODE12285658, IF: 0.0)"
1034,2025,컴퓨터학,638530250,최지훈,1,0.0,0.107208,"Korean Institute of Information Scientists and Engineers (NODE12285658, IF: 0.0)"
1035,2025,컴퓨터학,520388187,박희민,1,0.0,0.107208,"Korean Institute of Information Scientists and Engineers (NODE12285658, IF: 0.0)"
1036,2025,컴퓨터학,142744194,유영락,1,0.0,0.0,"Korean Institute of Information Scientists and Engineers (NODE12285659, IF: 0.0)"
1037,2025,컴퓨터학,422372493,이정호,1,0.0,0.0,"Korean Institute of Information Scientists and Engineers (NODE12285659, IF: 0.0)"
1038,2025,컴퓨터학,563855412,정동재,1,0.0,0.0,"Korean Institute of Information Scientists and Engineers (NODE12285659, IF: 0.0)"
1039,2025,컴퓨터학,435424260,이종근,1,0.0,0.098891,"Korean Institute of Information Scientists and Engineers (NODE12285660, IF: 0.0)"
1040,2025,컴퓨터학,126693437,강병수,1,0.0,0.098891,"Korean Institute of Information Scientists and Engineers (NODE12285660, IF: 0.0)"
1041,2025,컴퓨터학,278902298,임헌정,1,0.0,0.098891,"Korean Institute of Information Scientists and Engineers (NODE12285660, IF: 0.0)"
1042,2025,컴퓨터학,513839789,곽수진,1,0.0,0.098891,"Korean Institute of Information Scientists and Engineers (NODE12285660, IF: 0.0)"
1043,2025,컴퓨터학,351543746,박진주,1,0.0,0.0,"ICT플랫폼학회 (NODE12287135, IF: 0.42)"
1044,2025,컴퓨터학,987726762,송유래,1,0.0,0.0,"ICT플랫폼학회 (NODE12287135, IF: 0.42)"
1045,2025,컴퓨터학,450771274,김득훈,1,0.0,0.0,"ICT플랫폼학회 (NODE12287135, IF: 0.42)"
1046,2025,컴퓨터학,513716568,임선영,1,0.0,0.0,"ICT플랫폼학회 (NODE12287135, IF: 0.42)"
1047,2025,컴퓨터학,675373423,심신우,1,0.0,0.0,"ICT플랫폼학회 (NODE12287135, IF: 0.42)"
1048,2025,컴퓨터학,159807823,김영환,1,0.0,0.0,"ICT플랫폼학회 (NODE12287135, IF: 0.42)"
1049,2025,컴퓨터학,651902525,곽진,1,0.0,0.0,"ICT플랫폼학회 (NODE12287135, IF: 0.42)"
1050,2025,컴퓨터학,925945069,백규민,1,0.0,0.0,"ICT플랫폼학회 (NODE12287136, IF: 0.42)"
1051,2025,컴퓨터학,324352742,정효영,1,0.0,0.0,"ICT플랫폼학회 (NODE12287138, IF: 0.42)"
1052,2025,컴퓨터학,971623343,박세준,1,0.0,0.0,"ICT플랫폼학회 (NODE12287138, IF: 0.42)"
1053,2025,컴퓨터학,818054490,이나겸,1,0.0,0.0,"한국디지털콘텐츠학회 (NODE12341981, IF: 1.28)"
1054,2025,컴퓨터학,384804775,김지영,1,0.0,0.0,"한국디지털콘텐츠학회 (NODE12341986, IF: 1.28)"
1055,2025,컴퓨터학,733370377,강유진,1,0.0,0.0,"한국디지털콘텐츠학회 (NODE12341987, IF: 1.28)"
1056,2025,컴퓨터학,610855932,최성호,1,0.0,0.0,"한국디지털콘텐츠학회 (NODE12341987, IF: 1.28)"
1057,2025,컴퓨터학,669816745,원종서,1,0.0,0.0,"한국디지털콘텐츠학회 (NODE12341987, IF: 1.28)"
1058,2025,컴퓨터학,646779684,김향미,1,0.0,0.0,"한국디지털콘텐츠학회 (NODE12341987, IF: 1.28)"
1059,2025,컴퓨터학,454329355,주설,1,0.0,0.0,"한국디지털콘텐츠학회 (NODE12341988, IF: 1.28)"
1060,2025,컴퓨터학,557848976,김익태,1,0.0,0.0,"한국디지털콘텐츠학회 (NODE12341988, IF: 1.28)"
1061,2025,컴퓨터학,130802781,유내승,1,0.0,0.0,"한국디지털콘텐츠학회 (NODE12341988, IF: 1.28)"
1062,2025,컴퓨터학,666819395,이위위,1,0.0,0.0,"한국디지털콘텐츠학회 (NODE12341988, IF: 1.28)"
1063,2025,컴퓨터학,905444697,학먹위,1,0.0,0.0,"한국디지털콘텐츠학회 (NODE12341988, IF: 1.28)"
1064,2025,컴퓨터학,792277995,조수진,1,0.0,0.0,"한국디지털콘텐츠학회 (NODE12341991, IF: 1.28)"
1065,2025,컴퓨터학,521772833,이호건,1,0.0,0.0,"한국디지털콘텐츠학회 (NODE12341991, IF: 1.28)"
1066,2025,컴퓨터학,828049619,강희원,1,0.0,0.0,"한국디지털콘텐츠학회 (NODE12341991, IF: 1.28)"
1067,2025,컴퓨터학,932163753,염민호,1,0.0,0.0,"한국디지털콘텐츠학회 (NODE12341991, IF: 1.28)"
1068,2025,컴퓨터학,799659265,이선미,1,0.0,0.0,"한국디지털콘텐츠학회 (NODE12341994, IF: 1.28)"
1069,2025,컴퓨터학,444228799,원미진,1,0.0,0.0,"한국디지털콘텐츠학회 (NODE12341994, IF: 1.28)"
1070,2025,컴퓨터학,808419719,김남주,1,0.0,0.0,"한국디지털콘텐츠학회 (NODE12341994, IF: 1.28)"
1071,2025,컴퓨터학,631377785,문규빈,1,0.0,0.0,"Korean Institute of Information Scientists and Engineers (NODE12370105, IF: 0.0)"
1072,2025,컴퓨터학,967356686,강동현,1,0.0,0.0,"Korean Institute of Information Scientists and Engineers (NODE12370105, IF: 0.0)"
1073,2025,컴퓨터학,999495260,이남철,1,0.0,0.0,"Korean Institute of Information Scientists and Engineers (NODE12370107, IF: 0.0)"
1074,2025,컴퓨터학,215757275,박건하,1,0.0,0.0,"Korean Institute of Information Scientists and Engineers (NODE12370107, IF: 0.0)"
1075,2025,컴퓨터학,546495549,서우빈,1,0.0,0.0,"Korean Institute of Information Scientists and Engineers (NODE12370107, IF: 0.0)"
1076,2025,컴퓨터학,636273178,홍성수,1,0.0,0.0,"Korean Institute of Information Scientists and Engineers (NODE12370107, IF: 0.0)"
1077,2025,컴퓨터학,311836197,주은정,1,0.0,0.0,"Korean Institute of Information Scientists and Engineers (NODE12370108, IF: 0.0)"
1078,2025,컴퓨터학,851086751,이정화,1,0.0,0.0,"Korean Institute of Information Scientists and Engineers (NODE12370108, IF: 0.0)"
1079,2025,컴퓨터학,243567127,송지우,1,0.0,0.107208,"Korean Institute of Information Scientists and Engineers (NODE12370109, IF: 0.0)"
1080,2025,컴퓨터학,788018784,이재형,1,0.0,0.107208,"Korean Institute of Information Scientists and Engineers (NODE12370109, IF: 0.0)"
1081,2025,컴퓨터학,560585942,윤유림,1,0.0,0.107208,"Korean Institute of Information Scientists and Engineers (NODE12370109, IF: 0.0)"
1082,2025,컴퓨터학,961781978,이유은,1,0.0,0.0,"Korean Institute of Information Scientists and Engineers (NODE12370110, IF: 0.0)"
1083,2025,컴퓨터학,247439193,엄성진,1,0.0,0.0,"Korean Institute of Information Scientists and Engineers (NODE12370110, IF: 0.0)"
1084,2025,컴퓨터학,678696780,백무근,1,0.0,0.04159,"Korean Institute of Information Scientists and Engineers (NODE12370111, IF: 0.0)"
1085,2025,컴퓨터학,2030309,부석준,1,0.0,0.04159,"Korean Institute of Information Scientists and Engineers (NODE12370111, IF: 0.0)"
1086,2025,컴퓨터학,282196604,성유정,1,0.0,0.009242,"Korean Institute of Information Scientists and Engineers (NODE12370112, IF: 0.0)"
1087,2025,컴퓨터학,576933326,박규민,1,0.0,0.009242,"Korean Institute of Information Scientists and Engineers (NODE12370112, IF: 0.0)"
1088,2025,컴퓨터학,103875197,김동희,1,0.0,0.012015,"Korean Institute of Information Scientists and Engineers (NODE12370113, IF: 0.0)"
1089,2025,컴퓨터학,775701489,김재일,1,0.0,0.012015,"Korean Institute of Information Scientists and Engineers (NODE12370113, IF: 0.0)"
1090,2025,컴퓨터학,118114190,이희준,1,0.0,0.138632,"Korean Institute of Information Scientists and Engineers (NODE12370114, IF: 0.0)"
1091,2025,컴퓨터학,171125496,정상화,1,0.0,0.138632,"Korean Institute of Information Scientists and Engineers (NODE12370114, IF: 0.0)"
1092,2025,컴퓨터학,133111031,박정배,1,0.0,0.138632,"Korean Institute of Information Scientists and Engineers (NODE12370114, IF: 0.0)"
1093,2025,컴퓨터학,416089339,신수환,1,0.0,0.107208,"Korean Institute of Information Scientists and Engineers (NODE12370119, IF: 0.0)"
1094,2025,컴퓨터학,254641746,손준호,1,0.0,0.0,"Korean Institute of Information Scientists and Engineers (NODE12370120, IF: 0.0)"
1095,2025,컴퓨터학,641995940,김재훈,1,0.0,0.0,"Korean Institute of Information Scientists and Engineers (NODE12370120, IF: 0.0)"
1096,2025,컴퓨터학,669287947,이현규,1,0.0,0.182994,"Korean Institute of Information Scientists and Engineers (NODE12370121, IF: 0.0)"
1097,2025,컴퓨터학,510472620,박재흥,1,0.0,0.182994,"Korean Institute of Information Scientists and Engineers (NODE12370121, IF: 0.0)"
1098,2025,컴퓨터학,848747205,김민호,1,0.0,0.0,"Korean Institute of Information Scientists and Engineers (NODE12370122, IF: 0.0)"
1099,2025,컴퓨터학,191601120,노지현,1,0.0,0.0,"Korean Institute of Information Scientists and Engineers (NODE12370122, IF: 0.0)"
1100,2025,컴퓨터학,595541031,배경만,1,0.0,0.0,"Korean Institute of Information Scientists and Engineers (NODE12370122, IF: 0.0)"
1101,2025,컴퓨터학,771014914,신정택,1,0.0,0.16173700000000002,"Korean Institute of Information Scientists and Engineers (NODE12370123, IF: 0.0)"
1102,2025,컴퓨터학,276429293,이건명,1,0.0,0.16173700000000002,"Korean Institute of Information Scientists and Engineers (NODE12370123, IF: 0.0)"
1103,2025,컴퓨터학,894992435,이상준,1,0.0,0.16173700000000002,"Korean Institute of Information Scientists and Engineers (NODE12370123, IF: 0.0)"
1104,2025,컴퓨터학,179890884,지다은,1,0.0,0.0,"한국컴퓨터정보학회 (NODE12336957, IF: 0.81)"
1105,2025,컴퓨터학,889533403,장백철,1,0.0,0.0,"한국컴퓨터정보학회 (NODE12336957, IF: 0.81)"
1106,2025,컴퓨터학,954593109,하동휘,1,0.0,0.0,"한국컴퓨터정보학회 (NODE12336958, IF: 0.81)"
1107,2025,컴퓨터학,293891902,정민규,1,0.0,0.0,"한국컴퓨터정보학회 (NODE12336963, IF: 0.81)"
1108,2025,컴퓨터학,863268984,박주연,1,0.0,0.0,"한국컴퓨터정보학회 (NODE12336963, IF: 0.81)"
1109,2025,컴퓨터학,434353340,곽영태,1,0.0,0.0,"한국컴퓨터정보학회 (NODE12336963, IF: 0.81)"
1110,2025,컴퓨터학,712967890,이대호,1,0.0,0.0,"한국컴퓨터정보학회 (NODE12336967, IF: 0.81)"
1111,2025,컴퓨터학,678184108,오영석,1,0.0,0.0,"한국컴퓨터정보학회 (NODE12336967, IF: 0.81)"
1112,2025,컴퓨터학,982231236,오종철,1,0.0,0.0,"한국컴퓨터정보학회 (NODE12336967, IF: 0.81)"
1113,2025,컴퓨터학,937712033,강성부,1,0.0,0.0,"한국컴퓨터정보학회 (NODE12336967, IF: 0.81)"
1114,2025,컴퓨터학,932077699,이재호,1,0.0,0.0,"한국컴퓨터정보학회 (NODE12336971, IF: 0.81)"
1115,2025,컴퓨터학,735532574,조영원,1,0.0,0.0,"한국컴퓨터정보학회 (NODE12336973, IF: 0.81)"
1116,2025,컴퓨터학,648421814,최윤석,1,0.0,0.0,"한국컴퓨터정보학회 (NODE12336973, IF: 0.81)"
1117,2025,컴퓨터학,655177338,한상훈,1,0.0,0.0,"한국컴퓨터정보학회 (NODE12336973, IF: 0.81)"
1118,2025,컴퓨터학,749128327,연기운,1,0.0,0.0,"한국컴퓨터정보학회 (NODE12336978, IF: 0.81)"
1119,2025,컴퓨터학,396450178,박수석,1,0.0,0.0,"한국컴퓨터정보학회 (NODE12336978, IF: 0.81)"
1120,2025,컴퓨터학,971081251,김영산,1,0.0,0.0,"한국컴퓨터정보학회 (NODE12336978, IF: 0.81)"
1121,2025,컴퓨터학,293709539,심성환,1,0.0,0.0,"한국컴퓨터그래픽스학회 (NODE12485242, IF: 0.44)"
1122,2025,컴퓨터학,231547194,김성민,1,0.0,0.0,"한국컴퓨터그래픽스학회 (NODE12485242, IF: 0.44)"
1123,2025,컴퓨터학,170906104,황성수,1,0.0,0.0,"한국컴퓨터그래픽스학회 (NODE12485242, IF: 0.44)"
1124,2025,컴퓨터학,124212436,이원준,1,0.0,0.0,"한국컴퓨터정보학회 (NODE12431987, IF: 0.81)"
1125,2025,컴퓨터학,646500899,차현종,1,0.0,0.0,"한국컴퓨터정보학회 (NODE12431987, IF: 0.81)"
1126,2025,컴퓨터학,557354277,김원배,1,0.0,0.0,"한국컴퓨터정보학회 (NODE12431988, IF: 0.81)"
1127,2025,컴퓨터학,121158225,윤영욱,1,0.0,0.0,"한국컴퓨터정보학회 (NODE12431989, IF: 0.81)"
1128,2025,컴퓨터학,143694608,심윤식,1,0.0,0.0,"한국컴퓨터정보학회 (NODE12431990, IF: 0.81)"
1129,2025,컴퓨터학,917838367,서희수,1,0.0,0.0,"한국컴퓨터정보학회 (NODE12431991, IF: 0.81)"
1130,2025,컴퓨터학,907671548,이강희,1,0.0,0.0,"한국컴퓨터정보학회 (NODE12431991, IF: 0.81)"
1131,2025,컴퓨터학,450068519,변지윤,1,0.0,0.0,"한국컴퓨터정보학회 (NODE12431995, IF: 0.81)"
1132,2025,컴퓨터학,977876338,이효진,1,0.0,0.0,"한국컴퓨터정보학회 (NODE12431995, IF: 0.81)"
1133,2025,컴퓨터학,354550782,이홍래,1,0.0,0.0,"한국컴퓨터정보학회 (NODE12431995, IF: 0.81)"
1134,2025,컴퓨터학,197583703,김대원,1,0.0,0.0,"한국컴퓨터정보학회 (NODE12431997, IF: 0.81)"
1135,2025,컴퓨터학,295744520,이정은,1,0.0,0.0,"한국컴퓨터정보학회 (NODE12432000, IF: 0.81)"
1136,2025,컴퓨터학,595990302,김행은,1,0.0,0.0,"한국컴퓨터정보학회 (NODE12432000, IF: 0.81)"
1137,2025,컴퓨터학,187743956,김민경,1,0.0,0.0,"한국컴퓨터정보학회 (NODE12432003, IF: 0.81)"
1138,2025,컴퓨터학,651578646,우영식,1,0.0,0.0,"한국컴퓨터정보학회 (NODE12432006, IF: 0.81)"
1139,2025,컴퓨터학,911447915,이민정,1,0.0,0.0,"한국컴퓨터정보학회 (NODE12432006, IF: 0.81)"
1140,2025,컴퓨터학,617330890,Anvarjon Rasulov,1,0.0,0.0,"한국컴퓨터정보학회 (NODE12432008, IF: 0.81)"
1141,2025,컴퓨터학,241778319,안현철,1,0.0,0.0,"한국컴퓨터정보학회 (NODE12432008, IF: 0.81)"
1142,2025,컴퓨터학,966343528,김조은,1,0.0,0.0,"한국컴퓨터정보학회 (NODE12432009, IF: 0.81)"
1143,2025,컴퓨터학,917742672,이상규,1,0.0,0.0,"한국컴퓨터정보학회 (NODE12432009, IF: 0.81)"
1144,2025,컴퓨터학,277481576,황희정,1,0.0,0.0,"한국컴퓨터정보학회 (NODE12432010, IF: 0.81)"
1145,2025,컴퓨터학,929327349,권영근,1,0.0,0.0,"한국컴퓨터정보학회 (NODE12432011, IF: 0.81)"
1146,2025,컴퓨터학,760067115,김민솔,1,0.0,0.0,"한국컴퓨터정보학회 (NODE12296059, IF: 0.81)"
1147,2025,컴퓨터학,755937787,김종하,1,0.0,0.0,"한국컴퓨터정보학회 (NODE12296059, IF: 0.81)"
1148,2025,컴퓨터학,726869720,이세훈,1,0.0,0.0,"한국컴퓨터정보학회 (NODE12296059, IF: 0.81)"
1149,2025,컴퓨터학,820081313,황예원,1,0.0,0.0,"Korean Institute of Information Scientists and Engineers (NODE12086906, IF: 0.0)"
1150,2025,컴퓨터학,104662763,서태원,1,0.0,0.0,"Korean Institute of Information Scientists and Engineers (NODE12086906, IF: 0.0)"
1151,2025,컴퓨터학,682296189,한지수,1,0.0,0.0,"Korean Institute of Information Scientists and Engineers (NODE12086908, IF: 0.0)"
1152,2025,컴퓨터학,637558860,남준성,1,0.0,0.0,"Korean Institute of Information Scientists and Engineers (NODE12086909, IF: 0.0)"
1153,2025,컴퓨터학,913054233,이재혁,1,0.0,0.0,"Korean Institute of Information Scientists and Engineers (NODE12086909, IF: 0.0)"
1154,2025,컴퓨터학,941367532,김홍진,1,0.0,0.0,"Korean Institute of Information Scientists and Engineers (NODE12086910, IF: 0.0)"
1155,2025,컴퓨터학,200477725,금빛나,1,0.0,0.0,"Korean Institute of Information Scientists and Engineers (NODE12086910, IF: 0.0)"
1156,2025,컴퓨터학,263807777,황금하,1,0.0,0.0,"Korean Institute of Information Scientists and Engineers (NODE12086910, IF: 0.0)"
1157,2025,컴퓨터학,888763752,권오욱,1,0.0,0.0,"Korean Institute of Information Scientists and Engineers (NODE12086910, IF: 0.0)"
1158,2025,컴퓨터학,254159,김학수,1,0.0,0.0,"Korean Institute of Information Scientists and Engineers (NODE12086910, IF: 0.0)"
1159,2025,컴퓨터학,354269771,채희준,1,0.0,0.0,"Korean Institute of Information Scientists and Engineers (NODE12086911, IF: 0.0)"
1160,2025,컴퓨터학,452331446,안효준,1,0.0,0.05915000000000001,"Korean Institute of Information Scientists and Engineers (NODE12086912, IF: 0.0)"
1161,2025,컴퓨터학,578801587,최성필,1,0.0,0.05915000000000001,"Korean Institute of Information Scientists and Engineers (NODE12086912, IF: 0.0)"
1162,2025,컴퓨터학,142477696,장세창,1,0.0,0.0,"Korean Institute of Information Scientists and Engineers (NODE12086914, IF: 0.0)"
1163,2025,컴퓨터학,464486935,김성빈,1,0.0,0.0,"Korean Institute of Information Scientists and Engineers (NODE12086914, IF: 0.0)"
1164,2025,컴퓨터학,376927986,최준혁,1,0.0,0.0,"Korean Institute of Information Scientists and Engineers (NODE12086914, IF: 0.0)"
1165,2025,컴퓨터학,586332233,김진대,1,0.0,0.0,"Korean Institute of Information Scientists and Engineers (NODE12086914, IF: 0.0)"
1166,2025,컴퓨터학,873084089,남재창,1,0.0,0.0,"Korean Institute of Information Scientists and Engineers (NODE12086914, IF: 0.0)"
1167,2025,컴퓨터학,451878923,김기범,1,0.0,0.009242,"Korean Institute of Information Scientists and Engineers (NODE12086915, IF: 0.0)"
1168,2025,컴퓨터학,418179666,송길태,1,0.0,0.009242,"Korean Institute of Information Scientists and Engineers (NODE12086915, IF: 0.0)"
1169,2025,컴퓨터학,418828150,아비 데브 라하,1,0.0,0.0,"Korean Institute of Information Scientists and Engineers (NODE12086916, IF: 0.0)"
1170,2025,컴퓨터학,374877921,아푸르보아 디히카리,1,0.0,0.0,"Korean Institute of Information Scientists and Engineers (NODE12086916, IF: 0.0)"
1171,2025,컴퓨터학,309034607,무리튠조이 게인,1,0.0,0.0,"Korean Institute of Information Scientists and Engineers (NODE12086916, IF: 0.0)"
1172,2025,컴퓨터학,105754386,치아오 유,1,0.0,0.0,"Korean Institute of Information Scientists and Engineers (NODE12086916, IF: 0.0)"
1173,2025,컴퓨터학,137778316,윤지수,1,0.0,0.0,"Korean Institute of Information Scientists and Engineers (NODE12086916, IF: 0.0)"
1174,2025,컴퓨터학,753046492,박진주,1,0.0,0.0,"Korean Institute of Information Scientists and Engineers (NODE12086920, IF: 0.0)"
1175,2025,컴퓨터학,495045230,윤태환,1,0.0,0.0,"Korean Institute of Information Scientists and Engineers (NODE12086920, IF: 0.0)"
1176,2025,컴퓨터학,557644462,권이남,1,0.0,0.0,"Korean Institute of Information Scientists and Engineers (NODE12086920, IF: 0.0)"
1177,2025,컴퓨터학,860769814,전홍우,1,0.0,0.0,"Korean Institute of Information Scientists and Engineers (NODE12086920, IF: 0.0)"
1178,2025,컴퓨터학,813100803,박강희,1,0.0,0.0,"Korean Institute of Information Scientists and Engineers (NODE12086920, IF: 0.0)"
1179,2025,컴퓨터학,254284360,신현정,1,0.0,0.0,"Korean Institute of Information Scientists and Engineers (NODE12086920, IF: 0.0)"
1180,2025,컴퓨터학,915459463,조성웅,1,0.0,0.024954,"Korean Institute of Information Scientists and Engineers (NODE12086921, IF: 0.0)"
1181,2025,컴퓨터학,570309767,오종권,1,0.0,0.024954,"Korean Institute of Information Scientists and Engineers (NODE12086921, IF: 0.0)"
1182,2025,컴퓨터학,506661268,이지원,1,0.0,0.024954,"Korean Institute of Information Scientists and Engineers (NODE12086921, IF: 0.0)"
1183,2025,컴퓨터학,971998346,손휘재,1,0.0,0.024954,"Korean Institute of Information Scientists and Engineers (NODE12086921, IF: 0.0)"
1184,2025,컴퓨터학,985289334,이진희,1,0.0,0.078558,"Korean Institute of Information Scientists and Engineers (NODE12086922, IF: 0.0)"
1185,2025,컴퓨터학,148429050,오지환,1,0.0,0.134011,"Korean Institute of Information Scientists and Engineers (NODE12086923, IF: 0.0)"
1186,2025,컴퓨터학,222935582,최정환,1,0.0,0.134011,"Korean Institute of Information Scientists and Engineers (NODE12086923, IF: 0.0)"
1187,2025,컴퓨터학,356120543,김희연,1,0.0,0.134011,"Korean Institute of Information Scientists and Engineers (NODE12086923, IF: 0.0)"
1188,2025,컴퓨터학,608629397,송환준,1,0.0,0.134011,"Korean Institute of Information Scientists and Engineers (NODE12086923, IF: 0.0)"
1189,2025,컴퓨터학,343361857,최윤선,1,0.0,0.0,"Korean Institute of Information Scientists and Engineers (NODE12086924, IF: 0.0)"
1190,2025,컴퓨터학,5508933,정다영,1,0.0,0.0,"Korean Institute of Information Scientists and Engineers (NODE12086924, IF: 0.0)"
1191,2025,컴퓨터학,199085143,김보관,1,0.0,0.0,"Korean Institute of Information Scientists and Engineers (NODE12086924, IF: 0.0)"
1192,2025,컴퓨터학,561962047,김민석,1,0.0,0.049907,"Korean Institute of Information Scientists and Engineers (NODE12086925, IF: 0.0)"
1193,2025,컴퓨터학,183215978,문수묵,1,0.0,0.049907,"Korean Institute of Information Scientists and Engineers (NODE12086925, IF: 0.0)"
1194,2025,컴퓨터학,689766873,김현빈,1,0.0,0.0,"Korean Institute of Information Scientists and Engineers (NODE12086926, IF: 0.0)"
1195,2025,컴퓨터학,515951307,조다정,1,0.0,0.0,"Korean Institute of Information Scientists and Engineers (NODE12086926, IF: 0.0)"
1196,2025,컴퓨터학,626037118,신병석,1,0.0,0.0,"Korean Institute of Information Scientists and Engineers (NODE12034192, IF: 0.0)"
1197,2025,컴퓨터학,628437514,박소민,1,0.0,0.0,"Korean Institute of Information Scientists and Engineers (NODE12034201, IF: 0.0)"
1198,2025,컴퓨터학,685061846,홍화정,1,0.0,0.0,"Korean Institute of Information Scientists and Engineers (NODE12034203, IF: 0.0)"
1199,2025,컴퓨터학,685329756,김시은,1,0.0,0.0,"Korean Institute of Information Scientists and Engineers (NODE12034203, IF: 0.0)"
1200,2025,컴퓨터학,437075274,나성민,1,0.0,0.0,"Korean Institute of Information Scientists and Engineers (NODE12034203, IF: 0.0)"
1201,2025,컴퓨터학,635187471,장진예,1,0.0,0.0,"Korean Institute of Information Scientists and Engineers (NODE12034204, IF: 0.0)"
1202,2025,컴퓨터학,5171124,김재훈,1,0.0,0.0,"Korean Institute of Information Scientists and Engineers (NODE12034205, IF: 0.0)"
1203,2025,컴퓨터학,5187926,박건우,1,0.0,0.0,"Korean Institute of Information Scientists and Engineers (NODE12034206, IF: 0.0)"
1204,2025,컴퓨터학,612019444,곽소정,1,0.0,0.0,"Korean Institute of Information Scientists and Engineers (NODE12034207, IF: 0.0)"
1205,2025,컴퓨터학,740239874,김주현,1,0.0,0.0,"Korean Institute of Information Scientists and Engineers (NODE12034207, IF: 0.0)"
1206,2025,컴퓨터학,371686838,박소현,1,0.0,0.0,"Korean Institute of Information Scientists and Engineers (NODE12034208, IF: 0.0)"
1207,2025,컴퓨터학,826811332,장현준,1,0.0,0.0,"Korean Institute of Information Scientists and Engineers (NODE12109161, IF: 0.0)"
1208,2025,컴퓨터학,320231541,진현욱,1,0.0,0.0,"Korean Institute of Information Scientists and Engineers (NODE12109161, IF: 0.0)"
1209,2025,컴퓨터학,591910101,양현서,1,0.0,0.055452,"Korean Institute of Information Scientists and Engineers (NODE12109163, IF: 0.0)"
1210,2025,컴퓨터학,999785041,이민수,1,0.0,0.055452,"Korean Institute of Information Scientists and Engineers (NODE12109163, IF: 0.0)"
1211,2025,컴퓨터학,695099968,마니칸단 사란야,1,0.0,0.0,"Korean Institute of Information Scientists and Engineers (NODE12109164, IF: 0.0)"
1212,2025,컴퓨터학,696043228,박주연,1,0.0,0.12939,"Korean Institute of Information Scientists and Engineers (NODE12109165, IF: 0.0)"
1213,2025,컴퓨터학,528937120,박민규,1,0.0,0.12939,"Korean Institute of Information Scientists and Engineers (NODE12109165, IF: 0.0)"
1214,2025,컴퓨터학,156376539,박규민,1,0.0,0.12939,"Korean Institute of Information Scientists and Engineers (NODE12109165, IF: 0.0)"
1215,2025,컴퓨터학,681756593,이현,1,0.0,0.12939,"Korean Institute of Information Scientists and Engineers (NODE12109165, IF: 0.0)"
1216,2025,컴퓨터학,833998227,조무연,1,0.0,0.0,"Korean Institute of Information Scientists and Engineers (NODE12109166, IF: 0.0)"
1217,2025,컴퓨터학,836404683,천세진,1,0.0,0.0,"Korean Institute of Information Scientists and Engineers (NODE12109166, IF: 0.0)"
1218,2025,컴퓨터학,799064721,한정규,1,0.0,0.0,"Korean Institute of Information Scientists and Engineers (NODE12109166, IF: 0.0)"
1219,2025,컴퓨터학,867173293,이현규,1,0.0,0.0,"Korean Institute of Information Scientists and Engineers (NODE12109167, IF: 0.0)"
1220,2025,컴퓨터학,362685961,김도윤,1,0.0,0.0,"Korean Institute of Information Scientists and Engineers (NODE12109167, IF: 0.0)"
1221,2025,컴퓨터학,235748658,이돈구,1,0.0,0.0,"Korean Institute of Information Scientists and Engineers (NODE12109167, IF: 0.0)"
1222,2025,컴퓨터학,416685385,박종훈,1,0.0,0.12939,"Korean Institute of Information Scientists and Engineers (NODE12109168, IF: 0.0)"
1223,2025,컴퓨터학,217835859,추재우,1,0.0,0.12939,"Korean Institute of Information Scientists and Engineers (NODE12109168, IF: 0.0)"
1224,2025,컴퓨터학,865138448,조영래,1,0.0,0.12939,"Korean Institute of Information Scientists and Engineers (NODE12109168, IF: 0.0)"
1225,2025,컴퓨터학,641948002,이성균,1,0.0,0.0,"Korean Institute of Information Scientists and Engineers (NODE12109169, IF: 0.0)"
1226,2025,컴퓨터학,304782731,강준성,1,0.0,0.0,"Korean Institute of Information Scientists and Engineers (NODE12109169, IF: 0.0)"
1227,2025,컴퓨터학,742450176,염제윤,1,0.0,0.0,"Korean Institute of Information Scientists and Engineers (NODE12109169, IF: 0.0)"
1228,2025,컴퓨터학,767467759,홍동욱,1,0.0,0.0,"Korean Institute of Information Scientists and Engineers (NODE12109169, IF: 0.0)"
1229,2025,컴퓨터학,433639286,김영민,1,0.0,0.0,"Korean Institute of Information Scientists and Engineers (NODE12109169, IF: 0.0)"
1230,2025,컴퓨터학,558332614,송경우,1,0.0,0.0,"Korean Institute of Information Scientists and Engineers (NODE12109169, IF: 0.0)"
1231,2025,컴퓨터학,930366242,박성완,1,0.0,0.024954,"Korean Institute of Information Scientists and Engineers (NODE12109170, IF: 0.0)"
1232,2025,컴퓨터학,166055571,성시철,1,0.0,0.0,"Korean Institute of Information Scientists and Engineers (NODE12109174, IF: 0.0)"
1233,2025,컴퓨터학,130405509,한요섭,1,0.0,0.0,"Korean Institute of Information Scientists and Engineers (NODE12109174, IF: 0.0)"
1234,2025,컴퓨터학,832844714,조수민,1,0.0,0.0,"Korean Institute of Information Scientists and Engineers (NODE12109175, IF: 0.0)"
1235,2025,컴퓨터학,104446737,조민아,1,0.0,0.0,"Korean Institute of Information Scientists and Engineers (NODE12109175, IF: 0.0)"
1236,2025,컴퓨터학,398754915,김진현,1,0.0,0.0,"Korean Institute of Information Scientists and Engineers (NODE12109175, IF: 0.0)"
1237,2025,컴퓨터학,800701735,강인혜,1,0.0,0.0,"Korean Institute of Information Scientists and Engineers (NODE12109175, IF: 0.0)"
1238,2025,컴퓨터학,206412838,박규리,1,0.0,0.0,"Korean Institute of Information Scientists and Engineers (NODE12109176, IF: 0.0)"
1239,2025,컴퓨터학,365829925,박성용,1,0.0,0.0,"Korean Institute of Information Scientists and Engineers (NODE12109176, IF: 0.0)"
1240,2025,컴퓨터학,976987709,정한석,1,0.0,0.0,"Korean Institute of Information Scientists and Engineers (NODE12109177, IF: 0.0)"
1241,2025,컴퓨터학,940788836,팡칭리,1,0.0,0.0,"Korean Institute of Information Scientists and Engineers (NODE12109177, IF: 0.0)"
1242,2025,컴퓨터학,625614904,윤상호,1,0.0,0.0,"Korean Institute of Information Scientists and Engineers (NODE12109177, IF: 0.0)"
1243,2025,컴퓨터학,330459382,유재국,1,0.0,0.147874,"Korean Institute of Information Scientists and Engineers (NODE12109178, IF: 0.0)"
1244,2025,컴퓨터학,783917128,조현석,1,0.0,0.147874,"Korean Institute of Information Scientists and Engineers (NODE12109178, IF: 0.0)"
1245,2025,컴퓨터학,667638338,김민찬,1,0.0,0.012015,"Korean Institute of Information Scientists and Engineers (NODE12109179, IF: 0.0)"
1246,2025,컴퓨터학,358336603,조준휘,1,0.0,0.012015,"Korean Institute of Information Scientists and Engineers (NODE12109179, IF: 0.0)"
1247,2025,컴퓨터학,5117310,김민교,1,0.0,0.012015,"Korean Institute of Information Scientists and Engineers (NODE12109179, IF: 0.0)"
1248,2025,컴퓨터학,635257938,임희애,1,0.0,0.012015,"Korean Institute of Information Scientists and Engineers (NODE12109179, IF: 0.0)"
1249,2025,컴퓨터학,113730801,김현준,1,0.0,0.012015,"Korean Institute of Information Scientists and Engineers (NODE12109179, IF: 0.0)"
1250,2025,컴퓨터학,804831405,강성석,1,0.0,0.012015,"Korean Institute of Information Scientists and Engineers (NODE12109179, IF: 0.0)"
1251,2025,컴퓨터학,265591681,Maru Gebremedhin Gebreslassie,1,0.0,0.0,"Korean Institute of Information Scientists and Engineers (NODE12109180, IF: 0.0)"
1252,2025,컴퓨터학,475286456,Minji Roh,1,0.0,0.0,"Korean Institute of Information Scientists and Engineers (NODE12109180, IF: 0.0)"
1253,2025,컴퓨터학,656287087,박동현,1,0.0,0.0,"한국디지털포렌식학회 (NODE12403962, IF: 0.72)"
1254,2025,컴퓨터학,581101307,김기범,1,0.0,0.0,"한국디지털포렌식학회 (NODE12403962, IF: 0.72)"
1255,2025,컴퓨터학,374728949,박다솜,1,0.0,0.0,"한국디지털콘텐츠학회 (NODE12091187, IF: 1.28)"
1256,2025,컴퓨터학,318495372,송규원,1,0.0,0.0,"한국디지털콘텐츠학회 (NODE12091187, IF: 1.28)"
1257,2025,컴퓨터학,245149792,정효정,1,0.0,0.0,"한국디지털콘텐츠학회 (NODE12091188, IF: 1.28)"
1258,2025,컴퓨터학,5090936,박세익,1,0.0,0.0,"한국디지털콘텐츠학회 (NODE12091189, IF: 1.28)"
1259,2025,컴퓨터학,5173806,지용구,1,0.0,0.0,"한국디지털콘텐츠학회 (NODE12091189, IF: 1.28)"
1260,2025,컴퓨터학,620161838,김현민,1,0.0,0.0,"한국디지털콘텐츠학회 (NODE12091193, IF: 1.28)"
1261,2025,컴퓨터학,394430659,유준,1,0.0,0.0,"한국디지털콘텐츠학회 (NODE12091193, IF: 1.28)"
1262,2025,컴퓨터학,209732734,장동호,1,0.0,0.0,"한국디지털콘텐츠학회 (NODE12091194, IF: 1.28)"
1263,2025,컴퓨터학,148108963,서정헌,1,0.0,0.0,"한국디지털콘텐츠학회 (NODE12091194, IF: 1.28)"
1264,2025,컴퓨터학,403172809,최원영,1,0.0,0.0,"한국디지털콘텐츠학회 (NODE12091194, IF: 1.28)"
1265,2025,컴퓨터학,841566109,김지환,1,0.0,0.0,"한국디지털콘텐츠학회 (NODE12091194, IF: 1.28)"
1266,2025,컴퓨터학,1424893,서영건,1,0.0,0.0,"한국디지털콘텐츠학회 (NODE12091194, IF: 1.28)"
1267,2025,컴퓨터학,702935344,이은경,1,0.0,0.0,"한국디지털콘텐츠학회 (NODE12091196, IF: 1.28)"
1268,2025,컴퓨터학,495591501,윤병현,1,0.0,0.0,"한국디지털콘텐츠학회 (NODE12091197, IF: 1.28)"
1269,2025,컴퓨터학,361814949,송지원,1,0.0,0.0,"한국디지털콘텐츠학회 (NODE12091197, IF: 1.28)"
1270,2025,컴퓨터학,324023009,조래현,1,0.0,0.0,"한국디지털콘텐츠학회 (NODE12091197, IF: 1.28)"
1271,2025,컴퓨터학,196311078,곽윤정,1,0.0,0.0,"한국디지털콘텐츠학회 (NODE12091198, IF: 1.28)"
1272,2025,컴퓨터학,421345646,손지빈,1,0.0,0.0,"한국디지털콘텐츠학회 (NODE12091198, IF: 1.28)"
1273,2025,컴퓨터학,492301439,김수민,1,0.0,0.0,"한국디지털콘텐츠학회 (NODE12091198, IF: 1.28)"
1274,2025,컴퓨터학,942971117,김은하,1,0.0,0.0,"한국디지털콘텐츠학회 (NODE12091198, IF: 1.28)"
1275,2025,컴퓨터학,537402245,임정민,1,0.0,0.0,"한국디지털콘텐츠학회 (NODE12091201, IF: 1.28)"
1276,2025,컴퓨터학,390715613,전우정,1,0.0,0.0,"한국디지털콘텐츠학회 (NODE12091201, IF: 1.28)"
1277,2025,컴퓨터학,435210514,박재양,1,0.0,0.0,"한국디지털콘텐츠학회 (NODE12091202, IF: 1.28)"
1278,2025,컴퓨터학,841508609,배관표,1,0.0,0.0,"한국디지털콘텐츠학회 (NODE12091202, IF: 1.28)"
1279,2025,컴퓨터학,432859228,우승우,1,0.0,0.0,"한국디지털콘텐츠학회 (NODE12091203, IF: 1.28)"
1280,2025,컴퓨터학,764895586,장은서,1,0.0,0.0,"한국디지털콘텐츠학회 (NODE12091203, IF: 1.28)"
1281,2025,컴퓨터학,688881858,Daeun Kong,1,0.0,0.069316,"Korean Institute of Information Scientists and Engineers (NODE12305755, IF: 0.0)"
1282,2025,컴퓨터학,275599786,Yoojin Ha,1,0.0,0.069316,"Korean Institute of Information Scientists and Engineers (NODE12305755, IF: 0.0)"
1283,2025,컴퓨터학,272901626,HaEun Yoo,1,0.0,0.069316,"Korean Institute of Information Scientists and Engineers (NODE12305755, IF: 0.0)"
1284,2025,컴퓨터학,981322887,Dongmin Bang,1,0.0,0.069316,"Korean Institute of Information Scientists and Engineers (NODE12305755, IF: 0.0)"
1285,2025,컴퓨터학,716053953,김선,1,0.0,0.069316,"Korean Institute of Information Scientists and Engineers (NODE12305755, IF: 0.0)"
1286,2025,컴퓨터학,573068006,박정희,1,0.0,0.008318,"Korean Institute of Information Scientists and Engineers (NODE12305756, IF: 0.0)"
1287,2025,컴퓨터학,238464638,Hyeon Choe,1,0.0,0.012015,"Korean Institute of Information Scientists and Engineers (NODE12305757, IF: 0.0)"
1288,2025,컴퓨터학,5241104,남정,1,0.0,0.0,"한국디지털콘텐츠학회 (NODE12267712, IF: 1.28)"
1289,2025,컴퓨터학,5511934,이연준,1,0.0,0.0,"한국디지털콘텐츠학회 (NODE12267712, IF: 1.28)"
1290,2025,컴퓨터학,237492388,권시은,1,0.0,0.0,"한국디지털콘텐츠학회 (NODE12267715, IF: 1.28)"
1291,2025,컴퓨터학,957577709,최윤정,1,0.0,0.0,"한국디지털콘텐츠학회 (NODE12267715, IF: 1.28)"
1292,2025,컴퓨터학,225648018,윤찬,1,0.0,0.0,"한국디지털콘텐츠학회 (NODE12267715, IF: 1.28)"
1293,2025,컴퓨터학,600374935,박나나,1,0.0,0.0,"한국디지털콘텐츠학회 (NODE12267717, IF: 1.28)"
1294,2025,컴퓨터학,897796603,김정환,1,0.0,0.0,"한국디지털콘텐츠학회 (NODE12267717, IF: 1.28)"
1295,2025,컴퓨터학,282243793,김동혁,1,0.0,0.0,"한국디지털콘텐츠학회 (NODE12267725, IF: 1.28)"
1296,2025,컴퓨터학,938605939,박예인,1,0.0,0.0,"한국디지털콘텐츠학회 (NODE12267725, IF: 1.28)"
1297,2025,컴퓨터학,763280360,장주은,1,0.0,0.0,"한국디지털콘텐츠학회 (NODE12267725, IF: 1.28)"
1298,2025,컴퓨터학,755870708,한유진,1,0.0,0.0,"한국디지털콘텐츠학회 (NODE12267725, IF: 1.28)"
1299,2025,컴퓨터학,622908396,박규홍,1,0.0,0.0,"한국디지털콘텐츠학회 (NODE12267725, IF: 1.28)"
1300,2025,컴퓨터학,214765514,양서진,1,0.0,0.0,"한국디지털콘텐츠학회 (NODE12267727, IF: 1.28)"
1301,2025,컴퓨터학,651953082,정현성,1,0.0,0.0,"한국디지털콘텐츠학회 (NODE12267733, IF: 1.28)"
1302,2025,컴퓨터학,731194714,고현원,1,0.0,0.0,"한국디지털콘텐츠학회 (NODE12267733, IF: 1.28)"
1303,2025,컴퓨터학,599964129,권기현,1,0.0,0.0,"한국디지털콘텐츠학회 (NODE12267735, IF: 1.28)"
1304,2025,컴퓨터학,264881730,김남용,1,0.0,0.0,"한국디지털콘텐츠학회 (NODE12267735, IF: 1.28)"
1305,2025,컴퓨터학,809162056,조민정,1,0.0,0.0,"한국디지털콘텐츠학회 (NODE12267738, IF: 1.28)"
1306,2025,컴퓨터학,365888955,박인선,1,0.0,0.0,"한국디지털콘텐츠학회 (NODE12267740, IF: 1.28)"
1307,2025,컴퓨터학,500019821,이귀남,1,0.0,0.0,"한국디지털콘텐츠학회 (NODE12267740, IF: 1.28)"
1308,2025,컴퓨터학,495254373,이소현,1,0.0,0.0,"한국디지털콘텐츠학회 (NODE12267740, IF: 1.28)"
1309,2025,컴퓨터학,878180212,박은정,1,0.0,0.0,"한국디지털콘텐츠학회 (NODE12267742, IF: 1.28)"
1310,2025,컴퓨터학,437987342,이경복,1,0.0,0.0,"한국디지털콘텐츠학회 (NODE12267742, IF: 1.28)"
1311,2025,컴퓨터학,439191181,노광현,1,0.0,0.0,"한국디지털콘텐츠학회 (NODE12267742, IF: 1.28)"
1312,2025,컴퓨터학,885483724,김영준,1,0.0,0.0,"한국디지털콘텐츠학회 (NODE12267746, IF: 1.28)"
1313,2025,컴퓨터학,129685736,이준형,1,0.0,0.0,"한국디지털콘텐츠학회 (NODE12267746, IF: 1.28)"
1314,2025,컴퓨터학,416975152,양인철,1,0.0,0.0,"한국디지털콘텐츠학회 (NODE12267746, IF: 1.28)"
1315,2025,컴퓨터학,446889147,전소진,1,0.0,0.0,"한국컴퓨터그래픽스학회 (NODE12342240, IF: 0.44)"
1316,2025,컴퓨터학,283224306,서지완,1,0.0,0.0,"한국컴퓨터그래픽스학회 (NODE12342240, IF: 0.44)"
1317,2025,컴퓨터학,588471570,계희원,1,0.0,0.0,"한국컴퓨터그래픽스학회 (NODE12342240, IF: 0.44)"
1318,2025,컴퓨터학,957543731,김영혜,1,0.0,0.0,"한국전자거래학회 (NODE12354326, IF: 1.58)"
1319,2025,컴퓨터학,692512055,최준철,1,0.0,0.0,"한국전자거래학회 (NODE12354326, IF: 1.58)"
1320,2025,컴퓨터학,63617,김진수,1,0.0,0.0,"한국전자거래학회 (NODE12354326, IF: 1.58)"
1321,2025,컴퓨터학,392147,양성병,1,0.0,0.0,"한국전자거래학회 (NODE12354326, IF: 1.58)"
1322,2025,컴퓨터학,364091988,송지유,1,0.0,0.0,"한국전자거래학회 (NODE12354328, IF: 1.58)"
1323,2025,컴퓨터학,592609968,차병현,1,0.0,0.0,"한국전자거래학회 (NODE12354328, IF: 1.58)"
1324,2025,컴퓨터학,1159414,김해중,1,0.0,0.0,"한국전자거래학회 (NODE12354328, IF: 1.58)"
1325,2025,컴퓨터학,597744409,Hyemi Lee,1,0.0,0.0,"한국전자거래학회 (NODE12354329, IF: 1.58)"
1326,2025,컴퓨터학,5145633,Suhan Woo,1,0.0,0.0,"한국전자거래학회 (NODE12354329, IF: 1.58)"
1327,2025,컴퓨터학,619246,Jungjoo Jahng,1,0.0,0.0,"한국전자거래학회 (NODE12354329, IF: 1.58)"
1328,2025,컴퓨터학,160428073,박서연,1,0.0,0.0,"한국전자거래학회 (NODE12354331, IF: 1.58)"
1329,2025,컴퓨터학,833232199,차승원,1,0.0,0.0,"한국전자거래학회 (NODE12354331, IF: 1.58)"
1330,2025,컴퓨터학,690218718,이평희,1,0.0,0.0,"한국전자거래학회 (NODE12354331, IF: 1.58)"
1331,2025,컴퓨터학,644758003,강하늘,1,0.0,0.0,"한국전자거래학회 (NODE12354331, IF: 1.58)"
1332,2025,컴퓨터학,5338259,한준희,1,0.0,0.0,"한국전자거래학회 (NODE12354331, IF: 1.58)"
1333,2025,컴퓨터학,1825636,이병천,1,0.0,0.0,"한국전자거래학회 (NODE12354332, IF: 1.58)"
1334,2025,컴퓨터학,324851,오현주,1,0.0,0.0,"한국전자거래학회 (NODE12354333, IF: 1.58)"
1335,2025,컴퓨터학,307891871,강유진,1,0.0,0.0,"한국전자거래학회 (NODE12354333, IF: 1.58)"
1336,2025,컴퓨터학,501830,권오병,1,0.0,0.0,"한국전자거래학회 (NODE12354333, IF: 1.58)"
1337,2025,컴퓨터학,364053323,구동현,1,0.0,0.0,"한국전자거래학회 (NODE12354334, IF: 1.58)"
1338,2025,컴퓨터학,138487549,서윤,1,0.0,0.0,"한국전자거래학회 (NODE12354334, IF: 1.58)"
1339,2025,컴퓨터학,977476469,홍준기,1,0.0,0.0,"한국전자거래학회 (NODE12354334, IF: 1.58)"
1340,2025,컴퓨터학,913958064,최한선,1,0.0,0.0,"한국전자거래학회 (NODE12354336, IF: 1.58)"
1341,2025,컴퓨터학,4206406,이영훈,1,0.0,0.0,"한국전자거래학회 (NODE12354336, IF: 1.58)"
1342,2025,컴퓨터학,613876369,임용준,1,0.0,0.0,"한국전자거래학회 (NODE12354337, IF: 1.58)"
1343,2025,컴퓨터학,506780,장태우,1,0.0,0.0,"한국전자거래학회 (NODE12354337, IF: 1.58)"
1344,2025,컴퓨터학,1142174,이정철,1,0.0,0.0,"한국전자거래학회 (NODE12354337, IF: 1.58)"
1345,2025,컴퓨터학,329985668,홍수빈,1,0.0,0.0,"한국전자거래학회 (NODE12354337, IF: 1.58)"
1346,2025,컴퓨터학,111760998,강정광,1,0.0,0.0,"한국전자거래학회 (NODE12354337, IF: 1.58)"
1347,2025,컴퓨터학,759633200,편집부,1,0.0,0.0,"한국전자거래학회 (NODE12354338, IF: 1.58)"
1348,2025,컴퓨터학,105030289,변지민,1,0.0,0.0,"한국정보보호학회 (NODE12431093, IF: 0.41)"
1349,2025,컴퓨터학,506694597,전상훈,1,0.0,0.0,"한국정보보호학회 (NODE12431093, IF: 0.41)"
1350,2025,컴퓨터학,337212220,우재영,1,0.0,0.0,"한국정보보호학회 (NODE12431095, IF: 0.41)"
1351,2025,컴퓨터학,337324695,남시영,1,0.0,0.0,"한국정보보호학회 (NODE12431095, IF: 0.41)"
1352,2025,컴퓨터학,130080927,박정민,1,0.0,0.0,"한국정보보호학회 (NODE12431095, IF: 0.41)"
1353,2025,컴퓨터학,937350943,김혜영,1,0.0,0.0,"한국정보보호학회 (NODE12431095, IF: 0.41)"
1354,2025,컴퓨터학,587690366,박정형,1,0.0,0.0,"한국정보보호학회 (NODE12431096, IF: 0.41)"
1355,2025,컴퓨터학,666105370,고준석,1,0.0,0.0,"한국정보보호학회 (NODE12431097, IF: 0.41)"
1356,2025,컴퓨터학,117474604,김태훈,1,0.0,0.0,"한국정보보호학회 (NODE12431097, IF: 0.41)"
1357,2025,컴퓨터학,788238908,이상화,1,0.0,0.0,"한국정보보호학회 (NODE12431098, IF: 0.41)"
1358,2025,컴퓨터학,297109414,김소정,1,0.0,0.0,"한국정보보호학회 (NODE12431102, IF: 0.41)"
1359,2025,컴퓨터학,820861042,이현진,1,0.0,0.0,"한국정보보호학회 (NODE12431102, IF: 0.41)"
1360,2025,컴퓨터학,625676667,김진국,1,0.0,0.0,"한국정보보호학회 (NODE12431102, IF: 0.41)"
1361,2025,컴퓨터학,687128413,김소희,1,0.0,0.0,"한국정보보호학회 (NODE12431104, IF: 0.41)"
1362,2025,컴퓨터학,442311776,임예은,1,0.0,0.0,"한국정보보호학회 (NODE12431104, IF: 0.41)"
1363,2025,컴퓨터학,537069603,임하늘,1,0.0,0.0,"한국정보보호학회 (NODE12431104, IF: 0.41)"
1364,2025,컴퓨터학,256332368,임홍제,1,0.0,0.0,"한국정보보호학회 (NODE12431107, IF: 0.41)"
1365,2025,컴퓨터학,122294191,정찬기,1,0.0,0.0,"한국정보보호학회 (NODE12431107, IF: 0.41)"
1366,2025,컴퓨터학,293188843,정금철,1,0.0,0.0,"한국정보보호학회 (NODE12431109, IF: 0.41)"
1367,2025,컴퓨터학,885736532,조현재,1,0.0,0.0,"한국정보보호학회 (NODE12431110, IF: 0.41)"
1368,2025,컴퓨터학,295074873,김영준,1,0.0,0.0,"한국정보보호학회 (NODE12431110, IF: 0.41)"
1369,2025,컴퓨터학,592363784,김민철,1,0.0,0.0,"한국정보보호학회 (NODE12431110, IF: 0.41)"
1370,2025,컴퓨터학,135404653,김광수,1,0.0,0.0,"한국정보보호학회 (NODE12431110, IF: 0.41)"
1371,2025,컴퓨터학,307466896,류한얼,1,0.0,0.0,"한국정보보호학회 (NODE12431110, IF: 0.41)"
1372,2025,컴퓨터학,518617055,정진우,1,0.0,0.0,"한국정보보호학회 (NODE12431110, IF: 0.41)"
1373,2025,컴퓨터학,397350779,신욱,1,0.0,0.0,"한국정보보호학회 (NODE12431111, IF: 0.41)"
1374,2025,컴퓨터학,506283865,김형관,1,0.0,0.0,"한국정보보호학회 (NODE12431111, IF: 0.41)"
1375,2025,컴퓨터학,716273032,이형규,1,0.0,0.0,"한국정보보호학회 (NODE12431111, IF: 0.41)"
1376,2025,컴퓨터학,755137278,강정민,1,0.0,0.0,"한국정보보호학회 (NODE12431111, IF: 0.41)"
1377,2025,컴퓨터학,877697686,최지윤,1,0.0,0.0,"한국정보보호학회 (NODE12431112, IF: 0.41)"
1378,2025,컴퓨터학,995256315,김혜지,1,0.0,0.0,"한국정보보호학회 (NODE12431113, IF: 0.41)"
1379,2025,컴퓨터학,539320351,박유란,1,0.0,0.0,"한국정보보호학회 (NODE12431113, IF: 0.41)"
1380,2025,컴퓨터학,204425487,류재광,1,0.0,0.0,"한국정보보호학회 (NODE12431113, IF: 0.41)"
1381,2025,컴퓨터학,138386080,홍준희,1,0.0,0.0,"한국정보보호학회 (NODE12431113, IF: 0.41)"
1382,2025,컴퓨터학,641391706,김영서,1,0.0,0.0,"한국정보보호학회 (NODE12431113, IF: 0.41)"
1383,2025,컴퓨터학,780484834,김희주,1,0.0,0.0,"한국정보보호학회 (NODE12431113, IF: 0.41)"
1384,2025,컴퓨터학,635080835,박미소,1,0.0,0.0,"한국정보보호학회 (NODE12431113, IF: 0.41)"
1385,2025,컴퓨터학,254314153,지찬영,1,0.0,0.0,"한국정보보호학회 (NODE12431113, IF: 0.41)"
1386,2025,컴퓨터학,784395438,정다은,1,0.0,0.0,"한국정보보호학회 (NODE12431113, IF: 0.41)"
1387,2025,컴퓨터학,655623881,김준범,1,0.0,0.0,"한국정보보호학회 (NODE12431113, IF: 0.41)"
1388,2025,컴퓨터학,874529859,윤승준,1,0.0,0.0,"한국정보보호학회 (NODE12431115, IF: 0.41)"
1389,2025,컴퓨터학,401357451,윤상필,1,0.0,0.0,"한국정보보호학회 (NODE12431115, IF: 0.41)"
1390,2025,컴퓨터학,362463316,강문식,1,0.0,0.0,"한국컴퓨터정보학회 (NODE12296061, IF: 0.81)"
1391,2025,컴퓨터학,704002816,이동원,1,0.0,0.0,"한국컴퓨터정보학회 (NODE12296064, IF: 0.81)"
1392,2025,컴퓨터학,539013231,문정현,1,0.0,0.0,"한국컴퓨터정보학회 (NODE12296066, IF: 0.81)"
1393,2025,컴퓨터학,895307495,김승하,1,0.0,0.0,"한국컴퓨터정보학회 (NODE12296066, IF: 0.81)"
1394,2025,컴퓨터학,161615059,최봉준,1,0.0,0.0,"한국컴퓨터정보학회 (NODE12296066, IF: 0.81)"
1395,2025,컴퓨터학,379688109,박희덕,1,0.0,0.0,"한국컴퓨터정보학회 (NODE12296066, IF: 0.81)"
1396,2025,컴퓨터학,923300216,오다은,1,0.0,0.0,"한국컴퓨터정보학회 (NODE12296070, IF: 0.81)"
1397,2025,컴퓨터학,811180631,최민수,1,0.0,0.0,"한국컴퓨터정보학회 (NODE12296071, IF: 0.81)"
1398,2025,컴퓨터학,610039717,강태석,1,0.0,0.0,"한국컴퓨터정보학회 (NODE12296073, IF: 0.81)"
1399,2025,컴퓨터학,446619861,고현규,1,0.0,0.0,"한국컴퓨터정보학회 (NODE12296073, IF: 0.81)"
1400,2025,컴퓨터학,533249441,진현진,1,0.0,0.0,"한국컴퓨터정보학회 (NODE12296074, IF: 0.81)"
1401,2025,컴퓨터학,220579424,소지훈,1,0.0,0.0,"한국컴퓨터정보학회 (NODE12296074, IF: 0.81)"
1402,2025,컴퓨터학,380075576,김상욱,1,0.0,0.0,"한국컴퓨터정보학회 (NODE12296079, IF: 0.81)"
1403,2025,컴퓨터학,332978160,김관숙,1,0.0,0.0,"한국컴퓨터정보학회 (NODE12296081, IF: 0.81)"
1404,2025,컴퓨터학,920283171,김용섭,1,0.0,0.0,"한국컴퓨터정보학회 (NODE12296081, IF: 0.81)"
1405,2025,컴퓨터학,483335837,최치원,1,0.0,0.0,"한국컴퓨터정보학회 (NODE12296081, IF: 0.81)"
1406,2025,컴퓨터학,420409278,이해인,1,0.0,0.0,"한국디지털콘텐츠학회 (NODE12296266, IF: 1.28)"
1407,2025,컴퓨터학,375089516,허윤정,1,0.0,0.0,"한국디지털콘텐츠학회 (NODE12296266, IF: 1.28)"
1408,2025,컴퓨터학,757725567,변재규,1,0.0,0.0,"한국디지털콘텐츠학회 (NODE12296267, IF: 1.28)"
1409,2025,컴퓨터학,3861796,황서이,1,0.0,0.0,"한국디지털콘텐츠학회 (NODE12296270, IF: 1.28)"
1410,2025,컴퓨터학,452287931,황혜정,1,0.0,0.0,"한국디지털콘텐츠학회 (NODE12296271, IF: 1.28)"
1411,2025,컴퓨터학,242175102,정필연,1,0.0,0.0,"한국디지털콘텐츠학회 (NODE12296272, IF: 1.28)"
1412,2025,컴퓨터학,364496465,연석정,1,0.0,0.0,"한국디지털콘텐츠학회 (NODE12296272, IF: 1.28)"
1413,2025,컴퓨터학,459660550,임경희,1,0.0,0.0,"한국디지털콘텐츠학회 (NODE12296274, IF: 1.28)"
1414,2025,컴퓨터학,445287969,유경한,1,0.0,0.0,"한국디지털콘텐츠학회 (NODE12296274, IF: 1.28)"
1415,2025,컴퓨터학,866582139,이정희,1,0.0,0.0,"한국디지털콘텐츠학회 (NODE12296275, IF: 1.28)"
1416,2025,컴퓨터학,641615556,윤승정,1,0.0,0.0,"한국디지털콘텐츠학회 (NODE12296275, IF: 1.28)"
1417,2025,컴퓨터학,110022321,남시영,1,0.0,0.0,"한국디지털콘텐츠학회 (NODE12296276, IF: 1.28)"
1418,2025,컴퓨터학,589558960,우재영,1,0.0,0.0,"한국디지털콘텐츠학회 (NODE12296276, IF: 1.28)"
1419,2025,컴퓨터학,599119279,박정민,1,0.0,0.0,"한국디지털콘텐츠학회 (NODE12296276, IF: 1.28)"
1420,2025,컴퓨터학,591075385,김혜영,1,0.0,0.0,"한국디지털콘텐츠학회 (NODE12296276, IF: 1.28)"
1421,2025,컴퓨터학,403258962,김민재,1,0.0,0.0,"한국디지털콘텐츠학회 (NODE12296278, IF: 1.28)"
1422,2025,컴퓨터학,252808710,후왕지에,1,0.0,0.0,"한국디지털콘텐츠학회 (NODE12296282, IF: 1.28)"
1423,2025,컴퓨터학,922983596,정창원,1,0.0,0.0,"한국디지털콘텐츠학회 (NODE12296282, IF: 1.28)"
1424,2025,컴퓨터학,5497051,임한솔,1,0.0,0.0,"한국디지털콘텐츠학회 (NODE12296282, IF: 1.28)"
1425,2025,컴퓨터학,747858891,임보영,1,0.0,0.0,"한국디지털콘텐츠학회 (NODE12408859, IF: 1.28)"
1426,2025,컴퓨터학,344901089,최정아,1,0.0,0.0,"한국디지털콘텐츠학회 (NODE12408860, IF: 1.28)"
1427,2025,컴퓨터학,371297942,홍시은,1,0.0,0.0,"한국디지털콘텐츠학회 (NODE12408861, IF: 1.28)"
1428,2025,컴퓨터학,611879626,김예지,1,0.0,0.0,"한국디지털콘텐츠학회 (NODE12408861, IF: 1.28)"
1429,2025,컴퓨터학,542361172,이정현,1,0.0,0.0,"한국디지털콘텐츠학회 (NODE12408865, IF: 1.28)"
1430,2025,컴퓨터학,573001753,김효정,1,0.0,0.0,"한국디지털콘텐츠학회 (NODE12408866, IF: 1.28)"
1431,2025,컴퓨터학,491428706,박진석,1,0.0,0.0,"한국디지털콘텐츠학회 (NODE12408868, IF: 1.28)"
1432,2025,컴퓨터학,951226828,권정민,1,0.0,0.0,"한국디지털콘텐츠학회 (NODE12408868, IF: 1.28)"
1433,2025,컴퓨터학,908077107,김동심,1,0.0,0.0,"한국디지털콘텐츠학회 (NODE12408868, IF: 1.28)"
1434,2025,컴퓨터학,702471502,김주성,1,0.0,0.0,"한국디지털콘텐츠학회 (NODE12408868, IF: 1.28)"
1435,2025,컴퓨터학,708385772,이정아,1,0.0,0.0,"한국디지털콘텐츠학회 (NODE12408868, IF: 1.28)"
1436,2025,컴퓨터학,610959863,강희령,1,0.0,0.0,"한국디지털콘텐츠학회 (NODE12408870, IF: 1.28)"
1437,2025,컴퓨터학,668571628,류지헌,1,0.0,0.0,"한국디지털콘텐츠학회 (NODE12408870, IF: 1.28)"
1438,2025,컴퓨터학,758439315,김국현,1,0.0,0.0,"한국디지털콘텐츠학회 (NODE12408870, IF: 1.28)"
1439,2025,컴퓨터학,689690057,김병수,1,0.0,0.0,"한국디지털포렌식학회 (NODE12464774, IF: 0.72)"
1440,2025,컴퓨터학,288782801,이동건,1,0.0,0.0,"한국디지털포렌식학회 (NODE12464774, IF: 0.72)"
1441,2025,컴퓨터학,802998748,이관희,1,0.0,0.0,"한국디지털포렌식학회 (NODE12464774, IF: 0.72)"
1442,2025,컴퓨터학,350365519,문찬주,1,0.0,0.0,"한국디지털포렌식학회 (NODE12464775, IF: 0.72)"
1443,2025,컴퓨터학,892300600,하태원,1,0.0,0.0,"한국전자거래학회 (NODE12487925, IF: 1.58)"
1444,2025,컴퓨터학,956883058,이하림,1,0.0,0.0,"한국전자거래학회 (NODE12487925, IF: 1.58)"
1445,2025,컴퓨터학,564490220,황규선,1,0.0,0.0,"한국전자거래학회 (NODE12487925, IF: 1.58)"
1446,2025,컴퓨터학,813931764,이보경,1,0.0,0.0,"한국전자거래학회 (NODE12487926, IF: 1.58)"
1447,2025,컴퓨터학,565345603,정찬혁,1,0.0,0.0,"한국전자거래학회 (NODE12487926, IF: 1.58)"
1448,2025,컴퓨터학,852132285,박성은,1,0.0,0.0,"한국전자거래학회 (NODE12487926, IF: 1.58)"
1449,2025,컴퓨터학,859503021,양종원,1,0.0,0.0,"한국전자거래학회 (NODE12487927, IF: 1.58)"
1450,2025,컴퓨터학,847853088,홍기완,1,0.0,0.0,"한국전자거래학회 (NODE12487928, IF: 1.58)"
1451,2025,컴퓨터학,262256883,ChangHyun Lee,1,0.0,0.0,"한국전자거래학회 (NODE12487929, IF: 1.58)"
1452,2025,컴퓨터학,743271230,차경진,1,0.0,0.0,"한국전자거래학회 (NODE12487929, IF: 1.58)"
1453,2025,컴퓨터학,386735920,김미선,1,0.0,0.0,"한국전자거래학회 (NODE12487930, IF: 1.58)"
1454,2025,컴퓨터학,363515125,김주영,1,0.0,0.0,"한국정보보호학회 (NODE12334179, IF: 0.41)"
1455,2025,컴퓨터학,150840773,이호준,1,0.0,0.0,"한국정보보호학회 (NODE12334179, IF: 0.41)"
1456,2025,컴퓨터학,756729299,황태영,1,0.0,0.0,"한국정보보호학회 (NODE12334180, IF: 0.41)"
1457,2025,컴퓨터학,254040863,최민성,1,0.0,0.0,"한국정보보호학회 (NODE12334180, IF: 0.41)"
1458,2025,컴퓨터학,406513286,전유석,1,0.0,0.0,"한국정보보호학회 (NODE12334180, IF: 0.41)"
1459,2025,컴퓨터학,518166201,양광직,1,0.0,0.0,"한국정보보호학회 (NODE12334181, IF: 0.41)"
1460,2025,컴퓨터학,626308468,이근우,1,0.0,0.0,"한국정보보호학회 (NODE12334181, IF: 0.41)"
1461,2025,컴퓨터학,238289073,한상윤,1,0.0,0.0,"한국정보보호학회 (NODE12334181, IF: 0.41)"
1462,2025,컴퓨터학,765627827,박진형,1,0.0,0.0,"한국정보보호학회 (NODE12334181, IF: 0.41)"
1463,2025,컴퓨터학,184585892,백유진,1,0.0,0.0,"한국정보보호학회 (NODE12334183, IF: 0.41)"
1464,2025,컴퓨터학,428599197,전인태,1,0.0,0.0,"한국정보보호학회 (NODE12334185, IF: 0.41)"
1465,2025,컴퓨터학,368906655,구형준,1,0.0,0.0,"한국정보보호학회 (NODE12334185, IF: 0.41)"
1466,2025,컴퓨터학,128522766,한종문,1,0.0,0.0,"한국정보보호학회 (NODE12334186, IF: 0.41)"
1467,2025,컴퓨터학,853706086,박수연,1,0.0,0.0,"한국정보보호학회 (NODE12334192, IF: 0.41)"
1468,2025,컴퓨터학,574675228,전희도,1,0.0,0.0,"한국정보보호학회 (NODE12334192, IF: 0.41)"
1469,2025,컴퓨터학,217619888,박건우,1,0.0,0.0,"한국정보보호학회 (NODE12334193, IF: 0.41)"
1470,2025,컴퓨터학,857047977,호혁진,1,0.0,0.0,"한국정보보호학회 (NODE12334194, IF: 0.41)"
1471,2025,컴퓨터학,824209023,모지식,1,0.0,0.0,"Korean Institute of Information Scientists and Engineers (NODE12252214, IF: 0.0)"
1472,2025,컴퓨터학,351783438,최수용,1,0.0,0.042514,"Korean Institute of Information Scientists and Engineers (NODE12252215, IF: 0.0)"
1473,2025,컴퓨터학,844305299,강조은,1,0.0,0.064695,"Korean Institute of Information Scientists and Engineers (NODE12252216, IF: 0.0)"
1474,2025,컴퓨터학,539430987,정가연,1,0.0,0.064695,"Korean Institute of Information Scientists and Engineers (NODE12252216, IF: 0.0)"
1475,2025,컴퓨터학,850819163,김한샘,1,0.0,0.064695,"Korean Institute of Information Scientists and Engineers (NODE12252216, IF: 0.0)"
1476,2025,컴퓨터학,679710161,안신천,1,0.0,0.055452,"Korean Institute of Information Scientists and Engineers (NODE12252217, IF: 0.0)"
1477,2025,컴퓨터학,973019227,송일석,1,0.0,0.055452,"Korean Institute of Information Scientists and Engineers (NODE12252217, IF: 0.0)"
1478,2025,컴퓨터학,239365610,권주은,1,0.0,0.055452,"Korean Institute of Information Scientists and Engineers (NODE12252217, IF: 0.0)"
1479,2025,컴퓨터학,861592839,권세이,1,0.0,0.055452,"Korean Institute of Information Scientists and Engineers (NODE12252217, IF: 0.0)"
1480,2025,컴퓨터학,119539854,최민진,1,0.0,0.0,"Korean Institute of Information Scientists and Engineers (NODE12252218, IF: 0.0)"
1481,2025,컴퓨터학,984200257,송태웅,1,0.0,0.17652400000000001,"Korean Institute of Information Scientists and Engineers (NODE12252219, IF: 0.0)"
1482,2025,컴퓨터학,601012440,김진혁,1,0.0,0.17652400000000001,"Korean Institute of Information Scientists and Engineers (NODE12252219, IF: 0.0)"
1483,2025,컴퓨터학,684411894,박현준,1,0.0,0.17652400000000001,"Korean Institute of Information Scientists and Engineers (NODE12252219, IF: 0.0)"
1484,2025,컴퓨터학,403911473,Thomas Hove,1,0.0,0.0,"한국디지털콘텐츠학회 (NODE12124207, IF: 1.28)"
1485,2025,컴퓨터학,995157127,Hye Hyun Ma,1,0.0,0.0,"한국디지털콘텐츠학회 (NODE12124207, IF: 1.28)"
1486,2025,컴퓨터학,264528193,Hye-Jin Paek,1,0.0,0.0,"한국디지털콘텐츠학회 (NODE12124207, IF: 1.28)"
1487,2025,컴퓨터학,570693995,조장원,1,0.0,0.0,"한국디지털콘텐츠학회 (NODE12124212, IF: 1.28)"
1488,2025,컴퓨터학,304168167,배종환,1,0.0,0.0,"한국디지털콘텐츠학회 (NODE12124212, IF: 1.28)"
1489,2025,컴퓨터학,613316078,유현배,1,0.0,0.0,"한국디지털콘텐츠학회 (NODE12124212, IF: 1.28)"
1490,2025,컴퓨터학,119641573,박선희,1,0.0,0.0,"한국디지털콘텐츠학회 (NODE12124212, IF: 1.28)"
1491,2025,컴퓨터학,243432941,최효범,1,0.0,0.0,"한국디지털콘텐츠학회 (NODE12124216, IF: 1.28)"
1492,2025,컴퓨터학,262195567,최연호,1,0.0,0.0,"한국디지털콘텐츠학회 (NODE12124221, IF: 1.28)"
1493,2025,컴퓨터학,461275027,박예준,1,0.0,0.0,"한국디지털콘텐츠학회 (NODE12124224, IF: 1.28)"
1494,2025,컴퓨터학,221730034,최서헌,1,0.0,0.0,"한국디지털콘텐츠학회 (NODE12124224, IF: 1.28)"
1495,2025,컴퓨터학,993349,김현정,1,0.0,0.0,"한국디지털콘텐츠학회 (NODE12124224, IF: 1.28)"
1496,2025,컴퓨터학,956619202,김형민,1,0.0,0.0,"한국디지털콘텐츠학회 (NODE12124225, IF: 1.28)"
1497,2025,컴퓨터학,778579784,이수현,1,0.0,0.0,"Korean Institute of Information Scientists and Engineers (NODE12153354, IF: 0.0)"
1498,2025,컴퓨터학,374093205,박종열,1,0.0,0.0,"Korean Institute of Information Scientists and Engineers (NODE12153354, IF: 0.0)"
1499,2025,컴퓨터학,818655489,김준혁,1,0.0,0.0,"Korean Institute of Information Scientists and Engineers (NODE12153355, IF: 0.0)"
1500,2025,컴퓨터학,877396339,김준오,1,0.0,0.0,"Korean Institute of Information Scientists and Engineers (NODE12153355, IF: 0.0)"
1501,2025,컴퓨터학,395597458,조경은,1,0.0,0.0,"Korean Institute of Information Scientists and Engineers (NODE12153355, IF: 0.0)"
1502,2025,컴퓨터학,939542570,황태호,1,0.0,0.0,"Korean Institute of Information Scientists and Engineers (NODE12153356, IF: 0.0)"
1503,2025,컴퓨터학,720026346,정소영,1,0.0,0.0,"Korean Institute of Information Scientists and Engineers (NODE12153356, IF: 0.0)"
1504,2025,컴퓨터학,927620220,조예령,1,0.0,0.055452,"Korean Institute of Information Scientists and Engineers (NODE12153357, IF: 0.0)"
1505,2025,컴퓨터학,968316596,최서인,1,0.0,0.170979,"Korean Institute of Information Scientists and Engineers (NODE12153358, IF: 0.0)"
1506,2025,컴퓨터학,5426336,박대민,1,0.0,0.170979,"Korean Institute of Information Scientists and Engineers (NODE12153358, IF: 0.0)"
1507,2025,컴퓨터학,425568548,온병원,1,0.0,0.170979,"Korean Institute of Information Scientists and Engineers (NODE12153358, IF: 0.0)"
1508,2025,컴퓨터학,736438457,김상혁,1,0.0,0.0,"Korean Institute of Information Scientists and Engineers (NODE12153359, IF: 0.0)"
1509,2025,컴퓨터학,978516290,정인수,1,0.0,0.0,"Korean Institute of Information Scientists and Engineers (NODE12153359, IF: 0.0)"
1510,2025,컴퓨터학,612318189,전종우,1,0.0,0.0,"Korean Institute of Information Scientists and Engineers (NODE12153359, IF: 0.0)"
1511,2025,컴퓨터학,446592946,송상호,1,0.0,0.0,"Korean Institute of Information Scientists and Engineers (NODE12153359, IF: 0.0)"
1512,2025,컴퓨터학,369435805,레티티 디옵 에미네 크리스토퍼,1,0.0,0.0,"Korean Institute of Information Scientists and Engineers (NODE12153359, IF: 0.0)"
1513,2025,컴퓨터학,100802465,최도진,1,0.0,0.0,"Korean Institute of Information Scientists and Engineers (NODE12153359, IF: 0.0)"
1514,2025,컴퓨터학,813500832,박준호,1,0.0,0.0,"Korean Institute of Information Scientists and Engineers (NODE12153360, IF: 0.0)"
1515,2025,컴퓨터학,529914734,황지영,1,0.0,0.0,"Korean Institute of Information Scientists and Engineers (NODE12153360, IF: 0.0)"
1516,2025,컴퓨터학,683081801,서형원,1,0.0,0.101664,"Korean Institute of Information Scientists and Engineers (NODE12153361, IF: 0.0)"
1517,2025,컴퓨터학,399644563,김동수,1,0.0,0.101664,"Korean Institute of Information Scientists and Engineers (NODE12153361, IF: 0.0)"
1518,2025,컴퓨터학,711609746,이지상,1,0.0,0.101664,"Korean Institute of Information Scientists and Engineers (NODE12153361, IF: 0.0)"
1519,2025,컴퓨터학,947232859,Yanru Chen,1,0.0,0.0,"한국전자거래학회 (NODE12101220, IF: 1.58)"
1520,2025,컴퓨터학,1518085,최재원,1,0.0,0.0,"한국전자거래학회 (NODE12101220, IF: 1.58)"
1521,2025,컴퓨터학,660234903,전예림,1,0.0,0.0,"한국전자거래학회 (NODE12101221, IF: 1.58)"
1522,2025,컴퓨터학,985814064,최예지,1,0.0,0.0,"한국전자거래학회 (NODE12101221, IF: 1.58)"
1523,2025,컴퓨터학,104052165,김지원,1,0.0,0.0,"한국전자거래학회 (NODE12101223, IF: 1.58)"
1524,2025,컴퓨터학,181722744,이예원,1,0.0,0.0,"한국전자거래학회 (NODE12101223, IF: 1.58)"
1525,2025,컴퓨터학,824995196,이지형,1,0.0,0.0,"한국전자거래학회 (NODE12101226, IF: 1.58)"
1526,2025,컴퓨터학,513791045,김종우,1,0.0,0.0,"한국전자거래학회 (NODE12101226, IF: 1.58)"
1527,2025,컴퓨터학,372646622,오은주,1,0.0,0.0,"한국전자거래학회 (NODE12101230, IF: 1.58)"
1528,2025,컴퓨터학,835727761,유인혜,1,0.0,0.0,"한국전자거래학회 (NODE12101230, IF: 1.58)"
1529,2025,컴퓨터학,872579674,이종섭,1,0.0,0.0,"ICT플랫폼학회 (NODE12454999, IF: 0.42)"
1530,2025,컴퓨터학,226398357,Seok-Jae Moon,1,0.0,0.0,"ICT플랫폼학회 (NODE12454999, IF: 0.42)"
1531,2025,컴퓨터학,865725115,강윤석,1,0.0,0.0,"ICT플랫폼학회 (NODE12455000, IF: 0.42)"
1532,2025,컴퓨터학,993023181,현준서,1,0.0,0.0,"ICT플랫폼학회 (NODE12455001, IF: 0.42)"
1533,2025,컴퓨터학,102021896,조재혁,1,0.0,0.0,"ICT플랫폼학회 (NODE12455001, IF: 0.42)"
1534,2025,컴퓨터학,259679373,이동연,1,0.0,0.0,"ICT플랫폼학회 (NODE12455002, IF: 0.42)"
1535,2025,컴퓨터학,909608569,이상태,1,0.0,0.0,"ICT플랫폼학회 (NODE12455006, IF: 0.42)"
1536,2025,컴퓨터학,312166692,박지혜,1,0.0,0.0,"ICT플랫폼학회 (NODE12455006, IF: 0.42)"
1537,2025,컴퓨터학,899309881,장우현,1,0.0,0.0,"ICT플랫폼학회 (NODE12455006, IF: 0.42)"
1538,2025,컴퓨터학,963911194,김사연,1,0.0,0.0,"ICT플랫폼학회 (NODE12455006, IF: 0.42)"
1539,2025,컴퓨터학,961866550,이올미,1,0.0,0.0,"ICT플랫폼학회 (NODE12455006, IF: 0.42)"
1540,2025,컴퓨터학,127060457,이선희,1,0.0,0.0,"ICT플랫폼학회 (NODE12455007, IF: 0.42)"
1541,2025,컴퓨터학,237341992,무라야마 히데토시,1,0.0,0.0,"ICT플랫폼학회 (NODE12455008, IF: 0.42)"
1542,2025,컴퓨터학,648230398,김은진,1,0.0,0.0,"한국디지털포렌식학회 (NODE12293286, IF: 0.72)"
1543,2025,컴퓨터학,342120483,유정각,1,0.0,0.0,"한국디지털포렌식학회 (NODE12293293, IF: 0.72)"
1544,2025,컴퓨터학,426890927,전희수,1,0.0,0.0,"한국디지털포렌식학회 (NODE12293293, IF: 0.72)"
1545,2025,컴퓨터학,398271263,김규연,1,0.0,0.0,"한국디지털포렌식학회 (NODE12293293, IF: 0.72)"
1546,2025,컴퓨터학,108871099,이준형,1,0.0,0.0,"한국디지털포렌식학회 (NODE12293293, IF: 0.72)"
1547,2025,컴퓨터학,616045492,남정학,1,0.0,0.0,"한국컴퓨터정보학회 (NODE12206716, IF: 0.81)"
1548,2025,컴퓨터학,486513158,송현석,1,0.0,0.0,"한국컴퓨터정보학회 (NODE12206716, IF: 0.81)"
1549,2025,컴퓨터학,685030385,장은서,1,0.0,0.0,"한국컴퓨터정보학회 (NODE12206716, IF: 0.81)"
1550,2025,컴퓨터학,438105501,정윤지,1,0.0,0.0,"한국컴퓨터정보학회 (NODE12206716, IF: 0.81)"
1551,2025,컴퓨터학,254116705,하종수,1,0.0,0.0,"한국컴퓨터정보학회 (NODE12206718, IF: 0.81)"
1552,2025,컴퓨터학,794989358,권영수,1,0.0,0.0,"한국컴퓨터정보학회 (NODE12206718, IF: 0.81)"
1553,2025,컴퓨터학,637993364,김진아,1,0.0,0.0,"한국컴퓨터정보학회 (NODE12206718, IF: 0.81)"
1554,2025,컴퓨터학,842469118,최유주,1,0.0,0.0,"한국컴퓨터정보학회 (NODE12206718, IF: 0.81)"
1555,2025,컴퓨터학,234057150,김동현,1,0.0,0.0,"한국컴퓨터정보학회 (NODE12206719, IF: 0.81)"
1556,2025,컴퓨터학,868443157,이운교,1,0.0,0.0,"한국컴퓨터정보학회 (NODE12206721, IF: 0.81)"
1557,2025,컴퓨터학,156516745,김자희,1,0.0,0.0,"한국컴퓨터정보학회 (NODE12206721, IF: 0.81)"
1558,2025,컴퓨터학,457922865,노지현,1,0.0,0.0,"한국컴퓨터정보학회 (NODE12206723, IF: 0.81)"
1559,2025,컴퓨터학,271729345,안성빈,1,0.0,0.0,"한국컴퓨터정보학회 (NODE12206723, IF: 0.81)"
1560,2025,컴퓨터학,350602960,장현우,1,0.0,0.0,"한국컴퓨터정보학회 (NODE12206723, IF: 0.81)"
1561,2025,컴퓨터학,486442116,전호철,1,0.0,0.0,"한국컴퓨터정보학회 (NODE12206723, IF: 0.81)"
1562,2025,컴퓨터학,999545514,이서영,1,0.0,0.0,"한국컴퓨터정보학회 (NODE12206727, IF: 0.81)"
1563,2025,컴퓨터학,346334191,Sang-Chul Kim,1,0.0,0.0,"한국컴퓨터정보학회 (NODE12206729, IF: 0.81)"
1564,2025,컴퓨터학,929055263,Jabborov Akmaljon,1,0.0,0.0,"한국컴퓨터정보학회 (NODE12206729, IF: 0.81)"
1565,2025,컴퓨터학,272064644,고장식,1,0.0,0.0,"한국컴퓨터정보학회 (NODE12206732, IF: 0.81)"
1566,2025,컴퓨터학,367260734,정은경,1,0.0,0.0,"한국컴퓨터정보학회 (NODE12206733, IF: 0.81)"
1567,2025,컴퓨터학,173105803,김덕원,1,0.0,0.0,"한국컴퓨터정보학회 (NODE12206733, IF: 0.81)"
1568,2025,컴퓨터학,700939078,박정훈,1,0.0,0.0,"한국컴퓨터정보학회 (NODE12206735, IF: 0.81)"
1569,2025,컴퓨터학,690540491,한도연,1,0.0,0.0,"한국컴퓨터정보학회 (NODE12206738, IF: 0.81)"
1570,2025,컴퓨터학,282569790,김평주,1,0.0,0.0,"한국컴퓨터정보학회 (NODE12206738, IF: 0.81)"
1571,2025,컴퓨터학,254278121,김연우,1,0.0,0.0,"한국컴퓨터정보학회 (NODE12206738, IF: 0.81)"
1572,2025,컴퓨터학,503270666,구은희,1,0.0,0.0,"한국컴퓨터정보학회 (NODE12206738, IF: 0.81)"
1573,2025,컴퓨터학,884678177,유진솔,1,0.0,0.0,"한국컴퓨터정보학회 (NODE12206739, IF: 0.81)"
1574,2025,컴퓨터학,244194775,김지우,1,0.0,0.0,"Korean Institute of Information Scientists and Engineers (NODE12455730, IF: 0.0)"
1575,2025,컴퓨터학,465072609,장민석,1,0.0,0.0,"Korean Institute of Information Scientists and Engineers (NODE12455730, IF: 0.0)"
1576,2025,컴퓨터학,5086204,박진영,1,0.0,0.0,"Korean Institute of Information Scientists and Engineers (NODE12455730, IF: 0.0)"
1577,2025,컴퓨터학,875481643,조요한,1,0.0,0.0,"Korean Institute of Information Scientists and Engineers (NODE12455732, IF: 0.0)"
1578,2025,컴퓨터학,146663014,이종근,1,0.0,0.0,"Korean Institute of Information Scientists and Engineers (NODE12455732, IF: 0.0)"
1579,2025,컴퓨터학,646725479,천창우,1,0.0,0.0,"Korean Institute of Information Scientists and Engineers (NODE12455733, IF: 0.0)"
1580,2025,컴퓨터학,616332464,임송요,1,0.0,0.0,"Korean Institute of Information Scientists and Engineers (NODE12455733, IF: 0.0)"
1581,2025,컴퓨터학,185157504,박찬희,1,0.0,0.0,"Korean Institute of Information Scientists and Engineers (NODE12455733, IF: 0.0)"
1582,2025,컴퓨터학,913262338,정인재,1,0.0,0.0,"Korean Institute of Information Scientists and Engineers (NODE12455734, IF: 0.0)"
1583,2025,컴퓨터학,443768121,백인걸,1,0.0,0.0,"Korean Institute of Information Scientists and Engineers (NODE12455735, IF: 0.0)"
1584,2025,컴퓨터학,566975267,이환희,1,0.0,0.0,"Korean Institute of Information Scientists and Engineers (NODE12455735, IF: 0.0)"
1585,2025,컴퓨터학,142174211,김은수,1,0.0,0.0,"Korean Institute of Information Scientists and Engineers (NODE12455737, IF: 0.0)"
1586,2025,컴퓨터학,823381066,임연수,1,0.0,0.0,"Korean Institute of Information Scientists and Engineers (NODE12455738, IF: 0.0)"
1587,2025,컴퓨터학,5113306,도수종,1,0.0,0.0,"Korean Institute of Information Scientists and Engineers (NODE12455738, IF: 0.0)"
1588,2025,컴퓨터학,705738890,황의지,1,0.0,0.0,"Korean Institute of Information Scientists and Engineers (NODE12455739, IF: 0.0)"
1589,2025,컴퓨터학,439164640,김태욱,1,0.0,0.0,"Korean Institute of Information Scientists and Engineers (NODE12455739, IF: 0.0)"
1590,2025,컴퓨터학,922944312,김성광,1,0.0,0.0,"한국정보보호학회 (NODE12274575, IF: 0.41)"
1591,2025,컴퓨터학,115598501,이병학,1,0.0,0.0,"한국정보보호학회 (NODE12274575, IF: 0.41)"
1592,2025,컴퓨터학,410597606,곽현지,1,0.0,0.0,"한국정보보호학회 (NODE12274578, IF: 0.41)"
1593,2025,컴퓨터학,623553366,김현준,1,0.0,0.0,"한국정보보호학회 (NODE12274579, IF: 0.41)"
1594,2025,컴퓨터학,599229866,송경주,1,0.0,0.0,"한국정보보호학회 (NODE12274580, IF: 0.41)"
1595,2025,컴퓨터학,528864650,윤세영,1,0.0,0.0,"한국정보보호학회 (NODE12274580, IF: 0.41)"
1596,2025,컴퓨터학,632245447,심민주,1,0.0,0.0,"한국정보보호학회 (NODE12274581, IF: 0.41)"
1597,2025,컴퓨터학,164771087,이민우,1,0.0,0.0,"한국정보보호학회 (NODE12274581, IF: 0.41)"
1598,2025,컴퓨터학,416286982,신준석,1,0.0,0.0,"한국정보보호학회 (NODE12274584, IF: 0.41)"
1599,2025,컴퓨터학,398674639,박소희,1,0.0,0.0,"한국정보보호학회 (NODE12274584, IF: 0.41)"
1600,2025,컴퓨터학,615875512,엄시우,1,0.0,0.0,"한국정보보호학회 (NODE12274582, IF: 0.41)"
1601,2025,컴퓨터학,755149583,송민호,1,0.0,0.0,"한국정보보호학회 (NODE12274582, IF: 0.41)"
1602,2025,컴퓨터학,680857793,김상원,1,0.0,0.0,"한국정보보호학회 (NODE12274582, IF: 0.41)"
1603,2025,컴퓨터학,622310282,장경배,1,0.0,0.0,"한국정보보호학회 (NODE12274583, IF: 0.41)"
1604,2025,컴퓨터학,277874020,김현지,1,0.0,0.0,"한국정보보호학회 (NODE12274583, IF: 0.41)"
1605,2025,컴퓨터학,854988797,방수연,1,0.0,0.0,"한국컴퓨터그래픽스학회 (NODE12218878, IF: 0.44)"
1606,2025,컴퓨터학,292940134,정문열,1,0.0,0.0,"한국컴퓨터그래픽스학회 (NODE12218878, IF: 0.44)"
1607,2025,컴퓨터학,586574864,정희영,1,0.0,0.0,"한국컴퓨터그래픽스학회 (NODE12218880, IF: 0.44)"
1608,2025,컴퓨터학,926689524,왕준호,1,0.0,0.0,"한국컴퓨터그래픽스학회 (NODE12218880, IF: 0.44)"
1609,2025,컴퓨터학,653378791,권예준,1,0.0,0.0,"한국컴퓨터그래픽스학회 (NODE12218882, IF: 0.44)"
1610,2025,컴퓨터학,260716658,최동영,1,0.0,0.0,"한국컴퓨터그래픽스학회 (NODE12218882, IF: 0.44)"
1611,2025,컴퓨터학,811034456,차영길,1,0.0,0.0,"한국컴퓨터그래픽스학회 (NODE12218882, IF: 0.44)"
1612,2025,컴퓨터학,834715965,조용진,1,0.0,0.0,"한국컴퓨터그래픽스학회 (NODE12218882, IF: 0.44)"
1613,2025,컴퓨터학,194088253,임태윤,1,0.0,0.0,"한국컴퓨터그래픽스학회 (NODE12218882, IF: 0.44)"
1614,2025,컴퓨터학,446663362,유재관,1,0.0,0.0,"한국컴퓨터그래픽스학회 (NODE12218882, IF: 0.44)"
1615,2025,컴퓨터학,651082791,정기훈,1,0.0,0.0,"한국컴퓨터그래픽스학회 (NODE12218882, IF: 0.44)"
1616,2025,컴퓨터학,625114060,김민혁,1,0.0,0.0,"한국컴퓨터그래픽스학회 (NODE12218882, IF: 0.44)"
1617,2025,컴퓨터학,475355355,오시천,1,0.0,0.0,"한국정보보호학회 (NODE12148081, IF: 0.41)"
1618,2025,컴퓨터학,286295869,최진영,1,0.0,0.0,"한국정보보호학회 (NODE12148081, IF: 0.41)"
1619,2025,컴퓨터학,522053005,김대석,1,0.0,0.0,"한국정보보호학회 (NODE12148083, IF: 0.41)"
1620,2025,컴퓨터학,878361010,또올가,1,0.0,0.0,"한국정보보호학회 (NODE12148084, IF: 0.41)"
1621,2025,컴퓨터학,816792502,윤요섭,1,0.0,0.0,"한국정보보호학회 (NODE12148084, IF: 0.41)"
1622,2025,컴퓨터학,794587095,정민찬,1,0.0,0.0,"한국정보보호학회 (NODE12148084, IF: 0.41)"
1623,2025,컴퓨터학,666260195,임강빈,1,0.0,0.0,"한국정보보호학회 (NODE12148084, IF: 0.41)"
1624,2025,컴퓨터학,983254192,김명현,1,0.0,0.0,"한국정보보호학회 (NODE12148086, IF: 0.41)"
1625,2025,컴퓨터학,574547824,임유빈,1,0.0,0.0,"한국정보보호학회 (NODE12148086, IF: 0.41)"
1626,2025,컴퓨터학,760929695,이요원,1,0.0,0.0,"한국정보보호학회 (NODE12148088, IF: 0.41)"
1627,2025,컴퓨터학,868785945,홍기훈,1,0.0,0.0,"한국정보보호학회 (NODE12148088, IF: 0.41)"
1628,2025,컴퓨터학,232411375,박상준,1,0.0,0.0,"한국정보보호학회 (NODE12148089, IF: 0.41)"
1629,2025,컴퓨터학,269345643,류한얼,1,0.0,0.0,"한국정보보호학회 (NODE12148089, IF: 0.41)"
1630,2025,컴퓨터학,349162011,이승열,1,0.0,0.0,"한국정보보호학회 (NODE12148095, IF: 0.41)"
1631,2025,컴퓨터학,600281179,김대겸,1,0.0,0.0,"한국정보보호학회 (NODE12148097, IF: 0.41)"
1632,2025,컴퓨터학,420212448,김동우,1,0.0,0.0,"한국정보보호학회 (NODE12148097, IF: 0.41)"
1633,2025,컴퓨터학,235268002,이준오,1,0.0,0.0,"한국정보보호학회 (NODE12148097, IF: 0.41)"
1634,2025,컴퓨터학,169695885,지신명,1,0.0,0.0,"한국정보보호학회 (NODE12148101, IF: 0.41)"
1635,2025,컴퓨터학,801385039,신호상,1,0.0,0.0,"한국정보보호학회 (NODE12148101, IF: 0.41)"
1636,2025,컴퓨터학,191538899,반영훈,1,0.0,0.0,"한국정보보호학회 (NODE12148103, IF: 0.41)"
1637,2025,컴퓨터학,642486792,김민호,1,0.0,0.0,"한국정보보호학회 (NODE12148103, IF: 0.41)"
1638,2025,컴퓨터학,756721629,심경민,1,0.0,0.0,"한국정보보호학회 (NODE12148103, IF: 0.41)"
1639,2025,컴퓨터학,551268613,장혁,1,0.0,0.0,"한국정보보호학회 (NODE12148103, IF: 0.41)"
1640,2025,컴퓨터학,799241607,한지선,1,0.0,0.0,"한국정보보호학회 (NODE12148103, IF: 0.41)"
1641,2025,컴퓨터학,390659691,임재덕,1,0.0,0.0,"한국정보보호학회 (NODE12148103, IF: 0.41)"
1642,2025,컴퓨터학,824754069,범승조,1,0.0,0.19038800000000003,"Korean Institute of Information Scientists and Engineers (NODE12252199, IF: 0.0)"
1643,2025,컴퓨터학,378938550,서인준,1,0.0,0.0,"Korean Institute of Information Scientists and Engineers (NODE12252200, IF: 0.0)"
1644,2025,컴퓨터학,802307243,김민규,1,0.0,0.23659799999999997,"Korean Institute of Information Scientists and Engineers (NODE12252201, IF: 0.0)"
1645,2025,컴퓨터학,603717014,문다해,1,0.0,0.23659799999999997,"Korean Institute of Information Scientists and Engineers (NODE12252201, IF: 0.0)"
1646,2025,컴퓨터학,460451606,김도현,1,0.0,0.23659799999999997,"Korean Institute of Information Scientists and Engineers (NODE12252201, IF: 0.0)"
1647,2025,컴퓨터학,919878095,김태훈,1,0.0,0.23659799999999997,"Korean Institute of Information Scientists and Engineers (NODE12252201, IF: 0.0)"
1648,2025,컴퓨터학,484740911,김윤,1,0.0,0.23659799999999997,"Korean Institute of Information Scientists and Engineers (NODE12252201, IF: 0.0)"
1649,2025,컴퓨터학,495405107,한선숙,1,0.0,0.23659799999999997,"Korean Institute of Information Scientists and Engineers (NODE12252201, IF: 0.0)"
1650,2025,컴퓨터학,646674279,최현수,1,0.0,0.23659799999999997,"Korean Institute of Information Scientists and Engineers (NODE12252201, IF: 0.0)"
1651,2025,컴퓨터학,398743944,심준용,1,0.0,0.0,"Korean Institute of Information Scientists and Engineers (NODE12252202, IF: 0.0)"
1652,2025,컴퓨터학,224304225,김성민,1,0.0,0.0,"Korean Institute of Information Scientists and Engineers (NODE12252202, IF: 0.0)"
1653,2025,컴퓨터학,964542725,유승기,1,0.0,0.0,"Korean Institute of Information Scientists and Engineers (NODE12252202, IF: 0.0)"
1654,2025,컴퓨터학,4576406,이정호,1,0.0,0.12939,"Korean Institute of Information Scientists and Engineers (NODE12252203, IF: 0.0)"
1655,2025,컴퓨터학,246591299,이은영,1,0.0,0.12939,"Korean Institute of Information Scientists and Engineers (NODE12252203, IF: 0.0)"
1656,2025,컴퓨터학,989123951,나준채,1,0.0,0.12939,"Korean Institute of Information Scientists and Engineers (NODE12252203, IF: 0.0)"
1657,2025,컴퓨터학,928232917,박병철,1,0.0,0.12939,"Korean Institute of Information Scientists and Engineers (NODE12252203, IF: 0.0)"
1658,2025,컴퓨터학,919690832,최영찬,1,0.0,0.12939,"Korean Institute of Information Scientists and Engineers (NODE12252203, IF: 0.0)"
1659,2025,컴퓨터학,584280441,최상일,1,0.0,0.12939,"Korean Institute of Information Scientists and Engineers (NODE12252203, IF: 0.0)"
1660,2025,컴퓨터학,880004553,윤준호,1,0.0,0.17652500000000002,"Korean Institute of Information Scientists and Engineers (NODE12252209, IF: 0.0)"
1661,2025,컴퓨터학,209065027,김혜정,1,0.0,0.17652500000000002,"Korean Institute of Information Scientists and Engineers (NODE12252209, IF: 0.0)"
1662,2025,컴퓨터학,959936904,신지원,1,0.0,0.0,"Korean Institute of Information Scientists and Engineers (NODE12252211, IF: 0.0)"
1663,2025,컴퓨터학,684317543,한민수,1,0.0,0.168207,"Korean Institute of Information Scientists and Engineers (NODE12252212, IF: 0.0)"
1664,2025,컴퓨터학,619563884,홍석영,1,0.0,0.168207,"Korean Institute of Information Scientists and Engineers (NODE12252212, IF: 0.0)"
1665,2025,컴퓨터학,829623789,구명완,1,0.0,0.168207,"Korean Institute of Information Scientists and Engineers (NODE12252212, IF: 0.0)"
1666,2025,컴퓨터학,141563293,송윤주,1,0.0,0.0,"Korean Institute of Information Scientists and Engineers (NODE12252213, IF: 0.0)"
1667,2025,컴퓨터학,896236012,김정은,1,0.0,0.0,"한국디지털콘텐츠학회 (NODE12482401, IF: 1.28)"
1668,2025,컴퓨터학,742187016,김정미,1,0.0,0.0,"한국디지털콘텐츠학회 (NODE12482401, IF: 1.28)"
1669,2025,컴퓨터학,399792129,황선태,1,0.0,0.0,"한국디지털콘텐츠학회 (NODE12482402, IF: 1.28)"
1670,2025,컴퓨터학,555540197,이민정,1,0.0,0.0,"한국디지털콘텐츠학회 (NODE12482404, IF: 1.28)"
1671,2025,컴퓨터학,297958041,이도현,1,0.0,0.0,"한국디지털콘텐츠학회 (NODE12482404, IF: 1.28)"
1672,2025,컴퓨터학,5146243,정지윤,1,0.0,0.0,"한국디지털콘텐츠학회 (NODE12482404, IF: 1.28)"
1673,2025,컴퓨터학,694873418,신영미,1,0.0,0.0,"한국디지털콘텐츠학회 (NODE12482405, IF: 1.28)"
1674,2025,컴퓨터학,884269295,반능기,1,0.0,0.0,"한국디지털콘텐츠학회 (NODE12482406, IF: 1.28)"
1675,2025,컴퓨터학,539232595,권용,1,0.0,0.0,"한국디지털콘텐츠학회 (NODE12482406, IF: 1.28)"
1676,2025,컴퓨터학,592592030,김지민,1,0.0,0.0,"한국디지털콘텐츠학회 (NODE12482409, IF: 1.28)"
1677,2025,컴퓨터학,633136969,이태경,1,0.0,0.0,"한국디지털콘텐츠학회 (NODE12482410, IF: 1.28)"
1678,2025,컴퓨터학,172627146,강진욱,1,0.0,0.0,"한국디지털콘텐츠학회 (NODE12482411, IF: 1.28)"
1679,2025,컴퓨터학,874265509,박영,1,0.0,0.0,"한국디지털콘텐츠학회 (NODE12482415, IF: 1.28)"
1680,2025,컴퓨터학,941841215,이지하,1,0.0,0.0,"한국디지털콘텐츠학회 (NODE12482415, IF: 1.28)"
1681,2025,컴퓨터학,577401507,이역수,1,0.0,0.0,"한국디지털콘텐츠학회 (NODE12482417, IF: 1.28)"
1682,2025,컴퓨터학,173937927,김선명,1,0.0,0.0,"한국디지털콘텐츠학회 (NODE12482417, IF: 1.28)"
1683,2025,컴퓨터학,159253639,Heekyung Jenny Cho,1,0.0,0.0,"한국디지털콘텐츠학회 (NODE12482422, IF: 1.28)"
1684,2025,컴퓨터학,961255566,Dan Vo,1,0.0,0.0,"한국디지털콘텐츠학회 (NODE12482422, IF: 1.28)"
1685,2025,컴퓨터학,414566642,Brian Denny,1,0.0,0.0,"한국디지털콘텐츠학회 (NODE12482422, IF: 1.28)"
1686,2025,컴퓨터학,744996562,남우민,1,0.0,0.0,"한국디지털콘텐츠학회 (NODE12482423, IF: 1.28)"
1687,2025,컴퓨터학,157186245,김장현,1,0.0,0.0,"한국디지털콘텐츠학회 (NODE12482423, IF: 1.28)"
1688,2025,컴퓨터학,793501838,박건철,1,0.0,0.0,"한국디지털콘텐츠학회 (NODE12482423, IF: 1.28)"
1689,2025,컴퓨터학,884888544,박재홍,1,0.0,0.0,"한국디지털콘텐츠학회 (NODE12482424, IF: 1.28)"
1690,2025,컴퓨터학,544711666,김영록,1,0.0,0.0,"한국디지털콘텐츠학회 (NODE12482424, IF: 1.28)"
1691,2025,컴퓨터학,353570769,성정곤,1,0.0,0.0,"한국디지털콘텐츠학회 (NODE12482424, IF: 1.28)"
1692,2025,컴퓨터학,822663034,김민석,1,0.0,0.0,"한국디지털콘텐츠학회 (NODE12482424, IF: 1.28)"
1693,2025,컴퓨터학,318477145,신유담,1,0.0,0.0,"한국전자거래학회 (NODE12244513, IF: 1.58)"
1694,2025,컴퓨터학,200473645,신원섭,1,0.0,0.0,"한국전자거래학회 (NODE12244513, IF: 1.58)"
1695,2025,컴퓨터학,237131385,서상현,1,0.0,0.0,"한국전자거래학회 (NODE12244513, IF: 1.58)"
1696,2025,컴퓨터학,634646600,Yooncheong Cho,1,0.0,0.0,"한국전자거래학회 (NODE12244516, IF: 1.58)"
1697,2025,컴퓨터학,569113981,강선준,1,0.0,0.0,"한국전자거래학회 (NODE12244517, IF: 1.58)"
1698,2025,컴퓨터학,616422669,박성욱,1,0.0,0.0,"한국전자거래학회 (NODE12244517, IF: 1.58)"
1699,2025,컴퓨터학,534055977,Ji Yang,1,0.0,0.0,"한국컴퓨터정보학회 (NODE12149620, IF: 0.81)"
1700,2025,컴퓨터학,689719517,Zhi-Zhong Xiao,1,0.0,0.0,"한국컴퓨터정보학회 (NODE12149620, IF: 0.81)"
1701,2025,컴퓨터학,593771006,정성광,1,0.0,0.0,"ICT플랫폼학회 (NODE12457504, IF: 0.42)"
1702,2025,컴퓨터학,366135826,장재훈,1,0.0,0.0,"ICT플랫폼학회 (NODE12457504, IF: 0.42)"
1703,2025,컴퓨터학,442941898,최미리,1,0.0,0.0,"ICT플랫폼학회 (NODE12457504, IF: 0.42)"
1704,2025,컴퓨터학,860187724,박종수,1,0.0,0.0,"ICT플랫폼학회 (NODE12457506, IF: 0.42)"
1705,2025,컴퓨터학,521698563,전승훈,1,0.0,0.0,"ICT플랫폼학회 (NODE12457507, IF: 0.42)"
1706,2025,컴퓨터학,575527435,박진영,1,0.0,0.0,"ICT플랫폼학회 (NODE12457508, IF: 0.42)"
1707,2025,컴퓨터학,173629929,김진영,1,0.0,0.0,"한국컴퓨터정보학회 (NODE12121940, IF: 0.81)"
1708,2025,컴퓨터학,512306492,박정훈,1,0.0,0.0,"한국컴퓨터정보학회 (NODE12121940, IF: 0.81)"
1709,2025,컴퓨터학,396004687,한상준,1,0.0,0.0,"한국컴퓨터정보학회 (NODE12121940, IF: 0.81)"
1710,2025,컴퓨터학,534737460,손지성,1,0.0,0.0,"한국컴퓨터정보학회 (NODE12121940, IF: 0.81)"
1711,2025,컴퓨터학,236517856,김지심,1,0.0,0.0,"한국컴퓨터정보학회 (NODE12121941, IF: 0.81)"
1712,2025,컴퓨터학,196811211,김경아,1,0.0,0.0,"한국컴퓨터정보학회 (NODE12121941, IF: 0.81)"
1713,2025,컴퓨터학,529303255,안유정,1,0.0,0.0,"한국컴퓨터정보학회 (NODE12121941, IF: 0.81)"
1714,2025,컴퓨터학,561537280,진명숙,1,0.0,0.0,"한국컴퓨터정보학회 (NODE12121941, IF: 0.81)"
1715,2025,컴퓨터학,158907255,정재리,1,0.0,0.0,"한국컴퓨터정보학회 (NODE12121942, IF: 0.81)"
1716,2025,컴퓨터학,768435603,이은경,1,0.0,0.0,"한국컴퓨터정보학회 (NODE12121942, IF: 0.81)"
1717,2025,컴퓨터학,178538606,방준성,1,0.0,0.0,"Korean Institute of Information Scientists and Engineers (NODE12314501, IF: 0.0)"
1718,2025,컴퓨터학,801665935,Soojeong Yoo,1,0.0,0.0,"Korean Institute of Information Scientists and Engineers (NODE12314502, IF: 0.0)"
1719,2025,컴퓨터학,843486315,오한길,1,0.0,0.0,"Korean Institute of Information Scientists and Engineers (NODE12314503, IF: 0.0)"
1720,2025,컴퓨터학,884763,안민규,1,0.0,0.0,"Korean Institute of Information Scientists and Engineers (NODE12314503, IF: 0.0)"
1721,2025,컴퓨터학,604575743,유용재,1,0.0,0.0,"Korean Institute of Information Scientists and Engineers (NODE12314504, IF: 0.0)"
1722,2025,컴퓨터학,635888275,윤보람,1,0.0,0.0,"Korean Institute of Information Scientists and Engineers (NODE12314505, IF: 0.0)"
1723,2025,컴퓨터학,874557136,음승호,1,0.0,0.0,"Korean Institute of Information Scientists and Engineers (NODE12316310, IF: 0.0)"
1724,2025,컴퓨터학,755800755,심윤섭,1,0.0,0.0,"Korean Institute of Information Scientists and Engineers (NODE12316310, IF: 0.0)"
1725,2025,컴퓨터학,403628657,박운상,1,0.0,0.0,"Korean Institute of Information Scientists and Engineers (NODE12316310, IF: 0.0)"
1726,2025,컴퓨터학,568771275,송정환,1,0.0,0.027726,"Korean Institute of Information Scientists and Engineers (NODE12316311, IF: 0.0)"
1727,2025,컴퓨터학,5150441,서준혁,1,0.0,0.022181,"Korean Institute of Information Scientists and Engineers (NODE12316312, IF: 0.0)"
1728,2025,컴퓨터학,106178502,이동규,1,0.0,0.022181,"Korean Institute of Information Scientists and Engineers (NODE12316312, IF: 0.0)"
1729,2025,컴퓨터학,118214579,손연경,1,0.0,0.0,"Korean Institute of Information Scientists and Engineers (NODE12316313, IF: 0.0)"
1730,2025,컴퓨터학,604164569,조영빈,1,0.0,0.0,"Korean Institute of Information Scientists and Engineers (NODE12316313, IF: 0.0)"
1731,2025,컴퓨터학,5512211,이찬,1,0.0,0.0,"Korean Institute of Information Scientists and Engineers (NODE12316313, IF: 0.0)"
1732,2025,컴퓨터학,174923554,권선영,1,0.0,0.0,"Korean Institute of Information Scientists and Engineers (NODE12316313, IF: 0.0)"
1733,2025,컴퓨터학,861423823,박소희,1,0.0,0.12939,"Korean Institute of Information Scientists and Engineers (NODE12316314, IF: 0.0)"
1734,2025,컴퓨터학,743715923,권준구,1,0.0,0.12939,"Korean Institute of Information Scientists and Engineers (NODE12316314, IF: 0.0)"
1735,2025,컴퓨터학,921471440,조정희,1,0.0,0.12939,"Korean Institute of Information Scientists and Engineers (NODE12316314, IF: 0.0)"
1736,2025,컴퓨터학,5123854,박성식,1,0.0,0.12939,"Korean Institute of Information Scientists and Engineers (NODE12316314, IF: 0.0)"
1737,2025,컴퓨터학,649767383,심현정,1,0.0,0.064695,"Korean Institute of Information Scientists and Engineers (NODE12316319, IF: 0.0)"
1738,2025,컴퓨터학,899410474,고서영,1,0.0,0.064695,"Korean Institute of Information Scientists and Engineers (NODE12316319, IF: 0.0)"
1739,2025,컴퓨터학,494346532,도완주,1,0.0,0.064695,"Korean Institute of Information Scientists and Engineers (NODE12316319, IF: 0.0)"
1740,2025,컴퓨터학,439861970,안정호,1,0.0,0.064695,"Korean Institute of Information Scientists and Engineers (NODE12316319, IF: 0.0)"
1741,2025,컴퓨터학,808320421,최재하,1,0.0,0.19963000000000003,"Korean Institute of Information Scientists and Engineers (NODE12316320, IF: 0.0)"
1742,2025,컴퓨터학,139246579,이장호,1,0.0,0.19963000000000003,"Korean Institute of Information Scientists and Engineers (NODE12316320, IF: 0.0)"
1743,2025,컴퓨터학,164890281,이창섭,1,0.0,0.0,"Korean Institute of Information Scientists and Engineers (NODE12316321, IF: 0.0)"
1744,2025,컴퓨터학,305480681,정은서,1,0.0,0.12939,"Korean Institute of Information Scientists and Engineers (NODE12316323, IF: 0.0)"
1745,2025,컴퓨터학,293335955,아슬란 압디나비예프,1,0.0,0.12939,"Korean Institute of Information Scientists and Engineers (NODE12316323, IF: 0.0)"
1746,2025,컴퓨터학,723315353,이병정,1,0.0,0.12939,"Korean Institute of Information Scientists and Engineers (NODE12316323, IF: 0.0)"
1747,2025,컴퓨터학,561880233,최양수,1,0.0,0.0,"Korean Institute of Information Scientists and Engineers (NODE12316324, IF: 0.0)"
1748,2025,컴퓨터학,119804514,전진만,1,0.0,0.111829,"Korean Institute of Information Scientists and Engineers (NODE12316325, IF: 0.0)"
1749,2025,컴퓨터학,666118576,김건희,1,0.0,0.0,"Korean Institute of Information Scientists and Engineers (NODE12316326, IF: 0.0)"
1750,2025,컴퓨터학,653579041,이주희,1,0.0,0.020332,"Korean Institute of Information Scientists and Engineers (NODE12316327, IF: 0.0)"
1751,2025,컴퓨터학,833828860,백상헌,1,0.0,0.020332,"Korean Institute of Information Scientists and Engineers (NODE12316327, IF: 0.0)"
1752,2025,컴퓨터학,388866196,염민기,1,0.0,0.0,"한국컴퓨터그래픽스학회 (NODE12097937, IF: 0.44)"
1753,2025,컴퓨터학,206100112,정충호,1,0.0,0.0,"한국컴퓨터그래픽스학회 (NODE12097937, IF: 0.44)"
1754,2025,컴퓨터학,4591183,김명언,1,0.0,0.0,"한국컴퓨터그래픽스학회 (NODE12097937, IF: 0.44)"
1755,2025,컴퓨터학,291127824,김대관,1,0.0,0.0,"한국컴퓨터그래픽스학회 (NODE12097937, IF: 0.44)"
1756,2025,컴퓨터학,242859402,이성희,1,0.0,0.0,"한국컴퓨터그래픽스학회 (NODE12097937, IF: 0.44)"
1757,2025,컴퓨터학,866837376,박은수,1,0.0,0.0,"한국컴퓨터그래픽스학회 (NODE12097939, IF: 0.44)"
1758,2025,컴퓨터학,520744454,이주용,1,0.0,0.0,"한국컴퓨터그래픽스학회 (NODE12097939, IF: 0.44)"
1759,2025,컴퓨터학,877500255,박인규,1,0.0,0.0,"한국컴퓨터그래픽스학회 (NODE12097939, IF: 0.44)"
1760,2025,컴퓨터학,229761694,서범혜,1,0.0,0.0,"한국디지털콘텐츠학회 (NODE12039204, IF: 1.28)"
1761,2025,컴퓨터학,274981621,성종현,1,0.0,0.0,"한국디지털콘텐츠학회 (NODE12039207, IF: 1.28)"
1762,2025,컴퓨터학,500184893,최종대,1,0.0,0.0,"한국디지털콘텐츠학회 (NODE12039210, IF: 1.28)"
1763,2025,컴퓨터학,320881524,유태경,1,0.0,0.0,"한국디지털콘텐츠학회 (NODE12039210, IF: 1.28)"
1764,2025,컴퓨터학,664945746,박소정,1,0.0,0.0,"한국디지털콘텐츠학회 (NODE12039213, IF: 1.28)"
1765,2025,컴퓨터학,600453723,박소은,1,0.0,0.0,"한국디지털콘텐츠학회 (NODE12039213, IF: 1.28)"
1766,2025,컴퓨터학,306529285,윤성미,1,0.0,0.0,"한국디지털콘텐츠학회 (NODE12039213, IF: 1.28)"
1767,2025,컴퓨터학,364196087,왕우청,1,0.0,0.0,"한국디지털콘텐츠학회 (NODE12039214, IF: 1.28)"
1768,2025,컴퓨터학,452581069,이철희,1,0.0,0.0,"한국디지털콘텐츠학회 (NODE12039214, IF: 1.28)"
1769,2025,컴퓨터학,952638053,최이정,1,0.0,0.0,"한국디지털콘텐츠학회 (NODE12039215, IF: 1.28)"
1770,2025,컴퓨터학,895337643,도성진,1,0.0,0.0,"한국디지털콘텐츠학회 (NODE12039218, IF: 1.28)"
1771,2025,컴퓨터학,887242292,김현배,1,0.0,0.0,"한국디지털콘텐츠학회 (NODE12039220, IF: 1.28)"
1772,2025,컴퓨터학,224223564,차상민,1,0.0,0.0,"한국디지털콘텐츠학회 (NODE12039220, IF: 1.28)"
1773,2025,컴퓨터학,561399,정성훈,1,0.0,0.0,"한국디지털콘텐츠학회 (NODE12039220, IF: 1.28)"
1774,2025,컴퓨터학,587958089,박세환,1,0.0,0.0,"한국디지털콘텐츠학회 (NODE12039224, IF: 1.28)"
1775,2025,컴퓨터학,435189852,염민교,1,0.0,0.0,"한국디지털콘텐츠학회 (NODE12039224, IF: 1.28)"
1776,2025,컴퓨터학,667845847,이현지,1,0.0,0.0,"한국디지털콘텐츠학회 (NODE12039224, IF: 1.28)"
1777,2025,컴퓨터학,548989487,고광인,1,0.0,0.0,"한국디지털콘텐츠학회 (NODE12039224, IF: 1.28)"
1778,2025,컴퓨터학,640349676,Phoo Pyae Sone,1,0.0,0.008318,"Korean Institute of Information Scientists and Engineers (NODE12039229, IF: 0.0)"
1779,2025,컴퓨터학,480646404,Md. Delowar Hossain,1,0.0,0.008318,"Korean Institute of Information Scientists and Engineers (NODE12039229, IF: 0.0)"
1780,2025,컴퓨터학,769061882,Md. Nosin Ibna Mahbub,1,0.0,0.008318,"Korean Institute of Information Scientists and Engineers (NODE12039229, IF: 0.0)"
1781,2025,컴퓨터학,390008225,Md. Imtiaz Hossain,1,0.0,0.008318,"Korean Institute of Information Scientists and Engineers (NODE12039229, IF: 0.0)"
1782,2025,컴퓨터학,641333858,Ga-Won Lee,1,0.0,0.008318,"Korean Institute of Information Scientists and Engineers (NODE12039229, IF: 0.0)"
1783,2025,컴퓨터학,357489832,허의남,1,0.0,0.008318,"Korean Institute of Information Scientists and Engineers (NODE12039229, IF: 0.0)"
1784,2025,컴퓨터학,605343420,이지원,1,0.0,0.0,"Korean Institute of Information Scientists and Engineers (NODE12039230, IF: 0.0)"
1785,2025,컴퓨터학,261337461,김영태,1,0.0,0.0,"Korean Institute of Information Scientists and Engineers (NODE12039230, IF: 0.0)"
1786,2025,컴퓨터학,613276389,오인수,1,0.0,0.0,"Korean Institute of Information Scientists and Engineers (NODE12039230, IF: 0.0)"
1787,2025,컴퓨터학,798803895,임동선,1,0.0,0.0,"Korean Institute of Information Scientists and Engineers (NODE12039230, IF: 0.0)"
1788,2025,컴퓨터학,182888840,하지원,1,0.0,0.0,"Korean Institute of Information Scientists and Engineers (NODE12039231, IF: 0.0)"
1789,2025,컴퓨터학,281502214,김서영,1,0.0,0.0,"Korean Institute of Information Scientists and Engineers (NODE12039231, IF: 0.0)"
1790,2025,컴퓨터학,523889644,테오도라 아두푸,1,0.0,0.0,"Korean Institute of Information Scientists and Engineers (NODE12039231, IF: 0.0)"
1791,2025,컴퓨터학,669622160,엄현상,1,0.0,0.0,"Korean Institute of Information Scientists and Engineers (NODE12039231, IF: 0.0)"
1792,2025,컴퓨터학,788449292,김윤희,1,0.0,0.0,"Korean Institute of Information Scientists and Engineers (NODE12039231, IF: 0.0)"
1793,2025,컴퓨터학,285553549,김병일,1,0.0,0.044362,"Korean Institute of Information Scientists and Engineers (NODE12039232, IF: 0.0)"
1794,2025,컴퓨터학,789072561,유영재,1,0.0,0.0,"Korean Institute of Information Scientists and Engineers (NODE12039233, IF: 0.0)"
1795,2025,컴퓨터학,674371075,전수진,1,0.0,0.0,"Korean Institute of Information Scientists and Engineers (NODE12039233, IF: 0.0)"
1796,2025,컴퓨터학,407428806,최인혁,1,0.0,0.072088,"Korean Institute of Information Scientists and Engineers (NODE12039234, IF: 0.0)"
1797,2025,컴퓨터학,160300052,김윤아,1,0.0,0.072088,"Korean Institute of Information Scientists and Engineers (NODE12039234, IF: 0.0)"
1798,2025,컴퓨터학,855366591,천명준,1,0.0,0.072088,"Korean Institute of Information Scientists and Engineers (NODE12039234, IF: 0.0)"
1799,2025,컴퓨터학,838835014,김지홍,1,0.0,0.072088,"Korean Institute of Information Scientists and Engineers (NODE12039234, IF: 0.0)"
1800,2025,컴퓨터학,515097710,김은지,1,0.0,0.174677,"Korean Institute of Information Scientists and Engineers (NODE12039235, IF: 0.0)"
1801,2025,컴퓨터학,451809914,여해인,1,0.0,0.174677,"Korean Institute of Information Scientists and Engineers (NODE12039235, IF: 0.0)"
1802,2025,컴퓨터학,5499191,강세륜,1,0.0,0.0,"Korean Institute of Information Scientists and Engineers (NODE12039250, IF: 0.0)"
1803,2025,컴퓨터학,1876795,정진섭,1,0.0,0.0,"Korean Institute of Information Scientists and Engineers (NODE12039250, IF: 0.0)"
1804,2025,컴퓨터학,588007522,김강희,1,0.0,0.0,"Korean Institute of Information Scientists and Engineers (NODE12039250, IF: 0.0)"
1805,2025,컴퓨터학,527774672,김예찬,1,0.0,0.0,"Korean Institute of Information Scientists and Engineers (NODE12039251, IF: 0.0)"
1806,2025,컴퓨터학,693481421,박종현,1,0.0,0.0,"Korean Institute of Information Scientists and Engineers (NODE12039251, IF: 0.0)"
1807,2025,컴퓨터학,442757572,김수연,1,0.0,0.0,"Korean Institute of Information Scientists and Engineers (NODE12039251, IF: 0.0)"
1808,2025,컴퓨터학,955648466,김시현,1,0.0,0.0,"Korean Institute of Information Scientists and Engineers (NODE12039251, IF: 0.0)"
1809,2025,컴퓨터학,505413481,김성헌,1,0.0,0.0,"Korean Institute of Information Scientists and Engineers (NODE12039251, IF: 0.0)"
1810,2025,컴퓨터학,820461487,고영민,1,0.0,0.0,"Korean Institute of Information Scientists and Engineers (NODE12039251, IF: 0.0)"
1811,2025,컴퓨터학,797099414,오중균,1,0.0,0.0,"Korean Institute of Information Scientists and Engineers (NODE12039251, IF: 0.0)"
1812,2025,컴퓨터학,794060914,윤동호,1,0.0,0.0,"Korean Institute of Information Scientists and Engineers (NODE12039251, IF: 0.0)"
1813,2025,컴퓨터학,325692688,전문구,1,0.0,0.0,"Korean Institute of Information Scientists and Engineers (NODE12039251, IF: 0.0)"
1814,2025,컴퓨터학,633775476,서정연,1,0.0,0.0,"Korean Institute of Information Scientists and Engineers (NODE12039252, IF: 0.0)"
1815,2025,컴퓨터학,114081919,아디띠,1,0.0,0.064695,"Korean Institute of Information Scientists and Engineers (NODE12039253, IF: 0.0)"
1816,2025,컴퓨터학,676120121,고상기,1,0.0,0.064695,"Korean Institute of Information Scientists and Engineers (NODE12039253, IF: 0.0)"
1817,2025,컴퓨터학,226421288,김진석,1,0.0,0.157116,"Korean Institute of Information Scientists and Engineers (NODE12039254, IF: 0.0)"
1818,2025,컴퓨터학,798287616,위수연,1,0.0,0.157116,"Korean Institute of Information Scientists and Engineers (NODE12039254, IF: 0.0)"
1819,2025,컴퓨터학,692681717,김재범,1,0.0,0.157116,"Korean Institute of Information Scientists and Engineers (NODE12039254, IF: 0.0)"
1820,2025,컴퓨터학,866010555,커렐 아로겨,1,0.0,0.107208,"Korean Institute of Information Scientists and Engineers (NODE12039255, IF: 0.0)"
1821,2025,컴퓨터학,537430941,고인영,1,0.0,0.107208,"Korean Institute of Information Scientists and Engineers (NODE12039255, IF: 0.0)"
1822,2025,컴퓨터학,970938420,다니엘라 림,1,0.0,0.049908,"Korean Institute of Information Scientists and Engineers (NODE12039256, IF: 0.0)"
1823,2025,컴퓨터학,229607299,허동녕,1,0.0,0.049908,"Korean Institute of Information Scientists and Engineers (NODE12039256, IF: 0.0)"
1824,2025,컴퓨터학,769375236,최희열,1,0.0,0.049908,"Korean Institute of Information Scientists and Engineers (NODE12039256, IF: 0.0)"
1825,2025,컴퓨터학,683028309,최희연,1,0.0,0.009242,"Korean Institute of Information Scientists and Engineers (NODE12039257, IF: 0.0)"
1826,2025,컴퓨터학,840911286,박성호,1,0.0,0.0,"Korean Institute of Information Scientists and Engineers (NODE12039258, IF: 0.0)"
1827,2025,컴퓨터학,779701607,이승훈,1,0.0,0.0,"Korean Institute of Information Scientists and Engineers (NODE12039258, IF: 0.0)"
1828,2025,컴퓨터학,852167861,조영진,1,0.0,0.12939,"Korean Institute of Information Scientists and Engineers (NODE12039259, IF: 0.0)"
1829,2025,컴퓨터학,148380004,강신진,1,0.0,0.12939,"Korean Institute of Information Scientists and Engineers (NODE12039259, IF: 0.0)"
1830,2025,컴퓨터학,784688608,서범주,1,0.0,0.12939,"Korean Institute of Information Scientists and Engineers (NODE12039259, IF: 0.0)"
1831,2025,컴퓨터학,253806673,김선영,1,0.0,0.12939,"Korean Institute of Information Scientists and Engineers (NODE12039259, IF: 0.0)"
1832,2025,컴퓨터학,307630391,이준규,1,0.0,0.004621,"Korean Institute of Information Scientists and Engineers (NODE12039260, IF: 0.0)"
1833,2025,컴퓨터학,963579782,김종익,1,0.0,0.004621,"Korean Institute of Information Scientists and Engineers (NODE12039260, IF: 0.0)"
1834,2025,컴퓨터학,482578130,이예원,1,0.0,0.0,"한국디지털콘텐츠학회 (NODE12434508, IF: 1.28)"
1835,2025,컴퓨터학,877159152,Yui-Man Suen,1,0.0,0.0,"한국디지털콘텐츠학회 (NODE12434510, IF: 1.28)"
1836,2025,컴퓨터학,312019838,Seung In Kim,1,0.0,0.0,"한국디지털콘텐츠학회 (NODE12434510, IF: 1.28)"
1837,2025,컴퓨터학,794670364,위상희,1,0.0,0.0,"한국디지털콘텐츠학회 (NODE12434514, IF: 1.28)"
1838,2025,컴퓨터학,268108933,안형기,1,0.0,0.0,"한국디지털콘텐츠학회 (NODE12434514, IF: 1.28)"
1839,2025,컴퓨터학,211771971,정환희,1,0.0,0.0,"한국디지털콘텐츠학회 (NODE12434517, IF: 1.28)"
1840,2025,컴퓨터학,411777819,함양훈,1,0.0,0.0,"한국디지털콘텐츠학회 (NODE12434519, IF: 1.28)"
1841,2025,컴퓨터학,568428760,서성현,1,0.0,0.0,"한국디지털콘텐츠학회 (NODE12434529, IF: 1.28)"
1842,2025,컴퓨터학,933521283,박채연,1,0.0,0.0,"한국디지털콘텐츠학회 (NODE12408877, IF: 1.28)"
1843,2025,컴퓨터학,806508319,김보름,1,0.0,0.0,"한국디지털콘텐츠학회 (NODE12408877, IF: 1.28)"
1844,2025,컴퓨터학,464632088,김윤호,1,0.0,0.0,"한국디지털콘텐츠학회 (NODE12408878, IF: 1.28)"
1845,2025,컴퓨터학,777947527,신정은,1,0.0,0.0,"한국디지털콘텐츠학회 (NODE12408880, IF: 1.28)"
1846,2025,컴퓨터학,158860571,한현정,1,0.0,0.0,"한국컴퓨터정보학회 (NODE12121925, IF: 0.81)"
1847,2025,컴퓨터학,915051749,이아람,1,0.0,0.0,"한국컴퓨터정보학회 (NODE12121925, IF: 0.81)"
1848,2025,컴퓨터학,810191788,윤선정,1,0.0,0.0,"한국컴퓨터정보학회 (NODE12121927, IF: 0.81)"
1849,2025,컴퓨터학,917872088,한경재,1,0.0,0.0,"한국컴퓨터정보학회 (NODE12121933, IF: 0.81)"
1850,2025,컴퓨터학,322696127,최규호,1,0.0,0.0,"한국컴퓨터정보학회 (NODE12121934, IF: 0.81)"
1851,2025,컴퓨터학,485890377,유제복,1,0.0,0.0,"한국컴퓨터정보학회 (NODE12121936, IF: 0.81)"
1852,2025,컴퓨터학,937413,송미라,1,0.0,0.0,"한국컴퓨터정보학회 (NODE12121936, IF: 0.81)"
1853,2025,컴퓨터학,745887156,김태욱,1,0.0,0.0,"한국컴퓨터정보학회 (NODE12403651, IF: 0.81)"
1854,2025,컴퓨터학,387816331,손정우,1,0.0,0.0,"한국컴퓨터정보학회 (NODE12403651, IF: 0.81)"
1855,2025,컴퓨터학,900395569,서다정,1,0.0,0.0,"한국컴퓨터정보학회 (NODE12403655, IF: 0.81)"
1856,2025,컴퓨터학,256954841,김유성,1,0.0,0.0,"한국컴퓨터정보학회 (NODE12403655, IF: 0.81)"
1857,2025,컴퓨터학,552711014,Hyo-Kyung Kim,1,0.0,0.0,"한국컴퓨터정보학회 (NODE12403658, IF: 0.81)"
1858,2025,컴퓨터학,528318429,강용혁,1,0.0,0.0,"한국컴퓨터정보학회 (NODE12403659, IF: 0.81)"
1859,2025,컴퓨터학,522826443,최지혁,1,0.0,0.0,"한국컴퓨터정보학회 (NODE12403663, IF: 0.81)"
1860,2025,컴퓨터학,647977459,김민수,1,0.0,0.0,"한국컴퓨터정보학회 (NODE12403664, IF: 0.81)"
1861,2025,컴퓨터학,281200366,명성민,1,0.0,0.0,"한국컴퓨터정보학회 (NODE12403665, IF: 0.81)"
1862,2025,컴퓨터학,461570704,이현주,1,0.0,0.0,"한국컴퓨터정보학회 (NODE12403665, IF: 0.81)"
1863,2025,컴퓨터학,757532816,안주영,1,0.0,0.0,"한국컴퓨터정보학회 (NODE12403668, IF: 0.81)"
1864,2025,컴퓨터학,592546252,김성훈,1,0.0,0.0,"한국컴퓨터정보학회 (NODE12403670, IF: 0.81)"
1865,2025,컴퓨터학,925016104,손채봉,1,0.0,0.0,"한국컴퓨터정보학회 (NODE12403670, IF: 0.81)"
1866,2025,컴퓨터학,419812507,이종만,1,0.0,0.0,"한국컴퓨터정보학회 (NODE12403671, IF: 0.81)"
1867,2025,컴퓨터학,917903180,Jee-Hee Jung,1,0.0,0.0,"한국컴퓨터정보학회 (NODE12403674, IF: 0.81)"
1868,2025,컴퓨터학,388365890,신재익,1,0.0,0.0,"한국컴퓨터정보학회 (NODE12403674, IF: 0.81)"
1869,2025,컴퓨터학,486215510,장태수,1,0.0,0.0,"한국컴퓨터정보학회 (NODE12403675, IF: 0.81)"
1870,2025,컴퓨터학,474155853,길지현,1,0.0,0.0,"한국디지털콘텐츠학회 (NODE12194025, IF: 1.28)"
1871,2025,컴퓨터학,571790677,이빙아,1,0.0,0.0,"한국디지털콘텐츠학회 (NODE12194026, IF: 1.28)"
1872,2025,컴퓨터학,563836611,김소영,1,0.0,0.0,"한국디지털콘텐츠학회 (NODE12267704, IF: 1.28)"
1873,2025,컴퓨터학,700005144,박대영,1,0.0,0.0,"한국정보보호학회 (NODE12435423, IF: 0.41)"
1874,2025,컴퓨터학,112278264,송은지,1,0.0,0.0,"한국정보보호학회 (NODE12435423, IF: 0.41)"
1875,2025,컴퓨터학,524121375,강윤희,1,0.0,0.0,"ICT플랫폼학회 (NODE12177135, IF: 0.42)"
1876,2025,컴퓨터학,326010902,권태언,1,0.0,0.0,"ICT플랫폼학회 (NODE12177135, IF: 0.42)"
1877,2025,컴퓨터학,101435928,황선혁,1,0.0,0.0,"한국정보보호학회 (NODE12160174, IF: 0.41)"
1878,2025,컴퓨터학,707150732,박철준,1,0.0,0.0,"한국정보보호학회 (NODE12160174, IF: 0.41)"
1879,2025,컴퓨터학,156327540,이재승,1,0.0,0.0,"한국정보보호학회 (NODE12160175, IF: 0.41)"
1880,2025,컴퓨터학,820387913,이재승,1,0.0,0.0,"한국정보보호학회 (NODE12160175, IF: 0.41)"
1881,2025,컴퓨터학,307389094,박라미,1,0.0,0.0,"한국디지털콘텐츠학회 (NODE12194003, IF: 1.28)"
1882,2025,컴퓨터학,399937712,유진,1,0.0,0.0,"한국디지털콘텐츠학회 (NODE12194003, IF: 1.28)"
1883,2025,컴퓨터학,777789739,최유리,1,0.0,0.0,"한국디지털콘텐츠학회 (NODE12194003, IF: 1.28)"
1884,2025,컴퓨터학,816810015,오효정,1,0.0,0.0,"한국디지털콘텐츠학회 (NODE12194003, IF: 1.28)"
1885,2025,컴퓨터학,798822661,김미소,1,0.0,0.0,"한국디지털콘텐츠학회 (NODE12194004, IF: 1.28)"
1886,2025,컴퓨터학,110474878,Il-Kyung Hwang,1,0.0,0.0,"한국디지털콘텐츠학회 (NODE12194008, IF: 1.28)"
1887,2025,컴퓨터학,110130673,Hyun-ju Lee,1,0.0,0.0,"한국디지털콘텐츠학회 (NODE12194008, IF: 1.28)"
1888,2025,컴퓨터학,614638958,정다희,1,0.0,0.0,"한국디지털콘텐츠학회 (NODE12194009, IF: 1.28)"
1889,2025,컴퓨터학,584672485,김아영,1,0.0,0.0,"한국디지털콘텐츠학회 (NODE12194013, IF: 1.28)"
1890,2025,컴퓨터학,490847940,배용규,1,0.0,0.0,"한국디지털콘텐츠학회 (NODE12194018, IF: 1.28)"
1891,2025,컴퓨터학,881386610,김상규,1,0.0,0.0,"한국디지털콘텐츠학회 (NODE12194018, IF: 1.28)"
1892,2025,컴퓨터학,855022679,문호상,1,0.0,0.0,"한국디지털콘텐츠학회 (NODE12194018, IF: 1.28)"
1893,2025,컴퓨터학,316388060,심미선,1,0.0,0.0,"한국디지털콘텐츠학회 (NODE12194018, IF: 1.28)"
1894,2025,컴퓨터학,355683467,정성택,1,0.0,0.0,"한국디지털콘텐츠학회 (NODE12194018, IF: 1.28)"
1895,2025,컴퓨터학,163443593,김태은,1,0.0,0.0,"한국디지털콘텐츠학회 (NODE12194020, IF: 1.28)"
1896,2025,컴퓨터학,910643720,이문오,1,0.0,0.0,"한국디지털콘텐츠학회 (NODE12194022, IF: 1.28)"
1897,2025,컴퓨터학,556590288,임수정,1,0.0,0.0,"한국디지털콘텐츠학회 (NODE12194022, IF: 1.28)"
1898,2025,컴퓨터학,615465044,서성제,1,0.0,0.0,"한국디지털콘텐츠학회 (NODE12194022, IF: 1.28)"
1899,2025,컴퓨터학,812115933,김보미,1,0.0,0.0,"한국디지털콘텐츠학회 (NODE12194022, IF: 1.28)"
1900,2025,컴퓨터학,575455425,오성훈,1,0.0,0.0,"한국디지털콘텐츠학회 (NODE12194022, IF: 1.28)"
1901,2025,컴퓨터학,941769519,이진영,1,0.0,0.0,"한국디지털콘텐츠학회 (NODE12194022, IF: 1.28)"
1902,2025,컴퓨터학,132866626,신준영,1,0.0,0.0,"한국디지털콘텐츠학회 (NODE12194022, IF: 1.28)"
1903,2025,컴퓨터학,547555186,송정민,1,0.0,0.0,"한국컴퓨터정보학회 (NODE12263464, IF: 0.81)"
1904,2025,컴퓨터학,983017675,김종주,1,0.0,0.0,"한국컴퓨터정보학회 (NODE12263466, IF: 0.81)"
1905,2025,컴퓨터학,119083868,오승민,1,0.0,0.0,"한국컴퓨터정보학회 (NODE12263466, IF: 0.81)"
1906,2025,컴퓨터학,226226517,이경옥,1,0.0,0.0,"한국컴퓨터정보학회 (NODE12263467, IF: 0.81)"
1907,2025,컴퓨터학,456727180,복미정,1,0.0,0.0,"한국컴퓨터정보학회 (NODE12263470, IF: 0.81)"
1908,2025,컴퓨터학,932963624,Wenjing Xu,1,0.0,0.0,"한국컴퓨터정보학회 (NODE12263472, IF: 0.81)"
1909,2025,컴퓨터학,726963234,Shuo Hao,1,0.0,0.0,"한국컴퓨터정보학회 (NODE12263472, IF: 0.81)"
1910,2025,컴퓨터학,784315145,후회노,1,0.0,0.0,"한국컴퓨터정보학회 (NODE12263473, IF: 0.81)"
1911,2025,컴퓨터학,120837571,고학능,1,0.0,0.0,"한국컴퓨터정보학회 (NODE12263474, IF: 0.81)"
1912,2025,컴퓨터학,677704034,신수범,1,0.0,0.0,"한국컴퓨터정보학회 (NODE12263475, IF: 0.81)"
1913,2025,컴퓨터학,200158004,전인성,1,0.0,0.0,"한국컴퓨터정보학회 (NODE12263475, IF: 0.81)"
1914,2025,컴퓨터학,367869723,고정빈,1,0.0,0.0,"한국정보보호학회 (NODE12265678, IF: 0.41)"
1915,2025,컴퓨터학,556520996,이영도,1,0.0,0.0,"한국정보보호학회 (NODE12265678, IF: 0.41)"
1916,2025,컴퓨터학,988732321,윤기순,1,0.0,0.0,"한국정보보호학회 (NODE12265678, IF: 0.41)"
1917,2025,컴퓨터학,723527197,염용진,1,0.0,0.0,"한국정보보호학회 (NODE12265678, IF: 0.41)"
1918,2025,컴퓨터학,452003175,현채을,1,0.0,0.0,"한국정보보호학회 (NODE12265682, IF: 0.41)"
1919,2025,컴퓨터학,308275516,신명진,1,0.0,0.0,"한국정보보호학회 (NODE12265682, IF: 0.41)"
1920,2025,컴퓨터학,632094603,최창열,1,0.0,0.0,"한국정보보호학회 (NODE12265682, IF: 0.41)"
1921,2025,컴퓨터학,137096230,황제빈,1,0.0,0.0,"한국정보보호학회 (NODE12265682, IF: 0.41)"
1922,2025,컴퓨터학,702534714,박태준,1,0.0,0.0,"한국정보보호학회 (NODE12265682, IF: 0.41)"
1923,2025,컴퓨터학,894852063,김명혁,1,0.0,0.0,"한국정보보호학회 (NODE12265683, IF: 0.41)"
1924,2025,컴퓨터학,847863873,한성규,1,0.0,0.0,"한국정보보호학회 (NODE12265685, IF: 0.41)"
1925,2025,컴퓨터학,984780667,손현승,1,0.0,0.0,"한국정보보호학회 (NODE12265687, IF: 0.41)"
1926,2025,컴퓨터학,568547192,이채린,1,0.0,0.0,"한국정보보호학회 (NODE12265688, IF: 0.41)"
1927,2025,컴퓨터학,671165391,임우협,1,0.0,0.0,"한국정보보호학회 (NODE12160176, IF: 0.41)"
1928,2025,컴퓨터학,802317132,김지호,1,0.0,0.0,"한국정보보호학회 (NODE12160176, IF: 0.41)"
1929,2025,컴퓨터학,862900582,허선영,1,0.0,0.0,"한국정보보호학회 (NODE12160176, IF: 0.41)"
1930,2025,컴퓨터학,146054906,김범석,1,0.0,0.0,"한국정보보호학회 (NODE12160177, IF: 0.41)"
1931,2025,컴퓨터학,574878735,연동현,1,0.0,0.0,"한국정보보호학회 (NODE12160178, IF: 0.41)"
1932,2025,컴퓨터학,437376143,김동엽,1,0.0,0.0,"한국정보보호학회 (NODE12160179, IF: 0.41)"
1933,2025,컴퓨터학,331031080,임우진,1,0.0,0.0,"한국정보보호학회 (NODE12160179, IF: 0.41)"
1934,2025,컴퓨터학,938392571,박민서,1,0.0,0.0,"한국정보보호학회 (NODE12160179, IF: 0.41)"
1935,2025,컴퓨터학,427635992,장진수,1,0.0,0.0,"한국정보보호학회 (NODE12160179, IF: 0.41)"
1936,2025,컴퓨터학,845321863,신창의,1,0.0,0.0,"한국정보보호학회 (NODE12435424, IF: 0.41)"
1937,2025,컴퓨터학,830901591,권태웅,1,0.0,0.0,"한국정보보호학회 (NODE12435424, IF: 0.41)"
1938,2025,컴퓨터학,859032630,성하영,1,0.0,0.0,"한국정보보호학회 (NODE12435424, IF: 0.41)"
1939,2025,컴퓨터학,830095065,이준,1,0.0,0.0,"한국정보보호학회 (NODE12435424, IF: 0.41)"
1940,2025,컴퓨터학,156817257,황은비,1,0.0,0.0,"한국정보보호학회 (NODE12435425, IF: 0.41)"
1941,2025,컴퓨터학,209213880,권태경,1,0.0,0.0,"한국정보보호학회 (NODE12435425, IF: 0.41)"
1942,2025,컴퓨터학,734967189,김동현,1,0.0,0.0,"한국정보보호학회 (NODE12435426, IF: 0.41)"
1943,2025,컴퓨터학,851728496,박성규,1,0.0,0.0,"한국정보보호학회 (NODE12435426, IF: 0.41)"
1944,2025,컴퓨터학,411069778,윤민석,1,0.0,0.0,"한국정보보호학회 (NODE12435426, IF: 0.41)"
1945,2025,컴퓨터학,356438471,안래경,1,0.0,0.0,"한국컴퓨터정보학회 (NODE12087134, IF: 0.81)"
1946,2025,컴퓨터학,976542602,진소연,1,0.0,0.0,"한국컴퓨터정보학회 (NODE12087135, IF: 0.81)"
1947,2025,컴퓨터학,731006590,배정우,1,0.0,0.0,"한국컴퓨터정보학회 (NODE12087137, IF: 0.81)"
1948,2025,컴퓨터학,342408560,최병홍,1,0.0,0.0,"한국컴퓨터정보학회 (NODE12087137, IF: 0.81)"
1949,2025,컴퓨터학,509316133,이현수,1,0.0,0.0,"한국컴퓨터정보학회 (NODE12087144, IF: 0.81)"
1950,2025,컴퓨터학,363079669,안소현,1,0.0,0.0,"한국컴퓨터정보학회 (NODE12087148, IF: 0.81)"
1951,2025,컴퓨터학,542488036,이동호,1,0.0,0.0,"한국컴퓨터정보학회 (NODE12087149, IF: 0.81)"
1952,2025,컴퓨터학,402629967,김정석,1,0.0,0.0,"한국컴퓨터정보학회 (NODE12087150, IF: 0.81)"
1953,2025,컴퓨터학,374657650,김대연,1,0.0,0.0,"한국컴퓨터정보학회 (NODE12087150, IF: 0.81)"
1954,2025,컴퓨터학,965661303,조득성,1,0.0,0.0,"한국컴퓨터정보학회 (NODE12087151, IF: 0.81)"
1955,2025,컴퓨터학,791116384,박승배,1,0.0,0.0,"한국컴퓨터정보학회 (NODE12087152, IF: 0.81)"
1956,2025,컴퓨터학,226192281,박진아,1,0.0,0.0,"한국컴퓨터정보학회 (NODE12087153, IF: 0.81)"
1957,2025,컴퓨터학,537312280,김지은,1,0.0,0.0,"한국컴퓨터정보학회 (NODE12087153, IF: 0.81)"
1958,2025,컴퓨터학,408590880,이정숙,1,0.0,0.0,"한국컴퓨터정보학회 (NODE12087154, IF: 0.81)"
1959,2025,컴퓨터학,310072915,최현종,1,0.0,0.0,"한국컴퓨터정보학회 (NODE12087154, IF: 0.81)"
1960,2025,컴퓨터학,251591156,황선락,1,0.0,0.0,"한국컴퓨터정보학회 (NODE12087156, IF: 0.81)"
1961,2025,컴퓨터학,904432752,김스베틀라나,1,0.0,0.0,"Korean Institute of Information Scientists and Engineers (NODE12267815, IF: 0.0)"
1962,2025,컴퓨터학,467179926,황예찬,1,0.0,0.0,"Korean Institute of Information Scientists and Engineers (NODE12267817, IF: 0.0)"
1963,2025,컴퓨터학,669555690,주어진,1,0.0,0.0,"Korean Institute of Information Scientists and Engineers (NODE12267817, IF: 0.0)"
1964,2025,컴퓨터학,715660084,최호진,1,0.0,0.0,"Korean Institute of Information Scientists and Engineers (NODE12267817, IF: 0.0)"
1965,2025,컴퓨터학,203552211,김진아,1,0.0,0.0,"Korean Institute of Information Scientists and Engineers (NODE12267818, IF: 0.0)"
1966,2025,컴퓨터학,634087998,오승신,1,0.0,0.0,"Korean Institute of Information Scientists and Engineers (NODE12267818, IF: 0.0)"
1967,2025,컴퓨터학,140507819,최인호,1,0.0,0.0,"Korean Institute of Information Scientists and Engineers (NODE12267819, IF: 0.0)"
1968,2025,컴퓨터학,433386269,이서아,1,0.0,0.0,"Korean Institute of Information Scientists and Engineers (NODE12267820, IF: 0.0)"
1969,2025,컴퓨터학,622459787,정훈,1,0.0,0.0,"Korean Institute of Information Scientists and Engineers (NODE12267821, IF: 0.0)"
1970,2025,컴퓨터학,756852734,이주형,1,0.0,0.0,"Korean Institute of Information Scientists and Engineers (NODE12267821, IF: 0.0)"
1971,2025,컴퓨터학,125930578,윤종성,1,0.0,0.0,"Korean Institute of Information Scientists and Engineers (NODE12267821, IF: 0.0)"
1972,2025,컴퓨터학,874541361,권오훈,1,0.0,0.0,"한국컴퓨터정보학회 (NODE12038612, IF: 0.81)"
1973,2025,컴퓨터학,628816749,김석규,1,0.0,0.0,"한국컴퓨터정보학회 (NODE12038612, IF: 0.81)"
1974,2025,컴퓨터학,347822317,심재구,1,0.0,0.0,"한국컴퓨터정보학회 (NODE12038616, IF: 0.81)"
1975,2025,컴퓨터학,368850628,윤국범,1,0.0,0.0,"한국컴퓨터정보학회 (NODE12038617, IF: 0.81)"
1976,2025,컴퓨터학,947064588,이정수,1,0.0,0.0,"한국컴퓨터정보학회 (NODE12038617, IF: 0.81)"
1977,2025,컴퓨터학,221361069,박동원,1,0.0,0.0,"한국컴퓨터정보학회 (NODE12038622, IF: 0.81)"
1978,2025,컴퓨터학,498189059,윤명섭,1,0.0,0.0,"한국컴퓨터정보학회 (NODE12038622, IF: 0.81)"
1979,2025,컴퓨터학,491489558,문진석,1,0.0,0.0,"한국컴퓨터정보학회 (NODE12038624, IF: 0.81)"
1980,2025,컴퓨터학,625864338,장예준,1,0.0,0.0,"한국컴퓨터정보학회 (NODE12038625, IF: 0.81)"
1981,2025,컴퓨터학,709851395,김은솔,1,0.0,0.0,"한국컴퓨터정보학회 (NODE12038626, IF: 0.81)"
1982,2025,컴퓨터학,233400055,양현지,1,0.0,0.0,"한국컴퓨터정보학회 (NODE12038629, IF: 0.81)"
1983,2025,컴퓨터학,875424504,노현진,1,0.0,0.0,"한국컴퓨터정보학회 (NODE12038629, IF: 0.81)"
1984,2025,컴퓨터학,288089720,안문일,1,0.0,0.0,"한국컴퓨터정보학회 (NODE12038629, IF: 0.81)"
1985,2025,컴퓨터학,753976740,변상운,1,0.0,0.0,"한국컴퓨터정보학회 (NODE12038631, IF: 0.81)"
1986,2025,컴퓨터학,806550459,고재길,1,0.0,0.0,"한국컴퓨터정보학회 (NODE12038631, IF: 0.81)"
1987,2025,컴퓨터학,873528310,Hyunsuk Han,1,0.0,0.0,"한국컴퓨터정보학회 (NODE12038634, IF: 0.81)"
1988,2025,컴퓨터학,348137934,WANG XINY,1,0.0,0.0,"한국컴퓨터정보학회 (NODE12038634, IF: 0.81)"
1989,2025,컴퓨터학,823225813,윤혜진,1,0.0,0.0,"한국컴퓨터정보학회 (NODE12038635, IF: 0.81)"
1990,2025,컴퓨터학,506602,여상수,1,0.0,0.0,"ICT플랫폼학회 (NODE12102167, IF: 0.42)"
1991,2025,컴퓨터학,412169146,Guangxun Zhao,1,0.0,0.0,"Korean Institute of Information Scientists and Engineers (NODE12102538, IF: 0.0)"
1992,2025,컴퓨터학,873136604,박종혁,1,0.0,0.0,"Korean Institute of Information Scientists and Engineers (NODE12102539, IF: 0.0)"
1993,2025,컴퓨터학,332016142,전유훈,1,0.0,0.0,"Korean Institute of Information Scientists and Engineers (NODE12102540, IF: 0.0)"
1994,2025,컴퓨터학,980833483,서의성,1,0.0,0.0,"Korean Institute of Information Scientists and Engineers (NODE12102540, IF: 0.0)"
1995,2025,컴퓨터학,314814541,김지은,1,0.0,0.0,"Korean Institute of Information Scientists and Engineers (NODE12102541, IF: 0.0)"
1996,2025,컴퓨터학,274602367,유승원,1,0.0,0.0,"Korean Institute of Information Scientists and Engineers (NODE12102541, IF: 0.0)"
1997,2025,컴퓨터학,833621653,원유집,1,0.0,0.0,"Korean Institute of Information Scientists and Engineers (NODE12102541, IF: 0.0)"
1998,2025,컴퓨터학,921483799,박지성,1,0.0,0.0,"Korean Institute of Information Scientists and Engineers (NODE12102542, IF: 0.0)"
1999,2025,컴퓨터학,729190209,안민우,1,0.0,0.0,"Korean Institute of Information Scientists and Engineers (NODE12102543, IF: 0.0)"
2000,2025,컴퓨터학,650934028,정진규,1,0.0,0.0,"Korean Institute of Information Scientists and Engineers (NODE12102543, IF: 0.0)"
2001,2025,컴퓨터학,979777218,김동현,1,0.0,0.0,"한국컴퓨터정보학회 (NODE12481141, IF: 0.81)"
2002,2025,컴퓨터학,551092413,허두환,1,0.0,0.0,"한국컴퓨터정보학회 (NODE12481141, IF: 0.81)"
2003,2025,컴퓨터학,110261789,하정훈,1,0.0,0.0,"한국컴퓨터정보학회 (NODE12481141, IF: 0.81)"
2004,2025,컴퓨터학,449990346,배승환,1,0.0,0.0,"한국컴퓨터정보학회 (NODE12481141, IF: 0.81)"
2005,2025,컴퓨터학,789479757,서강원,1,0.0,0.0,"한국컴퓨터정보학회 (NODE12481141, IF: 0.81)"
2006,2025,컴퓨터학,904241288,배승환,1,0.0,0.0,"한국컴퓨터정보학회 (NODE12481141, IF: 0.81)"
2007,2025,컴퓨터학,557436081,김삼택,1,0.0,0.0,"한국컴퓨터정보학회 (NODE12481142, IF: 0.81)"
2008,2025,컴퓨터학,522648284,방지민,1,0.0,0.0,"한국컴퓨터정보학회 (NODE12481143, IF: 0.81)"
2009,2025,컴퓨터학,189850854,이우신,1,0.0,0.0,"한국컴퓨터정보학회 (NODE12481143, IF: 0.81)"
2010,2025,컴퓨터학,969283056,왕건,1,0.0,0.0,"한국컴퓨터정보학회 (NODE12481144, IF: 0.81)"
2011,2025,컴퓨터학,582502500,김동환,1,0.0,0.0,"한국컴퓨터정보학회 (NODE12481144, IF: 0.81)"
2012,2025,컴퓨터학,772318394,박민제,1,0.0,0.0,"한국컴퓨터정보학회 (NODE12481144, IF: 0.81)"
2013,2025,컴퓨터학,466626723,장주진,1,0.0,0.0,"한국컴퓨터정보학회 (NODE12481144, IF: 0.81)"
2014,2025,컴퓨터학,472719425,이원주,1,0.0,0.0,"한국컴퓨터정보학회 (NODE12481144, IF: 0.81)"
2015,2025,컴퓨터학,380355523,김수균,1,0.0,0.0,"한국컴퓨터정보학회 (NODE12481144, IF: 0.81)"
2016,2025,컴퓨터학,5527216,박준혁,1,0.0,0.0,"한국컴퓨터정보학회 (NODE12481146, IF: 0.81)"
2017,2025,컴퓨터학,400450866,이재희,1,0.0,0.0,"한국컴퓨터정보학회 (NODE12481146, IF: 0.81)"
2018,2025,컴퓨터학,792237712,안효범,1,0.0,0.0,"한국컴퓨터정보학회 (NODE12481146, IF: 0.81)"
2019,2025,컴퓨터학,551830183,최희석,1,0.0,0.0,"한국컴퓨터정보학회 (NODE12481147, IF: 0.81)"
2020,2025,컴퓨터학,884084642,장용훈,1,0.0,0.0,"한국컴퓨터정보학회 (NODE12481148, IF: 0.81)"
2021,2025,컴퓨터학,995417169,임정민,1,0.0,0.0,"한국컴퓨터정보학회 (NODE12481148, IF: 0.81)"
2022,2025,컴퓨터학,414246274,남성국,1,0.0,0.0,"한국컴퓨터정보학회 (NODE12481148, IF: 0.81)"
2023,2025,컴퓨터학,309653848,유은진,1,0.0,0.0,"한국컴퓨터정보학회 (NODE12481148, IF: 0.81)"
2024,2025,컴퓨터학,258615796,이명섭,1,0.0,0.0,"한국컴퓨터정보학회 (NODE12481148, IF: 0.81)"
2025,2025,컴퓨터학,852471989,곽종욱,1,0.0,0.0,"한국컴퓨터정보학회 (NODE12481148, IF: 0.81)"
2026,2025,컴퓨터학,474208593,김종욱,1,0.0,0.0,"한국컴퓨터정보학회 (NODE12481149, IF: 0.81)"
2027,2025,컴퓨터학,576798189,윤상길,1,0.0,0.0,"한국컴퓨터정보학회 (NODE12481156, IF: 0.81)"
2028,2025,컴퓨터학,833866974,장은겸,1,0.0,0.0,"한국컴퓨터정보학회 (NODE12481160, IF: 0.81)"
2029,2025,컴퓨터학,954387016,김성민,1,0.0,0.0,"한국컴퓨터정보학회 (NODE12481164, IF: 0.81)"
2030,2025,컴퓨터학,206093226,이원찬,1,0.0,0.0,"한국컴퓨터정보학회 (NODE12481164, IF: 0.81)"
2031,2025,컴퓨터학,120094979,박희완,1,0.0,0.0,"한국컴퓨터정보학회 (NODE12481164, IF: 0.81)"
2032,2025,컴퓨터학,596930646,최영심,1,0.0,0.0,"한국컴퓨터정보학회 (NODE12481166, IF: 0.81)"
2033,2025,컴퓨터학,211566942,박서아,1,0.0,0.0,"한국컴퓨터정보학회 (NODE12481168, IF: 0.81)"
2034,2025,컴퓨터학,195738372,김승현,1,0.0,0.0,"한국컴퓨터정보학회 (NODE12481169, IF: 0.81)"
2035,2025,컴퓨터학,172853669,현정헌,1,0.0,0.0,"한국컴퓨터정보학회 (NODE12481170, IF: 0.81)"
2036,2025,컴퓨터학,974789925,박정현,1,0.0,0.0,"한국컴퓨터정보학회 (NODE12481173, IF: 0.81)"
2037,2025,컴퓨터학,280607217,김용석,1,0.0,0.0,"한국컴퓨터정보학회 (NODE12481174, IF: 0.81)"
2038,2025,컴퓨터학,289782312,윤병길,1,0.0,0.0,"한국컴퓨터정보학회 (NODE12481174, IF: 0.81)"
2039,2025,컴퓨터학,782309066,박정희,1,0.0,0.0,"한국컴퓨터정보학회 (NODE12481174, IF: 0.81)"
2040,2025,컴퓨터학,548459442,김진숙,1,0.0,0.0,"한국컴퓨터정보학회 (NODE12481175, IF: 0.81)"
2041,2025,컴퓨터학,964657378,김형래,1,0.0,0.0,"한국컴퓨터정보학회 (NODE12481178, IF: 0.81)"
2042,2025,컴퓨터학,262123761,임종덕,1,0.0,0.0,"한국컴퓨터정보학회 (NODE12481178, IF: 0.81)"
2043,2025,컴퓨터학,541257297,김정래,1,0.0,0.0,"한국컴퓨터정보학회 (NODE12481178, IF: 0.81)"
2044,2025,컴퓨터학,904425368,Zhang Jing,1,0.0,0.0,"한국컴퓨터정보학회 (NODE12481183, IF: 0.81)"
2045,2025,컴퓨터학,368221389,Sangwook Kim,1,0.0,0.0,"한국컴퓨터정보학회 (NODE12481183, IF: 0.81)"
2046,2025,컴퓨터학,169723193,소칭의,1,0.0,0.0,"한국컴퓨터정보학회 (NODE12481184, IF: 0.81)"
2047,2025,컴퓨터학,135886084,이병관,1,0.0,0.0,"한국컴퓨터정보학회 (NODE12481184, IF: 0.81)"
2048,2025,컴퓨터학,116914481,이인훈,1,0.0,0.0,"한국정보보호학회 (NODE12091088, IF: 0.41)"
2049,2025,컴퓨터학,744783454,김규상,1,0.0,0.0,"한국정보보호학회 (NODE12091088, IF: 0.41)"
2050,2025,컴퓨터학,247792486,김준섭,1,0.0,0.0,"한국정보보호학회 (NODE12091088, IF: 0.41)"
2051,2025,컴퓨터학,266738523,박수진,1,0.0,0.0,"한국정보보호학회 (NODE12091088, IF: 0.41)"
2052,2025,컴퓨터학,577381791,김희석,1,0.0,0.0,"한국정보보호학회 (NODE12091088, IF: 0.41)"
2053,2025,컴퓨터학,228067261,이승우,1,0.0,0.0,"한국정보보호학회 (NODE12091089, IF: 0.41)"
2054,2025,컴퓨터학,276876440,유성환,1,0.0,0.0,"한국정보보호학회 (NODE12091090, IF: 0.41)"
2055,2025,컴퓨터학,286386046,한재승,1,0.0,0.0,"한국정보보호학회 (NODE12091090, IF: 0.41)"
2056,2025,컴퓨터학,801620921,성순화,1,0.0,0.0,"한국정보보호학회 (NODE12091093, IF: 0.41)"
2057,2025,컴퓨터학,981706889,최재민,1,0.0,0.0,"한국정보보호학회 (NODE12091094, IF: 0.41)"
2058,2025,컴퓨터학,496883545,지승하,1,0.0,0.0,"한국정보보호학회 (NODE12091095, IF: 0.41)"
2059,2025,컴퓨터학,763350808,한동임,1,0.0,0.0,"한국정보보호학회 (NODE12091095, IF: 0.41)"
2060,2025,컴퓨터학,600159429,전소은,1,0.0,0.0,"한국정보보호학회 (NODE12091095, IF: 0.41)"
2061,2025,컴퓨터학,355144747,이일구,1,0.0,0.0,"한국정보보호학회 (NODE12091095, IF: 0.41)"
2062,2025,컴퓨터학,675843263,서영재,1,0.0,0.0,"한국정보보호학회 (NODE12091099, IF: 0.41)"
2063,2025,컴퓨터학,163296203,강민정,1,0.0,0.0,"한국정보보호학회 (NODE12091099, IF: 0.41)"
2064,2025,컴퓨터학,302633199,이승민,1,0.0,0.0,"한국정보보호학회 (NODE12091099, IF: 0.41)"
2065,2025,컴퓨터학,984200865,조효진,1,0.0,0.0,"한국정보보호학회 (NODE12091099, IF: 0.41)"
2066,2025,컴퓨터학,317827000,오세희,1,0.0,0.0,"한국정보보호학회 (NODE12091101, IF: 0.41)"
2067,2025,컴퓨터학,278198848,이성민,1,0.0,0.0,"한국정보보호학회 (NODE12091101, IF: 0.41)"
2068,2025,컴퓨터학,995239548,이효민,1,0.0,0.0,"한국정보보호학회 (NODE12091101, IF: 0.41)"
2069,2025,컴퓨터학,100191898,오준형,1,0.0,0.0,"한국정보보호학회 (NODE12091101, IF: 0.41)"
2070,2025,컴퓨터학,894837971,신동규,1,0.0,0.0,"한국디지털콘텐츠학회 (NODE12091175, IF: 1.28)"
2071,2025,컴퓨터학,526525,강민정,1,0.0,0.0,"한국디지털콘텐츠학회 (NODE12091179, IF: 1.28)"
2072,2025,컴퓨터학,672571159,임정훈,1,0.0,0.0,"한국디지털콘텐츠학회 (NODE12091181, IF: 1.28)"
2073,2025,컴퓨터학,402977179,김주용,1,0.0,0.0,"한국디지털콘텐츠학회 (NODE12091181, IF: 1.28)"
2074,2025,컴퓨터학,844831654,차승재,1,0.0,0.0,"한국디지털콘텐츠학회 (NODE12091184, IF: 1.28)"
2075,2025,컴퓨터학,666438150,김민지,1,0.0,0.0,"한국디지털콘텐츠학회 (NODE12091185, IF: 1.28)"
2076,2025,컴퓨터학,843683337,강윤지,1,0.0,0.0,"한국디지털콘텐츠학회 (NODE12091185, IF: 1.28)"
2077,2025,컴퓨터학,185387543,김지연,1,0.0,0.0,"한국디지털콘텐츠학회 (NODE12091185, IF: 1.28)"
2078,2025,컴퓨터학,578799639,진다영,1,0.0,0.0,"한국디지털콘텐츠학회 (NODE12091185, IF: 1.28)"
2079,2025,컴퓨터학,385007684,오병우,1,0.0,0.0,"한국디지털콘텐츠학회 (NODE12091185, IF: 1.28)"
2080,2025,컴퓨터학,703304199,김경수,1,0.0,0.0,"한국디지털콘텐츠학회 (NODE12091185, IF: 1.28)"
2081,2025,컴퓨터학,883708828,정동현,1,0.0,0.0,"Korean Institute of Information Scientists and Engineers (NODE12161255, IF: 0.0)"
2082,2025,컴퓨터학,292637017,황준경,1,0.0,0.0,"Korean Institute of Information Scientists and Engineers (NODE12161257, IF: 0.0)"
2083,2025,컴퓨터학,523840412,경연웅,1,0.0,0.0,"Korean Institute of Information Scientists and Engineers (NODE12161257, IF: 0.0)"
2084,2025,컴퓨터학,540267929,김태환,1,0.0,0.0,"Korean Institute of Information Scientists and Engineers (NODE12161258, IF: 0.0)"
2085,2025,컴퓨터학,956686087,손석빈,1,0.0,0.0,"Korean Institute of Information Scientists and Engineers (NODE12161259, IF: 0.0)"
2086,2025,컴퓨터학,715569999,정원준,1,0.0,0.0,"Korean Institute of Information Scientists and Engineers (NODE12161259, IF: 0.0)"
2087,2025,컴퓨터학,338530052,김민주,1,0.0,0.0,"Korean Institute of Information Scientists and Engineers (NODE12161260, IF: 0.0)"
2088,2025,컴퓨터학,167787709,허주희,1,0.0,0.0,"Korean Institute of Information Scientists and Engineers (NODE12161260, IF: 0.0)"
2089,2025,컴퓨터학,566285096,박은지,1,0.0,0.0,"Korean Institute of Information Scientists and Engineers (NODE12161261, IF: 0.0)"
2090,2025,컴퓨터학,502418576,Nguyen Thanh Tung,1,0.0,0.0,"Korean Institute of Information Scientists and Engineers (NODE12161262, IF: 0.0)"
2091,2025,컴퓨터학,606486051,정영환,1,0.0,0.0,"Korean Institute of Information Scientists and Engineers (NODE12167211, IF: 0.0)"
2092,2025,컴퓨터학,182043121,채귀주,1,0.0,0.0,"Korean Institute of Information Scientists and Engineers (NODE12167211, IF: 0.0)"
2093,2025,컴퓨터학,776980654,위성혁,1,0.0,0.0,"Korean Institute of Information Scientists and Engineers (NODE12167211, IF: 0.0)"
2094,2025,컴퓨터학,475363832,최현,1,0.0,0.0,"Korean Institute of Information Scientists and Engineers (NODE12167212, IF: 0.0)"
2095,2025,컴퓨터학,693276501,강현우,1,0.0,0.0,"Korean Institute of Information Scientists and Engineers (NODE12167213, IF: 0.0)"
2096,2025,컴퓨터학,609482409,남덕윤,1,0.0,0.0,"Korean Institute of Information Scientists and Engineers (NODE12167213, IF: 0.0)"
2097,2025,컴퓨터학,1863846,손진혁,1,0.0,0.0,"Korean Institute of Information Scientists and Engineers (NODE12167214, IF: 0.0)"
2098,2025,컴퓨터학,227950207,김용호,1,0.0,0.0,"Korean Institute of Information Scientists and Engineers (NODE12167214, IF: 0.0)"
2099,2025,컴퓨터학,359352123,김윤수,1,0.0,0.0,"Korean Institute of Information Scientists and Engineers (NODE12167215, IF: 0.0)"
2100,2025,컴퓨터학,188697313,이동영,1,0.0,0.0,"Korean Institute of Information Scientists and Engineers (NODE12167215, IF: 0.0)"
2101,2025,컴퓨터학,230629,임종태,1,0.0,0.0,"Korean Institute of Information Scientists and Engineers (NODE12167216, IF: 0.0)"
2102,2025,컴퓨터학,234074130,최환용,1,0.0,0.0,"Korean Institute of Information Scientists and Engineers (NODE12167216, IF: 0.0)"
2103,2025,컴퓨터학,391661277,최수형,1,0.0,0.009242,"Korean Institute of Information Scientists and Engineers (NODE12167217, IF: 0.0)"
2104,2025,컴퓨터학,5117215,설한울,1,0.0,0.009242,"Korean Institute of Information Scientists and Engineers (NODE12167217, IF: 0.0)"
2105,2025,컴퓨터학,516278107,신수연,1,0.0,0.009242,"Korean Institute of Information Scientists and Engineers (NODE12167217, IF: 0.0)"
2106,2025,컴퓨터학,740062093,노재선,1,0.0,0.0,"Korean Institute of Information Scientists and Engineers (NODE12167222, IF: 0.0)"
2107,2025,컴퓨터학,178704590,정진규,1,0.0,0.0,"Korean Institute of Information Scientists and Engineers (NODE12167222, IF: 0.0)"
2108,2025,컴퓨터학,463923030,오여진,1,0.0,0.0,"Korean Institute of Information Scientists and Engineers (NODE12167224, IF: 0.0)"
2109,2025,컴퓨터학,608205444,김나경,1,0.0,0.0,"Korean Institute of Information Scientists and Engineers (NODE12167224, IF: 0.0)"
2110,2025,컴퓨터학,302975639,조우성,1,0.0,0.018484,"Korean Institute of Information Scientists and Engineers (NODE12167226, IF: 0.0)"
2111,2025,컴퓨터학,969366294,강민준,1,0.0,0.018484,"Korean Institute of Information Scientists and Engineers (NODE12167226, IF: 0.0)"
2112,2025,컴퓨터학,175782802,최승호,1,0.0,0.068392,"Korean Institute of Information Scientists and Engineers (NODE12167227, IF: 0.0)"
2113,2025,컴퓨터학,319794930,박시현,1,0.0,0.068392,"Korean Institute of Information Scientists and Engineers (NODE12167227, IF: 0.0)"
2114,2025,컴퓨터학,234752737,김민상,1,0.0,0.068392,"Korean Institute of Information Scientists and Engineers (NODE12167227, IF: 0.0)"
2115,2025,컴퓨터학,263680018,박찬솔,1,0.0,0.068392,"Korean Institute of Information Scientists and Engineers (NODE12167227, IF: 0.0)"
2116,2025,컴퓨터학,221639705,왕준호,1,0.0,0.068392,"Korean Institute of Information Scientists and Engineers (NODE12167227, IF: 0.0)"
2117,2025,컴퓨터학,423073883,김지윤,1,0.0,0.068392,"Korean Institute of Information Scientists and Engineers (NODE12167227, IF: 0.0)"
2118,2025,컴퓨터학,834472541,김봉수,1,0.0,0.068392,"Korean Institute of Information Scientists and Engineers (NODE12167227, IF: 0.0)"
2119,2025,컴퓨터학,317471410,권준,1,0.0,0.0,"Korean Institute of Information Scientists and Engineers (NODE12167228, IF: 0.0)"
2120,2025,컴퓨터학,126205982,최은성,1,0.0,0.0,"Korean Institute of Information Scientists and Engineers (NODE12167228, IF: 0.0)"
2121,2025,컴퓨터학,330011052,이수정,1,0.0,0.134011,"Korean Institute of Information Scientists and Engineers (NODE12167229, IF: 0.0)"
2122,2025,컴퓨터학,627584379,이하영,1,0.0,0.134011,"Korean Institute of Information Scientists and Engineers (NODE12167229, IF: 0.0)"
2123,2025,컴퓨터학,941822137,허성수,1,0.0,0.134011,"Korean Institute of Information Scientists and Engineers (NODE12167229, IF: 0.0)"
2124,2025,컴퓨터학,550274460,최원익,1,0.0,0.134011,"Korean Institute of Information Scientists and Engineers (NODE12167229, IF: 0.0)"
2125,2025,컴퓨터학,214886070,이승용,1,0.0,0.0,"Korean Institute of Information Scientists and Engineers (NODE12167230, IF: 0.0)"
2126,2025,컴퓨터학,887780512,서하린,1,0.0,0.0,"Korean Institute of Information Scientists and Engineers (NODE12167231, IF: 0.0)"
2127,2025,컴퓨터학,101830901,서영균,1,0.0,0.0,"Korean Institute of Information Scientists and Engineers (NODE12167231, IF: 0.0)"
2128,2025,컴퓨터학,711579501,김준영,1,0.0,0.020333,"Korean Institute of Information Scientists and Engineers (NODE12167232, IF: 0.0)"
2129,2025,컴퓨터학,613419297,김도연,1,0.0,0.0,"Korean Institute of Information Scientists and Engineers (NODE12167233, IF: 0.0)"
2130,2025,컴퓨터학,824744359,최지원,1,0.0,0.0,"Korean Institute of Information Scientists and Engineers (NODE12167233, IF: 0.0)"
2131,2025,컴퓨터학,349581723,전기석,1,0.0,0.0,"Korean Institute of Information Scientists and Engineers (NODE12167233, IF: 0.0)"
2132,2025,컴퓨터학,716517206,이원준,1,0.0,0.0,"Korean Institute of Information Scientists and Engineers (NODE12167233, IF: 0.0)"
2133,2025,컴퓨터학,828175630,김수린,1,0.0,0.0,"한국정보보호학회 (NODE12435427, IF: 0.41)"
2134,2025,컴퓨터학,161311319,김형식,1,0.0,0.0,"한국정보보호학회 (NODE12435427, IF: 0.41)"
2135,2025,컴퓨터학,765601261,한진영,1,0.0,0.0,"Korean Institute of Information Scientists and Engineers (NODE12057943, IF: 0.0)"
2136,2025,컴퓨터학,262982106,김승배,1,0.0,0.0,"Korean Institute of Information Scientists and Engineers (NODE12057943, IF: 0.0)"
2137,2025,컴퓨터학,443094976,이다은,1,0.0,0.0,"Korean Institute of Information Scientists and Engineers (NODE12057943, IF: 0.0)"
2138,2025,컴퓨터학,351721767,강채원,1,0.0,0.0,"Korean Institute of Information Scientists and Engineers (NODE12057943, IF: 0.0)"
2139,2025,컴퓨터학,502014365,전효림,1,0.0,0.0,"Korean Institute of Information Scientists and Engineers (NODE12057943, IF: 0.0)"
2140,2025,컴퓨터학,512165610,백승우,1,0.0,0.0,"Korean Institute of Information Scientists and Engineers (NODE12057944, IF: 0.0)"
2141,2025,컴퓨터학,400254785,Kai Tzu-iunn Ong,1,0.0,0.0,"Korean Institute of Information Scientists and Engineers (NODE12057944, IF: 0.0)"
2142,2025,컴퓨터학,462124121,김지우,1,0.0,0.0,"Korean Institute of Information Scientists and Engineers (NODE12057944, IF: 0.0)"
2143,2025,컴퓨터학,958722224,서준원,1,0.0,0.0,"Korean Institute of Information Scientists and Engineers (NODE12057944, IF: 0.0)"
2144,2025,컴퓨터학,770619603,여진영,1,0.0,0.0,"Korean Institute of Information Scientists and Engineers (NODE12057944, IF: 0.0)"
2145,2025,컴퓨터학,520399043,최은영,1,0.0,0.0,"Korean Institute of Information Scientists and Engineers (NODE12057944, IF: 0.0)"
2146,2025,컴퓨터학,796850852,김이서,1,0.0,0.0,"Korean Institute of Information Scientists and Engineers (NODE12057945, IF: 0.0)"
2147,2025,컴퓨터학,247519330,김주애,1,0.0,0.0,"Korean Institute of Information Scientists and Engineers (NODE12057945, IF: 0.0)"
2148,2025,컴퓨터학,930196669,조원익,1,0.0,0.0,"Korean Institute of Information Scientists and Engineers (NODE12057946, IF: 0.0)"
2149,2025,컴퓨터학,248401418,김근혜,1,0.0,0.0,"Korean Institute of Information Scientists and Engineers (NODE12057946, IF: 0.0)"
2150,2025,컴퓨터학,509763703,배민욱,1,0.0,0.0,"Korean Institute of Information Scientists and Engineers (NODE12057947, IF: 0.0)"
2151,2025,컴퓨터학,175337863,김형훈,1,0.0,0.0,"Korean Institute of Information Scientists and Engineers (NODE12057947, IF: 0.0)"
2152,2025,컴퓨터학,458838305,김민상,1,0.0,0.0,"Korean Institute of Information Scientists and Engineers (NODE12057948, IF: 0.0)"
2153,2025,컴퓨터학,196124960,김현,1,0.0,0.0,"Korean Institute of Information Scientists and Engineers (NODE12057948, IF: 0.0)"
2154,2025,컴퓨터학,878675333,장응혁,1,0.0,0.0,"한국디지털포렌식학회 (NODE12109042, IF: 0.72)"
2155,2025,컴퓨터학,840874159,최이슬,1,0.0,0.0,"한국디지털포렌식학회 (NODE12109046, IF: 0.72)"
2156,2025,컴퓨터학,529730657,이은빈,1,0.0,0.0,"한국디지털포렌식학회 (NODE12109046, IF: 0.72)"
2157,2025,컴퓨터학,193371786,조정은,1,0.0,0.0,"한국디지털포렌식학회 (NODE12109046, IF: 0.72)"
2158,2025,컴퓨터학,739651589,허태성,1,0.0,0.0,"한국컴퓨터정보학회 (NODE12149602, IF: 0.81)"
2159,2025,컴퓨터학,5487820,오민석,1,0.0,0.0,"한국컴퓨터정보학회 (NODE12149602, IF: 0.81)"
2160,2025,컴퓨터학,451350187,서예은,1,0.0,0.0,"한국컴퓨터정보학회 (NODE12149607, IF: 0.81)"
2161,2025,컴퓨터학,931439556,김상용,1,0.0,0.0,"한국컴퓨터정보학회 (NODE12149607, IF: 0.81)"
2162,2025,컴퓨터학,567922774,정종면,1,0.0,0.0,"한국컴퓨터정보학회 (NODE12149609, IF: 0.81)"
2163,2025,컴퓨터학,555906393,한민성,1,0.0,0.0,"한국컴퓨터정보학회 (NODE12149609, IF: 0.81)"
2164,2025,컴퓨터학,818275327,조성무,1,0.0,0.0,"한국컴퓨터정보학회 (NODE12149609, IF: 0.81)"
2165,2025,컴퓨터학,343256203,박평심,1,0.0,0.0,"한국컴퓨터정보학회 (NODE12149614, IF: 0.81)"
2166,2025,컴퓨터학,483479548,김미연,1,0.0,0.0,"한국컴퓨터정보학회 (NODE12149616, IF: 0.81)"
2167,2025,컴퓨터학,718624619,박유나,1,0.0,0.0,"한국컴퓨터정보학회 (NODE12149616, IF: 0.81)"
2168,2025,컴퓨터학,983189381,김성완,1,0.0,0.0,"한국컴퓨터정보학회 (NODE12149619, IF: 0.81)"
2169,2025,컴퓨터학,5186721,정승일,1,0.0,0.0,"한국정보보호학회 (NODE12160180, IF: 0.41)"
2170,2025,컴퓨터학,365049858,김준태,1,0.0,0.0,"한국정보보호학회 (NODE12160180, IF: 0.41)"
2171,2025,컴퓨터학,863127884,차상길,1,0.0,0.0,"한국정보보호학회 (NODE12160180, IF: 0.41)"
2172,2025,컴퓨터학,628449629,홍순좌,1,0.0,0.0,"한국정보보호학회 (NODE12160181, IF: 0.41)"
2173,2025,컴퓨터학,110740428,정상지,1,0.0,0.0,"한국정보보호학회 (NODE12160181, IF: 0.41)"
2174,2025,컴퓨터학,634670999,김창영,1,0.0,0.0,"한국정보보호학회 (NODE12160181, IF: 0.41)"
2175,2025,컴퓨터학,381802851,주한익,1,0.0,0.0,"한국정보보호학회 (NODE12160181, IF: 0.41)"
2176,2025,컴퓨터학,394669148,정현철,1,0.0,0.0,"한국정보보호학회 (NODE12160181, IF: 0.41)"
2177,2025,컴퓨터학,348202887,고재남,1,0.0,0.0,"한국정보보호학회 (NODE12160182, IF: 0.41)"
2178,2025,컴퓨터학,867930957,이주영,1,0.0,0.0,"한국정보보호학회 (NODE12435428, IF: 0.41)"
2179,2025,컴퓨터학,5150904,정민영,1,0.0,0.0,"한국디지털콘텐츠학회 (NODE12152247, IF: 1.28)"
2180,2025,컴퓨터학,180484287,이도영,1,0.0,0.0,"한국디지털콘텐츠학회 (NODE12152252, IF: 1.28)"
2181,2025,컴퓨터학,869348680,송채은,1,0.0,0.0,"한국디지털콘텐츠학회 (NODE12152253, IF: 1.28)"
2182,2025,컴퓨터학,322733308,김학래,1,0.0,0.0,"한국디지털콘텐츠학회 (NODE12152253, IF: 1.28)"
2183,2025,컴퓨터학,196763831,오연정,1,0.0,0.0,"한국디지털콘텐츠학회 (NODE12152256, IF: 1.28)"
2184,2025,컴퓨터학,731996163,채정화,1,0.0,0.0,"한국디지털콘텐츠학회 (NODE12152258, IF: 1.28)"
2185,2025,컴퓨터학,673820393,정상준,1,0.0,0.0,"한국디지털콘텐츠학회 (NODE12152260, IF: 1.28)"
2186,2025,컴퓨터학,893770420,백근찬,1,0.0,0.0,"한국디지털콘텐츠학회 (NODE12152260, IF: 1.28)"
2187,2025,컴퓨터학,687615464,정혜욱,1,0.0,0.0,"한국디지털콘텐츠학회 (NODE12152264, IF: 1.28)"
2188,2025,컴퓨터학,860420132,엄주희,1,0.0,0.0,"한국디지털콘텐츠학회 (NODE12152267, IF: 1.28)"
2189,2025,컴퓨터학,619426809,안윤진,1,0.0,0.0,"한국디지털콘텐츠학회 (NODE12152268, IF: 1.28)"
2190,2025,컴퓨터학,822072494,이찬희,1,0.0,0.0,"한국디지털콘텐츠학회 (NODE12152268, IF: 1.28)"
2191,2025,컴퓨터학,966493050,이진현,1,0.0,0.0,"한국디지털콘텐츠학회 (NODE12152270, IF: 1.28)"
2192,2025,컴퓨터학,877324383,윤혜정,1,0.0,0.0,"Korean Institute of Information Scientists and Engineers (NODE12152729, IF: 0.0)"
2193,2025,컴퓨터학,869711625,이승용,1,0.0,0.0,"Korean Institute of Information Scientists and Engineers (NODE12152729, IF: 0.0)"
2194,2025,컴퓨터학,870286362,양수빈,1,0.0,0.10536100000000001,"Korean Institute of Information Scientists and Engineers (NODE12152730, IF: 0.0)"
2195,2025,컴퓨터학,173320268,김민태,1,0.0,0.10536100000000001,"Korean Institute of Information Scientists and Engineers (NODE12152730, IF: 0.0)"
2196,2025,컴퓨터학,669927620,김동환,1,0.0,0.10536100000000001,"Korean Institute of Information Scientists and Engineers (NODE12152730, IF: 0.0)"
2197,2025,컴퓨터학,166561455,정준섭,1,0.0,0.10536100000000001,"Korean Institute of Information Scientists and Engineers (NODE12152730, IF: 0.0)"
2198,2025,컴퓨터학,858044847,최명재,1,0.0,0.10536100000000001,"Korean Institute of Information Scientists and Engineers (NODE12152730, IF: 0.0)"
2199,2025,컴퓨터학,175593362,김학재,1,0.0,0.10536100000000001,"Korean Institute of Information Scientists and Engineers (NODE12152730, IF: 0.0)"
2200,2025,컴퓨터학,688305566,이성주,1,0.0,0.10536100000000001,"Korean Institute of Information Scientists and Engineers (NODE12152730, IF: 0.0)"
2201,2025,컴퓨터학,806211073,정종균,1,0.0,0.041589999999999995,"Korean Institute of Information Scientists and Engineers (NODE12152731, IF: 0.0)"
2202,2025,컴퓨터학,213289171,정재현,1,0.0,0.0,"Korean Institute of Information Scientists and Engineers (NODE12152732, IF: 0.0)"
2203,2025,컴퓨터학,150575683,임채문,1,0.0,0.0,"Korean Institute of Information Scientists and Engineers (NODE12152732, IF: 0.0)"
2204,2025,컴퓨터학,321291981,최지웅,1,0.0,0.0,"Korean Institute of Information Scientists and Engineers (NODE12152732, IF: 0.0)"
2205,2025,컴퓨터학,674763220,윤유정,1,0.0,0.0,"Korean Institute of Information Scientists and Engineers (NODE12152732, IF: 0.0)"
2206,2025,컴퓨터학,512116296,탁병철,1,0.0,0.0,"Korean Institute of Information Scientists and Engineers (NODE12152733, IF: 0.0)"
2207,2025,컴퓨터학,362977118,정예진,1,0.0,0.119223,"Korean Institute of Information Scientists and Engineers (NODE12152734, IF: 0.0)"
2208,2025,컴퓨터학,373681045,최완선,1,0.0,0.119223,"Korean Institute of Information Scientists and Engineers (NODE12152734, IF: 0.0)"
2209,2025,컴퓨터학,995904537,이동헌,1,0.0,0.119223,"Korean Institute of Information Scientists and Engineers (NODE12152734, IF: 0.0)"
2210,2025,컴퓨터학,677069897,현지훈,1,0.0,0.0,"Korean Institute of Information Scientists and Engineers (NODE12152735, IF: 0.0)"
2211,2025,컴퓨터학,975710605,최성희,1,0.0,0.0,"Korean Institute of Information Scientists and Engineers (NODE12152735, IF: 0.0)"
2212,2025,컴퓨터학,5117486,유사라,1,0.0,0.0,"Korean Institute of Information Scientists and Engineers (NODE12152736, IF: 0.0)"
2213,2025,컴퓨터학,307579567,이기용,1,0.0,0.0,"Korean Institute of Information Scientists and Engineers (NODE12152736, IF: 0.0)"
2214,2025,컴퓨터학,230781815,유영빈,1,0.0,0.0,"Korean Institute of Information Scientists and Engineers (NODE12153352, IF: 0.0)"
2215,2025,컴퓨터학,802980689,박정형,1,0.0,0.0,"Korean Institute of Information Scientists and Engineers (NODE12153352, IF: 0.0)"
2216,2025,컴퓨터학,813611003,조진성,1,0.0,0.0,"Korean Institute of Information Scientists and Engineers (NODE12153352, IF: 0.0)"
2217,2025,컴퓨터학,115626461,함형규,1,0.0,0.0,"Korean Institute of Information Scientists and Engineers (NODE12134390, IF: 0.0)"
2218,2025,컴퓨터학,559132020,홍정민,1,0.0,0.0,"Korean Institute of Information Scientists and Engineers (NODE12134390, IF: 0.0)"
2219,2025,컴퓨터학,680641612,김광선,1,0.0,0.0,"Korean Institute of Information Scientists and Engineers (NODE12134390, IF: 0.0)"
2220,2025,컴퓨터학,882127431,유예신,1,0.0,0.0,"Korean Institute of Information Scientists and Engineers (NODE12134391, IF: 0.0)"
2221,2025,컴퓨터학,276070811,김정래,1,0.0,0.0,"Korean Institute of Information Scientists and Engineers (NODE12134391, IF: 0.0)"
2222,2025,컴퓨터학,1864031,양경식,1,0.0,0.0,"Korean Institute of Information Scientists and Engineers (NODE12134392, IF: 0.0)"
2223,2025,컴퓨터학,114497032,이준환,1,0.0,0.0,"Korean Institute of Information Scientists and Engineers (NODE12134393, IF: 0.0)"
2224,2025,컴퓨터학,681220293,홍성준,1,0.0,0.0,"Korean Institute of Information Scientists and Engineers (NODE12134393, IF: 0.0)"
2225,2025,컴퓨터학,554898661,김재훈,1,0.0,0.0,"Korean Institute of Information Scientists and Engineers (NODE12134393, IF: 0.0)"
2226,2025,컴퓨터학,944518559,구이연,1,0.0,0.0,"Korean Institute of Information Scientists and Engineers (NODE12134393, IF: 0.0)"
2227,2025,컴퓨터학,955476108,정이품,1,0.0,0.0,"Korean Institute of Information Scientists and Engineers (NODE12134393, IF: 0.0)"
2228,2025,컴퓨터학,580897450,최우형,1,0.0,0.0,"Korean Institute of Information Scientists and Engineers (NODE12134394, IF: 0.0)"
2229,2025,컴퓨터학,660712663,정진우,1,0.0,0.0,"Korean Institute of Information Scientists and Engineers (NODE12134394, IF: 0.0)"
2230,2025,컴퓨터학,227473291,안정섭,1,0.0,0.0,"Korean Institute of Information Scientists and Engineers (NODE12134394, IF: 0.0)"
2231,2025,컴퓨터학,862672916,김준성,1,0.0,0.0,"Korean Institute of Information Scientists and Engineers (NODE12134395, IF: 0.0)"
2232,2025,컴퓨터학,800182909,이영기,1,0.0,0.0,"한국컴퓨터그래픽스학회 (NODE12292954, IF: 0.44)"
2233,2025,컴퓨터학,364305937,김화정,1,0.0,0.0,"Korean Institute of Information Scientists and Engineers (NODE12419013, IF: 0.0)"
2234,2025,컴퓨터학,478936531,권오경,1,0.0,0.0,"Korean Institute of Information Scientists and Engineers (NODE12419018, IF: 0.0)"
2235,2025,컴퓨터학,321328289,강지훈,1,0.0,0.0,"Korean Institute of Information Scientists and Engineers (NODE12419018, IF: 0.0)"
2236,2025,컴퓨터학,217776008,김승환,1,0.0,0.0,"Korean Institute of Information Scientists and Engineers (NODE12419019, IF: 0.0)"
2237,2025,컴퓨터학,569972559,김창종,1,0.0,0.0,"Korean Institute of Information Scientists and Engineers (NODE12419019, IF: 0.0)"
2238,2025,컴퓨터학,802600808,김성곤,1,0.0,0.0,"Korean Institute of Information Scientists and Engineers (NODE12419019, IF: 0.0)"
2239,2025,컴퓨터학,175744920,성한울,1,0.0,0.0,"Korean Institute of Information Scientists and Engineers (NODE12419020, IF: 0.0)"
2240,2025,컴퓨터학,748741754,한종빈,1,0.0,0.0,"Korean Institute of Information Scientists and Engineers (NODE12419021, IF: 0.0)"
2241,2025,컴퓨터학,243849547,오명원,1,0.0,0.0,"Korean Institute of Information Scientists and Engineers (NODE12419022, IF: 0.0)"
2242,2025,컴퓨터학,252454595,박지웅,1,0.0,0.0,"Korean Institute of Information Scientists and Engineers (NODE12419023, IF: 0.0)"
2243,2025,컴퓨터학,444941023,노승우,1,0.0,0.0,"Korean Institute of Information Scientists and Engineers (NODE12419024, IF: 0.0)"
2244,2025,컴퓨터학,929748039,유진승,1,0.0,0.0,"Korean Institute of Information Scientists and Engineers (NODE12419024, IF: 0.0)"
2245,2025,컴퓨터학,969020028,김상완,1,0.0,0.0,"Korean Institute of Information Scientists and Engineers (NODE12419024, IF: 0.0)"
2246,2025,컴퓨터학,406371307,정기문,1,0.0,0.0,"Korean Institute of Information Scientists and Engineers (NODE12419024, IF: 0.0)"
2247,2025,컴퓨터학,118104253,김화정,1,0.0,0.0,"Korean Institute of Information Scientists and Engineers (NODE12419025, IF: 0.0)"
2248,2025,컴퓨터학,144886206,장봉준,1,0.0,0.0,"Korean Institute of Information Scientists and Engineers (NODE12419042, IF: 0.0)"
2249,2025,컴퓨터학,505621080,허기홍,1,0.0,0.0,"Korean Institute of Information Scientists and Engineers (NODE12419042, IF: 0.0)"
2250,2025,컴퓨터학,719034502,이제형,1,0.0,0.0,"Korean Institute of Information Scientists and Engineers (NODE12419043, IF: 0.0)"
2251,2025,컴퓨터학,135133072,이우석,1,0.0,0.0,"Korean Institute of Information Scientists and Engineers (NODE12419043, IF: 0.0)"
2252,2025,컴퓨터학,679834462,이경호,1,0.0,0.0,"Korean Institute of Information Scientists and Engineers (NODE12419044, IF: 0.0)"
2253,2025,컴퓨터학,949777280,김미수,1,0.0,0.0,"Korean Institute of Information Scientists and Engineers (NODE12419044, IF: 0.0)"
2254,2025,컴퓨터학,475158455,정민기,1,0.0,0.0,"Korean Institute of Information Scientists and Engineers (NODE12419045, IF: 0.0)"
2255,2025,컴퓨터학,386462109,위성일,1,0.0,0.0,"Korean Institute of Information Scientists and Engineers (NODE12419045, IF: 0.0)"
2256,2025,컴퓨터학,332891152,소순범,1,0.0,0.0,"Korean Institute of Information Scientists and Engineers (NODE12419046, IF: 0.0)"
2257,2025,컴퓨터학,921921204,최재승,1,0.0,0.0,"Korean Institute of Information Scientists and Engineers (NODE12419047, IF: 0.0)"
2258,2025,컴퓨터학,807039230,박준형,1,0.0,0.0,"한국정보보호학회 (NODE12352487, IF: 0.41)"
2259,2025,컴퓨터학,149693312,김정녀,1,0.0,0.0,"한국정보보호학회 (NODE12352488, IF: 0.41)"
2260,2025,컴퓨터학,348612763,오흥룡,1,0.0,0.0,"한국정보보호학회 (NODE12352489, IF: 0.41)"
2261,2025,컴퓨터학,628992223,이상우,1,0.0,0.0,"한국정보보호학회 (NODE12352490, IF: 0.41)"
2262,2025,컴퓨터학,806495042,전용성,1,0.0,0.0,"한국정보보호학회 (NODE12352490, IF: 0.41)"
2263,2025,컴퓨터학,474279666,이진수,1,0.0,0.0,"한국정보보호학회 (NODE12352491, IF: 0.41)"
2264,2025,컴퓨터학,834705383,김지혜,1,0.0,0.0,"한국정보보호학회 (NODE12352491, IF: 0.41)"
2265,2025,컴퓨터학,334934304,이하늘,1,0.0,0.0,"한국정보보호학회 (NODE12352491, IF: 0.41)"
2266,2025,컴퓨터학,706391037,이종혁,1,0.0,0.0,"한국정보보호학회 (NODE12352491, IF: 0.41)"
2267,2025,컴퓨터학,884359214,김미경,1,0.0,0.0,"한국정보보호학회 (NODE12352492, IF: 0.41)"
2268,2025,컴퓨터학,309868170,김영진,1,0.0,0.0,"한국정보보호학회 (NODE12352492, IF: 0.41)"
2269,2025,컴퓨터학,733613805,황정연,1,0.0,0.0,"한국정보보호학회 (NODE12352492, IF: 0.41)"
2270,2025,컴퓨터학,181579092,서진아,1,0.0,0.0,"한국정보보호학회 (NODE12352492, IF: 0.41)"
2271,2025,컴퓨터학,567519537,최영재,1,0.0,0.0,"한국정보보호학회 (NODE12088070, IF: 0.41)"
2272,2025,컴퓨터학,5094339,양희동,1,0.0,0.0,"한국정보보호학회 (NODE12088070, IF: 0.41)"
2273,2025,컴퓨터학,136484834,우승훈,1,0.0,0.0,"한국정보보호학회 (NODE12088070, IF: 0.41)"
2274,2025,컴퓨터학,447957594,강동호,1,0.0,0.0,"한국정보보호학회 (NODE12088071, IF: 0.41)"
2275,2025,컴퓨터학,218865165,조영후,1,0.0,0.0,"한국정보보호학회 (NODE12088071, IF: 0.41)"
2276,2025,컴퓨터학,842657366,조은정,1,0.0,0.0,"한국정보보호학회 (NODE12088072, IF: 0.41)"
2277,2025,컴퓨터학,170703446,권중한,1,0.0,0.0,"한국정보보호학회 (NODE12088073, IF: 0.41)"
2278,2025,컴퓨터학,367497232,방지호,1,0.0,0.0,"한국정보보호학회 (NODE12088074, IF: 0.41)"
2279,2025,컴퓨터학,446780339,정원석,1,0.0,0.0,"한국정보보호학회 (NODE12088074, IF: 0.41)"
2280,2025,컴퓨터학,256005269,김선집,1,0.0,0.0,"한국정보보호학회 (NODE12088074, IF: 0.41)"
2281,2025,컴퓨터학,805774000,김미연,1,0.0,0.0,"한국정보보호학회 (NODE12088075, IF: 0.41)"
2282,2025,컴퓨터학,262070378,김경애,1,0.0,0.0,"한국정보보호학회 (NODE12088076, IF: 0.41)"
2283,2025,컴퓨터학,819439866,차형진,1,0.0,0.0,"한국정보보호학회 (NODE12265689, IF: 0.41)"
2284,2025,컴퓨터학,445058441,김찬혁,1,0.0,0.0,"한국정보보호학회 (NODE12265692, IF: 0.41)"
2285,2025,컴퓨터학,218096886,김형엽,1,0.0,0.0,"한국정보보호학회 (NODE12265692, IF: 0.41)"
2286,2025,컴퓨터학,286174179,위한샘,1,0.0,0.0,"한국정보보호학회 (NODE12265692, IF: 0.41)"
2287,2025,컴퓨터학,114934299,이옥연,1,0.0,0.0,"한국정보보호학회 (NODE12265692, IF: 0.41)"
2288,2025,컴퓨터학,926447178,이건우,1,0.0,0.0,"한국정보보호학회 (NODE12265694, IF: 0.41)"
2289,2025,컴퓨터학,443708645,유영인,1,0.0,0.0,"한국정보보호학회 (NODE12265695, IF: 0.41)"
2290,2025,컴퓨터학,185898049,정세희,1,0.0,0.0,"한국정보보호학회 (NODE12265695, IF: 0.41)"
2291,2025,컴퓨터학,808027445,김동희,1,0.0,0.0,"한국정보보호학회 (NODE12265695, IF: 0.41)"
2292,2025,컴퓨터학,136461116,김대영,1,0.0,0.0,"한국정보보호학회 (NODE12265696, IF: 0.41)"
2293,2025,컴퓨터학,291355080,문혜원,1,0.0,0.0,"Korean Institute of Information Scientists and Engineers (NODE12417630, IF: 0.0)"
2294,2025,컴퓨터학,661705517,김성민,1,0.0,0.0,"Korean Institute of Information Scientists and Engineers (NODE12417632, IF: 0.0)"
2295,2025,컴퓨터학,993763758,정은진,1,0.0,0.0,"Korean Institute of Information Scientists and Engineers (NODE12417632, IF: 0.0)"
2296,2025,컴퓨터학,393689157,하순회,1,0.0,0.0,"Korean Institute of Information Scientists and Engineers (NODE12417632, IF: 0.0)"
2297,2025,컴퓨터학,683330943,박세희,1,0.0,0.0,"Korean Institute of Information Scientists and Engineers (NODE12417633, IF: 0.0)"
2298,2025,컴퓨터학,775420894,오일석,1,0.0,0.0,"Korean Institute of Information Scientists and Engineers (NODE12417633, IF: 0.0)"
2299,2025,컴퓨터학,664923109,하윤선,1,0.0,0.169131,"Korean Institute of Information Scientists and Engineers (NODE12417634, IF: 0.0)"
2300,2025,컴퓨터학,661959173,권보경,1,0.0,0.169131,"Korean Institute of Information Scientists and Engineers (NODE12417634, IF: 0.0)"
2301,2025,컴퓨터학,275056301,강경태,1,0.0,0.169131,"Korean Institute of Information Scientists and Engineers (NODE12417634, IF: 0.0)"
2302,2025,컴퓨터학,629284332,육정훈,1,0.0,0.0,"Korean Institute of Information Scientists and Engineers (NODE12417635, IF: 0.0)"
2303,2025,컴퓨터학,936299217,이병호,1,0.0,0.0,"Korean Institute of Information Scientists and Engineers (NODE12417635, IF: 0.0)"
2304,2025,컴퓨터학,756173777,이경하,1,0.0,0.0,"Korean Institute of Information Scientists and Engineers (NODE12417635, IF: 0.0)"
2305,2025,컴퓨터학,864648415,김태훈,1,0.0,0.0,"Korean Institute of Information Scientists and Engineers (NODE12417635, IF: 0.0)"
2306,2025,컴퓨터학,795152852,조준혁,1,0.0,0.0,"Korean Institute of Information Scientists and Engineers (NODE12417636, IF: 0.0)"
2307,2025,컴퓨터학,889539958,임지현,1,0.0,0.0,"Korean Institute of Information Scientists and Engineers (NODE12417636, IF: 0.0)"
2308,2025,컴퓨터학,606725763,이선우,1,0.0,0.0,"Korean Institute of Information Scientists and Engineers (NODE12417636, IF: 0.0)"
2309,2025,컴퓨터학,696617099,허지원,1,0.0,0.049908,"Korean Institute of Information Scientists and Engineers (NODE12417637, IF: 0.0)"
2310,2025,컴퓨터학,927867396,최민준,1,0.0,0.049908,"Korean Institute of Information Scientists and Engineers (NODE12417637, IF: 0.0)"
2311,2025,컴퓨터학,399987784,윤상원,1,0.0,0.049908,"Korean Institute of Information Scientists and Engineers (NODE12417638, IF: 0.0)"
2312,2025,컴퓨터학,279659578,고영중,1,0.0,0.049908,"Korean Institute of Information Scientists and Engineers (NODE12417638, IF: 0.0)"
2313,2025,컴퓨터학,770746215,이상훈,1,0.0,0.0,"Korean Institute of Information Scientists and Engineers (NODE12417639, IF: 0.0)"
2314,2025,컴퓨터학,963930833,장홍준,1,0.0,0.0,"Korean Institute of Information Scientists and Engineers (NODE12417639, IF: 0.0)"
2315,2025,컴퓨터학,652941578,문양세,1,0.0,0.0,"Korean Institute of Information Scientists and Engineers (NODE12417639, IF: 0.0)"
2316,2025,컴퓨터학,355919480,이혜리,1,0.0,0.10536100000000001,"Korean Institute of Information Scientists and Engineers (NODE12417640, IF: 0.0)"
2317,2025,컴퓨터학,5406289,국희진,1,0.0,0.10536100000000001,"Korean Institute of Information Scientists and Engineers (NODE12417640, IF: 0.0)"
2318,2025,컴퓨터학,121669142,이호욱,1,0.0,0.010166,"Korean Institute of Information Scientists and Engineers (NODE12417644, IF: 0.0)"
2319,2025,컴퓨터학,269960514,이원희,1,0.0,0.010166,"Korean Institute of Information Scientists and Engineers (NODE12417644, IF: 0.0)"
2320,2025,컴퓨터학,270862280,정연주,1,0.0,0.033272,"Korean Institute of Information Scientists and Engineers (NODE12417645, IF: 0.0)"
2321,2025,컴퓨터학,463681989,이민재,1,0.0,0.033272,"Korean Institute of Information Scientists and Engineers (NODE12417645, IF: 0.0)"
2322,2025,컴퓨터학,636551347,김영국,1,0.0,0.033272,"Korean Institute of Information Scientists and Engineers (NODE12417645, IF: 0.0)"
2323,2025,컴퓨터학,940684760,이창한,1,0.0,0.008318,"Korean Institute of Information Scientists and Engineers (NODE12417646, IF: 0.0)"
2324,2025,컴퓨터학,489496326,고수윤,1,0.0,0.2061,"Korean Institute of Information Scientists and Engineers (NODE12417647, IF: 0.0)"
2325,2025,컴퓨터학,659416108,정진근,1,0.0,0.2061,"Korean Institute of Information Scientists and Engineers (NODE12417647, IF: 0.0)"
2326,2025,컴퓨터학,882378294,전준렬,1,0.0,0.055452,"Korean Institute of Information Scientists and Engineers (NODE12417648, IF: 0.0)"
2327,2025,컴퓨터학,117360848,홍진혁,1,0.0,0.055452,"Korean Institute of Information Scientists and Engineers (NODE12417648, IF: 0.0)"
2328,2025,컴퓨터학,222358472,Jong-Guk Kim,1,0.0,0.0,"한국디지털콘텐츠학회 (NODE12482400, IF: 1.28)"
2329,2025,컴퓨터학,579800146,정현석,1,0.0,0.0,"한국컴퓨터그래픽스학회 (NODE12292955, IF: 0.44)"
2330,2025,컴퓨터학,206458000,권성현,1,0.0,0.0,"한국컴퓨터그래픽스학회 (NODE12292955, IF: 0.44)"
2331,2025,컴퓨터학,349147723,김다혜,1,0.0,0.0,"한국컴퓨터그래픽스학회 (NODE12292955, IF: 0.44)"
2332,2025,컴퓨터학,329679790,윤승현,1,0.0,0.0,"한국컴퓨터그래픽스학회 (NODE12292955, IF: 0.44)"
2333,2025,컴퓨터학,395313009,김두용,1,0.0,0.0,"한국컴퓨터그래픽스학회 (NODE12292957, IF: 0.44)"
2334,2025,컴퓨터학,5087776,김지환,1,0.0,0.0,"한국컴퓨터그래픽스학회 (NODE12292957, IF: 0.44)"
2335,2025,컴퓨터학,370394434,김광욱,1,0.0,0.0,"한국컴퓨터그래픽스학회 (NODE12292957, IF: 0.44)"
2336,2025,컴퓨터학,924932699,김종용,1,0.0,0.0,"한국컴퓨터그래픽스학회 (NODE12292958, IF: 0.44)"
2337,2025,컴퓨터학,722885811,송종훈,1,0.0,0.0,"한국컴퓨터그래픽스학회 (NODE12292958, IF: 0.44)"
2338,2025,컴퓨터학,732345031,김한얼,1,0.0,0.0,"한국컴퓨터그래픽스학회 (NODE12292959, IF: 0.44)"
2339,2025,컴퓨터학,469224353,정원영,1,0.0,0.0,"한국컴퓨터그래픽스학회 (NODE12292959, IF: 0.44)"
2340,2025,컴퓨터학,301261853,서광균,1,0.0,0.0,"한국컴퓨터그래픽스학회 (NODE12292962, IF: 0.44)"
2341,2025,컴퓨터학,860915454,차시헌,1,0.0,0.0,"한국컴퓨터그래픽스학회 (NODE12292962, IF: 0.44)"
2342,2025,컴퓨터학,5175000,나현호,1,0.0,0.0,"한국컴퓨터그래픽스학회 (NODE12292962, IF: 0.44)"
2343,2025,컴퓨터학,692797676,이인엽,1,0.0,0.0,"한국컴퓨터그래픽스학회 (NODE12292962, IF: 0.44)"
2344,2025,컴퓨터학,886995550,노준용,1,0.0,0.0,"한국컴퓨터그래픽스학회 (NODE12292962, IF: 0.44)"
2345,2025,컴퓨터학,990511405,류수화,1,0.0,0.0,"한국컴퓨터그래픽스학회 (NODE12292963, IF: 0.44)"
2346,2025,컴퓨터학,736343355,장서빈,1,0.0,0.0,"한국컴퓨터그래픽스학회 (NODE12292963, IF: 0.44)"
2347,2025,컴퓨터학,933413305,구효근,1,0.0,0.0,"한국컴퓨터그래픽스학회 (NODE12292963, IF: 0.44)"
2348,2025,컴퓨터학,260515,김민호,1,0.0,0.0,"한국컴퓨터그래픽스학회 (NODE12292963, IF: 0.44)"
2349,2025,컴퓨터학,822650152,선재영,1,0.0,0.0,"한국컴퓨터그래픽스학회 (NODE12292964, IF: 0.44)"
2350,2025,컴퓨터학,604759245,홍성은,1,0.0,0.0,"한국컴퓨터그래픽스학회 (NODE12292964, IF: 0.44)"
2351,2025,컴퓨터학,301534563,김경민,1,0.0,0.0,"한국컴퓨터그래픽스학회 (NODE12292964, IF: 0.44)"
2352,2025,컴퓨터학,127860814,우승우,1,0.0,0.0,"한국컴퓨터그래픽스학회 (NODE12292964, IF: 0.44)"
2353,2025,컴퓨터학,518629052,김미송,1,0.0,0.0,"한국컴퓨터그래픽스학회 (NODE12292965, IF: 0.44)"
2354,2025,컴퓨터학,970424440,정승재,1,0.0,0.0,"한국컴퓨터그래픽스학회 (NODE12292965, IF: 0.44)"
2355,2025,컴퓨터학,590498449,Hussain Muhammad Abrar,1,0.0,0.0,"한국컴퓨터그래픽스학회 (NODE12292969, IF: 0.44)"
2356,2025,컴퓨터학,654649219,Kim SeongKi,1,0.0,0.0,"한국컴퓨터그래픽스학회 (NODE12292969, IF: 0.44)"
2357,2025,컴퓨터학,308811829,유택근,1,0.0,0.0,"한국컴퓨터그래픽스학회 (NODE12292970, IF: 0.44)"
2358,2025,컴퓨터학,939924110,윤성호,1,0.0,0.0,"한국컴퓨터그래픽스학회 (NODE12292970, IF: 0.44)"
2359,2025,컴퓨터학,782974531,조세희,1,0.0,0.0,"한국컴퓨터그래픽스학회 (NODE12292970, IF: 0.44)"
2360,2025,컴퓨터학,418306358,서웅,1,0.0,0.0,"한국컴퓨터그래픽스학회 (NODE12292970, IF: 0.44)"
2361,2025,컴퓨터학,144392986,임인성,1,0.0,0.0,"한국컴퓨터그래픽스학회 (NODE12292970, IF: 0.44)"
2362,2025,컴퓨터학,584159057,이윤규,1,0.0,0.0,"한국컴퓨터그래픽스학회 (NODE12292971, IF: 0.44)"
2363,2025,컴퓨터학,742789442,이철남,1,0.0,0.0,"Korean Institute of Information Scientists and Engineers (NODE12277449, IF: 0.0)"
2364,2025,컴퓨터학,958490496,김종배,1,0.0,0.0,"Korean Institute of Information Scientists and Engineers (NODE12277450, IF: 0.0)"
2365,2025,컴퓨터학,656811002,Wrtn Technologies,1,0.0,0.0,"Korean Institute of Information Scientists and Engineers (NODE12277453, IF: 0.0)"
