Rank,Year,Class_Name,Author_ID,Author_Name,Total_Papers,Total_Trend_Score,Paper_List_Details
1,2023,기계공학,2260203,이재선,5,0.325098,"한국비파괴검사학회 (NODE11218782, IF: 0.41)
한국비파괴검사학회 (NODE11561817, IF: 0.41)
한국기계가공학회 (NODE11463901, IF: 0.31)
한국비파괴검사학회 (NODE11444162, IF: 0.41)
한국비파괴검사학회 (NODE11509924, IF: 0.41)"
2,2023,기계공학,860751403,박준필,4,0.325098,"한국비파괴검사학회 (NODE11218782, IF: 0.41)
한국비파괴검사학회 (NODE11561817, IF: 0.41)
한국비파괴검사학회 (NODE11444162, IF: 0.41)
한국비파괴검사학회 (NODE11509924, IF: 0.41)"
3,2023,기계공학,913910256,조수용,4,0.31027699999999997,"한국동력기계공학회 (NODE11405731, IF: 0.33)
한국유체기계학회 (NODE11620937, IF: 0.29)
한국동력기계공학회 (NODE11217269, IF: 0.33)
한국동력기계공학회 (NODE11560215, IF: 0.33)"
4,2023,기계공학,241845371,조종현,2,0.30335999999999996,"한국동력기계공학회 (NODE11217269, IF: 0.33)
한국동력기계공학회 (NODE11560215, IF: 0.33)"
5,2023,기계공학,604840310,Yasuyuki Nishi,4,0.28853799999999996,"한국유체기계학회 (NODE11681150, IF: 0.29)
한국유체기계학회 (NODE11395903, IF: 0.29)
한국유체기계학회 (NODE11395904, IF: 0.29)
한국유체기계학회 (NODE11395908, IF: 0.29)"
6,2023,기계공학,121744429,강율호,3,0.283597,"한국동력기계공학회 (NODE11217274, IF: 0.33)
대한설비공학회 (NODE11556741, IF: 0.26)
대한설비공학회 (NODE11404364, IF: 0.26)"
7,2023,기계공학,857801302,안영철,3,0.283597,"한국동력기계공학회 (NODE11217274, IF: 0.33)
대한설비공학회 (NODE11556741, IF: 0.26)
대한설비공학회 (NODE11404364, IF: 0.26)"
8,2023,기계공학,662599109,송해은,2,0.283597,"한국동력기계공학회 (NODE11217274, IF: 0.33)
대한설비공학회 (NODE11404364, IF: 0.26)"
9,2023,기계공학,134108699,우상무,1,0.283597,"한국동력기계공학회 (NODE11217274, IF: 0.33)"
10,2023,기계공학,857428705,지상원,4,0.27668,"대한기계학회 (NODE11622470, IF: 0.36)
한국수소및신에너지학회 (NODE11644825, IF: 0.62)
한국동력기계공학회 (NODE11508723, IF: 0.33)
한국수소및신에너지학회 (NODE11556965, IF: 0.62)"
11,2023,기계공학,351808493,장호성,1,0.27668,"한국동력기계공학회 (NODE11508723, IF: 0.33)"
12,2023,기계공학,428108722,유용균,4,0.198617,"한국비파괴검사학회 (NODE11218783, IF: 0.41)
한국비파괴검사학회 (NODE11218787, IF: 0.41)
한국비파괴검사학회 (NODE11654384, IF: 0.41)
한국비파괴검사학회 (NODE11654386, IF: 0.41)"
13,2023,기계공학,530356855,김동욱,4,0.187747,"(사)한국CDE학회 (NODE11419385, IF: 1.01)
(사)한국CDE학회 (NODE11419386, IF: 1.01)
(사)한국CDE학회 (NODE11419386, IF: 1.01)
(사)한국CDE학회 (NODE11419389, IF: 1.01)"
14,2023,기계공학,864402173,임태우,2,0.162055,"한국마린엔지니어링학회 (NODE11511741, IF: 0.23)
한국마린엔지니어링학회 (NODE11511743, IF: 0.23)"
15,2023,기계공학,228099457,서호건,4,0.15415,"한국비파괴검사학회 (NODE11218783, IF: 0.41)
한국비파괴검사학회 (NODE11218787, IF: 0.41)
한국비파괴검사학회 (NODE11654384, IF: 0.41)
한국비파괴검사학회 (NODE11654385, IF: 0.41)"
16,2023,기계공학,905379421,바라쇼크 크세니아,1,0.15415,"한국비파괴검사학회 (NODE11218782, IF: 0.41)"
17,2023,기계공학,936711889,Dong-Hoan Seo,5,0.149209,"한국마린엔지니어링학회 (NODE11443765, IF: 0.23)
한국마린엔지니어링학회 (NODE11651732, IF: 0.23)
한국마린엔지니어링학회 (NODE11651734, IF: 0.23)
한국마린엔지니어링학회 (NODE11651735, IF: 0.23)
한국마린엔지니어링학회 (NODE11651736, IF: 0.23)"
18,2023,기계공학,581138665,성주현,3,0.148221,"한국마린엔지니어링학회 (NODE11406265, IF: 0.23)
한국마린엔지니어링학회 (NODE11651732, IF: 0.23)
한국마린엔지니어링학회 (NODE11651736, IF: 0.23)"
19,2023,기계공학,915302942,Takeshi Konishi,1,0.14426899999999998,"한국유체기계학회 (NODE11395904, IF: 0.29)"
20,2023,기계공학,908755773,Yasuyuki Hirano,1,0.14426899999999998,"한국유체기계학회 (NODE11395904, IF: 0.29)"
21,2023,기계공학,482593555,Ju-Won Bae,2,0.142292,"한국마린엔지니어링학회 (NODE11651732, IF: 0.23)
한국마린엔지니어링학회 (NODE11651736, IF: 0.23)"
22,2023,기계공학,198931331,Michel J. Cervantes,2,0.13834,"한국유체기계학회 (NODE11681149, IF: 0.29)
한국유체기계학회 (NODE11465968, IF: 0.29)"
23,2023,기계공학,244818619,안성율,2,0.13834,"한국환경에너지공학회 (NODE11651648, IF: 0.00)
한국환경에너지공학회 (NODE11481683, IF: 0.00)"
24,2023,기계공학,361290726,성호진,2,0.13834,"한국환경에너지공학회 (NODE11651648, IF: 0.00)
한국환경에너지공학회 (NODE11481683, IF: 0.00)"
25,2023,기계공학,208952496,Mehrdad Kalantar Neyestanaki,1,0.13834,"한국유체기계학회 (NODE11681149, IF: 0.29)"
26,2023,기계공학,708087276,Georgiana Dunca,1,0.13834,"한국유체기계학회 (NODE11681149, IF: 0.29)"
27,2023,기계공학,647685917,Pontus Jonsson,1,0.13834,"한국유체기계학회 (NODE11681149, IF: 0.29)"
28,2023,기계공학,549389809,Antony John Nyongesa,1,0.13834,"한국마린엔지니어링학회 (NODE11406272, IF: 0.23)"
29,2023,기계공학,761588314,Youngyun Sul,1,0.13834,"한국마린엔지니어링학회 (NODE11406272, IF: 0.23)"
30,2023,기계공학,486463675,Siljung Yeo,1,0.13834,"한국마린엔지니어링학회 (NODE11406272, IF: 0.23)"
31,2023,기계공학,343570406,황대중,1,0.13834,"한국마린엔지니어링학회 (NODE11511741, IF: 0.23)"
32,2023,기계공학,357524508,지재훈,1,0.13834,"한국마린엔지니어링학회 (NODE11511741, IF: 0.23)"
33,2023,기계공학,587812299,Eun Shin Bang,1,0.13834,"한국마린엔지니어링학회 (NODE11511741, IF: 0.23)"
34,2023,기계공학,375506294,오철,1,0.13834,"한국마린엔지니어링학회 (NODE11511741, IF: 0.23)"
35,2023,기계공학,1137898,신현장,1,0.13834,"한국생산제조학회 (NODE11635259, IF: 0.34)"
36,2023,기계공학,954014882,전지민,1,0.13834,"한국환경에너지공학회 (NODE11651639, IF: 0.00)"
37,2023,기계공학,645942261,송민정,1,0.13834,"한국환경에너지공학회 (NODE11651639, IF: 0.00)"
38,2023,기계공학,225286234,이구회,1,0.13834,"한국환경에너지공학회 (NODE11651639, IF: 0.00)"
39,2023,기계공학,922721734,김재형,1,0.13834,"한국환경에너지공학회 (NODE11651639, IF: 0.00)"
40,2023,기계공학,296923537,김우태,1,0.13834,"한국환경에너지공학회 (NODE11651639, IF: 0.00)"
41,2023,기계공학,602644431,권우택,1,0.13834,"한국환경에너지공학회 (NODE11651639, IF: 0.00)"
42,2023,기계공학,922731180,오세천,1,0.13834,"한국환경에너지공학회 (NODE11651639, IF: 0.00)"
43,2023,기계공학,689976536,장지웅,1,0.13834,"한국환경에너지공학회 (NODE11651648, IF: 0.00)"
44,2023,기계공학,546107589,정인식,1,0.13834,"한국환경에너지공학회 (NODE11651648, IF: 0.00)"
45,2023,기계공학,750244513,Laurent Chatagny,1,0.13834,"한국유체기계학회 (NODE11395902, IF: 0.29)"
46,2023,기계공학,981751560,Stefan Berten,1,0.13834,"한국유체기계학회 (NODE11395902, IF: 0.29)"
47,2023,기계공학,621528687,Nozomi Mori,1,0.13834,"한국유체기계학회 (NODE11395903, IF: 0.29)"
48,2023,기계공학,386252801,Terumi Inagaki,1,0.13834,"한국유체기계학회 (NODE11395903, IF: 0.29)"
49,2023,기계공학,539001019,박상철,6,0.129447,"(사)한국CDE학회 (NODE11217638, IF: 1.01)
(사)한국CDE학회 (NODE11217641, IF: 1.01)
(사)한국CDE학회 (NODE11419385, IF: 1.01)
(사)한국CDE학회 (NODE11419386, IF: 1.01)
(사)한국CDE학회 (NODE11419388, IF: 1.01)
(사)한국CDE학회 (NODE11419389, IF: 1.01)"
50,2023,기계공학,502259740,김건우,5,0.125494,"한국비파괴검사학회 (NODE11405154, IF: 0.41)
한국비파괴검사학회 (NODE11561815, IF: 0.41)
한국비파괴검사학회 (NODE11561816, IF: 0.41)
한국비파괴검사학회 (NODE11561818, IF: 0.41)
한국비파괴검사학회 (NODE11444167, IF: 0.41)"
51,2023,기계공학,693746209,이기한,3,0.12253,"(사)한국CDE학회 (NODE11217641, IF: 1.01)
(사)한국CDE학회 (NODE11419385, IF: 1.01)
(사)한국CDE학회 (NODE11419386, IF: 1.01)"
52,2023,기계공학,552718544,안상현,3,0.117589,"(사)한국CDE학회 (NODE11217638, IF: 1.01)
(사)한국CDE학회 (NODE11419385, IF: 1.01)
(사)한국CDE학회 (NODE11419386, IF: 1.01)"
53,2023,기계공학,442438958,고태영,2,0.11561300000000001,"한국소음진동공학회 (NODE11634779, IF: 0.52)
한국비파괴검사학회 (NODE11654386, IF: 0.41)"
54,2023,기계공학,853070354,김민종,1,0.11561300000000001,"한국비파괴검사학회 (NODE11654386, IF: 0.41)"
55,2023,기계공학,105230190,문현수,1,0.11561300000000001,"한국비파괴검사학회 (NODE11654386, IF: 0.41)"
56,2023,기계공학,770145799,김민수,1,0.11561300000000001,"한국비파괴검사학회 (NODE11654386, IF: 0.41)"
57,2023,기계공학,621316447,서충길,3,0.11561199999999999,"한국동력기계공학회 (NODE11405722, IF: 0.33)
한국동력기계공학회 (NODE11651429, IF: 0.33)
한국동력기계공학회 (NODE11560208, IF: 0.33)"
58,2023,기계공학,789614874,Kyung-Hun Lee,2,0.108696,"한국마린엔지니어링학회 (NODE11511750, IF: 0.23)
한국마린엔지니어링학회 (NODE11651721, IF: 0.23)"
59,2023,기계공학,113665,조은성,2,0.10178,"한국연소학회 (NODE11448128, IF: 1.09)
한국연소학회 (NODE11448131, IF: 1.09)"
60,2023,기계공학,439479,최영일,3,0.099802,"한국비파괴검사학회 (NODE11561817, IF: 0.41)
한국기계가공학회 (NODE11463901, IF: 0.31)
한국비파괴검사학회 (NODE11444162, IF: 0.41)"
61,2023,기계공학,247339642,송현수,1,0.099802,"한국비파괴검사학회 (NODE11444162, IF: 0.41)"
62,2023,기계공학,685682559,이호생,4,0.097826,"한국동력기계공학회 (NODE11508718, IF: 0.33)
한국마린엔지니어링학회 (NODE11219008, IF: 0.23)
한국동력기계공학회 (NODE11651433, IF: 0.33)
한국동력기계공학회 (NODE11651438, IF: 0.33)"
63,2023,기계공학,201291785,서종범,1,0.097826,"한국동력기계공학회 (NODE11651433, IF: 0.33)"
64,2023,기계공학,914346713,변기원,1,0.097826,"한국동력기계공학회 (NODE11651433, IF: 0.33)"
65,2023,기계공학,537503028,홍선기,1,0.097826,"한국동력기계공학회 (NODE11651433, IF: 0.33)"
66,2023,기계공학,622112439,한상조,1,0.097826,"한국동력기계공학회 (NODE11651433, IF: 0.33)"
67,2023,기계공학,670825589,김재선,1,0.09683800000000001,"(사)한국CDE학회 (NODE11513747, IF: 1.01)"
68,2023,기계공학,482371349,박춘우,1,0.09683800000000001,"(사)한국CDE학회 (NODE11513747, IF: 1.01)"
69,2023,기계공학,939094610,박원석,1,0.09683800000000001,"(사)한국CDE학회 (NODE11513747, IF: 1.01)"
70,2023,기계공학,749237933,박영현,1,0.09683800000000001,"(사)한국CDE학회 (NODE11513747, IF: 1.01)"
71,2023,기계공학,731647145,조창현,1,0.09683800000000001,"(사)한국CDE학회 (NODE11513747, IF: 1.01)"
72,2023,기계공학,532364586,김동주,1,0.09683800000000001,"(사)한국CDE학회 (NODE11513747, IF: 1.01)"
73,2023,기계공학,497438516,김성재,4,0.096838,"한국생산제조학회 (NODE11214538, IF: 0.34)
한국생산제조학회 (NODE11214541, IF: 0.34)
한국생산제조학회 (NODE11635260, IF: 0.34)
한국기계가공학회 (NODE11211681, IF: 0.31)"
74,2023,기계공학,890981207,황지상,2,0.096838,"한국생산제조학회 (NODE11214538, IF: 0.34)
한국생산제조학회 (NODE11635260, IF: 0.34)"
75,2023,기계공학,792500976,성철훈,2,0.096838,"한국생산제조학회 (NODE11214538, IF: 0.34)
한국생산제조학회 (NODE11635260, IF: 0.34)"
76,2023,기계공학,682086322,이재웅,4,0.09090899999999999,"한국동력기계공학회 (NODE11508717, IF: 0.33)
한국동력기계공학회 (NODE11508722, IF: 0.33)
한국동력기계공학회 (NODE11445833, IF: 0.33)
한국동력기계공학회 (NODE11445834, IF: 0.33)"
77,2023,기계공학,327968,김영민,3,0.09090899999999999,"한국동력기계공학회 (NODE11508717, IF: 0.33)
한국동력기계공학회 (NODE11445833, IF: 0.33)
한국동력기계공학회 (NODE11445834, IF: 0.33)"
78,2023,기계공학,394486158,서강현,3,0.09090899999999999,"한국동력기계공학회 (NODE11508717, IF: 0.33)
한국동력기계공학회 (NODE11445833, IF: 0.33)
한국동력기계공학회 (NODE11445834, IF: 0.33)"
79,2023,기계공학,109502548,최혜진,3,0.09090899999999999,"한국동력기계공학회 (NODE11508717, IF: 0.33)
한국동력기계공학회 (NODE11445833, IF: 0.33)
한국동력기계공학회 (NODE11445834, IF: 0.33)"
80,2023,기계공학,1548503,이지웅,3,0.09090899999999999,"한국동력기계공학회 (NODE11508717, IF: 0.33)
한국동력기계공학회 (NODE11445833, IF: 0.33)
한국동력기계공학회 (NODE11445834, IF: 0.33)"
81,2023,기계공학,426185695,박춘수,3,0.087945,"한국비파괴검사학회 (NODE11444166, IF: 0.41)
한국비파괴검사학회 (NODE11509928, IF: 0.41)
한국비파괴검사학회 (NODE11509934, IF: 0.41)"
82,2023,기계공학,170437491,김현철,3,0.087944,"한국생산제조학회 (NODE11397434, IF: 0.34)
한국생산제조학회 (NODE11214548, IF: 0.34)
Korean Society for Precision Engineering (NODE11406250, IF: 0.00)"
83,2023,기계공학,157954757,성시헌,2,0.087944,"한국생산제조학회 (NODE11397434, IF: 0.34)
한국생산제조학회 (NODE11214548, IF: 0.34)"
84,2023,기계공학,317772745,이성범,2,0.087944,"한국생산제조학회 (NODE11397434, IF: 0.34)
한국생산제조학회 (NODE11214548, IF: 0.34)"
85,2023,기계공학,250190146,김홍비,1,0.083004,"한국비파괴검사학회 (NODE11218787, IF: 0.41)"
86,2023,기계공학,612269822,최희선,1,0.083004,"한국비파괴검사학회 (NODE11218787, IF: 0.41)"
87,2023,기계공학,153097550,박건혁,1,0.083004,"한국비파괴검사학회 (NODE11509928, IF: 0.41)"
88,2023,기계공학,254733868,박준형,1,0.083004,"한국비파괴검사학회 (NODE11509928, IF: 0.41)"
89,2023,기계공학,689875678,이형진,1,0.083004,"한국비파괴검사학회 (NODE11509928, IF: 0.41)"
90,2023,기계공학,592810626,이승철,1,0.083004,"한국비파괴검사학회 (NODE11509928, IF: 0.41)"
91,2023,기계공학,806408351,이승주,1,0.083004,"한국비파괴검사학회 (NODE11654387, IF: 0.41)"
92,2023,기계공학,854067590,김원태,1,0.083004,"한국비파괴검사학회 (NODE11654387, IF: 0.41)"
93,2023,기계공학,685003352,양정현,3,0.081028,"한국수소및신에너지학회 (NODE11644835, IF: 0.62)
한국표면공학회 (NODE11678857, IF: 0.22)
한국마린엔지니어링학회 (NODE11651720, IF: 0.23)"
94,2023,기계공학,964734001,이진국,3,0.079051,"(사)한국CDE학회 (NODE11217642, IF: 1.01)
(사)한국CDE학회 (NODE11616111, IF: 1.01)
(사)한국CDE학회 (NODE11616112, IF: 1.01)"
95,2023,기계공학,212393724,최수형,2,0.079051,"(사)한국CDE학회 (NODE11217642, IF: 1.01)
(사)한국CDE학회 (NODE11616111, IF: 1.01)"
96,2023,기계공학,606053005,Yun-Su Ha,2,0.077075,"한국마린엔지니어링학회 (NODE11651724, IF: 0.23)
한국마린엔지니어링학회 (NODE11651725, IF: 0.23)"
97,2023,기계공학,745910561,이병선,1,0.077075,"(사)한국CDE학회 (NODE11419386, IF: 1.01)"
98,2023,기계공학,2124586,권재성,4,0.076087,"한국수소및신에너지학회 (NODE11644835, IF: 0.62)
한국연소학회 (NODE11707763, IF: 1.09)
한국수소및신에너지학회 (NODE11217302, IF: 0.62)
한국표면공학회 (NODE11678857, IF: 0.22)"
99,2023,기계공학,494655285,김범수,4,0.076087,"한국수소및신에너지학회 (NODE11644835, IF: 0.62)
한국연소학회 (NODE11707763, IF: 1.09)
한국수소및신에너지학회 (NODE11217302, IF: 0.62)
한국표면공학회 (NODE11678857, IF: 0.22)"
100,2023,기계공학,272865410,조영태,7,0.071146,"한국기계가공학회 (NODE11625320, IF: 0.31)
한국기계가공학회 (NODE11563265, IF: 0.31)
대한용접·접합학회 (NODE11404886, IF: 0.62)
대한용접·접합학회 (NODE11404887, IF: 0.62)
한국기계가공학회 (NODE11221719, IF: 0.31)
Korean Society for Precision Engineering (NODE11485057, IF: 0.00)
대한기계학회 (NODE11534769, IF: 0.36)"
101,2023,기계공학,640836562,황인성,4,0.071146,"대한용접·접합학회 (NODE11404878, IF: 0.62)
대한용접·접합학회 (NODE11404879, IF: 0.62)
대한용접·접합학회 (NODE11404883, IF: 0.62)
대한용접·접합학회 (NODE11404884, IF: 0.62)"
102,2023,기계공학,472468977,조병관,3,0.071146,"한국비파괴검사학회 (NODE11405158, IF: 0.41)
한국비파괴검사학회 (NODE11561816, IF: 0.41)
한국비파괴검사학회 (NODE11561818, IF: 0.41)"
103,2023,기계공학,614725092,Young-Min Kim,3,0.071146,"대한용접·접합학회 (NODE11404876, IF: 0.62)
대한용접·접합학회 (NODE11404878, IF: 0.62)
대한용접·접합학회 (NODE11404883, IF: 0.62)"
104,2023,기계공학,228547319,서강명,2,0.071146,"대한용접·접합학회 (NODE11217619, IF: 0.62)
대한용접·접합학회 (NODE11443207, IF: 0.62)"
105,2023,기계공학,428751831,Jason Cheon,2,0.071146,"대한용접·접합학회 (NODE11404876, IF: 0.62)
대한용접·접합학회 (NODE11404878, IF: 0.62)"
106,2023,기계공학,663539497,오원빈,2,0.071146,"한국생산제조학회 (NODE11635253, IF: 0.34)
대한용접·접합학회 (NODE11443210, IF: 0.62)"
107,2023,기계공학,936528509,Seung-Pil Lee,2,0.071146,"한국마린엔지니어링학회 (NODE11219012, IF: 0.23)
한국마린엔지니어링학회 (NODE11651725, IF: 0.23)"
108,2023,기계공학,919652427,Hwan-Seong Kim,2,0.071146,"한국마린엔지니어링학회 (NODE11219012, IF: 0.23)
한국마린엔지니어링학회 (NODE11651725, IF: 0.23)"
109,2023,기계공학,348546798,이상아,1,0.071146,"대한용접·접합학회 (NODE11217619, IF: 0.62)"
110,2023,기계공학,578310568,유희수,1,0.071146,"대한용접·접합학회 (NODE11217619, IF: 0.62)"
111,2023,기계공학,375945903,김현수,1,0.071146,"한국생산제조학회 (NODE11397434, IF: 0.34)"
112,2023,기계공학,579640038,강윤호,1,0.071146,"(사)한국CDE학회 (NODE11419394, IF: 1.01)"
113,2023,기계공학,860256097,이하늘,1,0.071146,"(사)한국CDE학회 (NODE11419394, IF: 1.01)"
114,2023,기계공학,574491778,김환용,1,0.071146,"(사)한국CDE학회 (NODE11419394, IF: 1.01)"
115,2023,기계공학,218361503,윤석헌,1,0.071146,"(사)한국CDE학회 (NODE11419394, IF: 1.01)"
116,2023,기계공학,435706699,임승현,1,0.071146,"한국비파괴검사학회 (NODE11561818, IF: 0.41)"
117,2023,기계공학,716454034,권경도,1,0.071146,"한국비파괴검사학회 (NODE11561818, IF: 0.41)"
118,2023,기계공학,929401928,이훈수,1,0.071146,"한국비파괴검사학회 (NODE11561818, IF: 0.41)"
119,2023,기계공학,657460067,김한솜,1,0.071146,"(사)한국CDE학회 (NODE11513761, IF: 1.01)"
120,2023,기계공학,912883080,엄새얀,1,0.071146,"(사)한국CDE학회 (NODE11513761, IF: 1.01)"
121,2023,기계공학,288034198,전성현,1,0.071146,"(사)한국CDE학회 (NODE11513761, IF: 1.01)"
122,2023,기계공학,229139764,하승범,1,0.071146,"(사)한국CDE학회 (NODE11513761, IF: 1.01)"
123,2023,기계공학,285843387,정세웅,1,0.071146,"(사)한국CDE학회 (NODE11513761, IF: 1.01)"
124,2023,기계공학,746935568,박범규,1,0.071146,"(사)한국CDE학회 (NODE11513761, IF: 1.01)"
125,2023,기계공학,711141273,전홍배,1,0.071146,"(사)한국CDE학회 (NODE11513761, IF: 1.01)"
126,2023,기계공학,514363074,Bo Wook Seo,1,0.071146,"대한용접·접합학회 (NODE11404886, IF: 0.62)"
127,2023,기계공학,692395304,Sung Bin Han,1,0.071146,"대한용접·접합학회 (NODE11404886, IF: 0.62)"
128,2023,기계공학,676659089,Jun Young Heo,1,0.071146,"대한용접·접합학회 (NODE11404886, IF: 0.62)"
129,2023,기계공학,787425125,Seok Kim,1,0.071146,"대한용접·접합학회 (NODE11404886, IF: 0.62)"
130,2023,기계공학,328744177,나현호,1,0.071146,"한국생산제조학회 (NODE11635253, IF: 0.34)"
131,2023,기계공학,300605774,이충우,1,0.071146,"한국생산제조학회 (NODE11635253, IF: 0.34)"
132,2023,기계공학,196982715,김지선,1,0.071146,"한국생산제조학회 (NODE11635253, IF: 0.34)"
133,2023,기계공학,727294615,박소훈,1,0.071146,"한국생산제조학회 (NODE11635253, IF: 0.34)"
134,2023,기계공학,417594616,박민호,1,0.071146,"한국생산제조학회 (NODE11635253, IF: 0.34)"
135,2023,기계공학,394124921,류성철,1,0.071146,"한국비파괴검사학회 (NODE11444164, IF: 0.41)"
136,2023,기계공학,164906193,장경영,1,0.071146,"한국비파괴검사학회 (NODE11444164, IF: 0.41)"
137,2023,기계공학,823530991,이수민,1,0.071146,"한국비파괴검사학회 (NODE11509924, IF: 0.41)"
138,2023,기계공학,891769616,김훈희,1,0.071146,"한국비파괴검사학회 (NODE11509924, IF: 0.41)"
139,2023,기계공학,123101267,박재석,1,0.071146,"한국비파괴검사학회 (NODE11509924, IF: 0.41)"
140,2023,기계공학,370361399,이형도,1,0.071146,"(사)한국CDE학회 (NODE11616096, IF: 1.01)"
141,2023,기계공학,742295363,양태원,1,0.071146,"(사)한국CDE학회 (NODE11616110, IF: 1.01)"
142,2023,기계공학,310302672,나건열,1,0.071146,"(사)한국CDE학회 (NODE11616110, IF: 1.01)"
143,2023,기계공학,252671562,김형태,1,0.071146,"한국비파괴검사학회 (NODE11654385, IF: 0.41)"
144,2023,기계공학,888249672,한성진,1,0.071146,"한국비파괴검사학회 (NODE11654385, IF: 0.41)"
145,2023,기계공학,654546306,신정우,1,0.071146,"한국비파괴검사학회 (NODE11654385, IF: 0.41)"
146,2023,기계공학,101070267,Hyeon-Soo Shin,1,0.071146,"한국마린엔지니어링학회 (NODE11651725, IF: 0.23)"
147,2023,기계공학,515344469,이형아,1,0.071146,"한국환경에너지공학회 (NODE11481680, IF: 0.00)"
148,2023,기계공학,158654937,김동주,1,0.071146,"한국환경에너지공학회 (NODE11481680, IF: 0.00)"
149,2023,기계공학,5527718,조우진,1,0.071146,"한국환경에너지공학회 (NODE11481680, IF: 0.00)"
150,2023,기계공학,354450826,구재회,1,0.071146,"한국환경에너지공학회 (NODE11481680, IF: 0.00)"
151,2023,기계공학,921783743,서정관,6,0.066206,"한국마린엔지니어링학회 (NODE11443767, IF: 0.23)
한국마린엔지니어링학회 (NODE11219013, IF: 0.23)
대한용접·접합학회 (NODE11443211, IF: 0.62)
대한용접·접합학회 (NODE11443212, IF: 0.62)
대한용접·접합학회 (NODE11556680, IF: 0.62)
한국마린엔지니어링학회 (NODE11558360, IF: 0.23)"
152,2023,기계공학,875751725,이재민,1,0.057312999999999996,"한국연소학회 (NODE11448128, IF: 1.09)"
153,2023,기계공학,941052701,이성준,2,0.05434800000000001,"한국트라이볼로지학회 (NODE11589073, IF: 0.46)
한국트라이볼로지학회 (NODE11691849, IF: 0.46)"
154,2023,기계공학,456975217,김창래,2,0.05434800000000001,"한국트라이볼로지학회 (NODE11589073, IF: 0.46)
한국트라이볼로지학회 (NODE11691849, IF: 0.46)"
155,2023,기계공학,692061317,이효성,3,0.054348,"한국비파괴검사학회 (NODE11405154, IF: 0.41)
한국비파괴검사학회 (NODE11561815, IF: 0.41)
한국비파괴검사학회 (NODE11444167, IF: 0.41)"
156,2023,기계공학,557911210,김기복,3,0.054348,"한국비파괴검사학회 (NODE11405154, IF: 0.41)
한국비파괴검사학회 (NODE11561815, IF: 0.41)
한국비파괴검사학회 (NODE11444167, IF: 0.41)"
157,2023,기계공학,567077667,곽재섭,3,0.054348,"대한기계학회 (NODE11562919, IF: 0.36)
한국동력기계공학회 (NODE11508714, IF: 0.33)
한국동력기계공학회 (NODE11651430, IF: 0.33)"
158,2023,기계공학,269742407,장용훈,2,0.054348,"대한용접·접합학회 (NODE11507156, IF: 0.62)
한국트라이볼로지학회 (NODE11474305, IF: 0.46)"
159,2023,기계공학,1578410,홍석무,2,0.054348,"한국생산제조학회 (NODE11547824, IF: 0.34)
한국수소및신에너지학회 (NODE11556969, IF: 0.62)"
160,2023,기계공학,743298393,장재원,2,0.054348,"한국비파괴검사학회 (NODE11405154, IF: 0.41)
한국비파괴검사학회 (NODE11444167, IF: 0.41)"
161,2023,기계공학,992548767,손성완,2,0.054348,"한국생산제조학회 (NODE11498218, IF: 0.34)
한국소음진동공학회 (NODE11634769, IF: 0.52)"
162,2023,기계공학,912913887,박영철,2,0.054348,"한국생산제조학회 (NODE11498218, IF: 0.34)
한국소음진동공학회 (NODE11634769, IF: 0.52)"
163,2023,기계공학,890930330,김광희,2,0.054348,"한국동력기계공학회 (NODE11651430, IF: 0.33)
대한기계학회 (NODE11485269, IF: 0.36)"
164,2023,기계공학,311541180,Hyeonggeun Jo,1,0.054348,"한국트라이볼로지학회 (NODE11474305, IF: 0.46)"
165,2023,기계공학,208005548,장일광,1,0.054348,"한국트라이볼로지학회 (NODE11474305, IF: 0.46)"
166,2023,기계공학,148823056,Yeong Gil Jo,1,0.054348,"한국트라이볼로지학회 (NODE11474305, IF: 0.46)"
167,2023,기계공학,734855976,Dae Ha Kim,1,0.054348,"한국트라이볼로지학회 (NODE11474305, IF: 0.46)"
168,2023,기계공학,958005242,황순재,1,0.054348,"한국생산제조학회 (NODE11547824, IF: 0.34)"
169,2023,기계공학,127281301,오민성,1,0.054348,"한국생산제조학회 (NODE11547824, IF: 0.34)"
170,2023,기계공학,152769149,설우철,1,0.054348,"한국생산제조학회 (NODE11547824, IF: 0.34)"
171,2023,기계공학,365543254,유문규,1,0.054348,"한국생산제조학회 (NODE11547824, IF: 0.34)"
172,2023,기계공학,256019932,정영구,1,0.054348,"한국생산제조학회 (NODE11547824, IF: 0.34)"
173,2023,기계공학,966486475,정안목,1,0.054348,"한국생산제조학회 (NODE11498218, IF: 0.34)"
174,2023,기계공학,549465243,김도영,1,0.054348,"한국생산제조학회 (NODE11498218, IF: 0.34)"
175,2023,기계공학,740476889,이학준,1,0.054348,"한국생산제조학회 (NODE11498218, IF: 0.34)"
176,2023,기계공학,337612654,이인규,1,0.054348,"한국마린엔지니어링학회 (NODE11511750, IF: 0.23)"
177,2023,기계공학,631557526,이상곤,1,0.054348,"한국마린엔지니어링학회 (NODE11511750, IF: 0.23)"
178,2023,기계공학,446927195,황영인,1,0.054348,"한국비파괴검사학회 (NODE11444167, IF: 0.41)"
179,2023,기계공학,703382252,김용탁,1,0.054348,"한국비파괴검사학회 (NODE11444167, IF: 0.41)"
180,2023,기계공학,588637707,서무경,1,0.054348,"한국비파괴검사학회 (NODE11444167, IF: 0.41)"
181,2023,기계공학,405229464,김용일,1,0.054348,"한국비파괴검사학회 (NODE11444167, IF: 0.41)"
182,2023,기계공학,900499439,Jae-Sang Jo,1,0.054348,"한국마린엔지니어링학회 (NODE11558353, IF: 0.23)"
183,2023,기계공학,182838270,Sung-Cheol Park,1,0.054348,"한국마린엔지니어링학회 (NODE11651721, IF: 0.23)"
184,2023,기계공학,748993509,오태균,1,0.05336,"한국연소학회 (NODE11343547, IF: 1.09)"
185,2023,기계공학,236287064,윤정현,1,0.048419,"한국생산제조학회 (NODE11635260, IF: 0.34)"
186,2023,기계공학,299687154,조시현,1,0.046443,"한국연소학회 (NODE11549773, IF: 1.09)"
187,2023,기계공학,2237288,김경민,1,0.046443,"한국연소학회 (NODE11549773, IF: 1.09)"
188,2023,기계공학,278156404,배윤호,1,0.046443,"한국연소학회 (NODE11549773, IF: 1.09)"
189,2023,기계공학,645533432,김용섭,1,0.046443,"한국연소학회 (NODE11549773, IF: 1.09)"
190,2023,기계공학,735494576,전충환,1,0.046443,"한국연소학회 (NODE11549773, IF: 1.09)"
191,2023,기계공학,745695878,이필호,5,0.044467000000000007,"한국생산제조학회 (NODE11433756, IF: 0.34)
한국생산제조학회 (NODE11433757, IF: 0.34)
대한기계학회 (NODE11187235, IF: 0.36)
한국생산제조학회 (NODE11498216, IF: 0.34)
한국생산제조학회 (NODE11635250, IF: 0.34)"
192,2023,기계공학,423037670,신영준,1,0.044467,"한국연소학회 (NODE11448131, IF: 1.09)"
193,2023,기계공학,117002150,최채홍,1,0.044467,"한국연소학회 (NODE11448131, IF: 1.09)"
194,2023,기계공학,352907208,정한진,1,0.044467,"한국연소학회 (NODE11448131, IF: 1.09)"
195,2023,기계공학,110709219,조성휘,1,0.044467,"한국연소학회 (NODE11448131, IF: 1.09)"
196,2023,기계공학,1426144,서영진,2,0.041502,"한국기계가공학회 (NODE11343887, IF: 0.31)
한국생산제조학회 (NODE11498217, IF: 0.34)"
197,2023,기계공학,523316825,이현우,1,0.041502,"한국생산제조학회 (NODE11498217, IF: 0.34)"
198,2023,기계공학,121926473,김민호,1,0.041502,"한국생산제조학회 (NODE11498217, IF: 0.34)"
199,2023,기계공학,232097225,김종남,1,0.041502,"한국생산제조학회 (NODE11498217, IF: 0.34)"
200,2023,기계공학,552568910,Seo Hyun Park,1,0.038538,"한국마린엔지니어링학회 (NODE11558352, IF: 0.23)"
201,2023,기계공학,699305253,Yoo Sei Park,1,0.038538,"한국마린엔지니어링학회 (NODE11558352, IF: 0.23)"
202,2023,기계공학,296002691,설성훈,5,0.037549,"한국동력기계공학회 (NODE11405727, IF: 0.33)
한국동력기계공학회 (NODE11651437, IF: 0.33)
한국동력기계공학회 (NODE11217270, IF: 0.33)
한국동력기계공학회 (NODE11217275, IF: 0.33)
한국동력기계공학회 (NODE11445836, IF: 0.33)"
203,2023,기계공학,948333501,이관우,3,0.033597,"(사)한국CDE학회 (NODE11419385, IF: 1.01)
(사)한국CDE학회 (NODE11419388, IF: 1.01)
(사)한국CDE학회 (NODE11419389, IF: 1.01)"
204,2023,기계공학,527719277,윤성도,2,0.032609,"한국표면공학회 (NODE11678861, IF: 0.22)
한국표면공학회 (NODE11678865, IF: 0.22)"
205,2023,기계공학,187626435,나찬웅,2,0.032609,"한국표면공학회 (NODE11678861, IF: 0.22)
한국표면공학회 (NODE11678865, IF: 0.22)"
206,2023,기계공학,338647927,이호연,1,0.032609,"한국연소학회 (NODE11343545, IF: 1.09)"
207,2023,기계공학,266390834,황상순,1,0.032609,"한국연소학회 (NODE11343545, IF: 1.09)"
208,2023,기계공학,518984108,배다현,1,0.032609,"한국연소학회 (NODE11343550, IF: 1.09)"
209,2023,기계공학,557722991,문기훈,1,0.032609,"한국연소학회 (NODE11343550, IF: 1.09)"
210,2023,기계공학,866937808,김규태,1,0.032609,"한국연소학회 (NODE11343550, IF: 1.09)"
211,2023,기계공학,848324626,Soung Woo Park,1,0.032609,"한국마린엔지니어링학회 (NODE11219013, IF: 0.23)"
212,2023,기계공학,383212300,Hyun Ho Lee,1,0.032609,"한국마린엔지니어링학회 (NODE11219013, IF: 0.23)"
213,2023,기계공학,541499701,Jeong Hwan Kim,1,0.032609,"한국마린엔지니어링학회 (NODE11219013, IF: 0.23)"
214,2023,기계공학,269913516,장민지,1,0.032609,"한국생산제조학회 (NODE11635263, IF: 0.34)"
215,2023,기계공학,124721550,곽시영,1,0.032609,"한국생산제조학회 (NODE11635263, IF: 0.34)"
216,2023,기계공학,674738595,명윤,1,0.032609,"한국표면공학회 (NODE11678865, IF: 0.22)"
217,2023,기계공학,674175775,김동윤,5,0.031620999999999996,"대한용접·접합학회 (NODE11217620, IF: 0.62)
대한용접·접합학회 (NODE11217621, IF: 0.62)
대한용접·접합학회 (NODE11404883, IF: 0.62)
대한용접·접합학회 (NODE11404884, IF: 0.62)
대한용접·접합학회 (NODE11556672, IF: 0.62)"
218,2023,기계공학,673375417,김영민,5,0.031620999999999996,"대한용접·접합학회 (NODE11217620, IF: 0.62)
대한용접·접합학회 (NODE11217621, IF: 0.62)
대한용접·접합학회 (NODE11404877, IF: 0.62)
대한용접·접합학회 (NODE11404879, IF: 0.62)
대한용접·접합학회 (NODE11404884, IF: 0.62)"
219,2023,기계공학,119431495,유지영,2,0.031620999999999996,"대한용접·접합학회 (NODE11217620, IF: 0.62)
대한용접·접합학회 (NODE11217621, IF: 0.62)"
220,2023,기계공학,362705036,최효준,1,0.031620999999999996,"대한용접·접합학회 (NODE11217621, IF: 0.62)"
221,2023,기계공학,245484172,강태훈,1,0.031620999999999996,"대한용접·접합학회 (NODE11217621, IF: 0.62)"
222,2023,기계공학,327923527,이승환,1,0.031620999999999996,"대한용접·접합학회 (NODE11217621, IF: 0.62)"
223,2023,기계공학,209855004,윤정인,6,0.031619999999999995,"한국동력기계공학회 (NODE11405727, IF: 0.33)
한국동력기계공학회 (NODE11651428, IF: 0.33)
한국동력기계공학회 (NODE11217270, IF: 0.33)
한국동력기계공학회 (NODE11560213, IF: 0.33)
한국동력기계공학회 (NODE11445836, IF: 0.33)
한국동력기계공학회 (NODE11445843, IF: 0.33)"
224,2023,기계공학,787431488,손창효,3,0.031619999999999995,"한국동력기계공학회 (NODE11405727, IF: 0.33)
한국동력기계공학회 (NODE11217270, IF: 0.33)
한국동력기계공학회 (NODE11445836, IF: 0.33)"
225,2023,기계공학,880715396,최원재,5,0.030633,"한국비파괴검사학회 (NODE11561814, IF: 0.41)
한국비파괴검사학회 (NODE11509926, IF: 0.41)
한국비파괴검사학회 (NODE11509927, IF: 0.41)
한국비파괴검사학회 (NODE11509929, IF: 0.41)
한국비파괴검사학회 (NODE11509933, IF: 0.41)"
226,2023,기계공학,586042227,하태호,4,0.026680000000000002,"한국생산제조학회 (NODE11433756, IF: 0.34)
한국생산제조학회 (NODE11433757, IF: 0.34)
한국생산제조학회 (NODE11498216, IF: 0.34)
Korean Society for Precision Engineering (NODE11219125, IF: 0.00)"
227,2023,기계공학,969459589,정민교,4,0.026680000000000002,"한국생산제조학회 (NODE11433756, IF: 0.34)
한국생산제조학회 (NODE11433757, IF: 0.34)
한국생산제조학회 (NODE11498216, IF: 0.34)
Korean Society for Precision Engineering (NODE11219125, IF: 0.00)"
228,2023,기계공학,999628871,송여울,3,0.026680000000000002,"한국생산제조학회 (NODE11433757, IF: 0.34)
한국생산제조학회 (NODE11498216, IF: 0.34)
한국생산제조학회 (NODE11635250, IF: 0.34)"
229,2023,기계공학,789754688,권순조,6,0.02668,"한국기계가공학회 (NODE11625322, IF: 0.31)
대한기계학회 (NODE11532569, IF: 0.36)
한국기계가공학회 (NODE11211684, IF: 0.31)
(사)한국CDE학회 (NODE11616098, IF: 1.01)
(사)한국CDE학회 (NODE11616113, IF: 1.01)
대한기계학회 (NODE11342489, IF: 0.36)"
230,2023,기계공학,124465272,김형기,2,0.02668,"(사)한국CDE학회 (NODE11616098, IF: 1.01)
(사)한국CDE학회 (NODE11616113, IF: 1.01)"
231,2023,기계공학,731956034,정동원,1,0.02668,"(사)한국CDE학회 (NODE11616098, IF: 1.01)"
232,2023,기계공학,539573252,강봉구,1,0.02668,"(사)한국CDE학회 (NODE11616098, IF: 1.01)"
233,2023,기계공학,480052632,이진,3,0.025692,"한국전산유체공학회 (NODE11527825, IF: 0.30)
한국전산유체공학회 (NODE11231826, IF: 0.30)
한국비파괴검사학회 (NODE11561814, IF: 0.41)"
234,2023,기계공학,431398127,Ji-Hyun Yi,1,0.025692,"대한용접·접합학회 (NODE11443218, IF: 0.62)"
235,2023,기계공학,697123517,고범수,1,0.025692,"대한용접·접합학회 (NODE11443218, IF: 0.62)"
236,2023,기계공학,613906377,Yong-Hyuk Kwon,1,0.025692,"대한용접·접합학회 (NODE11443218, IF: 0.62)"
237,2023,기계공학,154537763,Hee-Seon Bang,1,0.025692,"대한용접·접합학회 (NODE11443218, IF: 0.62)"
238,2023,기계공학,512259071,이종서,1,0.025692,"한국비파괴검사학회 (NODE11561814, IF: 0.41)"
239,2023,기계공학,586851517,Ahmed M. Hassan,1,0.025691,"한국유체기계학회 (NODE11395905, IF: 0.29)"
240,2023,기계공학,371552629,Adil Abbas Alwan,1,0.025691,"한국유체기계학회 (NODE11395905, IF: 0.29)"
241,2023,기계공학,662814529,Hameed K. Hamzah,1,0.025691,"한국유체기계학회 (NODE11395905, IF: 0.29)"
242,2023,기계공학,939150373,윤지훈,1,0.025691,"한국동력기계공학회 (NODE11217270, IF: 0.33)"
243,2023,기계공학,4835572,박상찬,1,0.025691,"한국동력기계공학회 (NODE11217270, IF: 0.33)"
244,2023,기계공학,502607007,심지연,6,0.024704,"대한용접·접합학회 (NODE11217622, IF: 0.62)
한국기계가공학회 (NODE11625313, IF: 0.31)
대한용접·접합학회 (NODE11443204, IF: 0.62)
대한용접·접합학회 (NODE11443205, IF: 0.62)
대한용접·접합학회 (NODE11443209, IF: 0.62)
대한용접·접합학회 (NODE11443210, IF: 0.62)"
245,2023,기계공학,912373854,정지욱,1,0.024704,"한국비파괴검사학회 (NODE11509925, IF: 0.41)"
246,2023,기계공학,229027588,송윤선,1,0.024704,"한국비파괴검사학회 (NODE11509925, IF: 0.41)"
247,2023,기계공학,804666638,이수열,1,0.024704,"한국비파괴검사학회 (NODE11509925, IF: 0.41)"
248,2023,기계공학,810834072,우정엽,5,0.023716,"(사)한국CDE학회 (NODE11217649, IF: 1.01)
(사)한국CDE학회 (NODE11513755, IF: 1.01)
(사)한국CDE학회 (NODE11513759, IF: 1.01)
대한기계학회 (NODE11202941, IF: 0.36)
(사)한국CDE학회 (NODE11616102, IF: 1.01)"
249,2023,기계공학,177619392,최상수,4,0.023716,"(사)한국CDE학회 (NODE11217649, IF: 1.01)
(사)한국CDE학회 (NODE11513755, IF: 1.01)
(사)한국CDE학회 (NODE11513759, IF: 1.01)
(사)한국CDE학회 (NODE11616102, IF: 1.01)"
250,2023,기계공학,706332378,송인호,4,0.023716,"(사)한국CDE학회 (NODE11217649, IF: 1.01)
(사)한국CDE학회 (NODE11513755, IF: 1.01)
(사)한국CDE학회 (NODE11513759, IF: 1.01)
대한기계학회 (NODE11202941, IF: 0.36)"
251,2023,기계공학,305440956,Shinichiro Ejiri,1,0.023716,"한국유체기계학회 (NODE11465966, IF: 0.29)"
252,2023,기계공학,803110708,김대일,4,0.023715,"한국표면공학회 (NODE11405895, IF: 0.22)
한국생산제조학회 (NODE11214543, IF: 0.34)
한국표면공학회 (NODE11569501, IF: 0.22)
한국표면공학회 (NODE11678869, IF: 0.22)"
253,2023,기계공학,234586646,허성보,2,0.023715,"한국생산제조학회 (NODE11214543, IF: 0.34)
한국표면공학회 (NODE11569501, IF: 0.22)"
254,2023,기계공학,687860304,Da-Hye Hwang,1,0.023715,"한국마린엔지니어링학회 (NODE11511743, IF: 0.23)"
255,2023,기계공학,996194702,Yong-Seok Choi,1,0.023715,"한국마린엔지니어링학회 (NODE11511743, IF: 0.23)"
256,2023,기계공학,365523388,Hai Ming Huang,1,0.020751,"한국유체기계학회 (NODE11395906, IF: 0.29)"
257,2023,기계공학,533479937,Yan Liu,1,0.020751,"한국유체기계학회 (NODE11395906, IF: 0.29)"
258,2023,기계공학,400115137,Deng Hao Wu,1,0.020751,"한국유체기계학회 (NODE11395906, IF: 0.29)"
259,2023,기계공학,857411838,Yue Zhong Wu,1,0.020751,"한국유체기계학회 (NODE11395906, IF: 0.29)"
260,2023,기계공학,274473196,Tian Xin Wu,1,0.020751,"한국유체기계학회 (NODE11395906, IF: 0.29)"
261,2023,기계공학,808974556,주형국,1,0.019763000000000003,"한국표면공학회 (NODE11678858, IF: 0.22)"
262,2023,기계공학,618319317,이혁주,1,0.019763000000000003,"한국표면공학회 (NODE11678858, IF: 0.22)"
263,2023,기계공학,245215308,이창현,1,0.019763000000000003,"한국표면공학회 (NODE11678858, IF: 0.22)"
264,2023,기계공학,539002367,봉성율,1,0.019763000000000003,"한국표면공학회 (NODE11678858, IF: 0.22)"
265,2023,기계공학,992160495,김일수,3,0.019763,"대한용접·접합학회 (NODE11217622, IF: 0.62)
대한용접·접합학회 (NODE11443209, IF: 0.62)
대한용접·접합학회 (NODE11443210, IF: 0.62)"
266,2023,기계공학,241266816,Jun-Seok Park,3,0.019763,"대한용접·접합학회 (NODE11650341, IF: 0.62)
대한용접·접합학회 (NODE11443211, IF: 0.62)
대한용접·접합학회 (NODE11556680, IF: 0.62)"
267,2023,기계공학,834634764,Min Woo Park,1,0.019763,"대한용접·접합학회 (NODE11217622, IF: 0.62)"
268,2023,기계공학,129382060,유지호,1,0.019763,"한국연소학회 (NODE11448127, IF: 1.09)"
269,2023,기계공학,681974456,홍종섭,1,0.019763,"한국연소학회 (NODE11448127, IF: 1.09)"
270,2023,기계공학,835025901,이영재,1,0.019763,"한국연소학회 (NODE11448127, IF: 1.09)"
271,2023,기계공학,707236027,Joo-Shin Park,1,0.019763,"대한용접·접합학회 (NODE11556680, IF: 0.62)"
272,2023,기계공학,471094123,이승준,1,0.018775,"한국표면공학회 (NODE11405893, IF: 0.22)"
273,2023,기계공학,892619015,김성종,1,0.018775,"한국마린엔지니어링학회 (NODE11651718, IF: 0.23)"
274,2023,기계공학,833881403,Jung-Hyung Lee,1,0.018775,"한국마린엔지니어링학회 (NODE11651718, IF: 0.23)"
275,2023,기계공학,797102000,이창우,3,0.017787,"대한기계학회 (NODE11187235, IF: 0.36)
한국생산제조학회 (NODE11635250, IF: 0.34)
Korean Society for Precision Engineering (NODE11219125, IF: 0.00)"
276,2023,기계공학,980776700,최준필,2,0.017787,"한국생산제조학회 (NODE11433756, IF: 0.34)
한국생산제조학회 (NODE11433757, IF: 0.34)"
277,2023,기계공학,322295778,김용래,2,0.017787,"대한기계학회 (NODE11187235, IF: 0.36)
한국생산제조학회 (NODE11635250, IF: 0.34)"
278,2023,기계공학,909688336,허세곤,2,0.017787,"한국생산제조학회 (NODE11635250, IF: 0.34)
Korean Society for Precision Engineering (NODE11219125, IF: 0.00)"
279,2023,기계공학,769234505,양창근,1,0.017787,"한국생산제조학회 (NODE11433756, IF: 0.34)"
280,2023,기계공학,271003497,김성욱,1,0.017787,"대한용접·접합학회 (NODE11443206, IF: 0.62)"
281,2023,기계공학,772949712,천창근,1,0.017787,"대한용접·접합학회 (NODE11443206, IF: 0.62)"
282,2023,기계공학,321702826,박용재,3,0.016798,"Korean Society for Precision Engineering (NODE11443787, IF: 0.00)
Korean Society for Precision Engineering (NODE11443790, IF: 0.00)
한국생산제조학회 (NODE11397433, IF: 0.34)"
283,2023,기계공학,712783541,조근식,2,0.016798,"Korean Society for Precision Engineering (NODE11443787, IF: 0.00)
한국생산제조학회 (NODE11397433, IF: 0.34)"
284,2023,기계공학,621117097,기범근,2,0.016798,"Korean Society for Precision Engineering (NODE11443790, IF: 0.00)
한국생산제조학회 (NODE11397433, IF: 0.34)"
285,2023,기계공학,881250548,권병수,1,0.016798,"한국생산제조학회 (NODE11397433, IF: 0.34)"
286,2023,기계공학,194234420,Hyeon Woo Kang,1,0.016798,"Korean Society for Precision Engineering (NODE11219131, IF: 0.00)"
287,2023,기계공학,814264612,이동근,1,0.016798,"Korean Society for Precision Engineering (NODE11219131, IF: 0.00)"
288,2023,기계공학,558545134,이훈희,3,0.01581,"한국생산제조학회 (NODE11397437, IF: 0.34)
Korean Society for Precision Engineering (NODE11406251, IF: 0.00)
Korean Society for Precision Engineering (NODE11288371, IF: 0.00)"
289,2023,기계공학,396638119,이정길,3,0.01581,"한국유체기계학회 (NODE11620939, IF: 0.29)
한국동력기계공학회 (NODE11560209, IF: 0.33)
한국동력기계공학회 (NODE11560211, IF: 0.33)"
290,2023,기계공학,2080943,박소현,3,0.01581,"(사)한국CDE학회 (NODE11513743, IF: 1.01)
(사)한국CDE학회 (NODE11513744, IF: 1.01)
(사)한국CDE학회 (NODE11513745, IF: 1.01)"
291,2023,기계공학,577577042,김지영,2,0.01581,"(사)한국CDE학회 (NODE11513744, IF: 1.01)
(사)한국CDE학회 (NODE11513745, IF: 1.01)"
292,2023,기계공학,516961666,김선화,2,0.01581,"한국동력기계공학회 (NODE11508716, IF: 0.33)
한국동력기계공학회 (NODE11560207, IF: 0.33)"
293,2023,기계공학,583129097,이사용,2,0.01581,"한국동력기계공학회 (NODE11508716, IF: 0.33)
한국동력기계공학회 (NODE11560207, IF: 0.33)"
294,2023,기계공학,258429052,안석환,2,0.01581,"한국동력기계공학회 (NODE11508716, IF: 0.33)
한국동력기계공학회 (NODE11560207, IF: 0.33)"
295,2023,기계공학,727725001,최승목,2,0.01581,"한국표면공학회 (NODE11506095, IF: 0.22)
한국표면공학회 (NODE11678864, IF: 0.22)"
296,2023,기계공학,984189663,정재훈,2,0.01581,"한국표면공학회 (NODE11506095, IF: 0.22)
한국표면공학회 (NODE11678864, IF: 0.22)"
297,2023,기계공학,834350510,박민석,1,0.01581,"한국생산제조학회 (NODE11397437, IF: 0.34)"
298,2023,기계공학,911480929,윤왕호,1,0.01581,"한국생산제조학회 (NODE11397437, IF: 0.34)"
299,2023,기계공학,836065213,김미루,1,0.01581,"한국생산제조학회 (NODE11397437, IF: 0.34)"
300,2023,기계공학,165708845,박현석,1,0.01581,"한국기계연구원 (NODE11640920, IF: 0.00)"
301,2023,기계공학,568506491,이민규,1,0.01581,"한국기계연구원 (NODE11640920, IF: 0.00)"
302,2023,기계공학,725828310,김현진,1,0.01581,"한국생산제조학회 (NODE11214543, IF: 0.34)"
303,2023,기계공학,731518581,이연학,1,0.01581,"한국생산제조학회 (NODE11214543, IF: 0.34)"
304,2023,기계공학,952632784,장진규,1,0.01581,"한국생산제조학회 (NODE11214543, IF: 0.34)"
305,2023,기계공학,347553477,최재욱,1,0.01581,"한국생산제조학회 (NODE11214543, IF: 0.34)"
306,2023,기계공학,2296431,최수현,1,0.01581,"한국생산제조학회 (NODE11214543, IF: 0.34)"
307,2023,기계공학,806793245,김준호,1,0.01581,"한국생산제조학회 (NODE11214543, IF: 0.34)"
308,2023,기계공학,984385434,Yonghun Jang,1,0.01581,"한국트라이볼로지학회 (NODE11691849, IF: 0.46)"
309,2023,기계공학,950138558,사종성,1,0.01581,"한국생산제조학회 (NODE11635261, IF: 0.34)"
310,2023,기계공학,414044080,강태원,1,0.01581,"한국생산제조학회 (NODE11635261, IF: 0.34)"
311,2023,기계공학,864728908,허준,1,0.01581,"한국표면공학회 (NODE11678867, IF: 0.22)"
312,2023,기계공학,596370326,윤혁준,1,0.01581,"한국표면공학회 (NODE11678867, IF: 0.22)"
313,2023,기계공학,514722156,최지훈,1,0.01581,"한국표면공학회 (NODE11678867, IF: 0.22)"
314,2023,기계공학,171691272,문채린,1,0.01581,"한국표면공학회 (NODE11678867, IF: 0.22)"
315,2023,기계공학,333131511,최순목,1,0.01581,"한국표면공학회 (NODE11678867, IF: 0.22)"
316,2023,기계공학,250000083,박상현,1,0.01581,"한국동력기계공학회 (NODE11560207, IF: 0.33)"
317,2023,기계공학,444613113,이후경,5,0.013834,"대한설비공학회 (NODE11616309, IF: 0.26)
대한설비공학회 (NODE11184298, IF: 0.26)
한국연소학회 (NODE11707764, IF: 1.09)
대한설비공학회 (NODE11217281, IF: 0.26)
대한기계학회 (NODE11482596, IF: 0.36)"
318,2023,기계공학,522167388,Muammer Akturk,1,0.013834,"한국마린엔지니어링학회 (NODE11443767, IF: 0.23)"
319,2023,기계공학,215480293,박주원,1,0.013834,"한국연소학회 (NODE11707764, IF: 1.09)"
320,2023,기계공학,250875107,김남수,1,0.013834,"한국연소학회 (NODE11707764, IF: 1.09)"
321,2023,기계공학,77575,곽영태,1,0.013834,"한국연소학회 (NODE11707764, IF: 1.09)"
322,2023,기계공학,657874719,이민정,1,0.013834,"한국연소학회 (NODE11707764, IF: 1.09)"
323,2023,기계공학,602291792,임성균,1,0.013834,"한국연소학회 (NODE11707764, IF: 1.09)"
324,2023,기계공학,229688169,김웅진,3,0.012846,"(사)한국CDE학회 (NODE11217640, IF: 1.01)
한국비파괴검사학회 (NODE11218788, IF: 0.41)
한국비파괴검사학회 (NODE11444171, IF: 0.41)"
325,2023,기계공학,587286755,Seong-Beom Jeong,3,0.012846,"한국마린엔지니어링학회 (NODE11443765, IF: 0.23)
한국마린엔지니어링학회 (NODE11406265, IF: 0.23)
한국마린엔지니어링학회 (NODE11651734, IF: 0.23)"
326,2023,기계공학,107449794,김하늘,1,0.012846,"한국표면공학회 (NODE11440083, IF: 0.22)"
327,2023,기계공학,185753870,홍민규,1,0.012846,"한국표면공학회 (NODE11440083, IF: 0.22)"
328,2023,기계공학,627855608,장병록,1,0.012846,"한국표면공학회 (NODE11440083, IF: 0.22)"
329,2023,기계공학,549035480,김병희,7,0.011858,"한국생산제조학회 (NODE11433758, IF: 0.34)
Korean Society for Precision Engineering (NODE11443786, IF: 0.00)
Korean Society for Precision Engineering (NODE11443787, IF: 0.00)
Korean Society for Precision Engineering (NODE11443788, IF: 0.00)
한국생산제조학회 (NODE11397435, IF: 0.34)
Korean Society for Precision Engineering (NODE11420848, IF: 0.00)
대한기계학회 (NODE11510431, IF: 0.36)"
330,2023,기계공학,528063574,오기용,4,0.011858,"한국비파괴검사학회 (NODE11405155, IF: 0.41)
한국비파괴검사학회 (NODE11405161, IF: 0.41)
한국소음진동공학회 (NODE11419437, IF: 0.52)
Korean Society for Precision Engineering (NODE11406248, IF: 0.00)"
331,2023,기계공학,789649987,서영호,3,0.011858,"한국생산제조학회 (NODE11397435, IF: 0.34)
Korean Society for Precision Engineering (NODE11420848, IF: 0.00)
대한기계학회 (NODE11510431, IF: 0.36)"
332,2023,기계공학,514905108,최인식,2,0.011858,"Korean Society for Precision Engineering (NODE11443787, IF: 0.00)
한국생산제조학회 (NODE11397435, IF: 0.34)"
333,2023,기계공학,654042289,Houlin Liu,2,0.011858,"한국유체기계학회 (NODE11681146, IF: 0.29)
한국유체기계학회 (NODE11681146, IF: 0.29)"
334,2023,기계공학,713314640,김건우,1,0.011858,"(사)한국CDE학회 (NODE11217641, IF: 1.01)"
335,2023,기계공학,794469431,장승환,1,0.011858,"(사)한국CDE학회 (NODE11217641, IF: 1.01)"
336,2023,기계공학,799503234,장중순,1,0.011858,"(사)한국CDE학회 (NODE11217641, IF: 1.01)"
337,2023,기계공학,333946410,유온유,1,0.011858,"(사)한국CDE학회 (NODE11217641, IF: 1.01)"
338,2023,기계공학,832873492,윤정익,1,0.011858,"(사)한국CDE학회 (NODE11217641, IF: 1.01)"
339,2023,기계공학,523279351,김병목,1,0.011858,"(사)한국CDE학회 (NODE11217643, IF: 1.01)"
340,2023,기계공학,975981955,서효원,1,0.011858,"(사)한국CDE학회 (NODE11217643, IF: 1.01)"
341,2023,기계공학,881216845,박진영,1,0.011858,"(사)한국CDE학회 (NODE11217643, IF: 1.01)"
342,2023,기계공학,633940593,전효정,1,0.011858,"(사)한국CDE학회 (NODE11217643, IF: 1.01)"
343,2023,기계공학,699926563,Masaru Sumida,1,0.011858,"한국유체기계학회 (NODE11547806, IF: 0.29)"
344,2023,기계공학,644821028,Takuroh Senoo,1,0.011858,"한국유체기계학회 (NODE11547806, IF: 0.29)"
345,2023,기계공학,802922536,정진호,1,0.011858,"한국비파괴검사학회 (NODE11405161, IF: 0.41)"
346,2023,기계공학,834950854,곽은지,1,0.011858,"한국비파괴검사학회 (NODE11405161, IF: 0.41)"
347,2023,기계공학,166165906,김준형,1,0.011858,"한국비파괴검사학회 (NODE11405161, IF: 0.41)"
348,2023,기계공학,567100217,정민,1,0.011858,"한국생산제조학회 (NODE11397435, IF: 0.34)"
349,2023,기계공학,491620537,조윤정,1,0.011858,"(사)한국CDE학회 (NODE11513755, IF: 1.01)"
350,2023,기계공학,378408646,윤경진,1,0.011858,"(사)한국CDE학회 (NODE11513759, IF: 1.01)"
351,2023,기계공학,954289567,Gitae Park,1,0.010870000000000001,"대한용접·접합학회 (NODE11650336, IF: 0.62)"
352,2023,기계공학,188974098,강정윤,1,0.010870000000000001,"대한용접·접합학회 (NODE11650336, IF: 0.62)"
353,2023,기계공학,447116786,Chan Kyu Kim,1,0.010870000000000001,"대한용접·접합학회 (NODE11650336, IF: 0.62)"
354,2023,기계공학,363324462,Sang Woo Song,1,0.010870000000000001,"대한용접·접합학회 (NODE11650336, IF: 0.62)"
355,2023,기계공학,742193800,Sung Chul Cha,1,0.010870000000000001,"대한용접·접합학회 (NODE11650336, IF: 0.62)"
356,2023,기계공학,399276351,Heon Joon Park,1,0.010870000000000001,"대한용접·접합학회 (NODE11650336, IF: 0.62)"
357,2023,기계공학,876571939,Jun-Ho Kim,1,0.010870000000000001,"대한용접·접합학회 (NODE11650336, IF: 0.62)"
358,2023,기계공학,681564558,정보영,1,0.010870000000000001,"대한용접·접합학회 (NODE11650336, IF: 0.62)"
359,2023,기계공학,558798626,김종훈,1,0.010870000000000001,"(사)한국CDE학회 (NODE11616095, IF: 1.01)"
360,2023,기계공학,958085263,곽성호,1,0.010870000000000001,"(사)한국CDE학회 (NODE11616095, IF: 1.01)"
361,2023,기계공학,401407626,김재준,1,0.010870000000000001,"(사)한국CDE학회 (NODE11616095, IF: 1.01)"
362,2023,기계공학,539408150,이상효,1,0.010870000000000001,"(사)한국CDE학회 (NODE11616095, IF: 1.01)"
363,2023,기계공학,197380669,안규복,3,0.01087,"한국추진공학회 (NODE11230109, IF: 0.33)
한국연소학회 (NODE11343546, IF: 1.09)
한국추진공학회 (NODE11408614, IF: 0.33)"
364,2023,기계공학,747032758,한선우,2,0.01087,"한국추진공학회 (NODE11230109, IF: 0.33)
한국연소학회 (NODE11343546, IF: 1.09)"
365,2023,기계공학,910549487,이신우,1,0.01087,"한국연소학회 (NODE11343546, IF: 1.09)"
366,2023,기계공학,1615315,황동현,1,0.01087,"한국연소학회 (NODE11343546, IF: 1.09)"
367,2023,기계공학,382692590,Yang Fan,1,0.01087,"한국유체기계학회 (NODE11395901, IF: 0.29)"
368,2023,기계공학,153105379,Qiu Dexin,1,0.01087,"한국유체기계학회 (NODE11395901, IF: 0.29)"
369,2023,기계공학,592345786,Zhao Xinwei,1,0.01087,"한국유체기계학회 (NODE11395901, IF: 0.29)"
370,2023,기계공학,924870290,Sai Qingyi,1,0.01087,"한국유체기계학회 (NODE11395901, IF: 0.29)"
371,2023,기계공학,154098177,Cai Xiaoshu,1,0.01087,"한국유체기계학회 (NODE11395901, IF: 0.29)"
372,2023,기계공학,593630302,표창민,5,0.009882,"대한용접·접합학회 (NODE11650339, IF: 0.62)
대한용접·접합학회 (NODE11650339, IF: 0.62)
대한용접·접합학회 (NODE11650340, IF: 0.62)
한국기계가공학회 (NODE11427996, IF: 0.31)
한국기계가공학회 (NODE11427996, IF: 0.31)"
373,2023,기계공학,499633164,하종문,4,0.009882,"한국비파괴검사학회 (NODE11509926, IF: 0.41)
한국비파괴검사학회 (NODE11509927, IF: 0.41)
한국비파괴검사학회 (NODE11509929, IF: 0.41)
한국비파괴검사학회 (NODE11509932, IF: 0.41)"
374,2023,기계공학,484064553,조상곤,3,0.009881,"한국동력기계공학회 (NODE11405723, IF: 0.33)
한국동력기계공학회 (NODE11651431, IF: 0.33)
한국동력기계공학회 (NODE11560206, IF: 0.33)"
375,2023,기계공학,424235791,김종수,2,0.009881,"대한기계학회 (NODE11218518, IF: 0.36)
한국동력기계공학회 (NODE11445844, IF: 0.33)"
376,2023,기계공학,338741681,송준한,1,0.009881,"(사)한국CDE학회 (NODE11513760, IF: 1.01)"
377,2023,기계공학,182350569,이현섭,1,0.009881,"(사)한국CDE학회 (NODE11513760, IF: 1.01)"
378,2023,기계공학,599218988,이홍기,1,0.009881,"(사)한국CDE학회 (NODE11513760, IF: 1.01)"
379,2023,기계공학,846882351,백재호,1,0.009881,"(사)한국CDE학회 (NODE11513760, IF: 1.01)"
380,2023,기계공학,287901318,길기현,1,0.009881,"대한기계학회 (NODE11186452, IF: 0.36)"
381,2023,기계공학,831255621,이민호,1,0.009881,"대한기계학회 (NODE11186452, IF: 0.36)"
382,2023,기계공학,907353042,정진도,1,0.009881,"대한기계학회 (NODE11186452, IF: 0.36)"
383,2023,기계공학,790650219,윤주형,1,0.009881,"한국동력기계공학회 (NODE11445844, IF: 0.33)"
384,2023,기계공학,499311670,최석천,1,0.009881,"한국동력기계공학회 (NODE11445844, IF: 0.33)"
385,2023,기계공학,236861885,이철희,9,0.008893,"유공압건설기계학회 (NODE11217586, IF: 2.21)
유공압건설기계학회 (NODE11421313, IF: 2.21)
유공압건설기계학회 (NODE11509595, IF: 2.21)
한국트라이볼로지학회 (NODE11228650, IF: 0.46)
유공압건설기계학회 (NODE11615513, IF: 2.21)
유공압건설기계학회 (NODE11615514, IF: 2.21)
유공압건설기계학회 (NODE11615518, IF: 2.21)
한국기계가공학회 (NODE11568867, IF: 0.31)
(사)한국CDE학회 (NODE11616100, IF: 1.01)"
386,2023,기계공학,546738493,송병욱,1,0.008893,"한국생산제조학회 (NODE11498216, IF: 0.34)"
387,2023,기계공학,471062141,장일학,1,0.008893,"(사)한국CDE학회 (NODE11616100, IF: 1.01)"
388,2023,기계공학,877541037,박영환,6,0.007905,"대한용접·접합학회 (NODE11443214, IF: 0.62)
대한용접·접합학회 (NODE11443215, IF: 0.62)
대한용접·접합학회 (NODE11443216, IF: 0.62)
대한용접·접합학회 (NODE11507161, IF: 0.62)
대한용접·접합학회 (NODE11443213, IF: 0.62)
대한용접·접합학회 (NODE11556669, IF: 0.62)"
389,2023,기계공학,271505026,선경호,3,0.007905,"한국비파괴검사학회 (NODE11405156, IF: 0.41)
Korean Society for Precision Engineering (NODE11406248, IF: 0.00)
한국소음진동공학회 (NODE11398228, IF: 0.52)"
390,2023,기계공학,863401290,신윤호,3,0.007905,"한국비파괴검사학회 (NODE11405156, IF: 0.41)
한국비파괴검사학회 (NODE11405157, IF: 0.41)
한국소음진동공학회 (NODE11398228, IF: 0.52)"
391,2023,기계공학,510026642,이연학,3,0.007905,"한국표면공학회 (NODE11405895, IF: 0.22)
한국표면공학회 (NODE11569501, IF: 0.22)
한국표면공학회 (NODE11678869, IF: 0.22)"
392,2023,기계공학,551955500,엄성민,2,0.007905,"한국비파괴검사학회 (NODE11405156, IF: 0.41)
한국비파괴검사학회 (NODE11405157, IF: 0.41)"
393,2023,기계공학,964959605,나웅재,2,0.007905,"한국비파괴검사학회 (NODE11405156, IF: 0.41)
한국소음진동공학회 (NODE11398228, IF: 0.52)"
394,2023,기계공학,155013080,박준영,2,0.007905,"한국유체기계학회 (NODE11214098, IF: 0.29)
한국표면공학회 (NODE11678864, IF: 0.22)"
395,2023,기계공학,174430745,조찬원,2,0.007905,"(사)한국CDE학회 (NODE11513743, IF: 1.01)
(사)한국CDE학회 (NODE11513745, IF: 1.01)"
396,2023,기계공학,945680645,이솔미,1,0.007905,"대한용접·접합학회 (NODE11507161, IF: 0.62)"
397,2023,기계공학,853263289,박정희,1,0.007905,"한국비파괴검사학회 (NODE11405156, IF: 0.41)"
398,2023,기계공학,574202631,조혜영,1,0.007905,"한국비파괴검사학회 (NODE11405156, IF: 0.41)"
399,2023,기계공학,436843312,남대호,1,0.007905,"한국비파괴검사학회 (NODE11405156, IF: 0.41)"
400,2023,기계공학,956188271,오환엽,1,0.007905,"한국비파괴검사학회 (NODE11405156, IF: 0.41)"
401,2023,기계공학,789655235,고국원,1,0.007905,"한국생산제조학회 (NODE11214542, IF: 0.34)"
402,2023,기계공학,187542267,이지연,1,0.007905,"한국생산제조학회 (NODE11214542, IF: 0.34)"
403,2023,기계공학,475934912,Zulqarnain,1,0.007905,"한국에너지기후변화학회 (NODE11647075, IF: 0.28)"
404,2023,기계공학,190476968,전동혁,1,0.007905,"한국에너지기후변화학회 (NODE11647075, IF: 0.28)"
405,2023,기계공학,352794642,김수현,1,0.007905,"한국에너지기후변화학회 (NODE11647075, IF: 0.28)"
406,2023,기계공학,194035654,유지호,1,0.007905,"한국에너지기후변화학회 (NODE11647075, IF: 0.28)"
407,2023,기계공학,372501418,강병철,1,0.007905,"(사)한국CDE학회 (NODE11513744, IF: 1.01)"
408,2023,기계공학,288116762,김영균,1,0.007905,"(사)한국CDE학회 (NODE11513754, IF: 1.01)"
409,2023,기계공학,550067325,박강,1,0.007905,"(사)한국CDE학회 (NODE11513754, IF: 1.01)"
410,2023,기계공학,963525234,윤기용,1,0.007905,"한국표면공학회 (NODE11506095, IF: 0.22)"
411,2023,기계공학,868371173,이경복,1,0.007905,"한국표면공학회 (NODE11506095, IF: 0.22)"
412,2023,기계공학,857113894,김도형,1,0.007905,"한국표면공학회 (NODE11506095, IF: 0.22)"
413,2023,기계공학,885287026,노희윤,1,0.007905,"한국표면공학회 (NODE11506095, IF: 0.22)"
414,2023,기계공학,741140622,이지훈,1,0.007905,"한국표면공학회 (NODE11506095, IF: 0.22)"
415,2023,기계공학,224956727,양주찬,1,0.007905,"한국표면공학회 (NODE11506095, IF: 0.22)"
416,2023,기계공학,952833206,박인욱,1,0.007905,"한국표면공학회 (NODE11569501, IF: 0.22)"
417,2023,기계공학,976460890,Soon-Doo Kwon,1,0.007905,"대한용접·접합학회 (NODE11650332, IF: 0.62)"
418,2023,기계공학,215287018,Sang-Hoon Jeong,1,0.007905,"대한용접·접합학회 (NODE11650332, IF: 0.62)"
419,2023,기계공학,911259078,이호석,1,0.007905,"한국표면공학회 (NODE11678864, IF: 0.22)"
420,2023,기계공학,697238712,명신우,1,0.007905,"한국표면공학회 (NODE11678864, IF: 0.22)"
421,2023,기계공학,894208964,박언주,1,0.007905,"한국표면공학회 (NODE11678864, IF: 0.22)"
422,2023,기계공학,779725209,허성준,1,0.007905,"한국표면공학회 (NODE11678864, IF: 0.22)"
423,2023,기계공학,879222686,김남인,1,0.007905,"한국표면공학회 (NODE11678864, IF: 0.22)"
424,2023,기계공학,480906914,이재훈,1,0.007905,"한국표면공학회 (NODE11678864, IF: 0.22)"
425,2023,기계공학,922909916,정재엽,1,0.007905,"한국표면공학회 (NODE11678864, IF: 0.22)"
426,2023,기계공학,833186162,진송,1,0.007905,"한국표면공학회 (NODE11678864, IF: 0.22)"
427,2023,기계공학,762852642,이주영,1,0.007905,"한국표면공학회 (NODE11678864, IF: 0.22)"
428,2023,기계공학,185949121,이상호,1,0.007905,"한국표면공학회 (NODE11678864, IF: 0.22)"
429,2023,기계공학,390687566,김치호,1,0.007905,"한국표면공학회 (NODE11678864, IF: 0.22)"
430,2023,기계공학,4021636,이천규,1,0.007905,"한국동력기계공학회 (NODE11560209, IF: 0.33)"
431,2023,기계공학,572362067,차동안,1,0.007905,"한국동력기계공학회 (NODE11560209, IF: 0.33)"
432,2023,기계공학,742047062,임형수,3,0.006917,"한국동력기계공학회 (NODE11405731, IF: 0.33)
한국유체기계학회 (NODE11214098, IF: 0.29)
한국트라이볼로지학회 (NODE11691846, IF: 0.46)"
433,2023,기계공학,226782914,Hong-Il Seo,2,0.006917,"한국마린엔지니어링학회 (NODE11443765, IF: 0.23)
한국마린엔지니어링학회 (NODE11651735, IF: 0.23)"
434,2023,기계공학,315826789,송유정,2,0.006917,"한국수소및신에너지학회 (NODE11556975, IF: 0.62)
한국에너지기후변화학회 (NODE11647077, IF: 0.28)"
435,2023,기계공학,413560671,김성탁,2,0.006917,"한국수소및신에너지학회 (NODE11556975, IF: 0.62)
한국에너지기후변화학회 (NODE11647077, IF: 0.28)"
436,2023,기계공학,828234838,서승일,2,0.006917,"한국비파괴검사학회 (NODE11218788, IF: 0.41)
한국비파괴검사학회 (NODE11444171, IF: 0.41)"
437,2023,기계공학,386789603,유정은,2,0.006917,"한국표면공학회 (NODE11405894, IF: 0.22)
한국표면공학회 (NODE11506100, IF: 0.22)"
438,2023,기계공학,739594607,이기영,2,0.006917,"한국표면공학회 (NODE11405894, IF: 0.22)
한국표면공학회 (NODE11506100, IF: 0.22)"
439,2023,기계공학,118349270,정민구,1,0.006917,"(사)한국CDE학회 (NODE11217638, IF: 1.01)"
440,2023,기계공학,259312043,Gi-Do Choi,1,0.006917,"한국마린엔지니어링학회 (NODE11443765, IF: 0.23)"
441,2023,기계공학,542131688,최범석,1,0.006917,"한국동력기계공학회 (NODE11405731, IF: 0.33)"
442,2023,기계공학,333239443,서호준,1,0.006917,"한국기계연구원 (NODE11483537, IF: 0.00)"
443,2023,기계공학,813046484,Toru Shigemitsu,1,0.006917,"한국유체기계학회 (NODE11465969, IF: 0.29)"
444,2023,기계공학,659117720,Takumi Omori,1,0.006917,"한국유체기계학회 (NODE11465969, IF: 0.29)"
445,2023,기계공학,535392297,Yuya Hiraishi,1,0.006917,"한국유체기계학회 (NODE11465969, IF: 0.29)"
446,2023,기계공학,481181525,Takashi Tsuda,1,0.006917,"한국유체기계학회 (NODE11465969, IF: 0.29)"
447,2023,기계공학,528391264,Takayuki Kawanami,1,0.006917,"한국유체기계학회 (NODE11465969, IF: 0.29)"
448,2023,기계공학,328841471,Kenji Hiranuma,1,0.006917,"한국유체기계학회 (NODE11465969, IF: 0.29)"
449,2023,기계공학,132944550,Takuji Hosotani,1,0.006917,"한국유체기계학회 (NODE11465969, IF: 0.29)"
450,2023,기계공학,851812727,Ding Nan,1,0.006917,"한국유체기계학회 (NODE11465969, IF: 0.29)"
451,2023,기계공학,997959224,Lokesh Kumar,1,0.006917,"한국유체기계학회 (NODE11465970, IF: 0.29)"
452,2023,기계공학,231411636,Nimai Pada Mandal,1,0.006917,"한국유체기계학회 (NODE11465970, IF: 0.29)"
453,2023,기계공학,111558078,송혜미,1,0.006917,"한국에너지기후변화학회 (NODE11647077, IF: 0.28)"
454,2023,기계공학,711050212,최성호,1,0.006917,"(사)한국CDE학회 (NODE11513753, IF: 1.01)"
455,2023,기계공학,860227977,박경범,1,0.006917,"(사)한국CDE학회 (NODE11513753, IF: 1.01)"
456,2023,기계공학,612348549,이재열,1,0.006917,"(사)한국CDE학회 (NODE11513753, IF: 1.01)"
457,2023,기계공학,452236533,Kyung-Seok Ko,1,0.006917,"한국마린엔지니어링학회 (NODE11511745, IF: 0.23)"
458,2023,기계공학,159241903,Yeong-Gyun An,1,0.006917,"한국마린엔지니어링학회 (NODE11511745, IF: 0.23)"
459,2023,기계공학,949205908,손영득,1,0.006917,"한국마린엔지니어링학회 (NODE11511745, IF: 0.23)"
460,2023,기계공학,612270721,정동헌,1,0.006917,"한국표면공학회 (NODE11506100, IF: 0.22)"
461,2023,기계공학,430852352,박대규,6,0.005929,"대한용접·접합학회 (NODE11443214, IF: 0.62)
대한용접·접합학회 (NODE11443215, IF: 0.62)
대한용접·접합학회 (NODE11443216, IF: 0.62)
대한용접·접합학회 (NODE11404885, IF: 0.62)
대한용접·접합학회 (NODE11443213, IF: 0.62)
대한용접·접합학회 (NODE11556669, IF: 0.62)"
462,2023,기계공학,450060796,안용한,4,0.005929,"(사)한국CDE학회 (NODE11513746, IF: 1.01)
(사)한국CDE학회 (NODE11616099, IF: 1.01)
(사)한국CDE학회 (NODE11616104, IF: 1.01)
(사)한국CDE학회 (NODE11616105, IF: 1.01)"
463,2023,기계공학,591763369,권기연,3,0.005929,"(사)한국CDE학회 (NODE11217647, IF: 1.01)
대한기계학회 (NODE11218529, IF: 0.36)
대한기계학회 (NODE11426274, IF: 0.36)"
464,2023,기계공학,312331359,권오경,3,0.005929,"대한설비공학회 (NODE11616306, IF: 0.26)
대한설비공학회 (NODE11444353, IF: 0.26)
한국동력기계공학회 (NODE11217275, IF: 0.33)"
465,2023,기계공학,256554794,조제형,2,0.005929,"대한용접·접합학회 (NODE11443214, IF: 0.62)
대한용접·접합학회 (NODE11404885, IF: 0.62)"
466,2023,기계공학,820277494,이승원,2,0.005929,"한국생산제조학회 (NODE11397442, IF: 0.34)
한국생산제조학회 (NODE11498224, IF: 0.34)"
467,2023,기계공학,618618674,유경현,2,0.005929,"한국생산제조학회 (NODE11397442, IF: 0.34)
한국생산제조학회 (NODE11498224, IF: 0.34)"
468,2023,기계공학,751965662,김종민,2,0.005929,"한국생산제조학회 (NODE11397442, IF: 0.34)
한국생산제조학회 (NODE11498224, IF: 0.34)"
469,2023,기계공학,605150001,이철수,2,0.005929,"한국생산제조학회 (NODE11397442, IF: 0.34)
한국생산제조학회 (NODE11498224, IF: 0.34)"
470,2023,기계공학,381907002,김창우,2,0.005929,"한국동력기계공학회 (NODE11405725, IF: 0.33)
한국동력기계공학회 (NODE11508720, IF: 0.33)"
471,2023,기계공학,434515180,이준혁,2,0.005929,"한국동력기계공학회 (NODE11405727, IF: 0.33)
한국동력기계공학회 (NODE11445836, IF: 0.33)"
472,2023,기계공학,441028283,최재원,2,0.005929,"한국동력기계공학회 (NODE11405727, IF: 0.33)
한국동력기계공학회 (NODE11445836, IF: 0.33)"
473,2023,기계공학,5448002,차승윤,2,0.005929,"한국동력기계공학회 (NODE11405727, IF: 0.33)
한국동력기계공학회 (NODE11445836, IF: 0.33)"
474,2023,기계공학,893709843,이한민,2,0.005929,"(사)한국CDE학회 (NODE11419384, IF: 1.01)
대한기계학회 (NODE11342488, IF: 0.36)"
475,2023,기계공학,731016460,고희상,2,0.005929,"한국에너지기후변화학회 (NODE11647076, IF: 0.28)
한국수소및신에너지학회 (NODE11443183, IF: 0.62)"
476,2023,기계공학,766919879,Yeong-Jae Shin,2,0.005929,"한국마린엔지니어링학회 (NODE11406265, IF: 0.23)
한국마린엔지니어링학회 (NODE11651734, IF: 0.23)"
477,2023,기계공학,643796553,Kosuke Inoue,2,0.005929,"Korean Society for Precision Engineering (NODE11202377, IF: 0.00)
Korean Society for Precision Engineering (NODE11288380, IF: 0.00)"
478,2023,기계공학,460279637,Hideki Aoyama,2,0.005929,"Korean Society for Precision Engineering (NODE11202377, IF: 0.00)
Korean Society for Precision Engineering (NODE11288380, IF: 0.00)"
479,2023,기계공학,723914,박재현,2,0.005929,"한국동력기계공학회 (NODE11560217, IF: 0.33)
대한용접·접합학회 (NODE11556675, IF: 0.62)"
480,2023,기계공학,746020399,김태민,1,0.005929,"(사)한국CDE학회 (NODE11217640, IF: 1.01)"
481,2023,기계공학,5138225,문소영,1,0.005929,"(사)한국CDE학회 (NODE11217640, IF: 1.01)"
482,2023,기계공학,388088497,이종석,1,0.005929,"(사)한국CDE학회 (NODE11217647, IF: 1.01)"
483,2023,기계공학,941581874,이정환,1,0.005929,"(사)한국CDE학회 (NODE11217647, IF: 1.01)"
484,2023,기계공학,480227571,Tong Qin,1,0.005929,"한국유체기계학회 (NODE11681146, IF: 0.29)"
485,2023,기계공학,866338049,Xianfang Wu,1,0.005929,"한국유체기계학회 (NODE11681146, IF: 0.29)"
486,2023,기계공학,201386734,Shao Chen,1,0.005929,"한국유체기계학회 (NODE11681146, IF: 0.29)"
487,2023,기계공학,809841438,Ma Haochen,1,0.005929,"한국유체기계학회 (NODE11681146, IF: 0.29)"
488,2023,기계공학,459252112,Takahiro Noji,1,0.005929,"한국유체기계학회 (NODE11681150, IF: 0.29)"
489,2023,기계공학,141426064,Chunqi Wang,1,0.005929,"한국유체기계학회 (NODE11681150, IF: 0.29)"
490,2023,기계공학,356438500,강영균,1,0.005929,"한국생산제조학회 (NODE11397442, IF: 0.34)"
491,2023,기계공학,794814566,정지현,1,0.005929,"한국동력기계공학회 (NODE11405725, IF: 0.33)"
492,2023,기계공학,941015859,한승태,1,0.005929,"(사)한국CDE학회 (NODE11419384, IF: 1.01)"
493,2023,기계공학,4617396,문유찬,1,0.005929,"(사)한국CDE학회 (NODE11419384, IF: 1.01)"
494,2023,기계공학,939146903,차무현,1,0.005929,"(사)한국CDE학회 (NODE11419384, IF: 1.01)"
495,2023,기계공학,285115170,문두환,1,0.005929,"(사)한국CDE학회 (NODE11419384, IF: 1.01)"
496,2023,기계공학,782235999,김기훈,1,0.005929,"한국에너지기후변화학회 (NODE11647076, IF: 0.28)"
497,2023,기계공학,615140032,정윤철,1,0.005929,"한국에너지기후변화학회 (NODE11647076, IF: 0.28)"
498,2023,기계공학,323173092,김우현,1,0.005929,"한국에너지기후변화학회 (NODE11647076, IF: 0.28)"
499,2023,기계공학,419049475,강경수,1,0.005929,"한국에너지기후변화학회 (NODE11647076, IF: 0.28)"
500,2023,기계공학,274887208,정광진,1,0.005929,"한국에너지기후변화학회 (NODE11647076, IF: 0.28)"
501,2023,기계공학,662159657,정남조,1,0.005929,"한국에너지기후변화학회 (NODE11647076, IF: 0.28)"
502,2023,기계공학,252969783,최영준,1,0.005929,"한국에너지기후변화학회 (NODE11647076, IF: 0.28)"
503,2023,기계공학,247395058,Soo-Hwan Lee,1,0.005929,"한국마린엔지니어링학회 (NODE11406265, IF: 0.23)"
504,2023,기계공학,636117050,이준호,1,0.005929,"한국항공협회 (NODE11989853, IF: 0.00)"
505,2023,기계공학,696115474,Woo-Jin Lee,1,0.005929,"한국동력기계공학회 (NODE11508721, IF: 0.33)"
506,2023,기계공학,981684162,Yong-Whan Choi,1,0.005929,"한국동력기계공학회 (NODE11508721, IF: 0.33)"
507,2023,기계공학,527927002,윤상석,1,0.005929,"한국동력기계공학회 (NODE11508721, IF: 0.33)"
508,2023,기계공학,264096136,Injoo Hwang,1,0.005929,"한국동력기계공학회 (NODE11508721, IF: 0.33)"
509,2023,기계공학,964268357,이상일,1,0.005929,"대한용접·접합학회 (NODE11404885, IF: 0.62)"
510,2023,기계공학,418616154,정의필,1,0.005929,"한국표면공학회 (NODE11506102, IF: 0.22)"
511,2023,기계공학,672185633,박현철,1,0.005929,"한국표면공학회 (NODE11506102, IF: 0.22)"
512,2023,기계공학,823074436,박영수,1,0.005929,"한국표면공학회 (NODE11506102, IF: 0.22)"
513,2023,기계공학,547961987,안병철,1,0.005929,"한국표면공학회 (NODE11506102, IF: 0.22)"
514,2023,기계공학,218225702,한덕수,1,0.005929,"한국표면공학회 (NODE11506102, IF: 0.22)"
515,2023,기계공학,647385762,전현준,1,0.005929,"한국표면공학회 (NODE11506102, IF: 0.22)"
516,2023,기계공학,323500281,김창훈,1,0.005929,"(사)한국CDE학회 (NODE11616104, IF: 1.01)"
517,2023,기계공학,856293978,신현규,1,0.005929,"(사)한국CDE학회 (NODE11616104, IF: 1.01)"
518,2023,기계공학,751825,박재영,1,0.005929,"한국동력기계공학회 (NODE11560217, IF: 0.33)"
519,2023,기계공학,348477698,이현우,1,0.005929,"한국동력기계공학회 (NODE11560217, IF: 0.33)"
520,2023,기계공학,217044083,Jin-Kyu Choi,1,0.005929,"한국마린엔지니어링학회 (NODE11651724, IF: 0.23)"
521,2023,기계공학,513075338,Hao Tian,1,0.005929,"한국마린엔지니어링학회 (NODE11651724, IF: 0.23)"
522,2023,기계공학,259842290,Kyung-Tae Moon,1,0.005929,"한국마린엔지니어링학회 (NODE11651741, IF: 0.23)"
523,2023,기계공학,499985669,Paul Davies,1,0.005929,"한국마린엔지니어링학회 (NODE11651741, IF: 0.23)"
524,2023,기계공학,704877593,Louise Wright,1,0.005929,"한국마린엔지니어링학회 (NODE11651741, IF: 0.23)"
525,2023,기계공학,578837673,김철희,3,0.004941,"대한용접·접합학회 (NODE11404881, IF: 0.62)
대한용접·접합학회 (NODE11650334, IF: 0.62)
대한용접·접합학회 (NODE11650335, IF: 0.62)"
526,2023,기계공학,122717017,박노철,3,0.004941,"한국소음진동공학회 (NODE11634774, IF: 0.52)
한국소음진동공학회 (NODE11634775, IF: 0.52)
한국비파괴검사학회 (NODE11509929, IF: 0.41)"
527,2023,기계공학,318746366,현승균,3,0.004941,"대한용접·접합학회 (NODE11650334, IF: 0.62)
대한용접·접합학회 (NODE11650335, IF: 0.62)
대한기계학회 (NODE11342483, IF: 0.36)"
528,2023,기계공학,141316233,이명수,3,0.004941,"대한용접·접합학회 (NODE11650339, IF: 0.62)
대한용접·접합학회 (NODE11650340, IF: 0.62)
대한용접·접합학회 (NODE11650341, IF: 0.62)"
529,2023,기계공학,482181870,지창욱,3,0.004941,"대한용접·접합학회 (NODE11650339, IF: 0.62)
대한용접·접합학회 (NODE11556673, IF: 0.62)
대한용접·접합학회 (NODE11556674, IF: 0.62)"
530,2023,기계공학,995212052,승홍민,3,0.004941,"한국비파괴검사학회 (NODE11509926, IF: 0.41)
한국비파괴검사학회 (NODE11509927, IF: 0.41)
한국비파괴검사학회 (NODE11509929, IF: 0.41)"
531,2023,기계공학,754663532,이재범,2,0.004941,"한국소음진동공학회 (NODE11419436, IF: 0.52)
한국비파괴검사학회 (NODE11509929, IF: 0.41)"
532,2023,기계공학,365670484,이선호,2,0.004941,"한국비파괴검사학회 (NODE11444166, IF: 0.41)
한국비파괴검사학회 (NODE11509934, IF: 0.41)"
533,2023,기계공학,397378826,윤동진,2,0.004941,"한국비파괴검사학회 (NODE11444166, IF: 0.41)
한국비파괴검사학회 (NODE11509934, IF: 0.41)"
534,2023,기계공학,5168041,박동희,2,0.004941,"한국동력기계공학회 (NODE11651427, IF: 0.33)
한국동력기계공학회 (NODE11217272, IF: 0.33)"
535,2023,기계공학,472448839,최병근,2,0.004941,"한국동력기계공학회 (NODE11651427, IF: 0.33)
한국동력기계공학회 (NODE11217272, IF: 0.33)"
536,2023,기계공학,576240209,방희선,2,0.004941,"대한용접·접합학회 (NODE11650334, IF: 0.62)
대한용접·접합학회 (NODE11650335, IF: 0.62)"
537,2023,기계공학,903183917,김대호,1,0.004941,"한국생산제조학회 (NODE11397436, IF: 0.34)"
538,2023,기계공학,187332335,홍준희,1,0.004941,"한국생산제조학회 (NODE11397436, IF: 0.34)"
539,2023,기계공학,993538590,김민수,1,0.004941,"한국항공협회 (NODE11989851, IF: 0.00)"
540,2023,기계공학,446424370,Oybek Eraliev,1,0.004941,"유공압건설기계학회 (NODE11615519, IF: 2.21)"
541,2023,기계공학,673042115,Ozodbek Xakimov,1,0.004941,"유공압건설기계학회 (NODE11615519, IF: 2.21)"
542,2023,기계공학,639295775,Chul-Hee Lee,1,0.004941,"유공압건설기계학회 (NODE11615519, IF: 2.21)"
543,2023,기계공학,5186701,이정준,1,0.004941,"한국동력기계공학회 (NODE11217272, IF: 0.33)"
544,2023,기계공학,323976981,정덕영,1,0.004941,"한국동력기계공학회 (NODE11217272, IF: 0.33)"
545,2023,기계공학,550030187,Musung Kim,1,0.004941,"대한용접·접합학회 (NODE11650334, IF: 0.62)"
546,2023,기계공학,845428562,Sung Yi,1,0.004941,"대한용접·접합학회 (NODE11650334, IF: 0.62)"
547,2023,기계공학,651257540,Eul-Yong Ha,1,0.004941,"대한용접·접합학회 (NODE11650339, IF: 0.62)"
548,2023,기계공학,463488109,Young-Hyun Kim,1,0.004941,"대한용접·접합학회 (NODE11650339, IF: 0.62)"
549,2023,기계공학,616563199,Jin-Seok Woo,1,0.004941,"대한용접·접합학회 (NODE11650339, IF: 0.62)"
550,2023,기계공학,348244819,Sun-Pil Kim,1,0.004941,"대한용접·접합학회 (NODE11650339, IF: 0.62)"
551,2023,기계공학,192059225,강성욱,1,0.004941,"대한용접·접합학회 (NODE11650339, IF: 0.62)"
552,2023,기계공학,5124771,최용락,1,0.004941,"한국비파괴검사학회 (NODE11509929, IF: 0.41)"
553,2023,기계공학,964980419,김창희,1,0.004941,"한국비파괴검사학회 (NODE11509929, IF: 0.41)"
554,2023,기계공학,732637789,윤병현,1,0.004941,"대한용접·접합학회 (NODE11443204, IF: 0.62)"
555,2023,기계공학,373357575,추동균,1,0.004941,"대한용접·접합학회 (NODE11443204, IF: 0.62)"
556,2023,기계공학,180561692,Johannes Gaigl,1,0.004941,"대한용접·접합학회 (NODE11556668, IF: 0.62)"
557,2023,기계공학,147302371,Joon-Yeol Lee,1,0.004941,"한국마린엔지니어링학회 (NODE11651720, IF: 0.23)"
558,2023,기계공학,152941721,Yeonwon Kim,1,0.004941,"한국마린엔지니어링학회 (NODE11651720, IF: 0.23)"
559,2023,기계공학,900352626,이진천,13,0.0,"대한설비공학회 (NODE11523155, IF: 0.26)
대한설비공학회 (NODE11493349, IF: 0.26)
대한설비공학회 (NODE11469824, IF: 0.26)
대한설비공학회 (NODE11563031, IF: 0.26)
대한설비공학회 (NODE11214082, IF: 0.26)
대한설비공학회 (NODE11438218, IF: 0.26)
대한설비공학회 (NODE11227119, IF: 0.26)
대한설비공학회 (NODE11409417, IF: 0.26)
대한설비공학회 (NODE11633152, IF: 0.26)
대한설비공학회 (NODE11633160, IF: 0.26)
대한설비공학회 (NODE11194887, IF: 0.26)
대한설비공학회 (NODE11396071, IF: 0.26)
대한설비공학회 (NODE11569212, IF: 0.26)"
560,2023,기계공학,1947301,김의종,13,0.0,"대한설비공학회 (NODE11523156, IF: 0.26)
대한설비공학회 (NODE11563032, IF: 0.26)
대한설비공학회 (NODE11469825, IF: 0.26)
대한설비공학회 (NODE11493350, IF: 0.26)
대한설비공학회 (NODE11214083, IF: 0.26)
대한설비공학회 (NODE11527075, IF: 0.26)
대한설비공학회 (NODE11438219, IF: 0.26)
대한설비공학회 (NODE11227120, IF: 0.26)
대한설비공학회 (NODE11409418, IF: 0.26)
대한설비공학회 (NODE11633161, IF: 0.26)
대한설비공학회 (NODE11194888, IF: 0.26)
대한설비공학회 (NODE11396072, IF: 0.26)
대한설비공학회 (NODE11569213, IF: 0.26)"
561,2023,기계공학,658133080,조홍현,13,0.0,"대한설비공학회 (NODE11523156, IF: 0.26)
대한설비공학회 (NODE11563032, IF: 0.26)
대한설비공학회 (NODE11419329, IF: 0.26)
대한설비공학회 (NODE11469825, IF: 0.26)
대한설비공학회 (NODE11493350, IF: 0.26)
대한설비공학회 (NODE11214083, IF: 0.26)
대한설비공학회 (NODE11438219, IF: 0.26)
대한설비공학회 (NODE11227120, IF: 0.26)
대한설비공학회 (NODE11409418, IF: 0.26)
대한설비공학회 (NODE11633161, IF: 0.26)
대한설비공학회 (NODE11194888, IF: 0.26)
대한설비공학회 (NODE11396072, IF: 0.26)
대한설비공학회 (NODE11569213, IF: 0.26)"
562,2023,기계공학,234520995,조진균,13,0.0,"대한설비공학회 (NODE11616308, IF: 0.26)
대한설비공학회 (NODE11523153, IF: 0.26)
대한설비공학회 (NODE11419328, IF: 0.26)
대한설비공학회 (NODE11419329, IF: 0.26)
대한설비공학회 (NODE11527074, IF: 0.26)
대한설비공학회 (NODE11438215, IF: 0.26)
대한설비공학회 (NODE11227113, IF: 0.26)
대한설비공학회 (NODE11227117, IF: 0.26)
대한설비공학회 (NODE11633152, IF: 0.26)
대한설비공학회 (NODE11633153, IF: 0.26)
대한설비공학회 (NODE11633157, IF: 0.26)
대한설비공학회 (NODE11506973, IF: 0.26)
대한설비공학회 (NODE11404367, IF: 0.26)"
563,2023,기계공학,518232572,박만재,12,0.0,"대한기계학회 (NODE11407204, IF: 0.36)
대한기계학회 (NODE11437977, IF: 0.36)
대한기계학회 (NODE11514412, IF: 0.36)
대한기계학회 (NODE11187240, IF: 0.36)
대한기계학회 (NODE11220804, IF: 0.36)
대한기계학회 (NODE11624842, IF: 0.36)
대한기계학회 (NODE11342472, IF: 0.36)
대한기계학회 (NODE11485724, IF: 0.36)
대한기계학회 (NODE11203186, IF: 0.36)
대한기계학회 (NODE11568911, IF: 0.36)
대한기계학회 (NODE11534780, IF: 0.36)
대한기계학회 (NODE11445171, IF: 0.36)"
564,2023,기계공학,635264580,신현배,12,0.0,"대한기계학회 (NODE11407208, IF: 0.36)
대한기계학회 (NODE11437982, IF: 0.36)
대한기계학회 (NODE11514414, IF: 0.36)
대한기계학회 (NODE11187241, IF: 0.36)
대한기계학회 (NODE11220805, IF: 0.36)
대한기계학회 (NODE11624849, IF: 0.36)
대한기계학회 (NODE11342474, IF: 0.36)
대한기계학회 (NODE11203188, IF: 0.36)
대한기계학회 (NODE11568913, IF: 0.36)
대한기계학회 (NODE11534785, IF: 0.36)
대한기계학회 (NODE11445172, IF: 0.36)
대한기계학회 (NODE11485729, IF: 0.36)"
565,2023,기계공학,831261996,이창식,12,0.0,"한국자동차공학회 (NODE11610094, IF: 0.41)
한국자동차공학회 (NODE11189744, IF: 0.41)
한국자동차공학회 (NODE11640899, IF: 0.41)
한국자동차공학회 (NODE11468496, IF: 0.41)
한국자동차공학회 (NODE11221978, IF: 0.41)
한국자동차공학회 (NODE11408274, IF: 0.41)
한국자동차공학회 (NODE11205727, IF: 0.41)
한국자동차공학회 (NODE11511819, IF: 0.41)
한국자동차공학회 (NODE11488739, IF: 0.41)
한국자동차공학회 (NODE11440961, IF: 0.41)
한국자동차공학회 (NODE11560064, IF: 0.41)
한국자동차공학회 (NODE11342601, IF: 0.41)"
566,2023,기계공학,917773667,명노신,11,0.0,"한국전산유체공학회 (NODE11527816, IF: 0.30)
한국전산유체공학회 (NODE11527824, IF: 0.30)
한국전산유체공학회 (NODE11527826, IF: 0.30)
한국전산유체공학회 (NODE11231816, IF: 0.30)
한국전산유체공학회 (NODE11231827, IF: 0.30)
한국항공우주학회 (NODE11419364, IF: 0.40)
항공우주시스템공학회 (NODE11405025, IF: 0.31)
한국전산유체공학회 (NODE11441397, IF: 0.30)
한국전산유체공학회 (NODE11441398, IF: 0.30)
한국항공우주학회 (NODE11444979, IF: 0.40)
한국전산유체공학회 (NODE11651695, IF: 0.30)"
567,2023,기계공학,612604077,이학진,10,0.0,"한국전산유체공학회 (NODE11527816, IF: 0.30)
한국전산유체공학회 (NODE11527824, IF: 0.30)
한국전산유체공학회 (NODE11231827, IF: 0.30)
한국항공우주학회 (NODE11419364, IF: 0.40)
한국소음진동공학회 (NODE11474924, IF: 0.52)
항공우주시스템공학회 (NODE11405025, IF: 0.31)
한국전산유체공학회 (NODE11441397, IF: 0.30)
한국전산유체공학회 (NODE11441398, IF: 0.30)
한국항공우주학회 (NODE11444979, IF: 0.40)
한국전산유체공학회 (NODE11651695, IF: 0.30)"
568,2023,기계공학,166524733,홍원식,10,0.0,"대한용접·접합학회 (NODE11507153, IF: 0.62)
대한용접·접합학회 (NODE11507154, IF: 0.62)
대한용접·접합학회 (NODE11650344, IF: 0.62)
대한용접·접합학회 (NODE11650345, IF: 0.62)
대한용접·접합학회 (NODE11650350, IF: 0.62)
대한용접·접합학회 (NODE11650351, IF: 0.62)
대한용접·접합학회 (NODE11556676, IF: 0.62)
대한용접·접합학회 (NODE11556677, IF: 0.62)
대한용접·접합학회 (NODE11556678, IF: 0.62)
대한용접·접합학회 (NODE11556679, IF: 0.62)"
569,2023,기계공학,776682466,김갑순,9,0.0,"한국기계가공학회 (NODE11411466, IF: 0.31)
한국기계가공학회 (NODE11498296, IF: 0.31)
한국기계가공학회 (NODE11498299, IF: 0.31)
Korean Society for Precision Engineering (NODE11406259, IF: 0.00)
한국기계가공학회 (NODE11516539, IF: 0.31)
Korean Society for Precision Engineering (NODE11508706, IF: 0.00)
한국기계가공학회 (NODE11211682, IF: 0.31)
한국기계가공학회 (NODE11198015, IF: 0.31)
한국기계가공학회 (NODE11198022, IF: 0.31)"
570,2023,기계공학,647329504,허장욱,9,0.0,"한국기계가공학회 (NODE11625319, IF: 0.31)
한국기계가공학회 (NODE11343888, IF: 0.31)
한국기계가공학회 (NODE11498297, IF: 0.31)
대한기계학회 (NODE11513851, IF: 0.36)
한국기계가공학회 (NODE11563263, IF: 0.31)
한국기계가공학회 (NODE11516545, IF: 0.31)
한국기계가공학회 (NODE11568869, IF: 0.31)
한국기계가공학회 (NODE11198029, IF: 0.31)
한국기계가공학회 (NODE11427995, IF: 0.31)"
571,2023,기계공학,835109489,박용갑,9,0.0,"대한기계학회 (NODE11562910, IF: 0.36)
대한기계학회 (NODE11186450, IF: 0.36)
대한기계학회 (NODE11186450, IF: 0.36)
대한기계학회 (NODE11186451, IF: 0.36)
대한기계학회 (NODE11510432, IF: 0.36)
대한기계학회 (NODE11342447, IF: 0.36)
대한기계학회 (NODE11342497, IF: 0.36)
대한기계학회 (NODE11342498, IF: 0.36)
대한기계학회 (NODE11342500, IF: 0.36)"
572,2023,기계공학,766472777,김정진,8,0.0,"대한기계학회 (NODE11407197, IF: 0.36)
Korean Society for Precision Engineering (NODE11558340, IF: 0.00)
대한기계학회 (NODE11514404, IF: 0.36)
대한기계학회 (NODE11187227, IF: 0.36)
대한기계학회 (NODE11220795, IF: 0.36)
한국기계가공학회 (NODE11221726, IF: 0.31)
대한기계학회 (NODE11568903, IF: 0.36)
대한기계학회 (NODE11445162, IF: 0.36)"
573,2023,기계공학,620076774,박현범,8,0.0,"항공우주시스템공학회 (NODE11515979, IF: 0.31)
항공우주시스템공학회 (NODE11658999, IF: 0.31)
항공우주시스템공학회 (NODE11659006, IF: 0.31)
항공우주시스템공학회 (NODE11659009, IF: 0.31)
항공우주시스템공학회 (NODE11561745, IF: 0.31)
항공우주시스템공학회 (NODE11448313, IF: 0.31)
항공우주시스템공학회 (NODE11448315, IF: 0.31)
항공우주시스템공학회 (NODE11663339, IF: 0.31)"
574,2023,기계공학,626035695,구상,8,0.0,"한국자동차공학회 (NODE11531082, IF: 0.41)
한국자동차공학회 (NODE11557903, IF: 0.41)
한국자동차공학회 (NODE11202290, IF: 0.41)
한국자동차공학회 (NODE11422690, IF: 0.41)
한국자동차공학회 (NODE11184218, IF: 0.41)
한국자동차공학회 (NODE11531078, IF: 0.41)
한국자동차공학회 (NODE11422694, IF: 0.41)
한국자동차공학회 (NODE11404315, IF: 0.41)"
575,2023,기계공학,850720132,박재상,7,0.0,"항공우주시스템공학회 (NODE11515981, IF: 0.31)
항공우주시스템공학회 (NODE11515981, IF: 0.31)
한국항공우주학회 (NODE11231947, IF: 0.40)
한국항공우주학회 (NODE11403924, IF: 0.40)
한국소음진동공학회 (NODE11498201, IF: 0.52)
한국항공우주학회 (NODE11188266, IF: 0.40)
항공우주시스템공학회 (NODE11405027, IF: 0.31)"
576,2023,기계공학,309813828,김태용,7,0.0,"한국자동차공학회 (NODE11610095, IF: 0.41)
한국자동차공학회 (NODE11640900, IF: 0.41)
한국자동차공학회 (NODE11511820, IF: 0.41)
한국자동차공학회 (NODE11511820, IF: 0.41)
한국자동차공학회 (NODE11488740, IF: 0.41)
한국자동차공학회 (NODE11221981, IF: 0.41)
한국자동차공학회 (NODE11560065, IF: 0.41)"
577,2023,기계공학,442952685,류성기,7,0.0,"한국기계가공학회 (NODE11411468, IF: 0.31)
한국기계가공학회 (NODE11463896, IF: 0.31)
한국기계가공학회 (NODE11498298, IF: 0.31)
한국기계가공학회 (NODE11498303, IF: 0.31)
Korean Society for Precision Engineering (NODE11219127, IF: 0.00)
한국기계가공학회 (NODE11198025, IF: 0.31)
한국기계가공학회 (NODE11198026, IF: 0.31)"
578,2023,기계공학,319693835,조형희,7,0.0,"대한기계학회 (NODE11342470, IF: 0.36)
대한기계학회 (NODE11405393, IF: 0.36)
대한기계학회 (NODE11405393, IF: 0.36)
한국항공우주학회 (NODE11419363, IF: 0.40)
대한기계학회 (NODE11220793, IF: 0.36)
대한기계학회 (NODE11342463, IF: 0.36)
대한기계학회 (NODE11342450, IF: 0.36)"
579,2023,기계공학,189612949,김용주,7,0.0,"대한기계학회 (NODE11562915, IF: 0.36)
유공압건설기계학회 (NODE11421314, IF: 2.21)
유공압건설기계학회 (NODE11421319, IF: 2.21)
유공압건설기계학회 (NODE11509596, IF: 2.21)
유공압건설기계학회 (NODE11509598, IF: 2.21)
유공압건설기계학회 (NODE11615521, IF: 2.21)
유공압건설기계학회 (NODE11615524, IF: 2.21)"
580,2023,기계공학,124722851,하동우,7,0.0,"한국수소및신에너지학회 (NODE11644817, IF: 0.62)
한국수소및신에너지학회 (NODE11508730, IF: 0.62)
한국수소및신에너지학회 (NODE11508731, IF: 0.62)
한국수소및신에너지학회 (NODE11556964, IF: 0.62)
한국수소및신에너지학회 (NODE11556966, IF: 0.62)
한국수소및신에너지학회 (NODE11556968, IF: 0.62)
한국수소및신에너지학회 (NODE11443187, IF: 0.62)"
581,2023,기계공학,424063025,노현우,7,0.0,"한국수소및신에너지학회 (NODE11644817, IF: 0.62)
한국수소및신에너지학회 (NODE11508730, IF: 0.62)
한국수소및신에너지학회 (NODE11508731, IF: 0.62)
한국수소및신에너지학회 (NODE11556964, IF: 0.62)
한국수소및신에너지학회 (NODE11556966, IF: 0.62)
한국수소및신에너지학회 (NODE11556968, IF: 0.62)
한국수소및신에너지학회 (NODE11443187, IF: 0.62)"
582,2023,기계공학,976032692,서영민,7,0.0,"한국수소및신에너지학회 (NODE11644817, IF: 0.62)
한국수소및신에너지학회 (NODE11508730, IF: 0.62)
한국수소및신에너지학회 (NODE11508731, IF: 0.62)
한국수소및신에너지학회 (NODE11556964, IF: 0.62)
한국수소및신에너지학회 (NODE11556966, IF: 0.62)
한국수소및신에너지학회 (NODE11556968, IF: 0.62)
한국수소및신에너지학회 (NODE11443187, IF: 0.62)"
583,2023,기계공학,352463669,구태형,7,0.0,"한국수소및신에너지학회 (NODE11644817, IF: 0.62)
한국수소및신에너지학회 (NODE11508730, IF: 0.62)
한국수소및신에너지학회 (NODE11508731, IF: 0.62)
한국수소및신에너지학회 (NODE11556964, IF: 0.62)
한국수소및신에너지학회 (NODE11556966, IF: 0.62)
한국수소및신에너지학회 (NODE11556968, IF: 0.62)
한국수소및신에너지학회 (NODE11443187, IF: 0.62)"
584,2023,기계공학,468748314,고락길,7,0.0,"한국수소및신에너지학회 (NODE11644817, IF: 0.62)
한국수소및신에너지학회 (NODE11508730, IF: 0.62)
한국수소및신에너지학회 (NODE11508731, IF: 0.62)
한국수소및신에너지학회 (NODE11556964, IF: 0.62)
한국수소및신에너지학회 (NODE11556966, IF: 0.62)
한국수소및신에너지학회 (NODE11556968, IF: 0.62)
한국수소및신에너지학회 (NODE11443187, IF: 0.62)"
585,2023,기계공학,566149370,심도식,6,0.0,"Korean Society for Precision Engineering (NODE11527941, IF: 0.00)
한국기계가공학회 (NODE11498306, IF: 0.31)
Korean Society for Precision Engineering (NODE11420849, IF: 0.00)
한국기계가공학회 (NODE11221715, IF: 0.31)
한국기계가공학회 (NODE11211677, IF: 0.31)
Korean Society for Precision Engineering (NODE11485056, IF: 0.00)"
586,2023,기계공학,885974462,유지이,6,0.0,"대한기계학회 (NODE11437981, IF: 0.36)
대한기계학회 (NODE11624833, IF: 0.36)
대한기계학회 (NODE11485715, IF: 0.36)
대한기계학회 (NODE11203172, IF: 0.36)
대한기계학회 (NODE11568902, IF: 0.36)
대한기계학회 (NODE11342457, IF: 0.36)"
587,2023,기계공학,406510902,안준,6,0.0,"대한설비공학회 (NODE11523154, IF: 0.26)
한국유체기계학회 (NODE11547767, IF: 0.29)
대한설비공학회 (NODE11438216, IF: 0.26)
대한설비공학회 (NODE11227118, IF: 0.26)
대한설비공학회 (NODE11633158, IF: 0.26)
한국유체기계학회 (NODE11287717, IF: 0.29)"
588,2023,기계공학,654365406,서현규,6,0.0,"한국자동차공학회 (NODE11640904, IF: 0.41)
한국수소및신에너지학회 (NODE11556972, IF: 0.62)
한국수소및신에너지학회 (NODE11217295, IF: 0.62)
한국자동차공학회 (NODE11505900, IF: 0.41)
한국에너지기후변화학회 (NODE11442456, IF: 0.28)
한국자동차공학회 (NODE11422695, IF: 0.41)"
589,2023,기계공학,791250261,정재호,6,0.0,"한국유체기계학회 (NODE11547763, IF: 0.29)
한국유체기계학회 (NODE11547772, IF: 0.29)
한국유체기계학회 (NODE11547775, IF: 0.29)
한국유체기계학회 (NODE11214099, IF: 0.29)
한국유체기계학회 (NODE11214100, IF: 0.29)
한국유체기계학회 (NODE11485190, IF: 0.29)"
590,2023,기계공학,381271289,최재승,6,0.0,"대한기계학회 (NODE11437967, IF: 0.36)
대한기계학회 (NODE11342461, IF: 0.36)
대한기계학회 (NODE11624848, IF: 0.36)
대한기계학회 (NODE11485717, IF: 0.36)
대한기계학회 (NODE11203187, IF: 0.36)
대한기계학회 (NODE11534774, IF: 0.36)"
591,2023,기계공학,831727156,박중호,6,0.0,"대한기계학회 (NODE11437968, IF: 0.36)
대한기계학회 (NODE11342460, IF: 0.36)
대한기계학회 (NODE11624847, IF: 0.36)
대한기계학회 (NODE11485716, IF: 0.36)
대한기계학회 (NODE11203173, IF: 0.36)
대한기계학회 (NODE11534772, IF: 0.36)"
592,2023,기계공학,288961418,서민교,6,0.0,"대한기계학회 (NODE11437969, IF: 0.36)
대한기계학회 (NODE11624834, IF: 0.36)
대한기계학회 (NODE11485718, IF: 0.36)
대한기계학회 (NODE11203174, IF: 0.36)
대한기계학회 (NODE11534773, IF: 0.36)
대한기계학회 (NODE11342459, IF: 0.36)"
593,2023,기계공학,935839368,이형진,6,0.0,"한국추진공학회 (NODE11230102, IF: 0.33)
한국추진공학회 (NODE11230104, IF: 0.33)
한국항공우주학회 (NODE11531090, IF: 0.40)
한국항공우주학회 (NODE11531091, IF: 0.40)
한국항공우주학회 (NODE11202597, IF: 0.40)
한국추진공학회 (NODE11651794, IF: 0.33)"
594,2023,기계공학,115772345,장윤혁,6,0.0,"한국기계가공학회 (NODE11411466, IF: 0.31)
한국기계가공학회 (NODE11498295, IF: 0.31)
한국기계가공학회 (NODE11516539, IF: 0.31)
한국기계가공학회 (NODE11211682, IF: 0.31)
한국기계가공학회 (NODE11211686, IF: 0.31)
한국기계가공학회 (NODE11198022, IF: 0.31)"
595,2023,기계공학,633420078,김진오,6,0.0,"한국소음진동공학회 (NODE11435129, IF: 0.52)
한국소음진동공학회 (NODE11435131, IF: 0.52)
한국소음진동공학회 (NODE11214501, IF: 0.52)
한국소음진동공학회 (NODE11214503, IF: 0.52)
대한기계학회 (NODE11202935, IF: 0.36)
대한기계학회 (NODE11426273, IF: 0.36)"
596,2023,기계공학,376408599,김영일,6,0.0,"대한설비공학회 (NODE11444350, IF: 0.26)
대한설비공학회 (NODE11409409, IF: 0.26)
대한설비공학회 (NODE11184296, IF: 0.26)
대한설비공학회 (NODE11202926, IF: 0.26)
대한설비공학회 (NODE11481860, IF: 0.26)
대한설비공학회 (NODE11481861, IF: 0.26)"
597,2023,기계공학,994755719,유승한,6,0.0,"한국자동차공학회 (NODE11531083, IF: 0.41)
한국자동차공학회 (NODE11202288, IF: 0.41)
한국자동차공학회 (NODE11505898, IF: 0.41)
한국자동차공학회 (NODE11620998, IF: 0.41)
한국자동차공학회 (NODE11408278, IF: 0.41)
한국자동차공학회 (NODE11404312, IF: 0.41)"
598,2023,기계공학,470693421,임원식,6,0.0,"한국자동차공학회 (NODE11531084, IF: 0.41)
한국자동차공학회 (NODE11557910, IF: 0.41)
한국자동차공학회 (NODE11202293, IF: 0.41)
한국자동차공학회 (NODE11422699, IF: 0.41)
한국자동차공학회 (NODE11481216, IF: 0.41)
한국자동차공학회 (NODE11481222, IF: 0.41)"
599,2023,기계공학,256510896,김동권,6,0.0,"대한설비공학회 (NODE11493348, IF: 0.26)
대한설비공학회 (NODE11563030, IF: 0.26)
대한설비공학회 (NODE11214081, IF: 0.26)
대한설비공학회 (NODE11438217, IF: 0.26)
대한설비공학회 (NODE11633159, IF: 0.26)
대한설비공학회 (NODE11396070, IF: 0.26)"
600,2023,기계공학,293349950,이동호,6,0.0,"한국유체기계학회 (NODE11620927, IF: 0.29)
대한기계학회 (NODE11342465, IF: 0.36)
한국추진공학회 (NODE11408606, IF: 0.33)
한국유체기계학회 (NODE11485192, IF: 0.29)
한국유체기계학회 (NODE11287713, IF: 0.29)
한국유체기계학회 (NODE11287716, IF: 0.29)"
601,2023,기계공학,327625829,강영석,6,0.0,"한국유체기계학회 (NODE11620927, IF: 0.29)
대한기계학회 (NODE11342465, IF: 0.36)
한국유체기계학회 (NODE11485192, IF: 0.29)
한국유체기계학회 (NODE11287713, IF: 0.29)
한국유체기계학회 (NODE11287716, IF: 0.29)
한국유체기계학회 (NODE11287721, IF: 0.29)"
602,2023,기계공학,639677003,서두현,6,0.0,"한국수소및신에너지학회 (NODE11644829, IF: 0.62)
한국수소및신에너지학회 (NODE11644829, IF: 0.62)
한국수소및신에너지학회 (NODE11644830, IF: 0.62)
한국수소및신에너지학회 (NODE11644830, IF: 0.62)
한국수소및신에너지학회 (NODE11508735, IF: 0.62)
한국수소및신에너지학회 (NODE11508735, IF: 0.62)"
603,2023,기계공학,710476503,김장권,6,0.0,"한국동력기계공학회 (NODE11651434, IF: 0.33)
한국동력기계공학회 (NODE11651435, IF: 0.33)
한국동력기계공학회 (NODE11217271, IF: 0.33)
한국동력기계공학회 (NODE11560214, IF: 0.33)
한국동력기계공학회 (NODE11560216, IF: 0.33)
한국동력기계공학회 (NODE11445842, IF: 0.33)"
604,2023,기계공학,886410220,서정,6,0.0,"대한용접·접합학회 (NODE11650328, IF: 0.62)
대한용접·접합학회 (NODE11650329, IF: 0.62)
대한용접·접합학회 (NODE11650330, IF: 0.62)
대한용접·접합학회 (NODE11650331, IF: 0.62)
대한용접·접합학회 (NODE11650346, IF: 0.62)
대한용접·접합학회 (NODE11650347, IF: 0.62)"
605,2023,기계공학,330231907,김택진,5,0.0,"유공압건설기계학회 (NODE11217583, IF: 2.21)
유공압건설기계학회 (NODE11217585, IF: 2.21)
유공압건설기계학회 (NODE11421314, IF: 2.21)
유공압건설기계학회 (NODE11509596, IF: 2.21)
유공압건설기계학회 (NODE11615524, IF: 2.21)"
606,2023,기계공학,571066588,강민제,5,0.0,"한국전산유체공학회 (NODE11527816, IF: 0.30)
한국전산유체공학회 (NODE11231827, IF: 0.30)
한국항공우주학회 (NODE11419364, IF: 0.40)
항공우주시스템공학회 (NODE11405025, IF: 0.31)
한국항공우주학회 (NODE11444979, IF: 0.40)"
607,2023,기계공학,795295943,장선준,5,0.0,"한국생산제조학회 (NODE11433766, IF: 0.34)
한국생산제조학회 (NODE11433767, IF: 0.34)
한국생산제조학회 (NODE11433768, IF: 0.34)
한국마린엔지니어링학회 (NODE11219009, IF: 0.23)
한국소음진동공학회 (NODE11198427, IF: 0.52)"
608,2023,기계공학,997653628,김수영,5,0.0,"한국생산제조학회 (NODE11433766, IF: 0.34)
한국생산제조학회 (NODE11433767, IF: 0.34)
한국생산제조학회 (NODE11433768, IF: 0.34)
한국생산제조학회 (NODE11547829, IF: 0.34)
한국생산제조학회 (NODE11214539, IF: 0.34)"
609,2023,기계공학,608396794,권용일,5,0.0,"대한설비공학회 (NODE11523150, IF: 0.26)
대한설비공학회 (NODE11616310, IF: 0.26)
대한설비공학회 (NODE11523146, IF: 0.26)
대한설비공학회 (NODE11506971, IF: 0.26)
대한설비공학회 (NODE11523148, IF: 0.26)"
610,2023,기계공학,609453549,김현기,5,0.0,"항공우주시스템공학회 (NODE11515993, IF: 0.31)
한국소음진동공학회 (NODE11435128, IF: 0.52)
대한기계학회 (NODE11532560, IF: 0.36)
항공우주시스템공학회 (NODE11448307, IF: 0.31)
항공우주시스템공학회 (NODE11448316, IF: 0.31)"
611,2023,기계공학,367980475,Mi-Song Kim,5,0.0,"대한용접·접합학회 (NODE11507153, IF: 0.62)
대한용접·접합학회 (NODE11650344, IF: 0.62)
대한용접·접합학회 (NODE11650350, IF: 0.62)
대한용접·접합학회 (NODE11556676, IF: 0.62)
대한용접·접합학회 (NODE11556678, IF: 0.62)"
612,2023,기계공학,295388829,김미송,5,0.0,"대한용접·접합학회 (NODE11507154, IF: 0.62)
대한용접·접합학회 (NODE11650345, IF: 0.62)
대한용접·접합학회 (NODE11650351, IF: 0.62)
대한용접·접합학회 (NODE11556677, IF: 0.62)
대한용접·접합학회 (NODE11556679, IF: 0.62)"
613,2023,기계공학,524594494,강민정,5,0.0,"대한용접·접합학회 (NODE11507156, IF: 0.62)
대한용접·접합학회 (NODE11404881, IF: 0.62)
대한용접·접합학회 (NODE11443208, IF: 0.62)
대한용접·접합학회 (NODE11556670, IF: 0.62)
대한용접·접합학회 (NODE11556671, IF: 0.62)"
614,2023,기계공학,533279945,김만영,5,0.0,"한국자동차공학회 (NODE11610098, IF: 0.41)
한국항공우주학회 (NODE11217940, IF: 0.40)
대한기계학회 (NODE11202916, IF: 0.36)
한국자동차공학회 (NODE11422693, IF: 0.41)
한국자동차공학회 (NODE11404319, IF: 0.41)"
615,2023,기계공학,855102758,김정수,5,0.0,"한국추진공학회 (NODE11230100, IF: 0.33)
한국추진공학회 (NODE11230103, IF: 0.33)
한국추진공학회 (NODE11704304, IF: 0.33)
한국추진공학회 (NODE11704313, IF: 0.33)
한국추진공학회 (NODE11442383, IF: 0.33)"
616,2023,기계공학,526279950,서정세,5,0.0,"한국기계가공학회 (NODE11411474, IF: 0.31)
대한기계학회 (NODE11532554, IF: 0.36)
한국기계가공학회 (NODE11463896, IF: 0.31)
한국기계가공학회 (NODE11211678, IF: 0.31)
한국기계가공학회 (NODE11568864, IF: 0.31)"
617,2023,기계공학,115072,이민우,5,0.0,"한국항공우주학회 (NODE11231951, IF: 0.40)
한국추진공학회 (NODE11533592, IF: 0.33)
한국연소학회 (NODE11448132, IF: 1.09)
대한설비공학회 (NODE11633152, IF: 0.26)
한국연소학회 (NODE11549775, IF: 1.09)"
618,2023,기계공학,912353773,송철기,5,0.0,"대한기계학회 (NODE11532552, IF: 0.36)
대한기계학회 (NODE11405401, IF: 0.36)
한국기계가공학회 (NODE11498302, IF: 0.31)
한국기계가공학회 (NODE11343892, IF: 0.31)
한국기계가공학회 (NODE11198014, IF: 0.31)"
619,2023,기계공학,832554658,임종연,5,0.0,"대한설비공학회 (NODE11469823, IF: 0.26)
대한설비공학회 (NODE11563029, IF: 0.26)
대한설비공학회 (NODE11194886, IF: 0.26)
대한설비공학회 (NODE11506974, IF: 0.26)
대한설비공학회 (NODE11396069, IF: 0.26)"
620,2023,기계공학,659082043,박창용,5,0.0,"대한설비공학회 (NODE11419325, IF: 0.26)
대한설비공학회 (NODE11563028, IF: 0.26)
대한설비공학회 (NODE11194885, IF: 0.26)
대한설비공학회 (NODE11396068, IF: 0.26)
대한설비공학회 (NODE11469822, IF: 0.26)"
621,2023,기계공학,869227580,이경수,5,0.0,"한국자동차안전학회 (NODE11553649, IF: 0.34)
한국자동차안전학회 (NODE11553662, IF: 0.34)
한국자동차안전학회 (NODE11553664, IF: 0.34)
한국자동차안전학회 (NODE11716839, IF: 0.34)
한국자동차안전학회 (NODE11716840, IF: 0.34)"
622,2023,기계공학,281722044,유진우,5,0.0,"한국자동차공학회 (NODE11620990, IF: 0.41)
한국자동차공학회 (NODE11217291, IF: 0.41)
한국자동차공학회 (NODE11505902, IF: 0.41)
한국자동차공학회 (NODE11505903, IF: 0.41)
한국자동차공학회 (NODE11481217, IF: 0.41)"
623,2023,기계공학,883764743,이기만,5,0.0,"한국수소및신에너지학회 (NODE11644833, IF: 0.62)
한국연소학회 (NODE11707765, IF: 1.09)
한국수소및신에너지학회 (NODE11217300, IF: 0.62)
한국유체기계학회 (NODE11287715, IF: 0.29)
대한기계학회 (NODE11446796, IF: 0.36)"
624,2023,기계공학,244132323,강상욱,5,0.0,"한국소음진동공학회 (NODE11214496, IF: 0.52)
한국소음진동공학회 (NODE11214504, IF: 0.52)
한국소음진동공학회 (NODE11498210, IF: 0.52)
한국소음진동공학회 (NODE11634773, IF: 0.52)
한국소음진동공학회 (NODE11634784, IF: 0.52)"
625,2023,기계공학,598595583,곽문규,5,0.0,"한국소음진동공학회 (NODE11214497, IF: 0.52)
한국소음진동공학회 (NODE11214502, IF: 0.52)
한국소음진동공학회 (NODE11398222, IF: 0.52)
한국소음진동공학회 (NODE11398224, IF: 0.52)
대한기계학회 (NODE11342482, IF: 0.36)"
626,2023,기계공학,487926724,곽이구,5,0.0,"한국기계가공학회 (NODE11463891, IF: 0.31)
한국기계가공학회 (NODE11343897, IF: 0.31)
한국기계가공학회 (NODE11211680, IF: 0.31)
한국기계가공학회 (NODE11198017, IF: 0.31)
한국기계가공학회 (NODE11427998, IF: 0.31)"
627,2023,기계공학,325746674,홍형길,5,0.0,"한국기계가공학회 (NODE11463902, IF: 0.31)
한국기계가공학회 (NODE11498294, IF: 0.31)
한국기계가공학회 (NODE11498305, IF: 0.31)
한국기계가공학회 (NODE11563267, IF: 0.31)
한국기계가공학회 (NODE11563268, IF: 0.31)"
628,2023,기계공학,5082975,장선호,5,0.0,"한국기계가공학회 (NODE11463902, IF: 0.31)
한국기계가공학회 (NODE11498294, IF: 0.31)
한국기계가공학회 (NODE11498305, IF: 0.31)
한국기계가공학회 (NODE11563267, IF: 0.31)
한국기계가공학회 (NODE11563268, IF: 0.31)"
629,2023,기계공학,955503921,조용준,5,0.0,"한국기계가공학회 (NODE11463902, IF: 0.31)
한국기계가공학회 (NODE11498294, IF: 0.31)
한국기계가공학회 (NODE11498305, IF: 0.31)
한국기계가공학회 (NODE11563267, IF: 0.31)
한국기계가공학회 (NODE11563268, IF: 0.31)"
630,2023,기계공학,132128524,윤해룡,5,0.0,"한국기계가공학회 (NODE11463902, IF: 0.31)
한국기계가공학회 (NODE11498294, IF: 0.31)
한국기계가공학회 (NODE11498305, IF: 0.31)
한국기계가공학회 (NODE11563267, IF: 0.31)
한국기계가공학회 (NODE11563268, IF: 0.31)"
631,2023,기계공학,379347240,김해지,5,0.0,"한국기계가공학회 (NODE11498295, IF: 0.31)
한국기계가공학회 (NODE11221714, IF: 0.31)
한국기계가공학회 (NODE11221717, IF: 0.31)
한국기계가공학회 (NODE11427991, IF: 0.31)
한국기계가공학회 (NODE11427992, IF: 0.31)"
632,2023,기계공학,849203926,최중식,5,0.0,"(사)한국CDE학회 (NODE11513746, IF: 1.01)
(사)한국CDE학회 (NODE11616093, IF: 1.01)
(사)한국CDE학회 (NODE11616099, IF: 1.01)
(사)한국CDE학회 (NODE11616103, IF: 1.01)
(사)한국CDE학회 (NODE11616106, IF: 1.01)"
633,2023,기계공학,889114713,박종규,5,0.0,"한국기계가공학회 (NODE11563271, IF: 0.31)
한국기계가공학회 (NODE11198019, IF: 0.31)
한국기계가공학회 (NODE11198019, IF: 0.31)
한국기계가공학회 (NODE11427990, IF: 0.31)
한국기계가공학회 (NODE11427990, IF: 0.31)"
634,2023,기계공학,564534885,박수형,5,0.0,"한국항공우주학회 (NODE11188259, IF: 0.40)
한국항공우주학회 (NODE11202594, IF: 0.40)
한국항공우주학회 (NODE11202595, IF: 0.40)
한국전산유체공학회 (NODE11651683, IF: 0.30)
한국항공우주학회 (NODE11509945, IF: 0.40)"
635,2023,기계공학,108848048,오석형,5,0.0,"한국동력기계공학회 (NODE11651435, IF: 0.33)
한국동력기계공학회 (NODE11217271, IF: 0.33)
한국동력기계공학회 (NODE11560214, IF: 0.33)
한국동력기계공학회 (NODE11560216, IF: 0.33)
한국동력기계공학회 (NODE11445842, IF: 0.33)"
636,2023,기계공학,252986789,유영준,4,0.0,"유공압건설기계학회 (NODE11217586, IF: 2.21)
유공압건설기계학회 (NODE11421313, IF: 2.21)
유공압건설기계학회 (NODE11509595, IF: 2.21)
유공압건설기계학회 (NODE11615513, IF: 2.21)"
637,2023,기계공학,5126797,장대익,4,0.0,"한국전산유체공학회 (NODE11527816, IF: 0.30)
한국전산유체공학회 (NODE11527824, IF: 0.30)
한국전산유체공학회 (NODE11441397, IF: 0.30)
한국전산유체공학회 (NODE11441398, IF: 0.30)"
638,2023,기계공학,915124454,손기헌,4,0.0,"한국전산유체공학회 (NODE11527822, IF: 0.30)
한국전산유체공학회 (NODE11441392, IF: 0.30)
한국전산유체공학회 (NODE11441399, IF: 0.30)
한국전산유체공학회 (NODE11651693, IF: 0.30)"
639,2023,기계공학,624122,김동현,4,0.0,"한국전산유체공학회 (NODE11527824, IF: 0.30)
항공우주시스템공학회 (NODE11658998, IF: 0.31)
한국항공우주연구원 (NODE11613103, IF: 0.00)
한국추진공학회 (NODE11651796, IF: 0.33)"
640,2023,기계공학,198748354,박상후,4,0.0,"Korean Society for Precision Engineering (NODE11527939, IF: 0.00)
한국기계가공학회 (NODE11498306, IF: 0.31)
한국기계가공학회 (NODE11563262, IF: 0.31)
한국기계가공학회 (NODE11516546, IF: 0.31)"
641,2023,기계공학,560912116,박희성,4,0.0,"Korean Society for Precision Engineering (NODE11527948, IF: 0.00)
한국전산유체공학회 (NODE11231824, IF: 0.30)
한국전산유체공학회 (NODE11231825, IF: 0.30)
한국전산유체공학회 (NODE11651690, IF: 0.30)"
642,2023,기계공학,625813,김성찬,4,0.0,"대한기계학회 (NODE11407201, IF: 0.36)
한국소음진동공학회 (NODE11435128, IF: 0.52)
항공우주시스템공학회 (NODE11448307, IF: 0.31)
항공우주시스템공학회 (NODE11448316, IF: 0.31)"
643,2023,기계공학,942300296,장웅기,4,0.0,"Korean Society for Precision Engineering (NODE11443787, IF: 0.00)
Korean Society for Precision Engineering (NODE11443788, IF: 0.00)
Korean Society for Precision Engineering (NODE11443790, IF: 0.00)
Korean Society for Precision Engineering (NODE11420848, IF: 0.00)"
644,2023,기계공학,5475884,이광규,4,0.0,"Korean Society for Precision Engineering (NODE11443799, IF: 0.00)
한국기계가공학회 (NODE11411477, IF: 0.31)
한국기계가공학회 (NODE11563273, IF: 0.31)
한국기계가공학회 (NODE11516553, IF: 0.31)"
645,2023,기계공학,530744514,안동규,4,0.0,"Korean Society for Precision Engineering (NODE11443799, IF: 0.00)
한국기계가공학회 (NODE11411477, IF: 0.31)
한국기계가공학회 (NODE11563273, IF: 0.31)
한국기계가공학회 (NODE11516553, IF: 0.31)"
646,2023,기계공학,724548657,김종춘,4,0.0,"한국자동차공학회 (NODE11189752, IF: 0.41)
한국자동차공학회 (NODE11468508, IF: 0.41)
한국자동차공학회 (NODE11560075, IF: 0.41)
한국자동차공학회 (NODE11342610, IF: 0.41)"
647,2023,기계공학,528612742,박병용,4,0.0,"대한설비공학회 (NODE11616308, IF: 0.26)
대한설비공학회 (NODE11419328, IF: 0.26)
대한설비공학회 (NODE11506974, IF: 0.26)
대한설비공학회 (NODE11481859, IF: 0.26)"
648,2023,기계공학,562690678,고영성,4,0.0,"한국항공우주학회 (NODE11217942, IF: 0.40)
한국항공우주학회 (NODE11403920, IF: 0.40)
항공우주시스템공학회 (NODE11221249, IF: 0.31)
한국항공우주학회 (NODE11202598, IF: 0.40)"
649,2023,기계공학,525450078,최해운,4,0.0,"한국기계가공학회 (NODE11411464, IF: 0.31)
대한용접·접합학회 (NODE11650349, IF: 0.62)
한국기계가공학회 (NODE11198018, IF: 0.31)
한국기계가공학회 (NODE11427994, IF: 0.31)"
650,2023,기계공학,247337001,전차수,4,0.0,"한국기계가공학회 (NODE11625309, IF: 0.31)
한국기계가공학회 (NODE11516542, IF: 0.31)
한국기계가공학회 (NODE11211686, IF: 0.31)
한국기계가공학회 (NODE11568865, IF: 0.31)"
651,2023,기계공학,708559321,김석,4,0.0,"한국기계가공학회 (NODE11625320, IF: 0.31)
한국기계가공학회 (NODE11563265, IF: 0.31)
한국기계가공학회 (NODE11221719, IF: 0.31)
Korean Society for Precision Engineering (NODE11485057, IF: 0.00)"
652,2023,기계공학,386875817,김명준,4,0.0,"한국소음진동공학회 (NODE11435133, IF: 0.52)
한국소음진동공학회 (NODE11498206, IF: 0.52)
한국소음진동공학회 (NODE11398227, IF: 0.52)
한국소음진동공학회 (NODE11550594, IF: 0.52)"
653,2023,기계공학,707941304,정인수,4,0.0,"한국소음진동공학회 (NODE11435136, IF: 0.52)
한국자동차공학회 (NODE11408277, IF: 0.41)
한국자동차공학회 (NODE11440970, IF: 0.41)
한국자동차공학회 (NODE11481219, IF: 0.41)"
654,2023,기계공학,316091,송두삼,4,0.0,"대한설비공학회 (NODE11231851, IF: 0.26)
대한설비공학회 (NODE11419329, IF: 0.26)
대한설비공학회 (NODE11227115, IF: 0.26)
대한설비공학회 (NODE11217279, IF: 0.26)"
655,2023,기계공학,549339015,조완기,4,0.0,"한국자동차공학회 (NODE11531083, IF: 0.41)
한국자동차공학회 (NODE11202288, IF: 0.41)
한국자동차공학회 (NODE11620998, IF: 0.41)
한국자동차공학회 (NODE11404312, IF: 0.41)"
656,2023,기계공학,405916268,김동규,4,0.0,"대한설비공학회 (NODE11493346, IF: 0.26)
대한설비공학회 (NODE11214079, IF: 0.26)
대한설비공학회 (NODE11409415, IF: 0.26)
대한설비공학회 (NODE11569210, IF: 0.26)"
657,2023,기계공학,331994,김종훈,4,0.0,"대한설비공학회 (NODE11493347, IF: 0.26)
대한설비공학회 (NODE11214080, IF: 0.26)
대한설비공학회 (NODE11409416, IF: 0.26)
대한설비공학회 (NODE11569211, IF: 0.26)"
658,2023,기계공학,420611166,이왕상,4,0.0,"항공우주시스템공학회 (NODE11658993, IF: 0.31)
항공우주시스템공학회 (NODE11221251, IF: 0.31)
항공우주시스템공학회 (NODE11561740, IF: 0.31)
항공우주시스템공학회 (NODE11448306, IF: 0.31)"
659,2023,기계공학,146876807,백재민,4,0.0,"대한기계학회 (NODE11405403, IF: 0.36)
한국연소학회 (NODE11549774, IF: 1.09)
대한기계학회 (NODE11622484, IF: 0.36)
대한기계학회 (NODE11186479, IF: 0.36)"
660,2023,기계공학,171654941,윤린,4,0.0,"대한설비공학회 (NODE11419325, IF: 0.26)
대한설비공학회 (NODE11633152, IF: 0.26)
대한설비공학회 (NODE11633155, IF: 0.26)
대한설비공학회 (NODE11556742, IF: 0.26)"
661,2023,기계공학,295188201,채영석,4,0.0,"한국자동차공학회 (NODE11610103, IF: 0.41)
한국자동차공학회 (NODE11205733, IF: 0.41)
한국자동차공학회 (NODE11408287, IF: 0.41)
한국자동차공학회 (NODE11488745, IF: 0.41)"
662,2023,기계공학,932578897,방효충,4,0.0,"한국항공우주학회 (NODE11419366, IF: 0.40)
한국항공우주학회 (NODE11419367, IF: 0.40)
한국항공우주학회 (NODE11509948, IF: 0.40)
한국항공우주학회 (NODE11560091, IF: 0.40)"
663,2023,기계공학,5487153,정희윤,4,0.0,"한국유체기계학회 (NODE11620927, IF: 0.29)
한국유체기계학회 (NODE11485192, IF: 0.29)
한국유체기계학회 (NODE11287713, IF: 0.29)
한국유체기계학회 (NODE11287716, IF: 0.29)"
664,2023,기계공학,177702965,신동준,4,0.0,"대한기계학회 (NODE11622479, IF: 0.36)
한국소음진동공학회 (NODE11498208, IF: 0.52)
한국소음진동공학회 (NODE11634774, IF: 0.52)
한국소음진동공학회 (NODE11634775, IF: 0.52)"
665,2023,기계공학,5131356,황성호,4,0.0,"한국트라이볼로지학회 (NODE11589070, IF: 0.46)
한국트라이볼로지학회 (NODE11412966, IF: 0.46)
한국트라이볼로지학회 (NODE11412967, IF: 0.46)
한국유체기계학회 (NODE11485193, IF: 0.29)"
666,2023,기계공학,276203291,김태호,4,0.0,"한국트라이볼로지학회 (NODE11589070, IF: 0.46)
한국트라이볼로지학회 (NODE11412966, IF: 0.46)
한국트라이볼로지학회 (NODE11412967, IF: 0.46)
한국유체기계학회 (NODE11485193, IF: 0.29)"
667,2023,기계공학,100816541,김병옥,4,0.0,"한국유체기계학회 (NODE11214098, IF: 0.29)
한국소음진동공학회 (NODE11398228, IF: 0.52)
한국트라이볼로지학회 (NODE11691846, IF: 0.46)
한국트라이볼로지학회 (NODE11228652, IF: 0.46)"
668,2023,기계공학,629384819,김홍건,4,0.0,"한국기계가공학회 (NODE11463891, IF: 0.31)
한국기계가공학회 (NODE11343897, IF: 0.31)
한국기계가공학회 (NODE11211680, IF: 0.31)
한국기계가공학회 (NODE11427998, IF: 0.31)"
669,2023,기계공학,767894090,이종학,4,0.0,"한국소음진동공학회 (NODE11498208, IF: 0.52)
한국소음진동공학회 (NODE11498209, IF: 0.52)
한국소음진동공학회 (NODE11634774, IF: 0.52)
한국소음진동공학회 (NODE11634775, IF: 0.52)"
670,2023,기계공학,920600462,권태희,4,0.0,"한국기계가공학회 (NODE11498294, IF: 0.31)
한국기계가공학회 (NODE11498305, IF: 0.31)
한국기계가공학회 (NODE11563267, IF: 0.31)
한국기계가공학회 (NODE11563268, IF: 0.31)"
671,2023,기계공학,763217004,김종도,4,0.0,"대한기계학회 (NODE11622485, IF: 0.36)
대한기계학회 (NODE11622487, IF: 0.36)
대한용접·접합학회 (NODE11650331, IF: 0.62)
대한용접·접합학회 (NODE11650348, IF: 0.62)"
672,2023,기계공학,880533586,천현필,4,0.0,"대한용접·접합학회 (NODE11404877, IF: 0.62)
대한용접·접합학회 (NODE11404879, IF: 0.62)
대한용접·접합학회 (NODE11443208, IF: 0.62)
대한용접·접합학회 (NODE11556672, IF: 0.62)"
673,2023,기계공학,714454716,현대일,4,0.0,"한국수소및신에너지학회 (NODE11556968, IF: 0.62)
한국수소및신에너지학회 (NODE11556969, IF: 0.62)
한국수소및신에너지학회 (NODE11556969, IF: 0.62)
대한기계학회 (NODE11446794, IF: 0.36)"
674,2023,기계공학,921015321,임종민,4,0.0,"한국소음진동공학회 (NODE11550597, IF: 0.52)
한국소음진동공학회 (NODE11550597, IF: 0.52)
한국항공우주학회 (NODE11560094, IF: 0.40)
한국항공우주학회 (NODE11560094, IF: 0.40)"
675,2023,기계공학,676534763,정인철,4,0.0,"대한용접·접합학회 (NODE11650328, IF: 0.62)
대한용접·접합학회 (NODE11650329, IF: 0.62)
대한용접·접합학회 (NODE11650330, IF: 0.62)
대한용접·접합학회 (NODE11650347, IF: 0.62)"
676,2023,기계공학,487202728,백승민,3,0.0,"유공압건설기계학회 (NODE11217583, IF: 2.21)
대한기계학회 (NODE11562915, IF: 0.36)
유공압건설기계학회 (NODE11509596, IF: 2.21)"
677,2023,기계공학,684501427,백승윤,3,0.0,"유공압건설기계학회 (NODE11217583, IF: 2.21)
대한기계학회 (NODE11562915, IF: 0.36)
유공압건설기계학회 (NODE11509596, IF: 2.21)"
678,2023,기계공학,459967879,김영근,3,0.0,"유공압건설기계학회 (NODE11217583, IF: 2.21)
유공압건설기계학회 (NODE11421315, IF: 2.21)
유공압건설기계학회 (NODE11615520, IF: 2.21)"
679,2023,기계공학,1423420,노대경,3,0.0,"유공압건설기계학회 (NODE11217584, IF: 2.21)
유공압건설기계학회 (NODE11421310, IF: 2.21)
유공압건설기계학회 (NODE11615517, IF: 2.21)"
680,2023,기계공학,496247667,이동원,3,0.0,"유공압건설기계학회 (NODE11217584, IF: 2.21)
유공압건설기계학회 (NODE11421310, IF: 2.21)
유공압건설기계학회 (NODE11615517, IF: 2.21)"
681,2023,기계공학,669482009,장주섭,3,0.0,"유공압건설기계학회 (NODE11217584, IF: 2.21)
유공압건설기계학회 (NODE11421310, IF: 2.21)
유공압건설기계학회 (NODE11615517, IF: 2.21)"
682,2023,기계공학,102700871,임류갑,3,0.0,"유공압건설기계학회 (NODE11217585, IF: 2.21)
유공압건설기계학회 (NODE11421314, IF: 2.21)
유공압건설기계학회 (NODE11509596, IF: 2.21)"
683,2023,기계공학,493163243,천은준,3,0.0,"대한용접·접합학회 (NODE11217626, IF: 0.62)
대한용접·접합학회 (NODE11507152, IF: 0.62)
대한용접·접합학회 (NODE11556675, IF: 0.62)"
684,2023,기계공학,885929713,황호진,3,0.0,"(사)한국CDE학회 (NODE11217648, IF: 1.01)
(사)한국CDE학회 (NODE11513750, IF: 1.01)
(사)한국CDE학회 (NODE11513752, IF: 1.01)"
685,2023,기계공학,865319806,이원태,3,0.0,"한국전산유체공학회 (NODE11527816, IF: 0.30)
한국전산유체공학회 (NODE11441397, IF: 0.30)
한국전산유체공학회 (NODE11441398, IF: 0.30)"
686,2023,기계공학,579542085,배경훈,3,0.0,"한국전산유체공학회 (NODE11527816, IF: 0.30)
한국전산유체공학회 (NODE11441397, IF: 0.30)
한국전산유체공학회 (NODE11441398, IF: 0.30)"
687,2023,기계공학,495065636,오승욱,3,0.0,"한국전산유체공학회 (NODE11527816, IF: 0.30)
한국전산유체공학회 (NODE11441397, IF: 0.30)
한국전산유체공학회 (NODE11441398, IF: 0.30)"
688,2023,기계공학,814290538,강성원,3,0.0,"한국전산유체공학회 (NODE11527817, IF: 0.30)
한국전산유체공학회 (NODE11231819, IF: 0.30)
한국전산유체공학회 (NODE11651691, IF: 0.30)"
689,2023,기계공학,215090946,박동훈,3,0.0,"한국전산유체공학회 (NODE11527821, IF: 0.30)
한국전산유체공학회 (NODE11527823, IF: 0.30)
한국항공우주학회 (NODE11509946, IF: 0.40)"
690,2023,기계공학,743911641,류석희,3,0.0,"한국전산유체공학회 (NODE11527826, IF: 0.30)
한국전산유체공학회 (NODE11231816, IF: 0.30)
한국항공우주학회 (NODE11444979, IF: 0.40)"
691,2023,기계공학,938251795,신종호,3,0.0,"Korean Society for Precision Engineering (NODE11527940, IF: 0.00)
한국기계가공학회 (NODE11563272, IF: 0.31)
한국기계가공학회 (NODE11211690, IF: 0.31)"
692,2023,기계공학,270629442,김정수,3,0.0,"Korean Society for Precision Engineering (NODE11527951, IF: 0.00)
Korean Society for Precision Engineering (NODE11443791, IF: 0.00)
Korean Society for Precision Engineering (NODE11558339, IF: 0.00)"
693,2023,기계공학,536939780,유호준,3,0.0,"Korean Society for Precision Engineering (NODE11527951, IF: 0.00)
Korean Society for Precision Engineering (NODE11443791, IF: 0.00)
Korean Society for Precision Engineering (NODE11558339, IF: 0.00)"
694,2023,기계공학,432563489,전지웅,3,0.0,"Korean Society for Precision Engineering (NODE11527951, IF: 0.00)
Korean Society for Precision Engineering (NODE11443791, IF: 0.00)
Korean Society for Precision Engineering (NODE11558339, IF: 0.00)"
695,2023,기계공학,611464221,송동근,3,0.0,"Korean Society for Precision Engineering (NODE11527951, IF: 0.00)
Korean Society for Precision Engineering (NODE11443791, IF: 0.00)
Korean Society for Precision Engineering (NODE11558339, IF: 0.00)"
696,2023,기계공학,124312841,권예림,3,0.0,"Korean Society for Precision Engineering (NODE11527951, IF: 0.00)
Korean Society for Precision Engineering (NODE11443791, IF: 0.00)
Korean Society for Precision Engineering (NODE11558339, IF: 0.00)"
697,2023,기계공학,692164316,이영조,3,0.0,"Korean Society for Precision Engineering (NODE11527951, IF: 0.00)
Korean Society for Precision Engineering (NODE11443791, IF: 0.00)
Korean Society for Precision Engineering (NODE11558339, IF: 0.00)"
698,2023,기계공학,418183074,금다혜,3,0.0,"Korean Society for Precision Engineering (NODE11527951, IF: 0.00)
Korean Society for Precision Engineering (NODE11443791, IF: 0.00)
Korean Society for Precision Engineering (NODE11558339, IF: 0.00)"
699,2023,기계공학,294274771,조구영,3,0.0,"Korean Society for Precision Engineering (NODE11527951, IF: 0.00)
Korean Society for Precision Engineering (NODE11443791, IF: 0.00)
Korean Society for Precision Engineering (NODE11558339, IF: 0.00)"
700,2023,기계공학,784439145,장원석,3,0.0,"대한기계학회 (NODE11407193, IF: 0.36)
Korean Society for Precision Engineering (NODE11202376, IF: 0.00)
대한기계학회 (NODE11342456, IF: 0.36)"
701,2023,기계공학,426305699,조영태,3,0.0,"한국생산제조학회 (NODE11433755, IF: 0.34)
한국생산제조학회 (NODE11635252, IF: 0.34)
Korean Society for Precision Engineering (NODE11219122, IF: 0.00)"
702,2023,기계공학,909847324,송지훈,3,0.0,"Korean Society for Precision Engineering (NODE11443798, IF: 0.00)
Korean Society for Precision Engineering (NODE11508710, IF: 0.00)
Korean Society for Precision Engineering (NODE11508711, IF: 0.00)"
703,2023,기계공학,814983002,이동렬,3,0.0,"Korean Society for Precision Engineering (NODE11443798, IF: 0.00)
Korean Society for Precision Engineering (NODE11508710, IF: 0.00)
Korean Society for Precision Engineering (NODE11508711, IF: 0.00)"
704,2023,기계공학,759629903,오현웅,3,0.0,"항공우주시스템공학회 (NODE11515976, IF: 0.31)
항공우주시스템공학회 (NODE11405032, IF: 0.31)
항공우주시스템공학회 (NODE11405033, IF: 0.31)"
705,2023,기계공학,995419697,김상우,3,0.0,"항공우주시스템공학회 (NODE11515993, IF: 0.31)
한국항공우주학회 (NODE11403917, IF: 0.40)
항공우주시스템공학회 (NODE11561737, IF: 0.31)"
706,2023,기계공학,213059829,조대원,3,0.0,"대한용접·접합학회 (NODE11507151, IF: 0.62)
한국소음진동공학회 (NODE11634778, IF: 0.52)
대한용접·접합학회 (NODE11650348, IF: 0.62)"
707,2023,기계공학,730907044,Hye Min Lee,3,0.0,"대한용접·접합학회 (NODE11507153, IF: 0.62)
대한용접·접합학회 (NODE11556676, IF: 0.62)
대한용접·접합학회 (NODE11556678, IF: 0.62)"
708,2023,기계공학,853054823,이혜민,3,0.0,"대한용접·접합학회 (NODE11507154, IF: 0.62)
대한용접·접합학회 (NODE11556677, IF: 0.62)
대한용접·접합학회 (NODE11556679, IF: 0.62)"
709,2023,기계공학,384363159,이승표,3,0.0,"한국트라이볼로지학회 (NODE11474301, IF: 0.46)
한국트라이볼로지학회 (NODE11589067, IF: 0.46)
한국트라이볼로지학회 (NODE11412959, IF: 0.46)"
710,2023,기계공학,250695,서준호,3,0.0,"한국트라이볼로지학회 (NODE11474302, IF: 0.46)
한국트라이볼로지학회 (NODE11520156, IF: 0.46)
한국트라이볼로지학회 (NODE11412963, IF: 0.46)"
711,2023,기계공학,569922368,김성,3,0.0,"한국유체기계학회 (NODE11547762, IF: 0.29)
한국유체기계학회 (NODE11620931, IF: 0.29)
한국유체기계학회 (NODE11287718, IF: 0.29)"
712,2023,기계공학,742878685,권태순,3,0.0,"한국유체기계학회 (NODE11547765, IF: 0.29)
한국유체기계학회 (NODE11620940, IF: 0.29)
한국유체기계학회 (NODE11485195, IF: 0.29)"
713,2023,기계공학,636117158,김윤제,3,0.0,"한국유체기계학회 (NODE11547769, IF: 0.29)
한국유체기계학회 (NODE11620934, IF: 0.29)
대한기계학회 (NODE11446793, IF: 0.36)"
714,2023,기계공학,257540096,성재용,3,0.0,"한국생산제조학회 (NODE11547820, IF: 0.34)
한국생산제조학회 (NODE11547823, IF: 0.34)
대한기계학회 (NODE11622478, IF: 0.36)"
715,2023,기계공학,681250434,권정태,3,0.0,"한국생산제조학회 (NODE11547829, IF: 0.34)
한국수소및신에너지학회 (NODE11644816, IF: 0.62)
한국수소및신에너지학회 (NODE11404251, IF: 0.62)"
716,2023,기계공학,977722797,윤동원,3,0.0,"대한기계학회 (NODE11437965, IF: 0.36)
대한기계학회 (NODE11220793, IF: 0.36)
대한기계학회 (NODE11203171, IF: 0.36)"
717,2023,기계공학,335738605,이재규,3,0.0,"한국자동차공학회 (NODE11610096, IF: 0.41)
한국자동차공학회 (NODE11640901, IF: 0.41)
한국자동차공학회 (NODE11560070, IF: 0.41)"
718,2023,기계공학,243520714,민경덕,3,0.0,"한국자동차공학회 (NODE11189742, IF: 0.41)
한국자동차공학회 (NODE11189743, IF: 0.41)
한국자동차공학회 (NODE11640895, IF: 0.41)"
719,2023,기계공학,260789454,정선경,3,0.0,"한국자동차공학회 (NODE11189743, IF: 0.41)
한국자동차공학회 (NODE11232099, IF: 0.41)
한국자동차공학회 (NODE11440968, IF: 0.41)"
720,2023,기계공학,430344278,김정윤,3,0.0,"한국자동차공학회 (NODE11189743, IF: 0.41)
한국자동차공학회 (NODE11557911, IF: 0.41)
한국자동차공학회 (NODE11640903, IF: 0.41)"
721,2023,기계공학,161955406,신민규,3,0.0,"한국항공우주학회 (NODE11217942, IF: 0.40)
항공우주시스템공학회 (NODE11221249, IF: 0.31)
한국항공우주학회 (NODE11202598, IF: 0.40)"
722,2023,기계공학,5119337,강윤형,3,0.0,"한국추진공학회 (NODE11230103, IF: 0.33)
한국추진공학회 (NODE11704304, IF: 0.33)
한국추진공학회 (NODE11704313, IF: 0.33)"
723,2023,기계공학,688014172,박재성,3,0.0,"한국추진공학회 (NODE11230105, IF: 0.33)
한국항공우주학회 (NODE11188263, IF: 0.40)
한국추진공학회 (NODE11442387, IF: 0.33)"
724,2023,기계공학,648138565,고동신,3,0.0,"한국기계가공학회 (NODE11411469, IF: 0.31)
한국자동차공학회 (NODE11621001, IF: 0.41)
한국자동차공학회 (NODE11217289, IF: 0.41)"
725,2023,기계공학,233816329,김진수,3,0.0,"한국기계가공학회 (NODE11411471, IF: 0.31)
한국기계가공학회 (NODE11568863, IF: 0.31)
한국기계가공학회 (NODE11568863, IF: 0.31)"
726,2023,기계공학,522296480,박동삼,3,0.0,"한국기계가공학회 (NODE11411472, IF: 0.31)
한국기계가공학회 (NODE11411475, IF: 0.31)
Korean Society for Precision Engineering (NODE11202370, IF: 0.00)"
727,2023,기계공학,305595600,윤성호,3,0.0,"한국기계가공학회 (NODE11411473, IF: 0.31)
한국기계가공학회 (NODE11563269, IF: 0.31)
한국기계가공학회 (NODE11516541, IF: 0.31)"
728,2023,기계공학,682017406,김태화,3,0.0,"한국기계가공학회 (NODE11411474, IF: 0.31)
대한기계학회 (NODE11532554, IF: 0.36)
한국기계가공학회 (NODE11211678, IF: 0.31)"
729,2023,기계공학,432327,박정훈,3,0.0,"한국기계가공학회 (NODE11625314, IF: 0.31)
한국자동차공학회 (NODE11488738, IF: 0.41)
한국기계가공학회 (NODE11211683, IF: 0.31)"
730,2023,기계공학,247423404,김규섭,3,0.0,"한국기계가공학회 (NODE11625316, IF: 0.31)
한국기계가공학회 (NODE11463899, IF: 0.31)
한국기계가공학회 (NODE11221717, IF: 0.31)"
731,2023,기계공학,226799114,장성진,3,0.0,"한국소음진동공학회 (NODE11435130, IF: 0.52)
한국소음진동공학회 (NODE11498199, IF: 0.52)
한국소음진동공학회 (NODE11398226, IF: 0.52)"
732,2023,기계공학,474685675,김성완,3,0.0,"한국소음진동공학회 (NODE11435130, IF: 0.52)
한국소음진동공학회 (NODE11435135, IF: 0.52)
한국소음진동공학회 (NODE11498199, IF: 0.52)"
733,2023,기계공학,791609513,박동욱,3,0.0,"한국소음진동공학회 (NODE11435130, IF: 0.52)
한국소음진동공학회 (NODE11498199, IF: 0.52)
한국소음진동공학회 (NODE11398226, IF: 0.52)"
734,2023,기계공학,977565011,전법규,3,0.0,"한국소음진동공학회 (NODE11435135, IF: 0.52)
한국소음진동공학회 (NODE11498199, IF: 0.52)
한국소음진동공학회 (NODE11398226, IF: 0.52)"
735,2023,기계공학,886533907,노경진,3,0.0,"한국소음진동공학회 (NODE11435136, IF: 0.52)
한국자동차공학회 (NODE11408277, IF: 0.41)
한국자동차공학회 (NODE11440970, IF: 0.41)"
736,2023,기계공학,812936285,박홍래,3,0.0,"한국소음진동공학회 (NODE11435138, IF: 0.52)
한국기계가공학회 (NODE11343898, IF: 0.31)
한국소음진동공학회 (NODE11716809, IF: 0.52)"
737,2023,기계공학,783051202,이왕제,3,0.0,"대한설비공학회 (NODE11444352, IF: 0.26)
대한설비공학회 (NODE11231855, IF: 0.26)
대한설비공학회 (NODE11419327, IF: 0.26)"
738,2023,기계공학,767030119,조해성,3,0.0,"한국항공우주학회 (NODE11444976, IF: 0.40)
한국소음진동공학회 (NODE11498201, IF: 0.52)
한국소음진동공학회 (NODE11398217, IF: 0.52)"
739,2023,기계공학,441567698,이혁진,3,0.0,"한국전산유체공학회 (NODE11231827, IF: 0.30)
한국항공우주학회 (NODE11419364, IF: 0.40)
항공우주시스템공학회 (NODE11405025, IF: 0.31)"
740,2023,기계공학,295890058,신동혁,3,0.0,"한국전산유체공학회 (NODE11231828, IF: 0.30)
한국연소학회 (NODE11448129, IF: 1.09)
한국연소학회 (NODE11448130, IF: 1.09)"
741,2023,기계공학,431398878,도성록,3,0.0,"대한설비공학회 (NODE11231852, IF: 0.26)
대한설비공학회 (NODE11217278, IF: 0.26)
대한설비공학회 (NODE11506973, IF: 0.26)"
742,2023,기계공학,238679297,김민휘,3,0.0,"대한설비공학회 (NODE11231855, IF: 0.26)
대한설비공학회 (NODE11184297, IF: 0.26)
대한설비공학회 (NODE11481858, IF: 0.26)"
743,2023,기계공학,110585278,김승균,3,0.0,"한국항공우주학회 (NODE11231949, IF: 0.40)
한국항공우주학회 (NODE11403918, IF: 0.40)
한국항공우주학회 (NODE11622567, IF: 0.40)"
744,2023,기계공학,594087795,이정우,3,0.0,"한국자동차공학회 (NODE11531079, IF: 0.41)
한국자동차공학회 (NODE11184220, IF: 0.41)
한국자동차공학회 (NODE11505905, IF: 0.41)"
745,2023,기계공학,128375669,라한별,3,0.0,"한국자동차공학회 (NODE11531080, IF: 0.41)
대한기계학회 (NODE11485271, IF: 0.36)
대한기계학회 (NODE11445235, IF: 0.36)"
746,2023,기계공학,319840025,오광석,3,0.0,"한국자동차공학회 (NODE11531080, IF: 0.41)
대한기계학회 (NODE11485271, IF: 0.36)
대한기계학회 (NODE11445235, IF: 0.36)"
747,2023,기계공학,946250163,김한솔,3,0.0,"한국자동차공학회 (NODE11531084, IF: 0.41)
한국자동차공학회 (NODE11481216, IF: 0.41)
한국자동차공학회 (NODE11481222, IF: 0.41)"
748,2023,기계공학,741182178,이현주,3,0.0,"한국항공우주학회 (NODE11531089, IF: 0.40)
한국항공우주학회 (NODE11188264, IF: 0.40)
한국항공우주학회 (NODE11202596, IF: 0.40)"
749,2023,기계공학,971017734,이상철,3,0.0,"한국항공우주학회 (NODE11531089, IF: 0.40)
한국항공우주학회 (NODE11188264, IF: 0.40)
한국항공우주학회 (NODE11202596, IF: 0.40)"
750,2023,기계공학,100079762,박재현,3,0.0,"한국항공우주학회 (NODE11531096, IF: 0.40)
한국기계가공학회 (NODE11211679, IF: 0.31)
한국항공우주학회 (NODE11485115, IF: 0.40)"
751,2023,기계공학,716986465,김산,3,0.0,"대한기계학회 (NODE11532552, IF: 0.36)
대한기계학회 (NODE11405401, IF: 0.36)
한국기계가공학회 (NODE11568865, IF: 0.31)"
752,2023,기계공학,459677803,양지현,3,0.0,"한국자동차공학회 (NODE11557902, IF: 0.41)
한국자동차공학회 (NODE11205725, IF: 0.41)
한국자동차공학회 (NODE11481213, IF: 0.41)"
753,2023,기계공학,317970521,최기영,3,0.0,"한국항공우주학회 (NODE11403921, IF: 0.40)
한국항공우주학회 (NODE11485111, IF: 0.40)
한국항공우주학회 (NODE11509952, IF: 0.40)"
754,2023,기계공학,869172968,구태완,3,0.0,"한국항공우주학회 (NODE11403922, IF: 0.40)
항공우주시스템공학회 (NODE11658994, IF: 0.31)
Korean Society for Precision Engineering (NODE11508702, IF: 0.00)"
755,2023,기계공학,500138037,강범수,3,0.0,"한국항공우주학회 (NODE11403922, IF: 0.40)
항공우주시스템공학회 (NODE11658994, IF: 0.31)
Korean Society for Precision Engineering (NODE11508702, IF: 0.00)"
756,2023,기계공학,184937439,임창식,3,0.0,"한국기계가공학회 (NODE11343889, IF: 0.31)
한국기계가공학회 (NODE11343894, IF: 0.31)
한국기계가공학회 (NODE11221722, IF: 0.31)"
757,2023,기계공학,584504849,황종대,3,0.0,"한국기계가공학회 (NODE11343889, IF: 0.31)
한국기계가공학회 (NODE11343894, IF: 0.31)
한국기계가공학회 (NODE11221722, IF: 0.31)"
758,2023,기계공학,227782486,김석호,3,0.0,"한국기계가공학회 (NODE11343889, IF: 0.31)
한국기계가공학회 (NODE11343894, IF: 0.31)
한국기계가공학회 (NODE11221722, IF: 0.31)"
759,2023,기계공학,103452851,최성대,3,0.0,"한국기계가공학회 (NODE11343890, IF: 0.31)
한국기계가공학회 (NODE11211684, IF: 0.31)
한국기계가공학회 (NODE11198020, IF: 0.31)"
760,2023,기계공학,186715461,양준모,3,0.0,"항공우주시스템공학회 (NODE11221244, IF: 0.31)
항공우주시스템공학회 (NODE11448304, IF: 0.31)
한국항공우주학회 (NODE11444982, IF: 0.40)"
761,2023,기계공학,191861224,권정혁,3,0.0,"항공우주시스템공학회 (NODE11221251, IF: 0.31)
항공우주시스템공학회 (NODE11561740, IF: 0.31)
항공우주시스템공학회 (NODE11448306, IF: 0.31)"
762,2023,기계공학,492190782,김경남,3,0.0,"항공우주시스템공학회 (NODE11221251, IF: 0.31)
항공우주시스템공학회 (NODE11561740, IF: 0.31)
항공우주시스템공학회 (NODE11448306, IF: 0.31)"
763,2023,기계공학,4624632,노창일,3,0.0,"대한기계학회 (NODE11405401, IF: 0.36)
한국기계가공학회 (NODE11498302, IF: 0.31)
한국기계가공학회 (NODE11198014, IF: 0.31)"
764,2023,기계공학,282124280,김기주,3,0.0,"대한기계학회 (NODE11405409, IF: 0.36)
대한기계학회 (NODE11532559, IF: 0.36)
대한기계학회 (NODE11342487, IF: 0.36)"
765,2023,기계공학,218201528,최훈기,3,0.0,"대한기계학회 (NODE11562910, IF: 0.36)
대한기계학회 (NODE11186450, IF: 0.36)
대한기계학회 (NODE11510432, IF: 0.36)"
766,2023,기계공학,734517372,문정환,3,0.0,"대한설비공학회 (NODE11563022, IF: 0.26)
대한설비공학회 (NODE11194882, IF: 0.26)
대한설비공학회 (NODE11396063, IF: 0.26)"
767,2023,기계공학,760544227,정융,3,0.0,"대한기계학회 (NODE11532556, IF: 0.36)
대한설비공학회 (NODE11202925, IF: 0.26)
대한설비공학회 (NODE11633152, IF: 0.26)"
768,2023,기계공학,942753152,손상호,3,0.0,"대한기계학회 (NODE11532556, IF: 0.36)
대한설비공학회 (NODE11184295, IF: 0.26)
대한설비공학회 (NODE11202925, IF: 0.26)"
769,2023,기계공학,703403992,오동호,3,0.0,"대한기계학회 (NODE11532564, IF: 0.36)
대한기계학회 (NODE11202945, IF: 0.36)
대한기계학회 (NODE11485272, IF: 0.36)"
770,2023,기계공학,679891118,박종진,3,0.0,"한국자동차안전학회 (NODE11553666, IF: 0.34)
한국자동차공학회 (NODE11640897, IF: 0.41)
한국자동차공학회 (NODE11481220, IF: 0.41)"
771,2023,기계공학,492922501,장승민,3,0.0,"대한설비공학회 (NODE11419328, IF: 0.26)
대한설비공학회 (NODE11527074, IF: 0.26)
대한설비공학회 (NODE11506973, IF: 0.26)"
772,2023,기계공학,382663054,남유진,3,0.0,"대한설비공학회 (NODE11419329, IF: 0.26)
대한설비공학회 (NODE11527076, IF: 0.26)
대한설비공학회 (NODE11404363, IF: 0.26)"
773,2023,기계공학,617001889,정재원,3,0.0,"대한설비공학회 (NODE11419329, IF: 0.26)
대한설비공학회 (NODE11202927, IF: 0.26)
대한설비공학회 (NODE11217280, IF: 0.26)"
774,2023,기계공학,915013562,홍경우,3,0.0,"한국항공우주학회 (NODE11419366, IF: 0.40)
한국항공우주학회 (NODE11419367, IF: 0.40)
한국항공우주학회 (NODE11560091, IF: 0.40)"
775,2023,기계공학,604912897,전지연,3,0.0,"한국항공우주학회 (NODE11419366, IF: 0.40)
한국항공우주학회 (NODE11419367, IF: 0.40)
한국항공우주학회 (NODE11560091, IF: 0.40)"
776,2023,기계공학,590938736,여재익,3,0.0,"한국항공우주학회 (NODE11419371, IF: 0.40)
한국추진공학회 (NODE11442380, IF: 0.33)
한국추진공학회 (NODE11704307, IF: 0.33)"
777,2023,기계공학,953921308,김완수,3,0.0,"유공압건설기계학회 (NODE11421314, IF: 2.21)
유공압건설기계학회 (NODE11509596, IF: 2.21)
유공압건설기계학회 (NODE11615522, IF: 2.21)"
778,2023,기계공학,806868880,우제근,3,0.0,"유공압건설기계학회 (NODE11421315, IF: 2.21)
유공압건설기계학회 (NODE11615520, IF: 2.21)
유공압건설기계학회 (NODE11615525, IF: 2.21)"
779,2023,기계공학,650371727,최일수,3,0.0,"유공압건설기계학회 (NODE11421315, IF: 2.21)
유공압건설기계학회 (NODE11615520, IF: 2.21)
유공압건설기계학회 (NODE11615525, IF: 2.21)"
780,2023,기계공학,883363937,최용,3,0.0,"유공압건설기계학회 (NODE11421315, IF: 2.21)
유공압건설기계학회 (NODE11615520, IF: 2.21)
유공압건설기계학회 (NODE11615525, IF: 2.21)"
781,2023,기계공학,742169681,기석철,3,0.0,"한국자동차공학회 (NODE11422691, IF: 0.41)
한국자동차공학회 (NODE11505906, IF: 0.41)
한국자동차공학회 (NODE11443175, IF: 0.41)"
782,2023,기계공학,280273990,안철주,3,0.0,"한국유체기계학회 (NODE11620927, IF: 0.29)
한국추진공학회 (NODE11408606, IF: 0.33)
한국유체기계학회 (NODE11485192, IF: 0.29)"
783,2023,기계공학,253164330,서정민,3,0.0,"한국유체기계학회 (NODE11620930, IF: 0.29)
한국유체기계학회 (NODE11214098, IF: 0.29)
한국유체기계학회 (NODE11287719, IF: 0.29)"
784,2023,기계공학,747091714,이찬,3,0.0,"한국유체기계학회 (NODE11620945, IF: 0.29)
한국유체기계학회 (NODE11395910, IF: 0.29)
한국에너지기후변화학회 (NODE11442452, IF: 0.28)"
785,2023,기계공학,193435199,박찬일,3,0.0,"대한기계학회 (NODE11622481, IF: 0.36)
대한기계학회 (NODE11622486, IF: 0.36)
대한기계학회 (NODE11186478, IF: 0.36)"
786,2023,기계공학,488614647,박진영,3,0.0,"한국수소및신에너지학회 (NODE11644823, IF: 0.62)
한국수소및신에너지학회 (NODE11404248, IF: 0.62)
한국수소및신에너지학회 (NODE11404249, IF: 0.62)"
787,2023,기계공학,216690894,이동근,3,0.0,"한국수소및신에너지학회 (NODE11644823, IF: 0.62)
한국수소및신에너지학회 (NODE11404248, IF: 0.62)
한국수소및신에너지학회 (NODE11404249, IF: 0.62)"
788,2023,기계공학,665185355,배용균,3,0.0,"한국수소및신에너지학회 (NODE11644823, IF: 0.62)
한국수소및신에너지학회 (NODE11404248, IF: 0.62)
한국수소및신에너지학회 (NODE11404249, IF: 0.62)"
789,2023,기계공학,716822545,김영상,3,0.0,"한국수소및신에너지학회 (NODE11644823, IF: 0.62)
한국수소및신에너지학회 (NODE11404248, IF: 0.62)
한국수소및신에너지학회 (NODE11404249, IF: 0.62)"
790,2023,기계공학,134597522,이광원,3,0.0,"한국수소및신에너지학회 (NODE11644829, IF: 0.62)
한국수소및신에너지학회 (NODE11644830, IF: 0.62)
한국수소및신에너지학회 (NODE11508735, IF: 0.62)"
791,2023,기계공학,863094647,이동민,3,0.0,"한국수소및신에너지학회 (NODE11644829, IF: 0.62)
한국수소및신에너지학회 (NODE11644830, IF: 0.62)
한국수소및신에너지학회 (NODE11508735, IF: 0.62)"
792,2023,기계공학,238911787,김형구,3,0.0,"한국자동차공학회 (NODE11468497, IF: 0.41)
한국자동차공학회 (NODE11205728, IF: 0.41)
한국자동차공학회 (NODE11408275, IF: 0.41)"
793,2023,기계공학,914124965,이상민,3,0.0,"한국트라이볼로지학회 (NODE11589069, IF: 0.46)
한국기계가공학회 (NODE11568871, IF: 0.31)
한국기계가공학회 (NODE11198013, IF: 0.31)"
794,2023,기계공학,500838102,김대연,3,0.0,"한국트라이볼로지학회 (NODE11589070, IF: 0.46)
한국트라이볼로지학회 (NODE11412966, IF: 0.46)
한국트라이볼로지학회 (NODE11412967, IF: 0.46)"
795,2023,기계공학,371026753,김현준,3,0.0,"한국트라이볼로지학회 (NODE11589074, IF: 0.46)
한국트라이볼로지학회 (NODE11691856, IF: 0.46)
한국트라이볼로지학회 (NODE11228648, IF: 0.46)"
796,2023,기계공학,633861470,이동현,3,0.0,"한국유체기계학회 (NODE11214098, IF: 0.29)
한국트라이볼로지학회 (NODE11691846, IF: 0.46)
한국트라이볼로지학회 (NODE11228652, IF: 0.46)"
797,2023,기계공학,405695953,정철웅,3,0.0,"한국소음진동공학회 (NODE11214495, IF: 0.52)
한국소음진동공학회 (NODE11716802, IF: 0.52)
한국소음진동공학회 (NODE11716804, IF: 0.52)"
798,2023,기계공학,365756718,김수민,3,0.0,"한국소음진동공학회 (NODE11214497, IF: 0.52)
한국소음진동공학회 (NODE11398224, IF: 0.52)
대한기계학회 (NODE11342482, IF: 0.36)"
799,2023,기계공학,345076766,박시호,3,0.0,"한국기계가공학회 (NODE11463891, IF: 0.31)
한국기계가공학회 (NODE11343897, IF: 0.31)
한국기계가공학회 (NODE11427998, IF: 0.31)"
800,2023,기계공학,381174769,박경락,3,0.0,"한국소음진동공학회 (NODE11498208, IF: 0.52)
한국소음진동공학회 (NODE11634774, IF: 0.52)
한국소음진동공학회 (NODE11634775, IF: 0.52)"
801,2023,기계공학,245115316,강민수,3,0.0,"한국기계가공학회 (NODE11498294, IF: 0.31)
한국기계가공학회 (NODE11563267, IF: 0.31)
한국기계가공학회 (NODE11563268, IF: 0.31)"
802,2023,기계공학,468108462,이준혁,3,0.0,"한국기계가공학회 (NODE11498297, IF: 0.31)
한국기계가공학회 (NODE11563263, IF: 0.31)
한국기계가공학회 (NODE11427995, IF: 0.31)"
803,2023,기계공학,122887452,이동윤,3,0.0,"Korean Society for Precision Engineering (NODE11406246, IF: 0.00)
Korean Society for Precision Engineering (NODE11406251, IF: 0.00)
(사)한국CDE학회 (NODE11616097, IF: 1.01)"
804,2023,기계공학,182585251,안형준,3,0.0,"Korean Society for Precision Engineering (NODE11406255, IF: 0.00)
Korean Society for Precision Engineering (NODE11420850, IF: 0.00)
Korean Society for Precision Engineering (NODE11288381, IF: 0.00)"
805,2023,기계공학,471009175,노진성,3,0.0,"Korean Society for Precision Engineering (NODE11406256, IF: 0.00)
Korean Society for Precision Engineering (NODE11508705, IF: 0.00)
Korean Society for Precision Engineering (NODE11288373, IF: 0.00)"
806,2023,기계공학,5443613,유은상,3,0.0,"(사)한국CDE학회 (NODE11513746, IF: 1.01)
(사)한국CDE학회 (NODE11616099, IF: 1.01)
(사)한국CDE학회 (NODE11616106, IF: 1.01)"
807,2023,기계공학,544069139,박용화,3,0.0,"한국소음진동공학회 (NODE11528598, IF: 0.52)
대한기계학회 (NODE11485267, IF: 0.36)
대한기계학회 (NODE11482599, IF: 0.36)"
808,2023,기계공학,823566543,강철구,3,0.0,"대한기계학회 (NODE11622488, IF: 0.36)
대한기계학회 (NODE11485722, IF: 0.36)
대한기계학회 (NODE11426272, IF: 0.36)"
809,2023,기계공학,805153256,손영갑,3,0.0,"대한기계학회 (NODE11622491, IF: 0.36)
대한기계학회 (NODE11202934, IF: 0.36)
한국기계가공학회 (NODE11221716, IF: 0.31)"
810,2023,기계공학,294641786,조영학,3,0.0,"대한기계학회 (NODE11624832, IF: 0.36)
대한기계학회 (NODE11568901, IF: 0.36)
대한기계학회 (NODE11534770, IF: 0.36)"
811,2023,기계공학,324257810,신정헌,3,0.0,"대한기계학회 (NODE11202915, IF: 0.36)
대한기계학회 (NODE11517707, IF: 0.36)
대한기계학회 (NODE11186457, IF: 0.36)"
812,2023,기계공학,657147083,소홍윤,3,0.0,"대한기계학회 (NODE11202937, IF: 0.36)
대한기계학회 (NODE11202946, IF: 0.36)
대한기계학회 (NODE11568908, IF: 0.36)"
813,2023,기계공학,432057767,심윤희,3,0.0,"대한설비공학회 (NODE11523147, IF: 0.26)
대한설비공학회 (NODE11523145, IF: 0.26)
대한설비공학회 (NODE11523148, IF: 0.26)"
814,2023,기계공학,179322597,김태희,3,0.0,"한국항공우주학회 (NODE11188259, IF: 0.40)
한국항공우주학회 (NODE11202595, IF: 0.40)
한국항공우주학회 (NODE11509945, IF: 0.40)"
815,2023,기계공학,158732127,황운봉,3,0.0,"Korean Society for Precision Engineering (NODE11508709, IF: 0.00)
Korean Society for Precision Engineering (NODE11485053, IF: 0.00)
한국기계가공학회 (NODE11427987, IF: 0.31)"
816,2023,기계공학,106593809,이동훈,3,0.0,"한국동력기계공학회 (NODE11508720, IF: 0.33)
한국동력기계공학회 (NODE11445835, IF: 0.33)
한국동력기계공학회 (NODE11445841, IF: 0.33)"
817,2023,기계공학,424345861,유상석,3,0.0,"한국수소및신에너지학회 (NODE11508733, IF: 0.62)
한국수소및신에너지학회 (NODE11556967, IF: 0.62)
대한기계학회 (NODE11342446, IF: 0.36)"
818,2023,기계공학,530308987,정명휘,3,0.0,"한국기계가공학회 (NODE11221714, IF: 0.31)
한국기계가공학회 (NODE11427991, IF: 0.31)
한국기계가공학회 (NODE11427992, IF: 0.31)"
819,2023,기계공학,254186178,공정리,3,0.0,"한국기계가공학회 (NODE11221714, IF: 0.31)
한국기계가공학회 (NODE11427991, IF: 0.31)
한국기계가공학회 (NODE11427992, IF: 0.31)"
820,2023,기계공학,685950371,오동욱,3,0.0,"대한설비공학회 (NODE11633152, IF: 0.26)
대한설비공학회 (NODE11633154, IF: 0.26)
대한기계학회 (NODE11203182, IF: 0.36)"
821,2023,기계공학,438017092,김병하,3,0.0,"한국동력기계공학회 (NODE11651428, IF: 0.33)
한국동력기계공학회 (NODE11560213, IF: 0.33)
한국동력기계공학회 (NODE11445843, IF: 0.33)"
822,2023,기계공학,900798437,김태용,3,0.0,"한국동력기계공학회 (NODE11651428, IF: 0.33)
한국동력기계공학회 (NODE11560213, IF: 0.33)
한국동력기계공학회 (NODE11445843, IF: 0.33)"
823,2023,기계공학,182431,이상준,3,0.0,"한국환경에너지공학회 (NODE11651641, IF: 0.00)
한국환경에너지공학회 (NODE11651644, IF: 0.00)
한국환경에너지공학회 (NODE11651647, IF: 0.00)"
824,2023,기계공학,695497835,김진호,3,0.0,"대한설비공학회 (NODE11506974, IF: 0.26)
대한설비공학회 (NODE11523149, IF: 0.26)
대한설비공학회 (NODE11404367, IF: 0.26)"
825,2023,기계공학,708739151,한승호,3,0.0,"한국기계가공학회 (NODE11211691, IF: 0.31)
대한기계학회 (NODE11186453, IF: 0.36)
한국기계가공학회 (NODE11198016, IF: 0.31)"
826,2023,기계공학,639475606,최인성,3,0.0,"대한용접·접합학회 (NODE11650328, IF: 0.62)
대한용접·접합학회 (NODE11650330, IF: 0.62)
대한용접·접합학회 (NODE11650347, IF: 0.62)"
827,2023,기계공학,141485603,이광현,3,0.0,"대한용접·접합학회 (NODE11650328, IF: 0.62)
대한용접·접합학회 (NODE11650330, IF: 0.62)
대한용접·접합학회 (NODE11650347, IF: 0.62)"
828,2023,기계공학,126221866,현소희,3,0.0,"대한용접·접합학회 (NODE11650344, IF: 0.62)
대한용접·접합학회 (NODE11650345, IF: 0.62)
대한용접·접합학회 (NODE11556679, IF: 0.62)"
829,2023,기계공학,768579101,윤진혁,3,0.0,"대한기계학회 (NODE11342451, IF: 0.36)
대한기계학회 (NODE11342501, IF: 0.36)
대한기계학회 (NODE11342502, IF: 0.36)"
830,2023,기계공학,517156051,이정일,3,0.0,"대한기계학회 (NODE11342451, IF: 0.36)
대한기계학회 (NODE11342501, IF: 0.36)
대한기계학회 (NODE11342502, IF: 0.36)"
831,2023,기계공학,831687658,윤성환,3,0.0,"한국마린엔지니어링학회 (NODE11558350, IF: 0.23)
한국마린엔지니어링학회 (NODE11651714, IF: 0.23)
한국마린엔지니어링학회 (NODE11651715, IF: 0.23)"
832,2023,기계공학,944336427,강명철,2,0.0,"유공압건설기계학회 (NODE11217581, IF: 2.21)
유공압건설기계학회 (NODE11615529, IF: 2.21)"
833,2023,기계공학,196409798,서명국,2,0.0,"유공압건설기계학회 (NODE11217582, IF: 2.21)
유공압건설기계학회 (NODE11421311, IF: 2.21)"
834,2023,기계공학,606590847,정황훈,2,0.0,"유공압건설기계학회 (NODE11217582, IF: 2.21)
유공압건설기계학회 (NODE11615530, IF: 2.21)"
835,2023,기계공학,551167385,전현호,2,0.0,"유공압건설기계학회 (NODE11217583, IF: 2.21)
대한기계학회 (NODE11562915, IF: 0.36)"
836,2023,기계공학,521241856,김택준,2,0.0,"유공압건설기계학회 (NODE11217584, IF: 2.21)
유공압건설기계학회 (NODE11421310, IF: 2.21)"
837,2023,기계공학,560373079,안영철,2,0.0,"유공압건설기계학회 (NODE11217586, IF: 2.21)
유공압건설기계학회 (NODE11421313, IF: 2.21)"
838,2023,기계공학,5162467,박정현,2,0.0,"유공압건설기계학회 (NODE11217586, IF: 2.21)
유공압건설기계학회 (NODE11421313, IF: 2.21)"
839,2023,기계공학,738078228,이대엽,2,0.0,"유공압건설기계학회 (NODE11217586, IF: 2.21)
유공압건설기계학회 (NODE11421313, IF: 2.21)"
840,2023,기계공학,938920176,황준형,2,0.0,"대한용접·접합학회 (NODE11217620, IF: 0.62)
대한용접·접합학회 (NODE11404884, IF: 0.62)"
841,2023,기계공학,514675371,권용재,2,0.0,"대한용접·접합학회 (NODE11217625, IF: 0.62)
대한용접·접합학회 (NODE11443203, IF: 0.62)"
842,2023,기계공학,931212425,신성선,2,0.0,"대한용접·접합학회 (NODE11217625, IF: 0.62)
대한용접·접합학회 (NODE11443203, IF: 0.62)"
843,2023,기계공학,619166542,주상은,2,0.0,"대한용접·접합학회 (NODE11217625, IF: 0.62)
대한용접·접합학회 (NODE11443203, IF: 0.62)"
844,2023,기계공학,691201688,이종훈,2,0.0,"대한용접·접합학회 (NODE11217625, IF: 0.62)
대한용접·접합학회 (NODE11443203, IF: 0.62)"
845,2023,기계공학,948503886,황준호,2,0.0,"대한용접·접합학회 (NODE11217625, IF: 0.62)
대한용접·접합학회 (NODE11443203, IF: 0.62)"
846,2023,기계공학,482768265,김현덕,2,0.0,"대한용접·접합학회 (NODE11217625, IF: 0.62)
대한용접·접합학회 (NODE11443203, IF: 0.62)"
847,2023,기계공학,349612436,김영우,2,0.0,"(사)한국CDE학회 (NODE11217649, IF: 1.01)
(사)한국CDE학회 (NODE11616102, IF: 1.01)"
848,2023,기계공학,665137113,조영민,2,0.0,"한국전산유체공학회 (NODE11527815, IF: 0.30)
한국소음진동공학회 (NODE11474923, IF: 0.52)"
849,2023,기계공학,130303992,김태완,2,0.0,"한국전산유체공학회 (NODE11527817, IF: 0.30)
한국전산유체공학회 (NODE11231819, IF: 0.30)"
850,2023,기계공학,606978014,신승원,2,0.0,"한국전산유체공학회 (NODE11527818, IF: 0.30)
한국전산유체공학회 (NODE11441394, IF: 0.30)"
851,2023,기계공학,355266055,김종찬,2,0.0,"한국전산유체공학회 (NODE11527819, IF: 0.30)
한국항공우주학회 (NODE11531086, IF: 0.40)"
852,2023,기계공학,890344332,이인환,2,0.0,"Korean Society for Precision Engineering (NODE11527940, IF: 0.00)
한국기계가공학회 (NODE11211690, IF: 0.31)"
853,2023,기계공학,661327595,이승문,2,0.0,"Korean Society for Precision Engineering (NODE11527942, IF: 0.00)
한국기계가공학회 (NODE11463892, IF: 0.31)"
854,2023,기계공학,534862015,박석희,2,0.0,"Korean Society for Precision Engineering (NODE11527942, IF: 0.00)
한국기계가공학회 (NODE11463892, IF: 0.31)"
855,2023,기계공학,612998377,안태창,2,0.0,"Korean Society for Precision Engineering (NODE11527944, IF: 0.00)
한국기계가공학회 (NODE11211690, IF: 0.31)"
856,2023,기계공학,186746967,김건휘,2,0.0,"Korean Society for Precision Engineering (NODE11527944, IF: 0.00)
한국기계가공학회 (NODE11211690, IF: 0.31)"
857,2023,기계공학,433305817,양영수,2,0.0,"Korean Society for Precision Engineering (NODE11527949, IF: 0.00)
한국기계가공학회 (NODE11427986, IF: 0.31)"
858,2023,기계공학,474270539,배강열,2,0.0,"Korean Society for Precision Engineering (NODE11527949, IF: 0.00)
한국기계가공학회 (NODE11427986, IF: 0.31)"
859,2023,기계공학,212336641,윤해성,2,0.0,"Korean Society for Precision Engineering (NODE11527950, IF: 0.00)
한국기계가공학회 (NODE11516550, IF: 0.31)"
860,2023,기계공학,421237364,홍승혁,2,0.0,"Korean Society for Precision Engineering (NODE11527951, IF: 0.00)
Korean Society for Precision Engineering (NODE11558339, IF: 0.00)"
861,2023,기계공학,821139097,원영수,2,0.0,"대한기계학회 (NODE11407194, IF: 0.36)
대한기계학회 (NODE11445161, IF: 0.36)"
862,2023,기계공학,766765472,한창운,2,0.0,"대한기계학회 (NODE11407199, IF: 0.36)
대한기계학회 (NODE11532560, IF: 0.36)"
863,2023,기계공학,926551482,Xiao-Long Shi,2,0.0,"한국생산제조학회 (NODE11433755, IF: 0.34)
한국생산제조학회 (NODE11635252, IF: 0.34)"
864,2023,기계공학,269102812,Hua Liang,2,0.0,"한국생산제조학회 (NODE11433755, IF: 0.34)
한국생산제조학회 (NODE11635252, IF: 0.34)"
865,2023,기계공학,808571557,Peng Zhang,2,0.0,"한국생산제조학회 (NODE11433755, IF: 0.34)
한국생산제조학회 (NODE11635252, IF: 0.34)"
866,2023,기계공학,198474853,Gui-Lin Zhang,2,0.0,"한국생산제조학회 (NODE11433755, IF: 0.34)
한국생산제조학회 (NODE11635252, IF: 0.34)"
867,2023,기계공학,140438494,Yong-Deuck Woo,2,0.0,"한국생산제조학회 (NODE11433755, IF: 0.34)
한국생산제조학회 (NODE11635252, IF: 0.34)"
868,2023,기계공학,773029652,임광희,2,0.0,"한국생산제조학회 (NODE11433755, IF: 0.34)
한국생산제조학회 (NODE11635252, IF: 0.34)"
869,2023,기계공학,112097,권순만,2,0.0,"한국생산제조학회 (NODE11433759, IF: 0.34)
한국생산제조학회 (NODE11547825, IF: 0.34)"
870,2023,기계공학,343562077,이용호,2,0.0,"한국생산제조학회 (NODE11433759, IF: 0.34)
한국생산제조학회 (NODE11547825, IF: 0.34)"
871,2023,기계공학,119810907,Phan Anh Duong,2,0.0,"한국마린엔지니어링학회 (NODE11443762, IF: 0.23)
한국마린엔지니어링학회 (NODE11443763, IF: 0.23)"
872,2023,기계공학,810392244,Bo Rim Ryu,2,0.0,"한국마린엔지니어링학회 (NODE11443762, IF: 0.23)
한국마린엔지니어링학회 (NODE11443763, IF: 0.23)"
873,2023,기계공학,291618288,Ho Keun Kang,2,0.0,"한국마린엔지니어링학회 (NODE11443762, IF: 0.23)
한국마린엔지니어링학회 (NODE11443763, IF: 0.23)"
874,2023,기계공학,592525840,최성운,2,0.0,"Korean Society for Precision Engineering (NODE11443788, IF: 0.00)
Korean Society for Precision Engineering (NODE11420848, IF: 0.00)"
875,2023,기계공학,196712595,장계은,2,0.0,"Korean Society for Precision Engineering (NODE11443791, IF: 0.00)
Korean Society for Precision Engineering (NODE11558339, IF: 0.00)"
876,2023,기계공학,146238039,손창호,2,0.0,"Korean Society for Precision Engineering (NODE11443798, IF: 0.00)
Korean Society for Precision Engineering (NODE11508710, IF: 0.00)"
877,2023,기계공학,753156773,김상현,2,0.0,"Korean Society for Precision Engineering (NODE11443798, IF: 0.00)
Korean Society for Precision Engineering (NODE11508711, IF: 0.00)"
878,2023,기계공학,686243268,김경미,2,0.0,"한국자동차공학회 (NODE11560067, IF: 0.41)
한국자동차공학회 (NODE11189743, IF: 0.41)"
879,2023,기계공학,282160356,채봉건,2,0.0,"항공우주시스템공학회 (NODE11515976, IF: 0.31)
항공우주시스템공학회 (NODE11405033, IF: 0.31)"
880,2023,기계공학,798130164,문석민,2,0.0,"항공우주시스템공학회 (NODE11515977, IF: 0.31)
항공우주시스템공학회 (NODE11448316, IF: 0.31)"
881,2023,기계공학,384522957,김병운,2,0.0,"항공우주시스템공학회 (NODE11515982, IF: 0.31)
항공우주시스템공학회 (NODE11405028, IF: 0.31)"
882,2023,기계공학,625285,구철회,2,0.0,"항공우주시스템공학회 (NODE11515987, IF: 0.31)
한국항공우주학회 (NODE11531094, IF: 0.40)"
883,2023,기계공학,543451163,구인회,2,0.0,"항공우주시스템공학회 (NODE11515987, IF: 0.31)
한국항공우주학회 (NODE11531094, IF: 0.40)"
884,2023,기계공학,754931701,김영철,2,0.0,"항공우주시스템공학회 (NODE11515993, IF: 0.31)
한국항공우주학회 (NODE11403917, IF: 0.40)"
885,2023,기계공학,904936258,김동협,2,0.0,"항공우주시스템공학회 (NODE11515993, IF: 0.31)
한국항공우주학회 (NODE11403917, IF: 0.40)"
886,2023,기계공학,764626203,손준영,2,0.0,"항공우주시스템공학회 (NODE11515994, IF: 0.31)
한국항공우주연구원 (NODE11484760, IF: 0.00)"
887,2023,기계공학,356098755,김대환,2,0.0,"대한용접·접합학회 (NODE11507151, IF: 0.62)
한국소음진동공학회 (NODE11634778, IF: 0.52)"
888,2023,기계공학,204838466,배승훈,2,0.0,"대한용접·접합학회 (NODE11507151, IF: 0.62)
한국소음진동공학회 (NODE11634778, IF: 0.52)"
889,2023,기계공학,595806520,박태국,2,0.0,"대한용접·접합학회 (NODE11507151, IF: 0.62)
한국소음진동공학회 (NODE11634778, IF: 0.52)"
890,2023,기계공학,236063713,박창우,2,0.0,"대한용접·접합학회 (NODE11507151, IF: 0.62)
대한용접·접합학회 (NODE11650343, IF: 0.62)"
891,2023,기계공학,522902691,박중구,2,0.0,"대한용접·접합학회 (NODE11507151, IF: 0.62)
대한용접·접합학회 (NODE11650343, IF: 0.62)"
892,2023,기계공학,955242210,박원아,2,0.0,"대한용접·접합학회 (NODE11507152, IF: 0.62)
대한용접·접합학회 (NODE11556675, IF: 0.62)"
893,2023,기계공학,114315710,김신일,2,0.0,"대한용접·접합학회 (NODE11507159, IF: 0.62)
대한용접·접합학회 (NODE11507160, IF: 0.62)"
894,2023,기계공학,313154321,유동열,2,0.0,"대한용접·접합학회 (NODE11507159, IF: 0.62)
대한용접·접합학회 (NODE11507160, IF: 0.62)"
895,2023,기계공학,448853628,손준혁,2,0.0,"대한용접·접합학회 (NODE11507159, IF: 0.62)
대한용접·접합학회 (NODE11507160, IF: 0.62)"
896,2023,기계공학,789498438,변동진,2,0.0,"대한용접·접합학회 (NODE11507159, IF: 0.62)
대한용접·접합학회 (NODE11507160, IF: 0.62)"
897,2023,기계공학,972686675,방정환,2,0.0,"대한용접·접합학회 (NODE11507159, IF: 0.62)
대한용접·접합학회 (NODE11507160, IF: 0.62)"
898,2023,기계공학,395740531,박태조,2,0.0,"한국트라이볼로지학회 (NODE11474300, IF: 0.46)
한국트라이볼로지학회 (NODE11228651, IF: 0.46)"
899,2023,기계공학,815521252,강정국,2,0.0,"한국트라이볼로지학회 (NODE11474300, IF: 0.46)
한국트라이볼로지학회 (NODE11228651, IF: 0.46)"
900,2023,기계공학,785166490,이현우,2,0.0,"한국자동차공학회 (NODE11610091, IF: 0.41)
한국자동차공학회 (NODE11610092, IF: 0.41)"
901,2023,기계공학,598469394,김진혁,2,0.0,"한국유체기계학회 (NODE11547762, IF: 0.29)
한국유체기계학회 (NODE11620931, IF: 0.29)"
902,2023,기계공학,979696,김용인,2,0.0,"한국유체기계학회 (NODE11547763, IF: 0.29)
한국유체기계학회 (NODE11620928, IF: 0.29)"
903,2023,기계공학,938022667,방인철,2,0.0,"한국유체기계학회 (NODE11547766, IF: 0.29)
한국유체기계학회 (NODE11620932, IF: 0.29)"
904,2023,기계공학,2131919,Ujjwal Shrestha,2,0.0,"한국유체기계학회 (NODE11547770, IF: 0.29)
한국유체기계학회 (NODE11620936, IF: 0.29)"
905,2023,기계공학,247825073,Young-Do Choi,2,0.0,"한국유체기계학회 (NODE11547770, IF: 0.29)
한국유체기계학회 (NODE11620936, IF: 0.29)"
906,2023,기계공학,848699657,허재훈,2,0.0,"한국유체기계학회 (NODE11547771, IF: 0.29)
대한기계학회 (NODE11342450, IF: 0.36)"
907,2023,기계공학,973671637,배종인,2,0.0,"한국유체기계학회 (NODE11547771, IF: 0.29)
항공우주시스템공학회 (NODE11221254, IF: 0.31)"
908,2023,기계공학,912943368,홍성빈,2,0.0,"한국유체기계학회 (NODE11547772, IF: 0.29)
한국유체기계학회 (NODE11214099, IF: 0.29)"
909,2023,기계공학,478565728,황인주,2,0.0,"한국유체기계학회 (NODE11547774, IF: 0.29)
대한설비공학회 (NODE11438210, IF: 0.26)"
910,2023,기계공학,605648064,김준현,2,0.0,"한국생산제조학회 (NODE11547820, IF: 0.34)
한국생산제조학회 (NODE11547823, IF: 0.34)"
911,2023,기계공학,658536439,윤경택,2,0.0,"한국생산제조학회 (NODE11547822, IF: 0.34)
Korean Society for Precision Engineering (NODE11202368, IF: 0.00)"
912,2023,기계공학,279171636,김현정,2,0.0,"한국생산제조학회 (NODE11547822, IF: 0.34)
대한설비공학회 (NODE11419329, IF: 0.26)"
913,2023,기계공학,670749028,최영만,2,0.0,"한국생산제조학회 (NODE11547822, IF: 0.34)
Korean Society for Precision Engineering (NODE11202368, IF: 0.00)"
914,2023,기계공학,356484692,김석,2,0.0,"대한기계학회 (NODE11437966, IF: 0.36)
대한기계학회 (NODE11445160, IF: 0.36)"
915,2023,기계공학,472287653,양회관,2,0.0,"대한기계학회 (NODE11437966, IF: 0.36)
대한기계학회 (NODE11445160, IF: 0.36)"
916,2023,기계공학,696342672,송대빈,2,0.0,"한국비파괴검사학회 (NODE11405154, IF: 0.41)
한국비파괴검사학회 (NODE11561816, IF: 0.41)"
917,2023,기계공학,802071493,정병창,2,0.0,"한국비파괴검사학회 (NODE11405157, IF: 0.41)
한국소음진동공학회 (NODE11419438, IF: 0.52)"
918,2023,기계공학,845894368,노태균,2,0.0,"한국비파괴검사학회 (NODE11405158, IF: 0.41)
한국비파괴검사학회 (NODE11561816, IF: 0.41)"
919,2023,기계공학,141021978,박대서,2,0.0,"한국비파괴검사학회 (NODE11405158, IF: 0.41)
한국비파괴검사학회 (NODE11561816, IF: 0.41)"
920,2023,기계공학,758489991,전병욱,2,0.0,"한국자동차공학회 (NODE11189743, IF: 0.41)
한국자동차공학회 (NODE11440963, IF: 0.41)"
921,2023,기계공학,144255697,이석환,2,0.0,"한국자동차공학회 (NODE11189743, IF: 0.41)
한국자동차공학회 (NODE11184220, IF: 0.41)"
922,2023,기계공학,976637111,김준석,2,0.0,"한국자동차공학회 (NODE11189743, IF: 0.41)
유공압건설기계학회 (NODE11615534, IF: 2.21)"
923,2023,기계공학,224653069,강연식,2,0.0,"한국자동차공학회 (NODE11189743, IF: 0.41)
한국자동차공학회 (NODE11443178, IF: 0.41)"
924,2023,기계공학,643703307,임종순,2,0.0,"한국자동차공학회 (NODE11189745, IF: 0.41)
한국자동차공학회 (NODE11342602, IF: 0.41)"
925,2023,기계공학,784261455,김동민,2,0.0,"Korean Society for Precision Engineering (NODE11616286, IF: 0.00)
Korean Society for Precision Engineering (NODE11288371, IF: 0.00)"
926,2023,기계공학,744131029,김태욱,2,0.0,"Korean Society for Precision Engineering (NODE11616286, IF: 0.00)
한국트라이볼로지학회 (NODE11589074, IF: 0.46)"
927,2023,기계공학,962104418,김지수,2,0.0,"Korean Society for Precision Engineering (NODE11616286, IF: 0.00)
Korean Society for Precision Engineering (NODE11219121, IF: 0.00)"
928,2023,기계공학,622770411,김무림,2,0.0,"Korean Society for Precision Engineering (NODE11616288, IF: 0.00)
Korean Society for Precision Engineering (NODE11202372, IF: 0.00)"
929,2023,기계공학,718813091,윤성호,2,0.0,"Korean Society for Precision Engineering (NODE11616294, IF: 0.00)
Korean Society for Precision Engineering (NODE11184361, IF: 0.00)"
930,2023,기계공학,319156354,배경진,2,0.0,"대한설비공학회 (NODE11616306, IF: 0.26)
대한설비공학회 (NODE11444353, IF: 0.26)"
931,2023,기계공학,462309605,박종훈,2,0.0,"대한설비공학회 (NODE11616307, IF: 0.26)
대한설비공학회 (NODE11506972, IF: 0.26)"
932,2023,기계공학,241883322,Peyman Gholamalizadeh,2,0.0,"대한설비공학회 (NODE11616307, IF: 0.26)
대한설비공학회 (NODE11506972, IF: 0.26)"
933,2023,기계공학,620002129,Mahdi Koushaeian,2,0.0,"대한설비공학회 (NODE11616307, IF: 0.26)
대한설비공학회 (NODE11506972, IF: 0.26)"
934,2023,기계공학,308646963,Abdullah Khan,2,0.0,"대한설비공학회 (NODE11616307, IF: 0.26)
대한설비공학회 (NODE11506972, IF: 0.26)"
935,2023,기계공학,957100230,Xuan Quang Duong,2,0.0,"대한설비공학회 (NODE11616307, IF: 0.26)
대한설비공학회 (NODE11506972, IF: 0.26)"
936,2023,기계공학,790601369,정재동,2,0.0,"대한설비공학회 (NODE11616307, IF: 0.26)
대한설비공학회 (NODE11506972, IF: 0.26)"
937,2023,기계공학,819278555,유재진,2,0.0,"대한설비공학회 (NODE11616309, IF: 0.26)
대한설비공학회 (NODE11184298, IF: 0.26)"
938,2023,기계공학,202379352,최슬건,2,0.0,"대한설비공학회 (NODE11616311, IF: 0.26)
대한설비공학회 (NODE11202928, IF: 0.26)"
939,2023,기계공학,965622670,황동곤,2,0.0,"대한설비공학회 (NODE11616311, IF: 0.26)
대한설비공학회 (NODE11202928, IF: 0.26)"
940,2023,기계공학,899358018,조동현,2,0.0,"한국항공우주학회 (NODE11217935, IF: 0.40)
한국항공우주학회 (NODE11560089, IF: 0.40)"
941,2023,기계공학,309700062,이영건,2,0.0,"한국항공우주학회 (NODE11217935, IF: 0.40)
한국항공우주학회 (NODE11560089, IF: 0.40)"
942,2023,기계공학,4014129,이예빈,2,0.0,"한국항공우주학회 (NODE11217935, IF: 0.40)
한국항공우주학회 (NODE11560089, IF: 0.40)"
943,2023,기계공학,999180833,김종범,2,0.0,"한국항공우주학회 (NODE11217935, IF: 0.40)
한국항공우주학회 (NODE11560089, IF: 0.40)"
944,2023,기계공학,5420007,고상호,2,0.0,"한국항공우주학회 (NODE11217937, IF: 0.40)
항공우주시스템공학회 (NODE11659000, IF: 0.31)"
945,2023,기계공학,807204776,이수원,2,0.0,"한국항공우주학회 (NODE11217939, IF: 0.40)
한국항공우주학회 (NODE11485113, IF: 0.40)"
946,2023,기계공학,4625537,백지웅,2,0.0,"한국항공우주학회 (NODE11217942, IF: 0.40)
한국항공우주학회 (NODE11403920, IF: 0.40)"
947,2023,기계공학,437201914,심영주,2,0.0,"한국항공우주학회 (NODE11217942, IF: 0.40)
한국항공우주학회 (NODE11403920, IF: 0.40)"
948,2023,기계공학,2148052,심한준,2,0.0,"한국항공우주학회 (NODE11217943, IF: 0.40)
한국항공우주학회 (NODE11531094, IF: 0.40)"
949,2023,기계공학,561130323,배영환,2,0.0,"한국항공우주학회 (NODE11217943, IF: 0.40)
한국항공우주학회 (NODE11531094, IF: 0.40)"
950,2023,기계공학,223878370,기창돈,2,0.0,"한국항공우주학회 (NODE11217943, IF: 0.40)
한국항공우주학회 (NODE11531094, IF: 0.40)"
951,2023,기계공학,858698708,이승헌,2,0.0,"한국추진공학회 (NODE11230104, IF: 0.33)
한국추진공학회 (NODE11651794, IF: 0.33)"
952,2023,기계공학,607309119,김상조,2,0.0,"한국추진공학회 (NODE11230104, IF: 0.33)
한국추진공학회 (NODE11651796, IF: 0.33)"
953,2023,기계공학,5148081,최동우,2,0.0,"한국추진공학회 (NODE11230109, IF: 0.33)
한국추진공학회 (NODE11408614, IF: 0.33)"
954,2023,기계공학,324615544,김남용,2,0.0,"한국기계가공학회 (NODE11411468, IF: 0.31)
한국기계가공학회 (NODE11198025, IF: 0.31)"
955,2023,기계공학,105687314,서정석,2,0.0,"한국기계가공학회 (NODE11411472, IF: 0.31)
한국기계가공학회 (NODE11411475, IF: 0.31)"
956,2023,기계공학,488499813,정은익,2,0.0,"한국기계가공학회 (NODE11411474, IF: 0.31)
한국기계가공학회 (NODE11211678, IF: 0.31)"
957,2023,기계공학,600305874,박상진,2,0.0,"한국기계가공학회 (NODE11411474, IF: 0.31)
한국기계가공학회 (NODE11211678, IF: 0.31)"
958,2023,기계공학,395120332,양지완,2,0.0,"한국기계가공학회 (NODE11411477, IF: 0.31)
한국기계가공학회 (NODE11516553, IF: 0.31)"
959,2023,기계공학,858290411,육세진,2,0.0,"한국기계가공학회 (NODE11625310, IF: 0.31)
한국기계가공학회 (NODE11516538, IF: 0.31)"
960,2023,기계공학,696510074,이선곤,2,0.0,"한국기계가공학회 (NODE11625311, IF: 0.31)
한국기계가공학회 (NODE11427989, IF: 0.31)"
961,2023,기계공학,734832528,김중선,2,0.0,"한국기계가공학회 (NODE11625312, IF: 0.31)
한국기계가공학회 (NODE11516547, IF: 0.31)"
962,2023,기계공학,392889577,권대규,2,0.0,"한국기계가공학회 (NODE11625312, IF: 0.31)
한국기계가공학회 (NODE11516547, IF: 0.31)"
963,2023,기계공학,607920733,안석영,2,0.0,"한국기계가공학회 (NODE11625312, IF: 0.31)
한국기계가공학회 (NODE11516547, IF: 0.31)"
964,2023,기계공학,452613991,장병옥,2,0.0,"한국기계가공학회 (NODE11625314, IF: 0.31)
한국기계가공학회 (NODE11211683, IF: 0.31)"
965,2023,기계공학,803707050,이진태,2,0.0,"한국기계가공학회 (NODE11625314, IF: 0.31)
한국기계가공학회 (NODE11211683, IF: 0.31)"
966,2023,기계공학,198430038,강명창,2,0.0,"한국기계가공학회 (NODE11625314, IF: 0.31)
한국기계가공학회 (NODE11211683, IF: 0.31)"
967,2023,기계공학,533844635,이동형,2,0.0,"한국기계가공학회 (NODE11625315, IF: 0.31)
한국기계가공학회 (NODE11568866, IF: 0.31)"
968,2023,기계공학,304013872,최하영,2,0.0,"한국기계가공학회 (NODE11625315, IF: 0.31)
한국기계가공학회 (NODE11568866, IF: 0.31)"
969,2023,기계공학,146296995,손승우,2,0.0,"한국기계가공학회 (NODE11625316, IF: 0.31)
한국기계가공학회 (NODE11463899, IF: 0.31)"
970,2023,기계공학,147636189,이창혁,2,0.0,"한국기계가공학회 (NODE11625319, IF: 0.31)
한국기계가공학회 (NODE11568869, IF: 0.31)"
971,2023,기계공학,614899664,손휘준,2,0.0,"한국기계가공학회 (NODE11625320, IF: 0.31)
한국기계가공학회 (NODE11563265, IF: 0.31)"
972,2023,기계공학,5083172,Jae-Yeon Kim,2,0.0,"한국기계가공학회 (NODE11625325, IF: 0.31)
한국기계가공학회 (NODE11563270, IF: 0.31)"
973,2023,기계공학,242579954,Jae-Yong Lee,2,0.0,"한국기계가공학회 (NODE11625325, IF: 0.31)
한국기계가공학회 (NODE11563270, IF: 0.31)"
974,2023,기계공학,403268887,김원묵,2,0.0,"한국소음진동공학회 (NODE11435129, IF: 0.52)
한국소음진동공학회 (NODE11214503, IF: 0.52)"
975,2023,기계공학,784669808,정영수,2,0.0,"한국소음진동공학회 (NODE11435130, IF: 0.52)
한국소음진동공학회 (NODE11398226, IF: 0.52)"
976,2023,기계공학,114992,이재홍,2,0.0,"한국소음진동공학회 (NODE11435131, IF: 0.52)
한국소음진동공학회 (NODE11214501, IF: 0.52)"
977,2023,기계공학,971504661,전수홍,2,0.0,"한국소음진동공학회 (NODE11435134, IF: 0.52)
한국소음진동공학회 (NODE11498204, IF: 0.52)"
978,2023,기계공학,540677120,진재민,2,0.0,"한국소음진동공학회 (NODE11435136, IF: 0.52)
한국자동차공학회 (NODE11481219, IF: 0.41)"
979,2023,기계공학,547254907,임희원,2,0.0,"대한설비공학회 (NODE11444352, IF: 0.26)
대한설비공학회 (NODE11419327, IF: 0.26)"
980,2023,기계공학,294473,이경호,2,0.0,"대한설비공학회 (NODE11444352, IF: 0.26)
대한설비공학회 (NODE11231855, IF: 0.26)"
981,2023,기계공학,486360381,신우철,2,0.0,"대한설비공학회 (NODE11444352, IF: 0.26)
대한설비공학회 (NODE11419327, IF: 0.26)"
982,2023,기계공학,4616583,김동호,2,0.0,"대한설비공학회 (NODE11444354, IF: 0.26)
대한설비공학회 (NODE11214073, IF: 0.26)"
983,2023,기계공학,737172922,김정철,2,0.0,"대한설비공학회 (NODE11444354, IF: 0.26)
대한설비공학회 (NODE11184295, IF: 0.26)"
984,2023,기계공학,714183584,장건익,2,0.0,"한국항공우주학회 (NODE11444975, IF: 0.40)
한국항공우주학회 (NODE11231950, IF: 0.40)"
985,2023,기계공학,170829733,김태현,2,0.0,"한국항공우주학회 (NODE11444975, IF: 0.40)
한국항공우주학회 (NODE11231950, IF: 0.40)"
986,2023,기계공학,243628804,한재흥,2,0.0,"한국항공우주학회 (NODE11444975, IF: 0.40)
한국항공우주학회 (NODE11231950, IF: 0.40)"
987,2023,기계공학,970043256,김형모,2,0.0,"한국항공우주학회 (NODE11444976, IF: 0.40)
한국소음진동공학회 (NODE11498201, IF: 0.52)"
988,2023,기계공학,350646537,You Fu,2,0.0,"한국유체기계학회 (NODE11681147, IF: 0.29)
한국유체기계학회 (NODE11465967, IF: 0.29)"
989,2023,기계공학,570945844,Biao Chen,2,0.0,"한국유체기계학회 (NODE11681147, IF: 0.29)
한국유체기계학회 (NODE11465967, IF: 0.29)"
990,2023,기계공학,625871,정경진,2,0.0,"한국전산유체공학회 (NODE11231816, IF: 0.30)
한국항공우주학회 (NODE11444979, IF: 0.40)"
991,2023,기계공학,795119200,황원태,2,0.0,"한국전산유체공학회 (NODE11231817, IF: 0.30)
한국전산유체공학회 (NODE11231818, IF: 0.30)"
992,2023,기계공학,165279843,신정훈,2,0.0,"한국전산유체공학회 (NODE11231817, IF: 0.30)
한국전산유체공학회 (NODE11231818, IF: 0.30)"
993,2023,기계공학,937641410,조금원,2,0.0,"한국전산유체공학회 (NODE11231817, IF: 0.30)
한국전산유체공학회 (NODE11231818, IF: 0.30)"
994,2023,기계공학,683491288,최성임,2,0.0,"한국전산유체공학회 (NODE11231817, IF: 0.30)
한국전산유체공학회 (NODE11231818, IF: 0.30)"
995,2023,기계공학,353650576,오창종,2,0.0,"한국전산유체공학회 (NODE11231819, IF: 0.30)
한국전산유체공학회 (NODE11651691, IF: 0.30)"
996,2023,기계공학,625534354,한서음,2,0.0,"한국전산유체공학회 (NODE11231820, IF: 0.30)
한국전산유체공학회 (NODE11441393, IF: 0.30)"
997,2023,기계공학,229662285,박윤식,2,0.0,"한국전산유체공학회 (NODE11231820, IF: 0.30)
한국전산유체공학회 (NODE11441393, IF: 0.30)"
998,2023,기계공학,4021771,이복직,2,0.0,"한국전산유체공학회 (NODE11231820, IF: 0.30)
한국전산유체공학회 (NODE11441393, IF: 0.30)"
999,2023,기계공학,120168055,박진석,2,0.0,"한국전산유체공학회 (NODE11231821, IF: 0.30)
한국전산유체공학회 (NODE11441390, IF: 0.30)"
1000,2023,기계공학,685699915,김은민,2,0.0,"한국전산유체공학회 (NODE11231827, IF: 0.30)
항공우주시스템공학회 (NODE11405025, IF: 0.31)"
1001,2023,기계공학,718816119,양진용,2,0.0,"한국전산유체공학회 (NODE11231827, IF: 0.30)
항공우주시스템공학회 (NODE11405025, IF: 0.31)"
1002,2023,기계공학,819252299,이찬욱,2,0.0,"대한설비공학회 (NODE11231852, IF: 0.26)
대한설비공학회 (NODE11217278, IF: 0.26)"
1003,2023,기계공학,806074994,진산,2,0.0,"대한설비공학회 (NODE11231852, IF: 0.26)
대한설비공학회 (NODE11217278, IF: 0.26)"
1004,2023,기계공학,325230343,안영섭,2,0.0,"대한설비공학회 (NODE11231855, IF: 0.26)
대한설비공학회 (NODE11184297, IF: 0.26)"
1005,2023,기계공학,628727,이동현,2,0.0,"한국항공우주학회 (NODE11231946, IF: 0.40)
한국항공우주학회 (NODE11560098, IF: 0.40)"
1006,2023,기계공학,684384102,조경용,2,0.0,"한국항공우주학회 (NODE11231949, IF: 0.40)
한국항공우주학회 (NODE11509948, IF: 0.40)"
1007,2023,기계공학,184415671,정대원,2,0.0,"한국항공우주학회 (NODE11231953, IF: 0.40)
한국항공우주연구원 (NODE11613104, IF: 0.00)"
1008,2023,기계공학,384971356,장시열,2,0.0,"한국자동차공학회 (NODE11232103, IF: 0.41)
한국자동차공학회 (NODE11404313, IF: 0.41)"
1009,2023,기계공학,268915678,박성영,2,0.0,"한국자동차공학회 (NODE11232105, IF: 0.41)
대한기계학회 (NODE11446794, IF: 0.36)"
1010,2023,기계공학,818144773,박경신,2,0.0,"한국자동차공학회 (NODE11232106, IF: 0.41)
한국자동차안전학회 (NODE11553680, IF: 0.34)"
1011,2023,기계공학,782688453,장용훈,2,0.0,"한국자동차공학회 (NODE11531079, IF: 0.41)
한국자동차공학회 (NODE11505905, IF: 0.41)"
1012,2023,기계공학,202114,박철웅,2,0.0,"한국자동차공학회 (NODE11531079, IF: 0.41)
한국자동차공학회 (NODE11505905, IF: 0.41)"
1013,2023,기계공학,405533660,민찬기,2,0.0,"한국자동차공학회 (NODE11531079, IF: 0.41)
한국자동차공학회 (NODE11505905, IF: 0.41)"
1014,2023,기계공학,502780866,장문정,2,0.0,"한국자동차공학회 (NODE11531080, IF: 0.41)
대한기계학회 (NODE11445235, IF: 0.36)"
1015,2023,기계공학,407135047,임경승,2,0.0,"한국자동차공학회 (NODE11531085, IF: 0.41)
한국자동차공학회 (NODE11481221, IF: 0.41)"
1016,2023,기계공학,237862584,이흥식,2,0.0,"한국자동차공학회 (NODE11531085, IF: 0.41)
한국자동차공학회 (NODE11481221, IF: 0.41)"
1017,2023,기계공학,950373407,성홍계,2,0.0,"한국항공우주학회 (NODE11531086, IF: 0.40)
한국항공우주학회 (NODE11188260, IF: 0.40)"
1018,2023,기계공학,414385729,허환일,2,0.0,"한국항공우주학회 (NODE11531090, IF: 0.40)
한국항공우주학회 (NODE11531091, IF: 0.40)"
1019,2023,기계공학,446319410,권기범,2,0.0,"한국항공우주학회 (NODE11531094, IF: 0.40)
한국항공우주학회 (NODE11419371, IF: 0.40)"
1020,2023,기계공학,471109807,송용하,2,0.0,"한국항공우주학회 (NODE11531095, IF: 0.40)
한국항공우주학회 (NODE11202602, IF: 0.40)"
1021,2023,기계공학,497209692,박덕배,2,0.0,"한국항공우주학회 (NODE11531095, IF: 0.40)
한국항공우주학회 (NODE11202602, IF: 0.40)"
1022,2023,기계공학,616188083,정민화,2,0.0,"한국항공우주학회 (NODE11531095, IF: 0.40)
한국항공우주학회 (NODE11202602, IF: 0.40)"
1023,2023,기계공학,5423245,김동규,2,0.0,"대한기계학회 (NODE11532552, IF: 0.36)
한국기계가공학회 (NODE11343886, IF: 0.31)"
1024,2023,기계공학,1915231,전태준,2,0.0,"대한기계학회 (NODE11532553, IF: 0.36)
한국추진공학회 (NODE11704305, IF: 0.33)"
1025,2023,기계공학,234695,박태선,2,0.0,"대한기계학회 (NODE11532553, IF: 0.36)
한국추진공학회 (NODE11704305, IF: 0.33)"
1026,2023,기계공학,553399185,왕위엔강,2,0.0,"한국수소및신에너지학회 (NODE11556970, IF: 0.62)
한국연소학회 (NODE11549777, IF: 1.09)"
1027,2023,기계공학,541388790,손채훈,2,0.0,"한국수소및신에너지학회 (NODE11556970, IF: 0.62)
한국연소학회 (NODE11549777, IF: 1.09)"
1028,2023,기계공학,412633082,한용식,2,0.0,"한국수소및신에너지학회 (NODE11556974, IF: 0.62)
한국수소및신에너지학회 (NODE11644820, IF: 0.62)"
1029,2023,기계공학,321213067,김민창,2,0.0,"한국수소및신에너지학회 (NODE11556974, IF: 0.62)
한국수소및신에너지학회 (NODE11644820, IF: 0.62)"
1030,2023,기계공학,948496983,김창현,2,0.0,"한국수소및신에너지학회 (NODE11556974, IF: 0.62)
한국수소및신에너지학회 (NODE11644820, IF: 0.62)"
1031,2023,기계공학,269032242,김태훈,2,0.0,"한국수소및신에너지학회 (NODE11556974, IF: 0.62)
한국수소및신에너지학회 (NODE11644820, IF: 0.62)"
1032,2023,기계공학,866224627,도규형,2,0.0,"한국수소및신에너지학회 (NODE11556974, IF: 0.62)
한국수소및신에너지학회 (NODE11644820, IF: 0.62)"
1033,2023,기계공학,396313414,최병일,2,0.0,"한국수소및신에너지학회 (NODE11556974, IF: 0.62)
한국수소및신에너지학회 (NODE11644820, IF: 0.62)"
1034,2023,기계공학,857781337,최민기,2,0.0,"한국자동차공학회 (NODE11557904, IF: 0.41)
한국자동차공학회 (NODE11505899, IF: 0.41)"
1035,2023,기계공학,757799865,정관용,2,0.0,"한국자동차공학회 (NODE11557906, IF: 0.41)
한국자동차공학회 (NODE11202287, IF: 0.41)"
1036,2023,기계공학,647185700,최원혁,2,0.0,"한국자동차공학회 (NODE11557906, IF: 0.41)
한국자동차공학회 (NODE11202287, IF: 0.41)"
1037,2023,기계공학,376479126,이천환,2,0.0,"한국자동차공학회 (NODE11557907, IF: 0.41)
한국수소및신에너지학회 (NODE11217303, IF: 0.62)"
1038,2023,기계공학,391003219,손혁수,2,0.0,"한국자동차공학회 (NODE11557910, IF: 0.41)
한국자동차공학회 (NODE11422699, IF: 0.41)"
1039,2023,기계공학,2074775,오정화,2,0.0,"한국항공우주학회 (NODE11403920, IF: 0.40)
한국항공우주학회 (NODE11202598, IF: 0.40)"
1040,2023,기계공학,1065938,김선진,2,0.0,"한국항공우주학회 (NODE11403920, IF: 0.40)
항공우주시스템공학회 (NODE11221249, IF: 0.31)"
1041,2023,기계공학,913202781,시하영,2,0.0,"한국항공우주학회 (NODE11403922, IF: 0.40)
항공우주시스템공학회 (NODE11658994, IF: 0.31)"
1042,2023,기계공학,625297,김도형,2,0.0,"한국항공우주학회 (NODE11403924, IF: 0.40)
한국소음진동공학회 (NODE11474921, IF: 0.52)"
1043,2023,기계공학,1772373,송우석,2,0.0,"한국항공우주학회 (NODE11403925, IF: 0.40)
한국항공우주학회 (NODE11622558, IF: 0.40)"
1044,2023,기계공학,933156153,박찬휘,2,0.0,"한국항공우주학회 (NODE11403925, IF: 0.40)
한국항공우주학회 (NODE11622558, IF: 0.40)"
1045,2023,기계공학,936291362,임재욱,2,0.0,"한국항공우주학회 (NODE11403925, IF: 0.40)
한국항공우주학회 (NODE11622566, IF: 0.40)"
1046,2023,기계공학,389546114,권준수,2,0.0,"한국항공우주학회 (NODE11403925, IF: 0.40)
한국항공우주학회 (NODE11622558, IF: 0.40)"
1047,2023,기계공학,747905094,노기문,2,0.0,"한국항공우주학회 (NODE11403925, IF: 0.40)
한국항공우주학회 (NODE11622558, IF: 0.40)"
1048,2023,기계공학,876159527,조동현,2,0.0,"한국항공우주학회 (NODE11403925, IF: 0.40)
한국항공우주학회 (NODE11622566, IF: 0.40)"
1049,2023,기계공학,512089161,이대우,2,0.0,"한국항공우주학회 (NODE11403925, IF: 0.40)
한국항공우주학회 (NODE11622558, IF: 0.40)"
1050,2023,기계공학,243579924,문용호,2,0.0,"항공우주시스템공학회 (NODE11658990, IF: 0.31)
항공우주시스템공학회 (NODE11221250, IF: 0.31)"
1051,2023,기계공학,993427851,이선아,2,0.0,"항공우주시스템공학회 (NODE11658991, IF: 0.31)
항공우주시스템공학회 (NODE11659001, IF: 0.31)"
1052,2023,기계공학,940047793,지승환,2,0.0,"항공우주시스템공학회 (NODE11658995, IF: 0.31)
항공우주시스템공학회 (NODE11658996, IF: 0.31)"
1053,2023,기계공학,976476894,한철희,2,0.0,"항공우주시스템공학회 (NODE11658995, IF: 0.31)
항공우주시스템공학회 (NODE11658996, IF: 0.31)"
1054,2023,기계공학,142148607,이용규,2,0.0,"항공우주시스템공학회 (NODE11658999, IF: 0.31)
항공우주시스템공학회 (NODE11448313, IF: 0.31)"
1055,2023,기계공학,649303813,권상은,2,0.0,"항공우주시스템공학회 (NODE11659007, IF: 0.31)
한국항공우주학회 (NODE11202602, IF: 0.40)"
1056,2023,기계공학,639179239,하정호,2,0.0,"한국기계가공학회 (NODE11343886, IF: 0.31)
Korean Society for Precision Engineering (NODE11219130, IF: 0.00)"
1057,2023,기계공학,1121048,사민우,2,0.0,"한국기계가공학회 (NODE11343886, IF: 0.31)
Korean Society for Precision Engineering (NODE11219130, IF: 0.00)"
1058,2023,기계공학,409075226,이형철,2,0.0,"한국자동차공학회 (NODE11202289, IF: 0.41)
한국자동차공학회 (NODE11620995, IF: 0.41)"
1059,2023,기계공학,396031958,이진환,2,0.0,"한국자동차공학회 (NODE11202295, IF: 0.41)
한국자동차공학회 (NODE11422692, IF: 0.41)"
1060,2023,기계공학,106778212,김수철,2,0.0,"항공우주시스템공학회 (NODE11221243, IF: 0.31)
대한기계학회 (NODE11532562, IF: 0.36)"
1061,2023,기계공학,980753425,박상수,2,0.0,"항공우주시스템공학회 (NODE11221244, IF: 0.31)
한국항공우주학회 (NODE11444982, IF: 0.40)"
1062,2023,기계공학,309020088,김혜민,2,0.0,"항공우주시스템공학회 (NODE11221247, IF: 0.31)
한국추진공학회 (NODE11408607, IF: 0.33)"
1063,2023,기계공학,218835759,이한솔,2,0.0,"항공우주시스템공학회 (NODE11221254, IF: 0.31)
항공우주시스템공학회 (NODE11448314, IF: 0.31)"
1064,2023,기계공학,441947704,허효범,2,0.0,"대한기계학회 (NODE11218526, IF: 0.36)
대한기계학회 (NODE11218527, IF: 0.36)"
1065,2023,기계공학,1011158,박승환,2,0.0,"대한기계학회 (NODE11218526, IF: 0.36)
대한기계학회 (NODE11218527, IF: 0.36)"
1066,2023,기계공학,772745500,김정석,2,0.0,"한국비파괴검사학회 (NODE11218779, IF: 0.41)
한국기계가공학회 (NODE11498293, IF: 0.31)"
1067,2023,기계공학,685533335,이두열,2,0.0,"한국비파괴검사학회 (NODE11218781, IF: 0.41)
대한기계학회 (NODE11202936, IF: 0.36)"
1068,2023,기계공학,726632140,안진주,2,0.0,"한국에너지기후변화학회 (NODE11647059, IF: 0.28)
한국에너지기후변화학회 (NODE11647062, IF: 0.28)"
1069,2023,기계공학,869329588,최승영,2,0.0,"대한기계학회 (NODE11342470, IF: 0.36)
한국항공우주학회 (NODE11419363, IF: 0.40)"
1070,2023,기계공학,410059713,김선호,2,0.0,"대한기계학회 (NODE11405393, IF: 0.36)
대한기계학회 (NODE11342450, IF: 0.36)"
1071,2023,기계공학,223505187,차현우,2,0.0,"대한기계학회 (NODE11405397, IF: 0.36)
한국기계가공학회 (NODE11221725, IF: 0.31)"
1072,2023,기계공학,475317281,강동현,2,0.0,"대한기계학회 (NODE11405397, IF: 0.36)
한국기계가공학회 (NODE11221725, IF: 0.31)"
1073,2023,기계공학,547168190,이현창,2,0.0,"대한기계학회 (NODE11405397, IF: 0.36)
한국기계가공학회 (NODE11221725, IF: 0.31)"
1074,2023,기계공학,733514641,송영준,2,0.0,"대한기계학회 (NODE11405401, IF: 0.36)
한국기계가공학회 (NODE11198014, IF: 0.31)"
1075,2023,기계공학,207970529,강민석,2,0.0,"대한기계학회 (NODE11405403, IF: 0.36)
대한기계학회 (NODE11622484, IF: 0.36)"
1076,2023,기계공학,962866635,윤경수,2,0.0,"대한기계학회 (NODE11405403, IF: 0.36)
대한기계학회 (NODE11186479, IF: 0.36)"
1077,2023,기계공학,778221857,최수민,2,0.0,"대한기계학회 (NODE11405405, IF: 0.36)
대한기계학회 (NODE11513843, IF: 0.36)"
1078,2023,기계공학,448437839,이재웅,2,0.0,"대한기계학회 (NODE11405409, IF: 0.36)
대한기계학회 (NODE11532559, IF: 0.36)"
1079,2023,기계공학,763094402,김대욱,2,0.0,"한국표면공학회 (NODE11405895, IF: 0.22)
한국표면공학회 (NODE11569500, IF: 0.22)"
1080,2023,기계공학,375639504,김학성,2,0.0,"대한기계학회 (NODE11514403, IF: 0.36)
대한기계학회 (NODE11485714, IF: 0.36)"
1081,2023,기계공학,214798364,최홍수,2,0.0,"대한기계학회 (NODE11514408, IF: 0.36)
대한기계학회 (NODE11624831, IF: 0.36)"
1082,2023,기계공학,719662,안찬우,2,0.0,"대한기계학회 (NODE11562910, IF: 0.36)
대한기계학회 (NODE11510432, IF: 0.36)"
1083,2023,기계공학,552118374,이경민,2,0.0,"대한기계학회 (NODE11562916, IF: 0.36)
대한기계학회 (NODE11445227, IF: 0.36)"
1084,2023,기계공학,129295695,강지현,2,0.0,"대한기계학회 (NODE11562918, IF: 0.36)
대한기계학회 (NODE11186488, IF: 0.36)"
1085,2023,기계공학,790325141,유병철,2,0.0,"대한기계학회 (NODE11562918, IF: 0.36)
대한기계학회 (NODE11186488, IF: 0.36)"
1086,2023,기계공학,814390032,이종수,2,0.0,"대한기계학회 (NODE11562918, IF: 0.36)
대한기계학회 (NODE11513846, IF: 0.36)"
1087,2023,기계공학,187980288,오윤석,2,0.0,"대한기계학회 (NODE11532555, IF: 0.36)
한국전산유체공학회 (NODE11651685, IF: 0.30)"
1088,2023,기계공학,113033,남진현,2,0.0,"대한기계학회 (NODE11532555, IF: 0.36)
한국전산유체공학회 (NODE11651685, IF: 0.30)"
1089,2023,기계공학,529097940,신동환,2,0.0,"대한기계학회 (NODE11532556, IF: 0.36)
대한기계학회 (NODE11622480, IF: 0.36)"
1090,2023,기계공학,302003362,권재기,2,0.0,"대한기계학회 (NODE11532561, IF: 0.36)
대한기계학회 (NODE11513844, IF: 0.36)"
1091,2023,기계공학,117858842,신정규,2,0.0,"대한기계학회 (NODE11532561, IF: 0.36)
대한기계학회 (NODE11513844, IF: 0.36)"
1092,2023,기계공학,842825782,이창용,2,0.0,"대한기계학회 (NODE11532563, IF: 0.36)
한국기계가공학회 (NODE11198021, IF: 0.31)"
1093,2023,기계공학,278439830,김주연,2,0.0,"대한기계학회 (NODE11532564, IF: 0.36)
대한기계학회 (NODE11202945, IF: 0.36)"
1094,2023,기계공학,865183650,김영진,2,0.0,"대한기계학회 (NODE11532564, IF: 0.36)
대한기계학회 (NODE11202945, IF: 0.36)"
1095,2023,기계공학,102795604,김형래,2,0.0,"대한기계학회 (NODE11532564, IF: 0.36)
대한기계학회 (NODE11202945, IF: 0.36)"
1096,2023,기계공학,507224208,김대현,2,0.0,"대한기계학회 (NODE11532564, IF: 0.36)
대한기계학회 (NODE11202945, IF: 0.36)"
1097,2023,기계공학,511200968,김재연,2,0.0,"대한기계학회 (NODE11532569, IF: 0.36)
대한기계학회 (NODE11342489, IF: 0.36)"
1098,2023,기계공학,619129010,박재민,2,0.0,"대한기계학회 (NODE11532569, IF: 0.36)
한국기계가공학회 (NODE11211684, IF: 0.31)"
1099,2023,기계공학,126842841,이길용,2,0.0,"대한기계학회 (NODE11532569, IF: 0.36)
Korean Society for Precision Engineering (NODE11485063, IF: 0.00)"
1100,2023,기계공학,300794257,김준형,2,0.0,"한국추진공학회 (NODE11533587, IF: 0.33)
한국추진공학회 (NODE11651792, IF: 0.33)"
1101,2023,기계공학,524196169,윤동호,2,0.0,"한국추진공학회 (NODE11533588, IF: 0.33)
한국추진공학회 (NODE11408610, IF: 0.33)"
1102,2023,기계공학,725462825,조현택,2,0.0,"한국추진공학회 (NODE11533588, IF: 0.33)
한국추진공학회 (NODE11408610, IF: 0.33)"
1103,2023,기계공학,525600952,윤영빈,2,0.0,"한국추진공학회 (NODE11533588, IF: 0.33)
한국추진공학회 (NODE11408610, IF: 0.33)"
1104,2023,기계공학,533978555,국승민,2,0.0,"한국추진공학회 (NODE11533592, IF: 0.33)
한국연소학회 (NODE11549775, IF: 1.09)"
1105,2023,기계공학,752785767,심재훈,2,0.0,"한국자동차안전학회 (NODE11553650, IF: 0.34)
한국자동차안전학회 (NODE11553650, IF: 0.34)"
1106,2023,기계공학,965261818,권백순,2,0.0,"한국자동차안전학회 (NODE11553663, IF: 0.34)
대한기계학회 (NODE11534776, IF: 0.36)"
1107,2023,기계공학,824184762,박정우,2,0.0,"한국자동차안전학회 (NODE11553666, IF: 0.34)
한국자동차공학회 (NODE11481220, IF: 0.41)"
1108,2023,기계공학,125910313,이광렬,2,0.0,"한국자동차공학회 (NODE11610102, IF: 0.41)
한국자동차공학회 (NODE11404316, IF: 0.41)"
1109,2023,기계공학,844285480,김용찬,2,0.0,"대한설비공학회 (NODE11419326, IF: 0.26)
대한설비공학회 (NODE11633152, IF: 0.26)"
1110,2023,기계공학,110370612,김수민,2,0.0,"대한설비공학회 (NODE11419329, IF: 0.26)
대한설비공학회 (NODE11404365, IF: 0.26)"
1111,2023,기계공학,5144216,조준현,2,0.0,"대한설비공학회 (NODE11419329, IF: 0.26)
대한기계학회 (NODE11202914, IF: 0.36)"
1112,2023,기계공학,4206747,김성중,2,0.0,"한국항공우주학회 (NODE11419366, IF: 0.40)
한국항공우주학회 (NODE11419367, IF: 0.40)"
1113,2023,기계공학,517509331,최원용,2,0.0,"한국항공우주학회 (NODE11419366, IF: 0.40)
한국항공우주학회 (NODE11202596, IF: 0.40)"
1114,2023,기계공학,392990450,서관식,2,0.0,"한국항공우주학회 (NODE11419367, IF: 0.40)
한국항공우주학회 (NODE11188264, IF: 0.40)"
1115,2023,기계공학,912388668,이진우,2,0.0,"한국소음진동공학회 (NODE11419429, IF: 0.52)
한국소음진동공학회 (NODE11474928, IF: 0.52)"
1116,2023,기계공학,510335690,박준홍,2,0.0,"한국소음진동공학회 (NODE11419431, IF: 0.52)
한국소음진동공학회 (NODE11550603, IF: 0.52)"
1117,2023,기계공학,886227662,김용제,2,0.0,"한국연소학회 (NODE11448129, IF: 1.09)
한국연소학회 (NODE11448130, IF: 1.09)"
1118,2023,기계공학,144742740,이운규,2,0.0,"한국기계연구원 (NODE11483531, IF: 0.00)
한국기계연구원 (NODE11483532, IF: 0.00)"
1119,2023,기계공학,275940775,최진철,2,0.0,"한국기계연구원 (NODE11483531, IF: 0.00)
한국기계연구원 (NODE11483532, IF: 0.00)"
1120,2023,기계공학,544738657,김철후,2,0.0,"한국기계연구원 (NODE11483532, IF: 0.00)
한국기계연구원 (NODE11567030, IF: 0.00)"
1121,2023,기계공학,729857500,오승훈,2,0.0,"한국기계연구원 (NODE11483532, IF: 0.00)
한국기계연구원 (NODE11567030, IF: 0.00)"
1122,2023,기계공학,647011293,이용규,2,0.0,"한국기계연구원 (NODE11483532, IF: 0.00)
한국기계연구원 (NODE11567030, IF: 0.00)"
1123,2023,기계공학,205625229,남기원,2,0.0,"한국항공우주연구원 (NODE11484757, IF: 0.00)
한국항공우주연구원 (NODE11613093, IF: 0.00)"
1124,2023,기계공학,891316613,최남미,2,0.0,"한국항공우주연구원 (NODE11484758, IF: 0.00)
한국항공우주연구원 (NODE11613095, IF: 0.00)"
1125,2023,기계공학,902803565,황도순,2,0.0,"한국항공우주연구원 (NODE11484763, IF: 0.00)
한국항공우주연구원 (NODE11613100, IF: 0.00)"
1126,2023,기계공학,620820707,김현준,2,0.0,"한국항공우주연구원 (NODE11484765, IF: 0.00)
한국항공우주학회 (NODE11188263, IF: 0.40)"
1127,2023,기계공학,180928154,신재성,2,0.0,"한국항공우주연구원 (NODE11484765, IF: 0.00)
한국항공우주학회 (NODE11188263, IF: 0.40)"
1128,2023,기계공학,298757043,김희수,2,0.0,"유공압건설기계학회 (NODE11421317, IF: 2.21)
유공압건설기계학회 (NODE11421318, IF: 2.21)"
1129,2023,기계공학,703305579,조수현,2,0.0,"유공압건설기계학회 (NODE11421312, IF: 2.21)
유공압건설기계학회 (NODE11509597, IF: 2.21)"
1130,2023,기계공학,5172598,강승우,2,0.0,"유공압건설기계학회 (NODE11421312, IF: 2.21)
유공압건설기계학회 (NODE11509597, IF: 2.21)"
1131,2023,기계공학,390797132,이대현,2,0.0,"유공압건설기계학회 (NODE11421312, IF: 2.21)
유공압건설기계학회 (NODE11509597, IF: 2.21)"
1132,2023,기계공학,597918980,이광희,2,0.0,"유공압건설기계학회 (NODE11421313, IF: 2.21)
유공압건설기계학회 (NODE11615518, IF: 2.21)"
1133,2023,기계공학,318146606,이시언,2,0.0,"유공압건설기계학회 (NODE11421314, IF: 2.21)
유공압건설기계학회 (NODE11509596, IF: 2.21)"
1134,2023,기계공학,704632656,박명근,2,0.0,"유공압건설기계학회 (NODE11421318, IF: 2.21)
유공압건설기계학회 (NODE11509605, IF: 2.21)"
1135,2023,기계공학,269680929,전우정,2,0.0,"한국자동차공학회 (NODE11640896, IF: 0.41)
한국자동차안전학회 (NODE11716841, IF: 0.34)"
1136,2023,기계공학,621960519,김종혁,2,0.0,"한국자동차공학회 (NODE11640896, IF: 0.41)
한국자동차안전학회 (NODE11716841, IF: 0.34)"
1137,2023,기계공학,701497628,신중한,2,0.0,"대한기계학회 (NODE11187233, IF: 0.36)
대한기계학회 (NODE11510430, IF: 0.36)"
1138,2023,기계공학,177965839,이동경,2,0.0,"대한기계학회 (NODE11187234, IF: 0.36)
대한기계학회 (NODE11202933, IF: 0.36)"
1139,2023,기계공학,4022865,김동성,2,0.0,"한국추진공학회 (NODE11442381, IF: 0.33)
한국항공우주학회 (NODE11485114, IF: 0.40)"
1140,2023,기계공학,858884525,강희정,2,0.0,"한국소음진동공학회 (NODE11474921, IF: 0.52)
한국전산유체공학회 (NODE11651692, IF: 0.30)"
1141,2023,기계공학,326338159,임병권,2,0.0,"한국유체기계학회 (NODE11620927, IF: 0.29)
한국유체기계학회 (NODE11485192, IF: 0.29)"
1142,2023,기계공학,289904923,방제성,2,0.0,"한국유체기계학회 (NODE11620930, IF: 0.29)
한국유체기계학회 (NODE11214098, IF: 0.29)"
1143,2023,기계공학,107179331,최병열,2,0.0,"한국유체기계학회 (NODE11620931, IF: 0.29)
한국유체기계학회 (NODE11620945, IF: 0.29)"
1144,2023,기계공학,182386871,최동훈,2,0.0,"한국유체기계학회 (NODE11620931, IF: 0.29)
한국유체기계학회 (NODE11620945, IF: 0.29)"
1145,2023,기계공학,264620978,김우식,2,0.0,"한국유체기계학회 (NODE11620940, IF: 0.29)
한국유체기계학회 (NODE11485195, IF: 0.29)"
1146,2023,기계공학,231407683,박정원,2,0.0,"한국자동차공학회 (NODE11620991, IF: 0.41)
한국자동차공학회 (NODE11620992, IF: 0.41)"
1147,2023,기계공학,1350631,김성수,2,0.0,"한국자동차공학회 (NODE11620991, IF: 0.41)
한국자동차공학회 (NODE11620992, IF: 0.41)"
1148,2023,기계공학,290481229,박만복,2,0.0,"한국자동차공학회 (NODE11620993, IF: 0.41)
한국자동차공학회 (NODE11468498, IF: 0.41)"
1149,2023,기계공학,880278187,이치범,2,0.0,"한국자동차공학회 (NODE11620996, IF: 0.41)
한국자동차공학회 (NODE11443176, IF: 0.41)"
1150,2023,기계공학,290458774,유승진,2,0.0,"한국자동차공학회 (NODE11620998, IF: 0.41)
대한기계학회 (NODE11342488, IF: 0.36)"
1151,2023,기계공학,106348208,하연화,2,0.0,"한국자동차공학회 (NODE11621000, IF: 0.41)
한국자동차공학회 (NODE11440959, IF: 0.41)"
1152,2023,기계공학,995242571,권수민,2,0.0,"한국자동차공학회 (NODE11621000, IF: 0.41)
한국자동차공학회 (NODE11440959, IF: 0.41)"
1153,2023,기계공학,263109346,최승환,2,0.0,"한국자동차공학회 (NODE11621000, IF: 0.41)
한국자동차공학회 (NODE11440959, IF: 0.41)"
1154,2023,기계공학,967343894,김소울,2,0.0,"한국자동차공학회 (NODE11621001, IF: 0.41)
한국자동차공학회 (NODE11217289, IF: 0.41)"
1155,2023,기계공학,4220832,이치승,2,0.0,"대한기계학회 (NODE11622469, IF: 0.36)
대한기계학회 (NODE11510429, IF: 0.36)"
1156,2023,기계공학,4023817,최지아,2,0.0,"대한기계학회 (NODE11622470, IF: 0.36)
한국수소및신에너지학회 (NODE11556965, IF: 0.62)"
1157,2023,기계공학,831999714,장지성,2,0.0,"대한기계학회 (NODE11622470, IF: 0.36)
한국수소및신에너지학회 (NODE11556965, IF: 0.62)"
1158,2023,기계공학,365280261,이종서,2,0.0,"대한기계학회 (NODE11622472, IF: 0.36)
대한기계학회 (NODE11622473, IF: 0.36)"
1159,2023,기계공학,620688907,이원영,2,0.0,"대한기계학회 (NODE11622472, IF: 0.36)
대한기계학회 (NODE11622473, IF: 0.36)"
1160,2023,기계공학,257489648,박희경,2,0.0,"대한기계학회 (NODE11622474, IF: 0.36)
한국수소및신에너지학회 (NODE11644827, IF: 0.62)"
1161,2023,기계공학,378867361,이민철,2,0.0,"대한기계학회 (NODE11622474, IF: 0.36)
한국수소및신에너지학회 (NODE11644827, IF: 0.62)"
1162,2023,기계공학,379825833,박동호,2,0.0,"대한기계학회 (NODE11622477, IF: 0.36)
대한기계학회 (NODE11482596, IF: 0.36)"
1163,2023,기계공학,741477935,김희준,2,0.0,"대한기계학회 (NODE11622479, IF: 0.36)
한국소음진동공학회 (NODE11634775, IF: 0.52)"
1164,2023,기계공학,213012588,김태석,2,0.0,"대한기계학회 (NODE11622479, IF: 0.36)
한국소음진동공학회 (NODE11634775, IF: 0.52)"
1165,2023,기계공학,533558578,김지훈,2,0.0,"대한기계학회 (NODE11622481, IF: 0.36)
대한기계학회 (NODE11622486, IF: 0.36)"
1166,2023,기계공학,180115365,이준서,2,0.0,"한국수소및신에너지학회 (NODE11644828, IF: 0.62)
한국수소및신에너지학회 (NODE11644831, IF: 0.62)"
1167,2023,기계공학,4591080,오세현,2,0.0,"한국수소및신에너지학회 (NODE11644828, IF: 0.62)
한국수소및신에너지학회 (NODE11644831, IF: 0.62)"
1168,2023,기계공학,643680323,안승효,2,0.0,"한국수소및신에너지학회 (NODE11644828, IF: 0.62)
한국수소및신에너지학회 (NODE11644831, IF: 0.62)"
1169,2023,기계공학,495000535,김은희,2,0.0,"한국수소및신에너지학회 (NODE11644828, IF: 0.62)
한국수소및신에너지학회 (NODE11644831, IF: 0.62)"
1170,2023,기계공학,936544281,정가영,2,0.0,"한국수소및신에너지학회 (NODE11644828, IF: 0.62)
한국수소및신에너지학회 (NODE11644831, IF: 0.62)"
1171,2023,기계공학,1273587,김현기,2,0.0,"한국수소및신에너지학회 (NODE11644829, IF: 0.62)
한국수소및신에너지학회 (NODE11508735, IF: 0.62)"
1172,2023,기계공학,714545062,신단비,2,0.0,"한국수소및신에너지학회 (NODE11644830, IF: 0.62)
한국수소및신에너지학회 (NODE11508735, IF: 0.62)"
1173,2023,기계공학,954482232,박성진,2,0.0,"한국수소및신에너지학회 (NODE11644836, IF: 0.62)
한국자동차공학회 (NODE11342608, IF: 0.41)"
1174,2023,기계공학,740238635,송재엽,2,0.0,"대한설비공학회 (NODE11469816, IF: 0.26)
대한설비공학회 (NODE11469818, IF: 0.26)"
1175,2023,기계공학,641190072,노희전,2,0.0,"대한설비공학회 (NODE11469817, IF: 0.26)
대한설비공학회 (NODE11469818, IF: 0.26)"
1176,2023,기계공학,713174715,Li Wang,2,0.0,"한국유체기계학회 (NODE11465964, IF: 0.29)
한국유체기계학회 (NODE11395907, IF: 0.29)"
1177,2023,기계공학,301107105,Xuejing Zhang,2,0.0,"한국유체기계학회 (NODE11465964, IF: 0.29)
한국유체기계학회 (NODE11395907, IF: 0.29)"
1178,2023,기계공학,561310634,Chong Ma,2,0.0,"한국유체기계학회 (NODE11465964, IF: 0.29)
한국유체기계학회 (NODE11395907, IF: 0.29)"
1179,2023,기계공학,124404288,Wei Han,2,0.0,"한국유체기계학회 (NODE11465964, IF: 0.29)
한국유체기계학회 (NODE11395907, IF: 0.29)"
1180,2023,기계공학,450514833,Yubing Gong,2,0.0,"한국유체기계학회 (NODE11465964, IF: 0.29)
한국유체기계학회 (NODE11395907, IF: 0.29)"
1181,2023,기계공학,867311386,박정우,2,0.0,"한국트라이볼로지학회 (NODE11589069, IF: 0.46)
한국기계가공학회 (NODE11568871, IF: 0.31)"
1182,2023,기계공학,759415083,이상훈,2,0.0,"한국트라이볼로지학회 (NODE11589074, IF: 0.46)
한국트라이볼로지학회 (NODE11228648, IF: 0.46)"
1183,2023,기계공학,790272128,송찬호,2,0.0,"대한설비공학회 (NODE11214072, IF: 0.26)
대한설비공학회 (NODE11202925, IF: 0.26)"
1184,2023,기계공학,148632938,조용,2,0.0,"대한설비공학회 (NODE11214075, IF: 0.26)
한국전산유체공학회 (NODE11441389, IF: 0.30)"
1185,2023,기계공학,491497856,최종웅,2,0.0,"대한설비공학회 (NODE11214075, IF: 0.26)
한국유체기계학회 (NODE11287722, IF: 0.29)"
1186,2023,기계공학,226992919,이공훈,2,0.0,"대한설비공학회 (NODE11214076, IF: 0.26)
대한설비공학회 (NODE11184295, IF: 0.26)"
1187,2023,기계공학,265835424,서명진,2,0.0,"한국유체기계학회 (NODE11214099, IF: 0.29)
한국유체기계학회 (NODE11214100, IF: 0.29)"
1188,2023,기계공학,913774252,이형돈,2,0.0,"한국유체기계학회 (NODE11214101, IF: 0.29)
한국유체기계학회 (NODE11214102, IF: 0.29)"
1189,2023,기계공학,232910869,김수홍,2,0.0,"한국소음진동공학회 (NODE11214494, IF: 0.52)
한국소음진동공학회 (NODE11498211, IF: 0.52)"
1190,2023,기계공학,933664045,류종관,2,0.0,"한국소음진동공학회 (NODE11214494, IF: 0.52)
한국소음진동공학회 (NODE11498211, IF: 0.52)"
1191,2023,기계공학,865496785,설한신,2,0.0,"한국소음진동공학회 (NODE11214495, IF: 0.52)
한국소음진동공학회 (NODE11716805, IF: 0.52)"
1192,2023,기계공학,735452873,한제헌,2,0.0,"한국소음진동공학회 (NODE11214499, IF: 0.52)
대한기계학회 (NODE11445229, IF: 0.36)"
1193,2023,기계공학,755398567,박동환,2,0.0,"한국생산제조학회 (NODE11214549, IF: 0.34)
Korean Society for Precision Engineering (NODE11184357, IF: 0.00)"
1194,2023,기계공학,186141692,엄인용,2,0.0,"한국자동차공학회 (NODE11184216, IF: 0.41)
한국자동차공학회 (NODE11443180, IF: 0.41)"
1195,2023,기계공학,139560642,김광,2,0.0,"Korean Society for Precision Engineering (NODE11184352, IF: 0.00)
한국생산제조학회 (NODE11498215, IF: 0.34)"
1196,2023,기계공학,507789329,강연주,2,0.0,"대한설비공학회 (NODE11527076, IF: 0.26)
대한설비공학회 (NODE11404363, IF: 0.26)"
1197,2023,기계공학,489427475,채호병,2,0.0,"대한설비공학회 (NODE11527076, IF: 0.26)
대한설비공학회 (NODE11404363, IF: 0.26)"
1198,2023,기계공학,259999371,배상무,2,0.0,"대한설비공학회 (NODE11527076, IF: 0.26)
대한설비공학회 (NODE11404363, IF: 0.26)"
1199,2023,기계공학,442262144,이수용,2,0.0,"항공우주시스템공학회 (NODE11561737, IF: 0.31)
한국항공우주학회 (NODE11560090, IF: 0.40)"
1200,2023,기계공학,937480583,곽동열,2,0.0,"한국비파괴검사학회 (NODE11561823, IF: 0.41)
한국비파괴검사학회 (NODE11654382, IF: 0.41)"
1201,2023,기계공학,768066873,이태훈,2,0.0,"한국비파괴검사학회 (NODE11561823, IF: 0.41)
한국비파괴검사학회 (NODE11654382, IF: 0.41)"
1202,2023,기계공학,414685605,조성인,2,0.0,"항공우주시스템공학회 (NODE11448301, IF: 0.31)
항공우주시스템공학회 (NODE11405030, IF: 0.31)"
1203,2023,기계공학,155563543,이주호,2,0.0,"항공우주시스템공학회 (NODE11448310, IF: 0.31)
대한기계학회 (NODE11426280, IF: 0.36)"
1204,2023,기계공학,144252773,박상영,2,0.0,"항공우주시스템공학회 (NODE11448311, IF: 0.31)
한국항공우주학회 (NODE11622563, IF: 0.40)"
1205,2023,기계공학,862870789,김연주,2,0.0,"항공우주시스템공학회 (NODE11448314, IF: 0.31)
한국항공우주학회 (NODE11188262, IF: 0.40)"
1206,2023,기계공학,178870194,김인걸,2,0.0,"항공우주시스템공학회 (NODE11448314, IF: 0.31)
한국항공우주학회 (NODE11188262, IF: 0.40)"
1207,2023,기계공학,296886299,임석대,2,0.0,"한국기계가공학회 (NODE11463891, IF: 0.31)
한국기계가공학회 (NODE11427998, IF: 0.31)"
1208,2023,기계공학,801786446,김진수,2,0.0,"한국기계가공학회 (NODE11463891, IF: 0.31)
한국기계가공학회 (NODE11427998, IF: 0.31)"
1209,2023,기계공학,805958720,성홍석,2,0.0,"한국기계가공학회 (NODE11463896, IF: 0.31)
한국기계가공학회 (NODE11568864, IF: 0.31)"
1210,2023,기계공학,609197366,마평식,2,0.0,"한국소음진동공학회 (NODE11498200, IF: 0.52)
한국소음진동공학회 (NODE11634777, IF: 0.52)"
1211,2023,기계공학,150461712,서윤호,2,0.0,"한국소음진동공학회 (NODE11498200, IF: 0.52)
한국소음진동공학회 (NODE11634777, IF: 0.52)"
1212,2023,기계공학,562326947,손정우,2,0.0,"한국소음진동공학회 (NODE11498202, IF: 0.52)
한국기계가공학회 (NODE11563264, IF: 0.31)"
1213,2023,기계공학,991235147,김종환,2,0.0,"한국소음진동공학회 (NODE11498203, IF: 0.52)
한국항공우주학회 (NODE11188261, IF: 0.40)"
1214,2023,기계공학,4772462,황수하,2,0.0,"한국소음진동공학회 (NODE11498204, IF: 0.52)
대한기계학회 (NODE11426276, IF: 0.36)"
1215,2023,기계공학,501097910,박범식,2,0.0,"한국소음진동공학회 (NODE11498204, IF: 0.52)
대한기계학회 (NODE11426276, IF: 0.36)"
1216,2023,기계공학,381652867,이동녁,2,0.0,"한국소음진동공학회 (NODE11498204, IF: 0.52)
대한기계학회 (NODE11426276, IF: 0.36)"
1217,2023,기계공학,354292354,조형주,2,0.0,"한국소음진동공학회 (NODE11498207, IF: 0.52)
한국소음진동공학회 (NODE11550602, IF: 0.52)"
1218,2023,기계공학,894413623,이형일,2,0.0,"한국소음진동공학회 (NODE11498207, IF: 0.52)
한국소음진동공학회 (NODE11550602, IF: 0.52)"
1219,2023,기계공학,799956514,송용진,2,0.0,"한국소음진동공학회 (NODE11498209, IF: 0.52)
한국소음진동공학회 (NODE11634780, IF: 0.52)"
1220,2023,기계공학,356257147,정회인,2,0.0,"한국소음진동공학회 (NODE11498209, IF: 0.52)
한국소음진동공학회 (NODE11550601, IF: 0.52)"
1221,2023,기계공학,222803765,박경수,2,0.0,"한국소음진동공학회 (NODE11498209, IF: 0.52)
한국소음진동공학회 (NODE11634780, IF: 0.52)"
1222,2023,기계공학,830798007,박관형,2,0.0,"한국기계가공학회 (NODE11498294, IF: 0.31)
한국기계가공학회 (NODE11563268, IF: 0.31)"
1223,2023,기계공학,310438900,최윤수,2,0.0,"한국기계가공학회 (NODE11498294, IF: 0.31)
한국기계가공학회 (NODE11563268, IF: 0.31)"
1224,2023,기계공학,5159236,전호남,2,0.0,"한국기계가공학회 (NODE11498296, IF: 0.31)
한국기계가공학회 (NODE11198015, IF: 0.31)"
1225,2023,기계공학,182236036,김동윤,2,0.0,"한국기계가공학회 (NODE11498297, IF: 0.31)
한국기계가공학회 (NODE11563263, IF: 0.31)"
1226,2023,기계공학,417266544,정선우,2,0.0,"한국기계가공학회 (NODE11498297, IF: 0.31)
한국기계가공학회 (NODE11563263, IF: 0.31)"
1227,2023,기계공학,602604546,김정민,2,0.0,"한국기계가공학회 (NODE11498300, IF: 0.31)
한국기계가공학회 (NODE11221716, IF: 0.31)"
1228,2023,기계공학,464181893,전은채,2,0.0,"한국기계가공학회 (NODE11498301, IF: 0.31)
한국기계가공학회 (NODE11516548, IF: 0.31)"
1229,2023,기계공학,864903992,추원식,2,0.0,"한국기계가공학회 (NODE11498302, IF: 0.31)
한국기계가공학회 (NODE11516540, IF: 0.31)"
1230,2023,기계공학,429214566,차두환,2,0.0,"한국기계가공학회 (NODE11498304, IF: 0.31)
한국기계가공학회 (NODE11427993, IF: 0.31)"
1231,2023,기계공학,443295939,김효식,2,0.0,"한국에너지기후변화학회 (NODE11647067, IF: 0.28)
한국에너지기후변화학회 (NODE11647069, IF: 0.28)"
1232,2023,기계공학,760520528,노영훈,2,0.0,"한국에너지기후변화학회 (NODE11647070, IF: 0.28)
한국환경에너지공학회 (NODE11651646, IF: 0.00)"
1233,2023,기계공학,792690684,박주형,2,0.0,"한국에너지기후변화학회 (NODE11647070, IF: 0.28)
한국환경에너지공학회 (NODE11651646, IF: 0.00)"
1234,2023,기계공학,201086413,송규섭,2,0.0,"한국에너지기후변화학회 (NODE11647070, IF: 0.28)
한국환경에너지공학회 (NODE11651646, IF: 0.00)"
1235,2023,기계공학,4683836,김진성,2,0.0,"한국에너지기후변화학회 (NODE11647070, IF: 0.28)
한국환경에너지공학회 (NODE11651646, IF: 0.00)"
1236,2023,기계공학,242779837,최영찬,2,0.0,"한국에너지기후변화학회 (NODE11647070, IF: 0.28)
한국환경에너지공학회 (NODE11651646, IF: 0.00)"
1237,2023,기계공학,967216921,최종원,2,0.0,"한국에너지기후변화학회 (NODE11647070, IF: 0.28)
한국환경에너지공학회 (NODE11651646, IF: 0.00)"
1238,2023,기계공학,657620121,송광호,2,0.0,"한국에너지기후변화학회 (NODE11647070, IF: 0.28)
한국환경에너지공학회 (NODE11651646, IF: 0.00)"
1239,2023,기계공학,872707794,이영주,2,0.0,"한국에너지기후변화학회 (NODE11647070, IF: 0.28)
한국환경에너지공학회 (NODE11651646, IF: 0.00)"
1240,2023,기계공학,929249817,박정은,2,0.0,"한국에너지기후변화학회 (NODE11647079, IF: 0.28)
한국환경에너지공학회 (NODE11651649, IF: 0.00)"
1241,2023,기계공학,121869954,황원태,2,0.0,"대한기계학회 (NODE11220800, IF: 0.36)
한국유체기계학회 (NODE11438394, IF: 0.29)"
1242,2023,기계공학,332281912,이상원,2,0.0,"Korean Society for Precision Engineering (NODE11406247, IF: 0.00)
대한기계학회 (NODE11426275, IF: 0.36)"
1243,2023,기계공학,704364231,이원균,2,0.0,"Korean Society for Precision Engineering (NODE11406249, IF: 0.00)
대한기계학회 (NODE11342480, IF: 0.36)"
1244,2023,기계공학,252905373,김중배,2,0.0,"Korean Society for Precision Engineering (NODE11406256, IF: 0.00)
Korean Society for Precision Engineering (NODE11288373, IF: 0.00)"
1245,2023,기계공학,741240134,Young IL Park,2,0.0,"한국마린엔지니어링학회 (NODE11406263, IF: 0.23)
한국마린엔지니어링학회 (NODE11219010, IF: 0.23)"
1246,2023,기계공학,171093189,김정환,2,0.0,"한국마린엔지니어링학회 (NODE11406263, IF: 0.23)
한국마린엔지니어링학회 (NODE11219010, IF: 0.23)"
1247,2023,기계공학,306118076,손경락,2,0.0,"한국마린엔지니어링학회 (NODE11406271, IF: 0.23)
한국마린엔지니어링학회 (NODE11651726, IF: 0.23)"
1248,2023,기계공학,976970945,김현식,2,0.0,"한국마린엔지니어링학회 (NODE11406271, IF: 0.23)
한국마린엔지니어링학회 (NODE11651726, IF: 0.23)"
1249,2023,기계공학,934893745,김시진,2,0.0,"한국소음진동공학회 (NODE11474924, IF: 0.52)
한국전산유체공학회 (NODE11651695, IF: 0.30)"
1250,2023,기계공학,508404254,이승철,2,0.0,"대한기계학회 (NODE11513851, IF: 0.36)
한국기계가공학회 (NODE11198029, IF: 0.31)"
1251,2023,기계공학,226965945,김형모,2,0.0,"대한기계학회 (NODE11342465, IF: 0.36)
한국추진공학회 (NODE11408606, IF: 0.33)"
1252,2023,기계공학,410360746,오종석,2,0.0,"한국소음진동공학회 (NODE11528606, IF: 0.52)
한국소음진동공학회 (NODE11634772, IF: 0.52)"
1253,2023,기계공학,547289247,이동철,2,0.0,"한국자동차공학회 (NODE11408277, IF: 0.41)
한국자동차공학회 (NODE11440970, IF: 0.41)"
1254,2023,기계공학,626261194,이경일,2,0.0,"한국기계가공학회 (NODE11563266, IF: 0.31)
Korean Society for Precision Engineering (NODE11558349, IF: 0.00)"
1255,2023,기계공학,674899558,장현수,2,0.0,"한국기계가공학회 (NODE11563271, IF: 0.31)
한국기계가공학회 (NODE11198019, IF: 0.31)"
1256,2023,기계공학,368545446,김대식,2,0.0,"한국연소학회 (NODE11549774, IF: 1.09)
한국연소학회 (NODE11549776, IF: 1.09)"
1257,2023,기계공학,577156839,김민수,2,0.0,"Korean Society for Precision Engineering (NODE11420841, IF: 0.00)
한국트라이볼로지학회 (NODE11520156, IF: 0.46)"
1258,2023,기계공학,115752,박성현,2,0.0,"Korean Society for Precision Engineering (NODE11420842, IF: 0.00)
Korean Society for Precision Engineering (NODE11202370, IF: 0.00)"
1259,2023,기계공학,461324552,김우진,2,0.0,"Korean Society for Precision Engineering (NODE11420844, IF: 0.00)
한국전산유체공학회 (NODE11651687, IF: 0.30)"
1260,2023,기계공학,909950493,이은택,2,0.0,"Korean Society for Precision Engineering (NODE11420844, IF: 0.00)
한국전산유체공학회 (NODE11651687, IF: 0.30)"
1261,2023,기계공학,967867320,김기현,2,0.0,"Korean Society for Precision Engineering (NODE11420851, IF: 0.00)
한국소음진동공학회 (NODE11474930, IF: 0.52)"
1262,2023,기계공학,964392231,심재홍,2,0.0,"Korean Society for Precision Engineering (NODE11420851, IF: 0.00)
한국소음진동공학회 (NODE11474930, IF: 0.52)"
1263,2023,기계공학,974777759,전재욱,2,0.0,"대한기계학회 (NODE11622485, IF: 0.36)
대한용접·접합학회 (NODE11650348, IF: 0.62)"
1264,2023,기계공학,146083597,송무근,2,0.0,"대한기계학회 (NODE11622485, IF: 0.36)
대한용접·접합학회 (NODE11650348, IF: 0.62)"
1265,2023,기계공학,188474636,홍윤표,2,0.0,"한국항공우주학회 (NODE11622561, IF: 0.40)
한국전산유체공학회 (NODE11651684, IF: 0.30)"
1266,2023,기계공학,357376823,왕호림,2,0.0,"대한기계학회 (NODE11624839, IF: 0.36)
대한기계학회 (NODE11186481, IF: 0.36)"
1267,2023,기계공학,905596189,신현성,2,0.0,"대한기계학회 (NODE11624839, IF: 0.36)
대한기계학회 (NODE11186481, IF: 0.36)"
1268,2023,기계공학,809446148,이충호,2,0.0,"한국기계가공학회 (NODE11343895, IF: 0.31)
한국기계가공학회 (NODE11343896, IF: 0.31)"
1269,2023,기계공학,388164855,정원지,2,0.0,"한국기계가공학회 (NODE11343898, IF: 0.31)
한국기계가공학회 (NODE11211675, IF: 0.31)"
1270,2023,기계공학,634745364,김은중,2,0.0,"한국기계가공학회 (NODE11343898, IF: 0.31)
한국기계가공학회 (NODE11211675, IF: 0.31)"
1271,2023,기계공학,688645022,이상협,2,0.0,"한국기계가공학회 (NODE11343899, IF: 0.31)
한국기계가공학회 (NODE11427988, IF: 0.31)"
1272,2023,기계공학,516921927,양동호,2,0.0,"한국기계가공학회 (NODE11343899, IF: 0.31)
한국기계가공학회 (NODE11427988, IF: 0.31)"
1273,2023,기계공학,354645711,차승환,2,0.0,"한국기계가공학회 (NODE11343899, IF: 0.31)
한국기계가공학회 (NODE11427988, IF: 0.31)"
1274,2023,기계공학,196080167,이종찬,2,0.0,"한국기계가공학회 (NODE11343899, IF: 0.31)
한국기계가공학회 (NODE11427988, IF: 0.31)"
1275,2023,기계공학,717772071,이홍철,2,0.0,"대한설비공학회 (NODE11438209, IF: 0.26)
대한설비공학회 (NODE11438213, IF: 0.26)"
1276,2023,기계공학,154795228,이진욱,2,0.0,"대한설비공학회 (NODE11438212, IF: 0.26)
한국에너지기후변화학회 (NODE11442453, IF: 0.28)"
1277,2023,기계공학,283885648,정석우,2,0.0,"대한설비공학회 (NODE11438212, IF: 0.26)
한국에너지기후변화학회 (NODE11442453, IF: 0.28)"
1278,2023,기계공학,752595351,강민석,2,0.0,"한국유체기계학회 (NODE11438392, IF: 0.29)
한국유체기계학회 (NODE11485191, IF: 0.29)"
1279,2023,기계공학,557428732,곽재수,2,0.0,"한국유체기계학회 (NODE11438392, IF: 0.29)
한국유체기계학회 (NODE11485191, IF: 0.29)"
1280,2023,기계공학,467679674,박설현,2,0.0,"한국연소학회 (NODE11707761, IF: 1.09)
한국기계가공학회 (NODE11211687, IF: 0.31)"
1281,2023,기계공학,739186996,이현진,2,0.0,"대한기계학회 (NODE11203178, IF: 0.36)
한국자동차공학회 (NODE11443173, IF: 0.41)"
1282,2023,기계공학,461634261,허재혁,2,0.0,"대한기계학회 (NODE11202914, IF: 0.36)
대한설비공학회 (NODE11481858, IF: 0.26)"
1283,2023,기계공학,665652939,이택성,2,0.0,"대한기계학회 (NODE11202938, IF: 0.36)
Korean Society for Precision Engineering (NODE11485054, IF: 0.00)"
1284,2023,기계공학,528872416,김양진,2,0.0,"대한기계학회 (NODE11202942, IF: 0.36)
대한기계학회 (NODE11342481, IF: 0.36)"
1285,2023,기계공학,894364533,홍희기,2,0.0,"대한설비공학회 (NODE11227110, IF: 0.26)
대한설비공학회 (NODE11633151, IF: 0.26)"
1286,2023,기계공학,568481154,소영명,2,0.0,"한국자동차안전학회 (NODE11716843, IF: 0.34)
한국자동차안전학회 (NODE11716844, IF: 0.34)"
1287,2023,기계공학,907850800,김호,2,0.0,"한국자동차안전학회 (NODE11716843, IF: 0.34)
한국자동차안전학회 (NODE11716844, IF: 0.34)"
1288,2023,기계공학,747361462,배준석,2,0.0,"한국자동차안전학회 (NODE11716843, IF: 0.34)
한국자동차안전학회 (NODE11716844, IF: 0.34)"
1289,2023,기계공학,457366957,강희진,2,0.0,"한국자동차안전학회 (NODE11716847, IF: 0.34)
한국자동차공학회 (NODE11440960, IF: 0.41)"
1290,2023,기계공학,632881669,우나은,2,0.0,"한국자동차안전학회 (NODE11716847, IF: 0.34)
한국자동차공학회 (NODE11440960, IF: 0.41)"
1291,2023,기계공학,201941,박기옥,2,0.0,"한국자동차안전학회 (NODE11716847, IF: 0.34)
한국자동차공학회 (NODE11440960, IF: 0.41)"
1292,2023,기계공학,167611497,윤상우,2,0.0,"한국기계가공학회 (NODE11516537, IF: 0.31)
Korean Society for Precision Engineering (NODE11288372, IF: 0.00)"
1293,2023,기계공학,342328461,김주한,2,0.0,"한국기계가공학회 (NODE11516537, IF: 0.31)
Korean Society for Precision Engineering (NODE11288372, IF: 0.00)"
1294,2023,기계공학,474955840,박수한,2,0.0,"유공압건설기계학회 (NODE11509594, IF: 2.21)
한국자동차공학회 (NODE11404316, IF: 0.41)"
1295,2023,기계공학,574894552,전현호,2,0.0,"유공압건설기계학회 (NODE11509596, IF: 2.21)
유공압건설기계학회 (NODE11615524, IF: 2.21)"
1296,2023,기계공학,550787659,최장영,2,0.0,"유공압건설기계학회 (NODE11509596, IF: 2.21)
유공압건설기계학회 (NODE11615524, IF: 2.21)"
1297,2023,기계공학,744256875,Eunkyung Lee,2,0.0,"한국마린엔지니어링학회 (NODE11511744, IF: 0.23)
한국마린엔지니어링학회 (NODE11511746, IF: 0.23)"
1298,2023,기계공학,538764677,김성원,2,0.0,"한국항공우주학회 (NODE11188263, IF: 0.40)
한국표면공학회 (NODE11678868, IF: 0.22)"
1299,2023,기계공학,248962264,이기주,2,0.0,"한국항공우주학회 (NODE11188263, IF: 0.40)
한국추진공학회 (NODE11442387, IF: 0.33)"
1300,2023,기계공학,470917722,한성현,2,0.0,"한국항공우주학회 (NODE11188264, IF: 0.40)
한국항공우주학회 (NODE11202596, IF: 0.40)"
1301,2023,기계공학,926904261,이상일,2,0.0,"한국항공우주학회 (NODE11188264, IF: 0.40)
한국항공우주학회 (NODE11560091, IF: 0.40)"
1302,2023,기계공학,669864510,황의진,2,0.0,"한국항공우주학회 (NODE11188266, IF: 0.40)
항공우주시스템공학회 (NODE11405027, IF: 0.31)"
1303,2023,기계공학,958424947,이명규,2,0.0,"한국항공우주학회 (NODE11188266, IF: 0.40)
항공우주시스템공학회 (NODE11405027, IF: 0.31)"
1304,2023,기계공학,770073896,고도영,2,0.0,"한국소음진동공학회 (NODE11398219, IF: 0.52)
한국소음진동공학회 (NODE11550596, IF: 0.52)"
1305,2023,기계공학,978653512,김규형,2,0.0,"한국소음진동공학회 (NODE11398219, IF: 0.52)
한국소음진동공학회 (NODE11550596, IF: 0.52)"
1306,2023,기계공학,352171632,장호철,2,0.0,"한국소음진동공학회 (NODE11398219, IF: 0.52)
한국소음진동공학회 (NODE11550596, IF: 0.52)"
1307,2023,기계공학,853853054,김대웅,2,0.0,"한국소음진동공학회 (NODE11398222, IF: 0.52)
한국소음진동공학회 (NODE11398224, IF: 0.52)"
1308,2023,기계공학,617400882,구경래,2,0.0,"한국소음진동공학회 (NODE11398225, IF: 0.52)
한국소음진동공학회 (NODE11550603, IF: 0.52)"
1309,2023,기계공학,690399633,손유라,2,0.0,"대한설비공학회 (NODE11217277, IF: 0.26)
대한설비공학회 (NODE11506970, IF: 0.26)"
1310,2023,기계공학,530840065,양정훈,2,0.0,"대한설비공학회 (NODE11217277, IF: 0.26)
대한설비공학회 (NODE11506970, IF: 0.26)"
1311,2023,기계공학,826720770,박균범,2,0.0,"한국수소및신에너지학회 (NODE11217296, IF: 0.62)
한국수소및신에너지학회 (NODE11217297, IF: 0.62)"
1312,2023,기계공학,960713957,주성욱,2,0.0,"한국수소및신에너지학회 (NODE11217296, IF: 0.62)
한국수소및신에너지학회 (NODE11217297, IF: 0.62)"
1313,2023,기계공학,507003126,김유일,2,0.0,"한국추진공학회 (NODE11408605, IF: 0.33)
한국추진공학회 (NODE11651796, IF: 0.33)"
1314,2023,기계공학,458736503,김신현,2,0.0,"한국추진공학회 (NODE11408606, IF: 0.33)
한국유체기계학회 (NODE11485192, IF: 0.29)"
1315,2023,기계공학,336788318,이복원,2,0.0,"한국추진공학회 (NODE11408606, IF: 0.33)
한국유체기계학회 (NODE11485192, IF: 0.29)"
1316,2023,기계공학,2302063,김현중,2,0.0,"Korean Society for Precision Engineering (NODE11202371, IF: 0.00)
한국수소및신에너지학회 (NODE11404247, IF: 0.62)"
1317,2023,기계공학,967580782,김상영,2,0.0,"Korean Society for Precision Engineering (NODE11202371, IF: 0.00)
한국수소및신에너지학회 (NODE11404247, IF: 0.62)"
1318,2023,기계공학,449997282,정현재,2,0.0,"Korean Society for Precision Engineering (NODE11202372, IF: 0.00)
Korean Society for Precision Engineering (NODE11508703, IF: 0.00)"
1319,2023,기계공학,162938404,박현빈,2,0.0,"Korean Society for Precision Engineering (NODE11202372, IF: 0.00)
Korean Society for Precision Engineering (NODE11508703, IF: 0.00)"
1320,2023,기계공학,599610831,주백석,2,0.0,"Korean Society for Precision Engineering (NODE11202372, IF: 0.00)
Korean Society for Precision Engineering (NODE11508703, IF: 0.00)"
1321,2023,기계공학,164840910,임옥택,2,0.0,"한국수소및신에너지학회 (NODE11644809, IF: 0.62)
한국수소및신에너지학회 (NODE11217301, IF: 0.62)"
1322,2023,기계공학,492320367,유철휘,2,0.0,"한국수소및신에너지학회 (NODE11644811, IF: 0.62)
한국수소및신에너지학회 (NODE11508728, IF: 0.62)"
1323,2023,기계공학,417116027,황갑진,2,0.0,"한국수소및신에너지학회 (NODE11644811, IF: 0.62)
한국수소및신에너지학회 (NODE11508728, IF: 0.62)"
1324,2023,기계공학,577679074,조원준,2,0.0,"한국수소및신에너지학회 (NODE11644812, IF: 0.62)
한국수소및신에너지학회 (NODE11217301, IF: 0.62)"
1325,2023,기계공학,503687973,이길강,2,0.0,"한국수소및신에너지학회 (NODE11644816, IF: 0.62)
한국수소및신에너지학회 (NODE11404251, IF: 0.62)"
1326,2023,기계공학,694385440,이권영,2,0.0,"Korean Society for Precision Engineering (NODE11508709, IF: 0.00)
한국자동차공학회 (NODE11443181, IF: 0.41)"
1327,2023,기계공학,553706828,한승훈,2,0.0,"한국동력기계공학회 (NODE11508713, IF: 0.33)
한국동력기계공학회 (NODE11217267, IF: 0.33)"
1328,2023,기계공학,673244153,박경조,2,0.0,"한국동력기계공학회 (NODE11508715, IF: 0.33)
한국동력기계공학회 (NODE11651432, IF: 0.33)"
1329,2023,기계공학,708935504,윤지원,2,0.0,"한국동력기계공학회 (NODE11508718, IF: 0.33)
한국마린엔지니어링학회 (NODE11219008, IF: 0.23)"
1330,2023,기계공학,772950494,문정현,2,0.0,"한국동력기계공학회 (NODE11508718, IF: 0.33)
한국동력기계공학회 (NODE11651438, IF: 0.33)"
1331,2023,기계공학,335782980,지호,2,0.0,"한국동력기계공학회 (NODE11508718, IF: 0.33)
한국동력기계공학회 (NODE11651438, IF: 0.33)"
1332,2023,기계공학,4587974,최광환,2,0.0,"한국동력기계공학회 (NODE11508720, IF: 0.33)
한국동력기계공학회 (NODE11445841, IF: 0.33)"
1333,2023,기계공학,446567181,강태성,2,0.0,"한국수소및신에너지학회 (NODE11508732, IF: 0.62)
한국수소및신에너지학회 (NODE11404254, IF: 0.62)"
1334,2023,기계공학,451654315,함성현,2,0.0,"한국수소및신에너지학회 (NODE11508732, IF: 0.62)
한국수소및신에너지학회 (NODE11404254, IF: 0.62)"
1335,2023,기계공학,737409119,김민진,2,0.0,"한국수소및신에너지학회 (NODE11508732, IF: 0.62)
한국수소및신에너지학회 (NODE11404254, IF: 0.62)"
1336,2023,기계공학,919514814,김영현,2,0.0,"한국수소및신에너지학회 (NODE11508733, IF: 0.62)
한국수소및신에너지학회 (NODE11556967, IF: 0.62)"
1337,2023,기계공학,534118074,우종빈,2,0.0,"한국수소및신에너지학회 (NODE11508733, IF: 0.62)
한국수소및신에너지학회 (NODE11556967, IF: 0.62)"
1338,2023,기계공학,4835827,이창준,2,0.0,"Korean Society for Precision Engineering (NODE11288376, IF: 0.00)
Korean Society for Precision Engineering (NODE11485062, IF: 0.00)"
1339,2023,기계공학,372528465,이정근,2,0.0,"Korean Society for Precision Engineering (NODE11288376, IF: 0.00)
Korean Society for Precision Engineering (NODE11485062, IF: 0.00)"
1340,2023,기계공학,820639293,김현철,2,0.0,"한국자동차공학회 (NODE11511821, IF: 0.41)
한국자동차공학회 (NODE11443182, IF: 0.41)"
1341,2023,기계공학,635116264,박한별,2,0.0,"한국기계가공학회 (NODE11221715, IF: 0.31)
Korean Society for Precision Engineering (NODE11485056, IF: 0.00)"
1342,2023,기계공학,308862618,김대근,2,0.0,"한국소음진동공학회 (NODE11634774, IF: 0.52)
한국소음진동공학회 (NODE11634775, IF: 0.52)"
1343,2023,기계공학,317577705,임선빈,2,0.0,"한국소음진동공학회 (NODE11634774, IF: 0.52)
한국소음진동공학회 (NODE11634775, IF: 0.52)"
1344,2023,기계공학,585246866,백승훈,2,0.0,"한국소음진동공학회 (NODE11634778, IF: 0.52)
한국소음진동공학회 (NODE11198428, IF: 0.52)"
1345,2023,기계공학,810242636,전병찬,2,0.0,"한국트라이볼로지학회 (NODE11691846, IF: 0.46)
한국트라이볼로지학회 (NODE11228652, IF: 0.46)"
1346,2023,기계공학,841531587,Gowtham Balasubramaniam,2,0.0,"한국트라이볼로지학회 (NODE11691847, IF: 0.46)
한국트라이볼로지학회 (NODE11412960, IF: 0.46)"
1347,2023,기계공학,305761025,조대현,2,0.0,"한국트라이볼로지학회 (NODE11691847, IF: 0.46)
한국트라이볼로지학회 (NODE11412960, IF: 0.46)"
1348,2023,기계공학,390993782,최용석,2,0.0,"한국트라이볼로지학회 (NODE11691850, IF: 0.46)
한국트라이볼로지학회 (NODE11691851, IF: 0.46)"
1349,2023,기계공학,782734621,박경렬,2,0.0,"한국트라이볼로지학회 (NODE11691850, IF: 0.46)
한국트라이볼로지학회 (NODE11691851, IF: 0.46)"
1350,2023,기계공학,338645621,강성민,2,0.0,"한국트라이볼로지학회 (NODE11691850, IF: 0.46)
한국트라이볼로지학회 (NODE11691851, IF: 0.46)"
1351,2023,기계공학,900985058,김운성,2,0.0,"한국트라이볼로지학회 (NODE11691850, IF: 0.46)
한국트라이볼로지학회 (NODE11691851, IF: 0.46)"
1352,2023,기계공학,509071023,정경은,2,0.0,"한국트라이볼로지학회 (NODE11691850, IF: 0.46)
한국트라이볼로지학회 (NODE11691851, IF: 0.46)"
1353,2023,기계공학,441930967,박영진,2,0.0,"한국트라이볼로지학회 (NODE11691850, IF: 0.46)
한국트라이볼로지학회 (NODE11691851, IF: 0.46)"
1354,2023,기계공학,711511611,이경준,2,0.0,"한국트라이볼로지학회 (NODE11691850, IF: 0.46)
한국트라이볼로지학회 (NODE11691851, IF: 0.46)"
1355,2023,기계공학,917612234,박일수,2,0.0,"한국수소및신에너지학회 (NODE11217304, IF: 0.62)
한국수소및신에너지학회 (NODE11404259, IF: 0.62)"
1356,2023,기계공학,229280789,이종환,2,0.0,"한국표면공학회 (NODE11217514, IF: 0.22)
한국표면공학회 (NODE11678856, IF: 0.22)"
1357,2023,기계공학,524288653,정구환,2,0.0,"한국표면공학회 (NODE11217514, IF: 0.22)
한국표면공학회 (NODE11678856, IF: 0.22)"
1358,2023,기계공학,168518786,김진겸,2,0.0,"한국비파괴검사학회 (NODE11444165, IF: 0.41)
한국비파괴검사학회 (NODE11654383, IF: 0.41)"
1359,2023,기계공학,764346159,강성식,2,0.0,"한국비파괴검사학회 (NODE11444165, IF: 0.41)
한국비파괴검사학회 (NODE11654383, IF: 0.41)"
1360,2023,기계공학,564291173,박형욱,2,0.0,"Korean Society for Precision Engineering (NODE11219120, IF: 0.00)
Korean Society for Precision Engineering (NODE11219121, IF: 0.00)"
1361,2023,기계공학,853369549,강한기,2,0.0,"대한설비공학회 (NODE11194882, IF: 0.26)
대한설비공학회 (NODE11396063, IF: 0.26)"
1362,2023,기계공학,778970065,이태구,2,0.0,"대한설비공학회 (NODE11194882, IF: 0.26)
대한설비공학회 (NODE11396063, IF: 0.26)"
1363,2023,기계공학,767373751,김종근,2,0.0,"한국환경에너지공학회 (NODE11651641, IF: 0.00)
한국환경에너지공학회 (NODE11651644, IF: 0.00)"
1364,2023,기계공학,927447760,이상엽,2,0.0,"한국환경에너지공학회 (NODE11651641, IF: 0.00)
한국환경에너지공학회 (NODE11651644, IF: 0.00)"
1365,2023,기계공학,722955552,이지연,2,0.0,"한국환경에너지공학회 (NODE11651641, IF: 0.00)
한국환경에너지공학회 (NODE11651644, IF: 0.00)"
1366,2023,기계공학,111572288,김민지,2,0.0,"한국환경에너지공학회 (NODE11651642, IF: 0.00)
한국환경에너지공학회 (NODE11481679, IF: 0.00)"
1367,2023,기계공학,425405221,정구현,2,0.0,"한국트라이볼로지학회 (NODE11412961, IF: 0.46)
Korean Society for Precision Engineering (NODE11558342, IF: 0.00)"
1368,2023,기계공학,249384240,황의찬,2,0.0,"한국자동차공학회 (NODE11488736, IF: 0.41)
한국자동차공학회 (NODE11488738, IF: 0.41)"
1369,2023,기계공학,235151225,조동재,2,0.0,"한국추진공학회 (NODE11704313, IF: 0.33)
한국추진공학회 (NODE11442383, IF: 0.33)"
1370,2023,기계공학,296657705,김시헌,2,0.0,"대한설비공학회 (NODE11396061, IF: 0.26)
대한설비공학회 (NODE11569204, IF: 0.26)"
1371,2023,기계공학,556651484,박정선,2,0.0,"항공우주시스템공학회 (NODE11405022, IF: 0.31)
항공우주시스템공학회 (NODE11405029, IF: 0.31)"
1372,2023,기계공학,5332720,김재은,2,0.0,"항공우주시스템공학회 (NODE11405034, IF: 0.31)
항공우주시스템공학회 (NODE11405035, IF: 0.31)"
1373,2023,기계공학,290133141,임혜정,2,0.0,"항공우주시스템공학회 (NODE11405034, IF: 0.31)
항공우주시스템공학회 (NODE11405035, IF: 0.31)"
1374,2023,기계공학,838904,조성욱,2,0.0,"항공우주시스템공학회 (NODE11405034, IF: 0.31)
항공우주시스템공학회 (NODE11405035, IF: 0.31)"
1375,2023,기계공학,501589485,정재학,2,0.0,"대한기계학회 (NODE11485267, IF: 0.36)
대한기계학회 (NODE11482599, IF: 0.36)"
1376,2023,기계공학,619643515,이보미,2,0.0,"대한기계학회 (NODE11485267, IF: 0.36)
대한기계학회 (NODE11482599, IF: 0.36)"
1377,2023,기계공학,715147000,홍준기,2,0.0,"대한기계학회 (NODE11485267, IF: 0.36)
대한기계학회 (NODE11482599, IF: 0.36)"
1378,2023,기계공학,908994664,민창희,2,0.0,"대한기계학회 (NODE11485267, IF: 0.36)
대한기계학회 (NODE11482599, IF: 0.36)"
1379,2023,기계공학,5099001,임기훈,2,0.0,"대한기계학회 (NODE11485276, IF: 0.36)
대한기계학회 (NODE11517709, IF: 0.36)"
1380,2023,기계공학,351345826,도재혁,2,0.0,"대한기계학회 (NODE11485276, IF: 0.36)
대한기계학회 (NODE11517709, IF: 0.36)"
1381,2023,기계공학,137169418,임재문,2,0.0,"대한기계학회 (NODE11485277, IF: 0.36)
대한기계학회 (NODE11342479, IF: 0.36)"
1382,2023,기계공학,646291892,신광복,2,0.0,"대한기계학회 (NODE11485277, IF: 0.36)
대한기계학회 (NODE11342479, IF: 0.36)"
1383,2023,기계공학,553681244,김범주,2,0.0,"대한기계학회 (NODE11517706, IF: 0.36)
대한기계학회 (NODE11517710, IF: 0.36)"
1384,2023,기계공학,308608232,우남섭,2,0.0,"대한기계학회 (NODE11517715, IF: 0.36)
대한기계학회 (NODE11445169, IF: 0.36)"
1385,2023,기계공학,808279934,최호연,2,0.0,"대한기계학회 (NODE11186450, IF: 0.36)
대한기계학회 (NODE11342447, IF: 0.36)"
1386,2023,기계공학,688445737,김동우,2,0.0,"대한기계학회 (NODE11186451, IF: 0.36)
대한기계학회 (NODE11342497, IF: 0.36)"
1387,2023,기계공학,522614001,박성현,2,0.0,"대한기계학회 (NODE11186451, IF: 0.36)
대한기계학회 (NODE11342498, IF: 0.36)"
1388,2023,기계공학,898936102,박성군,2,0.0,"대한기계학회 (NODE11186458, IF: 0.36)
한국유체기계학회 (NODE11287726, IF: 0.29)"
1389,2023,기계공학,296190492,전승경,2,0.0,"대한기계학회 (NODE11186476, IF: 0.36)
대한기계학회 (NODE11426281, IF: 0.36)"
1390,2023,기계공학,440490317,이동은,2,0.0,"한국유체기계학회 (NODE11287713, IF: 0.29)
한국유체기계학회 (NODE11287716, IF: 0.29)"
1391,2023,기계공학,683281233,최경식,2,0.0,"유공압건설기계학회 (NODE11615520, IF: 2.21)
유공압건설기계학회 (NODE11615525, IF: 2.21)"
1392,2023,기계공학,548510443,유승화,2,0.0,"유공압건설기계학회 (NODE11615520, IF: 2.21)
유공압건설기계학회 (NODE11615525, IF: 2.21)"
1393,2023,기계공학,280285093,배보민,2,0.0,"유공압건설기계학회 (NODE11615521, IF: 2.21)
유공압건설기계학회 (NODE11615526, IF: 2.21)"
1394,2023,기계공학,562288032,정대위,2,0.0,"유공압건설기계학회 (NODE11615521, IF: 2.21)
유공압건설기계학회 (NODE11615526, IF: 2.21)"
1395,2023,기계공학,934607765,류동형,2,0.0,"유공압건설기계학회 (NODE11615521, IF: 2.21)
유공압건설기계학회 (NODE11615526, IF: 2.21)"
1396,2023,기계공학,969332571,안장현,2,0.0,"유공압건설기계학회 (NODE11615521, IF: 2.21)
유공압건설기계학회 (NODE11615526, IF: 2.21)"
1397,2023,기계공학,320426883,최세오,2,0.0,"유공압건설기계학회 (NODE11615521, IF: 2.21)
유공압건설기계학회 (NODE11615526, IF: 2.21)"
1398,2023,기계공학,124741,황성호,2,0.0,"유공압건설기계학회 (NODE11615523, IF: 2.21)
한국자동차공학회 (NODE11481212, IF: 0.41)"
1399,2023,기계공학,775025667,김선영,2,0.0,"유공압건설기계학회 (NODE11615531, IF: 2.21)
대한기계학회 (NODE11534777, IF: 0.36)"
1400,2023,기계공학,958591663,김태진,2,0.0,"한국수소및신에너지학회 (NODE11556959, IF: 0.62)
대한기계학회 (NODE11445228, IF: 0.36)"
1401,2023,기계공학,741001423,강경수,2,0.0,"한국수소및신에너지학회 (NODE11556961, IF: 0.62)
한국수소및신에너지학회 (NODE11443183, IF: 0.62)"
1402,2023,기계공학,777305603,이광복,2,0.0,"한국수소및신에너지학회 (NODE11556961, IF: 0.62)
한국에너지기후변화학회 (NODE11442454, IF: 0.28)"
1403,2023,기계공학,776093284,윤정환,2,0.0,"한국수소및신에너지학회 (NODE11556963, IF: 0.62)
한국수소및신에너지학회 (NODE11404250, IF: 0.62)"
1404,2023,기계공학,5463341,권준영,2,0.0,"한국수소및신에너지학회 (NODE11556963, IF: 0.62)
한국수소및신에너지학회 (NODE11404250, IF: 0.62)"
1405,2023,기계공학,996062610,우성현,2,0.0,"한국소음진동공학회 (NODE11550597, IF: 0.52)
한국항공우주학회 (NODE11560094, IF: 0.40)"
1406,2023,기계공학,505306006,은희광,2,0.0,"한국소음진동공학회 (NODE11550597, IF: 0.52)
한국항공우주학회 (NODE11560094, IF: 0.40)"
1407,2023,기계공학,705591513,송윤석,2,0.0,"한국자동차공학회 (NODE11505900, IF: 0.41)
한국에너지기후변화학회 (NODE11442456, IF: 0.28)"
1408,2023,기계공학,813663588,Yeon Jung Kim,2,0.0,"한국표면공학회 (NODE11506093, IF: 0.22)
한국표면공학회 (NODE11678859, IF: 0.22)"
1409,2023,기계공학,540928894,이석희,2,0.0,"한국표면공학회 (NODE11569497, IF: 0.22)
한국표면공학회 (NODE11569499, IF: 0.22)"
1410,2023,기계공학,418890746,차현진,2,0.0,"한국표면공학회 (NODE11569497, IF: 0.22)
한국표면공학회 (NODE11569499, IF: 0.22)"
1411,2023,기계공학,854644413,박정환,2,0.0,"한국표면공학회 (NODE11569497, IF: 0.22)
한국표면공학회 (NODE11569499, IF: 0.22)"
1412,2023,기계공학,257409437,손영국,2,0.0,"한국표면공학회 (NODE11569497, IF: 0.22)
한국표면공학회 (NODE11569499, IF: 0.22)"
1413,2023,기계공학,685920899,황동현,2,0.0,"한국표면공학회 (NODE11569497, IF: 0.22)
한국표면공학회 (NODE11569499, IF: 0.22)"
1414,2023,기계공학,354445036,김혜민,2,0.0,"한국표면공학회 (NODE11569500, IF: 0.22)
한국표면공학회 (NODE11440086, IF: 0.22)"
1415,2023,기계공학,898506356,박인덕,2,0.0,"대한용접·접합학회 (NODE11650328, IF: 0.62)
대한용접·접합학회 (NODE11650331, IF: 0.62)"
1416,2023,기계공학,199278343,이수진,2,0.0,"대한용접·접합학회 (NODE11650331, IF: 0.62)
대한용접·접합학회 (NODE11650348, IF: 0.62)"
1417,2023,기계공학,273462941,신동식,2,0.0,"대한용접·접합학회 (NODE11650331, IF: 0.62)
대한용접·접합학회 (NODE11650348, IF: 0.62)"
1418,2023,기계공학,270875172,이한주,2,0.0,"대한용접·접합학회 (NODE11650337, IF: 0.62)
대한용접·접합학회 (NODE11650338, IF: 0.62)"
1419,2023,기계공학,606879588,Savyasachi Nellikode,2,0.0,"대한용접·접합학회 (NODE11650337, IF: 0.62)
대한용접·접합학회 (NODE11650338, IF: 0.62)"
1420,2023,기계공학,685785652,강태영,2,0.0,"대한용접·접합학회 (NODE11650337, IF: 0.62)
대한용접·접합학회 (NODE11650338, IF: 0.62)"
1421,2023,기계공학,989477374,박영도,2,0.0,"대한용접·접합학회 (NODE11650337, IF: 0.62)
대한용접·접합학회 (NODE11650338, IF: 0.62)"
1422,2023,기계공학,605551355,김도균,2,0.0,"대한용접·접합학회 (NODE11650341, IF: 0.62)
대한용접·접합학회 (NODE11650343, IF: 0.62)"
1423,2023,기계공학,597574511,박준석,2,0.0,"대한용접·접합학회 (NODE11650343, IF: 0.62)
대한용접·접합학회 (NODE11443212, IF: 0.62)"
1424,2023,기계공학,541456712,Joo Young Bae,2,0.0,"대한용접·접합학회 (NODE11650344, IF: 0.62)
대한용접·접합학회 (NODE11556676, IF: 0.62)"
1425,2023,기계공학,700134446,배주영,2,0.0,"대한용접·접합학회 (NODE11650345, IF: 0.62)
대한용접·접합학회 (NODE11556677, IF: 0.62)"
1426,2023,기계공학,347302814,김선경,2,0.0,"대한기계학회 (NODE11426280, IF: 0.36)
한국표면공학회 (NODE11678869, IF: 0.22)"
1427,2023,기계공학,490469591,권현진,2,0.0,"한국전산유체공학회 (NODE11441389, IF: 0.30)
한국전산유체공학회 (NODE11441402, IF: 0.30)"
1428,2023,기계공학,951289585,장세명,2,0.0,"한국전산유체공학회 (NODE11441389, IF: 0.30)
한국전산유체공학회 (NODE11441402, IF: 0.30)"
1429,2023,기계공학,648430945,박준영,2,0.0,"한국전산유체공학회 (NODE11441391, IF: 0.30)
한국전산유체공학회 (NODE11651688, IF: 0.30)"
1430,2023,기계공학,113792152,석우찬,2,0.0,"한국전산유체공학회 (NODE11441391, IF: 0.30)
한국전산유체공학회 (NODE11651688, IF: 0.30)"
1431,2023,기계공학,599727542,김민아,2,0.0,"한국비파괴검사학회 (NODE11509926, IF: 0.41)
한국비파괴검사학회 (NODE11509927, IF: 0.41)"
1432,2023,기계공학,506433584,김승일,2,0.0,"한국비파괴검사학회 (NODE11509926, IF: 0.41)
한국비파괴검사학회 (NODE11509927, IF: 0.41)"
1433,2023,기계공학,805538931,장광우,2,0.0,"한국항공우주학회 (NODE11509948, IF: 0.40)
한국항공우주학회 (NODE11560091, IF: 0.40)"
1434,2023,기계공학,772766521,강명기,2,0.0,"대한기계학회 (NODE11510428, IF: 0.36)
대한기계학회 (NODE11423906, IF: 0.36)"
1435,2023,기계공학,589861221,Sang-Yul Lee,2,0.0,"한국표면공학회 (NODE11678860, IF: 0.22)
한국표면공학회 (NODE11678863, IF: 0.22)"
1436,2023,기계공학,913260778,손동일,2,0.0,"한국표면공학회 (NODE11678869, IF: 0.22)
한국표면공학회 (NODE11678869, IF: 0.22)"
1437,2023,기계공학,411803208,이상현,2,0.0,"한국기계가공학회 (NODE11568871, IF: 0.31)
한국기계가공학회 (NODE11198013, IF: 0.31)"
1438,2023,기계공학,5082948,향가흔,2,0.0,"한국자동차공학회 (NODE11531078, IF: 0.41)
한국자동차공학회 (NODE11422694, IF: 0.41)"
1439,2023,기계공학,584643733,김재광,2,0.0,"한국자동차공학회 (NODE11443182, IF: 0.41)
한국자동차공학회 (NODE11422695, IF: 0.41)"
1440,2023,기계공학,721784,정태영,2,0.0,"한국수소및신에너지학회 (NODE11443184, IF: 0.62)
한국수소및신에너지학회 (NODE11404243, IF: 0.62)"
1441,2023,기계공학,938363423,정현승,2,0.0,"한국수소및신에너지학회 (NODE11443188, IF: 0.62)
한국수소및신에너지학회 (NODE11404253, IF: 0.62)"
1442,2023,기계공학,916414755,박찬호,2,0.0,"한국수소및신에너지학회 (NODE11443188, IF: 0.62)
한국수소및신에너지학회 (NODE11404253, IF: 0.62)"
1443,2023,기계공학,517332128,이보람,2,0.0,"대한용접·접합학회 (NODE11443209, IF: 0.62)
대한용접·접합학회 (NODE11443210, IF: 0.62)"
1444,2023,기계공학,342534395,강봉용,2,0.0,"대한용접·접합학회 (NODE11443209, IF: 0.62)
대한용접·접합학회 (NODE11443210, IF: 0.62)"
1445,2023,기계공학,572609347,이현호,2,0.0,"대한용접·접합학회 (NODE11443211, IF: 0.62)
대한용접·접합학회 (NODE11443212, IF: 0.62)"
1446,2023,기계공학,301008566,조남경,2,0.0,"한국항공우주연구원 (NODE11613102, IF: 0.00)
한국추진공학회 (NODE11651800, IF: 0.33)"
1447,2023,기계공학,248517783,김인한,2,0.0,"(사)한국CDE학회 (NODE11616093, IF: 1.01)
(사)한국CDE학회 (NODE11616103, IF: 1.01)"
1448,2023,기계공학,746487939,박진아,2,0.0,"(사)한국CDE학회 (NODE11616093, IF: 1.01)
(사)한국CDE학회 (NODE11616103, IF: 1.01)"
1449,2023,기계공학,487539672,윤영준,2,0.0,"(사)한국CDE학회 (NODE11616113, IF: 1.01)
대한기계학회 (NODE11342489, IF: 0.36)"
1450,2023,기계공학,202123581,이균호,2,0.0,"한국항공우주학회 (NODE11560093, IF: 0.40)
한국항공우주학회 (NODE11444981, IF: 0.40)"
1451,2023,기계공학,423480450,신중현,2,0.0,"대한용접·접합학회 (NODE11556670, IF: 0.62)
대한용접·접합학회 (NODE11556671, IF: 0.62)"
1452,2023,기계공학,666919605,김재득,2,0.0,"대한용접·접합학회 (NODE11556673, IF: 0.62)
대한용접·접합학회 (NODE11556674, IF: 0.62)"
1453,2023,기계공학,360289050,전현욱,2,0.0,"대한용접·접합학회 (NODE11556673, IF: 0.62)
대한용접·접합학회 (NODE11556674, IF: 0.62)"
1454,2023,기계공학,314361244,천주용,2,0.0,"대한용접·접합학회 (NODE11556673, IF: 0.62)
대한용접·접합학회 (NODE11556674, IF: 0.62)"
1455,2023,기계공학,238039985,김양도,2,0.0,"대한용접·접합학회 (NODE11556673, IF: 0.62)
대한용접·접합학회 (NODE11556674, IF: 0.62)"
1456,2023,기계공학,1323559,박권하,2,0.0,"한국동력기계공학회 (NODE11445837, IF: 0.33)
한국마린엔지니어링학회 (NODE11651717, IF: 0.23)"
1457,2023,기계공학,451555057,진상록,2,0.0,"Korean Society for Precision Engineering (NODE11558341, IF: 0.00)
Korean Society for Precision Engineering (NODE11184360, IF: 0.00)"
1458,2023,기계공학,734641709,박대근,2,0.0,"한국마린엔지니어링학회 (NODE11558350, IF: 0.23)
한국마린엔지니어링학회 (NODE11651714, IF: 0.23)"
1459,2023,기계공학,301464026,VU VAN HUNG,2,0.0,"한국마린엔지니어링학회 (NODE11558351, IF: 0.23)
한국마린엔지니어링학회 (NODE11558355, IF: 0.23)"
1460,2023,기계공학,548715186,Kyoung-Kuk Yoon,2,0.0,"한국마린엔지니어링학회 (NODE11558351, IF: 0.23)
한국마린엔지니어링학회 (NODE11558355, IF: 0.23)"
1461,2023,기계공학,435598971,Sung-geun Lee,2,0.0,"한국마린엔지니어링학회 (NODE11558351, IF: 0.23)
한국마린엔지니어링학회 (NODE11558355, IF: 0.23)"
1462,2023,기계공학,363581800,유제형,2,0.0,"Korean Society for Precision Engineering (NODE11184355, IF: 0.00)
Korean Society for Precision Engineering (NODE11184356, IF: 0.00)"
1463,2023,기계공학,348608573,이창환,2,0.0,"Korean Society for Precision Engineering (NODE11184355, IF: 0.00)
Korean Society for Precision Engineering (NODE11184356, IF: 0.00)"
1464,2023,기계공학,188968508,김태헌,2,0.0,"한국수소및신에너지학회 (NODE11404248, IF: 0.62)
한국수소및신에너지학회 (NODE11404249, IF: 0.62)"
1465,2023,기계공학,536409198,김동윤,2,0.0,"한국수소및신에너지학회 (NODE11404248, IF: 0.62)
한국수소및신에너지학회 (NODE11404249, IF: 0.62)"
1466,2023,기계공학,175971754,안국영,2,0.0,"한국수소및신에너지학회 (NODE11404248, IF: 0.62)
한국수소및신에너지학회 (NODE11404249, IF: 0.62)"
1467,2023,기계공학,174174183,김영,2,0.0,"한국수소및신에너지학회 (NODE11404248, IF: 0.62)
한국수소및신에너지학회 (NODE11404249, IF: 0.62)"
1468,2023,기계공학,528083257,백진욱,2,0.0,"한국기계가공학회 (NODE11198025, IF: 0.31)
한국기계가공학회 (NODE11198026, IF: 0.31)"
1469,2023,기계공학,636220740,곽기명,2,0.0,"한국기계가공학회 (NODE11198025, IF: 0.31)
한국기계가공학회 (NODE11198026, IF: 0.31)"
1470,2023,기계공학,914499780,김형준,2,0.0,"한국기계가공학회 (NODE11427991, IF: 0.31)
한국기계가공학회 (NODE11427992, IF: 0.31)"
1471,2023,기계공학,303120381,강광모,1,0.0,"한국표면공학회 (NODE11405892, IF: 0.22)"
1472,2023,기계공학,164437315,나윤채,1,0.0,"한국표면공학회 (NODE11405892, IF: 0.22)"
1473,2023,기계공학,294047452,최수민,1,0.0,"한국표면공학회 (NODE11405892, IF: 0.22)"
1474,2023,기계공학,703660216,권혁진,1,0.0,"유공압건설기계학회 (NODE11217581, IF: 2.21)"
1475,2023,기계공학,794245884,임수일,1,0.0,"유공압건설기계학회 (NODE11217581, IF: 2.21)"
1476,2023,기계공학,330563014,김한욱,1,0.0,"유공압건설기계학회 (NODE11217581, IF: 2.21)"
1477,2023,기계공학,276385562,홍정기,1,0.0,"유공압건설기계학회 (NODE11217581, IF: 2.21)"
1478,2023,기계공학,459726166,이호,1,0.0,"유공압건설기계학회 (NODE11217581, IF: 2.21)"
1479,2023,기계공학,913259744,황영선,1,0.0,"유공압건설기계학회 (NODE11217581, IF: 2.21)"
1480,2023,기계공학,302677672,권진욱,1,0.0,"유공압건설기계학회 (NODE11217582, IF: 2.21)"
1481,2023,기계공학,866787475,주정함,1,0.0,"유공압건설기계학회 (NODE11217582, IF: 2.21)"
1482,2023,기계공학,304285818,김영진,1,0.0,"유공압건설기계학회 (NODE11217582, IF: 2.21)"
1483,2023,기계공학,597853987,홍이수,1,0.0,"유공압건설기계학회 (NODE11217583, IF: 2.21)"
1484,2023,기계공학,976660653,최용,1,0.0,"유공압건설기계학회 (NODE11217583, IF: 2.21)"
1485,2023,기계공학,306523900,이상희,1,0.0,"유공압건설기계학회 (NODE11217583, IF: 2.21)"
1486,2023,기계공학,934137273,김용주,1,0.0,"유공압건설기계학회 (NODE11217583, IF: 2.21)"
1487,2023,기계공학,709793193,강영선,1,0.0,"유공압건설기계학회 (NODE11217585, IF: 2.21)"
1488,2023,기계공학,308739383,김바다,1,0.0,"유공압건설기계학회 (NODE11217586, IF: 2.21)"
1489,2023,기계공학,613976588,지상원,1,0.0,"유공압건설기계학회 (NODE11217589, IF: 2.21)"
1490,2023,기계공학,943204531,나희승,1,0.0,"유공압건설기계학회 (NODE11217590, IF: 2.21)"
1491,2023,기계공학,440555456,전태현,1,0.0,"유공압건설기계학회 (NODE11217590, IF: 2.21)"
1492,2023,기계공학,3353546,김완진,1,0.0,"유공압건설기계학회 (NODE11217591, IF: 2.21)"
1493,2023,기계공학,688041809,정길성,1,0.0,"유공압건설기계학회 (NODE11217592, IF: 2.21)"
1494,2023,기계공학,568664608,공임모,1,0.0,"유공압건설기계학회 (NODE11217592, IF: 2.21)"
1495,2023,기계공학,525552208,박정웅,1,0.0,"대한용접·접합학회 (NODE11217617, IF: 0.62)"
1496,2023,기계공학,245037385,김광국,1,0.0,"대한용접·접합학회 (NODE11217620, IF: 0.62)"
1497,2023,기계공학,864447508,박준홍,1,0.0,"대한용접·접합학회 (NODE11217620, IF: 0.62)"
1498,2023,기계공학,715291478,이상구,1,0.0,"대한용접·접합학회 (NODE11217624, IF: 0.62)"
1499,2023,기계공학,491327874,장준교,1,0.0,"(사)한국CDE학회 (NODE11217639, IF: 1.01)"
1500,2023,기계공학,263349811,노천명,1,0.0,"(사)한국CDE학회 (NODE11217639, IF: 1.01)"
1501,2023,기계공학,900041089,이순섭,1,0.0,"(사)한국CDE학회 (NODE11217639, IF: 1.01)"
1502,2023,기계공학,178239756,신성철,1,0.0,"(사)한국CDE학회 (NODE11217639, IF: 1.01)"
1503,2023,기계공학,475434391,이재철,1,0.0,"(사)한국CDE학회 (NODE11217639, IF: 1.01)"
1504,2023,기계공학,153564531,김예준,1,0.0,"한국전산유체공학회 (NODE11527815, IF: 0.30)"
1505,2023,기계공학,475591740,원종찬,1,0.0,"한국전산유체공학회 (NODE11527817, IF: 0.30)"
1506,2023,기계공학,603232291,박진규,1,0.0,"한국전산유체공학회 (NODE11527817, IF: 0.30)"
1507,2023,기계공학,668866247,서우석,1,0.0,"한국전산유체공학회 (NODE11527818, IF: 0.30)"
1508,2023,기계공학,367135138,최근혁,1,0.0,"한국전산유체공학회 (NODE11527818, IF: 0.30)"
1509,2023,기계공학,367395302,김성진,1,0.0,"한국전산유체공학회 (NODE11527818, IF: 0.30)"
1510,2023,기계공학,814867816,유지호,1,0.0,"한국전산유체공학회 (NODE11527819, IF: 0.30)"
1511,2023,기계공학,590152959,김제인,1,0.0,"한국전산유체공학회 (NODE11527820, IF: 0.30)"
1512,2023,기계공학,986500873,박일룡,1,0.0,"한국전산유체공학회 (NODE11527820, IF: 0.30)"
1513,2023,기계공학,122918438,서성부,1,0.0,"한국전산유체공학회 (NODE11527820, IF: 0.30)"
1514,2023,기계공학,907352715,김민재,1,0.0,"한국전산유체공학회 (NODE11527820, IF: 0.30)"
1515,2023,기계공학,866267861,구가람,1,0.0,"한국전산유체공학회 (NODE11527820, IF: 0.30)"
1516,2023,기계공학,628992862,김태우,1,0.0,"한국전산유체공학회 (NODE11527820, IF: 0.30)"
1517,2023,기계공학,687923342,김선홍,1,0.0,"한국전산유체공학회 (NODE11527820, IF: 0.30)"
1518,2023,기계공학,5085357,윤수경,1,0.0,"한국전산유체공학회 (NODE11527821, IF: 0.30)"
1519,2023,기계공학,773309537,박수권,1,0.0,"한국전산유체공학회 (NODE11527822, IF: 0.30)"
1520,2023,기계공학,151276737,이유진,1,0.0,"한국전산유체공학회 (NODE11527823, IF: 0.30)"
1521,2023,기계공학,971771509,이재동,1,0.0,"한국전산유체공학회 (NODE11527823, IF: 0.30)"
1522,2023,기계공학,692253641,정형석,1,0.0,"한국전산유체공학회 (NODE11527823, IF: 0.30)"
1523,2023,기계공학,845182828,정혜승,1,0.0,"한국전산유체공학회 (NODE11527823, IF: 0.30)"
1524,2023,기계공학,746485421,임진우,1,0.0,"한국전산유체공학회 (NODE11527823, IF: 0.30)"
1525,2023,기계공학,354577916,강민규,1,0.0,"한국전산유체공학회 (NODE11527824, IF: 0.30)"
1526,2023,기계공학,756850413,박보근,1,0.0,"한국전산유체공학회 (NODE11527826, IF: 0.30)"
1527,2023,기계공학,923216591,조성진,1,0.0,"한국전산유체공학회 (NODE11527826, IF: 0.30)"
1528,2023,기계공학,733347530,곽민호,1,0.0,"한국전산유체공학회 (NODE11527827, IF: 0.30)"
1529,2023,기계공학,766288589,강형민,1,0.0,"한국전산유체공학회 (NODE11527827, IF: 0.30)"
1530,2023,기계공학,554092009,윤수환,1,0.0,"한국전산유체공학회 (NODE11527827, IF: 0.30)"
1531,2023,기계공학,906853695,권태수,1,0.0,"한국전산유체공학회 (NODE11527827, IF: 0.30)"
1532,2023,기계공학,946300246,조영관,1,0.0,"Korean Society for Precision Engineering (NODE11527939, IF: 0.00)"
1533,2023,기계공학,663231889,정우진,1,0.0,"Korean Society for Precision Engineering (NODE11527940, IF: 0.00)"
1534,2023,기계공학,491822703,박채영,1,0.0,"Korean Society for Precision Engineering (NODE11527940, IF: 0.00)"
1535,2023,기계공학,632441845,김화정,1,0.0,"Korean Society for Precision Engineering (NODE11527941, IF: 0.00)"
1536,2023,기계공학,810162541,김유석,1,0.0,"Korean Society for Precision Engineering (NODE11527942, IF: 0.00)"
1537,2023,기계공학,344983436,Rigoberto Lopez Reyes,1,0.0,"Korean Society for Precision Engineering (NODE11527943, IF: 0.00)"
1538,2023,기계공학,813110998,Min-Soo Ghim,1,0.0,"Korean Society for Precision Engineering (NODE11527943, IF: 0.00)"
1539,2023,기계공학,5131634,Young-Sam Cho,1,0.0,"Korean Society for Precision Engineering (NODE11527943, IF: 0.00)"
1540,2023,기계공학,992214202,김나경,1,0.0,"Korean Society for Precision Engineering (NODE11527944, IF: 0.00)"
1541,2023,기계공학,435476533,김소은,1,0.0,"Korean Society for Precision Engineering (NODE11527944, IF: 0.00)"
1542,2023,기계공학,865990461,임도연,1,0.0,"Korean Society for Precision Engineering (NODE11527944, IF: 0.00)"
1543,2023,기계공학,441847598,홍승미,1,0.0,"Korean Society for Precision Engineering (NODE11527944, IF: 0.00)"
1544,2023,기계공학,763194905,김정명,1,0.0,"Korean Society for Precision Engineering (NODE11527948, IF: 0.00)"
1545,2023,기계공학,276037486,김지환,1,0.0,"Korean Society for Precision Engineering (NODE11527950, IF: 0.00)"
1546,2023,기계공학,658007417,윤병호,1,0.0,"Korean Society for Precision Engineering (NODE11527950, IF: 0.00)"
1547,2023,기계공학,758124056,권석범,1,0.0,"Korean Society for Precision Engineering (NODE11527950, IF: 0.00)"
1548,2023,기계공학,685001777,민상기,1,0.0,"Korean Society for Precision Engineering (NODE11527950, IF: 0.00)"
1549,2023,기계공학,104247327,이수민,1,0.0,"Korean Society for Precision Engineering (NODE11527951, IF: 0.00)"
1550,2023,기계공학,230832985,한봉태,1,0.0,"대한기계학회 (NODE11407199, IF: 0.36)"
1551,2023,기계공학,367667491,나종관,1,0.0,"대한기계학회 (NODE11407200, IF: 0.36)"
1552,2023,기계공학,348521850,박종찬,1,0.0,"대한기계학회 (NODE11407202, IF: 0.36)"
1553,2023,기계공학,436436860,류경하,1,0.0,"대한기계학회 (NODE11407203, IF: 0.36)"
1554,2023,기계공학,497826648,강승훈,1,0.0,"대한기계학회 (NODE11437976, IF: 0.36)"
1555,2023,기계공학,852393198,신용운,1,0.0,"대한기계학회 (NODE11437976, IF: 0.36)"
1556,2023,기계공학,972606871,임승은,1,0.0,"대한기계학회 (NODE11437976, IF: 0.36)"
1557,2023,기계공학,469612569,최신식,1,0.0,"대한기계학회 (NODE11437976, IF: 0.36)"
1558,2023,기계공학,518011975,Zi-Heng Zhou,1,0.0,"한국생산제조학회 (NODE11433755, IF: 0.34)"
1559,2023,기계공학,771748364,장현수,1,0.0,"한국생산제조학회 (NODE11433758, IF: 0.34)"
1560,2023,기계공학,721734766,강유수,1,0.0,"한국생산제조학회 (NODE11433758, IF: 0.34)"
1561,2023,기계공학,376039210,권순환,1,0.0,"한국생산제조학회 (NODE11433758, IF: 0.34)"
1562,2023,기계공학,379180473,신진섭,1,0.0,"한국생산제조학회 (NODE11433758, IF: 0.34)"
1563,2023,기계공학,609662421,천위안,1,0.0,"한국생산제조학회 (NODE11433760, IF: 0.34)"
1564,2023,기계공학,572971007,조석수,1,0.0,"한국생산제조학회 (NODE11433760, IF: 0.34)"
1565,2023,기계공학,954757143,장재훈,1,0.0,"한국생산제조학회 (NODE11433766, IF: 0.34)"
1566,2023,기계공학,924614325,이남은,1,0.0,"한국생산제조학회 (NODE11433767, IF: 0.34)"
1567,2023,기계공학,760891476,오상석,1,0.0,"한국생산제조학회 (NODE11433768, IF: 0.34)"
1568,2023,기계공학,786980659,Jinwon Jung,1,0.0,"한국마린엔지니어링학회 (NODE11443762, IF: 0.23)"
1569,2023,기계공학,252529748,Quoc Huy Nguyen,1,0.0,"한국마린엔지니어링학회 (NODE11443763, IF: 0.23)"
1570,2023,기계공학,202183097,Young-Gwan Kang,1,0.0,"한국마린엔지니어링학회 (NODE11443766, IF: 0.23)"
1571,2023,기계공학,777885415,Sang-Woo Kim,1,0.0,"한국마린엔지니어링학회 (NODE11443766, IF: 0.23)"
1572,2023,기계공학,806573800,Woo-Jin Lee,1,0.0,"한국마린엔지니어링학회 (NODE11443766, IF: 0.23)"
1573,2023,기계공학,295478193,임재홍,1,0.0,"한국마린엔지니어링학회 (NODE11443766, IF: 0.23)"
1574,2023,기계공학,528474205,김천용,1,0.0,"대한설비공학회 (NODE11523150, IF: 0.26)"
1575,2023,기계공학,164464441,여명석,1,0.0,"대한설비공학회 (NODE11523151, IF: 0.26)"
1576,2023,기계공학,147141676,이세진,1,0.0,"대한설비공학회 (NODE11523151, IF: 0.26)"
1577,2023,기계공학,904160621,노주연,1,0.0,"대한설비공학회 (NODE11523151, IF: 0.26)"
1578,2023,기계공학,399247954,조영준,1,0.0,"Korean Society for Precision Engineering (NODE11443787, IF: 0.00)"
1579,2023,기계공학,377096290,송치연,1,0.0,"Korean Society for Precision Engineering (NODE11443787, IF: 0.00)"
1580,2023,기계공학,901625908,염성환,1,0.0,"Korean Society for Precision Engineering (NODE11443787, IF: 0.00)"
1581,2023,기계공학,356032621,박희원,1,0.0,"Korean Society for Precision Engineering (NODE11443787, IF: 0.00)"
1582,2023,기계공학,571018087,김현욱,1,0.0,"Korean Society for Precision Engineering (NODE11443787, IF: 0.00)"
1583,2023,기계공학,834712064,하석진,1,0.0,"Korean Society for Precision Engineering (NODE11443787, IF: 0.00)"
1584,2023,기계공학,122762805,김진선,1,0.0,"Korean Society for Precision Engineering (NODE11443788, IF: 0.00)"
1585,2023,기계공학,250972120,금창엽,1,0.0,"Korean Society for Precision Engineering (NODE11443788, IF: 0.00)"
1586,2023,기계공학,943317068,이재희,1,0.0,"Korean Society for Precision Engineering (NODE11443788, IF: 0.00)"
1587,2023,기계공학,840764462,임광석,1,0.0,"Korean Society for Precision Engineering (NODE11443788, IF: 0.00)"
1588,2023,기계공학,846635880,이형석,1,0.0,"Korean Society for Precision Engineering (NODE11443788, IF: 0.00)"
1589,2023,기계공학,759103177,윤태진,1,0.0,"Korean Society for Precision Engineering (NODE11443788, IF: 0.00)"
1590,2023,기계공학,737287236,김지응,1,0.0,"Korean Society for Precision Engineering (NODE11443789, IF: 0.00)"
1591,2023,기계공학,691905726,이승훈,1,0.0,"Korean Society for Precision Engineering (NODE11443789, IF: 0.00)"
1592,2023,기계공학,537619732,정회덕,1,0.0,"Korean Society for Precision Engineering (NODE11443789, IF: 0.00)"
1593,2023,기계공학,190335286,다카다 사토루,1,0.0,"대한설비공학회 (NODE11523154, IF: 0.26)"
1594,2023,기계공학,114303,김형태,1,0.0,"Korean Society for Precision Engineering (NODE11443795, IF: 0.00)"
1595,2023,기계공학,351171969,이덕연,1,0.0,"Korean Society for Precision Engineering (NODE11443795, IF: 0.00)"
1596,2023,기계공학,710286301,최동운,1,0.0,"Korean Society for Precision Engineering (NODE11443795, IF: 0.00)"
1597,2023,기계공학,625779405,강재현,1,0.0,"Korean Society for Precision Engineering (NODE11443795, IF: 0.00)"
1598,2023,기계공학,724602,이동욱,1,0.0,"Korean Society for Precision Engineering (NODE11443795, IF: 0.00)"
1599,2023,기계공학,896483,김태희,1,0.0,"Korean Society for Precision Engineering (NODE11443796, IF: 0.00)"
1600,2023,기계공학,580946988,조하은,1,0.0,"Korean Society for Precision Engineering (NODE11443796, IF: 0.00)"
1601,2023,기계공학,229445099,최희우,1,0.0,"Korean Society for Precision Engineering (NODE11443796, IF: 0.00)"
1602,2023,기계공학,922434539,최평화,1,0.0,"Korean Society for Precision Engineering (NODE11443796, IF: 0.00)"
1603,2023,기계공학,552076410,이원재,1,0.0,"Korean Society for Precision Engineering (NODE11443796, IF: 0.00)"
1604,2023,기계공학,714123087,양희승,1,0.0,"Korean Society for Precision Engineering (NODE11443796, IF: 0.00)"
1605,2023,기계공학,239637730,심우섭,1,0.0,"Korean Society for Precision Engineering (NODE11443796, IF: 0.00)"
1606,2023,기계공학,685836392,김강석,1,0.0,"Korean Society for Precision Engineering (NODE11443797, IF: 0.00)"
1607,2023,기계공학,633591625,이경구,1,0.0,"Korean Society for Precision Engineering (NODE11443797, IF: 0.00)"
1608,2023,기계공학,274381117,이득우,1,0.0,"Korean Society for Precision Engineering (NODE11443797, IF: 0.00)"
1609,2023,기계공학,896682810,임성훈,1,0.0,"Korean Society for Precision Engineering (NODE11443799, IF: 0.00)"
1610,2023,기계공학,631413872,김혜인,1,0.0,"항공우주시스템공학회 (NODE11515976, IF: 0.31)"
1611,2023,기계공학,531045455,백현규,1,0.0,"항공우주시스템공학회 (NODE11515976, IF: 0.31)"
1612,2023,기계공학,570307990,정재백,1,0.0,"항공우주시스템공학회 (NODE11515977, IF: 0.31)"
1613,2023,기계공학,137159138,김태림,1,0.0,"항공우주시스템공학회 (NODE11515977, IF: 0.31)"
1614,2023,기계공학,5417935,김도영,1,0.0,"항공우주시스템공학회 (NODE11515977, IF: 0.31)"
1615,2023,기계공학,599113,배재성,1,0.0,"항공우주시스템공학회 (NODE11515977, IF: 0.31)"
1616,2023,기계공학,203628387,박상혁,1,0.0,"항공우주시스템공학회 (NODE11515977, IF: 0.31)"
1617,2023,기계공학,122199984,홍대기,1,0.0,"항공우주시스템공학회 (NODE11515978, IF: 0.31)"
1618,2023,기계공학,706170788,임세명,1,0.0,"항공우주시스템공학회 (NODE11515979, IF: 0.31)"
1619,2023,기계공학,445754992,이학봉,1,0.0,"항공우주시스템공학회 (NODE11515980, IF: 0.31)"
1620,2023,기계공학,199364452,최지우,1,0.0,"항공우주시스템공학회 (NODE11515981, IF: 0.31)"
1621,2023,기계공학,448810740,양효석,1,0.0,"항공우주시스템공학회 (NODE11515981, IF: 0.31)"
1622,2023,기계공학,4635942,신현철,1,0.0,"항공우주시스템공학회 (NODE11515981, IF: 0.31)"
1623,2023,기계공학,167426600,심창훈,1,0.0,"항공우주시스템공학회 (NODE11515981, IF: 0.31)"
1624,2023,기계공학,681144634,임현재,1,0.0,"항공우주시스템공학회 (NODE11515983, IF: 0.31)"
1625,2023,기계공학,474058088,김태림,1,0.0,"항공우주시스템공학회 (NODE11515983, IF: 0.31)"
1626,2023,기계공학,522615067,송종규,1,0.0,"항공우주시스템공학회 (NODE11515983, IF: 0.31)"
1627,2023,기계공학,531505874,김범수,1,0.0,"항공우주시스템공학회 (NODE11515983, IF: 0.31)"
1628,2023,기계공학,776175845,손현승,1,0.0,"항공우주시스템공학회 (NODE11515984, IF: 0.31)"
1629,2023,기계공학,537027960,오경원,1,0.0,"항공우주시스템공학회 (NODE11515984, IF: 0.31)"
1630,2023,기계공학,896948497,방대한,1,0.0,"항공우주시스템공학회 (NODE11515985, IF: 0.31)"
1631,2023,기계공학,506721960,이현석,1,0.0,"항공우주시스템공학회 (NODE11515985, IF: 0.31)"
1632,2023,기계공학,451522267,이민수,1,0.0,"항공우주시스템공학회 (NODE11515985, IF: 0.31)"
1633,2023,기계공학,999341252,이민호,1,0.0,"항공우주시스템공학회 (NODE11515985, IF: 0.31)"
1634,2023,기계공학,634922485,이재만,1,0.0,"항공우주시스템공학회 (NODE11515985, IF: 0.31)"
1635,2023,기계공학,891672993,이창택,1,0.0,"항공우주시스템공학회 (NODE11515986, IF: 0.31)"
1636,2023,기계공학,499363416,문귀원,1,0.0,"항공우주시스템공학회 (NODE11515987, IF: 0.31)"
1637,2023,기계공학,155010959,노상완,1,0.0,"항공우주시스템공학회 (NODE11515988, IF: 0.31)"
1638,2023,기계공학,661930622,진상윤,1,0.0,"항공우주시스템공학회 (NODE11515988, IF: 0.31)"
1639,2023,기계공학,843343595,김민수,1,0.0,"항공우주시스템공학회 (NODE11515988, IF: 0.31)"
1640,2023,기계공학,580518661,강호원,1,0.0,"항공우주시스템공학회 (NODE11515988, IF: 0.31)"
1641,2023,기계공학,380361830,안승범,1,0.0,"항공우주시스템공학회 (NODE11515988, IF: 0.31)"
1642,2023,기계공학,801206850,마상준,1,0.0,"항공우주시스템공학회 (NODE11515989, IF: 0.31)"
1643,2023,기계공학,718010694,서승오,1,0.0,"항공우주시스템공학회 (NODE11515994, IF: 0.31)"
1644,2023,기계공학,522194819,이용구,1,0.0,"항공우주시스템공학회 (NODE11515994, IF: 0.31)"
1645,2023,기계공학,386332300,이세훈,1,0.0,"항공우주시스템공학회 (NODE11515994, IF: 0.31)"
1646,2023,기계공학,159092618,오승렬,1,0.0,"항공우주시스템공학회 (NODE11515994, IF: 0.31)"
1647,2023,기계공학,497617523,Changik Lee,1,0.0,"대한용접·접합학회 (NODE11443215, IF: 0.62)"
1648,2023,기계공학,836325562,이창익,1,0.0,"대한용접·접합학회 (NODE11443216, IF: 0.62)"
1649,2023,기계공학,441155864,강성구,1,0.0,"대한용접·접합학회 (NODE11507149, IF: 0.62)"
1650,2023,기계공학,621176091,강수지,1,0.0,"대한용접·접합학회 (NODE11507150, IF: 0.62)"
1651,2023,기계공학,566705767,이재민,1,0.0,"대한용접·접합학회 (NODE11507150, IF: 0.62)"
1652,2023,기계공학,692602028,안상현,1,0.0,"대한용접·접합학회 (NODE11507151, IF: 0.62)"
1653,2023,기계공학,525200724,배준성,1,0.0,"대한용접·접합학회 (NODE11507151, IF: 0.62)"
1654,2023,기계공학,895548533,김선민,1,0.0,"대한용접·접합학회 (NODE11507151, IF: 0.62)"
1655,2023,기계공학,966515796,강진훈,1,0.0,"대한용접·접합학회 (NODE11507151, IF: 0.62)"
1656,2023,기계공학,743860935,최두진,1,0.0,"대한용접·접합학회 (NODE11507151, IF: 0.62)"
1657,2023,기계공학,760099908,이성진,1,0.0,"대한용접·접합학회 (NODE11507152, IF: 0.62)"
1658,2023,기계공학,880061521,김경민,1,0.0,"대한용접·접합학회 (NODE11507152, IF: 0.62)"
1659,2023,기계공학,969556823,강희신,1,0.0,"대한용접·접합학회 (NODE11507152, IF: 0.62)"
1660,2023,기계공학,992391161,서성문,1,0.0,"대한용접·접합학회 (NODE11507152, IF: 0.62)"
1661,2023,기계공학,127566001,김현희,1,0.0,"대한용접·접합학회 (NODE11507156, IF: 0.62)"
1662,2023,기계공학,192774623,Sang-Weon Park,1,0.0,"대한용접·접합학회 (NODE11507157, IF: 0.62)"
1663,2023,기계공학,365431992,Eui-Jin Joung,1,0.0,"대한용접·접합학회 (NODE11507157, IF: 0.62)"
1664,2023,기계공학,450113483,Han-Sam Yoon,1,0.0,"대한용접·접합학회 (NODE11507157, IF: 0.62)"
1665,2023,기계공학,183698263,박상원,1,0.0,"대한용접·접합학회 (NODE11507158, IF: 0.62)"
1666,2023,기계공학,216686088,정의진,1,0.0,"대한용접·접합학회 (NODE11507158, IF: 0.62)"
1667,2023,기계공학,980881902,윤한삼,1,0.0,"대한용접·접합학회 (NODE11507158, IF: 0.62)"
1668,2023,기계공학,857166906,Yun-Chan Kim,1,0.0,"대한용접·접합학회 (NODE11507159, IF: 0.62)"
1669,2023,기계공학,212457408,김윤찬,1,0.0,"대한용접·접합학회 (NODE11507160, IF: 0.62)"
1670,2023,기계공학,596289918,이동현,1,0.0,"한국트라이볼로지학회 (NODE11474302, IF: 0.46)"
1671,2023,기계공학,941069351,조민행,1,0.0,"한국트라이볼로지학회 (NODE11474303, IF: 0.46)"
1672,2023,기계공학,472760732,김정환,1,0.0,"한국트라이볼로지학회 (NODE11474303, IF: 0.46)"
1673,2023,기계공학,985312595,김동석,1,0.0,"한국자동차공학회 (NODE11610097, IF: 0.41)"
1674,2023,기계공학,509830897,조상수,1,0.0,"한국자동차공학회 (NODE11610091, IF: 0.41)"
1675,2023,기계공학,383742213,박경균,1,0.0,"한국자동차공학회 (NODE11610092, IF: 0.41)"
1676,2023,기계공학,118350444,김정석,1,0.0,"한국자동차공학회 (NODE11610093, IF: 0.41)"
1677,2023,기계공학,317947579,서영지,1,0.0,"한국자동차공학회 (NODE11610093, IF: 0.41)"
1678,2023,기계공학,867435812,Duc-Anh Nguyen,1,0.0,"한국유체기계학회 (NODE11547762, IF: 0.29)"
1679,2023,기계공학,661677494,Min-Su Roh,1,0.0,"한국유체기계학회 (NODE11547762, IF: 0.29)"
1680,2023,기계공학,398024761,Soon-Young Jeong,1,0.0,"한국유체기계학회 (NODE11547762, IF: 0.29)"
1681,2023,기계공학,162877065,안현준,1,0.0,"한국유체기계학회 (NODE11547763, IF: 0.29)"
1682,2023,기계공학,179116396,이상현,1,0.0,"한국유체기계학회 (NODE11547764, IF: 0.29)"
1683,2023,기계공학,464172657,조혜선,1,0.0,"한국유체기계학회 (NODE11547764, IF: 0.29)"
1684,2023,기계공학,719064606,나만균,1,0.0,"한국유체기계학회 (NODE11547764, IF: 0.29)"
1685,2023,기계공학,555985028,최대경,1,0.0,"한국유체기계학회 (NODE11547765, IF: 0.29)"
1686,2023,기계공학,135048793,박원만,1,0.0,"한국유체기계학회 (NODE11547765, IF: 0.29)"
1687,2023,기계공학,907335362,어동진,1,0.0,"한국유체기계학회 (NODE11547765, IF: 0.29)"
1688,2023,기계공학,219652712,최청열,1,0.0,"한국유체기계학회 (NODE11547765, IF: 0.29)"
1689,2023,기계공학,464066189,임도영,1,0.0,"한국유체기계학회 (NODE11547766, IF: 0.29)"
1690,2023,기계공학,672816088,권정우,1,0.0,"한국유체기계학회 (NODE11547767, IF: 0.29)"
1691,2023,기계공학,482306871,박근서,1,0.0,"한국유체기계학회 (NODE11547768, IF: 0.29)"
1692,2023,기계공학,362348822,허민석,1,0.0,"한국유체기계학회 (NODE11547768, IF: 0.29)"
1693,2023,기계공학,479234310,김동섭,1,0.0,"한국유체기계학회 (NODE11547768, IF: 0.29)"
1694,2023,기계공학,977955578,김동현,1,0.0,"한국유체기계학회 (NODE11547768, IF: 0.29)"
1695,2023,기계공학,660821097,정일영,1,0.0,"한국유체기계학회 (NODE11547768, IF: 0.29)"
1696,2023,기계공학,478469970,신용한,1,0.0,"한국유체기계학회 (NODE11547769, IF: 0.29)"
1697,2023,기계공학,748384182,강현수,1,0.0,"한국유체기계학회 (NODE11547769, IF: 0.29)"
1698,2023,기계공학,821080400,Piljea Kim,1,0.0,"한국유체기계학회 (NODE11547770, IF: 0.29)"
1699,2023,기계공학,777145467,윤세진,1,0.0,"한국유체기계학회 (NODE11547771, IF: 0.29)"
1700,2023,기계공학,887373003,곽동훈,1,0.0,"한국유체기계학회 (NODE11547771, IF: 0.29)"
1701,2023,기계공학,212112119,박아미,1,0.0,"한국유체기계학회 (NODE11547772, IF: 0.29)"
1702,2023,기계공학,321636963,이종학,1,0.0,"한국유체기계학회 (NODE11547772, IF: 0.29)"
1703,2023,기계공학,458264072,임기성,1,0.0,"한국유체기계학회 (NODE11547773, IF: 0.29)"
1704,2023,기계공학,843636318,김찬영,1,0.0,"한국유체기계학회 (NODE11547773, IF: 0.29)"
1705,2023,기계공학,198633445,박로준,1,0.0,"한국유체기계학회 (NODE11547773, IF: 0.29)"
1706,2023,기계공학,514221821,문상호,1,0.0,"한국유체기계학회 (NODE11547773, IF: 0.29)"
1707,2023,기계공학,773312410,주현철,1,0.0,"한국유체기계학회 (NODE11547773, IF: 0.29)"
1708,2023,기계공학,924674820,서현석,1,0.0,"한국유체기계학회 (NODE11547774, IF: 0.29)"
1709,2023,기계공학,158875160,박성철,1,0.0,"한국유체기계학회 (NODE11547775, IF: 0.29)"
1710,2023,기계공학,341737505,하광태,1,0.0,"한국유체기계학회 (NODE11547775, IF: 0.29)"
1711,2023,기계공학,790988483,Chenfang Wang,1,0.0,"한국유체기계학회 (NODE11547805, IF: 0.29)"
1712,2023,기계공학,662756441,Mengmeng Ou,1,0.0,"한국유체기계학회 (NODE11547805, IF: 0.29)"
1713,2023,기계공학,510951705,Xiang Gao,1,0.0,"한국유체기계학회 (NODE11547805, IF: 0.29)"
1714,2023,기계공학,739063013,Weilin Zhuge,1,0.0,"한국유체기계학회 (NODE11547805, IF: 0.29)"
1715,2023,기계공학,179967832,Yangjun Zhang,1,0.0,"한국유체기계학회 (NODE11547805, IF: 0.29)"
1716,2023,기계공학,525458760,Jingjian Cao,1,0.0,"한국유체기계학회 (NODE11547807, IF: 0.29)"
1717,2023,기계공학,457420250,Cui Dai,1,0.0,"한국유체기계학회 (NODE11547807, IF: 0.29)"
1718,2023,기계공학,775935056,Junfeng Qiu,1,0.0,"한국유체기계학회 (NODE11547807, IF: 0.29)"
1719,2023,기계공학,238549047,Liang Dong,1,0.0,"한국유체기계학회 (NODE11547807, IF: 0.29)"
1720,2023,기계공학,909986179,Guoqiang Hou,1,0.0,"한국유체기계학회 (NODE11547808, IF: 0.29)"
1721,2023,기계공학,366290741,Hua Su,1,0.0,"한국유체기계학회 (NODE11547808, IF: 0.29)"
1722,2023,기계공학,615750568,Shuaike Zhao,1,0.0,"한국유체기계학회 (NODE11547808, IF: 0.29)"
1723,2023,기계공학,932941478,Ke Li,1,0.0,"한국유체기계학회 (NODE11547808, IF: 0.29)"
1724,2023,기계공학,107408982,이찬우,1,0.0,"한국생산제조학회 (NODE11547820, IF: 0.34)"
1725,2023,기계공학,591768532,이인환,1,0.0,"한국생산제조학회 (NODE11547820, IF: 0.34)"
1726,2023,기계공학,773520564,송기혁,1,0.0,"한국생산제조학회 (NODE11547821, IF: 0.34)"
1727,2023,기계공학,386245012,김혜진,1,0.0,"한국생산제조학회 (NODE11547821, IF: 0.34)"
1728,2023,기계공학,438397587,성시명,1,0.0,"한국생산제조학회 (NODE11547821, IF: 0.34)"
1729,2023,기계공학,957592812,홍서연,1,0.0,"한국생산제조학회 (NODE11547821, IF: 0.34)"
1730,2023,기계공학,715385774,배예은,1,0.0,"한국생산제조학회 (NODE11547822, IF: 0.34)"
1731,2023,기계공학,834506039,이현호,1,0.0,"한국생산제조학회 (NODE11547822, IF: 0.34)"
1732,2023,기계공학,376415938,이문구,1,0.0,"한국생산제조학회 (NODE11547822, IF: 0.34)"
1733,2023,기계공학,747752698,최진우,1,0.0,"한국생산제조학회 (NODE11547823, IF: 0.34)"
1734,2023,기계공학,116099936,양해성,1,0.0,"한국생산제조학회 (NODE11547829, IF: 0.34)"
1735,2023,기계공학,522274349,김선민,1,0.0,"대한기계학회 (NODE11437974, IF: 0.36)"
1736,2023,기계공학,191223511,전태준,1,0.0,"대한기계학회 (NODE11437974, IF: 0.36)"
1737,2023,기계공학,508593847,윤선희,1,0.0,"대한기계학회 (NODE11437974, IF: 0.36)"
1738,2023,기계공학,450378060,박정은,1,0.0,"대한기계학회 (NODE11437975, IF: 0.36)"
1739,2023,기계공학,315099458,위정재,1,0.0,"대한기계학회 (NODE11437975, IF: 0.36)"
1740,2023,기계공학,920698892,김도열,1,0.0,"대한기계학회 (NODE11437966, IF: 0.36)"
1741,2023,기계공학,745772904,김천욱,1,0.0,"대한기계학회 (NODE11437970, IF: 0.36)"
1742,2023,기계공학,229257390,이경석,1,0.0,"대한기계학회 (NODE11437973, IF: 0.36)"
1743,2023,기계공학,746734419,이성진,1,0.0,"한국비파괴검사학회 (NODE11405153, IF: 0.41)"
1744,2023,기계공학,971439421,기성훈,1,0.0,"한국비파괴검사학회 (NODE11405153, IF: 0.41)"
1745,2023,기계공학,380539469,김홍성,1,0.0,"한국비파괴검사학회 (NODE11405154, IF: 0.41)"
1746,2023,기계공학,331183722,이민수,1,0.0,"한국비파괴검사학회 (NODE11405155, IF: 0.41)"
1747,2023,기계공학,119430851,도은찬,1,0.0,"한국비파괴검사학회 (NODE11405155, IF: 0.41)"
1748,2023,기계공학,451759771,노형주,1,0.0,"한국비파괴검사학회 (NODE11405157, IF: 0.41)"
1749,2023,기계공학,858936387,박진우,1,0.0,"한국비파괴검사학회 (NODE11405157, IF: 0.41)"
1750,2023,기계공학,680316908,정선아,1,0.0,"한국비파괴검사학회 (NODE11405157, IF: 0.41)"
1751,2023,기계공학,906309659,김준태,1,0.0,"한국비파괴검사학회 (NODE11405158, IF: 0.41)"
1752,2023,기계공학,642514037,이승엽,1,0.0,"한국자동차공학회 (NODE11610098, IF: 0.41)"
1753,2023,기계공학,294173566,이봉현,1,0.0,"한국자동차공학회 (NODE11610099, IF: 0.41)"
1754,2023,기계공학,987995728,김규식,1,0.0,"한국자동차공학회 (NODE11610099, IF: 0.41)"
1755,2023,기계공학,978500080,이창식,1,0.0,"한국자동차공학회 (NODE11189743, IF: 0.41)"
1756,2023,기계공학,772178659,전광민,1,0.0,"한국자동차공학회 (NODE11189743, IF: 0.41)"
1757,2023,기계공학,970014236,한문식,1,0.0,"한국자동차공학회 (NODE11189743, IF: 0.41)"
1758,2023,기계공학,423006085,강건용,1,0.0,"한국자동차공학회 (NODE11189743, IF: 0.41)"
1759,2023,기계공학,339070417,권상순,1,0.0,"한국자동차공학회 (NODE11189743, IF: 0.41)"
1760,2023,기계공학,826543835,최성규,1,0.0,"한국자동차공학회 (NODE11189743, IF: 0.41)"
1761,2023,기계공학,825367138,하성용,1,0.0,"한국자동차공학회 (NODE11189743, IF: 0.41)"
1762,2023,기계공학,644924150,김현철,1,0.0,"한국자동차공학회 (NODE11189743, IF: 0.41)"
1763,2023,기계공학,958114812,조영선,1,0.0,"한국자동차공학회 (NODE11189743, IF: 0.41)"
1764,2023,기계공학,124030136,김우상,1,0.0,"한국자동차공학회 (NODE11189743, IF: 0.41)"
1765,2023,기계공학,743164595,김강출,1,0.0,"한국자동차공학회 (NODE11189746, IF: 0.41)"
1766,2023,기계공학,947952300,김경근,1,0.0,"한국자동차공학회 (NODE11189751, IF: 0.41)"
1767,2023,기계공학,540795752,서상덕,1,0.0,"Korean Society for Precision Engineering (NODE11616285, IF: 0.00)"
1768,2023,기계공학,716831091,권원태,1,0.0,"Korean Society for Precision Engineering (NODE11616285, IF: 0.00)"
1769,2023,기계공학,655604516,이용훈,1,0.0,"Korean Society for Precision Engineering (NODE11616286, IF: 0.00)"
1770,2023,기계공학,609214939,이황규,1,0.0,"Korean Society for Precision Engineering (NODE11616286, IF: 0.00)"
1771,2023,기계공학,521598529,양승한,1,0.0,"Korean Society for Precision Engineering (NODE11616287, IF: 0.00)"
1772,2023,기계공학,258890737,이광일,1,0.0,"Korean Society for Precision Engineering (NODE11616287, IF: 0.00)"
1773,2023,기계공학,915610252,장원보,1,0.0,"Korean Society for Precision Engineering (NODE11616288, IF: 0.00)"
1774,2023,기계공학,252339,박상현,1,0.0,"Korean Society for Precision Engineering (NODE11616288, IF: 0.00)"
1775,2023,기계공학,925740987,정성엽,1,0.0,"Korean Society for Precision Engineering (NODE11616288, IF: 0.00)"
1776,2023,기계공학,173452777,황면중,1,0.0,"Korean Society for Precision Engineering (NODE11616288, IF: 0.00)"
1777,2023,기계공학,886976636,김경호,1,0.0,"Korean Society for Precision Engineering (NODE11616291, IF: 0.00)"
1778,2023,기계공학,489656847,오정석,1,0.0,"Korean Society for Precision Engineering (NODE11616291, IF: 0.00)"
1779,2023,기계공학,849152486,박규태,1,0.0,"Korean Society for Precision Engineering (NODE11616292, IF: 0.00)"
1780,2023,기계공학,533521524,김동진,1,0.0,"Korean Society for Precision Engineering (NODE11616292, IF: 0.00)"
1781,2023,기계공학,553358830,윤준서,1,0.0,"Korean Society for Precision Engineering (NODE11616292, IF: 0.00)"
1782,2023,기계공학,372741699,박정현,1,0.0,"Korean Society for Precision Engineering (NODE11616292, IF: 0.00)"
1783,2023,기계공학,423644663,오현명,1,0.0,"Korean Society for Precision Engineering (NODE11616292, IF: 0.00)"
1784,2023,기계공학,618442815,박태현,1,0.0,"Korean Society for Precision Engineering (NODE11616292, IF: 0.00)"
1785,2023,기계공학,269792095,이승희,1,0.0,"Korean Society for Precision Engineering (NODE11616293, IF: 0.00)"
1786,2023,기계공학,686893455,구범모,1,0.0,"Korean Society for Precision Engineering (NODE11616293, IF: 0.00)"
1787,2023,기계공학,349195921,양수민,1,0.0,"Korean Society for Precision Engineering (NODE11616293, IF: 0.00)"
1788,2023,기계공학,512482857,김동권,1,0.0,"Korean Society for Precision Engineering (NODE11616293, IF: 0.00)"
1789,2023,기계공학,553490967,김영호,1,0.0,"Korean Society for Precision Engineering (NODE11616293, IF: 0.00)"
1790,2023,기계공학,766379500,박기진,1,0.0,"Korean Society for Precision Engineering (NODE11616294, IF: 0.00)"
1791,2023,기계공학,915145647,고지운,1,0.0,"대한설비공학회 (NODE11616306, IF: 0.26)"
1792,2023,기계공학,245299535,오원석,1,0.0,"대한설비공학회 (NODE11616308, IF: 0.26)"
1793,2023,기계공학,811200425,성영훈,1,0.0,"대한설비공학회 (NODE11616309, IF: 0.26)"
1794,2023,기계공학,986214623,조홍재,1,0.0,"대한설비공학회 (NODE11616311, IF: 0.26)"
1795,2023,기계공학,359702761,이재인,1,0.0,"한국항공우주학회 (NODE11217935, IF: 0.40)"
1796,2023,기계공학,922353373,김광수,1,0.0,"한국항공우주학회 (NODE11217935, IF: 0.40)"
1797,2023,기계공학,985318695,정형근,1,0.0,"한국항공우주학회 (NODE11217936, IF: 0.40)"
1798,2023,기계공학,290552960,문영준,1,0.0,"한국항공우주학회 (NODE11217936, IF: 0.40)"
1799,2023,기계공학,907270613,한승우,1,0.0,"한국항공우주학회 (NODE11217937, IF: 0.40)"
1800,2023,기계공학,288575263,김종섭,1,0.0,"한국항공우주학회 (NODE11217937, IF: 0.40)"
1801,2023,기계공학,174697520,고기옥,1,0.0,"한국항공우주학회 (NODE11217937, IF: 0.40)"
1802,2023,기계공학,662717468,최람미,1,0.0,"한국항공우주학회 (NODE11217938, IF: 0.40)"
1803,2023,기계공학,286785137,차재혁,1,0.0,"한국항공우주학회 (NODE11217938, IF: 0.40)"
1804,2023,기계공학,501722716,박찬국,1,0.0,"한국항공우주학회 (NODE11217938, IF: 0.40)"
1805,2023,기계공학,657791173,윤석창,1,0.0,"한국항공우주학회 (NODE11217938, IF: 0.40)"
1806,2023,기계공학,913868877,권승복,1,0.0,"한국항공우주학회 (NODE11217938, IF: 0.40)"
1807,2023,기계공학,341966412,고건영,1,0.0,"한국항공우주학회 (NODE11217940, IF: 0.40)"
1808,2023,기계공학,856268299,구본찬,1,0.0,"한국항공우주학회 (NODE11217940, IF: 0.40)"
1809,2023,기계공학,668043395,김영호,1,0.0,"대한설비공학회 (NODE11523152, IF: 0.26)"
1810,2023,기계공학,294816763,RICHARD LORD,1,0.0,"대한설비공학회 (NODE11523153, IF: 0.26)"
1811,2023,기계공학,562519788,DONALD BRUNDAGE,1,0.0,"대한설비공학회 (NODE11523153, IF: 0.26)"
1812,2023,기계공학,358231086,김태국,1,0.0,"한국항공우주학회 (NODE11217942, IF: 0.40)"
1813,2023,기계공학,859056865,차정열,1,0.0,"한국항공우주학회 (NODE11217942, IF: 0.40)"
1814,2023,기계공학,170156392,안준영,1,0.0,"대한기계학회 (NODE11218517, IF: 0.36)"
1815,2023,기계공학,615870248,이성진,1,0.0,"대한기계학회 (NODE11218517, IF: 0.36)"
1816,2023,기계공학,884399497,박정덕,1,0.0,"대한기계학회 (NODE11218517, IF: 0.36)"
1817,2023,기계공학,2133969,장택진,1,0.0,"대한기계학회 (NODE11218517, IF: 0.36)"
1818,2023,기계공학,303385645,김종봉,1,0.0,"대한기계학회 (NODE11218517, IF: 0.36)"
1819,2023,기계공학,526517290,이현화,1,0.0,"대한기계학회 (NODE11218518, IF: 0.36)"
1820,2023,기계공학,127130141,김진수,1,0.0,"대한기계학회 (NODE11218518, IF: 0.36)"
1821,2023,기계공학,487239685,윤길상,1,0.0,"대한기계학회 (NODE11218518, IF: 0.36)"
1822,2023,기계공학,515206732,배창한,1,0.0,"한국추진공학회 (NODE11230100, IF: 0.33)"
1823,2023,기계공학,882825074,배지열,1,0.0,"한국추진공학회 (NODE11230101, IF: 0.33)"
1824,2023,기계공학,437531435,황인식,1,0.0,"한국추진공학회 (NODE11230101, IF: 0.33)"
1825,2023,기계공학,697674656,강윤구,1,0.0,"한국추진공학회 (NODE11230101, IF: 0.33)"
1826,2023,기계공학,321767036,오석환,1,0.0,"한국추진공학회 (NODE11230102, IF: 0.33)"
1827,2023,기계공학,597108360,노태성,1,0.0,"한국추진공학회 (NODE11230102, IF: 0.33)"
1828,2023,기계공학,4966156,안현종,1,0.0,"한국추진공학회 (NODE11230103, IF: 0.33)"
1829,2023,기계공학,702670334,나규진,1,0.0,"한국추진공학회 (NODE11230104, IF: 0.33)"
1830,2023,기계공학,387750164,김중회,1,0.0,"한국추진공학회 (NODE11230104, IF: 0.33)"
1831,2023,기계공학,325817547,김철웅,1,0.0,"한국추진공학회 (NODE11230105, IF: 0.33)"
1832,2023,기계공학,574744854,유지성,1,0.0,"한국추진공학회 (NODE11230105, IF: 0.33)"
1833,2023,기계공학,156131944,지상연,1,0.0,"한국추진공학회 (NODE11230105, IF: 0.33)"
1834,2023,기계공학,950028081,강철웅,1,0.0,"한국추진공학회 (NODE11230109, IF: 0.33)"
1835,2023,기계공학,276751403,이신우,1,0.0,"한국추진공학회 (NODE11230109, IF: 0.33)"
1836,2023,기계공학,959289005,이강영,1,0.0,"한국추진공학회 (NODE11230109, IF: 0.33)"
1837,2023,기계공학,238174036,정하동,1,0.0,"한국추진공학회 (NODE11230109, IF: 0.33)"
1838,2023,기계공학,492357614,이승엽,1,0.0,"한국기계가공학회 (NODE11411465, IF: 0.31)"
1839,2023,기계공학,765206009,양민석,1,0.0,"한국기계가공학회 (NODE11411465, IF: 0.31)"
1840,2023,기계공학,434668,김우성,1,0.0,"한국기계가공학회 (NODE11411465, IF: 0.31)"
1841,2023,기계공학,508139261,김다혜,1,0.0,"한국기계가공학회 (NODE11411465, IF: 0.31)"
1842,2023,기계공학,524303709,김건우,1,0.0,"한국기계가공학회 (NODE11411465, IF: 0.31)"
1843,2023,기계공학,845635816,이재욱,1,0.0,"한국기계가공학회 (NODE11411465, IF: 0.31)"
1844,2023,기계공학,940485328,김승우,1,0.0,"한국기계가공학회 (NODE11411467, IF: 0.31)"
1845,2023,기계공학,709424655,왕촨핑,1,0.0,"한국기계가공학회 (NODE11411467, IF: 0.31)"
1846,2023,기계공학,996447252,박재일,1,0.0,"한국기계가공학회 (NODE11411467, IF: 0.31)"
1847,2023,기계공학,111129342,박정섭,1,0.0,"한국기계가공학회 (NODE11411467, IF: 0.31)"
1848,2023,기계공학,251740386,강종훈,1,0.0,"한국기계가공학회 (NODE11411467, IF: 0.31)"
1849,2023,기계공학,963546140,박성배,1,0.0,"한국기계가공학회 (NODE11411468, IF: 0.31)"
1850,2023,기계공학,533434865,진의군,1,0.0,"한국기계가공학회 (NODE11411468, IF: 0.31)"
1851,2023,기계공학,222767040,이빙,1,0.0,"한국기계가공학회 (NODE11411468, IF: 0.31)"
1852,2023,기계공학,1503011,조민철,1,0.0,"한국기계가공학회 (NODE11411469, IF: 0.31)"
1853,2023,기계공학,936536469,노정훈,1,0.0,"한국기계가공학회 (NODE11411469, IF: 0.31)"
1854,2023,기계공학,913809066,최원식,1,0.0,"한국기계가공학회 (NODE11411471, IF: 0.31)"
1855,2023,기계공학,977972650,양병수,1,0.0,"한국기계가공학회 (NODE11411472, IF: 0.31)"
1856,2023,기계공학,384164724,석지찬,1,0.0,"한국기계가공학회 (NODE11411472, IF: 0.31)"
1857,2023,기계공학,449710,서지원,1,0.0,"한국기계가공학회 (NODE11411475, IF: 0.31)"
1858,2023,기계공학,383965187,Nam Guk Kim,1,0.0,"한국기계가공학회 (NODE11411476, IF: 0.31)"
1859,2023,기계공학,171329806,이정실,1,0.0,"한국기계가공학회 (NODE11625309, IF: 0.31)"
1860,2023,기계공학,914080101,강정수,1,0.0,"한국기계가공학회 (NODE11625310, IF: 0.31)"
1861,2023,기계공학,392837952,안익현,1,0.0,"한국기계가공학회 (NODE11625310, IF: 0.31)"
1862,2023,기계공학,650236626,김영원,1,0.0,"한국기계가공학회 (NODE11625310, IF: 0.31)"
1863,2023,기계공학,491752105,이민열,1,0.0,"한국기계가공학회 (NODE11625311, IF: 0.31)"
1864,2023,기계공학,732616812,이동균,1,0.0,"한국기계가공학회 (NODE11625312, IF: 0.31)"
1865,2023,기계공학,215594805,함영삼,1,0.0,"한국기계가공학회 (NODE11625315, IF: 0.31)"
1866,2023,기계공학,116084523,이찬우,1,0.0,"한국기계가공학회 (NODE11625315, IF: 0.31)"
1867,2023,기계공학,296724772,김희대,1,0.0,"한국기계가공학회 (NODE11625317, IF: 0.31)"
1868,2023,기계공학,403360987,고동현,1,0.0,"한국기계가공학회 (NODE11625317, IF: 0.31)"
1869,2023,기계공학,250805677,이상찬,1,0.0,"한국기계가공학회 (NODE11625317, IF: 0.31)"
1870,2023,기계공학,703290712,신준수,1,0.0,"한국기계가공학회 (NODE11625318, IF: 0.31)"
1871,2023,기계공학,863144890,김승모,1,0.0,"한국기계가공학회 (NODE11625318, IF: 0.31)"
1872,2023,기계공학,347145992,문창일,1,0.0,"한국기계가공학회 (NODE11625319, IF: 0.31)"
1873,2023,기계공학,831032964,이태경,1,0.0,"한국기계가공학회 (NODE11625320, IF: 0.31)"
1874,2023,기계공학,615924409,서보욱,1,0.0,"한국기계가공학회 (NODE11625320, IF: 0.31)"
1875,2023,기계공학,316129,김상진,1,0.0,"한국기계가공학회 (NODE11625321, IF: 0.31)"
1876,2023,기계공학,971971933,고민석,1,0.0,"한국기계가공학회 (NODE11625322, IF: 0.31)"
1877,2023,기계공학,409358452,김군찬,1,0.0,"한국기계가공학회 (NODE11625322, IF: 0.31)"
1878,2023,기계공학,448537029,김영기,1,0.0,"한국기계가공학회 (NODE11625322, IF: 0.31)"
1879,2023,기계공학,409887968,So-Jin Lee,1,0.0,"한국기계가공학회 (NODE11625325, IF: 0.31)"
1880,2023,기계공학,398985209,Gi-Oh Park,1,0.0,"한국기계가공학회 (NODE11625325, IF: 0.31)"
1881,2023,기계공학,920443223,Pan-Seub Kim,1,0.0,"한국기계가공학회 (NODE11625325, IF: 0.31)"
1882,2023,기계공학,107235,김동환,1,0.0,"한국소음진동공학회 (NODE11435126, IF: 0.52)"
1883,2023,기계공학,755678274,김재동,1,0.0,"한국소음진동공학회 (NODE11435126, IF: 0.52)"
1884,2023,기계공학,452455791,박명수,1,0.0,"한국소음진동공학회 (NODE11435126, IF: 0.52)"
1885,2023,기계공학,113642478,하헌주,1,0.0,"한국소음진동공학회 (NODE11435127, IF: 0.52)"
1886,2023,기계공학,574773593,양성수,1,0.0,"한국소음진동공학회 (NODE11435127, IF: 0.52)"
1887,2023,기계공학,951989108,강연준,1,0.0,"한국소음진동공학회 (NODE11435127, IF: 0.52)"
1888,2023,기계공학,567325097,조상환,1,0.0,"한국소음진동공학회 (NODE11435128, IF: 0.52)"
1889,2023,기계공학,364441725,최현경,1,0.0,"한국소음진동공학회 (NODE11435128, IF: 0.52)"
1890,2023,기계공학,288603309,김영신,1,0.0,"한국소음진동공학회 (NODE11435128, IF: 0.52)"
1891,2023,기계공학,639506836,박준희,1,0.0,"한국소음진동공학회 (NODE11435130, IF: 0.52)"
1892,2023,기계공학,166641085,하연수,1,0.0,"한국소음진동공학회 (NODE11435133, IF: 0.52)"
1893,2023,기계공학,285762999,한형석,1,0.0,"한국소음진동공학회 (NODE11435134, IF: 0.52)"
1894,2023,기계공학,133951036,김용훈,1,0.0,"한국소음진동공학회 (NODE11435134, IF: 0.52)"
1895,2023,기계공학,872472217,이가향,1,0.0,"한국소음진동공학회 (NODE11435134, IF: 0.52)"
1896,2023,기계공학,816356882,윤다운,1,0.0,"한국소음진동공학회 (NODE11435135, IF: 0.52)"
1897,2023,기계공학,972140286,소기환,1,0.0,"한국소음진동공학회 (NODE11435135, IF: 0.52)"
1898,2023,기계공학,614973320,이승준,1,0.0,"한국소음진동공학회 (NODE11435135, IF: 0.52)"
1899,2023,기계공학,638542998,이동철,1,0.0,"한국소음진동공학회 (NODE11435136, IF: 0.52)"
1900,2023,기계공학,195932105,장준혁,1,0.0,"한국소음진동공학회 (NODE11435136, IF: 0.52)"
1901,2023,기계공학,425899800,차덕순,1,0.0,"한국소음진동공학회 (NODE11435137, IF: 0.52)"
1902,2023,기계공학,839688391,임승현,1,0.0,"대한설비공학회 (NODE11444350, IF: 0.26)"
1903,2023,기계공학,189303572,연상훈,1,0.0,"대한설비공학회 (NODE11444351, IF: 0.26)"
1904,2023,기계공학,4036827,김철호,1,0.0,"대한설비공학회 (NODE11444351, IF: 0.26)"
1905,2023,기계공학,722366828,박계원,1,0.0,"대한설비공학회 (NODE11444351, IF: 0.26)"
1906,2023,기계공학,179870962,최두찬,1,0.0,"대한설비공학회 (NODE11444351, IF: 0.26)"
1907,2023,기계공학,768598293,조용걸,1,0.0,"대한설비공학회 (NODE11444351, IF: 0.26)"
1908,2023,기계공학,526584988,최종민,1,0.0,"대한설비공학회 (NODE11444351, IF: 0.26)"
1909,2023,기계공학,786472242,이광호,1,0.0,"대한설비공학회 (NODE11444351, IF: 0.26)"
1910,2023,기계공학,766472573,김일권,1,0.0,"대한설비공학회 (NODE11444352, IF: 0.26)"
1911,2023,기계공학,4208714,이원종,1,0.0,"대한설비공학회 (NODE11444353, IF: 0.26)"
1912,2023,기계공학,999951449,김학수,1,0.0,"대한설비공학회 (NODE11444354, IF: 0.26)"
1913,2023,기계공학,883382697,김우경,1,0.0,"대한설비공학회 (NODE11444354, IF: 0.26)"
1914,2023,기계공학,673905019,정민지,1,0.0,"한국항공우주학회 (NODE11444974, IF: 0.40)"
1915,2023,기계공학,289521305,정선호,1,0.0,"한국항공우주학회 (NODE11444974, IF: 0.40)"
1916,2023,기계공학,1470315,조진연,1,0.0,"한국항공우주학회 (NODE11444974, IF: 0.40)"
1917,2023,기계공학,394380588,김정호,1,0.0,"한국항공우주학회 (NODE11444974, IF: 0.40)"
1918,2023,기계공학,105634092,김지한,1,0.0,"한국항공우주학회 (NODE11444974, IF: 0.40)"
1919,2023,기계공학,534023503,이대영,1,0.0,"한국항공우주학회 (NODE11444975, IF: 0.40)"
1920,2023,기계공학,583936120,정호진,1,0.0,"한국항공우주학회 (NODE11444976, IF: 0.40)"
1921,2023,기계공학,644749940,김혜진,1,0.0,"한국항공우주학회 (NODE11444976, IF: 0.40)"
1922,2023,기계공학,160926032,김 중 관,1,0.0,"한국항공우주학회 (NODE11444976, IF: 0.40)"
1923,2023,기계공학,716577,김성준,1,0.0,"한국항공우주학회 (NODE11444977, IF: 0.40)"
1924,2023,기계공학,612056884,황인희,1,0.0,"한국항공우주학회 (NODE11444977, IF: 0.40)"
1925,2023,기계공학,228697677,이홍철,1,0.0,"대한기계학회 (NODE11342466, IF: 0.36)"
1926,2023,기계공학,921425292,Ivan Litvinov,1,0.0,"한국유체기계학회 (NODE11681148, IF: 0.29)"
1927,2023,기계공학,246237124,Daniil Suslov,1,0.0,"한국유체기계학회 (NODE11681148, IF: 0.29)"
1928,2023,기계공학,397694243,Mikhail Tsoy,1,0.0,"한국유체기계학회 (NODE11681148, IF: 0.29)"
1929,2023,기계공학,997307557,Evgeny Gorelikov,1,0.0,"한국유체기계학회 (NODE11681148, IF: 0.29)"
1930,2023,기계공학,486741233,Sergey Shtork,1,0.0,"한국유체기계학회 (NODE11681148, IF: 0.29)"
1931,2023,기계공학,260450868,Sergey Alekseenko,1,0.0,"한국유체기계학회 (NODE11681148, IF: 0.29)"
1932,2023,기계공학,625334331,Kilian Oberleithner,1,0.0,"한국유체기계학회 (NODE11681148, IF: 0.29)"
1933,2023,기계공학,909452438,Chenchen Hua,1,0.0,"한국유체기계학회 (NODE11681151, IF: 0.29)"
1934,2023,기계공학,932940475,Maosen Xu,1,0.0,"한국유체기계학회 (NODE11681151, IF: 0.29)"
1935,2023,기계공학,963640318,Jiegang Mou,1,0.0,"한국유체기계학회 (NODE11681151, IF: 0.29)"
1936,2023,기계공학,674818691,Junlei Wang,1,0.0,"한국유체기계학회 (NODE11681151, IF: 0.29)"
1937,2023,기계공학,411128568,Peijian Zhou,1,0.0,"한국유체기계학회 (NODE11681151, IF: 0.29)"
1938,2023,기계공학,991519309,Xuelong Yang,1,0.0,"한국유체기계학회 (NODE11681151, IF: 0.29)"
1939,2023,기계공학,227500296,신창민,1,0.0,"한국전산유체공학회 (NODE11231816, IF: 0.30)"
1940,2023,기계공학,942366101,박현솔,1,0.0,"한국전산유체공학회 (NODE11231818, IF: 0.30)"
1941,2023,기계공학,726014081,조수훈,1,0.0,"한국전산유체공학회 (NODE11231818, IF: 0.30)"
1942,2023,기계공학,422243768,윤보경,1,0.0,"한국전산유체공학회 (NODE11231819, IF: 0.30)"
1943,2023,기계공학,499407666,정진욱,1,0.0,"한국전산유체공학회 (NODE11231819, IF: 0.30)"
1944,2023,기계공학,2283258,홍슬기,1,0.0,"한국전산유체공학회 (NODE11231820, IF: 0.30)"
1945,2023,기계공학,322214358,허진영,1,0.0,"한국전산유체공학회 (NODE11231821, IF: 0.30)"
1946,2023,기계공학,290989795,고범용,1,0.0,"한국전산유체공학회 (NODE11231821, IF: 0.30)"
1947,2023,기계공학,906663865,허기훈,1,0.0,"한국전산유체공학회 (NODE11231821, IF: 0.30)"
1948,2023,기계공학,850957340,이영준,1,0.0,"한국전산유체공학회 (NODE11231821, IF: 0.30)"
1949,2023,기계공학,5174733,주병규,1,0.0,"한국전산유체공학회 (NODE11231822, IF: 0.30)"
1950,2023,기계공학,824778733,김성수,1,0.0,"한국전산유체공학회 (NODE11231822, IF: 0.30)"
1951,2023,기계공학,816415406,정용수,1,0.0,"한국전산유체공학회 (NODE11231822, IF: 0.30)"
1952,2023,기계공학,5111380,서송현,1,0.0,"한국전산유체공학회 (NODE11231823, IF: 0.30)"
1953,2023,기계공학,760123363,손순호,1,0.0,"한국전산유체공학회 (NODE11231823, IF: 0.30)"
1954,2023,기계공학,556820183,김용환,1,0.0,"한국전산유체공학회 (NODE11231823, IF: 0.30)"
1955,2023,기계공학,873542703,김규홍,1,0.0,"한국전산유체공학회 (NODE11231823, IF: 0.30)"
1956,2023,기계공학,920807758,박찬혁,1,0.0,"한국전산유체공학회 (NODE11231824, IF: 0.30)"
1957,2023,기계공학,5322963,권화빈,1,0.0,"한국전산유체공학회 (NODE11231824, IF: 0.30)"
1958,2023,기계공학,694545702,Ehtesham Ali,1,0.0,"한국전산유체공학회 (NODE11231824, IF: 0.30)"
1959,2023,기계공학,685669448,서종혁,1,0.0,"한국전산유체공학회 (NODE11231824, IF: 0.30)"
1960,2023,기계공학,358394532,이병욱,1,0.0,"한국전산유체공학회 (NODE11231824, IF: 0.30)"
1961,2023,기계공학,340824658,김인식,1,0.0,"한국전산유체공학회 (NODE11231824, IF: 0.30)"
1962,2023,기계공학,371510307,김성규,1,0.0,"한국전산유체공학회 (NODE11231824, IF: 0.30)"
1963,2023,기계공학,181774268,박찬우,1,0.0,"한국전산유체공학회 (NODE11231825, IF: 0.30)"
1964,2023,기계공학,520450388,김정명,1,0.0,"한국전산유체공학회 (NODE11231825, IF: 0.30)"
1965,2023,기계공학,307146189,최재훈,1,0.0,"한국전산유체공학회 (NODE11231825, IF: 0.30)"
1966,2023,기계공학,680202045,백민하,1,0.0,"한국전산유체공학회 (NODE11231828, IF: 0.30)"
1967,2023,기계공학,958824139,윤승현,1,0.0,"한국전산유체공학회 (NODE11231828, IF: 0.30)"
1968,2023,기계공학,423669263,김재형,1,0.0,"한국전산유체공학회 (NODE11231829, IF: 0.30)"
1969,2023,기계공학,673026084,이정희,1,0.0,"한국전산유체공학회 (NODE11231829, IF: 0.30)"
1970,2023,기계공학,117630336,김상교,1,0.0,"한국전산유체공학회 (NODE11231829, IF: 0.30)"
1971,2023,기계공학,432488595,이상혁,1,0.0,"한국전산유체공학회 (NODE11231829, IF: 0.30)"
1972,2023,기계공학,728860093,정우현,1,0.0,"대한설비공학회 (NODE11231851, IF: 0.26)"
1973,2023,기계공학,202406208,강경민,1,0.0,"대한설비공학회 (NODE11231853, IF: 0.26)"
1974,2023,기계공학,470672402,정다훈,1,0.0,"대한설비공학회 (NODE11231853, IF: 0.26)"
1975,2023,기계공학,559183488,정지환,1,0.0,"대한설비공학회 (NODE11231853, IF: 0.26)"
1976,2023,기계공학,686424168,유민상,1,0.0,"대한설비공학회 (NODE11231854, IF: 0.26)"
1977,2023,기계공학,5147510,김성은,1,0.0,"대한설비공학회 (NODE11231854, IF: 0.26)"
1978,2023,기계공학,309917850,송용우,1,0.0,"대한설비공학회 (NODE11231854, IF: 0.26)"
1979,2023,기계공학,869839741,방주예,1,0.0,"대한설비공학회 (NODE11231854, IF: 0.26)"
1980,2023,기계공학,992994882,황정하,1,0.0,"대한설비공학회 (NODE11231854, IF: 0.26)"
1981,2023,기계공학,167147718,한광우,1,0.0,"대한설비공학회 (NODE11231855, IF: 0.26)"
1982,2023,기계공학,770947999,김훈재,1,0.0,"한국항공우주학회 (NODE11231946, IF: 0.40)"
1983,2023,기계공학,833277203,김병수,1,0.0,"한국항공우주학회 (NODE11231946, IF: 0.40)"
1984,2023,기계공학,825746075,이창민,1,0.0,"한국항공우주학회 (NODE11231947, IF: 0.40)"
1985,2023,기계공학,801551367,심창훈,1,0.0,"한국항공우주학회 (NODE11231947, IF: 0.40)"
1986,2023,기계공학,825042779,원보영,1,0.0,"한국항공우주학회 (NODE11231948, IF: 0.40)"
1987,2023,기계공학,888273042,박예린,1,0.0,"한국항공우주학회 (NODE11231948, IF: 0.40)"
1988,2023,기계공학,902086681,한나라,1,0.0,"한국항공우주학회 (NODE11231948, IF: 0.40)"
1989,2023,기계공학,1670944,이은별,1,0.0,"한국항공우주학회 (NODE11231948, IF: 0.40)"
1990,2023,기계공학,293839367,신의섭,1,0.0,"한국항공우주학회 (NODE11231948, IF: 0.40)"
1991,2023,기계공학,402424051,엄태원,1,0.0,"한국항공우주학회 (NODE11231949, IF: 0.40)"
1992,2023,기계공학,923328213,신희준,1,0.0,"한국항공우주학회 (NODE11231950, IF: 0.40)"
1993,2023,기계공학,859881545,윤효상,1,0.0,"한국항공우주학회 (NODE11231950, IF: 0.40)"
1994,2023,기계공학,565214496,한은조,1,0.0,"한국항공우주학회 (NODE11231951, IF: 0.40)"
1995,2023,기계공학,895299954,김덕현,1,0.0,"한국항공우주학회 (NODE11231951, IF: 0.40)"
1996,2023,기계공학,403569829,이정재,1,0.0,"한국항공우주학회 (NODE11231951, IF: 0.40)"
1997,2023,기계공학,849110283,김연호,1,0.0,"한국항공우주학회 (NODE11231951, IF: 0.40)"
1998,2023,기계공학,5174331,이민우,1,0.0,"한국항공우주학회 (NODE11231951, IF: 0.40)"
1999,2023,기계공학,698801148,신승민,1,0.0,"한국항공우주학회 (NODE11231953, IF: 0.40)"
2000,2023,기계공학,582316645,오한,1,0.0,"한국항공우주학회 (NODE11231953, IF: 0.40)"
2001,2023,기계공학,457449976,김민기,1,0.0,"한국항공우주학회 (NODE11231954, IF: 0.40)"
2002,2023,기계공학,660647926,최원섭,1,0.0,"한국항공우주학회 (NODE11231954, IF: 0.40)"
2003,2023,기계공학,810873,김진형,1,0.0,"한국항공우주학회 (NODE11231954, IF: 0.40)"
2004,2023,기계공학,128875406,김지석,1,0.0,"한국항공우주학회 (NODE11231954, IF: 0.40)"
2005,2023,기계공학,883361056,임철호,1,0.0,"한국항공우주학회 (NODE11231954, IF: 0.40)"
2006,2023,기계공학,444986967,이성호,1,0.0,"한국항공우주학회 (NODE11231954, IF: 0.40)"
2007,2023,기계공학,173670949,김성민,1,0.0,"한국자동차공학회 (NODE11232098, IF: 0.41)"
2008,2023,기계공학,597622104,박진호,1,0.0,"한국자동차공학회 (NODE11232099, IF: 0.41)"
2009,2023,기계공학,952462801,강동우,1,0.0,"한국자동차공학회 (NODE11232099, IF: 0.41)"
2010,2023,기계공학,147419617,신귀성,1,0.0,"한국자동차공학회 (NODE11232099, IF: 0.41)"
2011,2023,기계공학,878671109,이승연,1,0.0,"한국자동차공학회 (NODE11232099, IF: 0.41)"
2012,2023,기계공학,193611046,조범곤,1,0.0,"한국자동차공학회 (NODE11232099, IF: 0.41)"
2013,2023,기계공학,488652622,이윤선,1,0.0,"한국자동차공학회 (NODE11232100, IF: 0.41)"
2014,2023,기계공학,525252977,전지연,1,0.0,"한국자동차공학회 (NODE11232100, IF: 0.41)"
2015,2023,기계공학,325709702,윤재근,1,0.0,"한국자동차공학회 (NODE11232100, IF: 0.41)"
2016,2023,기계공학,5147669,송광호,1,0.0,"한국자동차공학회 (NODE11232100, IF: 0.41)"
2017,2023,기계공학,957614999,이승원,1,0.0,"한국자동차공학회 (NODE11232101, IF: 0.41)"
2018,2023,기계공학,981067512,조병욱,1,0.0,"한국자동차공학회 (NODE11232101, IF: 0.41)"
2019,2023,기계공학,194779326,이홍종,1,0.0,"한국자동차공학회 (NODE11232101, IF: 0.41)"
2020,2023,기계공학,642726080,한창수,1,0.0,"한국자동차공학회 (NODE11232101, IF: 0.41)"
2021,2023,기계공학,108158254,연제휘,1,0.0,"한국자동차공학회 (NODE11232102, IF: 0.41)"
2022,2023,기계공학,330123782,박도현,1,0.0,"한국자동차공학회 (NODE11232102, IF: 0.41)"
2023,2023,기계공학,990656761,이윤호,1,0.0,"한국자동차공학회 (NODE11232102, IF: 0.41)"
2024,2023,기계공학,909755903,성혜인,1,0.0,"한국자동차공학회 (NODE11232102, IF: 0.41)"
2025,2023,기계공학,472289846,임윤성,1,0.0,"한국자동차공학회 (NODE11232102, IF: 0.41)"
2026,2023,기계공학,904212545,이종태,1,0.0,"한국자동차공학회 (NODE11232102, IF: 0.41)"
2027,2023,기계공학,693232653,김남욱,1,0.0,"한국자동차공학회 (NODE11232102, IF: 0.41)"
2028,2023,기계공학,326446339,김종민,1,0.0,"한국자동차공학회 (NODE11232103, IF: 0.41)"
2029,2023,기계공학,144888707,김흥규,1,0.0,"한국자동차공학회 (NODE11232103, IF: 0.41)"
2030,2023,기계공학,660354092,오진동,1,0.0,"한국자동차공학회 (NODE11232105, IF: 0.41)"
2031,2023,기계공학,708978810,김세환,1,0.0,"한국자동차공학회 (NODE11531080, IF: 0.41)"
2032,2023,기계공학,927003772,정진현,1,0.0,"한국자동차공학회 (NODE11531080, IF: 0.41)"
2033,2023,기계공학,291325297,성민상,1,0.0,"한국자동차공학회 (NODE11531080, IF: 0.41)"
2034,2023,기계공학,187460569,김정호,1,0.0,"한국자동차공학회 (NODE11531080, IF: 0.41)"
2035,2023,기계공학,696405216,문하경,1,0.0,"한국자동차공학회 (NODE11531080, IF: 0.41)"
2036,2023,기계공학,146005242,박범혁,1,0.0,"한국자동차공학회 (NODE11531083, IF: 0.41)"
2037,2023,기계공학,317149684,최승용,1,0.0,"한국자동차공학회 (NODE11531083, IF: 0.41)"
2038,2023,기계공학,196500005,김도현,1,0.0,"한국자동차공학회 (NODE11531083, IF: 0.41)"
2039,2023,기계공학,774500465,김현우,1,0.0,"한국항공우주학회 (NODE11531086, IF: 0.40)"
2040,2023,기계공학,510735037,김성진,1,0.0,"한국항공우주학회 (NODE11531086, IF: 0.40)"
2041,2023,기계공학,390474783,서경원,1,0.0,"한국항공우주학회 (NODE11531087, IF: 0.40)"
2042,2023,기계공학,971292279,이도관,1,0.0,"한국항공우주학회 (NODE11531087, IF: 0.40)"
2043,2023,기계공학,598395677,김성철,1,0.0,"한국항공우주학회 (NODE11531087, IF: 0.40)"
2044,2023,기계공학,822711195,최은혜,1,0.0,"한국항공우주학회 (NODE11531087, IF: 0.40)"
2045,2023,기계공학,315077085,한상현,1,0.0,"한국항공우주학회 (NODE11531087, IF: 0.40)"
2046,2023,기계공학,696324399,이종건,1,0.0,"한국항공우주학회 (NODE11531087, IF: 0.40)"
2047,2023,기계공학,231053196,최일성,1,0.0,"한국항공우주학회 (NODE11531088, IF: 0.40)"
2048,2023,기계공학,906362102,양성모,1,0.0,"한국항공우주학회 (NODE11531088, IF: 0.40)"
2049,2023,기계공학,943809216,신동하,1,0.0,"한국항공우주학회 (NODE11531088, IF: 0.40)"
2050,2023,기계공학,814222489,이현석,1,0.0,"한국항공우주학회 (NODE11531088, IF: 0.40)"
2051,2023,기계공학,273547144,박상하,1,0.0,"한국항공우주학회 (NODE11531088, IF: 0.40)"
2052,2023,기계공학,583744211,박기수,1,0.0,"한국항공우주학회 (NODE11531088, IF: 0.40)"
2053,2023,기계공학,532155622,강승훈,1,0.0,"한국항공우주학회 (NODE11531089, IF: 0.40)"
2054,2023,기계공학,254145566,전지연,1,0.0,"한국항공우주학회 (NODE11531089, IF: 0.40)"
2055,2023,기계공학,447128376,임동주,1,0.0,"한국항공우주학회 (NODE11531089, IF: 0.40)"
2056,2023,기계공학,437264961,김건영,1,0.0,"한국항공우주학회 (NODE11531090, IF: 0.40)"
2057,2023,기계공학,132095900,김준겸,1,0.0,"한국항공우주학회 (NODE11531090, IF: 0.40)"
2058,2023,기계공학,328877390,김건영,1,0.0,"한국항공우주학회 (NODE11531091, IF: 0.40)"
2059,2023,기계공학,486435441,이민호,1,0.0,"한국항공우주학회 (NODE11531091, IF: 0.40)"
2060,2023,기계공학,935463,박재욱,1,0.0,"한국항공우주학회 (NODE11531094, IF: 0.40)"
2061,2023,기계공학,160998076,정호준,1,0.0,"한국항공우주학회 (NODE11531094, IF: 0.40)"
2062,2023,기계공학,176943999,이지강,1,0.0,"한국항공우주학회 (NODE11531094, IF: 0.40)"
2063,2023,기계공학,147515756,김오종,1,0.0,"한국항공우주학회 (NODE11531094, IF: 0.40)"
2064,2023,기계공학,444142835,이재억,1,0.0,"한국항공우주학회 (NODE11531095, IF: 0.40)"
2065,2023,기계공학,551168374,김봉규,1,0.0,"한국항공우주학회 (NODE11531095, IF: 0.40)"
2066,2023,기계공학,838957,김근영,1,0.0,"한국항공우주학회 (NODE11531096, IF: 0.40)"
2067,2023,기계공학,487350571,이해종,1,0.0,"한국항공우주학회 (NODE11531096, IF: 0.40)"
2068,2023,기계공학,439218989,방일호,1,0.0,"대한기계학회 (NODE11532551, IF: 0.36)"
2069,2023,기계공학,845438795,김학민,1,0.0,"대한기계학회 (NODE11532551, IF: 0.36)"
2070,2023,기계공학,548135588,염정국,1,0.0,"대한기계학회 (NODE11532551, IF: 0.36)"
2071,2023,기계공학,513102752,조창영,1,0.0,"대한기계학회 (NODE11532552, IF: 0.36)"
2072,2023,기계공학,625127876,서한솔,1,0.0,"대한기계학회 (NODE11532552, IF: 0.36)"
2073,2023,기계공학,889140831,이승혁,1,0.0,"한국수소및신에너지학회 (NODE11556970, IF: 0.62)"
2074,2023,기계공학,267096223,SEDONG LEE,1,0.0,"한국수소및신에너지학회 (NODE11556970, IF: 0.62)"
2075,2023,기계공학,884318379,HYUNBOK LEE,1,0.0,"한국수소및신에너지학회 (NODE11556970, IF: 0.62)"
2076,2023,기계공학,674875228,조충희,1,0.0,"한국수소및신에너지학회 (NODE11556971, IF: 0.62)"
2077,2023,기계공학,922308487,박우일,1,0.0,"한국수소및신에너지학회 (NODE11556971, IF: 0.62)"
2078,2023,기계공학,928678522,김부승,1,0.0,"한국수소및신에너지학회 (NODE11556971, IF: 0.62)"
2079,2023,기계공학,204222471,이경식,1,0.0,"한국수소및신에너지학회 (NODE11556971, IF: 0.62)"
2080,2023,기계공학,954098591,오승훈,1,0.0,"한국수소및신에너지학회 (NODE11556972, IF: 0.62)"
2081,2023,기계공학,471651262,김명배,1,0.0,"한국수소및신에너지학회 (NODE11556974, IF: 0.62)"
2082,2023,기계공학,266911994,르-두이 응옌,1,0.0,"한국수소및신에너지학회 (NODE11556974, IF: 0.62)"
2083,2023,기계공학,885882897,김태준,1,0.0,"한국수소및신에너지학회 (NODE11556975, IF: 0.62)"
2084,2023,기계공학,261160799,푸트라쿠마르 발라,1,0.0,"한국수소및신에너지학회 (NODE11556975, IF: 0.62)"
2085,2023,기계공학,321747095,신대섭,1,0.0,"한국수소및신에너지학회 (NODE11556975, IF: 0.62)"
2086,2023,기계공학,118771972,노상균,1,0.0,"한국수소및신에너지학회 (NODE11556976, IF: 0.62)"
2087,2023,기계공학,344004653,김희정,1,0.0,"한국자동차공학회 (NODE11557902, IF: 0.41)"
2088,2023,기계공학,956362738,권영동,1,0.0,"한국자동차공학회 (NODE11557902, IF: 0.41)"
2089,2023,기계공학,954529113,김정철,1,0.0,"한국자동차공학회 (NODE11557904, IF: 0.41)"
2090,2023,기계공학,499767413,안진한,1,0.0,"한국자동차공학회 (NODE11557904, IF: 0.41)"
2091,2023,기계공학,219734354,차준표,1,0.0,"한국자동차공학회 (NODE11557904, IF: 0.41)"
2092,2023,기계공학,5493897,정수진,1,0.0,"한국자동차공학회 (NODE11557905, IF: 0.41)"
2093,2023,기계공학,234388,문성준,1,0.0,"한국자동차공학회 (NODE11557905, IF: 0.41)"
2094,2023,기계공학,350387074,김일주,1,0.0,"한국자동차공학회 (NODE11557905, IF: 0.41)"
2095,2023,기계공학,122838240,김태훈,1,0.0,"한국자동차공학회 (NODE11557905, IF: 0.41)"
2096,2023,기계공학,512005230,명경호,1,0.0,"한국자동차공학회 (NODE11557906, IF: 0.41)"
2097,2023,기계공학,611899481,김민영,1,0.0,"한국자동차공학회 (NODE11557907, IF: 0.41)"
2098,2023,기계공학,103168332,김민혁,1,0.0,"한국자동차공학회 (NODE11557909, IF: 0.41)"
2099,2023,기계공학,348336845,홍현귀,1,0.0,"한국자동차공학회 (NODE11557909, IF: 0.41)"
2100,2023,기계공학,444144092,김준원,1,0.0,"한국자동차공학회 (NODE11557909, IF: 0.41)"
2101,2023,기계공학,642948653,윤현복,1,0.0,"한국자동차공학회 (NODE11557909, IF: 0.41)"
2102,2023,기계공학,583044627,조한슬,1,0.0,"한국자동차공학회 (NODE11557909, IF: 0.41)"
2103,2023,기계공학,907122574,주영준,1,0.0,"한국자동차공학회 (NODE11557909, IF: 0.41)"
2104,2023,기계공학,144032176,남유준,1,0.0,"한국자동차공학회 (NODE11557910, IF: 0.41)"
2105,2023,기계공학,681010858,김휘강,1,0.0,"한국자동차공학회 (NODE11560066, IF: 0.41)"
2106,2023,기계공학,449999555,황창순,1,0.0,"Korean Society for Precision Engineering (NODE11558338, IF: 0.00)"
2107,2023,기계공학,622056683,이호,1,0.0,"Korean Society for Precision Engineering (NODE11558338, IF: 0.00)"
2108,2023,기계공학,753021404,강보영,1,0.0,"Korean Society for Precision Engineering (NODE11558338, IF: 0.00)"
2109,2023,기계공학,861910572,류승헌,1,0.0,"Korean Society for Precision Engineering (NODE11558340, IF: 0.00)"
2110,2023,기계공학,335975404,Dong-Woo Ko,1,0.0,"한국생산제조학회 (NODE11397432, IF: 0.34)"
2111,2023,기계공학,746401593,Se-Hwan Jang,1,0.0,"한국생산제조학회 (NODE11397432, IF: 0.34)"
2112,2023,기계공학,998214226,Jae-Hyun Kim,1,0.0,"한국생산제조학회 (NODE11397432, IF: 0.34)"
2113,2023,기계공학,357787530,Kwan-Yong Lee,1,0.0,"한국생산제조학회 (NODE11397432, IF: 0.34)"
2114,2023,기계공학,463734369,Young-Joo Kim,1,0.0,"한국생산제조학회 (NODE11397432, IF: 0.34)"
2115,2023,기계공학,355618964,박인규,1,0.0,"한국생산제조학회 (NODE11397443, IF: 0.34)"
2116,2023,기계공학,207476962,김병재,1,0.0,"한국생산제조학회 (NODE11397443, IF: 0.34)"
2117,2023,기계공학,495221280,이정우,1,0.0,"한국생산제조학회 (NODE11397443, IF: 0.34)"
2118,2023,기계공학,173376922,이종득,1,0.0,"한국생산제조학회 (NODE11397443, IF: 0.34)"
2119,2023,기계공학,618316409,문성준,1,0.0,"한국생산제조학회 (NODE11397443, IF: 0.34)"
2120,2023,기계공학,573882848,김재석,1,0.0,"대한설비공학회 (NODE11493345, IF: 0.26)"
2121,2023,기계공학,288328190,이종환,1,0.0,"한국항공우주학회 (NODE11403917, IF: 0.40)"
2122,2023,기계공학,678410672,강정현,1,0.0,"한국항공우주학회 (NODE11403917, IF: 0.40)"
2123,2023,기계공학,458993651,김도형,1,0.0,"한국항공우주학회 (NODE11403917, IF: 0.40)"
2124,2023,기계공학,666746301,김명강,1,0.0,"한국항공우주학회 (NODE11403918, IF: 0.40)"
2125,2023,기계공학,344141005,라충길,1,0.0,"한국항공우주학회 (NODE11403918, IF: 0.40)"
2126,2023,기계공학,488395959,석진영,1,0.0,"한국항공우주학회 (NODE11403918, IF: 0.40)"
2127,2023,기계공학,519125569,이하늘,1,0.0,"한국항공우주학회 (NODE11403919, IF: 0.40)"
2128,2023,기계공학,436298784,이현재,1,0.0,"한국항공우주학회 (NODE11403919, IF: 0.40)"
2129,2023,기계공학,312521305,구도환,1,0.0,"한국항공우주학회 (NODE11403920, IF: 0.40)"
2130,2023,기계공학,808673667,김재구,1,0.0,"한국항공우주학회 (NODE11403921, IF: 0.40)"
2131,2023,기계공학,919037752,전하민,1,0.0,"한국항공우주학회 (NODE11403921, IF: 0.40)"
2132,2023,기계공학,722000330,김진희,1,0.0,"한국항공우주학회 (NODE11403922, IF: 0.40)"
2133,2023,기계공학,2229803,정진석,1,0.0,"한국항공우주학회 (NODE11403922, IF: 0.40)"
2134,2023,기계공학,298729246,방신원,1,0.0,"한국항공우주학회 (NODE11403924, IF: 0.40)"
2135,2023,기계공학,613041954,강우람,1,0.0,"한국항공우주학회 (NODE11403924, IF: 0.40)"
2136,2023,기계공학,731633748,조성현,1,0.0,"한국항공우주학회 (NODE11403925, IF: 0.40)"
2137,2023,기계공학,628351619,이창현,1,0.0,"한국항공우주학회 (NODE11403925, IF: 0.40)"
2138,2023,기계공학,420355085,김세진,1,0.0,"항공우주시스템공학회 (NODE11658989, IF: 0.31)"
2139,2023,기계공학,590464002,최용석,1,0.0,"항공우주시스템공학회 (NODE11658989, IF: 0.31)"
2140,2023,기계공학,617217365,박현철,1,0.0,"항공우주시스템공학회 (NODE11658989, IF: 0.31)"
2141,2023,기계공학,304910753,조완주,1,0.0,"항공우주시스템공학회 (NODE11658990, IF: 0.31)"
2142,2023,기계공학,380798429,장현준,1,0.0,"항공우주시스템공학회 (NODE11658990, IF: 0.31)"
2143,2023,기계공학,478425825,이의천,1,0.0,"항공우주시스템공학회 (NODE11658991, IF: 0.31)"
2144,2023,기계공학,850205948,이종원,1,0.0,"항공우주시스템공학회 (NODE11658991, IF: 0.31)"
2145,2023,기계공학,195062414,최의진,1,0.0,"항공우주시스템공학회 (NODE11658991, IF: 0.31)"
2146,2023,기계공학,433287965,이성현,1,0.0,"항공우주시스템공학회 (NODE11658992, IF: 0.31)"
2147,2023,기계공학,505480916,김래은,1,0.0,"항공우주시스템공학회 (NODE11658992, IF: 0.31)"
2148,2023,기계공학,312645732,서정무,1,0.0,"항공우주시스템공학회 (NODE11658992, IF: 0.31)"
2149,2023,기계공학,409506915,김성연,1,0.0,"항공우주시스템공학회 (NODE11658993, IF: 0.31)"
2150,2023,기계공학,601522022,김태현,1,0.0,"항공우주시스템공학회 (NODE11658993, IF: 0.31)"
2151,2023,기계공학,799850568,김민성,1,0.0,"항공우주시스템공학회 (NODE11658993, IF: 0.31)"
2152,2023,기계공학,732806109,문찬희,1,0.0,"항공우주시스템공학회 (NODE11658994, IF: 0.31)"
2153,2023,기계공학,408245631,옥서준,1,0.0,"항공우주시스템공학회 (NODE11658997, IF: 0.31)"
2154,2023,기계공학,276594529,김민수,1,0.0,"항공우주시스템공학회 (NODE11658997, IF: 0.31)"
2155,2023,기계공학,891507617,박수현,1,0.0,"항공우주시스템공학회 (NODE11658997, IF: 0.31)"
2156,2023,기계공학,654404175,이광영,1,0.0,"항공우주시스템공학회 (NODE11658998, IF: 0.31)"
2157,2023,기계공학,333848647,김기하,1,0.0,"항공우주시스템공학회 (NODE11658998, IF: 0.31)"
2158,2023,기계공학,473527089,김민우,1,0.0,"항공우주시스템공학회 (NODE11659000, IF: 0.31)"
2159,2023,기계공학,138069537,박준형,1,0.0,"항공우주시스템공학회 (NODE11659000, IF: 0.31)"
2160,2023,기계공학,831831166,배병덕,1,0.0,"항공우주시스템공학회 (NODE11659001, IF: 0.31)"
2161,2023,기계공학,121978745,이강이,1,0.0,"항공우주시스템공학회 (NODE11659002, IF: 0.31)"
2162,2023,기계공학,539765112,한재훈,1,0.0,"항공우주시스템공학회 (NODE11659002, IF: 0.31)"
2163,2023,기계공학,887238819,이정삼,1,0.0,"항공우주시스템공학회 (NODE11659002, IF: 0.31)"
2164,2023,기계공학,456268427,안성진,1,0.0,"항공우주시스템공학회 (NODE11659006, IF: 0.31)"
2165,2023,기계공학,528803888,김형진,1,0.0,"항공우주시스템공학회 (NODE11659007, IF: 0.31)"
2166,2023,기계공학,196830677,조영우,1,0.0,"항공우주시스템공학회 (NODE11659007, IF: 0.31)"
2167,2023,기계공학,173945984,김봉규,1,0.0,"항공우주시스템공학회 (NODE11659007, IF: 0.31)"
2168,2023,기계공학,943826137,고은경,1,0.0,"항공우주시스템공학회 (NODE11659007, IF: 0.31)"
2169,2023,기계공학,986555353,김재정,1,0.0,"항공우주시스템공학회 (NODE11659008, IF: 0.31)"
2170,2023,기계공학,812609606,이순영,1,0.0,"항공우주시스템공학회 (NODE11659008, IF: 0.31)"
2171,2023,기계공학,1013109,김주한,1,0.0,"한국연소학회 (NODE11343548, IF: 1.09)"
2172,2023,기계공학,174468430,유춘상,1,0.0,"한국연소학회 (NODE11343548, IF: 1.09)"
2173,2023,기계공학,774402687,정석호,1,0.0,"한국연소학회 (NODE11343548, IF: 1.09)"
2174,2023,기계공학,696193406,박정,1,0.0,"한국연소학회 (NODE11343548, IF: 1.09)"
2175,2023,기계공학,633493749,정필수,1,0.0,"한국연소학회 (NODE11343549, IF: 1.09)"
2176,2023,기계공학,687640702,최병철,1,0.0,"한국연소학회 (NODE11343549, IF: 1.09)"
2177,2023,기계공학,923369275,박동욱,1,0.0,"한국연소학회 (NODE11343549, IF: 1.09)"
2178,2023,기계공학,703391109,권현조,1,0.0,"한국연소학회 (NODE11343549, IF: 1.09)"
2179,2023,기계공학,836596683,김우빈,1,0.0,"한국연소학회 (NODE11343549, IF: 1.09)"
2180,2023,기계공학,586139646,진창민,1,0.0,"한국연소학회 (NODE11343549, IF: 1.09)"
2181,2023,기계공학,239951650,박경환,1,0.0,"한국기계가공학회 (NODE11343886, IF: 0.31)"
2182,2023,기계공학,725581802,윤효윤,1,0.0,"한국기계가공학회 (NODE11343886, IF: 0.31)"
2183,2023,기계공학,100380691,이현우,1,0.0,"한국기계가공학회 (NODE11343887, IF: 0.31)"
2184,2023,기계공학,939896098,권오찬,1,0.0,"한국기계가공학회 (NODE11343887, IF: 0.31)"
2185,2023,기계공학,777230540,김민호,1,0.0,"한국기계가공학회 (NODE11343887, IF: 0.31)"
2186,2023,기계공학,230325294,유준일,1,0.0,"한국기계가공학회 (NODE11343887, IF: 0.31)"
2187,2023,기계공학,411820556,신건호,1,0.0,"한국기계가공학회 (NODE11343888, IF: 0.31)"
2188,2023,기계공학,919098896,정영철,1,0.0,"한국기계가공학회 (NODE11343889, IF: 0.31)"
2189,2023,기계공학,516302624,Byeong-Nam Lim,1,0.0,"한국기계가공학회 (NODE11343890, IF: 0.31)"
2190,2023,기계공학,582567523,Seung-Jin Lee,1,0.0,"한국기계가공학회 (NODE11343890, IF: 0.31)"
2191,2023,기계공학,518219681,Gi-Man Kim,1,0.0,"한국기계가공학회 (NODE11343890, IF: 0.31)"
2192,2023,기계공학,490997055,김성재,1,0.0,"한국기계가공학회 (NODE11343891, IF: 0.31)"
2193,2023,기계공학,641578771,박종훈,1,0.0,"한국기계가공학회 (NODE11343891, IF: 0.31)"
2194,2023,기계공학,197919753,이상천,1,0.0,"한국기계가공학회 (NODE11343891, IF: 0.31)"
2195,2023,기계공학,786662311,김용현,1,0.0,"한국자동차공학회 (NODE11202286, IF: 0.41)"
2196,2023,기계공학,711383087,고대철,1,0.0,"한국자동차공학회 (NODE11202286, IF: 0.41)"
2197,2023,기계공학,947343741,김민웅,1,0.0,"한국자동차공학회 (NODE11202287, IF: 0.41)"
2198,2023,기계공학,400608634,김철호,1,0.0,"한국자동차공학회 (NODE11202287, IF: 0.41)"
2199,2023,기계공학,216957944,길한별,1,0.0,"한국자동차공학회 (NODE11202288, IF: 0.41)"
2200,2023,기계공학,730654558,문일경,1,0.0,"한국자동차공학회 (NODE11202289, IF: 0.41)"
2201,2023,기계공학,2064749,조건희,1,0.0,"한국자동차공학회 (NODE11202289, IF: 0.41)"
2202,2023,기계공학,697653937,조호선,1,0.0,"한국자동차공학회 (NODE11202291, IF: 0.41)"
2203,2023,기계공학,167765439,오병기,1,0.0,"한국자동차공학회 (NODE11202291, IF: 0.41)"
2204,2023,기계공학,5209324,김성현,1,0.0,"한국자동차공학회 (NODE11202291, IF: 0.41)"
2205,2023,기계공학,776003757,연제호,1,0.0,"한국자동차공학회 (NODE11202291, IF: 0.41)"
2206,2023,기계공학,520716860,황창대,1,0.0,"한국자동차공학회 (NODE11202293, IF: 0.41)"
2207,2023,기계공학,318017495,홍도영,1,0.0,"한국자동차공학회 (NODE11202293, IF: 0.41)"
2208,2023,기계공학,517958367,박성천,1,0.0,"한국자동차공학회 (NODE11202293, IF: 0.41)"
2209,2023,기계공학,905769978,김대성,1,0.0,"한국자동차공학회 (NODE11202295, IF: 0.41)"
2210,2023,기계공학,475861654,김태식,1,0.0,"한국자동차공학회 (NODE11202296, IF: 0.41)"
2211,2023,기계공학,877317805,신준호,1,0.0,"한국자동차공학회 (NODE11202296, IF: 0.41)"
2212,2023,기계공학,124227053,선태형,1,0.0,"한국자동차공학회 (NODE11202296, IF: 0.41)"
2213,2023,기계공학,563265723,정성준,1,0.0,"한국자동차공학회 (NODE11202296, IF: 0.41)"
2214,2023,기계공학,505313555,박상혁,1,0.0,"항공우주시스템공학회 (NODE11221242, IF: 0.31)"
2215,2023,기계공학,195000582,강경철,1,0.0,"항공우주시스템공학회 (NODE11221242, IF: 0.31)"
2216,2023,기계공학,394078953,강민규,1,0.0,"항공우주시스템공학회 (NODE11221242, IF: 0.31)"
2217,2023,기계공학,545520853,진선미,1,0.0,"항공우주시스템공학회 (NODE11221242, IF: 0.31)"
2218,2023,기계공학,784112407,이윤서,1,0.0,"항공우주시스템공학회 (NODE11221242, IF: 0.31)"
2219,2023,기계공학,599028852,김용희,1,0.0,"항공우주시스템공학회 (NODE11221242, IF: 0.31)"
2220,2023,기계공학,622954,이승현,1,0.0,"항공우주시스템공학회 (NODE11221242, IF: 0.31)"
2221,2023,기계공학,227791335,김성진,1,0.0,"항공우주시스템공학회 (NODE11221242, IF: 0.31)"
2222,2023,기계공학,573603019,김재승,1,0.0,"항공우주시스템공학회 (NODE11221243, IF: 0.31)"
2223,2023,기계공학,654274306,문상곤,1,0.0,"항공우주시스템공학회 (NODE11221243, IF: 0.31)"
2224,2023,기계공학,162097875,이근호,1,0.0,"항공우주시스템공학회 (NODE11221243, IF: 0.31)"
2225,2023,기계공학,816501168,김문국,1,0.0,"항공우주시스템공학회 (NODE11221244, IF: 0.31)"
2226,2023,기계공학,714424024,김재철,1,0.0,"항공우주시스템공학회 (NODE11221244, IF: 0.31)"
2227,2023,기계공학,779665598,류한열,1,0.0,"항공우주시스템공학회 (NODE11221245, IF: 0.31)"
2228,2023,기계공학,5462199,권지훈,1,0.0,"항공우주시스템공학회 (NODE11221246, IF: 0.31)"
2229,2023,기계공학,203740512,이동민,1,0.0,"항공우주시스템공학회 (NODE11221246, IF: 0.31)"
2230,2023,기계공학,385783254,박경민,1,0.0,"항공우주시스템공학회 (NODE11221246, IF: 0.31)"
2231,2023,기계공학,556603400,이은희,1,0.0,"항공우주시스템공학회 (NODE11221246, IF: 0.31)"
2232,2023,기계공학,925297148,임석훈,1,0.0,"항공우주시스템공학회 (NODE11221246, IF: 0.31)"
2233,2023,기계공학,789960799,최용훈,1,0.0,"항공우주시스템공학회 (NODE11221246, IF: 0.31)"
2234,2023,기계공학,861117650,나종화,1,0.0,"항공우주시스템공학회 (NODE11221246, IF: 0.31)"
2235,2023,기계공학,261370818,이수미,1,0.0,"항공우주시스템공학회 (NODE11221247, IF: 0.31)"
2236,2023,기계공학,123428261,이태우,1,0.0,"항공우주시스템공학회 (NODE11221247, IF: 0.31)"
2237,2023,기계공학,390588187,강영민,1,0.0,"항공우주시스템공학회 (NODE11221247, IF: 0.31)"
2238,2023,기계공학,223243065,차정열,1,0.0,"항공우주시스템공학회 (NODE11221249, IF: 0.31)"
2239,2023,기계공학,821649792,현주하,1,0.0,"항공우주시스템공학회 (NODE11221250, IF: 0.31)"
2240,2023,기계공학,461284040,강문혜,1,0.0,"항공우주시스템공학회 (NODE11221250, IF: 0.31)"
2241,2023,기계공학,416611980,전병권,1,0.0,"항공우주시스템공학회 (NODE11221251, IF: 0.31)"
2242,2023,기계공학,608460534,김성현,1,0.0,"항공우주시스템공학회 (NODE11221252, IF: 0.31)"
2243,2023,기계공학,5170086,김지본,1,0.0,"항공우주시스템공학회 (NODE11221252, IF: 0.31)"
2244,2023,기계공학,878518917,이정훈,1,0.0,"항공우주시스템공학회 (NODE11221252, IF: 0.31)"
2245,2023,기계공학,350303223,김응태,1,0.0,"항공우주시스템공학회 (NODE11221252, IF: 0.31)"
2246,2023,기계공학,908071670,김병수,1,0.0,"항공우주시스템공학회 (NODE11221252, IF: 0.31)"
2247,2023,기계공학,666451865,방수완,1,0.0,"항공우주시스템공학회 (NODE11221253, IF: 0.31)"
2248,2023,기계공학,975037367,고형호,1,0.0,"항공우주시스템공학회 (NODE11221253, IF: 0.31)"
2249,2023,기계공학,667191217,조재명,1,0.0,"항공우주시스템공학회 (NODE11221254, IF: 0.31)"
2250,2023,기계공학,764506158,박훈혁,1,0.0,"항공우주시스템공학회 (NODE11221254, IF: 0.31)"
2251,2023,기계공학,128836350,이원웅,1,0.0,"항공우주시스템공학회 (NODE11221254, IF: 0.31)"
2252,2023,기계공학,422033402,오의환,1,0.0,"항공우주시스템공학회 (NODE11221254, IF: 0.31)"
2253,2023,기계공학,201191,이주연,1,0.0,"대한기계학회 (NODE11218519, IF: 0.36)"
2254,2023,기계공학,563032926,이민종,1,0.0,"대한기계학회 (NODE11218519, IF: 0.36)"
2255,2023,기계공학,611522185,손용우,1,0.0,"대한기계학회 (NODE11218519, IF: 0.36)"
2256,2023,기계공학,189770977,윤정훈,1,0.0,"대한기계학회 (NODE11218519, IF: 0.36)"
2257,2023,기계공학,605334340,박근,1,0.0,"대한기계학회 (NODE11218519, IF: 0.36)"
2258,2023,기계공학,821477870,안형환,1,0.0,"대한기계학회 (NODE11218520, IF: 0.36)"
2259,2023,기계공학,578198301,반치범,1,0.0,"대한기계학회 (NODE11218520, IF: 0.36)"
2260,2023,기계공학,570411936,석태현,1,0.0,"대한기계학회 (NODE11218521, IF: 0.36)"
2261,2023,기계공학,972505157,허남수,1,0.0,"대한기계학회 (NODE11218521, IF: 0.36)"
2262,2023,기계공학,478196878,서영빈,1,0.0,"대한기계학회 (NODE11218522, IF: 0.36)"
2263,2023,기계공학,351424601,박건영,1,0.0,"대한기계학회 (NODE11218522, IF: 0.36)"
2264,2023,기계공학,602646728,김철,1,0.0,"대한기계학회 (NODE11218522, IF: 0.36)"
2265,2023,기계공학,873632481,최현식,1,0.0,"대한기계학회 (NODE11218526, IF: 0.36)"
2266,2023,기계공학,568377847,최재욱,1,0.0,"대한기계학회 (NODE11218527, IF: 0.36)"
2267,2023,기계공학,478504035,유나현,1,0.0,"대한기계학회 (NODE11218528, IF: 0.36)"
2268,2023,기계공학,351531090,이예본,1,0.0,"대한기계학회 (NODE11218528, IF: 0.36)"
2269,2023,기계공학,814738882,백수정,1,0.0,"대한기계학회 (NODE11218528, IF: 0.36)"
2270,2023,기계공학,359535027,최승준,1,0.0,"대한기계학회 (NODE11218529, IF: 0.36)"
2271,2023,기계공학,650022709,최현석,1,0.0,"대한기계학회 (NODE11218529, IF: 0.36)"
2272,2023,기계공학,333615895,남문호,1,0.0,"한국비파괴검사학회 (NODE11218778, IF: 0.41)"
2273,2023,기계공학,257939293,양진욱,1,0.0,"한국비파괴검사학회 (NODE11218778, IF: 0.41)"
2274,2023,기계공학,237706919,조갑호,1,0.0,"한국비파괴검사학회 (NODE11218778, IF: 0.41)"
2275,2023,기계공학,801088993,서준성,1,0.0,"한국비파괴검사학회 (NODE11218780, IF: 0.41)"
2276,2023,기계공학,232680078,김상훈,1,0.0,"한국비파괴검사학회 (NODE11218780, IF: 0.41)"
2277,2023,기계공학,987416539,김창균,1,0.0,"한국비파괴검사학회 (NODE11218780, IF: 0.41)"
2278,2023,기계공학,379787331,정선화,1,0.0,"한국비파괴검사학회 (NODE11218781, IF: 0.41)"
2279,2023,기계공학,508087815,음성룡,1,0.0,"한국비파괴검사학회 (NODE11218781, IF: 0.41)"
2280,2023,기계공학,800614577,임소영,1,0.0,"한국비파괴검사학회 (NODE11218783, IF: 0.41)"
2281,2023,기계공학,710944344,박주엽,1,0.0,"한국비파괴검사학회 (NODE11218786, IF: 0.41)"
2282,2023,기계공학,129192447,강동훈,1,0.0,"한국비파괴검사학회 (NODE11218786, IF: 0.41)"
2283,2023,기계공학,950558365,백용준,1,0.0,"한국에너지기후변화학회 (NODE11647060, IF: 0.28)"
2284,2023,기계공학,594329487,이상영,1,0.0,"한국에너지기후변화학회 (NODE11647060, IF: 0.28)"
2285,2023,기계공학,894126023,정용운,1,0.0,"한국에너지기후변화학회 (NODE11647060, IF: 0.28)"
2286,2023,기계공학,1772203,조민선,1,0.0,"한국에너지기후변화학회 (NODE11647061, IF: 0.28)"
2287,2023,기계공학,4608629,전은진,1,0.0,"한국에너지기후변화학회 (NODE11647061, IF: 0.28)"
2288,2023,기계공학,556848650,신현하,1,0.0,"한국에너지기후변화학회 (NODE11647061, IF: 0.28)"
2289,2023,기계공학,513623284,이원아,1,0.0,"한국에너지기후변화학회 (NODE11647061, IF: 0.28)"
2290,2023,기계공학,982803088,손지희,1,0.0,"한국에너지기후변화학회 (NODE11647061, IF: 0.28)"
2291,2023,기계공학,929626930,최지나,1,0.0,"한국에너지기후변화학회 (NODE11647062, IF: 0.28)"
2292,2023,기계공학,949824229,이광원,1,0.0,"한국에너지기후변화학회 (NODE11647062, IF: 0.28)"
2293,2023,기계공학,400326532,이승우,1,0.0,"한국에너지기후변화학회 (NODE11647063, IF: 0.28)"
2294,2023,기계공학,384557062,신혜리,1,0.0,"한국에너지기후변화학회 (NODE11647064, IF: 0.28)"
2295,2023,기계공학,465203520,김유민,1,0.0,"한국에너지기후변화학회 (NODE11647064, IF: 0.28)"
2296,2023,기계공학,449865917,안종기,1,0.0,"대한기계학회 (NODE11342467, IF: 0.36)"
2297,2023,기계공학,225684919,손인수,1,0.0,"대한기계학회 (NODE11342467, IF: 0.36)"
2298,2023,기계공학,381777096,이남규,1,0.0,"대한기계학회 (NODE11342470, IF: 0.36)"
2299,2023,기계공학,4612879,박희승,1,0.0,"대한기계학회 (NODE11342470, IF: 0.36)"
2300,2023,기계공학,193426087,이정원,1,0.0,"대한기계학회 (NODE11342470, IF: 0.36)"
2301,2023,기계공학,368199306,髙浦敬之,1,0.0,"대한설비공학회 (NODE11469823, IF: 0.26)"
2302,2023,기계공학,408300924,배성호,1,0.0,"대한기계학회 (NODE11405393, IF: 0.36)"
2303,2023,기계공학,460136697,손호성,1,0.0,"대한기계학회 (NODE11405393, IF: 0.36)"
2304,2023,기계공학,910821150,포어후엥득,1,0.0,"대한기계학회 (NODE11405394, IF: 0.36)"
2305,2023,기계공학,251086635,하쭈옹상,1,0.0,"대한기계학회 (NODE11405394, IF: 0.36)"
2306,2023,기계공학,927782753,김명수,1,0.0,"대한기계학회 (NODE11405394, IF: 0.36)"
2307,2023,기계공학,975492453,최형권,1,0.0,"대한기계학회 (NODE11405394, IF: 0.36)"
2308,2023,기계공학,204213292,유창영,1,0.0,"대한기계학회 (NODE11405396, IF: 0.36)"
2309,2023,기계공학,414794041,강성민,1,0.0,"대한기계학회 (NODE11405396, IF: 0.36)"
2310,2023,기계공학,448157115,최성욱,1,0.0,"대한기계학회 (NODE11405396, IF: 0.36)"
2311,2023,기계공학,875044346,송근수,1,0.0,"대한기계학회 (NODE11405398, IF: 0.36)"
2312,2023,기계공학,212471019,정준수,1,0.0,"대한기계학회 (NODE11405398, IF: 0.36)"
2313,2023,기계공학,436659358,김춘식,1,0.0,"대한기계학회 (NODE11405398, IF: 0.36)"
2314,2023,기계공학,154022423,양지석,1,0.0,"대한기계학회 (NODE11405398, IF: 0.36)"
2315,2023,기계공학,2249852,이건형,1,0.0,"대한기계학회 (NODE11405398, IF: 0.36)"
2316,2023,기계공학,392866578,유경훈,1,0.0,"대한기계학회 (NODE11405398, IF: 0.36)"
2317,2023,기계공학,493270669,김성도,1,0.0,"대한기계학회 (NODE11405401, IF: 0.36)"
2318,2023,기계공학,600740700,원종범,1,0.0,"대한기계학회 (NODE11405401, IF: 0.36)"
2319,2023,기계공학,551187489,박재상,1,0.0,"대한기계학회 (NODE11405401, IF: 0.36)"
2320,2023,기계공학,111678,이동민,1,0.0,"대한기계학회 (NODE11405402, IF: 0.36)"
2321,2023,기계공학,348948104,박천하,1,0.0,"대한기계학회 (NODE11405402, IF: 0.36)"
2322,2023,기계공학,268115109,김창완,1,0.0,"대한기계학회 (NODE11405402, IF: 0.36)"
2323,2023,기계공학,1524594,정준하,1,0.0,"대한기계학회 (NODE11405402, IF: 0.36)"
2324,2023,기계공학,278390342,오현석,1,0.0,"대한기계학회 (NODE11405402, IF: 0.36)"
2325,2023,기계공학,367293218,박상현,1,0.0,"대한기계학회 (NODE11405404, IF: 0.36)"
2326,2023,기계공학,822462217,구경희,1,0.0,"대한기계학회 (NODE11405404, IF: 0.36)"
2327,2023,기계공학,548519459,이금화,1,0.0,"대한기계학회 (NODE11405404, IF: 0.36)"
2328,2023,기계공학,380885996,남기우,1,0.0,"대한기계학회 (NODE11405404, IF: 0.36)"
2329,2023,기계공학,435039431,박희창,1,0.0,"대한기계학회 (NODE11405406, IF: 0.36)"
2330,2023,기계공학,278963151,박현수,1,0.0,"대한기계학회 (NODE11405406, IF: 0.36)"
2331,2023,기계공학,457295844,이준석,1,0.0,"대한기계학회 (NODE11405406, IF: 0.36)"
2332,2023,기계공학,487371320,한만권,1,0.0,"대한기계학회 (NODE11405406, IF: 0.36)"
2333,2023,기계공학,537511859,김동환,1,0.0,"대한기계학회 (NODE11405406, IF: 0.36)"
2334,2023,기계공학,710597375,홍현수,1,0.0,"대한기계학회 (NODE11405410, IF: 0.36)"
2335,2023,기계공학,517168156,정광일,1,0.0,"대한기계학회 (NODE11405410, IF: 0.36)"
2336,2023,기계공학,460761182,김원빈,1,0.0,"대한기계학회 (NODE11405410, IF: 0.36)"
2337,2023,기계공학,755395114,조현성,1,0.0,"대한기계학회 (NODE11405410, IF: 0.36)"
2338,2023,기계공학,230238326,온승윤,1,0.0,"대한기계학회 (NODE11405410, IF: 0.36)"
2339,2023,기계공학,390626899,정재문,1,0.0,"대한기계학회 (NODE11405410, IF: 0.36)"
2340,2023,기계공학,758619740,김성수,1,0.0,"대한기계학회 (NODE11405410, IF: 0.36)"
2341,2023,기계공학,221361666,노상훈,1,0.0,"한국동력기계공학회 (NODE11405724, IF: 0.33)"
2342,2023,기계공학,440046748,김부안,1,0.0,"한국동력기계공학회 (NODE11405724, IF: 0.33)"
2343,2023,기계공학,486701320,황건태,1,0.0,"한국동력기계공학회 (NODE11405724, IF: 0.33)"
2344,2023,기계공학,885225376,최명수,1,0.0,"한국동력기계공학회 (NODE11405726, IF: 0.33)"
2345,2023,기계공학,145391904,양경욱,1,0.0,"한국동력기계공학회 (NODE11405726, IF: 0.33)"
2346,2023,기계공학,904837550,이준혁,1,0.0,"한국동력기계공학회 (NODE11405730, IF: 0.33)"
2347,2023,기계공학,358574490,전상구,1,0.0,"한국동력기계공학회 (NODE11405730, IF: 0.33)"
2348,2023,기계공학,556585760,권오현,1,0.0,"한국동력기계공학회 (NODE11405730, IF: 0.33)"
2349,2023,기계공학,238715575,김연진,1,0.0,"한국표면공학회 (NODE11405894, IF: 0.22)"
2350,2023,기계공학,694037270,정린,1,0.0,"한국표면공학회 (NODE11405894, IF: 0.22)"
2351,2023,기계공학,385948,이재원,1,0.0,"한국표면공학회 (NODE11405894, IF: 0.22)"
2352,2023,기계공학,101763101,장진규,1,0.0,"한국표면공학회 (NODE11405895, IF: 0.22)"
2353,2023,기계공학,625555748,김유성,1,0.0,"한국표면공학회 (NODE11405895, IF: 0.22)"
2354,2023,기계공학,892841950,최진영,1,0.0,"한국표면공학회 (NODE11405895, IF: 0.22)"
2355,2023,기계공학,435785152,이인식,1,0.0,"한국표면공학회 (NODE11405895, IF: 0.22)"
2356,2023,기계공학,641231710,차병철,1,0.0,"한국표면공학회 (NODE11405895, IF: 0.22)"
2357,2023,기계공학,882180332,공영민,1,0.0,"한국표면공학회 (NODE11405895, IF: 0.22)"
2358,2023,기계공학,824982452,우은석,1,0.0,"한국표면공학회 (NODE11405896, IF: 0.22)"
2359,2023,기계공학,206008250,노윤석,1,0.0,"한국표면공학회 (NODE11405896, IF: 0.22)"
2360,2023,기계공학,697628046,이진호,1,0.0,"한국표면공학회 (NODE11405896, IF: 0.22)"
2361,2023,기계공학,700272263,최용욱,1,0.0,"한국표면공학회 (NODE11405896, IF: 0.22)"
2362,2023,기계공학,453268061,김종기,1,0.0,"한국표면공학회 (NODE11405896, IF: 0.22)"
2363,2023,기계공학,744720998,이민준,1,0.0,"한국표면공학회 (NODE11405897, IF: 0.22)"
2364,2023,기계공학,452712123,배진원,1,0.0,"한국표면공학회 (NODE11405897, IF: 0.22)"
2365,2023,기계공학,157765007,박수연,1,0.0,"한국표면공학회 (NODE11405897, IF: 0.22)"
2366,2023,기계공학,681220403,최재익,1,0.0,"한국표면공학회 (NODE11405897, IF: 0.22)"
2367,2023,기계공학,737325699,김건호,1,0.0,"한국표면공학회 (NODE11405897, IF: 0.22)"
2368,2023,기계공학,717212041,서종현,1,0.0,"한국표면공학회 (NODE11405897, IF: 0.22)"
2369,2023,기계공학,852295813,문건호,1,0.0,"대한설비공학회 (NODE11419325, IF: 0.26)"
2370,2023,기계공학,970293485,최민수,1,0.0,"대한설비공학회 (NODE11419325, IF: 0.26)"
2371,2023,기계공학,398393490,강병현,1,0.0,"대한설비공학회 (NODE11419325, IF: 0.26)"
2372,2023,기계공학,285432945,이상철,1,0.0,"대한설비공학회 (NODE11419325, IF: 0.26)"
2373,2023,기계공학,526968890,김시희,1,0.0,"대한설비공학회 (NODE11419325, IF: 0.26)"
2374,2023,기계공학,783973181,정현준,1,0.0,"대한설비공학회 (NODE11419325, IF: 0.26)"
2375,2023,기계공학,5417668,이재빈,1,0.0,"대한기계학회 (NODE11514403, IF: 0.36)"
2376,2023,기계공학,846118776,양회관,1,0.0,"대한기계학회 (NODE11514403, IF: 0.36)"
2377,2023,기계공학,320959037,여홍구,1,0.0,"대한기계학회 (NODE11514407, IF: 0.36)"
2378,2023,기계공학,680299531,송현석,1,0.0,"대한기계학회 (NODE11514408, IF: 0.36)"
2379,2023,기계공학,918945019,류정호,1,0.0,"대한기계학회 (NODE11514408, IF: 0.36)"
2380,2023,기계공학,214763280,장종문,1,0.0,"대한기계학회 (NODE11514409, IF: 0.36)"
2381,2023,기계공학,712366572,김회준,1,0.0,"대한기계학회 (NODE11514410, IF: 0.36)"
2382,2023,기계공학,486515898,박진수,1,0.0,"대한기계학회 (NODE11514411, IF: 0.36)"
2383,2023,기계공학,290058314,정수영,1,0.0,"대한기계학회 (NODE11514411, IF: 0.36)"
2384,2023,기계공학,336023654,백승협,1,0.0,"대한기계학회 (NODE11514411, IF: 0.36)"
2385,2023,기계공학,535364268,이병철,1,0.0,"대한기계학회 (NODE11514411, IF: 0.36)"
2386,2023,기계공학,792116281,박성재,1,0.0,"대한기계학회 (NODE11562906, IF: 0.36)"
2387,2023,기계공학,137119220,이충훈,1,0.0,"대한기계학회 (NODE11562906, IF: 0.36)"
2388,2023,기계공학,489074128,손예닮,1,0.0,"대한기계학회 (NODE11562907, IF: 0.36)"
2389,2023,기계공학,466629044,최석우,1,0.0,"대한기계학회 (NODE11562907, IF: 0.36)"
2390,2023,기계공학,455258574,장윤정,1,0.0,"대한기계학회 (NODE11562907, IF: 0.36)"
2391,2023,기계공학,541186160,김혜정,1,0.0,"대한기계학회 (NODE11562907, IF: 0.36)"
2392,2023,기계공학,436372306,김준영,1,0.0,"대한기계학회 (NODE11562908, IF: 0.36)"
2393,2023,기계공학,278662726,김정재,1,0.0,"대한기계학회 (NODE11562908, IF: 0.36)"
2394,2023,기계공학,573003699,구채본,1,0.0,"대한기계학회 (NODE11562909, IF: 0.36)"
2395,2023,기계공학,566851099,김민기,1,0.0,"대한기계학회 (NODE11562909, IF: 0.36)"
2396,2023,기계공학,389897262,정재준,1,0.0,"대한기계학회 (NODE11562909, IF: 0.36)"
2397,2023,기계공학,607338700,김관규,1,0.0,"대한기계학회 (NODE11562910, IF: 0.36)"
2398,2023,기계공학,577492122,권혁수,1,0.0,"대한기계학회 (NODE11562911, IF: 0.36)"
2399,2023,기계공학,791072606,권정훈,1,0.0,"대한기계학회 (NODE11562911, IF: 0.36)"
2400,2023,기계공학,425425831,정의국,1,0.0,"대한기계학회 (NODE11562911, IF: 0.36)"
2401,2023,기계공학,115795319,라우현,1,0.0,"대한기계학회 (NODE11562914, IF: 0.36)"
2402,2023,기계공학,118566552,최인규,1,0.0,"대한기계학회 (NODE11562914, IF: 0.36)"
2403,2023,기계공학,683749855,조성진,1,0.0,"대한기계학회 (NODE11562914, IF: 0.36)"
2404,2023,기계공학,938097265,박승현,1,0.0,"대한기계학회 (NODE11562916, IF: 0.36)"
2405,2023,기계공학,747748231,김민찬,1,0.0,"대한기계학회 (NODE11562916, IF: 0.36)"
2406,2023,기계공학,112189494,육준혁,1,0.0,"대한기계학회 (NODE11562916, IF: 0.36)"
2407,2023,기계공학,444998227,김현우,1,0.0,"대한기계학회 (NODE11562916, IF: 0.36)"
2408,2023,기계공학,989870321,서주영,1,0.0,"대한기계학회 (NODE11562916, IF: 0.36)"
2409,2023,기계공학,576794323,김명성,1,0.0,"대한기계학회 (NODE11562917, IF: 0.36)"
2410,2023,기계공학,367487411,천강우,1,0.0,"대한기계학회 (NODE11562917, IF: 0.36)"
2411,2023,기계공학,626519641,양다빈,1,0.0,"대한기계학회 (NODE11562918, IF: 0.36)"
2412,2023,기계공학,456974505,이성배,1,0.0,"대한기계학회 (NODE11562918, IF: 0.36)"
2413,2023,기계공학,879942543,이정희,1,0.0,"대한기계학회 (NODE11562919, IF: 0.36)"
2414,2023,기계공학,301402805,데이브 파슨,1,0.0,"대한기계학회 (NODE11562919, IF: 0.36)"
2415,2023,기계공학,804638441,히데오 조,1,0.0,"대한기계학회 (NODE11562919, IF: 0.36)"
2416,2023,기계공학,431901168,신현준,1,0.0,"대한기계학회 (NODE11562923, IF: 0.36)"
2417,2023,기계공학,270844401,염태선,1,0.0,"대한기계학회 (NODE11562923, IF: 0.36)"
2418,2023,기계공학,914197801,이석원,1,0.0,"대한기계학회 (NODE11562923, IF: 0.36)"
2419,2023,기계공학,451162360,이관호,1,0.0,"대한기계학회 (NODE11562924, IF: 0.36)"
2420,2023,기계공학,892134199,은성진,1,0.0,"대한기계학회 (NODE11562924, IF: 0.36)"
2421,2023,기계공학,108284881,최재원,1,0.0,"대한기계학회 (NODE11562924, IF: 0.36)"
2422,2023,기계공학,806286351,손진일,1,0.0,"대한기계학회 (NODE11562924, IF: 0.36)"
2423,2023,기계공학,961037436,이재오,1,0.0,"대한설비공학회 (NODE11563021, IF: 0.26)"
2424,2023,기계공학,626151187,공선휘,1,0.0,"대한설비공학회 (NODE11563023, IF: 0.26)"
2425,2023,기계공학,405752448,황금숙,1,0.0,"대한설비공학회 (NODE11563024, IF: 0.26)"
2426,2023,기계공학,765968676,박재현,1,0.0,"대한설비공학회 (NODE11563025, IF: 0.26)"
2427,2023,기계공학,446997261,최호성,1,0.0,"대한설비공학회 (NODE11563026, IF: 0.26)"
2428,2023,기계공학,405877870,김태형,1,0.0,"대한설비공학회 (NODE11563027, IF: 0.26)"
2429,2023,기계공학,834381816,RAYMOND MAN HUNG YAU,1,0.0,"대한설비공학회 (NODE11563028, IF: 0.26)"
2430,2023,기계공학,386899589,山下洋正,1,0.0,"대한설비공학회 (NODE11563029, IF: 0.26)"
2431,2023,기계공학,256431698,한국냉동공조산업협회,1,0.0,"대한설비공학회 (NODE11563034, IF: 0.26)"
2432,2023,기계공학,139152526,한국설비기술협회,1,0.0,"대한설비공학회 (NODE11563040, IF: 0.26)"
2433,2023,기계공학,134496254,ASHRAE,1,0.0,"대한설비공학회 (NODE11563041, IF: 0.26)"
2434,2023,기계공학,271657476,중국제냉학회,1,0.0,"대한설비공학회 (NODE11563042, IF: 0.26)"
2435,2023,기계공학,938648332,일본 공기조화·위생공학회,1,0.0,"대한설비공학회 (NODE11563043, IF: 0.26)"
2436,2023,기계공학,994455852,일본 냉동공조학회,1,0.0,"대한설비공학회 (NODE11563044, IF: 0.26)"
2437,2023,기계공학,283261233,고성곤,1,0.0,"대한기계학회 (NODE11532554, IF: 0.36)"
2438,2023,기계공학,279222399,박상진,1,0.0,"대한기계학회 (NODE11532554, IF: 0.36)"
2439,2023,기계공학,790979799,김영욱,1,0.0,"대한기계학회 (NODE11532554, IF: 0.36)"
2440,2023,기계공학,437681597,이대훈,1,0.0,"대한기계학회 (NODE11532555, IF: 0.36)"
2441,2023,기계공학,988674595,김찬중,1,0.0,"대한기계학회 (NODE11532555, IF: 0.36)"
2442,2023,기계공학,811854075,김진섭,1,0.0,"대한기계학회 (NODE11532556, IF: 0.36)"
2443,2023,기계공학,810453230,김슬아,1,0.0,"대한기계학회 (NODE11532556, IF: 0.36)"
2444,2023,기계공학,396745829,김우경,1,0.0,"대한기계학회 (NODE11532556, IF: 0.36)"
2445,2023,기계공학,379788853,문선영,1,0.0,"대한기계학회 (NODE11532556, IF: 0.36)"
2446,2023,기계공학,351385621,서영진,1,0.0,"대한기계학회 (NODE11532560, IF: 0.36)"
2447,2023,기계공학,207146528,박승일,1,0.0,"대한기계학회 (NODE11532560, IF: 0.36)"
2448,2023,기계공학,793379441,손종현,1,0.0,"대한기계학회 (NODE11532562, IF: 0.36)"
2449,2023,기계공학,979970702,최재훈,1,0.0,"대한기계학회 (NODE11532562, IF: 0.36)"
2450,2023,기계공학,462051343,김재승,1,0.0,"대한기계학회 (NODE11532562, IF: 0.36)"
2451,2023,기계공학,635285935,문상곤,1,0.0,"대한기계학회 (NODE11532562, IF: 0.36)"
2452,2023,기계공학,5149392,강종모,1,0.0,"대한기계학회 (NODE11532564, IF: 0.36)"
2453,2023,기계공학,146296431,김현석,1,0.0,"대한기계학회 (NODE11532564, IF: 0.36)"
2454,2023,기계공학,188916336,한종부,1,0.0,"대한기계학회 (NODE11532568, IF: 0.36)"
2455,2023,기계공학,860605341,이영준,1,0.0,"대한기계학회 (NODE11532568, IF: 0.36)"
2456,2023,기계공학,221627988,박대길,1,0.0,"대한기계학회 (NODE11532568, IF: 0.36)"
2457,2023,기계공학,671408152,여태경,1,0.0,"대한기계학회 (NODE11532568, IF: 0.36)"
2458,2023,기계공학,511798035,이상명,1,0.0,"대한기계학회 (NODE11532569, IF: 0.36)"
2459,2023,기계공학,824935808,고민석,1,0.0,"대한기계학회 (NODE11532569, IF: 0.36)"
2460,2023,기계공학,103000932,안성익,1,0.0,"대한기계학회 (NODE11532569, IF: 0.36)"
2461,2023,기계공학,602940390,신규태,1,0.0,"대한기계학회 (NODE11532569, IF: 0.36)"
2462,2023,기계공학,567504340,박영철,1,0.0,"한국추진공학회 (NODE11533587, IF: 0.33)"
2463,2023,기계공학,867607563,하헌종,1,0.0,"한국추진공학회 (NODE11533587, IF: 0.33)"
2464,2023,기계공학,255568143,박재범,1,0.0,"한국추진공학회 (NODE11533587, IF: 0.33)"
2465,2023,기계공학,970633710,장현수,1,0.0,"한국추진공학회 (NODE11533588, IF: 0.33)"
2466,2023,기계공학,150028524,현성윤,1,0.0,"한국추진공학회 (NODE11533588, IF: 0.33)"
2467,2023,기계공학,494912761,정진택,1,0.0,"한국추진공학회 (NODE11533588, IF: 0.33)"
2468,2023,기계공학,415571787,홍용기,1,0.0,"한국추진공학회 (NODE11533588, IF: 0.33)"
2469,2023,기계공학,574275287,이봉술,1,0.0,"한국추진공학회 (NODE11533589, IF: 0.33)"
2470,2023,기계공학,902123811,배주현,1,0.0,"한국추진공학회 (NODE11533589, IF: 0.33)"
2471,2023,기계공학,407634517,이범철,1,0.0,"한국추진공학회 (NODE11533590, IF: 0.33)"
2472,2023,기계공학,264569607,이동훈,1,0.0,"한국추진공학회 (NODE11533590, IF: 0.33)"
2473,2023,기계공학,884007728,이용준,1,0.0,"한국추진공학회 (NODE11533590, IF: 0.33)"
2474,2023,기계공학,536516807,고승원,1,0.0,"한국추진공학회 (NODE11533590, IF: 0.33)"
2475,2023,기계공학,925165045,현진호,1,0.0,"한국추진공학회 (NODE11533590, IF: 0.33)"
2476,2023,기계공학,573528162,장정희,1,0.0,"한국추진공학회 (NODE11533591, IF: 0.33)"
2477,2023,기계공학,849869197,이지은,1,0.0,"한국추진공학회 (NODE11533591, IF: 0.33)"
2478,2023,기계공학,439424318,장현성,1,0.0,"한국추진공학회 (NODE11533591, IF: 0.33)"
2479,2023,기계공학,921280872,한기보,1,0.0,"한국추진공학회 (NODE11533591, IF: 0.33)"
2480,2023,기계공학,359675310,정은상,1,0.0,"한국추진공학회 (NODE11533592, IF: 0.33)"
2481,2023,기계공학,432625,김기범,1,0.0,"한국추진공학회 (NODE11533592, IF: 0.33)"
2482,2023,기계공학,868622547,정종진,1,0.0,"한국추진공학회 (NODE11533592, IF: 0.33)"
2483,2023,기계공학,988040840,김대래,1,0.0,"한국추진공학회 (NODE11533592, IF: 0.33)"
2484,2023,기계공학,453195018,강성남,1,0.0,"한국자동차공학회 (NODE11610100, IF: 0.41)"
2485,2023,기계공학,496628458,김정환,1,0.0,"한국자동차공학회 (NODE11610101, IF: 0.41)"
2486,2023,기계공학,400207689,신동훈,1,0.0,"한국자동차안전학회 (NODE11553647, IF: 0.34)"
2487,2023,기계공학,851281078,Byung-Woon Lyou,1,0.0,"한국자동차안전학회 (NODE11553648, IF: 0.34)"
2488,2023,기계공학,698327986,김상윤,1,0.0,"한국자동차안전학회 (NODE11553649, IF: 0.34)"
2489,2023,기계공학,237091040,신웅희,1,0.0,"한국자동차안전학회 (NODE11553650, IF: 0.34)"
2490,2023,기계공학,313142050,황세라,1,0.0,"한국자동차안전학회 (NODE11553650, IF: 0.34)"
2491,2023,기계공학,448508771,이중희,1,0.0,"한국자동차안전학회 (NODE11553650, IF: 0.34)"
2492,2023,기계공학,367255833,임원석,1,0.0,"한국자동차안전학회 (NODE11553650, IF: 0.34)"
2493,2023,기계공학,707448922,신성근,1,0.0,"한국자동차안전학회 (NODE11553651, IF: 0.34)"
2494,2023,기계공학,209137,박종기,1,0.0,"한국자동차안전학회 (NODE11553651, IF: 0.34)"
2495,2023,기계공학,350687103,우창수,1,0.0,"한국자동차안전학회 (NODE11553651, IF: 0.34)"
2496,2023,기계공학,862734950,예창민,1,0.0,"한국자동차안전학회 (NODE11553651, IF: 0.34)"
2497,2023,기계공학,421447079,이혁기,1,0.0,"한국자동차안전학회 (NODE11553651, IF: 0.34)"
2498,2023,기계공학,695550700,이강현,1,0.0,"한국자동차안전학회 (NODE11553675, IF: 0.34)"
2499,2023,기계공학,930612207,신판주,1,0.0,"한국자동차안전학회 (NODE11553652, IF: 0.34)"
2500,2023,기계공학,283545992,김재철,1,0.0,"한국자동차안전학회 (NODE11553652, IF: 0.34)"
2501,2023,기계공학,690477856,김현,1,0.0,"한국자동차안전학회 (NODE11553652, IF: 0.34)"
2502,2023,기계공학,785023746,김상중,1,0.0,"한국자동차안전학회 (NODE11553655, IF: 0.34)"
2503,2023,기계공학,956121251,심동하,1,0.0,"한국자동차안전학회 (NODE11553655, IF: 0.34)"
2504,2023,기계공학,226135009,인정민,1,0.0,"한국자동차안전학회 (NODE11553656, IF: 0.34)"
2505,2023,기계공학,182769653,마재홍,1,0.0,"한국자동차안전학회 (NODE11553656, IF: 0.34)"
2506,2023,기계공학,127199512,장형진,1,0.0,"한국자동차안전학회 (NODE11553656, IF: 0.34)"
2507,2023,기계공학,435076937,전준호,1,0.0,"한국자동차안전학회 (NODE11553656, IF: 0.34)"
2508,2023,기계공학,532699772,엄성복,1,0.0,"한국자동차안전학회 (NODE11553661, IF: 0.34)"
2509,2023,기계공학,971420895,국윤영,1,0.0,"한국자동차안전학회 (NODE11553662, IF: 0.34)"
2510,2023,기계공학,565735479,노성훈,1,0.0,"한국자동차안전학회 (NODE11553663, IF: 0.34)"
2511,2023,기계공학,458525195,서다빈,1,0.0,"한국자동차안전학회 (NODE11553664, IF: 0.34)"
2512,2023,기계공학,449605044,채흥석,1,0.0,"한국자동차안전학회 (NODE11553664, IF: 0.34)"
2513,2023,기계공학,611455492,김유원,1,0.0,"한국자동차안전학회 (NODE11553665, IF: 0.34)"
2514,2023,기계공학,135185924,조병찬,1,0.0,"한국자동차안전학회 (NODE11553665, IF: 0.34)"
2515,2023,기계공학,971450270,정혁,1,0.0,"한국자동차안전학회 (NODE11553665, IF: 0.34)"
2516,2023,기계공학,322962758,박정만,1,0.0,"한국자동차안전학회 (NODE11553666, IF: 0.34)"
2517,2023,기계공학,645999505,인병덕,1,0.0,"한국자동차안전학회 (NODE11553666, IF: 0.34)"
2518,2023,기계공학,825825198,백민혁,1,0.0,"한국자동차안전학회 (NODE11553669, IF: 0.34)"
2519,2023,기계공학,5426698,박진우,1,0.0,"한국자동차안전학회 (NODE11553669, IF: 0.34)"
2520,2023,기계공학,942159273,심중석,1,0.0,"한국자동차안전학회 (NODE11553669, IF: 0.34)"
2521,2023,기계공학,485502455,박성정,1,0.0,"한국자동차안전학회 (NODE11553669, IF: 0.34)"
2522,2023,기계공학,541330532,임용섭,1,0.0,"한국자동차안전학회 (NODE11553669, IF: 0.34)"
2523,2023,기계공학,662879622,최경호,1,0.0,"한국자동차안전학회 (NODE11553669, IF: 0.34)"
2524,2023,기계공학,248105312,하성용,1,0.0,"한국자동차안전학회 (NODE11553670, IF: 0.34)"
2525,2023,기계공학,589064973,Kyoungtaek Kwak,1,0.0,"한국자동차안전학회 (NODE11553676, IF: 0.34)"
2526,2023,기계공학,176522983,Seunghoon Kang,1,0.0,"한국자동차안전학회 (NODE11553676, IF: 0.34)"
2527,2023,기계공학,358359707,Jaedong Yoo,1,0.0,"한국자동차안전학회 (NODE11553676, IF: 0.34)"
2528,2023,기계공학,728944507,Kyungdug Seo,1,0.0,"한국자동차안전학회 (NODE11553676, IF: 0.34)"
2529,2023,기계공학,200475099,Youngchul Shin,1,0.0,"한국자동차안전학회 (NODE11553676, IF: 0.34)"
2530,2023,기계공학,695080120,Kyungsup Chun,1,0.0,"한국자동차안전학회 (NODE11553676, IF: 0.34)"
2531,2023,기계공학,520409971,Jaekyu Lee,1,0.0,"한국자동차안전학회 (NODE11553676, IF: 0.34)"
2532,2023,기계공학,361351405,이빈희,1,0.0,"한국자동차안전학회 (NODE11553677, IF: 0.34)"
2533,2023,기계공학,422030167,허관회,1,0.0,"한국자동차안전학회 (NODE11553677, IF: 0.34)"
2534,2023,기계공학,895106501,이장우,1,0.0,"한국자동차안전학회 (NODE11553677, IF: 0.34)"
2535,2023,기계공학,494927837,김남우,1,0.0,"한국자동차안전학회 (NODE11553677, IF: 0.34)"
2536,2023,기계공학,739688631,윤종민,1,0.0,"한국자동차안전학회 (NODE11553677, IF: 0.34)"
2537,2023,기계공학,382207396,조성우,1,0.0,"한국자동차안전학회 (NODE11553677, IF: 0.34)"
2538,2023,기계공학,635042132,박병직,1,0.0,"한국자동차안전학회 (NODE11553678, IF: 0.34)"
2539,2023,기계공학,273219532,김양균,1,0.0,"한국자동차안전학회 (NODE11553678, IF: 0.34)"
2540,2023,기계공학,573867129,임옥근,1,0.0,"한국자동차안전학회 (NODE11553678, IF: 0.34)"
2541,2023,기계공학,1120983,신윤식,1,0.0,"한국자동차안전학회 (NODE11553679, IF: 0.34)"
2542,2023,기계공학,135400521,김문영,1,0.0,"한국자동차안전학회 (NODE11553679, IF: 0.34)"
2543,2023,기계공학,620334514,정재일,1,0.0,"한국자동차안전학회 (NODE11553679, IF: 0.34)"
2544,2023,기계공학,168861723,이권희,1,0.0,"한국자동차안전학회 (NODE11553683, IF: 0.34)"
2545,2023,기계공학,620153269,임재문,1,0.0,"한국자동차안전학회 (NODE11553683, IF: 0.34)"
2546,2023,기계공학,430997125,강병도,1,0.0,"한국자동차안전학회 (NODE11553684, IF: 0.34)"
2547,2023,기계공학,570035775,조봉균,1,0.0,"한국자동차안전학회 (NODE11553684, IF: 0.34)"
2548,2023,기계공학,822263637,이윤화,1,0.0,"한국자동차안전학회 (NODE11553684, IF: 0.34)"
2549,2023,기계공학,5430298,김태형,1,0.0,"한국자동차안전학회 (NODE11553684, IF: 0.34)"
2550,2023,기계공학,442215920,이기범,1,0.0,"한국자동차안전학회 (NODE11553686, IF: 0.34)"
2551,2023,기계공학,849925115,권용일,1,0.0,"대한설비공학회 (NODE11409408, IF: 0.26)"
2552,2023,기계공학,460004734,한국냉동공조산업협회,1,0.0,"대한설비공학회 (NODE11523158, IF: 0.26)"
2553,2023,기계공학,815993566,한국설비기술협회,1,0.0,"대한설비공학회 (NODE11523163, IF: 0.26)"
2554,2023,기계공학,261285954,ASHRAE,1,0.0,"대한설비공학회 (NODE11523164, IF: 0.26)"
2555,2023,기계공학,130271782,일본 공기조화·위생공학회,1,0.0,"대한설비공학회 (NODE11523165, IF: 0.26)"
2556,2023,기계공학,316206733,김재범,1,0.0,"대한설비공학회 (NODE11419326, IF: 0.26)"
2557,2023,기계공학,699004815,권순범,1,0.0,"대한설비공학회 (NODE11419326, IF: 0.26)"
2558,2023,기계공학,553207466,한창호,1,0.0,"대한설비공학회 (NODE11419326, IF: 0.26)"
2559,2023,기계공학,662335157,김희석,1,0.0,"대한설비공학회 (NODE11419326, IF: 0.26)"
2560,2023,기계공학,707562008,김영주,1,0.0,"대한설비공학회 (NODE11419326, IF: 0.26)"
2561,2023,기계공학,758040256,김동선,1,0.0,"대한설비공학회 (NODE11419329, IF: 0.26)"
2562,2023,기계공학,135673458,박윤철,1,0.0,"대한설비공학회 (NODE11419329, IF: 0.26)"
2563,2023,기계공학,192425106,이용휘,1,0.0,"한국항공우주학회 (NODE11419363, IF: 0.40)"
2564,2023,기계공학,126399695,남주영,1,0.0,"한국항공우주학회 (NODE11419363, IF: 0.40)"
2565,2023,기계공학,5062444,박성혁,1,0.0,"한국항공우주학회 (NODE11419363, IF: 0.40)"
2566,2023,기계공학,236698440,김시진,1,0.0,"한국항공우주학회 (NODE11419364, IF: 0.40)"
2567,2023,기계공학,127454945,권승리,1,0.0,"한국항공우주학회 (NODE11419365, IF: 0.40)"
2568,2023,기계공학,253687556,김성익,1,0.0,"한국항공우주학회 (NODE11419365, IF: 0.40)"
2569,2023,기계공학,821990082,김규범,1,0.0,"한국항공우주학회 (NODE11419365, IF: 0.40)"
2570,2023,기계공학,866020565,윤군진,1,0.0,"한국항공우주학회 (NODE11419365, IF: 0.40)"
2571,2023,기계공학,858832113,정현재,1,0.0,"한국항공우주학회 (NODE11419368, IF: 0.40)"
2572,2023,기계공학,217535381,김윤중,1,0.0,"한국항공우주학회 (NODE11419368, IF: 0.40)"
2573,2023,기계공학,462332990,김근호,1,0.0,"한국항공우주학회 (NODE11419368, IF: 0.40)"
2574,2023,기계공학,381495259,나경수,1,0.0,"한국항공우주학회 (NODE11419368, IF: 0.40)"
2575,2023,기계공학,323049469,배종진,1,0.0,"한국항공우주학회 (NODE11419370, IF: 0.40)"
2576,2023,기계공학,720377986,최성재,1,0.0,"한국항공우주학회 (NODE11419370, IF: 0.40)"
2577,2023,기계공학,449112462,정호락,1,0.0,"한국항공우주학회 (NODE11419370, IF: 0.40)"
2578,2023,기계공학,234691748,박문수,1,0.0,"한국항공우주학회 (NODE11419370, IF: 0.40)"
2579,2023,기계공학,246523961,박현종,1,0.0,"한국항공우주학회 (NODE11419370, IF: 0.40)"
2580,2023,기계공학,786799166,권찬얼,1,0.0,"한국항공우주학회 (NODE11419371, IF: 0.40)"
2581,2023,기계공학,874985797,Pravendra Kumar,1,0.0,"한국항공우주학회 (NODE11419371, IF: 0.40)"
2582,2023,기계공학,725438410,김명길,1,0.0,"한국항공우주학회 (NODE11419371, IF: 0.40)"
2583,2023,기계공학,734389733,구남국,1,0.0,"(사)한국CDE학회 (NODE11419387, IF: 1.01)"
2584,2023,기계공학,807904910,박광필,1,0.0,"(사)한국CDE학회 (NODE11419387, IF: 1.01)"
2585,2023,기계공학,861567426,송진호,1,0.0,"(사)한국CDE학회 (NODE11419387, IF: 1.01)"
2586,2023,기계공학,789023544,김건우,1,0.0,"(사)한국CDE학회 (NODE11419393, IF: 1.01)"
2587,2023,기계공학,481814669,김준성,1,0.0,"(사)한국CDE학회 (NODE11419393, IF: 1.01)"
2588,2023,기계공학,729786667,박형준,1,0.0,"(사)한국CDE학회 (NODE11419393, IF: 1.01)"
2589,2023,기계공학,419625696,나영석,1,0.0,"한국소음진동공학회 (NODE11419438, IF: 0.52)"
2590,2023,기계공학,1526361,이장현,1,0.0,"한국소음진동공학회 (NODE11419427, IF: 0.52)"
2591,2023,기계공학,590758705,강용석,1,0.0,"한국소음진동공학회 (NODE11419428, IF: 0.52)"
2592,2023,기계공학,894990021,윤길호,1,0.0,"한국소음진동공학회 (NODE11419428, IF: 0.52)"
2593,2023,기계공학,942308580,박홍우,1,0.0,"한국소음진동공학회 (NODE11419430, IF: 0.52)"
2594,2023,기계공학,435597244,전근주,1,0.0,"한국소음진동공학회 (NODE11419430, IF: 0.52)"
2595,2023,기계공학,507914412,배명환,1,0.0,"한국소음진동공학회 (NODE11419430, IF: 0.52)"
2596,2023,기계공학,756450717,오주환,1,0.0,"한국소음진동공학회 (NODE11419430, IF: 0.52)"
2597,2023,기계공학,227916452,김완승,1,0.0,"한국소음진동공학회 (NODE11419431, IF: 0.52)"
2598,2023,기계공학,1942930,조수호,1,0.0,"한국소음진동공학회 (NODE11419432, IF: 0.52)"
2599,2023,기계공학,845815790,장준영,1,0.0,"한국소음진동공학회 (NODE11419434, IF: 0.52)"
2600,2023,기계공학,929777594,송경준,1,0.0,"한국소음진동공학회 (NODE11419434, IF: 0.52)"
2601,2023,기계공학,266622225,신우상,1,0.0,"한국소음진동공학회 (NODE11419435, IF: 0.52)"
2602,2023,기계공학,450008405,윤종필,1,0.0,"한국소음진동공학회 (NODE11419435, IF: 0.52)"
2603,2023,기계공학,796755760,임현의,1,0.0,"한국기계연구원 (NODE11483531, IF: 0.00)"
2604,2023,기계공학,412918349,장성환,1,0.0,"한국기계연구원 (NODE11483531, IF: 0.00)"
2605,2023,기계공학,855958622,오승훈,1,0.0,"한국기계연구원 (NODE11483531, IF: 0.00)"
2606,2023,기계공학,247162392,김태호,1,0.0,"한국기계연구원 (NODE11483531, IF: 0.00)"
2607,2023,기계공학,752997423,길형배,1,0.0,"한국기계연구원 (NODE11483532, IF: 0.00)"
2608,2023,기계공학,311727130,김희태,1,0.0,"한국기계연구원 (NODE11483532, IF: 0.00)"
2609,2023,기계공학,4331032,김호철,1,0.0,"한국기계연구원 (NODE11483536, IF: 0.00)"
2610,2023,기계공학,128602841,박문구,1,0.0,"한국기계연구원 (NODE11483536, IF: 0.00)"
2611,2023,기계공학,434177416,심창섭,1,0.0,"한국기계연구원 (NODE11483536, IF: 0.00)"
2612,2023,기계공학,315889625,권상집,1,0.0,"한국기계연구원 (NODE11483540, IF: 0.00)"
2613,2023,기계공학,251314581,김동욱,1,0.0,"한국기계연구원 (NODE11483541, IF: 0.00)"
2614,2023,기계공학,685197318,안오성,1,0.0,"한국항공우주연구원 (NODE11484755, IF: 0.00)"
2615,2023,기계공학,838923174,김광해,1,0.0,"한국항공우주연구원 (NODE11484756, IF: 0.00)"
2616,2023,기계공학,164251523,정서영,1,0.0,"한국항공우주연구원 (NODE11484758, IF: 0.00)"
2617,2023,기계공학,983530778,김종범,1,0.0,"한국항공우주연구원 (NODE11484759, IF: 0.00)"
2618,2023,기계공학,117485266,최석,1,0.0,"한국항공우주연구원 (NODE11484760, IF: 0.00)"
2619,2023,기계공학,982702019,김승범,1,0.0,"한국항공우주연구원 (NODE11484760, IF: 0.00)"
2620,2023,기계공학,557817405,이영준,1,0.0,"한국항공우주연구원 (NODE11484760, IF: 0.00)"
2621,2023,기계공학,677778055,김태효,1,0.0,"한국항공우주연구원 (NODE11484761, IF: 0.00)"
2622,2023,기계공학,309511238,권경진,1,0.0,"한국항공우주연구원 (NODE11484761, IF: 0.00)"
2623,2023,기계공학,546083457,박근영,1,0.0,"한국항공우주연구원 (NODE11484761, IF: 0.00)"
2624,2023,기계공학,667852031,김수겸,1,0.0,"한국항공우주연구원 (NODE11484762, IF: 0.00)"
2625,2023,기계공학,909222507,원수희,1,0.0,"한국항공우주연구원 (NODE11484762, IF: 0.00)"
2626,2023,기계공학,934144879,도근태,1,0.0,"한국항공우주연구원 (NODE11484762, IF: 0.00)"
2627,2023,기계공학,986981722,명환춘,1,0.0,"한국항공우주연구원 (NODE11484764, IF: 0.00)"
2628,2023,기계공학,810806159,임석희,1,0.0,"한국항공우주연구원 (NODE11484765, IF: 0.00)"
2629,2023,기계공학,681555423,정재훈,1,0.0,"한국항공우주연구원 (NODE11484766, IF: 0.00)"
2630,2023,기계공학,287751577,배영조,1,0.0,"한국항공우주연구원 (NODE11484766, IF: 0.00)"
2631,2023,기계공학,559872627,한유수,1,0.0,"한국항공우주연구원 (NODE11484766, IF: 0.00)"
2632,2023,기계공학,467321025,이훈희,1,0.0,"한국항공우주연구원 (NODE11484767, IF: 0.00)"
2633,2023,기계공학,415709383,장종태,1,0.0,"한국항공우주연구원 (NODE11484768, IF: 0.00)"
2634,2023,기계공학,517938415,김진원,1,0.0,"한국항공우주연구원 (NODE11484768, IF: 0.00)"
2635,2023,기계공학,199529923,한성호,1,0.0,"Korean Society for Precision Engineering (NODE11485052, IF: 0.00)"
2636,2023,기계공학,821566029,최복록,1,0.0,"Korean Society for Precision Engineering (NODE11485052, IF: 0.00)"
2637,2023,기계공학,442497716,한경호,1,0.0,"유공압건설기계학회 (NODE11421317, IF: 2.21)"
2638,2023,기계공학,473722227,박상균,1,0.0,"유공압건설기계학회 (NODE11421317, IF: 2.21)"
2639,2023,기계공학,888904512,김용진,1,0.0,"유공압건설기계학회 (NODE11421311, IF: 2.21)"
2640,2023,기계공학,992733627,이충열,1,0.0,"유공압건설기계학회 (NODE11421312, IF: 2.21)"
2641,2023,기계공학,663932275,정희종,1,0.0,"유공압건설기계학회 (NODE11421312, IF: 2.21)"
2642,2023,기계공학,913242421,최덕규,1,0.0,"유공압건설기계학회 (NODE11421315, IF: 2.21)"
2643,2023,기계공학,839883124,이호섭,1,0.0,"유공압건설기계학회 (NODE11421315, IF: 2.21)"
2644,2023,기계공학,200959181,김지태,1,0.0,"유공압건설기계학회 (NODE11421315, IF: 2.21)"
2645,2023,기계공학,744474261,박영준,1,0.0,"유공압건설기계학회 (NODE11421315, IF: 2.21)"
2646,2023,기계공학,673532336,김재동,1,0.0,"유공압건설기계학회 (NODE11421315, IF: 2.21)"
2647,2023,기계공학,266750057,김희수,1,0.0,"유공압건설기계학회 (NODE11421316, IF: 2.21)"
2648,2023,기계공학,260326316,손모아,1,0.0,"유공압건설기계학회 (NODE11421319, IF: 2.21)"
2649,2023,기계공학,751517942,강영선,1,0.0,"유공압건설기계학회 (NODE11421319, IF: 2.21)"
2650,2023,기계공학,635572982,이상영,1,0.0,"한국자동차공학회 (NODE11422691, IF: 0.41)"
2651,2023,기계공학,162668103,이진우,1,0.0,"한국자동차공학회 (NODE11422691, IF: 0.41)"
2652,2023,기계공학,583641922,김진수,1,0.0,"한국자동차공학회 (NODE11422692, IF: 0.41)"
2653,2023,기계공학,838580994,조영은,1,0.0,"한국자동차공학회 (NODE11422692, IF: 0.41)"
2654,2023,기계공학,665345249,고상진,1,0.0,"한국자동차공학회 (NODE11422692, IF: 0.41)"
2655,2023,기계공학,841296450,류정환,1,0.0,"한국자동차공학회 (NODE11422692, IF: 0.41)"
2656,2023,기계공학,742994274,이규백,1,0.0,"한국자동차공학회 (NODE11422692, IF: 0.41)"
2657,2023,기계공학,228408320,최영수,1,0.0,"한국자동차공학회 (NODE11640898, IF: 0.41)"
2658,2023,기계공학,477209530,김경환,1,0.0,"한국자동차공학회 (NODE11640902, IF: 0.41)"
2659,2023,기계공학,907529749,왕상헌,1,0.0,"한국자동차공학회 (NODE11640902, IF: 0.41)"
2660,2023,기계공학,995028430,곽송비,1,0.0,"한국기계연구원 (NODE11640921, IF: 0.00)"
2661,2023,기계공학,5108384,김건,1,0.0,"한국기계연구원 (NODE11640921, IF: 0.00)"
2662,2023,기계공학,765905496,이창규,1,0.0,"한국기계연구원 (NODE11640924, IF: 0.00)"
2663,2023,기계공학,311045429,이재종,1,0.0,"대한기계학회 (NODE11187224, IF: 0.36)"
2664,2023,기계공학,660284097,윤의성,1,0.0,"대한기계학회 (NODE11187225, IF: 0.36)"
2665,2023,기계공학,326926556,박용재,1,0.0,"대한기계학회 (NODE11187226, IF: 0.36)"
2666,2023,기계공학,517608064,박인규,1,0.0,"대한기계학회 (NODE11187226, IF: 0.36)"
2667,2023,기계공학,967222644,양회관,1,0.0,"대한기계학회 (NODE11187226, IF: 0.36)"
2668,2023,기계공학,124946286,김재희,1,0.0,"대한기계학회 (NODE11187228, IF: 0.36)"
2669,2023,기계공학,289011,김영진,1,0.0,"대한기계학회 (NODE11187231, IF: 0.36)"
2670,2023,기계공학,681054074,남한구,1,0.0,"대한기계학회 (NODE11187231, IF: 0.36)"
2671,2023,기계공학,564281166,김홍석,1,0.0,"대한기계학회 (NODE11187232, IF: 0.36)"
2672,2023,기계공학,815078218,이기환,1,0.0,"한국추진공학회 (NODE11442378, IF: 0.33)"
2673,2023,기계공학,720687446,이상래,1,0.0,"한국추진공학회 (NODE11442379, IF: 0.33)"
2674,2023,기계공학,740884977,김재훈,1,0.0,"한국추진공학회 (NODE11442379, IF: 0.33)"
2675,2023,기계공학,433434926,고성호,1,0.0,"한국추진공학회 (NODE11442379, IF: 0.33)"
2676,2023,기계공학,341274190,박기성,1,0.0,"한국추진공학회 (NODE11442380, IF: 0.33)"
2677,2023,기계공학,480128123,남재현,1,0.0,"한국추진공학회 (NODE11442380, IF: 0.33)"
2678,2023,기계공학,625345454,황순휘,1,0.0,"한국추진공학회 (NODE11442380, IF: 0.33)"
2679,2023,기계공학,894315048,양환석,1,0.0,"한국추진공학회 (NODE11442380, IF: 0.33)"
2680,2023,기계공학,5319589,현철,1,0.0,"한국추진공학회 (NODE11442380, IF: 0.33)"
2681,2023,기계공학,783635637,장승교,1,0.0,"한국추진공학회 (NODE11442381, IF: 0.33)"
2682,2023,기계공학,732964945,박창규,1,0.0,"한국추진공학회 (NODE11442382, IF: 0.33)"
2683,2023,기계공학,986091699,이창섭,1,0.0,"한국추진공학회 (NODE11442382, IF: 0.33)"
2684,2023,기계공학,167326570,박희승,1,0.0,"한국추진공학회 (NODE11442382, IF: 0.33)"
2685,2023,기계공학,120705110,황창전,1,0.0,"한국소음진동공학회 (NODE11474919, IF: 0.52)"
2686,2023,기계공학,785937594,한상배,1,0.0,"한국소음진동공학회 (NODE11474920, IF: 0.52)"
2687,2023,기계공학,487879075,전원주,1,0.0,"한국소음진동공학회 (NODE11474920, IF: 0.52)"
2688,2023,기계공학,759939964,강성욱,1,0.0,"한국자동차공학회 (NODE11505898, IF: 0.41)"
2689,2023,기계공학,602511882,김민지,1,0.0,"한국자동차공학회 (NODE11505898, IF: 0.41)"
2690,2023,기계공학,494535997,이요셉,1,0.0,"한국자동차공학회 (NODE11505898, IF: 0.41)"
2691,2023,기계공학,894965511,최광돈,1,0.0,"한국자동차공학회 (NODE11505899, IF: 0.41)"
2692,2023,기계공학,470622654,우수형,1,0.0,"한국자동차공학회 (NODE11505899, IF: 0.41)"
2693,2023,기계공학,290465171,권영명,1,0.0,"한국자동차공학회 (NODE11505899, IF: 0.41)"
2694,2023,기계공학,258580834,서중보,1,0.0,"한국유체기계학회 (NODE11620927, IF: 0.29)"
2695,2023,기계공학,117679608,최영석,1,0.0,"한국유체기계학회 (NODE11620928, IF: 0.29)"
2696,2023,기계공학,126123010,양현모,1,0.0,"한국유체기계학회 (NODE11620928, IF: 0.29)"
2697,2023,기계공학,515741760,이경용,1,0.0,"한국유체기계학회 (NODE11620928, IF: 0.29)"
2698,2023,기계공학,470925514,이영도,1,0.0,"한국유체기계학회 (NODE11620929, IF: 0.29)"
2699,2023,기계공학,569769960,곽원일,1,0.0,"한국유체기계학회 (NODE11620929, IF: 0.29)"
2700,2023,기계공학,290850391,하윤석,1,0.0,"한국유체기계학회 (NODE11620929, IF: 0.29)"
2701,2023,기계공학,378438076,이전국,1,0.0,"한국유체기계학회 (NODE11620929, IF: 0.29)"
2702,2023,기계공학,356687587,이용복,1,0.0,"한국유체기계학회 (NODE11620929, IF: 0.29)"
2703,2023,기계공학,598234,박철훈,1,0.0,"한국유체기계학회 (NODE11620930, IF: 0.29)"
2704,2023,기계공학,489855900,박현기,1,0.0,"한국유체기계학회 (NODE11620930, IF: 0.29)"
2705,2023,기계공학,428596111,이주범,1,0.0,"한국유체기계학회 (NODE11620930, IF: 0.29)"
2706,2023,기계공학,937260585,이형진,1,0.0,"한국유체기계학회 (NODE11620931, IF: 0.29)"
2707,2023,기계공학,783718128,정주훈,1,0.0,"한국유체기계학회 (NODE11620932, IF: 0.29)"
2708,2023,기계공학,495589866,최진혁,1,0.0,"한국유체기계학회 (NODE11620933, IF: 0.29)"
2709,2023,기계공학,966268143,송지수,1,0.0,"한국유체기계학회 (NODE11620933, IF: 0.29)"
2710,2023,기계공학,989101155,이성욱,1,0.0,"한국유체기계학회 (NODE11620933, IF: 0.29)"
2711,2023,기계공학,832923290,강동훈,1,0.0,"한국유체기계학회 (NODE11620933, IF: 0.29)"
2712,2023,기계공학,598844055,이동신,1,0.0,"한국유체기계학회 (NODE11620934, IF: 0.29)"
2713,2023,기계공학,106790002,유한솔,1,0.0,"한국유체기계학회 (NODE11620934, IF: 0.29)"
2714,2023,기계공학,246827082,김수빈,1,0.0,"한국유체기계학회 (NODE11620934, IF: 0.29)"
2715,2023,기계공학,296642725,배성한,1,0.0,"한국유체기계학회 (NODE11620934, IF: 0.29)"
2716,2023,기계공학,920560470,박지수,1,0.0,"한국유체기계학회 (NODE11620935, IF: 0.29)"
2717,2023,기계공학,1036194,김준희,1,0.0,"한국유체기계학회 (NODE11620935, IF: 0.29)"
2718,2023,기계공학,481074542,강창우,1,0.0,"한국유체기계학회 (NODE11620935, IF: 0.29)"
2719,2023,기계공학,203422327,DaeHoon Kim,1,0.0,"한국유체기계학회 (NODE11620936, IF: 0.29)"
2720,2023,기계공학,206581017,조종현,1,0.0,"한국유체기계학회 (NODE11620937, IF: 0.29)"
2721,2023,기계공학,760211567,엄정현,1,0.0,"한국유체기계학회 (NODE11620938, IF: 0.29)"
2722,2023,기계공학,621357897,나인식,1,0.0,"한국유체기계학회 (NODE11620938, IF: 0.29)"
2723,2023,기계공학,293374746,탁기영,1,0.0,"한국유체기계학회 (NODE11620938, IF: 0.29)"
2724,2023,기계공학,594821735,정해용,1,0.0,"한국유체기계학회 (NODE11620938, IF: 0.29)"
2725,2023,기계공학,556127447,유호준,1,0.0,"한국유체기계학회 (NODE11620943, IF: 0.29)"
2726,2023,기계공학,345183276,전종환,1,0.0,"한국유체기계학회 (NODE11620943, IF: 0.29)"
2727,2023,기계공학,569266839,이길성,1,0.0,"한국유체기계학회 (NODE11620943, IF: 0.29)"
2728,2023,기계공학,634016981,박세준,1,0.0,"한국유체기계학회 (NODE11620943, IF: 0.29)"
2729,2023,기계공학,246031273,이승배,1,0.0,"한국유체기계학회 (NODE11620943, IF: 0.29)"
2730,2023,기계공학,934493864,윤정,1,0.0,"한국유체기계학회 (NODE11620944, IF: 0.29)"
2731,2023,기계공학,914186664,신용훈,1,0.0,"한국유체기계학회 (NODE11620944, IF: 0.29)"
2732,2023,기계공학,475340366,김현일,1,0.0,"한국유체기계학회 (NODE11620944, IF: 0.29)"
2733,2023,기계공학,108761641,이형연,1,0.0,"한국유체기계학회 (NODE11620944, IF: 0.29)"
2734,2023,기계공학,888838814,어재혁,1,0.0,"한국유체기계학회 (NODE11620944, IF: 0.29)"
2735,2023,기계공학,841763430,김승욱,1,0.0,"한국유체기계학회 (NODE11620945, IF: 0.29)"
2736,2023,기계공학,382240,양상호,1,0.0,"한국유체기계학회 (NODE11620945, IF: 0.29)"
2737,2023,기계공학,189596943,한서희,1,0.0,"한국자동차공학회 (NODE11620988, IF: 0.41)"
2738,2023,기계공학,764734444,최완식,1,0.0,"한국자동차공학회 (NODE11620988, IF: 0.41)"
2739,2023,기계공학,552664449,안창선,1,0.0,"한국자동차공학회 (NODE11620988, IF: 0.41)"
2740,2023,기계공학,580366513,김형선,1,0.0,"한국자동차공학회 (NODE11620989, IF: 0.41)"
2741,2023,기계공학,108134421,박상훈,1,0.0,"한국자동차공학회 (NODE11620990, IF: 0.41)"
2742,2023,기계공학,715770749,홍인준,1,0.0,"한국자동차공학회 (NODE11620993, IF: 0.41)"
2743,2023,기계공학,963114240,하성민,1,0.0,"한국자동차공학회 (NODE11620995, IF: 0.41)"
2744,2023,기계공학,473669246,윤형석,1,0.0,"한국자동차공학회 (NODE11620995, IF: 0.41)"
2745,2023,기계공학,271587580,김봉섭,1,0.0,"한국자동차공학회 (NODE11620995, IF: 0.41)"
2746,2023,기계공학,748898426,김용진,1,0.0,"한국자동차공학회 (NODE11620996, IF: 0.41)"
2747,2023,기계공학,492462411,정준영,1,0.0,"한국자동차공학회 (NODE11620996, IF: 0.41)"
2748,2023,기계공학,501609122,박종덕,1,0.0,"한국자동차공학회 (NODE11620996, IF: 0.41)"
2749,2023,기계공학,798897887,강경호,1,0.0,"한국자동차공학회 (NODE11620996, IF: 0.41)"
2750,2023,기계공학,964436556,김지훈,1,0.0,"한국자동차공학회 (NODE11620997, IF: 0.41)"
2751,2023,기계공학,697098201,김태원,1,0.0,"한국자동차공학회 (NODE11620997, IF: 0.41)"
2752,2023,기계공학,813146111,김우식,1,0.0,"한국자동차공학회 (NODE11620997, IF: 0.41)"
2753,2023,기계공학,498484684,이동환,1,0.0,"한국자동차공학회 (NODE11620997, IF: 0.41)"
2754,2023,기계공학,959305154,김태림,1,0.0,"한국자동차공학회 (NODE11620997, IF: 0.41)"
2755,2023,기계공학,5477868,권성진,1,0.0,"한국자동차공학회 (NODE11620997, IF: 0.41)"
2756,2023,기계공학,870544829,조희섭,1,0.0,"한국자동차공학회 (NODE11620999, IF: 0.41)"
2757,2023,기계공학,109837405,박영진,1,0.0,"한국자동차공학회 (NODE11620999, IF: 0.41)"
2758,2023,기계공학,863139487,박명옥,1,0.0,"한국자동차공학회 (NODE11620999, IF: 0.41)"
2759,2023,기계공학,450676975,손준우,1,0.0,"한국자동차공학회 (NODE11620999, IF: 0.41)"
2760,2023,기계공학,106990359,고세민,1,0.0,"한국자동차공학회 (NODE11621000, IF: 0.41)"
2761,2023,기계공학,210495917,이정기,1,0.0,"한국자동차공학회 (NODE11621000, IF: 0.41)"
2762,2023,기계공학,166080726,이상화,1,0.0,"한국자동차공학회 (NODE11621000, IF: 0.41)"
2763,2023,기계공학,222085378,장정아,1,0.0,"한국자동차공학회 (NODE11621000, IF: 0.41)"
2764,2023,기계공학,203719036,남재현,1,0.0,"한국자동차공학회 (NODE11621001, IF: 0.41)"
2765,2023,기계공학,550017815,심온,1,0.0,"대한기계학회 (NODE11622469, IF: 0.36)"
2766,2023,기계공학,254600080,이승준,1,0.0,"대한기계학회 (NODE11622469, IF: 0.36)"
2767,2023,기계공학,671834710,김규창,1,0.0,"대한기계학회 (NODE11622471, IF: 0.36)"
2768,2023,기계공학,133725766,김민관,1,0.0,"대한기계학회 (NODE11622471, IF: 0.36)"
2769,2023,기계공학,669060946,이재선,1,0.0,"대한기계학회 (NODE11622471, IF: 0.36)"
2770,2023,기계공학,668037748,방세희,1,0.0,"대한기계학회 (NODE11622472, IF: 0.36)"
2771,2023,기계공학,831321373,유현식,1,0.0,"대한기계학회 (NODE11622473, IF: 0.36)"
2772,2023,기계공학,827073496,김서주,1,0.0,"대한기계학회 (NODE11622473, IF: 0.36)"
2773,2023,기계공학,933815605,Yonas Tsegaye Megra,1,0.0,"대한기계학회 (NODE11622473, IF: 0.36)"
2774,2023,기계공학,496573011,석지원,1,0.0,"대한기계학회 (NODE11622473, IF: 0.36)"
2775,2023,기계공학,540719046,정승연,1,0.0,"대한기계학회 (NODE11622474, IF: 0.36)"
2776,2023,기계공학,644207431,지형용,1,0.0,"대한기계학회 (NODE11622477, IF: 0.36)"
2777,2023,기계공학,747203151,강채동,1,0.0,"대한기계학회 (NODE11622477, IF: 0.36)"
2778,2023,기계공학,803358524,채예린,1,0.0,"대한기계학회 (NODE11622478, IF: 0.36)"
2779,2023,기계공학,707625621,유환석,1,0.0,"대한기계학회 (NODE11622478, IF: 0.36)"
2780,2023,기계공학,355847387,이영훈,1,0.0,"대한기계학회 (NODE11622478, IF: 0.36)"
2781,2023,기계공학,656990657,우승제,1,0.0,"대한기계학회 (NODE11622479, IF: 0.36)"
2782,2023,기계공학,335014018,박성진,1,0.0,"대한기계학회 (NODE11622479, IF: 0.36)"
2783,2023,기계공학,731319011,박기민,1,0.0,"대한기계학회 (NODE11622479, IF: 0.36)"
2784,2023,기계공학,583908290,이종훈,1,0.0,"대한기계학회 (NODE11622479, IF: 0.36)"
2785,2023,기계공학,794427810,박경락,1,0.0,"대한기계학회 (NODE11622479, IF: 0.36)"
2786,2023,기계공학,489449124,김우철,1,0.0,"대한기계학회 (NODE11622479, IF: 0.36)"
2787,2023,기계공학,870575661,이승재,1,0.0,"대한기계학회 (NODE11622480, IF: 0.36)"
2788,2023,기계공학,117876437,김윤서,1,0.0,"대한기계학회 (NODE11622480, IF: 0.36)"
2789,2023,기계공학,146234678,금교훈,1,0.0,"대한기계학회 (NODE11622480, IF: 0.36)"
2790,2023,기계공학,723490689,강석경,1,0.0,"대한기계학회 (NODE11622480, IF: 0.36)"
2791,2023,기계공학,832921669,이성혁,1,0.0,"대한기계학회 (NODE11622480, IF: 0.36)"
2792,2023,기계공학,729775488,이정호,1,0.0,"대한기계학회 (NODE11622480, IF: 0.36)"
2793,2023,기계공학,836052313,이하은,1,0.0,"대한기계학회 (NODE11622480, IF: 0.36)"
2794,2023,기계공학,935068954,YOUNG-JI BYON,1,0.0,"한국수소및신에너지학회 (NODE11644818, IF: 0.62)"
2795,2023,기계공학,533907360,SEUNG HWAN KIM,1,0.0,"한국수소및신에너지학회 (NODE11644818, IF: 0.62)"
2796,2023,기계공학,421014093,GOANG SUNG JIN,1,0.0,"한국수소및신에너지학회 (NODE11644818, IF: 0.62)"
2797,2023,기계공학,899063187,YOUNG WOOK SEO,1,0.0,"한국수소및신에너지학회 (NODE11644818, IF: 0.62)"
2798,2023,기계공학,906782260,YOUNG SOON BAEK,1,0.0,"한국수소및신에너지학회 (NODE11644818, IF: 0.62)"
2799,2023,기계공학,210881118,이수선,1,0.0,"한국수소및신에너지학회 (NODE11644819, IF: 0.62)"
2800,2023,기계공학,946088094,석송,1,0.0,"한국수소및신에너지학회 (NODE11644819, IF: 0.62)"
2801,2023,기계공학,483098116,홍태환,1,0.0,"한국수소및신에너지학회 (NODE11644819, IF: 0.62)"
2802,2023,기계공학,495133123,유화롱,1,0.0,"한국수소및신에너지학회 (NODE11644820, IF: 0.62)"
2803,2023,기계공학,459981900,서흥석,1,0.0,"한국수소및신에너지학회 (NODE11644821, IF: 0.62)"
2804,2023,기계공학,662978219,이영범,1,0.0,"한국수소및신에너지학회 (NODE11644821, IF: 0.62)"
2805,2023,기계공학,374958971,김동혁,1,0.0,"한국수소및신에너지학회 (NODE11644821, IF: 0.62)"
2806,2023,기계공학,456965981,박창원,1,0.0,"한국수소및신에너지학회 (NODE11644821, IF: 0.62)"
2807,2023,기계공학,158594552,정대웅,1,0.0,"한국수소및신에너지학회 (NODE11644822, IF: 0.62)"
2808,2023,기계공학,218809125,윤종혁,1,0.0,"한국수소및신에너지학회 (NODE11644822, IF: 0.62)"
2809,2023,기계공학,542093498,송형운,1,0.0,"한국수소및신에너지학회 (NODE11644822, IF: 0.62)"
2810,2023,기계공학,258658298,뚜안앵,1,0.0,"한국수소및신에너지학회 (NODE11644823, IF: 0.62)"
2811,2023,기계공학,544302526,박승용,1,0.0,"한국수소및신에너지학회 (NODE11644823, IF: 0.62)"
2812,2023,기계공학,736567905,이상민,1,0.0,"한국수소및신에너지학회 (NODE11644823, IF: 0.62)"
2813,2023,기계공학,864959448,이미화,1,0.0,"한국수소및신에너지학회 (NODE11644824, IF: 0.62)"
2814,2023,기계공학,301582647,유동근,1,0.0,"한국수소및신에너지학회 (NODE11644824, IF: 0.62)"
2815,2023,기계공학,109858446,이혜리,1,0.0,"한국수소및신에너지학회 (NODE11644824, IF: 0.62)"
2816,2023,기계공학,129964544,나일채,1,0.0,"한국수소및신에너지학회 (NODE11644824, IF: 0.62)"
2817,2023,기계공학,887388487,박권필,1,0.0,"한국수소및신에너지학회 (NODE11644824, IF: 0.62)"
2818,2023,기계공학,975212844,김주현,1,0.0,"한국수소및신에너지학회 (NODE11644825, IF: 0.62)"
2819,2023,기계공학,520515970,조계용,1,0.0,"한국수소및신에너지학회 (NODE11644825, IF: 0.62)"
2820,2023,기계공학,873716794,김상민,1,0.0,"한국수소및신에너지학회 (NODE11644826, IF: 0.62)"
2821,2023,기계공학,953191129,김진성,1,0.0,"한국수소및신에너지학회 (NODE11644826, IF: 0.62)"
2822,2023,기계공학,906335894,조영준,1,0.0,"한국수소및신에너지학회 (NODE11644826, IF: 0.62)"
2823,2023,기계공학,737292562,양시원,1,0.0,"한국수소및신에너지학회 (NODE11644826, IF: 0.62)"
2824,2023,기계공학,925870445,신문성,1,0.0,"한국수소및신에너지학회 (NODE11644826, IF: 0.62)"
2825,2023,기계공학,571712220,홍성철,1,0.0,"한국수소및신에너지학회 (NODE11644830, IF: 0.62)"
2826,2023,기계공학,523195782,최안철,1,0.0,"한국수소및신에너지학회 (NODE11644832, IF: 0.62)"
2827,2023,기계공학,438198319,이성우,1,0.0,"한국수소및신에너지학회 (NODE11644832, IF: 0.62)"
2828,2023,기계공학,797238447,신익호,1,0.0,"한국수소및신에너지학회 (NODE11644832, IF: 0.62)"
2829,2023,기계공학,385594775,최성웅,1,0.0,"한국수소및신에너지학회 (NODE11644832, IF: 0.62)"
2830,2023,기계공학,939851737,김진성,1,0.0,"한국수소및신에너지학회 (NODE11644833, IF: 0.62)"
2831,2023,기계공학,850915806,김륜경,1,0.0,"한국수소및신에너지학회 (NODE11644834, IF: 0.62)"
2832,2023,기계공학,622038204,고경완,1,0.0,"한국수소및신에너지학회 (NODE11644834, IF: 0.62)"
2833,2023,기계공학,399119408,권성기,1,0.0,"한국수소및신에너지학회 (NODE11644834, IF: 0.62)"
2834,2023,기계공학,219981596,박계춘,1,0.0,"한국수소및신에너지학회 (NODE11644834, IF: 0.62)"
2835,2023,기계공학,831539513,이율호,1,0.0,"한국수소및신에너지학회 (NODE11644836, IF: 0.62)"
2836,2023,기계공학,704040231,하승범,1,0.0,"한국수소및신에너지학회 (NODE11644837, IF: 0.62)"
2837,2023,기계공학,689698135,최인희,1,0.0,"한국수소및신에너지학회 (NODE11644837, IF: 0.62)"
2838,2023,기계공학,442834435,김재엽,1,0.0,"한국수소및신에너지학회 (NODE11644837, IF: 0.62)"
2839,2023,기계공학,318980944,박상균,1,0.0,"대한설비공학회 (NODE11469819, IF: 0.26)"
2840,2023,기계공학,749460377,윤영철,1,0.0,"한국자동차공학회 (NODE11468499, IF: 0.41)"
2841,2023,기계공학,172191994,박기형,1,0.0,"한국자동차공학회 (NODE11468499, IF: 0.41)"
2842,2023,기계공학,922013378,박성욱,1,0.0,"한국자동차공학회 (NODE11468500, IF: 0.41)"
2843,2023,기계공학,644638441,최수영,1,0.0,"한국자동차공학회 (NODE11468501, IF: 0.41)"
2844,2023,기계공학,800693201,김태주,1,0.0,"한국소음진동공학회 (NODE11474922, IF: 0.52)"
2845,2023,기계공학,610669495,일본 냉동공조학회,1,0.0,"대한설비공학회 (NODE11523166, IF: 0.26)"
2846,2023,기계공학,150545812,Zou Junjie,1,0.0,"한국유체기계학회 (NODE11465963, IF: 0.29)"
2847,2023,기계공학,255020673,Chen Jia,1,0.0,"한국유체기계학회 (NODE11465963, IF: 0.29)"
2848,2023,기계공학,950949887,Meng Fan,1,0.0,"한국유체기계학회 (NODE11465963, IF: 0.29)"
2849,2023,기계공학,694797281,Zheng Yunhao,1,0.0,"한국유체기계학회 (NODE11465963, IF: 0.29)"
2850,2023,기계공학,317305916,JunHu Yang,1,0.0,"한국유체기계학회 (NODE11465964, IF: 0.29)"
2851,2023,기계공학,586796431,Van-Hoang Tran ,1,0.0,"한국유체기계학회 (NODE11465965, IF: 0.29)"
2852,2023,기계공학,678936827,Thanh-Huan Nguyen,1,0.0,"한국유체기계학회 (NODE11465965, IF: 0.29)"
2853,2023,기계공학,731424445,Frédéric Plourde ,1,0.0,"한국유체기계학회 (NODE11465965, IF: 0.29)"
2854,2023,기계공학,570586042,Khanh-Duy Cong Do ,1,0.0,"한국유체기계학회 (NODE11465965, IF: 0.29)"
2855,2023,기계공학,487816960,Duy-Hung Chung ,1,0.0,"한국유체기계학회 (NODE11465965, IF: 0.29)"
2856,2023,기계공학,411565819,Cong-Truong Dinh,1,0.0,"한국유체기계학회 (NODE11465965, IF: 0.29)"
2857,2023,기계공학,523052373,Gia-Diem Pham,1,0.0,"한국유체기계학회 (NODE11465965, IF: 0.29)"
2858,2023,기계공학,127370807,Shahab Shiraghaee,1,0.0,"한국유체기계학회 (NODE11465968, IF: 0.29)"
2859,2023,기계공학,141711497,Joel Sundström,1,0.0,"한국유체기계학회 (NODE11465968, IF: 0.29)"
2860,2023,기계공학,356135790,Mehrdad Raisee,1,0.0,"한국유체기계학회 (NODE11465968, IF: 0.29)"
2861,2023,기계공학,357391980,정예리,1,0.0,"한국트라이볼로지학회 (NODE11589065, IF: 0.46)"
2862,2023,기계공학,492245238,김진호,1,0.0,"한국트라이볼로지학회 (NODE11589065, IF: 0.46)"
2863,2023,기계공학,571010475,이태일,1,0.0,"한국트라이볼로지학회 (NODE11589065, IF: 0.46)"
2864,2023,기계공학,165293309,강신현,1,0.0,"한국트라이볼로지학회 (NODE11589066, IF: 0.46)"
2865,2023,기계공학,771735045,박성호,1,0.0,"한국트라이볼로지학회 (NODE11589066, IF: 0.46)"
2866,2023,기계공학,761175877,조연상,1,0.0,"한국트라이볼로지학회 (NODE11589066, IF: 0.46)"
2867,2023,기계공학,207147050,박정수,1,0.0,"한국트라이볼로지학회 (NODE11589067, IF: 0.46)"
2868,2023,기계공학,162848637,하유진,1,0.0,"한국트라이볼로지학회 (NODE11589068, IF: 0.46)"
2869,2023,기계공학,548629590,김민욱,1,0.0,"한국트라이볼로지학회 (NODE11589068, IF: 0.46)"
2870,2023,기계공학,313202886,김욱배,1,0.0,"한국트라이볼로지학회 (NODE11589068, IF: 0.46)"
2871,2023,기계공학,252446334,김혜원,1,0.0,"한국트라이볼로지학회 (NODE11589069, IF: 0.46)"
2872,2023,기계공학,821621893,임혜원,1,0.0,"한국트라이볼로지학회 (NODE11589069, IF: 0.46)"
2873,2023,기계공학,547200539,김형모,1,0.0,"한국트라이볼로지학회 (NODE11589069, IF: 0.46)"
2874,2023,기계공학,144441487,고희환,1,0.0,"대한설비공학회 (NODE11214074, IF: 0.26)"
2875,2023,기계공학,402201,장용희,1,0.0,"대한설비공학회 (NODE11214077, IF: 0.26)"
2876,2023,기계공학,159428192,정동일,1,0.0,"대한설비공학회 (NODE11214077, IF: 0.26)"
2877,2023,기계공학,298513807,권춘규,1,0.0,"대한설비공학회 (NODE11214078, IF: 0.26)"
2878,2023,기계공학,797718830,Ryan Johnson,1,0.0,"대한설비공학회 (NODE11214079, IF: 0.26)"
2879,2023,기계공학,514617341,Chris Burroughs,1,0.0,"대한설비공학회 (NODE11214079, IF: 0.26)"
2880,2023,기계공학,846982543,原英嗣,1,0.0,"대한설비공학회 (NODE11214080, IF: 0.26)"
2881,2023,기계공학,408395231,최범석,1,0.0,"한국유체기계학회 (NODE11214098, IF: 0.29)"
2882,2023,기계공학,330901743,박무룡,1,0.0,"한국유체기계학회 (NODE11214098, IF: 0.29)"
2883,2023,기계공학,784908662,황순찬,1,0.0,"한국유체기계학회 (NODE11214098, IF: 0.29)"
2884,2023,기계공학,590779902,김수원,1,0.0,"한국유체기계학회 (NODE11214098, IF: 0.29)"
2885,2023,기계공학,463896745,임영철,1,0.0,"한국유체기계학회 (NODE11214098, IF: 0.29)"
2886,2023,기계공학,714350057,박세진,1,0.0,"한국유체기계학회 (NODE11214098, IF: 0.29)"
2887,2023,기계공학,515532295,정희찬,1,0.0,"한국유체기계학회 (NODE11214098, IF: 0.29)"
2888,2023,기계공학,403390229,김재관,1,0.0,"한국유체기계학회 (NODE11214099, IF: 0.29)"
2889,2023,기계공학,570185279,류원석,1,0.0,"한국유체기계학회 (NODE11214100, IF: 0.29)"
2890,2023,기계공학,720897452,유종근,1,0.0,"한국유체기계학회 (NODE11214100, IF: 0.29)"
2891,2023,기계공학,268716862,조성환,1,0.0,"한국유체기계학회 (NODE11214101, IF: 0.29)"
2892,2023,기계공학,821056524,윤혁진,1,0.0,"한국유체기계학회 (NODE11214101, IF: 0.29)"
2893,2023,기계공학,156527252,윤성완,1,0.0,"한국유체기계학회 (NODE11214101, IF: 0.29)"
2894,2023,기계공학,278024420,정만수,1,0.0,"한국유체기계학회 (NODE11214102, IF: 0.29)"
2895,2023,기계공학,1527640,이창민,1,0.0,"한국소음진동공학회 (NODE11214492, IF: 0.52)"
2896,2023,기계공학,509417377,최재엽,1,0.0,"한국소음진동공학회 (NODE11214492, IF: 0.52)"
2897,2023,기계공학,560020305,박정훈,1,0.0,"한국소음진동공학회 (NODE11214492, IF: 0.52)"
2898,2023,기계공학,456481724,전관수,1,0.0,"한국소음진동공학회 (NODE11214492, IF: 0.52)"
2899,2023,기계공학,800726766,최재일,1,0.0,"한국소음진동공학회 (NODE11214493, IF: 0.52)"
2900,2023,기계공학,5166659,엄춘원,1,0.0,"한국소음진동공학회 (NODE11214494, IF: 0.52)"
2901,2023,기계공학,384017594,이송미,1,0.0,"한국소음진동공학회 (NODE11214494, IF: 0.52)"
2902,2023,기계공학,339959019,김정훈,1,0.0,"한국소음진동공학회 (NODE11214494, IF: 0.52)"
2903,2023,기계공학,912101555,송은성,1,0.0,"한국소음진동공학회 (NODE11214494, IF: 0.52)"
2904,2023,기계공학,571699737,김도경,1,0.0,"한국소음진동공학회 (NODE11214494, IF: 0.52)"
2905,2023,기계공학,352792642,하준범,1,0.0,"한국소음진동공학회 (NODE11214495, IF: 0.52)"
2906,2023,기계공학,405425796,구가람,1,0.0,"한국소음진동공학회 (NODE11214495, IF: 0.52)"
2907,2023,기계공학,627658090,정홍석,1,0.0,"한국소음진동공학회 (NODE11214495, IF: 0.52)"
2908,2023,기계공학,720828127,임수철,1,0.0,"한국소음진동공학회 (NODE11214497, IF: 0.52)"
2909,2023,기계공학,807103609,김선홍,1,0.0,"한국소음진동공학회 (NODE11214499, IF: 0.52)"
2910,2023,기계공학,766678402,박성호,1,0.0,"한국소음진동공학회 (NODE11214499, IF: 0.52)"
2911,2023,기계공학,252074619,임동화,1,0.0,"한국소음진동공학회 (NODE11214499, IF: 0.52)"
2912,2023,기계공학,280835869,이명식,1,0.0,"한국소음진동공학회 (NODE11214500, IF: 0.52)"
2913,2023,기계공학,450732819,이준호,1,0.0,"한국소음진동공학회 (NODE11214500, IF: 0.52)"
2914,2023,기계공학,458912242,정택수,1,0.0,"한국소음진동공학회 (NODE11214502, IF: 0.52)"
2915,2023,기계공학,365521387,노규환,1,0.0,"한국생산제조학회 (NODE11214539, IF: 0.34)"
2916,2023,기계공학,349402922,이남석,1,0.0,"한국생산제조학회 (NODE11214540, IF: 0.34)"
2917,2023,기계공학,314973050,김영준,1,0.0,"한국생산제조학회 (NODE11214541, IF: 0.34)"
2918,2023,기계공학,385823955,이영춘,1,0.0,"한국생산제조학회 (NODE11214541, IF: 0.34)"
2919,2023,기계공학,931683309,강세찬,1,0.0,"한국생산제조학회 (NODE11214541, IF: 0.34)"
2920,2023,기계공학,154490574,이태길,1,0.0,"한국생산제조학회 (NODE11214549, IF: 0.34)"
2921,2023,기계공학,5187813,전하준,1,0.0,"한국생산제조학회 (NODE11214549, IF: 0.34)"
2922,2023,기계공학,639256314,한재흥,1,0.0,"한국소음진동공학회 (NODE11228991, IF: 0.52)"
2923,2023,기계공학,493875333,정진년,1,0.0,"한국소음진동공학회 (NODE11228992, IF: 0.52)"
2924,2023,기계공학,324617131,이병권,1,0.0,"한국소음진동공학회 (NODE11228992, IF: 0.52)"
2925,2023,기계공학,613475005,박태호,1,0.0,"한국소음진동공학회 (NODE11228993, IF: 0.52)"
2926,2023,기계공학,732759254,권소련,1,0.0,"한국자동차공학회 (NODE11184213, IF: 0.41)"
2927,2023,기계공학,703478538,한경석,1,0.0,"한국자동차공학회 (NODE11184213, IF: 0.41)"
2928,2023,기계공학,480979374,박진규,1,0.0,"한국자동차공학회 (NODE11184214, IF: 0.41)"
2929,2023,기계공학,379761056,임승훈,1,0.0,"한국자동차공학회 (NODE11184214, IF: 0.41)"
2930,2023,기계공학,401979861,신명환,1,0.0,"한국자동차공학회 (NODE11184214, IF: 0.41)"
2931,2023,기계공학,415205141,이동인,1,0.0,"한국자동차공학회 (NODE11184214, IF: 0.41)"
2932,2023,기계공학,376858418,오정모,1,0.0,"한국자동차공학회 (NODE11184214, IF: 0.41)"
2933,2023,기계공학,774669134,김선우,1,0.0,"한국자동차공학회 (NODE11184215, IF: 0.41)"
2934,2023,기계공학,295804203,이원형,1,0.0,"한국자동차공학회 (NODE11184215, IF: 0.41)"
2935,2023,기계공학,400481607,김광기,1,0.0,"한국자동차공학회 (NODE11184215, IF: 0.41)"
2936,2023,기계공학,455485632,우성동,1,0.0,"한국자동차공학회 (NODE11184216, IF: 0.41)"
2937,2023,기계공학,658585630,이상현,1,0.0,"한국자동차공학회 (NODE11184217, IF: 0.41)"
2938,2023,기계공학,414870468,김우일,1,0.0,"한국자동차공학회 (NODE11184217, IF: 0.41)"
2939,2023,기계공학,551504568,한만배,1,0.0,"한국자동차공학회 (NODE11184217, IF: 0.41)"
2940,2023,기계공학,311344924,오세철,1,0.0,"한국자동차공학회 (NODE11184220, IF: 0.41)"
2941,2023,기계공학,261667947,오준호,1,0.0,"한국자동차공학회 (NODE11184220, IF: 0.41)"
2942,2023,기계공학,592012379,장형준,1,0.0,"한국자동차공학회 (NODE11184220, IF: 0.41)"
2943,2023,기계공학,208036852,이선엽,1,0.0,"한국자동차공학회 (NODE11184220, IF: 0.41)"
2944,2023,기계공학,649570767,김창기,1,0.0,"한국자동차공학회 (NODE11184220, IF: 0.41)"
2945,2023,기계공학,439009678,최정훈,1,0.0,"한국자동차공학회 (NODE11184221, IF: 0.41)"
2946,2023,기계공학,297338932,이창원,1,0.0,"한국자동차공학회 (NODE11184221, IF: 0.41)"
2947,2023,기계공학,902771035,차준호,1,0.0,"한국자동차공학회 (NODE11184221, IF: 0.41)"
2948,2023,기계공학,753769668,전영식,1,0.0,"한국자동차공학회 (NODE11184221, IF: 0.41)"
2949,2023,기계공학,650088913,김진재,1,0.0,"한국자동차공학회 (NODE11184221, IF: 0.41)"
2950,2023,기계공학,199721389,김영석,1,0.0,"한국자동차공학회 (NODE11184221, IF: 0.41)"
2951,2023,기계공학,437832725,설한이,1,0.0,"대한설비공학회 (NODE11184295, IF: 0.26)"
2952,2023,기계공학,960349512,장진영,1,0.0,"대한설비공학회 (NODE11184296, IF: 0.26)"
2953,2023,기계공학,420681831,김하늘,1,0.0,"대한설비공학회 (NODE11184297, IF: 0.26)"
2954,2023,기계공학,277740556,김종규,1,0.0,"대한설비공학회 (NODE11184297, IF: 0.26)"
2955,2023,기계공학,599748939,양자강,1,0.0,"대한설비공학회 (NODE11184299, IF: 0.26)"
2956,2023,기계공학,168806383,채영태,1,0.0,"대한설비공학회 (NODE11184299, IF: 0.26)"
2957,2023,기계공학,718328327,채수인,1,0.0,"대한설비공학회 (NODE11184299, IF: 0.26)"
2958,2023,기계공학,920670859,진상기,1,0.0,"대한설비공학회 (NODE11184299, IF: 0.26)"
2959,2023,기계공학,970939377,이가희,1,0.0,"Korean Society for Precision Engineering (NODE11184352, IF: 0.00)"
2960,2023,기계공학,5114120,정종민,1,0.0,"Korean Society for Precision Engineering (NODE11184353, IF: 0.00)"
2961,2023,기계공학,495278578,정선호,1,0.0,"Korean Society for Precision Engineering (NODE11184353, IF: 0.00)"
2962,2023,기계공학,632457930,신영일,1,0.0,"Korean Society for Precision Engineering (NODE11184353, IF: 0.00)"
2963,2023,기계공학,726013942,박영욱,1,0.0,"Korean Society for Precision Engineering (NODE11184353, IF: 0.00)"
2964,2023,기계공학,158200148,정해도,1,0.0,"Korean Society for Precision Engineering (NODE11184353, IF: 0.00)"
2965,2023,기계공학,5421082,임법규,1,0.0,"대한설비공학회 (NODE11527074, IF: 0.26)"
2966,2023,기계공학,892793527,오주홍,1,0.0,"대한설비공학회 (NODE11527075, IF: 0.26)"
2967,2023,기계공학,821757682,손영익,1,0.0,"대한설비공학회 (NODE11527075, IF: 0.26)"
2968,2023,기계공학,688157402,김권예,1,0.0,"대한설비공학회 (NODE11527076, IF: 0.26)"
2969,2023,기계공학,110781584,윤시원,1,0.0,"대한설비공학회 (NODE11527077, IF: 0.26)"
2970,2023,기계공학,886593111,임용훈,1,0.0,"대한설비공학회 (NODE11527077, IF: 0.26)"
2971,2023,기계공학,334764178,박성우,1,0.0,"대한설비공학회 (NODE11527078, IF: 0.26)"
2972,2023,기계공학,498216883,염지훈,1,0.0,"대한설비공학회 (NODE11527078, IF: 0.26)"
2973,2023,기계공학,212421307,이건우,1,0.0,"대한설비공학회 (NODE11527078, IF: 0.26)"
2974,2023,기계공학,749008906,백준우,1,0.0,"항공우주시스템공학회 (NODE11561737, IF: 0.31)"
2975,2023,기계공학,480151160,정윤주,1,0.0,"항공우주시스템공학회 (NODE11561738, IF: 0.31)"
2976,2023,기계공학,711530032,김수현,1,0.0,"항공우주시스템공학회 (NODE11561738, IF: 0.31)"
2977,2023,기계공학,393416115,남상현,1,0.0,"항공우주시스템공학회 (NODE11561738, IF: 0.31)"
2978,2023,기계공학,811792177,박인재,1,0.0,"항공우주시스템공학회 (NODE11561738, IF: 0.31)"
2979,2023,기계공학,528066558,박민균,1,0.0,"항공우주시스템공학회 (NODE11561738, IF: 0.31)"
2980,2023,기계공학,177727806,김태균,1,0.0,"항공우주시스템공학회 (NODE11561738, IF: 0.31)"
2981,2023,기계공학,536825462,양환석,1,0.0,"항공우주시스템공학회 (NODE11561738, IF: 0.31)"
2982,2023,기계공학,838159844,박승욱,1,0.0,"항공우주시스템공학회 (NODE11561738, IF: 0.31)"
2983,2023,기계공학,802193499,이승하,1,0.0,"항공우주시스템공학회 (NODE11561738, IF: 0.31)"
2984,2023,기계공학,811932799,안효득,1,0.0,"항공우주시스템공학회 (NODE11561739, IF: 0.31)"
2985,2023,기계공학,2285703,문정호,1,0.0,"항공우주시스템공학회 (NODE11561739, IF: 0.31)"
2986,2023,기계공학,263531895,황원화,1,0.0,"항공우주시스템공학회 (NODE11561740, IF: 0.31)"
2987,2023,기계공학,196407270,임성호,1,0.0,"항공우주시스템공학회 (NODE11561746, IF: 0.31)"
2988,2023,기계공학,503598759,성길영,1,0.0,"항공우주시스템공학회 (NODE11561746, IF: 0.31)"
2989,2023,기계공학,510813706,김재경,1,0.0,"항공우주시스템공학회 (NODE11561746, IF: 0.31)"
2990,2023,기계공학,717557619,이경근,1,0.0,"한국비파괴검사학회 (NODE11561813, IF: 0.41)"
2991,2023,기계공학,797300267,한순우,1,0.0,"한국비파괴검사학회 (NODE11561813, IF: 0.41)"
2992,2023,기계공학,684193574,문성인,1,0.0,"한국비파괴검사학회 (NODE11561813, IF: 0.41)"
2993,2023,기계공학,404170603,맹완영,1,0.0,"한국비파괴검사학회 (NODE11561813, IF: 0.41)"
2994,2023,기계공학,756573183,강토,1,0.0,"한국비파괴검사학회 (NODE11561813, IF: 0.41)"
2995,2023,기계공학,259699836,정재환,1,0.0,"한국비파괴검사학회 (NODE11561813, IF: 0.41)"
2996,2023,기계공학,672109358,장재원,1,0.0,"한국비파괴검사학회 (NODE11561815, IF: 0.41)"
2997,2023,기계공학,290906102,조은아,1,0.0,"한국비파괴검사학회 (NODE11561816, IF: 0.41)"
2998,2023,기계공학,5134174,이용희,1,0.0,"한국비파괴검사학회 (NODE11561817, IF: 0.41)"
2999,2023,기계공학,637040804,홍지영,1,0.0,"한국비파괴검사학회 (NODE11561817, IF: 0.41)"
3000,2023,기계공학,344903658,김민기,1,0.0,"한국비파괴검사학회 (NODE11561821, IF: 0.41)"
3001,2023,기계공학,377809148,노희연,1,0.0,"한국비파괴검사학회 (NODE11561821, IF: 0.41)"
3002,2023,기계공학,714481315,김형기,1,0.0,"한국비파괴검사학회 (NODE11561821, IF: 0.41)"
3003,2023,기계공학,723901783,이경준,1,0.0,"한국비파괴검사학회 (NODE11561821, IF: 0.41)"
3004,2023,기계공학,928068756,신충호,1,0.0,"한국비파괴검사학회 (NODE11561821, IF: 0.41)"
3005,2023,기계공학,840563610,이규성,1,0.0,"한국비파괴검사학회 (NODE11561821, IF: 0.41)"
3006,2023,기계공학,156679279,이창준,1,0.0,"한국비파괴검사학회 (NODE11561821, IF: 0.41)"
3007,2023,기계공학,570235042,장윤영,1,0.0,"한국비파괴검사학회 (NODE11561821, IF: 0.41)"
3008,2023,기계공학,913587289,이정석,1,0.0,"한국비파괴검사학회 (NODE11561823, IF: 0.41)"
3009,2023,기계공학,590572695,김진회,1,0.0,"한국비파괴검사학회 (NODE11561823, IF: 0.41)"
3010,2023,기계공학,991252409,문균영,1,0.0,"한국비파괴검사학회 (NODE11561823, IF: 0.41)"
3011,2023,기계공학,549191555,손종기,1,0.0,"한국비파괴검사학회 (NODE11561825, IF: 0.41)"
3012,2023,기계공학,375271773,박재필,1,0.0,"한국비파괴검사학회 (NODE11561825, IF: 0.41)"
3013,2023,기계공학,637183008,Kidong Kim,1,0.0,"항공우주시스템공학회 (NODE11448300, IF: 0.31)"
3014,2023,기계공학,220367511,Jisung Jang,1,0.0,"항공우주시스템공학회 (NODE11448300, IF: 0.31)"
3015,2023,기계공학,296941416,Yong Man Yang,1,0.0,"항공우주시스템공학회 (NODE11448301, IF: 0.31)"
3016,2023,기계공학,596042474,Seok Ho Jeong,1,0.0,"항공우주시스템공학회 (NODE11448301, IF: 0.31)"
3017,2023,기계공학,930750914,Je-Jun Kim,1,0.0,"항공우주시스템공학회 (NODE11448301, IF: 0.31)"
3018,2023,기계공학,179914264,Manseok Oh,1,0.0,"항공우주시스템공학회 (NODE11448301, IF: 0.31)"
3019,2023,기계공학,113115561,Young Hwan Kim,1,0.0,"항공우주시스템공학회 (NODE11448301, IF: 0.31)"
3020,2023,기계공학,216040195,강예준,1,0.0,"항공우주시스템공학회 (NODE11448305, IF: 0.31)"
3021,2023,기계공학,179071382,서정재,1,0.0,"항공우주시스템공학회 (NODE11448305, IF: 0.31)"
3022,2023,기계공학,929012527,배재성,1,0.0,"항공우주시스템공학회 (NODE11448306, IF: 0.31)"
3023,2023,기계공학,496934371,김종민,1,0.0,"항공우주시스템공학회 (NODE11448306, IF: 0.31)"
3024,2023,기계공학,892463611,안수홍,1,0.0,"항공우주시스템공학회 (NODE11448307, IF: 0.31)"
3025,2023,기계공학,837039534,하병근,1,0.0,"항공우주시스템공학회 (NODE11448307, IF: 0.31)"
3026,2023,기계공학,997592672,조원국,1,0.0,"항공우주시스템공학회 (NODE11448308, IF: 0.31)"
3027,2023,기계공학,984121238,남창호,1,0.0,"항공우주시스템공학회 (NODE11448308, IF: 0.31)"
3028,2023,기계공학,743722521,하성업,1,0.0,"항공우주시스템공학회 (NODE11448308, IF: 0.31)"
3029,2023,기계공학,933102667,노지섭,1,0.0,"항공우주시스템공학회 (NODE11448309, IF: 0.31)"
3030,2023,기계공학,676982306,신호영,1,0.0,"항공우주시스템공학회 (NODE11448309, IF: 0.31)"
3031,2023,기계공학,319746539,정민찬,1,0.0,"항공우주시스템공학회 (NODE11448309, IF: 0.31)"
3032,2023,기계공학,116924636,황준혁,1,0.0,"항공우주시스템공학회 (NODE11448309, IF: 0.31)"
3033,2023,기계공학,152055483,곽준우,1,0.0,"항공우주시스템공학회 (NODE11448309, IF: 0.31)"
3034,2023,기계공학,530629926,주현우,1,0.0,"항공우주시스템공학회 (NODE11448309, IF: 0.31)"
3035,2023,기계공학,178230043,권진회,1,0.0,"항공우주시스템공학회 (NODE11448309, IF: 0.31)"
3036,2023,기계공학,223380869,남영우,1,0.0,"항공우주시스템공학회 (NODE11448309, IF: 0.31)"
3037,2023,기계공학,728073583,최지은,1,0.0,"항공우주시스템공학회 (NODE11448310, IF: 0.31)"
3038,2023,기계공학,420214389,김배성,1,0.0,"항공우주시스템공학회 (NODE11448310, IF: 0.31)"
3039,2023,기계공학,180518797,김지훈,1,0.0,"항공우주시스템공학회 (NODE11448311, IF: 0.31)"
3040,2023,기계공학,460296758,전상미,1,0.0,"항공우주시스템공학회 (NODE11448311, IF: 0.31)"
3041,2023,기계공학,682003260,이후경,1,0.0,"항공우주시스템공학회 (NODE11448312, IF: 0.31)"
3042,2023,기계공학,453643571,이재원,1,0.0,"항공우주시스템공학회 (NODE11448312, IF: 0.31)"
3043,2023,기계공학,218913877,김우겸,1,0.0,"항공우주시스템공학회 (NODE11448312, IF: 0.31)"
3044,2023,기계공학,397757355,전민혁,1,0.0,"항공우주시스템공학회 (NODE11448314, IF: 0.31)"
3045,2023,기계공학,854537335,조현준,1,0.0,"항공우주시스템공학회 (NODE11448314, IF: 0.31)"
3046,2023,기계공학,737978997,이미연,1,0.0,"항공우주시스템공학회 (NODE11448314, IF: 0.31)"
3047,2023,기계공학,244826185,이하승,1,0.0,"항공우주시스템공학회 (NODE11448315, IF: 0.31)"
3048,2023,기계공학,438795877,이정훈,1,0.0,"항공우주시스템공학회 (NODE11448316, IF: 0.31)"
3049,2023,기계공학,270595264,백승욱,1,0.0,"항공우주시스템공학회 (NODE11448316, IF: 0.31)"
3050,2023,기계공학,403540921,신복균,1,0.0,"항공우주시스템공학회 (NODE11448316, IF: 0.31)"
3051,2023,기계공학,400897209,주환,1,0.0,"항공우주시스템공학회 (NODE11448316, IF: 0.31)"
3052,2023,기계공학,112890867,이윤상,1,0.0,"항공우주시스템공학회 (NODE11448316, IF: 0.31)"
3053,2023,기계공학,943346027,유수호,1,0.0,"항공우주시스템공학회 (NODE11448316, IF: 0.31)"
3054,2023,기계공학,110791997,김영서,1,0.0,"한국기계가공학회 (NODE11463892, IF: 0.31)"
3055,2023,기계공학,145411898,강희원,1,0.0,"한국기계가공학회 (NODE11463893, IF: 0.31)"
3056,2023,기계공학,157536573,전의식,1,0.0,"한국기계가공학회 (NODE11463893, IF: 0.31)"
3057,2023,기계공학,882798207,김영신,1,0.0,"한국기계가공학회 (NODE11463893, IF: 0.31)"
3058,2023,기계공학,584754565,김종도,1,0.0,"한국기계가공학회 (NODE11463894, IF: 0.31)"
3059,2023,기계공학,402463807,윤문철,1,0.0,"한국기계가공학회 (NODE11463894, IF: 0.31)"
3060,2023,기계공학,497250120,Man-Jun Yu,1,0.0,"한국기계가공학회 (NODE11463895, IF: 0.31)"
3061,2023,기계공학,393685232,Jong-Cheon Park,1,0.0,"한국기계가공학회 (NODE11463895, IF: 0.31)"
3062,2023,기계공학,178544767,김회창,1,0.0,"한국기계가공학회 (NODE11463900, IF: 0.31)"
3063,2023,기계공학,906405901,차민혁,1,0.0,"한국기계가공학회 (NODE11463900, IF: 0.31)"
3064,2023,기계공학,272527306,김병철,1,0.0,"한국기계가공학회 (NODE11463900, IF: 0.31)"
3065,2023,기계공학,475400533,김서현,1,0.0,"한국기계가공학회 (NODE11463901, IF: 0.31)"
3066,2023,기계공학,516584771,손종원,1,0.0,"한국기계가공학회 (NODE11463901, IF: 0.31)"
3067,2023,기계공학,288746054,송재욱,1,0.0,"한국기계가공학회 (NODE11463902, IF: 0.31)"
3068,2023,기계공학,963754907,이성현,1,0.0,"한국소음진동공학회 (NODE11498200, IF: 0.52)"
3069,2023,기계공학,163476031,김봉기,1,0.0,"한국소음진동공학회 (NODE11498200, IF: 0.52)"
3070,2023,기계공학,848809432,이석규,1,0.0,"한국소음진동공학회 (NODE11498200, IF: 0.52)"
3071,2023,기계공학,447176503,송다한,1,0.0,"한국소음진동공학회 (NODE11498201, IF: 0.52)"
3072,2023,기계공학,903761861,심지용,1,0.0,"한국소음진동공학회 (NODE11498202, IF: 0.52)"
3073,2023,기계공학,788876493,육도경,1,0.0,"한국소음진동공학회 (NODE11498202, IF: 0.52)"
3074,2023,기계공학,624204901,박지환,1,0.0,"한국소음진동공학회 (NODE11498203, IF: 0.52)"
3075,2023,기계공학,709158720,최재필,1,0.0,"한국소음진동공학회 (NODE11498203, IF: 0.52)"
3076,2023,기계공학,680107728,안선규,1,0.0,"한국소음진동공학회 (NODE11498203, IF: 0.52)"
3077,2023,기계공학,700811561,이성복,1,0.0,"한국소음진동공학회 (NODE11498206, IF: 0.52)"
3078,2023,기계공학,722500513,최경석,1,0.0,"한국소음진동공학회 (NODE11498206, IF: 0.52)"
3079,2023,기계공학,619362303,김정진,1,0.0,"한국소음진동공학회 (NODE11498206, IF: 0.52)"
3080,2023,기계공학,523622128,곽규빈,1,0.0,"한국소음진동공학회 (NODE11498207, IF: 0.52)"
3081,2023,기계공학,150769745,유구현,1,0.0,"한국소음진동공학회 (NODE11498208, IF: 0.52)"
3082,2023,기계공학,267957056,이재선,1,0.0,"한국소음진동공학회 (NODE11498208, IF: 0.52)"
3083,2023,기계공학,997391272,안광철,1,0.0,"한국소음진동공학회 (NODE11498208, IF: 0.52)"
3084,2023,기계공학,527333195,임성준,1,0.0,"한국소음진동공학회 (NODE11498209, IF: 0.52)"
3085,2023,기계공학,943882246,최태규,1,0.0,"한국소음진동공학회 (NODE11498209, IF: 0.52)"
3086,2023,기계공학,698692389,김상현,1,0.0,"한국소음진동공학회 (NODE11498209, IF: 0.52)"
3087,2023,기계공학,800544381,송민정,1,0.0,"한국소음진동공학회 (NODE11498211, IF: 0.52)"
3088,2023,기계공학,226539102,한명호,1,0.0,"한국소음진동공학회 (NODE11498211, IF: 0.52)"
3089,2023,기계공학,786870878,박현구,1,0.0,"한국소음진동공학회 (NODE11498211, IF: 0.52)"
3090,2023,기계공학,709867694,고강호,1,0.0,"한국생산제조학회 (NODE11498213, IF: 0.34)"
3091,2023,기계공학,423746691,임동욱,1,0.0,"한국생산제조학회 (NODE11498213, IF: 0.34)"
3092,2023,기계공학,490410518,홍성욱,1,0.0,"한국생산제조학회 (NODE11498213, IF: 0.34)"
3093,2023,기계공학,703405133,한규택,1,0.0,"한국생산제조학회 (NODE11498214, IF: 0.34)"
3094,2023,기계공학,981959640,Da-Hoon Park,1,0.0,"한국생산제조학회 (NODE11498215, IF: 0.34)"
3095,2023,기계공학,330739967,유성주,1,0.0,"한국생산제조학회 (NODE11498223, IF: 0.34)"
3096,2023,기계공학,242554827,송현석,1,0.0,"한국생산제조학회 (NODE11498223, IF: 0.34)"
3097,2023,기계공학,330210538,문정진,1,0.0,"한국생산제조학회 (NODE11498223, IF: 0.34)"
3098,2023,기계공학,634051144,김형준,1,0.0,"한국생산제조학회 (NODE11498223, IF: 0.34)"
3099,2023,기계공학,571025081,강정호,1,0.0,"한국생산제조학회 (NODE11498223, IF: 0.34)"
3100,2023,기계공학,211192242,김훈명,1,0.0,"한국생산제조학회 (NODE11498223, IF: 0.34)"
3101,2023,기계공학,545002702,이현석,1,0.0,"한국생산제조학회 (NODE11498224, IF: 0.34)"
3102,2023,기계공학,917135170,김신영,1,0.0,"한국기계가공학회 (NODE11498293, IF: 0.31)"
3103,2023,기계공학,288369150,차승훈,1,0.0,"한국기계가공학회 (NODE11498294, IF: 0.31)"
3104,2023,기계공학,701710033,임정식,1,0.0,"한국기계가공학회 (NODE11498294, IF: 0.31)"
3105,2023,기계공학,334063749,이창린,1,0.0,"한국기계가공학회 (NODE11498294, IF: 0.31)"
3106,2023,기계공학,888456623,이재신,1,0.0,"한국기계가공학회 (NODE11498295, IF: 0.31)"
3107,2023,기계공학,832927303,강진경,1,0.0,"한국기계가공학회 (NODE11498298, IF: 0.31)"
3108,2023,기계공학,535653634,유영락,1,0.0,"한국기계가공학회 (NODE11498298, IF: 0.31)"
3109,2023,기계공학,103433399,박규태,1,0.0,"한국기계가공학회 (NODE11498298, IF: 0.31)"
3110,2023,기계공학,806731153,김제현,1,0.0,"한국기계가공학회 (NODE11498299, IF: 0.31)"
3111,2023,기계공학,914365436,이화섭,1,0.0,"한국기계가공학회 (NODE11498301, IF: 0.31)"
3112,2023,기계공학,955256000,서동현,1,0.0,"한국기계가공학회 (NODE11498301, IF: 0.31)"
3113,2023,기계공학,5160424,이현호,1,0.0,"한국기계가공학회 (NODE11498301, IF: 0.31)"
3114,2023,기계공학,249266522,김진형,1,0.0,"한국기계가공학회 (NODE11498301, IF: 0.31)"
3115,2023,기계공학,568129278,Hi Chun Ahn,1,0.0,"한국기계가공학회 (NODE11498302, IF: 0.31)"
3116,2023,기계공학,600723496,박용우,1,0.0,"한국기계가공학회 (NODE11498303, IF: 0.31)"
3117,2023,기계공학,994961377,김남열,1,0.0,"한국기계가공학회 (NODE11498303, IF: 0.31)"
3118,2023,기계공학,788082214,김지관,1,0.0,"한국기계가공학회 (NODE11498304, IF: 0.31)"
3119,2023,기계공학,208196125,Shanshan He,1,0.0,"한국기계가공학회 (NODE11498306, IF: 0.31)"
3120,2023,기계공학,756804981,이항수,1,0.0,"대한기계학회 (NODE11517722, IF: 0.36)"
3121,2023,기계공학,392160043,배병윤,1,0.0,"대한기계학회 (NODE11517722, IF: 0.36)"
3122,2023,기계공학,615297622,박종욱,1,0.0,"대한기계학회 (NODE11517723, IF: 0.36)"
3123,2023,기계공학,906080882,문호균,1,0.0,"대한기계학회 (NODE11517724, IF: 0.36)"
3124,2023,기계공학,658296805,장재환,1,0.0,"대한기계학회 (NODE11517724, IF: 0.36)"
3125,2023,기계공학,618764429,김우곤,1,0.0,"대한기계학회 (NODE11517724, IF: 0.36)"
3126,2023,기계공학,307758705,김영흡,1,0.0,"대한기계학회 (NODE11517725, IF: 0.36)"
3127,2023,기계공학,950581161,유선중,1,0.0,"대한기계학회 (NODE11517725, IF: 0.36)"
3128,2023,기계공학,609060814,김한,1,0.0,"대한기계학회 (NODE11517725, IF: 0.36)"
3129,2023,기계공학,985107111,강신길,1,0.0,"대한기계학회 (NODE11517725, IF: 0.36)"
3130,2023,기계공학,337592216,이강수,1,0.0,"대한기계학회 (NODE11517728, IF: 0.36)"
3131,2023,기계공학,617950868,노현정,1,0.0,"한국에너지기후변화학회 (NODE11647065, IF: 0.28)"
3132,2023,기계공학,368472310,강관구,1,0.0,"한국에너지기후변화학회 (NODE11647065, IF: 0.28)"
3133,2023,기계공학,793492119,허철,1,0.0,"한국에너지기후변화학회 (NODE11647065, IF: 0.28)"
3134,2023,기계공학,416782920,이호섭,1,0.0,"한국에너지기후변화학회 (NODE11647065, IF: 0.28)"
3135,2023,기계공학,388667871,이승현,1,0.0,"한국에너지기후변화학회 (NODE11647066, IF: 0.28)"
3136,2023,기계공학,382048933,노태민,1,0.0,"한국에너지기후변화학회 (NODE11647066, IF: 0.28)"
3137,2023,기계공학,2200230,유재호,1,0.0,"한국에너지기후변화학회 (NODE11647066, IF: 0.28)"
3138,2023,기계공학,352345990,강성민,1,0.0,"한국에너지기후변화학회 (NODE11647066, IF: 0.28)"
3139,2023,기계공학,64809,전의찬,1,0.0,"한국에너지기후변화학회 (NODE11647066, IF: 0.28)"
3140,2023,기계공학,593259019,강태진,1,0.0,"한국에너지기후변화학회 (NODE11647067, IF: 0.28)"
3141,2023,기계공학,616653388,이예지,1,0.0,"한국에너지기후변화학회 (NODE11647067, IF: 0.28)"
3142,2023,기계공학,236809869,박노국,1,0.0,"한국에너지기후변화학회 (NODE11647067, IF: 0.28)"
3143,2023,기계공학,458070226,이수출,1,0.0,"한국에너지기후변화학회 (NODE11647067, IF: 0.28)"
3144,2023,기계공학,164223345,최병철,1,0.0,"한국에너지기후변화학회 (NODE11647067, IF: 0.28)"
3145,2023,기계공학,751619044,전도만,1,0.0,"한국에너지기후변화학회 (NODE11647067, IF: 0.28)"
3146,2023,기계공학,930424849,강석환,1,0.0,"한국에너지기후변화학회 (NODE11647067, IF: 0.28)"
3147,2023,기계공학,718177858,문은진,1,0.0,"한국에너지기후변화학회 (NODE11647068, IF: 0.28)"
3148,2023,기계공학,913317180,박철,1,0.0,"한국에너지기후변화학회 (NODE11647068, IF: 0.28)"
3149,2023,기계공학,254946542,김지현,1,0.0,"한국에너지기후변화학회 (NODE11647069, IF: 0.28)"
3150,2023,기계공학,899643023,류재홍,1,0.0,"한국에너지기후변화학회 (NODE11647069, IF: 0.28)"
3151,2023,기계공학,627568789,강경찬,1,0.0,"한국에너지기후변화학회 (NODE11647071, IF: 0.28)"
3152,2023,기계공학,441424192,최동섭,1,0.0,"한국에너지기후변화학회 (NODE11647072, IF: 0.28)"
3153,2023,기계공학,920658508,김나연,1,0.0,"한국에너지기후변화학회 (NODE11647072, IF: 0.28)"
3154,2023,기계공학,709545664,허승헌,1,0.0,"한국에너지기후변화학회 (NODE11647072, IF: 0.28)"
3155,2023,기계공학,926427049,김덕우,1,0.0,"한국에너지기후변화학회 (NODE11647072, IF: 0.28)"
3156,2023,기계공학,156544486,주지봉,1,0.0,"한국에너지기후변화학회 (NODE11647072, IF: 0.28)"
3157,2023,기계공학,235851354,이동욱,1,0.0,"한국에너지기후변화학회 (NODE11647074, IF: 0.28)"
3158,2023,기계공학,817204784,강기준,1,0.0,"한국에너지기후변화학회 (NODE11647074, IF: 0.28)"
3159,2023,기계공학,243887513,이진향,1,0.0,"한국에너지기후변화학회 (NODE11647074, IF: 0.28)"
3160,2023,기계공학,540186097,최성식,1,0.0,"한국에너지기후변화학회 (NODE11647078, IF: 0.28)"
3161,2023,기계공학,829409850,이근형,1,0.0,"한국에너지기후변화학회 (NODE11647078, IF: 0.28)"
3162,2023,기계공학,851810911,박재범,1,0.0,"한국에너지기후변화학회 (NODE11647078, IF: 0.28)"
3163,2023,기계공학,477194775,김기영,1,0.0,"한국에너지기후변화학회 (NODE11647078, IF: 0.28)"
3164,2023,기계공학,313513698,한병길,1,0.0,"한국에너지기후변화학회 (NODE11647078, IF: 0.28)"
3165,2023,기계공학,321161646,정시환,1,0.0,"한국에너지기후변화학회 (NODE11647078, IF: 0.28)"
3166,2023,기계공학,279816628,오세운,1,0.0,"한국에너지기후변화학회 (NODE11647078, IF: 0.28)"
3167,2023,기계공학,303857585,김재훈,1,0.0,"한국에너지기후변화학회 (NODE11647078, IF: 0.28)"
3168,2023,기계공학,597459065,김미성,1,0.0,"한국에너지기후변화학회 (NODE11647078, IF: 0.28)"
3169,2023,기계공학,424917472,현건웅,1,0.0,"한국에너지기후변화학회 (NODE11647079, IF: 0.28)"
3170,2023,기계공학,330152318,이기쁨,1,0.0,"한국에너지기후변화학회 (NODE11647079, IF: 0.28)"
3171,2023,기계공학,965895094,홍범의,1,0.0,"한국에너지기후변화학회 (NODE11647079, IF: 0.28)"
3172,2023,기계공학,320872824,양회관,1,0.0,"대한기계학회 (NODE11220793, IF: 0.36)"
3173,2023,기계공학,210813454,조윤수,1,0.0,"대한기계학회 (NODE11220796, IF: 0.36)"
3174,2023,기계공학,329470045,송시몬,1,0.0,"대한기계학회 (NODE11220798, IF: 0.36)"
3175,2023,기계공학,373707653,정영수,1,0.0,"대한기계학회 (NODE11220799, IF: 0.36)"
3176,2023,기계공학,319439689,김형수,1,0.0,"대한기계학회 (NODE11220801, IF: 0.36)"
3177,2023,기계공학,653253549,김대겸,1,0.0,"대한기계학회 (NODE11220802, IF: 0.36)"
3178,2023,기계공학,114115,이민형,1,0.0,"대한기계학회 (NODE11220802, IF: 0.36)"
3179,2023,기계공학,266107160,김도현,1,0.0,"대한기계학회 (NODE11220802, IF: 0.36)"
3180,2023,기계공학,127726075,김원정,1,0.0,"대한기계학회 (NODE11220803, IF: 0.36)"
3181,2023,기계공학,299605905,경우민,1,0.0,"한국자동차공학회 (NODE11221979, IF: 0.41)"
3182,2023,기계공학,878023243,이병권,1,0.0,"한국소음진동공학회 (NODE11228994, IF: 0.52)"
3183,2023,기계공학,730496901,신혜경,1,0.0,"한국소음진동공학회 (NODE11228995, IF: 0.52)"
3184,2023,기계공학,430553635,서영준,1,0.0,"한국소음진동공학회 (NODE11228996, IF: 0.52)"
3185,2023,기계공학,159167317,윤철영,1,0.0,"한국소음진동공학회 (NODE11228996, IF: 0.52)"
3186,2023,기계공학,692953526,전용재,1,0.0,"Korean Society for Precision Engineering (NODE11406247, IF: 0.00)"
3187,2023,기계공학,141127612,최영운,1,0.0,"Korean Society for Precision Engineering (NODE11406247, IF: 0.00)"
3188,2023,기계공학,378916019,이현승,1,0.0,"Korean Society for Precision Engineering (NODE11406248, IF: 0.00)"
3189,2023,기계공학,189320672,손세호,1,0.0,"Korean Society for Precision Engineering (NODE11406248, IF: 0.00)"
3190,2023,기계공학,907790511,정다연,1,0.0,"Korean Society for Precision Engineering (NODE11406248, IF: 0.00)"
3191,2023,기계공학,430999768,전병찬,1,0.0,"Korean Society for Precision Engineering (NODE11406248, IF: 0.00)"
3192,2023,기계공학,866163783,최성진,1,0.0,"Korean Society for Precision Engineering (NODE11406249, IF: 0.00)"
3193,2023,기계공학,619467544,오준영,1,0.0,"Korean Society for Precision Engineering (NODE11406249, IF: 0.00)"
3194,2023,기계공학,618253480,김진서,1,0.0,"Korean Society for Precision Engineering (NODE11406249, IF: 0.00)"
3195,2023,기계공학,623136365,이상경,1,0.0,"Korean Society for Precision Engineering (NODE11406249, IF: 0.00)"
3196,2023,기계공학,813111337,이성근,1,0.0,"Korean Society for Precision Engineering (NODE11406250, IF: 0.00)"
3197,2023,기계공학,268888315,정규환,1,0.0,"Korean Society for Precision Engineering (NODE11406255, IF: 0.00)"
3198,2023,기계공학,5166524,김찬호,1,0.0,"Korean Society for Precision Engineering (NODE11406256, IF: 0.00)"
3199,2023,기계공학,352318434,최진규,1,0.0,"Korean Society for Precision Engineering (NODE11406257, IF: 0.00)"
3200,2023,기계공학,778672718,이석순,1,0.0,"Korean Society for Precision Engineering (NODE11406257, IF: 0.00)"
3201,2023,기계공학,793800539,이정한,1,0.0,"Korean Society for Precision Engineering (NODE11406258, IF: 0.00)"
3202,2023,기계공학,747084119,박범순,1,0.0,"Korean Society for Precision Engineering (NODE11406258, IF: 0.00)"
3203,2023,기계공학,891044,박현국,1,0.0,"Korean Society for Precision Engineering (NODE11406258, IF: 0.00)"
3204,2023,기계공학,547420712,박재철,1,0.0,"Korean Society for Precision Engineering (NODE11406258, IF: 0.00)"
3205,2023,기계공학,591903265,김진,1,0.0,"Korean Society for Precision Engineering (NODE11406259, IF: 0.00)"
3206,2023,기계공학,387664317,Jae Won Heo,1,0.0,"한국마린엔지니어링학회 (NODE11406260, IF: 0.23)"
3207,2023,기계공학,265980782,최윤환,1,0.0,"한국마린엔지니어링학회 (NODE11406260, IF: 0.23)"
3208,2023,기계공학,725079841,Sung Hun Kim,1,0.0,"한국마린엔지니어링학회 (NODE11406260, IF: 0.23)"
3209,2023,기계공학,765738334,Seung Hyeon Lee,1,0.0,"한국마린엔지니어링학회 (NODE11406260, IF: 0.23)"
3210,2023,기계공학,141191783,Hong Young Choi,1,0.0,"한국마린엔지니어링학회 (NODE11406260, IF: 0.23)"
3211,2023,기계공학,752420,유동인,1,0.0,"한국마린엔지니어링학회 (NODE11406260, IF: 0.23)"
3212,2023,기계공학,338417743,이연원,1,0.0,"한국마린엔지니어링학회 (NODE11406260, IF: 0.23)"
3213,2023,기계공학,560474035,Danh Khoa Nguyen,1,0.0,"한국마린엔지니어링학회 (NODE11406261, IF: 0.23)"
3214,2023,기계공학,317497678,Cong Toai Truong,1,0.0,"한국마린엔지니어링학회 (NODE11406261, IF: 0.23)"
3215,2023,기계공학,949870310,Van Tu Duong,1,0.0,"한국마린엔지니어링학회 (NODE11406261, IF: 0.23)"
3216,2023,기계공학,279804133,Huy Hung Nguyen,1,0.0,"한국마린엔지니어링학회 (NODE11406261, IF: 0.23)"
3217,2023,기계공학,368512695,Tan Tien Nguyen,1,0.0,"한국마린엔지니어링학회 (NODE11406261, IF: 0.23)"
3218,2023,기계공학,138553496,Koangyong Hyun,1,0.0,"한국마린엔지니어링학회 (NODE11406262, IF: 0.23)"
3219,2023,기계공학,350220,박수현,1,0.0,"한국마린엔지니어링학회 (NODE11406263, IF: 0.23)"
3220,2023,기계공학,572222002,이준휘,1,0.0,"한국마린엔지니어링학회 (NODE11406263, IF: 0.23)"
3221,2023,기계공학,514741208,Joo-Eun Park,1,0.0,"한국마린엔지니어링학회 (NODE11406263, IF: 0.23)"
3222,2023,기계공학,278881009,Se-Hun Park,1,0.0,"한국마린엔지니어링학회 (NODE11406263, IF: 0.23)"
3223,2023,기계공학,921616838,Su Eun Youn,1,0.0,"한국마린엔지니어링학회 (NODE11406263, IF: 0.23)"
3224,2023,기계공학,751698548,Ji-Yeon Ha,1,0.0,"한국마린엔지니어링학회 (NODE11406264, IF: 0.23)"
3225,2023,기계공학,757279365,서동욱,1,0.0,"한국마린엔지니어링학회 (NODE11406264, IF: 0.23)"
3226,2023,기계공학,346047545,장지호,1,0.0,"한국소음진동공학회 (NODE11474929, IF: 0.52)"
3227,2023,기계공학,804121947,윤종필,1,0.0,"(사)한국CDE학회 (NODE11513742, IF: 1.01)"
3228,2023,기계공학,750988851,김구영,1,0.0,"(사)한국CDE학회 (NODE11513742, IF: 1.01)"
3229,2023,기계공학,715410378,이창하,1,0.0,"(사)한국CDE학회 (NODE11513742, IF: 1.01)"
3230,2023,기계공학,975776198,마흐디,1,0.0,"(사)한국CDE학회 (NODE11513742, IF: 1.01)"
3231,2023,기계공학,534213911,노상도,1,0.0,"(사)한국CDE학회 (NODE11513742, IF: 1.01)"
3232,2023,기계공학,583550873,손영진,1,0.0,"(사)한국CDE학회 (NODE11513748, IF: 1.01)"
3233,2023,기계공학,548349819,김재성,1,0.0,"(사)한국CDE학회 (NODE11513748, IF: 1.01)"
3234,2023,기계공학,430147277,김대기,1,0.0,"(사)한국CDE학회 (NODE11513748, IF: 1.01)"
3235,2023,기계공학,218601441,강경애,1,0.0,"(사)한국CDE학회 (NODE11513748, IF: 1.01)"
3236,2023,기계공학,645560365,심광보,1,0.0,"(사)한국CDE학회 (NODE11513749, IF: 1.01)"
3237,2023,기계공학,809069078,강진환,1,0.0,"(사)한국CDE학회 (NODE11513749, IF: 1.01)"
3238,2023,기계공학,601408304,유우식,1,0.0,"(사)한국CDE학회 (NODE11513749, IF: 1.01)"
3239,2023,기계공학,853889184,박건욱,1,0.0,"(사)한국CDE학회 (NODE11513750, IF: 1.01)"
3240,2023,기계공학,739123082,신비,1,0.0,"(사)한국CDE학회 (NODE11513750, IF: 1.01)"
3241,2023,기계공학,144318015,김성미,1,0.0,"(사)한국CDE학회 (NODE11513750, IF: 1.01)"
3242,2023,기계공학,686256816,유재홍,1,0.0,"(사)한국CDE학회 (NODE11513751, IF: 1.01)"
3243,2023,기계공학,736465842,양정삼,1,0.0,"(사)한국CDE학회 (NODE11513751, IF: 1.01)"
3244,2023,기계공학,747992268,김승빈,1,0.0,"대한기계학회 (NODE11513842, IF: 0.36)"
3245,2023,기계공학,988489663,이용석,1,0.0,"대한기계학회 (NODE11513842, IF: 0.36)"
3246,2023,기계공학,217528,장기종,1,0.0,"대한기계학회 (NODE11513845, IF: 0.36)"
3247,2023,기계공학,761120072,고용권,1,0.0,"대한기계학회 (NODE11513845, IF: 0.36)"
3248,2023,기계공학,873355723,권장순,1,0.0,"대한기계학회 (NODE11513845, IF: 0.36)"
3249,2023,기계공학,536967804,박상희,1,0.0,"대한기계학회 (NODE11513845, IF: 0.36)"
3250,2023,기계공학,851644506,석진혁,1,0.0,"대한기계학회 (NODE11513846, IF: 0.36)"
3251,2023,기계공학,703564238,이한빛,1,0.0,"대한기계학회 (NODE11513846, IF: 0.36)"
3252,2023,기계공학,126781413,이병종,1,0.0,"대한기계학회 (NODE11513847, IF: 0.36)"
3253,2023,기계공학,347256034,진성은,1,0.0,"대한기계학회 (NODE11513851, IF: 0.36)"
3254,2023,기계공학,768172538,김성국,1,0.0,"대한기계학회 (NODE11513851, IF: 0.36)"
3255,2023,기계공학,438614278,이공희,1,0.0,"대한기계학회 (NODE11513851, IF: 0.36)"
3256,2023,기계공학,587728263,윤의열,1,0.0,"대한기계학회 (NODE11513851, IF: 0.36)"
3257,2023,기계공학,234642192,장인경,1,0.0,"대한기계학회 (NODE11513852, IF: 0.36)"
3258,2023,기계공학,523680595,이상훈,1,0.0,"대한기계학회 (NODE11513852, IF: 0.36)"
3259,2023,기계공학,304073565,류세현,1,0.0,"대한기계학회 (NODE11342464, IF: 0.36)"
3260,2023,기계공학,721508069,현철호,1,0.0,"대한기계학회 (NODE11342464, IF: 0.36)"
3261,2023,기계공학,495943112,김재환,1,0.0,"대한기계학회 (NODE11342465, IF: 0.36)"
3262,2023,기계공학,659363112,박태춘,1,0.0,"대한기계학회 (NODE11342465, IF: 0.36)"
3263,2023,기계공학,591462339,이충곤,1,0.0,"한국소음진동공학회 (NODE11528599, IF: 0.52)"
3264,2023,기계공학,177311742,손정우,1,0.0,"한국소음진동공학회 (NODE11528599, IF: 0.52)"
3265,2023,기계공학,808105317,정지훈,1,0.0,"한국소음진동공학회 (NODE11528600, IF: 0.52)"
3266,2023,기계공학,220308112,김경남,1,0.0,"한국소음진동공학회 (NODE11528601, IF: 0.52)"
3267,2023,기계공학,465425019,용형석,1,0.0,"한국소음진동공학회 (NODE11528602, IF: 0.52)"
3268,2023,기계공학,498012421,황희재,1,0.0,"한국소음진동공학회 (NODE11528603, IF: 0.52)"
3269,2023,기계공학,448734176,장성민,1,0.0,"한국소음진동공학회 (NODE11528607, IF: 0.52)"
3270,2023,기계공학,185265213,박윤진,1,0.0,"대한설비공학회 (NODE11409410, IF: 0.26)"
3271,2023,기계공학,190629664,한태환,1,0.0,"대한설비공학회 (NODE11409410, IF: 0.26)"
3272,2023,기계공학,699210636,우창호,1,0.0,"대한설비공학회 (NODE11409411, IF: 0.26)"
3273,2023,기계공학,897628338,신일용,1,0.0,"대한설비공학회 (NODE11409411, IF: 0.26)"
3274,2023,기계공학,362823084,한진백,1,0.0,"한국자동차공학회 (NODE11408276, IF: 0.41)"
3275,2023,기계공학,429633825,김승훈,1,0.0,"한국자동차공학회 (NODE11408278, IF: 0.41)"
3276,2023,기계공학,841909756,송한호,1,0.0,"한국자동차공학회 (NODE11408279, IF: 0.41)"
3277,2023,기계공학,138914691,황지혜,1,0.0,"한국자동차공학회 (NODE11408286, IF: 0.41)"
3278,2023,기계공학,833644750,김준엽,1,0.0,"한국자동차공학회 (NODE11408286, IF: 0.41)"
3279,2023,기계공학,403452724,정문규,1,0.0,"한국자동차공학회 (NODE11408286, IF: 0.41)"
3280,2023,기계공학,651524161,이영준,1,0.0,"대한설비공학회 (NODE11409412, IF: 0.26)"
3281,2023,기계공학,952388634,안장성,1,0.0,"대한설비공학회 (NODE11409412, IF: 0.26)"
3282,2023,기계공학,131239614,임칠호,1,0.0,"대한설비공학회 (NODE11409413, IF: 0.26)"
3283,2023,기계공학,5139670,우완식,1,0.0,"한국기계가공학회 (NODE11563261, IF: 0.31)"
3284,2023,기계공학,745399184,이호진,1,0.0,"한국기계가공학회 (NODE11563261, IF: 0.31)"
3285,2023,기계공학,572274808,길영욱,1,0.0,"한국기계가공학회 (NODE11563262, IF: 0.31)"
3286,2023,기계공학,208423400,장정서,1,0.0,"한국기계가공학회 (NODE11563264, IF: 0.31)"
3287,2023,기계공학,699264262,박민재,1,0.0,"한국기계가공학회 (NODE11563264, IF: 0.31)"
3288,2023,기계공학,623472227,김민서,1,0.0,"한국기계가공학회 (NODE11563264, IF: 0.31)"
3289,2023,기계공학,385495019,이주형,1,0.0,"한국기계가공학회 (NODE11563264, IF: 0.31)"
3290,2023,기계공학,109899642,이기삼,1,0.0,"한국기계가공학회 (NODE11563265, IF: 0.31)"
3291,2023,기계공학,768819490,양동희,1,0.0,"한국기계가공학회 (NODE11563266, IF: 0.31)"
3292,2023,기계공학,407910612,임묘택,1,0.0,"한국기계가공학회 (NODE11563267, IF: 0.31)"
3293,2023,기계공학,688326380,이영태,1,0.0,"한국기계가공학회 (NODE11563268, IF: 0.31)"
3294,2023,기계공학,746677384,박성호,1,0.0,"한국기계가공학회 (NODE11563269, IF: 0.31)"
3295,2023,기계공학,833439445,손민석,1,0.0,"한국기계가공학회 (NODE11563270, IF: 0.31)"
3296,2023,기계공학,804144475,Dong-Hyun Lee,1,0.0,"한국기계가공학회 (NODE11563270, IF: 0.31)"
3297,2023,기계공학,390405782,김성연,1,0.0,"한국기계가공학회 (NODE11563272, IF: 0.31)"
3298,2023,기계공학,172653115,최재완,1,0.0,"한국기계가공학회 (NODE11563272, IF: 0.31)"
3299,2023,기계공학,732076084,정동일,1,0.0,"한국기계가공학회 (NODE11563273, IF: 0.31)"
3300,2023,기계공학,361826016,김태환,1,0.0,"한국기계가공학회 (NODE11563273, IF: 0.31)"
3301,2023,기계공학,957939342,Son Van Nguyen,1,0.0,"한국기계가공학회 (NODE11563274, IF: 0.31)"
3302,2023,기계공학,270674107,Shichen Li,1,0.0,"한국기계가공학회 (NODE11563274, IF: 0.31)"
3303,2023,기계공학,397028853,이봉기,1,0.0,"한국기계가공학회 (NODE11563274, IF: 0.31)"
3304,2023,기계공학,812852792,Yan Linn Aung,1,0.0,"한국기계가공학회 (NODE11563277, IF: 0.31)"
3305,2023,기계공학,822866572,Woo-Seong Che,1,0.0,"한국기계가공학회 (NODE11563277, IF: 0.31)"
3306,2023,기계공학,313042608,길형배,1,0.0,"한국기계연구원 (NODE11567030, IF: 0.00)"
3307,2023,기계공학,749862192,이승열,1,0.0,"한국항공협회 (NODE11989852, IF: 0.00)"
3308,2023,기계공학,543146644,김영천,1,0.0,"한국항공협회 (NODE11989854, IF: 0.00)"
3309,2023,기계공학,492385473,서일수,1,0.0,"한국항공협회 (NODE11989854, IF: 0.00)"
3310,2023,기계공학,987787711,박원태,1,0.0,"한국항공협회 (NODE11989854, IF: 0.00)"
3311,2023,기계공학,189644694,성연영,1,0.0,"한국항공협회 (NODE11989854, IF: 0.00)"
3312,2023,기계공학,709550129,변해윤,1,0.0,"한국항공협회 (NODE11989855, IF: 0.00)"
3313,2023,기계공학,312520900,정하걸,1,0.0,"한국항공협회 (NODE11989855, IF: 0.00)"
3314,2023,기계공학,155913596,황호원,1,0.0,"한국항공협회 (NODE11989855, IF: 0.00)"
3315,2023,기계공학,299448125,김태욱,1,0.0,"한국항공협회 (NODE11989857, IF: 0.00)"
3316,2023,기계공학,580239864,임홍묵,1,0.0,"한국항공협회 (NODE11989858, IF: 0.00)"
3317,2023,기계공학,776668813,이득순,1,0.0,"한국항공협회 (NODE11989859, IF: 0.00)"
3318,2023,기계공학,2193329,정준우,1,0.0,"한국연소학회 (NODE11549774, IF: 1.09)"
3319,2023,기계공학,822152032,조내수,1,0.0,"Korean Society for Precision Engineering (NODE11420840, IF: 0.00)"
3320,2023,기계공학,115585775,오태호,1,0.0,"Korean Society for Precision Engineering (NODE11420840, IF: 0.00)"
3321,2023,기계공학,531628660,권우현,1,0.0,"Korean Society for Precision Engineering (NODE11420840, IF: 0.00)"
3322,2023,기계공학,538545875,이정호,1,0.0,"Korean Society for Precision Engineering (NODE11420840, IF: 0.00)"
3323,2023,기계공학,533878385,윤철,1,0.0,"Korean Society for Precision Engineering (NODE11420840, IF: 0.00)"
3324,2023,기계공학,200146137,권석진,1,0.0,"Korean Society for Precision Engineering (NODE11420841, IF: 0.00)"
3325,2023,기계공학,856494262,서정원,1,0.0,"Korean Society for Precision Engineering (NODE11420841, IF: 0.00)"
3326,2023,기계공학,367503627,함영삼,1,0.0,"Korean Society for Precision Engineering (NODE11420841, IF: 0.00)"
3327,2023,기계공학,5432132,함중규,1,0.0,"Korean Society for Precision Engineering (NODE11420842, IF: 0.00)"
3328,2023,기계공학,820360358,강종균,1,0.0,"Korean Society for Precision Engineering (NODE11420842, IF: 0.00)"
3329,2023,기계공학,273649751,맹환호,1,0.0,"Korean Society for Precision Engineering (NODE11420842, IF: 0.00)"
3330,2023,기계공학,901947976,전민우,1,0.0,"Korean Society for Precision Engineering (NODE11420842, IF: 0.00)"
3331,2023,기계공학,105927088,한준세,1,0.0,"Korean Society for Precision Engineering (NODE11420842, IF: 0.00)"
3332,2023,기계공학,713243763,심종근,1,0.0,"Korean Society for Precision Engineering (NODE11420842, IF: 0.00)"
3333,2023,기계공학,926027695,명태식,1,0.0,"Korean Society for Precision Engineering (NODE11420842, IF: 0.00)"
3334,2023,기계공학,675748070,박영덕,1,0.0,"Korean Society for Precision Engineering (NODE11420842, IF: 0.00)"
3335,2023,기계공학,788984117,김건희,1,0.0,"Korean Society for Precision Engineering (NODE11420842, IF: 0.00)"
3336,2023,기계공학,963909518,박우현,1,0.0,"Korean Society for Precision Engineering (NODE11420843, IF: 0.00)"
3337,2023,기계공학,311422833,김재환,1,0.0,"Korean Society for Precision Engineering (NODE11420843, IF: 0.00)"
3338,2023,기계공학,807744110,김민석,1,0.0,"Korean Society for Precision Engineering (NODE11420843, IF: 0.00)"
3339,2023,기계공학,881085409,이규익,1,0.0,"Korean Society for Precision Engineering (NODE11420844, IF: 0.00)"
3340,2023,기계공학,874704580,이호원,1,0.0,"Korean Society for Precision Engineering (NODE11420844, IF: 0.00)"
3341,2023,기계공학,933431583,김규만,1,0.0,"Korean Society for Precision Engineering (NODE11420844, IF: 0.00)"
3342,2023,기계공학,653157475,김병섭,1,0.0,"Korean Society for Precision Engineering (NODE11420845, IF: 0.00)"
3343,2023,기계공학,233438231,노승국,1,0.0,"Korean Society for Precision Engineering (NODE11420845, IF: 0.00)"
3344,2023,기계공학,614459487,김재현,1,0.0,"Korean Society for Precision Engineering (NODE11420848, IF: 0.00)"
3345,2023,기계공학,795963436,강도환,1,0.0,"Korean Society for Precision Engineering (NODE11420848, IF: 0.00)"
3346,2023,기계공학,506728384,김석현,1,0.0,"Korean Society for Precision Engineering (NODE11420848, IF: 0.00)"
3347,2023,기계공학,987940497,김태건,1,0.0,"Korean Society for Precision Engineering (NODE11420849, IF: 0.00)"
3348,2023,기계공학,977523434,신광용,1,0.0,"Korean Society for Precision Engineering (NODE11420849, IF: 0.00)"
3349,2023,기계공학,176692272,이기용,1,0.0,"Korean Society for Precision Engineering (NODE11420849, IF: 0.00)"
3350,2023,기계공학,399314446,이동효,1,0.0,"Korean Society for Precision Engineering (NODE11420850, IF: 0.00)"
3351,2023,기계공학,466586613,한민용,1,0.0,"Korean Society for Precision Engineering (NODE11420851, IF: 0.00)"
3352,2023,기계공학,606261189,김효영,1,0.0,"Korean Society for Precision Engineering (NODE11420851, IF: 0.00)"
3353,2023,기계공학,694839004,고광인,1,0.0,"Korean Society for Precision Engineering (NODE11420851, IF: 0.00)"
3354,2023,기계공학,664054173,구교문,1,0.0,"Korean Society for Precision Engineering (NODE11420851, IF: 0.00)"
3355,2023,기계공학,561249174,기동주,1,0.0,"Korean Society for Precision Engineering (NODE11420851, IF: 0.00)"
3356,2023,기계공학,329524356,조희흥,1,0.0,"대한기계학회 (NODE11622482, IF: 0.36)"
3357,2023,기계공학,213288809,구르반,1,0.0,"대한기계학회 (NODE11622482, IF: 0.36)"
3358,2023,기계공학,956834975,김정엽,1,0.0,"대한기계학회 (NODE11622482, IF: 0.36)"
3359,2023,기계공학,978461764,곽효서,1,0.0,"대한기계학회 (NODE11622483, IF: 0.36)"
3360,2023,기계공학,604553985,신승천,1,0.0,"대한기계학회 (NODE11622484, IF: 0.36)"
3361,2023,기계공학,489427943,김평수,1,0.0,"대한기계학회 (NODE11622485, IF: 0.36)"
3362,2023,기계공학,617127004,윤예솔,1,0.0,"대한기계학회 (NODE11622487, IF: 0.36)"
3363,2023,기계공학,693665450,박익제,1,0.0,"대한기계학회 (NODE11622487, IF: 0.36)"
3364,2023,기계공학,879520746,최광덕,1,0.0,"대한기계학회 (NODE11622487, IF: 0.36)"
3365,2023,기계공학,921284593,김남균,1,0.0,"대한기계학회 (NODE11622487, IF: 0.36)"
3366,2023,기계공학,139384200,이상규,1,0.0,"대한기계학회 (NODE11622488, IF: 0.36)"
3367,2023,기계공학,518488306,이승규,1,0.0,"대한기계학회 (NODE11622489, IF: 0.36)"
3368,2023,기계공학,690777657,한장우,1,0.0,"대한기계학회 (NODE11622490, IF: 0.36)"
3369,2023,기계공학,777849330,김신호,1,0.0,"대한기계학회 (NODE11622490, IF: 0.36)"
3370,2023,기계공학,730164570,김준식,1,0.0,"대한기계학회 (NODE11622490, IF: 0.36)"
3371,2023,기계공학,340610847,권현식,1,0.0,"대한기계학회 (NODE11622492, IF: 0.36)"
3372,2023,기계공학,800870592,정승현,1,0.0,"대한기계학회 (NODE11622493, IF: 0.36)"
3373,2023,기계공학,435379239,정한식,1,0.0,"대한기계학회 (NODE11622494, IF: 0.36)"
3374,2023,기계공학,744884736,김종인,1,0.0,"대한기계학회 (NODE11622494, IF: 0.36)"
3375,2023,기계공학,131213825,박지훈,1,0.0,"한국항공우주학회 (NODE11622558, IF: 0.40)"
3376,2023,기계공학,594018410,정범강,1,0.0,"한국항공우주학회 (NODE11622559, IF: 0.40)"
3377,2023,기계공학,835805,이열,1,0.0,"한국항공우주학회 (NODE11622559, IF: 0.40)"
3378,2023,기계공학,131837717,김상훈,1,0.0,"한국항공우주학회 (NODE11622560, IF: 0.40)"
3379,2023,기계공학,421357440,박웅휘,1,0.0,"한국항공우주학회 (NODE11622560, IF: 0.40)"
3380,2023,기계공학,765708033,전은지,1,0.0,"한국항공우주학회 (NODE11622560, IF: 0.40)"
3381,2023,기계공학,996193804,정태민,1,0.0,"한국항공우주학회 (NODE11622561, IF: 0.40)"
3382,2023,기계공학,534977046,이관중,1,0.0,"한국항공우주학회 (NODE11622561, IF: 0.40)"
3383,2023,기계공학,462534586,정승희,1,0.0,"한국항공우주학회 (NODE11622562, IF: 0.40)"
3384,2023,기계공학,549339231,박정근,1,0.0,"한국항공우주학회 (NODE11622562, IF: 0.40)"
3385,2023,기계공학,725582969,강태삼,1,0.0,"한국항공우주학회 (NODE11622562, IF: 0.40)"
3386,2023,기계공학,882343238,김동구,1,0.0,"한국항공우주학회 (NODE11622563, IF: 0.40)"
3387,2023,기계공학,118422528,이은지,1,0.0,"한국항공우주학회 (NODE11622563, IF: 0.40)"
3388,2023,기계공학,621628227,강우용,1,0.0,"한국항공우주학회 (NODE11622567, IF: 0.40)"
3389,2023,기계공학,611831103,유은지,1,0.0,"한국항공우주학회 (NODE11622568, IF: 0.40)"
3390,2023,기계공학,235831131,정윤영,1,0.0,"한국항공우주학회 (NODE11622568, IF: 0.40)"
3391,2023,기계공학,1583461,정헌주,1,0.0,"한국항공우주학회 (NODE11622568, IF: 0.40)"
3392,2023,기계공학,467292117,김도년,1,0.0,"대한기계학회 (NODE11624832, IF: 0.36)"
3393,2023,기계공학,562260667,양회관,1,0.0,"대한기계학회 (NODE11624832, IF: 0.36)"
3394,2023,기계공학,197807424,양승화,1,0.0,"대한기계학회 (NODE11624837, IF: 0.36)"
3395,2023,기계공학,394475445,엄길호,1,0.0,"대한기계학회 (NODE11624838, IF: 0.36)"
3396,2023,기계공학,438962,이지훈,1,0.0,"대한기계학회 (NODE11624839, IF: 0.36)"
3397,2023,기계공학,702892880,김재훈,1,0.0,"대한기계학회 (NODE11624839, IF: 0.36)"
3398,2023,기계공학,450898808,박형범,1,0.0,"대한기계학회 (NODE11624840, IF: 0.36)"
3399,2023,기계공학,211783967,김병조,1,0.0,"대한기계학회 (NODE11624841, IF: 0.36)"
3400,2023,기계공학,882248936,홍화영,1,0.0,"대한설비공학회 (NODE11409414, IF: 0.26)"
3401,2023,기계공학,443882945,Gene C. Nelson,1,0.0,"대한설비공학회 (NODE11409415, IF: 0.26)"
3402,2023,기계공학,913362543,최민준,1,0.0,"한국연소학회 (NODE11448130, IF: 1.09)"
3403,2023,기계공학,482771270,김강환,1,0.0,"한국연소학회 (NODE11448130, IF: 1.09)"
3404,2023,기계공학,559500377,김미진,1,0.0,"한국소음진동공학회 (NODE11474930, IF: 0.52)"
3405,2023,기계공학,553664961,김효영,1,0.0,"한국소음진동공학회 (NODE11474930, IF: 0.52)"
3406,2023,기계공학,803200506,김한얼,1,0.0,"한국기계가공학회 (NODE11343892, IF: 0.31)"
3407,2023,기계공학,909726418,김상유,1,0.0,"한국기계가공학회 (NODE11343893, IF: 0.31)"
3408,2023,기계공학,757113690,고정민,1,0.0,"한국기계가공학회 (NODE11343893, IF: 0.31)"
3409,2023,기계공학,631088527,김재열,1,0.0,"한국기계가공학회 (NODE11343893, IF: 0.31)"
3410,2023,기계공학,382972303,유관종,1,0.0,"한국기계가공학회 (NODE11343893, IF: 0.31)"
3411,2023,기계공학,261047411,고가진,1,0.0,"한국기계가공학회 (NODE11343893, IF: 0.31)"
3412,2023,기계공학,395293705,이민상,1,0.0,"한국기계가공학회 (NODE11343897, IF: 0.31)"
3413,2023,기계공학,812928987,최세웅,1,0.0,"한국기계가공학회 (NODE11343898, IF: 0.31)"
3414,2023,기계공학,662108964,노성훈,1,0.0,"한국기계가공학회 (NODE11343898, IF: 0.31)"
3415,2023,기계공학,963709914,김창언,1,0.0,"한국기계가공학회 (NODE11343899, IF: 0.31)"
3416,2023,기계공학,652334636,이영식,1,0.0,"한국기계가공학회 (NODE11343899, IF: 0.31)"
3417,2023,기계공학,382676669,정진홍,1,0.0,"대한설비공학회 (NODE11438211, IF: 0.26)"
3418,2023,기계공학,307261362,정우현,1,0.0,"대한설비공학회 (NODE11438212, IF: 0.26)"
3419,2023,기계공학,368627173,박민우,1,0.0,"대한설비공학회 (NODE11438214, IF: 0.26)"
3420,2023,기계공학,814886953,Asif Rabea,1,0.0,"대한설비공학회 (NODE11438214, IF: 0.26)"
3421,2023,기계공학,144943314,허종완,1,0.0,"대한설비공학회 (NODE11438214, IF: 0.26)"
3422,2023,기계공학,520402499,NOBUHIRO HIRASUGA,1,0.0,"대한설비공학회 (NODE11438215, IF: 0.26)"
3423,2023,기계공학,990855006,SHUN KATO,1,0.0,"대한설비공학회 (NODE11438215, IF: 0.26)"
3424,2023,기계공학,758118756,TAKASHI AKIMOTO,1,0.0,"대한설비공학회 (NODE11438215, IF: 0.26)"
3425,2023,기계공학,909910230,YU SAKAMOTO,1,0.0,"대한설비공학회 (NODE11438215, IF: 0.26)"
3426,2023,기계공학,788713905,무라카미 마사고,1,0.0,"대한설비공학회 (NODE11438216, IF: 0.26)"
3427,2023,기계공학,609545854,김태호,1,0.0,"한국유체기계학회 (NODE11438391, IF: 0.29)"
3428,2023,기계공학,499873836,문정민,1,0.0,"한국유체기계학회 (NODE11438391, IF: 0.29)"
3429,2023,기계공학,702065700,윤병조,1,0.0,"한국유체기계학회 (NODE11438391, IF: 0.29)"
3430,2023,기계공학,807212492,임원석,1,0.0,"한국유체기계학회 (NODE11438392, IF: 0.29)"
3431,2023,기계공학,588145032,이대희,1,0.0,"한국유체기계학회 (NODE11438392, IF: 0.29)"
3432,2023,기계공학,686401939,이아현,1,0.0,"한국유체기계학회 (NODE11438392, IF: 0.29)"
3433,2023,기계공학,832812292,조예림,1,0.0,"한국유체기계학회 (NODE11438392, IF: 0.29)"
3434,2023,기계공학,622666395,정진영,1,0.0,"한국유체기계학회 (NODE11438392, IF: 0.29)"
3435,2023,기계공학,4582201,장민준,1,0.0,"한국유체기계학회 (NODE11438393, IF: 0.29)"
3436,2023,기계공학,130213973,빈상은,1,0.0,"한국유체기계학회 (NODE11438394, IF: 0.29)"
3437,2023,기계공학,463777177,박한준,1,0.0,"한국유체기계학회 (NODE11438394, IF: 0.29)"
3438,2023,기계공학,172047735,성정모,1,0.0,"한국유체기계학회 (NODE11438394, IF: 0.29)"
3439,2023,기계공학,420109256,최웅철,1,0.0,"한국유체기계학회 (NODE11438394, IF: 0.29)"
3440,2023,기계공학,792967024,강효정,1,0.0,"한국유체기계학회 (NODE11438395, IF: 0.29)"
3441,2023,기계공학,526847757,조문성,1,0.0,"한국유체기계학회 (NODE11438395, IF: 0.29)"
3442,2023,기계공학,713473914,박세현,1,0.0,"한국유체기계학회 (NODE11438395, IF: 0.29)"
3443,2023,기계공학,347867412,전상진,1,0.0,"한국유체기계학회 (NODE11438395, IF: 0.29)"
3444,2023,기계공학,604493821,김정식,1,0.0,"한국유체기계학회 (NODE11438395, IF: 0.29)"
3445,2023,기계공학,998402514,이점우,1,0.0,"한국유체기계학회 (NODE11438395, IF: 0.29)"
3446,2023,기계공학,555730686,김형호,1,0.0,"한국유체기계학회 (NODE11438395, IF: 0.29)"
3447,2023,기계공학,105719067,하예진,1,0.0,"한국연소학회 (NODE11707760, IF: 1.09)"
3448,2023,기계공학,482545904,전준호,1,0.0,"한국연소학회 (NODE11707760, IF: 1.09)"
3449,2023,기계공학,631633325,강별,1,0.0,"한국연소학회 (NODE11707761, IF: 1.09)"
3450,2023,기계공학,348212359,류명호,1,0.0,"한국연소학회 (NODE11707761, IF: 1.09)"
3451,2023,기계공학,827097895,황정재,1,0.0,"한국연소학회 (NODE11707762, IF: 1.09)"
3452,2023,기계공학,520635254,김민국,1,0.0,"한국연소학회 (NODE11707762, IF: 1.09)"
3453,2023,기계공학,602222474,이원준,1,0.0,"한국연소학회 (NODE11707762, IF: 1.09)"
3454,2023,기계공학,889567037,민경욱,1,0.0,"한국연소학회 (NODE11707762, IF: 1.09)"
3455,2023,기계공학,281630692,강도원,1,0.0,"한국연소학회 (NODE11707762, IF: 1.09)"
3456,2023,기계공학,916315801,김한석,1,0.0,"한국연소학회 (NODE11707762, IF: 1.09)"
3457,2023,기계공학,637757535,김정현,1,0.0,"한국연소학회 (NODE11707765, IF: 1.09)"
3458,2023,기계공학,909101331,황인수,1,0.0,"대한기계학회 (NODE11203179, IF: 0.36)"
3459,2023,기계공학,247638274,김철민,1,0.0,"대한기계학회 (NODE11203180, IF: 0.36)"
3460,2023,기계공학,313933025,김기봉,1,0.0,"대한기계학회 (NODE11202914, IF: 0.36)"
3461,2023,기계공학,388361699,장기창,1,0.0,"대한기계학회 (NODE11202914, IF: 0.36)"
3462,2023,기계공학,440895756,왕은석,1,0.0,"대한기계학회 (NODE11202914, IF: 0.36)"
3463,2023,기계공학,101304509,나호상,1,0.0,"대한기계학회 (NODE11202914, IF: 0.36)"
3464,2023,기계공학,476994822,최봉수,1,0.0,"대한기계학회 (NODE11202914, IF: 0.36)"
3465,2023,기계공학,277939367,이길봉,1,0.0,"대한기계학회 (NODE11202914, IF: 0.36)"
3466,2023,기계공학,152252459,강호균,1,0.0,"대한기계학회 (NODE11202915, IF: 0.36)"
3467,2023,기계공학,789417834,박민규,1,0.0,"대한기계학회 (NODE11202915, IF: 0.36)"
3468,2023,기계공학,963231910,이주운,1,0.0,"대한기계학회 (NODE11202915, IF: 0.36)"
3469,2023,기계공학,693541504,조혁동,1,0.0,"대한기계학회 (NODE11202915, IF: 0.36)"
3470,2023,기계공학,825364257,김균태,1,0.0,"대한기계학회 (NODE11202916, IF: 0.36)"
3471,2023,기계공학,345666378,이기용,1,0.0,"대한기계학회 (NODE11202917, IF: 0.36)"
3472,2023,기계공학,865651048,이상염,1,0.0,"대한기계학회 (NODE11202918, IF: 0.36)"
3473,2023,기계공학,147986077,현중섭,1,0.0,"대한기계학회 (NODE11202918, IF: 0.36)"
3474,2023,기계공학,448188353,명주홍,1,0.0,"대한기계학회 (NODE11202918, IF: 0.36)"
3475,2023,기계공학,851259817,손종덕,1,0.0,"대한기계학회 (NODE11202918, IF: 0.36)"
3476,2023,기계공학,742869467,윤동석,1,0.0,"대한기계학회 (NODE11202919, IF: 0.36)"
3477,2023,기계공학,838240549,유원주,1,0.0,"대한기계학회 (NODE11202919, IF: 0.36)"
3478,2023,기계공학,295658783,이성우,1,0.0,"대한설비공학회 (NODE11202926, IF: 0.26)"
3479,2023,기계공학,828234374,이수진,1,0.0,"대한설비공학회 (NODE11202927, IF: 0.26)"
3480,2023,기계공학,100197400,이재희,1,0.0,"대한설비공학회 (NODE11202927, IF: 0.26)"
3481,2023,기계공학,355155946,진정탁,1,0.0,"대한설비공학회 (NODE11202928, IF: 0.26)"
3482,2023,기계공학,383192045,석윤진,1,0.0,"대한설비공학회 (NODE11202928, IF: 0.26)"
3483,2023,기계공학,377465220,조홍재,1,0.0,"대한설비공학회 (NODE11202928, IF: 0.26)"
3484,2023,기계공학,834712134,박동규,1,0.0,"대한기계학회 (NODE11202933, IF: 0.36)"
3485,2023,기계공학,854442067,김봉석,1,0.0,"대한기계학회 (NODE11202934, IF: 0.36)"
3486,2023,기계공학,477235968,안병호,1,0.0,"대한기계학회 (NODE11202935, IF: 0.36)"
3487,2023,기계공학,606103523,최대한,1,0.0,"대한기계학회 (NODE11202936, IF: 0.36)"
3488,2023,기계공학,127050957,구도헌,1,0.0,"대한기계학회 (NODE11202937, IF: 0.36)"
3489,2023,기계공학,780728167,성재범,1,0.0,"대한기계학회 (NODE11202937, IF: 0.36)"
3490,2023,기계공학,136602445,김건완,1,0.0,"대한기계학회 (NODE11202938, IF: 0.36)"
3491,2023,기계공학,999741803,최상수,1,0.0,"대한기계학회 (NODE11202941, IF: 0.36)"
3492,2023,기계공학,801605741,히웁하민,1,0.0,"대한기계학회 (NODE11202941, IF: 0.36)"
3493,2023,기계공학,977456657,탐레민,1,0.0,"대한기계학회 (NODE11202941, IF: 0.36)"
3494,2023,기계공학,841446280,퀜부투,1,0.0,"대한기계학회 (NODE11202941, IF: 0.36)"
3495,2023,기계공학,339427013,배원준,1,0.0,"대한기계학회 (NODE11202942, IF: 0.36)"
3496,2023,기계공학,232336778,김정환,1,0.0,"대한기계학회 (NODE11202942, IF: 0.36)"
3497,2023,기계공학,626249486,조승찬,1,0.0,"대한기계학회 (NODE11202942, IF: 0.36)"
3498,2023,기계공학,106983455,이상관,1,0.0,"대한기계학회 (NODE11202942, IF: 0.36)"
3499,2023,기계공학,152345272,조인식,1,0.0,"대한기계학회 (NODE11202943, IF: 0.36)"
3500,2023,기계공학,295424043,유효경,1,0.0,"대한기계학회 (NODE11202943, IF: 0.36)"
3501,2023,기계공학,949702821,구병춘,1,0.0,"대한기계학회 (NODE11202943, IF: 0.36)"
3502,2023,기계공학,828284246,김승재,1,0.0,"대한기계학회 (NODE11202944, IF: 0.36)"
3503,2023,기계공학,760354396,이국희,1,0.0,"대한기계학회 (NODE11202944, IF: 0.36)"
3504,2023,기계공학,121399954,강용석,1,0.0,"대한기계학회 (NODE11202944, IF: 0.36)"
3505,2023,기계공학,325144403,박기준,1,0.0,"대한기계학회 (NODE11202945, IF: 0.36)"
3506,2023,기계공학,344338525,임성진,1,0.0,"대한기계학회 (NODE11202945, IF: 0.36)"
3507,2023,기계공학,751598144,최민영,1,0.0,"대한기계학회 (NODE11202946, IF: 0.36)"
3508,2023,기계공학,218286764,최영진,1,0.0,"대한설비공학회 (NODE11227111, IF: 0.26)"
3509,2023,기계공학,824318202,배상환,1,0.0,"대한설비공학회 (NODE11227112, IF: 0.26)"
3510,2023,기계공학,328545496,유정연,1,0.0,"대한설비공학회 (NODE11227112, IF: 0.26)"
3511,2023,기계공학,306344909,성민기,1,0.0,"대한설비공학회 (NODE11227114, IF: 0.26)"
3512,2023,기계공학,1894440,박소우,1,0.0,"대한설비공학회 (NODE11227115, IF: 0.26)"
3513,2023,기계공학,741816621,임태규,1,0.0,"대한설비공학회 (NODE11227116, IF: 0.26)"
3514,2023,기계공학,368392029,박정수,1,0.0,"대한설비공학회 (NODE11227116, IF: 0.26)"
3515,2023,기계공학,305514152,이시와라 오사무,1,0.0,"대한설비공학회 (NODE11227118, IF: 0.26)"
3516,2023,기계공학,591894489,한국자동차공학회 사업팀,1,0.0,"한국자동차공학회 (NODE11640905, IF: 0.41)"
3517,2023,기계공학,505071265,이두호,1,0.0,"한국소음진동공학회 (NODE11716800, IF: 0.52)"
3518,2023,기계공학,986892408,김찬묵,1,0.0,"한국소음진동공학회 (NODE11716801, IF: 0.52)"
3519,2023,기계공학,579620230,김재환,1,0.0,"한국소음진동공학회 (NODE11716803, IF: 0.52)"
3520,2023,기계공학,878739115,이송준,1,0.0,"한국소음진동공학회 (NODE11716804, IF: 0.52)"
3521,2023,기계공학,437500879,김지언,1,0.0,"한국소음진동공학회 (NODE11716808, IF: 0.52)"
3522,2023,기계공학,303989886,현재엽,1,0.0,"한국소음진동공학회 (NODE11716810, IF: 0.52)"
3523,2023,기계공학,529811801,이권형,1,0.0,"한국소음진동공학회 (NODE11716811, IF: 0.52)"
3524,2023,기계공학,235317946,이용승,1,0.0,"한국소음진동공학회 (NODE11716811, IF: 0.52)"
3525,2023,기계공학,290778080,하성용,1,0.0,"한국자동차안전학회 (NODE11716838, IF: 0.34)"
3526,2023,기계공학,359076567,강규민,1,0.0,"한국자동차안전학회 (NODE11716839, IF: 0.34)"
3527,2023,기계공학,681004120,조아라,1,0.0,"한국자동차안전학회 (NODE11716840, IF: 0.34)"
3528,2023,기계공학,806589745,유진수,1,0.0,"한국자동차안전학회 (NODE11716840, IF: 0.34)"
3529,2023,기계공학,146190135,곽지섭,1,0.0,"한국자동차안전학회 (NODE11716840, IF: 0.34)"
3530,2023,기계공학,699847654,권우진,1,0.0,"한국자동차안전학회 (NODE11716840, IF: 0.34)"
3531,2023,기계공학,298170332,이재형,1,0.0,"한국자동차안전학회 (NODE11716841, IF: 0.34)"
3532,2023,기계공학,298756296,김송희,1,0.0,"한국자동차안전학회 (NODE11716841, IF: 0.34)"
3533,2023,기계공학,585595819,최지훈,1,0.0,"한국자동차안전학회 (NODE11716841, IF: 0.34)"
3534,2023,기계공학,215517486,손병래,1,0.0,"한국자동차안전학회 (NODE11716842, IF: 0.34)"
3535,2023,기계공학,734979234,박창신,1,0.0,"한국자동차안전학회 (NODE11716842, IF: 0.34)"
3536,2023,기계공학,647279595,류기현,1,0.0,"한국자동차안전학회 (NODE11716842, IF: 0.34)"
3537,2023,기계공학,5552626,이현미,1,0.0,"한국자동차안전학회 (NODE11716845, IF: 0.34)"
3538,2023,기계공학,700182098,이인식,1,0.0,"한국자동차안전학회 (NODE11716845, IF: 0.34)"
3539,2023,기계공학,581377302,이용주,1,0.0,"한국자동차안전학회 (NODE11716845, IF: 0.34)"
3540,2023,기계공학,105967185,장정아,1,0.0,"한국자동차안전학회 (NODE11716845, IF: 0.34)"
3541,2023,기계공학,304208383,김시우,1,0.0,"한국자동차안전학회 (NODE11716845, IF: 0.34)"
3542,2023,기계공학,788204352,심소정,1,0.0,"한국자동차안전학회 (NODE11716845, IF: 0.34)"
3543,2023,기계공학,998775014,최승규,1,0.0,"한국자동차안전학회 (NODE11716846, IF: 0.34)"
3544,2023,기계공학,356736755,이주원,1,0.0,"한국자동차안전학회 (NODE11716846, IF: 0.34)"
3545,2023,기계공학,957120593,김규현,1,0.0,"한국자동차안전학회 (NODE11716846, IF: 0.34)"
3546,2023,기계공학,221922054,송지현,1,0.0,"한국자동차안전학회 (NODE11716847, IF: 0.34)"
3547,2023,기계공학,724988661,박보현,1,0.0,"한국자동차안전학회 (NODE11716848, IF: 0.34)"
3548,2023,기계공학,541199514,송혜인,1,0.0,"한국자동차안전학회 (NODE11716848, IF: 0.34)"
3549,2023,기계공학,660342708,신강원,1,0.0,"한국자동차안전학회 (NODE11716848, IF: 0.34)"
3550,2023,기계공학,273909238,박요한,1,0.0,"한국자동차안전학회 (NODE11716849, IF: 0.34)"
3551,2023,기계공학,239892324,박원필,1,0.0,"한국자동차안전학회 (NODE11716849, IF: 0.34)"
3552,2023,기계공학,217041855,김승기,1,0.0,"한국자동차안전학회 (NODE11716849, IF: 0.34)"
3553,2023,기계공학,662316122,조영주,1,0.0,"한국자동차안전학회 (NODE11716850, IF: 0.34)"
3554,2023,기계공학,508272437,백창민,1,0.0,"한국자동차안전학회 (NODE11716850, IF: 0.34)"
3555,2023,기계공학,378958043,김성호,1,0.0,"한국자동차안전학회 (NODE11716850, IF: 0.34)"
3556,2023,기계공학,859215301,한경희,1,0.0,"한국자동차안전학회 (NODE11716850, IF: 0.34)"
3557,2023,기계공학,715129978,김경진,1,0.0,"한국자동차안전학회 (NODE11716850, IF: 0.34)"
3558,2023,기계공학,346421880,신재호,1,0.0,"한국자동차안전학회 (NODE11716850, IF: 0.34)"
3559,2023,기계공학,200066634,우성철,1,0.0,"한국기계가공학회 (NODE11516537, IF: 0.31)"
3560,2023,기계공학,148325018,이우람,1,0.0,"한국기계가공학회 (NODE11516537, IF: 0.31)"
3561,2023,기계공학,167946119,김한준,1,0.0,"한국기계가공학회 (NODE11516538, IF: 0.31)"
3562,2023,기계공학,413779861,박진한,1,0.0,"한국기계가공학회 (NODE11516538, IF: 0.31)"
3563,2023,기계공학,914756639,엄규영,1,0.0,"한국기계가공학회 (NODE11516538, IF: 0.31)"
3564,2023,기계공학,613505239,Shin-Kyu Park,1,0.0,"한국기계가공학회 (NODE11516540, IF: 0.31)"
3565,2023,기계공학,989094561,Sangjun Moon,1,0.0,"한국기계가공학회 (NODE11516540, IF: 0.31)"
3566,2023,기계공학,240256924,손홍익,1,0.0,"한국기계가공학회 (NODE11516541, IF: 0.31)"
3567,2023,기계공학,140943567,전치경,1,0.0,"한국기계가공학회 (NODE11516541, IF: 0.31)"
3568,2023,기계공학,391940151,박성열,1,0.0,"한국기계가공학회 (NODE11516541, IF: 0.31)"
3569,2023,기계공학,312818663,오병준,1,0.0,"한국기계가공학회 (NODE11516541, IF: 0.31)"
3570,2023,기계공학,115818255,지기헌,1,0.0,"한국기계가공학회 (NODE11516542, IF: 0.31)"
3571,2023,기계공학,428829,김영일,1,0.0,"한국기계가공학회 (NODE11516542, IF: 0.31)"
3572,2023,기계공학,599726909,문수영,1,0.0,"한국기계가공학회 (NODE11516543, IF: 0.31)"
3573,2023,기계공학,375113611,고영배,1,0.0,"한국기계가공학회 (NODE11516543, IF: 0.31)"
3574,2023,기계공학,1539814,김현범,1,0.0,"한국기계가공학회 (NODE11516543, IF: 0.31)"
3575,2023,기계공학,101534237,김수완,1,0.0,"한국기계가공학회 (NODE11516543, IF: 0.31)"
3576,2023,기계공학,412363104,양영진,1,0.0,"한국기계가공학회 (NODE11516543, IF: 0.31)"
3577,2023,기계공학,968857579,최경현,1,0.0,"한국기계가공학회 (NODE11516543, IF: 0.31)"
3578,2023,기계공학,722286717,이승민,1,0.0,"한국기계가공학회 (NODE11516544, IF: 0.31)"
3579,2023,기계공학,244781485,김하늘,1,0.0,"한국기계가공학회 (NODE11516544, IF: 0.31)"
3580,2023,기계공학,856791247,고재웅,1,0.0,"한국기계가공학회 (NODE11516544, IF: 0.31)"
3581,2023,기계공학,808446995,곽태수,1,0.0,"한국기계가공학회 (NODE11516544, IF: 0.31)"
3582,2023,기계공학,763423344,도재석,1,0.0,"한국기계가공학회 (NODE11516545, IF: 0.31)"
3583,2023,기계공학,791283372,이선우,1,0.0,"한국기계가공학회 (NODE11516545, IF: 0.31)"
3584,2023,기계공학,921983320,조용빈,1,0.0,"한국기계가공학회 (NODE11516546, IF: 0.31)"
3585,2023,기계공학,718793,조인호,1,0.0,"한국기계가공학회 (NODE11516548, IF: 0.31)"
3586,2023,기계공학,863098511,이승훈,1,0.0,"한국기계가공학회 (NODE11516548, IF: 0.31)"
3587,2023,기계공학,289706755,김수연,1,0.0,"한국기계가공학회 (NODE11516548, IF: 0.31)"
3588,2023,기계공학,451350441,금미진,1,0.0,"한국기계가공학회 (NODE11516548, IF: 0.31)"
3589,2023,기계공학,325787090,황해인,1,0.0,"한국기계가공학회 (NODE11516548, IF: 0.31)"
3590,2023,기계공학,577036229,김관오,1,0.0,"한국기계가공학회 (NODE11516548, IF: 0.31)"
3591,2023,기계공학,910214140,김정환,1,0.0,"한국기계가공학회 (NODE11516548, IF: 0.31)"
3592,2023,기계공학,552556870,하태광,1,0.0,"한국기계가공학회 (NODE11516549, IF: 0.31)"
3593,2023,기계공학,632772,이현준,1,0.0,"한국기계가공학회 (NODE11516550, IF: 0.31)"
3594,2023,기계공학,469685502,한수연,1,0.0,"한국기계가공학회 (NODE11516550, IF: 0.31)"
3595,2023,기계공학,174306164,신달호,1,0.0,"유공압건설기계학회 (NODE11509594, IF: 2.21)"
3596,2023,기계공학,427527589,박윤서,1,0.0,"유공압건설기계학회 (NODE11509594, IF: 2.21)"
3597,2023,기계공학,431485833,유철,1,0.0,"유공압건설기계학회 (NODE11509594, IF: 2.21)"
3598,2023,기계공학,351674659,김준영,1,0.0,"유공압건설기계학회 (NODE11509595, IF: 2.21)"
3599,2023,기계공학,193166112,성백겸,1,0.0,"유공압건설기계학회 (NODE11509597, IF: 2.21)"
3600,2023,기계공학,279690266,한웅철,1,0.0,"유공압건설기계학회 (NODE11509597, IF: 2.21)"
3601,2023,기계공학,570566260,유승화,1,0.0,"유공압건설기계학회 (NODE11509597, IF: 2.21)"
3602,2023,기계공학,587815269,이춘구,1,0.0,"유공압건설기계학회 (NODE11509597, IF: 2.21)"
3603,2023,기계공학,406506819,강영호,1,0.0,"유공압건설기계학회 (NODE11509597, IF: 2.21)"
3604,2023,기계공학,316008376,이해나,1,0.0,"유공압건설기계학회 (NODE11509598, IF: 2.21)"
3605,2023,기계공학,470700905,김정훈,1,0.0,"유공압건설기계학회 (NODE11509599, IF: 2.21)"
3606,2023,기계공학,469392598,황석준,1,0.0,"유공압건설기계학회 (NODE11509599, IF: 2.21)"
3607,2023,기계공학,299690638,남주석,1,0.0,"유공압건설기계학회 (NODE11509599, IF: 2.21)"
3608,2023,기계공학,796809514,김희수,1,0.0,"유공압건설기계학회 (NODE11509602, IF: 2.21)"
3609,2023,기계공학,374850978,이승탁,1,0.0,"유공압건설기계학회 (NODE11509604, IF: 2.21)"
3610,2023,기계공학,154164552,최치호,1,0.0,"유공압건설기계학회 (NODE11509604, IF: 2.21)"
3611,2023,기계공학,868508868,조태석,1,0.0,"유공압건설기계학회 (NODE11509605, IF: 2.21)"
3612,2023,기계공학,569146287,정효재,1,0.0,"대한기계학회 (NODE11510433, IF: 0.36)"
3613,2023,기계공학,724011736,성순경,1,0.0,"대한설비공학회 (NODE11523147, IF: 0.26)"
3614,2023,기계공학,740248901,김동민,1,0.0,"대한설비공학회 (NODE11523147, IF: 0.26)"
3615,2023,기계공학,597320706,Hyun Min Baek,1,0.0,"한국마린엔지니어링학회 (NODE11511742, IF: 0.23)"
3616,2023,기계공학,472300018,Hyung Min Lee,1,0.0,"한국마린엔지니어링학회 (NODE11511742, IF: 0.23)"
3617,2023,기계공학,925468464,Minhye Kang,1,0.0,"한국마린엔지니어링학회 (NODE11511744, IF: 0.23)"
3618,2023,기계공학,817360858,Hansol Kwon,1,0.0,"한국마린엔지니어링학회 (NODE11511744, IF: 0.23)"
3619,2023,기계공학,743517447,Eungsun Byon,1,0.0,"한국마린엔지니어링학회 (NODE11511744, IF: 0.23)"
3620,2023,기계공학,866844235,Minjeong Jeon,1,0.0,"한국마린엔지니어링학회 (NODE11511746, IF: 0.23)"
3621,2023,기계공학,461174493,주양익,1,0.0,"한국마린엔지니어링학회 (NODE11511752, IF: 0.23)"
3622,2023,기계공학,123147720,이성민,1,0.0,"한국항공우주학회 (NODE11188259, IF: 0.40)"
3623,2023,기계공학,734192001,이용건,1,0.0,"한국항공우주학회 (NODE11188260, IF: 0.40)"
3624,2023,기계공학,341167394,하기헌,1,0.0,"한국항공우주학회 (NODE11188261, IF: 0.40)"
3625,2023,기계공학,212281515,박훈철,1,0.0,"한국항공우주학회 (NODE11188261, IF: 0.40)"
3626,2023,기계공학,894272350,박지환,1,0.0,"한국항공우주학회 (NODE11188261, IF: 0.40)"
3627,2023,기계공학,870240698,안선규,1,0.0,"한국항공우주학회 (NODE11188261, IF: 0.40)"
3628,2023,기계공학,252650496,전현규,1,0.0,"한국항공우주학회 (NODE11188262, IF: 0.40)"
3629,2023,기계공학,706052358,황재민,1,0.0,"한국항공우주학회 (NODE11188262, IF: 0.40)"
3630,2023,기계공학,231835691,오범석,1,0.0,"한국항공우주학회 (NODE11188263, IF: 0.40)"
3631,2023,기계공학,514317222,심은송,1,0.0,"한국항공우주학회 (NODE11188267, IF: 0.40)"
3632,2023,기계공학,614873,김해동,1,0.0,"한국항공우주학회 (NODE11188267, IF: 0.40)"
3633,2023,기계공학,792861330,이선호,1,0.0,"한국항공우주학회 (NODE11188267, IF: 0.40)"
3634,2023,기계공학,880041130,신상준,1,0.0,"한국소음진동공학회 (NODE11398217, IF: 0.52)"
3635,2023,기계공학,794366434,임병욱,1,0.0,"한국소음진동공학회 (NODE11398217, IF: 0.52)"
3636,2023,기계공학,284394311,공건혁,1,0.0,"한국소음진동공학회 (NODE11398217, IF: 0.52)"
3637,2023,기계공학,779427528,고광인,1,0.0,"한국소음진동공학회 (NODE11398217, IF: 0.52)"
3638,2023,기계공학,258433558,박선후,1,0.0,"한국소음진동공학회 (NODE11398217, IF: 0.52)"
3639,2023,기계공학,5323685,강승훈,1,0.0,"한국소음진동공학회 (NODE11398217, IF: 0.52)"
3640,2023,기계공학,893078266,박우범,1,0.0,"한국소음진동공학회 (NODE11398218, IF: 0.52)"
3641,2023,기계공학,638649385,윤태영,1,0.0,"한국소음진동공학회 (NODE11398218, IF: 0.52)"
3642,2023,기계공학,236721331,김윤중,1,0.0,"한국소음진동공학회 (NODE11398218, IF: 0.52)"
3643,2023,기계공학,756261764,나성수,1,0.0,"한국소음진동공학회 (NODE11398218, IF: 0.52)"
3644,2023,기계공학,539526956,이창훈,1,0.0,"한국소음진동공학회 (NODE11398220, IF: 0.52)"
3645,2023,기계공학,457483737,유진환,1,0.0,"한국소음진동공학회 (NODE11398220, IF: 0.52)"
3646,2023,기계공학,411442173,이상권,1,0.0,"한국소음진동공학회 (NODE11398220, IF: 0.52)"
3647,2023,기계공학,110782832,윤영삼,1,0.0,"한국소음진동공학회 (NODE11398220, IF: 0.52)"
3648,2023,기계공학,246227963,이재훈,1,0.0,"한국소음진동공학회 (NODE11398220, IF: 0.52)"
3649,2023,기계공학,885624634,염기호,1,0.0,"한국소음진동공학회 (NODE11398220, IF: 0.52)"
3650,2023,기계공학,466316963,황성욱,1,0.0,"한국소음진동공학회 (NODE11398220, IF: 0.52)"
3651,2023,기계공학,373797168,김영완,1,0.0,"한국소음진동공학회 (NODE11398221, IF: 0.52)"
3652,2023,기계공학,692289561,김완호,1,0.0,"한국소음진동공학회 (NODE11398223, IF: 0.52)"
3653,2023,기계공학,639913496,전온유,1,0.0,"한국소음진동공학회 (NODE11398225, IF: 0.52)"
3654,2023,기계공학,887792580,이명재,1,0.0,"한국소음진동공학회 (NODE11398225, IF: 0.52)"
3655,2023,기계공학,584117425,류준석,1,0.0,"한국소음진동공학회 (NODE11398225, IF: 0.52)"
3656,2023,기계공학,557117277,윤유영,1,0.0,"한국소음진동공학회 (NODE11398225, IF: 0.52)"
3657,2023,기계공학,461561113,김현국,1,0.0,"한국소음진동공학회 (NODE11398225, IF: 0.52)"
3658,2023,기계공학,504606966,왕세명,1,0.0,"한국소음진동공학회 (NODE11398225, IF: 0.52)"
3659,2023,기계공학,994318461,정광민,1,0.0,"한국소음진동공학회 (NODE11398227, IF: 0.52)"
3660,2023,기계공학,1533627,김용희,1,0.0,"한국소음진동공학회 (NODE11398227, IF: 0.52)"
3661,2023,기계공학,570279449,박지수,1,0.0,"한국트라이볼로지학회 (NODE11520151, IF: 0.46)"
3662,2023,기계공학,445015298,홍성호,1,0.0,"한국트라이볼로지학회 (NODE11520152, IF: 0.46)"
3663,2023,기계공학,620781874,신주용,1,0.0,"한국트라이볼로지학회 (NODE11520152, IF: 0.46)"
3664,2023,기계공학,415254729,박태성,1,0.0,"한국트라이볼로지학회 (NODE11520152, IF: 0.46)"
3665,2023,기계공학,303633860,이상후,1,0.0,"한국트라이볼로지학회 (NODE11520152, IF: 0.46)"
3666,2023,기계공학,827667811,최문호,1,0.0,"한국트라이볼로지학회 (NODE11520154, IF: 0.46)"
3667,2023,기계공학,869746837,현동호,1,0.0,"한국트라이볼로지학회 (NODE11520155, IF: 0.46)"
3668,2023,기계공학,683454300,채영훈,1,0.0,"한국트라이볼로지학회 (NODE11520155, IF: 0.46)"
3669,2023,기계공학,470149719,정다이,1,0.0,"한국트라이볼로지학회 (NODE11520155, IF: 0.46)"
3670,2023,기계공학,313300493,김태우,1,0.0,"한국트라이볼로지학회 (NODE11520156, IF: 0.46)"
3671,2023,기계공학,568324276,유용훈,1,0.0,"한국트라이볼로지학회 (NODE11520156, IF: 0.46)"
3672,2023,기계공학,558115051,변지연,1,0.0,"대한설비공학회 (NODE11217279, IF: 0.26)"
3673,2023,기계공학,376794496,박소민,1,0.0,"대한설비공학회 (NODE11217279, IF: 0.26)"
3674,2023,기계공학,992796739,심지수,1,0.0,"대한설비공학회 (NODE11217279, IF: 0.26)"
3675,2023,기계공학,901982498,김범준,1,0.0,"대한설비공학회 (NODE11217280, IF: 0.26)"
3676,2023,기계공학,335127451,조수영,1,0.0,"대한설비공학회 (NODE11217280, IF: 0.26)"
3677,2023,기계공학,975921275,강용권,1,0.0,"대한설비공학회 (NODE11217280, IF: 0.26)"
3678,2023,기계공학,479444130,서동명,1,0.0,"대한설비공학회 (NODE11217281, IF: 0.26)"
3679,2023,기계공학,891574765,임민택,1,0.0,"한국자동차공학회 (NODE11217284, IF: 0.41)"
3680,2023,기계공학,118533363,김승익,1,0.0,"한국자동차공학회 (NODE11217284, IF: 0.41)"
3681,2023,기계공학,555425478,이진희,1,0.0,"한국자동차공학회 (NODE11217284, IF: 0.41)"
3682,2023,기계공학,254804681,김도곤,1,0.0,"한국자동차공학회 (NODE11217285, IF: 0.41)"
3683,2023,기계공학,783144466,최준호,1,0.0,"한국자동차공학회 (NODE11217286, IF: 0.41)"
3684,2023,기계공학,130142538,박장우,1,0.0,"한국자동차공학회 (NODE11217286, IF: 0.41)"
3685,2023,기계공학,686196104,김권세,1,0.0,"한국자동차공학회 (NODE11217286, IF: 0.41)"
3686,2023,기계공학,153822,이동근,1,0.0,"한국자동차공학회 (NODE11217287, IF: 0.41)"
3687,2023,기계공학,440391249,한재윤,1,0.0,"한국자동차공학회 (NODE11217287, IF: 0.41)"
3688,2023,기계공학,377388583,박경령,1,0.0,"한국자동차공학회 (NODE11217287, IF: 0.41)"
3689,2023,기계공학,955497791,임경일,1,0.0,"한국자동차공학회 (NODE11217287, IF: 0.41)"
3690,2023,기계공학,252776663,山田陽佑,1,0.0,"대한설비공학회 (NODE11409416, IF: 0.26)"
3691,2023,기계공학,947095681,稲垣元巳,1,0.0,"대한설비공학회 (NODE11409416, IF: 0.26)"
3692,2023,기계공학,125357715,정성필,1,0.0,"한국자동차공학회 (NODE11217288, IF: 0.41)"
3693,2023,기계공학,492096936,이필구,1,0.0,"한국자동차공학회 (NODE11217288, IF: 0.41)"
3694,2023,기계공학,483831435,박재현,1,0.0,"한국자동차공학회 (NODE11217288, IF: 0.41)"
3695,2023,기계공학,198028529,이영일,1,0.0,"한국자동차공학회 (NODE11217288, IF: 0.41)"
3696,2023,기계공학,132648436,임수용,1,0.0,"한국자동차공학회 (NODE11217288, IF: 0.41)"
3697,2023,기계공학,384706593,이현주,1,0.0,"한국자동차공학회 (NODE11217289, IF: 0.41)"
3698,2023,기계공학,662606718,남재현,1,0.0,"한국자동차공학회 (NODE11217289, IF: 0.41)"
3699,2023,기계공학,571928407,이재환,1,0.0,"한국자동차공학회 (NODE11217289, IF: 0.41)"
3700,2023,기계공학,259964927,하윤철,1,0.0,"한국자동차공학회 (NODE11217291, IF: 0.41)"
3701,2023,기계공학,888126,오태영,1,0.0,"한국자동차공학회 (NODE11217291, IF: 0.41)"
3702,2023,기계공학,462717728,유재연,1,0.0,"한국자동차공학회 (NODE11217291, IF: 0.41)"
3703,2023,기계공학,706435450,우승훈,1,0.0,"한국자동차공학회 (NODE11217291, IF: 0.41)"
3704,2023,기계공학,355398657,김기수,1,0.0,"한국자동차공학회 (NODE11217292, IF: 0.41)"
3705,2023,기계공학,538648243,이정선,1,0.0,"한국자동차공학회 (NODE11217292, IF: 0.41)"
3706,2023,기계공학,499429909,김동철,1,0.0,"한국자동차공학회 (NODE11217292, IF: 0.41)"
3707,2023,기계공학,300704176,송명의,1,0.0,"한국자동차공학회 (NODE11217292, IF: 0.41)"
3708,2023,기계공학,940826898,조우연,1,0.0,"한국자동차공학회 (NODE11217292, IF: 0.41)"
3709,2023,기계공학,150799602,고석균,1,0.0,"한국수소및신에너지학회 (NODE11217293, IF: 0.62)"
3710,2023,기계공학,534789592,이상용,1,0.0,"한국수소및신에너지학회 (NODE11217293, IF: 0.62)"
3711,2023,기계공학,706102003,이동현,1,0.0,"한국수소및신에너지학회 (NODE11217294, IF: 0.62)"
3712,2023,기계공학,435664444,다리안,1,0.0,"한국수소및신에너지학회 (NODE11217294, IF: 0.62)"
3713,2023,기계공학,613548166,박해원,1,0.0,"한국수소및신에너지학회 (NODE11217294, IF: 0.62)"
3714,2023,기계공학,684112098,이남기,1,0.0,"한국수소및신에너지학회 (NODE11217294, IF: 0.62)"
3715,2023,기계공학,144919874,백상윤,1,0.0,"한국수소및신에너지학회 (NODE11217294, IF: 0.62)"
3716,2023,기계공학,921072610,양시영,1,0.0,"한국수소및신에너지학회 (NODE11217294, IF: 0.62)"
3717,2023,기계공학,178154213,서준호,1,0.0,"한국수소및신에너지학회 (NODE11217294, IF: 0.62)"
3718,2023,기계공학,667146507,최주환,1,0.0,"한국수소및신에너지학회 (NODE11217295, IF: 0.62)"
3719,2023,기계공학,849389154,김구호,1,0.0,"한국수소및신에너지학회 (NODE11217295, IF: 0.62)"
3720,2023,기계공학,454985091,김재광,1,0.0,"한국수소및신에너지학회 (NODE11217295, IF: 0.62)"
3721,2023,기계공학,972007784,김용기,1,0.0,"한국수소및신에너지학회 (NODE11217295, IF: 0.62)"
3722,2023,기계공학,911486665,백중택,1,0.0,"한국수소및신에너지학회 (NODE11217296, IF: 0.62)"
3723,2023,기계공학,786589053,문지훈,1,0.0,"한국수소및신에너지학회 (NODE11217296, IF: 0.62)"
3724,2023,기계공학,904105555,민지훈,1,0.0,"한국수소및신에너지학회 (NODE11217296, IF: 0.62)"
3725,2023,기계공학,441960385,기광택,1,0.0,"한국수소및신에너지학회 (NODE11217296, IF: 0.62)"
3726,2023,기계공학,464711151,박문식,1,0.0,"한국수소및신에너지학회 (NODE11217297, IF: 0.62)"
3727,2023,기계공학,292664405,이준숭,1,0.0,"한국수소및신에너지학회 (NODE11217297, IF: 0.62)"
3728,2023,기계공학,185339735,윤원호,1,0.0,"한국수소및신에너지학회 (NODE11217297, IF: 0.62)"
3729,2023,기계공학,559205207,윤현국,1,0.0,"한국수소및신에너지학회 (NODE11217297, IF: 0.62)"
3730,2023,기계공학,504133866,신은주,1,0.0,"한국수소및신에너지학회 (NODE11217298, IF: 0.62)"
3731,2023,기계공학,361033628,김영배,1,0.0,"한국수소및신에너지학회 (NODE11217298, IF: 0.62)"
3732,2023,기계공학,5486626,심현석,1,0.0,"한국추진공학회 (NODE11408605, IF: 0.33)"
3733,2023,기계공학,610762882,김동현,1,0.0,"한국추진공학회 (NODE11408605, IF: 0.33)"
3734,2023,기계공학,627296381,유경원,1,0.0,"한국추진공학회 (NODE11408605, IF: 0.33)"
3735,2023,기계공학,160162827,김재호,1,0.0,"한국추진공학회 (NODE11408606, IF: 0.33)"
3736,2023,기계공학,144044733,이상윤,1,0.0,"한국추진공학회 (NODE11408606, IF: 0.33)"
3737,2023,기계공학,763999093,김주평,1,0.0,"한국추진공학회 (NODE11408606, IF: 0.33)"
3738,2023,기계공학,138675977,박희호,1,0.0,"한국추진공학회 (NODE11408606, IF: 0.33)"
3739,2023,기계공학,661946474,정환,1,0.0,"한국추진공학회 (NODE11408607, IF: 0.33)"
3740,2023,기계공학,145736464,김민석,1,0.0,"한국추진공학회 (NODE11408607, IF: 0.33)"
3741,2023,기계공학,437549315,김태훈,1,0.0,"한국추진공학회 (NODE11408607, IF: 0.33)"
3742,2023,기계공학,562976100,박찬서,1,0.0,"한국추진공학회 (NODE11408607, IF: 0.33)"
3743,2023,기계공학,252590366,서무현,1,0.0,"한국추진공학회 (NODE11408607, IF: 0.33)"
3744,2023,기계공학,679088859,이정섭,1,0.0,"한국추진공학회 (NODE11408608, IF: 0.33)"
3745,2023,기계공학,637236628,노영희,1,0.0,"한국추진공학회 (NODE11408608, IF: 0.33)"
3746,2023,기계공학,118890793,정태규,1,0.0,"한국추진공학회 (NODE11408609, IF: 0.33)"
3747,2023,기계공학,711522792,정도관,1,0.0,"Korean Society for Precision Engineering (NODE11202367, IF: 0.00)"
3748,2023,기계공학,953468521,한찬호,1,0.0,"Korean Society for Precision Engineering (NODE11202367, IF: 0.00)"
3749,2023,기계공학,645274354,최유진,1,0.0,"Korean Society for Precision Engineering (NODE11202367, IF: 0.00)"
3750,2023,기계공학,672045894,박준서,1,0.0,"Korean Society for Precision Engineering (NODE11202367, IF: 0.00)"
3751,2023,기계공학,831024979,배정현,1,0.0,"Korean Society for Precision Engineering (NODE11202368, IF: 0.00)"
3752,2023,기계공학,687254281,한준영,1,0.0,"Korean Society for Precision Engineering (NODE11202369, IF: 0.00)"
3753,2023,기계공학,840455528,권지훈,1,0.0,"Korean Society for Precision Engineering (NODE11202369, IF: 0.00)"
3754,2023,기계공학,729239737,김형준,1,0.0,"Korean Society for Precision Engineering (NODE11202369, IF: 0.00)"
3755,2023,기계공학,585011048,이석,1,0.0,"Korean Society for Precision Engineering (NODE11202369, IF: 0.00)"
3756,2023,기계공학,582384619,한일용,1,0.0,"Korean Society for Precision Engineering (NODE11202370, IF: 0.00)"
3757,2023,기계공학,154050590,정민수,1,0.0,"Korean Society for Precision Engineering (NODE11202370, IF: 0.00)"
3758,2023,기계공학,679736834,김태균,1,0.0,"Korean Society for Precision Engineering (NODE11202370, IF: 0.00)"
3759,2023,기계공학,439229681,정관용,1,0.0,"Korean Society for Precision Engineering (NODE11202371, IF: 0.00)"
3760,2023,기계공학,597672365,궈하오,1,0.0,"Korean Society for Precision Engineering (NODE11202371, IF: 0.00)"
3761,2023,기계공학,626041652,홍성호,1,0.0,"Korean Society for Precision Engineering (NODE11202375, IF: 0.00)"
3762,2023,기계공학,205949402,이재열,1,0.0,"Korean Society for Precision Engineering (NODE11202375, IF: 0.00)"
3763,2023,기계공학,677323168,백종환,1,0.0,"Korean Society for Precision Engineering (NODE11202375, IF: 0.00)"
3764,2023,기계공학,144586882,김상호,1,0.0,"Korean Society for Precision Engineering (NODE11202375, IF: 0.00)"
3765,2023,기계공학,754837049,함제훈,1,0.0,"Korean Society for Precision Engineering (NODE11202375, IF: 0.00)"
3766,2023,기계공학,907311306,서진호,1,0.0,"Korean Society for Precision Engineering (NODE11202375, IF: 0.00)"
3767,2023,기계공학,151232143,조민제,1,0.0,"Korean Society for Precision Engineering (NODE11202376, IF: 0.00)"
3768,2023,기계공학,261955669,지석영,1,0.0,"Korean Society for Precision Engineering (NODE11202376, IF: 0.00)"
3769,2023,기계공학,546646225,조정호,1,0.0,"Korean Society for Precision Engineering (NODE11202376, IF: 0.00)"
3770,2023,기계공학,739454547,김정엽,1,0.0,"Korean Society for Precision Engineering (NODE11202378, IF: 0.00)"
3771,2023,기계공학,437111474,장성환,1,0.0,"Korean Society for Precision Engineering (NODE11202378, IF: 0.00)"
3772,2023,기계공학,234400833,박아영,1,0.0,"Korean Society for Precision Engineering (NODE11202378, IF: 0.00)"
3773,2023,기계공학,873777235,황보윤,1,0.0,"Korean Society for Precision Engineering (NODE11202378, IF: 0.00)"
3774,2023,기계공학,514952077,송준엽,1,0.0,"Korean Society for Precision Engineering (NODE11202378, IF: 0.00)"
3775,2023,기계공학,379199155,김영진,1,0.0,"한국항공우주학회 (NODE11202594, IF: 0.40)"
3776,2023,기계공학,570953070,고봉기,1,0.0,"한국항공우주학회 (NODE11202594, IF: 0.40)"
3777,2023,기계공학,355346410,박현돈,1,0.0,"한국항공우주학회 (NODE11202594, IF: 0.40)"
3778,2023,기계공학,417169468,정지현,1,0.0,"한국항공우주학회 (NODE11202596, IF: 0.40)"
3779,2023,기계공학,209350101,김용찬,1,0.0,"한국항공우주학회 (NODE11202597, IF: 0.40)"
3780,2023,기계공학,177107993,김재현,1,0.0,"한국항공우주학회 (NODE11202597, IF: 0.40)"
3781,2023,기계공학,177217483,노경호,1,0.0,"한국항공우주학회 (NODE11202597, IF: 0.40)"
3782,2023,기계공학,646104554,강동기,1,0.0,"한국항공우주학회 (NODE11202597, IF: 0.40)"
3783,2023,기계공학,896057096,김지운,1,0.0,"한국항공우주학회 (NODE11202598, IF: 0.40)"
3784,2023,기계공학,148789148,이대연,1,0.0,"한국항공우주학회 (NODE11202598, IF: 0.40)"
3785,2023,기계공학,574618857,이민수,1,0.0,"한국항공우주학회 (NODE11202598, IF: 0.40)"
3786,2023,기계공학,786964992,송태성,1,0.0,"한국항공우주학회 (NODE11202599, IF: 0.40)"
3787,2023,기계공학,308589385,이종국,1,0.0,"한국항공우주학회 (NODE11202599, IF: 0.40)"
3788,2023,기계공학,165867990,강정민,1,0.0,"한국항공우주학회 (NODE11202599, IF: 0.40)"
3789,2023,기계공학,541465975,송덕기,1,0.0,"한국항공우주학회 (NODE11202599, IF: 0.40)"
3790,2023,기계공학,631995176,최혜윤,1,0.0,"한국항공우주학회 (NODE11202599, IF: 0.40)"
3791,2023,기계공학,599426895,이일,1,0.0,"한국항공우주학회 (NODE11202599, IF: 0.40)"
3792,2023,기계공학,630638744,서중보,1,0.0,"한국항공우주학회 (NODE11202599, IF: 0.40)"
3793,2023,기계공학,362685589,고보연,1,0.0,"한국항공우주학회 (NODE11202601, IF: 0.40)"
3794,2023,기계공학,395151341,김인종,1,0.0,"한국항공우주학회 (NODE11202601, IF: 0.40)"
3795,2023,기계공학,953897773,최동찬,1,0.0,"한국항공우주학회 (NODE11202601, IF: 0.40)"
3796,2023,기계공학,949091480,한상설,1,0.0,"한국항공우주학회 (NODE11202601, IF: 0.40)"
3797,2023,기계공학,756294197,임재완,1,0.0,"한국수소및신에너지학회 (NODE11644809, IF: 0.62)"
3798,2023,기계공학,127393725,이세준,1,0.0,"한국수소및신에너지학회 (NODE11644809, IF: 0.62)"
3799,2023,기계공학,626433567,윤상진,1,0.0,"한국수소및신에너지학회 (NODE11644809, IF: 0.62)"
3800,2023,기계공학,373390147,신재은,1,0.0,"한국수소및신에너지학회 (NODE11644810, IF: 0.62)"
3801,2023,기계공학,671716782,강민지,1,0.0,"한국수소및신에너지학회 (NODE11644811, IF: 0.62)"
3802,2023,기계공학,220092356,변현승,1,0.0,"한국수소및신에너지학회 (NODE11644812, IF: 0.62)"
3803,2023,기계공학,537588317,구윤지,1,0.0,"한국수소및신에너지학회 (NODE11644812, IF: 0.62)"
3804,2023,기계공학,584466877,오주희,1,0.0,"한국수소및신에너지학회 (NODE11644812, IF: 0.62)"
3805,2023,기계공학,474298491,반재성,1,0.0,"한국수소및신에너지학회 (NODE11644812, IF: 0.62)"
3806,2023,기계공학,966503678,나영진,1,0.0,"한국수소및신에너지학회 (NODE11644812, IF: 0.62)"
3807,2023,기계공학,287662726,이제설,1,0.0,"한국수소및신에너지학회 (NODE11644812, IF: 0.62)"
3808,2023,기계공학,199882939,이재혁,1,0.0,"한국수소및신에너지학회 (NODE11644813, IF: 0.62)"
3809,2023,기계공학,714646626,신경하,1,0.0,"한국수소및신에너지학회 (NODE11644813, IF: 0.62)"
3810,2023,기계공학,380158150,강진실,1,0.0,"한국수소및신에너지학회 (NODE11644813, IF: 0.62)"
3811,2023,기계공학,215263898,신현희,1,0.0,"한국수소및신에너지학회 (NODE11644813, IF: 0.62)"
3812,2023,기계공학,934529584,박세연,1,0.0,"한국수소및신에너지학회 (NODE11644813, IF: 0.62)"
3813,2023,기계공학,327402333,최유진,1,0.0,"한국수소및신에너지학회 (NODE11644813, IF: 0.62)"
3814,2023,기계공학,830652336,송완규,1,0.0,"한국수소및신에너지학회 (NODE11644813, IF: 0.62)"
3815,2023,기계공학,581895969,안호근,1,0.0,"한국수소및신에너지학회 (NODE11644813, IF: 0.62)"
3816,2023,기계공학,671600924,조대명,1,0.0,"한국수소및신에너지학회 (NODE11644814, IF: 0.62)"
3817,2023,기계공학,691076116,박종화,1,0.0,"한국수소및신에너지학회 (NODE11644814, IF: 0.62)"
3818,2023,기계공학,945250269,유돈상,1,0.0,"한국수소및신에너지학회 (NODE11644814, IF: 0.62)"
3819,2023,기계공학,606267094,신승철,1,0.0,"한국수소및신에너지학회 (NODE11644815, IF: 0.62)"
3820,2023,기계공학,249800263,정하늘,1,0.0,"한국수소및신에너지학회 (NODE11644815, IF: 0.62)"
3821,2023,기계공학,890351558,한단비,1,0.0,"한국수소및신에너지학회 (NODE11644815, IF: 0.62)"
3822,2023,기계공학,394685939,백영순,1,0.0,"한국수소및신에너지학회 (NODE11644815, IF: 0.62)"
3823,2023,기계공학,652168387,이길초,1,0.0,"한국수소및신에너지학회 (NODE11644816, IF: 0.62)"
3824,2023,기계공학,323441682,허항,1,0.0,"한국수소및신에너지학회 (NODE11644816, IF: 0.62)"
3825,2023,기계공학,613799464,최병철,1,0.0,"한국수소및신에너지학회 (NODE11644816, IF: 0.62)"
3826,2023,기계공학,206432765,이송연,1,0.0,"Korean Society for Precision Engineering (NODE11508701, IF: 0.00)"
3827,2023,기계공학,748644625,허용정,1,0.0,"Korean Society for Precision Engineering (NODE11508701, IF: 0.00)"
3828,2023,기계공학,939711581,성종섭,1,0.0,"Korean Society for Precision Engineering (NODE11508702, IF: 0.00)"
3829,2023,기계공학,786074395,시하영,1,0.0,"Korean Society for Precision Engineering (NODE11508702, IF: 0.00)"
3830,2023,기계공학,5147767,정현경,1,0.0,"Korean Society for Precision Engineering (NODE11508703, IF: 0.00)"
3831,2023,기계공학,411132083,신재민,1,0.0,"Korean Society for Precision Engineering (NODE11508703, IF: 0.00)"
3832,2023,기계공학,726885945,Vu Dan Chinh,1,0.0,"Korean Society for Precision Engineering (NODE11508704, IF: 0.00)"
3833,2023,기계공학,548513396,Hà Thi Thu Nguyên,1,0.0,"Korean Society for Precision Engineering (NODE11508704, IF: 0.00)"
3834,2023,기계공학,466376418,임영우,1,0.0,"Korean Society for Precision Engineering (NODE11508705, IF: 0.00)"
3835,2023,기계공학,154056302,김건택,1,0.0,"Korean Society for Precision Engineering (NODE11508705, IF: 0.00)"
3836,2023,기계공학,685507845,신현상,1,0.0,"Korean Society for Precision Engineering (NODE11508705, IF: 0.00)"
3837,2023,기계공학,969498279,김강민,1,0.0,"Korean Society for Precision Engineering (NODE11508705, IF: 0.00)"
3838,2023,기계공학,643556631,신부현,1,0.0,"Korean Society for Precision Engineering (NODE11508705, IF: 0.00)"
3839,2023,기계공학,190477117,이종원,1,0.0,"Korean Society for Precision Engineering (NODE11508705, IF: 0.00)"
3840,2023,기계공학,353396828,민지혜,1,0.0,"Korean Society for Precision Engineering (NODE11508706, IF: 0.00)"
3841,2023,기계공학,104258266,신영훈,1,0.0,"Korean Society for Precision Engineering (NODE11508709, IF: 0.00)"
3842,2023,기계공학,390092279,박두용,1,0.0,"Korean Society for Precision Engineering (NODE11508712, IF: 0.00)"
3843,2023,기계공학,112586807,이호상,1,0.0,"Korean Society for Precision Engineering (NODE11508712, IF: 0.00)"
3844,2023,기계공학,476501838,이정욱,1,0.0,"한국동력기계공학회 (NODE11508713, IF: 0.33)"
3845,2023,기계공학,474685144,김창훈,1,0.0,"한국동력기계공학회 (NODE11508713, IF: 0.33)"
3846,2023,기계공학,310164947,이재영,1,0.0,"한국동력기계공학회 (NODE11508714, IF: 0.33)"
3847,2023,기계공학,978063811,이정희,1,0.0,"한국동력기계공학회 (NODE11508714, IF: 0.33)"
3848,2023,기계공학,646599127,노영진,1,0.0,"한국동력기계공학회 (NODE11508716, IF: 0.33)"
3849,2023,기계공학,177907930,김세규,1,0.0,"한국동력기계공학회 (NODE11508718, IF: 0.33)"
3850,2023,기계공학,824556437,박정석,1,0.0,"한국동력기계공학회 (NODE11508720, IF: 0.33)"
3851,2023,기계공학,522999009,정지희,1,0.0,"한국동력기계공학회 (NODE11508722, IF: 0.33)"
3852,2023,기계공학,389336642,김은필,1,0.0,"한국동력기계공학회 (NODE11508724, IF: 0.33)"
3853,2023,기계공학,180619242,김동완,1,0.0,"한국동력기계공학회 (NODE11508724, IF: 0.33)"
3854,2023,기계공학,5414716,윤지민,1,0.0,"한국수소및신에너지학회 (NODE11508728, IF: 0.62)"
3855,2023,기계공학,426894350,최영섭,1,0.0,"한국수소및신에너지학회 (NODE11508728, IF: 0.62)"
3856,2023,기계공학,103036583,김진배,1,0.0,"한국수소및신에너지학회 (NODE11508728, IF: 0.62)"
3857,2023,기계공학,570055394,권수인,1,0.0,"한국수소및신에너지학회 (NODE11508729, IF: 0.62)"
3858,2023,기계공학,831322342,진병석,1,0.0,"한국수소및신에너지학회 (NODE11508729, IF: 0.62)"
3859,2023,기계공학,297726821,최경민,1,0.0,"한국수소및신에너지학회 (NODE11508729, IF: 0.62)"
3860,2023,기계공학,976078723,오환영,1,0.0,"한국수소및신에너지학회 (NODE11508732, IF: 0.62)"
3861,2023,기계공학,676160177,최윤영,1,0.0,"한국수소및신에너지학회 (NODE11508732, IF: 0.62)"
3862,2023,기계공학,590513247,한재수,1,0.0,"한국수소및신에너지학회 (NODE11508733, IF: 0.62)"
3863,2023,기계공학,359150611,이충현,1,0.0,"한국수소및신에너지학회 (NODE11508735, IF: 0.62)"
3864,2023,기계공학,433584554,박흥범,1,0.0,"Korean Society for Precision Engineering (NODE11288371, IF: 0.00)"
3865,2023,기계공학,390141378,김병국,1,0.0,"Korean Society for Precision Engineering (NODE11288371, IF: 0.00)"
3866,2023,기계공학,963772106,황영하,1,0.0,"Korean Society for Precision Engineering (NODE11288371, IF: 0.00)"
3867,2023,기계공학,506572083,김기혁,1,0.0,"Korean Society for Precision Engineering (NODE11288371, IF: 0.00)"
3868,2023,기계공학,585349158,신인수,1,0.0,"Korean Society for Precision Engineering (NODE11288371, IF: 0.00)"
3869,2023,기계공학,282419421,김도영,1,0.0,"Korean Society for Precision Engineering (NODE11288371, IF: 0.00)"
3870,2023,기계공학,331573590,김찬기,1,0.0,"Korean Society for Precision Engineering (NODE11288373, IF: 0.00)"
3871,2023,기계공학,322141519,이응창,1,0.0,"Korean Society for Precision Engineering (NODE11288373, IF: 0.00)"
3872,2023,기계공학,643717811,정동현,1,0.0,"Korean Society for Precision Engineering (NODE11288374, IF: 0.00)"
3873,2023,기계공학,444226734,강도연,1,0.0,"Korean Society for Precision Engineering (NODE11288374, IF: 0.00)"
3874,2023,기계공학,1185250,이지석,1,0.0,"Korean Society for Precision Engineering (NODE11288374, IF: 0.00)"
3875,2023,기계공학,457976378,이창준,1,0.0,"Korean Society for Precision Engineering (NODE11288375, IF: 0.00)"
3876,2023,기계공학,867407926,최훈국,1,0.0,"Korean Society for Precision Engineering (NODE11288375, IF: 0.00)"
3877,2023,기계공학,726391347,손익부,1,0.0,"Korean Society for Precision Engineering (NODE11288375, IF: 0.00)"
3878,2023,기계공학,673846043,하준석,1,0.0,"Korean Society for Precision Engineering (NODE11288375, IF: 0.00)"
3879,2023,기계공학,495708457,김우재,1,0.0,"Korean Society for Precision Engineering (NODE11288376, IF: 0.00)"
3880,2023,기계공학,665987205,박청용,1,0.0,"Korean Society for Precision Engineering (NODE11288379, IF: 0.00)"
3881,2023,기계공학,234343742,정욱철,1,0.0,"Korean Society for Precision Engineering (NODE11288379, IF: 0.00)"
3882,2023,기계공학,427649072,정우봉,1,0.0,"Korean Society for Precision Engineering (NODE11288381, IF: 0.00)"
3883,2023,기계공학,305773091,유재원,1,0.0,"Korean Society for Precision Engineering (NODE11288382, IF: 0.00)"
3884,2023,기계공학,180089350,이명석,1,0.0,"Korean Society for Precision Engineering (NODE11288382, IF: 0.00)"
3885,2023,기계공학,971842593,김양재,1,0.0,"Korean Society for Precision Engineering (NODE11288382, IF: 0.00)"
3886,2023,기계공학,310109837,차석원,1,0.0,"Korean Society for Precision Engineering (NODE11288382, IF: 0.00)"
3887,2023,기계공학,593124477,이성욱,1,0.0,"한국자동차공학회 (NODE11205726, IF: 0.41)"
3888,2023,기계공학,798750900,김재성,1,0.0,"대한용접·접합학회 (NODE11404880, IF: 0.62)"
3889,2023,기계공학,336197456,최원호,1,0.0,"대한용접·접합학회 (NODE11404881, IF: 0.62)"
3890,2023,기계공학,741239295,June Hyung Hwang,1,0.0,"대한용접·접합학회 (NODE11404883, IF: 0.62)"
3891,2023,기계공학,583676158,서보욱,1,0.0,"대한용접·접합학회 (NODE11404887, IF: 0.62)"
3892,2023,기계공학,692734414,한성빈,1,0.0,"대한용접·접합학회 (NODE11404887, IF: 0.62)"
3893,2023,기계공학,294014340,허준영,1,0.0,"대한용접·접합학회 (NODE11404887, IF: 0.62)"
3894,2023,기계공학,875190975,김석,1,0.0,"대한용접·접합학회 (NODE11404887, IF: 0.62)"
3895,2023,기계공학,521503748,김기우,1,0.0,"한국자동차공학회 (NODE11511822, IF: 0.41)"
3896,2023,기계공학,773724471,심준형,1,0.0,"한국자동차공학회 (NODE11511823, IF: 0.41)"
3897,2023,기계공학,865163526,여인웅,1,0.0,"한국자동차공학회 (NODE11511828, IF: 0.41)"
3898,2023,기계공학,671135202,김보경,1,0.0,"한국자동차공학회 (NODE11511828, IF: 0.41)"
3899,2023,기계공학,572579925,노영곤,1,0.0,"한국기계가공학회 (NODE11221714, IF: 0.31)"
3900,2023,기계공학,327443763,하원호,1,0.0,"한국기계가공학회 (NODE11221717, IF: 0.31)"
3901,2023,기계공학,966399280,유영태,1,0.0,"한국기계가공학회 (NODE11221718, IF: 0.31)"
3902,2023,기계공학,258711958,최병재,1,0.0,"한국기계가공학회 (NODE11221718, IF: 0.31)"
3903,2023,기계공학,112138,김진우,1,0.0,"한국기계가공학회 (NODE11221718, IF: 0.31)"
3904,2023,기계공학,573439246,신승우,1,0.0,"한국기계가공학회 (NODE11221719, IF: 0.31)"
3905,2023,기계공학,452724449,강동필,1,0.0,"한국기계가공학회 (NODE11221719, IF: 0.31)"
3906,2023,기계공학,260190206,최광민,1,0.0,"한국기계가공학회 (NODE11221719, IF: 0.31)"
3907,2023,기계공학,892863538,한상철,1,0.0,"한국기계가공학회 (NODE11221719, IF: 0.31)"
3908,2023,기계공학,715306140,강지은,1,0.0,"한국기계가공학회 (NODE11221720, IF: 0.31)"
3909,2023,기계공학,373818057,박수현,1,0.0,"한국기계가공학회 (NODE11221720, IF: 0.31)"
3910,2023,기계공학,114362,손정현,1,0.0,"한국기계가공학회 (NODE11221720, IF: 0.31)"
3911,2023,기계공학,5351070,전재민,1,0.0,"한국기계가공학회 (NODE11221721, IF: 0.31)"
3912,2023,기계공학,288626623,이영림,1,0.0,"한국기계가공학회 (NODE11221721, IF: 0.31)"
3913,2023,기계공학,614326492,김도영,1,0.0,"한국기계가공학회 (NODE11221723, IF: 0.31)"
3914,2023,기계공학,369024697,김백규,1,0.0,"한국기계가공학회 (NODE11221723, IF: 0.31)"
3915,2023,기계공학,147747382,김형우,1,0.0,"한국기계가공학회 (NODE11221723, IF: 0.31)"
3916,2023,기계공학,650724430,서경덕,1,0.0,"한국기계가공학회 (NODE11221723, IF: 0.31)"
3917,2023,기계공학,789231893,박상민,1,0.0,"한국기계가공학회 (NODE11221723, IF: 0.31)"
3918,2023,기계공학,211896864,배근동,1,0.0,"한국기계가공학회 (NODE11221724, IF: 0.31)"
3919,2023,기계공학,844133413,박태현,1,0.0,"한국기계가공학회 (NODE11221724, IF: 0.31)"
3920,2023,기계공학,577629235,배정빈,1,0.0,"한국기계가공학회 (NODE11221726, IF: 0.31)"
3921,2023,기계공학,549611323,김창원,1,0.0,"한국기계가공학회 (NODE11221727, IF: 0.31)"
3922,2023,기계공학,332808693,김성영,1,0.0,"한국소음진동공학회 (NODE11228999, IF: 0.52)"
3923,2023,기계공학,364121071,전상은,1,0.0,"한국소음진동공학회 (NODE11229000, IF: 0.52)"
3924,2023,기계공학,409621139,이효진,1,0.0,"한국소음진동공학회 (NODE11229001, IF: 0.52)"
3925,2023,기계공학,676580754,이상준,1,0.0,"한국소음진동공학회 (NODE11229001, IF: 0.52)"
3926,2023,기계공학,241305299,김성수,1,0.0,"한국자동차공학회 (NODE11221982, IF: 0.41)"
3927,2023,기계공학,324024195,김진형,1,0.0,"한국자동차공학회 (NODE11221987, IF: 0.41)"
3928,2023,기계공학,205972685,김충공,1,0.0,"한국자동차공학회 (NODE11221988, IF: 0.41)"
3929,2023,기계공학,666281673,김서영,1,0.0,"대한설비공학회 (NODE11633152, IF: 0.26)"
3930,2023,기계공학,338714875,박승태,1,0.0,"대한설비공학회 (NODE11633152, IF: 0.26)"
3931,2023,기계공학,991685501,정형권,1,0.0,"대한설비공학회 (NODE11633152, IF: 0.26)"
3932,2023,기계공학,250424091,김세희,1,0.0,"대한설비공학회 (NODE11633152, IF: 0.26)"
3933,2023,기계공학,118081732,임현우,1,0.0,"대한설비공학회 (NODE11633152, IF: 0.26)"
3934,2023,기계공학,960393255,이종숙,1,0.0,"대한설비공학회 (NODE11633152, IF: 0.26)"
3935,2023,기계공학,776390897,김동준,1,0.0,"대한설비공학회 (NODE11633152, IF: 0.26)"
3936,2023,기계공학,894206233,박창주,1,0.0,"대한설비공학회 (NODE11633152, IF: 0.26)"
3937,2023,기계공학,380454941,차영일,1,0.0,"대한설비공학회 (NODE11633152, IF: 0.26)"
3938,2023,기계공학,759729249,박천이,1,0.0,"대한설비공학회 (NODE11633152, IF: 0.26)"
3939,2023,기계공학,614212278,박경수,1,0.0,"대한설비공학회 (NODE11633152, IF: 0.26)"
3940,2023,기계공학,400021924,배병훈,1,0.0,"대한설비공학회 (NODE11633152, IF: 0.26)"
3941,2023,기계공학,497828745,홍민코아응웬,1,0.0,"대한설비공학회 (NODE11633154, IF: 0.26)"
3942,2023,기계공학,165917280,김서영,1,0.0,"대한설비공학회 (NODE11633156, IF: 0.26)"
3943,2023,기계공학,658624917,SUPRIYA GOEL,1,0.0,"대한설비공학회 (NODE11633157, IF: 0.26)"
3944,2023,기계공학,690769545,REID HART,1,0.0,"대한설비공학회 (NODE11633157, IF: 0.26)"
3945,2023,기계공학,190472360,MICHAEL ROSENBERG,1,0.0,"대한설비공학회 (NODE11633157, IF: 0.26)"
3946,2023,기계공학,305460191,허준영,1,0.0,"한국소음진동공학회 (NODE11634769, IF: 0.52)"
3947,2023,기계공학,968661686,신승민,1,0.0,"한국소음진동공학회 (NODE11634769, IF: 0.52)"
3948,2023,기계공학,623447269,정규철,1,0.0,"한국소음진동공학회 (NODE11634769, IF: 0.52)"
3949,2023,기계공학,331025847,김영환,1,0.0,"한국소음진동공학회 (NODE11634769, IF: 0.52)"
3950,2023,기계공학,847265410,이상현,1,0.0,"한국소음진동공학회 (NODE11634770, IF: 0.52)"
3951,2023,기계공학,524208477,박영진,1,0.0,"한국소음진동공학회 (NODE11634770, IF: 0.52)"
3952,2023,기계공학,277136881,천병희,1,0.0,"한국소음진동공학회 (NODE11634771, IF: 0.52)"
3953,2023,기계공학,376683457,김철환,1,0.0,"한국소음진동공학회 (NODE11634771, IF: 0.52)"
3954,2023,기계공학,529604960,장서일,1,0.0,"한국소음진동공학회 (NODE11634771, IF: 0.52)"
3955,2023,기계공학,446571763,류훈재,1,0.0,"한국소음진동공학회 (NODE11634771, IF: 0.52)"
3956,2023,기계공학,5114602,황규용,1,0.0,"한국소음진동공학회 (NODE11634772, IF: 0.52)"
3957,2023,기계공학,528475148,성민상,1,0.0,"한국소음진동공학회 (NODE11634772, IF: 0.52)"
3958,2023,기계공학,898534902,한철희,1,0.0,"한국소음진동공학회 (NODE11634772, IF: 0.52)"
3959,2023,기계공학,527548397,노현규,1,0.0,"한국소음진동공학회 (NODE11634774, IF: 0.52)"
3960,2023,기계공학,411108296,이종훈,1,0.0,"한국소음진동공학회 (NODE11634774, IF: 0.52)"
3961,2023,기계공학,289995614,강신민,1,0.0,"한국소음진동공학회 (NODE11634774, IF: 0.52)"
3962,2023,기계공학,549281443,김휘재,1,0.0,"한국소음진동공학회 (NODE11634775, IF: 0.52)"
3963,2023,기계공학,571030307,박영진,1,0.0,"한국소음진동공학회 (NODE11634775, IF: 0.52)"
3964,2023,기계공학,944154524,이재관,1,0.0,"한국소음진동공학회 (NODE11634776, IF: 0.52)"
3965,2023,기계공학,3672365,노창균,1,0.0,"한국소음진동공학회 (NODE11634776, IF: 0.52)"
3966,2023,기계공학,508578742,유지수,1,0.0,"한국소음진동공학회 (NODE11634776, IF: 0.52)"
3967,2023,기계공학,486245889,김동준,1,0.0,"한국소음진동공학회 (NODE11634777, IF: 0.52)"
3968,2023,기계공학,766483962,우정한,1,0.0,"한국소음진동공학회 (NODE11634777, IF: 0.52)"
3969,2023,기계공학,289218923,강다솜,1,0.0,"한국소음진동공학회 (NODE11634778, IF: 0.52)"
3970,2023,기계공학,673636721,김선민,1,0.0,"한국소음진동공학회 (NODE11634778, IF: 0.52)"
3971,2023,기계공학,974406536,양민혁,1,0.0,"한국소음진동공학회 (NODE11634778, IF: 0.52)"
3972,2023,기계공학,355335718,도승환,1,0.0,"한국소음진동공학회 (NODE11634778, IF: 0.52)"
3973,2023,기계공학,278637624,정도연,1,0.0,"한국소음진동공학회 (NODE11634779, IF: 0.52)"
3974,2023,기계공학,832182188,최영철,1,0.0,"한국소음진동공학회 (NODE11634779, IF: 0.52)"
3975,2023,기계공학,476975851,명호준,1,0.0,"한국소음진동공학회 (NODE11634780, IF: 0.52)"
3976,2023,기계공학,141810159,임재문,1,0.0,"한국소음진동공학회 (NODE11634780, IF: 0.52)"
3977,2023,기계공학,865787987,오민진,1,0.0,"한국소음진동공학회 (NODE11634780, IF: 0.52)"
3978,2023,기계공학,667285200,장종윤,1,0.0,"한국소음진동공학회 (NODE11634780, IF: 0.52)"
3979,2023,기계공학,811324509,김준,1,0.0,"한국소음진동공학회 (NODE11634780, IF: 0.52)"
3980,2023,기계공학,650596409,이현욱,1,0.0,"한국소음진동공학회 (NODE11634781, IF: 0.52)"
3981,2023,기계공학,284905965,한영민,1,0.0,"한국소음진동공학회 (NODE11634782, IF: 0.52)"
3982,2023,기계공학,267079107,Won-bin Oh,1,0.0,"한국생산제조학회 (NODE11635251, IF: 0.34)"
3983,2023,기계공학,480475426,Ji-yeon Shim,1,0.0,"한국생산제조학회 (NODE11635251, IF: 0.34)"
3984,2023,기계공학,581793155,Yun-Taek Yeom,1,0.0,"한국생산제조학회 (NODE11635252, IF: 0.34)"
3985,2023,기계공학,984089899,권병민,1,0.0,"한국생산제조학회 (NODE11635254, IF: 0.34)"
3986,2023,기계공학,176045645,이유나,1,0.0,"한국생산제조학회 (NODE11635254, IF: 0.34)"
3987,2023,기계공학,123998829,김성환,1,0.0,"한국생산제조학회 (NODE11635254, IF: 0.34)"
3988,2023,기계공학,880735639,공호성,1,0.0,"한국트라이볼로지학회 (NODE11691848, IF: 0.46)"
3989,2023,기계공학,560823677,한흥구,1,0.0,"한국트라이볼로지학회 (NODE11691848, IF: 0.46)"
3990,2023,기계공학,497659103,안치윤,1,0.0,"한국트라이볼로지학회 (NODE11691853, IF: 0.46)"
3991,2023,기계공학,232398144,김대은,1,0.0,"한국트라이볼로지학회 (NODE11691853, IF: 0.46)"
3992,2023,기계공학,793323425,문소연,1,0.0,"한국트라이볼로지학회 (NODE11691855, IF: 0.46)"
3993,2023,기계공학,263656254,윤종완,1,0.0,"한국트라이볼로지학회 (NODE11691855, IF: 0.46)"
3994,2023,기계공학,569210145,박상신,1,0.0,"한국트라이볼로지학회 (NODE11691855, IF: 0.46)"
3995,2023,기계공학,735535145,안상현,1,0.0,"한국소음진동공학회 (NODE11229002, IF: 0.52)"
3996,2023,기계공학,296681318,진은서,1,0.0,"한국수소및신에너지학회 (NODE11217300, IF: 0.62)"
3997,2023,기계공학,540423936,정재희,1,0.0,"한국수소및신에너지학회 (NODE11217301, IF: 0.62)"
3998,2023,기계공학,219505195,박철오,1,0.0,"한국수소및신에너지학회 (NODE11217302, IF: 0.62)"
3999,2023,기계공학,213751533,양청현,1,0.0,"한국수소및신에너지학회 (NODE11217302, IF: 0.62)"
4000,2023,기계공학,526612292,김민영,1,0.0,"한국수소및신에너지학회 (NODE11217303, IF: 0.62)"
4001,2023,기계공학,294191428,이수민,1,0.0,"한국수소및신에너지학회 (NODE11217303, IF: 0.62)"
4002,2023,기계공학,434830079,문흥만,1,0.0,"한국수소및신에너지학회 (NODE11217304, IF: 0.62)"
4003,2023,기계공학,459452120,조정호,1,0.0,"한국수소및신에너지학회 (NODE11217304, IF: 0.62)"
4004,2023,기계공학,189821448,한경완,1,0.0,"한국표면공학회 (NODE11217511, IF: 0.22)"
4005,2023,기계공학,208913383,배기창,1,0.0,"한국표면공학회 (NODE11217511, IF: 0.22)"
4006,2023,기계공학,259900033,이정훈,1,0.0,"한국표면공학회 (NODE11217511, IF: 0.22)"
4007,2023,기계공학,521806901,Sung-Hyung Lee,1,0.0,"한국표면공학회 (NODE11217512, IF: 0.22)"
4008,2023,기계공학,891989671,Hitoshi Yashiro,1,0.0,"한국표면공학회 (NODE11217512, IF: 0.22)"
4009,2023,기계공학,895642540,Song-Zhu Kure-Chu,1,0.0,"한국표면공학회 (NODE11217512, IF: 0.22)"
4010,2023,기계공학,934610001,Ramalingam Manikandan,1,0.0,"한국표면공학회 (NODE11217513, IF: 0.22)"
4011,2023,기계공학,158187676,Jang-Hee Yoon,1,0.0,"한국표면공학회 (NODE11217513, IF: 0.22)"
4012,2023,기계공학,465000111,Seung-Cheol Chang,1,0.0,"한국표면공학회 (NODE11217513, IF: 0.22)"
4013,2023,기계공학,844604932,한현호,1,0.0,"한국표면공학회 (NODE11217514, IF: 0.22)"
4014,2023,기계공학,100369773,이상렬,1,0.0,"한국표면공학회 (NODE11217515, IF: 0.22)"
4015,2023,기계공학,160697714,박성수,1,0.0,"한국표면공학회 (NODE11217515, IF: 0.22)"
4016,2023,기계공학,256620253,채수종,1,0.0,"한국표면공학회 (NODE11217515, IF: 0.22)"
4017,2023,기계공학,664261561,박진성,1,0.0,"한국표면공학회 (NODE11217516, IF: 0.22)"
4018,2023,기계공학,465763136,윤덕빈,1,0.0,"한국표면공학회 (NODE11217516, IF: 0.22)"
4019,2023,기계공학,933264603,김상헌,1,0.0,"한국표면공학회 (NODE11217516, IF: 0.22)"
4020,2023,기계공학,930026440,김태엽,1,0.0,"한국표면공학회 (NODE11217516, IF: 0.22)"
4021,2023,기계공학,613445896,김성진,1,0.0,"한국표면공학회 (NODE11217516, IF: 0.22)"
4022,2023,기계공학,109653610,공원효,1,0.0,"한국표면공학회 (NODE11217520, IF: 0.22)"
4023,2023,기계공학,674534702,박광렬,1,0.0,"한국표면공학회 (NODE11217520, IF: 0.22)"
4024,2023,기계공학,813654894,류호준,1,0.0,"한국표면공학회 (NODE11217520, IF: 0.22)"
4025,2023,기계공학,916164465,배인섭,1,0.0,"한국표면공학회 (NODE11217520, IF: 0.22)"
4026,2023,기계공학,421143531,강성일,1,0.0,"한국표면공학회 (NODE11217520, IF: 0.22)"
4027,2023,기계공학,155050557,최승회,1,0.0,"한국표면공학회 (NODE11217520, IF: 0.22)"
4028,2023,기계공학,367307182,차소희,1,0.0,"한국표면공학회 (NODE11217521, IF: 0.22)"
4029,2023,기계공학,209425869,박광헌,1,0.0,"한국표면공학회 (NODE11217521, IF: 0.22)"
4030,2023,기계공학,387617733,권기훈,1,0.0,"한국표면공학회 (NODE11217522, IF: 0.22)"
4031,2023,기계공학,940093376,박현준,1,0.0,"한국표면공학회 (NODE11217522, IF: 0.22)"
4032,2023,기계공학,816163930,안기원,1,0.0,"한국표면공학회 (NODE11217522, IF: 0.22)"
4033,2023,기계공학,614259861,이영국,1,0.0,"한국표면공학회 (NODE11217522, IF: 0.22)"
4034,2023,기계공학,642279324,문경일,1,0.0,"한국표면공학회 (NODE11217522, IF: 0.22)"
4035,2023,기계공학,784691082,주소영,1,0.0,"한국표면공학회 (NODE11217523, IF: 0.22)"
4036,2023,기계공학,892861622,최윤주,1,0.0,"한국표면공학회 (NODE11217523, IF: 0.22)"
4037,2023,기계공학,485443366,최우성,1,0.0,"한국표면공학회 (NODE11217523, IF: 0.22)"
4038,2023,기계공학,294811925,신헌철,1,0.0,"한국표면공학회 (NODE11217523, IF: 0.22)"
4039,2023,기계공학,815732600,이승환,1,0.0,"한국비파괴검사학회 (NODE11444163, IF: 0.41)"
4040,2023,기계공학,224985480,공예슬,1,0.0,"한국비파괴검사학회 (NODE11444163, IF: 0.41)"
4041,2023,기계공학,409480406,남현우,1,0.0,"한국비파괴검사학회 (NODE11444163, IF: 0.41)"
4042,2023,기계공학,652053415,문호연,1,0.0,"한국비파괴검사학회 (NODE11444163, IF: 0.41)"
4043,2023,기계공학,742021310,전준영,1,0.0,"한국비파괴검사학회 (NODE11444163, IF: 0.41)"
4044,2023,기계공학,580389464,안종길,1,0.0,"한국비파괴검사학회 (NODE11444163, IF: 0.41)"
4045,2023,기계공학,969237305,백규정,1,0.0,"한국비파괴검사학회 (NODE11444163, IF: 0.41)"
4046,2023,기계공학,494054545,곽용석,1,0.0,"한국비파괴검사학회 (NODE11444163, IF: 0.41)"
4047,2023,기계공학,638336672,박규해,1,0.0,"한국비파괴검사학회 (NODE11444163, IF: 0.41)"
4048,2023,기계공학,608987577,장창희,1,0.0,"한국비파괴검사학회 (NODE11444165, IF: 0.41)"
4049,2023,기계공학,703118871,남성원,1,0.0,"한국비파괴검사학회 (NODE11444171, IF: 0.41)"
4050,2023,기계공학,558124328,임승택,1,0.0,"한국마린엔지니어링학회 (NODE11219008, IF: 0.23)"
4051,2023,기계공학,946157128,김현주,1,0.0,"한국마린엔지니어링학회 (NODE11219008, IF: 0.23)"
4052,2023,기계공학,934267168,Byeong-Ryong Kim,1,0.0,"한국마린엔지니어링학회 (NODE11219009, IF: 0.23)"
4053,2023,기계공학,953121884,Jin-Seong Cho,1,0.0,"한국마린엔지니어링학회 (NODE11219010, IF: 0.23)"
4054,2023,기계공학,953195526,Soon-kyu Hwang,1,0.0,"한국마린엔지니어링학회 (NODE11219011, IF: 0.23)"
4055,2023,기계공학,146749546,Byung-gun Jung,1,0.0,"한국마린엔지니어링학회 (NODE11219011, IF: 0.23)"
4056,2023,기계공학,215822365,Zitong Qu,1,0.0,"한국마린엔지니어링학회 (NODE11219012, IF: 0.23)"
4057,2023,기계공학,607998687,Cuong Truong Ngoc,1,0.0,"한국마린엔지니어링학회 (NODE11219012, IF: 0.23)"
4058,2023,기계공학,694759968,Long Le Ngoc Bao,1,0.0,"한국마린엔지니어링학회 (NODE11219012, IF: 0.23)"
4059,2023,기계공학,380983250,황윤재,1,0.0,"Korean Society for Precision Engineering (NODE11219121, IF: 0.00)"
4060,2023,기계공학,347322610,임민혁,1,0.0,"Korean Society for Precision Engineering (NODE11219121, IF: 0.00)"
4061,2023,기계공학,296267085,팽창웅,1,0.0,"Korean Society for Precision Engineering (NODE11219121, IF: 0.00)"
4062,2023,기계공학,1386626,김범준,1,0.0,"Korean Society for Precision Engineering (NODE11219123, IF: 0.00)"
4063,2023,기계공학,886527742,이석록,1,0.0,"Korean Society for Precision Engineering (NODE11219124, IF: 0.00)"
4064,2023,기계공학,329774222,김은아,1,0.0,"Korean Society for Precision Engineering (NODE11219124, IF: 0.00)"
4065,2023,기계공학,667427358,김예림,1,0.0,"Korean Society for Precision Engineering (NODE11219124, IF: 0.00)"
4066,2023,기계공학,530128919,김달균,1,0.0,"Korean Society for Precision Engineering (NODE11219124, IF: 0.00)"
4067,2023,기계공학,508860358,김선주,1,0.0,"Korean Society for Precision Engineering (NODE11219124, IF: 0.00)"
4068,2023,기계공학,748143466,원순호,1,0.0,"Korean Society for Precision Engineering (NODE11219124, IF: 0.00)"
4069,2023,기계공학,371689798,이학성,1,0.0,"Korean Society for Precision Engineering (NODE11219124, IF: 0.00)"
4070,2023,기계공학,532293062,최장욱,1,0.0,"Korean Society for Precision Engineering (NODE11219125, IF: 0.00)"
4071,2023,기계공학,499195415,김남용,1,0.0,"Korean Society for Precision Engineering (NODE11219127, IF: 0.00)"
4072,2023,기계공학,880028476,백진욱,1,0.0,"Korean Society for Precision Engineering (NODE11219127, IF: 0.00)"
4073,2023,기계공학,764065131,곽기명,1,0.0,"Korean Society for Precision Engineering (NODE11219127, IF: 0.00)"
4074,2023,기계공학,906583972,신현표,1,0.0,"Korean Society for Precision Engineering (NODE11219129, IF: 0.00)"
4075,2023,기계공학,5125076,문준희,1,0.0,"Korean Society for Precision Engineering (NODE11219129, IF: 0.00)"
4076,2023,기계공학,5351855,김동규,1,0.0,"Korean Society for Precision Engineering (NODE11219130, IF: 0.00)"
4077,2023,기계공학,4091017,오종민,1,0.0,"Korean Society for Precision Engineering (NODE11219132, IF: 0.00)"
4078,2023,기계공학,766087240,강용태,1,0.0,"대한설비공학회 (NODE11194876, IF: 0.26)"
4079,2023,기계공학,292606647,정재동,1,0.0,"대한설비공학회 (NODE11194877, IF: 0.26)"
4080,2023,기계공학,625224909,민준기,1,0.0,"대한설비공학회 (NODE11194878, IF: 0.26)"
4081,2023,기계공학,720881762,이현종,1,0.0,"대한설비공학회 (NODE11194879, IF: 0.26)"
4082,2023,기계공학,487447289,이재인,1,0.0,"대한설비공학회 (NODE11194880, IF: 0.26)"
4083,2023,기계공학,971154354,정구영,1,0.0,"대한설비공학회 (NODE11194880, IF: 0.26)"
4084,2023,기계공학,765710522,최철,1,0.0,"대한설비공학회 (NODE11194881, IF: 0.26)"
4085,2023,기계공학,693468983,김충회,1,0.0,"대한설비공학회 (NODE11194883, IF: 0.26)"
4086,2023,기계공학,886977298,최철완,1,0.0,"대한설비공학회 (NODE11194883, IF: 0.26)"
4087,2023,기계공학,302078084,안성진,1,0.0,"대한설비공학회 (NODE11194884, IF: 0.26)"
4088,2023,기계공학,794759884,김이진,1,0.0,"대한설비공학회 (NODE11194884, IF: 0.26)"
4089,2023,기계공학,749728695,Richard Sweetser,1,0.0,"대한설비공학회 (NODE11194885, IF: 0.26)"
4090,2023,기계공학,433760633,浅野良晴,1,0.0,"대한설비공학회 (NODE11194886, IF: 0.26)"
4091,2023,기계공학,965322768,조희근,1,0.0,"한국생산제조학회 (NODE11635255, IF: 0.34)"
4092,2023,기계공학,589185109,박정호,1,0.0,"한국생산제조학회 (NODE11635262, IF: 0.34)"
4093,2023,기계공학,816393298,유혁상,1,0.0,"한국생산제조학회 (NODE11635262, IF: 0.34)"
4094,2023,기계공학,533370599,김창훈,1,0.0,"한국생산제조학회 (NODE11635262, IF: 0.34)"
4095,2023,기계공학,1797180,이철주,1,0.0,"한국생산제조학회 (NODE11635262, IF: 0.34)"
4096,2023,기계공학,954442412,황성환,1,0.0,"한국생산제조학회 (NODE11635262, IF: 0.34)"
4097,2023,기계공학,583329652,임병직,1,0.0,"한국생산제조학회 (NODE11635262, IF: 0.34)"
4098,2023,기계공학,806714897,윤용현,1,0.0,"한국자동차공학회 (NODE11205724, IF: 0.41)"
4099,2023,기계공학,537344034,유직수,1,0.0,"한국동력기계공학회 (NODE11651426, IF: 0.33)"
4100,2023,기계공학,581354428,김명준,1,0.0,"한국동력기계공학회 (NODE11651426, IF: 0.33)"
4101,2023,기계공학,4625426,민태홍,1,0.0,"한국동력기계공학회 (NODE11651427, IF: 0.33)"
4102,2023,기계공학,425814370,송정원,1,0.0,"한국동력기계공학회 (NODE11651427, IF: 0.33)"
4103,2023,기계공학,843361864,임기정,1,0.0,"한국동력기계공학회 (NODE11651427, IF: 0.33)"
4104,2023,기계공학,904096001,이준기,1,0.0,"한국동력기계공학회 (NODE11651436, IF: 0.33)"
4105,2023,기계공학,714562163,신성호,1,0.0,"한국동력기계공학회 (NODE11651436, IF: 0.33)"
4106,2023,기계공학,799739677,이경희,1,0.0,"한국동력기계공학회 (NODE11651436, IF: 0.33)"
4107,2023,기계공학,557928159,주영현,1,0.0,"한국동력기계공학회 (NODE11651437, IF: 0.33)"
4108,2023,기계공학,981513352,김영란,1,0.0,"한국환경에너지공학회 (NODE11651640, IF: 0.00)"
4109,2023,기계공학,316190599,강준구,1,0.0,"한국환경에너지공학회 (NODE11651640, IF: 0.00)"
4110,2023,기계공학,394145413,엄혜원,1,0.0,"한국환경에너지공학회 (NODE11651643, IF: 0.00)"
4111,2023,기계공학,5483631,최지은,1,0.0,"한국환경에너지공학회 (NODE11651643, IF: 0.00)"
4112,2023,기계공학,496341691,김윤지,1,0.0,"한국환경에너지공학회 (NODE11651643, IF: 0.00)"
4113,2023,기계공학,572546259,이수연,1,0.0,"한국환경에너지공학회 (NODE11651643, IF: 0.00)"
4114,2023,기계공학,210514787,이주영,1,0.0,"한국환경에너지공학회 (NODE11651643, IF: 0.00)"
4115,2023,기계공학,849870857,김세원,1,0.0,"한국환경에너지공학회 (NODE11651647, IF: 0.00)"
4116,2023,기계공학,125030614,최현준,1,0.0,"한국환경에너지공학회 (NODE11651647, IF: 0.00)"
4117,2023,기계공학,585178431,김영석,1,0.0,"한국환경에너지공학회 (NODE11651647, IF: 0.00)"
4118,2023,기계공학,211110360,이상은,1,0.0,"한국환경에너지공학회 (NODE11651649, IF: 0.00)"
4119,2023,기계공학,847048631,백승한,1,0.0,"한국환경에너지공학회 (NODE11651649, IF: 0.00)"
4120,2023,기계공학,527609250,배효진,1,0.0,"한국환경에너지공학회 (NODE11651649, IF: 0.00)"
4121,2023,기계공학,165037239,김석휘,1,0.0,"한국환경에너지공학회 (NODE11651649, IF: 0.00)"
4122,2023,기계공학,891897741,김지후,1,0.0,"한국전산유체공학회 (NODE11651682, IF: 0.30)"
4123,2023,기계공학,553930390,박영준,1,0.0,"한국전산유체공학회 (NODE11651682, IF: 0.30)"
4124,2023,기계공학,976234836,유동현,1,0.0,"한국전산유체공학회 (NODE11651682, IF: 0.30)"
4125,2023,기계공학,505886865,고봉기,1,0.0,"한국전산유체공학회 (NODE11651683, IF: 0.30)"
4126,2023,기계공학,490466544,박현빈,1,0.0,"한국전산유체공학회 (NODE11651684, IF: 0.30)"
4127,2023,기계공학,909670324,강유업,1,0.0,"한국전산유체공학회 (NODE11651684, IF: 0.30)"
4128,2023,기계공학,915042477,이상아,1,0.0,"한국전산유체공학회 (NODE11651684, IF: 0.30)"
4129,2023,기계공학,282984264,유경미,1,0.0,"한국전산유체공학회 (NODE11651686, IF: 0.30)"
4130,2023,기계공학,863549589,조성진,1,0.0,"한국전산유체공학회 (NODE11651686, IF: 0.30)"
4131,2023,기계공학,233992902,김완진,1,0.0,"한국전산유체공학회 (NODE11651686, IF: 0.30)"
4132,2023,기계공학,549311511,이상욱,1,0.0,"한국전산유체공학회 (NODE11651686, IF: 0.30)"
4133,2023,기계공학,279538560,홍성근,1,0.0,"한국전산유체공학회 (NODE11651687, IF: 0.30)"
4134,2023,기계공학,806446019,전원진,1,0.0,"한국전산유체공학회 (NODE11651687, IF: 0.30)"
4135,2023,기계공학,225760277,최준민,1,0.0,"한국트라이볼로지학회 (NODE11412961, IF: 0.46)"
4136,2023,기계공학,962577867,박상문,1,0.0,"한국트라이볼로지학회 (NODE11412961, IF: 0.46)"
4137,2023,기계공학,794311772,김영준,1,0.0,"한국트라이볼로지학회 (NODE11412961, IF: 0.46)"
4138,2023,기계공학,265957541,김성훈,1,0.0,"한국트라이볼로지학회 (NODE11412961, IF: 0.46)"
4139,2023,기계공학,278549808,김혜민,1,0.0,"한국트라이볼로지학회 (NODE11412961, IF: 0.46)"
4140,2023,기계공학,354469407,박정언,1,0.0,"한국트라이볼로지학회 (NODE11412961, IF: 0.46)"
4141,2023,기계공학,587689975,유정원,1,0.0,"한국트라이볼로지학회 (NODE11412961, IF: 0.46)"
4142,2023,기계공학,574860047,이명규,1,0.0,"한국트라이볼로지학회 (NODE11412961, IF: 0.46)"
4143,2023,기계공학,173772533,이현우,1,0.0,"한국트라이볼로지학회 (NODE11412961, IF: 0.46)"
4144,2023,기계공학,201514072,백승익,1,0.0,"한국트라이볼로지학회 (NODE11412962, IF: 0.46)"
4145,2023,기계공학,202259009,김태완,1,0.0,"한국트라이볼로지학회 (NODE11412962, IF: 0.46)"
4146,2023,기계공학,497922185,문민주,1,0.0,"한국트라이볼로지학회 (NODE11412963, IF: 0.46)"
4147,2023,기계공학,5487340,이정인,1,0.0,"한국트라이볼로지학회 (NODE11412963, IF: 0.46)"
4148,2023,기계공학,684213863,이현섭,1,0.0,"한국트라이볼로지학회 (NODE11412964, IF: 0.46)"
4149,2023,기계공학,566168317,황우현,1,0.0,"한국자동차공학회 (NODE11488736, IF: 0.41)"
4150,2023,기계공학,753101248,정완교,1,0.0,"한국자동차공학회 (NODE11488736, IF: 0.41)"
4151,2023,기계공학,268813680,하병우,1,0.0,"한국자동차공학회 (NODE11488736, IF: 0.41)"
4152,2023,기계공학,231664309,오세욱,1,0.0,"한국자동차공학회 (NODE11488737, IF: 0.41)"
4153,2023,기계공학,773512,백승호,1,0.0,"한국자동차공학회 (NODE11488737, IF: 0.41)"
4154,2023,기계공학,751168355,박상준,1,0.0,"한국자동차공학회 (NODE11488737, IF: 0.41)"
4155,2023,기계공학,239575666,김제원,1,0.0,"한국자동차공학회 (NODE11488737, IF: 0.41)"
4156,2023,기계공학,533579132,박정영,1,0.0,"한국자동차공학회 (NODE11488738, IF: 0.41)"
4157,2023,기계공학,376652033,권재준,1,0.0,"한국자동차공학회 (NODE11488738, IF: 0.41)"
4158,2023,기계공학,413526,오만주,1,0.0,"한국자동차공학회 (NODE11488741, IF: 0.41)"
4159,2023,기계공학,725918683,양현규,1,0.0,"한국자동차공학회 (NODE11488741, IF: 0.41)"
4160,2023,기계공학,2077011,정소라,1,0.0,"한국자동차공학회 (NODE11488741, IF: 0.41)"
4161,2023,기계공학,931844225,김명환,1,0.0,"한국자동차공학회 (NODE11488742, IF: 0.41)"
4162,2023,기계공학,582188377,하성용,1,0.0,"한국자동차공학회 (NODE11488743, IF: 0.41)"
4163,2023,기계공학,744067809,백송하,1,0.0,"한국자동차공학회 (NODE11488744, IF: 0.41)"
4164,2023,기계공학,531280645,이창우,1,0.0,"한국자동차공학회 (NODE11488744, IF: 0.41)"
4165,2023,기계공학,5431307,박홍영,1,0.0,"한국추진공학회 (NODE11704304, IF: 0.33)"
4166,2023,기계공학,491123769,이상훈,1,0.0,"한국추진공학회 (NODE11704306, IF: 0.33)"
4167,2023,기계공학,509106637,정수인,1,0.0,"한국추진공학회 (NODE11704306, IF: 0.33)"
4168,2023,기계공학,549799157,최병익,1,0.0,"한국추진공학회 (NODE11704306, IF: 0.33)"
4169,2023,기계공학,631348860,김혜빈,1,0.0,"한국추진공학회 (NODE11704306, IF: 0.33)"
4170,2023,기계공학,703952736,김귀순,1,0.0,"한국추진공학회 (NODE11704306, IF: 0.33)"
4171,2023,기계공학,328632134,이예준,1,0.0,"한국추진공학회 (NODE11704307, IF: 0.33)"
4172,2023,기계공학,496848018,오주영,1,0.0,"한국추진공학회 (NODE11704307, IF: 0.33)"
4173,2023,기계공학,430643464,김수현,1,0.0,"한국추진공학회 (NODE11704308, IF: 0.33)"
4174,2023,기계공학,667867414,심창열,1,0.0,"한국추진공학회 (NODE11704309, IF: 0.33)"
4175,2023,기계공학,717848601,이재호,1,0.0,"한국추진공학회 (NODE11704309, IF: 0.33)"
4176,2023,기계공학,555466300,김선용,1,0.0,"한국추진공학회 (NODE11704309, IF: 0.33)"
4177,2023,기계공학,359007362,남궁혁준,1,0.0,"한국추진공학회 (NODE11704309, IF: 0.33)"
4178,2023,기계공학,116787574,김승빈,1,0.0,"대한설비공학회 (NODE11506970, IF: 0.26)"
4179,2023,기계공학,813453978,장아민,1,0.0,"대한설비공학회 (NODE11506973, IF: 0.26)"
4180,2023,기계공학,523567216,김철,1,0.0,"대한설비공학회 (NODE11506973, IF: 0.26)"
4181,2023,기계공학,265138843,김소연,1,0.0,"대한설비공학회 (NODE11506974, IF: 0.26)"
4182,2023,기계공학,1820955,윤요선,1,0.0,"대한설비공학회 (NODE11506974, IF: 0.26)"
4183,2023,기계공학,808416996,김슬기,1,0.0,"유공압건설기계학회 (NODE11509603, IF: 2.21)"
4184,2023,기계공학,949347054,여시준,1,0.0,"유공압건설기계학회 (NODE11509603, IF: 2.21)"
4185,2023,기계공학,683520067,강범준,1,0.0,"유공압건설기계학회 (NODE11509603, IF: 2.21)"
4186,2023,기계공학,702181949,진원준,1,0.0,"유공압건설기계학회 (NODE11509603, IF: 2.21)"
4187,2023,기계공학,876012712,양이우,1,0.0,"유공압건설기계학회 (NODE11509603, IF: 2.21)"
4188,2023,기계공학,108147825,곽도훈,1,0.0,"한국기계가공학회 (NODE11211675, IF: 0.31)"
4189,2023,기계공학,123156,정동연,1,0.0,"한국기계가공학회 (NODE11211675, IF: 0.31)"
4190,2023,기계공학,795698817,김원국,1,0.0,"한국기계가공학회 (NODE11211675, IF: 0.31)"
4191,2023,기계공학,942910211,양성문,1,0.0,"한국기계가공학회 (NODE11211676, IF: 0.31)"
4192,2023,기계공학,307463934,유재현,1,0.0,"한국기계가공학회 (NODE11211676, IF: 0.31)"
4193,2023,기계공학,264855435,김준호,1,0.0,"한국기계가공학회 (NODE11211676, IF: 0.31)"
4194,2023,기계공학,470440808,김현진,1,0.0,"한국기계가공학회 (NODE11211676, IF: 0.31)"
4195,2023,기계공학,537940916,김민한,1,0.0,"한국기계가공학회 (NODE11211676, IF: 0.31)"
4196,2023,기계공학,738866586,노태열,1,0.0,"한국기계가공학회 (NODE11211676, IF: 0.31)"
4197,2023,기계공학,844098045,박상만,1,0.0,"한국기계가공학회 (NODE11211676, IF: 0.31)"
4198,2023,기계공학,441679964,조승영,1,0.0,"한국기계가공학회 (NODE11211677, IF: 0.31)"
4199,2023,기계공학,663683240,신광용,1,0.0,"한국기계가공학회 (NODE11211677, IF: 0.31)"
4200,2023,기계공학,846425994,이기용,1,0.0,"한국기계가공학회 (NODE11211677, IF: 0.31)"
4201,2023,기계공학,144519021,성동민,1,0.0,"한국기계가공학회 (NODE11211678, IF: 0.31)"
4202,2023,기계공학,131670735,이용호,1,0.0,"한국기계가공학회 (NODE11211679, IF: 0.31)"
4203,2023,기계공학,578982734,이민태,1,0.0,"한국기계가공학회 (NODE11211679, IF: 0.31)"
4204,2023,기계공학,399674422,권상은,1,0.0,"한국기계가공학회 (NODE11211679, IF: 0.31)"
4205,2023,기계공학,839233527,김경희,1,0.0,"한국기계가공학회 (NODE11211679, IF: 0.31)"
4206,2023,기계공학,296216632,김정근,1,0.0,"한국기계가공학회 (NODE11211680, IF: 0.31)"
4207,2023,기계공학,851270787,은희준,1,0.0,"한국기계가공학회 (NODE11211680, IF: 0.31)"
4208,2023,기계공학,276912806,강세찬,1,0.0,"한국기계가공학회 (NODE11211681, IF: 0.31)"
4209,2023,기계공학,5115201,성규진,1,0.0,"한국기계가공학회 (NODE11211681, IF: 0.31)"
4210,2023,기계공학,537700131,윤도환,1,0.0,"한국기계가공학회 (NODE11211681, IF: 0.31)"
4211,2023,기계공학,716932472,김현식,1,0.0,"한국기계가공학회 (NODE11211684, IF: 0.31)"
4212,2023,기계공학,990901201,이주은,1,0.0,"한국기계가공학회 (NODE11211684, IF: 0.31)"
4213,2023,기계공학,120690423,이재홍,1,0.0,"한국기계가공학회 (NODE11211685, IF: 0.31)"
4214,2023,기계공학,496379871,박광하,1,0.0,"한국기계가공학회 (NODE11211685, IF: 0.31)"
4215,2023,기계공학,911267449,구재량,1,0.0,"한국기계가공학회 (NODE11211685, IF: 0.31)"
4216,2023,기계공학,291280620,박준수,1,0.0,"한국기계가공학회 (NODE11211685, IF: 0.31)"
4217,2023,기계공학,718455812,박현구,1,0.0,"한국기계가공학회 (NODE11211685, IF: 0.31)"
4218,2023,기계공학,127854700,김동주,1,0.0,"한국기계가공학회 (NODE11211687, IF: 0.31)"
4219,2023,기계공학,490424080,차은진,1,0.0,"한국기계가공학회 (NODE11211688, IF: 0.31)"
4220,2023,기계공학,828231641,신창섭,1,0.0,"한국기계가공학회 (NODE11211688, IF: 0.31)"
4221,2023,기계공학,257525900,박용성,1,0.0,"한국기계가공학회 (NODE11211690, IF: 0.31)"
4222,2023,기계공학,149943070,김명진,1,0.0,"한국기계가공학회 (NODE11211691, IF: 0.31)"
4223,2023,기계공학,949547473,Xiaolin Huang,1,0.0,"한국유체기계학회 (NODE11395907, IF: 0.29)"
4224,2023,기계공학,215298368,Hiromichi Koga,1,0.0,"한국유체기계학회 (NODE11395908, IF: 0.29)"
4225,2023,기계공학,774668257,Terumi I nagaki,1,0.0,"한국유체기계학회 (NODE11395908, IF: 0.29)"
4226,2023,기계공학,613674540,Donghyuk Kang,1,0.0,"한국유체기계학회 (NODE11395909, IF: 0.29)"
4227,2023,기계공학,935192797,Wakana Tsuru,1,0.0,"한국유체기계학회 (NODE11395909, IF: 0.29)"
4228,2023,기계공학,593148594,Ono Koudai,1,0.0,"한국유체기계학회 (NODE11395909, IF: 0.29)"
4229,2023,기계공학,884899977,Kazuhiko Yokota,1,0.0,"한국유체기계학회 (NODE11395909, IF: 0.29)"
4230,2023,기계공학,305399198,Jae Hyun Ma,1,0.0,"한국유체기계학회 (NODE11395910, IF: 0.29)"
4231,2023,기계공학,760918046,Kyung Ho Chung,1,0.0,"한국유체기계학회 (NODE11395910, IF: 0.29)"
4232,2023,기계공학,660025332,리광훈,1,0.0,"대한설비공학회 (NODE11396062, IF: 0.26)"
4233,2023,기계공학,709699,이병두,1,0.0,"대한설비공학회 (NODE11396064, IF: 0.26)"
4234,2023,기계공학,100458837,김호,1,0.0,"대한설비공학회 (NODE11396065, IF: 0.26)"
4235,2023,기계공학,657391990,송은혜,1,0.0,"대한설비공학회 (NODE11396065, IF: 0.26)"
4236,2023,기계공학,672564609,한성국,1,0.0,"대한설비공학회 (NODE11396065, IF: 0.26)"
4237,2023,기계공학,415272402,이의준,1,0.0,"대한설비공학회 (NODE11396066, IF: 0.26)"
4238,2023,기계공학,251519065,최형진,1,0.0,"대한설비공학회 (NODE11396067, IF: 0.26)"
4239,2023,기계공학,473810623,박시삼,1,0.0,"대한설비공학회 (NODE11396067, IF: 0.26)"
4240,2023,기계공학,365912940,김종규,1,0.0,"대한설비공학회 (NODE11396067, IF: 0.26)"
4241,2023,기계공학,902278655,住吉大輔,1,0.0,"대한설비공학회 (NODE11396069, IF: 0.26)"
4242,2023,기계공학,112901436,金惠美,1,0.0,"대한설비공학회 (NODE11396069, IF: 0.26)"
4243,2023,기계공학,457337852,김연희,1,0.0,"항공우주시스템공학회 (NODE11405022, IF: 0.31)"
4244,2023,기계공학,332790494,남지민,1,0.0,"항공우주시스템공학회 (NODE11405023, IF: 0.31)"
4245,2023,기계공학,507240961,박준이,1,0.0,"항공우주시스템공학회 (NODE11405024, IF: 0.31)"
4246,2023,기계공학,607550824,김명준,1,0.0,"항공우주시스템공학회 (NODE11405024, IF: 0.31)"
4247,2023,기계공학,969957510,강병규,1,0.0,"항공우주시스템공학회 (NODE11405026, IF: 0.31)"
4248,2023,기계공학,565459895,이예주,1,0.0,"항공우주시스템공학회 (NODE11405029, IF: 0.31)"
4249,2023,기계공학,333775002,김휘엽,1,0.0,"항공우주시스템공학회 (NODE11405029, IF: 0.31)"
4250,2023,기계공학,744444305,정병민,1,0.0,"항공우주시스템공학회 (NODE11405031, IF: 0.31)"
4251,2023,기계공학,261689961,장대성,1,0.0,"항공우주시스템공학회 (NODE11405031, IF: 0.31)"
4252,2023,기계공학,150712186,황남웅,1,0.0,"항공우주시스템공학회 (NODE11405031, IF: 0.31)"
4253,2023,기계공학,908099001,김준원,1,0.0,"항공우주시스템공학회 (NODE11405031, IF: 0.31)"
4254,2023,기계공학,610957707,최한림,1,0.0,"항공우주시스템공학회 (NODE11405031, IF: 0.31)"
4255,2023,기계공학,630086149,최재섭,1,0.0,"항공우주시스템공학회 (NODE11405032, IF: 0.31)"
4256,2023,기계공학,773627112,박연혁,1,0.0,"항공우주시스템공학회 (NODE11405032, IF: 0.31)"
4257,2023,기계공학,333570159,손민영,1,0.0,"항공우주시스템공학회 (NODE11405033, IF: 0.31)"
4258,2023,기계공학,387128094,이정훈,1,0.0,"항공우주시스템공학회 (NODE11405034, IF: 0.31)"
4259,2023,기계공학,111817545,이호섭,1,0.0,"항공우주시스템공학회 (NODE11405034, IF: 0.31)"
4260,2023,기계공학,125070941,Hong Ryul Park,1,0.0,"Korean Society for Precision Engineering (NODE11485053, IF: 0.00)"
4261,2023,기계공학,926381690,Jeong-Won Lee,1,0.0,"Korean Society for Precision Engineering (NODE11485053, IF: 0.00)"
4262,2023,기계공학,497403190,Seongmin Kim,1,0.0,"Korean Society for Precision Engineering (NODE11485053, IF: 0.00)"
4263,2023,기계공학,927850300,Kihwan Kim,1,0.0,"Korean Society for Precision Engineering (NODE11485053, IF: 0.00)"
4264,2023,기계공학,644000697,Yeonggeun Kim,1,0.0,"Korean Society for Precision Engineering (NODE11485053, IF: 0.00)"
4265,2023,기계공학,765927294,윤영찬,1,0.0,"Korean Society for Precision Engineering (NODE11485054, IF: 0.00)"
4266,2023,기계공학,939517962,강성구,1,0.0,"Korean Society for Precision Engineering (NODE11485055, IF: 0.00)"
4267,2023,기계공학,504158627,황지홍,1,0.0,"Korean Society for Precision Engineering (NODE11485055, IF: 0.00)"
4268,2023,기계공학,151407749,하형진,1,0.0,"Korean Society for Precision Engineering (NODE11485056, IF: 0.00)"
4269,2023,기계공학,234410240,정태형,1,0.0,"Korean Society for Precision Engineering (NODE11485056, IF: 0.00)"
4270,2023,기계공학,544304300,이상훈,1,0.0,"Korean Society for Precision Engineering (NODE11485057, IF: 0.00)"
4271,2023,기계공학,215745490,오승민,1,0.0,"Korean Society for Precision Engineering (NODE11485057, IF: 0.00)"
4272,2023,기계공학,222735194,박서림,1,0.0,"Korean Society for Precision Engineering (NODE11485057, IF: 0.00)"
4273,2023,기계공학,417755801,김유정,1,0.0,"Korean Society for Precision Engineering (NODE11485060, IF: 0.00)"
4274,2023,기계공학,911804716,방희선,1,0.0,"Korean Society for Precision Engineering (NODE11485060, IF: 0.00)"
4275,2023,기계공학,631020615,이승훈,1,0.0,"Korean Society for Precision Engineering (NODE11485061, IF: 0.00)"
4276,2023,기계공학,618382813,이동우,1,0.0,"Korean Society for Precision Engineering (NODE11485061, IF: 0.00)"
4277,2023,기계공학,795173974,송정일,1,0.0,"Korean Society for Precision Engineering (NODE11485061, IF: 0.00)"
4278,2023,기계공학,1795315,최지석,1,0.0,"Korean Society for Precision Engineering (NODE11485062, IF: 0.00)"
4279,2023,기계공학,517954019,Su-Yeon Lee,1,0.0,"Korean Society for Precision Engineering (NODE11485063, IF: 0.00)"
4280,2023,기계공학,848522399,김용호,1,0.0,"한국항공우주학회 (NODE11485111, IF: 0.40)"
4281,2023,기계공학,913842267,박용규,1,0.0,"한국항공우주학회 (NODE11485111, IF: 0.40)"
4282,2023,기계공학,694818701,박범진,1,0.0,"한국항공우주학회 (NODE11485112, IF: 0.40)"
4283,2023,기계공학,990858688,류한석,1,0.0,"한국항공우주학회 (NODE11485112, IF: 0.40)"
4284,2023,기계공학,610712931,구삼옥,1,0.0,"한국항공우주학회 (NODE11485112, IF: 0.40)"
4285,2023,기계공학,274317197,조암,1,0.0,"한국항공우주학회 (NODE11485112, IF: 0.40)"
4286,2023,기계공학,878365910,유창선,1,0.0,"한국항공우주학회 (NODE11485112, IF: 0.40)"
4287,2023,기계공학,834853649,이민태,1,0.0,"한국항공우주학회 (NODE11485115, IF: 0.40)"
4288,2023,기계공학,402687359,이용호,1,0.0,"한국항공우주학회 (NODE11485115, IF: 0.40)"
4289,2023,기계공학,163271957,권상은,1,0.0,"한국항공우주학회 (NODE11485115, IF: 0.40)"
4290,2023,기계공학,195137301,소홍주,1,0.0,"한국항공우주학회 (NODE11485115, IF: 0.40)"
4291,2023,기계공학,272034051,정하나,1,0.0,"한국항공우주학회 (NODE11485115, IF: 0.40)"
4292,2023,기계공학,645223208,한우제,1,0.0,"한국항공우주학회 (NODE11485115, IF: 0.40)"
4293,2023,기계공학,840078263,김경희,1,0.0,"한국항공우주학회 (NODE11485115, IF: 0.40)"
4294,2023,기계공학,462198380,정명휘,1,0.0,"한국항공우주학회 (NODE11485115, IF: 0.40)"
4295,2023,기계공학,591171542,이병로,1,0.0,"한국항공우주학회 (NODE11485115, IF: 0.40)"
4296,2023,기계공학,424276142,김해문,1,0.0,"한국항공우주학회 (NODE11485116, IF: 0.40)"
4297,2023,기계공학,715864761,안종식,1,0.0,"한국항공우주학회 (NODE11485116, IF: 0.40)"
4298,2023,기계공학,567688128,이태영,1,0.0,"한국항공우주학회 (NODE11485116, IF: 0.40)"
4299,2023,기계공학,967065951,최병인,1,0.0,"한국항공우주학회 (NODE11485116, IF: 0.40)"
4300,2023,기계공학,531474674,조현철,1,0.0,"한국항공우주학회 (NODE11485118, IF: 0.40)"
4301,2023,기계공학,336460280,정철주,1,0.0,"한국항공우주학회 (NODE11485118, IF: 0.40)"
4302,2023,기계공학,831553940,강래충,1,0.0,"한국항공우주학회 (NODE11485119, IF: 0.40)"
4303,2023,기계공학,970407169,유제용,1,0.0,"한국유체기계학회 (NODE11485190, IF: 0.29)"
4304,2023,기계공학,107679353,김덕수,1,0.0,"한국유체기계학회 (NODE11485190, IF: 0.29)"
4305,2023,기계공학,147876226,이경태,1,0.0,"한국유체기계학회 (NODE11485191, IF: 0.29)"
4306,2023,기계공학,894001354,양희문,1,0.0,"한국유체기계학회 (NODE11485191, IF: 0.29)"
4307,2023,기계공학,732934280,이상선,1,0.0,"한국유체기계학회 (NODE11485191, IF: 0.29)"
4308,2023,기계공학,113672,김기문,1,0.0,"한국유체기계학회 (NODE11485191, IF: 0.29)"
4309,2023,기계공학,359257323,손갑식,1,0.0,"한국유체기계학회 (NODE11485192, IF: 0.29)"
4310,2023,기계공학,339470516,정진우,1,0.0,"한국유체기계학회 (NODE11485193, IF: 0.29)"
4311,2023,기계공학,649470122,김어진,1,0.0,"한국유체기계학회 (NODE11485193, IF: 0.29)"
4312,2023,기계공학,545783686,하진웅,1,0.0,"한국유체기계학회 (NODE11485193, IF: 0.29)"
4313,2023,기계공학,673574303,박정환,1,0.0,"한국유체기계학회 (NODE11485194, IF: 0.29)"
4314,2023,기계공학,921880046,이정익,1,0.0,"한국유체기계학회 (NODE11485194, IF: 0.29)"
4315,2023,기계공학,141369937,박해민,1,0.0,"한국유체기계학회 (NODE11485198, IF: 0.29)"
4316,2023,기계공학,227955370,배성원,1,0.0,"한국유체기계학회 (NODE11485198, IF: 0.29)"
4317,2023,기계공학,896473566,이승욱,1,0.0,"한국유체기계학회 (NODE11485198, IF: 0.29)"
4318,2023,기계공학,182168293,최현정,1,0.0,"대한기계학회 (NODE11485268, IF: 0.36)"
4319,2023,기계공학,957088684,유승열,1,0.0,"대한기계학회 (NODE11485268, IF: 0.36)"
4320,2023,기계공학,798239796,오광원,1,0.0,"대한기계학회 (NODE11485269, IF: 0.36)"
4321,2023,기계공학,773684549,최백규,1,0.0,"대한기계학회 (NODE11485269, IF: 0.36)"
4322,2023,기계공학,890650997,김성용,1,0.0,"대한기계학회 (NODE11485269, IF: 0.36)"
4323,2023,기계공학,615572274,문현우,1,0.0,"대한기계학회 (NODE11485269, IF: 0.36)"
4324,2023,기계공학,572428026,조정훈,1,0.0,"대한기계학회 (NODE11485269, IF: 0.36)"
4325,2023,기계공학,392806393,김병탁,1,0.0,"대한기계학회 (NODE11485269, IF: 0.36)"
4326,2023,기계공학,290516851,강인필,1,0.0,"대한기계학회 (NODE11485269, IF: 0.36)"
4327,2023,기계공학,596721,박성빈,1,0.0,"대한기계학회 (NODE11485270, IF: 0.36)"
4328,2023,기계공학,624653144,윤인환,1,0.0,"대한기계학회 (NODE11485270, IF: 0.36)"
4329,2023,기계공학,662538615,송재복,1,0.0,"대한기계학회 (NODE11485270, IF: 0.36)"
4330,2023,기계공학,5508932,이지웅,1,0.0,"대한기계학회 (NODE11485271, IF: 0.36)"
4331,2023,기계공학,246632709,김은진,1,0.0,"대한기계학회 (NODE11485272, IF: 0.36)"
4332,2023,기계공학,584870473,김경록,1,0.0,"대한기계학회 (NODE11485272, IF: 0.36)"
4333,2023,기계공학,695547149,강동우,1,0.0,"대한기계학회 (NODE11485272, IF: 0.36)"
4334,2023,기계공학,665527817,김재영,1,0.0,"대한기계학회 (NODE11485272, IF: 0.36)"
4335,2023,기계공학,544211932,김현창,1,0.0,"대한기계학회 (NODE11485272, IF: 0.36)"
4336,2023,기계공학,966179291,국성호,1,0.0,"대한기계학회 (NODE11485276, IF: 0.36)"
4337,2023,기계공학,295787770,김강윤,1,0.0,"대한기계학회 (NODE11485276, IF: 0.36)"
4338,2023,기계공학,985905460,유현승,1,0.0,"대한기계학회 (NODE11485276, IF: 0.36)"
4339,2023,기계공학,381954793,김상훈,1,0.0,"대한기계학회 (NODE11485276, IF: 0.36)"
4340,2023,기계공학,214644519,이상우,1,0.0,"대한기계학회 (NODE11485277, IF: 0.36)"
4341,2023,기계공학,639029522,임현의,1,0.0,"대한기계학회 (NODE11485713, IF: 0.36)"
4342,2023,기계공학,554459939,류상진,1,0.0,"대한기계학회 (NODE11485721, IF: 0.36)"
4343,2023,기계공학,943281804,박중열,1,0.0,"대한기계학회 (NODE11485723, IF: 0.36)"
4344,2023,기계공학,438375,신동윤,1,0.0,"대한기계학회 (NODE11203170, IF: 0.36)"
4345,2023,기계공학,255103683,강중규,1,0.0,"대한기계학회 (NODE11203171, IF: 0.36)"
4346,2023,기계공학,659330740,양회관,1,0.0,"대한기계학회 (NODE11203171, IF: 0.36)"
4347,2023,기계공학,950225706,김세현,1,0.0,"대한기계학회 (NODE11203175, IF: 0.36)"
4348,2023,기계공학,893149287,조명현,1,0.0,"대한기계학회 (NODE11517706, IF: 0.36)"
4349,2023,기계공학,838540653,박건영,1,0.0,"대한기계학회 (NODE11517706, IF: 0.36)"
4350,2023,기계공학,174041001,박성준,1,0.0,"대한기계학회 (NODE11517706, IF: 0.36)"
4351,2023,기계공학,459532122,서장원,1,0.0,"대한기계학회 (NODE11517707, IF: 0.36)"
4352,2023,기계공학,142272603,이지수,1,0.0,"대한기계학회 (NODE11517707, IF: 0.36)"
4353,2023,기계공학,738535646,이혁진,1,0.0,"대한기계학회 (NODE11517707, IF: 0.36)"
4354,2023,기계공학,422671496,박이정,1,0.0,"대한기계학회 (NODE11517707, IF: 0.36)"
4355,2023,기계공학,156306594,김지원,1,0.0,"대한기계학회 (NODE11517708, IF: 0.36)"
4356,2023,기계공학,824803308,권혁주,1,0.0,"대한기계학회 (NODE11517708, IF: 0.36)"
4357,2023,기계공학,202663328,황우현,1,0.0,"대한기계학회 (NODE11517708, IF: 0.36)"
4358,2023,기계공학,938475618,최민혁,1,0.0,"대한기계학회 (NODE11517709, IF: 0.36)"
4359,2023,기계공학,754043092,이현승,1,0.0,"대한기계학회 (NODE11517709, IF: 0.36)"
4360,2023,기계공학,663149614,김시후,1,0.0,"대한기계학회 (NODE11517709, IF: 0.36)"
4361,2023,기계공학,884633274,방진홍,1,0.0,"대한기계학회 (NODE11517709, IF: 0.36)"
4362,2023,기계공학,599918628,양재성,1,0.0,"대한기계학회 (NODE11517710, IF: 0.36)"
4363,2023,기계공학,907618593,김태연,1,0.0,"대한기계학회 (NODE11517710, IF: 0.36)"
4364,2023,기계공학,715727104,김보성,1,0.0,"대한기계학회 (NODE11517711, IF: 0.36)"
4365,2023,기계공학,760543893,김윤건,1,0.0,"대한기계학회 (NODE11517711, IF: 0.36)"
4366,2023,기계공학,918822122,김응수,1,0.0,"대한기계학회 (NODE11517711, IF: 0.36)"
4367,2023,기계공학,414113257,정희영,1,0.0,"대한기계학회 (NODE11517711, IF: 0.36)"
4368,2023,기계공학,375964489,김영빈,1,0.0,"대한기계학회 (NODE11517711, IF: 0.36)"
4369,2023,기계공학,698567759,문건혁,1,0.0,"대한기계학회 (NODE11517715, IF: 0.36)"
4370,2023,기계공학,157264185,김성태,1,0.0,"대한기계학회 (NODE11517715, IF: 0.36)"
4371,2023,기계공학,860106388,임범현,1,0.0,"대한기계학회 (NODE11517715, IF: 0.36)"
4372,2023,기계공학,428680432,석진욱,1,0.0,"대한기계학회 (NODE11517715, IF: 0.36)"
4373,2023,기계공학,244766613,조승호,1,0.0,"대한기계학회 (NODE11517715, IF: 0.36)"
4374,2023,기계공학,812953382,이재용,1,0.0,"대한기계학회 (NODE11517715, IF: 0.36)"
4375,2023,기계공학,957360090,김영주,1,0.0,"대한기계학회 (NODE11517715, IF: 0.36)"
4376,2023,기계공학,655923398,김종민,1,0.0,"대한기계학회 (NODE11517715, IF: 0.36)"
4377,2023,기계공학,716612733,이상헌,1,0.0,"대한기계학회 (NODE11517716, IF: 0.36)"
4378,2023,기계공학,901319215,임혜진,1,0.0,"대한기계학회 (NODE11517717, IF: 0.36)"
4379,2023,기계공학,639624934,문종성,1,0.0,"대한기계학회 (NODE11517717, IF: 0.36)"
4380,2023,기계공학,756601561,박남규,1,0.0,"대한기계학회 (NODE11517717, IF: 0.36)"
4381,2023,기계공학,620158124,김태순,1,0.0,"대한기계학회 (NODE11517717, IF: 0.36)"
4382,2023,기계공학,785019043,김건우,1,0.0,"대한기계학회 (NODE11517718, IF: 0.36)"
4383,2023,기계공학,888896501,우재협,1,0.0,"대한기계학회 (NODE11517718, IF: 0.36)"
4384,2023,기계공학,775494261,이상현,1,0.0,"대한기계학회 (NODE11517718, IF: 0.36)"
4385,2023,기계공학,819704999,주영현,1,0.0,"대한기계학회 (NODE11517718, IF: 0.36)"
4386,2023,기계공학,272097891,황희윤,1,0.0,"대한기계학회 (NODE11517718, IF: 0.36)"
4387,2023,기계공학,198429088,김선연,1,0.0,"대한기계학회 (NODE11517719, IF: 0.36)"
4388,2023,기계공학,829433853,신재호,1,0.0,"대한기계학회 (NODE11517719, IF: 0.36)"
4389,2023,기계공학,223829369,나균,1,0.0,"대한기계학회 (NODE11517720, IF: 0.36)"
4390,2023,기계공학,195209945,박성준,1,0.0,"대한기계학회 (NODE11517720, IF: 0.36)"
4391,2023,기계공학,451193337,민설희,1,0.0,"대한기계학회 (NODE11517720, IF: 0.36)"
4392,2023,기계공학,176266108,손병락,1,0.0,"대한기계학회 (NODE11517721, IF: 0.36)"
4393,2023,기계공학,670898786,최형연,1,0.0,"대한기계학회 (NODE11517721, IF: 0.36)"
4394,2023,기계공학,971150837,한만용,1,0.0,"대한기계학회 (NODE11517721, IF: 0.36)"
4395,2023,기계공학,111245661,유규민,1,0.0,"대한기계학회 (NODE11186448, IF: 0.36)"
4396,2023,기계공학,776446236,송현우,1,0.0,"대한기계학회 (NODE11186448, IF: 0.36)"
4397,2023,기계공학,708355842,김동균,1,0.0,"대한기계학회 (NODE11186448, IF: 0.36)"
4398,2023,기계공학,776587284,박우태,1,0.0,"대한기계학회 (NODE11186448, IF: 0.36)"
4399,2023,기계공학,697169317,강서연,1,0.0,"대한기계학회 (NODE11186449, IF: 0.36)"
4400,2023,기계공학,564601632,장석필,1,0.0,"대한기계학회 (NODE11186449, IF: 0.36)"
4401,2023,기계공학,853733732,권정근,1,0.0,"대한기계학회 (NODE11186450, IF: 0.36)"
4402,2023,기계공학,473469467,박형준,1,0.0,"대한기계학회 (NODE11186453, IF: 0.36)"
4403,2023,기계공학,250959775,강효림,1,0.0,"대한기계학회 (NODE11186453, IF: 0.36)"
4404,2023,기계공학,457801385,안대균,1,0.0,"대한기계학회 (NODE11186453, IF: 0.36)"
4405,2023,기계공학,926066348,기준홍,1,0.0,"대한기계학회 (NODE11186457, IF: 0.36)"
4406,2023,기계공학,691478596,백승준,1,0.0,"대한기계학회 (NODE11186457, IF: 0.36)"
4407,2023,기계공학,606890347,소재영,1,0.0,"대한기계학회 (NODE11186457, IF: 0.36)"
4408,2023,기계공학,502186823,엄한결,1,0.0,"대한기계학회 (NODE11186457, IF: 0.36)"
4409,2023,기계공학,100816394,강민식,1,0.0,"대한기계학회 (NODE11186458, IF: 0.36)"
4410,2023,기계공학,450317601,김진,1,0.0,"대한기계학회 (NODE11186476, IF: 0.36)"
4411,2023,기계공학,989024735,윤수진,1,0.0,"대한기계학회 (NODE11186477, IF: 0.36)"
4412,2023,기계공학,273177972,김기근,1,0.0,"대한기계학회 (NODE11186477, IF: 0.36)"
4413,2023,기계공학,1893689,노영진,1,0.0,"대한기계학회 (NODE11186480, IF: 0.36)"
4414,2023,기계공학,4967805,김우곤,1,0.0,"대한기계학회 (NODE11186480, IF: 0.36)"
4415,2023,기계공학,308380,김선화,1,0.0,"대한기계학회 (NODE11186480, IF: 0.36)"
4416,2023,기계공학,876795148,김선진,1,0.0,"대한기계학회 (NODE11186480, IF: 0.36)"
4417,2023,기계공학,906914917,김수한,1,0.0,"대한기계학회 (NODE11186481, IF: 0.36)"
4418,2023,기계공학,798711852,이원주,1,0.0,"대한기계학회 (NODE11186481, IF: 0.36)"
4419,2023,기계공학,648401610,안병혁,1,0.0,"대한기계학회 (NODE11186481, IF: 0.36)"
4420,2023,기계공학,131181797,김유정,1,0.0,"대한기계학회 (NODE11186481, IF: 0.36)"
4421,2023,기계공학,224217107,이주호,1,0.0,"대한기계학회 (NODE11186481, IF: 0.36)"
4422,2023,기계공학,329971760,유현창,1,0.0,"대한기계학회 (NODE11186484, IF: 0.36)"
4423,2023,기계공학,418006666,주진원,1,0.0,"대한기계학회 (NODE11186484, IF: 0.36)"
4424,2023,기계공학,164015447,김도훈,1,0.0,"대한기계학회 (NODE11186485, IF: 0.36)"
4425,2023,기계공학,633769171,무하마드 무자밀 아자드,1,0.0,"대한기계학회 (NODE11186485, IF: 0.36)"
4426,2023,기계공학,536990855,살만 칼리드,1,0.0,"대한기계학회 (NODE11186485, IF: 0.36)"
4427,2023,기계공학,770837769,김흥수,1,0.0,"대한기계학회 (NODE11186485, IF: 0.36)"
4428,2023,기계공학,573509720,조영진,1,0.0,"대한기계학회 (NODE11186487, IF: 0.36)"
4429,2023,기계공학,344571037,전종수,1,0.0,"대한기계학회 (NODE11186487, IF: 0.36)"
4430,2023,기계공학,453409813,전용구,1,0.0,"대한기계학회 (NODE11186488, IF: 0.36)"
4431,2023,기계공학,755896467,허정현,1,0.0,"대한기계학회 (NODE11186489, IF: 0.36)"
4432,2023,기계공학,791555809,기영욱,1,0.0,"대한기계학회 (NODE11186489, IF: 0.36)"
4433,2023,기계공학,393420865,조상현,1,0.0,"대한기계학회 (NODE11186489, IF: 0.36)"
4434,2023,기계공학,790080504,김기석,1,0.0,"대한기계학회 (NODE11186489, IF: 0.36)"
4435,2023,기계공학,662769131,한지훈,1,0.0,"대한기계학회 (NODE11186489, IF: 0.36)"
4436,2023,기계공학,887799,유일수,1,0.0,"한국유체기계학회 (NODE11287714, IF: 0.29)"
4437,2023,기계공학,493105869,이건률,1,0.0,"한국유체기계학회 (NODE11287715, IF: 0.29)"
4438,2023,기계공학,372758648,황윤섭,1,0.0,"한국유체기계학회 (NODE11287716, IF: 0.29)"
4439,2023,기계공학,912639914,김석민,1,0.0,"한국유체기계학회 (NODE11287716, IF: 0.29)"
4440,2023,기계공학,218801408,김성민,1,0.0,"한국유체기계학회 (NODE11287720, IF: 0.29)"
4441,2023,기계공학,237804751,이찬우,1,0.0,"한국유체기계학회 (NODE11287723, IF: 0.29)"
4442,2023,기계공학,812819187,김규만,1,0.0,"한국유체기계학회 (NODE11287723, IF: 0.29)"
4443,2023,기계공학,529173370,백채연,1,0.0,"한국유체기계학회 (NODE11287723, IF: 0.29)"
4444,2023,기계공학,364116014,권예원,1,0.0,"한국유체기계학회 (NODE11287723, IF: 0.29)"
4445,2023,기계공학,699025687,임호민,1,0.0,"한국유체기계학회 (NODE11287723, IF: 0.29)"
4446,2023,기계공학,958795872,정현성,1,0.0,"한국유체기계학회 (NODE11287723, IF: 0.29)"
4447,2023,기계공학,267048110,김지한,1,0.0,"한국유체기계학회 (NODE11287723, IF: 0.29)"
4448,2023,기계공학,417373184,김예슬,1,0.0,"한국유체기계학회 (NODE11287723, IF: 0.29)"
4449,2023,기계공학,986492880,류근,1,0.0,"한국유체기계학회 (NODE11287723, IF: 0.29)"
4450,2023,기계공학,421743556,김범석,1,0.0,"한국유체기계학회 (NODE11287724, IF: 0.29)"
4451,2023,기계공학,497303414,정원식,1,0.0,"한국유체기계학회 (NODE11287725, IF: 0.29)"
4452,2023,기계공학,608490186,김정현,1,0.0,"한국유체기계학회 (NODE11287726, IF: 0.29)"
4453,2023,기계공학,775379569,김동억,1,0.0,"한국유체기계학회 (NODE11287730, IF: 0.29)"
4454,2023,기계공학,859555327,권영준,1,0.0,"한국트라이볼로지학회 (NODE11228647, IF: 0.46)"
4455,2023,기계공학,954980006,노명규,1,0.0,"한국트라이볼로지학회 (NODE11228647, IF: 0.46)"
4456,2023,기계공학,379161447,De-Yong Li,1,0.0,"한국트라이볼로지학회 (NODE11228650, IF: 0.46)"
4457,2023,기계공학,942922023,허균철,1,0.0,"한국트라이볼로지학회 (NODE11228652, IF: 0.46)"
4458,2023,기계공학,335405567,김기수,1,0.0,"한국트라이볼로지학회 (NODE11228652, IF: 0.46)"
4459,2023,기계공학,385874112,강성훈,1,0.0,"유공압건설기계학회 (NODE11615513, IF: 2.21)"
4460,2023,기계공학,343520371,김주환,1,0.0,"유공압건설기계학회 (NODE11615513, IF: 2.21)"
4461,2023,기계공학,862055705,노성인,1,0.0,"유공압건설기계학회 (NODE11615513, IF: 2.21)"
4462,2023,기계공학,510398471,이기현,1,0.0,"유공압건설기계학회 (NODE11615513, IF: 2.21)"
4463,2023,기계공학,724559494,이승용,1,0.0,"유공압건설기계학회 (NODE11615513, IF: 2.21)"
4464,2023,기계공학,5121247,박승운,1,0.0,"유공압건설기계학회 (NODE11615514, IF: 2.21)"
4465,2023,기계공학,757511883,한영환,1,0.0,"유공압건설기계학회 (NODE11615514, IF: 2.21)"
4466,2023,기계공학,340813655,전호영,1,0.0,"유공압건설기계학회 (NODE11615514, IF: 2.21)"
4467,2023,기계공학,226182759,정규홍,1,0.0,"유공압건설기계학회 (NODE11615515, IF: 2.21)"
4468,2023,기계공학,365055864,전진택,1,0.0,"유공압건설기계학회 (NODE11615516, IF: 2.21)"
4469,2023,기계공학,308836031,장호승,1,0.0,"유공압건설기계학회 (NODE11615516, IF: 2.21)"
4470,2023,기계공학,628042083,양창주,1,0.0,"유공압건설기계학회 (NODE11615516, IF: 2.21)"
4471,2023,기계공학,414958814,권경도,1,0.0,"유공압건설기계학회 (NODE11615516, IF: 2.21)"
4472,2023,기계공학,731033261,홍영기,1,0.0,"유공압건설기계학회 (NODE11615516, IF: 2.21)"
4473,2023,기계공학,511553668,김국환,1,0.0,"유공압건설기계학회 (NODE11615516, IF: 2.21)"
4474,2023,기계공학,175621258,김재용,1,0.0,"유공압건설기계학회 (NODE11615517, IF: 2.21)"
4475,2023,기계공학,161128620,Jinlong Yang,1,0.0,"유공압건설기계학회 (NODE11615518, IF: 2.21)"
4476,2023,기계공학,594957429,강나래,1,0.0,"유공압건설기계학회 (NODE11615520, IF: 2.21)"
4477,2023,기계공학,831766425,김영화,1,0.0,"유공압건설기계학회 (NODE11615520, IF: 2.21)"
4478,2023,기계공학,168421011,김연수,1,0.0,"유공압건설기계학회 (NODE11615521, IF: 2.21)"
4479,2023,기계공학,958448000,김환선,1,0.0,"유공압건설기계학회 (NODE11615522, IF: 2.21)"
4480,2023,기계공학,767271973,공소윤,1,0.0,"유공압건설기계학회 (NODE11615522, IF: 2.21)"
4481,2023,기계공학,879758999,이중용,1,0.0,"유공압건설기계학회 (NODE11615522, IF: 2.21)"
4482,2023,기계공학,743691765,임종국,1,0.0,"유공압건설기계학회 (NODE11615522, IF: 2.21)"
4483,2023,기계공학,376228320,송은지,1,0.0,"유공압건설기계학회 (NODE11615523, IF: 2.21)"
4484,2023,기계공학,571875005,김태윤,1,0.0,"유공압건설기계학회 (NODE11615523, IF: 2.21)"
4485,2023,기계공학,550551470,김효빈,1,0.0,"유공압건설기계학회 (NODE11615523, IF: 2.21)"
4486,2023,기계공학,476442288,김경호,1,0.0,"유공압건설기계학회 (NODE11615523, IF: 2.21)"
4487,2023,기계공학,508857031,아윱,1,0.0,"유공압건설기계학회 (NODE11615524, IF: 2.21)"
4488,2023,기계공학,659197316,김연수,1,0.0,"유공압건설기계학회 (NODE11615526, IF: 2.21)"
4489,2023,기계공학,961170394,이상대,1,0.0,"유공압건설기계학회 (NODE11615526, IF: 2.21)"
4490,2023,기계공학,647687543,조승제,1,0.0,"유공압건설기계학회 (NODE11615526, IF: 2.21)"
4491,2023,기계공학,1853407,정진범,1,0.0,"유공압건설기계학회 (NODE11615529, IF: 2.21)"
4492,2023,기계공학,878384621,이지환,1,0.0,"유공압건설기계학회 (NODE11615529, IF: 2.21)"
4493,2023,기계공학,268029656,신영일,1,0.0,"유공압건설기계학회 (NODE11615530, IF: 2.21)"
4494,2023,기계공학,997518984,이진호,1,0.0,"유공압건설기계학회 (NODE11615530, IF: 2.21)"
4495,2023,기계공학,555009635,조기용,1,0.0,"유공압건설기계학회 (NODE11615530, IF: 2.21)"
4496,2023,기계공학,944397062,김아란,1,0.0,"유공압건설기계학회 (NODE11615531, IF: 2.21)"
4497,2023,기계공학,729008049,박재완,1,0.0,"유공압건설기계학회 (NODE11615531, IF: 2.21)"
4498,2023,기계공학,228478289,김하선,1,0.0,"유공압건설기계학회 (NODE11615531, IF: 2.21)"
4499,2023,기계공학,279769758,정재훈,1,0.0,"유공압건설기계학회 (NODE11615531, IF: 2.21)"
4500,2023,기계공학,498174920,김준석,1,0.0,"유공압건설기계학회 (NODE11615533, IF: 2.21)"
4501,2023,기계공학,890461350,한성현,1,0.0,"유공압건설기계학회 (NODE11615534, IF: 2.21)"
4502,2023,기계공학,635476311,배정태,1,0.0,"유공압건설기계학회 (NODE11615534, IF: 2.21)"
4503,2023,기계공학,144600,박현욱,1,0.0,"유공압건설기계학회 (NODE11615535, IF: 2.21)"
4504,2023,기계공학,408217831,이준순,1,0.0,"유공압건설기계학회 (NODE11615535, IF: 2.21)"
4505,2023,기계공학,878344995,오승묵,1,0.0,"유공압건설기계학회 (NODE11615535, IF: 2.21)"
4506,2023,기계공학,562146360,이용규,1,0.0,"유공압건설기계학회 (NODE11615535, IF: 2.21)"
4507,2023,기계공학,379912203,박정수,1,0.0,"유공압건설기계학회 (NODE11615536, IF: 2.21)"
4508,2023,기계공학,955732147,최영열,1,0.0,"한국수소및신에너지학회 (NODE11556959, IF: 0.62)"
4509,2023,기계공학,445867523,정인성,1,0.0,"한국수소및신에너지학회 (NODE11556959, IF: 0.62)"
4510,2023,기계공학,2302099,최수빈,1,0.0,"한국수소및신에너지학회 (NODE11556960, IF: 0.62)"
4511,2023,기계공학,394240594,김주희,1,0.0,"한국수소및신에너지학회 (NODE11556960, IF: 0.62)"
4512,2023,기계공학,903046820,유승훈,1,0.0,"한국수소및신에너지학회 (NODE11556960, IF: 0.62)"
4513,2023,기계공학,990460951,정현민,1,0.0,"한국수소및신에너지학회 (NODE11556961, IF: 0.62)"
4514,2023,기계공학,944457629,김민서,1,0.0,"한국수소및신에너지학회 (NODE11556961, IF: 0.62)"
4515,2023,기계공학,626538734,조혜경,1,0.0,"한국수소및신에너지학회 (NODE11556961, IF: 0.62)"
4516,2023,기계공학,819085610,주현규,1,0.0,"한국수소및신에너지학회 (NODE11556961, IF: 0.62)"
4517,2023,기계공학,383231622,김한성,1,0.0,"한국수소및신에너지학회 (NODE11556961, IF: 0.62)"
4518,2023,기계공학,493187467,윤재경,1,0.0,"한국수소및신에너지학회 (NODE11556961, IF: 0.62)"
4519,2023,기계공학,430712261,이재영,1,0.0,"한국수소및신에너지학회 (NODE11556962, IF: 0.62)"
4520,2023,기계공학,615660063,이홍기,1,0.0,"한국수소및신에너지학회 (NODE11556962, IF: 0.62)"
4521,2023,기계공학,282215571,전경숙,1,0.0,"한국수소및신에너지학회 (NODE11556963, IF: 0.62)"
4522,2023,기계공학,282669669,오승준,1,0.0,"한국수소및신에너지학회 (NODE11556963, IF: 0.62)"
4523,2023,기계공학,994781354,한재영,1,0.0,"한국수소및신에너지학회 (NODE11556968, IF: 0.62)"
4524,2023,기계공학,370750517,서성현,1,0.0,"한국연소학회 (NODE11549775, IF: 1.09)"
4525,2023,기계공학,406347104,김민국,1,0.0,"한국연소학회 (NODE11549776, IF: 1.09)"
4526,2023,기계공학,887868914,박순빈,1,0.0,"한국연소학회 (NODE11549777, IF: 1.09)"
4527,2023,기계공학,229974619,우성화,1,0.0,"한국소음진동공학회 (NODE11550593, IF: 0.52)"
4528,2023,기계공학,180002613,임성훈,1,0.0,"한국소음진동공학회 (NODE11550593, IF: 0.52)"
4529,2023,기계공학,306934007,한태우,1,0.0,"한국소음진동공학회 (NODE11550593, IF: 0.52)"
4530,2023,기계공학,230417416,박재호,1,0.0,"한국소음진동공학회 (NODE11550593, IF: 0.52)"
4531,2023,기계공학,963484151,엄원석,1,0.0,"한국소음진동공학회 (NODE11550593, IF: 0.52)"
4532,2023,기계공학,541119730,성요한,1,0.0,"한국소음진동공학회 (NODE11550594, IF: 0.52)"
4533,2023,기계공학,219754717,김하근,1,0.0,"한국소음진동공학회 (NODE11550594, IF: 0.52)"
4534,2023,기계공학,809018989,이충현,1,0.0,"한국소음진동공학회 (NODE11550595, IF: 0.52)"
4535,2023,기계공학,597407899,김동준,1,0.0,"한국소음진동공학회 (NODE11550595, IF: 0.52)"
4536,2023,기계공학,152298653,윤기훈,1,0.0,"한국소음진동공학회 (NODE11550595, IF: 0.52)"
4537,2023,기계공학,926269707,신현재,1,0.0,"한국소음진동공학회 (NODE11550595, IF: 0.52)"
4538,2023,기계공학,804500244,이계상,1,0.0,"한국소음진동공학회 (NODE11550595, IF: 0.52)"
4539,2023,기계공학,951302279,나형준,1,0.0,"한국소음진동공학회 (NODE11550595, IF: 0.52)"
4540,2023,기계공학,616696609,심규호,1,0.0,"한국소음진동공학회 (NODE11550595, IF: 0.52)"
4541,2023,기계공학,243393089,박진우,1,0.0,"한국소음진동공학회 (NODE11550598, IF: 0.52)"
4542,2023,기계공학,947949500,김찬중,1,0.0,"한국소음진동공학회 (NODE11550598, IF: 0.52)"
4543,2023,기계공학,491418883,김용우,1,0.0,"한국소음진동공학회 (NODE11550600, IF: 0.52)"
4544,2023,기계공학,653178267,조우제,1,0.0,"한국소음진동공학회 (NODE11550601, IF: 0.52)"
4545,2023,기계공학,386497792,박진보,1,0.0,"한국소음진동공학회 (NODE11550601, IF: 0.52)"
4546,2023,기계공학,697733326,최동설,1,0.0,"한국소음진동공학회 (NODE11550601, IF: 0.52)"
4547,2023,기계공학,733844561,임윤혁,1,0.0,"한국소음진동공학회 (NODE11550602, IF: 0.52)"
4548,2023,기계공학,906315223,정영빈,1,0.0,"한국소음진동공학회 (NODE11550603, IF: 0.52)"
4549,2023,기계공학,896800830,전성욱,1,0.0,"한국소음진동공학회 (NODE11550603, IF: 0.52)"
4550,2023,기계공학,912388991,이규영,1,0.0,"한국소음진동공학회 (NODE11550603, IF: 0.52)"
4551,2023,기계공학,150643140,최성훈,1,0.0,"한국소음진동공학회 (NODE11550603, IF: 0.52)"
4552,2023,기계공학,114200765,Jae Young An,1,0.0,"한국소음진동공학회 (NODE11550604, IF: 0.52)"
4553,2023,기계공학,501006859,이수일,1,0.0,"한국소음진동공학회 (NODE11550604, IF: 0.52)"
4554,2023,기계공학,851707056,박민규,1,0.0,"한국소음진동공학회 (NODE11550605, IF: 0.52)"
4555,2023,기계공학,995113532,최하늘,1,0.0,"한국소음진동공학회 (NODE11550605, IF: 0.52)"
4556,2023,기계공학,203410,이정우,1,0.0,"한국소음진동공학회 (NODE11550605, IF: 0.52)"
4557,2023,기계공학,355453159,신영기,1,0.0,"대한설비공학회 (NODE11523148, IF: 0.26)"
4558,2023,기계공학,229109619,박종일,1,0.0,"대한설비공학회 (NODE11523149, IF: 0.26)"
4559,2023,기계공학,251351769,ANDREW J. WILLIAMSON,1,0.0,"대한설비공학회 (NODE11469822, IF: 0.26)"
4560,2023,기계공학,623683375,KHALED A. SALLAM,1,0.0,"대한설비공학회 (NODE11469822, IF: 0.26)"
4561,2023,기계공학,102356905,조재완,1,0.0,"대한설비공학회 (NODE11469820, IF: 0.26)"
4562,2023,기계공학,923907949,신성호,1,0.0,"대한설비공학회 (NODE11469821, IF: 0.26)"
4563,2023,기계공학,202899755,이건우,1,0.0,"한국자동차공학회 (NODE11505901, IF: 0.41)"
4564,2023,기계공학,407713685,송순호,1,0.0,"한국자동차공학회 (NODE11505901, IF: 0.41)"
4565,2023,기계공학,183876559,이후경,1,0.0,"한국자동차공학회 (NODE11505902, IF: 0.41)"
4566,2023,기계공학,995771015,전재승,1,0.0,"한국자동차공학회 (NODE11505902, IF: 0.41)"
4567,2023,기계공학,257385582,홍석진,1,0.0,"한국자동차공학회 (NODE11505902, IF: 0.41)"
4568,2023,기계공학,316226276,이영현,1,0.0,"한국자동차공학회 (NODE11505903, IF: 0.41)"
4569,2023,기계공학,200532605,김용래,1,0.0,"한국자동차공학회 (NODE11505905, IF: 0.41)"
4570,2023,기계공학,372977584,최영,1,0.0,"한국자동차공학회 (NODE11505905, IF: 0.41)"
4571,2023,기계공학,400881564,이승우,1,0.0,"한국자동차공학회 (NODE11505905, IF: 0.41)"
4572,2023,기계공학,859273773,백홍길,1,0.0,"한국자동차공학회 (NODE11505905, IF: 0.41)"
4573,2023,기계공학,830585787,봉은정,1,0.0,"한국자동차공학회 (NODE11505906, IF: 0.41)"
4574,2023,기계공학,880608371,이동규,1,0.0,"한국자동차공학회 (NODE11505906, IF: 0.41)"
4575,2023,기계공학,164455440,Jong-Hyun Park,1,0.0,"한국표면공학회 (NODE11506092, IF: 0.22)"
4576,2023,기계공학,930617032,Hyojin Kim,1,0.0,"한국표면공학회 (NODE11506092, IF: 0.22)"
4577,2023,기계공학,256346842,노태호,1,0.0,"한국표면공학회 (NODE11506094, IF: 0.22)"
4578,2023,기계공학,572672542,심이레,1,0.0,"한국표면공학회 (NODE11506094, IF: 0.22)"
4579,2023,기계공학,806007569,박덕용,1,0.0,"한국표면공학회 (NODE11506096, IF: 0.22)"
4580,2023,기계공학,889388982,강동훈,1,0.0,"한국표면공학회 (NODE11506097, IF: 0.22)"
4581,2023,기계공학,649726650,임주원,1,0.0,"한국표면공학회 (NODE11506097, IF: 0.22)"
4582,2023,기계공학,765077545,고민성,1,0.0,"한국표면공학회 (NODE11506097, IF: 0.22)"
4583,2023,기계공학,503117713,노수빈,1,0.0,"한국표면공학회 (NODE11506101, IF: 0.22)"
4584,2023,기계공학,742519703,박수지,1,0.0,"한국표면공학회 (NODE11506101, IF: 0.22)"
4585,2023,기계공학,899680211,이문환,1,0.0,"한국표면공학회 (NODE11506101, IF: 0.22)"
4586,2023,기계공학,565915829,최용준,1,0.0,"한국동력기계공학회 (NODE11217267, IF: 0.33)"
4587,2023,기계공학,102243977,팜득안,1,0.0,"한국동력기계공학회 (NODE11217267, IF: 0.33)"
4588,2023,기계공학,877489725,양현호,1,0.0,"한국동력기계공학회 (NODE11217268, IF: 0.33)"
4589,2023,기계공학,281830220,노우헌,1,0.0,"한국동력기계공학회 (NODE11217268, IF: 0.33)"
4590,2023,기계공학,621789310,시나 자밀라,1,0.0,"한국동력기계공학회 (NODE11217268, IF: 0.33)"
4591,2023,기계공학,192119416,김경준,1,0.0,"한국동력기계공학회 (NODE11217268, IF: 0.33)"
4592,2023,기계공학,161464048,최종완,1,0.0,"대한기계학회 (NODE11203181, IF: 0.36)"
4593,2023,기계공학,152293010,우성민,1,0.0,"대한기계학회 (NODE11203181, IF: 0.36)"
4594,2023,기계공학,536688020,이수용,1,0.0,"대한기계학회 (NODE11203181, IF: 0.36)"
4595,2023,기계공학,736009538,변경원,1,0.0,"대한기계학회 (NODE11203181, IF: 0.36)"
4596,2023,기계공학,302618153,김대홍,1,0.0,"대한기계학회 (NODE11203181, IF: 0.36)"
4597,2023,기계공학,684925090,김대현,1,0.0,"대한기계학회 (NODE11203182, IF: 0.36)"
4598,2023,기계공학,210385941,박철우,1,0.0,"한국자동차공학회 (NODE11205734, IF: 0.41)"
4599,2023,기계공학,736772553,정운,1,0.0,"대한설비공학회 (NODE11569205, IF: 0.26)"
4600,2023,기계공학,775480569,이도현,1,0.0,"대한설비공학회 (NODE11569206, IF: 0.26)"
4601,2023,기계공학,345666563,전호영,1,0.0,"대한설비공학회 (NODE11569206, IF: 0.26)"
4602,2023,기계공학,444290501,김성일,1,0.0,"대한설비공학회 (NODE11569206, IF: 0.26)"
4603,2023,기계공학,417992297,명태운,1,0.0,"대한설비공학회 (NODE11569206, IF: 0.26)"
4604,2023,기계공학,554795607,정경수,1,0.0,"대한설비공학회 (NODE11569207, IF: 0.26)"
4605,2023,기계공학,232243210,김지헌,1,0.0,"대한설비공학회 (NODE11569208, IF: 0.26)"
4606,2023,기계공학,108649142,윤재동,1,0.0,"대한설비공학회 (NODE11569209, IF: 0.26)"
4607,2023,기계공학,307847979,Joseph W. Lstiburek,1,0.0,"대한설비공학회 (NODE11569210, IF: 0.26)"
4608,2023,기계공학,243493921,中野淳太,1,0.0,"대한설비공학회 (NODE11569211, IF: 0.26)"
4609,2023,기계공학,319826182,전수병,1,0.0,"한국표면공학회 (NODE11569496, IF: 0.22)"
4610,2023,기계공학,301299310,최지원,1,0.0,"한국표면공학회 (NODE11569496, IF: 0.22)"
4611,2023,기계공학,201161620,손병기,1,0.0,"한국표면공학회 (NODE11569496, IF: 0.22)"
4612,2023,기계공학,729685305,손인준,1,0.0,"한국표면공학회 (NODE11569496, IF: 0.22)"
4613,2023,기계공학,214986819,정재석,1,0.0,"한국표면공학회 (NODE11569498, IF: 0.22)"
4614,2023,기계공학,846142271,김미경,1,0.0,"한국표면공학회 (NODE11569498, IF: 0.22)"
4615,2023,기계공학,669826980,고정우,1,0.0,"한국표면공학회 (NODE11569498, IF: 0.22)"
4616,2023,기계공학,188585311,조성우,1,0.0,"대한용접·접합학회 (NODE11650330, IF: 0.62)"
4617,2023,기계공학,246011777,김시홍,1,0.0,"대한용접·접합학회 (NODE11650330, IF: 0.62)"
4618,2023,기계공학,184946767,홍현욱,1,0.0,"대한용접·접합학회 (NODE11650330, IF: 0.62)"
4619,2023,기계공학,794819088,권순두,1,0.0,"대한용접·접합학회 (NODE11650333, IF: 0.62)"
4620,2023,기계공학,980945452,정상훈,1,0.0,"대한용접·접합학회 (NODE11650333, IF: 0.62)"
4621,2023,기계공학,378022350,김무성,1,0.0,"대한용접·접합학회 (NODE11650335, IF: 0.62)"
4622,2023,기계공학,894814463,이성,1,0.0,"대한용접·접합학회 (NODE11650335, IF: 0.62)"
4623,2023,기계공학,857776757,하을용,1,0.0,"대한용접·접합학회 (NODE11650340, IF: 0.62)"
4624,2023,기계공학,633847966,김영현,1,0.0,"대한용접·접합학회 (NODE11650340, IF: 0.62)"
4625,2023,기계공학,262723790,우진석,1,0.0,"대한용접·접합학회 (NODE11650340, IF: 0.62)"
4626,2023,기계공학,794956936,김선필,1,0.0,"대한용접·접합학회 (NODE11650340, IF: 0.62)"
4627,2023,기계공학,390927453,강성욱,1,0.0,"대한용접·접합학회 (NODE11650340, IF: 0.62)"
4628,2023,기계공학,856773993,지창욱,1,0.0,"대한용접·접합학회 (NODE11650340, IF: 0.62)"
4629,2023,기계공학,143906825,김재웅,1,0.0,"대한용접·접합학회 (NODE11650340, IF: 0.62)"
4630,2023,기계공학,280493635,Dong-Hee Park,1,0.0,"대한용접·접합학회 (NODE11650341, IF: 0.62)"
4631,2023,기계공학,593434985,Jung-Goo Park,1,0.0,"대한용접·접합학회 (NODE11650341, IF: 0.62)"
4632,2023,기계공학,136144012,Chang-Woo Park,1,0.0,"대한용접·접합학회 (NODE11650341, IF: 0.62)"
4633,2023,기계공학,800080673,Jin-Hyuk Yang,1,0.0,"대한용접·접합학회 (NODE11650341, IF: 0.62)"
4634,2023,기계공학,959204843,Ji-Sun Roh,1,0.0,"대한용접·접합학회 (NODE11650341, IF: 0.62)"
4635,2023,기계공학,534970805,Jae-Myung Lee,1,0.0,"대한용접·접합학회 (NODE11650341, IF: 0.62)"
4636,2023,기계공학,497124632,박동희,1,0.0,"대한용접·접합학회 (NODE11650343, IF: 0.62)"
4637,2023,기계공학,439153907,양진혁,1,0.0,"대한용접·접합학회 (NODE11650343, IF: 0.62)"
4638,2023,기계공학,111008405,노지선,1,0.0,"대한용접·접합학회 (NODE11650343, IF: 0.62)"
4639,2023,기계공학,881592123,이명수,1,0.0,"대한용접·접합학회 (NODE11650343, IF: 0.62)"
4640,2023,기계공학,912885835,이제명,1,0.0,"대한용접·접합학회 (NODE11650343, IF: 0.62)"
4641,2023,기계공학,664281203,Heehun Bae,1,0.0,"대한용접·접합학회 (NODE11650344, IF: 0.62)"
4642,2023,기계공학,891258495,Joon-Seok Kyeong,1,0.0,"대한용접·접합학회 (NODE11650344, IF: 0.62)"
4643,2023,기계공학,213340075,Eun-Jeong Park,1,0.0,"대한용접·접합학회 (NODE11650344, IF: 0.62)"
4644,2023,기계공학,252627573,Jongeul Kim,1,0.0,"대한용접·접합학회 (NODE11650344, IF: 0.62)"
4645,2023,기계공학,414058332,Ju-Seok Oh,1,0.0,"대한용접·접합학회 (NODE11650344, IF: 0.62)"
4646,2023,기계공학,516129569,배희훈,1,0.0,"대한용접·접합학회 (NODE11650345, IF: 0.62)"
4647,2023,기계공학,997928079,경준석,1,0.0,"대한용접·접합학회 (NODE11650345, IF: 0.62)"
4648,2023,기계공학,369045789,박은정,1,0.0,"대한용접·접합학회 (NODE11650345, IF: 0.62)"
4649,2023,기계공학,754490367,김종을,1,0.0,"대한용접·접합학회 (NODE11650345, IF: 0.62)"
4650,2023,기계공학,286411750,오주석,1,0.0,"대한용접·접합학회 (NODE11650345, IF: 0.62)"
4651,2023,기계공학,190266197,Insung Choi,1,0.0,"대한용접·접합학회 (NODE11650346, IF: 0.62)"
4652,2023,기계공학,691991546,Heon min Seo,1,0.0,"대한용접·접합학회 (NODE11650346, IF: 0.62)"
4653,2023,기계공학,378279461,In-Chul Jung,1,0.0,"대한용접·접합학회 (NODE11650346, IF: 0.62)"
4654,2023,기계공학,485888665,Kwang-Hyeon Lee,1,0.0,"대한용접·접합학회 (NODE11650346, IF: 0.62)"
4655,2023,기계공학,430140705,서헌민,1,0.0,"대한용접·접합학회 (NODE11650347, IF: 0.62)"
4656,2023,기계공학,188017886,김관,1,0.0,"대한용접·접합학회 (NODE11650348, IF: 0.62)"
4657,2023,기계공학,679511170,Yong-Mo Kim,1,0.0,"대한용접·접합학회 (NODE11650350, IF: 0.62)"
4658,2023,기계공학,511199600,김용모,1,0.0,"대한용접·접합학회 (NODE11650351, IF: 0.62)"
4659,2023,기계공학,485333308,김경환,1,0.0,"대한용접·접합학회 (NODE11650352, IF: 0.62)"
4660,2023,기계공학,237893341,김봉준,1,0.0,"대한용접·접합학회 (NODE11650352, IF: 0.62)"
4661,2023,기계공학,621999734,문준오,1,0.0,"대한용접·접합학회 (NODE11650352, IF: 0.62)"
4662,2023,기계공학,298385378,이정원,1,0.0,"대한용접·접합학회 (NODE11650352, IF: 0.62)"
4663,2023,기계공학,819000834,김용현,1,0.0,"대한용접·접합학회 (NODE11650352, IF: 0.62)"
4664,2023,기계공학,977491541,이시형,1,0.0,"대한기계학회 (NODE11426271, IF: 0.36)"
4665,2023,기계공학,569652881,한기열,1,0.0,"대한기계학회 (NODE11426271, IF: 0.36)"
4666,2023,기계공학,241886541,이형일,1,0.0,"대한기계학회 (NODE11426271, IF: 0.36)"
4667,2023,기계공학,350947796,김지법,1,0.0,"대한기계학회 (NODE11426272, IF: 0.36)"
4668,2023,기계공학,5098589,김송은,1,0.0,"대한기계학회 (NODE11426273, IF: 0.36)"
4669,2023,기계공학,289573051,박아람,1,0.0,"대한기계학회 (NODE11426274, IF: 0.36)"
4670,2023,기계공학,516148197,김상우,1,0.0,"대한기계학회 (NODE11426274, IF: 0.36)"
4671,2023,기계공학,528736299,이노준,1,0.0,"대한기계학회 (NODE11426274, IF: 0.36)"
4672,2023,기계공학,5209321,신혜원,1,0.0,"대한기계학회 (NODE11426275, IF: 0.36)"
4673,2023,기계공학,961691486,노인웅,1,0.0,"대한기계학회 (NODE11426275, IF: 0.36)"
4674,2023,기계공학,971341556,이예림,1,0.0,"대한기계학회 (NODE11426275, IF: 0.36)"
4675,2023,기계공학,602952936,최승겸,1,0.0,"대한기계학회 (NODE11426275, IF: 0.36)"
4676,2023,기계공학,396156472,최지은,1,0.0,"대한기계학회 (NODE11426280, IF: 0.36)"
4677,2023,기계공학,395170077,손동일,1,0.0,"대한기계학회 (NODE11426280, IF: 0.36)"
4678,2023,기계공학,323773131,허원,1,0.0,"대한기계학회 (NODE11426281, IF: 0.36)"
4679,2023,기계공학,955439151,손성호,1,0.0,"한국자동차공학회 (NODE11440958, IF: 0.41)"
4680,2023,기계공학,934764324,이웅수,1,0.0,"한국자동차공학회 (NODE11440958, IF: 0.41)"
4681,2023,기계공학,928243374,정현기,1,0.0,"한국자동차공학회 (NODE11440958, IF: 0.41)"
4682,2023,기계공학,905538531,정지훈,1,0.0,"한국자동차공학회 (NODE11440959, IF: 0.41)"
4683,2023,기계공학,857106293,조현준,1,0.0,"한국자동차공학회 (NODE11440962, IF: 0.41)"
4684,2023,기계공학,502757443,문인식,1,0.0,"한국전산유체공학회 (NODE11441389, IF: 0.30)"
4685,2023,기계공학,398042223,김동현,1,0.0,"한국전산유체공학회 (NODE11441390, IF: 0.30)"
4686,2023,기계공학,454542465,박재형,1,0.0,"한국전산유체공학회 (NODE11441390, IF: 0.30)"
4687,2023,기계공학,588391,이승수,1,0.0,"한국전산유체공학회 (NODE11441390, IF: 0.30)"
4688,2023,기계공학,436646010,나유창,1,0.0,"한국전산유체공학회 (NODE11441392, IF: 0.30)"
4689,2023,기계공학,790441424,남준혁,1,0.0,"한국전산유체공학회 (NODE11441393, IF: 0.30)"
4690,2023,기계공학,739520439,이양지,1,0.0,"한국전산유체공학회 (NODE11441393, IF: 0.30)"
4691,2023,기계공학,108600592,윤익로,1,0.0,"한국전산유체공학회 (NODE11441394, IF: 0.30)"
4692,2023,기계공학,765708902,배태규,1,0.0,"한국전산유체공학회 (NODE11441395, IF: 0.30)"
4693,2023,기계공학,600189445,정세민,1,0.0,"한국전산유체공학회 (NODE11441395, IF: 0.30)"
4694,2023,기계공학,778915181,서인덕,1,0.0,"한국전산유체공학회 (NODE11441396, IF: 0.30)"
4695,2023,기계공학,269195705,이인수,1,0.0,"한국전산유체공학회 (NODE11441396, IF: 0.30)"
4696,2023,기계공학,324891391,이승진,1,0.0,"한국전산유체공학회 (NODE11441396, IF: 0.30)"
4697,2023,기계공학,552573651,임종범,1,0.0,"한국전산유체공학회 (NODE11441396, IF: 0.30)"
4698,2023,기계공학,751547139,지바한,1,0.0,"한국전산유체공학회 (NODE11441396, IF: 0.30)"
4699,2023,기계공학,783702879,이신형,1,0.0,"한국전산유체공학회 (NODE11441396, IF: 0.30)"
4700,2023,기계공학,135714952,홍성진,1,0.0,"한국전산유체공학회 (NODE11441399, IF: 0.30)"
4701,2023,기계공학,5146247,양민규,1,0.0,"한국전산유체공학회 (NODE11441400, IF: 0.30)"
4702,2023,기계공학,252709002,오근우,1,0.0,"한국전산유체공학회 (NODE11441400, IF: 0.30)"
4703,2023,기계공학,564519493,김기하,1,0.0,"한국전산유체공학회 (NODE11441400, IF: 0.30)"
4704,2023,기계공학,965499426,장준호,1,0.0,"한국전산유체공학회 (NODE11441400, IF: 0.30)"
4705,2023,기계공학,218838793,김종수,1,0.0,"한국전산유체공학회 (NODE11441400, IF: 0.30)"
4706,2023,기계공학,128090253,정서윤,1,0.0,"한국전산유체공학회 (NODE11441400, IF: 0.30)"
4707,2023,기계공학,268377965,최정일,1,0.0,"한국전산유체공학회 (NODE11441400, IF: 0.30)"
4708,2023,기계공학,825315517,이정욱,1,0.0,"한국전산유체공학회 (NODE11441401, IF: 0.30)"
4709,2023,기계공학,665700269,박선호,1,0.0,"한국전산유체공학회 (NODE11441401, IF: 0.30)"
4710,2023,기계공학,882956078,류정호,1,0.0,"한국비파괴검사학회 (NODE11509927, IF: 0.41)"
4711,2023,기계공학,753346000,박정원,1,0.0,"한국비파괴검사학회 (NODE11509933, IF: 0.41)"
4712,2023,기계공학,244241530,지봉규,1,0.0,"한국비파괴검사학회 (NODE11509933, IF: 0.41)"
4713,2023,기계공학,232365491,고대균,1,0.0,"한국비파괴검사학회 (NODE11509933, IF: 0.41)"
4714,2023,기계공학,965722432,장훈,1,0.0,"한국비파괴검사학회 (NODE11509933, IF: 0.41)"
4715,2023,기계공학,180686405,강선오,1,0.0,"한국항공우주학회 (NODE11509946, IF: 0.40)"
4716,2023,기계공학,404935590,박재영,1,0.0,"한국항공우주학회 (NODE11509946, IF: 0.40)"
4717,2023,기계공학,406637550,이해찬,1,0.0,"한국항공우주학회 (NODE11509947, IF: 0.40)"
4718,2023,기계공학,5398659,안준혁,1,0.0,"한국항공우주학회 (NODE11509947, IF: 0.40)"
4719,2023,기계공학,155361034,김근환,1,0.0,"한국항공우주학회 (NODE11509947, IF: 0.40)"
4720,2023,기계공학,665525382,이석재,1,0.0,"한국항공우주학회 (NODE11509947, IF: 0.40)"
4721,2023,기계공학,772996483,성경훈,1,0.0,"한국항공우주학회 (NODE11509947, IF: 0.40)"
4722,2023,기계공학,249691198,성길영,1,0.0,"한국항공우주학회 (NODE11509947, IF: 0.40)"
4723,2023,기계공학,945308148,안존,1,0.0,"한국항공우주학회 (NODE11509947, IF: 0.40)"
4724,2023,기계공학,5415124,이호형,1,0.0,"한국항공우주학회 (NODE11509948, IF: 0.40)"
4725,2023,기계공학,189742728,김남수,1,0.0,"한국항공우주학회 (NODE11509948, IF: 0.40)"
4726,2023,기계공학,4625880,이동우,1,0.0,"한국항공우주학회 (NODE11509948, IF: 0.40)"
4727,2023,기계공학,104891986,박태산,1,0.0,"한국항공우주학회 (NODE11509948, IF: 0.40)"
4728,2023,기계공학,255614966,박장성,1,0.0,"한국항공우주학회 (NODE11509949, IF: 0.40)"
4729,2023,기계공학,625143,박상혁,1,0.0,"한국항공우주학회 (NODE11509949, IF: 0.40)"
4730,2023,기계공학,341111500,김경훈,1,0.0,"한국항공우주학회 (NODE11509949, IF: 0.40)"
4731,2023,기계공학,338362522,권혁훈,1,0.0,"한국항공우주학회 (NODE11509949, IF: 0.40)"
4732,2023,기계공학,950194119,강상호,1,0.0,"한국항공우주학회 (NODE11509950, IF: 0.40)"
4733,2023,기계공학,162699618,양희선,1,0.0,"한국항공우주학회 (NODE11509950, IF: 0.40)"
4734,2023,기계공학,744864631,송진안,1,0.0,"한국항공우주학회 (NODE11509952, IF: 0.40)"
4735,2023,기계공학,637971050,목지현,1,0.0,"한국항공우주학회 (NODE11509953, IF: 0.40)"
4736,2023,기계공학,5085800,권지헌,1,0.0,"한국항공우주학회 (NODE11509953, IF: 0.40)"
4737,2023,기계공학,936427786,남영욱,1,0.0,"한국항공우주학회 (NODE11509953, IF: 0.40)"
4738,2023,기계공학,492627787,이동훈,1,0.0,"한국항공우주학회 (NODE11509953, IF: 0.40)"
4739,2023,기계공학,935885929,김정열,1,0.0,"한국항공우주학회 (NODE11509953, IF: 0.40)"
4740,2023,기계공학,148296446,김민수,1,0.0,"대한기계학회 (NODE11510429, IF: 0.36)"
4741,2023,기계공학,670511083,이수진,1,0.0,"대한기계학회 (NODE11510429, IF: 0.36)"
4742,2023,기계공학,248400777,안효영,1,0.0,"대한기계학회 (NODE11510429, IF: 0.36)"
4743,2023,기계공학,330894864,정승원,1,0.0,"대한기계학회 (NODE11510430, IF: 0.36)"
4744,2023,기계공학,328653230,황인태,1,0.0,"대한기계학회 (NODE11510431, IF: 0.36)"
4745,2023,기계공학,312949401,이세형,1,0.0,"대한기계학회 (NODE11510431, IF: 0.36)"
4746,2023,기계공학,769199416,이상우,1,0.0,"대한기계학회 (NODE11510431, IF: 0.36)"
4747,2023,기계공학,723495685,Hien Van Pham,1,0.0,"한국표면공학회 (NODE11440081, IF: 0.22)"
4748,2023,기계공학,614210954,Duyoung Kwon,1,0.0,"한국표면공학회 (NODE11440081, IF: 0.22)"
4749,2023,기계공학,930148658,Juseok Kim,1,0.0,"한국표면공학회 (NODE11440081, IF: 0.22)"
4750,2023,기계공학,353283733,문성모,1,0.0,"한국표면공학회 (NODE11440081, IF: 0.22)"
4751,2023,기계공학,262206311,Seunghyun Yum,1,0.0,"한국표면공학회 (NODE11440082, IF: 0.22)"
4752,2023,기계공학,899046320,June Won Hyun,1,0.0,"한국표면공학회 (NODE11440082, IF: 0.22)"
4753,2023,기계공학,299102036,이우진,1,0.0,"한국표면공학회 (NODE11440084, IF: 0.22)"
4754,2023,기계공학,857896612,고하은,1,0.0,"한국표면공학회 (NODE11440084, IF: 0.22)"
4755,2023,기계공학,868699217,구태림,1,0.0,"한국표면공학회 (NODE11440084, IF: 0.22)"
4756,2023,기계공학,955952075,이재성,1,0.0,"한국표면공학회 (NODE11440084, IF: 0.22)"
4757,2023,기계공학,193572905,이준우,1,0.0,"한국표면공학회 (NODE11440084, IF: 0.22)"
4758,2023,기계공학,463921801,홍순기,1,0.0,"한국표면공학회 (NODE11440084, IF: 0.22)"
4759,2023,기계공학,278087789,김상호,1,0.0,"한국표면공학회 (NODE11440084, IF: 0.22)"
4760,2023,기계공학,766751836,조신호,1,0.0,"한국표면공학회 (NODE11440085, IF: 0.22)"
4761,2023,기계공학,373171783,김의준,1,0.0,"한국표면공학회 (NODE11440086, IF: 0.22)"
4762,2023,기계공학,870694952,이승효,1,0.0,"한국표면공학회 (NODE11440086, IF: 0.22)"
4763,2023,기계공학,971171483,Sung-Min Kim,1,0.0,"한국표면공학회 (NODE11678860, IF: 0.22)"
4764,2023,기계공학,905298700,Woon-Young Lee,1,0.0,"한국표면공학회 (NODE11678860, IF: 0.22)"
4765,2023,기계공학,576531130,박지용,1,0.0,"한국표면공학회 (NODE11678860, IF: 0.22)"
4766,2023,기계공학,529234098,Byeong-Hun Yu,1,0.0,"한국표면공학회 (NODE11678861, IF: 0.22)"
4767,2023,기계공학,370662556,Ji-Wook Yoon,1,0.0,"한국표면공학회 (NODE11678861, IF: 0.22)"
4768,2023,기계공학,222039768,Sung-Min Kim,1,0.0,"한국표면공학회 (NODE11678863, IF: 0.22)"
4769,2023,기계공학,956683232,Woon Young Lee,1,0.0,"한국표면공학회 (NODE11678863, IF: 0.22)"
4770,2023,기계공학,519337018,SeKwon Oh,1,0.0,"한국표면공학회 (NODE11678863, IF: 0.22)"
4771,2023,기계공학,130548854,우주완,1,0.0,"한국표면공학회 (NODE11678866, IF: 0.22)"
4772,2023,기계공학,188183626,이종민,1,0.0,"한국표면공학회 (NODE11678866, IF: 0.22)"
4773,2023,기계공학,821374897,서민호,1,0.0,"한국표면공학회 (NODE11678866, IF: 0.22)"
4774,2023,기계공학,833901330,김민지,1,0.0,"한국표면공학회 (NODE11678868, IF: 0.22)"
4775,2023,기계공학,547618223,최재형,1,0.0,"한국표면공학회 (NODE11678868, IF: 0.22)"
4776,2023,기계공학,586872688,엄태용,1,0.0,"한국표면공학회 (NODE11678869, IF: 0.22)"
4777,2023,기계공학,221213754,정용하,1,0.0,"한국표면공학회 (NODE11678869, IF: 0.22)"
4778,2023,기계공학,843920631,소상우,1,0.0,"한국표면공학회 (NODE11678869, IF: 0.22)"
4779,2023,기계공학,400706356,손영길,1,0.0,"한국표면공학회 (NODE11678869, IF: 0.22)"
4780,2023,기계공학,258624560,방상욱,1,0.0,"한국기계가공학회 (NODE11568860, IF: 0.31)"
4781,2023,기계공학,295252240,박준영,1,0.0,"한국기계가공학회 (NODE11568860, IF: 0.31)"
4782,2023,기계공학,286161956,전병준,1,0.0,"한국기계가공학회 (NODE11568861, IF: 0.31)"
4783,2023,기계공학,473337830,박동민,1,0.0,"한국기계가공학회 (NODE11568861, IF: 0.31)"
4784,2023,기계공학,757080091,김원재,1,0.0,"한국기계가공학회 (NODE11568861, IF: 0.31)"
4785,2023,기계공학,442584,김경진,1,0.0,"한국기계가공학회 (NODE11568862, IF: 0.31)"
4786,2023,기계공학,912167587,강우종,1,0.0,"한국기계가공학회 (NODE11568862, IF: 0.31)"
4787,2023,기계공학,400608445,한경희,1,0.0,"한국기계가공학회 (NODE11568862, IF: 0.31)"
4788,2023,기계공학,725894141,이창희,1,0.0,"한국기계가공학회 (NODE11568862, IF: 0.31)"
4789,2023,기계공학,123602540,이석규,1,0.0,"한국기계가공학회 (NODE11568862, IF: 0.31)"
4790,2023,기계공학,195058595,이현복,1,0.0,"한국기계가공학회 (NODE11568864, IF: 0.31)"
4791,2023,기계공학,149468016,이세동,1,0.0,"한국기계가공학회 (NODE11568864, IF: 0.31)"
4792,2023,기계공학,205417381,지수민,1,0.0,"한국기계가공학회 (NODE11568864, IF: 0.31)"
4793,2023,기계공학,476032685,이지호,1,0.0,"한국기계가공학회 (NODE11568865, IF: 0.31)"
4794,2023,기계공학,913527623,안건,1,0.0,"한국기계가공학회 (NODE11568865, IF: 0.31)"
4795,2023,기계공학,575562120,최민식,1,0.0,"한국기계가공학회 (NODE11568865, IF: 0.31)"
4796,2023,기계공학,276314741,문상준,1,0.0,"한국기계가공학회 (NODE11568865, IF: 0.31)"
4797,2023,기계공학,992198338,조승현,1,0.0,"한국기계가공학회 (NODE11568866, IF: 0.31)"
4798,2023,기계공학,809517523,변성광,1,0.0,"한국기계가공학회 (NODE11568866, IF: 0.31)"
4799,2023,기계공학,306349177,고은별,1,0.0,"한국기계가공학회 (NODE11568867, IF: 0.31)"
4800,2023,기계공학,467646983,정일웅,1,0.0,"한국기계가공학회 (NODE11568867, IF: 0.31)"
4801,2023,기계공학,112991518,심형우,1,0.0,"한국기계가공학회 (NODE11568868, IF: 0.31)"
4802,2023,기계공학,737092933,김도영,1,0.0,"한국기계가공학회 (NODE11568868, IF: 0.31)"
4803,2023,기계공학,880746123,이승용,1,0.0,"한국기계가공학회 (NODE11568868, IF: 0.31)"
4804,2023,기계공학,701721527,이헌기,1,0.0,"한국기계가공학회 (NODE11568868, IF: 0.31)"
4805,2023,기계공학,718748524,김동길,1,0.0,"한국기계가공학회 (NODE11568868, IF: 0.31)"
4806,2023,기계공학,168790983,이일환,1,0.0,"한국기계가공학회 (NODE11568869, IF: 0.31)"
4807,2023,기계공학,522337395,심한섭,1,0.0,"한국기계가공학회 (NODE11568870, IF: 0.31)"
4808,2023,기계공학,741494989,옥승호,1,0.0,"한국기계가공학회 (NODE11568871, IF: 0.31)"
4809,2023,기계공학,529368187,김지선,1,0.0,"한국기계가공학회 (NODE11568872, IF: 0.31)"
4810,2023,기계공학,538516827,조종래,1,0.0,"한국기계가공학회 (NODE11568872, IF: 0.31)"
4811,2023,기계공학,588619602,조재상,1,0.0,"한국기계가공학회 (NODE11568872, IF: 0.31)"
4812,2023,기계공학,998586997,오영환,1,0.0,"한국기계가공학회 (NODE11568872, IF: 0.31)"
4813,2023,기계공학,851880959,이승호,1,0.0,"한국기계가공학회 (NODE11568872, IF: 0.31)"
4814,2023,기계공학,309476072,최현,1,0.0,"한국기계가공학회 (NODE11568873, IF: 0.31)"
4815,2023,기계공학,773796915,김재민,1,0.0,"한국기계가공학회 (NODE11568876, IF: 0.31)"
4816,2023,기계공학,594857904,박정문,1,0.0,"한국기계가공학회 (NODE11568876, IF: 0.31)"
4817,2023,기계공학,673050324,이선봉,1,0.0,"한국기계가공학회 (NODE11568876, IF: 0.31)"
4818,2023,기계공학,436184158,송시한,1,0.0,"대한기계학회 (NODE11568901, IF: 0.36)"
4819,2023,기계공학,846040999,양회관,1,0.0,"대한기계학회 (NODE11568901, IF: 0.36)"
4820,2023,기계공학,320465975,류용현,1,0.0,"대한기계학회 (NODE11568906, IF: 0.36)"
4821,2023,기계공학,529343558,이경우,1,0.0,"대한기계학회 (NODE11568906, IF: 0.36)"
4822,2023,기계공학,581063329,성대운,1,0.0,"대한기계학회 (NODE11568906, IF: 0.36)"
4823,2023,기계공학,924559486,김창수 ,1,0.0,"대한기계학회 (NODE11568906, IF: 0.36)"
4824,2023,기계공학,105149446,홍영선,1,0.0,"대한기계학회 (NODE11568907, IF: 0.36)"
4825,2023,기계공학,719601193,방주형,1,0.0,"대한기계학회 (NODE11568908, IF: 0.36)"
4826,2023,기계공학,265517006,백근태,1,0.0,"대한기계학회 (NODE11568908, IF: 0.36)"
4827,2023,기계공학,977518962,구자석,1,0.0,"대한기계학회 (NODE11568909, IF: 0.36)"
4828,2023,기계공학,977500553,조현선,1,0.0,"대한기계학회 (NODE11568910, IF: 0.36)"
4829,2023,기계공학,5222595,유승우,1,0.0,"대한기계학회 (NODE11568910, IF: 0.36)"
4830,2023,기계공학,1813220,김지훈,1,0.0,"한국자동차공학회 (NODE11531075, IF: 0.41)"
4831,2023,기계공학,2036955,백민진,1,0.0,"한국자동차공학회 (NODE11531075, IF: 0.41)"
4832,2023,기계공학,986017062,응우옌티호아이투,1,0.0,"한국자동차공학회 (NODE11531075, IF: 0.41)"
4833,2023,기계공학,257716784,한동석,1,0.0,"한국자동차공학회 (NODE11531075, IF: 0.41)"
4834,2023,기계공학,348103893,최동환,1,0.0,"한국자동차공학회 (NODE11531076, IF: 0.41)"
4835,2023,기계공학,434730807,이승훈,1,0.0,"한국자동차공학회 (NODE11531076, IF: 0.41)"
4836,2023,기계공학,473355147,김승열,1,0.0,"한국자동차공학회 (NODE11531076, IF: 0.41)"
4837,2023,기계공학,150895873,김계현,1,0.0,"한국자동차공학회 (NODE11531076, IF: 0.41)"
4838,2023,기계공학,194725983,최기봉,1,0.0,"한국자동차공학회 (NODE11531076, IF: 0.41)"
4839,2023,기계공학,3484238,윤보람,1,0.0,"한국자동차공학회 (NODE11531077, IF: 0.41)"
4840,2023,기계공학,486516807,전경훈,1,0.0,"한국자동차공학회 (NODE11531077, IF: 0.41)"
4841,2023,기계공학,883846504,김용희,1,0.0,"한국자동차공학회 (NODE11531077, IF: 0.41)"
4842,2023,기계공학,550382632,변문환,1,0.0,"한국자동차공학회 (NODE11531077, IF: 0.41)"
4843,2023,기계공학,541454854,박진한,1,0.0,"한국추진공학회 (NODE11442383, IF: 0.33)"
4844,2023,기계공학,115152603,유재호,1,0.0,"한국추진공학회 (NODE11442383, IF: 0.33)"
4845,2023,기계공학,1066850,박상섭,1,0.0,"한국추진공학회 (NODE11442383, IF: 0.33)"
4846,2023,기계공학,185153786,이금오,1,0.0,"한국추진공학회 (NODE11442387, IF: 0.33)"
4847,2023,기계공학,833240743,임병직,1,0.0,"한국추진공학회 (NODE11442387, IF: 0.33)"
4848,2023,기계공학,785339562,이준성,1,0.0,"한국추진공학회 (NODE11442387, IF: 0.33)"
4849,2023,기계공학,602599211,김충만,1,0.0,"한국추진공학회 (NODE11442388, IF: 0.33)"
4850,2023,기계공학,851609167,강홍재,1,0.0,"한국추진공학회 (NODE11442388, IF: 0.33)"
4851,2023,기계공학,297516257,이경환,1,0.0,"한국추진공학회 (NODE11442388, IF: 0.33)"
4852,2023,기계공학,966203637,이종광,1,0.0,"한국추진공학회 (NODE11442388, IF: 0.33)"
4853,2023,기계공학,456404818,유동헌,1,0.0,"한국에너지기후변화학회 (NODE11442451, IF: 0.28)"
4854,2023,기계공학,811027089,윤용승,1,0.0,"한국에너지기후변화학회 (NODE11442453, IF: 0.28)"
4855,2023,기계공학,760723339,이승종,1,0.0,"한국에너지기후변화학회 (NODE11442453, IF: 0.28)"
4856,2023,기계공학,492103439,윤덕규,1,0.0,"한국에너지기후변화학회 (NODE11442453, IF: 0.28)"
4857,2023,기계공학,442004566,이재용,1,0.0,"한국에너지기후변화학회 (NODE11442453, IF: 0.28)"
4858,2023,기계공학,200496297,정우현,1,0.0,"한국에너지기후변화학회 (NODE11442453, IF: 0.28)"
4859,2023,기계공학,576423969,정기진,1,0.0,"한국에너지기후변화학회 (NODE11442453, IF: 0.28)"
4860,2023,기계공학,149399943,이지은,1,0.0,"한국에너지기후변화학회 (NODE11442453, IF: 0.28)"
4861,2023,기계공학,518327332,류상오,1,0.0,"한국에너지기후변화학회 (NODE11442453, IF: 0.28)"
4862,2023,기계공학,396370377,김경덕,1,0.0,"한국에너지기후변화학회 (NODE11442454, IF: 0.28)"
4863,2023,기계공학,277366887,김지유,1,0.0,"한국에너지기후변화학회 (NODE11442454, IF: 0.28)"
4864,2023,기계공학,656099313,정운호,1,0.0,"한국에너지기후변화학회 (NODE11442454, IF: 0.28)"
4865,2023,기계공학,293458117,박용하,1,0.0,"한국에너지기후변화학회 (NODE11442454, IF: 0.28)"
4866,2023,기계공학,203712835,구기영,1,0.0,"한국에너지기후변화학회 (NODE11442454, IF: 0.28)"
4867,2023,기계공학,285690616,이광택,1,0.0,"한국에너지기후변화학회 (NODE11442455, IF: 0.28)"
4868,2023,기계공학,615969730,이예완,1,0.0,"한국에너지기후변화학회 (NODE11442455, IF: 0.28)"
4869,2023,기계공학,614244858,김용진,1,0.0,"한국에너지기후변화학회 (NODE11442455, IF: 0.28)"
4870,2023,기계공학,120865202,한방우,1,0.0,"한국에너지기후변화학회 (NODE11442455, IF: 0.28)"
4871,2023,기계공학,488299414,김상복,1,0.0,"한국에너지기후변화학회 (NODE11442455, IF: 0.28)"
4872,2023,기계공학,578058183,박인용,1,0.0,"한국에너지기후변화학회 (NODE11442455, IF: 0.28)"
4873,2023,기계공학,642284666,이건희,1,0.0,"한국에너지기후변화학회 (NODE11442455, IF: 0.28)"
4874,2023,기계공학,631837359,박대훈,1,0.0,"한국에너지기후변화학회 (NODE11442455, IF: 0.28)"
4875,2023,기계공학,970505107,홍기정,1,0.0,"한국에너지기후변화학회 (NODE11442455, IF: 0.28)"
4876,2023,기계공학,413522363,김학준,1,0.0,"한국에너지기후변화학회 (NODE11442455, IF: 0.28)"
4877,2023,기계공학,325837833,윤성은,1,0.0,"한국자동차공학회 (NODE11443173, IF: 0.41)"
4878,2023,기계공학,255400272,기네시티지,1,0.0,"한국자동차공학회 (NODE11443173, IF: 0.41)"
4879,2023,기계공학,111075679,수하이미무하마드레자,1,0.0,"한국자동차공학회 (NODE11443173, IF: 0.41)"
4880,2023,기계공학,941509981,김중경,1,0.0,"한국자동차공학회 (NODE11443173, IF: 0.41)"
4881,2023,기계공학,4628252,방우석,1,0.0,"한국자동차공학회 (NODE11443174, IF: 0.41)"
4882,2023,기계공학,334733625,이광주,1,0.0,"한국자동차공학회 (NODE11443174, IF: 0.41)"
4883,2023,기계공학,856967264,이원종,1,0.0,"한국자동차공학회 (NODE11443175, IF: 0.41)"
4884,2023,기계공학,936958779,박태정,1,0.0,"한국자동차공학회 (NODE11443176, IF: 0.41)"
4885,2023,기계공학,577813220,유영훈,1,0.0,"한국자동차공학회 (NODE11443176, IF: 0.41)"
4886,2023,기계공학,2246925,조형진,1,0.0,"한국자동차공학회 (NODE11443176, IF: 0.41)"
4887,2023,기계공학,343628668,송준영,1,0.0,"한국자동차공학회 (NODE11443176, IF: 0.41)"
4888,2023,기계공학,679978297,조인제,1,0.0,"한국자동차공학회 (NODE11443176, IF: 0.41)"
4889,2023,기계공학,664924274,왕명비,1,0.0,"한국자동차공학회 (NODE11443177, IF: 0.41)"
4890,2023,기계공학,583921877,김진성,1,0.0,"한국자동차공학회 (NODE11443177, IF: 0.41)"
4891,2023,기계공학,254337622,원종진,1,0.0,"한국자동차공학회 (NODE11443178, IF: 0.41)"
4892,2023,기계공학,484600359,유병용,1,0.0,"한국자동차공학회 (NODE11443178, IF: 0.41)"
4893,2023,기계공학,698506969,박우영,1,0.0,"한국자동차공학회 (NODE11443180, IF: 0.41)"
4894,2023,기계공학,349028437,서성원,1,0.0,"한국자동차공학회 (NODE11443181, IF: 0.41)"
4895,2023,기계공학,257129148,김영완,1,0.0,"한국자동차공학회 (NODE11443181, IF: 0.41)"
4896,2023,기계공학,106122115,남충우,1,0.0,"한국자동차공학회 (NODE11443182, IF: 0.41)"
4897,2023,기계공학,814225285,박문제,1,0.0,"한국자동차공학회 (NODE11443182, IF: 0.41)"
4898,2023,기계공학,627139959,남유주,1,0.0,"한국자동차공학회 (NODE11443182, IF: 0.41)"
4899,2023,기계공학,365739943,노고산,1,0.0,"한국수소및신에너지학회 (NODE11443183, IF: 0.62)"
4900,2023,기계공학,955989642,김영진,1,0.0,"한국수소및신에너지학회 (NODE11443183, IF: 0.62)"
4901,2023,기계공학,704674676,전홍준,1,0.0,"한국수소및신에너지학회 (NODE11443183, IF: 0.62)"
4902,2023,기계공학,805963241,김우현,1,0.0,"한국수소및신에너지학회 (NODE11443183, IF: 0.62)"
4903,2023,기계공학,338282135,정성욱,1,0.0,"한국수소및신에너지학회 (NODE11443183, IF: 0.62)"
4904,2023,기계공학,406483529,김민수,1,0.0,"한국수소및신에너지학회 (NODE11443184, IF: 0.62)"
4905,2023,기계공학,746742467,전성탁,1,0.0,"한국수소및신에너지학회 (NODE11443184, IF: 0.62)"
4906,2023,기계공학,590106080,이수용,1,0.0,"한국수소및신에너지학회 (NODE11443185, IF: 0.62)"
4907,2023,기계공학,521418511,잡반티엔,1,0.0,"한국수소및신에너지학회 (NODE11443185, IF: 0.62)"
4908,2023,기계공학,639747178,무자히드 나심,1,0.0,"한국수소및신에너지학회 (NODE11443185, IF: 0.62)"
4909,2023,기계공학,582024381,김종환,1,0.0,"한국수소및신에너지학회 (NODE11443185, IF: 0.62)"
4910,2023,기계공학,941782805,이영덕,1,0.0,"한국수소및신에너지학회 (NODE11443185, IF: 0.62)"
4911,2023,기계공학,528195435,손성민,1,0.0,"한국수소및신에너지학회 (NODE11443186, IF: 0.62)"
4912,2023,기계공학,220426747,김동희,1,0.0,"한국수소및신에너지학회 (NODE11443188, IF: 0.62)"
4913,2023,기계공학,189153782,김현세,1,0.0,"한국수소및신에너지학회 (NODE11443190, IF: 0.62)"
4914,2023,기계공학,763598939,함영복,1,0.0,"한국수소및신에너지학회 (NODE11443190, IF: 0.62)"
4915,2023,기계공학,244818137,변윤섭,1,0.0,"한국수소및신에너지학회 (NODE11443191, IF: 0.62)"
4916,2023,기계공학,682828392,김민아,1,0.0,"한국수소및신에너지학회 (NODE11443192, IF: 0.62)"
4917,2023,기계공학,718306839,이창훈,1,0.0,"한국수소및신에너지학회 (NODE11443192, IF: 0.62)"
4918,2023,기계공학,437595,김진우,1,0.0,"한국수소및신에너지학회 (NODE11443193, IF: 0.62)"
4919,2023,기계공학,289432587,유영돈,1,0.0,"한국수소및신에너지학회 (NODE11443193, IF: 0.62)"
4920,2023,기계공학,945203498,서민혜,1,0.0,"한국수소및신에너지학회 (NODE11443193, IF: 0.62)"
4921,2023,기계공학,903382062,백종민,1,0.0,"한국수소및신에너지학회 (NODE11443193, IF: 0.62)"
4922,2023,기계공학,974794160,김수현,1,0.0,"한국수소및신에너지학회 (NODE11443193, IF: 0.62)"
4923,2023,기계공학,143143193,김민석,1,0.0,"대한용접·접합학회 (NODE11443205, IF: 0.62)"
4924,2023,기계공학,628405479,박성진,1,0.0,"대한용접·접합학회 (NODE11443205, IF: 0.62)"
4925,2023,기계공학,397064525,강용준,1,0.0,"대한용접·접합학회 (NODE11443207, IF: 0.62)"
4926,2023,기계공학,585262051,이준호,1,0.0,"대한용접·접합학회 (NODE11443207, IF: 0.62)"
4927,2023,기계공학,868407567,오창영,1,0.0,"대한용접·접합학회 (NODE11443207, IF: 0.62)"
4928,2023,기계공학,324477563,이승건,1,0.0,"대한용접·접합학회 (NODE11443207, IF: 0.62)"
4929,2023,기계공학,573941224,김병진,1,0.0,"대한용접·접합학회 (NODE11443208, IF: 0.62)"
4930,2023,기계공학,263103607,오원빈,1,0.0,"대한용접·접합학회 (NODE11443209, IF: 0.62)"
4931,2023,기계공학,162972447,Gi-Hoon Lee,1,0.0,"대한용접·접합학회 (NODE11443209, IF: 0.62)"
4932,2023,기계공학,753037040,이기훈,1,0.0,"대한용접·접합학회 (NODE11443210, IF: 0.62)"
4933,2023,기계공학,924676918,Jehyoung Cho,1,0.0,"대한용접·접합학회 (NODE11443213, IF: 0.62)"
4934,2023,기계공학,800294437,서울과학기술대학교 MIP,1,0.0,"한국자동차안전학회 (NODE11716856, IF: 0.34)"
4935,2023,기계공학,321610911,Seongjin Ahn,1,0.0,"항공우주시스템공학회 (NODE11663339, IF: 0.31)"
4936,2023,기계공학,533560241,이해창,1,0.0,"한국항공우주연구원 (NODE11613091, IF: 0.00)"
4937,2023,기계공학,197075907,이효영,1,0.0,"한국항공우주연구원 (NODE11613092, IF: 0.00)"
4938,2023,기계공학,849612258,유일상,1,0.0,"한국항공우주연구원 (NODE11613092, IF: 0.00)"
4939,2023,기계공학,335906403,임창영,1,0.0,"한국항공우주연구원 (NODE11613092, IF: 0.00)"
4940,2023,기계공학,683582613,임창호,1,0.0,"한국항공우주연구원 (NODE11613094, IF: 0.00)"
4941,2023,기계공학,851568708,박일경,1,0.0,"한국항공우주연구원 (NODE11613096, IF: 0.00)"
4942,2023,기계공학,549629241,배중원,1,0.0,"한국항공우주연구원 (NODE11613097, IF: 0.00)"
4943,2023,기계공학,855995847,박응식,1,0.0,"한국항공우주연구원 (NODE11613098, IF: 0.00)"
4944,2023,기계공학,844683971,신근웅,1,0.0,"한국항공우주연구원 (NODE11613098, IF: 0.00)"
4945,2023,기계공학,804604645,양지모,1,0.0,"한국항공우주연구원 (NODE11613098, IF: 0.00)"
4946,2023,기계공학,448325718,정주원,1,0.0,"한국항공우주연구원 (NODE11613099, IF: 0.00)"
4947,2023,기계공학,421361459,송복섭,1,0.0,"한국항공우주연구원 (NODE11613101, IF: 0.00)"
4948,2023,기계공학,809302783,석병석,1,0.0,"한국항공우주연구원 (NODE11613101, IF: 0.00)"
4949,2023,기계공학,633627041,박신무,1,0.0,"한국항공우주연구원 (NODE11613101, IF: 0.00)"
4950,2023,기계공학,486205904,심영주,1,0.0,"한국항공우주연구원 (NODE11613101, IF: 0.00)"
4951,2023,기계공학,428440576,용상순,1,0.0,"한국항공우주연구원 (NODE11613101, IF: 0.00)"
4952,2023,기계공학,591834804,유명종,1,0.0,"한국항공우주연구원 (NODE11613101, IF: 0.00)"
4953,2023,기계공학,298687795,김채형,1,0.0,"한국항공우주연구원 (NODE11613102, IF: 0.00)"
4954,2023,기계공학,737625961,김성룡,1,0.0,"한국항공우주연구원 (NODE11613102, IF: 0.00)"
4955,2023,기계공학,847241484,임지혁,1,0.0,"한국항공우주연구원 (NODE11613102, IF: 0.00)"
4956,2023,기계공학,940737362,김성혁,1,0.0,"한국항공우주연구원 (NODE11613102, IF: 0.00)"
4957,2023,기계공학,760042782,우성필,1,0.0,"한국항공우주연구원 (NODE11613102, IF: 0.00)"
4958,2023,기계공학,256385259,박재영,1,0.0,"한국항공우주연구원 (NODE11613102, IF: 0.00)"
4959,2023,기계공학,340885000,소윤석,1,0.0,"한국항공우주연구원 (NODE11613102, IF: 0.00)"
4960,2023,기계공학,177540828,이정호,1,0.0,"한국항공우주연구원 (NODE11613102, IF: 0.00)"
4961,2023,기계공학,675398093,이승재,1,0.0,"한국항공우주연구원 (NODE11613102, IF: 0.00)"
4962,2023,기계공학,121286872,전준수,1,0.0,"한국항공우주연구원 (NODE11613102, IF: 0.00)"
4963,2023,기계공학,809874667,황창환,1,0.0,"한국항공우주연구원 (NODE11613102, IF: 0.00)"
4964,2023,기계공학,744507996,이광진,1,0.0,"한국항공우주연구원 (NODE11613102, IF: 0.00)"
4965,2023,기계공학,237648817,김승한,1,0.0,"한국항공우주연구원 (NODE11613102, IF: 0.00)"
4966,2023,기계공학,830045635,한영민,1,0.0,"한국항공우주연구원 (NODE11613102, IF: 0.00)"
4967,2023,기계공학,82864,소민석,1,0.0,"한국항공우주연구원 (NODE11613103, IF: 0.00)"
4968,2023,기계공학,531863790,권순호,1,0.0,"한국항공우주연구원 (NODE11613103, IF: 0.00)"
4969,2023,기계공학,852866451,마진아,1,0.0,"한국항공우주연구원 (NODE11613103, IF: 0.00)"
4970,2023,기계공학,323390429,한정우,1,0.0,"한국항공우주연구원 (NODE11613103, IF: 0.00)"
4971,2023,기계공학,185594926,김춘원,1,0.0,"한국항공우주연구원 (NODE11613103, IF: 0.00)"
4972,2023,기계공학,683862283,이태진,1,0.0,"한국항공우주연구원 (NODE11613103, IF: 0.00)"
4973,2023,기계공학,278765617,안나균,1,0.0,"한국항공우주연구원 (NODE11613103, IF: 0.00)"
4974,2023,기계공학,769008134,이명신,1,0.0,"한국항공우주연구원 (NODE11613104, IF: 0.00)"
4975,2023,기계공학,442291918,박재형,1,0.0,"한국항공우주연구원 (NODE11613104, IF: 0.00)"
4976,2023,기계공학,935098389,이보영,1,0.0,"한국항공우주연구원 (NODE11613104, IF: 0.00)"
4977,2023,기계공학,190571656,현대환,1,0.0,"한국항공우주연구원 (NODE11613104, IF: 0.00)"
4978,2023,기계공학,396095302,양형모,1,0.0,"한국항공우주연구원 (NODE11613104, IF: 0.00)"
4979,2023,기계공학,5475850,정옥철,1,0.0,"한국항공우주연구원 (NODE11613104, IF: 0.00)"
4980,2023,기계공학,5487505,김명언,1,0.0,"한국항공우주연구원 (NODE11613108, IF: 0.00)"
4981,2023,기계공학,513020065,송하용,1,0.0,"(사)한국CDE학회 (NODE11616093, IF: 1.01)"
4982,2023,기계공학,299360789,박상근,1,0.0,"(사)한국CDE학회 (NODE11616094, IF: 1.01)"
4983,2023,기계공학,5352006,김영득,1,0.0,"(사)한국CDE학회 (NODE11616097, IF: 1.01)"
4984,2023,기계공학,860759035,엄주명,1,0.0,"(사)한국CDE학회 (NODE11616097, IF: 1.01)"
4985,2023,기계공학,825884205,김권옥,1,0.0,"(사)한국CDE학회 (NODE11616101, IF: 1.01)"
4986,2023,기계공학,724276660,하솔,1,0.0,"(사)한국CDE학회 (NODE11616101, IF: 1.01)"
4987,2023,기계공학,342309493,차주환,1,0.0,"(사)한국CDE학회 (NODE11616101, IF: 1.01)"
4988,2023,기계공학,666999239,김도영,1,0.0,"(사)한국CDE학회 (NODE11616102, IF: 1.01)"
4989,2023,기계공학,730668115,송인호,1,0.0,"(사)한국CDE학회 (NODE11616102, IF: 1.01)"
4990,2023,기계공학,5139053,문석현,1,0.0,"(사)한국CDE학회 (NODE11616105, IF: 1.01)"
4991,2023,기계공학,694506953,이주성,1,0.0,"(사)한국CDE학회 (NODE11616105, IF: 1.01)"
4992,2023,기계공학,152038743,김구택,1,0.0,"(사)한국CDE학회 (NODE11616106, IF: 1.01)"
4993,2023,기계공학,999002039,강경준,1,0.0,"(사)한국CDE학회 (NODE11616106, IF: 1.01)"
4994,2023,기계공학,553564458,정현,1,0.0,"(사)한국CDE학회 (NODE11616112, IF: 1.01)"
4995,2023,기계공학,733135369,김재연,1,0.0,"(사)한국CDE학회 (NODE11616113, IF: 1.01)"
4996,2023,기계공학,438034817,이상명,1,0.0,"(사)한국CDE학회 (NODE11616113, IF: 1.01)"
4997,2023,기계공학,5241005,배태겸,1,0.0,"(사)한국CDE학회 (NODE11616114, IF: 1.01)"
4998,2023,기계공학,5430347,안정민,1,0.0,"(사)한국CDE학회 (NODE11616114, IF: 1.01)"
4999,2023,기계공학,120241655,문성현,1,0.0,"(사)한국CDE학회 (NODE11616114, IF: 1.01)"
5000,2023,기계공학,200121256,이주연,1,0.0,"(사)한국CDE학회 (NODE11616114, IF: 1.01)"
5001,2023,기계공학,325701432,조영준,1,0.0,"(사)한국CDE학회 (NODE11616115, IF: 1.01)"
5002,2023,기계공학,483493347,오민재,1,0.0,"(사)한국CDE학회 (NODE11616115, IF: 1.01)"
5003,2023,기계공학,410710365,최종안,1,0.0,"Korean Society for Precision Engineering (NODE11616283, IF: 0.00)"
5004,2023,기계공학,645395796,정진구,1,0.0,"Korean Society for Precision Engineering (NODE11616283, IF: 0.00)"
5005,2023,기계공학,944122179,강민규,1,0.0,"Korean Society for Precision Engineering (NODE11616283, IF: 0.00)"
5006,2023,기계공학,530159346,표순재,1,0.0,"Korean Society for Precision Engineering (NODE11616283, IF: 0.00)"
5007,2023,기계공학,591580709,신현수,1,0.0,"Korean Society for Precision Engineering (NODE11616284, IF: 0.00)"
5008,2023,기계공학,447462649,이준영,1,0.0,"Korean Society for Precision Engineering (NODE11616284, IF: 0.00)"
5009,2023,기계공학,348967127,김민재,1,0.0,"Korean Society for Precision Engineering (NODE11616284, IF: 0.00)"
5010,2023,기계공학,209345793,엄광문,1,0.0,"Korean Society for Precision Engineering (NODE11616284, IF: 0.00)"
5011,2023,기계공학,426094169,최웅철,1,0.0,"한국자동차공학회 (NODE11221980, IF: 0.41)"
5012,2023,기계공학,963304974,이중재,1,0.0,"한국자동차공학회 (NODE11560068, IF: 0.41)"
5013,2023,기계공학,373144173,김수지,1,0.0,"한국자동차공학회 (NODE11560068, IF: 0.41)"
5014,2023,기계공학,230055988,김홍희,1,0.0,"한국자동차공학회 (NODE11560072, IF: 0.41)"
5015,2023,기계공학,816913127,문현웅,1,0.0,"한국자동차공학회 (NODE11560072, IF: 0.41)"
5016,2023,기계공학,974147341,한국자동차공학회 사업팀,1,0.0,"한국자동차공학회 (NODE11560074, IF: 0.41)"
5017,2023,기계공학,1993629,최동국,1,0.0,"한국항공우주학회 (NODE11560090, IF: 0.40)"
5018,2023,기계공학,905557336,송기훈,1,0.0,"한국항공우주학회 (NODE11560091, IF: 0.40)"
5019,2023,기계공학,700562255,김태훈,1,0.0,"한국항공우주학회 (NODE11560092, IF: 0.40)"
5020,2023,기계공학,721723678,진재현,1,0.0,"한국항공우주학회 (NODE11560092, IF: 0.40)"
5021,2023,기계공학,469224701,강태영,1,0.0,"한국항공우주학회 (NODE11560092, IF: 0.40)"
5022,2023,기계공학,103010617,유창경,1,0.0,"한국항공우주학회 (NODE11560092, IF: 0.40)"
5023,2023,기계공학,306003233,김정훈,1,0.0,"한국항공우주학회 (NODE11560092, IF: 0.40)"
5024,2023,기계공학,430832863,신정식,1,0.0,"한국항공우주학회 (NODE11560093, IF: 0.40)"
5025,2023,기계공학,137658009,국중원,1,0.0,"한국항공우주학회 (NODE11560093, IF: 0.40)"
5026,2023,기계공학,921649824,고한서,1,0.0,"한국항공우주학회 (NODE11560093, IF: 0.40)"
5027,2023,기계공학,550372272,한민균,1,0.0,"한국항공우주학회 (NODE11560097, IF: 0.40)"
5028,2023,기계공학,811186450,최으뜸,1,0.0,"한국항공우주학회 (NODE11560097, IF: 0.40)"
5029,2023,기계공학,269347335,전용기,1,0.0,"한국항공우주학회 (NODE11560097, IF: 0.40)"
5030,2023,기계공학,927135459,이성진,1,0.0,"한국항공우주학회 (NODE11560097, IF: 0.40)"
5031,2023,기계공학,859199348,최상옥,1,0.0,"한국항공우주학회 (NODE11560098, IF: 0.40)"
5032,2023,기계공학,618574018,문재성,1,0.0,"한국동력기계공학회 (NODE11560210, IF: 0.33)"
5033,2023,기계공학,318572691,제민아,1,0.0,"한국동력기계공학회 (NODE11560210, IF: 0.33)"
5034,2023,기계공학,305699066,정석호,1,0.0,"한국동력기계공학회 (NODE11560210, IF: 0.33)"
5035,2023,기계공학,418031668,이상엽,1,0.0,"항공우주시스템공학회 (NODE11561735, IF: 0.31)"
5036,2023,기계공학,362500498,손준현,1,0.0,"항공우주시스템공학회 (NODE11561735, IF: 0.31)"
5037,2023,기계공학,173478329,Youngjin Kim,1,0.0,"항공우주시스템공학회 (NODE11561736, IF: 0.31)"
5038,2023,기계공학,957954579,Jeonghwan Jeon,1,0.0,"항공우주시스템공학회 (NODE11561736, IF: 0.31)"
5039,2023,기계공학,809199213,Gonghoe Gimm,1,0.0,"항공우주시스템공학회 (NODE11561736, IF: 0.31)"
5040,2023,기계공학,751589129,한국기술교육대학교 K-BUB,1,0.0,"한국자동차안전학회 (NODE11716851, IF: 0.34)"
5041,2023,기계공학,130609380,김한영,1,0.0,"대한기계학회 (NODE11534770, IF: 0.36)"
5042,2023,기계공학,803464165,양회관,1,0.0,"대한기계학회 (NODE11534770, IF: 0.36)"
5043,2023,기계공학,595713761,강창호,1,0.0,"대한기계학회 (NODE11534777, IF: 0.36)"
5044,2023,기계공학,317406,이동욱,1,0.0,"대한기계학회 (NODE11534778, IF: 0.36)"
5045,2023,기계공학,847670419,임동원,1,0.0,"대한기계학회 (NODE11534779, IF: 0.36)"
5046,2023,기계공학,500526569,김정환,1,0.0,"대한기계학회 (NODE11534779, IF: 0.36)"
5047,2023,기계공학,813741803,Matthew Criado,1,0.0,"대한용접·접합학회 (NODE11556667, IF: 0.62)"
5048,2023,기계공학,918857013,Abhijit Roy,1,0.0,"대한용접·접합학회 (NODE11556667, IF: 0.62)"
5049,2023,기계공학,840649744,John Ohodnicki,1,0.0,"대한용접·접합학회 (NODE11556667, IF: 0.62)"
5050,2023,기계공학,888569677,Nicholas Tondravi,1,0.0,"대한용접·접합학회 (NODE11556667, IF: 0.62)"
5051,2023,기계공학,492124366,Hannah Fischer,1,0.0,"대한용접·접합학회 (NODE11556667, IF: 0.62)"
5052,2023,기계공학,985253997,Alejandro Almarza,1,0.0,"대한용접·접합학회 (NODE11556667, IF: 0.62)"
5053,2023,기계공학,360394857,Howard A. Kuhn,1,0.0,"대한용접·접합학회 (NODE11556667, IF: 0.62)"
5054,2023,기계공학,481457406,Prashant N. Kumta,1,0.0,"대한용접·접합학회 (NODE11556667, IF: 0.62)"
5055,2023,기계공학,546105276,송창섭,1,0.0,"대한용접·접합학회 (NODE11556669, IF: 0.62)"
5056,2023,기계공학,883808118,Seung Hwan Lee,1,0.0,"대한용접·접합학회 (NODE11556670, IF: 0.62)"
5057,2023,기계공학,309936726,이승환,1,0.0,"대한용접·접합학회 (NODE11556671, IF: 0.62)"
5058,2023,기계공학,140759763,이창훈,1,0.0,"대한용접·접합학회 (NODE11556672, IF: 0.62)"
5059,2023,기계공학,703751434,유지영,1,0.0,"대한용접·접합학회 (NODE11556672, IF: 0.62)"
5060,2023,기계공학,555046519,Seong hyun Kim,1,0.0,"대한용접·접합학회 (NODE11556673, IF: 0.62)"
5061,2023,기계공학,692843320,Seungjong Yun,1,0.0,"대한용접·접합학회 (NODE11556673, IF: 0.62)"
5062,2023,기계공학,389434803,김성현,1,0.0,"대한용접·접합학회 (NODE11556674, IF: 0.62)"
5063,2023,기계공학,606567438,윤승종,1,0.0,"대한용접·접합학회 (NODE11556674, IF: 0.62)"
5064,2023,기계공학,718361413,Myung Jin Kim,1,0.0,"대한용접·접합학회 (NODE11556675, IF: 0.62)"
5065,2023,기계공학,257062653,강희신,1,0.0,"대한용접·접합학회 (NODE11556675, IF: 0.62)"
5066,2023,기계공학,937000602,Seul Gi Lee,1,0.0,"대한용접·접합학회 (NODE11556676, IF: 0.62)"
5067,2023,기계공학,111734230,Young-Woo Lee,1,0.0,"대한용접·접합학회 (NODE11556676, IF: 0.62)"
5068,2023,기계공학,128470233,Jeong Tak Moon,1,0.0,"대한용접·접합학회 (NODE11556676, IF: 0.62)"
5069,2023,기계공학,745646901,이슬기,1,0.0,"대한용접·접합학회 (NODE11556677, IF: 0.62)"
5070,2023,기계공학,515456020,이영우,1,0.0,"대한용접·접합학회 (NODE11556677, IF: 0.62)"
5071,2023,기계공학,964498945,문정탁,1,0.0,"대한용접·접합학회 (NODE11556677, IF: 0.62)"
5072,2023,기계공학,942750097,So-Hee Hyun,1,0.0,"대한용접·접합학회 (NODE11556678, IF: 0.62)"
5073,2023,기계공학,551882079,정주희,1,0.0,"대한설비공학회 (NODE11556739, IF: 0.26)"
5074,2023,기계공학,664095218,한세진,1,0.0,"대한설비공학회 (NODE11556739, IF: 0.26)"
5075,2023,기계공학,183608525,신우중,1,0.0,"대한설비공학회 (NODE11556739, IF: 0.26)"
5076,2023,기계공학,347025767,정창호,1,0.0,"대한설비공학회 (NODE11556740, IF: 0.26)"
5077,2023,기계공학,576062096,양수광,1,0.0,"대한설비공학회 (NODE11556741, IF: 0.26)"
5078,2023,기계공학,476774245,김주혁,1,0.0,"대한설비공학회 (NODE11556741, IF: 0.26)"
5079,2023,기계공학,612022453,이응열,1,0.0,"대한설비공학회 (NODE11556741, IF: 0.26)"
5080,2023,기계공학,221172747,김재영,1,0.0,"대한설비공학회 (NODE11556741, IF: 0.26)"
5081,2023,기계공학,320054227,김영찬,1,0.0,"대한설비공학회 (NODE11556742, IF: 0.26)"
5082,2023,기계공학,456204901,"Ajayi, A. Samuel",1,0.0,"대한설비공학회 (NODE11556742, IF: 0.26)"
5083,2023,기계공학,360838099,이유성,1,0.0,"대한설비공학회 (NODE11556743, IF: 0.26)"
5084,2023,기계공학,118455146,김우현,1,0.0,"대한설비공학회 (NODE11556743, IF: 0.26)"
5085,2023,기계공학,662586039,이정석,1,0.0,"한국비파괴검사학회 (NODE11654382, IF: 0.41)"
5086,2023,기계공학,181403926,오승진,1,0.0,"한국비파괴검사학회 (NODE11654382, IF: 0.41)"
5087,2023,기계공학,432484785,이기영,1,0.0,"한국비파괴검사학회 (NODE11654383, IF: 0.41)"
5088,2023,기계공학,637754088,김현명,1,0.0,"한국비파괴검사학회 (NODE11654383, IF: 0.41)"
5089,2023,기계공학,441918,김종범,1,0.0,"한국비파괴검사학회 (NODE11654383, IF: 0.41)"
5090,2023,기계공학,156639411,Sungmoon Joo,1,0.0,"한국비파괴검사학회 (NODE11654384, IF: 0.41)"
5091,2023,기계공학,670636886,고유림,1,0.0,"한국비파괴검사학회 (NODE11654390, IF: 0.41)"
5092,2023,기계공학,161549305,신효정,1,0.0,"한국비파괴검사학회 (NODE11654390, IF: 0.41)"
5093,2023,기계공학,116212333,김남규,1,0.0,"한국비파괴검사학회 (NODE11654390, IF: 0.41)"
5094,2023,기계공학,141469967,최승준,1,0.0,"한국비파괴검사학회 (NODE11654390, IF: 0.41)"
5095,2023,기계공학,162386903,최성호,1,0.0,"한국비파괴검사학회 (NODE11654390, IF: 0.41)"
5096,2023,기계공학,892601413,최헌식,1,0.0,"한국비파괴검사학회 (NODE11654391, IF: 0.41)"
5097,2023,기계공학,420972933,서상철,1,0.0,"한국비파괴검사학회 (NODE11654391, IF: 0.41)"
5098,2023,기계공학,643277747,윤종학,1,0.0,"한국비파괴검사학회 (NODE11654391, IF: 0.41)"
5099,2023,기계공학,609402938,탁경주,1,0.0,"한국비파괴검사학회 (NODE11654391, IF: 0.41)"
5100,2023,기계공학,763972773,최유라,1,0.0,"대한기계학회 (NODE11342446, IF: 0.36)"
5101,2023,기계공학,721470912,응웬 쑤언 린,1,0.0,"대한기계학회 (NODE11342446, IF: 0.36)"
5102,2023,기계공학,838683758,박재현,1,0.0,"대한기계학회 (NODE11342447, IF: 0.36)"
5103,2023,기계공학,638532078,김세현,1,0.0,"대한기계학회 (NODE11342447, IF: 0.36)"
5104,2023,기계공학,488991760,김태호,1,0.0,"대한기계학회 (NODE11342448, IF: 0.36)"
5105,2023,기계공학,539409161,김희동,1,0.0,"대한기계학회 (NODE11342448, IF: 0.36)"
5106,2023,기계공학,331369460,장세권,1,0.0,"대한기계학회 (NODE11342449, IF: 0.36)"
5107,2023,기계공학,499128606,임성근,1,0.0,"대한기계학회 (NODE11342449, IF: 0.36)"
5108,2023,기계공학,832114383,김준영,1,0.0,"대한기계학회 (NODE11342449, IF: 0.36)"
5109,2023,기계공학,447146220,안선희,1,0.0,"대한기계학회 (NODE11342449, IF: 0.36)"
5110,2023,기계공학,833521239,신영훈,1,0.0,"대한기계학회 (NODE11342449, IF: 0.36)"
5111,2023,기계공학,815328594,지대원,1,0.0,"대한기계학회 (NODE11342449, IF: 0.36)"
5112,2023,기계공학,473125632,윤마루솔,1,0.0,"대한기계학회 (NODE11342450, IF: 0.36)"
5113,2023,기계공학,508392270,쉬웨이팅,1,0.0,"대한기계학회 (NODE11342450, IF: 0.36)"
5114,2023,기계공학,285648706,심동일,1,0.0,"대한기계학회 (NODE11342450, IF: 0.36)"
5115,2023,기계공학,602768993,송정연,1,0.0,"대한기계학회 (NODE11342450, IF: 0.36)"
5116,2023,기계공학,781911335,윤병동,1,0.0,"대한기계학회 (NODE11342455, IF: 0.36)"
5117,2023,기계공학,399079309,박종원,1,0.0,"대한기계학회 (NODE11342456, IF: 0.36)"
5118,2023,기계공학,346037581,양회관,1,0.0,"대한기계학회 (NODE11342456, IF: 0.36)"
5119,2023,기계공학,383302721,권보규,1,0.0,"대한기계학회 (NODE11342478, IF: 0.36)"
5120,2023,기계공학,383924400,김상일,1,0.0,"대한기계학회 (NODE11342478, IF: 0.36)"
5121,2023,기계공학,825678527,최익현,1,0.0,"대한기계학회 (NODE11342479, IF: 0.36)"
5122,2023,기계공학,206671910,오준영,1,0.0,"대한기계학회 (NODE11342480, IF: 0.36)"
5123,2023,기계공학,979992733,이우진,1,0.0,"대한기계학회 (NODE11342480, IF: 0.36)"
5124,2023,기계공학,836117652,김환,1,0.0,"대한기계학회 (NODE11342481, IF: 0.36)"
5125,2023,기계공학,585672783,전주림,1,0.0,"대한기계학회 (NODE11342481, IF: 0.36)"
5126,2023,기계공학,148651258,소유진,1,0.0,"대한기계학회 (NODE11342482, IF: 0.36)"
5127,2023,기계공학,191179789,송기석,1,0.0,"대한기계학회 (NODE11342482, IF: 0.36)"
5128,2023,기계공학,420687247,이재훈,1,0.0,"대한기계학회 (NODE11342482, IF: 0.36)"
5129,2023,기계공학,134113325,홍승우,1,0.0,"대한기계학회 (NODE11342483, IF: 0.36)"
5130,2023,기계공학,5148001,원권희,1,0.0,"대한기계학회 (NODE11342483, IF: 0.36)"
5131,2023,기계공학,302790497,장형석,1,0.0,"대한기계학회 (NODE11342483, IF: 0.36)"
5132,2023,기계공학,197661216,윤승민,1,0.0,"대한기계학회 (NODE11342483, IF: 0.36)"
5133,2023,기계공학,264736436,김상열,1,0.0,"대한기계학회 (NODE11342483, IF: 0.36)"
5134,2023,기계공학,885178822,김민극,1,0.0,"대한기계학회 (NODE11342488, IF: 0.36)"
5135,2023,기계공학,718458323,김영재,1,0.0,"대한기계학회 (NODE11342488, IF: 0.36)"
5136,2023,기계공학,633344618,백남철,1,0.0,"대한기계학회 (NODE11342488, IF: 0.36)"
5137,2023,기계공학,999097070,최이찬,1,0.0,"대한기계학회 (NODE11342489, IF: 0.36)"
5138,2023,기계공학,412999017,최민주,1,0.0,"대한기계학회 (NODE11342489, IF: 0.36)"
5139,2023,기계공학,190810228,정나미,1,0.0,"대한기계학회 (NODE11342490, IF: 0.36)"
5140,2023,기계공학,296958545,손병관,1,0.0,"대한기계학회 (NODE11342490, IF: 0.36)"
5141,2023,기계공학,360190614,박찬석,1,0.0,"대한기계학회 (NODE11342490, IF: 0.36)"
5142,2023,기계공학,215748,김경민,1,0.0,"대한기계학회 (NODE11342497, IF: 0.36)"
5143,2023,기계공학,403350709,김휘근,1,0.0,"대한기계학회 (NODE11342498, IF: 0.36)"
5144,2023,기계공학,860930577,정석규,1,0.0,"대한기계학회 (NODE11342499, IF: 0.36)"
5145,2023,기계공학,461730733,박기한,1,0.0,"대한기계학회 (NODE11342499, IF: 0.36)"
5146,2023,기계공학,722756060,강창완,1,0.0,"대한기계학회 (NODE11342499, IF: 0.36)"
5147,2023,기계공학,375050783,정재훈,1,0.0,"대한기계학회 (NODE11342499, IF: 0.36)"
5148,2023,기계공학,327823038,안상모,1,0.0,"대한기계학회 (NODE11342499, IF: 0.36)"
5149,2023,기계공학,845521004,이병희,1,0.0,"대한기계학회 (NODE11342499, IF: 0.36)"
5150,2023,기계공학,890715037,강윤지,1,0.0,"대한기계학회 (NODE11342500, IF: 0.36)"
5151,2023,기계공학,179278276,권태우,1,0.0,"대한기계학회 (NODE11342500, IF: 0.36)"
5152,2023,기계공학,298569670,김금영,1,0.0,"대한기계학회 (NODE11342502, IF: 0.36)"
5153,2023,기계공학,658413337,이재은,1,0.0,"한국자동차공학회 (NODE11342597, IF: 0.41)"
5154,2023,기계공학,541770379,배경렬,1,0.0,"한국자동차공학회 (NODE11342598, IF: 0.41)"
5155,2023,기계공학,4628235,김웅태,1,0.0,"한국자동차공학회 (NODE11342598, IF: 0.41)"
5156,2023,기계공학,410238467,정지성,1,0.0,"한국자동차공학회 (NODE11342599, IF: 0.41)"
5157,2023,기계공학,104881834,장준환,1,0.0,"한국자동차공학회 (NODE11342599, IF: 0.41)"
5158,2023,기계공학,680793414,이재권,1,0.0,"한국자동차공학회 (NODE11342599, IF: 0.41)"
5159,2023,기계공학,547104815,임재현,1,0.0,"한국자동차공학회 (NODE11342600, IF: 0.41)"
5160,2023,기계공학,954108020,이용욱,1,0.0,"한국자동차공학회 (NODE11342600, IF: 0.41)"
5161,2023,기계공학,336467356,최용준,1,0.0,"한국자동차공학회 (NODE11342600, IF: 0.41)"
5162,2023,기계공학,388566221,한성훈,1,0.0,"한국자동차공학회 (NODE11342607, IF: 0.41)"
5163,2023,기계공학,579905665,이유환,1,0.0,"한국자동차공학회 (NODE11342607, IF: 0.41)"
5164,2023,기계공학,795625015,김우진,1,0.0,"한국자동차공학회 (NODE11342609, IF: 0.41)"
5165,2023,기계공학,124807936,조준원,1,0.0,"한국자동차공학회 (NODE11342609, IF: 0.41)"
5166,2023,기계공학,853421026,Nguyen Minh Hoang,1,0.0,"한국동력기계공학회 (NODE11445832, IF: 0.33)"
5167,2023,기계공학,951302780,김일규,1,0.0,"한국동력기계공학회 (NODE11445832, IF: 0.33)"
5168,2023,기계공학,568509447,임재준,1,0.0,"한국동력기계공학회 (NODE11445835, IF: 0.33)"
5169,2023,기계공학,817490805,조경진,1,0.0,"한국동력기계공학회 (NODE11445835, IF: 0.33)"
5170,2023,기계공학,395117856,R. Prosser,1,0.0,"한국동력기계공학회 (NODE11445837, IF: 0.33)"
5171,2023,기계공학,632028050,Lei Bai,1,0.0,"한국동력기계공학회 (NODE11445839, IF: 0.33)"
5172,2023,기계공학,940776722,배진용,1,0.0,"한국동력기계공학회 (NODE11445839, IF: 0.33)"
5173,2023,기계공학,172511311,유지훈,1,0.0,"한국동력기계공학회 (NODE11445840, IF: 0.33)"
5174,2023,기계공학,885664837,양현경,1,0.0,"한국동력기계공학회 (NODE11445840, IF: 0.33)"
5175,2023,기계공학,930299115,딘카오트리,1,0.0,"한국동력기계공학회 (NODE11445841, IF: 0.33)"
5176,2023,기계공학,887957143,정명기,1,0.0,"대한기계학회 (NODE11446793, IF: 0.36)"
5177,2023,기계공학,434703154,오진동,1,0.0,"대한기계학회 (NODE11446794, IF: 0.36)"
5178,2023,기계공학,862067674,현대일,1,0.0,"대한기계학회 (NODE11446794, IF: 0.36)"
5179,2023,기계공학,403058051,김정현,1,0.0,"대한기계학회 (NODE11446796, IF: 0.36)"
5180,2023,기계공학,286179694,박준섭,1,0.0,"대한기계학회 (NODE11446797, IF: 0.36)"
5181,2023,기계공학,777723720,이정훈,1,0.0,"대한기계학회 (NODE11446797, IF: 0.36)"
5182,2023,기계공학,270484001,봉선우,1,0.0,"대한기계학회 (NODE11446798, IF: 0.36)"
5183,2023,기계공학,678592332,이상우,1,0.0,"대한기계학회 (NODE11446798, IF: 0.36)"
5184,2023,기계공학,457562137,이동준,1,0.0,"Korean Society for Precision Engineering (NODE11558341, IF: 0.00)"
5185,2023,기계공학,713097752,김정민,1,0.0,"Korean Society for Precision Engineering (NODE11558341, IF: 0.00)"
5186,2023,기계공학,949641034,정철수,1,0.0,"Korean Society for Precision Engineering (NODE11558341, IF: 0.00)"
5187,2023,기계공학,342852577,차수빈,1,0.0,"Korean Society for Precision Engineering (NODE11558342, IF: 0.00)"
5188,2023,기계공학,233073281,배준호,1,0.0,"Korean Society for Precision Engineering (NODE11558342, IF: 0.00)"
5189,2023,기계공학,977461997,김기수,1,0.0,"Korean Society for Precision Engineering (NODE11558343, IF: 0.00)"
5190,2023,기계공학,138715256,배지훈,1,0.0,"Korean Society for Precision Engineering (NODE11558343, IF: 0.00)"
5191,2023,기계공학,117327344,박종복,1,0.0,"Korean Society for Precision Engineering (NODE11558343, IF: 0.00)"
5192,2023,기계공학,504856860,라현정,1,0.0,"Korean Society for Precision Engineering (NODE11558346, IF: 0.00)"
5193,2023,기계공학,573185373,김동욱,1,0.0,"Korean Society for Precision Engineering (NODE11558346, IF: 0.00)"
5194,2023,기계공학,857953,이준만,1,0.0,"Korean Society for Precision Engineering (NODE11558346, IF: 0.00)"
5195,2023,기계공학,861659703,류한선,1,0.0,"Korean Society for Precision Engineering (NODE11558346, IF: 0.00)"
5196,2023,기계공학,587576945,정재한,1,0.0,"Korean Society for Precision Engineering (NODE11558346, IF: 0.00)"
5197,2023,기계공학,801267158,정영훈,1,0.0,"Korean Society for Precision Engineering (NODE11558346, IF: 0.00)"
5198,2023,기계공학,382827456,박용찬,1,0.0,"Korean Society for Precision Engineering (NODE11558347, IF: 0.00)"
5199,2023,기계공학,913146440,정다빈,1,0.0,"Korean Society for Precision Engineering (NODE11558347, IF: 0.00)"
5200,2023,기계공학,479309040,김현택,1,0.0,"Korean Society for Precision Engineering (NODE11558347, IF: 0.00)"
5201,2023,기계공학,911628783,우성철,1,0.0,"Korean Society for Precision Engineering (NODE11558347, IF: 0.00)"
5202,2023,기계공학,770879560,홍순욱,1,0.0,"Korean Society for Precision Engineering (NODE11558347, IF: 0.00)"
5203,2023,기계공학,604253245,박기창,1,0.0,"Korean Society for Precision Engineering (NODE11558348, IF: 0.00)"
5204,2023,기계공학,106415368,이용관,1,0.0,"Korean Society for Precision Engineering (NODE11558348, IF: 0.00)"
5205,2023,기계공학,142252293,Byeong Hun Seok,1,0.0,"한국마린엔지니어링학회 (NODE11558350, IF: 0.23)"
5206,2023,기계공학,394749968,Jun Seok Kim,1,0.0,"한국마린엔지니어링학회 (NODE11558350, IF: 0.23)"
5207,2023,기계공학,401497593,황정호,1,0.0,"한국마린엔지니어링학회 (NODE11558350, IF: 0.23)"
5208,2023,기계공학,910902123,Tae-youl Jeon,1,0.0,"한국마린엔지니어링학회 (NODE11558354, IF: 0.23)"
5209,2023,기계공학,274216884,박주신,1,0.0,"한국마린엔지니어링학회 (NODE11558360, IF: 0.23)"
5210,2023,기계공학,835475436,Seon-Hyeok Kim,1,0.0,"한국마린엔지니어링학회 (NODE11558360, IF: 0.23)"
5211,2023,기계공학,506248850,Hae-Yeon Ko,1,0.0,"한국마린엔지니어링학회 (NODE11558361, IF: 0.23)"
5212,2023,기계공학,692948449,Jeong-Hyeon Lee,1,0.0,"한국마린엔지니어링학회 (NODE11558361, IF: 0.23)"
5213,2023,기계공학,331799741,Seo-An Lee,1,0.0,"한국마린엔지니어링학회 (NODE11558361, IF: 0.23)"
5214,2023,기계공학,556133106,Jung-Koo Kang,1,0.0,"한국마린엔지니어링학회 (NODE11558361, IF: 0.23)"
5215,2023,기계공학,236990473,Sang-Deuk Lee,1,0.0,"한국마린엔지니어링학회 (NODE11558361, IF: 0.23)"
5216,2023,기계공학,956111,윤동협,1,0.0,"한국마린엔지니어링학회 (NODE11558362, IF: 0.23)"
5217,2023,기계공학,750293207,JaeWook Jang,1,0.0,"한국마린엔지니어링학회 (NODE11558362, IF: 0.23)"
5218,2023,기계공학,515022910,Changjae Moon,1,0.0,"한국마린엔지니어링학회 (NODE11558363, IF: 0.23)"
5219,2023,기계공학,491244616,Giltae Roh,1,0.0,"한국마린엔지니어링학회 (NODE11558363, IF: 0.23)"
5220,2023,기계공학,853716378,Kyunghwa Kim,1,0.0,"한국마린엔지니어링학회 (NODE11558363, IF: 0.23)"
5221,2023,기계공학,955162811,박기도,1,0.0,"한국마린엔지니어링학회 (NODE11558363, IF: 0.23)"
5222,2023,기계공학,489741559,정휘권,1,0.0,"한국자동차공학회 (NODE11422693, IF: 0.41)"
5223,2023,기계공학,837911521,이승엽,1,0.0,"한국자동차공학회 (NODE11422693, IF: 0.41)"
5224,2023,기계공학,326865654,임동진,1,0.0,"한국자동차공학회 (NODE11422693, IF: 0.41)"
5225,2023,기계공학,582401286,고환규,1,0.0,"한국자동차공학회 (NODE11422693, IF: 0.41)"
5226,2023,기계공학,649325998,최주환,1,0.0,"한국자동차공학회 (NODE11422695, IF: 0.41)"
5227,2023,기계공학,416127386,김준현,1,0.0,"한국자동차공학회 (NODE11422695, IF: 0.41)"
5228,2023,기계공학,165965231,김용기,1,0.0,"한국자동차공학회 (NODE11422695, IF: 0.41)"
5229,2023,기계공학,808129537,박주헌,1,0.0,"한국자동차공학회 (NODE11422697, IF: 0.41)"
5230,2023,기계공학,502920678,조희성,1,0.0,"한국자동차공학회 (NODE11422697, IF: 0.41)"
5231,2023,기계공학,869204005,정연국,1,0.0,"한국자동차공학회 (NODE11422697, IF: 0.41)"
5232,2023,기계공학,176690248,신기열,1,0.0,"한국자동차공학회 (NODE11422697, IF: 0.41)"
5233,2023,기계공학,233852065,김홍석,1,0.0,"한국자동차공학회 (NODE11422698, IF: 0.41)"
5234,2023,기계공학,468321637,신부섭,1,0.0,"한국자동차공학회 (NODE11422699, IF: 0.41)"
5235,2023,기계공학,214426477,김명건,1,0.0,"한국항공우주학회 (NODE11444978, IF: 0.40)"
5236,2023,기계공학,318738854,정원모,1,0.0,"한국항공우주학회 (NODE11444978, IF: 0.40)"
5237,2023,기계공학,275659605,이산하,1,0.0,"한국항공우주학회 (NODE11444978, IF: 0.40)"
5238,2023,기계공학,248404964,이상필,1,0.0,"한국항공우주학회 (NODE11444978, IF: 0.40)"
5239,2023,기계공학,649302071,이충희,1,0.0,"한국항공우주학회 (NODE11444978, IF: 0.40)"
5240,2023,기계공학,600656674,김신구,1,0.0,"한국항공우주학회 (NODE11444978, IF: 0.40)"
5241,2023,기계공학,415522907,손흥선,1,0.0,"한국항공우주학회 (NODE11444978, IF: 0.40)"
5242,2023,기계공학,657339773,한동인,1,0.0,"한국항공우주학회 (NODE11444981, IF: 0.40)"
5243,2023,기계공학,203851387,이창호,1,0.0,"한국항공우주학회 (NODE11444981, IF: 0.40)"
5244,2023,기계공학,359151372,임재혁,1,0.0,"한국항공우주학회 (NODE11444981, IF: 0.40)"
5245,2023,기계공학,693982469,허진구,1,0.0,"한국항공우주학회 (NODE11444982, IF: 0.40)"
5246,2023,기계공학,172898363,김문국,1,0.0,"한국항공우주학회 (NODE11444982, IF: 0.40)"
5247,2023,기계공학,225212716,유은하,1,0.0,"대한기계학회 (NODE11445160, IF: 0.36)"
5248,2023,기계공학,546740441,김영웅,1,0.0,"대한기계학회 (NODE11445166, IF: 0.36)"
5249,2023,기계공학,668183070,손선호,1,0.0,"대한기계학회 (NODE11445166, IF: 0.36)"
5250,2023,기계공학,580335930,김영주,1,0.0,"대한기계학회 (NODE11445166, IF: 0.36)"
5251,2023,기계공학,751836464,김승광,1,0.0,"대한기계학회 (NODE11445167, IF: 0.36)"
5252,2023,기계공학,752399403,조범석,1,0.0,"대한기계학회 (NODE11445167, IF: 0.36)"
5253,2023,기계공학,359092550,김길현,1,0.0,"대한기계학회 (NODE11445167, IF: 0.36)"
5254,2023,기계공학,219701760,이선민,1,0.0,"대한기계학회 (NODE11445167, IF: 0.36)"
5255,2023,기계공학,466507215,박성우,1,0.0,"대한기계학회 (NODE11445167, IF: 0.36)"
5256,2023,기계공학,325612453,이왕도,1,0.0,"대한기계학회 (NODE11445167, IF: 0.36)"
5257,2023,기계공학,238973085,성기찬,1,0.0,"대한기계학회 (NODE11445168, IF: 0.36)"
5258,2023,기계공학,974658495,정은익,1,0.0,"대한기계학회 (NODE11445168, IF: 0.36)"
5259,2023,기계공학,693067781,강혁재,1,0.0,"대한기계학회 (NODE11445168, IF: 0.36)"
5260,2023,기계공학,119472740,안희학,1,0.0,"대한기계학회 (NODE11445168, IF: 0.36)"
5261,2023,기계공학,766119589,한상목,1,0.0,"대한기계학회 (NODE11445168, IF: 0.36)"
5262,2023,기계공학,459340325,장석수,1,0.0,"대한기계학회 (NODE11445169, IF: 0.36)"
5263,2023,기계공학,724026588,김민규,1,0.0,"대한기계학회 (NODE11445169, IF: 0.36)"
5264,2023,기계공학,155466750,Bryan Moon,1,0.0,"대한기계학회 (NODE11445170, IF: 0.36)"
5265,2023,기계공학,748464295,황욱렬,1,0.0,"대한기계학회 (NODE11445170, IF: 0.36)"
5266,2023,기계공학,737356699,이민호,1,0.0,"대한기계학회 (NODE11445226, IF: 0.36)"
5267,2023,기계공학,189232333,왕량,1,0.0,"대한기계학회 (NODE11445226, IF: 0.36)"
5268,2023,기계공학,907467039,박정훈,1,0.0,"대한기계학회 (NODE11445226, IF: 0.36)"
5269,2023,기계공학,437548371,최낙삼,1,0.0,"대한기계학회 (NODE11445226, IF: 0.36)"
5270,2023,기계공학,115036314,주유정,1,0.0,"대한기계학회 (NODE11445227, IF: 0.36)"
5271,2023,기계공학,899045424,선뇌맹,1,0.0,"대한기계학회 (NODE11445227, IF: 0.36)"
5272,2023,기계공학,993265367,조민준,1,0.0,"대한기계학회 (NODE11445228, IF: 0.36)"
5273,2023,기계공학,780000370,정양언,1,0.0,"대한기계학회 (NODE11445228, IF: 0.36)"
5274,2023,기계공학,360296163,김유경,1,0.0,"대한기계학회 (NODE11445228, IF: 0.36)"
5275,2023,기계공학,125349545,강호정,1,0.0,"대한기계학회 (NODE11445228, IF: 0.36)"
5276,2023,기계공학,782583159,김명규,1,0.0,"대한기계학회 (NODE11445229, IF: 0.36)"
5277,2023,기계공학,497058002,이수영,1,0.0,"대한기계학회 (NODE11445230, IF: 0.36)"
5278,2023,기계공학,883080578,김진원,1,0.0,"대한기계학회 (NODE11445230, IF: 0.36)"
5279,2023,기계공학,257057220,이대영,1,0.0,"대한기계학회 (NODE11445230, IF: 0.36)"
5280,2023,기계공학,498025982,전동협,1,0.0,"대한기계학회 (NODE11445231, IF: 0.36)"
5281,2023,기계공학,451181985,황두선,1,0.0,"대한기계학회 (NODE11445231, IF: 0.36)"
5282,2023,기계공학,556959575,박성은,1,0.0,"대한기계학회 (NODE11445235, IF: 0.36)"
5283,2023,기계공학,229400566,정아라,1,0.0,"대한기계학회 (NODE11445235, IF: 0.36)"
5284,2023,기계공학,239567142,이광록,1,0.0,"대한기계학회 (NODE11445235, IF: 0.36)"
5285,2023,기계공학,558741579,우찬영,1,0.0,"대한기계학회 (NODE11445236, IF: 0.36)"
5286,2023,기계공학,805045741,신기홍,1,0.0,"대한기계학회 (NODE11445236, IF: 0.36)"
5287,2023,기계공학,620744272,한정삼,1,0.0,"대한기계학회 (NODE11445236, IF: 0.36)"
5288,2023,기계공학,791261399,윤현중,1,0.0,"Korean Society for Precision Engineering (NODE11184354, IF: 0.00)"
5289,2023,기계공학,554543150,김진곤,1,0.0,"Korean Society for Precision Engineering (NODE11184354, IF: 0.00)"
5290,2023,기계공학,939673201,송용호,1,0.0,"Korean Society for Precision Engineering (NODE11184355, IF: 0.00)"
5291,2023,기계공학,230810213,안소찬,1,0.0,"Korean Society for Precision Engineering (NODE11184355, IF: 0.00)"
5292,2023,기계공학,486226710,전만수,1,0.0,"Korean Society for Precision Engineering (NODE11184355, IF: 0.00)"
5293,2023,기계공학,348131603,정규석,1,0.0,"Korean Society for Precision Engineering (NODE11184356, IF: 0.00)"
5294,2023,기계공학,929398572,정연찬,1,0.0,"Korean Society for Precision Engineering (NODE11184356, IF: 0.00)"
5295,2023,기계공학,283166805,한성철,1,0.0,"Korean Society for Precision Engineering (NODE11184357, IF: 0.00)"
5296,2023,기계공학,367115496,한승호,1,0.0,"Korean Society for Precision Engineering (NODE11184357, IF: 0.00)"
5297,2023,기계공학,281405196,권혁홍,1,0.0,"Korean Society for Precision Engineering (NODE11184357, IF: 0.00)"
5298,2023,기계공학,452735097,박진수,1,0.0,"Korean Society for Precision Engineering (NODE11184360, IF: 0.00)"
5299,2023,기계공학,775814256,이경준,1,0.0,"Korean Society for Precision Engineering (NODE11184360, IF: 0.00)"
5300,2023,기계공학,539488802,심예리,1,0.0,"Korean Society for Precision Engineering (NODE11184360, IF: 0.00)"
5301,2023,기계공학,693017694,장정근,1,0.0,"Korean Society for Precision Engineering (NODE11184361, IF: 0.00)"
5302,2023,기계공학,192740404,김현지,1,0.0,"Korean Society for Precision Engineering (NODE11184361, IF: 0.00)"
5303,2023,기계공학,762970460,이재인,1,0.0,"Korean Society for Precision Engineering (NODE11184362, IF: 0.00)"
5304,2023,기계공학,391669462,고병수,1,0.0,"Korean Society for Precision Engineering (NODE11184362, IF: 0.00)"
5305,2023,기계공학,244001584,이준엽,1,0.0,"Korean Society for Precision Engineering (NODE11184362, IF: 0.00)"
5306,2023,기계공학,638945582,유인근,1,0.0,"Korean Society for Precision Engineering (NODE11184362, IF: 0.00)"
5307,2023,기계공학,725639729,문일우,1,0.0,"Korean Society for Precision Engineering (NODE11184362, IF: 0.00)"
5308,2023,기계공학,2117094,문도영,1,0.0,"Korean Society for Precision Engineering (NODE11184362, IF: 0.00)"
5309,2023,기계공학,103323097,박민원,1,0.0,"Korean Society for Precision Engineering (NODE11184362, IF: 0.00)"
5310,2023,기계공학,5491002,강정모,1,0.0,"Korean Society for Precision Engineering (NODE11184363, IF: 0.00)"
5311,2023,기계공학,991185449,김다영,1,0.0,"Korean Society for Precision Engineering (NODE11184363, IF: 0.00)"
5312,2023,기계공학,705948480,지성철,1,0.0,"Korean Society for Precision Engineering (NODE11184363, IF: 0.00)"
5313,2023,기계공학,199154227,노하은,1,0.0,"대한기계학회 (NODE11423901, IF: 0.36)"
5314,2023,기계공학,557546901,이재영,1,0.0,"대한기계학회 (NODE11423901, IF: 0.36)"
5315,2023,기계공학,333449274,윤필영,1,0.0,"대한기계학회 (NODE11423902, IF: 0.36)"
5316,2023,기계공학,120126889,조종현,1,0.0,"대한기계학회 (NODE11423902, IF: 0.36)"
5317,2023,기계공학,378975437,박재홍,1,0.0,"대한기계학회 (NODE11423902, IF: 0.36)"
5318,2023,기계공학,223908870,배수호,1,0.0,"대한기계학회 (NODE11423902, IF: 0.36)"
5319,2023,기계공학,275272346,이재성,1,0.0,"대한기계학회 (NODE11423902, IF: 0.36)"
5320,2023,기계공학,241256,이상재,1,0.0,"대한기계학회 (NODE11423902, IF: 0.36)"
5321,2023,기계공학,107914382,이동근,1,0.0,"대한기계학회 (NODE11423902, IF: 0.36)"
5322,2023,기계공학,5352014,최규태,1,0.0,"대한기계학회 (NODE11423904, IF: 0.36)"
5323,2023,기계공학,170511743,전석환,1,0.0,"대한기계학회 (NODE11423904, IF: 0.36)"
5324,2023,기계공학,887178460,김택영,1,0.0,"대한기계학회 (NODE11423904, IF: 0.36)"
5325,2023,기계공학,278268093,김진범,1,0.0,"대한기계학회 (NODE11423905, IF: 0.36)"
5326,2023,기계공학,5565751,박성배,1,0.0,"대한기계학회 (NODE11423905, IF: 0.36)"
5327,2023,기계공학,126353196,박일석,1,0.0,"대한기계학회 (NODE11423905, IF: 0.36)"
5328,2023,기계공학,1773022,정기석,1,0.0,"한국수소및신에너지학회 (NODE11404243, IF: 0.62)"
5329,2023,기계공학,768272193,장소정,1,0.0,"한국수소및신에너지학회 (NODE11404244, IF: 0.62)"
5330,2023,기계공학,205640202,박래상,1,0.0,"한국수소및신에너지학회 (NODE11404244, IF: 0.62)"
5331,2023,기계공학,848609480,최영훈,1,0.0,"한국수소및신에너지학회 (NODE11404244, IF: 0.62)"
5332,2023,기계공학,369026106,황용우,1,0.0,"한국수소및신에너지학회 (NODE11404244, IF: 0.62)"
5333,2023,기계공학,828695901,황호석,1,0.0,"한국수소및신에너지학회 (NODE11404245, IF: 0.62)"
5334,2023,기계공학,463772341,김의식,1,0.0,"한국수소및신에너지학회 (NODE11404245, IF: 0.62)"
5335,2023,기계공학,880399651,장영신,1,0.0,"한국수소및신에너지학회 (NODE11404245, IF: 0.62)"
5336,2023,기계공학,153242273,김정환,1,0.0,"한국수소및신에너지학회 (NODE11404245, IF: 0.62)"
5337,2023,기계공학,425849149,김광준,1,0.0,"한국수소및신에너지학회 (NODE11404245, IF: 0.62)"
5338,2023,기계공학,790544827,김채현,1,0.0,"한국수소및신에너지학회 (NODE11404246, IF: 0.62)"
5339,2023,기계공학,324859447,김건우,1,0.0,"한국수소및신에너지학회 (NODE11404246, IF: 0.62)"
5340,2023,기계공학,570117391,김한상,1,0.0,"한국수소및신에너지학회 (NODE11404246, IF: 0.62)"
5341,2023,기계공학,891354002,궈하오,1,0.0,"한국수소및신에너지학회 (NODE11404247, IF: 0.62)"
5342,2023,기계공학,228021376,오승준,1,0.0,"한국수소및신에너지학회 (NODE11404250, IF: 0.62)"
5343,2023,기계공학,320583807,HENG-XU,1,0.0,"한국수소및신에너지학회 (NODE11404251, IF: 0.62)"
5344,2023,기계공학,557953254,JI-CHAO LI,1,0.0,"한국수소및신에너지학회 (NODE11404251, IF: 0.62)"
5345,2023,기계공학,684736420,임동희,1,0.0,"한국수소및신에너지학회 (NODE11404252, IF: 0.62)"
5346,2023,기계공학,726055132,배은민,1,0.0,"한국수소및신에너지학회 (NODE11404252, IF: 0.62)"
5347,2023,기계공학,400508569,한영수,1,0.0,"한국수소및신에너지학회 (NODE11404252, IF: 0.62)"
5348,2023,기계공학,546375259,이기성,1,0.0,"한국수소및신에너지학회 (NODE11404253, IF: 0.62)"
5349,2023,기계공학,850705448,현진호,1,0.0,"한국수소및신에너지학회 (NODE11404253, IF: 0.62)"
5350,2023,기계공학,219528903,이원용,1,0.0,"한국수소및신에너지학회 (NODE11404254, IF: 0.62)"
5351,2023,기계공학,781880372,이근우,1,0.0,"한국수소및신에너지학회 (NODE11404255, IF: 0.62)"
5352,2023,기계공학,589519995,김영진,1,0.0,"한국수소및신에너지학회 (NODE11404255, IF: 0.62)"
5353,2023,기계공학,680835317,윤호원,1,0.0,"한국수소및신에너지학회 (NODE11404255, IF: 0.62)"
5354,2023,기계공학,889447818,김현진,1,0.0,"한국수소및신에너지학회 (NODE11404255, IF: 0.62)"
5355,2023,기계공학,621105011,윤경식,1,0.0,"한국수소및신에너지학회 (NODE11404255, IF: 0.62)"
5356,2023,기계공학,750869443,유지행,1,0.0,"한국수소및신에너지학회 (NODE11404255, IF: 0.62)"
5357,2023,기계공학,233820587,조원보,1,0.0,"한국수소및신에너지학회 (NODE11404256, IF: 0.62)"
5358,2023,기계공학,917208547,임윤규,1,0.0,"한국수소및신에너지학회 (NODE11404256, IF: 0.62)"
5359,2023,기계공학,976740452,김양균,1,0.0,"한국수소및신에너지학회 (NODE11404256, IF: 0.62)"
5360,2023,기계공학,927484518,박병직,1,0.0,"한국수소및신에너지학회 (NODE11404256, IF: 0.62)"
5361,2023,기계공학,312542370,JEONG SOO AHN,1,0.0,"한국수소및신에너지학회 (NODE11404258, IF: 0.62)"
5362,2023,기계공학,708030625,MIN HYEONG KANG,1,0.0,"한국수소및신에너지학회 (NODE11404258, IF: 0.62)"
5363,2023,기계공학,815545102,CHEON KIM,1,0.0,"한국수소및신에너지학회 (NODE11404258, IF: 0.62)"
5364,2023,기계공학,696894823,KYEONG SIK SEO,1,0.0,"한국수소및신에너지학회 (NODE11404258, IF: 0.62)"
5365,2023,기계공학,489981868,SEUNG HYEON KWAK,1,0.0,"한국수소및신에너지학회 (NODE11404258, IF: 0.62)"
5366,2023,기계공학,229519431,YU JIN CHOI,1,0.0,"한국수소및신에너지학회 (NODE11404258, IF: 0.62)"
5367,2023,기계공학,721452525,TAE JIN PARK,1,0.0,"한국수소및신에너지학회 (NODE11404258, IF: 0.62)"
5368,2023,기계공학,621020459,JAE CHEOL LEE,1,0.0,"한국수소및신에너지학회 (NODE11404258, IF: 0.62)"
5369,2023,기계공학,309009771,황필성,1,0.0,"한국수소및신에너지학회 (NODE11404259, IF: 0.62)"
5370,2023,기계공학,744286905,정기철,1,0.0,"한국수소및신에너지학회 (NODE11404259, IF: 0.62)"
5371,2023,기계공학,567718577,안준수,1,0.0,"한국수소및신에너지학회 (NODE11404259, IF: 0.62)"
5372,2023,기계공학,1156653,조정호,1,0.0,"한국수소및신에너지학회 (NODE11404259, IF: 0.62)"
5373,2023,기계공학,191199446,조경철,1,0.0,"한국자동차공학회 (NODE11404311, IF: 0.41)"
5374,2023,기계공학,782235687,선영택,1,0.0,"한국자동차공학회 (NODE11404311, IF: 0.41)"
5375,2023,기계공학,562850227,최기훈,1,0.0,"한국자동차공학회 (NODE11404312, IF: 0.41)"
5376,2023,기계공학,652398974,김정훈,1,0.0,"한국자동차공학회 (NODE11404312, IF: 0.41)"
5377,2023,기계공학,147165395,이건희,1,0.0,"한국자동차공학회 (NODE11404313, IF: 0.41)"
5378,2023,기계공학,5427304,김현우,1,0.0,"한국자동차공학회 (NODE11404314, IF: 0.41)"
5379,2023,기계공학,370591701,조규영,1,0.0,"한국자동차공학회 (NODE11404314, IF: 0.41)"
5380,2023,기계공학,365835277,정준우,1,0.0,"한국자동차공학회 (NODE11404316, IF: 0.41)"
5381,2023,기계공학,962282042,이기형,1,0.0,"한국자동차공학회 (NODE11404316, IF: 0.41)"
5382,2023,기계공학,475114232,윤승현,1,0.0,"한국자동차공학회 (NODE11404316, IF: 0.41)"
5383,2023,기계공학,5329493,이준영,1,0.0,"한국자동차공학회 (NODE11404318, IF: 0.41)"
5384,2023,기계공학,413108657,김진명,1,0.0,"한국자동차공학회 (NODE11404318, IF: 0.41)"
5385,2023,기계공학,104579456,전지훈,1,0.0,"한국자동차공학회 (NODE11404318, IF: 0.41)"
5386,2023,기계공학,490937052,김영삼,1,0.0,"한국자동차공학회 (NODE11404318, IF: 0.41)"
5387,2023,기계공학,802482913,서명원,1,0.0,"한국자동차공학회 (NODE11404318, IF: 0.41)"
5388,2023,기계공학,867521616,이정환,1,0.0,"한국자동차공학회 (NODE11404318, IF: 0.41)"
5389,2023,기계공학,989754677,김남일,1,0.0,"한국자동차공학회 (NODE11404319, IF: 0.41)"
5390,2023,기계공학,836486725,김종민,1,0.0,"한국자동차공학회 (NODE11404319, IF: 0.41)"
5391,2023,기계공학,579453574,우상무,1,0.0,"대한설비공학회 (NODE11404364, IF: 0.26)"
5392,2023,기계공학,461832589,양성웅,1,0.0,"대한설비공학회 (NODE11404365, IF: 0.26)"
5393,2023,기계공학,104247,김영욱,1,0.0,"대한설비공학회 (NODE11404365, IF: 0.26)"
5394,2023,기계공학,586784144,방수연,1,0.0,"대한설비공학회 (NODE11404366, IF: 0.26)"
5395,2023,기계공학,5157242,윤나리,1,0.0,"대한설비공학회 (NODE11404366, IF: 0.26)"
5396,2023,기계공학,655010301,허연숙,1,0.0,"대한설비공학회 (NODE11404366, IF: 0.26)"
5397,2023,기계공학,410854138,박성제,1,0.0,"대한설비공학회 (NODE11493343, IF: 0.26)"
5398,2023,기계공학,954099758,정연주,1,0.0,"대한설비공학회 (NODE11493344, IF: 0.26)"
5399,2023,기계공학,958861369,임종학,1,0.0,"한국기계가공학회 (NODE11198014, IF: 0.31)"
5400,2023,기계공학,715093292,이병일,1,0.0,"한국기계가공학회 (NODE11198014, IF: 0.31)"
5401,2023,기계공학,537924231,김성도,1,0.0,"한국기계가공학회 (NODE11198014, IF: 0.31)"
5402,2023,기계공학,666607814,황해성,1,0.0,"한국기계가공학회 (NODE11198016, IF: 0.31)"
5403,2023,기계공학,270651668,김성화,1,0.0,"한국기계가공학회 (NODE11198016, IF: 0.31)"
5404,2023,기계공학,330322296,김희영,1,0.0,"한국기계가공학회 (NODE11198017, IF: 0.31)"
5405,2023,기계공학,724292920,김동신,1,0.0,"한국기계가공학회 (NODE11198017, IF: 0.31)"
5406,2023,기계공학,638960634,Yeong-Jun Heo,1,0.0,"한국기계가공학회 (NODE11198020, IF: 0.31)"
5407,2023,기계공학,921601159,Geum-Sang Jeon,1,0.0,"한국기계가공학회 (NODE11198020, IF: 0.31)"
5408,2023,기계공학,569241315,변기석,1,0.0,"한국기계가공학회 (NODE11198023, IF: 0.31)"
5409,2023,기계공학,611909601,조순옥,1,0.0,"한국기계가공학회 (NODE11198023, IF: 0.31)"
5410,2023,기계공학,750377335,박명환,1,0.0,"한국기계가공학회 (NODE11198023, IF: 0.31)"
5411,2023,기계공학,631802514,박병희,1,0.0,"한국기계가공학회 (NODE11198024, IF: 0.31)"
5412,2023,기계공학,509104632,최현진,1,0.0,"한국기계가공학회 (NODE11198024, IF: 0.31)"
5413,2023,기계공학,955537797,이윤승,1,0.0,"한국기계가공학회 (NODE11198025, IF: 0.31)"
5414,2023,기계공학,586745586,김남용,1,0.0,"한국기계가공학회 (NODE11198026, IF: 0.31)"
5415,2023,기계공학,530189380,최창호,1,0.0,"한국기계가공학회 (NODE11198026, IF: 0.31)"
5416,2023,기계공학,641627536,진성은,1,0.0,"한국기계가공학회 (NODE11198029, IF: 0.31)"
5417,2023,기계공학,346387316,이공희,1,0.0,"한국기계가공학회 (NODE11198029, IF: 0.31)"
5418,2023,기계공학,950130988,윤의열,1,0.0,"한국기계가공학회 (NODE11198029, IF: 0.31)"
5419,2023,기계공학,601331767,강연준,1,0.0,"한국소음진동공학회 (NODE11198420, IF: 0.52)"
5420,2023,기계공학,909728024,박노철,1,0.0,"한국소음진동공학회 (NODE11198421, IF: 0.52)"
5421,2023,기계공학,521273306,최용제,1,0.0,"한국소음진동공학회 (NODE11198422, IF: 0.52)"
5422,2023,기계공학,275275111,홍만복,1,0.0,"한국소음진동공학회 (NODE11198423, IF: 0.52)"
5423,2023,기계공학,670727757,박시백,1,0.0,"한국소음진동공학회 (NODE11198424, IF: 0.52)"
5424,2023,기계공학,801188837,이영걸,1,0.0,"한국소음진동공학회 (NODE11198425, IF: 0.52)"
5425,2023,기계공학,962522389,이학주,1,0.0,"한국소음진동공학회 (NODE11198429, IF: 0.52)"
5426,2023,기계공학,196209728,진현우,1,0.0,"한국소음진동공학회 (NODE11198430, IF: 0.52)"
5427,2023,기계공학,613559003,조완호,1,0.0,"한국소음진동공학회 (NODE11198431, IF: 0.52)"
5428,2023,기계공학,118427188,양원석,1,0.0,"한국소음진동공학회 (NODE11528608, IF: 0.52)"
5429,2023,기계공학,200102673,김은지,1,0.0,"한국소음진동공학회 (NODE11528609, IF: 0.52)"
5430,2023,기계공학,2066244,강남우,1,0.0,"한국소음진동공학회 (NODE11528609, IF: 0.52)"
5431,2023,기계공학,551649175,조민지,1,0.0,"한국전산유체공학회 (NODE11651689, IF: 0.30)"
5432,2023,기계공학,774115278,안 미치코,1,0.0,"한국전산유체공학회 (NODE11651689, IF: 0.30)"
5433,2023,기계공학,972828685,따망 사전,1,0.0,"한국전산유체공학회 (NODE11651690, IF: 0.30)"
5434,2023,기계공학,168204010,이준희,1,0.0,"한국전산유체공학회 (NODE11651691, IF: 0.30)"
5435,2023,기계공학,992906330,박재성,1,0.0,"한국전산유체공학회 (NODE11651693, IF: 0.30)"
5436,2023,기계공학,776174008,김태희,1,0.0,"한국전산유체공학회 (NODE11651694, IF: 0.30)"
5437,2023,기계공학,457785092,최재성,1,0.0,"한국전산유체공학회 (NODE11651694, IF: 0.30)"
5438,2023,기계공학,408019475,김동주,1,0.0,"한국전산유체공학회 (NODE11651694, IF: 0.30)"
5439,2023,기계공학,842712653,황유현,1,0.0,"한국전산유체공학회 (NODE11651695, IF: 0.30)"
5440,2023,기계공학,860138166,조규철,1,0.0,"한국전산유체공학회 (NODE11651695, IF: 0.30)"
5441,2023,기계공학,753166142,Suhyeon Kim,1,0.0,"한국마린엔지니어링학회 (NODE11651714, IF: 0.23)"
5442,2023,기계공학,373888400,Seung Gon Kim,1,0.0,"한국마린엔지니어링학회 (NODE11651714, IF: 0.23)"
5443,2023,기계공학,350776499,Dae Won Im,1,0.0,"한국마린엔지니어링학회 (NODE11651715, IF: 0.23)"
5444,2023,기계공학,478989524,Antony John Nyongesa,1,0.0,"한국마린엔지니어링학회 (NODE11651716, IF: 0.23)"
5445,2023,기계공학,346545032,Jeong Kuk Kim,1,0.0,"한국마린엔지니어링학회 (NODE11651716, IF: 0.23)"
5446,2023,기계공학,132225539,Won-Ju Lee,1,0.0,"한국마린엔지니어링학회 (NODE11651716, IF: 0.23)"
5447,2023,기계공학,515745096,Duhyeong Lee,1,0.0,"한국마린엔지니어링학회 (NODE11651719, IF: 0.23)"
5448,2023,기계공학,164925856,Jin-A Jeong,1,0.0,"한국마린엔지니어링학회 (NODE11651719, IF: 0.23)"
5449,2023,기계공학,114260519,Yun-Ho Kim,1,0.0,"한국마린엔지니어링학회 (NODE11651722, IF: 0.23)"
5450,2023,기계공학,606338068,Hang-Shoon Choi,1,0.0,"한국마린엔지니어링학회 (NODE11651722, IF: 0.23)"
5451,2023,기계공학,460029293,Byeol Kim,1,0.0,"한국마린엔지니어링학회 (NODE11651723, IF: 0.23)"
5452,2023,기계공학,309323459,황광일,1,0.0,"한국마린엔지니어링학회 (NODE11651723, IF: 0.23)"
5453,2023,기계공학,950105584,Jeong-Wook Lee,1,0.0,"한국마린엔지니어링학회 (NODE11651727, IF: 0.23)"
5454,2023,기계공학,641995940,김재훈,1,0.0,"한국마린엔지니어링학회 (NODE11651727, IF: 0.23)"
5455,2023,기계공학,390040630,Seong-Dae Lee,1,0.0,"한국마린엔지니어링학회 (NODE11651727, IF: 0.23)"
5456,2023,기계공학,204093209,Hyeun-chul Kim,1,0.0,"한국마린엔지니어링학회 (NODE11651733, IF: 0.23)"
5457,2023,기계공학,865737082,김종수,1,0.0,"한국마린엔지니어링학회 (NODE11651733, IF: 0.23)"
5458,2023,기계공학,494498612,Jin-Se Lee,1,0.0,"한국마린엔지니어링학회 (NODE11651734, IF: 0.23)"
5459,2023,기계공학,112620234,Yoon-Sang Han,1,0.0,"한국마린엔지니어링학회 (NODE11651735, IF: 0.23)"
5460,2023,기계공학,138478046,Kim Hee-Moon,1,0.0,"한국마린엔지니어링학회 (NODE11651737, IF: 0.23)"
5461,2023,기계공학,230701350,김성일,1,0.0,"한국마린엔지니어링학회 (NODE11651738, IF: 0.23)"
5462,2023,기계공학,376391959,Byung Chul Sung,1,0.0,"한국마린엔지니어링학회 (NODE11651738, IF: 0.23)"
5463,2023,기계공학,846728627,Duck-Su Lee,1,0.0,"한국마린엔지니어링학회 (NODE11651738, IF: 0.23)"
5464,2023,기계공학,142260045,Pil Woo Heo,1,0.0,"한국마린엔지니어링학회 (NODE11651740, IF: 0.23)"
5465,2023,기계공학,553625064,Song-yi Yi,1,0.0,"한국마린엔지니어링학회 (NODE11651742, IF: 0.23)"
5466,2023,기계공학,923471151,Sang-Il Lee,1,0.0,"한국마린엔지니어링학회 (NODE11651742, IF: 0.23)"
5467,2023,기계공학,187528330,Bonggi Choi,1,0.0,"한국마린엔지니어링학회 (NODE11651743, IF: 0.23)"
5468,2023,기계공학,442714103,심형원,1,0.0,"한국마린엔지니어링학회 (NODE11651743, IF: 0.23)"
5469,2023,기계공학,491067308,HeeJin Kang,1,0.0,"한국마린엔지니어링학회 (NODE11651743, IF: 0.23)"
5470,2023,기계공학,423928601,Donghee Hwang,1,0.0,"한국마린엔지니어링학회 (NODE11651743, IF: 0.23)"
5471,2023,기계공학,969839986,Jang-Pyo Hong,1,0.0,"한국마린엔지니어링학회 (NODE11651743, IF: 0.23)"
5472,2023,기계공학,778255279,전성민,1,0.0,"한국추진공학회 (NODE11651791, IF: 0.33)"
5473,2023,기계공학,937965280,심홍민,1,0.0,"한국추진공학회 (NODE11651792, IF: 0.33)"
5474,2023,기계공학,868608670,오석진,1,0.0,"한국추진공학회 (NODE11651792, IF: 0.33)"
5475,2023,기계공학,487992250,김성룡,1,0.0,"한국추진공학회 (NODE11651793, IF: 0.33)"
5476,2023,기계공학,282696972,신종민,1,0.0,"한국추진공학회 (NODE11651794, IF: 0.33)"
5477,2023,기계공학,539980851,김덕민,1,0.0,"한국추진공학회 (NODE11651794, IF: 0.33)"
5478,2023,기계공학,703046848,김혜인,1,0.0,"한국추진공학회 (NODE11651794, IF: 0.33)"
5479,2023,기계공학,715219791,유진석,1,0.0,"한국추진공학회 (NODE11651794, IF: 0.33)"
5480,2023,기계공학,489174957,하동휘,1,0.0,"한국추진공학회 (NODE11651794, IF: 0.33)"
5481,2023,기계공학,154262773,박영일,1,0.0,"한국추진공학회 (NODE11651795, IF: 0.33)"
5482,2023,기계공학,329599787,천우태,1,0.0,"한국추진공학회 (NODE11651795, IF: 0.33)"
5483,2023,기계공학,799952294,차승원,1,0.0,"한국추진공학회 (NODE11651795, IF: 0.33)"
5484,2023,기계공학,613800743,최세원,1,0.0,"한국추진공학회 (NODE11651795, IF: 0.33)"
5485,2023,기계공학,514369681,우경진,1,0.0,"한국추진공학회 (NODE11651795, IF: 0.33)"
5486,2023,기계공학,540957515,류성훈,1,0.0,"한국추진공학회 (NODE11651795, IF: 0.33)"
5487,2023,기계공학,934003178,신동해,1,0.0,"한국추진공학회 (NODE11651795, IF: 0.33)"
5488,2023,기계공학,482215810,김기하,1,0.0,"한국추진공학회 (NODE11651796, IF: 0.33)"
5489,2023,기계공학,563521321,최준규,1,0.0,"한국추진공학회 (NODE11651796, IF: 0.33)"
5490,2023,기계공학,268121893,양수석,1,0.0,"한국추진공학회 (NODE11651800, IF: 0.33)"
5491,2023,기계공학,193673593,윤경미,1,0.0,"대한설비공학회 (NODE11493339, IF: 0.26)"
5492,2023,기계공학,471680246,황미라,1,0.0,"대한설비공학회 (NODE11493340, IF: 0.26)"
5493,2023,기계공학,881281559,강희정,1,0.0,"대한설비공학회 (NODE11493341, IF: 0.26)"
5494,2023,기계공학,419256622,안재환,1,0.0,"대한설비공학회 (NODE11493342, IF: 0.26)"
5495,2023,기계공학,650947932,Nguyen Truong Thinh,1,0.0,"한국기계가공학회 (NODE11427986, IF: 0.31)"
5496,2023,기계공학,230859576,전교식,1,0.0,"한국기계가공학회 (NODE11427987, IF: 0.31)"
5497,2023,기계공학,623234375,황동규,1,0.0,"한국기계가공학회 (NODE11427987, IF: 0.31)"
5498,2023,기계공학,526015981,김대근,1,0.0,"한국기계가공학회 (NODE11427987, IF: 0.31)"
5499,2023,기계공학,509168935,최석원,1,0.0,"한국기계가공학회 (NODE11427987, IF: 0.31)"
5500,2023,기계공학,170523215,장진아,1,0.0,"한국기계가공학회 (NODE11427987, IF: 0.31)"
5501,2023,기계공학,225639881,이강수,1,0.0,"한국기계가공학회 (NODE11427988, IF: 0.31)"
5502,2023,기계공학,922821904,송영린,1,0.0,"한국기계가공학회 (NODE11427988, IF: 0.31)"
5503,2023,기계공학,363254879,이민열,1,0.0,"한국기계가공학회 (NODE11427989, IF: 0.31)"
5504,2023,기계공학,340726640,김승욱,1,0.0,"한국기계가공학회 (NODE11427989, IF: 0.31)"
5505,2023,기계공학,254866877,정대용,1,0.0,"한국기계가공학회 (NODE11427989, IF: 0.31)"
5506,2023,기계공학,743144668,김정태,1,0.0,"한국기계가공학회 (NODE11427990, IF: 0.31)"
5507,2023,기계공학,259779063,박황기,1,0.0,"한국기계가공학회 (NODE11427990, IF: 0.31)"
5508,2023,기계공학,892940132,손건희,1,0.0,"한국기계가공학회 (NODE11427990, IF: 0.31)"
5509,2023,기계공학,530422021,이홍석,1,0.0,"한국기계가공학회 (NODE11427990, IF: 0.31)"
5510,2023,기계공학,656542446,천현욱,1,0.0,"한국기계가공학회 (NODE11427990, IF: 0.31)"
5511,2023,기계공학,458100055,박종훈,1,0.0,"한국기계가공학회 (NODE11427990, IF: 0.31)"
5512,2023,기계공학,785240541,구칠효,1,0.0,"한국기계가공학회 (NODE11427991, IF: 0.31)"
5513,2023,기계공학,109002180,김도현,1,0.0,"한국기계가공학회 (NODE11427992, IF: 0.31)"
5514,2023,기계공학,243451172,이영환,1,0.0,"한국기계가공학회 (NODE11427993, IF: 0.31)"
5515,2023,기계공학,870140309,이창준,1,0.0,"한국기계가공학회 (NODE11427993, IF: 0.31)"
5516,2023,기계공학,397304222,Jong Hyun Kim,1,0.0,"한국기계가공학회 (NODE11427994, IF: 0.31)"
5517,2023,기계공학,717580935,하을용,1,0.0,"한국기계가공학회 (NODE11427996, IF: 0.31)"
5518,2023,기계공학,823751946,김영현,1,0.0,"한국기계가공학회 (NODE11427996, IF: 0.31)"
5519,2023,기계공학,838151329,김종호,1,0.0,"한국기계가공학회 (NODE11427997, IF: 0.31)"
5520,2023,기계공학,183234635,김태윤,1,0.0,"한국자동차공학회 (NODE11481212, IF: 0.41)"
5521,2023,기계공학,442407935,이훈기,1,0.0,"한국자동차공학회 (NODE11481212, IF: 0.41)"
5522,2023,기계공학,961881761,김경호,1,0.0,"한국자동차공학회 (NODE11481212, IF: 0.41)"
5523,2023,기계공학,994659851,홍사라,1,0.0,"한국자동차공학회 (NODE11481213, IF: 0.41)"
5524,2023,기계공학,5113414,박종우,1,0.0,"한국자동차공학회 (NODE11481213, IF: 0.41)"
5525,2023,기계공학,4633129,임현준,1,0.0,"한국자동차공학회 (NODE11481213, IF: 0.41)"
5526,2023,기계공학,611620499,이창원,1,0.0,"한국자동차공학회 (NODE11481213, IF: 0.41)"
5527,2023,기계공학,750469644,이준승,1,0.0,"한국자동차공학회 (NODE11481213, IF: 0.41)"
5528,2023,기계공학,212171409,최두섭,1,0.0,"한국자동차공학회 (NODE11481214, IF: 0.41)"
5529,2023,기계공학,641953762,민경욱,1,0.0,"한국자동차공학회 (NODE11481214, IF: 0.41)"
5530,2023,기계공학,220948,장경진,1,0.0,"한국자동차공학회 (NODE11481215, IF: 0.41)"
5531,2023,기계공학,186631486,김현우,1,0.0,"한국자동차공학회 (NODE11481215, IF: 0.41)"
5532,2023,기계공학,824374966,마지형,1,0.0,"한국자동차공학회 (NODE11481215, IF: 0.41)"
5533,2023,기계공학,673914994,김민기,1,0.0,"한국자동차공학회 (NODE11481215, IF: 0.41)"
5534,2023,기계공학,409803763,남종석,1,0.0,"한국자동차공학회 (NODE11481215, IF: 0.41)"
5535,2023,기계공학,308691325,경기욱,1,0.0,"한국자동차공학회 (NODE11481215, IF: 0.41)"
5536,2023,기계공학,275483825,조용진,1,0.0,"한국자동차공학회 (NODE11481216, IF: 0.41)"
5537,2023,기계공학,204218,최우석,1,0.0,"한국자동차공학회 (NODE11481216, IF: 0.41)"
5538,2023,기계공학,169548924,임동선,1,0.0,"한국자동차공학회 (NODE11481217, IF: 0.41)"
5539,2023,기계공학,645660318,전옥엽,1,0.0,"한국자동차공학회 (NODE11481220, IF: 0.41)"
5540,2023,기계공학,257760602,이정환,1,0.0,"한국자동차공학회 (NODE11481220, IF: 0.41)"
5541,2023,기계공학,5115825,김승권,1,0.0,"한국환경에너지공학회 (NODE11481679, IF: 0.00)"
5542,2023,기계공학,262869931,김수현,1,0.0,"한국환경에너지공학회 (NODE11481679, IF: 0.00)"
5543,2023,기계공학,587146947,박지혜,1,0.0,"한국환경에너지공학회 (NODE11481679, IF: 0.00)"
5544,2023,기계공학,631995094,박지영,1,0.0,"한국환경에너지공학회 (NODE11481679, IF: 0.00)"
5545,2023,기계공학,395093425,류도윤,1,0.0,"한국환경에너지공학회 (NODE11481681, IF: 0.00)"
5546,2023,기계공학,423464995,주유진,1,0.0,"한국환경에너지공학회 (NODE11481681, IF: 0.00)"
5547,2023,기계공학,412740494,김도용,1,0.0,"한국환경에너지공학회 (NODE11481681, IF: 0.00)"
5548,2023,기계공학,940013276,김대기,1,0.0,"한국환경에너지공학회 (NODE11481681, IF: 0.00)"
5549,2023,기계공학,751843097,이태원,1,0.0,"한국환경에너지공학회 (NODE11481682, IF: 0.00)"
5550,2023,기계공학,373868018,오무혁,1,0.0,"한국환경에너지공학회 (NODE11481682, IF: 0.00)"
5551,2023,기계공학,237285041,김건우,1,0.0,"한국환경에너지공학회 (NODE11481682, IF: 0.00)"
5552,2023,기계공학,853080101,정지혜,1,0.0,"한국환경에너지공학회 (NODE11481682, IF: 0.00)"
5553,2023,기계공학,617791356,윤성민,1,0.0,"한국환경에너지공학회 (NODE11481682, IF: 0.00)"
5554,2023,기계공학,414663686,라호원,1,0.0,"한국환경에너지공학회 (NODE11481682, IF: 0.00)"
5555,2023,기계공학,246818055,문종호,1,0.0,"한국환경에너지공학회 (NODE11481682, IF: 0.00)"
5556,2023,기계공학,820976340,서명원,1,0.0,"한국환경에너지공학회 (NODE11481682, IF: 0.00)"
5557,2023,기계공학,204101716,박종혁,1,0.0,"한국환경에너지공학회 (NODE11481683, IF: 0.00)"
5558,2023,기계공학,939378634,박영수,1,0.0,"한국환경에너지공학회 (NODE11481683, IF: 0.00)"
5559,2023,기계공학,104790914,이재욱,1,0.0,"한국환경에너지공학회 (NODE11481684, IF: 0.00)"
5560,2023,기계공학,856995337,김진만,1,0.0,"대한설비공학회 (NODE11481857, IF: 0.26)"
5561,2023,기계공학,402291637,김선창,1,0.0,"대한설비공학회 (NODE11481857, IF: 0.26)"
5562,2023,기계공학,111728058,김득원,1,0.0,"대한설비공학회 (NODE11481858, IF: 0.26)"
5563,2023,기계공학,167295475,이동원,1,0.0,"대한설비공학회 (NODE11481858, IF: 0.26)"
5564,2023,기계공학,445565549,이상구,1,0.0,"대한설비공학회 (NODE11481859, IF: 0.26)"
5565,2023,기계공학,106461,류성룡,1,0.0,"대한설비공학회 (NODE11481859, IF: 0.26)"
5566,2023,기계공학,316283,권오익,1,0.0,"대한설비공학회 (NODE11481860, IF: 0.26)"
5567,2023,기계공학,926689596,박종갑,1,0.0,"대한설비공학회 (NODE11481861, IF: 0.26)"
5568,2023,기계공학,215325226,신정수,1,0.0,"대한설비공학회 (NODE11481861, IF: 0.26)"
5569,2023,기계공학,899728511,이승환,1,0.0,"대한기계학회 (NODE11482594, IF: 0.36)"
5570,2023,기계공학,468317293,심주용,1,0.0,"대한기계학회 (NODE11482594, IF: 0.36)"
5571,2023,기계공학,313868698,김태환,1,0.0,"대한기계학회 (NODE11482594, IF: 0.36)"
5572,2023,기계공학,504894833,김성범,1,0.0,"대한기계학회 (NODE11482594, IF: 0.36)"
5573,2023,기계공학,908166011,강승민,1,0.0,"대한기계학회 (NODE11482595, IF: 0.36)"
5574,2023,기계공학,390929021,김석기,1,0.0,"대한기계학회 (NODE11482595, IF: 0.36)"
5575,2023,기계공학,466178701,윤장호,1,0.0,"대한기계학회 (NODE11482595, IF: 0.36)"
5576,2023,기계공학,656468788,이준용,1,0.0,"대한기계학회 (NODE11482595, IF: 0.36)"
5577,2023,기계공학,139940887,서정환,1,0.0,"대한기계학회 (NODE11482595, IF: 0.36)"
5578,2023,기계공학,732772665,한승원,1,0.0,"대한기계학회 (NODE11482596, IF: 0.36)"
5579,2023,기계공학,285502351,정효재,1,0.0,"대한기계학회 (NODE11482596, IF: 0.36)"
5580,2023,기계공학,430580486,원종필,1,0.0,"대한기계학회 (NODE11482597, IF: 0.36)"
5581,2023,기계공학,776457027,오승태,1,0.0,"대한기계학회 (NODE11482597, IF: 0.36)"
5582,2023,기계공학,886464076,김은호,1,0.0,"대한기계학회 (NODE11482597, IF: 0.36)"
5583,2023,기계공학,945641516,이상재,1,0.0,"대한기계학회 (NODE11482597, IF: 0.36)"
5584,2023,기계공학,534468675,김정현,1,0.0,"대한기계학회 (NODE11482598, IF: 0.36)"
5585,2023,기계공학,805580508,이정한,1,0.0,"대한기계학회 (NODE11482598, IF: 0.36)"
5586,2023,기계공학,717029826,정진수,1,0.0,"대한기계학회 (NODE11482598, IF: 0.36)"
5587,2023,기계공학,287513817,이교우,1,0.0,"대한기계학회 (NODE11482598, IF: 0.36)"
