Rank,Year,Class_Name,Author_ID,Author_Name,Total_Papers,Final_Score,Raw_Trend_Score,Paper_List_Details
1,2023,전기전자공학,366216691,오하영,13,0.5089,0.9423379999999999,"[베이지안 추론 기반 니켈기 초합금의 열화도 정량화 방법과 열화도 및 크리프 수명 예측의 방법]
   └ 학회: 한국정보통신학회 (IF: 0.54)
--------------------------------
[딥러닝을 이용한 가로경관과 범죄 발생과의 상관관계 분석]
   └ 학회: 한국정보통신학회 (IF: 0.54)
--------------------------------
[DSM-5 우울장애 진단기준에 따른 공감성 데이터세트 레이블링과 분류기법]
   └ 학회: 한국정보통신학회 (IF: 0.54)
--------------------------------
[우울증 진단 및 치료를 위한 챗봇 연구 동향 분석]
   └ 학회: 한국정보통신학회 (IF: 0.54)
--------------------------------
[한국어 데이터를 활용한 data augmentation]
   └ 학회: 한국정보통신학회 (IF: 0.54)
--------------------------------
[멀티모달 딥러닝을 이용한 우울증 진단 모델]
   └ 학회: 한국정보통신학회 (IF: 0.54)
--------------------------------
[우울 증상 완화를 위한 공감형 챗봇 개발에 관한 연구]
   └ 학회: 한국정보통신학회 (IF: 0.54)
--------------------------------
[반지도 학습 토픽 모델 기반 우울 증상 발화 자동 라벨링 기법]
   └ 학회: 한국정보통신학회 (IF: 0.54)
--------------------------------
[강화학습을 이용한 생성형 한글 공감 대화 챗봇 연구]
   └ 학회: 한국정보통신학회 (IF: 0.54)
--------------------------------
[공감 및 구체적 설명 생성 우울증 챗봇 구현을 위한 모델 기초 연구]
   └ 학회: 한국정보통신학회 (IF: 0.54)
--------------------------------
[한국어 우울증 데이터 증강 기법 비교]
   └ 학회: 한국정보통신학회 (IF: 0.54)
--------------------------------
[단락 벡터 기반 DSM-5 우울 진단 멀티 라벨 모델]
   └ 학회: 한국정보통신학회 (IF: 0.54)
--------------------------------
[머신 러닝 기법을 이용한 주요 지역 매매가격 예측 : 전세 제도를 중심으로]
   └ 학회: 한국정보통신학회 (IF: 0.54)"
2,2023,전기전자공학,410872216,하영서,4,0.4677,0.7795349999999999,"[CNN 모델과 샴 네트워크를 이용한 얼굴 인식 성능 비교]
   └ 학회: 한국멀티미디어학회 (IF: 0.6)
--------------------------------
[사과 과수화상병 예찰을 위한 데이터 증강에 따른 사과꽃 생육단계 분류 비교]
   └ 학회: 한국멀티미디어학회 (IF: 0.6)
--------------------------------
[객체 검출에서 클래스 압축 및 분할을 사용한 중세 한글 인식 인식률 향상]
   └ 학회: 한국멀티미디어학회 (IF: 0.6)
--------------------------------
[아크페이스에 지식 증류를 적용한 얼굴인식]
   └ 학회: 한국멀티미디어학회 (IF: 0.6)"
3,2023,전기전자공학,657367276,심재창,4,0.4677,0.7795349999999999,"[CNN 모델과 샴 네트워크를 이용한 얼굴 인식 성능 비교]
   └ 학회: 한국멀티미디어학회 (IF: 0.6)
--------------------------------
[사과 과수화상병 예찰을 위한 데이터 증강에 따른 사과꽃 생육단계 분류 비교]
   └ 학회: 한국멀티미디어학회 (IF: 0.6)
--------------------------------
[객체 검출에서 클래스 압축 및 분할을 사용한 중세 한글 인식 인식률 향상]
   └ 학회: 한국멀티미디어학회 (IF: 0.6)
--------------------------------
[아크페이스에 지식 증류를 적용한 얼굴인식]
   └ 학회: 한국멀티미디어학회 (IF: 0.6)"
4,2023,전기전자공학,841811255,하종은,3,0.4083,0.523459,"[다중 특징치 맵과 마스크드 오토인코드를 이용한 3D 시맨틱 장면 완성]
   └ 학회: 제어로봇시스템학회 (IF: 0.78)
--------------------------------
[두 개의 인코더를 이용한 장면 텍스트 인식]
   └ 학회: 제어로봇시스템학회 (IF: 0.78)
--------------------------------
[Mask2Former 를 이용한 크랙 시맨틱 분할]
   └ 학회: 제어로봇시스템학회 (IF: 0.78)"
5,2023,전기전자공학,5541357,전왕수,3,0.3637,0.6495199999999999,"[AI기반 생산라인의 고장/예지보전 모니터링 애플리케이션]
   └ 학회: 한국정보기술학회 (IF: 0.56)
--------------------------------
[딥러닝과 XGBoost를 이용한 뇌졸중 전조증상진단 애플리케이션]
   └ 학회: 한국지능시스템학회 (IF: 0.56)
--------------------------------
[Yolo와 후처리 알고리즘을 이용한 실시간 적재/과적차량 판단 시스템]
   └ 학회: 한국지능시스템학회 (IF: 0.56)"
6,2023,전기전자공학,440931660,이상용,3,0.3637,0.6495199999999999,"[AI기반 생산라인의 고장/예지보전 모니터링 애플리케이션]
   └ 학회: 한국정보기술학회 (IF: 0.56)
--------------------------------
[딥러닝과 XGBoost를 이용한 뇌졸중 전조증상진단 애플리케이션]
   └ 학회: 한국지능시스템학회 (IF: 0.56)
--------------------------------
[Yolo와 후처리 알고리즘을 이용한 실시간 적재/과적차량 판단 시스템]
   └ 학회: 한국지능시스템학회 (IF: 0.56)"
7,2023,전기전자공학,809565961,이재문,12,0.3503,0.6868310000000001,"[물체 탐지 기술을 사용하여 골프 그린에서 홀 컵 인지 모델 개발]
   └ 학회: 국제인공지능학회 (IF: 0.51)
--------------------------------
[스마트워치의 진동과 안전 경로 우선 알고리즘을 이용한 시각 장애인 길 안내 시스템의 개선]
   └ 학회: 국제인공지능학회 (IF: 0.51)
--------------------------------
[풍부한 메타데이터를 가진 동영상 추천 시스템의 성능 평가]
   └ 학회: 국제인공지능학회 (IF: 0.51)
--------------------------------
[객체 인지 기술을 이용한 퍼팅 조준 가이드 애플리케이션 개발]
   └ 학회: 국제인공지능학회 (IF: 0.51)
--------------------------------
[스마트 미러간 화상 통화와 메시징 기능을 가진 CoMirror 시스템의 성능평가]
   └ 학회: 국제인공지능학회 (IF: 0.51)
--------------------------------
[딥러닝 기반 품종 및 감정인식 SNS를 포함하는 애완동물 관리 시스템 구현]
   └ 학회: 국제인공지능학회 (IF: 0.51)
--------------------------------
[CNN 기술을 사용한 지능형 CCTV 개발]
   └ 학회: 국제인공지능학회 (IF: 0.51)
--------------------------------
[딥러닝 기술을 이용한 영상에서 흡연행위 검출]
   └ 학회: 국제인공지능학회 (IF: 0.51)
--------------------------------
[직관적 UI와 추천 기능을 가진 모바일 슈팅 게임]
   └ 학회: 국제인공지능학회 (IF: 0.51)
--------------------------------
[JPEG를 확장한 멀티 콘텐츠 저장 포맷 All-in-JPEG에 관한 예비 연구]
   └ 학회: 국제인공지능학회 (IF: 0.51)
--------------------------------
[CNN 기술을 적용한 침수탐지 학습모델 개발]
   └ 학회: 국제인공지능학회 (IF: 0.51)
--------------------------------
[암호화를 적용한 위치 공유 앱 개발]
   └ 학회: 국제인공지능학회 (IF: 0.51)"
8,2023,전기전자공학,884111608,황기태,12,0.3503,0.6868310000000001,"[물체 탐지 기술을 사용하여 골프 그린에서 홀 컵 인지 모델 개발]
   └ 학회: 국제인공지능학회 (IF: 0.51)
--------------------------------
[스마트워치의 진동과 안전 경로 우선 알고리즘을 이용한 시각 장애인 길 안내 시스템의 개선]
   └ 학회: 국제인공지능학회 (IF: 0.51)
--------------------------------
[풍부한 메타데이터를 가진 동영상 추천 시스템의 성능 평가]
   └ 학회: 국제인공지능학회 (IF: 0.51)
--------------------------------
[객체 인지 기술을 이용한 퍼팅 조준 가이드 애플리케이션 개발]
   └ 학회: 국제인공지능학회 (IF: 0.51)
--------------------------------
[스마트 미러간 화상 통화와 메시징 기능을 가진 CoMirror 시스템의 성능평가]
   └ 학회: 국제인공지능학회 (IF: 0.51)
--------------------------------
[딥러닝 기반 품종 및 감정인식 SNS를 포함하는 애완동물 관리 시스템 구현]
   └ 학회: 국제인공지능학회 (IF: 0.51)
--------------------------------
[CNN 기술을 사용한 지능형 CCTV 개발]
   └ 학회: 국제인공지능학회 (IF: 0.51)
--------------------------------
[딥러닝 기술을 이용한 영상에서 흡연행위 검출]
   └ 학회: 국제인공지능학회 (IF: 0.51)
--------------------------------
[직관적 UI와 추천 기능을 가진 모바일 슈팅 게임]
   └ 학회: 국제인공지능학회 (IF: 0.51)
--------------------------------
[JPEG를 확장한 멀티 콘텐츠 저장 포맷 All-in-JPEG에 관한 예비 연구]
   └ 학회: 국제인공지능학회 (IF: 0.51)
--------------------------------
[CNN 기술을 적용한 침수탐지 학습모델 개발]
   └ 학회: 국제인공지능학회 (IF: 0.51)
--------------------------------
[암호화를 적용한 위치 공유 앱 개발]
   └ 학회: 국제인공지능학회 (IF: 0.51)"
9,2023,전기전자공학,332526958,정인환,12,0.3503,0.6868310000000001,"[물체 탐지 기술을 사용하여 골프 그린에서 홀 컵 인지 모델 개발]
   └ 학회: 국제인공지능학회 (IF: 0.51)
--------------------------------
[스마트워치의 진동과 안전 경로 우선 알고리즘을 이용한 시각 장애인 길 안내 시스템의 개선]
   └ 학회: 국제인공지능학회 (IF: 0.51)
--------------------------------
[풍부한 메타데이터를 가진 동영상 추천 시스템의 성능 평가]
   └ 학회: 국제인공지능학회 (IF: 0.51)
--------------------------------
[객체 인지 기술을 이용한 퍼팅 조준 가이드 애플리케이션 개발]
   └ 학회: 국제인공지능학회 (IF: 0.51)
--------------------------------
[스마트 미러간 화상 통화와 메시징 기능을 가진 CoMirror 시스템의 성능평가]
   └ 학회: 국제인공지능학회 (IF: 0.51)
--------------------------------
[딥러닝 기반 품종 및 감정인식 SNS를 포함하는 애완동물 관리 시스템 구현]
   └ 학회: 국제인공지능학회 (IF: 0.51)
--------------------------------
[CNN 기술을 사용한 지능형 CCTV 개발]
   └ 학회: 국제인공지능학회 (IF: 0.51)
--------------------------------
[딥러닝 기술을 이용한 영상에서 흡연행위 검출]
   └ 학회: 국제인공지능학회 (IF: 0.51)
--------------------------------
[직관적 UI와 추천 기능을 가진 모바일 슈팅 게임]
   └ 학회: 국제인공지능학회 (IF: 0.51)
--------------------------------
[JPEG를 확장한 멀티 콘텐츠 저장 포맷 All-in-JPEG에 관한 예비 연구]
   └ 학회: 국제인공지능학회 (IF: 0.51)
--------------------------------
[CNN 기술을 적용한 침수탐지 학습모델 개발]
   └ 학회: 국제인공지능학회 (IF: 0.51)
--------------------------------
[암호화를 적용한 위치 공유 앱 개발]
   └ 학회: 국제인공지능학회 (IF: 0.51)"
10,2023,전기전자공학,913825118,박지희,3,0.3439,0.573204,"[CNN 모델과 샴 네트워크를 이용한 얼굴 인식 성능 비교]
   └ 학회: 한국멀티미디어학회 (IF: 0.6)
--------------------------------
[사과 과수화상병 예찰을 위한 데이터 증강에 따른 사과꽃 생육단계 분류 비교]
   └ 학회: 한국멀티미디어학회 (IF: 0.6)
--------------------------------
[아크페이스에 지식 증류를 적용한 얼굴인식]
   └ 학회: 한국멀티미디어학회 (IF: 0.6)"
11,2023,전기전자공학,661265685,정원식,5,0.3328,0.586206,"[깊이별 분리 가능 U-Net을 이용한 아틀라스 비디오 초해상화 방법]
   └ 학회: 한국멀티미디어학회 (IF: 0.6)
--------------------------------
[얼굴 영역 화질향상을 위한 Dual Branch 기반 초해상화 방법]
   └ 학회: 한국멀티미디어학회 (IF: 0.6)
--------------------------------
[기계를 위한 비디오 부호화 표준화 동향]
   └ 학회: 한국방송·미디어공학회 (IF: 0.49)
--------------------------------
[MPEG Immersive Video를 위한 그룹 기반 적응적 스트리밍]
   └ 학회: 한국방송·미디어공학회 (IF: 0.49)
--------------------------------
[Performance Improvement and Modification of VVC RPR Technology for Machine Vision Systems]
   └ 학회: 한국방송·미디어공학회 (IF: 0.49)"
12,2023,전기전자공학,993328772,한종기,11,0.2917,0.595251,"[촬영 환경 변화에 강인한 NetVLAD 제작 기술]
   └ 학회: 한국방송·미디어공학회 (IF: 0.49)
--------------------------------
[Vision Transformer를 활용한 단일 영상 카메라 캘리브레이션]
   └ 학회: 한국방송·미디어공학회 (IF: 0.49)
--------------------------------
[개선된 분류 기법 기반 단일 이미지 카메라 캘리브레이션 알고리즘]
   └ 학회: 한국방송·미디어공학회 (IF: 0.49)
--------------------------------
[‘Point Cloud 데이터 제작 기술’ 특집호를 내며]
   └ 학회: 한국방송·미디어공학회 (IF: 0.49)
--------------------------------
[일반 카메라와 컴퓨터 비전 알고리즘을 이용한 point cloud 제작 기술]
   └ 학회: 한국방송·미디어공학회 (IF: 0.49)
--------------------------------
[Point Cloud 제작을 위한 딥러닝 기반 카메라 파라미터 추정]
   └ 학회: 한국방송·미디어공학회 (IF: 0.49)
--------------------------------
[Neural Network 기반 Image Feature Extraction 기법]
   └ 학회: 한국방송·미디어공학회 (IF: 0.49)
--------------------------------
[Metaverse 영상 제작에 사용되는 카메라들의 파라미터 최적화를 위한 Bundle Adjustment]
   └ 학회: 한국방송·미디어공학회 (IF: 0.49)
--------------------------------
[고품질 6DoF VR 영상을 위한 Dense Point Cloud 생성]
   └ 학회: 한국방송·미디어공학회 (IF: 0.49)
--------------------------------
[Point Cloud의 시각화를 위한 Mesh Reconstruction]
   └ 학회: 한국방송·미디어공학회 (IF: 0.49)
--------------------------------
[3D Mesh Texturing]
   └ 학회: 한국방송·미디어공학회 (IF: 0.49)"
13,2023,전기전자공학,649212838,정세훈,3,0.2734,0.45562400000000003,"[인공지능 및 토양 모니터링 기반 스마트 수목 보호틀 통합 관리 시스템]
   └ 학회: 한국멀티미디어학회 (IF: 0.6)
--------------------------------
[딥러닝 기반의 객체 탐지 모델을 활용한 어종 및 어병 탐지 시스템]
   └ 학회: 한국멀티미디어학회 (IF: 0.6)
--------------------------------
[결측치 보간 알고리즘을 적용한 앙상블 기반의 태양광 발전량 예측 시스템]
   └ 학회: 한국멀티미디어학회 (IF: 0.6)"
14,2023,전기전자공학,693190302,심춘보,3,0.2734,0.45562400000000003,"[인공지능 및 토양 모니터링 기반 스마트 수목 보호틀 통합 관리 시스템]
   └ 학회: 한국멀티미디어학회 (IF: 0.6)
--------------------------------
[딥러닝 기반의 객체 탐지 모델을 활용한 어종 및 어병 탐지 시스템]
   └ 학회: 한국멀티미디어학회 (IF: 0.6)
--------------------------------
[결측치 보간 알고리즘을 적용한 앙상블 기반의 태양광 발전량 예측 시스템]
   └ 학회: 한국멀티미디어학회 (IF: 0.6)"
15,2023,전기전자공학,721578541,최세운,2,0.2582,0.478235,"[Chlorin e6를 이용한 자궁경부암 세포의 광역학치료 효과 광학 분석]
   └ 학회: 한국정보통신학회 (IF: 0.54)
--------------------------------
[딥러닝 기반 COVID-19 흉부 X-ray 영상 분류모델에 관한 연구]
   └ 학회: 한국정보통신학회 (IF: 0.54)"
16,2023,전기전자공학,103804683,고두현,1,0.2528,0.46806000000000003,"[딥러닝 기반 COVID-19 흉부 X-ray 영상 분류모델에 관한 연구]
   └ 학회: 한국정보통신학회 (IF: 0.54)"
17,2023,전기전자공학,465860253,이유호,3,0.2513,0.41888000000000003,"[Residual Dense Block 기반 변형 가능한 합성곱 정렬 신경망을 이용한 비디오 초해상화 방법]
   └ 학회: 한국멀티미디어학회 (IF: 0.6)
--------------------------------
[깊이별 분리 가능 U-Net을 이용한 아틀라스 비디오 초해상화 방법]
   └ 학회: 한국멀티미디어학회 (IF: 0.6)
--------------------------------
[얼굴 영역 화질향상을 위한 Dual Branch 기반 초해상화 방법]
   └ 학회: 한국멀티미디어학회 (IF: 0.6)"
18,2023,전기전자공학,405366226,전동산,3,0.2513,0.41888000000000003,"[Residual Dense Block 기반 변형 가능한 합성곱 정렬 신경망을 이용한 비디오 초해상화 방법]
   └ 학회: 한국멀티미디어학회 (IF: 0.6)
--------------------------------
[깊이별 분리 가능 U-Net을 이용한 아틀라스 비디오 초해상화 방법]
   └ 학회: 한국멀티미디어학회 (IF: 0.6)
--------------------------------
[얼굴 영역 화질향상을 위한 Dual Branch 기반 초해상화 방법]
   └ 학회: 한국멀티미디어학회 (IF: 0.6)"
19,2023,전기전자공학,953725584,윤국진,2,0.2483,0.413792,"[깊이별 분리 가능 U-Net을 이용한 아틀라스 비디오 초해상화 방법]
   └ 학회: 한국멀티미디어학회 (IF: 0.6)
--------------------------------
[얼굴 영역 화질향상을 위한 Dual Branch 기반 초해상화 방법]
   └ 학회: 한국멀티미디어학회 (IF: 0.6)"
20,2023,전기전자공학,259863911,김동헌,4,0.2457,0.487846,"[수평유지 플랫폼을 위한 퍼지 제어기 설계]
   └ 학회: 한국지능시스템학회 (IF: 0.56)
--------------------------------
[선박에서 사고 방지를 위한 속도관리 시스템 설계]
   └ 학회: 한국지능시스템학회 (IF: 0.56)
--------------------------------
[사용자 추종을 위한 AI기반의 이동로봇 시스템 구현]
   └ 학회: 한국지능시스템학회 (IF: 0.56)
--------------------------------
[자동차 액션로더 제조 불량품 검사를 위한 AI 딥러닝 기반 검사시스템 구현]
   └ 학회: 대한전기학회 (IF: 0.39)"
21,2023,전기전자공학,750566018,조현종,5,0.2381,0.6105139999999999,"[딥러닝 기반 위 질환 컴퓨터 보조 진단 시스템 개발 및 Grad-CAM을 활용한 시각화]
   └ 학회: 대한전기학회 (IF: 0.39)
--------------------------------
[필터링이 적용된 이미지 증대 기법을 통한 태양전지 결함 탐지 시스템]
   └ 학회: 대한전기학회 (IF: 0.39)
--------------------------------
[Grad-CAM을 활용한 EfficientNetV2 기반 웨이퍼 맵 불량분석 연구]
   └ 학회: 대한전기학회 (IF: 0.39)
--------------------------------
[SAM Optimizer를 통한 위내시경 이미지 분류 CADx의 성능 향상 연구]
   └ 학회: 대한전기학회 (IF: 0.39)
--------------------------------
[CNN 기반 딥러닝 모델을 통한 폐암 컴퓨터 보조 진단 시스템 개발]
   └ 학회: 대한전기학회 (IF: 0.39)"
22,2023,전기전자공학,350968683,박대우,5,0.2219,0.410964,"[글로벌 금융 허브를 위한 한국에서의 AI 금융 ICT 시스템의 분석 설계 및 구축 연구]
   └ 학회: 한국정보통신학회 (IF: 0.54)
--------------------------------
[PTZ WIFI AP를 이용한 UAV와 드론의 광역 통신시스템 연구]
   └ 학회: 한국정보통신학회 (IF: 0.54)
--------------------------------
[보행자와 차량의 정체와 흐름 및 안전을 분석하는 AI 신호등 시스템 연구]
   └ 학회: 한국정보통신학회 (IF: 0.54)
--------------------------------
[멀티모달 AI 기반 Mobile 앱 UI/UX 모델 연구(은행 앱의 고령 친화적 서비스를 중심으로)]
   └ 학회: 한국정보통신학회 (IF: 0.54)
--------------------------------
[Bigdata 분석과 인공지능을 적용한 시설물 건립 GIS 최적화 연구]
   └ 학회: 한국정보통신학회 (IF: 0.54)"
23,2023,전기전자공학,468166382,조남익,4,0.2086,0.425663,"[텍스트 인식률 개선을 위한 한글 텍스트 이미지 초해상화]
   └ 학회: 한국방송·미디어공학회 (IF: 0.49)
--------------------------------
[내용 기반의 정렬을 통한 HDR 동영상 생성 방법]
   └ 학회: 한국방송·미디어공학회 (IF: 0.49)
--------------------------------
[서울대학교 정보신호처리연구실]
   └ 학회: 한국방송·미디어공학회 (IF: 0.49)
--------------------------------
[Attention for Adaptive Convolution in Convolutional Neural Networks for Single Image Super-Resolution]
   └ 학회: 한국방송·미디어공학회 (IF: 0.49)"
24,2023,전기전자공학,977669423,이지형,2,0.2064,0.36856799999999995,"[Diffusion 생성모델의 Mixup 기반 노이즈 샘플링을 통한 분류 모델의 클래스 불균형 문제 완화]
   └ 학회: 한국지능시스템학회 (IF: 0.56)
--------------------------------
[BeSCL: 그래프 노드 분류를 위한 개선된 준지도 및 대조학습]
   └ 학회: 한국지능시스템학회 (IF: 0.56)"
25,2023,전기전자공학,107292916,이종훈,4,0.1927,0.321086,"[3차원 건축물 모델링 자동화를 위한 딥러닝 기반 벽 구조 객체 추출 방법]
   └ 학회: 한국멀티미디어학회 (IF: 0.6)
--------------------------------
[단일 이미지에서 2차원 자세 특징점을 통한 3차원 자세 정보 추론 방안]
   └ 학회: 한국멀티미디어학회 (IF: 0.6)
--------------------------------
[파노라마 이미지 기반 실내 장소 인식 실험 데이터세트 구축 및 검증 방법]
   └ 학회: 한국멀티미디어학회 (IF: 0.6)
--------------------------------
[건축물 3차원 모델링을 위한 2D Grid 기반 벽 객체 추출 방법]
   └ 학회: 한국멀티미디어학회 (IF: 0.6)"
26,2023,전기전자공학,768105569,류제호,3,0.1927,0.321086,"[3차원 건축물 모델링 자동화를 위한 딥러닝 기반 벽 구조 객체 추출 방법]
   └ 학회: 한국멀티미디어학회 (IF: 0.6)
--------------------------------
[단일 이미지에서 2차원 자세 특징점을 통한 3차원 자세 정보 추론 방안]
   └ 학회: 한국멀티미디어학회 (IF: 0.6)
--------------------------------
[건축물 3차원 모델링을 위한 2D Grid 기반 벽 객체 추출 방법]
   └ 학회: 한국멀티미디어학회 (IF: 0.6)"
27,2023,전기전자공학,757440229,이승주,3,0.1927,0.321086,"[3차원 건축물 모델링 자동화를 위한 딥러닝 기반 벽 구조 객체 추출 방법]
   └ 학회: 한국멀티미디어학회 (IF: 0.6)
--------------------------------
[단일 이미지에서 2차원 자세 특징점을 통한 3차원 자세 정보 추론 방안]
   └ 학회: 한국멀티미디어학회 (IF: 0.6)
--------------------------------
[건축물 3차원 모델링을 위한 2D Grid 기반 벽 객체 추출 방법]
   └ 학회: 한국멀티미디어학회 (IF: 0.6)"
28,2023,전기전자공학,885180086,김동준,2,0.1894,0.371397,"[딥러닝 기술을 이용한 영상에서 흡연행위 검출]
   └ 학회: 국제인공지능학회 (IF: 0.51)
--------------------------------
[CNN 기술을 적용한 침수탐지 학습모델 개발]
   └ 학회: 국제인공지능학회 (IF: 0.51)"
29,2023,전기전자공학,690168226,최유진,2,0.1894,0.371397,"[딥러닝 기술을 이용한 영상에서 흡연행위 검출]
   └ 학회: 국제인공지능학회 (IF: 0.51)
--------------------------------
[CNN 기술을 적용한 침수탐지 학습모델 개발]
   └ 학회: 국제인공지능학회 (IF: 0.51)"
30,2023,전기전자공학,119439762,박경민,2,0.1894,0.371397,"[딥러닝 기술을 이용한 영상에서 흡연행위 검출]
   └ 학회: 국제인공지능학회 (IF: 0.51)
--------------------------------
[CNN 기술을 적용한 침수탐지 학습모델 개발]
   └ 학회: 국제인공지능학회 (IF: 0.51)"
31,2023,전기전자공학,277963110,장현민,1,0.188,0.33578199999999997,"[Diffusion 생성모델의 Mixup 기반 노이즈 샘플링을 통한 분류 모델의 클래스 불균형 문제 완화]
   └ 학회: 한국지능시스템학회 (IF: 0.56)"
32,2023,전기전자공학,374074392,이진섭,1,0.188,0.33578199999999997,"[Diffusion 생성모델의 Mixup 기반 노이즈 샘플링을 통한 분류 모델의 클래스 불균형 문제 완화]
   └ 학회: 한국지능시스템학회 (IF: 0.56)"
33,2023,전기전자공학,486756693,이경로,3,0.1865,0.31091099999999994,"[3차원 건축물 모델링 자동화를 위한 딥러닝 기반 벽 구조 객체 추출 방법]
   └ 학회: 한국멀티미디어학회 (IF: 0.6)
--------------------------------
[파노라마 이미지 기반 실내 장소 인식 실험 데이터세트 구축 및 검증 방법]
   └ 학회: 한국멀티미디어학회 (IF: 0.6)
--------------------------------
[건축물 3차원 모델링을 위한 2D Grid 기반 벽 객체 추출 방법]
   └ 학회: 한국멀티미디어학회 (IF: 0.6)"
34,2023,전기전자공학,112669098,유승현,2,0.1865,0.31090999999999996,"[앙상블 기반 자동차 탐지 정확도-속도 트레이드오프 개선]
   └ 학회: 한국멀티미디어학회 (IF: 0.6)
--------------------------------
[자율주행 트랙터 환경에서 자동화된 RoI를 이용한 쓰러진 사람에 대한 데이터 증강]
   └ 학회: 한국멀티미디어학회 (IF: 0.6)"
35,2023,전기전자공학,204955464,안한세,2,0.1865,0.31090999999999996,"[앙상블 기반 자동차 탐지 정확도-속도 트레이드오프 개선]
   └ 학회: 한국멀티미디어학회 (IF: 0.6)
--------------------------------
[자율주행 트랙터 환경에서 자동화된 RoI를 이용한 쓰러진 사람에 대한 데이터 증강]
   └ 학회: 한국멀티미디어학회 (IF: 0.6)"
36,2023,전기전자공학,828446920,손승욱,2,0.1865,0.31090999999999996,"[앙상블 기반 자동차 탐지 정확도-속도 트레이드오프 개선]
   └ 학회: 한국멀티미디어학회 (IF: 0.6)
--------------------------------
[자율주행 트랙터 환경에서 자동화된 RoI를 이용한 쓰러진 사람에 대한 데이터 증강]
   └ 학회: 한국멀티미디어학회 (IF: 0.6)"
37,2023,전기전자공학,264716131,백화평,2,0.1865,0.31090999999999996,"[앙상블 기반 자동차 탐지 정확도-속도 트레이드오프 개선]
   └ 학회: 한국멀티미디어학회 (IF: 0.6)
--------------------------------
[자율주행 트랙터 환경에서 자동화된 RoI를 이용한 쓰러진 사람에 대한 데이터 증강]
   └ 학회: 한국멀티미디어학회 (IF: 0.6)"
38,2023,전기전자공학,267630630,정용화,2,0.1865,0.31090999999999996,"[앙상블 기반 자동차 탐지 정확도-속도 트레이드오프 개선]
   └ 학회: 한국멀티미디어학회 (IF: 0.6)
--------------------------------
[자율주행 트랙터 환경에서 자동화된 RoI를 이용한 쓰러진 사람에 대한 데이터 증강]
   └ 학회: 한국멀티미디어학회 (IF: 0.6)"
39,2023,전기전자공학,959729570,유형준,2,0.1865,0.31091099999999994,"[3차원 건축물 모델링 자동화를 위한 딥러닝 기반 벽 구조 객체 추출 방법]
   └ 학회: 한국멀티미디어학회 (IF: 0.6)
--------------------------------
[건축물 3차원 모델링을 위한 2D Grid 기반 벽 객체 추출 방법]
   └ 학회: 한국멀티미디어학회 (IF: 0.6)"
40,2023,전기전자공학,861272697,이창목,1,0.1865,0.33295699999999995,"[Yolo와 후처리 알고리즘을 이용한 실시간 적재/과적차량 판단 시스템]
   └ 학회: 한국지능시스템학회 (IF: 0.56)"
41,2023,전기전자공학,923430094,이웅섭,2,0.1862,0.344828,"[433 MHz 대역 송신기의 인증을 위한 RF 지문 기법]
   └ 학회: 한국정보통신학회 (IF: 0.54)
--------------------------------
[기계학습에 기반을 둔 통신사 고객 이탈예측 방안]
   └ 학회: 한국정보통신학회 (IF: 0.54)"
42,2023,전기전자공학,302846222,서기성,3,0.1859,0.476541,"[가려진 사람의 재식별을 위한 트랜스포머 기반 교차 어텐션과 특징 다양화]
   └ 학회: 대한전기학회 (IF: 0.39)
--------------------------------
[저화질 흑백 이미지의 복원을 위한 영상채색 및 초해상화의 상호 분리적 학습 모델]
   └ 학회: 대한전기학회 (IF: 0.39)
--------------------------------
[외형특징 추출 기능을 개선한 딥러닝 기반의 다중객체 추적]
   └ 학회: 대한전기학회 (IF: 0.39)"
43,2023,전기전자공학,609930177,서가은,1,0.1838,0.340304,"[한국어 데이터를 활용한 data augmentation]
   └ 학회: 한국정보통신학회 (IF: 0.54)"
44,2023,전기전자공학,890690809,오정수,1,0.1822,0.337479,"[간접 기울어짐 보정을 이용한 기울어진 수기 숫자의 분류]
   └ 학회: 한국정보통신학회 (IF: 0.54)"
45,2023,전기전자공학,467484653,송특섭,3,0.178,0.32956499999999994,"[사용자 오타를 반영한 한글 타이핑 연습프로그램 설계 및 구현]
   └ 학회: 한국정보통신학회 (IF: 0.54)
--------------------------------
[딥러닝 YOLOv5 객체 인식을 이용한 반려동물 품종 분류 방법에 대한 연구]
   └ 학회: 한국정보통신학회 (IF: 0.54)
--------------------------------
[스마트폰 가속도 센서를 이용한 사람 행동 인식 심층신경망 설계 및 구현]
   └ 학회: 한국정보통신학회 (IF: 0.54)"
46,2023,전기전자공학,418698987,김영민,1,0.1776,0.317128,"[사용자 추종을 위한 AI기반의 이동로봇 시스템 구현]
   └ 학회: 한국지능시스템학회 (IF: 0.56)"
47,2023,전기전자공학,537861780,강상길,2,0.1719,0.306952,"[Two-Stage CNN 모델을 이용한 선박 분류 기법]
   └ 학회: 한국정보기술학회 (IF: 0.56)
--------------------------------
[모델 독립적 방법과 모델 의존적 방법의 결합을 통한 기계학습 기반 특징 선택 기법]
   └ 학회: 한국지능시스템학회 (IF: 0.56)"
48,2023,전기전자공학,803702232,이승호,4,0.1697,0.314302,"[마스크 착용에 적응적인 얼굴인식 방법]
   └ 학회: 한국정보통신학회 (IF: 0.54)
--------------------------------
[마스크 영역 분할을 이용한 얼굴 표정인식]
   └ 학회: 한국정보통신학회 (IF: 0.54)
--------------------------------
[다중 분류기 융합에 기반한 마스크 얼굴 표정인식]
   └ 학회: 한국정보통신학회 (IF: 0.54)
--------------------------------
[확장형 소스코드 템플릿을 활용한 딥러닝 실습]
   └ 학회: 한국정보통신학회 (IF: 0.54)"
49,2023,전기전자공학,944933618,정윤진,2,0.1671,0.214246,"[딥러닝을 활용한 바퀴 기반 휴머노이드 로봇의 음성 명령 기반 객체 탐지 시스템 구현]
   └ 학회: 제어로봇시스템학회 (IF: 0.78)
--------------------------------
[딥러닝 기반 음성 명령 인식 및 객체 탐지를 활용한 인간-로봇 상호작용 기술의 최신 연구 사례]
   └ 학회: 제어로봇시스템학회 (IF: 0.78)"
50,2023,전기전자공학,587178268,한지형,2,0.1671,0.214246,"[딥러닝을 활용한 바퀴 기반 휴머노이드 로봇의 음성 명령 기반 객체 탐지 시스템 구현]
   └ 학회: 제어로봇시스템학회 (IF: 0.78)
--------------------------------
[딥러닝 기반 음성 명령 인식 및 객체 탐지를 활용한 인간-로봇 상호작용 기술의 최신 연구 사례]
   └ 학회: 제어로봇시스템학회 (IF: 0.78)"
51,2023,전기전자공학,744102728,노정현,1,0.1671,0.29847399999999996,"[딥러닝과 XGBoost를 이용한 뇌졸중 전조증상진단 애플리케이션]
   └ 학회: 한국지능시스템학회 (IF: 0.56)"
52,2023,전기전자공학,973180260,김나형,1,0.1671,0.29847399999999996,"[오프로드 자율주행을 위한 딥러닝 기반 의미론적 분할 모델 비교]
   └ 학회: 한국지능시스템학회 (IF: 0.56)"
53,2023,전기전자공학,722119,안종현,1,0.1671,0.29847399999999996,"[오프로드 자율주행을 위한 딥러닝 기반 의미론적 분할 모델 비교]
   └ 학회: 한국지능시스템학회 (IF: 0.56)"
54,2023,전기전자공학,521718490,문병인,3,0.1656,0.295647,"[실내 아동 안전을 위한 딥러닝 기반의 아동 행동 분석기술 개발]
   └ 학회: 한국정보기술학회 (IF: 0.56)
--------------------------------
[인공지능 기반 실시간 감지가 가능한 산불 경보시스템]
   └ 학회: 한국정보기술학회 (IF: 0.56)
--------------------------------
[아동 외현화 장애 조기발견을 위한 인공지능 기반의 영상 분석 시스템 개발]
   └ 학회: 한국정보기술학회 (IF: 0.56)"
55,2023,전기전자공학,108664017,최병준,1,0.1652,0.295082,"[분할 연산 기반 순환 신경망의 추론 성능 분석]
   └ 학회: 한국지능시스템학회 (IF: 0.56)"
56,2023,전기전자공학,437347144,윤상석,1,0.1652,0.295082,"[분할 연산 기반 순환 신경망의 추론 성능 분석]
   └ 학회: 한국지능시스템학회 (IF: 0.56)"
57,2023,전기전자공학,369801061,이세훈,1,0.1652,0.295082,"[분할 연산 기반 순환 신경망의 추론 성능 분석]
   └ 학회: 한국지능시스템학회 (IF: 0.56)"
58,2023,전기전자공학,157915132,강재모,1,0.1652,0.295082,"[분할 연산 기반 순환 신경망의 추론 성능 분석]
   └ 학회: 한국지능시스템학회 (IF: 0.56)"
59,2023,전기전자공학,749934040,박태주,1,0.1645,0.30469199999999996,"[딥러닝 YOLOv5 객체 인식을 이용한 반려동물 품종 분류 방법에 대한 연구]
   └ 학회: 한국정보통신학회 (IF: 0.54)"
60,2023,전기전자공학,737651911,장동의,3,0.1636,0.209723,"[화학 가스 농도 추정을 위한 잔차 블록 기반 딥 러닝 알고리즘]
   └ 학회: 제어로봇시스템학회 (IF: 0.78)
--------------------------------
[위치 센서 프리징 상황에서 UAV의 안전 비행을 위한 딥러닝 기반 고장 복구 시스템]
   └ 학회: 제어로봇시스템학회 (IF: 0.78)
--------------------------------
[로봇 임베디드 시스템에서 리튬이온 배터리 잔량 추정을 위한 신경망 프루닝 최적화 기법]
   └ 학회: 한국로봇학회(논문지) (IF: 0.4)"
61,2023,전기전자공학,723914,박재현,2,0.1636,0.209723,"[화학 가스 농도 추정을 위한 잔차 블록 기반 딥 러닝 알고리즘]
   └ 학회: 제어로봇시스템학회 (IF: 0.78)
--------------------------------
[위치 센서 프리징 상황에서 UAV의 안전 비행을 위한 딥러닝 기반 고장 복구 시스템]
   └ 학회: 제어로봇시스템학회 (IF: 0.78)"
62,2023,전기전자공학,721448418,정혜영,3,0.1627,0.29056,"[Deep SHAP을 통한 Shapley value의 노이즈 강건성 분석]
   └ 학회: 한국지능시스템학회 (IF: 0.56)
--------------------------------
[자율 운항을 위한 U-Net 기반의 deblurring 안정성 연구]
   └ 학회: 한국지능시스템학회 (IF: 0.56)
--------------------------------
[다중 분류에서의 불확실성 정량화에 대한 연구]
   └ 학회: 한국지능시스템학회 (IF: 0.56)"
63,2023,전기전자공학,455568591,김동균,2,0.1627,0.29056,"[스택 딥러닝 모델을 활용한 선박 횡동요 움직임 예측]
   └ 학회: 한국지능시스템학회 (IF: 0.56)
--------------------------------
[확률에 따른 분산확률탐색 알고리즘의 성능 비교 분석]
   └ 학회: 한국지능시스템학회 (IF: 0.56)"
64,2023,전기전자공학,319369614,송훈,1,0.1627,0.29056,"[Style Mixing에 의한 대장용종 이미지 생성 및 이를 통한 용종 분류 성능 향상 연구]
   └ 학회: 한국지능시스템학회 (IF: 0.56)"
65,2023,전기전자공학,637093683,채종욱,1,0.1627,0.29056,"[Style Mixing에 의한 대장용종 이미지 생성 및 이를 통한 용종 분류 성능 향상 연구]
   └ 학회: 한국지능시스템학회 (IF: 0.56)"
66,2023,전기전자공학,418397454,신영학,1,0.1627,0.29056,"[Style Mixing에 의한 대장용종 이미지 생성 및 이를 통한 용종 분류 성능 향상 연구]
   └ 학회: 한국지능시스템학회 (IF: 0.56)"
67,2023,전기전자공학,231588781,장재욱,1,0.1627,0.29056,"[오토 인코더를 이용한 공간 그래프 기반 3차원 나노 구조 분석 프레임웍]
   └ 학회: 한국지능시스템학회 (IF: 0.56)"
68,2023,전기전자공학,5417041,이현수,1,0.1627,0.29056,"[오토 인코더를 이용한 공간 그래프 기반 3차원 나노 구조 분석 프레임웍]
   └ 학회: 한국지능시스템학회 (IF: 0.56)"
69,2023,전기전자공학,436030517,임남균,1,0.1627,0.29056,"[스택 딥러닝 모델을 활용한 선박 횡동요 움직임 예측]
   └ 학회: 한국지능시스템학회 (IF: 0.56)"
70,2023,전기전자공학,648209436,오은서,1,0.1627,0.29056,"[양자역학 기반의 반도체 제조 공정에서의 불량 예측 프레임웍]
   └ 학회: 한국지능시스템학회 (IF: 0.56)"
71,2023,전기전자공학,189899,이현수,1,0.1627,0.29056,"[양자역학 기반의 반도체 제조 공정에서의 불량 예측 프레임웍]
   └ 학회: 한국지능시스템학회 (IF: 0.56)"
72,2023,전기전자공학,148261100,김성아,1,0.1627,0.29056,"[다중 분류에서의 불확실성 정량화에 대한 연구]
   └ 학회: 한국지능시스템학회 (IF: 0.56)"
73,2023,전기전자공학,749241861,이재원,1,0.1615,0.299039,"[해무 탐지를 위한 야간 IR 이미지 활용 최적화: 전이 학습 접근법]
   └ 학회: 한국정보통신학회 (IF: 0.54)"
74,2023,전기전자공학,207288952,한진현,1,0.1615,0.299039,"[해무 탐지를 위한 야간 IR 이미지 활용 최적화: 전이 학습 접근법]
   └ 학회: 한국정보통신학회 (IF: 0.54)"
75,2023,전기전자공학,875680814,김국진,1,0.1615,0.299039,"[해무 탐지를 위한 야간 IR 이미지 활용 최적화: 전이 학습 접근법]
   └ 학회: 한국정보통신학회 (IF: 0.54)"
76,2023,전기전자공학,288677822,김영택,1,0.1615,0.299039,"[해무 탐지를 위한 야간 IR 이미지 활용 최적화: 전이 학습 접근법]
   └ 학회: 한국정보통신학회 (IF: 0.54)"
77,2023,전기전자공학,211705085,강분순,1,0.1615,0.299039,"[해무 탐지를 위한 야간 IR 이미지 활용 최적화: 전이 학습 접근법]
   └ 학회: 한국정보통신학회 (IF: 0.54)"
78,2023,전기전자공학,645027040,김현서,1,0.1609,0.206331,"[내시경 영상에서의 딥러닝 기반 상부 위장관 랜드마크 식별]
   └ 학회: 제어로봇시스템학회 (IF: 0.78)"
79,2023,전기전자공학,211927349,조병우,1,0.1609,0.206331,"[내시경 영상에서의 딥러닝 기반 상부 위장관 랜드마크 식별]
   └ 학회: 제어로봇시스템학회 (IF: 0.78)"
80,2023,전기전자공학,111443241,강병전,1,0.1609,0.206331,"[내시경 영상에서의 딥러닝 기반 상부 위장관 랜드마크 식별]
   └ 학회: 제어로봇시스템학회 (IF: 0.78)"
81,2023,전기전자공학,632160469,Yao Wang,1,0.1596,0.204635,"[두 개의 인코더를 이용한 장면 텍스트 인식]
   └ 학회: 제어로봇시스템학회 (IF: 0.78)"
82,2023,전기전자공학,5168927,정대일,1,0.1596,0.29564799999999997,"[딥러닝 기반 녹내장 진단 모델을 위한 안저사진 분할]
   └ 학회: 한국정보통신학회 (IF: 0.54)"
83,2023,전기전자공학,593860665,김성재,1,0.1596,0.29564799999999997,"[딥러닝 기반 녹내장 진단 모델을 위한 안저사진 분할]
   └ 학회: 한국정보통신학회 (IF: 0.54)"
84,2023,전기전자공학,601103304,조경진,1,0.1596,0.29564799999999997,"[딥러닝 기반 녹내장 진단 모델을 위한 안저사진 분할]
   └ 학회: 한국정보통신학회 (IF: 0.54)"
85,2023,전기전자공학,408029363,오세종,1,0.1596,0.29564799999999997,"[딥러닝 기반 녹내장 진단 모델을 위한 안저사진 분할]
   └ 학회: 한국정보통신학회 (IF: 0.54)"
86,2023,전기전자공학,567212388,김서영,1,0.1569,0.29056,"[딥러닝을 이용한 가로경관과 범죄 발생과의 상관관계 분석]
   └ 학회: 한국정보통신학회 (IF: 0.54)"
87,2023,전기전자공학,845804947,노하연,1,0.1569,0.29056,"[딥러닝을 이용한 가로경관과 범죄 발생과의 상관관계 분석]
   └ 학회: 한국정보통신학회 (IF: 0.54)"
88,2023,전기전자공학,350892576,윤예원,1,0.1569,0.29056,"[딥러닝을 이용한 가로경관과 범죄 발생과의 상관관계 분석]
   └ 학회: 한국정보통신학회 (IF: 0.54)"
89,2023,전기전자공학,275078434,이해민,1,0.1569,0.29056,"[딥러닝을 이용한 가로경관과 범죄 발생과의 상관관계 분석]
   └ 학회: 한국정보통신학회 (IF: 0.54)"
90,2023,전기전자공학,414410186,정진웅,1,0.1569,0.29056,"[딥러닝을 이용한 가로경관과 범죄 발생과의 상관관계 분석]
   └ 학회: 한국정보통신학회 (IF: 0.54)"
91,2023,전기전자공학,113118993,박지찬,1,0.1569,0.29056,"[전경 객체의 3차원 복원 정밀도 향상 기법 분석]
   └ 학회: 한국정보통신학회 (IF: 0.54)"
92,2023,전기전자공학,714440654,반유석,1,0.1569,0.29056,"[전경 객체의 3차원 복원 정밀도 향상 기법 분석]
   └ 학회: 한국정보통신학회 (IF: 0.54)"
93,2023,전기전자공학,633090799,한인호,1,0.1569,0.29056,"[디지털 바이오마커를 이용한 침상 하지 운동 및 자세 인식 딥러닝 모델의 설계 및 구현]
   └ 학회: 한국정보통신학회 (IF: 0.54)"
94,2023,전기전자공학,859209112,최진우,1,0.1569,0.29056,"[디지털 바이오마커를 이용한 침상 하지 운동 및 자세 인식 딥러닝 모델의 설계 및 구현]
   └ 학회: 한국정보통신학회 (IF: 0.54)"
95,2023,전기전자공학,996222597,이정환,1,0.1569,0.29056,"[디지털 바이오마커를 이용한 침상 하지 운동 및 자세 인식 딥러닝 모델의 설계 및 구현]
   └ 학회: 한국정보통신학회 (IF: 0.54)"
96,2023,전기전자공학,737578381,백윤주,1,0.1569,0.29056,"[디지털 바이오마커를 이용한 침상 하지 운동 및 자세 인식 딥러닝 모델의 설계 및 구현]
   └ 학회: 한국정보통신학회 (IF: 0.54)"
97,2023,전기전자공학,719340988,박범준,1,0.1569,0.29056,"[웨어러블 디바이스에서의 3축 가속도 센서를 이용한 고 연령층 수면-각성 감지 알고리즘 개발]
   └ 학회: 한국정보통신학회 (IF: 0.54)"
98,2023,전기전자공학,974331228,남보름,1,0.1569,0.29056,"[웨어러블 디바이스에서의 3축 가속도 센서를 이용한 고 연령층 수면-각성 감지 알고리즘 개발]
   └ 학회: 한국정보통신학회 (IF: 0.54)"
99,2023,전기전자공학,817300046,이종실,1,0.1569,0.29056,"[웨어러블 디바이스에서의 3축 가속도 센서를 이용한 고 연령층 수면-각성 감지 알고리즘 개발]
   └ 학회: 한국정보통신학회 (IF: 0.54)"
100,2023,전기전자공학,574901852,김인영,1,0.1569,0.29056,"[웨어러블 디바이스에서의 3축 가속도 센서를 이용한 고 연령층 수면-각성 감지 알고리즘 개발]
   └ 학회: 한국정보통신학회 (IF: 0.54)"
101,2023,전기전자공학,873279276,박준,2,0.1567,0.261164,"[인공지능 및 토양 모니터링 기반 스마트 수목 보호틀 통합 관리 시스템]
   └ 학회: 한국멀티미디어학회 (IF: 0.6)
--------------------------------
[딥러닝 기반의 객체 탐지 모델을 활용한 어종 및 어병 탐지 시스템]
   └ 학회: 한국멀티미디어학회 (IF: 0.6)"
102,2023,전기전자공학,693521484,진성담,1,0.1533,0.255511,"[미국 과학정보연구소의 WoS데이터베이스를 이용한 인공지능 연구의 이슈, 진화 과정, 발전 맥락 분석]
   └ 학회: 한국멀티미디어학회 (IF: 0.6)"
103,2023,전기전자공학,616522509,반영환,1,0.1533,0.255511,"[미국 과학정보연구소의 WoS데이터베이스를 이용한 인공지능 연구의 이슈, 진화 과정, 발전 맥락 분석]
   └ 학회: 한국멀티미디어학회 (IF: 0.6)"
104,2023,전기전자공학,852682538,김선겸,2,0.1522,0.267382,"[인공지능을 활용한 에코 델타 시티 초미세먼지 예측]
   └ 학회: 한국멀티미디어학회 (IF: 0.6)
--------------------------------
[동시출현단어 분석을 활용한 건설 분야 인공지능 적용에 관한 지적구조 분석]
   └ 학회: 한국정보기술학회 (IF: 0.56)"
105,2023,전기전자공학,759143952,원종수,2,0.1518,0.30977999999999994,"[개선된 분류 기법 기반 단일 이미지 카메라 캘리브레이션 알고리즘]
   └ 학회: 한국방송·미디어공학회 (IF: 0.49)
--------------------------------
[Point Cloud 제작을 위한 딥러닝 기반 카메라 파라미터 추정]
   └ 학회: 한국방송·미디어공학회 (IF: 0.49)"
106,2023,전기전자공학,732202643,황영배,2,0.1499,0.192199,"[특집호 서문: 딥러닝 기술의 산업적 적용]
   └ 학회: 제어로봇시스템학회 (IF: 0.78)
--------------------------------
[EPI 기반 구조화된 가지치기를 위한 최적 파라미터 분석]
   └ 학회: 제어로봇시스템학회 (IF: 0.78)"
107,2023,전기전자공학,244101043,김원빈,3,0.1471,0.272469,"[최댓값 필터를 이용한 연필화 렌더링 알고리즘]
   └ 학회: 한국정보통신학회 (IF: 0.54)
--------------------------------
[확산 모델 기반의 실시간 스케치 협업 소프트웨어 설계 및 구현]
   └ 학회: 한국정보통신학회 (IF: 0.54)
--------------------------------
[Mask R-CNN을 이용한 영상 배경 변환 시스템의 설계 및 구현]
   └ 학회: 한국정보통신학회 (IF: 0.54)"
108,2023,전기전자공학,776912701,김윤서,2,0.1471,0.272469,"[확산 모델 기반의 실시간 스케치 협업 소프트웨어 설계 및 구현]
   └ 학회: 한국정보통신학회 (IF: 0.54)
--------------------------------
[Mask R-CNN을 이용한 영상 배경 변환 시스템의 설계 및 구현]
   └ 학회: 한국정보통신학회 (IF: 0.54)"
109,2023,전기전자공학,999848316,Yeonhwi You,2,0.1441,0.26681699999999997,"[Automatic Poster Generation System Using Protagonist Face Analysis]
   └ 학회: 한국정보통신학회JICCE (IF: 0.54)
--------------------------------
[Effects of CNN Backbone on Trajectory Prediction Models for Autonomous Vehicle]
   └ 학회: 한국정보통신학회JICCE (IF: 0.54)"
110,2023,전기전자공학,140034561,Sungjung Yong,2,0.1441,0.26681699999999997,"[Automatic Poster Generation System Using Protagonist Face Analysis]
   └ 학회: 한국정보통신학회JICCE (IF: 0.54)
--------------------------------
[Effects of CNN Backbone on Trajectory Prediction Models for Autonomous Vehicle]
   └ 학회: 한국정보통신학회JICCE (IF: 0.54)"
111,2023,전기전자공학,998378724,Hyogyeong Park,2,0.1441,0.26681699999999997,"[Automatic Poster Generation System Using Protagonist Face Analysis]
   └ 학회: 한국정보통신학회JICCE (IF: 0.54)
--------------------------------
[Effects of CNN Backbone on Trajectory Prediction Models for Autonomous Vehicle]
   └ 학회: 한국정보통신학회JICCE (IF: 0.54)"
112,2023,전기전자공학,591937634,Seoyoung Lee,2,0.1441,0.26681699999999997,"[Automatic Poster Generation System Using Protagonist Face Analysis]
   └ 학회: 한국정보통신학회JICCE (IF: 0.54)
--------------------------------
[Effects of CNN Backbone on Trajectory Prediction Models for Autonomous Vehicle]
   └ 학회: 한국정보통신학회JICCE (IF: 0.54)"
113,2023,전기전자공학,136607412,Il-Young Moon,2,0.1441,0.26681699999999997,"[Automatic Poster Generation System Using Protagonist Face Analysis]
   └ 학회: 한국정보통신학회JICCE (IF: 0.54)
--------------------------------
[Effects of CNN Backbone on Trajectory Prediction Models for Autonomous Vehicle]
   └ 학회: 한국정보통신학회JICCE (IF: 0.54)"
114,2023,전기전자공학,416321529,원문철,4,0.1435,0.19502599999999998,"[트랙터 자율주행을 위한 영상 기반 경작지 경계 인식 알고리즘]
   └ 학회: 제어로봇시스템학회 (IF: 0.78)
--------------------------------
[자율주행 이앙기를 위한 모 심은 영역의 영상처리 및 딥러닝 기반 인식 알고리즘]
   └ 학회: 제어로봇시스템학회 (IF: 0.78)
--------------------------------
[센서 융합을 이용한 자율 이동 로봇(AMR)의 도킹제어 알고리즘]
   └ 학회: 제어로봇시스템학회 (IF: 0.78)
--------------------------------
[심층 강화학습을 이용한 휠-다리 로봇의 3차원 장애물극복 고속 모션 계획 방법]
   └ 학회: 한국로봇학회(논문지) (IF: 0.4)"
115,2023,전기전자공학,357100093,이정옥,1,0.1409,0.25155500000000003,"[시각장애인을 위한 IoT 접목의 음성인식을 이용한 딥 러닝 웨어러블 디바이스]
   └ 학회: 한국정보기술학회 (IF: 0.56)"
116,2023,전기전자공학,409190086,김경수,1,0.1409,0.25155500000000003,"[시각장애인을 위한 IoT 접목의 음성인식을 이용한 딥 러닝 웨어러블 디바이스]
   └ 학회: 한국정보기술학회 (IF: 0.56)"
117,2023,전기전자공학,342928264,민병인,1,0.1409,0.25155500000000003,"[시각장애인을 위한 IoT 접목의 음성인식을 이용한 딥 러닝 웨어러블 디바이스]
   └ 학회: 한국정보기술학회 (IF: 0.56)"
118,2023,전기전자공학,180651150,김동섭,1,0.1409,0.25155500000000003,"[시각장애인을 위한 IoT 접목의 음성인식을 이용한 딥 러닝 웨어러블 디바이스]
   └ 학회: 한국정보기술학회 (IF: 0.56)"
119,2023,전기전자공학,213796941,박민성,1,0.1409,0.25155500000000003,"[시각장애인을 위한 IoT 접목의 음성인식을 이용한 딥 러닝 웨어러블 디바이스]
   └ 학회: 한국정보기술학회 (IF: 0.56)"
120,2023,전기전자공학,469252980,황규하,1,0.1409,0.25155500000000003,"[시각장애인을 위한 IoT 접목의 음성인식을 이용한 딥 러닝 웨어러블 디바이스]
   └ 학회: 한국정보기술학회 (IF: 0.56)"
121,2023,전기전자공학,483418217,김용태,1,0.1409,0.25155500000000003,"[시각장애인을 위한 IoT 접목의 음성인식을 이용한 딥 러닝 웨어러블 디바이스]
   └ 학회: 한국정보기술학회 (IF: 0.56)"
122,2023,전기전자공학,534351716,남지승,1,0.1409,0.25155500000000003,"[시각장애인을 위한 IoT 접목의 음성인식을 이용한 딥 러닝 웨어러블 디바이스]
   └ 학회: 한국정보기술학회 (IF: 0.56)"
123,2023,전기전자공학,218656214,이구연,4,0.1406,0.25098899999999996,"[관절 데이터 기반 동작 인식 모델 연합학습 프레임워크 연구]
   └ 학회: 한국정보기술학회 (IF: 0.56)
--------------------------------
[멀티뷰 카메라를 이용한 HMR 기반의 사람 자세 및 형태 추정 모델 성능 개선]
   └ 학회: 한국정보기술학회 (IF: 0.56)
--------------------------------
[정확도 기반 참여 제한 연합학습 연구]
   └ 학회: 한국정보기술학회 (IF: 0.56)
--------------------------------
[연합학습 시 글로벌 모델 성능 향상을 위한 기여도 기반 집계 알고리즘]
   └ 학회: 한국정보기술학회 (IF: 0.56)"
124,2023,전기전자공학,5403964,김성연,1,0.1393,0.248728,"[Object Detection과 OCR을 활용한 다중 책 제목 검출 모델]
   └ 학회: 한국정보기술학회 (IF: 0.56)"
125,2023,전기전자공학,698209992,박진우,1,0.1393,0.248728,"[Object Detection과 OCR을 활용한 다중 책 제목 검출 모델]
   └ 학회: 한국정보기술학회 (IF: 0.56)"
126,2023,전기전자공학,1347229,김상민,1,0.1393,0.248728,"[Object Detection과 OCR을 활용한 다중 책 제목 검출 모델]
   └ 학회: 한국정보기술학회 (IF: 0.56)"
127,2023,전기전자공학,532377675,나융,1,0.1393,0.248728,"[Object Detection과 OCR을 활용한 다중 책 제목 검출 모델]
   └ 학회: 한국정보기술학회 (IF: 0.56)"
128,2023,전기전자공학,542696729,장유진,1,0.1393,0.248728,"[Object Detection과 OCR을 활용한 다중 책 제목 검출 모델]
   └ 학회: 한국정보기술학회 (IF: 0.56)"
129,2023,전기전자공학,836404683,천세진,4,0.136,0.226681,"[SpeeKG: 온라인 강의 영상 추천을 위한 지식그래프 기반 의미적인 음성 번역 기법]
   └ 학회: 한국멀티미디어학회 (IF: 0.6)
--------------------------------
[공장 대기오염 모니터링 응용의 규모 확대를 위한 컨테이너화된 접근법]
   └ 학회: 한국멀티미디어학회 (IF: 0.6)
--------------------------------
[Residual Dense Block 기반 변형 가능한 합성곱 정렬 신경망을 이용한 비디오 초해상화 방법]
   └ 학회: 한국멀티미디어학회 (IF: 0.6)
--------------------------------
[얼굴 영역 화질향상을 위한 Dual Branch 기반 초해상화 방법]
   └ 학회: 한국멀티미디어학회 (IF: 0.6)"
130,2023,전기전자공학,938251795,신종호,2,0.1358,0.17411,"[1D-CNN 기반 LIB 상태 진단 시스템 개발]
   └ 학회: 제어로봇시스템학회 (IF: 0.78)
--------------------------------
[가상환경을 활용한 최적화 기반 경로계획 기법 개발]
   └ 학회: 제어로봇시스템학회 (IF: 0.78)"
131,2023,전기전자공학,842761666,강병진,1,0.1354,0.173545,"[RGB 채널 영상을 이용한 YOLO 모델 기반의 MWIR 영상 탐지 성능평가]
   └ 학회: 제어로봇시스템학회 (IF: 0.78)"
132,2023,전기전자공학,569723782,배재현,1,0.1354,0.173545,"[RGB 채널 영상을 이용한 YOLO 모델 기반의 MWIR 영상 탐지 성능평가]
   └ 학회: 제어로봇시스템학회 (IF: 0.78)"
133,2023,전기전자공학,669259728,김대현,1,0.1354,0.173545,"[RGB 채널 영상을 이용한 YOLO 모델 기반의 MWIR 영상 탐지 성능평가]
   └ 학회: 제어로봇시스템학회 (IF: 0.78)"
134,2023,전기전자공학,931190408,백경훈,1,0.1354,0.173545,"[RGB 채널 영상을 이용한 YOLO 모델 기반의 MWIR 영상 탐지 성능평가]
   └ 학회: 제어로봇시스템학회 (IF: 0.78)"
135,2023,전기전자공학,303317506,이의종,2,0.1352,0.241379,"[Leveraging Image Classification and Semantic Segmentation for Robust Cardiomegaly Diagnosis in Pet]
   └ 학회: 한국정보기술학회 (IF: 0.56)
--------------------------------
[감정 데이터를 활용한 딥러닝 기반 돈육가격 예측 연구]
   └ 학회: 한국정보기술학회 (IF: 0.56)"
136,2023,전기전자공학,660328675,조동건,1,0.133,0.22159299999999998,"[얼굴 영역 화질향상을 위한 Dual Branch 기반 초해상화 방법]
   └ 학회: 한국멀티미디어학회 (IF: 0.6)"
137,2023,전기전자공학,419851785,권근영,1,0.133,0.22159299999999998,"[얼굴 영역 화질향상을 위한 Dual Branch 기반 초해상화 방법]
   └ 학회: 한국멀티미디어학회 (IF: 0.6)"
138,2023,전기전자공학,762897864,김종찬,2,0.1313,0.218767,"[CNN과 학습 가능한 상관필터를 결합한 객체 추적 알고리즘]
   └ 학회: 한국멀티미디어학회 (IF: 0.6)
--------------------------------
[인공지능 및 토양 모니터링 기반 스마트 수목 보호틀 통합 관리 시스템]
   └ 학회: 한국멀티미디어학회 (IF: 0.6)"
139,2023,전기전자공학,591072469,이병문,2,0.1313,0.218767,"[DAG 블록체인 기반의 향상된 CCTV 함체기록 관리모델]
   └ 학회: 한국멀티미디어학회 (IF: 0.6)
--------------------------------
[AI 기반의 향상된 수면자세 분류모델]
   └ 학회: 한국멀티미디어학회 (IF: 0.6)"
140,2023,전기전자공학,642403,서영호,2,0.1313,0.26681699999999997,"[과도 검출 기반의 적응적 오디오 워터마킹]
   └ 학회: 한국정보통신학회 (IF: 0.54)
--------------------------------
[디지털 휴먼의 제작 기술과 현황]
   └ 학회: 한국방송·미디어공학회 (IF: 0.49)"
141,2023,전기전자공학,228679685,유선국,3,0.1309,0.227247,"[심전도 기반의 심장 질환 분류를 위한 신호 특징 추출 시스템 개발]
   └ 학회: 한국멀티미디어학회 (IF: 0.6)
--------------------------------
[호흡 패턴 분석을 위한 딥러닝 기반 생체신호 신경 회로망]
   └ 학회: 한국멀티미디어학회 (IF: 0.6)
--------------------------------
[A study on the effectiveness of intermediate features in deep learning on facial expression recognition]
   └ 학회: 국제인공지능학회 (IF: 0.51)"
142,2023,전기전자공학,124626321,박철홍,1,0.1292,0.16563,"[Mask2Former 를 이용한 크랙 시맨틱 분할]
   └ 학회: 제어로봇시스템학회 (IF: 0.78)"
143,2023,전기전자공학,231180498,임상묵,2,0.1283,0.16449999999999998,"[트랙터 자율주행을 위한 영상 기반 경작지 경계 인식 알고리즘]
   └ 학회: 제어로봇시스템학회 (IF: 0.78)
--------------------------------
[자율주행 이앙기를 위한 모 심은 영역의 영상처리 및 딥러닝 기반 인식 알고리즘]
   └ 학회: 제어로봇시스템학회 (IF: 0.78)"
144,2023,전기전자공학,5172555,김민규,2,0.1283,0.16449999999999998,"[트랙터 자율주행을 위한 영상 기반 경작지 경계 인식 알고리즘]
   └ 학회: 제어로봇시스템학회 (IF: 0.78)
--------------------------------
[자율주행 이앙기를 위한 모 심은 영역의 영상처리 및 딥러닝 기반 인식 알고리즘]
   └ 학회: 제어로봇시스템학회 (IF: 0.78)"
145,2023,전기전자공학,624437665,이정선,1,0.1279,0.213114,"[텍스트마이닝을 활용한 인공지능 디자인에 대한 SNS 이용자 인식에 관한 연구]
   └ 학회: 한국멀티미디어학회 (IF: 0.6)"
146,2023,전기전자공학,507265887,정윤주,1,0.1275,0.212549,"[사과 과수화상병 예찰을 위한 데이터 증강에 따른 사과꽃 생육단계 분류 비교]
   └ 학회: 한국멀티미디어학회 (IF: 0.6)"
147,2023,전기전자공학,263366097,이영학,1,0.1275,0.212549,"[사과 과수화상병 예찰을 위한 데이터 증강에 따른 사과꽃 생육단계 분류 비교]
   └ 학회: 한국멀티미디어학회 (IF: 0.6)"
148,2023,전기전자공학,277502727,최선오,3,0.1263,0.22555099999999997,"[MQTT 기반 IoT 환경에서 LSTM 및 슬라이딩 윈도우를 이용한 악성 트래픽 탐지 방법]
   └ 학회: 한국정보기술학회 (IF: 0.56)
--------------------------------
[버퍼 오버플로 취약점 및 변조 펌웨어를 통한 유무선 공유기 사용자 데이터 탈취]
   └ 학회: 한국정보기술학회 (IF: 0.56)
--------------------------------
[블록체인 기반 ERC-721 Token을 사용한 Oauth 2.0 인증]
   └ 학회: 한국정보기술학회 (IF: 0.56)"
149,2023,전기전자공학,930499655,이든,1,0.1263,0.22555099999999997,"[MQTT 기반 IoT 환경에서 LSTM 및 슬라이딩 윈도우를 이용한 악성 트래픽 탐지 방법]
   └ 학회: 한국정보기술학회 (IF: 0.56)"
150,2023,전기전자공학,245898597,임승순,1,0.1263,0.22555099999999997,"[MQTT 기반 IoT 환경에서 LSTM 및 슬라이딩 윈도우를 이용한 악성 트래픽 탐지 방법]
   └ 학회: 한국정보기술학회 (IF: 0.56)"
151,2023,전기전자공학,939789085,박동현,2,0.1252,0.160543,"[위치 센서 프리징 상황에서 UAV의 안전 비행을 위한 딥러닝 기반 고장 복구 시스템]
   └ 학회: 제어로봇시스템학회 (IF: 0.78)
--------------------------------
[로봇 임베디드 시스템에서 리튬이온 배터리 잔량 추정을 위한 신경망 프루닝 최적화 기법]
   └ 학회: 한국로봇학회(논문지) (IF: 0.4)"
152,2023,전기전자공학,960751349,최현덕,2,0.1252,0.160543,"[자율주행 무인항공기의 단안 깊이 추정을 위한 향상된 병렬 sparse-MLP]
   └ 학회: 제어로봇시스템학회 (IF: 0.78)
--------------------------------
[유한기억 필터 기반 DPLL 최적설계]
   └ 학회: 한국정보기술학회 (IF: 0.56)"
153,2023,전기전자공학,388224848,김종서,1,0.1252,0.160543,"[위치 센서 프리징 상황에서 UAV의 안전 비행을 위한 딥러닝 기반 고장 복구 시스템]
   └ 학회: 제어로봇시스템학회 (IF: 0.78)"
154,2023,전기전자공학,935061763,박철훈,1,0.1252,0.160543,"[자율주행 무인항공기의 단안 깊이 추정을 위한 향상된 병렬 sparse-MLP]
   └ 학회: 제어로봇시스템학회 (IF: 0.78)"
155,2023,전기전자공학,405909444,권오설,2,0.1247,0.21424599999999996,"[초소형 객체 검출을 위한 교차 전이 학습에 기반한 딥러닝 네트워크 알고리즘]
   └ 학회: 한국멀티미디어학회 (IF: 0.6)
--------------------------------
[원격 영상에서 심층 잔차 밀집 기반의 초고해상도 기법을 이용한 차량 검출 알고리즘]
   └ 학회: 한국방송·미디어공학회 (IF: 0.49)"
156,2023,전기전자공학,836353198,황호석,1,0.1238,0.206331,"[객체 검출에서 클래스 압축 및 분할을 사용한 중세 한글 인식 인식률 향상]
   └ 학회: 한국멀티미디어학회 (IF: 0.6)"
157,2023,전기전자공학,5110597,김민준,1,0.1238,0.206331,"[객체 검출에서 클래스 압축 및 분할을 사용한 중세 한글 인식 인식률 향상]
   └ 학회: 한국멀티미디어학회 (IF: 0.6)"
158,2023,전기전자공학,2057900,이창준,1,0.1238,0.206331,"[객체 검출에서 클래스 압축 및 분할을 사용한 중세 한글 인식 인식률 향상]
   └ 학회: 한국멀티미디어학회 (IF: 0.6)"
159,2023,전기전자공학,344136888,김석준,1,0.1238,0.206331,"[AI 기반의 향상된 수면자세 분류모델]
   └ 학회: 한국멀티미디어학회 (IF: 0.6)"
160,2023,전기전자공학,921439646,용다윗,1,0.1231,0.21989799999999998,"[적대적 공격에 대한 데이터 증강 기술 연구]
   └ 학회: 한국정보기술학회 (IF: 0.56)"
161,2023,전기전자공학,579095793,임현기,1,0.1231,0.21989799999999998,"[적대적 공격에 대한 데이터 증강 기술 연구]
   └ 학회: 한국정보기술학회 (IF: 0.56)"
162,2023,전기전자공학,443238744,최의진,2,0.123,0.31543199999999993,"[데이터 불균형 대응 믹스업 데이터를 이용한 전이 학습 전동기 고장 진단 시스템의 성능 향상]
   └ 학회: 대한전기학회 (IF: 0.39)
--------------------------------
[형상 변화에 효율적 대응을 위한 전이학습 기반 물리 정보 신경망의 하이퍼 파라미터에 따른 성능 분석]
   └ 학회: 대한전기학회 (IF: 0.39)"
163,2023,전기전자공학,935827000,한지훈,2,0.123,0.31543199999999993,"[데이터 불균형 대응 믹스업 데이터를 이용한 전이 학습 전동기 고장 진단 시스템의 성능 향상]
   └ 학회: 대한전기학회 (IF: 0.39)
--------------------------------
[형상 변화에 효율적 대응을 위한 전이학습 기반 물리 정보 신경망의 하이퍼 파라미터에 따른 성능 분석]
   └ 학회: 대한전기학회 (IF: 0.39)"
164,2023,전기전자공학,253294629,홍선기,2,0.123,0.31543199999999993,"[데이터 불균형 대응 믹스업 데이터를 이용한 전이 학습 전동기 고장 진단 시스템의 성능 향상]
   └ 학회: 대한전기학회 (IF: 0.39)
--------------------------------
[형상 변화에 효율적 대응을 위한 전이학습 기반 물리 정보 신경망의 하이퍼 파라미터에 따른 성능 분석]
   └ 학회: 대한전기학회 (IF: 0.39)"
165,2023,전기전자공학,127124256,박재범,2,0.123,0.31543199999999993,"[SAM Optimizer를 통한 위내시경 이미지 분류 CADx의 성능 향상 연구]
   └ 학회: 대한전기학회 (IF: 0.39)
--------------------------------
[CNN 기반 딥러닝 모델을 통한 폐암 컴퓨터 보조 진단 시스템 개발]
   └ 학회: 대한전기학회 (IF: 0.39)"
166,2023,전기전자공학,628909863,박태욱,1,0.123,0.157716,"[인공 신경망 경량화 알고리듬을 활용한 마커 인식 연구]
   └ 학회: 제어로봇시스템학회 (IF: 0.78)"
167,2023,전기전자공학,139893859,신희중,1,0.123,0.157716,"[인공 신경망 경량화 알고리듬을 활용한 마커 인식 연구]
   └ 학회: 제어로봇시스템학회 (IF: 0.78)"
168,2023,전기전자공학,921863241,오현동,1,0.123,0.157716,"[인공 신경망 경량화 알고리듬을 활용한 마커 인식 연구]
   └ 학회: 제어로봇시스템학회 (IF: 0.78)"
169,2023,전기전자공학,798993201,김영원,3,0.1227,0.22724499999999997,"[인공지능 실감형 메타버스 플랫폼 기반 교육 현장 활용 방안]
   └ 학회: 한국정보통신학회 (IF: 0.54)
--------------------------------
[딥러닝 영상인식 기술을 이용한 가상/혼합현실 기반 통합 검출 플랫폼 제안]
   └ 학회: 한국정보통신학회 (IF: 0.54)
--------------------------------
[NeRF를 이용한 3D 모델 생성 및 개체 편집 기술 분석]
   └ 학회: 한국정보통신학회 (IF: 0.54)"
170,2023,전기전자공학,5499473,서동훈,1,0.1226,0.15715099999999999,"[1D-CNN 기반 LIB 상태 진단 시스템 개발]
   └ 학회: 제어로봇시스템학회 (IF: 0.78)"
171,2023,전기전자공학,548158652,권혁민,1,0.1225,0.218767,"[멀티뷰 카메라를 이용한 HMR 기반의 사람 자세 및 형태 추정 모델 성능 개선]
   └ 학회: 한국정보기술학회 (IF: 0.56)"
172,2023,전기전자공학,483512621,이준호,1,0.1225,0.218767,"[멀티뷰 카메라를 이용한 HMR 기반의 사람 자세 및 형태 추정 모델 성능 개선]
   └ 학회: 한국정보기술학회 (IF: 0.56)"
173,2023,전기전자공학,846652428,김선종,3,0.1207,0.21650599999999998,"[딥러닝 기반 클러스터링을 통한 자전거 도로 분석]
   └ 학회: 한국정보기술학회 (IF: 0.56)
--------------------------------
[딥러닝을 이용한 텍스트 기반 개인용 콘텐츠 생성 시스템 개발]
   └ 학회: 한국정보기술학회 (IF: 0.56)
--------------------------------
[Scoring and Data Regression of Quality of Beef Meat Images Using Image Processing]
   └ 학회: 국제인공지능학회 (IF: 0.51)"
174,2023,전기전자공학,740475172,배명훈,1,0.1201,0.200113,"[딥러닝 기반의 객체 탐지 모델을 활용한 어종 및 어병 탐지 시스템]
   └ 학회: 한국멀티미디어학회 (IF: 0.6)"
175,2023,전기전자공학,999870964,박상민,1,0.1195,0.153194,"[다중 특징치 맵과 마스크드 오토인코드를 이용한 3D 시맨틱 장면 완성]
   └ 학회: 제어로봇시스템학회 (IF: 0.78)"
176,2023,전기전자공학,5335775,정형세,2,0.119,0.21254800000000001,"[고해상도 기상수치모델 예측정보를 활용한 남한의 일사 편차보정 모형 개발]
   └ 학회: 한국지능시스템학회 (IF: 0.56)
--------------------------------
[인공신경망을 활용한 산악지형의 고해상도 기상예측정보 실시간 편의보정 모형 개발]
   └ 학회: 한국지능시스템학회 (IF: 0.56)"
177,2023,전기전자공학,937138002,이상삼,2,0.119,0.21254800000000001,"[고해상도 기상수치모델 예측정보를 활용한 남한의 일사 편차보정 모형 개발]
   └ 학회: 한국지능시스템학회 (IF: 0.56)
--------------------------------
[인공신경망을 활용한 산악지형의 고해상도 기상예측정보 실시간 편의보정 모형 개발]
   └ 학회: 한국지능시스템학회 (IF: 0.56)"
178,2023,전기전자공학,497112675,이용희,2,0.119,0.21254800000000001,"[고해상도 기상수치모델 예측정보를 활용한 남한의 일사 편차보정 모형 개발]
   └ 학회: 한국지능시스템학회 (IF: 0.56)
--------------------------------
[인공신경망을 활용한 산악지형의 고해상도 기상예측정보 실시간 편의보정 모형 개발]
   └ 학회: 한국지능시스템학회 (IF: 0.56)"
179,2023,전기전자공학,605842670,서윤암,2,0.119,0.21254800000000001,"[고해상도 기상수치모델 예측정보를 활용한 남한의 일사 편차보정 모형 개발]
   └ 학회: 한국지능시스템학회 (IF: 0.56)
--------------------------------
[인공신경망을 활용한 산악지형의 고해상도 기상예측정보 실시간 편의보정 모형 개발]
   └ 학회: 한국지능시스템학회 (IF: 0.56)"
180,2023,전기전자공학,951223022,이규진,1,0.1181,0.21085299999999998,"[수경재배 환경에서 머신러닝 기반 불량 모종 진단을 위한 증강 데이터 활용 연구]
   └ 학회: 한국정보기술학회 (IF: 0.56)"
181,2023,전기전자공학,116697884,김여진,4,0.1179,0.220462,"[MoodChar tBot: AI 챗봇을 활용한 기분기록지 어플리케이션 설계 및 구현]
   └ 학회: 한국멀티미디어학회 (IF: 0.6)
--------------------------------
[Prediction of Cognitive Ability Utilizing a Machine Learning approach based on Digital Therapeutics Log Data]
   └ 학회: 국제인공지능학회 (IF: 0.51)
--------------------------------
[EEG Feature Engineering for Machine Learning-Based CPAP Titration Optimization in Obstructive Sleep Apnea]
   └ 학회: 국제인공지능학회 (IF: 0.51)
--------------------------------
[Exploring Low-Cost Grid-based Tactile Instruments for Understanding and Reproducing Shapes for People with Visual Impairments]
   └ 학회: 국제인공지능학회 (IF: 0.51)"
182,2023,전기전자공학,831453664,오유란,4,0.1179,0.220462,"[MoodChar tBot: AI 챗봇을 활용한 기분기록지 어플리케이션 설계 및 구현]
   └ 학회: 한국멀티미디어학회 (IF: 0.6)
--------------------------------
[Prediction of Cognitive Ability Utilizing a Machine Learning approach based on Digital Therapeutics Log Data]
   └ 학회: 국제인공지능학회 (IF: 0.51)
--------------------------------
[EEG Feature Engineering for Machine Learning-Based CPAP Titration Optimization in Obstructive Sleep Apnea]
   └ 학회: 국제인공지능학회 (IF: 0.51)
--------------------------------
[Exploring Low-Cost Grid-based Tactile Instruments for Understanding and Reproducing Shapes for People with Visual Impairments]
   └ 학회: 국제인공지능학회 (IF: 0.51)"
183,2023,전기전자공학,981880683,백운영,1,0.1168,0.20859199999999997,"[Two-Stage CNN 모델을 이용한 선박 분류 기법]
   └ 학회: 한국정보기술학회 (IF: 0.56)"
184,2023,전기전자공학,495689599,박수빈,1,0.1167,0.19446,"[결측치 보간 알고리즘을 적용한 앙상블 기반의 태양광 발전량 예측 시스템]
   └ 학회: 한국멀티미디어학회 (IF: 0.6)"
185,2023,전기전자공학,897563395,김진성,1,0.1167,0.19446,"[결측치 보간 알고리즘을 적용한 앙상블 기반의 태양광 발전량 예측 시스템]
   └ 학회: 한국멀티미디어학회 (IF: 0.6)"
186,2023,전기전자공학,139465197,박중현,1,0.1167,0.19446,"[딥러닝을 이용한 재무와 비재무 정보 기반 기업부도 예측 분석에 관한 연구]
   └ 학회: 한국멀티미디어학회 (IF: 0.6)"
187,2023,전기전자공학,1380270,서갑호,3,0.1165,0.153194,"[특정 조끼를 활용한 가변적인 관심 객체 추종을 위한 AMR 제어 시스템]
   └ 학회: 제어로봇시스템학회 (IF: 0.78)
--------------------------------
[제조실행시스템(MES) 기반 오염도 추정을 통한 다중 청소로봇의 청소 구역 구분 방법]
   └ 학회: 제어로봇시스템학회 (IF: 0.78)
--------------------------------
[틸트 카메라를 이용한 기준 마커 인식 범위 확장을 위한 연구]
   └ 학회: 한국로봇학회(논문지) (IF: 0.4)"
188,2023,전기전자공학,638421974,양견모,2,0.1165,0.153194,"[특정 조끼를 활용한 가변적인 관심 객체 추종을 위한 AMR 제어 시스템]
   └ 학회: 제어로봇시스템학회 (IF: 0.78)
--------------------------------
[틸트 카메라를 이용한 기준 마커 인식 범위 확장을 위한 연구]
   └ 학회: 한국로봇학회(논문지) (IF: 0.4)"
189,2023,전기전자공학,259560583,박종진,5,0.1164,0.298474,"[오픈 소스를 이용한 치과 의료영상처리 SW 개발]
   └ 학회: 국제인공지능학회 (IF: 0.51)
--------------------------------
[딥러닝을 이용한 화재 발생 예측 이미지 분할]
   └ 학회: 국제인공지능학회 (IF: 0.51)
--------------------------------
[퍼지 논리를 이용한 퍼지 딥러닝 영상 분할]
   └ 학회: 국제인공지능학회 (IF: 0.51)
--------------------------------
[치열 교정을 위한 딥러닝 기반 치아 분할]
   └ 학회: 대한전기학회 (IF: 0.39)
--------------------------------
[레이어 UNet을 이용한 치아의 시맨틱 분할]
   └ 학회: 대한전기학회 (IF: 0.39)"
190,2023,전기전자공학,320199797,김태훈,2,0.1164,0.298474,"[치열 교정을 위한 딥러닝 기반 치아 분할]
   └ 학회: 대한전기학회 (IF: 0.39)
--------------------------------
[레이어 UNet을 이용한 치아의 시맨틱 분할]
   └ 학회: 대한전기학회 (IF: 0.39)"
191,2023,전기전자공학,445552,이재만,2,0.1155,0.206331,"[딥러닝 기반 클러스터링을 통한 자전거 도로 분석]
   └ 학회: 한국정보기술학회 (IF: 0.56)
--------------------------------
[딥러닝을 이용한 텍스트 기반 개인용 콘텐츠 생성 시스템 개발]
   └ 학회: 한국정보기술학회 (IF: 0.56)"
192,2023,전기전자공학,482665982,원지선,1,0.1155,0.206331,"[동시출현단어 분석을 활용한 건설 분야 인공지능 적용에 관한 지적구조 분석]
   └ 학회: 한국정보기술학회 (IF: 0.56)"
193,2023,전기전자공학,5272828,신재영,1,0.1155,0.206331,"[동시출현단어 분석을 활용한 건설 분야 인공지능 적용에 관한 지적구조 분석]
   └ 학회: 한국정보기술학회 (IF: 0.56)"
194,2023,전기전자공학,796116656,고재필,2,0.1153,0.192199,"[3D-U<SUP>2</SUP>-Net 기반 새로운 뇌종양 분할 모델]
   └ 학회: 한국멀티미디어학회 (IF: 0.6)
--------------------------------
[저비용 UVC 카메라를 이용한 다위치 및 다부품 동시 비전 검사]
   └ 학회: 한국멀티미디어학회 (IF: 0.6)"
195,2023,전기전자공학,760673161,최경주,2,0.1153,0.192199,"[3D-U<SUP>2</SUP>-Net 기반 새로운 뇌종양 분할 모델]
   └ 학회: 한국멀티미디어학회 (IF: 0.6)
--------------------------------
[저비용 UVC 카메라를 이용한 다위치 및 다부품 동시 비전 검사]
   └ 학회: 한국멀티미디어학회 (IF: 0.6)"
196,2023,전기전자공학,288744959,서정일,2,0.1153,0.192199,"[깊이별 분리 가능 U-Net을 이용한 아틀라스 비디오 초해상화 방법]
   └ 학회: 한국멀티미디어학회 (IF: 0.6)
--------------------------------
[Exploring the Video Coding for Machines Standard: Current Status and Future Directions]
   └ 학회: 한국방송·미디어공학회 (IF: 0.49)"
197,2023,전기전자공학,588872411,강민혜,1,0.1153,0.192199,"[저비용 UVC 카메라를 이용한 다위치 및 다부품 동시 비전 검사]
   └ 학회: 한국멀티미디어학회 (IF: 0.6)"
198,2023,전기전자공학,524387468,이수원,2,0.1146,0.20463499999999998,"[SBERT 임베딩을 활용한 행렬 분해 추천 방법론]
   └ 학회: 한국정보기술학회 (IF: 0.56)
--------------------------------
[음원 차트의 순위 구간화를 통한 흥행 예측 방법론]
   └ 학회: 한국정보기술학회 (IF: 0.56)"
199,2023,전기전자공학,798630552,최상민,2,0.1146,0.20463499999999998,"[SBERT 임베딩을 활용한 행렬 분해 추천 방법론]
   └ 학회: 한국정보기술학회 (IF: 0.56)
--------------------------------
[음원 차트의 순위 구간화를 통한 흥행 예측 방법론]
   └ 학회: 한국정보기술학회 (IF: 0.56)"
200,2023,전기전자공학,744459468,김우석,1,0.1146,0.20463499999999998,"[음원 차트의 순위 구간화를 통한 흥행 예측 방법론]
   └ 학회: 한국정보기술학회 (IF: 0.56)"
201,2023,전기전자공학,740334871,강준하,1,0.1146,0.20463499999999998,"[음원 차트의 순위 구간화를 통한 흥행 예측 방법론]
   └ 학회: 한국정보기술학회 (IF: 0.56)"
202,2023,전기전자공학,320720729,김민제,1,0.1146,0.20463499999999998,"[음원 차트의 순위 구간화를 통한 흥행 예측 방법론]
   └ 학회: 한국정보기술학회 (IF: 0.56)"
203,2023,전기전자공학,461865139,정혜진,1,0.1146,0.20463499999999998,"[음원 차트의 순위 구간화를 통한 흥행 예측 방법론]
   └ 학회: 한국정보기술학회 (IF: 0.56)"
204,2023,전기전자공학,775025667,김선영,4,0.1133,0.14528,"[DeepLab V2 기반 실내 시설물 손상 탐지 및 추출 알고리즘]
   └ 학회: 제어로봇시스템학회 (IF: 0.78)
--------------------------------
[1D CNN-GRU 기반 불특정 비행 거리 궤적을 가진 미사일 분류를 위한 학습 방법에 관한 연구]
   └ 학회: 제어로봇시스템학회 (IF: 0.78)
--------------------------------
[수중 항법을 위한 ROS 기반 시뮬레이터를 이용한 센서 데이터 수집]
   └ 학회: 제어로봇시스템학회 (IF: 0.78)
--------------------------------
[동적 레이더 반사면적 패턴 식별을 위한 시계열 네트워크 성능 분석]
   └ 학회: 제어로봇시스템학회 (IF: 0.78)"
205,2023,전기전자공학,595713761,강창호,4,0.1133,0.14528,"[DeepLab V2 기반 실내 시설물 손상 탐지 및 추출 알고리즘]
   └ 학회: 제어로봇시스템학회 (IF: 0.78)
--------------------------------
[1D CNN-GRU 기반 불특정 비행 거리 궤적을 가진 미사일 분류를 위한 학습 방법에 관한 연구]
   └ 학회: 제어로봇시스템학회 (IF: 0.78)
--------------------------------
[수중 항법을 위한 ROS 기반 시뮬레이터를 이용한 센서 데이터 수집]
   └ 학회: 제어로봇시스템학회 (IF: 0.78)
--------------------------------
[동적 레이더 반사면적 패턴 식별을 위한 시계열 네트워크 성능 분석]
   └ 학회: 제어로봇시스템학회 (IF: 0.78)"
206,2023,전기전자공학,173452777,황면중,3,0.1133,0.14528,"[RGB-D 카메라를 이용한 로봇 매니퓰레이터 기구학 캘리브레이션]
   └ 학회: 제어로봇시스템학회 (IF: 0.78)
--------------------------------
[Mask R-CNN 과 겹침 처리 알고리즘을 활용한 상단의 원형 객체 검출 및 자세 추정]
   └ 학회: 제어로봇시스템학회 (IF: 0.78)
--------------------------------
[과수 수확을 위한 주머니 방식의 로봇 그리퍼 설계 및 검증]
   └ 학회: 한국로봇학회(논문지) (IF: 0.4)"
207,2023,전기전자공학,150688723,이승언,2,0.1133,0.14528,"[2D 카메라 얼굴 영상기반 비접촉형 심박수 측정 방식의 정확도 향상을 위한 ROI 추출 최적화 연구]
   └ 학회: 제어로봇시스템학회 (IF: 0.78)
--------------------------------
[생존성 향상을 위한 기만체 중첩 목적의 함정 최적 침로 기법]
   └ 학회: 제어로봇시스템학회 (IF: 0.78)"
208,2023,전기전자공학,963376789,김성호,2,0.1133,0.14528,"[2D 카메라 얼굴 영상기반 비접촉형 심박수 측정 방식의 정확도 향상을 위한 ROI 추출 최적화 연구]
   └ 학회: 제어로봇시스템학회 (IF: 0.78)
--------------------------------
[생존성 향상을 위한 기만체 중첩 목적의 함정 최적 침로 기법]
   └ 학회: 제어로봇시스템학회 (IF: 0.78)"
209,2023,전기전자공학,820168522,곽정훈,2,0.1133,0.14528,"[특정 조끼를 활용한 가변적인 관심 객체 추종을 위한 AMR 제어 시스템]
   └ 학회: 제어로봇시스템학회 (IF: 0.78)
--------------------------------
[제조실행시스템(MES) 기반 오염도 추정을 통한 다중 청소로봇의 청소 구역 구분 방법]
   └ 학회: 제어로봇시스템학회 (IF: 0.78)"
210,2023,전기전자공학,406718479,이왕헌,2,0.1133,0.14528,"[특집호 서문: 딥러닝 기술의 산업적 적용]
   └ 학회: 제어로봇시스템학회 (IF: 0.78)
--------------------------------
[LED와 PD Array 센서를 이용한 속도 측정시스템 개발]
   └ 학회: 제어로봇시스템학회 (IF: 0.78)"
211,2023,전기전자공학,684225618,이한성,2,0.1133,0.29056,"[딥러닝 기반 위 질환 컴퓨터 보조 진단 시스템 개발 및 Grad-CAM을 활용한 시각화]
   └ 학회: 대한전기학회 (IF: 0.39)
--------------------------------
[Grad-CAM을 활용한 EfficientNetV2 기반 웨이퍼 맵 불량분석 연구]
   └ 학회: 대한전기학회 (IF: 0.39)"
212,2023,전기전자공학,141685121,이동훈,1,0.1133,0.14528,"[트랙터 자율주행을 위한 영상 기반 경작지 경계 인식 알고리즘]
   └ 학회: 제어로봇시스템학회 (IF: 0.78)"
213,2023,전기전자공학,775177034,송해강,1,0.1133,0.14528,"[생존성 향상을 위한 기만체 중첩 목적의 함정 최적 침로 기법]
   └ 학회: 제어로봇시스템학회 (IF: 0.78)"
214,2023,전기전자공학,844967841,장오태,1,0.1133,0.14528,"[생존성 향상을 위한 기만체 중첩 목적의 함정 최적 침로 기법]
   └ 학회: 제어로봇시스템학회 (IF: 0.78)"
215,2023,전기전자공학,623960,김정호,1,0.1133,0.14528,"[생존성 향상을 위한 기만체 중첩 목적의 함정 최적 침로 기법]
   └ 학회: 제어로봇시스템학회 (IF: 0.78)"
216,2023,전기전자공학,852233167,이지원,1,0.1133,0.14528,"[특정 조끼를 활용한 가변적인 관심 객체 추종을 위한 AMR 제어 시스템]
   └ 학회: 제어로봇시스템학회 (IF: 0.78)"
217,2023,전기전자공학,111488682,구재완,1,0.1133,0.14528,"[특정 조끼를 활용한 가변적인 관심 객체 추종을 위한 AMR 제어 시스템]
   └ 학회: 제어로봇시스템학회 (IF: 0.78)"
218,2023,전기전자공학,411766334,한현규,1,0.1133,0.14528,"[딥러닝 기술을 활용한 안검하수 진단용 동적 MRD1 측정에 관한 연구]
   └ 학회: 제어로봇시스템학회 (IF: 0.78)"
219,2023,전기전자공학,739693859,최원홍,1,0.1133,0.14528,"[딥러닝 기술을 활용한 안검하수 진단용 동적 MRD1 측정에 관한 연구]
   └ 학회: 제어로봇시스템학회 (IF: 0.78)"
220,2023,전기전자공학,168655501,조재수,1,0.1133,0.14528,"[딥러닝 기술을 활용한 안검하수 진단용 동적 MRD1 측정에 관한 연구]
   └ 학회: 제어로봇시스템학회 (IF: 0.78)"
221,2023,전기전자공학,352206695,윤석현,1,0.1133,0.14528,"[Mask R-CNN 과 겹침 처리 알고리즘을 활용한 상단의 원형 객체 검출 및 자세 추정]
   └ 학회: 제어로봇시스템학회 (IF: 0.78)"
222,2023,전기전자공학,326210768,양정직,1,0.1133,0.14528,"[Mask R-CNN 과 겹침 처리 알고리즘을 활용한 상단의 원형 객체 검출 및 자세 추정]
   └ 학회: 제어로봇시스템학회 (IF: 0.78)"
223,2023,전기전자공학,1359897,김청준,1,0.1133,0.14528,"[Mask R-CNN 과 겹침 처리 알고리즘을 활용한 상단의 원형 객체 검출 및 자세 추정]
   └ 학회: 제어로봇시스템학회 (IF: 0.78)"
224,2023,전기전자공학,935567275,배지훈,3,0.1118,0.21367999999999998,"[다중모드 특징융합 기반 배관계 누출판별 앙상블 모델 연구]
   └ 학회: 한국정보기술학회 (IF: 0.56)
--------------------------------
[오토인코더 기반 플랜트 배관계 누출 탐지 연구]
   └ 학회: 한국정보기술학회 (IF: 0.56)
--------------------------------
[시계열 데이터 기반 인공지능 기술]
   └ 학회: 한국전자파학회 (IF: 0.4)"
225,2023,전기전자공학,724997735,한승진,1,0.1111,0.226682,"[JPEG AI의 부호화 프레임워크들의 분석 및 활용 사례에 대한 소개]
   └ 학회: 한국방송·미디어공학회 (IF: 0.49)"
226,2023,전기전자공학,221257435,김영섭,1,0.1111,0.226682,"[JPEG AI의 부호화 프레임워크들의 분석 및 활용 사례에 대한 소개]
   └ 학회: 한국방송·미디어공학회 (IF: 0.49)"
227,2023,전기전자공학,362708748,반효경,13,0.109,0.21367899999999998,"[Considering Read and Write Characteristics of Page Access Separately for Efficient Memory Management]
   └ 학회: 국제인공지능학회 (IF: 0.51)
--------------------------------
[Design of an Efficient In-Memory Journaling File System for Non-Volatile Memory Media]
   └ 학회: 국제인공지능학회 (IF: 0.51)
--------------------------------
[Comparison of Traditional Workloads and Deep Learning Workloads in Memory Read and Write Operations]
   └ 학회: 국제인공지능학회 (IF: 0.51)
--------------------------------
[읽기 참조와 쓰기 참조의 특성을 구분하는 메모리 관리 정책의 설계]
   └ 학회: 국제인공지능학회 (IF: 0.51)
--------------------------------
[멀티 클라우드 렌더링을 위한 분산 파일 시스템 개발]
   └ 학회: 국제인공지능학회 (IF: 0.51)
--------------------------------
[스왑 지원 스마트폰의 메모리 쓰레싱 분석 및 관리 방안]
   └ 학회: 국제인공지능학회 (IF: 0.51)
--------------------------------
[클라우드 기반 리눅스 SW 실습 플랫폼의 설계 및 구현]
   └ 학회: 국제인공지능학회 (IF: 0.51)
--------------------------------
[앱의 특성과 메모리 상황을 고려하는 스마트폰 스와핑 정책]
   └ 학회: 국제인공지능학회 (IF: 0.51)
--------------------------------
[인메모리 파일시스템을 위한 효율적인 메타데이터 저널링 기법]
   └ 학회: 국제인공지능학회 (IF: 0.51)
--------------------------------
[사물인터넷 시스템에서 가변적인 실시간 태스크를 지원하는 자원 플래닝 정책]
   └ 학회: 국제인공지능학회 (IF: 0.51)
--------------------------------
[모바일 기기를 위한 다중 스왑 아키텍처의 설계 및 성능 분석]
   └ 학회: 국제인공지능학회 (IF: 0.51)
--------------------------------
[멀티미디어 스트리밍 환경을 위한 캐쉬 성능평가 모델 설계 및 최적성 분석]
   └ 학회: 국제인공지능학회 (IF: 0.51)
--------------------------------
[시간 지역성과 인기 편향성을 가진 데이터 참조의 모델링]
   └ 학회: 국제인공지능학회 (IF: 0.51)"
228,2023,전기전자공학,532993510,김규석,2,0.1089,0.19446,"[머신러닝을 활용한 아파트 매도 호가와 매물량이 실거래가에 미치는 영향 연구]
   └ 학회: 한국정보기술학회 (IF: 0.56)
--------------------------------
[딥러닝을 활용한 하이엔드 및 브랜드 아파트의 가격 프리미엄에 관한 연구]
   └ 학회: 한국정보기술학회 (IF: 0.56)"
229,2023,전기전자공학,5200278,김경민,2,0.1089,0.19446,"[머신러닝을 활용한 아파트 매도 호가와 매물량이 실거래가에 미치는 영향 연구]
   └ 학회: 한국정보기술학회 (IF: 0.56)
--------------------------------
[딥러닝을 활용한 하이엔드 및 브랜드 아파트의 가격 프리미엄에 관한 연구]
   └ 학회: 한국정보기술학회 (IF: 0.56)"
230,2023,전기전자공학,425568548,온병원,5,0.1086,0.19389399999999998,"[CLES-BERT: 에세이 점수 예측을 위한 대조학습 기반 BERT 모델]
   └ 학회: 한국정보기술학회 (IF: 0.56)
--------------------------------
[A Pooled RNN-based Deep Learning Model based on Data Augmentation for Clickbait Detection]
   └ 학회: 한국정보기술학회 (IF: 0.56)
--------------------------------
[에세이 평가 자동화를 위한 대조 학습 기반 다중계층 BERT 모델 손실함수에 관한 연구]
   └ 학회: 한국정보기술학회 (IF: 0.56)
--------------------------------
[에세이 창의성 점수 예측 모델을 위한 학습데이터 구축 방안]
   └ 학회: 한국정보기술학회 (IF: 0.56)
--------------------------------
[복분자 재배 환경에서 수확물 운반 도우미 로봇을 위한 YOLOv5와 LiDAR 활용 자율주행 시스템]
   └ 학회: 한국정보기술학회 (IF: 0.56)"
231,2023,전기전자공학,602093176,허재혁,1,0.1078,0.199548,"[기계학습에 기반을 둔 통신사 고객 이탈예측 방안]
   └ 학회: 한국정보통신학회 (IF: 0.54)"
232,2023,전기전자공학,641995940,김재훈,2,0.1056,0.17637,"[Improving the Performance of DPT-based Monocular Depth Estimation Models Using Bidirectional LSTMs Initialized With CLS Tokens]
   └ 학회: 제어로봇시스템학회 (IF: 0.78)
--------------------------------
[CNN-LAN과 저속어를 활용한 한국어 혐오 표현 탐지]
   └ 학회: 한국지능시스템학회 (IF: 0.56)"
233,2023,전기전자공학,733797430,나성원,1,0.1053,0.21481,"[딥러닝 기반 CT 스캔 재구성을 통한 조영제 사용 및 신체 부위 분류 성능 향상 연구]
   └ 학회: 한국방송·미디어공학회 (IF: 0.49)"
234,2023,전기전자공학,164825505,고유선,1,0.1053,0.21481,"[딥러닝 기반 CT 스캔 재구성을 통한 조영제 사용 및 신체 부위 분류 성능 향상 연구]
   └ 학회: 한국방송·미디어공학회 (IF: 0.49)"
235,2023,전기전자공학,278547235,김경원,1,0.1053,0.21481,"[딥러닝 기반 CT 스캔 재구성을 통한 조영제 사용 및 신체 부위 분류 성능 향상 연구]
   └ 학회: 한국방송·미디어공학회 (IF: 0.49)"
236,2023,전기전자공학,790625025,신우창,2,0.1049,0.205766,"[A Study on a Method for Detecting Leak Holes in Respirators Using IoT Sensors]
   └ 학회: 국제인공지능학회 (IF: 0.51)
--------------------------------
[A Study on a Method for Generating a 3D Head Model from a Single 2D Face Image Using Open Source]
   └ 학회: 국제인공지능학회 (IF: 0.51)"
237,2023,전기전자공학,1829536,이지영,1,0.1041,0.185981,"[한국인 표정 검출을 위한 딥 러닝 모델 구조]
   └ 학회: 한국정보기술학회 (IF: 0.56)"
238,2023,전기전자공학,745106861,김지호,1,0.1041,0.185981,"[한국인 표정 검출을 위한 딥 러닝 모델 구조]
   └ 학회: 한국정보기술학회 (IF: 0.56)"
239,2023,전기전자공학,634751056,이은아,1,0.1041,0.185981,"[한국인 표정 검출을 위한 딥 러닝 모델 구조]
   └ 학회: 한국정보기술학회 (IF: 0.56)"
240,2023,전기전자공학,965082156,이홍철,1,0.1041,0.185981,"[한국인 표정 검출을 위한 딥 러닝 모델 구조]
   └ 학회: 한국정보기술학회 (IF: 0.56)"
241,2023,전기전자공학,886980225,이의진,2,0.1011,0.20633100000000001,"[코렉터 어텐션 네트워크을 이용한 로우 센서 영상 초해상화 기법]
   └ 학회: 한국방송·미디어공학회 (IF: 0.49)
--------------------------------
[심층 합성곱 신경망을 이용한 레이더 신호 탐지 성능 분석]
   └ 학회: 한국방송·미디어공학회 (IF: 0.49)"
242,2023,전기전자공학,884489049,박상준,1,0.1009,0.197852,"[CNN 기술을 적용한 침수탐지 학습모델 개발]
   └ 학회: 국제인공지능학회 (IF: 0.51)"
243,2023,전기전자공학,771834813,손창환,5,0.0997,0.17806699999999998,"[얼굴 구성 요소별 통계적 특징 변환을 적용한 블라인드 폭우 얼굴 영상 복원]
   └ 학회: 한국정보기술학회 (IF: 0.56)
--------------------------------
[잠재된 특징 지식 전이 기반의 해충 영상 초해상화]
   └ 학회: 한국정보기술학회 (IF: 0.56)
--------------------------------
[해충 이미지 분류를 위한 멀티스케일 교차 주의집중 비전 트랜스포머]
   └ 학회: 한국정보기술학회 (IF: 0.56)
--------------------------------
[교차 어텐션 퓨전 기반의 멀티스펙트럴 객체 검출]
   └ 학회: 한국정보기술학회 (IF: 0.56)
--------------------------------
[트랩 기반 해충 카운팅을 위한 멀티스케일 및 변형 가능한 밀도 어텐션 모델]
   └ 학회: 한국정보기술학회 (IF: 0.56)"
244,2023,전기전자공학,936262257,최용호,1,0.0997,0.20350399999999996,"[딥러닝 기반의 몰입형 입체영상 압축]
   └ 학회: 한국방송·미디어공학회 (IF: 0.49)"
245,2023,전기전자공학,981208495,이진영,1,0.0997,0.20350399999999996,"[딥러닝 기반의 몰입형 입체영상 압축]
   └ 학회: 한국방송·미디어공학회 (IF: 0.49)"
246,2023,전기전자공학,941541256,권영재,1,0.099,0.165065,"[말벌 검출의 정확성 향상을 위한 YOLOX의 개선된 구조 제안]
   └ 학회: 한국멀티미디어학회 (IF: 0.6)"
247,2023,전기전자공학,544648482,이철희,1,0.099,0.165065,"[말벌 검출의 정확성 향상을 위한 YOLOX의 개선된 구조 제안]
   └ 학회: 한국멀티미디어학회 (IF: 0.6)"
248,2023,전기전자공학,107594694,문석재,4,0.0986,0.193328,"[An Engine for DRA in Container Orchestration Using Machine Learning]
   └ 학회: 국제인공지능학회 (IF: 0.51)
--------------------------------
[Agent with Low-latency Overcoming Technique for Distributed Cluster-based Machine Learning]
   └ 학회: 국제인공지능학회 (IF: 0.51)
--------------------------------
[A Secure Healthcare System Using Holochain in a Distributed Environment]
   └ 학회: 국제인공지능학회 (IF: 0.51)
--------------------------------
[A Container Orchestration System for Process Workloads]
   └ 학회: 국제인공지능학회 (IF: 0.51)"
249,2023,전기전자공학,310009480,심재혁,1,0.0978,0.199548,"[심층 합성곱 신경망을 이용한 레이더 신호 탐지 성능 분석]
   └ 학회: 한국방송·미디어공학회 (IF: 0.49)"
250,2023,전기전자공학,700398298,김은희,1,0.0978,0.199548,"[심층 합성곱 신경망을 이용한 레이더 신호 탐지 성능 분석]
   └ 학회: 한국방송·미디어공학회 (IF: 0.49)"
251,2023,전기전자공학,484534597,방한솔,1,0.0972,0.173545,"[색상 필터와 딥러닝을 활용한 화재감지 구현]
   └ 학회: 한국정보기술학회 (IF: 0.56)"
252,2023,전기전자공학,224825683,이주형,1,0.0972,0.173545,"[색상 필터와 딥러닝을 활용한 화재감지 구현]
   └ 학회: 한국정보기술학회 (IF: 0.56)"
253,2023,전기전자공학,334545622,최진구,1,0.0972,0.173545,"[색상 필터와 딥러닝을 활용한 화재감지 구현]
   └ 학회: 한국정보기술학회 (IF: 0.56)"
254,2023,전기전자공학,111831460,임수창,1,0.0946,0.157716,"[CNN과 학습 가능한 상관필터를 결합한 객체 추적 알고리즘]
   └ 학회: 한국멀티미디어학회 (IF: 0.6)"
255,2023,전기전자공학,569339787,Karam Park,1,0.0942,0.192199,"[Attention for Adaptive Convolution in Convolutional Neural Networks for Single Image Super-Resolution]
   └ 학회: 한국방송·미디어공학회 (IF: 0.49)"
256,2023,전기전자공학,924274826,이지은,1,0.094,0.156586,"[호흡 패턴 분석을 위한 딥러닝 기반 생체신호 신경 회로망]
   └ 학회: 한국멀티미디어학회 (IF: 0.6)"
257,2023,전기전자공학,342340324,Ahmed Hamdi Abdurhman,1,0.094,0.156586,"[Deep Learning Ar chitectur e for Choice-based Recommendation System: A Case Study of Flight Sear ch Engine]
   └ 학회: 한국멀티미디어학회 (IF: 0.6)"
258,2023,전기전자공학,114840546,이지환,1,0.094,0.156586,"[Deep Learning Ar chitectur e for Choice-based Recommendation System: A Case Study of Flight Sear ch Engine]
   └ 학회: 한국멀티미디어학회 (IF: 0.6)"
259,2023,전기전자공학,131986,김동현,1,0.094,0.156586,"[Deep Learning Ar chitectur e for Choice-based Recommendation System: A Case Study of Flight Sear ch Engine]
   └ 학회: 한국멀티미디어학회 (IF: 0.6)"
260,2023,전기전자공학,285696188,유병석,1,0.094,0.156586,"[Deep Learning Ar chitectur e for Choice-based Recommendation System: A Case Study of Flight Sear ch Engine]
   └ 학회: 한국멀티미디어학회 (IF: 0.6)"
261,2023,전기전자공학,865694701,남기정,1,0.0933,0.15545499999999998,"[앙상블 기반 자동차 탐지 정확도-속도 트레이드오프 개선]
   └ 학회: 한국멀티미디어학회 (IF: 0.6)"
262,2023,전기전자공학,698927343,신성윤,5,0.0931,0.17241299999999998,"[Text Mining and Visualization of Time Series Data Utilizing Big Data]
   └ 학회: 한국정보통신학회 (IF: 0.54)
--------------------------------
[몰입형 메타버스 환경을 위한 아바타의 얼굴 생성 기법 제안]
   └ 학회: 한국정보통신학회 (IF: 0.54)
--------------------------------
[몰입형 메타버스 환경을 위한 아바타의 얼굴 생성 기법 제안]
   └ 학회: 한국정보통신학회 (IF: 0.54)
--------------------------------
[Compressed dynamic mode decomposition을 통한 Kirchhoff-Love 판의 효율적인 수치해 예측]
   └ 학회: 한국정보통신학회 (IF: 0.54)
--------------------------------
[제조데이터 기반 품질 향상을 위한 최적 AI 알고리즘 구현]
   └ 학회: 한국정보통신학회 (IF: 0.54)"
263,2023,전기전자공학,230866,이종혁,2,0.0921,0.16449999999999998,"[다중모드 특징융합 기반 배관계 누출판별 앙상블 모델 연구]
   └ 학회: 한국정보기술학회 (IF: 0.56)
--------------------------------
[오토인코더 기반 플랜트 배관계 누출 탐지 연구]
   └ 학회: 한국정보기술학회 (IF: 0.56)"
264,2023,전기전자공학,5428311,김동하,1,0.0915,0.163369,"[AMI 데이터를 활용한 딥러닝 기반의 에너지 사용량 예측 모델]
   └ 학회: 한국정보기술학회 (IF: 0.56)"
265,2023,전기전자공학,108276003,이한준,1,0.0915,0.163369,"[AMI 데이터를 활용한 딥러닝 기반의 에너지 사용량 예측 모델]
   └ 학회: 한국정보기술학회 (IF: 0.56)"
266,2023,전기전자공학,108599041,Jeong-Jae Kim,1,0.0905,0.16167299999999998,"[A Pooled RNN-based Deep Learning Model based on Data Augmentation for Clickbait Detection]
   └ 학회: 한국정보기술학회 (IF: 0.56)"
267,2023,전기전자공학,429880272,Sang-Min Park,1,0.0905,0.16167299999999998,"[A Pooled RNN-based Deep Learning Model based on Data Augmentation for Clickbait Detection]
   └ 학회: 한국정보기술학회 (IF: 0.56)"
268,2023,전기전자공학,315709134,정한석,1,0.0902,0.17693599999999998,"[LSTM-GAN 기반 이상탐지 모델을 활용한 시계열 데이터의 동적 보정기법]
   └ 학회: 국제인공지능학회 (IF: 0.51)"
269,2023,전기전자공학,684242386,김한준,1,0.0902,0.17693599999999998,"[LSTM-GAN 기반 이상탐지 모델을 활용한 시계열 데이터의 동적 보정기법]
   └ 학회: 국제인공지능학회 (IF: 0.51)"
270,2023,전기전자공학,682548708,반태원,1,0.0888,0.16449999999999998,"[개인용 얼굴 식별 시스템을 위한 새로운 심화 신경망 구조]
   └ 학회: 한국정보통신학회 (IF: 0.54)"
271,2023,전기전자공학,436253274,박지현,1,0.0885,0.173545,"[딥러닝 기술을 이용한 영상에서 흡연행위 검출]
   └ 학회: 국제인공지능학회 (IF: 0.51)"
272,2023,전기전자공학,173667276,조동민,3,0.0872,0.14528,"[A Study on the Influence of In-game Photography Mode Central Flow Exper ience on Player s"" Stickiness - Mediated by Player s"" Emotional Attachment]
   └ 학회: 한국멀티미디어학회 (IF: 0.6)
--------------------------------
[근로환경 변화에 따른 딥러닝 클라우드 서비스 기술을 활용한 캐릭터 애니메이션 리타겟팅에 관한 연구]
   └ 학회: 한국멀티미디어학회 (IF: 0.6)
--------------------------------
[이용과 충족이론 기반 사용자 탄막(Danmaku) 리뷰 행위의 영향요인에 관한 연구]
   └ 학회: 한국멀티미디어학회 (IF: 0.6)"
273,2023,전기전자공학,667029595,한희일,2,0.0872,0.14528,"[군-등변 CNN의 성능 분석]
   └ 학회: 한국멀티미디어학회 (IF: 0.6)
--------------------------------
[코딩 교육을 위한 챗봇 모델 구현]
   └ 학회: 국제인공지능학회 (IF: 0.51)"
274,2023,전기전자공학,161819174,전효경,1,0.0872,0.14528,"[근로환경 변화에 따른 딥러닝 클라우드 서비스 기술을 활용한 캐릭터 애니메이션 리타겟팅에 관한 연구]
   └ 학회: 한국멀티미디어학회 (IF: 0.6)"
275,2023,전기전자공학,785330383,신예진,1,0.0872,0.14528,"[다중 파라미터 MR 영상에서 유사 의료 영상으로 미세 조정한 자기지도학습 모델을 사용한 전립선암 악성도 예측 성능 개선]
   └ 학회: 한국멀티미디어학회 (IF: 0.6)"
276,2023,전기전자공학,718154852,이민진,1,0.0872,0.14528,"[다중 파라미터 MR 영상에서 유사 의료 영상으로 미세 조정한 자기지도학습 모델을 사용한 전립선암 악성도 예측 성능 개선]
   └ 학회: 한국멀티미디어학회 (IF: 0.6)"
277,2023,전기전자공학,753726512,홍헬렌,1,0.0872,0.14528,"[다중 파라미터 MR 영상에서 유사 의료 영상으로 미세 조정한 자기지도학습 모델을 사용한 전립선암 악성도 예측 성능 개선]
   └ 학회: 한국멀티미디어학회 (IF: 0.6)"
278,2023,전기전자공학,193800911,황성일,1,0.0872,0.14528,"[다중 파라미터 MR 영상에서 유사 의료 영상으로 미세 조정한 자기지도학습 모델을 사용한 전립선암 악성도 예측 성능 개선]
   └ 학회: 한국멀티미디어학회 (IF: 0.6)"
279,2023,전기전자공학,403042047,Ning Zhang,1,0.0872,0.14528,"[Image Reconstruction Model Based on Deep Learning for Defect Detection of Rubber Products]
   └ 학회: 한국멀티미디어학회 (IF: 0.6)"
280,2023,전기전자공학,381531655,권성근,1,0.0872,0.14528,"[Image Reconstruction Model Based on Deep Learning for Defect Detection of Rubber Products]
   └ 학회: 한국멀티미디어학회 (IF: 0.6)"
281,2023,전기전자공학,580470534,김동현,1,0.0856,0.174674,"[지식 증류 기법을 사용한 트랜스포머 기반 초해상화 모델 경량화 연구]
   └ 학회: 한국방송·미디어공학회 (IF: 0.49)"
282,2023,전기전자공학,464154,이동훈,1,0.0856,0.174674,"[지식 증류 기법을 사용한 트랜스포머 기반 초해상화 모델 경량화 연구]
   └ 학회: 한국방송·미디어공학회 (IF: 0.49)"
283,2023,전기전자공학,314311577,김아로,1,0.0856,0.174674,"[지식 증류 기법을 사용한 트랜스포머 기반 초해상화 모델 경량화 연구]
   └ 학회: 한국방송·미디어공학회 (IF: 0.49)"
284,2023,전기전자공학,547913419,갈리 바니 프리얀카,1,0.0856,0.174674,"[지식 증류 기법을 사용한 트랜스포머 기반 초해상화 모델 경량화 연구]
   └ 학회: 한국방송·미디어공학회 (IF: 0.49)"
285,2023,전기전자공학,213374149,박상효,1,0.0856,0.174674,"[지식 증류 기법을 사용한 트랜스포머 기반 초해상화 모델 경량화 연구]
   └ 학회: 한국방송·미디어공학회 (IF: 0.49)"
286,2023,전기전자공학,5108459,정재민,1,0.0852,0.152063,"[감정 데이터를 활용한 딥러닝 기반 돈육가격 예측 연구]
   └ 학회: 한국정보기술학회 (IF: 0.56)"
287,2023,전기전자공학,750712602,정경창,1,0.0852,0.152063,"[감정 데이터를 활용한 딥러닝 기반 돈육가격 예측 연구]
   └ 학회: 한국정보기술학회 (IF: 0.56)"
288,2023,전기전자공학,709181282,고은영,1,0.0852,0.152063,"[감정 데이터를 활용한 딥러닝 기반 돈육가격 예측 연구]
   └ 학회: 한국정보기술학회 (IF: 0.56)"
289,2023,전기전자공학,671762320,황혜린,1,0.085,0.173545,"[희소 입력 환경에서의 지식 증류를 활용한 카메라-라이다 센서 융합]
   └ 학회: 한국방송·미디어공학회 (IF: 0.49)"
290,2023,전기전자공학,229799129,조동현,1,0.085,0.173545,"[희소 입력 환경에서의 지식 증류를 활용한 카메라-라이다 센서 융합]
   └ 학회: 한국방송·미디어공학회 (IF: 0.49)"
291,2023,전기전자공학,987458279,안시현,2,0.0842,0.150367,"[인공지능 기반 실시간 감지가 가능한 산불 경보시스템]
   └ 학회: 한국정보기술학회 (IF: 0.56)
--------------------------------
[아동 외현화 장애 조기발견을 위한 인공지능 기반의 영상 분석 시스템 개발]
   └ 학회: 한국정보기술학회 (IF: 0.56)"
292,2023,전기전자공학,215319372,박윤하,2,0.0842,0.150367,"[인공지능 기반 실시간 감지가 가능한 산불 경보시스템]
   └ 학회: 한국정보기술학회 (IF: 0.56)
--------------------------------
[아동 외현화 장애 조기발견을 위한 인공지능 기반의 영상 분석 시스템 개발]
   └ 학회: 한국정보기술학회 (IF: 0.56)"
293,2023,전기전자공학,568010244,Gui Yeol Ryu,1,0.0833,0.163369,"[An Empirical Study on the Comparison of LSTM and ARIMA Forecasts using Stock Closing Prices]
   └ 학회: 국제인공지능학회 (IF: 0.51)"
294,2023,전기전자공학,677404060,성재경,1,0.0825,0.16167299999999998,"[딥러닝기반 건축폐기물 이미지 분류 시스템 비교]
   └ 학회: 국제인공지능학회 (IF: 0.51)"
295,2023,전기전자공학,116155247,양민철,1,0.0825,0.16167299999999998,"[딥러닝기반 건축폐기물 이미지 분류 시스템 비교]
   └ 학회: 국제인공지능학회 (IF: 0.51)"
296,2023,전기전자공학,625941608,문경남,1,0.0825,0.16167299999999998,"[딥러닝기반 건축폐기물 이미지 분류 시스템 비교]
   └ 학회: 국제인공지능학회 (IF: 0.51)"
297,2023,전기전자공학,648324025,김용국,1,0.0825,0.16167299999999998,"[딥러닝기반 건축폐기물 이미지 분류 시스템 비교]
   └ 학회: 국제인공지능학회 (IF: 0.51)"
298,2023,전기전자공학,596762914,정진헌,18,0.0822,0.161106,"[A Study of Artificial Intelligence Generated 3D Engine Animation Workflow]
   └ 학회: 국제인공지능학회 (IF: 0.51)
--------------------------------
[A Research of Real-time Rendering Potentials on 3D Animation Production]
   └ 학회: 국제인공지능학회 (IF: 0.51)
--------------------------------
[A Study on the Usability of Digital Humans in New Media Contents]
   └ 학회: 국제인공지능학회 (IF: 0.51)
--------------------------------
[A Case Study on Digital Interactive Training Content <Tamagotchi> and <Peridot>]
   └ 학회: 국제인공지능학회 (IF: 0.51)
--------------------------------
[A Comparative Study on Female Character Design in Disney Animation]
   └ 학회: 국제인공지능학회 (IF: 0.51)
--------------------------------
[Application Analysis of Artificial Intelligence Technology in Museum Concept Design]
   └ 학회: 국제인공지능학회 (IF: 0.51)
--------------------------------
[Research on the Correlation Between the Alienation Effect and Immersion of Breaking the Fourth Wall in Games]
   └ 학회: 국제인공지능학회 (IF: 0.51)
--------------------------------
[A Case Study of Creative Art Based on AI Generation Technology]
   └ 학회: 국제인공지능학회 (IF: 0.51)
--------------------------------
[Research on AI Painting Generation Technology Based on the [Stable Diffusion]]
   └ 학회: 국제인공지능학회 (IF: 0.51)
--------------------------------
[A Study on the Adaptability of Shadow Puppet Elements to Side-Scrolling Games]
   └ 학회: 국제인공지능학회 (IF: 0.51)
--------------------------------
[A Study on the Impact of Modern Technological Development on the Form of Music Concerts]
   └ 학회: 국제인공지능학회 (IF: 0.51)
--------------------------------
[A Research of Ink and Wash Elements on the 3D Animation Film <Deep Sea>]
   └ 학회: 국제인공지능학회 (IF: 0.51)
--------------------------------
[A Study on the Scalability of Design Content Using Pixel Art]
   └ 학회: 국제인공지능학회 (IF: 0.51)
--------------------------------
[A Study on AI Softwear [Stable Diffusion] ControlNet plug-in Usabilities]
   └ 학회: 국제인공지능학회 (IF: 0.51)
--------------------------------
[A Study of Experiential Exhibition Format Using VR Technology at Sanxingdui Museum]
   └ 학회: 국제인공지능학회 (IF: 0.51)
--------------------------------
[A Research on 3D Texture Production Using Artificial Intelligence Softwear]
   └ 학회: 국제인공지능학회 (IF: 0.51)
--------------------------------
[A Study Based on Alienation Theory to Analyze Different Modes in Meta-Fictional Games]
   └ 학회: 국제인공지능학회 (IF: 0.51)
--------------------------------
[일월오봉도를 활용한 미디어아트 연구]
   └ 학회: 국제인공지능학회 (IF: 0.51)"
299,2023,전기전자공학,999552848,신동진,5,0.0822,0.161108,"[앱 기반 자전거 라이딩 시스템 개발]
   └ 학회: 국제인공지능학회 (IF: 0.51)
--------------------------------
[딥러닝을 이용한 강좌 추천시스템]
   └ 학회: 국제인공지능학회 (IF: 0.51)
--------------------------------
[노인의 교통사고 예방을 위한 방안 분석]
   └ 학회: 국제인공지능학회 (IF: 0.51)
--------------------------------
[Apache Spark를 활용한 실시간 주가 예측]
   └ 학회: 국제인공지능학회 (IF: 0.51)
--------------------------------
[MQTT를 이용한 제품 제어 앱 개발]
   └ 학회: 국제인공지능학회 (IF: 0.51)"
300,2023,전기전자공학,613044813,황승연,5,0.0822,0.161108,"[앱 기반 자전거 라이딩 시스템 개발]
   └ 학회: 국제인공지능학회 (IF: 0.51)
--------------------------------
[딥러닝을 이용한 강좌 추천시스템]
   └ 학회: 국제인공지능학회 (IF: 0.51)
--------------------------------
[노인의 교통사고 예방을 위한 방안 분석]
   └ 학회: 국제인공지능학회 (IF: 0.51)
--------------------------------
[Apache Spark를 활용한 실시간 주가 예측]
   └ 학회: 국제인공지능학회 (IF: 0.51)
--------------------------------
[MQTT를 이용한 제품 제어 앱 개발]
   └ 학회: 국제인공지능학회 (IF: 0.51)"
301,2023,전기전자공학,304639235,김정준,5,0.0822,0.161108,"[앱 기반 자전거 라이딩 시스템 개발]
   └ 학회: 국제인공지능학회 (IF: 0.51)
--------------------------------
[딥러닝을 이용한 강좌 추천시스템]
   └ 학회: 국제인공지능학회 (IF: 0.51)
--------------------------------
[노인의 교통사고 예방을 위한 방안 분석]
   └ 학회: 국제인공지능학회 (IF: 0.51)
--------------------------------
[Apache Spark를 활용한 실시간 주가 예측]
   └ 학회: 국제인공지능학회 (IF: 0.51)
--------------------------------
[MQTT를 이용한 제품 제어 앱 개발]
   └ 학회: 국제인공지능학회 (IF: 0.51)"
302,2023,전기전자공학,472901402,안시현,1,0.0814,0.14528,"[실내 아동 안전을 위한 딥러닝 기반의 아동 행동 분석기술 개발]
   └ 학회: 한국정보기술학회 (IF: 0.56)"
303,2023,전기전자공학,913915025,노희성,1,0.0814,0.14528,"[도로 침수 탐지를 위한 딥러닝 모델 구현 및 성능 비교]
   └ 학회: 한국정보기술학회 (IF: 0.56)"
304,2023,전기전자공학,986264979,박기홍,1,0.0814,0.14528,"[도로 침수 탐지를 위한 딥러닝 모델 구현 및 성능 비교]
   └ 학회: 한국정보기술학회 (IF: 0.56)"
305,2023,전기전자공학,880497342,권성수,1,0.0814,0.14528,"[다중모드 특징융합 기반 배관계 누출판별 앙상블 모델 연구]
   └ 학회: 한국정보기술학회 (IF: 0.56)"
306,2023,전기전자공학,930400674,전서영,1,0.0814,0.14528,"[다중모드 특징융합 기반 배관계 누출판별 앙상블 모델 연구]
   └ 학회: 한국정보기술학회 (IF: 0.56)"
307,2023,전기전자공학,310144232,최유락,1,0.0814,0.14528,"[다중모드 특징융합 기반 배관계 누출판별 앙상블 모델 연구]
   └ 학회: 한국정보기술학회 (IF: 0.56)"
308,2023,전기전자공학,910236505,이주원,1,0.0814,0.14528,"[딥러닝을 활용한 하이엔드 및 브랜드 아파트의 가격 프리미엄에 관한 연구]
   └ 학회: 한국정보기술학회 (IF: 0.56)"
309,2023,전기전자공학,553052785,이원도,1,0.0814,0.14528,"[트랩 기반 해충 카운팅을 위한 멀티스케일 및 변형 가능한 밀도 어텐션 모델]
   └ 학회: 한국정보기술학회 (IF: 0.56)"
310,2023,전기전자공학,730627858,박성웅,1,0.0814,0.14528,"[트랩 기반 해충 카운팅을 위한 멀티스케일 및 변형 가능한 밀도 어텐션 모델]
   └ 학회: 한국정보기술학회 (IF: 0.56)"
311,2023,전기전자공학,455537051,조찬호,1,0.0814,0.14528,"[건설 도면의 지속적 디지털화를 위한 MLOps 시스템]
   └ 학회: 한국정보기술학회 (IF: 0.56)"
312,2023,전기전자공학,927862558,고찬혁,1,0.0814,0.14528,"[건설 도면의 지속적 디지털화를 위한 MLOps 시스템]
   └ 학회: 한국정보기술학회 (IF: 0.56)"
313,2023,전기전자공학,770087343,오아림,1,0.0814,0.14528,"[건설 도면의 지속적 디지털화를 위한 MLOps 시스템]
   └ 학회: 한국정보기술학회 (IF: 0.56)"
314,2023,전기전자공학,893909146,홍대의,1,0.0814,0.14528,"[건설 도면의 지속적 디지털화를 위한 MLOps 시스템]
   └ 학회: 한국정보기술학회 (IF: 0.56)"
315,2023,전기전자공학,334805518,화지민,1,0.0814,0.14528,"[건설 도면의 지속적 디지털화를 위한 MLOps 시스템]
   └ 학회: 한국정보기술학회 (IF: 0.56)"
316,2023,전기전자공학,986547333,이종은,1,0.0814,0.14528,"[Mixed Precision 기반 CNN 추론 연산의 구현 및 성능 분석]
   └ 학회: 한국정보기술학회 (IF: 0.56)"
317,2023,전기전자공학,881124942,장경빈,1,0.0814,0.14528,"[Mixed Precision 기반 CNN 추론 연산의 구현 및 성능 분석]
   └ 학회: 한국정보기술학회 (IF: 0.56)"
318,2023,전기전자공학,610240113,임승호,1,0.0814,0.14528,"[Mixed Precision 기반 CNN 추론 연산의 구현 및 성능 분석]
   └ 학회: 한국정보기술학회 (IF: 0.56)"
319,2023,전기전자공학,782093839,김정원,1,0.0814,0.14528,"[인체 키포인트의 신뢰 점수에 기반한 자세의 유사도 분석 기법]
   └ 학회: 한국정보기술학회 (IF: 0.56)"
320,2023,전기전자공학,181241544,박경수,1,0.0814,0.14528,"[CNN-LAN과 저속어를 활용한 한국어 혐오 표현 탐지]
   └ 학회: 한국지능시스템학회 (IF: 0.56)"
321,2023,전기전자공학,892312905,이제승,1,0.0814,0.14528,"[CNN-LAN과 저속어를 활용한 한국어 혐오 표현 탐지]
   └ 학회: 한국지능시스템학회 (IF: 0.56)"
322,2023,전기전자공학,803328356,이삭,1,0.0812,0.150367,"[Mask R-CNN을 이용한 영상 배경 변환 시스템의 설계 및 구현]
   └ 학회: 한국정보통신학회 (IF: 0.54)"
323,2023,전기전자공학,415635720,이현우,1,0.0812,0.150367,"[Mask R-CNN을 이용한 영상 배경 변환 시스템의 설계 및 구현]
   └ 학회: 한국정보통신학회 (IF: 0.54)"
324,2023,전기전자공학,349419501,정현준,4,0.0795,0.14188800000000001,"[마인크래프트에서 양방향 디지털 트윈의 구현을 위한 IoT 데이터 동기화 시스템]
   └ 학회: 한국정보기술학회 (IF: 0.56)
--------------------------------
[얼굴 영상과 다차원 감정 기반의 텍스트를 이용한 멀티모달 감정인식 시스템]
   └ 학회: 한국정보기술학회 (IF: 0.56)
--------------------------------
[복분자 재배 환경에서 수확물 운반 도우미 로봇을 위한 YOLOv5와 LiDAR 활용 자율주행 시스템]
   └ 학회: 한국정보기술학회 (IF: 0.56)
--------------------------------
[블록체인 기반 스마트 컨트랙트를 활용한 경력 인증 시스템]
   └ 학회: 한국정보기술학회 (IF: 0.56)"
325,2023,전기전자공학,637711194,권령구,4,0.0785,0.140193,"[Generating Controller of GR(1) Synthesis and Reinforcement Learning in Game-Solving]
   └ 학회: 한국정보기술학회 (IF: 0.56)
--------------------------------
[STPA-RL: 강화학습을 이용한 STPA에서 손실 시나리오 분석]
   └ 학회: 한국정보기술학회 (IF: 0.56)
--------------------------------
[SMC를 이용한 액츄에이터의 불확실성에 따른 STPA 위험 평가]
   └ 학회: 한국정보기술학회 (IF: 0.56)
--------------------------------
[강화 학습 모델의 안전성 평가 방법: 자율 주행 사례 연구]
   └ 학회: 한국정보기술학회 (IF: 0.56)"
326,2023,전기전자공학,838485815,권기현,4,0.0785,0.140193,"[Generating Controller of GR(1) Synthesis and Reinforcement Learning in Game-Solving]
   └ 학회: 한국정보기술학회 (IF: 0.56)
--------------------------------
[STPA-RL: 강화학습을 이용한 STPA에서 손실 시나리오 분석]
   └ 학회: 한국정보기술학회 (IF: 0.56)
--------------------------------
[SMC를 이용한 액츄에이터의 불확실성에 따른 STPA 위험 평가]
   └ 학회: 한국정보기술학회 (IF: 0.56)
--------------------------------
[강화 학습 모델의 안전성 평가 방법: 자율 주행 사례 연구]
   └ 학회: 한국정보기술학회 (IF: 0.56)"
327,2023,전기전자공학,896075444,김영민,1,0.0785,0.14528,"[433 MHz 대역 송신기의 인증을 위한 RF 지문 기법]
   └ 학회: 한국정보통신학회 (IF: 0.54)"
328,2023,전기전자공학,747009608,김성환,1,0.0785,0.14528,"[433 MHz 대역 송신기의 인증을 위한 RF 지문 기법]
   └ 학회: 한국정보통신학회 (IF: 0.54)"
329,2023,전기전자공학,801433178,Seung-Won Yoon,1,0.0785,0.14528,"[MicroRNA–Gene Association Prediction Method using Deep Learning Models]
   └ 학회: 한국정보통신학회JICCE (IF: 0.54)"
330,2023,전기전자공학,929716251,In-Woo Hwang,1,0.0785,0.14528,"[MicroRNA–Gene Association Prediction Method using Deep Learning Models]
   └ 학회: 한국정보통신학회JICCE (IF: 0.54)"
331,2023,전기전자공학,893614233,이규철,1,0.0785,0.14528,"[MicroRNA–Gene Association Prediction Method using Deep Learning Models]
   └ 학회: 한국정보통신학회JICCE (IF: 0.54)"
332,2023,전기전자공학,5124011,손은진,2,0.0781,0.14471299999999998,"[딥러닝 영상인식 기술을 이용한 가상/혼합현실 기반 통합 검출 플랫폼 제안]
   └ 학회: 한국정보통신학회 (IF: 0.54)
--------------------------------
[NeRF를 이용한 3D 모델 생성 및 개체 편집 기술 분석]
   └ 학회: 한국정보통신학회 (IF: 0.54)"
333,2023,전기전자공학,530635666,Ji-Hoon Jeong,2,0.0776,0.138496,"[Leveraging Image Classification and Semantic Segmentation for Robust Cardiomegaly Diagnosis in Pet]
   └ 학회: 한국정보기술학회 (IF: 0.56)
--------------------------------
[Sentence-Level Neural Language Decoding based on Speech Imagery from EEG Signals]
   └ 학회: 한국정보기술학회 (IF: 0.56)"
334,2023,전기전자공학,489351034,이승용,1,0.0773,0.157716,"[Vision Transformer를 활용한 단일 영상 카메라 캘리브레이션]
   └ 학회: 한국방송·미디어공학회 (IF: 0.49)"
335,2023,전기전자공학,820973082,이석호,2,0.0767,0.150368,"[Density Change Adaptive Congestive Scene Recognition Network]
   └ 학회: 국제인공지능학회 (IF: 0.51)
--------------------------------
[Demosaicing based Image Compression with Channel-wise Decoder]
   └ 학회: 국제인공지능학회 (IF: 0.51)"
336,2023,전기전자공학,660679526,Jun-Hee Kim,1,0.0767,0.150368,"[Density Change Adaptive Congestive Scene Recognition Network]
   └ 학회: 국제인공지능학회 (IF: 0.51)"
337,2023,전기전자공학,459893786,Dae-Seok Lee,1,0.0767,0.150368,"[Density Change Adaptive Congestive Scene Recognition Network]
   └ 학회: 국제인공지능학회 (IF: 0.51)"
338,2023,전기전자공학,853425542,임세헌,2,0.0758,0.19446,"[군집화를 통한 딥러닝 기반 배전계통 전력조류계산]
   └ 학회: 대한전기학회 (IF: 0.39)
--------------------------------
[효율적인 에너지 사용 및 재실자 개인 맞춤화를 위한 데이터 기반 건물 HVAC 시스템]
   └ 학회: 대한전기학회 (IF: 0.39)"
339,2023,전기전자공학,552249802,윤성국,2,0.0758,0.19446,"[군집화를 통한 딥러닝 기반 배전계통 전력조류계산]
   └ 학회: 대한전기학회 (IF: 0.39)
--------------------------------
[효율적인 에너지 사용 및 재실자 개인 맞춤화를 위한 데이터 기반 건물 HVAC 시스템]
   └ 학회: 대한전기학회 (IF: 0.39)"
340,2023,전기전자공학,147965497,유민정,1,0.0751,0.153194,"[관심 영역 추출과 영상 분할 지도를 이용한 딥러닝 기반의 이미지 검색 기술]
   └ 학회: 한국방송·미디어공학회 (IF: 0.49)"
341,2023,전기전자공학,512847849,조은혜,1,0.0751,0.153194,"[관심 영역 추출과 영상 분할 지도를 이용한 딥러닝 기반의 이미지 검색 기술]
   └ 학회: 한국방송·미디어공학회 (IF: 0.49)"
342,2023,전기전자공학,1111003,김병준,1,0.0751,0.153194,"[관심 영역 추출과 영상 분할 지도를 이용한 딥러닝 기반의 이미지 검색 기술]
   └ 학회: 한국방송·미디어공학회 (IF: 0.49)"
343,2023,전기전자공학,977950601,김선옥,1,0.0751,0.153194,"[관심 영역 추출과 영상 분할 지도를 이용한 딥러닝 기반의 이미지 검색 기술]
   └ 학회: 한국방송·미디어공학회 (IF: 0.49)"
344,2023,전기전자공학,102530787,김은빈,2,0.075,0.192199,"[한글 모음 및 표정 변화에 따른 안면 분석 시스템]
   └ 학회: 대한전기학회 (IF: 0.39)
--------------------------------
[뇌졸중 동물 모델의 분할 및 분류를 위한 방사광 영상 딥러닝 모델 분석]
   └ 학회: 대한전기학회 (IF: 0.39)"
345,2023,전기전자공학,706194343,김수복,2,0.075,0.192199,"[한글 모음 및 표정 변화에 따른 안면 분석 시스템]
   └ 학회: 대한전기학회 (IF: 0.39)
--------------------------------
[뇌졸중 동물 모델의 분할 및 분류를 위한 방사광 영상 딥러닝 모델 분석]
   └ 학회: 대한전기학회 (IF: 0.39)"
346,2023,전기전자공학,986987461,이언석,2,0.075,0.192199,"[한글 모음 및 표정 변화에 따른 안면 분석 시스템]
   └ 학회: 대한전기학회 (IF: 0.39)
--------------------------------
[뇌졸중 동물 모델의 분할 및 분류를 위한 방사광 영상 딥러닝 모델 분석]
   └ 학회: 대한전기학회 (IF: 0.39)"
347,2023,전기전자공학,143374655,Abbas Jafar,1,0.075,0.192199,"[Comparative Performance Evaluation of State-of-the-Art Hyperparameter Optimization Frameworks]
   └ 학회: 대한전기학회 (IF: 0.39)"
348,2023,전기전자공학,803613837,Myungho Lee,1,0.075,0.192199,"[Comparative Performance Evaluation of State-of-the-Art Hyperparameter Optimization Frameworks]
   └ 학회: 대한전기학회 (IF: 0.39)"
349,2023,전기전자공학,572193026,원혜연,1,0.075,0.192199,"[뇌졸중 동물 모델의 분할 및 분류를 위한 방사광 영상 딥러닝 모델 분석]
   └ 학회: 대한전기학회 (IF: 0.39)"
350,2023,전기전자공학,913177465,최승환,3,0.0741,0.14528,"[해양 정적 데이터 수집 및 DB 저장 알고리즘 구현]
   └ 학회: 국제인공지능학회 (IF: 0.51)
--------------------------------
[DNN 기반 혈당 관리 식이요법 알고리즘 구현]
   └ 학회: 국제인공지능학회 (IF: 0.51)
--------------------------------
[MobileNetV3 기반 요검사 서비스 어플리케이션 구현]
   └ 학회: 국제인공지능학회 (IF: 0.51)"
351,2023,전기전자공학,390372052,박기조,3,0.0741,0.14528,"[해양 정적 데이터 수집 및 DB 저장 알고리즘 구현]
   └ 학회: 국제인공지능학회 (IF: 0.51)
--------------------------------
[DNN 기반 혈당 관리 식이요법 알고리즘 구현]
   └ 학회: 국제인공지능학회 (IF: 0.51)
--------------------------------
[MobileNetV3 기반 요검사 서비스 어플리케이션 구현]
   └ 학회: 국제인공지능학회 (IF: 0.51)"
352,2023,전기전자공학,252290128,김경석,3,0.0741,0.14528,"[해양 정적 데이터 수집 및 DB 저장 알고리즘 구현]
   └ 학회: 국제인공지능학회 (IF: 0.51)
--------------------------------
[DNN 기반 혈당 관리 식이요법 알고리즘 구현]
   └ 학회: 국제인공지능학회 (IF: 0.51)
--------------------------------
[MobileNetV3 기반 요검사 서비스 어플리케이션 구현]
   └ 학회: 국제인공지능학회 (IF: 0.51)"
353,2023,전기전자공학,276007151,Humberto Villalta,2,0.0741,0.14528,"[Developing a Solution to Improve Road Safety Using Multiple Deep Learning Techniques]
   └ 학회: 국제인공지능학회 (IF: 0.51)
--------------------------------
[Design of Public Transportation Route Guidance System for Wheelchair Users Utilizing Public Data of Seoul City]
   └ 학회: 국제인공지능학회 (IF: 0.51)"
354,2023,전기전자공학,182456689,Kwang Sik Kim,2,0.0741,0.14528,"[Developing a Solution to Improve Road Safety Using Multiple Deep Learning Techniques]
   └ 학회: 국제인공지능학회 (IF: 0.51)
--------------------------------
[Design of Public Transportation Route Guidance System for Wheelchair Users Utilizing Public Data of Seoul City]
   └ 학회: 국제인공지능학회 (IF: 0.51)"
355,2023,전기전자공학,734099642,오재곤,2,0.0741,0.14528,"[앱 기반 자전거 라이딩 시스템 개발]
   └ 학회: 국제인공지능학회 (IF: 0.51)
--------------------------------
[딥러닝을 이용한 강좌 추천시스템]
   └ 학회: 국제인공지능학회 (IF: 0.51)"
356,2023,전기전자공학,160499940,Jeongha Lee,1,0.0741,0.14528,"[Comparison of Traditional Workloads and Deep Learning Workloads in Memory Read and Write Operations]
   └ 학회: 국제인공지능학회 (IF: 0.51)"
357,2023,전기전자공학,753887076,Hye-Kyeong Ko,1,0.0741,0.14528,"[Privacy-Preserving Deep Learning using Collaborative Learning of Neural Network Model]
   └ 학회: 국제인공지능학회 (IF: 0.51)"
358,2023,전기전자공학,811206927,Min gi Lee,1,0.0741,0.14528,"[Developing a Solution to Improve Road Safety Using Multiple Deep Learning Techniques]
   └ 학회: 국제인공지능학회 (IF: 0.51)"
359,2023,전기전자공학,810106092,Yoon Hee Jo,1,0.0741,0.14528,"[Developing a Solution to Improve Road Safety Using Multiple Deep Learning Techniques]
   └ 학회: 국제인공지능학회 (IF: 0.51)"
360,2023,전기전자공학,100659019,JongJin Park,1,0.0741,0.14528,"[Ensemble UNet 3+ for Medical Image Segmentation]
   └ 학회: 국제인공지능학회 (IF: 0.51)"
361,2023,전기전자공학,958619999,김동화,1,0.0741,0.14528,"[A Study on Impact of Deep Learning on Korean Economic Growth Factor]
   └ 학회: 국제인공지능학회 (IF: 0.51)"
362,2023,전기전자공학,150673186,서대성,1,0.0741,0.14528,"[A Study on Impact of Deep Learning on Korean Economic Growth Factor]
   └ 학회: 국제인공지능학회 (IF: 0.51)"
363,2023,전기전자공학,668847189,김경호,1,0.0741,0.14528,"[A Study on a Method for Generating a 3D Head Model from a Single 2D Face Image Using Open Source]
   └ 학회: 국제인공지능학회 (IF: 0.51)"
364,2023,전기전자공학,334699089,임민아,1,0.0741,0.14528,"[딥러닝을 이용한 강좌 추천시스템]
   └ 학회: 국제인공지능학회 (IF: 0.51)"
365,2023,전기전자공학,523423840,박승기,1,0.0737,0.150368,"[특징 추출을 이용한 이미지 매칭 기술의 최근 동향 분석]
   └ 학회: 한국방송·미디어공학회 (IF: 0.49)"
366,2023,전기전자공학,445930511,채문주,1,0.0737,0.150368,"[특징 추출을 이용한 이미지 매칭 기술의 최근 동향 분석]
   └ 학회: 한국방송·미디어공학회 (IF: 0.49)"
367,2023,전기전자공학,678934290,조성인,1,0.0737,0.150368,"[특징 추출을 이용한 이미지 매칭 기술의 최근 동향 분석]
   └ 학회: 한국방송·미디어공학회 (IF: 0.49)"
368,2023,전기전자공학,293989792,곽은영,1,0.0736,0.136234,"[Bigdata 분석과 인공지능을 적용한 시설물 건립 GIS 최적화 연구]
   └ 학회: 한국정보통신학회 (IF: 0.54)"
369,2023,전기전자공학,681062218,장봉주,2,0.0733,0.122102,"[인공지능을 활용한 에코 델타 시티 초미세먼지 예측]
   └ 학회: 한국멀티미디어학회 (IF: 0.6)
--------------------------------
[인공지능을 활용한 에코 델타 시티 초미세먼지 예측]
   └ 학회: 한국멀티미디어학회 (IF: 0.6)"
370,2023,전기전자공학,880977142,차한주,8,0.0724,0.173543,"[순환신경망을 이용한 충주수상태양광 발전량 예측]
   └ 학회: 전력전자학회 (IF: 0.45)
--------------------------------
[가변속 DFIM 시스템의 가상관성 모델링]
   └ 학회: 대한전기학회 (IF: 0.39)
--------------------------------
[Cable Impedance Measurement and Verification Method]
   └ 학회: 대한전기학회 (IF: 0.39)
--------------------------------
[배터리 입력단에 전달되는 전도 노이즈 분석을 위한 단상 인버터의 고주파 회로 모델]
   └ 학회: 대한전기학회 (IF: 0.39)
--------------------------------
[Analysis of Backward Mode for LLC-based Bidirectional Batteries Charger]
   └ 학회: 대한전기학회 (IF: 0.39)
--------------------------------
[기상예보를 이용한 수상태양광 발전량 예측]
   └ 학회: 대한전기학회 (IF: 0.39)
--------------------------------
[과부하 배전선로의 운전용량 유지를 위한 에너지저장시스템의 최적 운전 스케줄링 및 실시간 보상 방법]
   └ 학회: 대한전기학회 (IF: 0.39)
--------------------------------
[하이브리드 회귀모델을 이용한 태양광발전이 통합된 배전선로의 순부하 예측 방법]
   └ 학회: 대한전기학회 (IF: 0.39)"
371,2023,전기전자공학,360559245,추현곤,3,0.0712,0.14528,"[기계를 위한 비디오 부호화 표준화 동향]
   └ 학회: 한국방송·미디어공학회 (IF: 0.49)
--------------------------------
[Performance Improvement and Modification of VVC RPR Technology for Machine Vision Systems]
   └ 학회: 한국방송·미디어공학회 (IF: 0.49)
--------------------------------
[A Simple and Efficient Method to Combine Depth Map with Planar Prior for Multi-View Stereo]
   └ 학회: 한국방송·미디어공학회 (IF: 0.49)"
372,2023,전기전자공학,135927443,반현민,3,0.0712,0.14528,"[전파 거리에 따른 위상 홀로그램 복원성능 분석 및 BL-ASM 개선 방안 연구]
   └ 학회: 한국방송·미디어공학회 (IF: 0.49)
--------------------------------
[신경망 기반 블록 단위 위상 홀로그램 이미지 압축]
   └ 학회: 한국방송·미디어공학회 (IF: 0.49)
--------------------------------
[DHM을 위한 간섭무늬 압축 방법과 위상 압축 방법의 성능 비교]
   └ 학회: 한국방송·미디어공학회 (IF: 0.49)"
373,2023,전기전자공학,971359038,최승미,3,0.0712,0.14528,"[전파 거리에 따른 위상 홀로그램 복원성능 분석 및 BL-ASM 개선 방안 연구]
   └ 학회: 한국방송·미디어공학회 (IF: 0.49)
--------------------------------
[신경망 기반 블록 단위 위상 홀로그램 이미지 압축]
   └ 학회: 한국방송·미디어공학회 (IF: 0.49)
--------------------------------
[DHM을 위한 간섭무늬 압축 방법과 위상 압축 방법의 성능 비교]
   └ 학회: 한국방송·미디어공학회 (IF: 0.49)"
374,2023,전기전자공학,222501407,김휘용,3,0.0712,0.14528,"[전파 거리에 따른 위상 홀로그램 복원성능 분석 및 BL-ASM 개선 방안 연구]
   └ 학회: 한국방송·미디어공학회 (IF: 0.49)
--------------------------------
[신경망 기반 블록 단위 위상 홀로그램 이미지 압축]
   └ 학회: 한국방송·미디어공학회 (IF: 0.49)
--------------------------------
[DHM을 위한 간섭무늬 압축 방법과 위상 압축 방법의 성능 비교]
   └ 학회: 한국방송·미디어공학회 (IF: 0.49)"
375,2023,전기전자공학,217397770,차준영,2,0.0712,0.14528,"[전파 거리에 따른 위상 홀로그램 복원성능 분석 및 BL-ASM 개선 방안 연구]
   └ 학회: 한국방송·미디어공학회 (IF: 0.49)
--------------------------------
[신경망 기반 블록 단위 위상 홀로그램 이미지 압축]
   └ 학회: 한국방송·미디어공학회 (IF: 0.49)"
376,2023,전기전자공학,618664617,서정일,1,0.0712,0.14528,"[기계를 위한 비디오 부호화 표준화 동향]
   └ 학회: 한국방송·미디어공학회 (IF: 0.49)"
377,2023,전기전자공학,449134811,김진웅,1,0.0712,0.14528,"[전파 거리에 따른 위상 홀로그램 복원성능 분석 및 BL-ASM 개선 방안 연구]
   └ 학회: 한국방송·미디어공학회 (IF: 0.49)"
378,2023,전기전자공학,645231569,홍순기,1,0.0712,0.14528,"[핫클립 생성 딥러닝 기술을 활용한 방송 시스템 지능화]
   └ 학회: 한국방송·미디어공학회 (IF: 0.49)"
379,2023,전기전자공학,792364123,이동수,1,0.0712,0.14528,"[반려견 안면인식률 개선을 위한 딥러닝 기반 특징점 추출 방법 및 학습 알고리즘 연구]
   └ 학회: 한국방송·미디어공학회 (IF: 0.49)"
380,2023,전기전자공학,759896046,이정경,1,0.0712,0.14528,"[딥러닝 기반 복원 픽쳐 버퍼 프레임을 이용한 인루프 필터 방법]
   └ 학회: 한국방송·미디어공학회 (IF: 0.49)"
381,2023,전기전자공학,917832594,전도현,1,0.0712,0.14528,"[외관 변화를 고려한 적응적 다수 휴먼 추적 방법]
   └ 학회: 한국방송·미디어공학회 (IF: 0.49)"
382,2023,전기전자공학,162823380,장주용,1,0.0712,0.14528,"[외관 변화를 고려한 적응적 다수 휴먼 추적 방법]
   └ 학회: 한국방송·미디어공학회 (IF: 0.49)"
383,2023,전기전자공학,935778325,우딘 쿠툽,1,0.0712,0.14528,"[Enhanced Adversarial Attack for Avoidance of Fake Image Detection]
   └ 학회: 한국방송·미디어공학회 (IF: 0.49)"
384,2023,전기전자공학,583683184,오병태,1,0.0712,0.14528,"[Enhanced Adversarial Attack for Avoidance of Fake Image Detection]
   └ 학회: 한국방송·미디어공학회 (IF: 0.49)"
385,2023,전기전자공학,481874535,장영균,1,0.0712,0.14528,"[다양한 딥 러닝 학습 환경하의 콘텐츠 기반 이미지 검색]
   └ 학회: 한국방송·미디어공학회 (IF: 0.49)"
386,2023,전기전자공학,762889864,박승호,1,0.0712,0.14528,"[조건 목적을 사용한 딥러닝 기반의 인지적 영상 복원]
   └ 학회: 한국방송·미디어공학회 (IF: 0.49)"
387,2023,전기전자공학,177037253,박수정,1,0.0709,0.118145,"[인공지능 학습모델과 음향데이터를 이용한 군사장비 식별]
   └ 학회: 한국멀티미디어학회 (IF: 0.6)"
388,2023,전기전자공학,297546896,이수진,1,0.0709,0.118145,"[인공지능 학습모델과 음향데이터를 이용한 군사장비 식별]
   └ 학회: 한국멀티미디어학회 (IF: 0.6)"
389,2023,전기전자공학,687136118,황새연,1,0.0705,0.130581,"[공감 및 구체적 설명 생성 우울증 챗봇 구현을 위한 모델 기초 연구]
   └ 학회: 한국정보통신학회 (IF: 0.54)"
390,2023,전기전자공학,143530166,이창우,1,0.0689,0.114753,"[Edge Computing에서 멀티미디어 서비스를 위한 MDP 기반 오프로딩 트렌드 예측 기법]
   └ 학회: 한국멀티미디어학회 (IF: 0.6)"
391,2023,전기전자공학,424068262,박건,1,0.0687,0.122667,"[콘크리트 구조물의 이상 탐지를 위한 시맨틱 분할 기반의 데이터 증강 기법]
   └ 학회: 한국정보기술학회 (IF: 0.56)"
392,2023,전기전자공학,514088080,안재윤,1,0.0687,0.122667,"[콘크리트 구조물의 이상 탐지를 위한 시맨틱 분할 기반의 데이터 증강 기법]
   └ 학회: 한국정보기술학회 (IF: 0.56)"
393,2023,전기전자공학,230360454,유현,1,0.0687,0.122667,"[콘크리트 구조물의 이상 탐지를 위한 시맨틱 분할 기반의 데이터 증강 기법]
   └ 학회: 한국정보기술학회 (IF: 0.56)"
394,2023,전기전자공학,664989340,정경용,1,0.0687,0.122667,"[콘크리트 구조물의 이상 탐지를 위한 시맨틱 분할 기반의 데이터 증강 기법]
   └ 학회: 한국정보기술학회 (IF: 0.56)"
395,2023,전기전자공학,449350198,이용오,1,0.0687,0.12719,"[보행자와 차량의 정체와 흐름 및 안전을 분석하는 AI 신호등 시스템 연구]
   └ 학회: 한국정보통신학회 (IF: 0.54)"
396,2023,전기전자공학,880271085,고성현,1,0.0687,0.12719,"[제조데이터 기반 품질 향상을 위한 최적 AI 알고리즘 구현]
   └ 학회: 한국정보통신학회 (IF: 0.54)"
397,2023,전기전자공학,179715041,정경택,1,0.0687,0.12719,"[제조데이터 기반 품질 향상을 위한 최적 AI 알고리즘 구현]
   └ 학회: 한국정보통신학회 (IF: 0.54)"
398,2023,전기전자공학,829345791,최효민,1,0.0677,0.173545,"[외형특징 추출 기능을 개선한 딥러닝 기반의 다중객체 추적]
   └ 학회: 대한전기학회 (IF: 0.39)"
399,2023,전기전자공학,662538615,송재복,3,0.0672,0.16789199999999999,"[강화학습의 신속한 학습을 위한 변이형 오토인코더 기반의 조립 특징 추출 네트워크]
   └ 학회: 한국로봇학회(논문지) (IF: 0.4)
--------------------------------
[조립 공정을 위한 로봇-사람 간 작업 공유 시스템]
   └ 학회: 한국로봇학회(논문지) (IF: 0.4)
--------------------------------
[단일 펌프를 이용하여 공압 그리퍼와 진공 그리퍼의 동시 구현이 가능한 그리핑 시스템의 개발]
   └ 학회: 한국로봇학회(논문지) (IF: 0.4)"
400,2023,전기전자공학,575315358,윤준완,2,0.0672,0.16789199999999999,"[강화학습의 신속한 학습을 위한 변이형 오토인코더 기반의 조립 특징 추출 네트워크]
   └ 학회: 한국로봇학회(논문지) (IF: 0.4)
--------------------------------
[조립 공정을 위한 로봇-사람 간 작업 공유 시스템]
   └ 학회: 한국로봇학회(논문지) (IF: 0.4)"
401,2023,전기전자공학,166297546,나민우,2,0.0672,0.16789199999999999,"[강화학습의 신속한 학습을 위한 변이형 오토인코더 기반의 조립 특징 추출 네트워크]
   └ 학회: 한국로봇학회(논문지) (IF: 0.4)
--------------------------------
[조립 공정을 위한 로봇-사람 간 작업 공유 시스템]
   └ 학회: 한국로봇학회(논문지) (IF: 0.4)"
402,2023,전기전자공학,515130882,임승철,1,0.0669,0.13114599999999998,"[트랜스포머 기반 효율적인 자연어 처리 방안 연구]
   └ 학회: 국제인공지능학회 (IF: 0.51)"
403,2023,전기전자공학,177129188,윤성구,1,0.0669,0.13114599999999998,"[트랜스포머 기반 효율적인 자연어 처리 방안 연구]
   └ 학회: 국제인공지능학회 (IF: 0.51)"
404,2023,전기전자공학,538383510,권오극,2,0.0665,0.15828,"[순환신경망을 이용한 충주수상태양광 발전량 예측]
   └ 학회: 전력전자학회 (IF: 0.45)
--------------------------------
[기상예보를 이용한 수상태양광 발전량 예측]
   └ 학회: 대한전기학회 (IF: 0.39)"
405,2023,전기전자공학,1272713,홍현표,2,0.0665,0.15828,"[순환신경망을 이용한 충주수상태양광 발전량 예측]
   └ 학회: 전력전자학회 (IF: 0.45)
--------------------------------
[기상예보를 이용한 수상태양광 발전량 예측]
   └ 학회: 대한전기학회 (IF: 0.39)"
406,2023,전기전자공학,491290826,조현식,2,0.0665,0.15828,"[순환신경망을 이용한 충주수상태양광 발전량 예측]
   └ 학회: 전력전자학회 (IF: 0.45)
--------------------------------
[기상예보를 이용한 수상태양광 발전량 예측]
   └ 학회: 대한전기학회 (IF: 0.39)"
407,2023,전기전자공학,993349,김현정,4,0.0662,0.118145,"[반려동물의 행동 분석을 위한 인공지능 기반의 웨어러블 센서 데이터 연구]
   └ 학회: 한국정보기술학회 (IF: 0.56)
--------------------------------
[An Artificial Intelligence Model for Predicting Real Estate Contract Cancelation based on Naive Bayesian Classification: A Case Study of Apartment Sales in Seoul Metropolitan Area]
   └ 학회: 한국정보기술학회 (IF: 0.56)
--------------------------------
[코로나19와 대중의 교통수단 선택 변화에 대한 인공지능 기반 예측 모델 연구]
   └ 학회: 한국정보기술학회 (IF: 0.56)
--------------------------------
[전국 노인교통사고 사망 및 부상자의 시 · 공간 패턴 분석: 2011~2020년 전국 노인교통사고 데이터 기반의 실증연구]
   └ 학회: 한국정보기술학회 (IF: 0.56)"
408,2023,전기전자공학,787392435,김규석,3,0.0662,0.118145,"[반려동물의 행동 분석을 위한 인공지능 기반의 웨어러블 센서 데이터 연구]
   └ 학회: 한국정보기술학회 (IF: 0.56)
--------------------------------
[An Artificial Intelligence Model for Predicting Real Estate Contract Cancelation based on Naive Bayesian Classification: A Case Study of Apartment Sales in Seoul Metropolitan Area]
   └ 학회: 한국정보기술학회 (IF: 0.56)
--------------------------------
[코로나19와 대중의 교통수단 선택 변화에 대한 인공지능 기반 예측 모델 연구]
   └ 학회: 한국정보기술학회 (IF: 0.56)"
409,2023,전기전자공학,309700062,이영건,1,0.0659,0.122102,"[젯슨 나노 기반의 차량 추적 캔위성 시스템 개발]
   └ 학회: 한국정보통신학회 (IF: 0.54)"
410,2023,전기전자공학,845981654,유승훈,1,0.0659,0.122102,"[젯슨 나노 기반의 차량 추적 캔위성 시스템 개발]
   └ 학회: 한국정보통신학회 (IF: 0.54)"
411,2023,전기전자공학,958257159,이상현,1,0.0659,0.122102,"[젯슨 나노 기반의 차량 추적 캔위성 시스템 개발]
   └ 학회: 한국정보통신학회 (IF: 0.54)"
412,2023,전기전자공학,757003863,이상구,1,0.0659,0.122102,"[젯슨 나노 기반의 차량 추적 캔위성 시스템 개발]
   └ 학회: 한국정보통신학회 (IF: 0.54)"
413,2023,전기전자공학,892835027,박상준,1,0.0659,0.122102,"[지상군 지능형 지휘통제체계를 위한 사용자 요구 기반의 인공지능 적용 서비스 목록 분석 연구]
   └ 학회: 한국정보통신학회 (IF: 0.54)"
414,2023,전기전자공학,334020373,김국주,1,0.0659,0.122102,"[지상군 지능형 지휘통제체계를 위한 사용자 요구 기반의 인공지능 적용 서비스 목록 분석 연구]
   └ 학회: 한국정보통신학회 (IF: 0.54)"
415,2023,전기전자공학,711819528,김용철,1,0.0659,0.122102,"[지상군 지능형 지휘통제체계를 위한 사용자 요구 기반의 인공지능 적용 서비스 목록 분석 연구]
   └ 학회: 한국정보통신학회 (IF: 0.54)"
416,2023,전기전자공학,122294191,정찬기,1,0.0659,0.122102,"[지상군 지능형 지휘통제체계를 위한 사용자 요구 기반의 인공지능 적용 서비스 목록 분석 연구]
   └ 학회: 한국정보통신학회 (IF: 0.54)"
417,2023,전기전자공학,358099850,고영봉,1,0.0659,0.122102,"[글로벌 금융 허브를 위한 한국에서의 AI 금융 ICT 시스템의 분석 설계 및 구축 연구]
   └ 학회: 한국정보통신학회 (IF: 0.54)"
418,2023,전기전자공학,563280037,김준범,1,0.0659,0.122102,"[확산 모델 기반의 실시간 스케치 협업 소프트웨어 설계 및 구현]
   └ 학회: 한국정보통신학회 (IF: 0.54)"
419,2023,전기전자공학,400516545,이선재,1,0.0659,0.122102,"[확산 모델 기반의 실시간 스케치 협업 소프트웨어 설계 및 구현]
   └ 학회: 한국정보통신학회 (IF: 0.54)"
420,2023,전기전자공학,135861565,강석훈,1,0.0659,0.122102,"[M-RAG: 메타데이터를 이용한 RAG 방법의 성능향상]
   └ 학회: 한국정보통신학회 (IF: 0.54)"
421,2023,전기전자공학,201510330,김성진,1,0.0659,0.122102,"[M-RAG: 메타데이터를 이용한 RAG 방법의 성능향상]
   └ 학회: 한국정보통신학회 (IF: 0.54)"
422,2023,전기전자공학,973226124,이종복,2,0.0653,0.163369,"[다자유도 비강 자동 검체 채취 로봇 메커니즘 개발]
   └ 학회: 한국로봇학회(논문지) (IF: 0.4)
--------------------------------
[평지 및 계단 환경에서 보행 속도 변화에 대응 가능한 웨어러블 로봇의 보행 위상 추정 방법]
   └ 학회: 한국로봇학회(논문지) (IF: 0.4)"
423,2023,전기전자공학,930978000,김호빈,2,0.0653,0.163369,"[다자유도 비강 자동 검체 채취 로봇 메커니즘 개발]
   └ 학회: 한국로봇학회(논문지) (IF: 0.4)
--------------------------------
[평지 및 계단 환경에서 보행 속도 변화에 대응 가능한 웨어러블 로봇의 보행 위상 추정 방법]
   └ 학회: 한국로봇학회(논문지) (IF: 0.4)"
424,2023,전기전자공학,509098626,김선우,2,0.0653,0.163369,"[다자유도 비강 자동 검체 채취 로봇 메커니즘 개발]
   └ 학회: 한국로봇학회(논문지) (IF: 0.4)
--------------------------------
[평지 및 계단 환경에서 보행 속도 변화에 대응 가능한 웨어러블 로봇의 보행 위상 추정 방법]
   └ 학회: 한국로봇학회(논문지) (IF: 0.4)"
425,2023,전기전자공학,379885119,김상도,2,0.0653,0.163369,"[다자유도 비강 자동 검체 채취 로봇 메커니즘 개발]
   └ 학회: 한국로봇학회(논문지) (IF: 0.4)
--------------------------------
[평지 및 계단 환경에서 보행 속도 변화에 대응 가능한 웨어러블 로봇의 보행 위상 추정 방법]
   └ 학회: 한국로봇학회(논문지) (IF: 0.4)"
426,2023,전기전자공학,378408077,박신석,2,0.0653,0.163369,"[다자유도 비강 자동 검체 채취 로봇 메커니즘 개발]
   └ 학회: 한국로봇학회(논문지) (IF: 0.4)
--------------------------------
[평지 및 계단 환경에서 보행 속도 변화에 대응 가능한 웨어러블 로봇의 보행 위상 추정 방법]
   └ 학회: 한국로봇학회(논문지) (IF: 0.4)"
427,2023,전기전자공학,404111314,이종원,2,0.0653,0.163369,"[다자유도 비강 자동 검체 채취 로봇 메커니즘 개발]
   └ 학회: 한국로봇학회(논문지) (IF: 0.4)
--------------------------------
[평지 및 계단 환경에서 보행 속도 변화에 대응 가능한 웨어러블 로봇의 보행 위상 추정 방법]
   └ 학회: 한국로봇학회(논문지) (IF: 0.4)"
428,2023,전기전자공학,808796531,기인호,1,0.0653,0.163369,"[평지 및 계단 환경에서 보행 속도 변화에 대응 가능한 웨어러블 로봇의 보행 위상 추정 방법]
   └ 학회: 한국로봇학회(논문지) (IF: 0.4)"
429,2023,전기전자공학,382567406,김강건,1,0.0653,0.163369,"[평지 및 계단 환경에서 보행 속도 변화에 대응 가능한 웨어러블 로봇의 보행 위상 추정 방법]
   └ 학회: 한국로봇학회(논문지) (IF: 0.4)"
430,2023,전기전자공학,955313161,강성민,1,0.0648,0.10797000000000001,"[딥러닝 기반 위내시경 데이터 해부학적 위치 분류 모델 개발 연구]
   └ 학회: 한국멀티미디어학회 (IF: 0.6)"
431,2023,전기전자공학,159616326,김영재,1,0.0648,0.10797000000000001,"[딥러닝 기반 위내시경 데이터 해부학적 위치 분류 모델 개발 연구]
   └ 학회: 한국멀티미디어학회 (IF: 0.6)"
432,2023,전기전자공학,671514231,김윤재,1,0.0648,0.10797000000000001,"[딥러닝 기반 위내시경 데이터 해부학적 위치 분류 모델 개발 연구]
   └ 학회: 한국멀티미디어학회 (IF: 0.6)"
433,2023,전기전자공학,696294592,김광기,1,0.0648,0.10797000000000001,"[딥러닝 기반 위내시경 데이터 해부학적 위치 분류 모델 개발 연구]
   └ 학회: 한국멀티미디어학회 (IF: 0.6)"
434,2023,전기전자공학,293796460,곽근창,2,0.0642,0.16449999999999998,"[심장 기능적 분석을 위한 딥러닝기반 구조적 분할]
   └ 학회: 대한전기학회 (IF: 0.39)
--------------------------------
[CCA 방법의 다중특징융합을 이용한 딥러닝 기반 음성 감정 인식]
   └ 학회: 대한전기학회 (IF: 0.39)"
435,2023,전기전자공학,910332680,윤상민,1,0.0642,0.16449999999999998,"[Binding constraints를 고려한 딥러닝 기반 최적조류계산 모델 및 대형계통 적용 사례 연구]
   └ 학회: 대한전기학회 (IF: 0.39)"
436,2023,전기전자공학,985286416,신한솔,1,0.0642,0.16449999999999998,"[Binding constraints를 고려한 딥러닝 기반 최적조류계산 모델 및 대형계통 적용 사례 연구]
   └ 학회: 대한전기학회 (IF: 0.39)"
437,2023,전기전자공학,318325982,곽규형,1,0.0642,0.16449999999999998,"[Binding constraints를 고려한 딥러닝 기반 최적조류계산 모델 및 대형계통 적용 사례 연구]
   └ 학회: 대한전기학회 (IF: 0.39)"
438,2023,전기전자공학,465708949,오효빈,1,0.0642,0.16449999999999998,"[Binding constraints를 고려한 딥러닝 기반 최적조류계산 모델 및 대형계통 적용 사례 연구]
   └ 학회: 대한전기학회 (IF: 0.39)"
439,2023,전기전자공학,566252922,윤형석,1,0.0642,0.16449999999999998,"[Binding constraints를 고려한 딥러닝 기반 최적조류계산 모델 및 대형계통 적용 사례 연구]
   └ 학회: 대한전기학회 (IF: 0.39)"
440,2023,전기전자공학,877907649,김욱,1,0.0642,0.16449999999999998,"[Binding constraints를 고려한 딥러닝 기반 최적조류계산 모델 및 대형계통 적용 사례 연구]
   └ 학회: 대한전기학회 (IF: 0.39)"
441,2023,전기전자공학,770342659,구경완,3,0.0633,0.162238,"[가축분뇨 활용 돈사 RE100 인증에 관한 연구]
   └ 학회: 대한전기학회 (IF: 0.39)
--------------------------------
[효율적인 군용차량 운용을 위한 하이브리드 시스템 적용에 관한 연구]
   └ 학회: 대한전기학회 (IF: 0.39)
--------------------------------
[BLE 기반 스마트 축사 복합환경 멀티센싱 및 가축 개체별 생체정보 측정 방법에 관한 연구]
   └ 학회: 대한전기학회 (IF: 0.39)"
442,2023,전기전자공학,498382746,김기현,2,0.0633,0.162238,"[가축분뇨 활용 돈사 RE100 인증에 관한 연구]
   └ 학회: 대한전기학회 (IF: 0.39)
--------------------------------
[BLE 기반 스마트 축사 복합환경 멀티센싱 및 가축 개체별 생체정보 측정 방법에 관한 연구]
   └ 학회: 대한전기학회 (IF: 0.39)"
443,2023,전기전자공학,817571,김정주,1,0.0633,0.162238,"[BLE 기반 스마트 축사 복합환경 멀티센싱 및 가축 개체별 생체정보 측정 방법에 관한 연구]
   └ 학회: 대한전기학회 (IF: 0.39)"
444,2023,전기전자공학,450090060,김기원,1,0.0633,0.162238,"[BLE 기반 스마트 축사 복합환경 멀티센싱 및 가축 개체별 생체정보 측정 방법에 관한 연구]
   └ 학회: 대한전기학회 (IF: 0.39)"
445,2023,전기전자공학,324544377,최재훈,1,0.0633,0.162238,"[BLE 기반 스마트 축사 복합환경 멀티센싱 및 가축 개체별 생체정보 측정 방법에 관한 연구]
   └ 학회: 대한전기학회 (IF: 0.39)"
446,2023,전기전자공학,159801559,배정현,1,0.0633,0.162238,"[BLE 기반 스마트 축사 복합환경 멀티센싱 및 가축 개체별 생체정보 측정 방법에 관한 연구]
   └ 학회: 대한전기학회 (IF: 0.39)"
447,2023,전기전자공학,802939261,우정완,1,0.0631,0.157716,"[자가학습과 지식증류 방법을 활용한 LiDAR 3차원 물체 탐지에서의 준지도 도메인 적응]
   └ 학회: 한국로봇학회(논문지) (IF: 0.4)"
448,2023,전기전자공학,836327453,김재열,1,0.0631,0.157716,"[자가학습과 지식증류 방법을 활용한 LiDAR 3차원 물체 탐지에서의 준지도 도메인 적응]
   └ 학회: 한국로봇학회(논문지) (IF: 0.4)"
449,2023,전기전자공학,802147228,임성훈,1,0.0631,0.157716,"[자가학습과 지식증류 방법을 활용한 LiDAR 3차원 물체 탐지에서의 준지도 도메인 적응]
   └ 학회: 한국로봇학회(논문지) (IF: 0.4)"
450,2023,전기전자공학,875973,김민준,1,0.0624,0.15997699999999998,"[SAM Optimizer를 통한 위내시경 이미지 분류 CADx의 성능 향상 연구]
   └ 학회: 대한전기학회 (IF: 0.39)"
451,2023,전기전자공학,873652140,원형식,1,0.0624,0.15997699999999998,"[SAM Optimizer를 통한 위내시경 이미지 분류 CADx의 성능 향상 연구]
   └ 학회: 대한전기학회 (IF: 0.39)"
452,2023,전기전자공학,899230809,조현진,1,0.0624,0.15997699999999998,"[SAM Optimizer를 통한 위내시경 이미지 분류 CADx의 성능 향상 연구]
   └ 학회: 대한전기학회 (IF: 0.39)"
453,2023,전기전자공학,961677623,정의정,3,0.0617,0.154325,"[자율주행과 안전 기능을 지니는 퍼스널 모빌리티 스쿠터 개발]
   └ 학회: 제어로봇시스템학회 (IF: 0.78)
--------------------------------
[로봇팔을 지닌 물류용 자율주행 전기차 플랫폼 개발]
   └ 학회: 한국로봇학회(논문지) (IF: 0.4)
--------------------------------
[안내 로봇을 향한 관람객의 행위 인식 기반 관심도 추정]
   └ 학회: 한국로봇학회(논문지) (IF: 0.4)"
454,2023,전기전자공학,712265955,Christine Musanase,1,0.0617,0.110231,"[Prediction of Soil Quality in Rwanda for Ideal Cultivation of Potato (Solanum tuberosum) Using Fuzzy Logic and Machine Learning]
   └ 학회: 한국지능시스템학회 (IF: 0.56)"
455,2023,전기전자공학,535777108,Anthony Vodacek,1,0.0617,0.110231,"[Prediction of Soil Quality in Rwanda for Ideal Cultivation of Potato (Solanum tuberosum) Using Fuzzy Logic and Machine Learning]
   └ 학회: 한국지능시스템학회 (IF: 0.56)"
456,2023,전기전자공학,327017484,Damien Hanyurwimfura,1,0.0617,0.110231,"[Prediction of Soil Quality in Rwanda for Ideal Cultivation of Potato (Solanum tuberosum) Using Fuzzy Logic and Machine Learning]
   └ 학회: 한국지능시스템학회 (IF: 0.56)"
457,2023,전기전자공학,733554214,Alfred Uwitonze,1,0.0617,0.110231,"[Prediction of Soil Quality in Rwanda for Ideal Cultivation of Potato (Solanum tuberosum) Using Fuzzy Logic and Machine Learning]
   └ 학회: 한국지능시스템학회 (IF: 0.56)"
458,2023,전기전자공학,143623339,Aloys Fashaho,1,0.0617,0.110231,"[Prediction of Soil Quality in Rwanda for Ideal Cultivation of Potato (Solanum tuberosum) Using Fuzzy Logic and Machine Learning]
   └ 학회: 한국지능시스템학회 (IF: 0.56)"
459,2023,전기전자공학,971372324,Adrien Turamyemyirijuru,1,0.0617,0.110231,"[Prediction of Soil Quality in Rwanda for Ideal Cultivation of Potato (Solanum tuberosum) Using Fuzzy Logic and Machine Learning]
   └ 학회: 한국지능시스템학회 (IF: 0.56)"
460,2023,전기전자공학,859822028,강성재,1,0.0615,0.157716,"[가려진 사람의 재식별을 위한 트랜스포머 기반 교차 어텐션과 특징 다양화]
   └ 학회: 대한전기학회 (IF: 0.39)"
461,2023,전기전자공학,728621269,김세준,1,0.0615,0.157716,"[가려진 사람의 재식별을 위한 트랜스포머 기반 교차 어텐션과 특징 다양화]
   └ 학회: 대한전기학회 (IF: 0.39)"
462,2023,전기전자공학,237190534,유석종,2,0.0608,0.108535,"[베스트셀러 도서 예측을 위한 머신러닝 알고리즘 성능평가]
   └ 학회: 한국정보기술학회 (IF: 0.56)
--------------------------------
[자연어 처리 기법을 활용한 판례 기반 모욕성 문장 분석 시스템]
   └ 학회: 한국정보기술학회 (IF: 0.56)"
463,2023,전기전자공학,886910158,신소영,1,0.0606,0.15545499999999998,"[CNN 기반 딥러닝 모델을 통한 폐암 컴퓨터 보조 진단 시스템 개발]
   └ 학회: 대한전기학회 (IF: 0.39)"
464,2023,전기전자공학,816973510,이종식,2,0.0602,0.106839,"[DEVS를 활용한 공급망 내 정기 주문 정책 모델링 및 시뮬레이션]
   └ 학회: 한국멀티미디어학회 (IF: 0.6)
--------------------------------
[모델 독립적 방법과 모델 의존적 방법의 결합을 통한 기계학습 기반 특징 선택 기법]
   └ 학회: 한국지능시스템학회 (IF: 0.56)"
465,2023,전기전자공학,932997919,현승호,2,0.0595,0.152629,"[분산형 전원이 연결된 배전계통에서의 분리된 상별 인공지능 모델을 이용한 고장종류 및 고장구간 판별 방법]
   └ 학회: 대한전기학회 (IF: 0.39)
--------------------------------
[계시별 요금제에서 공장의 부하계획을 위한 혼합 정수계획법 모형]
   └ 학회: 대한전기학회 (IF: 0.39)"
466,2023,전기전자공학,352211059,강석준,1,0.0595,0.152629,"[분산형 전원이 연결된 배전계통에서의 분리된 상별 인공지능 모델을 이용한 고장종류 및 고장구간 판별 방법]
   └ 학회: 대한전기학회 (IF: 0.39)"
467,2023,전기전자공학,589385294,이혜정,1,0.0595,0.152629,"[분산형 전원이 연결된 배전계통에서의 분리된 상별 인공지능 모델을 이용한 고장종류 및 고장구간 판별 방법]
   └ 학회: 대한전기학회 (IF: 0.39)"
468,2023,전기전자공학,484832577,최명찬,1,0.0595,0.152629,"[분산형 전원이 연결된 배전계통에서의 분리된 상별 인공지능 모델을 이용한 고장종류 및 고장구간 판별 방법]
   └ 학회: 대한전기학회 (IF: 0.39)"
469,2023,전기전자공학,371588913,김도균,1,0.0595,0.152629,"[분산형 전원이 연결된 배전계통에서의 분리된 상별 인공지능 모델을 이용한 고장종류 및 고장구간 판별 방법]
   └ 학회: 대한전기학회 (IF: 0.39)"
470,2023,전기전자공학,775277327,이석환,5,0.059,0.098361,"[Semantic 3D City Model Data Visualization for Smar t City Digital Twin]
   └ 학회: 한국멀티미디어학회 (IF: 0.6)
--------------------------------
[동적 장애물 환경에서 Heat Kernel 및 Costmap 레이어를 이용한 AMR 장애물 회피 방법]
   └ 학회: 한국멀티미디어학회 (IF: 0.6)
--------------------------------
[디지털 트윈 기반 합성 데이터 자동 생성 모델을 이용한 화재 조기 검출 시스템]
   └ 학회: 한국멀티미디어학회 (IF: 0.6)
--------------------------------
[메가시티의 공간정보 협력 플랫폼 설계 및 구축 개발]
   └ 학회: 한국멀티미디어학회 (IF: 0.6)
--------------------------------
[실내 화재안전 관리를 위한 디지털 트윈 기술 수용의 결정요인에 대한 실증분석]
   └ 학회: 한국멀티미디어학회 (IF: 0.6)"
471,2023,전기전자공학,377296395,Ho Sun Shon,1,0.0586,0.150368,"[Improvement of Kidney Tumor Stage Classification Performance using Machine Learning Methods]
   └ 학회: 대한전기학회 (IF: 0.39)"
472,2023,전기전자공학,830449237,Kong Vungsovanreach,1,0.0586,0.150368,"[Improvement of Kidney Tumor Stage Classification Performance using Machine Learning Methods]
   └ 학회: 대한전기학회 (IF: 0.39)"
473,2023,전기전자공학,620459641,Seok Joong Yun,1,0.0586,0.150368,"[Improvement of Kidney Tumor Stage Classification Performance using Machine Learning Methods]
   └ 학회: 대한전기학회 (IF: 0.39)"
474,2023,전기전자공학,254911393,Jin Woo Oh,1,0.0586,0.150368,"[Improvement of Kidney Tumor Stage Classification Performance using Machine Learning Methods]
   └ 학회: 대한전기학회 (IF: 0.39)"
475,2023,전기전자공학,717586415,Tae Gun Kang,1,0.0586,0.150368,"[Improvement of Kidney Tumor Stage Classification Performance using Machine Learning Methods]
   └ 학회: 대한전기학회 (IF: 0.39)"
476,2023,전기전자공학,422798152,김경아,1,0.0586,0.150368,"[Improvement of Kidney Tumor Stage Classification Performance using Machine Learning Methods]
   └ 학회: 대한전기학회 (IF: 0.39)"
477,2023,전기전자공학,2139288,김진수,4,0.0582,0.10401200000000001,"[GNN 환경에서 적용 가능한 블록체인 기반 그래프 학습 데이터 관리 메커니즘]
   └ 학회: 한국정보기술학회 (IF: 0.56)
--------------------------------
[모빌리티 서비스의 토큰형 네트워크 기반 실시간 거래 수행 메커니즘]
   └ 학회: 한국정보기술학회 (IF: 0.56)
--------------------------------
[스마트컨트랙트 기반 전기차 배터리 충전이력 관리 메커니즘]
   └ 학회: 한국정보기술학회 (IF: 0.56)
--------------------------------
[랜덤 스케일을 통한 신원 정보 은닉 스테가노그래피 기반 데이터 공유 메커니즘]
   └ 학회: 한국정보기술학회 (IF: 0.56)"
478,2023,전기전자공학,915838967,박남제,4,0.0582,0.10401200000000001,"[GNN 환경에서 적용 가능한 블록체인 기반 그래프 학습 데이터 관리 메커니즘]
   └ 학회: 한국정보기술학회 (IF: 0.56)
--------------------------------
[모빌리티 서비스의 토큰형 네트워크 기반 실시간 거래 수행 메커니즘]
   └ 학회: 한국정보기술학회 (IF: 0.56)
--------------------------------
[스마트컨트랙트 기반 전기차 배터리 충전이력 관리 메커니즘]
   └ 학회: 한국정보기술학회 (IF: 0.56)
--------------------------------
[랜덤 스케일을 통한 신원 정보 은닉 스테가노그래피 기반 데이터 공유 메커니즘]
   └ 학회: 한국정보기술학회 (IF: 0.56)"
479,2023,전기전자공학,425127614,김성종,3,0.0582,0.104013,"[객체 이미지를 이용한 객체간 관계 기반의 내용기반 이미지 검색 기법]
   └ 학회: 한국정보기술학회 (IF: 0.56)
--------------------------------
[LSTM 오토인코더를 이용한 이상 탐지의 임계치 결정 방법]
   └ 학회: 한국정보기술학회 (IF: 0.56)
--------------------------------
[궤적 예측 및 이미지 유사도 측정에 기반한 다중 카메라 객체 추적 방법]
   └ 학회: 한국정보기술학회 (IF: 0.56)"
480,2023,전기전자공학,384242703,김영식,3,0.0581,0.14528,"[시간-주파수 분석 기법과 딥러닝을 사용한 저피탐 레이다 식별 기술의 정확도와 시간의 Trade-Off]
   └ 학회: 한국전자파학회 (IF: 0.4)
--------------------------------
[딕슨 정류기를 이용한 433 MHz 초저전력 Wake-Up 수신기 설계]
   └ 학회: 한국전자파학회 (IF: 0.4)
--------------------------------
[인지 무선 시스템을 위한 DVB-T2 및 Wi-Fi 6의 최적 스펙트럼 센싱에 관한 연구]
   └ 학회: 한국전자파학회 (IF: 0.4)"
481,2023,전기전자공학,513669733,김주현,2,0.0581,0.14528,"[자율주행과 안전 기능을 지니는 퍼스널 모빌리티 스쿠터 개발]
   └ 학회: 제어로봇시스템학회 (IF: 0.78)
--------------------------------
[안내 로봇을 향한 관람객의 행위 인식 기반 관심도 추정]
   └ 학회: 한국로봇학회(논문지) (IF: 0.4)"
482,2023,전기전자공학,132832,김민규,2,0.0581,0.14528,"[자율주행과 안전 기능을 지니는 퍼스널 모빌리티 스쿠터 개발]
   └ 학회: 제어로봇시스템학회 (IF: 0.78)
--------------------------------
[안내 로봇을 향한 관람객의 행위 인식 기반 관심도 추정]
   └ 학회: 한국로봇학회(논문지) (IF: 0.4)"
483,2023,전기전자공학,211123706,김창주,2,0.0581,0.14528,"[시간-주파수 분석 기법과 딥러닝을 사용한 저피탐 레이다 식별 기술의 정확도와 시간의 Trade-Off]
   └ 학회: 한국전자파학회 (IF: 0.4)
--------------------------------
[잡음 불확실성이 있는 환경에서 Nakagami-m 페이딩 신호의 스펙트럼 센싱 성능 분석]
   └ 학회: 한국전자파학회 (IF: 0.4)"
484,2023,전기전자공학,798236176,박영철,2,0.0581,0.14528,"[Deep Neural Network for the Behavioral Modeling of Memory Effects and Supply Dependency on 10-W Nonlinear Power Amplifiers]
   └ 학회: 한국전자파학회JEES (IF: 0.4)
--------------------------------
[Compact Asymmetrical Quasi-MMIC Doherty Power Amplifier]
   └ 학회: 한국전자파학회JEES (IF: 0.4)"
485,2023,전기전자공학,673646211,유준상,1,0.0581,0.14528,"[시간-주파수 분석 기법과 딥러닝을 사용한 저피탐 레이다 식별 기술의 정확도와 시간의 Trade-Off]
   └ 학회: 한국전자파학회 (IF: 0.4)"
486,2023,전기전자공학,878439558,조윤석,1,0.0581,0.14528,"[시간-주파수 분석 기법과 딥러닝을 사용한 저피탐 레이다 식별 기술의 정확도와 시간의 Trade-Off]
   └ 학회: 한국전자파학회 (IF: 0.4)"
487,2023,전기전자공학,769375236,최희열,1,0.0581,0.14528,"[시간-주파수 분석 기법과 딥러닝을 사용한 저피탐 레이다 식별 기술의 정확도와 시간의 Trade-Off]
   └ 학회: 한국전자파학회 (IF: 0.4)"
488,2023,전기전자공학,647080212,Mihyang Kang,1,0.0581,0.14528,"[Deep Neural Network for the Behavioral Modeling of Memory Effects and Supply Dependency on 10-W Nonlinear Power Amplifiers]
   └ 학회: 한국전자파학회JEES (IF: 0.4)"
489,2023,전기전자공학,588962910,Sieon Lim,1,0.0581,0.14528,"[Deep Neural Network for the Behavioral Modeling of Memory Effects and Supply Dependency on 10-W Nonlinear Power Amplifiers]
   └ 학회: 한국전자파학회JEES (IF: 0.4)"
490,2023,전기전자공학,907752295,문용재,1,0.0581,0.14528,"[딥러닝을 활용한 태양 및 우주환경 연구]
   └ 학회: 한국전자파학회 (IF: 0.4)"
491,2023,전기전자공학,255131632,이하림,1,0.0581,0.14528,"[딥러닝을 활용한 태양 및 우주환경 연구]
   └ 학회: 한국전자파학회 (IF: 0.4)"
492,2023,전기전자공학,802404378,정현진,1,0.0581,0.14528,"[딥러닝을 활용한 태양 및 우주환경 연구]
   └ 학회: 한국전자파학회 (IF: 0.4)"
493,2023,전기전자공학,165171971,이예준,1,0.0581,0.14528,"[안내 로봇을 향한 관람객의 행위 인식 기반 관심도 추정]
   └ 학회: 한국로봇학회(논문지) (IF: 0.4)"
494,2023,전기전자공학,5174391,박혜성,1,0.0574,0.10627500000000001,"[안정적인 베팅게임 운영을 위한 우선순위 기반의 MCTS 기법 연구]
   └ 학회: 한국정보통신학회 (IF: 0.54)"
495,2023,전기전자공학,450987858,진영상,1,0.0574,0.10627500000000001,"[안정적인 베팅게임 운영을 위한 우선순위 기반의 MCTS 기법 연구]
   └ 학회: 한국정보통신학회 (IF: 0.54)"
496,2023,전기전자공학,228702290,정성욱,1,0.0574,0.10627500000000001,"[안정적인 베팅게임 운영을 위한 우선순위 기반의 MCTS 기법 연구]
   └ 학회: 한국정보통신학회 (IF: 0.54)"
497,2023,전기전자공학,148567973,이상문,2,0.0571,0.12832,"[임피던스 제어를 사용한 로봇 매니퓰레이터의 LSTM 기반 모방학습]
   └ 학회: 제어로봇시스템학회 (IF: 0.78)
--------------------------------
[물리정보 기계학습 소개]
   └ 학회: 대한전기학회 (IF: 0.39)"
498,2023,전기전자공학,196323483,권순용,1,0.0567,0.14528,"[저화질 흑백 이미지의 복원을 위한 영상채색 및 초해상화의 상호 분리적 학습 모델]
   └ 학회: 대한전기학회 (IF: 0.39)"
499,2023,전기전자공학,145490917,조아현,1,0.0567,0.14528,"[CCA 방법의 다중특징융합을 이용한 딥러닝 기반 음성 감정 인식]
   └ 학회: 대한전기학회 (IF: 0.39)"
500,2023,전기전자공학,5426778,이경영,1,0.0567,0.14528,"[군집화를 통한 딥러닝 기반 배전계통 전력조류계산]
   └ 학회: 대한전기학회 (IF: 0.39)"
501,2023,전기전자공학,791760783,이흥석,1,0.0567,0.14528,"[딥 러닝을 이용한 전력계통 과도 안정도 평가에 관한 연구]
   └ 학회: 대한전기학회 (IF: 0.39)"
502,2023,전기전자공학,888378259,김종주,1,0.0567,0.14528,"[딥 러닝을 이용한 전력계통 과도 안정도 평가에 관한 연구]
   └ 학회: 대한전기학회 (IF: 0.39)"
503,2023,전기전자공학,778948829,박준호,1,0.0567,0.14528,"[딥 러닝을 이용한 전력계통 과도 안정도 평가에 관한 연구]
   └ 학회: 대한전기학회 (IF: 0.39)"
504,2023,전기전자공학,171125496,정상화,1,0.0567,0.14528,"[딥 러닝을 이용한 전력계통 과도 안정도 평가에 관한 연구]
   └ 학회: 대한전기학회 (IF: 0.39)"
505,2023,전기전자공학,860249213,김장환,3,0.0562,0.110231,"[Human Normalization Approach based on Disease Comparative Prediction Model between Covid-19 and Influenza]
   └ 학회: 국제인공지능학회 (IF: 0.51)
--------------------------------
[Robot Software Framework using Robot Operation System(ROS2) based on Behavior Tree]
   └ 학회: 국제인공지능학회 (IF: 0.51)
--------------------------------
[Learning Model for Avoiding Drowsy Driving with MoveNet and Dense Neural Network]
   └ 학회: 국제인공지능학회 (IF: 0.51)"
506,2023,전기전자공학,266980494,김영철,3,0.0562,0.110231,"[Human Normalization Approach based on Disease Comparative Prediction Model between Covid-19 and Influenza]
   └ 학회: 국제인공지능학회 (IF: 0.51)
--------------------------------
[Robot Software Framework using Robot Operation System(ROS2) based on Behavior Tree]
   └ 학회: 국제인공지능학회 (IF: 0.51)
--------------------------------
[Learning Model for Avoiding Drowsy Driving with MoveNet and Dense Neural Network]
   └ 학회: 국제인공지능학회 (IF: 0.51)"
507,2023,전기전자공학,784898969,Juhyeong Kang,1,0.0562,0.110231,"[EEG Feature Engineering for Machine Learning-Based CPAP Titration Optimization in Obstructive Sleep Apnea]
   └ 학회: 국제인공지능학회 (IF: 0.51)"
508,2023,전기전자공학,142421276,Jiseon Yang,1,0.0562,0.110231,"[EEG Feature Engineering for Machine Learning-Based CPAP Titration Optimization in Obstructive Sleep Apnea]
   └ 학회: 국제인공지능학회 (IF: 0.51)"
509,2023,전기전자공학,103817054,Seungwon Chung,1,0.0562,0.110231,"[EEG Feature Engineering for Machine Learning-Based CPAP Titration Optimization in Obstructive Sleep Apnea]
   └ 학회: 국제인공지능학회 (IF: 0.51)"
510,2023,전기전자공학,591339310,Sungeun Hwang,1,0.0562,0.110231,"[EEG Feature Engineering for Machine Learning-Based CPAP Titration Optimization in Obstructive Sleep Apnea]
   └ 학회: 국제인공지능학회 (IF: 0.51)"
511,2023,전기전자공학,868481325,Hyang Woon Lee,1,0.0562,0.110231,"[EEG Feature Engineering for Machine Learning-Based CPAP Titration Optimization in Obstructive Sleep Apnea]
   └ 학회: 국제인공지능학회 (IF: 0.51)"
512,2023,전기전자공학,441010037,김홍기,2,0.0551,0.09836,"[한국 중장년 여성에 대한 기계학습 기반 비침습적 요인들을 이용한 당뇨 및 공복혈당 장애 분류]
   └ 학회: 한국정보기술학회 (IF: 0.56)
--------------------------------
[한국 중장년 여성에 대한 기계학습 기반 비침습적 요인들을 이용한 당뇨 및 공복혈당 장애 분류]
   └ 학회: 한국정보기술학회 (IF: 0.56)"
513,2023,전기전자공학,105088115,이정수,1,0.0551,0.09836,"[모델 독립적 방법과 모델 의존적 방법의 결합을 통한 기계학습 기반 특징 선택 기법]
   └ 학회: 한국지능시스템학회 (IF: 0.56)"
514,2023,전기전자공학,765107169,정현기,1,0.0551,0.09836,"[다양한 기계학습 알고리즘의 스태킹 앙상블을 통한 뜰개 이동 예측]
   └ 학회: 한국지능시스템학회 (IF: 0.56)"
515,2023,전기전자공학,777592591,김태훈,1,0.0551,0.09836,"[다양한 기계학습 알고리즘의 스태킹 앙상블을 통한 뜰개 이동 예측]
   └ 학회: 한국지능시스템학회 (IF: 0.56)"
516,2023,전기전자공학,568571,김도연,1,0.0551,0.09836,"[다양한 기계학습 알고리즘의 스태킹 앙상블을 통한 뜰개 이동 예측]
   └ 학회: 한국지능시스템학회 (IF: 0.56)"
517,2023,전기전자공학,595905100,김용혁,1,0.0551,0.09836,"[다양한 기계학습 알고리즘의 스태킹 앙상블을 통한 뜰개 이동 예측]
   └ 학회: 한국지능시스템학회 (IF: 0.56)"
518,2023,전기전자공학,889461798,문승현,1,0.0551,0.09836,"[다양한 기계학습 알고리즘의 스태킹 앙상블을 통한 뜰개 이동 예측]
   └ 학회: 한국지능시스템학회 (IF: 0.56)"
519,2023,전기전자공학,988376574,정희경,3,0.0543,0.100621,"[Text Classification on Social Network Platforms Based on Deep Learning Models]
   └ 학회: 한국정보통신학회JICCE (IF: 0.54)
--------------------------------
[Design and Implementation of a Body Fat Classification Model using Human Body Size Data]
   └ 학회: 한국정보통신학회JICCE (IF: 0.54)
--------------------------------
[Transformer 기반 한국어 영어 번역 경량화 모델]
   └ 학회: 한국정보통신학회 (IF: 0.54)"
520,2023,전기전자공학,665858954,성시훈,1,0.054,0.110231,"[MBC의 미디어AI 서비스]
   └ 학회: 한국방송·미디어공학회 (IF: 0.49)"
521,2023,전기전자공학,580942432,Jong-Eon Lee,2,0.0528,0.103448,"[A Study on DNN-based STT Error Correction]
   └ 학회: 국제인공지능학회 (IF: 0.51)
--------------------------------
[Design and Implementation of AI Recommendation Platform for Commercial Services]
   └ 학회: 국제인공지능학회 (IF: 0.51)"
522,2023,전기전자공학,2028253,이인규,2,0.0525,0.093838,"[Leveraging Image Classification and Semantic Segmentation for Robust Cardiomegaly Diagnosis in Pet]
   └ 학회: 한국정보기술학회 (IF: 0.56)
--------------------------------
[에세이 평가 자동화를 위한 대조 학습 기반 다중계층 BERT 모델 손실함수에 관한 연구]
   └ 학회: 한국정보기술학회 (IF: 0.56)"
523,2023,전기전자공학,488115205,Jun-Young Oh,1,0.05,0.089316,"[Leveraging Image Classification and Semantic Segmentation for Robust Cardiomegaly Diagnosis in Pet]
   └ 학회: 한국정보기술학회 (IF: 0.56)"
524,2023,전기전자공학,792107330,Young-Min Go,1,0.05,0.089316,"[Leveraging Image Classification and Semantic Segmentation for Robust Cardiomegaly Diagnosis in Pet]
   └ 학회: 한국정보기술학회 (IF: 0.56)"
525,2023,전기전자공학,252402093,이재호,3,0.0498,0.063878,"[시계열 데이터 노이즈 합성을 통한 마르코프 전이 필드 기반 실내 측위 CNN 모델 설계에 관한 연구]
   └ 학회: 제어로봇시스템학회 (IF: 0.78)
--------------------------------
[Denoising Autoencoder를 활용한 RSSI Fingerprinting 기반 실내 위치 인식 기법]
   └ 학회: 제어로봇시스템학회 (IF: 0.78)
--------------------------------
[Color 적응형 Pix2Pix GAN 학습을 위한 데이터 전처리 방안]
   └ 학회: 제어로봇시스템학회 (IF: 0.78)"
526,2023,전기전자공학,954400108,이석훈,3,0.0488,0.08705500000000001,"[마인크래프트에서 양방향 디지털 트윈의 구현을 위한 IoT 데이터 동기화 시스템]
   └ 학회: 한국정보기술학회 (IF: 0.56)
--------------------------------
[엣지 컴퓨팅 환경에서 영상 처리의 성능 향상을 위한 얼굴 인식 기반 영상 검색 시스템]
   └ 학회: 한국정보기술학회 (IF: 0.56)
--------------------------------
[복분자 재배 환경에서 수확물 운반 도우미 로봇을 위한 YOLOv5와 LiDAR 활용 자율주행 시스템]
   └ 학회: 한국정보기술학회 (IF: 0.56)"
527,2023,전기전자공학,598542377,이건협,1,0.0476,0.061051,"[펙인홀 전략 학습을 위한 데이터 주도 물체 중심 학습 프레임워크]
   └ 학회: 제어로봇시스템학회 (IF: 0.78)"
528,2023,전기전자공학,618951083,이주순,1,0.0476,0.061051,"[펙인홀 전략 학습을 위한 데이터 주도 물체 중심 학습 프레임워크]
   └ 학회: 제어로봇시스템학회 (IF: 0.78)"
529,2023,전기전자공학,4598903,노상준,1,0.0476,0.061051,"[펙인홀 전략 학습을 위한 데이터 주도 물체 중심 학습 프레임워크]
   └ 학회: 제어로봇시스템학회 (IF: 0.78)"
530,2023,전기전자공학,858434796,박성호,1,0.0476,0.061051,"[펙인홀 전략 학습을 위한 데이터 주도 물체 중심 학습 프레임워크]
   └ 학회: 제어로봇시스템학회 (IF: 0.78)"
531,2023,전기전자공학,144002158,이규빈,1,0.0476,0.061051,"[펙인홀 전략 학습을 위한 데이터 주도 물체 중심 학습 프레임워크]
   └ 학회: 제어로봇시스템학회 (IF: 0.78)"
532,2023,전기전자공학,942939415,김종욱,4,0.0465,0.116449,"[시각장애인을 위한 RF센서 기반 실내 안내 로봇 개발]
   └ 학회: 한국지능시스템학회 (IF: 0.56)
--------------------------------
[윤리적 의사결정 시스템 기반 노인 건강 돌봄 로봇 개발]
   └ 학회: 한국지능시스템학회 (IF: 0.56)
--------------------------------
[드론을 이용한 임항도로 균열 및 포트홀 모니터링 시스템 개발]
   └ 학회: 한국지능시스템학회 (IF: 0.56)
--------------------------------
[AI윤리 기술동향]
   └ 학회: 대한전기학회 (IF: 0.39)"
533,2023,전기전자공학,963257184,박철원,5,0.0463,0.11871100000000001,"[PMU 빅 데이터 기반 VRE 전력망의 상태 판별 비교]
   └ 학회: 대한전기학회 (IF: 0.39)
--------------------------------
[GPS 시각동기 PMU의 대용량 데이터를 이용한 재생 발전설비의 영향 분석]
   └ 학회: 대한전기학회 (IF: 0.39)
--------------------------------
[CVM을 이용한 교통망 HVDC 지중 송전선로 기술 도입에 따른 경제적 가치 추정에 관한 연구]
   └ 학회: 대한전기학회 (IF: 0.39)
--------------------------------
[변전소의 PMU 빅 데이터를 이용한 전처리 및 사고 분석에 관한 연구]
   └ 학회: 대한전기학회 (IF: 0.39)
--------------------------------
[AI 기반 스마트 EOCR을 위한 펌프 시스템의 고장 검출 기법 비교]
   └ 학회: 대한전기학회 (IF: 0.39)"
534,2023,전기전자공학,872579674,이종섭,2,0.0461,0.090446,"[A Secure Healthcare System Using Holochain in a Distributed Environment]
   └ 학회: 국제인공지능학회 (IF: 0.51)
--------------------------------
[A Container Orchestration System for Process Workloads]
   └ 학회: 국제인공지능학회 (IF: 0.51)"
535,2023,전기전자공학,479650579,Young-Gon Kim,2,0.045,0.088185,"[A Study on the Application of Measurement Data Using Machine Learning Regression Models]
   └ 학회: 국제인공지능학회 (IF: 0.51)
--------------------------------
[Improvement of IoT sensor data loss rate of wireless network-based smart factory management system]
   └ 학회: 국제인공지능학회 (IF: 0.51)"
536,2023,전기전자공학,238839769,김준혁,1,0.043,0.110231,"[한국전력의 배전계통 인공지능 적용 기술개발 동향]
   └ 학회: 대한전기학회 (IF: 0.39)"
537,2023,전기전자공학,745373,이경민,3,0.0428,0.10966600000000001,"[PMU 빅 데이터 기반 VRE 전력망의 상태 판별 비교]
   └ 학회: 대한전기학회 (IF: 0.39)
--------------------------------
[변전소의 PMU 빅 데이터를 이용한 전처리 및 사고 분석에 관한 연구]
   └ 학회: 대한전기학회 (IF: 0.39)
--------------------------------
[AI 기반 스마트 EOCR을 위한 펌프 시스템의 고장 검출 기법 비교]
   └ 학회: 대한전기학회 (IF: 0.39)"
538,2023,전기전자공학,883352137,조정희,2,0.0419,0.074052,"[가상현실 기반 바리스타 교육 중 발달장애 학생의 시선 움직임 분석]
   └ 학회: 한국멀티미디어학회 (IF: 0.6)
--------------------------------
[랜덤 포레스트를 활용한 가상현실 콘텐츠 기반의 직업 훈련 중재시점 예측 요인 연구]
   └ 학회: 한국정보기술학회 (IF: 0.56)"
539,2023,전기전자공학,781122046,한병찬,1,0.0409,0.08027200000000001,"[Comparison of value-based Reinforcement Learning Algorithms in Cart-Pole Environment]
   └ 학회: 국제인공지능학회 (IF: 0.51)"
540,2023,전기전자공학,551629539,김호찬,1,0.0409,0.08027200000000001,"[Comparison of value-based Reinforcement Learning Algorithms in Cart-Pole Environment]
   └ 학회: 국제인공지능학회 (IF: 0.51)"
541,2023,전기전자공학,985076866,강민제,1,0.0409,0.08027200000000001,"[Comparison of value-based Reinforcement Learning Algorithms in Cart-Pole Environment]
   └ 학회: 국제인공지능학회 (IF: 0.51)"
542,2023,전기전자공학,760774521,강형주,1,0.0406,0.075184,"[SSD와 SSDLite의 비교를 통한 객체 검출 최적화]
   └ 학회: 한국정보통신학회 (IF: 0.54)"
543,2023,전기전자공학,150322679,Youn-A Min,1,0.0404,0.07914,"[A Study on Abnormal Data Processing Process of LSTM AE - With applying Data based Intelligent Factory]
   └ 학회: 국제인공지능학회 (IF: 0.51)"
544,2023,전기전자공학,150833007,류기환,9,0.0398,0.07801,"[Comparative Analysis of the Status of Restaurant Start-ups Before and After the Lifting of Social Distancing Through Big Data Analysis]
   └ 학회: 국제인공지능학회 (IF: 0.51)
--------------------------------
[Suggested social media big data consulting chatbot service for restaurant start-ups]
   └ 학회: 국제인공지능학회 (IF: 0.51)
--------------------------------
[The study on Analysis of factors of restaurant start-ups using big data]
   └ 학회: 국제인공지능학회 (IF: 0.51)
--------------------------------
[The Effect of the CEO's Entrepreneurship on Corporate Performance in the Restaurant Industry]
   └ 학회: 국제인공지능학회 (IF: 0.51)
--------------------------------
[The Impact of Franchise Education on Corporate Performance and CEO Competency]
   └ 학회: 국제인공지능학회 (IF: 0.51)
--------------------------------
[Proposed a consulting chatbot service for restaurant start-ups using social media big data]
   └ 학회: 국제인공지능학회 (IF: 0.51)
--------------------------------
[The study of the restaurant start-up chatbot system using big data]
   └ 학회: 국제인공지능학회 (IF: 0.51)
--------------------------------
[A Study on the Trend Change of Restaurant Entrepreneurship through Big Data Analysis]
   └ 학회: 국제인공지능학회 (IF: 0.51)
--------------------------------
[소셜미디어 빅데이터를 활용한 게이미피케이션 적용 박물관 관람객 인식 비교 분석]
   └ 학회: 국제인공지능학회 (IF: 0.51)"
545,2023,전기전자공학,918185729,진희,3,0.0386,0.07574800000000001,"[Application Analysis of Artificial Intelligence Technology in Museum Concept Design]
   └ 학회: 국제인공지능학회 (IF: 0.51)
--------------------------------
[Reflections on Application of VR Technology in Field of News Media]
   └ 학회: 국제인공지능학회 (IF: 0.51)
--------------------------------
[A Study of Experiential Exhibition Format Using VR Technology at Sanxingdui Museum]
   └ 학회: 국제인공지능학회 (IF: 0.51)"
546,2023,전기전자공학,845319457,장희덕,2,0.0384,0.04918,"[화학 가스 농도 추정을 위한 잔차 블록 기반 딥 러닝 알고리즘]
   └ 학회: 제어로봇시스템학회 (IF: 0.78)
--------------------------------
[로봇 임베디드 시스템에서 리튬이온 배터리 잔량 추정을 위한 신경망 프루닝 최적화 기법]
   └ 학회: 한국로봇학회(논문지) (IF: 0.4)"
547,2023,전기전자공학,966562057,최주연,1,0.0384,0.04918,"[접근성 향상을 위한 실시간 고객 인식 키오스크 시스템]
   └ 학회: 제어로봇시스템학회 (IF: 0.78)"
548,2023,전기전자공학,142203940,우성민,1,0.0384,0.04918,"[접근성 향상을 위한 실시간 고객 인식 키오스크 시스템]
   └ 학회: 제어로봇시스템학회 (IF: 0.78)"
549,2023,전기전자공학,604026467,서현수,1,0.0384,0.04918,"[화학 가스 농도 추정을 위한 잔차 블록 기반 딥 러닝 알고리즘]
   └ 학회: 제어로봇시스템학회 (IF: 0.78)"
550,2023,전기전자공학,558626682,남현우,1,0.0384,0.04918,"[화학 가스 농도 추정을 위한 잔차 블록 기반 딥 러닝 알고리즘]
   └ 학회: 제어로봇시스템학회 (IF: 0.78)"
551,2023,전기전자공학,767214170,오주현,1,0.038,0.06331200000000001,"[데이터 증강을 위한 클래스 활성화 맵 기반 Random Erasing]
   └ 학회: 한국멀티미디어학회 (IF: 0.6)"
552,2023,전기전자공학,776819447,이규중,1,0.038,0.06331200000000001,"[데이터 증강을 위한 클래스 활성화 맵 기반 Random Erasing]
   └ 학회: 한국멀티미디어학회 (IF: 0.6)"
553,2023,전기전자공학,4085118,시종욱,3,0.0377,0.06727,"[통계 기반 특징 선택과 적대적 생성 학습을 이용한 사출기의 이상 감지]
   └ 학회: 한국정보기술학회 (IF: 0.56)
--------------------------------
[태양전지 열화상 영상의 불량 검출을 위한 재구성 방식의 차 영상 정렬 기법]
   └ 학회: 한국정보기술학회 (IF: 0.56)
--------------------------------
[객체 인식과 증강 현실을 이용한 모바일 환경에서의 향상된 위치 기반 시설물 관리]
   └ 학회: 한국정보기술학회 (IF: 0.56)"
554,2023,전기전자공학,1770468,김성영,3,0.0377,0.06727,"[통계 기반 특징 선택과 적대적 생성 학습을 이용한 사출기의 이상 감지]
   └ 학회: 한국정보기술학회 (IF: 0.56)
--------------------------------
[태양전지 열화상 영상의 불량 검출을 위한 재구성 방식의 차 영상 정렬 기법]
   └ 학회: 한국정보기술학회 (IF: 0.56)
--------------------------------
[객체 인식과 증강 현실을 이용한 모바일 환경에서의 향상된 위치 기반 시설물 관리]
   └ 학회: 한국정보기술학회 (IF: 0.56)"
555,2023,전기전자공학,296755535,김동완,3,0.0375,0.068966,"[전기자동차 무선전력 전송 효율 향상을 위한 코일 오정렬 검출 기술에 관한 연구]
   └ 학회: 한국정보기술학회 (IF: 0.56)
--------------------------------
[스마트 컨테이너 환경에서 BLE 신호 변화에 대한 연구]
   └ 학회: 한국정보기술학회 (IF: 0.56)
--------------------------------
[글로벌 해운물류 실시간 모니터링을 위한 스마트컨테이너의 개발]
   └ 학회: 한국정보통신학회 (IF: 0.54)"
556,2023,전기전자공학,657367440,곽철수,1,0.037,0.061617000000000005,"[CNN을 이용한 라이다와 스테레오 카메라 융합으로 만들어진 색상 포인트 클라우드 개선]
   └ 학회: 한국멀티미디어학회 (IF: 0.6)"
557,2023,전기전자공학,526351850,김다영,1,0.037,0.061617000000000005,"[CNN을 이용한 라이다와 스테레오 카메라 융합으로 만들어진 색상 포인트 클라우드 개선]
   └ 학회: 한국멀티미디어학회 (IF: 0.6)"
558,2023,전기전자공학,843909981,윤보영,1,0.037,0.061617000000000005,"[CNN을 이용한 라이다와 스테레오 카메라 융합으로 만들어진 색상 포인트 클라우드 개선]
   └ 학회: 한국멀티미디어학회 (IF: 0.6)"
559,2023,전기전자공학,695496797,한현민,1,0.037,0.061617000000000005,"[CNN을 이용한 라이다와 스테레오 카메라 융합으로 만들어진 색상 포인트 클라우드 개선]
   └ 학회: 한국멀티미디어학회 (IF: 0.6)"
560,2023,전기전자공학,170906104,황성수,1,0.037,0.061617000000000005,"[CNN을 이용한 라이다와 스테레오 카메라 융합으로 만들어진 색상 포인트 클라우드 개선]
   └ 학회: 한국멀티미디어학회 (IF: 0.6)"
561,2023,전기전자공학,835896408,황희정,1,0.037,0.066139,"[플라스틱 원료 혼합기의 자동 보정 소프트웨어를 위한 머신러닝 예측 모델]
   └ 학회: 한국정보기술학회 (IF: 0.56)"
562,2023,전기전자공학,207173234,김성욱,3,0.0369,0.0684,"[Identification of Particle Materials Based on Artificial Neural Network using Rogowski-Type Partial Discharge Sensor]
   └ 학회: 한국정보통신학회 (IF: 0.54)
--------------------------------
[접지 시스템 평가를 위한 LabVIEW 기반 광대역 접지 임피던스 측정 시스템 개발]
   └ 학회: 한국정보통신학회 (IF: 0.54)
--------------------------------
[Identification of Partial Discharge Defects based on Back-Propagation Algorithm in Eco-friendly Insulation Gas]
   └ 학회: 한국정보통신학회JICCE (IF: 0.54)"
563,2023,전기전자공학,159660311,오경택,2,0.0369,0.070661,"[심전도 기반의 심장 질환 분류를 위한 신호 특징 추출 시스템 개발]
   └ 학회: 한국멀티미디어학회 (IF: 0.6)
--------------------------------
[A study on the effectiveness of intermediate features in deep learning on facial expression recognition]
   └ 학회: 국제인공지능학회 (IF: 0.51)"
564,2023,전기전자공학,930767303,Gi-Woo Jeong,1,0.0369,0.0684,"[Identification of Particle Materials Based on Artificial Neural Network using Rogowski-Type Partial Discharge Sensor]
   └ 학회: 한국정보통신학회 (IF: 0.54)"
565,2023,전기전자공학,456284943,서대성,1,0.0369,0.072357,"[Study on the Failure of Autonomous Mobility in World Network Cities]
   └ 학회: 국제인공지능학회 (IF: 0.51)"
566,2023,전기전자공학,991149216,권기룡,2,0.0366,0.061051,"[Semantic 3D City Model Data Visualization for Smar t City Digital Twin]
   └ 학회: 한국멀티미디어학회 (IF: 0.6)
--------------------------------
[메가시티의 공간정보 협력 플랫폼 설계 및 구축 개발]
   └ 학회: 한국멀티미디어학회 (IF: 0.6)"
567,2023,전기전자공학,282208473,한지연,2,0.0366,0.061051,"[MoodChar tBot: AI 챗봇을 활용한 기분기록지 어플리케이션 설계 및 구현]
   └ 학회: 한국멀티미디어학회 (IF: 0.6)
--------------------------------
[Exploring Low-Cost Grid-based Tactile Instruments for Understanding and Reproducing Shapes for People with Visual Impairments]
   └ 학회: 국제인공지능학회 (IF: 0.51)"
568,2023,전기전자공학,497086464,이현지,1,0.0366,0.046919,"[시계열 데이터 노이즈 합성을 통한 마르코프 전이 필드 기반 실내 측위 CNN 모델 설계에 관한 연구]
   └ 학회: 제어로봇시스템학회 (IF: 0.78)"
569,2023,전기전자공학,271672820,이동현,1,0.0366,0.046919,"[EPI 기반 구조화된 가지치기를 위한 최적 파라미터 분석]
   └ 학회: 제어로봇시스템학회 (IF: 0.78)"
570,2023,전기전자공학,944214601,권태형,1,0.0366,0.046919,"[EPI 기반 구조화된 가지치기를 위한 최적 파라미터 분석]
   └ 학회: 제어로봇시스템학회 (IF: 0.78)"
571,2023,전기전자공학,456705789,조화연,1,0.0366,0.061051,"[MoodChar tBot: AI 챗봇을 활용한 기분기록지 어플리케이션 설계 및 구현]
   └ 학회: 한국멀티미디어학회 (IF: 0.6)"
572,2023,전기전자공학,254796397,이자경,1,0.0366,0.061051,"[MoodChar tBot: AI 챗봇을 활용한 기분기록지 어플리케이션 설계 및 구현]
   └ 학회: 한국멀티미디어학회 (IF: 0.6)"
573,2023,전기전자공학,931690850,김준영,1,0.0366,0.061051,"[인공지능 및 토양 모니터링 기반 스마트 수목 보호틀 통합 관리 시스템]
   └ 학회: 한국멀티미디어학회 (IF: 0.6)"
574,2023,전기전자공학,785285370,양현성,1,0.0366,0.061051,"[인공지능 및 토양 모니터링 기반 스마트 수목 보호틀 통합 관리 시스템]
   └ 학회: 한국멀티미디어학회 (IF: 0.6)"
575,2023,전기전자공학,707329642,박성욱,1,0.0366,0.061051,"[인공지능 및 토양 모니터링 기반 스마트 수목 보호틀 통합 관리 시스템]
   └ 학회: 한국멀티미디어학회 (IF: 0.6)"
576,2023,전기전자공학,773412437,김대엽,1,0.0366,0.061051,"[사용자 의사결정을 고려한 XAI(eXplainable Ar tificial intelligence) 기반의 피싱 사이트 탐지 모델]
   └ 학회: 한국멀티미디어학회 (IF: 0.6)"
577,2023,전기전자공학,788600892,최영락,1,0.0366,0.061051,"[메가시티의 공간정보 협력 플랫폼 설계 및 구축 개발]
   └ 학회: 한국멀티미디어학회 (IF: 0.6)"
578,2023,전기전자공학,722583225,남광우,1,0.0366,0.061051,"[메가시티의 공간정보 협력 플랫폼 설계 및 구축 개발]
   └ 학회: 한국멀티미디어학회 (IF: 0.6)"
579,2023,전기전자공학,342519445,최건찬,2,0.0352,0.071792,"[Neural Network 기반 Image Feature Extraction 기법]
   └ 학회: 한국방송·미디어공학회 (IF: 0.49)
--------------------------------
[Metaverse 영상 제작에 사용되는 카메라들의 파라미터 최적화를 위한 Bundle Adjustment]
   └ 학회: 한국방송·미디어공학회 (IF: 0.49)"
580,2023,전기전자공학,279720107,이승목,1,0.0342,0.061051,"[로봇 작업장 환경의 작업자 안전 시스템 개발]
   └ 학회: 한국정보기술학회 (IF: 0.56)"
581,2023,전기전자공학,676940135,김진배,1,0.0342,0.061051,"[로봇 작업장 환경의 작업자 안전 시스템 개발]
   └ 학회: 한국정보기술학회 (IF: 0.56)"
582,2023,전기전자공학,4024597,김영형,1,0.0342,0.061051,"[로봇 작업장 환경의 작업자 안전 시스템 개발]
   └ 학회: 한국정보기술학회 (IF: 0.56)"
583,2023,전기전자공학,350810715,김견호,1,0.034,0.043526999999999996,"[어텐션 메커니즘을 활용한 철도차량 공기압축기의 이상탐지]
   └ 학회: 제어로봇시스템학회 (IF: 0.78)"
584,2023,전기전자공학,193888121,조현직,1,0.034,0.043526999999999996,"[어텐션 메커니즘을 활용한 철도차량 공기압축기의 이상탐지]
   └ 학회: 제어로봇시스템학회 (IF: 0.78)"
585,2023,전기전자공학,823566543,강철구,1,0.034,0.043526999999999996,"[어텐션 메커니즘을 활용한 철도차량 공기압축기의 이상탐지]
   └ 학회: 제어로봇시스템학회 (IF: 0.78)"
586,2023,전기전자공학,569758820,김재우,1,0.0339,0.060486,"[전자기 간섭에 강인한 기계 학습 기반 복조 기술 연구]
   └ 학회: 한국정보기술학회 (IF: 0.56)"
587,2023,전기전자공학,783508584,지영근,1,0.0339,0.060486,"[전자기 간섭에 강인한 기계 학습 기반 복조 기술 연구]
   └ 학회: 한국정보기술학회 (IF: 0.56)"
588,2023,전기전자공학,290924343,이정란,1,0.0339,0.060486,"[전자기 간섭에 강인한 기계 학습 기반 복조 기술 연구]
   └ 학회: 한국정보기술학회 (IF: 0.56)"
589,2023,전기전자공학,115277258,주형준,1,0.0339,0.060486,"[전자기 간섭에 강인한 기계 학습 기반 복조 기술 연구]
   └ 학회: 한국정보기술학회 (IF: 0.56)"
590,2023,전기전자공학,934471085,박슬기,1,0.0339,0.060486,"[전자기 간섭에 강인한 기계 학습 기반 복조 기술 연구]
   └ 학회: 한국정보기술학회 (IF: 0.56)"
591,2023,전기전자공학,259980731,김명호,1,0.0339,0.060486,"[전자기 간섭에 강인한 기계 학습 기반 복조 기술 연구]
   └ 학회: 한국정보기술학회 (IF: 0.56)"
592,2023,전기전자공학,435259707,김기훈,1,0.0339,0.060486,"[전자기 간섭에 강인한 기계 학습 기반 복조 기술 연구]
   └ 학회: 한국정보기술학회 (IF: 0.56)"
593,2023,전기전자공학,613334742,장진영,1,0.0339,0.060486,"[전자기 간섭에 강인한 기계 학습 기반 복조 기술 연구]
   └ 학회: 한국정보기술학회 (IF: 0.56)"
594,2023,전기전자공학,294156839,장연수,1,0.0339,0.060486,"[전자기 간섭에 강인한 기계 학습 기반 복조 기술 연구]
   └ 학회: 한국정보기술학회 (IF: 0.56)"
595,2023,전기전자공학,193723163,정성호,1,0.0339,0.060486,"[제철 부산물을 활용한 고함철단광 제조의 혼합공정 최적화 연구]
   └ 학회: 한국지능시스템학회 (IF: 0.56)"
596,2023,전기전자공학,456266482,이준석,1,0.0339,0.060486,"[제철 부산물을 활용한 고함철단광 제조의 혼합공정 최적화 연구]
   └ 학회: 한국지능시스템학회 (IF: 0.56)"
597,2023,전기전자공학,842222673,정태수,1,0.0339,0.060486,"[제철 부산물을 활용한 고함철단광 제조의 혼합공정 최적화 연구]
   └ 학회: 한국지능시스템학회 (IF: 0.56)"
598,2023,전기전자공학,5482368,김가영,1,0.0332,0.059355000000000005,"[자연어 처리 기법을 활용한 판례 기반 모욕성 문장 분석 시스템]
   └ 학회: 한국정보기술학회 (IF: 0.56)"
599,2023,전기전자공학,763630509,공현정,1,0.0332,0.059355000000000005,"[자연어 처리 기법을 활용한 판례 기반 모욕성 문장 분석 시스템]
   └ 학회: 한국정보기술학회 (IF: 0.56)"
600,2023,전기전자공학,324094990,송찬영,1,0.0332,0.059355,"[머신러닝을 활용한 낙동강 유해남조류 발생 예측]
   └ 학회: 한국지능시스템학회 (IF: 0.56)"
601,2023,전기전자공학,916588857,김주연,1,0.0332,0.059355,"[머신러닝을 활용한 낙동강 유해남조류 발생 예측]
   └ 학회: 한국지능시스템학회 (IF: 0.56)"
602,2023,전기전자공학,765684684,김예진,1,0.0332,0.059355,"[머신러닝을 활용한 낙동강 유해남조류 발생 예측]
   └ 학회: 한국지능시스템학회 (IF: 0.56)"
603,2023,전기전자공학,786166,주해종,1,0.0332,0.059355,"[머신러닝을 활용한 낙동강 유해남조류 발생 예측]
   └ 학회: 한국지능시스템학회 (IF: 0.56)"
604,2023,전기전자공학,476585903,서재현,1,0.0332,0.059355,"[머신러닝을 활용한 낙동강 유해남조류 발생 예측]
   └ 학회: 한국지능시스템학회 (IF: 0.56)"
605,2023,전기전자공학,656847680,추연승,1,0.0332,0.067834,"[지능형 미디어 콘텐츠 편집 기술 개발 현황]
   └ 학회: 한국방송·미디어공학회 (IF: 0.49)"
606,2023,전기전자공학,615872564,김현식,1,0.0332,0.067834,"[지능형 미디어 콘텐츠 편집 기술 개발 현황]
   └ 학회: 한국방송·미디어공학회 (IF: 0.49)"
607,2023,전기전자공학,447692535,이영우,2,0.033,0.061051,"[AI 기반 수요예측 알고리즘 모바일 모니터링 애플리케이션 설계]
   └ 학회: 한국정보통신학회 (IF: 0.54)
--------------------------------
[창의성 향상을 위한 AR기반 체험형 교재에 관한 연구]
   └ 학회: 한국정보통신학회 (IF: 0.54)"
608,2023,전기전자공학,676199409,김기홍,2,0.033,0.061051,"[A Study on the Realization of Virtual Simulation Face Based on Artificial Intelligence]
   └ 학회: 한국정보통신학회JICCE (IF: 0.54)
--------------------------------
[A study on the Performance of Hybrid Normal Mapping Techniques for Real-time Rendering]
   └ 학회: 국제인공지능학회 (IF: 0.51)"
609,2023,전기전자공학,281592798,임소연,1,0.033,0.061051,"[AI 기반 수요예측 알고리즘 모바일 모니터링 애플리케이션 설계]
   └ 학회: 한국정보통신학회 (IF: 0.54)"
610,2023,전기전자공학,360278222,배민경,1,0.033,0.061051,"[AI 기반 수요예측 알고리즘 모바일 모니터링 애플리케이션 설계]
   └ 학회: 한국정보통신학회 (IF: 0.54)"
611,2023,전기전자공학,571611535,이효원,1,0.033,0.061051,"[AI 기반 수요예측 알고리즘 모바일 모니터링 애플리케이션 설계]
   └ 학회: 한국정보통신학회 (IF: 0.54)"
612,2023,전기전자공학,344882283,최신형,1,0.033,0.061051,"[AI 기반 수요예측 알고리즘 모바일 모니터링 애플리케이션 설계]
   └ 학회: 한국정보통신학회 (IF: 0.54)"
613,2023,전기전자공학,354038513,이승준,1,0.033,0.061051,"[AI 기반 수요예측 알고리즘 모바일 모니터링 애플리케이션 설계]
   └ 학회: 한국정보통신학회 (IF: 0.54)"
614,2023,전기전자공학,353404722,박철우,1,0.033,0.061051,"[AI 기반 수요예측 알고리즘 모바일 모니터링 애플리케이션 설계]
   └ 학회: 한국정보통신학회 (IF: 0.54)"
615,2023,전기전자공학,103904200,Pyeoungkee Kim,1,0.033,0.061051,"[SSD PCB Component Detection Using YOLOv5 Model]
   └ 학회: 한국정보통신학회JICCE (IF: 0.54)"
616,2023,전기전자공학,799992120,Xiaorui Huang,1,0.033,0.061051,"[SSD PCB Component Detection Using YOLOv5 Model]
   └ 학회: 한국정보통신학회JICCE (IF: 0.54)"
617,2023,전기전자공학,604334508,Ziyu Fang,1,0.033,0.061051,"[SSD PCB Component Detection Using YOLOv5 Model]
   └ 학회: 한국정보통신학회JICCE (IF: 0.54)"
618,2023,전기전자공학,893332893,Zheng-Dong Hou,1,0.033,0.061051,"[A Study on the Realization of Virtual Simulation Face Based on Artificial Intelligence]
   └ 학회: 한국정보통신학회JICCE (IF: 0.54)"
619,2023,전기전자공학,451125546,Gao-He Zhang,1,0.033,0.061051,"[A Study on the Realization of Virtual Simulation Face Based on Artificial Intelligence]
   └ 학회: 한국정보통신학회JICCE (IF: 0.54)"
620,2023,전기전자공학,518907413,Peng-Hui Li,1,0.033,0.061051,"[A Study on the Realization of Virtual Simulation Face Based on Artificial Intelligence]
   └ 학회: 한국정보통신학회JICCE (IF: 0.54)"
621,2023,전기전자공학,703304199,김경수,1,0.0326,0.058225,"[콘볼루션 신경망의 학습 성능 강화를 위한 그레디언트의 복합적 분석 및 활용 방법]
   └ 학회: 한국정보기술학회 (IF: 0.56)"
622,2023,전기전자공학,4598818,구본근,2,0.032,0.057094,"[RAM 디스크 원격 백업을 통한 장애 복구 방법]
   └ 학회: 한국정보기술학회 (IF: 0.56)
--------------------------------
[LSTM 오토인코더를 이용한 이상 탐지의 임계치 결정 방법]
   └ 학회: 한국정보기술학회 (IF: 0.56)"
623,2023,전기전자공학,110966176,서예진,1,0.032,0.057094,"[반려동물의 행동 분석을 위한 인공지능 기반의 웨어러블 센서 데이터 연구]
   └ 학회: 한국정보기술학회 (IF: 0.56)"
624,2023,전기전자공학,669198761,문재준,1,0.032,0.057094,"[반려동물의 행동 분석을 위한 인공지능 기반의 웨어러블 센서 데이터 연구]
   └ 학회: 한국정보기술학회 (IF: 0.56)"
625,2023,전기전자공학,706365962,이승호,1,0.032,0.057094,"[반려동물의 행동 분석을 위한 인공지능 기반의 웨어러블 센서 데이터 연구]
   └ 학회: 한국정보기술학회 (IF: 0.56)"
626,2023,전기전자공학,494544036,전승현,1,0.032,0.057094,"[LSTM 오토인코더를 이용한 이상 탐지의 임계치 결정 방법]
   └ 학회: 한국정보기술학회 (IF: 0.56)"
627,2023,전기전자공학,293134352,박채린,1,0.032,0.057094,"[LSTM 오토인코더를 이용한 이상 탐지의 임계치 결정 방법]
   └ 학회: 한국정보기술학회 (IF: 0.56)"
628,2023,전기전자공학,661531224,이규원,1,0.032,0.057094,"[LSTM 오토인코더를 이용한 이상 탐지의 임계치 결정 방법]
   └ 학회: 한국정보기술학회 (IF: 0.56)"
629,2023,전기전자공학,815119923,고광만,1,0.032,0.057094,"[트랜잭션 분석 기반 블록체인 네트워크 이상 탐지]
   └ 학회: 한국정보기술학회 (IF: 0.56)"
630,2023,전기전자공학,420198730,김종우,1,0.0317,0.056529,"[머신러닝을 이용한 공연장의 음향인자에 따른 주관적 순위 예측]
   └ 학회: 한국지능시스템학회 (IF: 0.56)"
631,2023,전기전자공학,713332233,강찬우,1,0.0317,0.056529,"[머신러닝을 이용한 공연장의 음향인자에 따른 주관적 순위 예측]
   └ 학회: 한국지능시스템학회 (IF: 0.56)"
632,2023,전기전자공학,629498455,표철식,1,0.0312,0.07801,"[[특집편집기] 지능형 IoT에서 자율형 IoT 단계로 발전하기 위한 인공지능 핵심기술 소개]
   └ 학회: 한국전자파학회 (IF: 0.4)"
633,2023,전기전자공학,974455149,홍용근,1,0.0312,0.07801,"[IoT Edge 디바이스 인공지능 기술]
   └ 학회: 한국전자파학회 (IF: 0.4)"
634,2023,전기전자공학,103077190,Sangwon LEE,4,0.0311,0.061051,"[Development of a Model to Predict the Volatility of Housing Prices Using Artificial Intelligence]
   └ 학회: 국제인공지능학회 (IF: 0.51)
--------------------------------
[Designing Dataset for Artificial Intelligence Learning for Cold Sea Fish Farming]
   └ 학회: 국제인공지능학회 (IF: 0.51)
--------------------------------
[Strategic Model Design based on Core Competencies for Innovation in Engineering Education]
   └ 학회: 국제인공지능학회 (IF: 0.51)
--------------------------------
[Establishment of ICT Specialized Teaching-Learning System in the Era of Superintelligence, Super-Connectivity, and Super-Convergence]
   └ 학회: 국제인공지능학회 (IF: 0.51)"
635,2023,전기전자공학,569304604,Moon-Yong Kim,3,0.0311,0.061051,"[The Joint Effect of Multi-Promotion Offers and Consumer Mindset in Fostering Product Purchase Intention]
   └ 학회: 국제인공지능학회 (IF: 0.51)
--------------------------------
[Does Happiness Always Lead to Reliance on Feelings in Decision Making?]
   └ 학회: 국제인공지능학회 (IF: 0.51)
--------------------------------
[The Impact of Individuals’ Motivational System on Attitude toward the Application of Artificial Intelligence in Smart Homes]
   └ 학회: 국제인공지능학회 (IF: 0.51)"
636,2023,전기전자공학,297941551,왕성호,3,0.0311,0.061051,"[A Study of Artificial Intelligence Generated 3D Engine Animation Workflow]
   └ 학회: 국제인공지능학회 (IF: 0.51)
--------------------------------
[Research on AI Painting Generation Technology Based on the [Stable Diffusion]]
   └ 학회: 국제인공지능학회 (IF: 0.51)
--------------------------------
[A Study on AI Softwear [Stable Diffusion] ControlNet plug-in Usabilities]
   └ 학회: 국제인공지능학회 (IF: 0.51)"
637,2023,전기전자공학,380280626,김태훈,1,0.0311,0.05766,"[글로벌 해운물류 실시간 모니터링을 위한 스마트컨테이너의 개발]
   └ 학회: 한국정보통신학회 (IF: 0.54)"
638,2023,전기전자공학,875420787,정준우,1,0.0311,0.05766,"[글로벌 해운물류 실시간 모니터링을 위한 스마트컨테이너의 개발]
   └ 학회: 한국정보통신학회 (IF: 0.54)"
639,2023,전기전자공학,956254581,박도명,1,0.0311,0.05766,"[글로벌 해운물류 실시간 모니터링을 위한 스마트컨테이너의 개발]
   └ 학회: 한국정보통신학회 (IF: 0.54)"
640,2023,전기전자공학,471819740,박병권,1,0.0311,0.05766,"[글로벌 해운물류 실시간 모니터링을 위한 스마트컨테이너의 개발]
   └ 학회: 한국정보통신학회 (IF: 0.54)"
641,2023,전기전자공학,390591305,Ning Fu,1,0.0311,0.061051,"[P-Triple Barrier Labeling: Unifying Pair Trading Strategies and Triple Barrier Labeling Through Genetic Algorithm Optimization]
   └ 학회: 국제인공지능학회 (IF: 0.51)"
642,2023,전기전자공학,538058472,Suntae Kim,1,0.0311,0.061051,"[P-Triple Barrier Labeling: Unifying Pair Trading Strategies and Triple Barrier Labeling Through Genetic Algorithm Optimization]
   └ 학회: 국제인공지능학회 (IF: 0.51)"
643,2023,전기전자공학,558428263,Sung-Hyun KIM,1,0.0311,0.061051,"[Designing Dataset for Artificial Intelligence Learning for Cold Sea Fish Farming]
   └ 학회: 국제인공지능학회 (IF: 0.51)"
644,2023,전기전자공학,457575058,Seongtak OH,1,0.0311,0.061051,"[Designing Dataset for Artificial Intelligence Learning for Cold Sea Fish Farming]
   └ 학회: 국제인공지능학회 (IF: 0.51)"
645,2023,전기전자공학,740989931,Heayon Cho,1,0.0311,0.061051,"[The Impact of Individuals’ Motivational System on Attitude toward the Application of Artificial Intelligence in Smart Homes]
   └ 학회: 국제인공지능학회 (IF: 0.51)"
646,2023,전기전자공학,402196775,Preeti Bharti,1,0.0311,0.061051,"[The Ethics of AI in Online Marketing: Examining the Impacts on Consumer privacy and Decision-making]
   └ 학회: 국제인공지능학회 (IF: 0.51)"
647,2023,전기전자공학,329832879,Byungjoo Park,1,0.0311,0.061051,"[The Ethics of AI in Online Marketing: Examining the Impacts on Consumer privacy and Decision-making]
   └ 학회: 국제인공지능학회 (IF: 0.51)"
648,2023,전기전자공학,777279618,양진모,1,0.0311,0.061051,"[Learning Model for Avoiding Drowsy Driving with MoveNet and Dense Neural Network]
   └ 학회: 국제인공지능학회 (IF: 0.51)"
649,2023,전기전자공학,774024566,김기두,1,0.0311,0.061051,"[Learning Model for Avoiding Drowsy Driving with MoveNet and Dense Neural Network]
   └ 학회: 국제인공지능학회 (IF: 0.51)"
650,2023,전기전자공학,734427666,강장묵,1,0.0311,0.061051,"[블록체인을 이용한 자율주행 차량의 포렌식 연구]
   └ 학회: 국제인공지능학회 (IF: 0.51)"
651,2023,전기전자공학,451555057,진상록,2,0.0309,0.039571,"[다자유도 갠트리형 용접로봇 시스템의 최적모션 생성을 위한 벡터 방정식 알고리즘 기초 연구]
   └ 학회: 제어로봇시스템학회 (IF: 0.78)
--------------------------------
[비정형 택배 상자 디팔레타이징을 위한 작업 면적 조절 그리퍼 설계]
   └ 학회: 한국로봇학회(논문지) (IF: 0.4)"
652,2023,전기전자공학,969800181,이동준,1,0.0309,0.039571,"[다자유도 갠트리형 용접로봇 시스템의 최적모션 생성을 위한 벡터 방정식 알고리즘 기초 연구]
   └ 학회: 제어로봇시스템학회 (IF: 0.78)"
653,2023,전기전자공학,437335030,이영숙,1,0.0309,0.051441,"[동물 캐릭터 적합 배우 추천 알고리즘 연구]
   └ 학회: 한국멀티미디어학회 (IF: 0.6)"
654,2023,전기전자공학,298675878,황민태,4,0.0308,0.057095,"[Worker’s Behavior Identification from Manufacturing Site Images using Mask R-CNN and MediaPipe]
   └ 학회: 한국정보통신학회 (IF: 0.54)
--------------------------------
[IoT 기반 재활용품 분리수거 및 전자상거래 활용 시스템]
   └ 학회: 한국정보통신학회 (IF: 0.54)
--------------------------------
[Emotional Correlation Test from Binary Gender Perspective using Kansei Engineering Approach on IVML Prototype]
   └ 학회: 한국정보통신학회JICCE (IF: 0.54)
--------------------------------
[Measurement of Web Application Usability using Heuristic Evaluation Method]
   └ 학회: 한국정보통신학회 (IF: 0.54)"
655,2023,전기전자공학,4568784,Taejun Lee,1,0.0308,0.057094000000000006,"[Design and Implementation of a Body Fat Classification Model using Human Body Size Data]
   └ 학회: 한국정보통신학회JICCE (IF: 0.54)"
656,2023,전기전자공학,201823133,Hakseong Kim,1,0.0308,0.057094000000000006,"[Design and Implementation of a Body Fat Classification Model using Human Body Size Data]
   └ 학회: 한국정보통신학회JICCE (IF: 0.54)"
657,2023,전기전자공학,804174542,양병헌,1,0.0307,0.054834,"[마인크래프트에서 양방향 디지털 트윈의 구현을 위한 IoT 데이터 동기화 시스템]
   └ 학회: 한국정보기술학회 (IF: 0.56)"
658,2023,전기전자공학,407548006,김철영,11,0.0301,0.071791,"[소형 광대역 원편파 안테나의 시뮬레이션 기반 설계]
   └ 학회: 한국정보기술학회 (IF: 0.56)
--------------------------------
[W 대역 FMCW 레이다용 저잡음 증폭기 설계]
   └ 학회: 한국전자파학회 (IF: 0.4)
--------------------------------
[Q-Band 광대역 저잡음 증폭기 설계]
   └ 학회: 한국전자파학회 (IF: 0.4)
--------------------------------
[26.5∼29.5 GHz 6비트 스위치 필터형 위상천이기]
   └ 학회: 한국전자파학회 (IF: 0.4)
--------------------------------
[W 대역 CMOS 윌킨슨 전력 분배기]
   └ 학회: 한국전자파학회 (IF: 0.4)
--------------------------------
[W 대역 RF 집적회로를 위한 구동 증폭기 설계]
   └ 학회: 한국전자파학회 (IF: 0.4)
--------------------------------
[W 대역 레이다 시스템을 위한 하향 변환 Q-Boosting 믹서 설계]
   └ 학회: 한국전자파학회 (IF: 0.4)
--------------------------------
[2.45-GHz 무선전력송신을 위한 렉테나 구현]
   └ 학회: 한국전자파학회 (IF: 0.4)
--------------------------------
[5G NR 통신을 위한 GaAs HBT 3.5 GHz 대역 도허티 전력 증폭기]
   └ 학회: 한국전자파학회 (IF: 0.4)
--------------------------------
[0.5-μm GaAs pHEMT 공정을 이용한 4.4∼5.0 GHz 저잡음 증폭기]
   └ 학회: 한국전자파학회 (IF: 0.4)
--------------------------------
[77∼81 GHz 근거리 레이다 시스템 IQ 수신단을 위한 LO 입력단의 설계 및 분석]
   └ 학회: 한국전자파학회 (IF: 0.4)"
659,2023,전기전자공학,271339484,최기호,2,0.0299,0.061051,"[‘AI 기반 미디어 표준 기술’ 특집호를 내며]
   └ 학회: 한국방송·미디어공학회 (IF: 0.49)
--------------------------------
[JVET 신경망 기반 비디오 코딩 기술 연구 동향]
   └ 학회: 한국방송·미디어공학회 (IF: 0.49)"
660,2023,전기전자공학,730858190,한종호,1,0.0299,0.061051,"[Generative AI, AI 휴먼 서비스]
   └ 학회: 한국방송·미디어공학회 (IF: 0.49)"
661,2023,전기전자공학,140280858,이민석,1,0.0299,0.061051,"[뉴럴네트워크의 잔차 가중치를 활용한 스케일러블 AI-PCC 및 평가 방법]
   └ 학회: 한국방송·미디어공학회 (IF: 0.49)"
662,2023,전기전자공학,572949321,Guangzhi Zhao,2,0.0297,0.058225,"[A Model of Strawberry Pest Recognition using Artificial Intelligence Learning]
   └ 학회: 국제인공지능학회 (IF: 0.51)
--------------------------------
[A Study on the Development of Artificial Intelligence Crop Environment Control Framework]
   └ 학회: 국제인공지능학회 (IF: 0.51)"
663,2023,전기전자공학,517869014,김채원,1,0.0295,0.04918,"[체취 성분 데이터를 이용한 기계학습 기반 노화 예측 모델링]
   └ 학회: 한국멀티미디어학회 (IF: 0.6)"
664,2023,전기전자공학,743509955,백다은,1,0.0295,0.04918,"[체취 성분 데이터를 이용한 기계학습 기반 노화 예측 모델링]
   └ 학회: 한국멀티미디어학회 (IF: 0.6)"
665,2023,전기전자공학,129576820,장진영,1,0.0295,0.04918,"[체취 성분 데이터를 이용한 기계학습 기반 노화 예측 모델링]
   └ 학회: 한국멀티미디어학회 (IF: 0.6)"
666,2023,전기전자공학,113246101,이현희,1,0.0295,0.04918,"[체취 성분 데이터를 이용한 기계학습 기반 노화 예측 모델링]
   └ 학회: 한국멀티미디어학회 (IF: 0.6)"
667,2023,전기전자공학,536644898,박지숙,1,0.0295,0.04918,"[체취 성분 데이터를 이용한 기계학습 기반 노화 예측 모델링]
   └ 학회: 한국멀티미디어학회 (IF: 0.6)"
668,2023,전기전자공학,990878639,박민서,1,0.0295,0.04918,"[체취 성분 데이터를 이용한 기계학습 기반 노화 예측 모델링]
   └ 학회: 한국멀티미디어학회 (IF: 0.6)"
669,2023,전기전자공학,393823862,Jun-Won Ho,2,0.0294,0.05766,"[Malware Detector Classification Based on the SPRT in IoT]
   └ 학회: 국제인공지능학회 (IF: 0.51)
--------------------------------
[SPRT-based Collaboration Construction for Malware Detection in IoT]
   └ 학회: 국제인공지능학회 (IF: 0.51)"
670,2023,전기전자공학,942446064,김한솔,4,0.0291,0.037308,"[입력 포화를 고려한 모핑 쿼드로터의 T‒S 퍼지 모델 기반 강인 제어기 설계]
   └ 학회: 제어로봇시스템학회 (IF: 0.78)
--------------------------------
[가변형 드론 구조와 지능형 제어 기법에 대한 최신 연구 사례 분석]
   └ 학회: 제어로봇시스템학회 (IF: 0.78)
--------------------------------
[다수 자율 주행 차량의 선형 행렬 부등식 기반의 완화된 시간 지연 군집 제어기 설계]
   └ 학회: 제어로봇시스템학회 (IF: 0.78)
--------------------------------
[Improving the Performance of DPT-based Monocular Depth Estimation Models Using Bidirectional LSTMs Initialized With CLS Tokens]
   └ 학회: 제어로봇시스템학회 (IF: 0.78)"
671,2023,전기전자공학,891181123,황태웅,1,0.0291,0.057094,"[Estimating Indoor Radio Environment Maps with Mobile Robots and Machine Learning]
   └ 학회: 국제인공지능학회 (IF: 0.51)"
672,2023,전기전자공학,928835514,Mario R. Camana Acosta,1,0.0291,0.057094,"[Estimating Indoor Radio Environment Maps with Mobile Robots and Machine Learning]
   └ 학회: 국제인공지능학회 (IF: 0.51)"
673,2023,전기전자공학,194017302,Carla E. Garcia Moreta,1,0.0291,0.057094,"[Estimating Indoor Radio Environment Maps with Mobile Robots and Machine Learning]
   └ 학회: 국제인공지능학회 (IF: 0.51)"
674,2023,전기전자공학,236253555,구인수,1,0.0291,0.057094,"[Estimating Indoor Radio Environment Maps with Mobile Robots and Machine Learning]
   └ 학회: 국제인공지능학회 (IF: 0.51)"
675,2023,전기전자공학,651520010,이병국,3,0.029,0.064443,"[재사용 배터리의 성능 편차를 고려한 DBSCAN 및 PCA 기법 기반 클러스터링 알고리즘]
   └ 학회: 전력전자학회 (IF: 0.45)
--------------------------------
[ESS 적용을 위한 재사용 배터리의 실시간 용량 및 OCV 곡선 추정 알고리즘]
   └ 학회: 전력전자학회 (IF: 0.45)
--------------------------------
[병렬 운전 시 LLC 공진형 컨버터 모듈 간 출력 순환 전류 리플 저감을 위한 PWM 동기화 방법]
   └ 학회: 전력전자학회 (IF: 0.45)"
676,2023,전기전자공학,756700928,임제영,2,0.029,0.064443,"[재사용 배터리의 성능 편차를 고려한 DBSCAN 및 PCA 기법 기반 클러스터링 알고리즘]
   └ 학회: 전력전자학회 (IF: 0.45)
--------------------------------
[ESS 적용을 위한 재사용 배터리의 실시간 용량 및 OCV 곡선 추정 알고리즘]
   └ 학회: 전력전자학회 (IF: 0.45)"
677,2023,전기전자공학,508504429,임종헌,2,0.029,0.064443,"[재사용 배터리의 성능 편차를 고려한 DBSCAN 및 PCA 기법 기반 클러스터링 알고리즘]
   └ 학회: 전력전자학회 (IF: 0.45)
--------------------------------
[ESS 적용을 위한 재사용 배터리의 실시간 용량 및 OCV 곡선 추정 알고리즘]
   └ 학회: 전력전자학회 (IF: 0.45)"
678,2023,전기전자공학,237801885,김동환,2,0.029,0.064443,"[재사용 배터리의 성능 편차를 고려한 DBSCAN 및 PCA 기법 기반 클러스터링 알고리즘]
   └ 학회: 전력전자학회 (IF: 0.45)
--------------------------------
[ESS 적용을 위한 재사용 배터리의 실시간 용량 및 OCV 곡선 추정 알고리즘]
   └ 학회: 전력전자학회 (IF: 0.45)"
679,2023,전기전자공학,601306678,권순철,6,0.0288,0.056528999999999996,"[Performance Comparison of HTTP, HTTPS, and MQTT for IoT Applications]
   └ 학회: 국제인공지능학회 (IF: 0.51)
--------------------------------
[3D Object Generation and Renderer System based on VAE ResNet-GAN]
   └ 학회: 국제인공지능학회 (IF: 0.51)
--------------------------------
[Implementation of Public Address System Using Anchor Technology]
   └ 학회: 국제인공지능학회 (IF: 0.51)
--------------------------------
[Comparison Gait Analysis of Normal and Amputee: Filtering Graph Data Based on Joint Angle]
   └ 학회: 국제인공지능학회 (IF: 0.51)
--------------------------------
[A Stay Detection Algorithm Using GPS Trajectory and Points of Interest Data]
   └ 학회: 국제인공지능학회 (IF: 0.51)
--------------------------------
[Performance Evaluation of ARCore Anchors According to Camera Tracking]
   └ 학회: 국제인공지능학회 (IF: 0.51)"
680,2023,전기전자공학,4685211,조찬영,1,0.0288,0.051441,"[얼굴 영상과 다차원 감정 기반의 텍스트를 이용한 멀티모달 감정인식 시스템]
   └ 학회: 한국정보기술학회 (IF: 0.56)"
681,2023,전기전자공학,622840782,박준호,4,0.0283,0.055398,"[Comparative Analysis of the Status of Restaurant Start-ups Before and After the Lifting of Social Distancing Through Big Data Analysis]
   └ 학회: 국제인공지능학회 (IF: 0.51)
--------------------------------
[Suggested social media big data consulting chatbot service for restaurant start-ups]
   └ 학회: 국제인공지능학회 (IF: 0.51)
--------------------------------
[Proposed a consulting chatbot service for restaurant start-ups using social media big data]
   └ 학회: 국제인공지능학회 (IF: 0.51)
--------------------------------
[A Study on the Trend Change of Restaurant Entrepreneurship through Big Data Analysis]
   └ 학회: 국제인공지능학회 (IF: 0.51)"
682,2023,전기전자공학,959241807,김학일,3,0.0281,0.052008,"[단안 카메라 기반 측위를 위한 터널 내 시설물의 거리 측정]
   └ 학회: 제어로봇시스템학회 (IF: 0.78)
--------------------------------
[자율주행 영상데이터의 신뢰도 향상을 위한 AI모델 기반 데이터 자동 정제]
   └ 학회: 한국방송·미디어공학회 (IF: 0.49)
--------------------------------
[3차원 LiDAR 점군 데이터에서의 가상 차량 데이터 생성을 위한 구면 점 추적 기법]
   └ 학회: 한국방송·미디어공학회 (IF: 0.49)"
683,2023,전기전자공학,602057639,Yun-Seok Seo,1,0.028,0.054833,"[A Study on the Application of Measurement Data Using Machine Learning Regression Models]
   └ 학회: 국제인공지능학회 (IF: 0.51)"
684,2023,전기전자공학,577628458,유지은,1,0.0275,0.04918,"[베스트셀러 도서 예측을 위한 머신러닝 알고리즘 성능평가]
   └ 학회: 한국정보기술학회 (IF: 0.56)"
685,2023,전기전자공학,259069266,조솔비,1,0.0275,0.04918,"[베스트셀러 도서 예측을 위한 머신러닝 알고리즘 성능평가]
   └ 학회: 한국정보기술학회 (IF: 0.56)"
686,2023,전기전자공학,223597766,Seong-Hyun Yu,1,0.0275,0.04918,"[Sentence-Level Neural Language Decoding based on Speech Imagery from EEG Signals]
   └ 학회: 한국정보기술학회 (IF: 0.56)"
687,2023,전기전자공학,742102702,Hyeong-Yeong Park,1,0.0275,0.04918,"[Sentence-Level Neural Language Decoding based on Speech Imagery from EEG Signals]
   └ 학회: 한국정보기술학회 (IF: 0.56)"
688,2023,전기전자공학,542940917,Seo-Jin Lee,1,0.0275,0.04918,"[Sentence-Level Neural Language Decoding based on Speech Imagery from EEG Signals]
   └ 학회: 한국정보기술학회 (IF: 0.56)"
689,2023,전기전자공학,546212414,전영주,1,0.0275,0.04918,"[한국 중장년 여성에 대한 기계학습 기반 비침습적 요인들을 이용한 당뇨 및 공복혈당 장애 분류]
   └ 학회: 한국정보기술학회 (IF: 0.56)"
690,2023,전기전자공학,293812864,이소영,1,0.0275,0.04918,"[머신러닝을 활용한 아파트 매도 호가와 매물량이 실거래가에 미치는 영향 연구]
   └ 학회: 한국정보기술학회 (IF: 0.56)"
691,2023,전기전자공학,723065867,송원훈,1,0.0275,0.04918,"[머신러닝을 활용한 신장암의 임상적 치료결정지원시스템 개발]
   └ 학회: 한국지능시스템학회 (IF: 0.56)"
692,2023,전기전자공학,385220894,박미영,1,0.0275,0.04918,"[머신러닝을 활용한 신장암의 임상적 치료결정지원시스템 개발]
   └ 학회: 한국지능시스템학회 (IF: 0.56)"
693,2023,전기전자공학,734568711,Seo-Yeon Gu,1,0.0274,0.053702,"[Agent with Low-latency Overcoming Technique for Distributed Cluster-based Machine Learning]
   └ 학회: 국제인공지능학회 (IF: 0.51)"
694,2023,전기전자공학,836993981,Byung-Joon Park,1,0.0274,0.053702,"[Agent with Low-latency Overcoming Technique for Distributed Cluster-based Machine Learning]
   └ 학회: 국제인공지능학회 (IF: 0.51)"
695,2023,전기전자공학,807359521,전주환,3,0.0271,0.067834,"[최대가능도 기반 저경사 FMICW 레이다 다중표적 탐지 알고리즘]
   └ 학회: 한국정보기술학회 (IF: 0.56)
--------------------------------
[FMICW 레이다에서 기계 학습을 활용한 다수 표적 탐지 기법 연구]
   └ 학회: 한국전자파학회 (IF: 0.4)
--------------------------------
[모노펄스 레이다 추정각도의 최빈값과 산란점들 각도의 원형 평균과의 관계]
   └ 학회: 한국전자파학회 (IF: 0.4)"
696,2023,전기전자공학,856424372,정준영,2,0.0271,0.067834,"[FMICW 레이다에서 기계 학습을 활용한 다수 표적 탐지 기법 연구]
   └ 학회: 한국전자파학회 (IF: 0.4)
--------------------------------
[모노펄스 레이다 추정각도의 최빈값과 산란점들 각도의 원형 평균과의 관계]
   └ 학회: 한국전자파학회 (IF: 0.4)"
697,2023,전기전자공학,631684236,전병우,1,0.0271,0.067834,"[FMICW 레이다에서 기계 학습을 활용한 다수 표적 탐지 기법 연구]
   └ 학회: 한국전자파학회 (IF: 0.4)"
698,2023,전기전자공학,421817991,전형기,2,0.0266,0.04918,"[2차원 코드를 활용한 실내에서의 위치 추정 기법]
   └ 학회: 한국정보통신학회 (IF: 0.54)
--------------------------------
[영상 내의 신체 핵심 좌표 데이터를 활용한 머신러닝 기반 수어 인식 연구]
   └ 학회: 한국정보통신학회 (IF: 0.54)"
699,2023,전기전자공학,433037223,김범준,2,0.0266,0.04918,"[2차원 코드를 활용한 실내에서의 위치 추정 기법]
   └ 학회: 한국정보통신학회 (IF: 0.54)
--------------------------------
[영상 내의 신체 핵심 좌표 데이터를 활용한 머신러닝 기반 수어 인식 연구]
   └ 학회: 한국정보통신학회 (IF: 0.54)"
700,2023,전기전자공학,530229884,이경희,2,0.0266,0.04918,"[2차원 코드를 활용한 실내에서의 위치 추정 기법]
   └ 학회: 한국정보통신학회 (IF: 0.54)
--------------------------------
[영상 내의 신체 핵심 좌표 데이터를 활용한 머신러닝 기반 수어 인식 연구]
   └ 학회: 한국정보통신학회 (IF: 0.54)"
701,2023,전기전자공학,291523611,이은민,1,0.0266,0.04918,"[SVM을 이용한 동형암호화된 신용평가 모델 학습]
   └ 학회: 한국정보통신학회 (IF: 0.54)"
702,2023,전기전자공학,981753519,이주희,1,0.0266,0.04918,"[SVM을 이용한 동형암호화된 신용평가 모델 학습]
   └ 학회: 한국정보통신학회 (IF: 0.54)"
703,2023,전기전자공학,226245816,Li Zi Xuan,1,0.0266,0.04918,"[Performance Comparison of Machine-learning Models for Analyzing Weather and Traffic Accident Correlations]
   └ 학회: 한국정보통신학회JICCE (IF: 0.54)"
704,2023,전기전자공학,394023739,양현호,1,0.0266,0.04918,"[Performance Comparison of Machine-learning Models for Analyzing Weather and Traffic Accident Correlations]
   └ 학회: 한국정보통신학회JICCE (IF: 0.54)"
705,2023,전기전자공학,604310643,공석현,1,0.0266,0.04918,"[머신 러닝 기법을 이용한 주요 지역 매매가격 예측 : 전세 제도를 중심으로]
   └ 학회: 한국정보통신학회 (IF: 0.54)"
706,2023,전기전자공학,412067137,Yongseok Yoo,1,0.0266,0.04918,"[Diagnosing Reading Disorders based on Eye Movements during Natural Reading]
   └ 학회: 한국정보통신학회JICCE (IF: 0.54)"
707,2023,전기전자공학,5499519,주도윤,4,0.0265,0.045224,"[LW-RCP를 이용한 실물 시스템에 대한 강화학습 기반의 제어기 개발 환경]
   └ 학회: 제어로봇시스템학회 (IF: 0.78)
--------------------------------
[LW-RCP를 이용한 2단 도립진자의 천이 제어]
   └ 학회: 제어로봇시스템학회 (IF: 0.78)
--------------------------------
[3 자유도 Stewart Platform과 LW-RCP를 이용한 Ball and Plate 시스템 구현에 관한 연구]
   └ 학회: 대한전기학회 (IF: 0.39)
--------------------------------
[Sim-to-Real 강화학습 기법을 활용한 Recovery 특성을 갖는 2단 도립진자 제어]
   └ 학회: 대한전기학회 (IF: 0.39)"
708,2023,전기전자공학,161838757,이영삼,4,0.0265,0.045224,"[LW-RCP를 이용한 실물 시스템에 대한 강화학습 기반의 제어기 개발 환경]
   └ 학회: 제어로봇시스템학회 (IF: 0.78)
--------------------------------
[LW-RCP를 이용한 2단 도립진자의 천이 제어]
   └ 학회: 제어로봇시스템학회 (IF: 0.78)
--------------------------------
[3 자유도 Stewart Platform과 LW-RCP를 이용한 Ball and Plate 시스템 구현에 관한 연구]
   └ 학회: 대한전기학회 (IF: 0.39)
--------------------------------
[Sim-to-Real 강화학습 기법을 활용한 Recovery 특성을 갖는 2단 도립진자 제어]
   └ 학회: 대한전기학회 (IF: 0.39)"
709,2023,전기전자공학,124772884,송석일,3,0.0263,0.046919,"[이동객체의 궤적 데이터에 대한 온라인 도로 네트워크 매칭 방법]
   └ 학회: 한국정보기술학회 (IF: 0.56)
--------------------------------
[객체 이미지를 이용한 객체간 관계 기반의 내용기반 이미지 검색 기법]
   └ 학회: 한국정보기술학회 (IF: 0.56)
--------------------------------
[궤적 예측 및 이미지 유사도 측정에 기반한 다중 카메라 객체 추적 방법]
   └ 학회: 한국정보기술학회 (IF: 0.56)"
710,2023,전기전자공학,448078830,최준희,2,0.0263,0.046919,"[AI를 활용한 무릎 K-L grade 분류 및 설명 가능한 모델 연구]
   └ 학회: 한국정보기술학회 (IF: 0.56)
--------------------------------
[화성지역의 화재 특성 분석을 통한 대응방안 연구]
   └ 학회: 한국정보기술학회 (IF: 0.56)"
711,2023,전기전자공학,513892289,이화규,2,0.0263,0.046919,"[AI를 활용한 무릎 K-L grade 분류 및 설명 가능한 모델 연구]
   └ 학회: 한국정보기술학회 (IF: 0.56)
--------------------------------
[화성지역의 화재 특성 분석을 통한 대응방안 연구]
   └ 학회: 한국정보기술학회 (IF: 0.56)"
712,2023,전기전자공학,725617630,조현숙,2,0.0263,0.046919,"[AI를 활용한 무릎 K-L grade 분류 및 설명 가능한 모델 연구]
   └ 학회: 한국정보기술학회 (IF: 0.56)
--------------------------------
[화성지역의 화재 특성 분석을 통한 대응방안 연구]
   └ 학회: 한국정보기술학회 (IF: 0.56)"
713,2023,전기전자공학,945130623,맹주형,1,0.0263,0.046919,"[객체 이미지를 이용한 객체간 관계 기반의 내용기반 이미지 검색 기법]
   └ 학회: 한국정보기술학회 (IF: 0.56)"
714,2023,전기전자공학,204886867,나선필,1,0.0263,0.046919,"[압축센싱 수신기를 이용한 무선 주파수 지문식별 시스템 구현]
   └ 학회: 한국정보기술학회 (IF: 0.56)"
715,2023,전기전자공학,399985675,안준일,1,0.0263,0.046919,"[압축센싱 수신기를 이용한 무선 주파수 지문식별 시스템 구현]
   └ 학회: 한국정보기술학회 (IF: 0.56)"
716,2023,전기전자공학,251650039,조성진,1,0.0263,0.046919,"[압축센싱 수신기를 이용한 무선 주파수 지문식별 시스템 구현]
   └ 학회: 한국정보기술학회 (IF: 0.56)"
717,2023,전기전자공학,468106026,조원민,1,0.0263,0.046919,"[시간 누적 및 CNN을 이용한 3차원 공간에서의 레이다 표적 궤적 탐지 방법]
   └ 학회: 한국정보기술학회 (IF: 0.56)"
718,2023,전기전자공학,660030270,곽노준,1,0.0263,0.046919,"[시간 누적 및 CNN을 이용한 3차원 공간에서의 레이다 표적 궤적 탐지 방법]
   └ 학회: 한국정보기술학회 (IF: 0.56)"
719,2023,전기전자공학,949837727,한만수,1,0.0263,0.046919,"[저가형 FPGA를 사용한 합성곱 신경망의 구현]
   └ 학회: 한국지능시스템학회 (IF: 0.56)"
720,2023,전기전자공학,122398953,박용찬,1,0.0256,0.032787,"[탄두 파편데이터 검출시스템의 중복검출 제거를 위한 convLSTM 기반 필터 연구]
   └ 학회: 제어로봇시스템학회 (IF: 0.78)"
721,2023,전기전자공학,816733396,손지홍,1,0.0256,0.032787,"[탄두 파편데이터 검출시스템의 중복검출 제거를 위한 convLSTM 기반 필터 연구]
   └ 학회: 제어로봇시스템학회 (IF: 0.78)"
722,2023,전기전자공학,166868004,이유석,1,0.0256,0.032787,"[탄두 파편데이터 검출시스템의 중복검출 제거를 위한 convLSTM 기반 필터 연구]
   └ 학회: 제어로봇시스템학회 (IF: 0.78)"
723,2023,전기전자공학,987446688,박웅,1,0.0256,0.032787,"[탄두 파편데이터 검출시스템의 중복검출 제거를 위한 convLSTM 기반 필터 연구]
   └ 학회: 제어로봇시스템학회 (IF: 0.78)"
724,2023,전기전자공학,667106054,김근범,1,0.0256,0.045788999999999996,"[객체 인식과 증강 현실을 이용한 모바일 환경에서의 향상된 위치 기반 시설물 관리]
   └ 학회: 한국정보기술학회 (IF: 0.56)"
725,2023,전기전자공학,5110650,김준용,1,0.0256,0.045788999999999996,"[객체 인식과 증강 현실을 이용한 모바일 환경에서의 향상된 위치 기반 시설물 관리]
   └ 학회: 한국정보기술학회 (IF: 0.56)"
726,2023,전기전자공학,219811601,옥수열,5,0.0254,0.042398,"[Semantic 3D City Model Data Visualization for Smar t City Digital Twin]
   └ 학회: 한국멀티미디어학회 (IF: 0.6)
--------------------------------
[동적 장애물 환경에서 Heat Kernel 및 Costmap 레이어를 이용한 AMR 장애물 회피 방법]
   └ 학회: 한국멀티미디어학회 (IF: 0.6)
--------------------------------
[공공데이터와 CCTV 가시영역을 활용한 CCTV 우선 설치구역 추천]
   └ 학회: 한국멀티미디어학회 (IF: 0.6)
--------------------------------
[디지털 트윈 기반 합성 데이터 자동 생성 모델을 이용한 화재 조기 검출 시스템]
   └ 학회: 한국멀티미디어학회 (IF: 0.6)
--------------------------------
[실내 화재안전 관리를 위한 디지털 트윈 기술 수용의 결정요인에 대한 실증분석]
   └ 학회: 한국멀티미디어학회 (IF: 0.6)"
727,2023,전기전자공학,489955416,김남호,15,0.0253,0.046919,"[평면 방정식을 이용한 S&P 잡음제거 필터 알고리즘]
   └ 학회: 한국정보통신학회 (IF: 0.54)
--------------------------------
[랜덤 임펄스 잡음 환경에서 잡음추정에 기반한 스위칭 필터]
   └ 학회: 한국정보통신학회 (IF: 0.54)
--------------------------------
[변형된 마스크와 유사 화소 간 그룹화를 통한 S&P 잡음 영상 복원]
   └ 학회: 한국정보통신학회 (IF: 0.54)
--------------------------------
[영상의 영역 특성을 이용한 랜덤 임펄스 잡음 제거 필터]
   └ 학회: 한국정보통신학회 (IF: 0.54)
--------------------------------
[위험 가중치를 이용한 차내 질식 예방 모니터링 시스템 설계 및 구현]
   └ 학회: 한국정보통신학회 (IF: 0.54)
--------------------------------
[AWGN 환경에서 다중 가중치를 사용한 영상 잡음 제거]
   └ 학회: 한국정보통신학회 (IF: 0.54)
--------------------------------
[RTOS를 기반한 실시간 대기 환경 원격 모니터링 시스템]
   └ 학회: 한국정보통신학회 (IF: 0.54)
--------------------------------
[공간 및 적응적 가중치를 이용한 AWGN 제거 알고리즘]
   └ 학회: 한국정보통신학회 (IF: 0.54)
--------------------------------
[클러스터링을 이용한 고밀도 Salt and Pepper 잡음 제거]
   └ 학회: 한국정보통신학회 (IF: 0.54)
--------------------------------
[잔차연결 기반의 AWGN 제거를 위한 CNN 학습 알고리즘]
   └ 학회: 한국정보통신학회 (IF: 0.54)
--------------------------------
[복합 잡음 환경에서 변형된 퍼지 가중치 기반의 스위칭 필터 알고리즘]
   └ 학회: 한국정보통신학회 (IF: 0.54)
--------------------------------
[임펄스 잡음 제거를 위한 화소 유사성을 기반한 개선된 보간 필터]
   └ 학회: 한국정보통신학회 (IF: 0.54)
--------------------------------
[조도 및 퍼지함수를 사용한 저조도 영상의 개선]
   └ 학회: 한국정보통신학회 (IF: 0.54)
--------------------------------
[쌍선형 보간법을 이용한 호모그래피 기반 Salt and Pepper 잡음 제거 기법]
   └ 학회: 한국정보통신학회 (IF: 0.54)
--------------------------------
[암모니아 가스 농도 저감을 위한 원격 모니터링 시스템]
   └ 학회: 한국정보통신학회 (IF: 0.54)"
728,2023,전기전자공학,148180530,송재혁,10,0.0253,0.063312,"[W 대역 FMCW 레이다용 저잡음 증폭기 설계]
   └ 학회: 한국전자파학회 (IF: 0.4)
--------------------------------
[Q-Band 광대역 저잡음 증폭기 설계]
   └ 학회: 한국전자파학회 (IF: 0.4)
--------------------------------
[26.5∼29.5 GHz 6비트 스위치 필터형 위상천이기]
   └ 학회: 한국전자파학회 (IF: 0.4)
--------------------------------
[W 대역 CMOS 윌킨슨 전력 분배기]
   └ 학회: 한국전자파학회 (IF: 0.4)
--------------------------------
[W 대역 RF 집적회로를 위한 구동 증폭기 설계]
   └ 학회: 한국전자파학회 (IF: 0.4)
--------------------------------
[W 대역 레이다 시스템을 위한 하향 변환 Q-Boosting 믹서 설계]
   └ 학회: 한국전자파학회 (IF: 0.4)
--------------------------------
[2.45-GHz 무선전력송신을 위한 렉테나 구현]
   └ 학회: 한국전자파학회 (IF: 0.4)
--------------------------------
[5G NR 통신을 위한 GaAs HBT 3.5 GHz 대역 도허티 전력 증폭기]
   └ 학회: 한국전자파학회 (IF: 0.4)
--------------------------------
[0.5-μm GaAs pHEMT 공정을 이용한 4.4∼5.0 GHz 저잡음 증폭기]
   └ 학회: 한국전자파학회 (IF: 0.4)
--------------------------------
[77∼81 GHz 근거리 레이다 시스템 IQ 수신단을 위한 LO 입력단의 설계 및 분석]
   └ 학회: 한국전자파학회 (IF: 0.4)"
729,2023,전기전자공학,685311160,손정택,10,0.0253,0.063312,"[W 대역 FMCW 레이다용 저잡음 증폭기 설계]
   └ 학회: 한국전자파학회 (IF: 0.4)
--------------------------------
[Q-Band 광대역 저잡음 증폭기 설계]
   └ 학회: 한국전자파학회 (IF: 0.4)
--------------------------------
[26.5∼29.5 GHz 6비트 스위치 필터형 위상천이기]
   └ 학회: 한국전자파학회 (IF: 0.4)
--------------------------------
[W 대역 CMOS 윌킨슨 전력 분배기]
   └ 학회: 한국전자파학회 (IF: 0.4)
--------------------------------
[W 대역 RF 집적회로를 위한 구동 증폭기 설계]
   └ 학회: 한국전자파학회 (IF: 0.4)
--------------------------------
[W 대역 레이다 시스템을 위한 하향 변환 Q-Boosting 믹서 설계]
   └ 학회: 한국전자파학회 (IF: 0.4)
--------------------------------
[2.45-GHz 무선전력송신을 위한 렉테나 구현]
   └ 학회: 한국전자파학회 (IF: 0.4)
--------------------------------
[5G NR 통신을 위한 GaAs HBT 3.5 GHz 대역 도허티 전력 증폭기]
   └ 학회: 한국전자파학회 (IF: 0.4)
--------------------------------
[0.5-μm GaAs pHEMT 공정을 이용한 4.4∼5.0 GHz 저잡음 증폭기]
   └ 학회: 한국전자파학회 (IF: 0.4)
--------------------------------
[77∼81 GHz 근거리 레이다 시스템 IQ 수신단을 위한 LO 입력단의 설계 및 분석]
   └ 학회: 한국전자파학회 (IF: 0.4)"
730,2023,전기전자공학,445057152,백민석,10,0.0253,0.063312,"[W 대역 FMCW 레이다용 저잡음 증폭기 설계]
   └ 학회: 한국전자파학회 (IF: 0.4)
--------------------------------
[Q-Band 광대역 저잡음 증폭기 설계]
   └ 학회: 한국전자파학회 (IF: 0.4)
--------------------------------
[26.5∼29.5 GHz 6비트 스위치 필터형 위상천이기]
   └ 학회: 한국전자파학회 (IF: 0.4)
--------------------------------
[W 대역 CMOS 윌킨슨 전력 분배기]
   └ 학회: 한국전자파학회 (IF: 0.4)
--------------------------------
[W 대역 RF 집적회로를 위한 구동 증폭기 설계]
   └ 학회: 한국전자파학회 (IF: 0.4)
--------------------------------
[W 대역 레이다 시스템을 위한 하향 변환 Q-Boosting 믹서 설계]
   └ 학회: 한국전자파학회 (IF: 0.4)
--------------------------------
[2.45-GHz 무선전력송신을 위한 렉테나 구현]
   └ 학회: 한국전자파학회 (IF: 0.4)
--------------------------------
[5G NR 통신을 위한 GaAs HBT 3.5 GHz 대역 도허티 전력 증폭기]
   └ 학회: 한국전자파학회 (IF: 0.4)
--------------------------------
[0.5-μm GaAs pHEMT 공정을 이용한 4.4∼5.0 GHz 저잡음 증폭기]
   └ 학회: 한국전자파학회 (IF: 0.4)
--------------------------------
[77∼81 GHz 근거리 레이다 시스템 IQ 수신단을 위한 LO 입력단의 설계 및 분석]
   └ 학회: 한국전자파학회 (IF: 0.4)"
731,2023,전기전자공학,472286863,천봉원,5,0.0253,0.046919,"[랜덤 임펄스 잡음 환경에서 잡음추정에 기반한 스위칭 필터]
   └ 학회: 한국정보통신학회 (IF: 0.54)
--------------------------------
[AWGN 환경에서 다중 가중치를 사용한 영상 잡음 제거]
   └ 학회: 한국정보통신학회 (IF: 0.54)
--------------------------------
[잔차연결 기반의 AWGN 제거를 위한 CNN 학습 알고리즘]
   └ 학회: 한국정보통신학회 (IF: 0.54)
--------------------------------
[복합 잡음 환경에서 변형된 퍼지 가중치 기반의 스위칭 필터 알고리즘]
   └ 학회: 한국정보통신학회 (IF: 0.54)
--------------------------------
[조도 및 퍼지함수를 사용한 저조도 영상의 개선]
   └ 학회: 한국정보통신학회 (IF: 0.54)"
732,2023,전기전자공학,977243210,장우석,2,0.0253,0.045224,"[항만 물류 환경에서 강화학습 기반 컨테이너 다단 적재 모델링 방법]
   └ 학회: 한국정보기술학회 (IF: 0.56)
--------------------------------
[항만 물류 환경에서 다중 에이전트 강화학습 기반 최적 배차 모델링 방법]
   └ 학회: 한국정보기술학회 (IF: 0.56)"
733,2023,전기전자공학,5150344,이효준,2,0.0253,0.045224,"[항만 물류 환경에서 강화학습 기반 컨테이너 다단 적재 모델링 방법]
   └ 학회: 한국정보기술학회 (IF: 0.56)
--------------------------------
[항만 물류 환경에서 다중 에이전트 강화학습 기반 최적 배차 모델링 방법]
   └ 학회: 한국정보기술학회 (IF: 0.56)"
734,2023,전기전자공학,254097,이성진,2,0.0253,0.045224,"[항만 물류 환경에서 강화학습 기반 컨테이너 다단 적재 모델링 방법]
   └ 학회: 한국정보기술학회 (IF: 0.56)
--------------------------------
[항만 물류 환경에서 다중 에이전트 강화학습 기반 최적 배차 모델링 방법]
   └ 학회: 한국정보기술학회 (IF: 0.56)"
735,2023,전기전자공학,202096080,김동규,2,0.0253,0.045224,"[항만 물류 환경에서 강화학습 기반 컨테이너 다단 적재 모델링 방법]
   └ 학회: 한국정보기술학회 (IF: 0.56)
--------------------------------
[항만 물류 환경에서 다중 에이전트 강화학습 기반 최적 배차 모델링 방법]
   └ 학회: 한국정보기술학회 (IF: 0.56)"
736,2023,전기전자공학,355590445,안준헌,1,0.0253,0.045224,"[DQN 강화학습을 이용한 회전형 미로 탐색 행동 정책 학습]
   └ 학회: 한국지능시스템학회 (IF: 0.56)"
737,2023,전기전자공학,649438250,조영완,1,0.0253,0.045224,"[DQN 강화학습을 이용한 회전형 미로 탐색 행동 정책 학습]
   └ 학회: 한국지능시스템학회 (IF: 0.56)"
738,2023,전기전자공학,963616825,남영자,1,0.0253,0.046919,"[Denoising CNN 기반 소음하에서의 음성 감정 인식]
   └ 학회: 한국정보통신학회 (IF: 0.54)"
739,2023,전기전자공학,889907902,박희문,1,0.0253,0.046918,"[단일 원형 경계상자를 사용한 YOLO 기반 궐련 담배 검출 시스템]
   └ 학회: 한국정보통신학회 (IF: 0.54)"
740,2023,전기전자공학,286329793,전향식,1,0.0253,0.046918,"[단일 원형 경계상자를 사용한 YOLO 기반 궐련 담배 검출 시스템]
   └ 학회: 한국정보통신학회 (IF: 0.54)"
741,2023,전기전자공학,642253763,황광복,1,0.0253,0.046918,"[단일 원형 경계상자를 사용한 YOLO 기반 궐련 담배 검출 시스템]
   └ 학회: 한국정보통신학회 (IF: 0.54)"
742,2023,전기전자공학,743875876,박진현,1,0.0253,0.046918,"[단일 원형 경계상자를 사용한 YOLO 기반 궐련 담배 검출 시스템]
   └ 학회: 한국정보통신학회 (IF: 0.54)"
743,2023,전기전자공학,121170684,장경식,1,0.0253,0.046919,"[CNN을 이용한 회전 불변 필기체 숫자 인식]
   └ 학회: 한국정보통신학회 (IF: 0.54)"
744,2023,전기전자공학,340182650,Gun-Woo Kim,1,0.0251,0.04918,"[An Engine for DRA in Container Orchestration Using Machine Learning]
   └ 학회: 국제인공지능학회 (IF: 0.51)"
745,2023,전기전자공학,598344643,구서연,1,0.0251,0.04918,"[An Engine for DRA in Container Orchestration Using Machine Learning]
   └ 학회: 국제인공지능학회 (IF: 0.51)"
746,2023,전기전자공학,596800002,박병준,1,0.0251,0.04918,"[An Engine for DRA in Container Orchestration Using Machine Learning]
   └ 학회: 국제인공지능학회 (IF: 0.51)"
747,2023,전기전자공학,290640403,Jiseon Yang,1,0.0251,0.04918,"[Prediction of Cognitive Ability Utilizing a Machine Learning approach based on Digital Therapeutics Log Data]
   └ 학회: 국제인공지능학회 (IF: 0.51)"
748,2023,전기전자공학,193573375,Dohyoung Rim,1,0.0251,0.04918,"[Prediction of Cognitive Ability Utilizing a Machine Learning approach based on Digital Therapeutics Log Data]
   └ 학회: 국제인공지능학회 (IF: 0.51)"
749,2023,전기전자공학,848880931,Nguyen Ba Tiến,1,0.0251,0.04918,"[Applying Machine Learning approaches to predict High-school Student Assessment scores based on high school transcript records]
   └ 학회: 국제인공지능학회 (IF: 0.51)"
750,2023,전기전자공학,435602353,Hoai-Nam Nguyen,1,0.0251,0.04918,"[Applying Machine Learning approaches to predict High-school Student Assessment scores based on high school transcript records]
   └ 학회: 국제인공지능학회 (IF: 0.51)"
751,2023,전기전자공학,926495575,Hoang-Ha Le,1,0.0251,0.04918,"[Applying Machine Learning approaches to predict High-school Student Assessment scores based on high school transcript records]
   └ 학회: 국제인공지능학회 (IF: 0.51)"
752,2023,전기전자공학,496119743,Tran Thu Trang,1,0.0251,0.04918,"[Applying Machine Learning approaches to predict High-school Student Assessment scores based on high school transcript records]
   └ 학회: 국제인공지능학회 (IF: 0.51)"
753,2023,전기전자공학,464971594,Chau Van Dinh,1,0.0251,0.04918,"[Applying Machine Learning approaches to predict High-school Student Assessment scores based on high school transcript records]
   └ 학회: 국제인공지능학회 (IF: 0.51)"
754,2023,전기전자공학,824601068,Ha-Nam Nguyen,1,0.0251,0.04918,"[Applying Machine Learning approaches to predict High-school Student Assessment scores based on high school transcript records]
   └ 학회: 국제인공지능학회 (IF: 0.51)"
755,2023,전기전자공학,863199070,Gyoo Seok Choi,1,0.0251,0.04918,"[Applying Machine Learning approaches to predict High-school Student Assessment scores based on high school transcript records]
   └ 학회: 국제인공지능학회 (IF: 0.51)"
756,2023,전기전자공학,706876460,정민용,1,0.0251,0.04918,"[Human Normalization Approach based on Disease Comparative Prediction Model between Covid-19 and Influenza]
   └ 학회: 국제인공지능학회 (IF: 0.51)"
757,2023,전기전자공학,944863286,이다윤,1,0.0251,0.04918,"[Human Normalization Approach based on Disease Comparative Prediction Model between Covid-19 and Influenza]
   └ 학회: 국제인공지능학회 (IF: 0.51)"
758,2023,전기전자공학,244497430,조나현,1,0.0251,0.04918,"[Human Normalization Approach based on Disease Comparative Prediction Model between Covid-19 and Influenza]
   └ 학회: 국제인공지능학회 (IF: 0.51)"
759,2023,전기전자공학,688651095,진조아,1,0.0251,0.04918,"[Human Normalization Approach based on Disease Comparative Prediction Model between Covid-19 and Influenza]
   └ 학회: 국제인공지능학회 (IF: 0.51)"
760,2023,전기전자공학,146104680,정선화,1,0.0251,0.04918,"[사물인터넷 시스템에서 가변적인 실시간 태스크를 지원하는 자원 플래닝 정책]
   └ 학회: 국제인공지능학회 (IF: 0.51)"
761,2023,전기전자공학,299120,유선진,3,0.0247,0.044092,"[지역 전통주 및 양조장 홍보를 위한 증강현실 콘텐츠 개발]
   └ 학회: 한국정보기술학회 (IF: 0.56)
--------------------------------
[실재감 높은 투자위험 체험을 위한 몰입형 가상현실 콘텐츠 개발]
   └ 학회: 한국정보기술학회 (IF: 0.56)
--------------------------------
[생성형 인공지능을 이용한 질문 생성 기반 AI 어시스턴트 북]
   └ 학회: 한국정보기술학회 (IF: 0.56)"
762,2023,전기전자공학,230749237,신다은,1,0.0244,0.045224,"[우울증 진단 및 치료를 위한 챗봇 연구 동향 분석]
   └ 학회: 한국정보통신학회 (IF: 0.54)"
763,2023,전기전자공학,585689782,황규범,1,0.0244,0.045224,"[강화학습을 이용한 생성형 한글 공감 대화 챗봇 연구]
   └ 학회: 한국정보통신학회 (IF: 0.54)"
764,2023,전기전자공학,644719754,박혜진,1,0.0244,0.045224,"[강화학습을 이용한 생성형 한글 공감 대화 챗봇 연구]
   └ 학회: 한국정보통신학회 (IF: 0.54)"
765,2023,전기전자공학,4639629,Young-Hun Byeon,1,0.0243,0.03109,"[Improving the Performance of DPT-based Monocular Depth Estimation Models Using Bidirectional LSTMs Initialized With CLS Tokens]
   └ 학회: 제어로봇시스템학회 (IF: 0.78)"
766,2023,전기전자공학,552246020,Min-Woo Lee,1,0.0243,0.03109,"[Improving the Performance of DPT-based Monocular Depth Estimation Models Using Bidirectional LSTMs Initialized With CLS Tokens]
   └ 학회: 제어로봇시스템학회 (IF: 0.78)"
767,2023,전기전자공학,950105584,Jeong-Wook Lee,1,0.0243,0.03109,"[Improving the Performance of DPT-based Monocular Depth Estimation Models Using Bidirectional LSTMs Initialized With CLS Tokens]
   └ 학회: 제어로봇시스템학회 (IF: 0.78)"
768,2023,전기전자공학,658795293,김동호,2,0.0242,0.047485,"[MZ 세대 접점 확보를 위한 금융권 메타버스 플랫폼 활용 방향 연구]
   └ 학회: 국제인공지능학회 (IF: 0.51)
--------------------------------
[MDM 앱에 적용되는 위치 기반 통제 기능의 효율화 방법에 관한 연구]
   └ 학회: 국제인공지능학회 (IF: 0.51)"
769,2023,전기전자공학,136622241,박희주,1,0.0242,0.047485,"[IoT 기술을 적용한 교통약자용 스마트 안전스틱 설계]
   └ 학회: 국제인공지능학회 (IF: 0.51)"
770,2023,전기전자공학,230561130,임명재,1,0.0242,0.047485,"[IoT 기술을 적용한 교통약자용 스마트 안전스틱 설계]
   └ 학회: 국제인공지능학회 (IF: 0.51)"
771,2023,전기전자공학,910018629,갈원모,1,0.0242,0.047485,"[IoT 기술을 적용한 교통약자용 스마트 안전스틱 설계]
   └ 학회: 국제인공지능학회 (IF: 0.51)"
772,2023,전기전자공학,813777335,최미진,2,0.0239,0.046919,"[A Study on the Life Prediction of Lithium Ion Batteries Based on a Convolutional Neural Network Model]
   └ 학회: 국제인공지능학회 (IF: 0.51)
--------------------------------
[A Study on Impedance Change Trend and Battery Life Analysis through Battery Performance Deterioration Factors]
   └ 학회: 국제인공지능학회 (IF: 0.51)"
773,2023,전기전자공학,170334402,김상범,2,0.0239,0.046919,"[A Study on the Life Prediction of Lithium Ion Batteries Based on a Convolutional Neural Network Model]
   └ 학회: 국제인공지능학회 (IF: 0.51)
--------------------------------
[A Study on Impedance Change Trend and Battery Life Analysis through Battery Performance Deterioration Factors]
   └ 학회: 국제인공지능학회 (IF: 0.51)"
774,2023,전기전자공학,521266975,"Sang Hyun, Kim",1,0.0239,0.046919,"[Performance Comparison According to Image Generation Method in NIDS (Network Intrusion Detection System) using CNN]
   └ 학회: 국제인공지능학회 (IF: 0.51)"
775,2023,전기전자공학,527080381,장문종,1,0.0238,0.061051,"[AI 기반 재생에너지 발전 예측 기술 특허 동향]
   └ 학회: 대한전기학회 (IF: 0.39)"
776,2023,전기전자공학,978876486,김태훈,1,0.0238,0.061051,"[AI 기반 재생에너지 발전 예측 기술 특허 동향]
   └ 학회: 대한전기학회 (IF: 0.39)"
777,2023,전기전자공학,704615682,오은성,1,0.0238,0.061051,"[AI 기반 재생에너지 발전 예측 기술 특허 동향]
   └ 학회: 대한전기학회 (IF: 0.39)"
778,2023,전기전자공학,401545136,김다솔,1,0.0237,0.042397,"[YOLOv5와 Dual Kalman Filter 기반의 폐색영역에 강건한 객체 추적 프레임워크]
   └ 학회: 한국정보기술학회 (IF: 0.56)"
779,2023,전기전자공학,1700418,허재석,1,0.0237,0.042397,"[YOLOv5와 Dual Kalman Filter 기반의 폐색영역에 강건한 객체 추적 프레임워크]
   └ 학회: 한국정보기술학회 (IF: 0.56)"
780,2023,전기전자공학,908762457,이상덕,3,0.0231,0.041265,"[안전사고 분석을 위한 사전학습 언어모델 기반 개체명 인식 및 인과관계 추출]
   └ 학회: 한국지능시스템학회 (IF: 0.56)
--------------------------------
[해양 안전관리를 위한 복수 인과관계의 클래스 불균형 해소 및 키워드 네트워크]
   └ 학회: 한국지능시스템학회 (IF: 0.56)
--------------------------------
[택배 화물 파손 분류를 위한 YOLO 및 StyleGAN 기반 학습 데이터 증강]
   └ 학회: 한국지능시스템학회 (IF: 0.56)"
781,2023,전기전자공학,160050,김진현,2,0.0231,0.057659,"[시뮬레이션 데이터와 Spherical Convolution을 통한 준 정적인 수중환경에서의 이동체 속도 및 각도 측정]
   └ 학회: 한국로봇학회(논문지) (IF: 0.4)
--------------------------------
[인체 근골격 시뮬레이션을 활용한 인체 보행 시 외골격의 고관절 굴곡/신장 토크 최적화]
   └ 학회: 한국로봇학회(논문지) (IF: 0.4)"
782,2023,전기전자공학,630100760,윤배근,1,0.0231,0.057659,"[시뮬레이션 데이터와 Spherical Convolution을 통한 준 정적인 수중환경에서의 이동체 속도 및 각도 측정]
   └ 학회: 한국로봇학회(논문지) (IF: 0.4)"
783,2023,전기전자공학,457206734,정시우,1,0.023,0.046919,"[2D CNN 기반 XR 사용자 뇌파 인증 및 BCI Illiteracy 자동 분류 프로토콜 개발]
   └ 학회: 한국방송·미디어공학회 (IF: 0.49)"
784,2023,전기전자공학,5112731,채민성,1,0.023,0.046919,"[2D CNN 기반 XR 사용자 뇌파 인증 및 BCI Illiteracy 자동 분류 프로토콜 개발]
   └ 학회: 한국방송·미디어공학회 (IF: 0.49)"
785,2023,전기전자공학,169718019,김예니,1,0.023,0.046919,"[2D CNN 기반 XR 사용자 뇌파 인증 및 BCI Illiteracy 자동 분류 프로토콜 개발]
   └ 학회: 한국방송·미디어공학회 (IF: 0.49)"
786,2023,전기전자공학,970332326,박상인,1,0.023,0.046919,"[2D CNN 기반 XR 사용자 뇌파 인증 및 BCI Illiteracy 자동 분류 프로토콜 개발]
   └ 학회: 한국방송·미디어공학회 (IF: 0.49)"
787,2023,전기전자공학,436989255,하지현,1,0.023,0.046919,"[2D CNN 기반 XR 사용자 뇌파 인증 및 BCI Illiteracy 자동 분류 프로토콜 개발]
   └ 학회: 한국방송·미디어공학회 (IF: 0.49)"
788,2023,전기전자공학,262658804,배다환,1,0.023,0.046919,"[2D CNN 기반 XR 사용자 뇌파 인증 및 BCI Illiteracy 자동 분류 프로토콜 개발]
   └ 학회: 한국방송·미디어공학회 (IF: 0.49)"
789,2023,전기전자공학,706653270,천성현,1,0.023,0.046919,"[2D CNN 기반 XR 사용자 뇌파 인증 및 BCI Illiteracy 자동 분류 프로토콜 개발]
   └ 학회: 한국방송·미디어공학회 (IF: 0.49)"
790,2023,전기전자공학,674773827,문성철,1,0.023,0.046919,"[2D CNN 기반 XR 사용자 뇌파 인증 및 BCI Illiteracy 자동 분류 프로토콜 개발]
   └ 학회: 한국방송·미디어공학회 (IF: 0.49)"
791,2023,전기전자공학,427535878,임웅빈,1,0.0228,0.057094,"[MLOps 기반 이상 탐지 인공지능 시스템]
   └ 학회: 한국전자파학회 (IF: 0.4)"
792,2023,전기전자공학,914151066,이승한,1,0.0228,0.057094,"[MLOps 기반 이상 탐지 인공지능 시스템]
   └ 학회: 한국전자파학회 (IF: 0.4)"
793,2023,전기전자공학,355525940,김인철,6,0.0226,0.032788,"[목표 기반 시각적 이동 작업을 위한 시각적 맥락정보 임베딩과 교착상태 처리]
   └ 학회: 제어로봇시스템학회 (IF: 0.78)
--------------------------------
[실내 환경에서 멀티-뷰 RGB-D 영상들을 활용하는 3차원 의미적 장면 분할]
   └ 학회: 제어로봇시스템학회 (IF: 0.78)
--------------------------------
[온라인 비디오 개체 분할을 위한 동적 앵커 박스 기반 개체 디코딩과 위치 인지 개체 연결]
   └ 학회: 제어로봇시스템학회 (IF: 0.78)
--------------------------------
[노이즈 제거 보조 학습을 적용한 트랜스포머 기반의 3차원 개체 분할]
   └ 학회: 제어로봇시스템학회 (IF: 0.78)
--------------------------------
[대규모 언어 모델(LLM)의 사전 지식을 활용한 3차원 장면 그래프 생성]
   └ 학회: 한국멀티미디어학회 (IF: 0.6)
--------------------------------
[다중 로봇 제조 물류 작업을 위한 안전성과 효율성 학습]
   └ 학회: 한국로봇학회(논문지) (IF: 0.4)"
794,2023,전기전자공학,412226845,최수영,1,0.0225,0.02883,"[CoAP 기반 무선 손실 환경에서 효율적인 혼잡제어를 위한 적응형 RTO 알고리즘 설계]
   └ 학회: 제어로봇시스템학회 (IF: 0.78)"
795,2023,전기전자공학,210253032,추영열,1,0.0225,0.02883,"[CoAP 기반 무선 손실 환경에서 효율적인 혼잡제어를 위한 적응형 RTO 알고리즘 설계]
   └ 학회: 제어로봇시스템학회 (IF: 0.78)"
796,2023,전기전자공학,625657609,임정택,9,0.0222,0.055397999999999996,"[W 대역 FMCW 레이다용 저잡음 증폭기 설계]
   └ 학회: 한국전자파학회 (IF: 0.4)
--------------------------------
[Q-Band 광대역 저잡음 증폭기 설계]
   └ 학회: 한국전자파학회 (IF: 0.4)
--------------------------------
[26.5∼29.5 GHz 6비트 스위치 필터형 위상천이기]
   └ 학회: 한국전자파학회 (IF: 0.4)
--------------------------------
[W 대역 CMOS 윌킨슨 전력 분배기]
   └ 학회: 한국전자파학회 (IF: 0.4)
--------------------------------
[W 대역 레이다 시스템을 위한 하향 변환 Q-Boosting 믹서 설계]
   └ 학회: 한국전자파학회 (IF: 0.4)
--------------------------------
[2.45-GHz 무선전력송신을 위한 렉테나 구현]
   └ 학회: 한국전자파학회 (IF: 0.4)
--------------------------------
[5G NR 통신을 위한 GaAs HBT 3.5 GHz 대역 도허티 전력 증폭기]
   └ 학회: 한국전자파학회 (IF: 0.4)
--------------------------------
[0.5-μm GaAs pHEMT 공정을 이용한 4.4∼5.0 GHz 저잡음 증폭기]
   └ 학회: 한국전자파학회 (IF: 0.4)
--------------------------------
[77∼81 GHz 근거리 레이다 시스템 IQ 수신단을 위한 LO 입력단의 설계 및 분석]
   └ 학회: 한국전자파학회 (IF: 0.4)"
797,2023,전기전자공학,615336941,이은규,9,0.0222,0.055397999999999996,"[W 대역 FMCW 레이다용 저잡음 증폭기 설계]
   └ 학회: 한국전자파학회 (IF: 0.4)
--------------------------------
[Q-Band 광대역 저잡음 증폭기 설계]
   └ 학회: 한국전자파학회 (IF: 0.4)
--------------------------------
[26.5∼29.5 GHz 6비트 스위치 필터형 위상천이기]
   └ 학회: 한국전자파학회 (IF: 0.4)
--------------------------------
[W 대역 CMOS 윌킨슨 전력 분배기]
   └ 학회: 한국전자파학회 (IF: 0.4)
--------------------------------
[W 대역 레이다 시스템을 위한 하향 변환 Q-Boosting 믹서 설계]
   └ 학회: 한국전자파학회 (IF: 0.4)
--------------------------------
[2.45-GHz 무선전력송신을 위한 렉테나 구현]
   └ 학회: 한국전자파학회 (IF: 0.4)
--------------------------------
[5G NR 통신을 위한 GaAs HBT 3.5 GHz 대역 도허티 전력 증폭기]
   └ 학회: 한국전자파학회 (IF: 0.4)
--------------------------------
[0.5-μm GaAs pHEMT 공정을 이용한 4.4∼5.0 GHz 저잡음 증폭기]
   └ 학회: 한국전자파학회 (IF: 0.4)
--------------------------------
[77∼81 GHz 근거리 레이다 시스템 IQ 수신단을 위한 LO 입력단의 설계 및 분석]
   └ 학회: 한국전자파학회 (IF: 0.4)"
798,2023,전기전자공학,875753911,박준형,1,0.0219,0.044658,"[컴퓨터 그래픽스 기반의 합성 데이터를 이용한 항공표적 탐지 모델 학습 방법]
   └ 학회: 한국방송·미디어공학회 (IF: 0.49)"
799,2023,전기전자공학,942047610,최용호,1,0.0219,0.044658,"[컴퓨터 그래픽스 기반의 합성 데이터를 이용한 항공표적 탐지 모델 학습 방법]
   └ 학회: 한국방송·미디어공학회 (IF: 0.49)"
800,2023,전기전자공학,629103647,문종원,1,0.0219,0.044658,"[컴퓨터 그래픽스 기반의 합성 데이터를 이용한 항공표적 탐지 모델 학습 방법]
   └ 학회: 한국방송·미디어공학회 (IF: 0.49)"
801,2023,전기전자공학,816606230,박인구,1,0.0219,0.044658,"[컴퓨터 그래픽스 기반의 합성 데이터를 이용한 항공표적 탐지 모델 학습 방법]
   └ 학회: 한국방송·미디어공학회 (IF: 0.49)"
802,2023,전기전자공학,407882833,이기남,1,0.0219,0.044658,"[컴퓨터 그래픽스 기반의 합성 데이터를 이용한 항공표적 탐지 모델 학습 방법]
   └ 학회: 한국방송·미디어공학회 (IF: 0.49)"
803,2023,전기전자공학,878675544,김창복,2,0.0215,0.03844,"[기상 요소 데이터를 이용한 단기 강수량예측 향상을 위한 딥러닝 병렬 모델]
   └ 학회: 한국정보기술학회 (IF: 0.56)
--------------------------------
[기술 분석과 환경요소를 이용한 주가 예측률 향상을 위한 딥러닝 병렬 모델]
   └ 학회: 한국정보기술학회 (IF: 0.56)"
804,2023,전기전자공학,804815954,정윤수,2,0.0212,0.037874,"[스마트 팜 환경에 최적화된 블록체인 기반의 DNN 분산 모델]
   └ 학회: 한국정보기술학회 (IF: 0.56)
--------------------------------
[생산 현장에서 가상화 리소스 할당을 반영한 효율적인 AIoT 리소스 관리 기법]
   └ 학회: 한국정보기술학회 (IF: 0.56)"
805,2023,전기전자공학,398691760,이상준,1,0.0211,0.042963,"[3차원 LiDAR 점군 데이터에서의 가상 차량 데이터 생성을 위한 구면 점 추적 기법]
   └ 학회: 한국방송·미디어공학회 (IF: 0.49)"
806,2023,전기전자공학,664934979,김준형,9,0.0208,0.05200599999999999,"[W 대역 FMCW 레이다용 저잡음 증폭기 설계]
   └ 학회: 한국전자파학회 (IF: 0.4)
--------------------------------
[Q-Band 광대역 저잡음 증폭기 설계]
   └ 학회: 한국전자파학회 (IF: 0.4)
--------------------------------
[26.5∼29.5 GHz 6비트 스위치 필터형 위상천이기]
   └ 학회: 한국전자파학회 (IF: 0.4)
--------------------------------
[W 대역 CMOS 윌킨슨 전력 분배기]
   └ 학회: 한국전자파학회 (IF: 0.4)
--------------------------------
[W 대역 RF 집적회로를 위한 구동 증폭기 설계]
   └ 학회: 한국전자파학회 (IF: 0.4)
--------------------------------
[W 대역 레이다 시스템을 위한 하향 변환 Q-Boosting 믹서 설계]
   └ 학회: 한국전자파학회 (IF: 0.4)
--------------------------------
[5G NR 통신을 위한 GaAs HBT 3.5 GHz 대역 도허티 전력 증폭기]
   └ 학회: 한국전자파학회 (IF: 0.4)
--------------------------------
[0.5-μm GaAs pHEMT 공정을 이용한 4.4∼5.0 GHz 저잡음 증폭기]
   └ 학회: 한국전자파학회 (IF: 0.4)
--------------------------------
[77∼81 GHz 근거리 레이다 시스템 IQ 수신단을 위한 LO 입력단의 설계 및 분석]
   └ 학회: 한국전자파학회 (IF: 0.4)"
807,2023,전기전자공학,642741797,성상만,1,0.0203,0.026003,"[LSTM 신경망을 이용한 이동 로봇 장착상태의 IMU 오차 보정]
   └ 학회: 제어로봇시스템학회 (IF: 0.78)"
808,2023,전기전자공학,773092145,정세미,1,0.0203,0.026003,"[LSTM 신경망을 이용한 이동 로봇 장착상태의 IMU 오차 보정]
   └ 학회: 제어로봇시스템학회 (IF: 0.78)"
809,2023,전기전자공학,946043329,황동준,1,0.0203,0.052007000000000005,"[Convolutional Neural Network를 이용한 고저항 접지계통에서의 1선지락고장 검출에 관한 연구]
   └ 학회: 대한전기학회 (IF: 0.39)"
810,2023,전기전자공학,204955793,김철환,1,0.0203,0.052007000000000005,"[Convolutional Neural Network를 이용한 고저항 접지계통에서의 1선지락고장 검출에 관한 연구]
   └ 학회: 대한전기학회 (IF: 0.39)"
811,2023,전기전자공학,805887203,Min-jeong Koo,2,0.0202,0.03957,"[A Study on the Implementation of Raspberry Pi Based Educational Smart Farm]
   └ 학회: 국제인공지능학회 (IF: 0.51)
--------------------------------
[A Study on Agricultural Machine Sharing Application]
   └ 학회: 국제인공지능학회 (IF: 0.51)"
812,2023,전기전자공학,984031130,한경숙,4,0.0199,0.039005,"[영상처리 및 머신러닝 기술을 이용하는 운동 및 식단 보조 애플리케이션]
   └ 학회: 국제인공지능학회 (IF: 0.51)
--------------------------------
[키워드 추출을 통한 그림을 그려주는 그림일기의 구현]
   └ 학회: 국제인공지능학회 (IF: 0.51)
--------------------------------
[랜드마크 기반 체험형 메타버스 증강현실 게임]
   └ 학회: 국제인공지능학회 (IF: 0.51)
--------------------------------
[반려동물 질병예측서비스 및 통합관리 어플리케이션]
   └ 학회: 국제인공지능학회 (IF: 0.51)"
813,2023,전기전자공학,531949965,변공규,2,0.0199,0.035613,"[실재감 높은 투자위험 체험을 위한 몰입형 가상현실 콘텐츠 개발]
   └ 학회: 한국정보기술학회 (IF: 0.56)
--------------------------------
[생성형 인공지능을 이용한 질문 생성 기반 AI 어시스턴트 북]
   └ 학회: 한국정보기술학회 (IF: 0.56)"
814,2023,전기전자공학,133097658,염민규,1,0.0199,0.039005,"[랜드마크 기반 체험형 메타버스 증강현실 게임]
   └ 학회: 국제인공지능학회 (IF: 0.51)"
815,2023,전기전자공학,707223018,이수민,1,0.0199,0.039005,"[랜드마크 기반 체험형 메타버스 증강현실 게임]
   └ 학회: 국제인공지능학회 (IF: 0.51)"
816,2023,전기전자공학,850577139,박영훈,1,0.0199,0.039005,"[랜드마크 기반 체험형 메타버스 증강현실 게임]
   └ 학회: 국제인공지능학회 (IF: 0.51)"
817,2023,전기전자공학,330174548,김소영,1,0.0197,0.04918,"[머신러닝을 이용한 고속 인터커넥 설계]
   └ 학회: 한국전자파학회 (IF: 0.4)"
818,2023,전기전자공학,829215606,Le Khac Hung,1,0.0197,0.04918,"[머신러닝을 이용한 고속 인터커넥 설계]
   └ 학회: 한국전자파학회 (IF: 0.4)"
819,2023,전기전자공학,494611291,이병주,1,0.0196,0.035048,"[정밀농업을 위한 환경요소 분석]
   └ 학회: 한국정보기술학회 (IF: 0.56)"
820,2023,전기전자공학,588522252,김정식,1,0.0196,0.035048,"[정밀농업을 위한 환경요소 분석]
   └ 학회: 한국정보기술학회 (IF: 0.56)"
821,2023,전기전자공학,144177883,곽윤식,1,0.0196,0.035048,"[정밀농업을 위한 환경요소 분석]
   └ 학회: 한국정보기술학회 (IF: 0.56)"
822,2023,전기전자공학,621690641,권동진,1,0.0196,0.03844,"[Car detection area segmentation using deep learning system]
   └ 학회: 국제인공지능학회 (IF: 0.51)"
823,2023,전기전자공학,457571685,Sang-hoon Lee,1,0.0196,0.03844,"[Car detection area segmentation using deep learning system]
   └ 학회: 국제인공지능학회 (IF: 0.51)"
824,2023,전기전자공학,384601624,유기중,1,0.0196,0.03844,"[MZ 세대 접점 확보를 위한 금융권 메타버스 플랫폼 활용 방향 연구]
   └ 학회: 국제인공지능학회 (IF: 0.51)"
825,2023,전기전자공학,898282691,박기범,1,0.0196,0.03844,"[MZ 세대 접점 확보를 위한 금융권 메타버스 플랫폼 활용 방향 연구]
   └ 학회: 국제인공지능학회 (IF: 0.51)"
826,2023,전기전자공학,376242580,조성원,1,0.0196,0.03844,"[MZ 세대 접점 확보를 위한 금융권 메타버스 플랫폼 활용 방향 연구]
   └ 학회: 국제인공지능학회 (IF: 0.51)"
827,2023,전기전자공학,859362557,진교홍,3,0.0195,0.036178999999999996,"[단순한 합성데이터 생성 방식을 활용한 gMLP 기반 자기 지도 학습 이상탐지 기법]
   └ 학회: 한국정보통신학회 (IF: 0.54)
--------------------------------
[Worker’s Behavior Identification from Manufacturing Site Images using Mask R-CNN and MediaPipe]
   └ 학회: 한국정보통신학회 (IF: 0.54)
--------------------------------
[Shear-Mapping DTW: 동적 시간 왜곡의 병렬 연산을 위한 거리 행렬 변환]
   └ 학회: 한국정보통신학회 (IF: 0.54)"
828,2023,전기전자공학,818430419,Yongwan Kim,2,0.0195,0.036178,"[Human Detection using Real-virtual Augmented Dataset]
   └ 학회: 한국정보통신학회JICCE (IF: 0.54)
--------------------------------
[Design of Block Codes for Distributed Learning in VR/AR Transmission]
   └ 학회: 한국정보통신학회JICCE (IF: 0.54)"
829,2023,전기전자공학,363613556,김대환,2,0.0195,0.036178,"[Human Detection using Real-virtual Augmented Dataset]
   └ 학회: 한국정보통신학회JICCE (IF: 0.54)
--------------------------------
[Design of Block Codes for Distributed Learning in VR/AR Transmission]
   └ 학회: 한국정보통신학회JICCE (IF: 0.54)"
830,2023,전기전자공학,838039768,정슬,5,0.0194,0.024873,"[유압시스템을 사용한 고 하중 양팔 로봇의 모션 추종 성능 향상을 위한 슬라이딩 모드 제어]
   └ 학회: 제어로봇시스템학회 (IF: 0.78)
--------------------------------
[팟홀 검출을 통한 안전하고 지능적인 개인 이동체에 대한 연구]
   └ 학회: 제어로봇시스템학회 (IF: 0.78)
--------------------------------
[접이식 드론 로봇팔의 태양광 패널 청소에 대한 실험연구]
   └ 학회: 제어로봇시스템학회 (IF: 0.78)
--------------------------------
[운전자 조향 특성 분류를 위한 심층 신경망의 비교 연구]
   └ 학회: 제어로봇시스템학회 (IF: 0.78)
--------------------------------
[0.5 Nm 토크를 생성하는 소형 가위쌍 CMG 구동기 설계 및 구현]
   └ 학회: 대한전기학회 (IF: 0.39)"
831,2023,전기전자공학,950300097,김도은,2,0.0193,0.037875,"[CNN 기술을 사용한 지능형 CCTV 개발]
   └ 학회: 국제인공지능학회 (IF: 0.51)
--------------------------------
[암호화를 적용한 위치 공유 앱 개발]
   └ 학회: 국제인공지능학회 (IF: 0.51)"
832,2023,전기전자공학,514110034,유호성,2,0.0192,0.04918,"[비상시 부하전환 능력 확보를 위한 배전계통 최적 계획 방안]
   └ 학회: 대한전기학회 (IF: 0.39)
--------------------------------
[전략적 배전계획 수립을 위한 태양광 입지 예측 모델에 관한 연구]
   └ 학회: 대한전기학회 (IF: 0.39)"
833,2023,전기전자공학,505082221,신승권,2,0.0192,0.04918,"[도시 철도역사 에너지 성능 향상을 위한 머신러닝을 활용한 의사결정 지원 도구 개발]
   └ 학회: 대한전기학회 (IF: 0.39)
--------------------------------
[팬터그래프 방식 전기버스 충방전 패턴에 따른 충전 시뮬레이션 비교 연구]
   └ 학회: 대한전기학회 (IF: 0.39)"
834,2023,전기전자공학,166289122,김태근,1,0.0192,0.04918,"[효율적인 에너지 사용 및 재실자 개인 맞춤화를 위한 데이터 기반 건물 HVAC 시스템]
   └ 학회: 대한전기학회 (IF: 0.39)"
835,2023,전기전자공학,799128255,염동우,1,0.0192,0.04918,"[효율적인 에너지 사용 및 재실자 개인 맞춤화를 위한 데이터 기반 건물 HVAC 시스템]
   └ 학회: 대한전기학회 (IF: 0.39)"
836,2023,전기전자공학,941069868,노경민,1,0.0192,0.04918,"[유사 감정 음성의 감정 분류를 위한 최적의 특징 벡터 선택]
   └ 학회: 대한전기학회 (IF: 0.39)"
837,2023,전기전자공학,689165891,채다은,1,0.0192,0.04918,"[유사 감정 음성의 감정 분류를 위한 최적의 특징 벡터 선택]
   └ 학회: 대한전기학회 (IF: 0.39)"
838,2023,전기전자공학,741728128,이석필,1,0.0192,0.04918,"[유사 감정 음성의 감정 분류를 위한 최적의 특징 벡터 선택]
   └ 학회: 대한전기학회 (IF: 0.39)"
839,2023,전기전자공학,954029185,송한솔,1,0.0192,0.04918,"[도시 철도역사 에너지 성능 향상을 위한 머신러닝을 활용한 의사결정 지원 도구 개발]
   └ 학회: 대한전기학회 (IF: 0.39)"
840,2023,전기전자공학,440278076,조진태,1,0.0192,0.04918,"[전략적 배전계획 수립을 위한 태양광 입지 예측 모델에 관한 연구]
   └ 학회: 대한전기학회 (IF: 0.39)"
841,2023,전기전자공학,744666945,김홍주,1,0.0192,0.04918,"[전략적 배전계획 수립을 위한 태양광 입지 예측 모델에 관한 연구]
   └ 학회: 대한전기학회 (IF: 0.39)"
842,2023,전기전자공학,449602896,박래진,1,0.0192,0.04918,"[전략적 배전계획 수립을 위한 태양광 입지 예측 모델에 관한 연구]
   └ 학회: 대한전기학회 (IF: 0.39)"
843,2023,전기전자공학,175939323,손용주,1,0.0192,0.04918,"[전략적 배전계획 수립을 위한 태양광 입지 예측 모델에 관한 연구]
   └ 학회: 대한전기학회 (IF: 0.39)"
844,2023,전기전자공학,147598362,김동섭,1,0.0192,0.04918,"[전략적 배전계획 수립을 위한 태양광 입지 예측 모델에 관한 연구]
   └ 학회: 대한전기학회 (IF: 0.39)"
845,2023,전기전자공학,569240973,손권중,3,0.019,0.033917,"[비포장 노면의 디지털 트윈 구현을 위한 토양 정보 획득 및 입자 이산요소 모델링]
   └ 학회: 한국정보기술학회 (IF: 0.56)
--------------------------------
[컴퓨터 비전을 활용한 분체 안식각 측정 기술 개발]
   └ 학회: 한국정보기술학회 (IF: 0.56)
--------------------------------
[컴퓨터 비전 기반 빗물 감지 윈드실드 와이퍼 시스템]
   └ 학회: 한국정보기술학회 (IF: 0.56)"
846,2023,전기전자공학,451790431,박소희,2,0.019,0.033918,"[SMC를 이용한 액츄에이터의 불확실성에 따른 STPA 위험 평가]
   └ 학회: 한국정보기술학회 (IF: 0.56)
--------------------------------
[강화 학습 모델의 안전성 평가 방법: 자율 주행 사례 연구]
   └ 학회: 한국정보기술학회 (IF: 0.56)"
847,2023,전기전자공학,935633455,안명수,1,0.019,0.033918,"[데이터 증강 기반 Saliency U-Net을 이용한 저해상도 객체 검출 방법에 대한 연구]
   └ 학회: 한국정보기술학회 (IF: 0.56)"
848,2023,전기전자공학,801550850,임혜연,1,0.019,0.033918,"[데이터 증강 기반 Saliency U-Net을 이용한 저해상도 객체 검출 방법에 대한 연구]
   └ 학회: 한국정보기술학회 (IF: 0.56)"
849,2023,전기전자공학,767043367,강대성,1,0.019,0.033918,"[데이터 증강 기반 Saliency U-Net을 이용한 저해상도 객체 검출 방법에 대한 연구]
   └ 학회: 한국정보기술학회 (IF: 0.56)"
850,2023,전기전자공학,802745539,심현철,4,0.0189,0.041832,"[비정형 환경의 모바일 로봇을 위한 보조 도착점 기반 계층적 경로계획 프레임워크]
   └ 학회: 제어로봇시스템학회 (IF: 0.78)
--------------------------------
[다층 환경에서의 라스트 마일 배송 서비스를 위한 경로 계획 및 엘리베이터 탑승 알고리즘]
   └ 학회: 한국로봇학회(논문지) (IF: 0.4)
--------------------------------
[쿼드콥터의 곡률 기반 3차원 경로 계획 알고리즘]
   └ 학회: 한국로봇학회(논문지) (IF: 0.4)
--------------------------------
[복합적인 실내 환경 내 신뢰성 있는 자율 비행을 위한 3차원 장애물 지도 생성 및 경로 계획 알고리즘]
   └ 학회: 한국로봇학회(논문지) (IF: 0.4)"
851,2023,전기전자공학,689980876,Wonmin Cho,1,0.0188,0.046919,"[Time-Domain Measurement Data Accumulation for Slow Moving Point Target Detection in Heavily Cluttered Environments Using CNN]
   └ 학회: 한국전자파학회JEES (IF: 0.4)"
852,2023,전기전자공학,773347083,Nojun Kwak,1,0.0188,0.046919,"[Time-Domain Measurement Data Accumulation for Slow Moving Point Target Detection in Heavily Cluttered Environments Using CNN]
   └ 학회: 한국전자파학회JEES (IF: 0.4)"
853,2023,전기전자공학,320616920,Yingchun Xiao,1,0.0188,0.046919,"[A Separation Method for Electromagnetic Radiation Sources of the Same Frequency]
   └ 학회: 한국전자파학회JEES (IF: 0.4)"
854,2023,전기전자공학,985240975,Yang Yang,1,0.0188,0.046919,"[A Separation Method for Electromagnetic Radiation Sources of the Same Frequency]
   └ 학회: 한국전자파학회JEES (IF: 0.4)"
855,2023,전기전자공학,812928561,Feng Zhu,1,0.0188,0.046919,"[A Separation Method for Electromagnetic Radiation Sources of the Same Frequency]
   └ 학회: 한국전자파학회JEES (IF: 0.4)"
856,2023,전기전자공학,5543478,정호진,2,0.0184,0.032787,"[C형 고리 타입 Patience Cube의 플래닝 관점 문제 정의]
   └ 학회: 한국지능시스템학회 (IF: 0.56)
--------------------------------
[가상과 실제 환경에서의 Patience Cube 테스트베드 환경 구성 및 두 환경에서의 피실험자 행동 전략 분석]
   └ 학회: 한국지능시스템학회 (IF: 0.56)"
857,2023,전기전자공학,384615225,심대한,2,0.0184,0.032787,"[C형 고리 타입 Patience Cube의 플래닝 관점 문제 정의]
   └ 학회: 한국지능시스템학회 (IF: 0.56)
--------------------------------
[가상과 실제 환경에서의 Patience Cube 테스트베드 환경 구성 및 두 환경에서의 피실험자 행동 전략 분석]
   └ 학회: 한국지능시스템학회 (IF: 0.56)"
858,2023,전기전자공학,268891703,김송우,2,0.0184,0.032787,"[C형 고리 타입 Patience Cube의 플래닝 관점 문제 정의]
   └ 학회: 한국지능시스템학회 (IF: 0.56)
--------------------------------
[가상과 실제 환경에서의 Patience Cube 테스트베드 환경 구성 및 두 환경에서의 피실험자 행동 전략 분석]
   └ 학회: 한국지능시스템학회 (IF: 0.56)"
859,2023,전기전자공학,137070417,윤한얼,2,0.0184,0.032787,"[C형 고리 타입 Patience Cube의 플래닝 관점 문제 정의]
   └ 학회: 한국지능시스템학회 (IF: 0.56)
--------------------------------
[가상과 실제 환경에서의 Patience Cube 테스트베드 환경 구성 및 두 환경에서의 피실험자 행동 전략 분석]
   └ 학회: 한국지능시스템학회 (IF: 0.56)"
860,2023,전기전자공학,897737565,김호승,1,0.0184,0.032786,"[BeSCL: 그래프 노드 분류를 위한 개선된 준지도 및 대조학습]
   └ 학회: 한국지능시스템학회 (IF: 0.56)"
861,2023,전기전자공학,912204458,김효준,1,0.0184,0.032786,"[BeSCL: 그래프 노드 분류를 위한 개선된 준지도 및 대조학습]
   └ 학회: 한국지능시스템학회 (IF: 0.56)"
862,2023,전기전자공학,924402774,최준수,1,0.0184,0.032786,"[BeSCL: 그래프 노드 분류를 위한 개선된 준지도 및 대조학습]
   └ 학회: 한국지능시스템학회 (IF: 0.56)"
863,2023,전기전자공학,876663829,김설희,1,0.0184,0.032786,"[택배 화물 파손 분류를 위한 YOLO 및 StyleGAN 기반 학습 데이터 증강]
   └ 학회: 한국지능시스템학회 (IF: 0.56)"
864,2023,전기전자공학,938670664,양태훈,1,0.0184,0.032786,"[택배 화물 파손 분류를 위한 YOLO 및 StyleGAN 기반 학습 데이터 증강]
   └ 학회: 한국지능시스템학회 (IF: 0.56)"
865,2023,전기전자공학,763002284,허재필,1,0.0184,0.032786,"[택배 화물 파손 분류를 위한 YOLO 및 StyleGAN 기반 학습 데이터 증강]
   └ 학회: 한국지능시스템학회 (IF: 0.56)"
866,2023,전기전자공학,200643631,이교범,5,0.0183,0.046919,"[리튬 이온 배터리 내부 파라미터 및 CNN-GRU를 활용한 배터리 수명 추정]
   └ 학회: 대한전기학회 (IF: 0.39)
--------------------------------
[매입형 영구자석 동기 전동기에서 속응성이 향상된 일정 스위칭 주파수를 가지는 DTC 기법]
   └ 학회: 대한전기학회 (IF: 0.39)
--------------------------------
[스마트 인버터의 연계점 전압 안정화를 위한 Volt-VAR 및 Volt-Watt 결합 제어]
   └ 학회: 대한전기학회 (IF: 0.39)
--------------------------------
[전기차 발열 유리의 기능 신뢰성 확보를 위한 3레그 2상 인버터의 허용제어]
   └ 학회: 대한전기학회 (IF: 0.39)
--------------------------------
[추출된 파라미터 기반의 확장칼만필터를 이용한 리튬인산철 배터리의 SOC추정]
   └ 학회: 대한전기학회 (IF: 0.39)"
867,2023,전기전자공학,651015423,한성화,3,0.0183,0.033918000000000004,"[IoT 환경의 단말 인증 시스템]
   └ 학회: 한국정보통신학회 (IF: 0.54)
--------------------------------
[음성 데이터를 이용한 보안 위협 및 대응 전략]
   └ 학회: 한국정보통신학회 (IF: 0.54)
--------------------------------
[KMS 파일 보호를 위한 암호키 교환 프로토콜 설계]
   └ 학회: 한국정보통신학회 (IF: 0.54)"
868,2023,전기전자공학,831425112,임희성,2,0.0183,0.046919,"[리튬 이온 배터리 내부 파라미터 및 CNN-GRU를 활용한 배터리 수명 추정]
   └ 학회: 대한전기학회 (IF: 0.39)
--------------------------------
[추출된 파라미터 기반의 확장칼만필터를 이용한 리튬인산철 배터리의 SOC추정]
   └ 학회: 대한전기학회 (IF: 0.39)"
869,2023,전기전자공학,688436622,유성민,2,0.0183,0.046919,"[OCR 및 Average Hash 기법을 사용한 이미지 기반 유해사이트 판별 방법]
   └ 학회: 대한전기학회 (IF: 0.39)
--------------------------------
[Mel-Spectrogram과 MFCC를 이용한 딥러닝 기반 딥보이스 탐지시스템 개발에 관한 연구]
   └ 학회: 대한전기학회 (IF: 0.39)"
870,2023,전기전자공학,288739269,송동호,2,0.0183,0.046919,"[OCR 및 Average Hash 기법을 사용한 이미지 기반 유해사이트 판별 방법]
   └ 학회: 대한전기학회 (IF: 0.39)
--------------------------------
[Mel-Spectrogram과 MFCC를 이용한 딥러닝 기반 딥보이스 탐지시스템 개발에 관한 연구]
   └ 학회: 대한전기학회 (IF: 0.39)"
871,2023,전기전자공학,315907892,강동연,1,0.0183,0.033918000000000004,"[IoT 환경의 단말 인증 시스템]
   └ 학회: 한국정보통신학회 (IF: 0.54)"
872,2023,전기전자공학,980882759,전지수,1,0.0183,0.033918000000000004,"[IoT 환경의 단말 인증 시스템]
   └ 학회: 한국정보통신학회 (IF: 0.54)"
873,2023,전기전자공학,399249654,박현룡,1,0.0183,0.046919,"[리튬 이온 배터리 내부 파라미터 및 CNN-GRU를 활용한 배터리 수명 추정]
   └ 학회: 대한전기학회 (IF: 0.39)"
874,2023,전기전자공학,534173208,한승우,1,0.0183,0.046919,"[Mel-Spectrogram과 MFCC를 이용한 딥러닝 기반 딥보이스 탐지시스템 개발에 관한 연구]
   └ 학회: 대한전기학회 (IF: 0.39)"
875,2023,전기전자공학,473622691,한성훈,1,0.0183,0.046919,"[Mel-Spectrogram과 MFCC를 이용한 딥러닝 기반 딥보이스 탐지시스템 개발에 관한 연구]
   └ 학회: 대한전기학회 (IF: 0.39)"
876,2023,전기전자공학,574496595,서창진,1,0.0183,0.046919,"[Mel-Spectrogram과 MFCC를 이용한 딥러닝 기반 딥보이스 탐지시스템 개발에 관한 연구]
   └ 학회: 대한전기학회 (IF: 0.39)"
877,2023,전기전자공학,453676349,방준일,3,0.018,0.032222,"[관절 데이터 기반 동작 인식 모델 연합학습 프레임워크 연구]
   └ 학회: 한국정보기술학회 (IF: 0.56)
--------------------------------
[정확도 기반 참여 제한 연합학습 연구]
   └ 학회: 한국정보기술학회 (IF: 0.56)
--------------------------------
[연합학습 시 글로벌 모델 성능 향상을 위한 기여도 기반 집계 알고리즘]
   └ 학회: 한국정보기술학회 (IF: 0.56)"
878,2023,전기전자공학,329163569,전석환,3,0.018,0.032222,"[관절 데이터 기반 동작 인식 모델 연합학습 프레임워크 연구]
   └ 학회: 한국정보기술학회 (IF: 0.56)
--------------------------------
[정확도 기반 참여 제한 연합학습 연구]
   └ 학회: 한국정보기술학회 (IF: 0.56)
--------------------------------
[연합학습 시 글로벌 모델 성능 향상을 위한 기여도 기반 집계 알고리즘]
   └ 학회: 한국정보기술학회 (IF: 0.56)"
879,2023,전기전자공학,5424220,이주원,3,0.018,0.032222,"[관절 데이터 기반 동작 인식 모델 연합학습 프레임워크 연구]
   └ 학회: 한국정보기술학회 (IF: 0.56)
--------------------------------
[정확도 기반 참여 제한 연합학습 연구]
   └ 학회: 한국정보기술학회 (IF: 0.56)
--------------------------------
[연합학습 시 글로벌 모델 성능 향상을 위한 기여도 기반 집계 알고리즘]
   └ 학회: 한국정보기술학회 (IF: 0.56)"
880,2023,전기전자공학,2062891,박종찬,2,0.018,0.032221,"[카모플라쥬 치료 시스템을 위한 Sliding Window-LSTM 모델 기반 배터리 잔존 수명 예측]
   └ 학회: 한국정보기술학회 (IF: 0.56)
--------------------------------
[SRPAttention-GAN 기반 고해상도 철근 이미지 생성을 통한 철근 끝점 검출 성능 향상]
   └ 학회: 한국정보기술학회 (IF: 0.56)"
881,2023,전기전자공학,115167223,김건우,2,0.018,0.032221,"[카모플라쥬 치료 시스템을 위한 Sliding Window-LSTM 모델 기반 배터리 잔존 수명 예측]
   └ 학회: 한국정보기술학회 (IF: 0.56)
--------------------------------
[SRPAttention-GAN 기반 고해상도 철근 이미지 생성을 통한 철근 끝점 검출 성능 향상]
   └ 학회: 한국정보기술학회 (IF: 0.56)"
882,2023,전기전자공학,307800753,노대석,4,0.0179,0.045789,"[전기저장장치의 배터리 기생커패시턴스 및 SOC에 따른 절연저항 변동 메커니즘 및 모델링에 관한 연구]
   └ 학회: 대한전기학회 (IF: 0.39)
--------------------------------
[중대형 배터리의 재사용을 위한 내부저항 평가에 관한 연구]
   └ 학회: 대한전기학회 (IF: 0.39)
--------------------------------
[ESS의 사고유형별 안전성 평가에 관한 연구]
   └ 학회: 대한전기학회 (IF: 0.39)
--------------------------------
[수력 및 양수발전소의 디지털 조속기 제어기용 고장진단장치 구현 및 특성분석]
   └ 학회: 대한전기학회 (IF: 0.39)"
883,2023,전기전자공학,5456060,문희창,4,0.0177,0.027135,"[실시간 객체 검출을 위한 LiDAR와 정밀도로지도 병합 및 GNSS 헤딩 캘리브레이션]
   └ 학회: 제어로봇시스템학회 (IF: 0.78)
--------------------------------
[실시간 객체 좌표 생성을 이용한 회피 및 전역 경로 회귀 알고리즘 개발]
   └ 학회: 제어로봇시스템학회 (IF: 0.78)
--------------------------------
[차동 구동형 로봇의 비정형 환경 주행 경로 추종 성능 향상을 위한 Pure pursuit와 속도 계획의 융합 알고리즘]
   └ 학회: 한국로봇학회(논문지) (IF: 0.4)
--------------------------------
[후륜 독립 구동 인 휠 모터의 능동적 조향각 생성을 통한 2WS/2WD In-Wheel 플랫폼의 최소회전 반경 감소]
   └ 학회: 한국로봇학회(논문지) (IF: 0.4)"
884,2023,전기전자공학,289714088,최지희,1,0.0177,0.032786,"[한국어 우울증 데이터 증강 기법 비교]
   └ 학회: 한국정보통신학회 (IF: 0.54)"
885,2023,전기전자공학,992467543,이태건,1,0.0176,0.022612,"[LW-RCP를 이용한 실물 시스템에 대한 강화학습 기반의 제어기 개발 환경]
   └ 학회: 제어로봇시스템학회 (IF: 0.78)"
886,2023,전기전자공학,410678043,황준규,1,0.0176,0.022612,"[강화학습을 활용한 고정밀측위를 위한 기지국배치 기법]
   └ 학회: 제어로봇시스템학회 (IF: 0.78)"
887,2023,전기전자공학,143770002,박준구,1,0.0176,0.022612,"[강화학습을 활용한 고정밀측위를 위한 기지국배치 기법]
   └ 학회: 제어로봇시스템학회 (IF: 0.78)"
888,2023,전기전자공학,213238334,이재은,7,0.0172,0.04296199999999999,"[W 대역 CMOS 윌킨슨 전력 분배기]
   └ 학회: 한국전자파학회 (IF: 0.4)
--------------------------------
[W 대역 RF 집적회로를 위한 구동 증폭기 설계]
   └ 학회: 한국전자파학회 (IF: 0.4)
--------------------------------
[W 대역 레이다 시스템을 위한 하향 변환 Q-Boosting 믹서 설계]
   └ 학회: 한국전자파학회 (IF: 0.4)
--------------------------------
[2.45-GHz 무선전력송신을 위한 렉테나 구현]
   └ 학회: 한국전자파학회 (IF: 0.4)
--------------------------------
[5G NR 통신을 위한 GaAs HBT 3.5 GHz 대역 도허티 전력 증폭기]
   └ 학회: 한국전자파학회 (IF: 0.4)
--------------------------------
[0.5-μm GaAs pHEMT 공정을 이용한 4.4∼5.0 GHz 저잡음 증폭기]
   └ 학회: 한국전자파학회 (IF: 0.4)
--------------------------------
[77∼81 GHz 근거리 레이다 시스템 IQ 수신단을 위한 LO 입력단의 설계 및 분석]
   └ 학회: 한국전자파학회 (IF: 0.4)"
889,2023,전기전자공학,998503908,정호성,4,0.017,0.043528,"[직류 전기철도에서의 회생인버터 계통연계 시 전력품질 특성분석]
   └ 학회: 대한전기학회 (IF: 0.39)
--------------------------------
[직류 도시철도 전압 제어에 따른 변전소 전력효율 향상 연구]
   └ 학회: 대한전기학회 (IF: 0.39)
--------------------------------
[전기철도시스템 HILS 플랫폼 기반 철도 에너지저장장치 가상운영 연구]
   └ 학회: 대한전기학회 (IF: 0.39)
--------------------------------
[가상발전소 최적 운영을 위한 강화학습 기반 에너지 저장장치 제어]
   └ 학회: 대한전기학회 (IF: 0.39)"
890,2023,전기전자공학,827990980,김현철,1,0.017,0.028265,"[디지털 트윈 기반 합성 데이터 자동 생성 모델을 이용한 화재 조기 검출 시스템]
   └ 학회: 한국멀티미디어학회 (IF: 0.6)"
891,2023,전기전자공학,529417007,홍석준,1,0.017,0.033352,"[Performance Comparison of HTTP, HTTPS, and MQTT for IoT Applications]
   └ 학회: 국제인공지능학회 (IF: 0.51)"
892,2023,전기전자공학,460990396,Jinkyu Kang,1,0.017,0.033352,"[Performance Comparison of HTTP, HTTPS, and MQTT for IoT Applications]
   └ 학회: 국제인공지능학회 (IF: 0.51)"
893,2023,전기전자공학,915845871,Tae-Hyung Kim,1,0.017,0.033352,"[Improvement of IoT sensor data loss rate of wireless network-based smart factory management system]
   └ 학회: 국제인공지능학회 (IF: 0.51)"
894,2023,전기전자공학,887350489,공희진,1,0.017,0.033353,"[CNN 기술을 사용한 지능형 CCTV 개발]
   └ 학회: 국제인공지능학회 (IF: 0.51)"
895,2023,전기전자공학,646267607,우지후,1,0.017,0.033353,"[CNN 기술을 사용한 지능형 CCTV 개발]
   └ 학회: 국제인공지능학회 (IF: 0.51)"
896,2023,전기전자공학,533767506,김정호,2,0.0167,0.032788,"[강화학습 기반 무인항공기 이동성 모델에 관한 연구]
   └ 학회: 국제인공지능학회 (IF: 0.51)
--------------------------------
[몰입형 대형 사이니지 콘텐츠를 위한 STAGCN 기반 인간 행동 인식 시스템]
   └ 학회: 국제인공지능학회 (IF: 0.51)"
897,2023,전기전자공학,784446687,선영규,2,0.0167,0.032788,"[강화학습 기반 무인항공기 이동성 모델에 관한 연구]
   └ 학회: 국제인공지능학회 (IF: 0.51)
--------------------------------
[몰입형 대형 사이니지 콘텐츠를 위한 STAGCN 기반 인간 행동 인식 시스템]
   └ 학회: 국제인공지능학회 (IF: 0.51)"
898,2023,전기전자공학,684099388,김진영,2,0.0167,0.032788,"[강화학습 기반 무인항공기 이동성 모델에 관한 연구]
   └ 학회: 국제인공지능학회 (IF: 0.51)
--------------------------------
[몰입형 대형 사이니지 콘텐츠를 위한 STAGCN 기반 인간 행동 인식 시스템]
   └ 학회: 국제인공지능학회 (IF: 0.51)"
899,2023,전기전자공학,570749085,Mi-Na Shim,1,0.0167,0.032787,"[Analysis of Information Security Issues and Classification through Metaverse Infringement Cases]
   └ 학회: 국제인공지능학회 (IF: 0.51)"
900,2023,전기전자공학,598649082,Archana P. Kale,1,0.0161,0.02883,"[Data Analysis for Fuzzy Extreme Learning Machine]
   └ 학회: 한국지능시스템학회 (IF: 0.56)"
901,2023,전기전자공학,821769868,박종현,2,0.0159,0.031091,"[Proposed a consulting chatbot service for restaurant start-ups using social media big data]
   └ 학회: 국제인공지능학회 (IF: 0.51)
--------------------------------
[A Study on the Trend Change of Restaurant Entrepreneurship through Big Data Analysis]
   └ 학회: 국제인공지능학회 (IF: 0.51)"
902,2023,전기전자공학,127588207,양민석,1,0.0158,0.028265,"[교차 어텐션 퓨전 기반의 멀티스펙트럴 객체 검출]
   └ 학회: 한국정보기술학회 (IF: 0.56)"
903,2023,전기전자공학,560228015,김형철,1,0.0157,0.040136000000000005,"[무선전력전송기술의 동향과 미래]
   └ 학회: 대한전기학회 (IF: 0.39)"
904,2023,전기전자공학,377871521,서동욱,1,0.0157,0.040136000000000005,"[무선전력전송기술의 동향과 미래]
   └ 학회: 대한전기학회 (IF: 0.39)"
905,2023,전기전자공학,618368291,정규혁,3,0.0156,0.030528,"[BER Performance Analysis of Strongest Channel Gain User for IRS NOMA with Rician Fading]
   └ 학회: 국제인공지능학회 (IF: 0.51)
--------------------------------
[Performance Analysis on Strongest Channel Gain User for Intelligent Reflecting Surface NOMA]
   └ 학회: 국제인공지능학회 (IF: 0.51)
--------------------------------
[BER Performance Analysis of Intelligent Reflecting Surface NOMA for Strongest Channel Gain User]
   └ 학회: 국제인공지능학회 (IF: 0.51)"
906,2023,전기전자공학,300485992,박진세,1,0.0156,0.02883,"[IoT 기반 재활용품 분리수거 및 전자상거래 활용 시스템]
   └ 학회: 한국정보통신학회 (IF: 0.54)"
907,2023,전기전자공학,205307952,이훈,1,0.0156,0.02883,"[IoT 기반 재활용품 분리수거 및 전자상거래 활용 시스템]
   └ 학회: 한국정보통신학회 (IF: 0.54)"
908,2023,전기전자공학,304624731,아리아 비스마 와휴타마,1,0.0156,0.02883,"[IoT 기반 재활용품 분리수거 및 전자상거래 활용 시스템]
   └ 학회: 한국정보통신학회 (IF: 0.54)"
909,2023,전기전자공학,929630019,이창홍,1,0.0156,0.02883,"[K3s 기반 분산형 경량 LoRaWAN 시스템 설계 및 구현]
   └ 학회: 한국정보통신학회 (IF: 0.54)"
910,2023,전기전자공학,815731035,김동현,1,0.0156,0.02883,"[K3s 기반 분산형 경량 LoRaWAN 시스템 설계 및 구현]
   └ 학회: 한국정보통신학회 (IF: 0.54)"
911,2023,전기전자공학,474813015,김종덕,1,0.0156,0.02883,"[K3s 기반 분산형 경량 LoRaWAN 시스템 설계 및 구현]
   └ 학회: 한국정보통신학회 (IF: 0.54)"
912,2023,전기전자공학,125677705,추호성,5,0.0154,0.03844,"[2.45/5.8 GHz 무선전력전송 시스템에 적용 가능한 광대역 고이득 인쇄형 안티포달 비발디 안테나 설계]
   └ 학회: 한국전자파학회 (IF: 0.4)
--------------------------------
[Design of a UWB Antenna with Multiple Ports on a Single Circular Radiator for Direction-Finding Applications]
   └ 학회: 한국전자파학회JEES (IF: 0.4)
--------------------------------
[딥러닝을 활용한 한반도 상공의 대기 굴절률 예측]
   └ 학회: 한국전자파학회 (IF: 0.4)
--------------------------------
[Broadband All-Metal Vivaldi Array Antenna with Pyramidal-Shaped Wings for LEO Satellite Applications]
   └ 학회: 한국전자파학회JEES (IF: 0.4)
--------------------------------
[기상관측데이터를 이용한 딥러닝 기반의 시계열 대기 굴절률 예측]
   └ 학회: 한국전자파학회 (IF: 0.4)"
913,2023,전기전자공학,200118,허준,4,0.0154,0.03844,"[실제 지형 환경과 지구 곡률이 반영된 재밍 유효거리 분석을 위한 M&S 기법]
   └ 학회: 한국전자파학회 (IF: 0.4)
--------------------------------
[딥러닝을 활용한 한반도 상공의 대기 굴절률 예측]
   └ 학회: 한국전자파학회 (IF: 0.4)
--------------------------------
[대류권 산란파 통신에서의 안테나 방위각 변경을 이용한 산란 손실 최적화 방법]
   └ 학회: 한국전자파학회 (IF: 0.4)
--------------------------------
[기상관측데이터를 이용한 딥러닝 기반의 시계열 대기 굴절률 예측]
   └ 학회: 한국전자파학회 (IF: 0.4)"
914,2023,전기전자공학,426708151,박용배,4,0.0154,0.03844,"[실제 지형 환경과 지구 곡률이 반영된 재밍 유효거리 분석을 위한 M&S 기법]
   └ 학회: 한국전자파학회 (IF: 0.4)
--------------------------------
[딥러닝을 활용한 한반도 상공의 대기 굴절률 예측]
   └ 학회: 한국전자파학회 (IF: 0.4)
--------------------------------
[대류권 산란파 통신에서의 안테나 방위각 변경을 이용한 산란 손실 최적화 방법]
   └ 학회: 한국전자파학회 (IF: 0.4)
--------------------------------
[기상관측데이터를 이용한 딥러닝 기반의 시계열 대기 굴절률 예측]
   └ 학회: 한국전자파학회 (IF: 0.4)"
915,2023,전기전자공학,668195600,박영주,4,0.0154,0.03844,"[딥러닝을 활용한 한반도 상공의 대기 굴절률 예측]
   └ 학회: 한국전자파학회 (IF: 0.4)
--------------------------------
[SAR-ATR 기반 SAR 잡음 재밍 성능 분석]
   └ 학회: 한국전자파학회 (IF: 0.4)
--------------------------------
[단일 주파수 정현파 기반 SAR 재밍 기법에 관한 연구]
   └ 학회: 한국전자파학회 (IF: 0.4)
--------------------------------
[기상관측데이터를 이용한 딥러닝 기반의 시계열 대기 굴절률 예측]
   └ 학회: 한국전자파학회 (IF: 0.4)"
916,2023,전기전자공학,625935,김정훈,3,0.0154,0.03844,"[딥러닝을 활용한 한반도 상공의 대기 굴절률 예측]
   └ 학회: 한국전자파학회 (IF: 0.4)
--------------------------------
[기상관측데이터를 이용한 딥러닝 기반의 시계열 대기 굴절률 예측]
   └ 학회: 한국전자파학회 (IF: 0.4)
--------------------------------
[크로스 아이 재밍을 위한 멀티밴드 다중채널 송수신기의 정밀 가변 위상 및 진폭 매칭 구조 설계]
   └ 학회: 한국전자파학회 (IF: 0.4)"
917,2023,전기전자공학,698551070,양준모,2,0.0154,0.03844,"[딥러닝을 활용한 한반도 상공의 대기 굴절률 예측]
   └ 학회: 한국전자파학회 (IF: 0.4)
--------------------------------
[기상관측데이터를 이용한 딥러닝 기반의 시계열 대기 굴절률 예측]
   └ 학회: 한국전자파학회 (IF: 0.4)"
918,2023,전기전자공학,478787585,Rita Rijayanti,1,0.0153,0.028265,"[Worker’s Behavior Identification from Manufacturing Site Images using Mask R-CNN and MediaPipe]
   └ 학회: 한국정보통신학회 (IF: 0.54)"
919,2023,전기전자공학,296621737,Ahmed Abdulhakim Al-Absi,1,0.0153,0.02996,"[Advancements in Unmanned Aerial Vehicle Classification, Tracking, and Detection Algorithms]
   └ 학회: 국제인공지능학회 (IF: 0.51)"
920,2023,전기전자공학,313564602,이세진,1,0.0152,0.027134,"[실재감 높은 투자위험 체험을 위한 몰입형 가상현실 콘텐츠 개발]
   └ 학회: 한국정보기술학회 (IF: 0.56)"
921,2023,전기전자공학,816752245,김원준,2,0.015,0.030526,"[다중 스케일 확산 모델을 이용한 영상 흐려짐 복원 방법]
   └ 학회: 한국방송·미디어공학회 (IF: 0.49)
--------------------------------
[단안 이미지 기반 3차원 사람 모델 복원 연구 동향]
   └ 학회: 한국방송·미디어공학회 (IF: 0.49)"
922,2023,전기전자공학,800049568,류호주,1,0.015,0.01922,"[운전자 조향 특성 분류를 위한 심층 신경망의 비교 연구]
   └ 학회: 제어로봇시스템학회 (IF: 0.78)"
923,2023,전기전자공학,1353170,김정구,1,0.015,0.01922,"[운전자 조향 특성 분류를 위한 심층 신경망의 비교 연구]
   └ 학회: 제어로봇시스템학회 (IF: 0.78)"
924,2023,전기전자공학,129992017,김근용,1,0.015,0.03844,"[5G 오픈테스트랩 및 엣지게이트웨이 HW/SW 프레임워크]
   └ 학회: 대한전기학회 (IF: 0.39)"
925,2023,전기전자공학,930772626,손병희,1,0.015,0.03844,"[5G 오픈테스트랩 및 엣지게이트웨이 HW/SW 프레임워크]
   └ 학회: 대한전기학회 (IF: 0.39)"
926,2023,전기전자공학,489098417,김철원,1,0.015,0.03844,"[5G 오픈테스트랩 및 엣지게이트웨이 HW/SW 프레임워크]
   └ 학회: 대한전기학회 (IF: 0.39)"
927,2023,전기전자공학,837545280,김성창,1,0.015,0.03844,"[5G 오픈테스트랩 및 엣지게이트웨이 HW/SW 프레임워크]
   └ 학회: 대한전기학회 (IF: 0.39)"
928,2023,전기전자공학,696549522,이헌철,5,0.0149,0.02657,"[남극 환경에서 다중 로봇 시스템을 위한 최근접 이웃 알고리즘 기반 효율적 다중 작업 스케줄링]
   └ 학회: 제어로봇시스템학회 (IF: 0.78)
--------------------------------
[실시간 탄도 궤적 목표물 추적을 위한 GPU 기반 병렬적 Monte Carlo 최적화 기법]
   └ 학회: 제어로봇시스템학회 (IF: 0.78)
--------------------------------
[동적 저궤도 위성 네트워크에서 온보드 강화학습 기반 라우팅을 위한 이종 프로세서 기반 추론 병렬화 기술]
   └ 학회: 한국정보기술학회 (IF: 0.56)
--------------------------------
[다중 소형 로봇 시스템에서 효율적 환경 정보 융합을 위한 객체 중심 스펙트럼 매칭 기법]
   └ 학회: 한국정보기술학회 (IF: 0.56)
--------------------------------
[동적 저궤도 위성 네트워크에서 실시간 라우팅을 위한 FPGA 기반 컨볼루션층 추론 병렬화 기술]
   └ 학회: 한국정보기술학회 (IF: 0.56)"
929,2023,전기전자공학,236865779,원동식,2,0.0149,0.02657,"[동적 저궤도 위성 네트워크에서 온보드 강화학습 기반 라우팅을 위한 이종 프로세서 기반 추론 병렬화 기술]
   └ 학회: 한국정보기술학회 (IF: 0.56)
--------------------------------
[동적 저궤도 위성 네트워크에서 실시간 라우팅을 위한 FPGA 기반 컨볼루션층 추론 병렬화 기술]
   └ 학회: 한국정보기술학회 (IF: 0.56)"
930,2023,전기전자공학,469285000,한명훈,2,0.0149,0.02657,"[동적 저궤도 위성 네트워크에서 온보드 강화학습 기반 라우팅을 위한 이종 프로세서 기반 추론 병렬화 기술]
   └ 학회: 한국정보기술학회 (IF: 0.56)
--------------------------------
[동적 저궤도 위성 네트워크에서 실시간 라우팅을 위한 FPGA 기반 컨볼루션층 추론 병렬화 기술]
   └ 학회: 한국정보기술학회 (IF: 0.56)"
931,2023,전기전자공학,166009846,박종영,2,0.0148,0.037875,"[철도 상태기반 전동차 에너지 특성 분석 연구]
   └ 학회: 대한전기학회 (IF: 0.39)
--------------------------------
[가상발전소 최적 운영을 위한 강화학습 기반 에너지 저장장치 제어]
   └ 학회: 대한전기학회 (IF: 0.39)"
932,2023,전기전자공학,586112384,권경빈,1,0.0148,0.037875,"[가상발전소 최적 운영을 위한 강화학습 기반 에너지 저장장치 제어]
   └ 학회: 대한전기학회 (IF: 0.39)"
933,2023,전기전자공학,273581414,홍수민,1,0.0148,0.037875,"[가상발전소 최적 운영을 위한 강화학습 기반 에너지 저장장치 제어]
   └ 학회: 대한전기학회 (IF: 0.39)"
934,2023,전기전자공학,685552631,허재행,1,0.0148,0.037875,"[가상발전소 최적 운영을 위한 강화학습 기반 에너지 저장장치 제어]
   └ 학회: 대한전기학회 (IF: 0.39)"
935,2023,전기전자공학,314089986,박정민,3,0.0147,0.02883,"[상태 정의 및 진단 알고리즘 기반 제조설비 시멘틱 모델링에 대한 연구]
   └ 학회: 국제인공지능학회 (IF: 0.51)
--------------------------------
[K-means 클러스터링과 트랜스포머 기반의 교차 도메인 추천]
   └ 학회: 국제인공지능학회 (IF: 0.51)
--------------------------------
[안전사고 예방을 위한 센서 기술 기반 안전화 인식 시스템 설계 및 구현]
   └ 학회: 국제인공지능학회 (IF: 0.51)"
936,2023,전기전자공학,724058148,Seong-Hoon Lee,2,0.0147,0.02883,"[Usability Analysis and Improvement Plan for Intelligent Speakers in the 4th Industrial Revolution Environment]
   └ 학회: 국제인공지능학회 (IF: 0.51)
--------------------------------
[A Method for Inferring Development Progress in a Waterfall Model-based Software Development Environment]
   └ 학회: 국제인공지능학회 (IF: 0.51)"
937,2023,전기전자공학,582878310,Dong-Woo Lee,2,0.0147,0.02883,"[Usability Analysis and Improvement Plan for Intelligent Speakers in the 4th Industrial Revolution Environment]
   └ 학회: 국제인공지능학회 (IF: 0.51)
--------------------------------
[A Method for Inferring Development Progress in a Waterfall Model-based Software Development Environment]
   └ 학회: 국제인공지능학회 (IF: 0.51)"
938,2023,전기전자공학,258838885,Quoc Cuong Nguyen,2,0.0147,0.02883,"[Commercialization of Scientific Research Activity Results at Vietnam’s Universities: Current Challenges and Solutions]
   └ 학회: 국제인공지능학회 (IF: 0.51)
--------------------------------
[Application of Internet of Things Based Monitoring System for indoor Ganoderma Lucidum Cultivation]
   └ 학회: 국제인공지능학회 (IF: 0.51)"
939,2023,전기전자공학,433296869,곽광진,2,0.0147,0.02883,"[상태 정의 및 진단 알고리즘 기반 제조설비 시멘틱 모델링에 대한 연구]
   └ 학회: 국제인공지능학회 (IF: 0.51)
--------------------------------
[안전사고 예방을 위한 센서 기술 기반 안전화 인식 시스템 설계 및 구현]
   └ 학회: 국제인공지능학회 (IF: 0.51)"
940,2023,전기전자공학,951260935,김경미,2,0.0147,0.02883,"[스마트 미러간 화상 통화와 메시징 기능을 가진 CoMirror 시스템의 성능평가]
   └ 학회: 국제인공지능학회 (IF: 0.51)
--------------------------------
[JPEG를 확장한 멀티 콘텐츠 저장 포맷 All-in-JPEG에 관한 예비 연구]
   └ 학회: 국제인공지능학회 (IF: 0.51)"
941,2023,전기전자공학,638053496,김유진,2,0.0147,0.02883,"[스마트 미러간 화상 통화와 메시징 기능을 가진 CoMirror 시스템의 성능평가]
   └ 학회: 국제인공지능학회 (IF: 0.51)
--------------------------------
[JPEG를 확장한 멀티 콘텐츠 저장 포맷 All-in-JPEG에 관한 예비 연구]
   └ 학회: 국제인공지능학회 (IF: 0.51)"
942,2023,전기전자공학,558974578,박채원,2,0.0147,0.02883,"[스마트 미러간 화상 통화와 메시징 기능을 가진 CoMirror 시스템의 성능평가]
   └ 학회: 국제인공지능학회 (IF: 0.51)
--------------------------------
[JPEG를 확장한 멀티 콘텐츠 저장 포맷 All-in-JPEG에 관한 예비 연구]
   └ 학회: 국제인공지능학회 (IF: 0.51)"
943,2023,전기전자공학,827589665,유송연,2,0.0147,0.02883,"[스마트 미러간 화상 통화와 메시징 기능을 가진 CoMirror 시스템의 성능평가]
   └ 학회: 국제인공지능학회 (IF: 0.51)
--------------------------------
[JPEG를 확장한 멀티 콘텐츠 저장 포맷 All-in-JPEG에 관한 예비 연구]
   └ 학회: 국제인공지능학회 (IF: 0.51)"
944,2023,전기전자공학,834867360,Hoang Tan Huynh,1,0.0147,0.02883,"[Application of Internet of Things Based Monitoring System for indoor Ganoderma Lucidum Cultivation]
   └ 학회: 국제인공지능학회 (IF: 0.51)"
945,2023,전기전자공학,170447908,Tuong So Dao,1,0.0147,0.02883,"[Application of Internet of Things Based Monitoring System for indoor Ganoderma Lucidum Cultivation]
   └ 학회: 국제인공지능학회 (IF: 0.51)"
946,2023,전기전자공학,284807061,HyukDong Kwon,1,0.0147,0.02883,"[Application of Internet of Things Based Monitoring System for indoor Ganoderma Lucidum Cultivation]
   └ 학회: 국제인공지능학회 (IF: 0.51)"
947,2023,전기전자공학,187083206,Murtaza Hussain Shaikh,1,0.0147,0.02883,"[Paradigms of Information Innovation 3.0 for Hyper-connective Internet of Things Technology with Extended Technological Organization Environment Framework]
   └ 학회: 국제인공지능학회 (IF: 0.51)"
948,2023,전기전자공학,575510296,Armigon Ravshanovich Akhmedov,1,0.0147,0.02883,"[Paradigms of Information Innovation 3.0 for Hyper-connective Internet of Things Technology with Extended Technological Organization Environment Framework]
   └ 학회: 국제인공지능학회 (IF: 0.51)"
949,2023,전기전자공학,507038326,Muzaffar Makhmudov,1,0.0147,0.02883,"[Paradigms of Information Innovation 3.0 for Hyper-connective Internet of Things Technology with Extended Technological Organization Environment Framework]
   └ 학회: 국제인공지능학회 (IF: 0.51)"
950,2023,전기전자공학,718557239,오경진,1,0.0147,0.02883,"[안전사고 예방을 위한 센서 기술 기반 안전화 인식 시스템 설계 및 구현]
   └ 학회: 국제인공지능학회 (IF: 0.51)"
951,2023,전기전자공학,300211400,이준민,1,0.0146,0.024308,"[미세먼지 농도 예측을 위한 어텐션 기반 합성곱 장단기 메모리 모델]
   └ 학회: 한국멀티미디어학회 (IF: 0.6)"
952,2023,전기전자공학,209033818,김경태,1,0.0146,0.024308,"[미세먼지 농도 예측을 위한 어텐션 기반 합성곱 장단기 메모리 모델]
   └ 학회: 한국멀티미디어학회 (IF: 0.6)"
953,2023,전기전자공학,951222280,최재영,1,0.0146,0.024308,"[미세먼지 농도 예측을 위한 어텐션 기반 합성곱 장단기 메모리 모델]
   └ 학회: 한국멀티미디어학회 (IF: 0.6)"
954,2023,전기전자공학,205475835,나서현,1,0.0142,0.025438,"[증강현실 기술을 활용한 사용자 중심의 체험형 박물관 전시콘텐츠 구현]
   └ 학회: 한국정보기술학회 (IF: 0.56)"
955,2023,전기전자공학,283623366,변영철,1,0.0142,0.025438,"[증강현실 기술을 활용한 사용자 중심의 체험형 박물관 전시콘텐츠 구현]
   └ 학회: 한국정보기술학회 (IF: 0.56)"
956,2023,전기전자공학,142260465,이동철,1,0.0142,0.025438,"[증강현실 기술을 활용한 사용자 중심의 체험형 박물관 전시콘텐츠 구현]
   └ 학회: 한국정보기술학회 (IF: 0.56)"
957,2023,전기전자공학,5537922,하민호,2,0.0141,0.018089,"[3차원 AOI를 위한 AI 기반 반사 영역 복원 방법]
   └ 학회: 제어로봇시스템학회 (IF: 0.78)
--------------------------------
[LSTM 기반의 이상데이터가 포함된 센서 신호 예측 및 성능평가]
   └ 학회: 제어로봇시스템학회 (IF: 0.78)"
958,2023,전기전자공학,922971635,박태형,2,0.0141,0.018089,"[3차원 AOI를 위한 AI 기반 반사 영역 복원 방법]
   └ 학회: 제어로봇시스템학회 (IF: 0.78)
--------------------------------
[LSTM 기반의 이상데이터가 포함된 센서 신호 예측 및 성능평가]
   └ 학회: 제어로봇시스템학회 (IF: 0.78)"
959,2023,전기전자공학,256868293,박세준,1,0.0141,0.018089,"[임피던스 제어를 사용한 로봇 매니퓰레이터의 LSTM 기반 모방학습]
   └ 학회: 제어로봇시스템학회 (IF: 0.78)"
960,2023,전기전자공학,489832892,조성현,1,0.0141,0.018089,"[임피던스 제어를 사용한 로봇 매니퓰레이터의 LSTM 기반 모방학습]
   └ 학회: 제어로봇시스템학회 (IF: 0.78)"
961,2023,전기전자공학,966451193,채민선,1,0.0141,0.018089,"[LSTM 기반의 이상데이터가 포함된 센서 신호 예측 및 성능평가]
   └ 학회: 제어로봇시스템학회 (IF: 0.78)"
962,2023,전기전자공학,125096400,박종성,4,0.014,0.035047999999999996,"[W 대역 CMOS 윌킨슨 전력 분배기]
   └ 학회: 한국전자파학회 (IF: 0.4)
--------------------------------
[W 대역 RF 집적회로를 위한 구동 증폭기 설계]
   └ 학회: 한국전자파학회 (IF: 0.4)
--------------------------------
[W 대역 레이다 시스템을 위한 하향 변환 Q-Boosting 믹서 설계]
   └ 학회: 한국전자파학회 (IF: 0.4)
--------------------------------
[2.45-GHz 무선전력송신을 위한 렉테나 구현]
   └ 학회: 한국전자파학회 (IF: 0.4)"
963,2023,전기전자공학,531761261,백건우,1,0.0138,0.028265,"[마스크 기반 특징 맵 교환을 통한 객체 검출기 지식 증류]
   └ 학회: 한국방송·미디어공학회 (IF: 0.49)"
964,2023,전기전자공학,809077086,조현,1,0.0138,0.028265,"[마스크 기반 특징 맵 교환을 통한 객체 검출기 지식 증류]
   └ 학회: 한국방송·미디어공학회 (IF: 0.49)"
965,2023,전기전자공학,836069851,황원준,1,0.0138,0.028265,"[마스크 기반 특징 맵 교환을 통한 객체 검출기 지식 증류]
   └ 학회: 한국방송·미디어공학회 (IF: 0.49)"
966,2023,전기전자공학,303935250,이종찬,2,0.0134,0.024873,"[사용자 오타를 반영한 한글 타이핑 연습프로그램 설계 및 구현]
   └ 학회: 한국정보통신학회 (IF: 0.54)
--------------------------------
[스마트폰 가속도 센서를 이용한 사람 행동 인식 심층신경망 설계 및 구현]
   └ 학회: 한국정보통신학회 (IF: 0.54)"
967,2023,전기전자공학,225161714,김도훈,3,0.0133,0.023742,"[블록체인 트랜잭션 데이터 추적의 최적화 연구: 해시 체인 구조 기반 접근법]
   └ 학회: 한국정보기술학회 (IF: 0.56)
--------------------------------
[NIST 800-53을 고려한 MITRE 프레임워크 기반의 사이버 위협과 그 방어 모델링 방법]
   └ 학회: 한국정보기술학회 (IF: 0.56)
--------------------------------
[뉴스페이스 사이버 보안을 위한 위협 모델링 기술의 활용]
   └ 학회: 한국정보기술학회 (IF: 0.56)"
968,2023,전기전자공학,146273339,정종범,2,0.0133,0.027134,"[MPEG Immersive Video를 위한 그룹 기반 적응적 스트리밍]
   └ 학회: 한국방송·미디어공학회 (IF: 0.49)
--------------------------------
[동적 메쉬 생성을 위한 동적 포인트 클라우드의 효율적 변환 방법]
   └ 학회: 한국방송·미디어공학회 (IF: 0.49)"
969,2023,전기전자공학,462835560,류은석,2,0.0133,0.027134,"[MPEG Immersive Video를 위한 그룹 기반 적응적 스트리밍]
   └ 학회: 한국방송·미디어공학회 (IF: 0.49)
--------------------------------
[동적 메쉬 생성을 위한 동적 포인트 클라우드의 효율적 변환 방법]
   └ 학회: 한국방송·미디어공학회 (IF: 0.49)"
970,2023,전기전자공학,402853735,김성빈,1,0.0133,0.023742,"[블록체인 트랜잭션 데이터 추적의 최적화 연구: 해시 체인 구조 기반 접근법]
   └ 학회: 한국정보기술학회 (IF: 0.56)"
971,2023,전기전자공학,446757670,이순빈,1,0.0133,0.027134,"[MPEG Immersive Video를 위한 그룹 기반 적응적 스트리밍]
   └ 학회: 한국방송·미디어공학회 (IF: 0.49)"
972,2023,전기전자공학,432487238,최재열,1,0.0133,0.027134,"[MPEG Immersive Video를 위한 그룹 기반 적응적 스트리밍]
   └ 학회: 한국방송·미디어공학회 (IF: 0.49)"
973,2023,전기전자공학,124009683,이광순,1,0.0133,0.027134,"[MPEG Immersive Video를 위한 그룹 기반 적응적 스트리밍]
   └ 학회: 한국방송·미디어공학회 (IF: 0.49)"
974,2023,전기전자공학,545014976,곽상운,1,0.0133,0.027134,"[MPEG Immersive Video를 위한 그룹 기반 적응적 스트리밍]
   └ 학회: 한국방송·미디어공학회 (IF: 0.49)"
975,2023,전기전자공학,748887235,이봉호,1,0.0133,0.027134,"[MPEG Immersive Video를 위한 그룹 기반 적응적 스트리밍]
   └ 학회: 한국방송·미디어공학회 (IF: 0.49)"
976,2023,전기전자공학,390405782,김성연,1,0.0132,0.016959000000000002,"[가상환경을 활용한 최적화 기반 경로계획 기법 개발]
   └ 학회: 제어로봇시스템학회 (IF: 0.78)"
977,2023,전기전자공학,423755384,백성훈,1,0.0132,0.016959000000000002,"[가상환경을 활용한 최적화 기반 경로계획 기법 개발]
   └ 학회: 제어로봇시스템학회 (IF: 0.78)"
978,2023,전기전자공학,355927090,이하영,1,0.0132,0.016959000000000002,"[Color 적응형 Pix2Pix GAN 학습을 위한 데이터 전처리 방안]
   └ 학회: 제어로봇시스템학회 (IF: 0.78)"
979,2023,전기전자공학,737189267,손봉기,1,0.0132,0.016959000000000002,"[Color 적응형 Pix2Pix GAN 학습을 위한 데이터 전처리 방안]
   └ 학회: 제어로봇시스템학회 (IF: 0.78)"
980,2023,전기전자공학,148043066,김정이,6,0.013,0.025438,"[가상 캐릭터 그래픽에서의 언캐니 밸리 효과 분석 -언리얼 엔진 마켓플레이스의 캐릭터 모델링을 중심으로-]
   └ 학회: 국제인공지능학회 (IF: 0.51)
--------------------------------
[메타버스를 활용한 반려견 패션쇼 프로그램 개발 연구]
   └ 학회: 국제인공지능학회 (IF: 0.51)
--------------------------------
[지도 API의 경로 탐색 시스템을 활용한 일정 별 동선 추천 애플리케이션]
   └ 학회: 국제인공지능학회 (IF: 0.51)
--------------------------------
[원예 게임에서 힐링의 특성을 갖는 사용자 경험 분석 연구]
   └ 학회: 국제인공지능학회 (IF: 0.51)
--------------------------------
[캐릭터 웹드라마 클리셰 분석을 통한 스토리 추천 개발]
   └ 학회: 국제인공지능학회 (IF: 0.51)
--------------------------------
[캐릭터 웹드라마 요약 분석을 통한 간접광고 제품 추천 시스템 개발]
   └ 학회: 국제인공지능학회 (IF: 0.51)"
981,2023,전기전자공학,292004264,이연식,4,0.013,0.023177,"[복분자 재배 환경에서 수확물 운반 도우미 로봇을 위한 YOLOv5와 LiDAR 활용 자율주행 시스템]
   └ 학회: 한국정보기술학회 (IF: 0.56)
--------------------------------
[FEC 환경에서 계산 오프로딩 서비스의 비용 모델]
   └ 학회: 한국정보통신학회 (IF: 0.54)
--------------------------------
[계산 오프로딩을 위한 이동에이전트 적용 및 경량화]
   └ 학회: 한국정보통신학회 (IF: 0.54)
--------------------------------
[전류적산법 및 확장칼만필터를 적용한 배터리 SOC 추정 오차 최소화 알고리즘]
   └ 학회: 한국정보통신학회 (IF: 0.54)"
982,2023,전기전자공학,279447243,정동원,2,0.013,0.023177,"[복분자 재배 환경에서 수확물 운반 도우미 로봇을 위한 YOLOv5와 LiDAR 활용 자율주행 시스템]
   └ 학회: 한국정보기술학회 (IF: 0.56)
--------------------------------
[계산 오프로딩을 위한 이동에이전트 적용 및 경량화]
   └ 학회: 한국정보통신학회 (IF: 0.54)"
983,2023,전기전자공학,227929947,김기오,1,0.013,0.023177,"[복분자 재배 환경에서 수확물 운반 도우미 로봇을 위한 YOLOv5와 LiDAR 활용 자율주행 시스템]
   └ 학회: 한국정보기술학회 (IF: 0.56)"
984,2023,전기전자공학,799172425,김진환,2,0.0128,0.016394,"[목표 기반 시각적 이동 작업을 위한 시각적 맥락정보 임베딩과 교착상태 처리]
   └ 학회: 제어로봇시스템학회 (IF: 0.78)
--------------------------------
[실내 환경에서 멀티-뷰 RGB-D 영상들을 활용하는 3차원 의미적 장면 분할]
   └ 학회: 제어로봇시스템학회 (IF: 0.78)"
985,2023,전기전자공학,816176958,황치곤,1,0.0128,0.023742,"[빅데이터 분석을 위한 어텐션 기반의 단어 연관관계 분석 시스템]
   └ 학회: 한국정보통신학회 (IF: 0.54)"
986,2023,전기전자공학,771387090,윤창표,1,0.0128,0.023742,"[빅데이터 분석을 위한 어텐션 기반의 단어 연관관계 분석 시스템]
   └ 학회: 한국정보통신학회 (IF: 0.54)"
987,2023,전기전자공학,404407948,이수욱,1,0.0128,0.023742,"[빅데이터 분석을 위한 어텐션 기반의 단어 연관관계 분석 시스템]
   └ 학회: 한국정보통신학회 (IF: 0.54)"
988,2023,전기전자공학,999496625,홍윤성,1,0.0128,0.032787,"[도심 비정형 상황에서의 자율주행 지원을 위한 소용량 데이터 기반 차량 경로예측 방안에 대한 연구]
   └ 학회: 대한전기학회 (IF: 0.39)"
989,2023,전기전자공학,903707539,홍석주,1,0.0128,0.032787,"[도심 비정형 상황에서의 자율주행 지원을 위한 소용량 데이터 기반 차량 경로예측 방안에 대한 연구]
   └ 학회: 대한전기학회 (IF: 0.39)"
990,2023,전기전자공학,767012177,강병주,1,0.0128,0.032787,"[도심 비정형 상황에서의 자율주행 지원을 위한 소용량 데이터 기반 차량 경로예측 방안에 대한 연구]
   └ 학회: 대한전기학회 (IF: 0.39)"
991,2023,전기전자공학,989794735,황윤형,1,0.0128,0.032787,"[도심 비정형 상황에서의 자율주행 지원을 위한 소용량 데이터 기반 차량 경로예측 방안에 대한 연구]
   └ 학회: 대한전기학회 (IF: 0.39)"
992,2023,전기전자공학,767794908,문철,2,0.0127,0.022612,"[다양한 채널 혼잡도에 적응하는 셀룰러 V2X의 DQN 기반 분산혼잡제어]
   └ 학회: 한국정보기술학회 (IF: 0.56)
--------------------------------
[5G NR V2X 기반 센서 정보 공유 시스템 설계 및 성능 분석]
   └ 학회: 한국정보기술학회 (IF: 0.56)"
993,2023,전기전자공학,459292534,Jeanhun Chung,2,0.0127,0.024872,"[Researching Visual Immersion Elements in VR Game <Half-Life: Alyx>]
   └ 학회: 국제인공지능학회 (IF: 0.51)
--------------------------------
[Reflections on Application of VR Technology in Field of News Media]
   └ 학회: 국제인공지능학회 (IF: 0.51)"
994,2023,전기전자공학,237801881,서민성,1,0.0127,0.022612,"[항만 물류 환경에서 강화학습 기반 컨테이너 다단 적재 모델링 방법]
   └ 학회: 한국정보기술학회 (IF: 0.56)"
995,2023,전기전자공학,381395789,장지영,1,0.0127,0.022612,"[STPA-RL: 강화학습을 이용한 STPA에서 손실 시나리오 분석]
   └ 학회: 한국정보기술학회 (IF: 0.56)"
996,2023,전기전자공학,627076248,이은화,1,0.0127,0.022612,"[다양한 채널 혼잡도에 적응하는 셀룰러 V2X의 DQN 기반 분산혼잡제어]
   └ 학회: 한국정보기술학회 (IF: 0.56)"
997,2023,전기전자공학,679959908,김연아,1,0.0127,0.022612,"[다양한 채널 혼잡도에 적응하는 셀룰러 V2X의 DQN 기반 분산혼잡제어]
   └ 학회: 한국정보기술학회 (IF: 0.56)"
998,2023,전기전자공학,328622193,유지현,1,0.0127,0.022612,"[C형 고리 타입 Patience Cube의 플래닝 관점 문제 정의]
   └ 학회: 한국지능시스템학회 (IF: 0.56)"
999,2023,전기전자공학,480990135,김장현,1,0.0127,0.022612,"[C형 고리 타입 Patience Cube의 플래닝 관점 문제 정의]
   └ 학회: 한국지능시스템학회 (IF: 0.56)"
1000,2023,전기전자공학,199578909,고광은,1,0.0127,0.022612,"[C형 고리 타입 Patience Cube의 플래닝 관점 문제 정의]
   └ 학회: 한국지능시스템학회 (IF: 0.56)"
1001,2023,전기전자공학,4614057,허원회,4,0.0124,0.024307000000000002,"[초등 6학년을 위한 교육용 AR 과학실험 애플리케이션 설계]
   └ 학회: 국제인공지능학회 (IF: 0.51)
--------------------------------
[시각장애인을 위한 일반의약품 복용 방법 제공 애플리케이션 연구]
   └ 학회: 국제인공지능학회 (IF: 0.51)
--------------------------------
[플립드러닝을 활용한 프로그래밍 교과목 개발 사례 연구]
   └ 학회: 국제인공지능학회 (IF: 0.51)
--------------------------------
[업적 시스템을 강조한 2D 플랫포머 게임 개발]
   └ 학회: 국제인공지능학회 (IF: 0.51)"
1002,2023,전기전자공학,975997238,Jonghyun Park,2,0.0124,0.024307000000000002,"[Comparative Analysis of the Status of Restaurant Start-ups Before and After the Lifting of Social Distancing Through Big Data Analysis]
   └ 학회: 국제인공지능학회 (IF: 0.51)
--------------------------------
[Suggested social media big data consulting chatbot service for restaurant start-ups]
   └ 학회: 국제인공지능학회 (IF: 0.51)"
1003,2023,전기전자공학,1529611,홍성은,3,0.0123,0.022611999999999997,"[관절 데이터 기반 동작 인식 모델 연합학습 프레임워크 연구]
   └ 학회: 한국정보기술학회 (IF: 0.56)
--------------------------------
[외부 메모리 어텐션 기반 준지도 비디오 객체 분할]
   └ 학회: 한국방송·미디어공학회 (IF: 0.49)
--------------------------------
[테스트 단계 도메인 적응 모델의 성능 향상을 위한 기법 분석]
   └ 학회: 한국방송·미디어공학회 (IF: 0.49)"
1004,2023,전기전자공학,5415008,Seon-Haeng Kim,1,0.0123,0.022046,"[Transfer Learning Model for Contextual Feature Extraction and Emotion Analysis in Dialogues]
   └ 학회: 한국정보기술학회 (IF: 0.56)"
1005,2023,전기전자공학,270179016,So-Young Jun,1,0.0123,0.022046,"[Transfer Learning Model for Contextual Feature Extraction and Emotion Analysis in Dialogues]
   └ 학회: 한국정보기술학회 (IF: 0.56)"
1006,2023,전기전자공학,513791045,김종우,1,0.0123,0.022046,"[Transfer Learning Model for Contextual Feature Extraction and Emotion Analysis in Dialogues]
   └ 학회: 한국정보기술학회 (IF: 0.56)"
1007,2023,전기전자공학,722006762,박재용,2,0.0122,0.030526,"[쿼드콥터의 곡률 기반 3차원 경로 계획 알고리즘]
   └ 학회: 한국로봇학회(논문지) (IF: 0.4)
--------------------------------
[복합적인 실내 환경 내 신뢰성 있는 자율 비행을 위한 3차원 장애물 지도 생성 및 경로 계획 알고리즘]
   └ 학회: 한국로봇학회(논문지) (IF: 0.4)"
1008,2023,전기전자공학,917741584,김보성,2,0.0122,0.030526,"[쿼드콥터의 곡률 기반 3차원 경로 계획 알고리즘]
   └ 학회: 한국로봇학회(논문지) (IF: 0.4)
--------------------------------
[복합적인 실내 환경 내 신뢰성 있는 자율 비행을 위한 3차원 장애물 지도 생성 및 경로 계획 알고리즘]
   └ 학회: 한국로봇학회(논문지) (IF: 0.4)"
1009,2023,전기전자공학,316201334,이승욱,2,0.0122,0.030526,"[쿼드콥터의 곡률 기반 3차원 경로 계획 알고리즘]
   └ 학회: 한국로봇학회(논문지) (IF: 0.4)
--------------------------------
[복합적인 실내 환경 내 신뢰성 있는 자율 비행을 위한 3차원 장애물 지도 생성 및 경로 계획 알고리즘]
   └ 학회: 한국로봇학회(논문지) (IF: 0.4)"
1010,2023,전기전자공학,132879890,Byung Chang Chung,1,0.0122,0.022612,"[강화학습 기반의 위성통신 빔호핑 최적화 기법]
   └ 학회: 한국정보통신학회 (IF: 0.54)"
1011,2023,전기전자공학,500748456,Nam-I Kim,1,0.0122,0.022612,"[강화학습 기반의 위성통신 빔호핑 최적화 기법]
   └ 학회: 한국정보통신학회 (IF: 0.54)"
1012,2023,전기전자공학,117449278,YA Chen,1,0.0122,0.022612,"[Text Classification on Social Network Platforms Based on Deep Learning Models]
   └ 학회: 한국정보통신학회JICCE (IF: 0.54)"
1013,2023,전기전자공학,373778862,Tan Juan,1,0.0122,0.022612,"[Text Classification on Social Network Platforms Based on Deep Learning Models]
   └ 학회: 한국정보통신학회JICCE (IF: 0.54)"
1014,2023,전기전자공학,112204557,김지명,3,0.0119,0.030526,"[전기저장장치의 배터리 기생커패시턴스 및 SOC에 따른 절연저항 변동 메커니즘 및 모델링에 관한 연구]
   └ 학회: 대한전기학회 (IF: 0.39)
--------------------------------
[ESS의 사고유형별 안전성 평가에 관한 연구]
   └ 학회: 대한전기학회 (IF: 0.39)
--------------------------------
[수력 및 양수발전소의 디지털 조속기 제어기용 고장진단장치 구현 및 특성분석]
   └ 학회: 대한전기학회 (IF: 0.39)"
1015,2023,전기전자공학,355144747,이일구,2,0.0119,0.022047,"[Implementation and Evaluation of Harmful-Media Filtering Techniques using Multimodal-Information Extraction]
   └ 학회: 한국정보통신학회JICCE (IF: 0.54)
--------------------------------
[Performance Improvement of Fuzzy C-Means Clustering Algorithm by Optimized Early Stopping for Inhomogeneous Datasets]
   └ 학회: 한국정보통신학회JICCE (IF: 0.54)"
1016,2023,전기전자공학,955227577,Chae-Rim Han,1,0.0119,0.022047,"[Performance Improvement of Fuzzy C-Means Clustering Algorithm by Optimized Early Stopping for Inhomogeneous Datasets]
   └ 학회: 한국정보통신학회JICCE (IF: 0.54)"
1017,2023,전기전자공학,663716264,Sun-Jin Lee,1,0.0119,0.022047,"[Performance Improvement of Fuzzy C-Means Clustering Algorithm by Optimized Early Stopping for Inhomogeneous Datasets]
   └ 학회: 한국정보통신학회JICCE (IF: 0.54)"
1018,2023,전기전자공학,974552028,장정훈,1,0.0117,0.020916,"[무인비행체 지상관제시스템 안전성 평가를 적용한 소프트웨어 개발 방안 연구]
   └ 학회: 한국정보기술학회 (IF: 0.56)"
1019,2023,전기전자공학,634186372,김종겸,3,0.0115,0.029393999999999997,"[유도발전기의 출력 변동시 역률 보상 커패시터의 자기여자에 관한 연구]
   └ 학회: 대한전기학회 (IF: 0.39)
--------------------------------
[유도전동기에서 부하 변동시 역률 보상 장치 적용 여부에 따른 특성 해석]
   └ 학회: 대한전기학회 (IF: 0.39)
--------------------------------
[일반, 심구 및 이중 농형 회전자 유도발전기의 계통 연계시 특성 변화에 관한 연구]
   └ 학회: 대한전기학회 (IF: 0.39)"
1020,2023,전기전자공학,887096364,이승목,2,0.0115,0.014698,"[군집 로봇의 충돌 회피를 고려한 순차적 경로계획]
   └ 학회: 제어로봇시스템학회 (IF: 0.78)
--------------------------------
[자율주행 로봇을 위한 라이다 기반 Odometry 및 맵핑 기술 리뷰]
   └ 학회: 제어로봇시스템학회 (IF: 0.78)"
1021,2023,전기전자공학,584432688,박민수,2,0.0115,0.022612,"[Changes in Research Paradigms in Data Intensive Environments]
   └ 학회: 국제인공지능학회 (IF: 0.51)
--------------------------------
[Optimizing User Experience While Interacting with IR Systems in Big Data Environments]
   └ 학회: 국제인공지능학회 (IF: 0.51)"
1022,2023,전기전자공학,998657555,배양자,2,0.0115,0.022612,"[Comparative Analysis of the Status of Restaurant Start-ups Before and After the Lifting of Social Distancing Through Big Data Analysis]
   └ 학회: 국제인공지능학회 (IF: 0.51)
--------------------------------
[A Study on the Trend Change of Restaurant Entrepreneurship through Big Data Analysis]
   └ 학회: 국제인공지능학회 (IF: 0.51)"
1023,2023,전기전자공학,901677002,Mi-Na Shim,1,0.0115,0.022612,"[Classification of NFT Security Issues and Threats through Case Analysis]
   └ 학회: 국제인공지능학회 (IF: 0.51)"
1024,2023,전기전자공학,459145285,김경훈,1,0.0115,0.022612,"[강화학습 기반 무인항공기 이동성 모델에 관한 연구]
   └ 학회: 국제인공지능학회 (IF: 0.51)"
1025,2023,전기전자공학,642943078,조민규,1,0.0115,0.022612,"[강화학습 기반 무인항공기 이동성 모델에 관한 연구]
   └ 학회: 국제인공지능학회 (IF: 0.51)"
1026,2023,전기전자공학,127941228,박창용,1,0.0115,0.022612,"[강화학습 기반 무인항공기 이동성 모델에 관한 연구]
   └ 학회: 국제인공지능학회 (IF: 0.51)"
1027,2023,전기전자공학,830122006,김수현,1,0.0115,0.022612,"[강화학습 기반 무인항공기 이동성 모델에 관한 연구]
   └ 학회: 국제인공지능학회 (IF: 0.51)"
1028,2023,전기전자공학,608062520,송석근,1,0.0115,0.02883,"[고손실 전송선 모델을 이용한 화학물질 누액 센서의 누출지점 예측]
   └ 학회: 한국전자파학회 (IF: 0.4)"
1029,2023,전기전자공학,140298917,박검재,1,0.0115,0.02883,"[고손실 전송선 모델을 이용한 화학물질 누액 센서의 누출지점 예측]
   └ 학회: 한국전자파학회 (IF: 0.4)"
1030,2023,전기전자공학,75758,이창석,1,0.0115,0.02883,"[고손실 전송선 모델을 이용한 화학물질 누액 센서의 누출지점 예측]
   └ 학회: 한국전자파학회 (IF: 0.4)"
1031,2023,전기전자공학,979930980,이제혁,1,0.0114,0.02035,"[설비의 예지 보전을 위한 Transformer 기반의 전력 품질 예측 및 이상 상황 탐지]
   └ 학회: 한국정보기술학회 (IF: 0.56)"
1032,2023,전기전자공학,5214471,이태준,1,0.0113,0.020915,"[Transformer 기반 한국어 영어 번역 경량화 모델]
   └ 학회: 한국정보통신학회 (IF: 0.54)"
1033,2023,전기전자공학,589663763,채희석,1,0.0113,0.020915,"[Transformer 기반 한국어 영어 번역 경량화 모델]
   └ 학회: 한국정보통신학회 (IF: 0.54)"
1034,2023,전기전자공학,680607249,송종근,1,0.0113,0.020915,"[Transformer 기반 한국어 영어 번역 경량화 모델]
   └ 학회: 한국정보통신학회 (IF: 0.54)"
1035,2023,전기전자공학,452515304,신항식,2,0.0112,0.02883,"[가속도 센서 기반 일상생활 활동 군집 특징 분석]
   └ 학회: 대한전기학회 (IF: 0.39)
--------------------------------
[국내 스마트 병원 구축현황 및 발전 방안]
   └ 학회: 대한전기학회 (IF: 0.39)"
1036,2023,전기전자공학,434855333,이현경,1,0.0112,0.018654,"[무대 조명과 증강현실 자막 밝기에 따른 사이버 멀미 영향 분석]
   └ 학회: 한국멀티미디어학회 (IF: 0.6)"
1037,2023,전기전자공학,689051059,김상준,1,0.0112,0.018654,"[무대 조명과 증강현실 자막 밝기에 따른 사이버 멀미 영향 분석]
   └ 학회: 한국멀티미디어학회 (IF: 0.6)"
1038,2023,전기전자공학,335172823,이승아,1,0.0112,0.018654,"[무대 조명과 증강현실 자막 밝기에 따른 사이버 멀미 영향 분석]
   └ 학회: 한국멀티미디어학회 (IF: 0.6)"
1039,2023,전기전자공학,879279282,김대연,1,0.0112,0.018654,"[무대 조명과 증강현실 자막 밝기에 따른 사이버 멀미 영향 분석]
   └ 학회: 한국멀티미디어학회 (IF: 0.6)"
1040,2023,전기전자공학,973629046,왕창원,1,0.0112,0.02883,"[국내 스마트 병원 구축현황 및 발전 방안]
   └ 학회: 대한전기학회 (IF: 0.39)"
1041,2023,전기전자공학,791254291,박시웅,1,0.0112,0.02883,"[전력IoT 센싱 데이터의 대용량/장거리 전송을 위한 광무선 통신 기술 소개]
   └ 학회: 대한전기학회 (IF: 0.39)"
1042,2023,전기전자공학,912720509,여찬일,1,0.0112,0.02883,"[전력IoT 센싱 데이터의 대용량/장거리 전송을 위한 광무선 통신 기술 소개]
   └ 학회: 대한전기학회 (IF: 0.39)"
1043,2023,전기전자공학,192346586,허영순,1,0.0112,0.02883,"[전력IoT 센싱 데이터의 대용량/장거리 전송을 위한 광무선 통신 기술 소개]
   └ 학회: 대한전기학회 (IF: 0.39)"
1044,2023,전기전자공학,236838428,박형준,1,0.0112,0.02883,"[전력IoT 센싱 데이터의 대용량/장거리 전송을 위한 광무선 통신 기술 소개]
   └ 학회: 대한전기학회 (IF: 0.39)"
1045,2023,전기전자공학,532970498,고석갑,1,0.0112,0.02883,"[에너지분야 사물인터넷 인터페이스 기술]
   └ 학회: 대한전기학회 (IF: 0.39)"
1046,2023,전기전자공학,206644554,이민석,2,0.0111,0.022612,"[뉴럴네트워크의 잔차 파라미터를 활용한 AI-PCC 기반 스트리밍 프레임워크]
   └ 학회: 한국방송·미디어공학회 (IF: 0.49)
--------------------------------
[표면 추정 및 이상치 제거 기반 포인트 클라우드 밀도 품질 평가 고도화]
   └ 학회: 한국방송·미디어공학회 (IF: 0.49)"
1047,2023,전기전자공학,5417581,김준식,2,0.0111,0.022612,"[뉴럴네트워크의 잔차 파라미터를 활용한 AI-PCC 기반 스트리밍 프레임워크]
   └ 학회: 한국방송·미디어공학회 (IF: 0.49)
--------------------------------
[표면 추정 및 이상치 제거 기반 포인트 클라우드 밀도 품질 평가 고도화]
   └ 학회: 한국방송·미디어공학회 (IF: 0.49)"
1048,2023,전기전자공학,519605935,김규헌,2,0.0111,0.022612,"[뉴럴네트워크의 잔차 파라미터를 활용한 AI-PCC 기반 스트리밍 프레임워크]
   └ 학회: 한국방송·미디어공학회 (IF: 0.49)
--------------------------------
[표면 추정 및 이상치 제거 기반 포인트 클라우드 밀도 품질 평가 고도화]
   └ 학회: 한국방송·미디어공학회 (IF: 0.49)"
1049,2023,전기전자공학,221329330,박유현,1,0.0111,0.019784,"[유해화학물질 취급시설 관련 국민신문고 빅데이터 분석]
   └ 학회: 한국정보기술학회 (IF: 0.56)"
1050,2023,전기전자공학,580708795,김연진,1,0.0111,0.019784,"[유해화학물질 취급시설 관련 국민신문고 빅데이터 분석]
   └ 학회: 한국정보기술학회 (IF: 0.56)"
1051,2023,전기전자공학,313409866,조승범,1,0.0111,0.019784,"[유해화학물질 취급시설 관련 국민신문고 빅데이터 분석]
   └ 학회: 한국정보기술학회 (IF: 0.56)"
1052,2023,전기전자공학,416332757,류태인,1,0.0111,0.019784,"[유해화학물질 취급시설 관련 국민신문고 빅데이터 분석]
   └ 학회: 한국정보기술학회 (IF: 0.56)"
1053,2023,전기전자공학,466273799,김경배,1,0.0111,0.019784,"[유해화학물질 취급시설 관련 국민신문고 빅데이터 분석]
   └ 학회: 한국정보기술학회 (IF: 0.56)"
1054,2023,전기전자공학,473923927,임덕선,2,0.011,0.021482,"[심층 강화학습 기반의 대학 전공과목 추천 시스템]
   └ 학회: 국제인공지능학회 (IF: 0.51)
--------------------------------
[MEC를 활용한 커넥티드 홈의 DRL 기반 태스크 오프로딩 기법]
   └ 학회: 국제인공지능학회 (IF: 0.51)"
1055,2023,전기전자공학,355327519,이병찬,3,0.0109,0.027134,"[W 대역 CMOS 윌킨슨 전력 분배기]
   └ 학회: 한국전자파학회 (IF: 0.4)
--------------------------------
[W 대역 레이다 시스템을 위한 하향 변환 Q-Boosting 믹서 설계]
   └ 학회: 한국전자파학회 (IF: 0.4)
--------------------------------
[2.45-GHz 무선전력송신을 위한 렉테나 구현]
   └ 학회: 한국전자파학회 (IF: 0.4)"
1056,2023,전기전자공학,783690961,김현수,1,0.0108,0.01922,"[뇌 MRI에 QQ 모델을 이용한 DNN 기반 산소추출률 예측 방법]
   └ 학회: 한국정보기술학회 (IF: 0.56)"
1057,2023,전기전자공학,911124150,이해연,1,0.0108,0.01922,"[뇌 MRI에 QQ 모델을 이용한 DNN 기반 산소추출률 예측 방법]
   └ 학회: 한국정보기술학회 (IF: 0.56)"
1058,2023,전기전자공학,618308588,박수진,1,0.0108,0.01922,"[오토인코더 기반 플랜트 배관계 누출 탐지 연구]
   └ 학회: 한국정보기술학회 (IF: 0.56)"
1059,2023,전기전자공학,555468794,김재현,1,0.0108,0.01922,"[오토인코더 기반 플랜트 배관계 누출 탐지 연구]
   └ 학회: 한국정보기술학회 (IF: 0.56)"
1060,2023,전기전자공학,725886068,여도엽,1,0.0108,0.01922,"[오토인코더 기반 플랜트 배관계 누출 탐지 연구]
   └ 학회: 한국정보기술학회 (IF: 0.56)"
1061,2023,전기전자공학,464825503,황주훈,1,0.0108,0.01922,"[기술 분석과 환경요소를 이용한 주가 예측률 향상을 위한 딥러닝 병렬 모델]
   └ 학회: 한국정보기술학회 (IF: 0.56)"
1062,2023,전기전자공학,327637307,김태현,2,0.0107,0.01809,"[실시간 객체 좌표 생성을 이용한 회피 및 전역 경로 회귀 알고리즘 개발]
   └ 학회: 제어로봇시스템학회 (IF: 0.78)
--------------------------------
[후륜 독립 구동 인 휠 모터의 능동적 조향각 생성을 통한 2WS/2WD In-Wheel 플랫폼의 최소회전 반경 감소]
   └ 학회: 한국로봇학회(논문지) (IF: 0.4)"
1063,2023,전기전자공학,824872711,Seo-Hee Hwang,1,0.0107,0.019784999999999997,"[Design of Block Codes for Distributed Learning in VR/AR Transmission]
   └ 학회: 한국정보통신학회JICCE (IF: 0.54)"
1064,2023,전기전자공학,140126640,Si-Yeon Pak,1,0.0107,0.019784999999999997,"[Design of Block Codes for Distributed Learning in VR/AR Transmission]
   └ 학회: 한국정보통신학회JICCE (IF: 0.54)"
1065,2023,전기전자공학,854969377,Jin-Ho Chung,1,0.0107,0.019784999999999997,"[Design of Block Codes for Distributed Learning in VR/AR Transmission]
   └ 학회: 한국정보통신학회JICCE (IF: 0.54)"
1066,2023,전기전자공학,131313654,이종석,1,0.0105,0.021481,"[Video-based Dynamic Mesh Coding 표준화 동향 소개]
   └ 학회: 한국방송·미디어공학회 (IF: 0.49)"
1067,2023,전기전자공학,727639048,김홍락,5,0.0104,0.02035,"[추적 레이다 시스템의 전자기파 내성 설계]
   └ 학회: 국제인공지능학회 (IF: 0.51)
--------------------------------
[소형 추적 레이다 시스템 성능확인을 위한 종합성능시험 장비 개발]
   └ 학회: 국제인공지능학회 (IF: 0.51)
--------------------------------
[EMC 시험을 위한 EUT 시험장비 설계]
   └ 학회: 국제인공지능학회 (IF: 0.51)
--------------------------------
[레이다 신호처리 보드의 EMC 대책 설계]
   └ 학회: 국제인공지능학회 (IF: 0.51)
--------------------------------
[밀리미터파 추적레이더 송·수신 구성품의 적용성 검증을 위한 신호획득장치 개발]
   └ 학회: 국제인공지능학회 (IF: 0.51)"
1068,2023,전기전자공학,359161235,양은미,1,0.0104,0.01922,"[멀티모달 AI 기반 Mobile 앱 UI/UX 모델 연구(은행 앱의 고령 친화적 서비스를 중심으로)]
   └ 학회: 한국정보통신학회 (IF: 0.54)"
1069,2023,전기전자공학,418938793,임순범,6,0.0102,0.016959,"[CNN 기반 이미지 임베딩 모델을 이용한 한글 획요소 기반 유사 글꼴 추천 기법]
   └ 학회: 한국멀티미디어학회 (IF: 0.6)
--------------------------------
[동영상 자막 자동 배치 시 발화자 시선에 따른 위치 보정 알고리즘]
   └ 학회: 한국멀티미디어학회 (IF: 0.6)
--------------------------------
[동영상 대사 자막을 발화자 주변에 자동 배치하는 시스템의 개발]
   └ 학회: 한국멀티미디어학회 (IF: 0.6)
--------------------------------
[청각장애인의 메타버스 콘텐츠 감상을 위한 보조 기능의 사용성 분석 －대중음악 콘서트를 중심으로－]
   └ 학회: 한국멀티미디어학회 (IF: 0.6)
--------------------------------
[감정 기반 글꼴 추천 시스템을 위한 매핑 모델 설계 및 적용]
   └ 학회: 한국멀티미디어학회 (IF: 0.6)
--------------------------------
[블로그 게시물에서 감정분석을 통한 폰트 추천 서비스의 개발]
   └ 학회: 한국멀티미디어학회 (IF: 0.6)"
1070,2023,전기전자공학,595273690,김유빈,1,0.0102,0.016959,"[미래 모빌리티 산업에서 경험적 속성에 따른 메타버스 적용 사례 연구 : 자율주행 자동차 레벨 3-5단계를 중심으로]
   └ 학회: 한국멀티미디어학회 (IF: 0.6)"
1071,2023,전기전자공학,479878320,남양희,1,0.0102,0.016959,"[미래 모빌리티 산업에서 경험적 속성에 따른 메타버스 적용 사례 연구 : 자율주행 자동차 레벨 3-5단계를 중심으로]
   └ 학회: 한국멀티미디어학회 (IF: 0.6)"
1072,2023,전기전자공학,437168655,김남희,1,0.0102,0.016959,"[청각장애인의 메타버스 콘텐츠 감상을 위한 보조 기능의 사용성 분석 －대중음악 콘서트를 중심으로－]
   └ 학회: 한국멀티미디어학회 (IF: 0.6)"
1073,2023,전기전자공학,732544431,신승화,1,0.0102,0.022611,"[랜덤 포레스트 기반 학습 데이터셋 보완 및 리튬이온 배터리 용량 예측]
   └ 학회: 전력전자학회 (IF: 0.45)"
1074,2023,전기전자공학,184910196,이상력,1,0.0102,0.022611,"[랜덤 포레스트 기반 학습 데이터셋 보완 및 리튬이온 배터리 용량 예측]
   └ 학회: 전력전자학회 (IF: 0.45)"
1075,2023,전기전자공학,899429971,김종훈,1,0.0102,0.022611,"[랜덤 포레스트 기반 학습 데이터셋 보완 및 리튬이온 배터리 용량 예측]
   └ 학회: 전력전자학회 (IF: 0.45)"
1076,2023,전기전자공학,759655734,김종현,1,0.0101,0.018089,"[카모플라쥬 치료 시스템을 위한 Sliding Window-LSTM 모델 기반 배터리 잔존 수명 예측]
   └ 학회: 한국정보기술학회 (IF: 0.56)"
1077,2023,전기전자공학,611274733,김찬기,1,0.0101,0.018089,"[카모플라쥬 치료 시스템을 위한 Sliding Window-LSTM 모델 기반 배터리 잔존 수명 예측]
   └ 학회: 한국정보기술학회 (IF: 0.56)"
1078,2023,전기전자공학,342633048,박용택,1,0.0101,0.018089,"[카모플라쥬 치료 시스템을 위한 Sliding Window-LSTM 모델 기반 배터리 잔존 수명 예측]
   └ 학회: 한국정보기술학회 (IF: 0.56)"
1079,2023,전기전자공학,152893868,이종현,1,0.0101,0.018089,"[신경회로망 기반 리튬 배터리 멀티 셀의 SOC 추정]
   └ 학회: 한국정보기술학회 (IF: 0.56)"
1080,2023,전기전자공학,271776942,이인수,1,0.0101,0.018089,"[신경회로망 기반 리튬 배터리 멀티 셀의 SOC 추정]
   └ 학회: 한국정보기술학회 (IF: 0.56)"
1081,2023,전기전자공학,809016631,김명균,1,0.0101,0.018089,"[AI기반 생산라인의 고장/예지보전 모니터링 애플리케이션]
   └ 학회: 한국정보기술학회 (IF: 0.56)"
1082,2023,전기전자공학,2038327,이석희,1,0.0101,0.018654,"[손동작 인식을 활용한 산업용 XR 콘텐츠 개발 기술에 관한 연구]
   └ 학회: 한국정보통신학회 (IF: 0.54)"
1083,2023,전기전자공학,372261292,배양자,1,0.0101,0.019785,"[Proposed a consulting chatbot service for restaurant start-ups using social media big data]
   └ 학회: 국제인공지능학회 (IF: 0.51)"
1084,2023,전기전자공학,544761986,정회경,2,0.0098,0.018089,"[Map API를 활용한 최단 거리 알고리즘 기반 보행자 경로 탐색 연구]
   └ 학회: 한국정보통신학회 (IF: 0.54)
--------------------------------
[수위 예측 모델을 활용한 홍수 관리 시스템 설계 및 구현]
   └ 학회: 한국정보통신학회 (IF: 0.54)"
1085,2023,전기전자공학,598766789,조민우,1,0.0098,0.018089,"[수위 예측 모델을 활용한 홍수 관리 시스템 설계 및 구현]
   └ 학회: 한국정보통신학회 (IF: 0.54)"
1086,2023,전기전자공학,582455007,박장순,1,0.0098,0.018089,"[수위 예측 모델을 활용한 홍수 관리 시스템 설계 및 구현]
   └ 학회: 한국정보통신학회 (IF: 0.54)"
1087,2023,전기전자공학,194890718,김성재,1,0.0098,0.018089,"[수위 예측 모델을 활용한 홍수 관리 시스템 설계 및 구현]
   └ 학회: 한국정보통신학회 (IF: 0.54)"
1088,2023,전기전자공학,702119405,강진규,1,0.0097,0.019785,"[WebGPU 기반의 3D 렌더링 - 디지털 트윈 및 증강 현실 서비스 적용 중심으로 -]
   └ 학회: 한국방송·미디어공학회 (IF: 0.49)"
1089,2023,전기전자공학,604315430,조성실,2,0.0096,0.021481,"[재구성 지능형 반사 표면 구현을 위한 편파에 독립적인 특성을 갖는 수동형 단위구조 설계]
   └ 학회: 한국정보기술학회 (IF: 0.56)
--------------------------------
[텐션막 구조물 드론 시험장의 전파환경 분석]
   └ 학회: 한국전자파학회 (IF: 0.4)"
1090,2023,전기전자공학,751470262,홍익표,2,0.0096,0.021481,"[재구성 지능형 반사 표면 구현을 위한 편파에 독립적인 특성을 갖는 수동형 단위구조 설계]
   └ 학회: 한국정보기술학회 (IF: 0.56)
--------------------------------
[텐션막 구조물 드론 시험장의 전파환경 분석]
   └ 학회: 한국전자파학회 (IF: 0.4)"
1091,2023,전기전자공학,460111934,이동현,2,0.0095,0.016959,"[차동 구동 로봇의 오토파일럿을 위한 PX4 기반의 제어 알고리즘 개발]
   └ 학회: 한국정보기술학회 (IF: 0.56)
--------------------------------
[자율주행 및 객체 탐지 기반의 실내 보안 로봇 시스템 설계]
   └ 학회: 한국정보기술학회 (IF: 0.56)"
1092,2023,전기전자공학,853541409,SeongJeong Yoon,1,0.0095,0.016959,"[A Study on the Future Prospect of the Metaverse through Human Cognition]
   └ 학회: 한국정보기술학회 (IF: 0.56)"
1093,2023,전기전자공학,847445789,SooIn Choi,1,0.0095,0.016959,"[A Study on the Future Prospect of the Metaverse through Human Cognition]
   └ 학회: 한국정보기술학회 (IF: 0.56)"
1094,2023,전기전자공학,313168351,우은상,1,0.0095,0.016959,"[자율주행 및 객체 탐지 기반의 실내 보안 로봇 시스템 설계]
   └ 학회: 한국정보기술학회 (IF: 0.56)"
1095,2023,전기전자공학,112808,김태현,1,0.0095,0.016959,"[자율주행 및 객체 탐지 기반의 실내 보안 로봇 시스템 설계]
   └ 학회: 한국정보기술학회 (IF: 0.56)"
1096,2023,전기전자공학,306991070,이지원,1,0.0095,0.016959,"[퍼지화 카노분석을 이용한 메타버스 서비스품질 평가에 관한 연구]
   └ 학회: 한국지능시스템학회 (IF: 0.56)"
1097,2023,전기전자공학,523560523,김성준,1,0.0095,0.016959,"[퍼지화 카노분석을 이용한 메타버스 서비스품질 평가에 관한 연구]
   └ 학회: 한국지능시스템학회 (IF: 0.56)"
1098,2023,전기전자공학,529699737,김정숙,1,0.0095,0.016959,"[노인 맞춤형 여가 활동 지원 메타버스 개발]
   └ 학회: 한국지능시스템학회 (IF: 0.56)"
1099,2023,전기전자공학,273603013,조정환,1,0.0095,0.016959,"[노인 맞춤형 여가 활동 지원 메타버스 개발]
   └ 학회: 한국지능시스템학회 (IF: 0.56)"
1100,2023,전기전자공학,133598387,박채림,1,0.0095,0.016958,"[개선된 비전 트랜스포머를 이용한 단일 영상의 깊이 맵 예측]
   └ 학회: 한국지능시스템학회 (IF: 0.56)"
1101,2023,전기전자공학,744038122,이광일,1,0.0095,0.016958,"[개선된 비전 트랜스포머를 이용한 단일 영상의 깊이 맵 예측]
   └ 학회: 한국지능시스템학회 (IF: 0.56)"
1102,2023,전기전자공학,922542198,조석제,1,0.0095,0.016958,"[개선된 비전 트랜스포머를 이용한 단일 영상의 깊이 맵 예측]
   └ 학회: 한국지능시스템학회 (IF: 0.56)"
1103,2023,전기전자공학,595505418,유정찬,2,0.0094,0.01922,"[클리핑 감지기를 이용한 음성 신호 클리핑 제거의 성능 향상]
   └ 학회: 한국방송·미디어공학회 (IF: 0.49)
--------------------------------
[머신러닝을 이용한 음성 생성 모델 기반의 음성 향상 기술]
   └ 학회: 한국방송·미디어공학회 (IF: 0.49)"
1104,2023,전기전자공학,225719546,박호종,2,0.0094,0.01922,"[클리핑 감지기를 이용한 음성 신호 클리핑 제거의 성능 향상]
   └ 학회: 한국방송·미디어공학회 (IF: 0.49)
--------------------------------
[머신러닝을 이용한 음성 생성 모델 기반의 음성 향상 기술]
   └ 학회: 한국방송·미디어공학회 (IF: 0.49)"
1105,2023,전기전자공학,238460249,서은미,1,0.0094,0.01922,"[클리핑 감지기를 이용한 음성 신호 클리핑 제거의 성능 향상]
   └ 학회: 한국방송·미디어공학회 (IF: 0.49)"
1106,2023,전기전자공학,739853926,임유진,1,0.0094,0.01922,"[클리핑 감지기를 이용한 음성 신호 클리핑 제거의 성능 향상]
   └ 학회: 한국방송·미디어공학회 (IF: 0.49)"
1107,2023,전기전자공학,912969159,공경보,1,0.0094,0.01922,"[심층신경망 기반의 프리코딩 시스템을 활용한 다중사용자 스케줄링 기법에 관한 연구]
   └ 학회: 한국방송·미디어공학회 (IF: 0.49)"
1108,2023,전기전자공학,367245617,민문식,1,0.0094,0.01922,"[심층신경망 기반의 프리코딩 시스템을 활용한 다중사용자 스케줄링 기법에 관한 연구]
   └ 학회: 한국방송·미디어공학회 (IF: 0.49)"
1109,2023,전기전자공학,844568505,윤천희,1,0.0094,0.01922,"[다중 스케일 확산 모델을 이용한 영상 흐려짐 복원 방법]
   └ 학회: 한국방송·미디어공학회 (IF: 0.49)"
1110,2023,전기전자공학,323448810,이준상,2,0.0092,0.016959,"[메타버스 아바타 인게이지먼트를 활용한 콘텐츠 산업 사례 연구]
   └ 학회: 한국정보통신학회 (IF: 0.54)
--------------------------------
[모바일 고해상도 카메라를 활용한 숏폼콘텐츠 영상편집 특성에 관한 연구]
   └ 학회: 한국정보통신학회 (IF: 0.54)"
1111,2023,전기전자공학,369577031,김용현,2,0.0092,0.016958,"[원거리 감독을 이용한 BERT 기반 한국어 관계 추출 방법]
   └ 학회: 한국정보통신학회 (IF: 0.54)
--------------------------------
[K-Means 알고리즘 기반 능동적 관계 추출 모델 학습 방법]
   └ 학회: 한국정보통신학회 (IF: 0.54)"
1112,2023,전기전자공학,641936357,장경식,2,0.0092,0.016958,"[원거리 감독을 이용한 BERT 기반 한국어 관계 추출 방법]
   └ 학회: 한국정보통신학회 (IF: 0.54)
--------------------------------
[K-Means 알고리즘 기반 능동적 관계 추출 모델 학습 방법]
   └ 학회: 한국정보통신학회 (IF: 0.54)"
1113,2023,전기전자공학,663440350,엄두섭,2,0.0092,0.016958,"[원거리 감독을 이용한 BERT 기반 한국어 관계 추출 방법]
   └ 학회: 한국정보통신학회 (IF: 0.54)
--------------------------------
[K-Means 알고리즘 기반 능동적 관계 추출 모델 학습 방법]
   └ 학회: 한국정보통신학회 (IF: 0.54)"
1114,2023,전기전자공학,939111319,전삼현,2,0.0092,0.018089,"[중소기업의 정보보호 관리체계 개선방안 연구]
   └ 학회: 국제인공지능학회 (IF: 0.51)
--------------------------------
[콜드월렛 지갑 보안 강화를 위한 QR코드 기반 백업 방안에 대한 연구]
   └ 학회: 국제인공지능학회 (IF: 0.51)"
1115,2023,전기전자공학,607095181,박준홍,1,0.0092,0.016959,"[메타버스 아바타 인게이지먼트를 활용한 콘텐츠 산업 사례 연구]
   └ 학회: 한국정보통신학회 (IF: 0.54)"
1116,2023,전기전자공학,333822175,유강수,1,0.0092,0.016959,"[메타버스 공간에서 아바타의 디테일 제어 기법 설계]
   └ 학회: 한국정보통신학회 (IF: 0.54)"
1117,2023,전기전자공학,416438693,배석찬,1,0.0092,0.016959,"[몰입형 메타버스 환경을 위한 아바타의 얼굴 생성 기법 제안]
   └ 학회: 한국정보통신학회 (IF: 0.54)"
1118,2023,전기전자공학,820925782,Kyung-Won Byun,1,0.0092,0.018089,"[A Study on FIFA Partner Adidas of 2022 Qatar World Cup Using Big Data Analysis]
   └ 학회: 국제인공지능학회 (IF: 0.51)"
1119,2023,전기전자공학,577543169,Hyun-Myung Kim,1,0.0092,0.018089,"[Big Data Analysis of the Women Who Score Goal Sports Entertainment Program: Focusing on Text Mining and Semantic Network Analysis.]
   └ 학회: 국제인공지능학회 (IF: 0.51)"
1120,2023,전기전자공학,206738057,Kyung-Won Byun,1,0.0092,0.018089,"[Big Data Analysis of the Women Who Score Goal Sports Entertainment Program: Focusing on Text Mining and Semantic Network Analysis.]
   └ 학회: 국제인공지능학회 (IF: 0.51)"
1121,2023,전기전자공학,947490247,Se-won Jeon,1,0.0092,0.018089,"[A Study on the Sentiment Analysis of City Tour Using Big Data]
   └ 학회: 국제인공지능학회 (IF: 0.51)"
1122,2023,전기전자공학,450429358,Gi-Hwan Ryu,1,0.0092,0.018089,"[A Study on the Sentiment Analysis of City Tour Using Big Data]
   └ 학회: 국제인공지능학회 (IF: 0.51)"
1123,2023,전기전자공학,917429843,최병훈,1,0.0092,0.018089,"[콜드월렛 지갑 보안 강화를 위한 QR코드 기반 백업 방안에 대한 연구]
   └ 학회: 국제인공지능학회 (IF: 0.51)"
1124,2023,전기전자공학,307252418,이진용,1,0.0092,0.018089,"[콜드월렛 지갑 보안 강화를 위한 QR코드 기반 백업 방안에 대한 연구]
   └ 학회: 국제인공지능학회 (IF: 0.51)"
1125,2023,전기전자공학,980499063,고남현,1,0.0092,0.018089,"[콜드월렛 지갑 보안 강화를 위한 QR코드 기반 백업 방안에 대한 연구]
   └ 학회: 국제인공지능학회 (IF: 0.51)"
1126,2023,전기전자공학,144600,박현욱,1,0.009,0.022612,"[강화학습 기반 고속 디지털 시스템을 위한 SI/PI 최적설계 기술 소개]
   └ 학회: 한국전자파학회 (IF: 0.4)"
1127,2023,전기전자공학,664702167,정순규,1,0.009,0.022612,"[심층 강화학습을 이용한 휠-다리 로봇의 3차원 장애물극복 고속 모션 계획 방법]
   └ 학회: 한국로봇학회(논문지) (IF: 0.4)"
1128,2023,전기전자공학,699329331,Somrudee Deepaisarn,2,0.0089,0.016393,"[Toward Practical Augmentation of Raman Spectra for Deep Learning Classification of Contamination in HDD]
   └ 학회: 한국정보통신학회JICCE (IF: 0.54)
--------------------------------
[Data-centric Smart Street Light Monitoring and Visualization Platform for Campus Management]
   └ 학회: 한국정보통신학회JICCE (IF: 0.54)"
1129,2023,전기전자공학,522212262,김대연,1,0.0089,0.015829,"[동적 저궤도 위성 네트워크에서 실시간 라우팅을 위한 FPGA 기반 컨볼루션층 추론 병렬화 기술]
   └ 학회: 한국정보기술학회 (IF: 0.56)"
1130,2023,전기전자공학,781833254,Jongmin Lee,1,0.0089,0.016393,"[Human Detection using Real-virtual Augmented Dataset]
   └ 학회: 한국정보통신학회JICCE (IF: 0.54)"
1131,2023,전기전자공학,581097238,Jinsung Choi,1,0.0089,0.016393,"[Human Detection using Real-virtual Augmented Dataset]
   └ 학회: 한국정보통신학회JICCE (IF: 0.54)"
1132,2023,전기전자공학,836351096,Ki-Hong Kim,1,0.0089,0.016393,"[Human Detection using Real-virtual Augmented Dataset]
   └ 학회: 한국정보통신학회JICCE (IF: 0.54)"
1133,2023,전기전자공학,229222461,Seksan Laitrakun,1,0.0089,0.016393,"[Toward Practical Augmentation of Raman Spectra for Deep Learning Classification of Contamination in HDD]
   └ 학회: 한국정보통신학회JICCE (IF: 0.54)"
1134,2023,전기전자공학,902290213,Sarun Gulyanon,1,0.0089,0.016393,"[Toward Practical Augmentation of Raman Spectra for Deep Learning Classification of Contamination in HDD]
   └ 학회: 한국정보통신학회JICCE (IF: 0.54)"
1135,2023,전기전자공학,959155306,Chayud Srisumarnk,1,0.0089,0.016393,"[Toward Practical Augmentation of Raman Spectra for Deep Learning Classification of Contamination in HDD]
   └ 학회: 한국정보통신학회JICCE (IF: 0.54)"
1136,2023,전기전자공학,810124061,Nattapol Chiewnawintawat,1,0.0089,0.016393,"[Toward Practical Augmentation of Raman Spectra for Deep Learning Classification of Contamination in HDD]
   └ 학회: 한국정보통신학회JICCE (IF: 0.54)"
1137,2023,전기전자공학,280250377,Angkoon Angkoonsawaengsuk,1,0.0089,0.016393,"[Toward Practical Augmentation of Raman Spectra for Deep Learning Classification of Contamination in HDD]
   └ 학회: 한국정보통신학회JICCE (IF: 0.54)"
1138,2023,전기전자공학,924887543,Pakorn Opaprakasit,1,0.0089,0.016393,"[Toward Practical Augmentation of Raman Spectra for Deep Learning Classification of Contamination in HDD]
   └ 학회: 한국정보통신학회JICCE (IF: 0.54)"
1139,2023,전기전자공학,231881328,Jirawan Jindakaew,1,0.0089,0.016393,"[Toward Practical Augmentation of Raman Spectra for Deep Learning Classification of Contamination in HDD]
   └ 학회: 한국정보통신학회JICCE (IF: 0.54)"
1140,2023,전기전자공학,502388118,Narisara Jaikaew,1,0.0089,0.016393,"[Toward Practical Augmentation of Raman Spectra for Deep Learning Classification of Contamination in HDD]
   └ 학회: 한국정보통신학회JICCE (IF: 0.54)"
1141,2023,전기전자공학,251968833,남의석,2,0.0088,0.022612,"[XAI(eXplainable AI)를 이용한 하수처리 활성오니공정 모델링에 관한 연구]
   └ 학회: 대한전기학회 (IF: 0.39)
--------------------------------
[하수처리 공정제어시스템의 전력량 절감 방안에 관한 연구]
   └ 학회: 대한전기학회 (IF: 0.39)"
1142,2023,전기전자공학,839333612,이태건,1,0.0088,0.022612,"[Sim-to-Real 강화학습 기법을 활용한 Recovery 특성을 갖는 2단 도립진자 제어]
   └ 학회: 대한전기학회 (IF: 0.39)"
1143,2023,전기전자공학,833783790,김민정,3,0.0086,0.016959,"[Factors Influencing the Intention to Continue Using the Metaverse: Focusing on the Influence of Social Norms]
   └ 학회: 국제인공지능학회 (IF: 0.51)
--------------------------------
[메타버스 이용의도에 영향을 미치는 요인에 관한 연구: 혁신저항 모델을 중심으로]
   └ 학회: 국제인공지능학회 (IF: 0.51)
--------------------------------
[가상 인플루언서에 대한 감성반응과 광고효과 연구]
   └ 학회: 국제인공지능학회 (IF: 0.51)"
1144,2023,전기전자공학,4587990,이미나,2,0.0086,0.016959,"[Factors Influencing the Intention to Continue Using the Metaverse: Focusing on the Influence of Social Norms]
   └ 학회: 국제인공지능학회 (IF: 0.51)
--------------------------------
[메타버스 이용의도에 영향을 미치는 요인에 관한 연구: 혁신저항 모델을 중심으로]
   └ 학회: 국제인공지능학회 (IF: 0.51)"
1145,2023,전기전자공학,430078675,Kyungsuk Kim,1,0.0086,0.016959,"[Music License in the Metaverse]
   └ 학회: 국제인공지능학회 (IF: 0.51)"
1146,2023,전기전자공학,767819637,Jihan Kim,1,0.0086,0.016959,"[A Study on the Usability of Digital Humans in New Media Contents]
   └ 학회: 국제인공지능학회 (IF: 0.51)"
1147,2023,전기전자공학,969679757,조일현,1,0.0086,0.016959,"[Proposal for a virtual museum with vertical aspect ratio for the convergence of metaverse and short-form content]
   └ 학회: 국제인공지능학회 (IF: 0.51)"
1148,2023,전기전자공학,166990761,Jee Young Lee,1,0.0086,0.016959,"[A Study on Metaverse Learning Based on TPACK Framework]
   └ 학회: 국제인공지능학회 (IF: 0.51)"
1149,2023,전기전자공학,486406379,"Sung-Jun, Park",1,0.0086,0.016959,"[Game-type as Metaverse System for Problem Based Learning Classes]
   └ 학회: 국제인공지능학회 (IF: 0.51)"
1150,2023,전기전자공학,124453914,편진범,1,0.0086,0.016959,"[메타버스를 활용한 반려견 패션쇼 프로그램 개발 연구]
   └ 학회: 국제인공지능학회 (IF: 0.51)"
1151,2023,전기전자공학,380297083,선우희은,1,0.0086,0.016959,"[메타버스를 활용한 반려견 패션쇼 프로그램 개발 연구]
   └ 학회: 국제인공지능학회 (IF: 0.51)"
1152,2023,전기전자공학,258108477,홍윤서,1,0.0086,0.016959,"[메타버스를 활용한 반려견 패션쇼 프로그램 개발 연구]
   └ 학회: 국제인공지능학회 (IF: 0.51)"
1153,2023,전기전자공학,940532205,김병준,1,0.0086,0.016959,"[금융권 메타버스(Metaverse) 도입 및 활용 사례 연구]
   └ 학회: 국제인공지능학회 (IF: 0.51)"
1154,2023,전기전자공학,656193824,윤소빈,1,0.0086,0.016959,"[금융권 메타버스(Metaverse) 도입 및 활용 사례 연구]
   └ 학회: 국제인공지능학회 (IF: 0.51)"
1155,2023,전기전자공학,660197961,장수진,1,0.0086,0.016959,"[금융권 메타버스(Metaverse) 도입 및 활용 사례 연구]
   └ 학회: 국제인공지능학회 (IF: 0.51)"
1156,2023,전기전자공학,251713089,전삼현,1,0.0086,0.016959,"[금융권 메타버스(Metaverse) 도입 및 활용 사례 연구]
   └ 학회: 국제인공지능학회 (IF: 0.51)"
1157,2023,전기전자공학,687436174,박희준,1,0.0086,0.021481,"[드론을 이용한 무선국 안테나 방사패턴 측정]
   └ 학회: 한국전자파학회 (IF: 0.4)"
1158,2023,전기전자공학,417987053,석재호,1,0.0086,0.021481,"[드론을 이용한 무선국 안테나 방사패턴 측정]
   └ 학회: 한국전자파학회 (IF: 0.4)"
1159,2023,전기전자공학,619775683,최장석,1,0.0086,0.021481,"[드론을 이용한 무선국 안테나 방사패턴 측정]
   └ 학회: 한국전자파학회 (IF: 0.4)"
1160,2023,전기전자공학,309543597,배현지,1,0.0086,0.021481,"[드론을 이용한 무선국 안테나 방사패턴 측정]
   └ 학회: 한국전자파학회 (IF: 0.4)"
1161,2023,전기전자공학,202687708,이상필,2,0.0084,0.020916,"[위성통신용 항공기 탑재 소형 적층 구조 능동위상배열 안테나 설계]
   └ 학회: 한국전자파학회 (IF: 0.4)
--------------------------------
[다중 무인 항공기 이용 감시 및 탐색 경로 계획 생성]
   └ 학회: 한국로봇학회(논문지) (IF: 0.4)"
1162,2023,전기전자공학,5110872,최정현,1,0.0084,0.010741,"[목표 기반 시각적 이동 작업을 위한 시각적 맥락정보 임베딩과 교착상태 처리]
   └ 학회: 제어로봇시스템학회 (IF: 0.78)"
1163,2023,전기전자공학,174020272,이산하,1,0.0084,0.020916,"[다중 무인 항공기 이용 감시 및 탐색 경로 계획 생성]
   └ 학회: 한국로봇학회(논문지) (IF: 0.4)"
1164,2023,전기전자공학,535436989,정원모,1,0.0084,0.020916,"[다중 무인 항공기 이용 감시 및 탐색 경로 계획 생성]
   └ 학회: 한국로봇학회(논문지) (IF: 0.4)"
1165,2023,전기전자공학,672551509,김명건,1,0.0084,0.020916,"[다중 무인 항공기 이용 감시 및 탐색 경로 계획 생성]
   └ 학회: 한국로봇학회(논문지) (IF: 0.4)"
1166,2023,전기전자공학,946947158,이충희,1,0.0084,0.020916,"[다중 무인 항공기 이용 감시 및 탐색 경로 계획 생성]
   └ 학회: 한국로봇학회(논문지) (IF: 0.4)"
1167,2023,전기전자공학,182965806,김신구,1,0.0084,0.020916,"[다중 무인 항공기 이용 감시 및 탐색 경로 계획 생성]
   └ 학회: 한국로봇학회(논문지) (IF: 0.4)"
1168,2023,전기전자공학,415522907,손흥선,1,0.0084,0.020916,"[다중 무인 항공기 이용 감시 및 탐색 경로 계획 생성]
   └ 학회: 한국로봇학회(논문지) (IF: 0.4)"
1169,2023,전기전자공학,766047443,방준성,4,0.0083,0.016959,"[생성형 인공지능에 의한 콘텐츠 저작과 유통 환경의 변화에 따른 정책 제언]
   └ 학회: 한국방송·미디어공학회 (IF: 0.49)
--------------------------------
[메타버스에서 생성형 인공지능을 활용한 콘텐츠 창작과 협업에 관한 연구]
   └ 학회: 한국방송·미디어공학회 (IF: 0.49)
--------------------------------
[대규모 언어 모델을 사용하는 인공지능 기반 대화형 챗봇의 편향성 평가 프레임워크 개발 방법]
   └ 학회: 한국방송·미디어공학회 (IF: 0.49)
--------------------------------
[대화형 봇에 의한 대화 주제 정렬 과정에서의 인공지능 윤리 가이드라인에 관한 연구]
   └ 학회: 한국방송·미디어공학회 (IF: 0.49)"
1170,2023,전기전자공학,921786886,조병철,2,0.0083,0.016959,"[생성형 인공지능에 의한 콘텐츠 저작과 유통 환경의 변화에 따른 정책 제언]
   └ 학회: 한국방송·미디어공학회 (IF: 0.49)
--------------------------------
[메타버스에서 생성형 인공지능을 활용한 콘텐츠 창작과 협업에 관한 연구]
   └ 학회: 한국방송·미디어공학회 (IF: 0.49)"
1171,2023,전기전자공학,211355785,안성희,2,0.0083,0.016959,"[메타버스에서 생성형 인공지능을 활용한 콘텐츠 창작과 협업에 관한 연구]
   └ 학회: 한국방송·미디어공학회 (IF: 0.49)
--------------------------------
[사용자 관점의 메타버스 기술 유형 분류]
   └ 학회: 한국방송·미디어공학회 (IF: 0.49)"
1172,2023,전기전자공학,437564132,이성배,1,0.0083,0.016959000000000002,"[뉴럴네트워크의 잔차 파라미터를 활용한 AI-PCC 기반 스트리밍 프레임워크]
   └ 학회: 한국방송·미디어공학회 (IF: 0.49)"
1173,2023,전기전자공학,970444588,김치용,16,0.0081,0.013566,"[아이트래킹을 활용한 포털사이트 배너광고의 시각적 주의에 관한 연구]
   └ 학회: 한국멀티미디어학회 (IF: 0.6)
--------------------------------
[공공 공간의 동적 포스터가 소비자의 몰입감, 긍정적 감정 및 만족도 관계에 대한 연구]
   └ 학회: 한국멀티미디어학회 (IF: 0.6)
--------------------------------
[멀티미디어 영상 조기교육이 유치원생에게 미치는 영향]
   └ 학회: 한국멀티미디어학회 (IF: 0.6)
--------------------------------
[Citespace에 기반한 공공미술 핫이슈와 트렌드의 가시화 분석]
   └ 학회: 한국멀티미디어학회 (IF: 0.6)
--------------------------------
[델파이법을 적용하여 여성 패션 스타일을 바탕으로 한 영화와 드라마 속 치파오 디자인 기획에 대한 연구]
   └ 학회: 한국멀티미디어학회 (IF: 0.6)
--------------------------------
[기술 수용 모델의 지속 가능한 이념을 바탕으로 하여 현대 치파오 디자인 전략에 관한 연구]
   └ 학회: 한국멀티미디어학회 (IF: 0.6)
--------------------------------
[디지털 인터랙티브 전시콘텐츠에 적용된 인터페이스 제작방식이 관람객 만족도에 미치는 영향에 관한 연구]
   └ 학회: 한국멀티미디어학회 (IF: 0.6)
--------------------------------
[중·한 영화에 대한 평가 빅 데이터 분석을 활용한 중국 영화의 발전에 관한 연구 －한국 영화 시장을 중심으로－]
   └ 학회: 한국멀티미디어학회 (IF: 0.6)
--------------------------------
[인터랙티브 영화에 대한 관객의 참여의사에 미치는 요인에 관한 연구]
   └ 학회: 한국멀티미디어학회 (IF: 0.6)
--------------------------------
[젠더리스 형상을 응용한 디자인 연구-톰 브라운 브랜드 중심으로]
   └ 학회: 한국멀티미디어학회 (IF: 0.6)
--------------------------------
[국내 모바일 성범죄 예방 어플리케이션 사용성 분석]
   └ 학회: 한국멀티미디어학회 (IF: 0.6)
--------------------------------
[다국적 각색 영화가 관객 만족도에 미치는 영향 연구 －〈허삼관매혈기〉를 각색한 영화 〈허삼관〉을 중심으로－]
   └ 학회: 한국멀티미디어학회 (IF: 0.6)
--------------------------------
[인터랙티브 영화에 대한 관객체험이 관객만족도에 미치는 영향 연구]
   └ 학회: 한국멀티미디어학회 (IF: 0.6)
--------------------------------
[델파이 기법을 활용한 다이나믹 포스터의 디자인 인자 도출 연구]
   └ 학회: 한국멀티미디어학회 (IF: 0.6)
--------------------------------
[애니메이션 이모티콘이 사용자의 긍정적 감정 및 지속적 사용의도에 미치는 요인 연구]
   └ 학회: 한국멀티미디어학회 (IF: 0.6)
--------------------------------
[유치원 교육용 멀티미디어 시스템의 하드웨어 디자인 개선방안 연구]
   └ 학회: 한국멀티미디어학회 (IF: 0.6)"
1174,2023,전기전자공학,169780614,주지한,4,0.0081,0.015828,"[Ka-대역 CMOS 2채널 이미지 제거 수신기]
   └ 학회: 국제인공지능학회 (IF: 0.51)
--------------------------------
[탐색기용 AESA 안테나 성능 고도화 연구]
   └ 학회: 국제인공지능학회 (IF: 0.51)
--------------------------------
[밀리미터파 추적레이더 송·수신 구성품의 적용성 검증을 위한 신호획득장치 개발]
   └ 학회: 국제인공지능학회 (IF: 0.51)
--------------------------------
[밀리미터파(W대역) 이중편파 모노펄스 급전 구조 설계 및 제작 방안 연구]
   └ 학회: 국제인공지능학회 (IF: 0.51)"
1175,2023,전기전자공학,187776,이재은,3,0.0081,0.02035,"[W 대역 FMCW 레이다용 저잡음 증폭기 설계]
   └ 학회: 한국전자파학회 (IF: 0.4)
--------------------------------
[Q-Band 광대역 저잡음 증폭기 설계]
   └ 학회: 한국전자파학회 (IF: 0.4)
--------------------------------
[26.5∼29.5 GHz 6비트 스위치 필터형 위상천이기]
   └ 학회: 한국전자파학회 (IF: 0.4)"
1176,2023,전기전자공학,232722988,변경원,2,0.0081,0.015827,"[A Study on the Meaning of The First Slam Dunk Based on Text Mining and Semantic Network Analysis]
   └ 학회: 국제인공지능학회 (IF: 0.51)
--------------------------------
[Big Data Analysis on the Perception of Home Training According to the Implementation of COVID-19 Social Distancing]
   └ 학회: 국제인공지능학회 (IF: 0.51)"
1177,2023,전기전자공학,767738404,김기진,2,0.0081,0.02035,"[W 대역 FMCW 레이다용 저잡음 증폭기 설계]
   └ 학회: 한국전자파학회 (IF: 0.4)
--------------------------------
[77∼81 GHz 근거리 레이다 시스템 IQ 수신단을 위한 LO 입력단의 설계 및 분석]
   └ 학회: 한국전자파학회 (IF: 0.4)"
1178,2023,전기전자공학,115855893,김용태,2,0.0079,0.014132,"[로커-보기 구조의 과일 수확 로봇 설계에 관한 연구]
   └ 학회: 한국지능시스템학회 (IF: 0.56)
--------------------------------
[장애물 환경에서 과일 수확을 위한 로봇 매니퓰레이터 제어에 관한 연구]
   └ 학회: 한국지능시스템학회 (IF: 0.56)"
1179,2023,전기전자공학,758556914,이동주,2,0.0079,0.02035,"[유도전동기에서 부하 변동시 역률 보상 장치 적용 여부에 따른 특성 해석]
   └ 학회: 대한전기학회 (IF: 0.39)
--------------------------------
[일반, 심구 및 이중 농형 회전자 유도발전기의 계통 연계시 특성 변화에 관한 연구]
   └ 학회: 대한전기학회 (IF: 0.39)"
1180,2023,전기전자공학,902222367,김상현,1,0.0079,0.010175,"[심층 신경망 기반 착륙 지점 인식 기법을 위한 가상 현실 데이터 수집 기술 개발]
   └ 학회: 제어로봇시스템학회 (IF: 0.78)"
1181,2023,전기전자공학,916785044,허지욱,1,0.0079,0.014132,"[SRPAttention-GAN 기반 고해상도 철근 이미지 생성을 통한 철근 끝점 검출 성능 향상]
   └ 학회: 한국정보기술학회 (IF: 0.56)"
1182,2023,전기전자공학,460698711,김현빈,1,0.0079,0.014132,"[딥러닝 기반 선박 검출 및 AIS를 활용한 선박 충돌 경보 기법]
   └ 학회: 한국정보기술학회 (IF: 0.56)"
1183,2023,전기전자공학,741494989,옥승호,1,0.0079,0.014132,"[딥러닝 기반 선박 검출 및 AIS를 활용한 선박 충돌 경보 기법]
   └ 학회: 한국정보기술학회 (IF: 0.56)"
1184,2023,전기전자공학,5479323,한재웅,1,0.0079,0.014132,"[장애물 환경에서 과일 수확을 위한 로봇 매니퓰레이터 제어에 관한 연구]
   └ 학회: 한국지능시스템학회 (IF: 0.56)"
1185,2023,전기전자공학,271355090,조재훈,1,0.0079,0.014132,"[장애물 환경에서 과일 수확을 위한 로봇 매니퓰레이터 제어에 관한 연구]
   └ 학회: 한국지능시스템학회 (IF: 0.56)"
1186,2023,전기전자공학,165279843,신정훈,2,0.0078,0.013001,"[마커 기반 상호작용 동기화 및 혼합현실 협업 콘텐츠 개발]
   └ 학회: 한국멀티미디어학회 (IF: 0.6)
--------------------------------
[Efficiency Enhanced Super Resolution Gener ative Adver sar ial Network via Advanced Knowledge Distillation]
   └ 학회: 한국멀티미디어학회 (IF: 0.6)"
1187,2023,전기전자공학,709346041,이훈재,2,0.0078,0.015263,"[Genetic Algorithm-Based Approaches for Enhancing Multi-UAV Route Planning]
   └ 학회: 국제인공지능학회 (IF: 0.51)
--------------------------------
[해상환경에서 안전한 통신을 위한 보안체계 연구]
   └ 학회: 국제인공지능학회 (IF: 0.51)"
1188,2023,전기전자공학,999103039,이영실,2,0.0078,0.015263,"[Genetic Algorithm-Based Approaches for Enhancing Multi-UAV Route Planning]
   └ 학회: 국제인공지능학회 (IF: 0.51)
--------------------------------
[해상환경에서 안전한 통신을 위한 보안체계 연구]
   └ 학회: 국제인공지능학회 (IF: 0.51)"
1189,2023,전기전자공학,230631769,장희진,1,0.0078,0.013001,"[마커 기반 상호작용 동기화 및 혼합현실 협업 콘텐츠 개발]
   └ 학회: 한국멀티미디어학회 (IF: 0.6)"
1190,2023,전기전자공학,943802466,이성희,1,0.0078,0.013001,"[마커 기반 상호작용 동기화 및 혼합현실 협업 콘텐츠 개발]
   └ 학회: 한국멀티미디어학회 (IF: 0.6)"
1191,2023,전기전자공학,478317967,김민아,1,0.0078,0.013001,"[마커 기반 상호작용 동기화 및 혼합현실 협업 콘텐츠 개발]
   └ 학회: 한국멀티미디어학회 (IF: 0.6)"
1192,2023,전기전자공학,609482409,남덕윤,1,0.0078,0.013001,"[마커 기반 상호작용 동기화 및 혼합현실 협업 콘텐츠 개발]
   └ 학회: 한국멀티미디어학회 (IF: 0.6)"
1193,2023,전기전자공학,417902560,Mohammed Abdulhakim Al-Absi,1,0.0078,0.015263,"[Genetic Algorithm-Based Approaches for Enhancing Multi-UAV Route Planning]
   └ 학회: 국제인공지능학회 (IF: 0.51)"
1194,2023,전기전자공학,759713521,김성민,1,0.0078,0.015828000000000002,"[고품질 6DoF VR 영상을 위한 Dense Point Cloud 생성]
   └ 학회: 한국방송·미디어공학회 (IF: 0.49)"
1195,2023,전기전자공학,309834531,정지수,1,0.0076,0.013567,"[통계 기반 특징 선택과 적대적 생성 학습을 이용한 사출기의 이상 감지]
   └ 학회: 한국정보기술학회 (IF: 0.56)"
1196,2023,전기전자공학,485194492,정민수,1,0.0076,0.013567,"[통계 기반 특징 선택과 적대적 생성 학습을 이용한 사출기의 이상 감지]
   └ 학회: 한국정보기술학회 (IF: 0.56)"
1197,2023,전기전자공학,275403914,조병래,2,0.0075,0.016958,"[도플러 저해상도 레이다의 탐지성능 향상을 위한 속도 기반 하이브리드 도플러 처리 기법]
   └ 학회: 한국정보기술학회 (IF: 0.56)
--------------------------------
[수신 빔 그리드에 따른 다중경로 환경에서의 고각 추정 성능 분석]
   └ 학회: 한국전자파학회 (IF: 0.4)"
1198,2023,전기전자공학,204545161,서경룡,1,0.0075,0.012436,"[블록체인에 기반한 IoT네트워크의 접근제어 시스템]
   └ 학회: 한국멀티미디어학회 (IF: 0.6)"
1199,2023,전기전자공학,404003534,공화연,1,0.0075,0.012436,"[블록체인 메시지가 온라인 기부사이트 운영기관의 신뢰에 미치는 영향]
   └ 학회: 한국멀티미디어학회 (IF: 0.6)"
1200,2023,전기전자공학,580226342,유관우,1,0.0075,0.012436,"[DAG 블록체인 기반의 향상된 CCTV 함체기록 관리모델]
   └ 학회: 한국멀티미디어학회 (IF: 0.6)"
1201,2023,전기전자공학,363235606,구동현,1,0.0075,0.012436,"[트랜스포머 모델을 사용한 시맨틱 초해상화]
   └ 학회: 한국멀티미디어학회 (IF: 0.6)"
1202,2023,전기전자공학,262931385,박한훈,1,0.0075,0.012436,"[트랜스포머 모델을 사용한 시맨틱 초해상화]
   └ 학회: 한국멀티미디어학회 (IF: 0.6)"
1203,2023,전기전자공학,291168157,Chenghao Wang,1,0.0075,0.014697,"[Researching Visual Immersion Elements in VR Game <Half-Life: Alyx>]
   └ 학회: 국제인공지능학회 (IF: 0.51)"
1204,2023,전기전자공학,345089439,고은종,1,0.0075,0.014698,"[A Stay Detection Algorithm Using GPS Trajectory and Points of Interest Data]
   └ 학회: 국제인공지능학회 (IF: 0.51)"
1205,2023,전기전자공학,958830027,류창훈,1,0.0075,0.014698,"[A Stay Detection Algorithm Using GPS Trajectory and Points of Interest Data]
   └ 학회: 국제인공지능학회 (IF: 0.51)"
1206,2023,전기전자공학,455290603,최고야,1,0.0075,0.014698,"[A Stay Detection Algorithm Using GPS Trajectory and Points of Interest Data]
   └ 학회: 국제인공지능학회 (IF: 0.51)"
1207,2023,전기전자공학,552934366,정계동,1,0.0075,0.014698,"[A Stay Detection Algorithm Using GPS Trajectory and Points of Interest Data]
   └ 학회: 국제인공지능학회 (IF: 0.51)"
1208,2023,전기전자공학,940114778,황치곤,1,0.0075,0.014698,"[A Stay Detection Algorithm Using GPS Trajectory and Points of Interest Data]
   └ 학회: 국제인공지능학회 (IF: 0.51)"
1209,2023,전기전자공학,1462547,이진아,1,0.0075,0.01922,"[심장 기능적 분석을 위한 딥러닝기반 구조적 분할]
   └ 학회: 대한전기학회 (IF: 0.39)"
1210,2023,전기전자공학,984874262,김동규,1,0.0075,0.01922,"[딥러닝 기반 전차선 동편위 분석 방법 개발]
   └ 학회: 대한전기학회 (IF: 0.39)"
1211,2023,전기전자공학,687341872,박철민,1,0.0075,0.01922,"[딥러닝 기반 전차선 동편위 분석 방법 개발]
   └ 학회: 대한전기학회 (IF: 0.39)"
1212,2023,전기전자공학,794020824,이기원,1,0.0075,0.01922,"[딥러닝 기반 전차선 동편위 분석 방법 개발]
   └ 학회: 대한전기학회 (IF: 0.39)"
1213,2023,전기전자공학,561409093,노근택,2,0.0073,0.013002,"[파랑 관측시스템 구축 및 선박 조종 알고리즘 설계]
   └ 학회: 한국지능시스템학회 (IF: 0.56)
--------------------------------
[선박의 횡요운동 데이터를 활용한 선박의 복원성 모니터링 시스템의 위험성 기준 개발]
   └ 학회: 한국지능시스템학회 (IF: 0.56)"
1214,2023,전기전자공학,145676481,홍태호,2,0.0073,0.013002,"[파랑 관측시스템 구축 및 선박 조종 알고리즘 설계]
   └ 학회: 한국지능시스템학회 (IF: 0.56)
--------------------------------
[선박의 횡요운동 데이터를 활용한 선박의 복원성 모니터링 시스템의 위험성 기준 개발]
   └ 학회: 한국지능시스템학회 (IF: 0.56)"
1215,2023,전기전자공학,171393345,김종수,2,0.0073,0.018654999999999998,"[전기자동차 무선 충전을 위한 SAE-J2954 표준]
   └ 학회: 대한전기학회 (IF: 0.39)
--------------------------------
[LED 실내 조명 시스템을 위한 새로운 열간 전류 평형 회로]
   └ 학회: 대한전기학회 (IF: 0.39)"
1216,2023,전기전자공학,742007200,김철민,1,0.0073,0.018654999999999998,"[전기자동차 무선 충전을 위한 SAE-J2954 표준]
   └ 학회: 대한전기학회 (IF: 0.39)"
1217,2023,전기전자공학,925176501,김아영,3,0.0072,0.01809,"[비정형 환경 내 지도 작성과 자율주행을 위한 GNSS-라이다-관성 상태 추정 시스템]
   └ 학회: 한국로봇학회(논문지) (IF: 0.4)
--------------------------------
[열화상 이미지 히스토그램의 가우시안 혼합 모델 근사를 통한 열화상-관성 센서 오도메트리]
   └ 학회: 한국로봇학회(논문지) (IF: 0.4)
--------------------------------
[자율 주행에서 단일 센서 성능 향상을 위한 FMCW 스캐닝 레이더 노이즈 제거]
   └ 학회: 한국로봇학회(논문지) (IF: 0.4)"
1218,2023,전기전자공학,757420485,백승범,2,0.0071,0.009045,"[실시간 객체 검출을 위한 LiDAR와 정밀도로지도 병합 및 GNSS 헤딩 캘리브레이션]
   └ 학회: 제어로봇시스템학회 (IF: 0.78)
--------------------------------
[차동 구동형 로봇의 비정형 환경 주행 경로 추종 성능 향상을 위한 Pure pursuit와 속도 계획의 융합 알고리즘]
   └ 학회: 한국로봇학회(논문지) (IF: 0.4)"
1219,2023,전기전자공학,491441659,신훈영,2,0.0071,0.018089,"[이변량 코퓰라 함수 기반의 예측 오차 모델링을 활용한 풍속 시나리오 생성 방법의 제안]
   └ 학회: 대한전기학회 (IF: 0.39)
--------------------------------
[DTW-클러스터링 기반 순수요 패턴 생성을 이용한 관성 제약 기동정지계획]
   └ 학회: 대한전기학회 (IF: 0.39)"
1220,2023,전기전자공학,692483341,김종광,1,0.0071,0.009045,"[단안 카메라 기반 측위를 위한 터널 내 시설물의 거리 측정]
   └ 학회: 제어로봇시스템학회 (IF: 0.78)"
1221,2023,전기전자공학,1143191,김형래,1,0.0071,0.009045,"[단안 카메라 기반 측위를 위한 터널 내 시설물의 거리 측정]
   └ 학회: 제어로봇시스템학회 (IF: 0.78)"
1222,2023,전기전자공학,191927157,오장섭,1,0.0071,0.009045,"[단안 카메라 기반 측위를 위한 터널 내 시설물의 거리 측정]
   └ 학회: 제어로봇시스템학회 (IF: 0.78)"
1223,2023,전기전자공학,939976539,이성우,1,0.0071,0.009045,"[단안 카메라 기반 측위를 위한 터널 내 시설물의 거리 측정]
   └ 학회: 제어로봇시스템학회 (IF: 0.78)"
1224,2023,전기전자공학,209681,장경준,1,0.0071,0.009045,"[단안 카메라 기반 측위를 위한 터널 내 시설물의 거리 측정]
   └ 학회: 제어로봇시스템학회 (IF: 0.78)"
1225,2023,전기전자공학,660330465,박성창,1,0.0071,0.009045,"[자율주행 로봇을 위한 라이다 기반 Odometry 및 맵핑 기술 리뷰]
   └ 학회: 제어로봇시스템학회 (IF: 0.78)"
1226,2023,전기전자공학,935502320,심홍석,1,0.0071,0.009045,"[실시간 객체 검출을 위한 LiDAR와 정밀도로지도 병합 및 GNSS 헤딩 캘리브레이션]
   └ 학회: 제어로봇시스템학회 (IF: 0.78)"
1227,2023,전기전자공학,757347284,이재욱,1,0.0071,0.009045,"[실시간 객체 검출을 위한 LiDAR와 정밀도로지도 병합 및 GNSS 헤딩 캘리브레이션]
   └ 학회: 제어로봇시스템학회 (IF: 0.78)"
1228,2023,전기전자공학,475936506,손재훈,1,0.0071,0.009045,"[자이로스코프를 이용한 Global Positioning System/Gyro-Free Inertial Navigation System 통합항법 시스템의 성능향상]
   └ 학회: 제어로봇시스템학회 (IF: 0.78)"
1229,2023,전기전자공학,157054583,오상헌,1,0.0071,0.009045,"[자이로스코프를 이용한 Global Positioning System/Gyro-Free Inertial Navigation System 통합항법 시스템의 성능향상]
   └ 학회: 제어로봇시스템학회 (IF: 0.78)"
1230,2023,전기전자공학,688556132,황동환,1,0.0071,0.009045,"[자이로스코프를 이용한 Global Positioning System/Gyro-Free Inertial Navigation System 통합항법 시스템의 성능향상]
   └ 학회: 제어로봇시스템학회 (IF: 0.78)"
1231,2023,전기전자공학,758904104,이재욱,1,0.0071,0.009045,"[실시간 객체 좌표 생성을 이용한 회피 및 전역 경로 회귀 알고리즘 개발]
   └ 학회: 제어로봇시스템학회 (IF: 0.78)"
1232,2023,전기전자공학,621443050,나원상,1,0.0071,0.018089,"[차량용 고해상도 레이더 표적 탐지/추적 기술 연구동향]
   └ 학회: 대한전기학회 (IF: 0.39)"
1233,2023,전기전자공학,840875859,이륜경,1,0.0071,0.018089,"[이변량 코퓰라 함수 기반의 예측 오차 모델링을 활용한 풍속 시나리오 생성 방법의 제안]
   └ 학회: 대한전기학회 (IF: 0.39)"
1234,2023,전기전자공학,202979068,최철,1,0.0071,0.018089,"[유중 가스센서를 이용한 전력용 변압기 상태진단 기술동향]
   └ 학회: 대한전기학회 (IF: 0.39)"
1235,2023,전기전자공학,462979702,홍원기,1,0.007,0.012436,"[컴퓨터 비전 기반 빗물 감지 윈드실드 와이퍼 시스템]
   └ 학회: 한국정보기술학회 (IF: 0.56)"
1236,2023,전기전자공학,744045514,위정원,1,0.007,0.012436,"[컴퓨터 비전 기반 빗물 감지 윈드실드 와이퍼 시스템]
   └ 학회: 한국정보기술학회 (IF: 0.56)"
1237,2023,전기전자공학,151912391,정대원,1,0.007,0.012436,"[컴퓨터 비전 기반 빗물 감지 윈드실드 와이퍼 시스템]
   └ 학회: 한국정보기술학회 (IF: 0.56)"
1238,2023,전기전자공학,259972803,김민우,1,0.007,0.012436,"[컴퓨터 비전 기반 빗물 감지 윈드실드 와이퍼 시스템]
   └ 학회: 한국정보기술학회 (IF: 0.56)"
1239,2023,전기전자공학,988469068,임성찬,1,0.007,0.012436,"[컴퓨터 비전 기반 빗물 감지 윈드실드 와이퍼 시스템]
   └ 학회: 한국정보기술학회 (IF: 0.56)"
1240,2023,전기전자공학,5404927,윤영진,1,0.007,0.012436,"[블록체인 기반 스마트 컨트랙트를 활용한 경력 인증 시스템]
   └ 학회: 한국정보기술학회 (IF: 0.56)"
1241,2023,전기전자공학,284008512,김학윤,1,0.007,0.012436,"[블록체인 기반 스마트 컨트랙트를 활용한 경력 인증 시스템]
   └ 학회: 한국정보기술학회 (IF: 0.56)"
1242,2023,전기전자공학,546175778,나준영,1,0.007,0.012436,"[마이데이터 환경에서 개인의 민감 데이터 주권 확보를 위한 비대칭 키 암호화 기반 원격 진료시스템]
   └ 학회: 한국지능시스템학회 (IF: 0.56)"
1243,2023,전기전자공학,146991175,손채봉,1,0.007,0.012436,"[마이데이터 환경에서 개인의 민감 데이터 주권 확보를 위한 비대칭 키 암호화 기반 원격 진료시스템]
   └ 학회: 한국지능시스템학회 (IF: 0.56)"
1244,2023,전기전자공학,499295544,이광기,1,0.007,0.012436,"[마이데이터 환경에서 개인의 민감 데이터 주권 확보를 위한 비대칭 키 암호화 기반 원격 진료시스템]
   └ 학회: 한국지능시스템학회 (IF: 0.56)"
1245,2023,전기전자공학,803354786,고은수,1,0.007,0.012436,"[마이데이터 환경에서 개인의 민감 데이터 주권 확보를 위한 비대칭 키 암호화 기반 원격 진료시스템]
   └ 학회: 한국지능시스템학회 (IF: 0.56)"
1246,2023,전기전자공학,233407861,김대열,1,0.007,0.012436,"[마이데이터 환경에서 개인의 민감 데이터 주권 확보를 위한 비대칭 키 암호화 기반 원격 진료시스템]
   └ 학회: 한국지능시스템학회 (IF: 0.56)"
1247,2023,전기전자공학,644276068,김지선,3,0.0069,0.013566,"[스왑 지원 스마트폰의 메모리 쓰레싱 분석 및 관리 방안]
   └ 학회: 국제인공지능학회 (IF: 0.51)
--------------------------------
[앱의 특성과 메모리 상황을 고려하는 스마트폰 스와핑 정책]
   └ 학회: 국제인공지능학회 (IF: 0.51)
--------------------------------
[모바일 기기를 위한 다중 스왑 아키텍처의 설계 및 성능 분석]
   └ 학회: 국제인공지능학회 (IF: 0.51)"
1248,2023,전기전자공학,872262080,허경욱,3,0.0069,0.015263,"[Four-Port Dual-Active-Bridge 컨버터의 계통연계와 단독운전 시 전력 비동조화 기법]
   └ 학회: 전력전자학회 (IF: 0.45)
--------------------------------
[PHIL 모의시험을 이용한 다중 컨버터로 연결된 LVDC 그리드용 Test-bed 시스템 개발]
   └ 학회: 전력전자학회 (IF: 0.45)
--------------------------------
[유도 가열용 직렬 공진형 인버터의 동작 주파수 변동 최소화를 위한 하이브리드 스위칭 기법]
   └ 학회: 전력전자학회 (IF: 0.45)"
1249,2023,전기전자공학,385641000,정지훈,3,0.0069,0.015263,"[Four-Port Dual-Active-Bridge 컨버터의 계통연계와 단독운전 시 전력 비동조화 기법]
   └ 학회: 전력전자학회 (IF: 0.45)
--------------------------------
[PHIL 모의시험을 이용한 다중 컨버터로 연결된 LVDC 그리드용 Test-bed 시스템 개발]
   └ 학회: 전력전자학회 (IF: 0.45)
--------------------------------
[유도 가열용 직렬 공진형 인버터의 동작 주파수 변동 최소화를 위한 하이브리드 스위칭 기법]
   └ 학회: 전력전자학회 (IF: 0.45)"
1250,2023,전기전자공학,401072892,임재욱,2,0.0069,0.015263,"[Four-Port Dual-Active-Bridge 컨버터의 계통연계와 단독운전 시 전력 비동조화 기법]
   └ 학회: 전력전자학회 (IF: 0.45)
--------------------------------
[PHIL 모의시험을 이용한 다중 컨버터로 연결된 LVDC 그리드용 Test-bed 시스템 개발]
   └ 학회: 전력전자학회 (IF: 0.45)"
1251,2023,전기전자공학,462575402,김호성,2,0.0069,0.015263,"[Four-Port Dual-Active-Bridge 컨버터의 계통연계와 단독운전 시 전력 비동조화 기법]
   └ 학회: 전력전자학회 (IF: 0.45)
--------------------------------
[PHIL 모의시험을 이용한 다중 컨버터로 연결된 LVDC 그리드용 Test-bed 시스템 개발]
   └ 학회: 전력전자학회 (IF: 0.45)"
1252,2023,전기전자공학,478099837,윤창우,1,0.0069,0.015263,"[Four-Port Dual-Active-Bridge 컨버터의 계통연계와 단독운전 시 전력 비동조화 기법]
   └ 학회: 전력전자학회 (IF: 0.45)"
1253,2023,전기전자공학,576465921,이상은,1,0.0068,0.011306,"[3D 체인메일을 이용한 변형체의 GPU 최적화 연구]
   └ 학회: 한국멀티미디어학회 (IF: 0.6)"
1254,2023,전기전자공학,588471570,계희원,1,0.0068,0.011306,"[3D 체인메일을 이용한 변형체의 GPU 최적화 연구]
   └ 학회: 한국멀티미디어학회 (IF: 0.6)"
1255,2023,전기전자공학,534067234,유범재,1,0.0068,0.016959,"[메타버스, 공간 인터랙션 및 로봇의 원격 제어]
   └ 학회: 한국로봇학회 (IF: 0.4)"
1256,2023,전기전자공학,297020557,Gwan-hyung Kim,2,0.0067,0.012437,"[Development of Transformation-Core for Magnetic Field in Switchgear]
   └ 학회: 한국정보통신학회JICCE (IF: 0.54)
--------------------------------
[Design of Model-based VCU Software for Driving Performance Optimization of Electric Vehicle]
   └ 학회: 한국정보통신학회JICCE (IF: 0.54)"
1257,2023,전기전자공학,170393835,이지현,1,0.0067,0.012436,"[모듈화를 활용한 항공기 레이다 실시간 신호처리 SW Framework 설계]
   └ 학회: 한국정보통신학회 (IF: 0.54)"
1258,2023,전기전자공학,467993769,이창기,1,0.0067,0.012436,"[모듈화를 활용한 항공기 레이다 실시간 신호처리 SW Framework 설계]
   └ 학회: 한국정보통신학회 (IF: 0.54)"
1259,2023,전기전자공학,4411751,정태희,1,0.0067,0.012436,"[모듈화를 활용한 항공기 레이다 실시간 신호처리 SW Framework 설계]
   └ 학회: 한국정보통신학회 (IF: 0.54)"
1260,2023,전기전자공학,972244813,DongHee Choi,1,0.0066,0.013001,"[A Case Study on Digital Interactive Training Content <Tamagotchi> and <Peridot>]
   └ 학회: 국제인공지능학회 (IF: 0.51)"
1261,2023,전기전자공학,561059360,김성열,6,0.0064,0.016394,"[소수력발전 기반 그린수소 생산을 위한 수전해장치 및 에너지저장장치 최적 설비용량 산정]
   └ 학회: 대한전기학회 (IF: 0.39)
--------------------------------
[Clean Hydrogen Portfolio Standard 기반 Virtual Clean Hydrogen Plant 플랫폼 설계 및 운영 전략]
   └ 학회: 대한전기학회 (IF: 0.39)
--------------------------------
[비상시 부하전환 능력 확보를 위한 배전계통 최적 계획 방안]
   └ 학회: 대한전기학회 (IF: 0.39)
--------------------------------
[재생에너지 수용률을 고려한 EV 스테이션의 적정 용량 산정방안]
   └ 학회: 대한전기학회 (IF: 0.39)
--------------------------------
[재생에너지 수용률 향상 및 계통 안정화를 위한 P2G 연계형 경제급전 계획법]
   └ 학회: 대한전기학회 (IF: 0.39)
--------------------------------
[복원력 향상을 고려한 차세대 전력망의 예비타당성 분석 모델 개발]
   └ 학회: 대한전기학회 (IF: 0.39)"
1262,2023,전기전자공학,816619365,김윤진,4,0.0063,0.012436,"[추적 레이다 시스템의 전자기파 내성 설계]
   └ 학회: 국제인공지능학회 (IF: 0.51)
--------------------------------
[소형 추적 레이다 시스템 성능확인을 위한 종합성능시험 장비 개발]
   └ 학회: 국제인공지능학회 (IF: 0.51)
--------------------------------
[EMC 시험을 위한 EUT 시험장비 설계]
   └ 학회: 국제인공지능학회 (IF: 0.51)
--------------------------------
[레이다 신호처리 보드의 EMC 대책 설계]
   └ 학회: 국제인공지능학회 (IF: 0.51)"
1263,2023,전기전자공학,129992304,박성호,4,0.0063,0.012436,"[추적 레이다 시스템의 전자기파 내성 설계]
   └ 학회: 국제인공지능학회 (IF: 0.51)
--------------------------------
[소형 추적 레이다 시스템 성능확인을 위한 종합성능시험 장비 개발]
   └ 학회: 국제인공지능학회 (IF: 0.51)
--------------------------------
[EMC 시험을 위한 EUT 시험장비 설계]
   └ 학회: 국제인공지능학회 (IF: 0.51)
--------------------------------
[레이다 신호처리 보드의 EMC 대책 설계]
   └ 학회: 국제인공지능학회 (IF: 0.51)"
1264,2023,전기전자공학,982136524,이만희,4,0.0063,0.012436,"[추적 레이다 시스템의 전자기파 내성 설계]
   └ 학회: 국제인공지능학회 (IF: 0.51)
--------------------------------
[소형 추적 레이다 시스템 성능확인을 위한 종합성능시험 장비 개발]
   └ 학회: 국제인공지능학회 (IF: 0.51)
--------------------------------
[EMC 시험을 위한 EUT 시험장비 설계]
   └ 학회: 국제인공지능학회 (IF: 0.51)
--------------------------------
[레이다 신호처리 보드의 EMC 대책 설계]
   └ 학회: 국제인공지능학회 (IF: 0.51)"
1265,2023,전기전자공학,762929837,이태목,2,0.0063,0.011306,"[전기자동차 무선전력 전송 효율 향상을 위한 코일 오정렬 검출 기술에 관한 연구]
   └ 학회: 한국정보기술학회 (IF: 0.56)
--------------------------------
[스마트 컨테이너 환경에서 BLE 신호 변화에 대한 연구]
   └ 학회: 한국정보기술학회 (IF: 0.56)"
1266,2023,전기전자공학,723513633,배진석,1,0.0063,0.011306,"[전기자동차 무선전력 전송 효율 향상을 위한 코일 오정렬 검출 기술에 관한 연구]
   └ 학회: 한국정보기술학회 (IF: 0.56)"
1267,2023,전기전자공학,5096338,김동훈,1,0.0063,0.011304999999999999,"[MZ세대 장병 특성에 부합한 군 리더십에 관한 연구: 빅데이터를 활용한 텍스트마이닝을 중심으로]
   └ 학회: 한국정보기술학회 (IF: 0.56)"
1268,2023,전기전자공학,325437881,김법헌,1,0.0063,0.011304999999999999,"[MZ세대 장병 특성에 부합한 군 리더십에 관한 연구: 빅데이터를 활용한 텍스트마이닝을 중심으로]
   └ 학회: 한국정보기술학회 (IF: 0.56)"
1269,2023,전기전자공학,965493509,민세동,4,0.0062,0.015828000000000002,"[인공신경망 기반 무릎 관절 각도 추정 시스템 개발]
   └ 학회: 대한전기학회 (IF: 0.39)
--------------------------------
[환경변화에 따른 헬스케어 솔루션의 진화]
   └ 학회: 대한전기학회 (IF: 0.39)
--------------------------------
[1D CNN을 이용한 보행 중 족저압 데이터 기반의 보폭 추정]
   └ 학회: 대한전기학회 (IF: 0.39)
--------------------------------
[IMU 센서를 활용한 신발 종류별 장애물에 따른 발 높이 평가 예비 연구]
   └ 학회: 대한전기학회 (IF: 0.39)"
1270,2023,전기전자공학,2178733,우수호,2,0.0062,0.007914,"[경량화 차선이탈시간 기반의 차선 이탈 방지 알고리즘]
   └ 학회: 제어로봇시스템학회 (IF: 0.78)
--------------------------------
[듀얼 스위블 휠 기반의 전 방향 이동 로봇의 개발 및 그 주행성능 시뮬레이션]
   └ 학회: 제어로봇시스템학회 (IF: 0.78)"
1271,2023,전기전자공학,581383367,최재환,2,0.0062,0.007914,"[경량화 차선이탈시간 기반의 차선 이탈 방지 알고리즘]
   └ 학회: 제어로봇시스템학회 (IF: 0.78)
--------------------------------
[듀얼 스위블 휠 기반의 전 방향 이동 로봇의 개발 및 그 주행성능 시뮬레이션]
   └ 학회: 제어로봇시스템학회 (IF: 0.78)"
1272,2023,전기전자공학,114544,이순걸,2,0.0062,0.007914,"[경량화 차선이탈시간 기반의 차선 이탈 방지 알고리즘]
   └ 학회: 제어로봇시스템학회 (IF: 0.78)
--------------------------------
[듀얼 스위블 휠 기반의 전 방향 이동 로봇의 개발 및 그 주행성능 시뮬레이션]
   └ 학회: 제어로봇시스템학회 (IF: 0.78)"
1273,2023,전기전자공학,899358642,유동길,2,0.0062,0.007914,"[가우시안 프로세스 회귀와 OctoMap을 이용한 3차원 방사선 지도 제작]
   └ 학회: 제어로봇시스템학회 (IF: 0.78)
--------------------------------
[저조도 환경에서 Visual SLAM을 위한 이미지 개선 방법]
   └ 학회: 한국로봇학회(논문지) (IF: 0.4)"
1274,2023,전기전자공학,413098454,오정현,2,0.0062,0.007914,"[가우시안 프로세스 회귀와 OctoMap을 이용한 3차원 방사선 지도 제작]
   └ 학회: 제어로봇시스템학회 (IF: 0.78)
--------------------------------
[저조도 환경에서 Visual SLAM을 위한 이미지 개선 방법]
   └ 학회: 한국로봇학회(논문지) (IF: 0.4)"
1275,2023,전기전자공학,584574318,정지훈,1,0.0062,0.007914,"[가우시안 프로세스 회귀와 OctoMap을 이용한 3차원 방사선 지도 제작]
   └ 학회: 제어로봇시스템학회 (IF: 0.78)"
1276,2023,전기전자공학,359777712,황인준,1,0.0062,0.007914,"[듀얼 스위블 휠 기반의 전 방향 이동 로봇의 개발 및 그 주행성능 시뮬레이션]
   └ 학회: 제어로봇시스템학회 (IF: 0.78)"
1277,2023,전기전자공학,529961431,석효빈,1,0.0062,0.007914,"[센서 융합을 이용한 자율 이동 로봇(AMR)의 도킹제어 알고리즘]
   └ 학회: 제어로봇시스템학회 (IF: 0.78)"
1278,2023,전기전자공학,595870316,이현정,1,0.0062,0.007914,"[RFID를 이용한 이동로봇의 절대위치 및 이동 방향 인식 기술]
   └ 학회: 제어로봇시스템학회 (IF: 0.78)"
1279,2023,전기전자공학,353770985,이민철,1,0.0062,0.007914,"[RFID를 이용한 이동로봇의 절대위치 및 이동 방향 인식 기술]
   └ 학회: 제어로봇시스템학회 (IF: 0.78)"
1280,2023,전기전자공학,270709602,김문식,1,0.0062,0.007914,"[RFID를 이용한 이동로봇의 절대위치 및 이동 방향 인식 기술]
   └ 학회: 제어로봇시스템학회 (IF: 0.78)"
1281,2023,전기전자공학,549602078,장길웅,2,0.0061,0.011306,"[시분할 다중 접속 기반 무선 메쉬 네트워크에서 브로드캐스트 스케줄링 문제를 위한 타부서치 알고리즘]
   └ 학회: 한국정보통신학회 (IF: 0.54)
--------------------------------
[무선 센서 네트워크에서 k-커버리지와 m-연결성 보장 노드 배치를 위한 타부서치 알고리즘]
   └ 학회: 한국정보통신학회 (IF: 0.54)"
1282,2023,전기전자공학,736498372,허경용,2,0.0061,0.011306,"[다중 임계치 영상 분할을 통한 식물 생육 정도 자동 판별]
   └ 학회: 한국정보통신학회 (IF: 0.54)
--------------------------------
[마이크로컨트롤러 교육을 위한 학습 요소 및 학습 요소 기반 아두이노 호환 보드 설계]
   └ 학회: 한국정보통신학회 (IF: 0.54)"
1283,2023,전기전자공학,924735038,육종관,2,0.0061,0.015262999999999999,"[텐션막 구조물 드론 시험장의 전파환경 분석]
   └ 학회: 한국전자파학회 (IF: 0.4)
--------------------------------
[Interdigital Capacitor 기반의 공진기를 이용한 염화나트륨과 포도당 수용액의 농도 감지]
   └ 학회: 한국전자파학회 (IF: 0.4)"
1284,2023,전기전자공학,930852,김희진,1,0.0061,0.010175,"[단일 이미지에서 2차원 자세 특징점을 통한 3차원 자세 정보 추론 방안]
   └ 학회: 한국멀티미디어학회 (IF: 0.6)"
1285,2023,전기전자공학,338034471,정재훈,1,0.0061,0.010175,"[딥러닝을 활용한 콘텐츠 내 텍스트 폰트 저작권 검출 모델 연구]
   └ 학회: 한국멀티미디어학회 (IF: 0.6)"
1286,2023,전기전자공학,646009153,마민수,1,0.0061,0.010175,"[딥러닝을 활용한 콘텐츠 내 텍스트 폰트 저작권 검출 모델 연구]
   └ 학회: 한국멀티미디어학회 (IF: 0.6)"
1287,2023,전기전자공학,252935431,이오영,1,0.0061,0.010175,"[딥러닝을 활용한 콘텐츠 내 텍스트 폰트 저작권 검출 모델 연구]
   └ 학회: 한국멀티미디어학회 (IF: 0.6)"
1288,2023,전기전자공학,330618806,김신영,1,0.0061,0.010175,"[딥러닝을 활용한 콘텐츠 내 텍스트 폰트 저작권 검출 모델 연구]
   └ 학회: 한국멀티미디어학회 (IF: 0.6)"
1289,2023,전기전자공학,259949426,박기현,1,0.0061,0.010175,"[딥러닝을 활용한 콘텐츠 내 텍스트 폰트 저작권 검출 모델 연구]
   └ 학회: 한국멀티미디어학회 (IF: 0.6)"
1290,2023,전기전자공학,2281517,김진겸,1,0.0061,0.011306,"[과도 검출 기반의 적응적 오디오 워터마킹]
   └ 학회: 한국정보통신학회 (IF: 0.54)"
1291,2023,전기전자공학,724271174,박병서,1,0.0061,0.011306,"[과도 검출 기반의 적응적 오디오 워터마킹]
   └ 학회: 한국정보통신학회 (IF: 0.54)"
1292,2023,전기전자공학,782250872,김동욱,1,0.0061,0.011306,"[과도 검출 기반의 적응적 오디오 워터마킹]
   └ 학회: 한국정보통신학회 (IF: 0.54)"
1293,2023,전기전자공학,899440008,Jae-Kyung Lee,1,0.0061,0.011306,"[Implementation of a Sightseeing Multi-function Controller Using Neural Networks]
   └ 학회: 한국정보통신학회JICCE (IF: 0.54)"
1294,2023,전기전자공학,295478193,임재홍,1,0.0061,0.011306,"[Implementation of a Sightseeing Multi-function Controller Using Neural Networks]
   └ 학회: 한국정보통신학회JICCE (IF: 0.54)"
1295,2023,전기전자공학,918072558,남수태,1,0.0061,0.011304999999999999,"[Text Mining and Visualization of Time Series Data Utilizing Big Data]
   └ 학회: 한국정보통신학회 (IF: 0.54)"
1296,2023,전기전자공학,212467735,진찬용,1,0.0061,0.011304999999999999,"[Text Mining and Visualization of Time Series Data Utilizing Big Data]
   └ 학회: 한국정보통신학회 (IF: 0.54)"
1297,2023,전기전자공학,659310668,권준형,1,0.0061,0.012436,"[텍스트 인식률 개선을 위한 한글 텍스트 이미지 초해상화]
   └ 학회: 한국방송·미디어공학회 (IF: 0.49)"
1298,2023,전기전자공학,952102177,김상균,1,0.0061,0.012436,"[블록체인기술이 음악산업에 미치는 영향]
   └ 학회: 한국방송·미디어공학회 (IF: 0.49)"
1299,2023,전기전자공학,278918725,김영민,1,0.0061,0.012436,"[블록체인기술이 음악산업에 미치는 영향]
   └ 학회: 한국방송·미디어공학회 (IF: 0.49)"
1300,2023,전기전자공학,229071385,고병수,1,0.0061,0.012436,"[블록체인기술이 음악산업에 미치는 영향]
   └ 학회: 한국방송·미디어공학회 (IF: 0.49)"
1301,2023,전기전자공학,707545969,정현,1,0.0061,0.012436,"[블록체인기술이 음악산업에 미치는 영향]
   └ 학회: 한국방송·미디어공학회 (IF: 0.49)"
1302,2023,전기전자공학,438920684,김성건,1,0.0061,0.015262999999999999,"[텐션막 구조물 드론 시험장의 전파환경 분석]
   └ 학회: 한국전자파학회 (IF: 0.4)"
1303,2023,전기전자공학,716610501,박유한,1,0.0061,0.015263,"[5 GHz 비면허 대역에서의 첨단공항무선통신망(AeroMACS)과 무인항공기(UAV) 간의 공존 연구]
   └ 학회: 한국전자파학회 (IF: 0.4)"
1304,2023,전기전자공학,618223378,이일규,1,0.0061,0.015263,"[5 GHz 비면허 대역에서의 첨단공항무선통신망(AeroMACS)과 무인항공기(UAV) 간의 공존 연구]
   └ 학회: 한국전자파학회 (IF: 0.4)"
1305,2023,전기전자공학,462355807,박연규,1,0.0061,0.015263,"[5 GHz 비면허 대역에서의 첨단공항무선통신망(AeroMACS)과 무인항공기(UAV) 간의 공존 연구]
   └ 학회: 한국전자파학회 (IF: 0.4)"
1306,2023,전기전자공학,878541751,마울라나 비시르 아즈하리,1,0.0061,0.015263,"[쿼드콥터의 곡률 기반 3차원 경로 계획 알고리즘]
   └ 학회: 한국로봇학회(논문지) (IF: 0.4)"
1307,2023,전기전자공학,418287657,김재문,6,0.006,0.015263,"[무인운전시스템 차륜-레일 인터페이스 최적화 방안에 관한 고찰]
   └ 학회: 한국도시철도학회 (IF: 0.4)
--------------------------------
[고속철도차량 모터 블록 연산오류와 동력전달장치 고장과의 상관성 분석]
   └ 학회: 한국도시철도학회 (IF: 0.4)
--------------------------------
[도시철도차량 운영환경을 적용한 리튬배터리 SoC 고찰]
   └ 학회: 대한전기학회 (IF: 0.39)
--------------------------------
[고속철도차량 제어카드 회로 개선을 통한 트리포드 고장 검지 신뢰성 향상에 관한 연구]
   └ 학회: 대한전기학회 (IF: 0.39)
--------------------------------
[비상복구용 경량 전철주 개발 및 적용방안 연구]
   └ 학회: 대한전기학회 (IF: 0.39)
--------------------------------
[에너지저장시스템에서 부하변화에 따른 CMV 영향 분석]
   └ 학회: 대한전기학회 (IF: 0.39)"
1308,2023,전기전자공학,310000839,이재걸,4,0.006,0.015264,"[연구개발 성과의 탄소배출 저감 기여도 분석 방법론 개발]
   └ 학회: 대한전기학회 (IF: 0.39)
--------------------------------
[계절적 특성을 고려한 재생에너지 잉여전력 분석에 관한 연구]
   └ 학회: 대한전기학회 (IF: 0.39)
--------------------------------
[전력망의 재생에너지 수용능력 확대를 위한 풍력 발전 적정 비중과 증가 방안]
   └ 학회: 대한전기학회 (IF: 0.39)
--------------------------------
[중장기 재생에너지 잉여전력 전망 방법론 개발]
   └ 학회: 대한전기학회 (IF: 0.39)"
1309,2023,전기전자공학,696455491,정솔영,4,0.006,0.015264,"[연구개발 성과의 탄소배출 저감 기여도 분석 방법론 개발]
   └ 학회: 대한전기학회 (IF: 0.39)
--------------------------------
[계절적 특성을 고려한 재생에너지 잉여전력 분석에 관한 연구]
   └ 학회: 대한전기학회 (IF: 0.39)
--------------------------------
[전력망의 재생에너지 수용능력 확대를 위한 풍력 발전 적정 비중과 증가 방안]
   └ 학회: 대한전기학회 (IF: 0.39)
--------------------------------
[중장기 재생에너지 잉여전력 전망 방법론 개발]
   └ 학회: 대한전기학회 (IF: 0.39)"
1310,2023,전기전자공학,877034925,오효석,3,0.006,0.015263,"[도시철도차량 운영환경을 적용한 리튬배터리 SoC 고찰]
   └ 학회: 대한전기학회 (IF: 0.39)
--------------------------------
[고속철도차량 제어카드 회로 개선을 통한 트리포드 고장 검지 신뢰성 향상에 관한 연구]
   └ 학회: 대한전기학회 (IF: 0.39)
--------------------------------
[에너지저장시스템에서 부하변화에 따른 CMV 영향 분석]
   └ 학회: 대한전기학회 (IF: 0.39)"
1311,2023,전기전자공학,647267412,최용은,3,0.006,0.015263,"[도시철도차량 운영환경을 적용한 리튬배터리 SoC 고찰]
   └ 학회: 대한전기학회 (IF: 0.39)
--------------------------------
[고속철도차량 제어카드 회로 개선을 통한 트리포드 고장 검지 신뢰성 향상에 관한 연구]
   └ 학회: 대한전기학회 (IF: 0.39)
--------------------------------
[에너지저장시스템에서 부하변화에 따른 CMV 영향 분석]
   └ 학회: 대한전기학회 (IF: 0.39)"
1312,2023,전기전자공학,339726116,창상훈,3,0.006,0.015263,"[고속철도 전차선로 부품의 3D CAD 파일 제작 사례 분석]
   └ 학회: 대한전기학회 (IF: 0.39)
--------------------------------
[저전력 UV 카메라를 이용한 ESS 안전 모니터링의 새로운 접근]
   └ 학회: 대한전기학회 (IF: 0.39)
--------------------------------
[고속철도 전차선로시스템의 가공지선에 의한 낙뢰 차폐효과 분석]
   └ 학회: 대한전기학회 (IF: 0.39)"
1313,2023,전기전자공학,501462591,이민준,2,0.006,0.010741,"[실시간 탄도 궤적 목표물 추적을 위한 GPU 기반 병렬적 Monte Carlo 최적화 기법]
   └ 학회: 제어로봇시스템학회 (IF: 0.78)
--------------------------------
[동적 저궤도 위성 네트워크에서 온보드 강화학습 기반 라우팅을 위한 이종 프로세서 기반 추론 병렬화 기술]
   └ 학회: 한국정보기술학회 (IF: 0.56)"
1314,2023,전기전자공학,878708577,김윤호,2,0.006,0.015263,"[ESS의 사고유형별 안전성 평가에 관한 연구]
   └ 학회: 대한전기학회 (IF: 0.39)
--------------------------------
[수력 및 양수발전소의 디지털 조속기 제어기용 고장진단장치 구현 및 특성분석]
   └ 학회: 대한전기학회 (IF: 0.39)"
1315,2023,전기전자공학,674620327,김경화,2,0.006,0.015263,"[ESS의 사고유형별 안전성 평가에 관한 연구]
   └ 학회: 대한전기학회 (IF: 0.39)
--------------------------------
[수력 및 양수발전소의 디지털 조속기 제어기용 고장진단장치 구현 및 특성분석]
   └ 학회: 대한전기학회 (IF: 0.39)"
1316,2023,전기전자공학,888035327,신창훈,2,0.006,0.015263,"[과부하 배전선로의 운전용량 유지를 위한 에너지저장시스템의 최적 운전 스케줄링 및 실시간 보상 방법]
   └ 학회: 대한전기학회 (IF: 0.39)
--------------------------------
[하이브리드 회귀모델을 이용한 태양광발전이 통합된 배전선로의 순부하 예측 방법]
   └ 학회: 대한전기학회 (IF: 0.39)"
1317,2023,전기전자공학,295100847,이훈서,2,0.006,0.015263,"[고속철도 전차선로 부품의 3D CAD 파일 제작 사례 분석]
   └ 학회: 대한전기학회 (IF: 0.39)
--------------------------------
[저전력 UV 카메라를 이용한 ESS 안전 모니터링의 새로운 접근]
   └ 학회: 대한전기학회 (IF: 0.39)"
1318,2023,전기전자공학,662650365,김도형,1,0.006,0.010741,"[동적 저궤도 위성 네트워크에서 온보드 강화학습 기반 라우팅을 위한 이종 프로세서 기반 추론 병렬화 기술]
   └ 학회: 한국정보기술학회 (IF: 0.56)"
1319,2023,전기전자공학,761417237,우성웅,1,0.006,0.010741,"[지능형 로봇 개발을 위한 로봇 시뮬레이터 기술 동향: 리뷰]
   └ 학회: 한국지능시스템학회 (IF: 0.56)"
1320,2023,전기전자공학,864822110,김민지,1,0.006,0.010741,"[지능형 로봇 개발을 위한 로봇 시뮬레이터 기술 동향: 리뷰]
   └ 학회: 한국지능시스템학회 (IF: 0.56)"
1321,2023,전기전자공학,313455787,신승태,1,0.006,0.010741,"[지능형 로봇 개발을 위한 로봇 시뮬레이터 기술 동향: 리뷰]
   └ 학회: 한국지능시스템학회 (IF: 0.56)"
1322,2023,전기전자공학,722285867,허상렬,1,0.006,0.015263,"[수소 연계 계통에서의 계통 안정용 ESS 용량 산정법]
   └ 학회: 대한전기학회 (IF: 0.39)"
1323,2023,전기전자공학,108065179,한세경,1,0.006,0.015263,"[수소 연계 계통에서의 계통 안정용 ESS 용량 산정법]
   └ 학회: 대한전기학회 (IF: 0.39)"
1324,2023,전기전자공학,390826754,김기영,1,0.006,0.015263,"[전기저장장치의 배터리 기생커패시턴스 및 SOC에 따른 절연저항 변동 메커니즘 및 모델링에 관한 연구]
   └ 학회: 대한전기학회 (IF: 0.39)"
1325,2023,전기전자공학,407330389,한병길,1,0.006,0.015263,"[전기저장장치의 배터리 기생커패시턴스 및 SOC에 따른 절연저항 변동 메커니즘 및 모델링에 관한 연구]
   └ 학회: 대한전기학회 (IF: 0.39)"
1326,2023,전기전자공학,359383966,이세연,1,0.006,0.015263,"[전기저장장치의 배터리 기생커패시턴스 및 SOC에 따른 절연저항 변동 메커니즘 및 모델링에 관한 연구]
   └ 학회: 대한전기학회 (IF: 0.39)"
1327,2023,전기전자공학,5130264,임현성,1,0.006,0.015263,"[태양광 연계 에너지저장장치 내부 환경 특성 분석]
   └ 학회: 대한전기학회 (IF: 0.39)"
1328,2023,전기전자공학,609788760,최장군,1,0.006,0.015263,"[태양광 연계 에너지저장장치 내부 환경 특성 분석]
   └ 학회: 대한전기학회 (IF: 0.39)"
1329,2023,전기전자공학,138628354,이현철,1,0.006,0.015263,"[태양광 연계 에너지저장장치 내부 환경 특성 분석]
   └ 학회: 대한전기학회 (IF: 0.39)"
1330,2023,전기전자공학,928434860,진창완,1,0.006,0.015263,"[수요 반응 시장을 위한 재사용 배터리 기반 ESS의 용량 산정]
   └ 학회: 대한전기학회 (IF: 0.39)"
1331,2023,전기전자공학,707175161,김영호,1,0.006,0.015263,"[수요 반응 시장을 위한 재사용 배터리 기반 ESS의 용량 산정]
   └ 학회: 대한전기학회 (IF: 0.39)"
1332,2023,전기전자공학,252969783,최영준,1,0.006,0.015263,"[수요 반응 시장을 위한 재사용 배터리 기반 ESS의 용량 산정]
   └ 학회: 대한전기학회 (IF: 0.39)"
1333,2023,전기전자공학,578806754,설영훈,1,0.006,0.015263,"[PV, ESS가 연계된 전기차 충전시스템의 최적 운영 방안]
   └ 학회: 대한전기학회 (IF: 0.39)"
1334,2023,전기전자공학,378893380,이대한,1,0.006,0.015263,"[PV, ESS가 연계된 전기차 충전시스템의 최적 운영 방안]
   └ 학회: 대한전기학회 (IF: 0.39)"
1335,2023,전기전자공학,996599754,윤아윤,1,0.006,0.015263,"[PV, ESS가 연계된 전기차 충전시스템의 최적 운영 방안]
   └ 학회: 대한전기학회 (IF: 0.39)"
1336,2023,전기전자공학,377063021,이기덕,1,0.006,0.015263,"[UAM용 구동모터 특징 및 해외 개발 사례]
   └ 학회: 대한전기학회 (IF: 0.39)"
1337,2023,전기전자공학,445021979,전현우,1,0.006,0.015263,"[UAM용 구동모터 특징 및 해외 개발 사례]
   └ 학회: 대한전기학회 (IF: 0.39)"
1338,2023,전기전자공학,102889841,정재범,1,0.006,0.015263,"[중대형 배터리의 재사용을 위한 내부저항 평가에 관한 연구]
   └ 학회: 대한전기학회 (IF: 0.39)"
1339,2023,전기전자공학,726863366,임민규,1,0.006,0.015263,"[중대형 배터리의 재사용을 위한 내부저항 평가에 관한 연구]
   └ 학회: 대한전기학회 (IF: 0.39)"
1340,2023,전기전자공학,571489544,김남현,1,0.006,0.015263,"[중대형 배터리의 재사용을 위한 내부저항 평가에 관한 연구]
   └ 학회: 대한전기학회 (IF: 0.39)"
1341,2023,전기전자공학,341531498,김현재,1,0.006,0.015263,"[중대형 배터리의 재사용을 위한 내부저항 평가에 관한 연구]
   └ 학회: 대한전기학회 (IF: 0.39)"
1342,2023,전기전자공학,997198084,이예빈,1,0.006,0.015263,"[ESS의 사고유형별 안전성 평가에 관한 연구]
   └ 학회: 대한전기학회 (IF: 0.39)"
1343,2023,전기전자공학,915341672,강현일,1,0.006,0.015263,"[저전력 UV 카메라를 이용한 ESS 안전 모니터링의 새로운 접근]
   └ 학회: 대한전기학회 (IF: 0.39)"
1344,2023,전기전자공학,776360,장진영,1,0.006,0.015263,"[에너지저장시스템에서 부하변화에 따른 CMV 영향 분석]
   └ 학회: 대한전기학회 (IF: 0.39)"
1345,2023,전기전자공학,984543918,이상운,12,0.0058,0.011306,"[광고홍보활동 문제의 다항시간 알고리즘]
   └ 학회: 국제인공지능학회 (IF: 0.51)
--------------------------------
[최소 빈도수 문자 우선 선택 방법의 3-SAT 다항시간 알고리즘]
   └ 학회: 국제인공지능학회 (IF: 0.51)
--------------------------------
[일반화된 철학자 만찬 문제의 교착상태 예방 알고리즘]
   └ 학회: 국제인공지능학회 (IF: 0.51)
--------------------------------
[완전 피복 문제의 원소 수 기반 알고리즘]
   └ 학회: 국제인공지능학회 (IF: 0.51)
--------------------------------
[제품 포트폴리오 문제의 원가 이익률 알고리즘]
   └ 학회: 국제인공지능학회 (IF: 0.51)
--------------------------------
[자금흐름 일치 문제의 장기채권 우선 잔고 알고리즘]
   └ 학회: 국제인공지능학회 (IF: 0.51)
--------------------------------
[포함-배제 원리를 적용한 집합피복 문제의 경쟁 알고리즘]
   └ 학회: 국제인공지능학회 (IF: 0.51)
--------------------------------
[다국적기업 최대이익 세금트리 문제의 최대 세금경감 경로 알고리즘]
   └ 학회: 국제인공지능학회 (IF: 0.51)
--------------------------------
[일반화된 배정 문제의 k-opt 교환 최적화 알고리즘]
   └ 학회: 국제인공지능학회 (IF: 0.51)
--------------------------------
[배열을 이용한 이산대수의 사이클 검출]
   └ 학회: 국제인공지능학회 (IF: 0.51)
--------------------------------
[최대-최대 빈도수 k-SAT 알고리즘]
   └ 학회: 국제인공지능학회 (IF: 0.51)
--------------------------------
[이진수 곱셈 문제의 덧셈 최소화 자리이동-덧셈 알고리즘]
   └ 학회: 국제인공지능학회 (IF: 0.51)"
1346,2023,전기전자공학,778687608,강윤정,2,0.0058,0.011306,"[심층 웹 문서 자동 수집을 위한 크롤링 알고리즘 설계 및 실험]
   └ 학회: 한국정보통신학회 (IF: 0.54)
--------------------------------
[Numerical Ballistic Modeling in Game Engines]
   └ 학회: 국제인공지능학회 (IF: 0.51)"
1347,2023,전기전자공학,5161756,최지원,1,0.0058,0.00961,"[심전도 기반의 심장 질환 분류를 위한 신호 특징 추출 시스템 개발]
   └ 학회: 한국멀티미디어학회 (IF: 0.6)"
1348,2023,전기전자공학,781479085,권오윤,1,0.0058,0.00961,"[심전도 기반의 심장 질환 분류를 위한 신호 특징 추출 시스템 개발]
   └ 학회: 한국멀티미디어학회 (IF: 0.6)"
1349,2023,전기전자공학,236212846,권준환,1,0.0058,0.00961,"[심전도 기반의 심장 질환 분류를 위한 신호 특징 추출 시스템 개발]
   └ 학회: 한국멀티미디어학회 (IF: 0.6)"
1350,2023,전기전자공학,870980084,Yong-Gil Kim,1,0.0058,0.011306,"[A Study on Trend Impact Analysis Based of Adaptive Neuro-Fuzzy Inference System]
   └ 학회: 국제인공지능학회 (IF: 0.51)"
1351,2023,전기전자공학,965790413,Kang-Yeon Lee,1,0.0058,0.011306,"[A Study on Trend Impact Analysis Based of Adaptive Neuro-Fuzzy Inference System]
   └ 학회: 국제인공지능학회 (IF: 0.51)"
1352,2023,전기전자공학,764303659,고영보,1,0.0058,0.011306,"[Numerical Ballistic Modeling in Game Engines]
   └ 학회: 국제인공지능학회 (IF: 0.51)"
1353,2023,전기전자공학,438092990,금현창,1,0.0058,0.011304999999999999,"[Big Data Analysis on the Perception of Home Training According to the Implementation of COVID-19 Social Distancing]
   └ 학회: 국제인공지능학회 (IF: 0.51)"
1354,2023,전기전자공학,653741535,박성우,1,0.0058,0.011306,"[The study of the restaurant start-up chatbot system using big data]
   └ 학회: 국제인공지능학회 (IF: 0.51)"
1355,2023,전기전자공학,435286933,최윤희,1,0.0058,0.011306,"[Analyzing trends in cultural contents tourism using big data]
   └ 학회: 국제인공지능학회 (IF: 0.51)"
1356,2023,전기전자공학,903763340,이상학,1,0.0058,0.011306,"[Analyzing trends in cultural contents tourism using big data]
   └ 학회: 국제인공지능학회 (IF: 0.51)"
1357,2023,전기전자공학,829457206,류기환,1,0.0058,0.011306,"[Analyzing trends in cultural contents tourism using big data]
   └ 학회: 국제인공지능학회 (IF: 0.51)"
1358,2023,전기전자공학,809256545,정예희,1,0.0058,0.011306,"[빅데이터 기반 인공지능 교육프로그램 연구: 일반계 고등학교 사례를 중심으로]
   └ 학회: 국제인공지능학회 (IF: 0.51)"
1359,2023,전기전자공학,242889018,김형범,1,0.0058,0.011306,"[빅데이터 기반 인공지능 교육프로그램 연구: 일반계 고등학교 사례를 중심으로]
   └ 학회: 국제인공지능학회 (IF: 0.51)"
1360,2023,전기전자공학,371857777,박기락,1,0.0058,0.011306,"[빅데이터 기반 인공지능 교육프로그램 연구: 일반계 고등학교 사례를 중심으로]
   └ 학회: 국제인공지능학회 (IF: 0.51)"
1361,2023,전기전자공학,111812641,유상미,1,0.0058,0.011306,"[빅데이터 기반 인공지능 교육프로그램 연구: 일반계 고등학교 사례를 중심으로]
   └ 학회: 국제인공지능학회 (IF: 0.51)"
1362,2023,전기전자공학,207172197,조민석,1,0.0058,0.011306,"[시각장애인을 위한 일반의약품 복용 방법 제공 애플리케이션 연구]
   └ 학회: 국제인공지능학회 (IF: 0.51)"
1363,2023,전기전자공학,327016047,윤민기,1,0.0058,0.011306,"[시각장애인을 위한 일반의약품 복용 방법 제공 애플리케이션 연구]
   └ 학회: 국제인공지능학회 (IF: 0.51)"
1364,2023,전기전자공학,318679121,서민수,1,0.0058,0.011306,"[시각장애인을 위한 일반의약품 복용 방법 제공 애플리케이션 연구]
   └ 학회: 국제인공지능학회 (IF: 0.51)"
1365,2023,전기전자공학,616537310,황영훈,1,0.0058,0.011306,"[시각장애인을 위한 일반의약품 복용 방법 제공 애플리케이션 연구]
   └ 학회: 국제인공지능학회 (IF: 0.51)"
1366,2023,전기전자공학,226669937,전세원,1,0.0058,0.011306,"[소셜미디어 빅데이터를 활용한 게이미피케이션 적용 박물관 관람객 인식 비교 분석]
   └ 학회: 국제인공지능학회 (IF: 0.51)"
1367,2023,전기전자공학,299478999,안윤주,1,0.0058,0.011306,"[소셜미디어 빅데이터를 활용한 게이미피케이션 적용 박물관 관람객 인식 비교 분석]
   └ 학회: 국제인공지능학회 (IF: 0.51)"
1368,2023,전기전자공학,973800144,이창훈,3,0.0057,0.007349,"[특집호 서문: 광역 방어 기술]
   └ 학회: 제어로봇시스템학회 (IF: 0.78)
--------------------------------
[컨벡스 최적화 기반의 가변유동형 덕티드 로켓 유도탄의 중기궤적 최적화 연구]
   └ 학회: 제어로봇시스템학회 (IF: 0.78)
--------------------------------
[탄도탄 방어용 직격 요격미사일의 최적 형상설계를 위한 성능분석]
   └ 학회: 제어로봇시스템학회 (IF: 0.78)"
1369,2023,전기전자공학,550810736,김보석,1,0.0057,0.007349,"[컨벡스 최적화 기반의 가변유동형 덕티드 로켓 유도탄의 중기궤적 최적화 연구]
   └ 학회: 제어로봇시스템학회 (IF: 0.78)"
1370,2023,전기전자공학,935218834,정철구,1,0.0057,0.007349,"[컨벡스 최적화 기반의 가변유동형 덕티드 로켓 유도탄의 중기궤적 최적화 연구]
   └ 학회: 제어로봇시스템학회 (IF: 0.78)"
1371,2023,전기전자공학,734192001,이용건,1,0.0057,0.007349,"[컨벡스 최적화 기반의 가변유동형 덕티드 로켓 유도탄의 중기궤적 최적화 연구]
   └ 학회: 제어로봇시스템학회 (IF: 0.78)"
1372,2023,전기전자공학,950373407,성홍계,1,0.0057,0.007349,"[컨벡스 최적화 기반의 가변유동형 덕티드 로켓 유도탄의 중기궤적 최적화 연구]
   └ 학회: 제어로봇시스템학회 (IF: 0.78)"
1373,2023,전기전자공학,274101883,이란희,1,0.0057,0.010175,"[VR기반 회전익항공기 비행 전 점검 및 시동/정지 절차 훈련시스템 구축 방안 연구]
   └ 학회: 한국정보기술학회 (IF: 0.56)"
1374,2023,전기전자공학,455754847,배기태,1,0.0057,0.010175,"[VR기반 회전익항공기 비행 전 점검 및 시동/정지 절차 훈련시스템 구축 방안 연구]
   └ 학회: 한국정보기술학회 (IF: 0.56)"
1375,2023,전기전자공학,382250269,노동건,2,0.0055,0.010175,"[보안 DNS의 데이터를 이용한 동적 감염 클라이언트 격리 기법]
   └ 학회: 한국정보통신학회 (IF: 0.54)
--------------------------------
[사용자 몰입도를 높이기 위한 햅틱 디바이스 활용 가상 현실 트레이닝 콘텐츠의 구현]
   └ 학회: 한국정보통신학회 (IF: 0.54)"
1376,2023,전기전자공학,106966119,오암석,2,0.0055,0.010175,"[Design of an Automatic Summary System for Minutes Using Virtual Reality]
   └ 학회: 한국정보통신학회JICCE (IF: 0.54)
--------------------------------
[IoT 디바이스를 활용한 교통안전 시스템의 구현 및 실험]
   └ 학회: 한국정보통신학회 (IF: 0.54)"
1377,2023,전기전자공학,447406957,민연아,2,0.0055,0.010741,"[Blockchain based Learning Management Platform for Efficient Learning Authority Management]
   └ 학회: 국제인공지능학회 (IF: 0.51)
--------------------------------
[심층 강화학습 기반의 대학 전공과목 추천 시스템]
   └ 학회: 국제인공지능학회 (IF: 0.51)"
1378,2023,전기전자공학,987127712,이언진,1,0.0055,0.010175,"[Chlorin e6를 이용한 자궁경부암 세포의 광역학치료 효과 광학 분석]
   └ 학회: 한국정보통신학회 (IF: 0.54)"
1379,2023,전기전자공학,138176435,추한태,1,0.0055,0.010175,"[Chlorin e6를 이용한 자궁경부암 세포의 광역학치료 효과 광학 분석]
   └ 학회: 한국정보통신학회 (IF: 0.54)"
1380,2023,전기전자공학,705242513,김대준,1,0.0055,0.010175,"[사용자 몰입도를 높이기 위한 햅틱 디바이스 활용 가상 현실 트레이닝 콘텐츠의 구현]
   └ 학회: 한국정보통신학회 (IF: 0.54)"
1381,2023,전기전자공학,446724639,임동균,1,0.0055,0.010741,"[심층 강화학습 기반의 대학 전공과목 추천 시스템]
   └ 학회: 국제인공지능학회 (IF: 0.51)"
1382,2023,전기전자공학,769810099,손규식,1,0.0055,0.010741,"[MEC를 활용한 커넥티드 홈의 DRL 기반 태스크 오프로딩 기법]
   └ 학회: 국제인공지능학회 (IF: 0.51)"
1383,2023,전기전자공학,5428316,공지흔,6,0.0054,0.009044,"[디지털 인터랙티브 전시콘텐츠에 적용된 인터페이스 제작방식이 관람객 만족도에 미치는 영향에 관한 연구]
   └ 학회: 한국멀티미디어학회 (IF: 0.6)
--------------------------------
[인터랙티브 영화에 대한 관객의 참여의사에 미치는 요인에 관한 연구]
   └ 학회: 한국멀티미디어학회 (IF: 0.6)
--------------------------------
[인터랙티브 영화에 대한 관객체험이 관객만족도에 미치는 영향 연구]
   └ 학회: 한국멀티미디어학회 (IF: 0.6)
--------------------------------
[델파이 기법을 활용한 다이나믹 포스터의 디자인 인자 도출 연구]
   └ 학회: 한국멀티미디어학회 (IF: 0.6)
--------------------------------
[애니메이션 이모티콘이 사용자의 긍정적 감정 및 지속적 사용의도에 미치는 요인 연구]
   └ 학회: 한국멀티미디어학회 (IF: 0.6)
--------------------------------
[유치원 교육용 멀티미디어 시스템의 하드웨어 디자인 개선방안 연구]
   └ 학회: 한국멀티미디어학회 (IF: 0.6)"
1384,2023,전기전자공학,813071089,최호진,1,0.0054,0.009045,"[싱글포인트 라이다 기반 실내지도 생성시간 감소 기법]
   └ 학회: 한국멀티미디어학회 (IF: 0.6)"
1385,2023,전기전자공학,748153640,노부요시 코무로,1,0.0054,0.009045,"[싱글포인트 라이다 기반 실내지도 생성시간 감소 기법]
   └ 학회: 한국멀티미디어학회 (IF: 0.6)"
1386,2023,전기전자공학,802235600,김원석,1,0.0054,0.009045,"[싱글포인트 라이다 기반 실내지도 생성시간 감소 기법]
   └ 학회: 한국멀티미디어학회 (IF: 0.6)"
1387,2023,전기전자공학,596007860,김정수,1,0.0054,0.009045,"[실내 화재안전 관리를 위한 디지털 트윈 기술 수용의 결정요인에 대한 실증분석]
   └ 학회: 한국멀티미디어학회 (IF: 0.6)"
1388,2023,전기전자공학,629441801,Heesun Kim,2,0.0052,0.010176,"[Design and Implementation of Scent-Supported Educational Content using Arduino]
   └ 학회: 국제인공지능학회 (IF: 0.51)
--------------------------------
[A Case Study of Educational Content using Arduino based on Augmented Reality]
   └ 학회: 국제인공지능학회 (IF: 0.51)"
1389,2023,전기전자공학,491184559,이종복,2,0.0052,0.010176,"[파이프라인식 비순차실행 수퍼스칼라 프로세서의 FPGA 설계 및 구현]
   └ 학회: 국제인공지능학회 (IF: 0.51)
--------------------------------
[RISC-V 프로세서의 FPGA 구현 및 검증]
   └ 학회: 국제인공지능학회 (IF: 0.51)"
1390,2023,전기전자공학,976866075,심준수,1,0.0052,0.00961,"[PROFINET 기반 I/O 통합 실시간 Edge Gateway 개발]
   └ 학회: 한국정보통신학회 (IF: 0.54)"
1391,2023,전기전자공학,889708131,김성창,1,0.0052,0.00961,"[PROFINET 기반 I/O 통합 실시간 Edge Gateway 개발]
   └ 학회: 한국정보통신학회 (IF: 0.54)"
1392,2023,전기전자공학,711357620,김진호,1,0.0052,0.00961,"[PROFINET 기반 I/O 통합 실시간 Edge Gateway 개발]
   └ 학회: 한국정보통신학회 (IF: 0.54)"
1393,2023,전기전자공학,398365981,쿠린,1,0.0052,0.010175,"[Influence of Gender on VR Animation Viewing Experiences: from the Perspective of Comfortable Viewing Distance]
   └ 학회: 국제인공지능학회 (IF: 0.51)"
1394,2023,전기전자공학,213873131,이재만,1,0.0052,0.010175,"[Scoring and Data Regression of Quality of Beef Meat Images Using Image Processing]
   └ 학회: 국제인공지능학회 (IF: 0.51)"
1395,2023,전기전자공학,929214142,황병선,1,0.0052,0.010176,"[몰입형 대형 사이니지 콘텐츠를 위한 STAGCN 기반 인간 행동 인식 시스템]
   └ 학회: 국제인공지능학회 (IF: 0.51)"
1396,2023,전기전자공학,196954053,김진욱,1,0.0052,0.010176,"[몰입형 대형 사이니지 콘텐츠를 위한 STAGCN 기반 인간 행동 인식 시스템]
   └ 학회: 국제인공지능학회 (IF: 0.51)"
1397,2023,전기전자공학,131623576,선준호,1,0.0052,0.010176,"[몰입형 대형 사이니지 콘텐츠를 위한 STAGCN 기반 인간 행동 인식 시스템]
   └ 학회: 국제인공지능학회 (IF: 0.51)"
1398,2023,전기전자공학,303339943,유대곤,3,0.0051,0.009044,"[CLES-BERT: 에세이 점수 예측을 위한 대조학습 기반 BERT 모델]
   └ 학회: 한국정보기술학회 (IF: 0.56)
--------------------------------
[에세이 평가 자동화를 위한 대조 학습 기반 다중계층 BERT 모델 손실함수에 관한 연구]
   └ 학회: 한국정보기술학회 (IF: 0.56)
--------------------------------
[에세이 창의성 점수 예측 모델을 위한 학습데이터 구축 방안]
   └ 학회: 한국정보기술학회 (IF: 0.56)"
1399,2023,전기전자공학,182307773,한상우,3,0.0051,0.009044,"[CLES-BERT: 에세이 점수 예측을 위한 대조학습 기반 BERT 모델]
   └ 학회: 한국정보기술학회 (IF: 0.56)
--------------------------------
[에세이 평가 자동화를 위한 대조 학습 기반 다중계층 BERT 모델 손실함수에 관한 연구]
   └ 학회: 한국정보기술학회 (IF: 0.56)
--------------------------------
[에세이 창의성 점수 예측 모델을 위한 학습데이터 구축 방안]
   └ 학회: 한국정보기술학회 (IF: 0.56)"
1400,2023,전기전자공학,218142338,김장원,2,0.0051,0.009044,"[엣지 컴퓨팅 환경에서 영상 처리의 성능 향상을 위한 얼굴 인식 기반 영상 검색 시스템]
   └ 학회: 한국정보기술학회 (IF: 0.56)
--------------------------------
[개체 유형 정보를 활용한 다차원 지식 그래프 임베딩]
   └ 학회: 한국정보기술학회 (IF: 0.56)"
1401,2023,전기전자공학,668139233,최의민,2,0.0051,0.011306,"[태양광 시스템에서 불연속 전압 변조 방법 적용에 따른 단상 5-레벨 T-type NPC 인버터의 전력 반도체 소자의 전력손실 및 열 부하 분석]
   └ 학회: 전력전자학회 (IF: 0.45)
--------------------------------
[불연속 전압 변조 방법 적용 범위에 따른 태양광 NPC 인버터의 DC-link 커패시터 신뢰성 분석]
   └ 학회: 전력전자학회 (IF: 0.45)"
1402,2023,전기전자공학,798089788,노영단,1,0.0051,0.008479,"[DEVS를 활용한 공급망 내 정기 주문 정책 모델링 및 시뮬레이션]
   └ 학회: 한국멀티미디어학회 (IF: 0.6)"
1403,2023,전기전자공학,642209829,권보승,1,0.0051,0.008479,"[DEVS를 활용한 공급망 내 정기 주문 정책 모델링 및 시뮬레이션]
   └ 학회: 한국멀티미디어학회 (IF: 0.6)"
1404,2023,전기전자공학,174081797,정상원,1,0.0051,0.008479,"[DEVS를 활용한 공급망 내 정기 주문 정책 모델링 및 시뮬레이션]
   └ 학회: 한국멀티미디어학회 (IF: 0.6)"
1405,2023,전기전자공학,355056575,한영신,1,0.0051,0.008479,"[DEVS를 활용한 공급망 내 정기 주문 정책 모델링 및 시뮬레이션]
   └ 학회: 한국멀티미디어학회 (IF: 0.6)"
1406,2023,전기전자공학,955439167,최진수,1,0.0051,0.009044,"[엣지 컴퓨팅 환경에서 영상 처리의 성능 향상을 위한 얼굴 인식 기반 영상 검색 시스템]
   └ 학회: 한국정보기술학회 (IF: 0.56)"
1407,2023,전기전자공학,221971234,Jeong-in Kim,1,0.0051,0.009044,"[An efficient scheme on face recognitions by Eigenface analysis]
   └ 학회: 한국지능시스템학회 (IF: 0.56)"
1408,2023,전기전자공학,384732321,Otto Frederike,1,0.0051,0.009044,"[An efficient scheme on face recognitions by Eigenface analysis]
   └ 학회: 한국지능시스템학회 (IF: 0.56)"
1409,2023,전기전자공학,364973163,임완수,1,0.0051,0.009044,"[An efficient scheme on face recognitions by Eigenface analysis]
   └ 학회: 한국지능시스템학회 (IF: 0.56)"
1410,2023,전기전자공학,423002339,김병만,1,0.0051,0.009044,"[An efficient scheme on face recognitions by Eigenface analysis]
   └ 학회: 한국지능시스템학회 (IF: 0.56)"
1411,2023,전기전자공학,988702283,양연모,1,0.0051,0.009044,"[An efficient scheme on face recognitions by Eigenface analysis]
   └ 학회: 한국지능시스템학회 (IF: 0.56)"
1412,2023,전기전자공학,924863688,박기현,1,0.0051,0.009045,"[선박에서 사고 방지를 위한 속도관리 시스템 설계]
   └ 학회: 한국지능시스템학회 (IF: 0.56)"
1413,2023,전기전자공학,753482291,임지호,1,0.0051,0.011306,"[LLC형 무선전력전송장치의 기생공진을 억제하기 위한 LLC2C 공진보상회로에 관한 연구]
   └ 학회: 전력전자학회 (IF: 0.45)"
1414,2023,전기전자공학,883397939,김준석,1,0.0051,0.011306,"[LLC형 무선전력전송장치의 기생공진을 억제하기 위한 LLC2C 공진보상회로에 관한 연구]
   └ 학회: 전력전자학회 (IF: 0.45)"
1415,2023,전기전자공학,812872718,정혜수,1,0.005,0.010175,"[내용 기반의 정렬을 통한 HDR 동영상 생성 방법]
   └ 학회: 한국방송·미디어공학회 (IF: 0.49)"
1416,2023,전기전자공학,151404386,이승용,1,0.005,0.010175,"[Point Cloud의 시각화를 위한 Mesh Reconstruction]
   └ 학회: 한국방송·미디어공학회 (IF: 0.49)"
1417,2023,전기전자공학,621464068,최한웅,1,0.005,0.012436,"[W 대역 FMCW 레이다용 저잡음 증폭기 설계]
   └ 학회: 한국전자파학회 (IF: 0.4)"
1418,2023,전기전자공학,151715607,권대현,1,0.005,0.012436,"[수신 빔 그리드에 따른 다중경로 환경에서의 고각 추정 성능 분석]
   └ 학회: 한국전자파학회 (IF: 0.4)"
1419,2023,전기전자공학,657454306,김관성,1,0.005,0.012436,"[수신 빔 그리드에 따른 다중경로 환경에서의 고각 추정 성능 분석]
   └ 학회: 한국전자파학회 (IF: 0.4)"
1420,2023,전기전자공학,943757527,이범석,1,0.005,0.012436,"[수신 빔 그리드에 따른 다중경로 환경에서의 고각 추정 성능 분석]
   └ 학회: 한국전자파학회 (IF: 0.4)"
1421,2023,전기전자공학,230769659,조현중,1,0.005,0.012436,"[비디오 트랜스포머 연구 동향]
   └ 학회: 한국전자파학회 (IF: 0.4)"
1422,2023,전기전자공학,966564311,박대진,4,0.0049,0.009045,"[사용자 및 이기종 사물간의 상호작용을 효과적으로 시뮬레이션하기 위한 디지털 트윈기법]
   └ 학회: 한국정보통신학회 (IF: 0.54)
--------------------------------
[공통 시뮬레이션 스냅샷 복원을 위한 Tcl 기반 검증 코드를 이용하여 Verilog 시뮬레이션 시간 단축]
   └ 학회: 한국정보통신학회 (IF: 0.54)
--------------------------------
[임베디드 시스템 내장형 소프트웨어 오류에 의한 오동작 감지용 실시간 전류/전압-레벨 패턴모니터링 및 비교시스템]
   └ 학회: 한국정보통신학회 (IF: 0.54)
--------------------------------
[지능형 임베디드 장치를 위한 링크 레이어 추상화 기반 실시간 코드 재구성 플랫폼]
   └ 학회: 한국정보통신학회 (IF: 0.54)"
1423,2023,전기전자공학,488836695,이승훈,3,0.0049,0.006218,"[입력 포화를 고려한 모핑 쿼드로터의 T‒S 퍼지 모델 기반 강인 제어기 설계]
   └ 학회: 제어로봇시스템학회 (IF: 0.78)
--------------------------------
[가변형 드론 구조와 지능형 제어 기법에 대한 최신 연구 사례 분석]
   └ 학회: 제어로봇시스템학회 (IF: 0.78)
--------------------------------
[다수 자율 주행 차량의 선형 행렬 부등식 기반의 완화된 시간 지연 군집 제어기 설계]
   └ 학회: 제어로봇시스템학회 (IF: 0.78)"
1424,2023,전기전자공학,547241273,이개명,2,0.0049,0.012437,"[제주지역 자가소비 측면에서의 옥상 태양광 발전시스템 운영 결과 분석]
   └ 학회: 대한전기학회 (IF: 0.39)
--------------------------------
[카본프리를 지향하는 제주도의 전기자동차 충전부하 분석]
   └ 학회: 대한전기학회 (IF: 0.39)"
1425,2023,전기전자공학,517461644,강명진,1,0.0049,0.009045,"[사용자 및 이기종 사물간의 상호작용을 효과적으로 시뮬레이션하기 위한 디지털 트윈기법]
   └ 학회: 한국정보통신학회 (IF: 0.54)"
1426,2023,전기전자공학,138608090,김동우,3,0.0047,0.008479,"[저궤도위성통신 중심의 군 통합네트워크 운영개념과 운영효과도 분석]
   └ 학회: 한국멀티미디어학회 (IF: 0.6)
--------------------------------
[분산 클라우드 기반의 육군지휘통제체계 운영개념과 효과도 분석]
   └ 학회: 한국지능시스템학회 (IF: 0.56)
--------------------------------
[시뮬레이션을 이용한 저궤도위성통신 정보유통능력 분석]
   └ 학회: 한국지능시스템학회 (IF: 0.56)"
1427,2023,전기전자공학,336147317,김성신,3,0.0047,0.008479,"[휴대용 대기질 측정기의 실내외 분류에 관한 연구]
   └ 학회: 한국지능시스템학회 (IF: 0.56)
--------------------------------
[PCA와 Bi-LSTM을 이용한 유동층 보일러의 잔여수명 예측 방법]
   └ 학회: 한국지능시스템학회 (IF: 0.56)
--------------------------------
[효율적인 다중 모드 운영을 위한 Recursive AAKR 기반 모드 식별 방법에 관한 연구]
   └ 학회: 한국지능시스템학회 (IF: 0.56)"
1428,2023,전기전자공학,4615184,안재형,2,0.0047,0.008479,"[전파고도계 개발을 위한 평탄면의 산란계수 측정]
   └ 학회: 한국정보기술학회 (IF: 0.56)
--------------------------------
[소형 광대역 원편파 안테나의 시뮬레이션 기반 설계]
   └ 학회: 한국정보기술학회 (IF: 0.56)"
1429,2023,전기전자공학,260577825,장경월,2,0.0047,0.008479,"[이중반사경용 광대역 주름형 혼 안테나 설계]
   └ 학회: 한국정보기술학회 (IF: 0.56)
--------------------------------
[소형 광대역 원편파 안테나의 시뮬레이션 기반 설계]
   └ 학회: 한국정보기술학회 (IF: 0.56)"
1430,2023,전기전자공학,820102570,김선각,2,0.0047,0.008479,"[소형 광대역 원편파 안테나의 시뮬레이션 기반 설계]
   └ 학회: 한국정보기술학회 (IF: 0.56)
--------------------------------
[유선형 레이돔의 설계 및 구현]
   └ 학회: 한국정보기술학회 (IF: 0.56)"
1431,2023,전기전자공학,466683715,류충한,2,0.0047,0.008479,"[소형 광대역 원편파 안테나의 시뮬레이션 기반 설계]
   └ 학회: 한국정보기술학회 (IF: 0.56)
--------------------------------
[유선형 레이돔의 설계 및 구현]
   └ 학회: 한국정보기술학회 (IF: 0.56)"
1432,2023,전기전자공학,955029722,임원주,1,0.0047,0.008479,"[머지큐브를 이용한 사칙연산 교육 게임]
   └ 학회: 한국정보기술학회 (IF: 0.56)"
1433,2023,전기전자공학,175494204,황인태,1,0.0047,0.008479,"[머지큐브를 이용한 사칙연산 교육 게임]
   └ 학회: 한국정보기술학회 (IF: 0.56)"
1434,2023,전기전자공학,762900643,강창구,1,0.0047,0.008479,"[머지큐브를 이용한 사칙연산 교육 게임]
   └ 학회: 한국정보기술학회 (IF: 0.56)"
1435,2023,전기전자공학,473083742,임나영,1,0.0047,0.008479,"[지역 전통주 및 양조장 홍보를 위한 증강현실 콘텐츠 개발]
   └ 학회: 한국정보기술학회 (IF: 0.56)"
1436,2023,전기전자공학,848320739,우동현,1,0.0047,0.008479,"[지역 전통주 및 양조장 홍보를 위한 증강현실 콘텐츠 개발]
   └ 학회: 한국정보기술학회 (IF: 0.56)"
1437,2023,전기전자공학,956259030,오트건밧 델겔,1,0.0047,0.008479,"[소형 광대역 원편파 안테나의 시뮬레이션 기반 설계]
   └ 학회: 한국정보기술학회 (IF: 0.56)"
1438,2023,전기전자공학,553600510,박정용,1,0.0047,0.008479,"[소형 광대역 원편파 안테나의 시뮬레이션 기반 설계]
   └ 학회: 한국정보기술학회 (IF: 0.56)"
1439,2023,전기전자공학,425131242,안유진,1,0.0047,0.008479,"[소형 광대역 원편파 안테나의 시뮬레이션 기반 설계]
   └ 학회: 한국정보기술학회 (IF: 0.56)"
1440,2023,전기전자공학,892816481,최권택,1,0.0047,0.008479,"[생성형 인공지능을 이용한 질문 생성 기반 AI 어시스턴트 북]
   └ 학회: 한국정보기술학회 (IF: 0.56)"
1441,2023,전기전자공학,1537860,김진용,1,0.0047,0.008479,"[휴대용 대기질 측정기의 실내외 분류에 관한 연구]
   └ 학회: 한국지능시스템학회 (IF: 0.56)"
1442,2023,전기전자공학,668849271,김은경,1,0.0047,0.008479,"[휴대용 대기질 측정기의 실내외 분류에 관한 연구]
   └ 학회: 한국지능시스템학회 (IF: 0.56)"
1443,2023,전기전자공학,533533204,김백천,1,0.0047,0.008479,"[휴대용 대기질 측정기의 실내외 분류에 관한 연구]
   └ 학회: 한국지능시스템학회 (IF: 0.56)"
1444,2023,전기전자공학,763962432,이한우,1,0.0047,0.008479,"[시뮬레이션을 이용한 저궤도위성통신 정보유통능력 분석]
   └ 학회: 한국지능시스템학회 (IF: 0.56)"
1445,2023,전기전자공학,249607420,박건우,1,0.0047,0.008479,"[시뮬레이션을 이용한 저궤도위성통신 정보유통능력 분석]
   └ 학회: 한국지능시스템학회 (IF: 0.56)"
1446,2023,전기전자공학,180766772,김수환,1,0.0047,0.008479,"[시뮬레이션을 이용한 저궤도위성통신 정보유통능력 분석]
   └ 학회: 한국지능시스템학회 (IF: 0.56)"
1447,2023,전기전자공학,393709991,이유진,1,0.0047,0.008479,"[안전사고 분석을 위한 사전학습 언어모델 기반 개체명 인식 및 인과관계 추출]
   └ 학회: 한국지능시스템학회 (IF: 0.56)"
1448,2023,전기전자공학,348109221,박재현,1,0.0047,0.008479,"[안전사고 분석을 위한 사전학습 언어모델 기반 개체명 인식 및 인과관계 추출]
   └ 학회: 한국지능시스템학회 (IF: 0.56)"
1449,2023,전기전자공학,285696034,유순덕,3,0.0046,0.009045,"[Research on the evaluation model for the impact of AI services]
   └ 학회: 국제인공지능학회 (IF: 0.51)
--------------------------------
[인공지능 서비스 영향성 평가를 위한 분석 기준 연구]
   └ 학회: 국제인공지능학회 (IF: 0.51)
--------------------------------
[행정서비스 활용을 위한 디지털 트윈 정책 연구]
   └ 학회: 국제인공지능학회 (IF: 0.51)"
1450,2023,전기전자공학,308485772,정기숙,2,0.0046,0.009045,"[해양 정적 데이터 수집 및 DB 저장 알고리즘 구현]
   └ 학회: 국제인공지능학회 (IF: 0.51)
--------------------------------
[재난안전관리를 위한 디지털 트윈 데이터셋 구조 연구]
   └ 학회: 국제인공지능학회 (IF: 0.51)"
1451,2023,전기전자공학,870683871,정우석,2,0.0046,0.009045,"[해양 정적 데이터 수집 및 DB 저장 알고리즘 구현]
   └ 학회: 국제인공지능학회 (IF: 0.51)
--------------------------------
[재난안전관리를 위한 디지털 트윈 데이터셋 구조 연구]
   └ 학회: 국제인공지능학회 (IF: 0.51)"
1452,2023,전기전자공학,452749249,송길목,2,0.0046,0.011871,"[저압 개폐서지 특성 분석을 통한 저압기계기구 소손예방에 관한 연구]
   └ 학회: 대한전기학회 (IF: 0.39)
--------------------------------
[LiB 기반 에너지 저장 기술에 대한 사고 사례 분석과 안전기준 개발]
   └ 학회: 대한전기학회 (IF: 0.39)"
1453,2023,전기전자공학,4609698,이건주,1,0.0046,0.008479,"[DSM-5 우울장애 진단기준에 따른 공감성 데이터세트 레이블링과 분류기법]
   └ 학회: 한국정보통신학회 (IF: 0.54)"
1454,2023,전기전자공학,5319589,현철,1,0.0046,0.008479,"[미지 우주물체 초기 궤도 결정을 위한 연속 스트릭 이미지 획득 광학 관측 시스템 설계]
   └ 학회: 한국정보통신학회 (IF: 0.54)"
1455,2023,전기전자공학,531473833,김동건,1,0.0046,0.008479,"[미지 우주물체 초기 궤도 결정을 위한 연속 스트릭 이미지 획득 광학 관측 시스템 설계]
   └ 학회: 한국정보통신학회 (IF: 0.54)"
1456,2023,전기전자공학,496600145,이상욱,1,0.0046,0.008479,"[미지 우주물체 초기 궤도 결정을 위한 연속 스트릭 이미지 획득 광학 관측 시스템 설계]
   └ 학회: 한국정보통신학회 (IF: 0.54)"
1457,2023,전기전자공학,443238502,박승욱,1,0.0046,0.008479,"[미지 우주물체 초기 궤도 결정을 위한 연속 스트릭 이미지 획득 광학 관측 시스템 설계]
   └ 학회: 한국정보통신학회 (IF: 0.54)"
1458,2023,전기전자공학,770484844,옥진아,1,0.0046,0.009045,"[행정서비스 활용을 위한 디지털 트윈 정책 연구]
   └ 학회: 국제인공지능학회 (IF: 0.51)"
1459,2023,전기전자공학,895421611,정효진,1,0.0046,0.009045,"[행정서비스 활용을 위한 디지털 트윈 정책 연구]
   └ 학회: 국제인공지능학회 (IF: 0.51)"
1460,2023,전기전자공학,133499782,김지형,1,0.0046,0.009045,"[OPC UA를 활용한 이기종 로봇의 실시간 디지털 트윈 설계 및 구현]
   └ 학회: 국제인공지능학회 (IF: 0.51)"
1461,2023,전기전자공학,109394591,오창익,1,0.0046,0.009045,"[MDM 앱에 적용되는 위치 기반 통제 기능의 효율화 방법에 관한 연구]
   └ 학회: 국제인공지능학회 (IF: 0.51)"
1462,2023,전기전자공학,936656228,황수길,1,0.0046,0.009045,"[MDM 앱에 적용되는 위치 기반 통제 기능의 효율화 방법에 관한 연구]
   └ 학회: 국제인공지능학회 (IF: 0.51)"
1463,2023,전기전자공학,837490134,손현,1,0.0046,0.009045,"[MDM 앱에 적용되는 위치 기반 통제 기능의 효율화 방법에 관한 연구]
   └ 학회: 국제인공지능학회 (IF: 0.51)"
1464,2023,전기전자공학,629924630,김지연,1,0.0046,0.011871,"[LiB 기반 에너지 저장 기술에 대한 사고 사례 분석과 안전기준 개발]
   └ 학회: 대한전기학회 (IF: 0.39)"
1465,2023,전기전자공학,838103420,최상재,1,0.0046,0.011871,"[LiB 기반 에너지 저장 기술에 대한 사고 사례 분석과 안전기준 개발]
   └ 학회: 대한전기학회 (IF: 0.39)"
1466,2023,전기전자공학,562324252,김재현,1,0.0046,0.011871,"[LiB 기반 에너지 저장 기술에 대한 사고 사례 분석과 안전기준 개발]
   └ 학회: 대한전기학회 (IF: 0.39)"
1467,2023,전기전자공학,869957683,이건호,1,0.0046,0.011871,"[LiB 기반 에너지 저장 기술에 대한 사고 사례 분석과 안전기준 개발]
   └ 학회: 대한전기학회 (IF: 0.39)"
1468,2023,전기전자공학,428736600,정진수,1,0.0046,0.011871,"[LiB 기반 에너지 저장 기술에 대한 사고 사례 분석과 안전기준 개발]
   └ 학회: 대한전기학회 (IF: 0.39)"
1469,2023,전기전자공학,680579783,양영구,5,0.0045,0.011306,"[전압체배기 구조를 이용한 5.8 ㎓ GaN HEMT F급 정류기]
   └ 학회: 한국전자파학회 (IF: 0.4)
--------------------------------
[2차 고조파가 저감된 Class E/F₃ 전력증폭기 기반 무선전력전송 시스템]
   └ 학회: 한국전자파학회 (IF: 0.4)
--------------------------------
[Design of a Load Modulated Balanced Amplifier with a Two-Stage Control Power Amplifier]
   └ 학회: 한국전자파학회JEES (IF: 0.4)
--------------------------------
[Ku 대역 위성통신용 5 W GaN MMIC 전력증폭기]
   └ 학회: 한국전자파학회 (IF: 0.4)
--------------------------------
[Out-Phased Current Combining 방식과 Complex Combining Load 방식을 이용한 3.7∼4.0 GHz 대역 GaN-HEMT Doherty 전력증폭기]
   └ 학회: 한국전자파학회 (IF: 0.4)"
1470,2023,전기전자공학,805519227,서철헌,3,0.0045,0.011306,"[무선전력전송 및 에너지 하베스팅을 위한 고조파 억제 기반의 고효율 및 소형화 정류기 설계]
   └ 학회: 한국전자파학회 (IF: 0.4)
--------------------------------
[비선형 레이다용 CRLH 전송선로 필터를 이용한 광대역 저잡음증폭기 설계]
   └ 학회: 한국전자파학회 (IF: 0.4)
--------------------------------
[비선형 레이다용 CRLH 전송선로 필터를 이용한 광대역 저잡음증폭기 설계]
   └ 학회: 한국전자파학회 (IF: 0.4)"
1471,2023,전기전자공학,539735833,이윤정,2,0.0045,0.011306,"[2차 고조파가 저감된 Class E/F₃ 전력증폭기 기반 무선전력전송 시스템]
   └ 학회: 한국전자파학회 (IF: 0.4)
--------------------------------
[Out-Phased Current Combining 방식과 Complex Combining Load 방식을 이용한 3.7∼4.0 GHz 대역 GaN-HEMT Doherty 전력증폭기]
   └ 학회: 한국전자파학회 (IF: 0.4)"
1472,2023,전기전자공학,575031056,남형석,2,0.0045,0.011306,"[무선전력전송 및 에너지 하베스팅을 위한 고조파 억제 기반의 고효율 및 소형화 정류기 설계]
   └ 학회: 한국전자파학회 (IF: 0.4)
--------------------------------
[비선형 레이다용 CRLH 전송선로 필터를 이용한 광대역 저잡음증폭기 설계]
   └ 학회: 한국전자파학회 (IF: 0.4)"
1473,2023,전기전자공학,592618464,남선우,1,0.0045,0.011306,"[2차 고조파가 저감된 Class E/F₃ 전력증폭기 기반 무선전력전송 시스템]
   └ 학회: 한국전자파학회 (IF: 0.4)"
1474,2023,전기전자공학,681191267,오한식,1,0.0045,0.011306,"[2차 고조파가 저감된 Class E/F₃ 전력증폭기 기반 무선전력전송 시스템]
   └ 학회: 한국전자파학회 (IF: 0.4)"
1475,2023,전기전자공학,314119105,배순철,1,0.0045,0.011306,"[2차 고조파가 저감된 Class E/F₃ 전력증폭기 기반 무선전력전송 시스템]
   └ 학회: 한국전자파학회 (IF: 0.4)"
1476,2023,전기전자공학,252459920,빈수현,1,0.0045,0.011306,"[2차 고조파가 저감된 Class E/F₃ 전력증폭기 기반 무선전력전송 시스템]
   └ 학회: 한국전자파학회 (IF: 0.4)"
1477,2023,전기전자공학,556321601,Zhiyi Li,1,0.0045,0.011306,"[An I-Shaped Slot Grid Antenna Array with Substrate Integration and Enhanced Bandwidth]
   └ 학회: 한국전자파학회JEES (IF: 0.4)"
1478,2023,전기전자공학,404658077,Shengjie Wang,1,0.0045,0.011306,"[An I-Shaped Slot Grid Antenna Array with Substrate Integration and Enhanced Bandwidth]
   └ 학회: 한국전자파학회JEES (IF: 0.4)"
1479,2023,전기전자공학,201663455,Fan Li,1,0.0045,0.011306,"[An I-Shaped Slot Grid Antenna Array with Substrate Integration and Enhanced Bandwidth]
   └ 학회: 한국전자파학회JEES (IF: 0.4)"
1480,2023,전기전자공학,508845402,Lin Lin,1,0.0045,0.011306,"[An I-Shaped Slot Grid Antenna Array with Substrate Integration and Enhanced Bandwidth]
   └ 학회: 한국전자파학회JEES (IF: 0.4)"
1481,2023,전기전자공학,816520519,Hongzheng Zeng,1,0.0045,0.011306,"[An I-Shaped Slot Grid Antenna Array with Substrate Integration and Enhanced Bandwidth]
   └ 학회: 한국전자파학회JEES (IF: 0.4)"
1482,2023,전기전자공학,376106465,김준형,1,0.0045,0.011306,"[2.45-GHz 무선전력송신을 위한 렉테나 구현]
   └ 학회: 한국전자파학회 (IF: 0.4)"
1483,2023,전기전자공학,618151636,최유진,1,0.0045,0.011306,"[무선전력전송 및 에너지 하베스팅을 위한 고조파 억제 기반의 고효율 및 소형화 정류기 설계]
   └ 학회: 한국전자파학회 (IF: 0.4)"
1484,2023,전기전자공학,698798225,기아 탕 부이,1,0.0045,0.011306,"[무선전력전송 및 에너지 하베스팅을 위한 고조파 억제 기반의 고효율 및 소형화 정류기 설계]
   └ 학회: 한국전자파학회 (IF: 0.4)"
1485,2023,전기전자공학,865621690,최기명,1,0.0045,0.011306,"[보행 모의 실험을 위한 발목 없는 하지 외골격 로봇의 지면 접촉 모델 최적화]
   └ 학회: 한국로봇학회(논문지) (IF: 0.4)"
1486,2023,전기전자공학,553148759,김상형,1,0.0045,0.011306,"[보행 모의 실험을 위한 발목 없는 하지 외골격 로봇의 지면 접촉 모델 최적화]
   └ 학회: 한국로봇학회(논문지) (IF: 0.4)"
1487,2023,전기전자공학,618169197,조창현,1,0.0045,0.011306,"[보행 모의 실험을 위한 발목 없는 하지 외골격 로봇의 지면 접촉 모델 최적화]
   └ 학회: 한국로봇학회(논문지) (IF: 0.4)"
1488,2023,전기전자공학,226589532,박구만,3,0.0044,0.009045,"[2D to 3D 창의적 생성을 위한 탐색적 실험 분석]
   └ 학회: 한국방송·미디어공학회 (IF: 0.49)
--------------------------------
[딥러닝 기반 시설재배 생산량 예측 연구]
   └ 학회: 한국방송·미디어공학회 (IF: 0.49)
--------------------------------
[디지털 트윈 기술을 이용한 스마트팜 프레임워크 시각화 기술 개발에 관한 연구]
   └ 학회: 한국방송·미디어공학회 (IF: 0.49)"
1489,2023,전기전자공학,394742587,김태형,3,0.0044,0.011306,"[트랙션용 다자유도 구형 전동기의 구동을 위한 간접 벡터 제어 연구]
   └ 학회: 대한전기학회 (IF: 0.39)
--------------------------------
[다자유도 구형 트랙션 전동기의 틸팅 안정성 향상을 위한 구조에 관한 연구]
   └ 학회: 대한전기학회 (IF: 0.39)
--------------------------------
[트랙션용 다자유도 구형 전동기의 동작 안정성 향상을 위한 제어 기법 연구]
   └ 학회: 대한전기학회 (IF: 0.39)"
1490,2023,전기전자공학,865138448,조영래,2,0.0044,0.007914,"[온톨로지 기반의 이기종 네트워크를 이용한 질병-유전자 상관관계 예측]
   └ 학회: 한국정보기술학회 (IF: 0.56)
--------------------------------
[3차원 데이터의 의미적 분할을 위한 가중치가 부여된 희소 컨볼루션 네트워크 모델]
   └ 학회: 한국정보기술학회 (IF: 0.56)"
1491,2023,전기전자공학,483360624,강동우,2,0.0044,0.011306,"[트랙션용 다자유도 구형 전동기의 구동을 위한 간접 벡터 제어 연구]
   └ 학회: 대한전기학회 (IF: 0.39)
--------------------------------
[다자유도 구형 트랙션 전동기의 틸팅 안정성 향상을 위한 구조에 관한 연구]
   └ 학회: 대한전기학회 (IF: 0.39)"
1492,2023,전기전자공학,207018827,손영건,2,0.0044,0.011306,"[Clean Hydrogen Portfolio Standard 기반 Virtual Clean Hydrogen Plant 플랫폼 설계 및 운영 전략]
   └ 학회: 대한전기학회 (IF: 0.39)
--------------------------------
[재생에너지 수용률 향상 및 계통 안정화를 위한 P2G 연계형 경제급전 계획법]
   └ 학회: 대한전기학회 (IF: 0.39)"
1493,2023,전기전자공학,264077458,김현우,2,0.0044,0.011306,"[영구자석 형태에 따른 소형 풍력발전기의 코깅 토크 개선에 관한 연구]
   └ 학회: 대한전기학회 (IF: 0.39)
--------------------------------
[매입형 영구자석 동기전동기의 속응성 향상을 위한 비특이 터미널 슬라이딩 모드 속도 제어와 벡터제어에 관한 연구]
   └ 학회: 대한전기학회 (IF: 0.39)"
1494,2023,전기전자공학,485879314,김영민,1,0.0044,0.005653,"[확률 비용 맵을 이용한 수확 로봇의 경로 계획 알고리즘]
   └ 학회: 제어로봇시스템학회 (IF: 0.78)"
1495,2023,전기전자공학,810877878,홍아영,1,0.0044,0.005653,"[확률 비용 맵을 이용한 수확 로봇의 경로 계획 알고리즘]
   └ 학회: 제어로봇시스템학회 (IF: 0.78)"
1496,2023,전기전자공학,825654170,이정욱,1,0.0044,0.005653,"[군집 로봇의 충돌 회피를 고려한 순차적 경로계획]
   └ 학회: 제어로봇시스템학회 (IF: 0.78)"
1497,2023,전기전자공학,608065613,이범진,1,0.0044,0.005653,"[팟홀 검출을 통한 안전하고 지능적인 개인 이동체에 대한 연구]
   └ 학회: 제어로봇시스템학회 (IF: 0.78)"
1498,2023,전기전자공학,994233218,성현기,1,0.0044,0.005653,"[비정형 환경의 모바일 로봇을 위한 보조 도착점 기반 계층적 경로계획 프레임워크]
   └ 학회: 제어로봇시스템학회 (IF: 0.78)"
1499,2023,전기전자공학,937062878,문성우,1,0.0044,0.005653,"[비정형 환경의 모바일 로봇을 위한 보조 도착점 기반 계층적 경로계획 프레임워크]
   └ 학회: 제어로봇시스템학회 (IF: 0.78)"
1500,2023,전기전자공학,621396617,김우열,1,0.0044,0.005653,"[비정형 환경의 모바일 로봇을 위한 보조 도착점 기반 계층적 경로계획 프레임워크]
   └ 학회: 제어로봇시스템학회 (IF: 0.78)"
1501,2023,전기전자공학,604809653,이택규,1,0.0044,0.005653,"[비정형 환경의 모바일 로봇을 위한 보조 도착점 기반 계층적 경로계획 프레임워크]
   └ 학회: 제어로봇시스템학회 (IF: 0.78)"
1502,2023,전기전자공학,785653317,김준선,1,0.0044,0.005653,"[채프운 레이다 반사 단면적의 실시간 예측을 위한 벡터 복사 전달 적용]
   └ 학회: 제어로봇시스템학회 (IF: 0.78)"
1503,2023,전기전자공학,757279365,서동욱,1,0.0044,0.005653,"[채프운 레이다 반사 단면적의 실시간 예측을 위한 벡터 복사 전달 적용]
   └ 학회: 제어로봇시스템학회 (IF: 0.78)"
1504,2023,전기전자공학,5114018,김민창,1,0.0044,0.005653,"[도심 기류를 고려한 A* 알고리즘 기반 UAM 비행경로계획 기법]
   └ 학회: 제어로봇시스템학회 (IF: 0.78)"
1505,2023,전기전자공학,459450112,Giancarlo Eder Guerra Padilla,1,0.0044,0.005653,"[도심 기류를 고려한 A* 알고리즘 기반 UAM 비행경로계획 기법]
   └ 학회: 제어로봇시스템학회 (IF: 0.78)"
1506,2023,전기전자공학,139481384,유기호,1,0.0044,0.005653,"[도심 기류를 고려한 A* 알고리즘 기반 UAM 비행경로계획 기법]
   └ 학회: 제어로봇시스템학회 (IF: 0.78)"
1507,2023,전기전자공학,843756260,송성호,1,0.0044,0.005653,"[노이즈 제거 보조 학습을 적용한 트랜스포머 기반의 3차원 개체 분할]
   └ 학회: 제어로봇시스템학회 (IF: 0.78)"
1508,2023,전기전자공학,376024932,이기환,1,0.0044,0.007914,"[TFT 모델 및 진동 신호 분해 기반 모터 구동 설비의 상태 모니터링 및 이상 탐지]
   └ 학회: 한국정보기술학회 (IF: 0.56)"
1509,2023,전기전자공학,776986632,이주언,1,0.0044,0.007914,"[TFT 모델 및 진동 신호 분해 기반 모터 구동 설비의 상태 모니터링 및 이상 탐지]
   └ 학회: 한국정보기술학회 (IF: 0.56)"
1510,2023,전기전자공학,411305058,서재용,1,0.0044,0.007914,"[TFT 모델 및 진동 신호 분해 기반 모터 구동 설비의 상태 모니터링 및 이상 탐지]
   └ 학회: 한국정보기술학회 (IF: 0.56)"
1511,2023,전기전자공학,420750673,김태형,1,0.0044,0.007914,"[TFT 모델 및 진동 신호 분해 기반 모터 구동 설비의 상태 모니터링 및 이상 탐지]
   └ 학회: 한국정보기술학회 (IF: 0.56)"
1512,2023,전기전자공학,5191916,안정수,1,0.0044,0.007914,"[3차원 데이터의 의미적 분할을 위한 가중치가 부여된 희소 컨볼루션 네트워크 모델]
   └ 학회: 한국정보기술학회 (IF: 0.56)"
1513,2023,전기전자공학,688528423,김원준,1,0.0044,0.007914,"[비전기반 작업자 추종 모바일 로봇시스템]
   └ 학회: 한국지능시스템학회 (IF: 0.56)"
1514,2023,전기전자공학,851742977,안수용,1,0.0044,0.007914,"[비전기반 작업자 추종 모바일 로봇시스템]
   └ 학회: 한국지능시스템학회 (IF: 0.56)"
1515,2023,전기전자공학,819731578,Herlawati Herlawati,1,0.0044,0.007914,"[Improving DeepLabV3<SUB>+</SUB> Using Normalized Satellite Indices in Land-Cover Segmentation]
   └ 학회: 한국지능시스템학회 (IF: 0.56)"
1516,2023,전기전자공학,841784585,Edi Abdurachman,1,0.0044,0.007914,"[Improving DeepLabV3<SUB>+</SUB> Using Normalized Satellite Indices in Land-Cover Segmentation]
   └ 학회: 한국지능시스템학회 (IF: 0.56)"
1517,2023,전기전자공학,210331473,Yaya Heryadi,1,0.0044,0.007914,"[Improving DeepLabV3<SUB>+</SUB> Using Normalized Satellite Indices in Land-Cover Segmentation]
   └ 학회: 한국지능시스템학회 (IF: 0.56)"
1518,2023,전기전자공학,375996424,Haryono Soeparno,1,0.0044,0.007914,"[Improving DeepLabV3<SUB>+</SUB> Using Normalized Satellite Indices in Land-Cover Segmentation]
   └ 학회: 한국지능시스템학회 (IF: 0.56)"
1519,2023,전기전자공학,997338461,김정호,1,0.0044,0.009045,"[3D 얼굴 외형 디지타이징 시스템 최적화를 위한 디지털 트윈 파이프라인 연구]
   └ 학회: 한국방송·미디어공학회 (IF: 0.49)"
1520,2023,전기전자공학,320881524,유태경,1,0.0044,0.009045,"[3D 얼굴 외형 디지타이징 시스템 최적화를 위한 디지털 트윈 파이프라인 연구]
   └ 학회: 한국방송·미디어공학회 (IF: 0.49)"
1521,2023,전기전자공학,608618533,장준영,1,0.0044,0.009045,"[디지털 트윈 기술을 이용한 스마트팜 프레임워크 시각화 기술 개발에 관한 연구]
   └ 학회: 한국방송·미디어공학회 (IF: 0.49)"
1522,2023,전기전자공학,801559294,강준호,1,0.0044,0.011306,"[영구자석 형태에 따른 소형 풍력발전기의 코깅 토크 개선에 관한 연구]
   └ 학회: 대한전기학회 (IF: 0.39)"
1523,2023,전기전자공학,353685209,김정원,1,0.0044,0.011306,"[영구자석 형태에 따른 소형 풍력발전기의 코깅 토크 개선에 관한 연구]
   └ 학회: 대한전기학회 (IF: 0.39)"
1524,2023,전기전자공학,952653437,윤인열,1,0.0044,0.011306,"[영구자석 형태에 따른 소형 풍력발전기의 코깅 토크 개선에 관한 연구]
   └ 학회: 대한전기학회 (IF: 0.39)"
1525,2023,전기전자공학,540849054,안정호,1,0.0044,0.011306,"[영구자석 형태에 따른 소형 풍력발전기의 코깅 토크 개선에 관한 연구]
   └ 학회: 대한전기학회 (IF: 0.39)"
1526,2023,전기전자공학,984246670,원성홍,1,0.0044,0.011306,"[영구자석 형태에 따른 소형 풍력발전기의 코깅 토크 개선에 관한 연구]
   └ 학회: 대한전기학회 (IF: 0.39)"
1527,2023,전기전자공학,941795634,이주,1,0.0044,0.011306,"[영구자석 형태에 따른 소형 풍력발전기의 코깅 토크 개선에 관한 연구]
   └ 학회: 대한전기학회 (IF: 0.39)"
1528,2023,전기전자공학,704648437,SangYule Choi,1,0.0044,0.011306,"[The Development of Weather Based Intelligent Demand Controller]
   └ 학회: 대한전기학회 (IF: 0.39)"
1529,2023,전기전자공학,530285345,이승현,3,0.0043,0.008479,"[Implementation of Public Address System Using Anchor Technology]
   └ 학회: 국제인공지능학회 (IF: 0.51)
--------------------------------
[Comparison Gait Analysis of Normal and Amputee: Filtering Graph Data Based on Joint Angle]
   └ 학회: 국제인공지능학회 (IF: 0.51)
--------------------------------
[Performance Evaluation of ARCore Anchors According to Camera Tracking]
   └ 학회: 국제인공지능학회 (IF: 0.51)"
1530,2023,전기전자공학,754729873,So Young Moon,2,0.0043,0.008479,"[Best Practice on Inspecting the Abnormal State of Bridge (Engineering works) Establishment with Augmented Reality (AR) Mechanism]
   └ 학회: 국제인공지능학회 (IF: 0.51)
--------------------------------
[Cost Estimation and Validation based on Natural Language Requirement Specifications]
   └ 학회: 국제인공지능학회 (IF: 0.51)"
1531,2023,전기전자공학,605503891,이현수,2,0.0043,0.008479,"[캐릭터 웹드라마 클리셰 분석을 통한 스토리 추천 개발]
   └ 학회: 국제인공지능학회 (IF: 0.51)
--------------------------------
[캐릭터 웹드라마 요약 분석을 통한 간접광고 제품 추천 시스템 개발]
   └ 학회: 국제인공지능학회 (IF: 0.51)"
1532,2023,전기전자공학,411577251,황주효,1,0.0043,0.007914,"[단순한 합성데이터 생성 방식을 활용한 gMLP 기반 자기 지도 학습 이상탐지 기법]
   └ 학회: 한국정보통신학회 (IF: 0.54)"
1533,2023,전기전자공학,628608510,Yong-Jin Lee,1,0.0043,0.008479,"[On the Data Features for Neighbor Path Selection in Computer Network with Regional Failure]
   └ 학회: 국제인공지능학회 (IF: 0.51)"
1534,2023,전기전자공학,672519472,Janghwan Kim,1,0.0043,0.008479,"[Best Practice on Inspecting the Abnormal State of Bridge (Engineering works) Establishment with Augmented Reality (AR) Mechanism]
   └ 학회: 국제인공지능학회 (IF: 0.51)"
1535,2023,전기전자공학,812456945,R. Young Chul Kim,1,0.0043,0.008479,"[Best Practice on Inspecting the Abnormal State of Bridge (Engineering works) Establishment with Augmented Reality (AR) Mechanism]
   └ 학회: 국제인공지능학회 (IF: 0.51)"
1536,2023,전기전자공학,671736999,이종훈,1,0.0043,0.008479,"[Applied Practices on the Application of VR/AR/MR Technologies to LVC Training Systems]
   └ 학회: 국제인공지능학회 (IF: 0.51)"
1537,2023,전기전자공학,432694460,박헌근,1,0.0043,0.008479,"[Applied Practices on the Application of VR/AR/MR Technologies to LVC Training Systems]
   └ 학회: 국제인공지능학회 (IF: 0.51)"
1538,2023,전기전자공학,469720779,이신협,1,0.0043,0.008479,"[Performance Evaluation of ARCore Anchors According to Camera Tracking]
   └ 학회: 국제인공지능학회 (IF: 0.51)"
1539,2023,전기전자공학,105602435,황이환,1,0.0043,0.008479,"[Performance Evaluation of ARCore Anchors According to Camera Tracking]
   └ 학회: 국제인공지능학회 (IF: 0.51)"
1540,2023,전기전자공학,593949062,김태욱,1,0.0043,0.008479,"[Performance Evaluation of ARCore Anchors According to Camera Tracking]
   └ 학회: 국제인공지능학회 (IF: 0.51)"
1541,2023,전기전자공학,866518081,권기은,1,0.0043,0.008479,"[초등 6학년을 위한 교육용 AR 과학실험 애플리케이션 설계]
   └ 학회: 국제인공지능학회 (IF: 0.51)"
1542,2023,전기전자공학,466150283,김도희,1,0.0043,0.008479,"[초등 6학년을 위한 교육용 AR 과학실험 애플리케이션 설계]
   └ 학회: 국제인공지능학회 (IF: 0.51)"
1543,2023,전기전자공학,630199192,박경민,1,0.0043,0.008479,"[초등 6학년을 위한 교육용 AR 과학실험 애플리케이션 설계]
   └ 학회: 국제인공지능학회 (IF: 0.51)"
1544,2023,전기전자공학,248868886,전도연,1,0.0043,0.008479,"[초등 6학년을 위한 교육용 AR 과학실험 애플리케이션 설계]
   └ 학회: 국제인공지능학회 (IF: 0.51)"
1545,2023,전기전자공학,572369646,지홍구,1,0.0043,0.010741,"[5G FR2 밴드 기지국용 GaN 평형 전력증폭기 MMIC]
   └ 학회: 한국전자파학회 (IF: 0.4)"
1546,2023,전기전자공학,170087963,정준형,1,0.0043,0.010741,"[5G FR2 밴드 기지국용 GaN 평형 전력증폭기 MMIC]
   └ 학회: 한국전자파학회 (IF: 0.4)"
1547,2023,전기전자공학,761688425,강동민,1,0.0043,0.010741,"[5G FR2 밴드 기지국용 GaN 평형 전력증폭기 MMIC]
   └ 학회: 한국전자파학회 (IF: 0.4)"
1548,2023,전기전자공학,832603042,신종섭,1,0.0042,0.008479,"[KBS IP 제작 워크플로우 UHD 멀티 부조정실 구축]
   └ 학회: 한국방송·미디어공학회 (IF: 0.49)"
1549,2023,전기전자공학,195110016,이창은,2,0.0041,0.010175,"[군 로봇의 장소 분류 정확도 향상을 위한 적외선 이미지 데이터 결합 학습 방법 연구]
   └ 학회: 한국로봇학회(논문지) (IF: 0.4)
--------------------------------
[트랜스포머 기반 MUM-T 상황인식 기술: 에이전트 상태 예측]
   └ 학회: 한국로봇학회(논문지) (IF: 0.4)"
1550,2023,전기전자공학,468760912,하호진,1,0.0041,0.007349,"[스케일러블 비디오 전송을 위한 딥러닝 기반 비트율 및 화질 예측 모델]
   └ 학회: 한국정보기술학회 (IF: 0.56)"
1551,2023,전기전자공학,955545200,최동규,1,0.0041,0.010175,"[군 로봇의 장소 분류 정확도 향상을 위한 적외선 이미지 데이터 결합 학습 방법 연구]
   └ 학회: 한국로봇학회(논문지) (IF: 0.4)"
1552,2023,전기전자공학,642676293,도승원,1,0.0041,0.010175,"[군 로봇의 장소 분류 정확도 향상을 위한 적외선 이미지 데이터 결합 학습 방법 연구]
   └ 학회: 한국로봇학회(논문지) (IF: 0.4)"
1553,2023,전기전자공학,424512974,김인수,5,0.004,0.010175,"[주거용 열과 전기에너지 공급을 위한 마이크로터빈, 태양광및 풍력발전의 최적 조합에 관한 연구]
   └ 학회: 대한전기학회 (IF: 0.39)
--------------------------------
[세계 HVDC 추세와 대한민국 HVDC 현황에 대한 고찰]
   └ 학회: 대한전기학회 (IF: 0.39)
--------------------------------
[태양광 시스템의 침투 및 스위칭에 따른 임계 주파수 제한 시간 결정 및 과도상태 영향 분석]
   └ 학회: 대한전기학회 (IF: 0.39)
--------------------------------
[초고압 직류 송전 시스템이 있는 전력계통의 고장과 비고장 외란 구분: 소규모 데이터 기반 분류 접근법]
   └ 학회: 대한전기학회 (IF: 0.39)
--------------------------------
[인천공항의 154 kV 전력시스템 모델링과 역송 전력 방지대책에 대한 고찰]
   └ 학회: 대한전기학회 (IF: 0.39)"
1554,2023,전기전자공학,841311517,류한춘,3,0.004,0.007914,"[저손실 마이크로스트립-도파관 inline 전이구조 설계]
   └ 학회: 국제인공지능학회 (IF: 0.51)
--------------------------------
[밀리미터파 추적레이더 송·수신 구성품의 적용성 검증을 위한 신호획득장치 개발]
   └ 학회: 국제인공지능학회 (IF: 0.51)
--------------------------------
[W밴드 radial 전력 결합기용 TE10-TEM 모드 변환기 설계]
   └ 학회: 국제인공지능학회 (IF: 0.51)"
1555,2023,전기전자공학,729024554,이재우,2,0.004,0.007349,"[CVE 동향을 반영한 3-Step 보안 취약점 위험도 스코어링]
   └ 학회: 한국정보통신학회 (IF: 0.54)
--------------------------------
[FedSnM: P2P 네트워크에서 효율적인 통신을 위한 Score-and-Model 방식을 활용한 연합학습]
   └ 학회: 한국정보통신학회 (IF: 0.54)"
1556,2023,전기전자공학,556427485,장지연,2,0.004,0.010175,"[태양광 시스템의 침투 및 스위칭에 따른 임계 주파수 제한 시간 결정 및 과도상태 영향 분석]
   └ 학회: 대한전기학회 (IF: 0.39)
--------------------------------
[초고압 직류 송전 시스템이 있는 전력계통의 고장과 비고장 외란 구분: 소규모 데이터 기반 분류 접근법]
   └ 학회: 대한전기학회 (IF: 0.39)"
1557,2023,전기전자공학,103384199,이종민,2,0.004,0.010176,"[전력망의 재생에너지 수용능력 확대를 위한 풍력 발전 적정 비중과 증가 방안]
   └ 학회: 대한전기학회 (IF: 0.39)
--------------------------------
[중장기 재생에너지 잉여전력 전망 방법론 개발]
   └ 학회: 대한전기학회 (IF: 0.39)"
1558,2023,전기전자공학,666180553,Wen Fan Fu,1,0.004,0.005088,"[TCP/IP 통신을 이용한 원거리 힘 피드백 시스템 제어]
   └ 학회: 제어로봇시스템학회 (IF: 0.78)"
1559,2023,전기전자공학,469827711,이언주,1,0.004,0.005088,"[TCP/IP 통신을 이용한 원거리 힘 피드백 시스템 제어]
   └ 학회: 제어로봇시스템학회 (IF: 0.78)"
1560,2023,전기전자공학,985134763,최재원,1,0.004,0.005088,"[TCP/IP 통신을 이용한 원거리 힘 피드백 시스템 제어]
   └ 학회: 제어로봇시스템학회 (IF: 0.78)"
1561,2023,전기전자공학,629017799,신장환,1,0.004,0.005088,"[순환형-하다마드 코드로 직교 변조된 위성항법 보강 신호의 FFT 기반 심볼 복조 기법]
   └ 학회: 제어로봇시스템학회 (IF: 0.78)"
1562,2023,전기전자공학,688356174,안재민,1,0.004,0.005088,"[순환형-하다마드 코드로 직교 변조된 위성항법 보강 신호의 FFT 기반 심볼 복조 기법]
   └ 학회: 제어로봇시스템학회 (IF: 0.78)"
1563,2023,전기전자공학,908840312,박성환,1,0.004,0.007349,"[FedSnM: P2P 네트워크에서 효율적인 통신을 위한 Score-and-Model 방식을 활용한 연합학습]
   └ 학회: 한국정보통신학회 (IF: 0.54)"
1564,2023,전기전자공학,599912697,송재영,1,0.004,0.007349,"[무선 통신 시간을 고려한 연방 학습의 성능 분석]
   └ 학회: 한국정보통신학회 (IF: 0.54)"
1565,2023,전기전자공학,511187233,Changkyu Lee,1,0.004,0.007349,"[Design of Model-based VCU Software for Driving Performance Optimization of Electric Vehicle]
   └ 학회: 한국정보통신학회JICCE (IF: 0.54)"
1566,2023,전기전자공학,757736606,Youngho Koo,1,0.004,0.007349,"[Design of Model-based VCU Software for Driving Performance Optimization of Electric Vehicle]
   └ 학회: 한국정보통신학회JICCE (IF: 0.54)"
1567,2023,전기전자공학,302450192,Kwangnam Park,1,0.004,0.007349,"[Design of Model-based VCU Software for Driving Performance Optimization of Electric Vehicle]
   └ 학회: 한국정보통신학회JICCE (IF: 0.54)"
1568,2023,전기전자공학,571696283,오남진,1,0.004,0.007914,"[Single-balanced Direct Conversion Quadrature Receiver with Self-oscillating LMV]
   └ 학회: 국제인공지능학회 (IF: 0.51)"
1569,2023,전기전자공학,606060569,이동주,1,0.004,0.007914,"[Ka-대역 CMOS 2채널 이미지 제거 수신기]
   └ 학회: 국제인공지능학회 (IF: 0.51)"
1570,2023,전기전자공학,173722390,안세환,1,0.004,0.007914,"[Ka-대역 CMOS 2채널 이미지 제거 수신기]
   └ 학회: 국제인공지능학회 (IF: 0.51)"
1571,2023,전기전자공학,886616721,권준범,1,0.004,0.007914,"[Ka-대역 CMOS 2채널 이미지 제거 수신기]
   └ 학회: 국제인공지능학회 (IF: 0.51)"
1572,2023,전기전자공학,290892639,김영훈,1,0.004,0.007914,"[Ka-대역 CMOS 2채널 이미지 제거 수신기]
   └ 학회: 국제인공지능학회 (IF: 0.51)"
1573,2023,전기전자공학,333264405,이상훈,1,0.004,0.007914,"[Ka-대역 CMOS 2채널 이미지 제거 수신기]
   └ 학회: 국제인공지능학회 (IF: 0.51)"
1574,2023,전기전자공학,183134494,기현철,1,0.004,0.007914,"[두 개의 수신안테나를 이용한 저가 레이더용 안테나 제작]
   └ 학회: 국제인공지능학회 (IF: 0.51)"
1575,2023,전기전자공학,581141842,최진규,1,0.004,0.007914,"[밀리미터파 추적레이더 송·수신 구성품의 적용성 검증을 위한 신호획득장치 개발]
   └ 학회: 국제인공지능학회 (IF: 0.51)"
1576,2023,전기전자공학,432787522,신영철,1,0.004,0.007914,"[밀리미터파 추적레이더 송·수신 구성품의 적용성 검증을 위한 신호획득장치 개발]
   └ 학회: 국제인공지능학회 (IF: 0.51)"
1577,2023,전기전자공학,675849209,홍순일,1,0.004,0.007914,"[밀리미터파 추적레이더 송·수신 구성품의 적용성 검증을 위한 신호획득장치 개발]
   └ 학회: 국제인공지능학회 (IF: 0.51)"
1578,2023,전기전자공학,926027889,우소연,1,0.0039,0.007914,"[ATLAS V2.0 데이터에서 의료영상 분할 모델 성능 비교]
   └ 학회: 한국방송·미디어공학회 (IF: 0.49)"
1579,2023,전기전자공학,153990622,구영현,1,0.0039,0.007914,"[ATLAS V2.0 데이터에서 의료영상 분할 모델 성능 비교]
   └ 학회: 한국방송·미디어공학회 (IF: 0.49)"
1580,2023,전기전자공학,411389674,유성준,1,0.0039,0.007914,"[ATLAS V2.0 데이터에서 의료영상 분할 모델 성능 비교]
   └ 학회: 한국방송·미디어공학회 (IF: 0.49)"
1581,2023,전기전자공학,901488756,김병성,4,0.0038,0.00961,"[28-nm CMOS 공정을 이용한 고속 첩 신호 합성기 설계]
   └ 학회: 한국전자파학회 (IF: 0.4)
--------------------------------
[8체배기를 내장한 Ka 밴드 레이다 수신기]
   └ 학회: 한국전자파학회 (IF: 0.4)
--------------------------------
[5G 빔포밍 시스템을 위한 광대역 버틀러 매트릭스 소형화 설계]
   └ 학회: 한국전자파학회 (IF: 0.4)
--------------------------------
[수신 8채널 송신 1채널 79 GHz Sparse Array FMCW 레이다 시스템]
   └ 학회: 한국전자파학회 (IF: 0.4)"
1582,2023,전기전자공학,326633639,이병희,3,0.0038,0.006783,"[위성통신 국가R&D과제 지식 분석과 기술 마이닝]
   └ 학회: 한국정보기술학회 (IF: 0.56)
--------------------------------
[수소연료전지의 국가R&D과제와 소셜 데이터의 기술마이닝과 감성분석]
   └ 학회: 한국정보기술학회 (IF: 0.56)
--------------------------------
[국가R&D정보서비스 적용을 위한 ChatGPT 뉴스기사의 PEST 분야별 이슈 탐색]
   └ 학회: 한국정보기술학회 (IF: 0.56)"
1583,2023,전기전자공학,681145273,나혜인,1,0.0038,0.006783,"[국가R&D정보서비스 적용을 위한 ChatGPT 뉴스기사의 PEST 분야별 이슈 탐색]
   └ 학회: 한국정보기술학회 (IF: 0.56)"
1584,2023,전기전자공학,721213846,정진영,1,0.0038,0.00961,"[5G 빔포밍 시스템을 위한 광대역 버틀러 매트릭스 소형화 설계]
   └ 학회: 한국전자파학회 (IF: 0.4)"
1585,2023,전기전자공학,445144356,이종훈,3,0.0037,0.00961,"[복합에너지 허브 내외부 고장에 따른 전력계통 안정도 영향에 관한 연구]
   └ 학회: 대한전기학회 (IF: 0.39)
--------------------------------
[수도권 열제약 발전의 전력계통 안정도에 대한 영향 검토]
   └ 학회: 대한전기학회 (IF: 0.39)
--------------------------------
[동적 부하모델 전력계통 주파수 및 관성 영향에 관한 연구]
   └ 학회: 대한전기학회 (IF: 0.39)"
1586,2023,전기전자공학,313203531,손다빈,3,0.0037,0.00961,"[복합에너지 허브 내외부 고장에 따른 전력계통 안정도 영향에 관한 연구]
   └ 학회: 대한전기학회 (IF: 0.39)
--------------------------------
[수도권 열제약 발전의 전력계통 안정도에 대한 영향 검토]
   └ 학회: 대한전기학회 (IF: 0.39)
--------------------------------
[동적 부하모델 전력계통 주파수 및 관성 영향에 관한 연구]
   └ 학회: 대한전기학회 (IF: 0.39)"
1587,2023,전기전자공학,639715364,한상욱,3,0.0037,0.00961,"[복합에너지 허브 내외부 고장에 따른 전력계통 안정도 영향에 관한 연구]
   └ 학회: 대한전기학회 (IF: 0.39)
--------------------------------
[수도권 열제약 발전의 전력계통 안정도에 대한 영향 검토]
   └ 학회: 대한전기학회 (IF: 0.39)
--------------------------------
[동적 부하모델 전력계통 주파수 및 관성 영향에 관한 연구]
   └ 학회: 대한전기학회 (IF: 0.39)"
1588,2023,전기전자공학,1886445,이기림,1,0.0037,0.006218,"[드론으로 제작된 정사영상의 기하보정을 위한 특징점 추출기법 비교]
   └ 학회: 한국멀티미디어학회 (IF: 0.6)"
1589,2023,전기전자공학,854982435,Dae Sung Seo,1,0.0037,0.007349,"[EV Spreads and Semiconductor Convergence Study according to Price Inflection Points]
   └ 학회: 국제인공지능학회 (IF: 0.51)"
1590,2023,전기전자공학,803006525,홍준기,1,0.0037,0.007349,"[전기자동차 충전소 수요 예측 데이터 전처리 기법 및 서비스 운영 아키텍처]
   └ 학회: 국제인공지능학회 (IF: 0.51)"
1591,2023,전기전자공학,371800590,김순태,1,0.0037,0.007349,"[전기자동차 충전소 수요 예측 데이터 전처리 기법 및 서비스 운영 아키텍처]
   └ 학회: 국제인공지능학회 (IF: 0.51)"
1592,2023,전기전자공학,158912749,김정아,1,0.0037,0.007349,"[전기자동차 충전소 수요 예측 데이터 전처리 기법 및 서비스 운영 아키텍처]
   └ 학회: 국제인공지능학회 (IF: 0.51)"
1593,2023,전기전자공학,412447127,전광우,3,0.0036,0.009045,"[자율주행과 안전 기능을 지니는 퍼스널 모빌리티 스쿠터 개발]
   └ 학회: 제어로봇시스템학회 (IF: 0.78)
--------------------------------
[로봇팔을 지닌 물류용 자율주행 전기차 플랫폼 개발]
   └ 학회: 한국로봇학회(논문지) (IF: 0.4)
--------------------------------
[어깨 근력보조를 위한 엑소수트 설계]
   └ 학회: 한국로봇학회(논문지) (IF: 0.4)"
1594,2023,전기전자공학,2127534,문현철,2,0.0036,0.007349,"[MPEG Compression of Neural Network (NNC) 국제표준 기술 동향]
   └ 학회: 한국방송·미디어공학회 (IF: 0.49)
--------------------------------
[대조 학습 기반 자가증류를 이용한 단일 영상 초해상화 모델 경량화 기법]
   └ 학회: 한국방송·미디어공학회 (IF: 0.49)"
1595,2023,전기전자공학,500574329,정진우,2,0.0036,0.007349,"[MPEG Compression of Neural Network (NNC) 국제표준 기술 동향]
   └ 학회: 한국방송·미디어공학회 (IF: 0.49)
--------------------------------
[대조 학습 기반 자가증류를 이용한 단일 영상 초해상화 모델 경량화 기법]
   └ 학회: 한국방송·미디어공학회 (IF: 0.49)"
1596,2023,전기전자공학,565687318,김성제,2,0.0036,0.007349,"[MPEG Compression of Neural Network (NNC) 국제표준 기술 동향]
   └ 학회: 한국방송·미디어공학회 (IF: 0.49)
--------------------------------
[대조 학습 기반 자가증류를 이용한 단일 영상 초해상화 모델 경량화 기법]
   └ 학회: 한국방송·미디어공학회 (IF: 0.49)"
1597,2023,전기전자공학,4218354,김봉상,2,0.0036,0.009045,"[차동 구동형 로봇의 비정형 환경 주행 경로 추종 성능 향상을 위한 Pure pursuit와 속도 계획의 융합 알고리즘]
   └ 학회: 한국로봇학회(논문지) (IF: 0.4)
--------------------------------
[후륜 독립 구동 인 휠 모터의 능동적 조향각 생성을 통한 2WS/2WD In-Wheel 플랫폼의 최소회전 반경 감소]
   └ 학회: 한국로봇학회(논문지) (IF: 0.4)"
1598,2023,전기전자공학,5412049,이성희,2,0.0036,0.009045,"[차동 구동형 로봇의 비정형 환경 주행 경로 추종 성능 향상을 위한 Pure pursuit와 속도 계획의 융합 알고리즘]
   └ 학회: 한국로봇학회(논문지) (IF: 0.4)
--------------------------------
[후륜 독립 구동 인 휠 모터의 능동적 조향각 생성을 통한 2WS/2WD In-Wheel 플랫폼의 최소회전 반경 감소]
   └ 학회: 한국로봇학회(논문지) (IF: 0.4)"
1599,2023,전기전자공학,589654457,길현재,1,0.0036,0.009045,"[비정형 환경 내 지도 작성과 자율주행을 위한 GNSS-라이다-관성 상태 추정 시스템]
   └ 학회: 한국로봇학회(논문지) (IF: 0.4)"
1600,2023,전기전자공학,718464134,이동재,1,0.0036,0.009045,"[비정형 환경 내 지도 작성과 자율주행을 위한 GNSS-라이다-관성 상태 추정 시스템]
   └ 학회: 한국로봇학회(논문지) (IF: 0.4)"
1601,2023,전기전자공학,360399558,송관형,1,0.0036,0.009045,"[비정형 환경 내 지도 작성과 자율주행을 위한 GNSS-라이다-관성 상태 추정 시스템]
   └ 학회: 한국로봇학회(논문지) (IF: 0.4)"
1602,2023,전기전자공학,439635824,안승욱,1,0.0036,0.009045,"[비정형 환경 내 지도 작성과 자율주행을 위한 GNSS-라이다-관성 상태 추정 시스템]
   └ 학회: 한국로봇학회(논문지) (IF: 0.4)"
1603,2023,전기전자공학,267325781,박성호,1,0.0036,0.009045,"[로봇팔을 지닌 물류용 자율주행 전기차 플랫폼 개발]
   └ 학회: 한국로봇학회(논문지) (IF: 0.4)"
1604,2023,전기전자공학,114091733,신현석,1,0.0036,0.009045,"[로봇팔을 지닌 물류용 자율주행 전기차 플랫폼 개발]
   └ 학회: 한국로봇학회(논문지) (IF: 0.4)"
1605,2023,전기전자공학,580398779,최윤용,1,0.0036,0.009045,"[로봇팔을 지닌 물류용 자율주행 전기차 플랫폼 개발]
   └ 학회: 한국로봇학회(논문지) (IF: 0.4)"
1606,2023,전기전자공학,874410575,양우성,1,0.0036,0.009045,"[자율 주행에서 단일 센서 성능 향상을 위한 FMCW 스캐닝 레이더 노이즈 제거]
   └ 학회: 한국로봇학회(논문지) (IF: 0.4)"
1607,2023,전기전자공학,652079498,전명환,1,0.0036,0.009045,"[자율 주행에서 단일 센서 성능 향상을 위한 FMCW 스캐닝 레이더 노이즈 제거]
   └ 학회: 한국로봇학회(논문지) (IF: 0.4)"
1608,2023,전기전자공학,289207471,황대규,1,0.0036,0.009045,"[후륜 독립 구동 인 휠 모터의 능동적 조향각 생성을 통한 2WS/2WD In-Wheel 플랫폼의 최소회전 반경 감소]
   └ 학회: 한국로봇학회(논문지) (IF: 0.4)"
1609,2023,전기전자공학,5332484,박하은,2,0.0035,0.004522,"[ToF 거리 센서로 주행 모드 전환 인터랙션이 가능한 실내용 스마트 모빌리티 앙고(AngGo) 개발]
   └ 학회: 제어로봇시스템학회 (IF: 0.78)
--------------------------------
[The Implementation and Analysis of Facial Expression Customization for a Social Robot]
   └ 학회: 한국로봇학회(논문지) (IF: 0.4)"
1610,2023,전기전자공학,508780692,이지연,2,0.0035,0.004522,"[ToF 거리 센서로 주행 모드 전환 인터랙션이 가능한 실내용 스마트 모빌리티 앙고(AngGo) 개발]
   └ 학회: 제어로봇시스템학회 (IF: 0.78)
--------------------------------
[The Implementation and Analysis of Facial Expression Customization for a Social Robot]
   └ 학회: 한국로봇학회(논문지) (IF: 0.4)"
1611,2023,전기전자공학,3470415,김병헌,2,0.0035,0.004522,"[ToF 거리 센서로 주행 모드 전환 인터랙션이 가능한 실내용 스마트 모빌리티 앙고(AngGo) 개발]
   └ 학회: 제어로봇시스템학회 (IF: 0.78)
--------------------------------
[The Implementation and Analysis of Facial Expression Customization for a Social Robot]
   └ 학회: 한국로봇학회(논문지) (IF: 0.4)"
1612,2023,전기전자공학,1522516,이희승,2,0.0035,0.004522,"[ToF 거리 센서로 주행 모드 전환 인터랙션이 가능한 실내용 스마트 모빌리티 앙고(AngGo) 개발]
   └ 학회: 제어로봇시스템학회 (IF: 0.78)
--------------------------------
[The Implementation and Analysis of Facial Expression Customization for a Social Robot]
   └ 학회: 한국로봇학회(논문지) (IF: 0.4)"
1613,2023,전기전자공학,455792501,김아현,2,0.0035,0.006218,"[시각장애인을 위한 RF센서 기반 실내 안내 로봇 개발]
   └ 학회: 한국지능시스템학회 (IF: 0.56)
--------------------------------
[드론을 이용한 임항도로 균열 및 포트홀 모니터링 시스템 개발]
   └ 학회: 한국지능시스템학회 (IF: 0.56)"
1614,2023,전기전자공학,630186375,오종택,2,0.0035,0.006783,"[WiFi fingerprint에서 데이터의 사전 처리 기술 연구]
   └ 학회: 국제인공지능학회 (IF: 0.51)
--------------------------------
[이동 카메라를 이용한 사진 해상도 향상 기술 연구]
   └ 학회: 국제인공지능학회 (IF: 0.51)"
1615,2023,전기전자공학,631131,윤승호,1,0.0035,0.004522,"[ToF 거리 센서로 주행 모드 전환 인터랙션이 가능한 실내용 스마트 모빌리티 앙고(AngGo) 개발]
   └ 학회: 제어로봇시스템학회 (IF: 0.78)"
1616,2023,전기전자공학,408670035,박수영,1,0.0035,0.004522,"[ToF 거리 센서로 주행 모드 전환 인터랙션이 가능한 실내용 스마트 모빌리티 앙고(AngGo) 개발]
   └ 학회: 제어로봇시스템학회 (IF: 0.78)"
1617,2023,전기전자공학,341835137,Biswarup Rana,1,0.0035,0.006218,"[재구성 지능형 반사 표면 구현을 위한 편파에 독립적인 특성을 갖는 수동형 단위구조 설계]
   └ 학회: 한국정보기술학회 (IF: 0.56)"
1618,2023,전기전자공학,905886853,김영규,1,0.0035,0.006218,"[다중 드론 및 드론스테이션을 이용한 순환임무 시스템 구현]
   └ 학회: 한국정보기술학회 (IF: 0.56)"
1619,2023,전기전자공학,470541176,김송현,1,0.0035,0.006218,"[다중 드론 및 드론스테이션을 이용한 순환임무 시스템 구현]
   └ 학회: 한국정보기술학회 (IF: 0.56)"
1620,2023,전기전자공학,410840179,신성균,1,0.0035,0.006218,"[다중 드론 및 드론스테이션을 이용한 순환임무 시스템 구현]
   └ 학회: 한국정보기술학회 (IF: 0.56)"
1621,2023,전기전자공학,329213522,이민재,1,0.0035,0.006218,"[다중 드론 및 드론스테이션을 이용한 순환임무 시스템 구현]
   └ 학회: 한국정보기술학회 (IF: 0.56)"
1622,2023,전기전자공학,289495422,한상수,1,0.0035,0.006218,"[다중 드론 및 드론스테이션을 이용한 순환임무 시스템 구현]
   └ 학회: 한국정보기술학회 (IF: 0.56)"
1623,2023,전기전자공학,375849289,양희철,1,0.0035,0.006218,"[다중 드론 및 드론스테이션을 이용한 순환임무 시스템 구현]
   └ 학회: 한국정보기술학회 (IF: 0.56)"
1624,2023,전기전자공학,708120357,강병환,1,0.0035,0.006218,"[다중 드론 및 드론스테이션을 이용한 순환임무 시스템 구현]
   └ 학회: 한국정보기술학회 (IF: 0.56)"
1625,2023,전기전자공학,419916746,강태창,1,0.0035,0.006218,"[다중 드론 및 드론스테이션을 이용한 순환임무 시스템 구현]
   └ 학회: 한국정보기술학회 (IF: 0.56)"
1626,2023,전기전자공학,634604895,정호헌,1,0.0035,0.006218,"[다중 드론 및 드론스테이션을 이용한 순환임무 시스템 구현]
   └ 학회: 한국정보기술학회 (IF: 0.56)"
1627,2023,전기전자공학,980188274,김대년,1,0.0035,0.006218,"[다중 드론 및 드론스테이션을 이용한 순환임무 시스템 구현]
   └ 학회: 한국정보기술학회 (IF: 0.56)"
1628,2023,전기전자공학,886554780,김건우,1,0.0035,0.006218,"[다중 드론 및 드론스테이션을 이용한 순환임무 시스템 구현]
   └ 학회: 한국정보기술학회 (IF: 0.56)"
1629,2023,전기전자공학,279224674,백승현,1,0.0035,0.006218,"[다중 드론 및 드론스테이션을 이용한 순환임무 시스템 구현]
   └ 학회: 한국정보기술학회 (IF: 0.56)"
1630,2023,전기전자공학,334213340,Young-Jae Ryoo,1,0.0035,0.006218,"[Development of an Autonomous Mobile Robot Platform for Smart Farms]
   └ 학회: 한국지능시스템학회 (IF: 0.56)"
1631,2023,전기전자공학,501030444,조은세상,1,0.0035,0.006218,"[드론을 이용한 임항도로 균열 및 포트홀 모니터링 시스템 개발]
   └ 학회: 한국지능시스템학회 (IF: 0.56)"
1632,2023,전기전자공학,965169058,백수진,1,0.0035,0.006218,"[드론을 이용한 임항도로 균열 및 포트홀 모니터링 시스템 개발]
   └ 학회: 한국지능시스템학회 (IF: 0.56)"
1633,2023,전기전자공학,153501652,장준봉,1,0.0035,0.006218,"[드론을 이용한 임항도로 균열 및 포트홀 모니터링 시스템 개발]
   └ 학회: 한국지능시스템학회 (IF: 0.56)"
1634,2023,전기전자공학,680159876,최재호,1,0.0035,0.006218,"[드론을 이용한 임항도로 균열 및 포트홀 모니터링 시스템 개발]
   └ 학회: 한국지능시스템학회 (IF: 0.56)"
1635,2023,전기전자공학,110295315,김부리,1,0.0035,0.006783,"[이동 카메라를 이용한 사진 해상도 향상 기술 연구]
   └ 학회: 국제인공지능학회 (IF: 0.51)"
1636,2023,전기전자공학,345931912,조정현,1,0.0035,0.009045,"[GPS위성 RF신호수신 이중대역 소형 하이브리드 결합기의 회로모델링과 설계]
   └ 학회: 대한전기학회 (IF: 0.39)"
1637,2023,전기전자공학,395104191,서예준,1,0.0035,0.009045,"[GPS위성 RF신호수신 이중대역 소형 하이브리드 결합기의 회로모델링과 설계]
   └ 학회: 대한전기학회 (IF: 0.39)"
1638,2023,전기전자공학,894702293,고재원,1,0.0035,0.009045,"[GPS위성 RF신호수신 이중대역 소형 하이브리드 결합기의 회로모델링과 설계]
   └ 학회: 대한전기학회 (IF: 0.39)"
1639,2023,전기전자공학,192082329,장지연,1,0.0035,0.009045,"[GPS위성 RF신호수신 이중대역 소형 하이브리드 결합기의 회로모델링과 설계]
   └ 학회: 대한전기학회 (IF: 0.39)"
1640,2023,전기전자공학,867362556,이예진,1,0.0035,0.009045,"[GPS위성 RF신호수신 이중대역 소형 하이브리드 결합기의 회로모델링과 설계]
   └ 학회: 대한전기학회 (IF: 0.39)"
1641,2023,전기전자공학,249079979,박중기,1,0.0035,0.009045,"[GPS위성 RF신호수신 이중대역 소형 하이브리드 결합기의 회로모델링과 설계]
   └ 학회: 대한전기학회 (IF: 0.39)"
1642,2023,전기전자공학,1253179,이호섭,1,0.0035,0.009045,"[GPS위성 RF신호수신 이중대역 소형 하이브리드 결합기의 회로모델링과 설계]
   └ 학회: 대한전기학회 (IF: 0.39)"
1643,2023,전기전자공학,412578119,강승택,1,0.0035,0.009045,"[GPS위성 RF신호수신 이중대역 소형 하이브리드 결합기의 회로모델링과 설계]
   └ 학회: 대한전기학회 (IF: 0.39)"
1644,2023,전기전자공학,277381916,김동석,1,0.0035,0.009045,"[GPS 시각동기 PMU의 대용량 데이터를 이용한 재생 발전설비의 영향 분석]
   └ 학회: 대한전기학회 (IF: 0.39)"
1645,2023,전기전자공학,241807289,박영진,1,0.0035,0.009044,"[유도발전기의 출력 변동시 역률 보상 커패시터의 자기여자에 관한 연구]
   └ 학회: 대한전기학회 (IF: 0.39)"
1646,2023,전기전자공학,613779512,박판근,3,0.0034,0.006218,"[제어 시스템을 위한 MIMO 무선 연산]
   └ 학회: 한국정보통신학회 (IF: 0.54)
--------------------------------
[대규모 언어 모델을 사용하는 인공지능 기반 대화형 챗봇의 편향성 평가 프레임워크 개발 방법]
   └ 학회: 한국방송·미디어공학회 (IF: 0.49)
--------------------------------
[대화형 봇에 의한 대화 주제 정렬 과정에서의 인공지능 윤리 가이드라인에 관한 연구]
   └ 학회: 한국방송·미디어공학회 (IF: 0.49)"
1647,2023,전기전자공학,170003961,나정효,2,0.0034,0.006218,"[제어 시스템을 위한 MIMO 무선 연산]
   └ 학회: 한국정보통신학회 (IF: 0.54)
--------------------------------
[KTX-이음 철도차량용 진공인터럽터 축자계 전극의 설계 및 검증]
   └ 학회: 대한전기학회 (IF: 0.39)"
1648,2023,전기전자공학,675246400,백호준,1,0.0034,0.005653,"[대규모 언어 모델(LLM)의 사전 지식을 활용한 3차원 장면 그래프 생성]
   └ 학회: 한국멀티미디어학회 (IF: 0.6)"
1649,2023,전기전자공학,459764231,이제경,1,0.0034,0.005653,"[GAN을 이용한 웹툰 배경 이미지의 생성과 분석]
   └ 학회: 한국멀티미디어학회 (IF: 0.6)"
1650,2023,전기전자공학,501667245,김정기,1,0.0034,0.005653,"[GAN을 이용한 웹툰 배경 이미지의 생성과 분석]
   └ 학회: 한국멀티미디어학회 (IF: 0.6)"
1651,2023,전기전자공학,283927096,안정인,1,0.0034,0.005653,"[GAN을 이용한 웹툰 배경 이미지의 생성과 분석]
   └ 학회: 한국멀티미디어학회 (IF: 0.6)"
1652,2023,전기전자공학,771068109,임지연,1,0.0034,0.005653,"[GAN을 이용한 웹툰 배경 이미지의 생성과 분석]
   └ 학회: 한국멀티미디어학회 (IF: 0.6)"
1653,2023,전기전자공학,517013804,차경애,1,0.0034,0.005653,"[GAN을 이용한 웹툰 배경 이미지의 생성과 분석]
   └ 학회: 한국멀티미디어학회 (IF: 0.6)"
1654,2023,전기전자공학,811330730,이준화,1,0.0034,0.005653,"[비대면 근무환경의 보안 중요성에 관한 임직원과 보안담당자 간의 인식비교 연구]
   └ 학회: 한국멀티미디어학회 (IF: 0.6)"
1655,2023,전기전자공학,519604527,박성갑,1,0.0034,0.005653,"[비대면 근무환경의 보안 중요성에 관한 임직원과 보안담당자 간의 인식비교 연구]
   └ 학회: 한국멀티미디어학회 (IF: 0.6)"
1656,2023,전기전자공학,147568,이동수,1,0.0034,0.005653,"[비대면 근무환경의 보안 중요성에 관한 임직원과 보안담당자 간의 인식비교 연구]
   └ 학회: 한국멀티미디어학회 (IF: 0.6)"
1657,2023,전기전자공학,792804615,이한진,1,0.0034,0.005653,"[비대면 근무환경의 보안 중요성에 관한 임직원과 보안담당자 간의 인식비교 연구]
   └ 학회: 한국멀티미디어학회 (IF: 0.6)"
1658,2023,전기전자공학,360234776,김선,1,0.0034,0.006218,"[제어 시스템을 위한 MIMO 무선 연산]
   └ 학회: 한국정보통신학회 (IF: 0.54)"
1659,2023,전기전자공학,182288344,김지홍,1,0.0034,0.006218,"[다중 임계치 영상 분할을 통한 식물 생육 정도 자동 판별]
   └ 학회: 한국정보통신학회 (IF: 0.54)"
1660,2023,전기전자공학,4686039,임동현,1,0.0034,0.006218,"[PTZ WIFI AP를 이용한 UAV와 드론의 광역 통신시스템 연구]
   └ 학회: 한국정보통신학회 (IF: 0.54)"
1661,2023,전기전자공학,701138572,김래영,4,0.0033,0.008479,"[SiC 전력반도체의 병렬 구동 시 전류 불균형을 최소화하는 Mezzanine 구조의 방열일체형 스위칭 모듈 개발]
   └ 학회: 전력전자학회 (IF: 0.45)
--------------------------------
[전기차 충전기용 2-Stage DC-DC 컨버터의 제어기법에 대한 연구]
   └ 학회: 전력전자학회 (IF: 0.45)
--------------------------------
[넓은 출력전압을 가지는 전기자동차 초급속충전용 30kW 파워모듈 구현]
   └ 학회: 대한전기학회 (IF: 0.39)
--------------------------------
[부분요소 등가회로 모델링을 이용한 전력변환장치의 EMI 전도 노이즈 분석방법]
   └ 학회: 대한전기학회 (IF: 0.39)"
1662,2023,전기전자공학,961379281,유인호,3,0.0033,0.008479,"[접지 전위 간섭의 특성을 반영한 접지저항 측정 방법]
   └ 학회: 대한전기학회 (IF: 0.39)
--------------------------------
[100W급 DC 아크 발생 시 전극 형태에 따른 케이블 절연체(XLPE)의 착화시간 비교 및 착화확률 분석]
   └ 학회: 대한전기학회 (IF: 0.39)
--------------------------------
[몰드 변압기 내부 온도 추정을 위한 초음파 전파 특성 분석]
   └ 학회: 대한전기학회 (IF: 0.39)"
1663,2023,전기전자공학,944111644,강해권,2,0.0033,0.008479,"[접지 전위 간섭의 특성을 반영한 접지저항 측정 방법]
   └ 학회: 대한전기학회 (IF: 0.39)
--------------------------------
[마이크로그리드 지락고장 발생시 보호 계전요소 효과 분석]
   └ 학회: 대한전기학회 (IF: 0.39)"
1664,2023,전기전자공학,321639363,한가람,2,0.0033,0.008479,"[접지 전위 간섭의 특성을 반영한 접지저항 측정 방법]
   └ 학회: 대한전기학회 (IF: 0.39)
--------------------------------
[몰드 변압기 내부 온도 추정을 위한 초음파 전파 특성 분석]
   └ 학회: 대한전기학회 (IF: 0.39)"
1665,2023,전기전자공학,159032817,신바울,1,0.0033,0.006783,"[코렉터 어텐션 네트워크을 이용한 로우 센서 영상 초해상화 기법]
   └ 학회: 한국방송·미디어공학회 (IF: 0.49)"
1666,2023,전기전자공학,455241911,김태하,1,0.0033,0.006783,"[코렉터 어텐션 네트워크을 이용한 로우 센서 영상 초해상화 기법]
   └ 학회: 한국방송·미디어공학회 (IF: 0.49)"
1667,2023,전기전자공학,658976528,정의훈,1,0.0033,0.007349,"[전기자동차 무선 충전 시스템의 최신 동향 및 미래 기술]
   └ 학회: 전력전자학회 (IF: 0.45)"
1668,2023,전기전자공학,587314469,최동환,1,0.0033,0.008479,"[접지 전위 간섭의 특성을 반영한 접지저항 측정 방법]
   └ 학회: 대한전기학회 (IF: 0.39)"
1669,2023,전기전자공학,556287000,김재진,1,0.0033,0.008479,"[접지 전위 간섭의 특성을 반영한 접지저항 측정 방법]
   └ 학회: 대한전기학회 (IF: 0.39)"
1670,2023,전기전자공학,370148865,서현우,1,0.0033,0.008479,"[부분요소 등가회로 모델링을 이용한 전력변환장치의 EMI 전도 노이즈 분석방법]
   └ 학회: 대한전기학회 (IF: 0.39)"
1671,2023,전기전자공학,174584214,백명기,1,0.0033,0.008479,"[시뮬레이션 기술 적용을 통한 중소중견기업 성장 사례]
   └ 학회: 대한전기학회 (IF: 0.39)"
1672,2023,전기전자공학,759680653,배문규,1,0.0033,0.008479,"[다중 저가형 IMU와 플렉스 압력센서를 이용한 전이학습 기반 동작분류 및 모션캡쳐 시스템]
   └ 학회: 대한전기학회 (IF: 0.39)"
1673,2023,전기전자공학,593279441,김건태,1,0.0033,0.008479,"[다중 저가형 IMU와 플렉스 압력센서를 이용한 전이학습 기반 동작분류 및 모션캡쳐 시스템]
   └ 학회: 대한전기학회 (IF: 0.39)"
1674,2023,전기전자공학,5415838,박이형,1,0.0033,0.008479,"[다중 저가형 IMU와 플렉스 압력센서를 이용한 전이학습 기반 동작분류 및 모션캡쳐 시스템]
   └ 학회: 대한전기학회 (IF: 0.39)"
1675,2023,전기전자공학,237686509,강창묵,1,0.0033,0.008479,"[다중 저가형 IMU와 플렉스 압력센서를 이용한 전이학습 기반 동작분류 및 모션캡쳐 시스템]
   └ 학회: 대한전기학회 (IF: 0.39)"
1676,2023,전기전자공학,411081474,정광현,2,0.0032,0.007914,"[임베디드 시스템의 클럭 보상을 위한 RC 필터 기반의 주파수 검출기]
   └ 학회: 한국정보기술학회 (IF: 0.56)
--------------------------------
[비선형 DAC를 이용한 Ka 대역 가변 이득 위상천이기]
   └ 학회: 한국전자파학회 (IF: 0.4)"
1677,2023,전기전자공학,523598935,홍성철,2,0.0032,0.007914,"[웨이퍼상의 D-대역 회로의 전자파 성능 측정]
   └ 학회: 한국전자파학회 (IF: 0.4)
--------------------------------
[비선형 DAC를 이용한 Ka 대역 가변 이득 위상천이기]
   └ 학회: 한국전자파학회 (IF: 0.4)"
1678,2023,전기전자공학,349211906,박재흥,2,0.0032,0.007914,"[요부 안정화를 위한 복대형 입는 로봇 개발]
   └ 학회: 한국로봇학회(논문지) (IF: 0.4)
--------------------------------
[모바일 로봇을 위한 학습 기반 관성-바퀴 오도메트리]
   └ 학회: 한국로봇학회(논문지) (IF: 0.4)"
1679,2023,전기전자공학,590201649,지경엽,1,0.0032,0.005653,"[멀티노미얼나이브베이즈 기법의 정교화를 통한 악성 메일 필터링 시스템 구현]
   └ 학회: 한국정보기술학회 (IF: 0.56)"
1680,2023,전기전자공학,471483443,권영미,1,0.0032,0.005653,"[멀티노미얼나이브베이즈 기법의 정교화를 통한 악성 메일 필터링 시스템 구현]
   └ 학회: 한국정보기술학회 (IF: 0.56)"
1681,2023,전기전자공학,963899544,최정호,1,0.0032,0.005653,"[산업용 협동 로봇과 작업자연구 트랜드 쟁점 연구]
   └ 학회: 한국정보기술학회 (IF: 0.56)"
1682,2023,전기전자공학,187233963,김낙일,1,0.0032,0.005653,"[산업용 협동 로봇과 작업자연구 트랜드 쟁점 연구]
   └ 학회: 한국정보기술학회 (IF: 0.56)"
1683,2023,전기전자공학,522266594,김원현,1,0.0032,0.005653,"[산업용 협동 로봇과 작업자연구 트랜드 쟁점 연구]
   └ 학회: 한국정보기술학회 (IF: 0.56)"
1684,2023,전기전자공학,400651271,윤승정,1,0.0032,0.005653,"[산업용 협동 로봇과 작업자연구 트랜드 쟁점 연구]
   └ 학회: 한국정보기술학회 (IF: 0.56)"
1685,2023,전기전자공학,500021042,이정호,1,0.0032,0.005653,"[해양사고 원인분석을 위한 경량 합성곱 신경망 기반의 수중 이미지 초해상화 기법]
   └ 학회: 한국지능시스템학회 (IF: 0.56)"
1686,2023,전기전자공학,561566051,황승국,1,0.0032,0.005653,"[해양사고 원인분석을 위한 경량 합성곱 신경망 기반의 수중 이미지 초해상화 기법]
   └ 학회: 한국지능시스템학회 (IF: 0.56)"
1687,2023,전기전자공학,169114500,김찬규,1,0.0032,0.006218,"[The performance of MIMO cooperative communication systems using the relay with multi-antennas and DSTC]
   └ 학회: 국제인공지능학회 (IF: 0.51)"
1688,2023,전기전자공학,925483193,손준영,1,0.0032,0.006218,"[Discovered Pilot Designs in MIMO OFDM System with optimization algorithms]
   └ 학회: 국제인공지능학회 (IF: 0.51)"
1689,2023,전기전자공학,639008836,김태홍,1,0.0032,0.007914,"[FMCW 레이다 신호에 의한 전자파노출량 평가 연구]
   └ 학회: 한국전자파학회 (IF: 0.4)"
1690,2023,전기전자공학,109909953,권재광,1,0.0032,0.007914,"[FMCW 레이다 신호에 의한 전자파노출량 평가 연구]
   └ 학회: 한국전자파학회 (IF: 0.4)"
1691,2023,전기전자공학,429927674,안준오,1,0.0032,0.007914,"[FMCW 레이다 신호에 의한 전자파노출량 평가 연구]
   └ 학회: 한국전자파학회 (IF: 0.4)"
1692,2023,전기전자공학,572402448,백정기,1,0.0032,0.007914,"[FMCW 레이다 신호에 의한 전자파노출량 평가 연구]
   └ 학회: 한국전자파학회 (IF: 0.4)"
1693,2023,전기전자공학,295039853,이종일,1,0.0032,0.007914,"[FMCW 레이다 신호에 의한 전자파노출량 평가 연구]
   └ 학회: 한국전자파학회 (IF: 0.4)"
1694,2023,전기전자공학,392936224,최동근,1,0.0032,0.007914,"[FMCW 레이다 신호에 의한 전자파노출량 평가 연구]
   └ 학회: 한국전자파학회 (IF: 0.4)"
1695,2023,전기전자공학,544907613,김기회,1,0.0032,0.007914,"[FMCW 레이다 신호에 의한 전자파노출량 평가 연구]
   └ 학회: 한국전자파학회 (IF: 0.4)"
1696,2023,전기전자공학,789000538,YiYang Wang,1,0.0032,0.007914,"[Design of 39-GHz Up- and Down-Conversion Mixers for 5G mmWave TDD Applications]
   └ 학회: 한국전자파학회JEES (IF: 0.4)"
1697,2023,전기전자공학,428007703,Haipeng Duan,1,0.0032,0.007914,"[Design of 39-GHz Up- and Down-Conversion Mixers for 5G mmWave TDD Applications]
   └ 학회: 한국전자파학회JEES (IF: 0.4)"
1698,2023,전기전자공학,153584729,Long He,1,0.0032,0.007914,"[Design of 39-GHz Up- and Down-Conversion Mixers for 5G mmWave TDD Applications]
   └ 학회: 한국전자파학회JEES (IF: 0.4)"
1699,2023,전기전자공학,559284056,Xu Wu,1,0.0032,0.007914,"[Design of 39-GHz Up- and Down-Conversion Mixers for 5G mmWave TDD Applications]
   └ 학회: 한국전자파학회JEES (IF: 0.4)"
1700,2023,전기전자공학,201988452,Dongming Wang,1,0.0032,0.007914,"[Design of 39-GHz Up- and Down-Conversion Mixers for 5G mmWave TDD Applications]
   └ 학회: 한국전자파학회JEES (IF: 0.4)"
1701,2023,전기전자공학,903540334,Lianming Li,1,0.0032,0.007914,"[Design of 39-GHz Up- and Down-Conversion Mixers for 5G mmWave TDD Applications]
   └ 학회: 한국전자파학회JEES (IF: 0.4)"
1702,2023,전기전자공학,875529646,김민우,1,0.0032,0.007914,"[28-nm CMOS 공정을 이용한 D-대역 저잡음 증폭기]
   └ 학회: 한국전자파학회 (IF: 0.4)"
1703,2023,전기전자공학,628739732,전상근,1,0.0032,0.007914,"[28-nm CMOS 공정을 이용한 D-대역 저잡음 증폭기]
   └ 학회: 한국전자파학회 (IF: 0.4)"
1704,2023,전기전자공학,434928147,최선규,1,0.0032,0.007914,"[Q-Band 광대역 저잡음 증폭기 설계]
   └ 학회: 한국전자파학회 (IF: 0.4)"
1705,2023,전기전자공학,935655646,김재관,1,0.0032,0.007914,"[40 nm CMOS 공정을 이용한 130 GHz 저면적 전력 증폭기]
   └ 학회: 한국전자파학회 (IF: 0.4)"
1706,2023,전기전자공학,930823427,이창중,1,0.0032,0.007914,"[40 nm CMOS 공정을 이용한 130 GHz 저면적 전력 증폭기]
   └ 학회: 한국전자파학회 (IF: 0.4)"
1707,2023,전기전자공학,562765784,서문교,1,0.0032,0.007914,"[40 nm CMOS 공정을 이용한 130 GHz 저면적 전력 증폭기]
   └ 학회: 한국전자파학회 (IF: 0.4)"
1708,2023,전기전자공학,571846745,전호철,1,0.0032,0.007914,"[지표투과탐사레이다(Ground Penetrating Radar, GPR) 기술]
   └ 학회: 한국전자파학회 (IF: 0.4)"
1709,2023,전기전자공학,823696548,조민제,1,0.0032,0.007914,"[600 GHz 대역 CMOS 배열 검출기]
   └ 학회: 한국전자파학회 (IF: 0.4)"
1710,2023,전기전자공학,218965249,김도윤,1,0.0032,0.007914,"[600 GHz 대역 CMOS 배열 검출기]
   └ 학회: 한국전자파학회 (IF: 0.4)"
1711,2023,전기전자공학,240651424,이재성,1,0.0032,0.007914,"[600 GHz 대역 CMOS 배열 검출기]
   └ 학회: 한국전자파학회 (IF: 0.4)"
1712,2023,전기전자공학,281393066,Bong-seok Kim,1,0.0032,0.007914,"[Efficient Clutter Cancellation Algorithm Based on a Suppressed Clutter Map for FMCW Radar Systems]
   └ 학회: 한국전자파학회JEES (IF: 0.4)"
1713,2023,전기전자공학,629754426,Young-seok Jin,1,0.0032,0.007914,"[Efficient Clutter Cancellation Algorithm Based on a Suppressed Clutter Map for FMCW Radar Systems]
   └ 학회: 한국전자파학회JEES (IF: 0.4)"
1714,2023,전기전자공학,728585821,Jieun Bae,1,0.0032,0.007914,"[Efficient Clutter Cancellation Algorithm Based on a Suppressed Clutter Map for FMCW Radar Systems]
   └ 학회: 한국전자파학회JEES (IF: 0.4)"
1715,2023,전기전자공학,418956548,현유진,1,0.0032,0.007914,"[Efficient Clutter Cancellation Algorithm Based on a Suppressed Clutter Map for FMCW Radar Systems]
   └ 학회: 한국전자파학회JEES (IF: 0.4)"
1716,2023,전기전자공학,474322402,이민규,1,0.0032,0.007914,"[비선형 DAC를 이용한 Ka 대역 가변 이득 위상천이기]
   └ 학회: 한국전자파학회 (IF: 0.4)"
1717,2023,전기전자공학,243454971,임수빈,1,0.0032,0.007914,"[비선형 DAC를 이용한 Ka 대역 가변 이득 위상천이기]
   └ 학회: 한국전자파학회 (IF: 0.4)"
1718,2023,전기전자공학,336108206,박진석,1,0.0032,0.007914,"[비선형 DAC를 이용한 Ka 대역 가변 이득 위상천이기]
   └ 학회: 한국전자파학회 (IF: 0.4)"
1719,2023,전기전자공학,509569880,임정택,1,0.0032,0.007914,"[W 대역 RF 집적회로를 위한 구동 증폭기 설계]
   └ 학회: 한국전자파학회 (IF: 0.4)"
1720,2023,전기전자공학,111793164,곽정훈,1,0.0032,0.007914,"[틸트 카메라를 이용한 기준 마커 인식 범위 확장을 위한 연구]
   └ 학회: 한국로봇학회(논문지) (IF: 0.4)"
1721,2023,전기전자공학,722383928,김명수,1,0.0032,0.007914,"[모바일 로봇을 위한 학습 기반 관성-바퀴 오도메트리]
   └ 학회: 한국로봇학회(논문지) (IF: 0.4)"
1722,2023,전기전자공학,925110570,장근우,1,0.0032,0.007914,"[모바일 로봇을 위한 학습 기반 관성-바퀴 오도메트리]
   └ 학회: 한국로봇학회(논문지) (IF: 0.4)"
1723,2023,전기전자공학,371431744,박영진,2,0.0031,0.005088,"[공공데이터와 CCTV 가시영역을 활용한 CCTV 우선 설치구역 추천]
   └ 학회: 한국멀티미디어학회 (IF: 0.6)
--------------------------------
[공공데이터 기반 공영주차장 최적입지 선정을 위한 최대 커버지역 문제(MCLP) 해결 기법]
   └ 학회: 한국멀티미디어학회 (IF: 0.6)"
1724,2023,전기전자공학,743231306,최재혁,1,0.0031,0.005088,"[공공데이터와 CCTV 가시영역을 활용한 CCTV 우선 설치구역 추천]
   └ 학회: 한국멀티미디어학회 (IF: 0.6)"
1725,2023,전기전자공학,487278639,이동호,1,0.0031,0.005088,"[Residual Dense Block 기반 변형 가능한 합성곱 정렬 신경망을 이용한 비디오 초해상화 방법]
   └ 학회: 한국멀티미디어학회 (IF: 0.6)"
1726,2023,전기전자공학,129001013,Mujiono Sadikin,1,0.0031,0.005653,"[Information Security on Learning Management System Platform from the Perspective of the User during the COVID-19 Pandemic]
   └ 학회: 한국정보통신학회JICCE (IF: 0.54)"
1727,2023,전기전자공학,891203315,Rakhmat Purnomo,1,0.0031,0.005653,"[Information Security on Learning Management System Platform from the Perspective of the User during the COVID-19 Pandemic]
   └ 학회: 한국정보통신학회JICCE (IF: 0.54)"
1728,2023,전기전자공학,962466297,Rafika Sari,1,0.0031,0.005653,"[Information Security on Learning Management System Platform from the Perspective of the User during the COVID-19 Pandemic]
   └ 학회: 한국정보통신학회JICCE (IF: 0.54)"
1729,2023,전기전자공학,858315708,Dyah Ayu Nabilla Ariswanto,1,0.0031,0.005653,"[Information Security on Learning Management System Platform from the Perspective of the User during the COVID-19 Pandemic]
   └ 학회: 한국정보통신학회JICCE (IF: 0.54)"
1730,2023,전기전자공학,934962735,Juanda Wijaya,1,0.0031,0.005653,"[Information Security on Learning Management System Platform from the Perspective of the User during the COVID-19 Pandemic]
   └ 학회: 한국정보통신학회JICCE (IF: 0.54)"
1731,2023,전기전자공학,193212790,Lydia Vintari,1,0.0031,0.005653,"[Information Security on Learning Management System Platform from the Perspective of the User during the COVID-19 Pandemic]
   └ 학회: 한국정보통신학회JICCE (IF: 0.54)"
1732,2023,전기전자공학,875695241,김영주,1,0.003,0.006218,"[MIMO 시스템에서 옥토니언 시공간 부호를 이용한 물리계층 보안에 대한 성능 분석]
   └ 학회: 한국방송·미디어공학회 (IF: 0.49)"
1733,2023,전기전자공학,216701243,곽범근,1,0.003,0.006218,"[MIMO 시스템에서 옥토니언 시공간 부호를 이용한 물리계층 보안에 대한 성능 분석]
   └ 학회: 한국방송·미디어공학회 (IF: 0.49)"
1734,2023,전기전자공학,821386862,임슬민,1,0.003,0.006218,"[MIMO 시스템에서 옥토니언 시공간 부호를 이용한 물리계층 보안에 대한 성능 분석]
   └ 학회: 한국방송·미디어공학회 (IF: 0.49)"
1735,2023,전기전자공학,229090772,진천덕,1,0.003,0.006218,"[MIMO 시스템에서 옥토니언 시공간 부호를 이용한 물리계층 보안에 대한 성능 분석]
   └ 학회: 한국방송·미디어공학회 (IF: 0.49)"
1736,2023,전기전자공학,990789161,전주현,2,0.0029,0.005653,"[A Study on the Understanding and Effective Use of Generative Artificial Intelligence]
   └ 학회: 국제인공지능학회 (IF: 0.51)
--------------------------------
[A Study Of Effective Operation and Learning Methods Of Intellectual Property Courses (Apply Core Competency Assessment)]
   └ 학회: 국제인공지능학회 (IF: 0.51)"
1737,2023,전기전자공학,986521914,장승완,2,0.0029,0.007349,"[인공신경망 기반 무릎 관절 각도 추정 시스템 개발]
   └ 학회: 대한전기학회 (IF: 0.39)
--------------------------------
[IMU 센서를 활용한 신발 종류별 장애물에 따른 발 높이 평가 예비 연구]
   └ 학회: 대한전기학회 (IF: 0.39)"
1738,2023,전기전자공학,248537713,강동우,2,0.0029,0.007349,"[영구자석형 동기 전동기의 희토류 저감 기술에 관한 고찰]
   └ 학회: 대한전기학회 (IF: 0.39)
--------------------------------
[트랙션용 다자유도 구형 전동기의 동작 안정성 향상을 위한 제어 기법 연구]
   └ 학회: 대한전기학회 (IF: 0.39)"
1739,2023,전기전자공학,974613545,이태규,1,0.0029,0.005653,"[Analysis of Blockchain Network and Cryptocurrency Safety Issues]
   └ 학회: 국제인공지능학회 (IF: 0.51)"
1740,2023,전기전자공학,265743801,소길자,1,0.0029,0.005653,"[A Study on Scenario-based Web Application Security Education Method]
   └ 학회: 국제인공지능학회 (IF: 0.51)"
1741,2023,전기전자공학,274972059,명봉식,1,0.0029,0.007349,"[전기자동차 유선 충전시스템 EMC 기준 개정 연구]
   └ 학회: 한국전자파학회 (IF: 0.4)"
1742,2023,전기전자공학,337513302,김혁,1,0.0029,0.007349,"[전기자동차 유선 충전시스템 EMC 기준 개정 연구]
   └ 학회: 한국전자파학회 (IF: 0.4)"
1743,2023,전기전자공학,893369428,금홍식,1,0.0029,0.007349,"[전기자동차 유선 충전시스템 EMC 기준 개정 연구]
   └ 학회: 한국전자파학회 (IF: 0.4)"
1744,2023,전기전자공학,856996904,Feng Gao,1,0.0029,0.007349,"[Reduction of Electric Vehicle Electromagnetic Radiations Using a Global Network Model]
   └ 학회: 한국전자파학회JEES (IF: 0.4)"
1745,2023,전기전자공학,974846788,Mingli Xu,1,0.0029,0.007349,"[Reduction of Electric Vehicle Electromagnetic Radiations Using a Global Network Model]
   └ 학회: 한국전자파학회JEES (IF: 0.4)"
1746,2023,전기전자공학,236448211,김윤성,1,0.0029,0.007349,"[인공신경망 기반 무릎 관절 각도 추정 시스템 개발]
   └ 학회: 대한전기학회 (IF: 0.39)"
1747,2023,전기전자공학,653263719,박준성,1,0.0029,0.007349,"[전기자동차 충전기 기술동향 및 개발사례 소개]
   └ 학회: 대한전기학회 (IF: 0.39)"
1748,2023,전기전자공학,4220967,박성원,1,0.0029,0.007349,"[DSO와 전기차 충전소의 협조운영 환경에서 스마트 충전 기반 배전계통 전압 관리 방법]
   └ 학회: 대한전기학회 (IF: 0.39)"
1749,2023,전기전자공학,776063734,백승환,1,0.0029,0.007349,"[DSO와 전기차 충전소의 협조운영 환경에서 스마트 충전 기반 배전계통 전압 관리 방법]
   └ 학회: 대한전기학회 (IF: 0.39)"
1750,2023,전기전자공학,466541288,박대현,1,0.0029,0.007349,"[DSO와 전기차 충전소의 협조운영 환경에서 스마트 충전 기반 배전계통 전압 관리 방법]
   └ 학회: 대한전기학회 (IF: 0.39)"
1751,2023,전기전자공학,678582654,설현수,1,0.0029,0.007349,"[e-파워트레인 핵심부품 개발플랫폼 체계화 기술 개발사례 소개]
   └ 학회: 대한전기학회 (IF: 0.39)"
1752,2023,전기전자공학,980476287,박영서,1,0.0029,0.007349,"[인공 신경망을 이용한 PMSM의 MTPA 운전점 개선]
   └ 학회: 대한전기학회 (IF: 0.39)"
1753,2023,전기전자공학,724157,김상훈,1,0.0029,0.007349,"[인공 신경망을 이용한 PMSM의 MTPA 운전점 개선]
   └ 학회: 대한전기학회 (IF: 0.39)"
1754,2023,전기전자공학,937009697,최홍순,1,0.0029,0.007349,"[전기자동차의 역학적 이해]
   └ 학회: 대한전기학회 (IF: 0.39)"
1755,2023,전기전자공학,535344982,유준열,1,0.0029,0.007349,"[CAE 기반 전기 모터 설계기술 소개]
   └ 학회: 대한전기학회 (IF: 0.39)"
1756,2023,전기전자공학,864368214,김성렬,2,0.0028,0.005088,"[알루미늄 빌렛 생산공정 데이터 관리 플랫폼 구현 및 불량원인 분석]
   └ 학회: 한국정보기술학회 (IF: 0.56)
--------------------------------
[칼만필터를 활용한 LED 조명의 보호회로 감지 정확도 향상 방법]
   └ 학회: 한국정보기술학회 (IF: 0.56)"
1757,2023,전기전자공학,247522694,강수성,1,0.0028,0.005088,"[알루미늄 빌렛 생산공정 데이터 관리 플랫폼 구현 및 불량원인 분석]
   └ 학회: 한국정보기술학회 (IF: 0.56)"
1758,2023,전기전자공학,876025736,김현석,1,0.0028,0.005088,"[알루미늄 빌렛 생산공정 데이터 관리 플랫폼 구현 및 불량원인 분석]
   └ 학회: 한국정보기술학회 (IF: 0.56)"
1759,2023,전기전자공학,418981777,이충엽,1,0.0028,0.005088,"[알루미늄 빌렛 생산공정 데이터 관리 플랫폼 구현 및 불량원인 분석]
   └ 학회: 한국정보기술학회 (IF: 0.56)"
1760,2023,전기전자공학,5473671,최종민,1,0.0028,0.005088,"[아두이노를 이용한 피지컬 컴퓨팅을 위한 블록 기반 프로그래밍 언어 ArduBricks 개발]
   └ 학회: 한국정보기술학회 (IF: 0.56)"
1761,2023,전기전자공학,859216822,양혁진,1,0.0028,0.005088,"[아두이노를 이용한 피지컬 컴퓨팅을 위한 블록 기반 프로그래밍 언어 ArduBricks 개발]
   └ 학회: 한국정보기술학회 (IF: 0.56)"
1762,2023,전기전자공학,823585372,박찬정,1,0.0028,0.005088,"[아두이노를 이용한 피지컬 컴퓨팅을 위한 블록 기반 프로그래밍 언어 ArduBricks 개발]
   └ 학회: 한국정보기술학회 (IF: 0.56)"
1763,2023,전기전자공학,388907761,김기용,1,0.0028,0.005088,"[선박의 횡요운동 데이터를 활용한 선박의 복원성 모니터링 시스템의 위험성 기준 개발]
   └ 학회: 한국지능시스템학회 (IF: 0.56)"
1764,2023,전기전자공학,401749824,조득재,1,0.0028,0.005088,"[선박의 횡요운동 데이터를 활용한 선박의 복원성 모니터링 시스템의 위험성 기준 개발]
   └ 학회: 한국지능시스템학회 (IF: 0.56)"
1765,2023,전기전자공학,512673150,백종화,1,0.0028,0.005088,"[선박의 횡요운동 데이터를 활용한 선박의 복원성 모니터링 시스템의 위험성 기준 개발]
   └ 학회: 한국지능시스템학회 (IF: 0.56)"
1766,2023,전기전자공학,849382035,이영섭,1,0.0028,0.005088,"[선박의 횡요운동 데이터를 활용한 선박의 복원성 모니터링 시스템의 위험성 기준 개발]
   └ 학회: 한국지능시스템학회 (IF: 0.56)"
1767,2023,전기전자공학,178239756,신성철,1,0.0028,0.005088,"[선박의 횡요운동 데이터를 활용한 선박의 복원성 모니터링 시스템의 위험성 기준 개발]
   └ 학회: 한국지능시스템학회 (IF: 0.56)"
1768,2023,전기전자공학,544122623,허혜정,1,0.0028,0.005653,"[MPEG Geometry-based Point Cloud Compression(G-PCC) 표준 기술]
   └ 학회: 한국방송·미디어공학회 (IF: 0.49)"
1769,2023,전기전자공학,646520217,웅소문,2,0.0027,0.004522,"[공공 공간의 동적 포스터가 소비자의 몰입감, 긍정적 감정 및 만족도 관계에 대한 연구]
   └ 학회: 한국멀티미디어학회 (IF: 0.6)
--------------------------------
[델파이 기법을 활용한 다이나믹 포스터의 디자인 인자 도출 연구]
   └ 학회: 한국멀티미디어학회 (IF: 0.6)"
1770,2023,전기전자공학,460709453,유원원,2,0.0027,0.004522,"[중·한 영화에 대한 평가 빅 데이터 분석을 활용한 중국 영화의 발전에 관한 연구 －한국 영화 시장을 중심으로－]
   └ 학회: 한국멀티미디어학회 (IF: 0.6)
--------------------------------
[다국적 각색 영화가 관객 만족도에 미치는 영향 연구 －〈허삼관매혈기〉를 각색한 영화 〈허삼관〉을 중심으로－]
   └ 학회: 한국멀티미디어학회 (IF: 0.6)"
1771,2023,전기전자공학,782412789,서가준,2,0.0027,0.004522,"[인터랙티브 영화에 대한 관객의 참여의사에 미치는 요인에 관한 연구]
   └ 학회: 한국멀티미디어학회 (IF: 0.6)
--------------------------------
[인터랙티브 영화에 대한 관객체험이 관객만족도에 미치는 영향 연구]
   └ 학회: 한국멀티미디어학회 (IF: 0.6)"
1772,2023,전기전자공학,679217688,왕동,1,0.0027,0.004522,"[게임 유통 플랫폼의 특성이 만족도 및 지속적 이용 의도에 미치는 영향]
   └ 학회: 한국멀티미디어학회 (IF: 0.6)"
1773,2023,전기전자공학,978927957,추강,1,0.0027,0.004522,"[게임 유통 플랫폼의 특성이 만족도 및 지속적 이용 의도에 미치는 영향]
   └ 학회: 한국멀티미디어학회 (IF: 0.6)"
1774,2023,전기전자공학,900032252,류대우,1,0.0027,0.005088,"[마이크로컨트롤러 교육을 위한 학습 요소 및 학습 요소 기반 아두이노 호환 보드 설계]
   └ 학회: 한국정보통신학회 (IF: 0.54)"
1775,2023,전기전자공학,775435242,강대기,4,0.0026,0.005088,"[Experimental Analysis of Bankruptcy Prediction with SHAP framework on Polish Companies]
   └ 학회: 국제인공지능학회 (IF: 0.51)
--------------------------------
[Design of A High-Speed Data Transmission System for Satellite Ground Inspection Trial]
   └ 학회: 국제인공지능학회 (IF: 0.51)
--------------------------------
[Triplet Class-Wise Difficulty-Based Loss for Long-Tail Classification]
   └ 학회: 국제인공지능학회 (IF: 0.51)
--------------------------------
[Bankruptcy Prediction with Explainable Artificial Intelligence for Early-Stage Business Models]
   └ 학회: 국제인공지능학회 (IF: 0.51)"
1776,2023,전기전자공학,205780470,Hao Sun,1,0.0026,0.005088,"[Design of A High-Speed Data Transmission System for Satellite Ground Inspection Trial]
   └ 학회: 국제인공지능학회 (IF: 0.51)"
1777,2023,전기전자공학,285265281,Hye-kyung Kwon,1,0.0026,0.005088,"[Design and Implementation of Scent-Supported Educational Content using Arduino]
   └ 학회: 국제인공지능학회 (IF: 0.51)"
1778,2023,전기전자공학,479809607,김소영,1,0.0026,0.005088,"[A Case Study of Educational Content using Arduino based on Augmented Reality]
   └ 학회: 국제인공지능학회 (IF: 0.51)"
1779,2023,전기전자공학,377150691,서방원,1,0.0026,0.005088,"[MU-MIMO와 STBC를 적용한 NOMA 전송 기법]
   └ 학회: 국제인공지능학회 (IF: 0.51)"
1780,2023,전기전자공학,568835587,윤원상,4,0.0025,0.004522,"[낮은 삽입 손실을 갖는 음의 군 지연 회로 설계]
   └ 학회: 한국정보기술학회 (IF: 0.56)
--------------------------------
[6축 구조의 WiFi5/WiFi6 통신용 빔 방향탐색 및 빔포밍 시스템]
   └ 학회: 한국정보기술학회 (IF: 0.56)
--------------------------------
[한반도 지역에서의 저궤도 위성 통신 시스템의 도플러 편이 분석 및 보상 방안]
   └ 학회: 한국정보기술학회 (IF: 0.56)
--------------------------------
[패키지 구조에 따른 PIN 다이오드 특성 분석]
   └ 학회: 한국정보기술학회 (IF: 0.56)"
1781,2023,전기전자공학,224857150,김세영,3,0.0025,0.006218,"[고장에 강건한 위성 탑재 영상레이다 상태천이 설계]
   └ 학회: 한국정보기술학회 (IF: 0.56)
--------------------------------
[위성 탑재 영상레이다의 보정 경로 패턴 합성 기법]
   └ 학회: 한국전자파학회 (IF: 0.4)
--------------------------------
[고기동 위성 탑재 하이브리드 영상레이다 개발]
   └ 학회: 한국전자파학회 (IF: 0.4)"
1782,2023,전기전자공학,247783692,성진봉,3,0.0025,0.006218,"[고장에 강건한 위성 탑재 영상레이다 상태천이 설계]
   └ 학회: 한국정보기술학회 (IF: 0.56)
--------------------------------
[위성 탑재 영상레이다의 보정 경로 패턴 합성 기법]
   └ 학회: 한국전자파학회 (IF: 0.4)
--------------------------------
[고기동 위성 탑재 하이브리드 영상레이다 개발]
   └ 학회: 한국전자파학회 (IF: 0.4)"
1783,2023,전기전자공학,657396563,차헌녕,3,0.0025,0.005653,"[비대칭 PWM 방식을 이용한 이중 승압 기능을 갖는 PFC 컨버터]
   └ 학회: 전력전자학회 (IF: 0.45)
--------------------------------
[스위칭-셀 전류형 백투백 컨버터]
   └ 학회: 전력전자학회 (IF: 0.45)
--------------------------------
[Active Power Decoupling 회로를 갖는 스위칭 셀 전류형 인버터]
   └ 학회: 전력전자학회 (IF: 0.45)"
1784,2023,전기전자공학,278983346,김용연,2,0.0025,0.004522,"[CLES-BERT: 에세이 점수 예측을 위한 대조학습 기반 BERT 모델]
   └ 학회: 한국정보기술학회 (IF: 0.56)
--------------------------------
[에세이 창의성 점수 예측 모델을 위한 학습데이터 구축 방안]
   └ 학회: 한국정보기술학회 (IF: 0.56)"
1785,2023,전기전자공학,646679617,조규남,2,0.0025,0.004522,"[6축 구조의 WiFi5/WiFi6 통신용 빔 방향탐색 및 빔포밍 시스템]
   └ 학회: 한국정보기술학회 (IF: 0.56)
--------------------------------
[패키지 구조에 따른 PIN 다이오드 특성 분석]
   └ 학회: 한국정보기술학회 (IF: 0.56)"
1786,2023,전기전자공학,945864598,채상훈,2,0.0025,0.004522,"[6축 구조의 WiFi5/WiFi6 통신용 빔 방향탐색 및 빔포밍 시스템]
   └ 학회: 한국정보기술학회 (IF: 0.56)
--------------------------------
[패키지 구조에 따른 PIN 다이오드 특성 분석]
   └ 학회: 한국정보기술학회 (IF: 0.56)"
1787,2023,전기전자공학,265809530,이호창,2,0.0025,0.006218,"[고장에 강건한 위성 탑재 영상레이다 상태천이 설계]
   └ 학회: 한국정보기술학회 (IF: 0.56)
--------------------------------
[고기동 위성 탑재 하이브리드 영상레이다 개발]
   └ 학회: 한국전자파학회 (IF: 0.4)"
1788,2023,전기전자공학,283470233,이현익,2,0.0025,0.006218,"[고장에 강건한 위성 탑재 영상레이다 상태천이 설계]
   └ 학회: 한국정보기술학회 (IF: 0.56)
--------------------------------
[고기동 위성 탑재 하이브리드 영상레이다 개발]
   └ 학회: 한국전자파학회 (IF: 0.4)"
1789,2023,전기전자공학,899510999,이종환,2,0.0025,0.006218,"[위성 탑재 영상레이다의 보정 경로 패턴 합성 기법]
   └ 학회: 한국전자파학회 (IF: 0.4)
--------------------------------
[고기동 위성 탑재 하이브리드 영상레이다 개발]
   └ 학회: 한국전자파학회 (IF: 0.4)"
1790,2023,전기전자공학,947158346,이동우,2,0.0025,0.006218,"[위성 탑재 영상레이다의 보정 경로 패턴 합성 기법]
   └ 학회: 한국전자파학회 (IF: 0.4)
--------------------------------
[고기동 위성 탑재 하이브리드 영상레이다 개발]
   └ 학회: 한국전자파학회 (IF: 0.4)"
1791,2023,전기전자공학,814809692,류지호,2,0.0025,0.006218,"[위성 탑재 영상레이다의 보정 경로 패턴 합성 기법]
   └ 학회: 한국전자파학회 (IF: 0.4)
--------------------------------
[고기동 위성 탑재 하이브리드 영상레이다 개발]
   └ 학회: 한국전자파학회 (IF: 0.4)"
1792,2023,전기전자공학,292099320,권대현,1,0.0025,0.004522,"[도플러 저해상도 레이다의 탐지성능 향상을 위한 속도 기반 하이브리드 도플러 처리 기법]
   └ 학회: 한국정보기술학회 (IF: 0.56)"
1793,2023,전기전자공학,942150595,윤기철,1,0.0025,0.004522,"[도플러 저해상도 레이다의 탐지성능 향상을 위한 속도 기반 하이브리드 도플러 처리 기법]
   └ 학회: 한국정보기술학회 (IF: 0.56)"
1794,2023,전기전자공학,145683509,김관성,1,0.0025,0.004522,"[도플러 저해상도 레이다의 탐지성능 향상을 위한 속도 기반 하이브리드 도플러 처리 기법]
   └ 학회: 한국정보기술학회 (IF: 0.56)"
1795,2023,전기전자공학,152782151,김찬홍,1,0.0025,0.004522,"[도플러 저해상도 레이다의 탐지성능 향상을 위한 속도 기반 하이브리드 도플러 처리 기법]
   └ 학회: 한국정보기술학회 (IF: 0.56)"
1796,2023,전기전자공학,168098651,황재완,1,0.0025,0.004522,"[전기차 충전인프라와 전기차 등록의 상관관계를 이용한 효율적 인프라 구축 방안]
   └ 학회: 한국정보기술학회 (IF: 0.56)"
1797,2023,전기전자공학,540402682,임한규,1,0.0025,0.004522,"[전기차 충전인프라와 전기차 등록의 상관관계를 이용한 효율적 인프라 구축 방안]
   └ 학회: 한국정보기술학회 (IF: 0.56)"
1798,2023,전기전자공학,357780859,박은주,1,0.0025,0.004522,"[전기차 충전인프라와 전기차 등록의 상관관계를 이용한 효율적 인프라 구축 방안]
   └ 학회: 한국정보기술학회 (IF: 0.56)"
1799,2023,전기전자공학,178127576,김가은,1,0.0025,0.004522,"[해충 이미지 분류를 위한 멀티스케일 교차 주의집중 비전 트랜스포머]
   └ 학회: 한국정보기술학회 (IF: 0.56)"
1800,2023,전기전자공학,228275751,Duong Thang Long,1,0.0025,0.004522,"[Efficient Multi-Task CNN for Face and Facial Expression Recognition Using Residual and Dense Architectures for Application in Monitoring Online Learning]
   └ 학회: 한국지능시스템학회 (IF: 0.56)"
1801,2023,전기전자공학,600342360,김지윤,1,0.0025,0.005088,"[외부 메모리 어텐션 기반 준지도 비디오 객체 분할]
   └ 학회: 한국방송·미디어공학회 (IF: 0.49)"
1802,2023,전기전자공학,736498463,Laith M. Halabi,1,0.0025,0.005653,"[Reliability Enhancement and Operation Analysis of Hybrid ANPC Inverters Under Multi Fault Tolerance Control]
   └ 학회: 전력전자학회 (IF: 0.45)"
1803,2023,전기전자공학,437428866,이동진,1,0.0025,0.005653,"[태양광 시스템에서 불연속 전압 변조 방법 적용에 따른 단상 5-레벨 T-type NPC 인버터의 전력 반도체 소자의 전력손실 및 열 부하 분석]
   └ 학회: 전력전자학회 (IF: 0.45)"
1804,2023,전기전자공학,4616168,류태림,1,0.0025,0.005653,"[태양광 시스템에서 불연속 전압 변조 방법 적용에 따른 단상 5-레벨 T-type NPC 인버터의 전력 반도체 소자의 전력손실 및 열 부하 분석]
   └ 학회: 전력전자학회 (IF: 0.45)"
1805,2023,전기전자공학,333108869,여가현,1,0.0025,0.005653,"[불연속 전압 변조 방법 적용 범위에 따른 태양광 NPC 인버터의 DC-link 커패시터 신뢰성 분석]
   └ 학회: 전력전자학회 (IF: 0.45)"
1806,2023,전기전자공학,829845540,최재헌,1,0.0025,0.005653,"[불연속 전압 변조 방법 적용 범위에 따른 태양광 NPC 인버터의 DC-link 커패시터 신뢰성 분석]
   └ 학회: 전력전자학회 (IF: 0.45)"
1807,2023,전기전자공학,981216994,김정훈,1,0.0025,0.005653,"[Active Power Decoupling 회로를 갖는 스위칭 셀 전류형 인버터]
   └ 학회: 전력전자학회 (IF: 0.45)"
1808,2023,전기전자공학,183912282,이성진,1,0.0025,0.006218,"[상호운용성과 오정렬에 강인한 고효율 무선전력전송 드론 코일 구조]
   └ 학회: 한국전자파학회 (IF: 0.4)"
1809,2023,전기전자공학,333423365,김동민,1,0.0025,0.006218,"[상호운용성과 오정렬에 강인한 고효율 무선전력전송 드론 코일 구조]
   └ 학회: 한국전자파학회 (IF: 0.4)"
1810,2023,전기전자공학,320594452,김수현,1,0.0025,0.006218,"[상호운용성과 오정렬에 강인한 고효율 무선전력전송 드론 코일 구조]
   └ 학회: 한국전자파학회 (IF: 0.4)"
1811,2023,전기전자공학,108313048,임준환,1,0.0025,0.006218,"[상호운용성과 오정렬에 강인한 고효율 무선전력전송 드론 코일 구조]
   └ 학회: 한국전자파학회 (IF: 0.4)"
1812,2023,전기전자공학,744544613,이정호,1,0.0025,0.006218,"[상호운용성과 오정렬에 강인한 고효율 무선전력전송 드론 코일 구조]
   └ 학회: 한국전자파학회 (IF: 0.4)"
1813,2023,전기전자공학,271522184,노엘조이,1,0.0025,0.006218,"[상호운용성과 오정렬에 강인한 고효율 무선전력전송 드론 코일 구조]
   └ 학회: 한국전자파학회 (IF: 0.4)"
1814,2023,전기전자공학,278029776,김동욱,1,0.0025,0.006218,"[상호운용성과 오정렬에 강인한 고효율 무선전력전송 드론 코일 구조]
   └ 학회: 한국전자파학회 (IF: 0.4)"
1815,2023,전기전자공학,840014604,송주영,1,0.0025,0.006218,"[방위 위치오차 자동 추출을 활용한 SAR 영상 기반 선박의 거리방향 속도 측정]
   └ 학회: 한국전자파학회 (IF: 0.4)"
1816,2023,전기전자공학,851529556,김덕진,1,0.0025,0.006218,"[방위 위치오차 자동 추출을 활용한 SAR 영상 기반 선박의 거리방향 속도 측정]
   └ 학회: 한국전자파학회 (IF: 0.4)"
1817,2023,전기전자공학,976976331,김진우,1,0.0025,0.006218,"[방위 위치오차 자동 추출을 활용한 SAR 영상 기반 선박의 거리방향 속도 측정]
   └ 학회: 한국전자파학회 (IF: 0.4)"
1818,2023,전기전자공학,321671632,전영범,1,0.0025,0.006218,"[방위 위치오차 자동 추출을 활용한 SAR 영상 기반 선박의 거리방향 속도 측정]
   └ 학회: 한국전자파학회 (IF: 0.4)"
1819,2023,전기전자공학,787495678,김종건,1,0.0025,0.006218,"[방위 위치오차 자동 추출을 활용한 SAR 영상 기반 선박의 거리방향 속도 측정]
   └ 학회: 한국전자파학회 (IF: 0.4)"
1820,2023,전기전자공학,706412429,김혁,1,0.0025,0.006218,"[방위 위치오차 자동 추출을 활용한 SAR 영상 기반 선박의 거리방향 속도 측정]
   └ 학회: 한국전자파학회 (IF: 0.4)"
1821,2023,전기전자공학,161106329,김휘송,1,0.0025,0.006218,"[방위 위치오차 자동 추출을 활용한 SAR 영상 기반 선박의 거리방향 속도 측정]
   └ 학회: 한국전자파학회 (IF: 0.4)"
1822,2023,전기전자공학,351830268,이혁빈,1,0.0025,0.006218,"[방위 위치오차 자동 추출을 활용한 SAR 영상 기반 선박의 거리방향 속도 측정]
   └ 학회: 한국전자파학회 (IF: 0.4)"
1823,2023,전기전자공학,172094095,안상호,1,0.0025,0.006218,"[방위 위치오차 자동 추출을 활용한 SAR 영상 기반 선박의 거리방향 속도 측정]
   └ 학회: 한국전자파학회 (IF: 0.4)"
1824,2023,전기전자공학,328119298,이정훈,1,0.0025,0.006218,"[방위 위치오차 자동 추출을 활용한 SAR 영상 기반 선박의 거리방향 속도 측정]
   └ 학회: 한국전자파학회 (IF: 0.4)"
1825,2023,전기전자공학,280308844,김준우,1,0.0025,0.006218,"[방위 위치오차 자동 추출을 활용한 SAR 영상 기반 선박의 거리방향 속도 측정]
   └ 학회: 한국전자파학회 (IF: 0.4)"
1826,2023,전기전자공학,141602495,우종운,1,0.0025,0.006218,"[드론-지상 하이브리드 로봇 시스템 개발 및 검증]
   └ 학회: 한국로봇학회(논문지) (IF: 0.4)"
1827,2023,전기전자공학,635341215,김지훈,1,0.0025,0.006218,"[드론-지상 하이브리드 로봇 시스템 개발 및 검증]
   └ 학회: 한국로봇학회(논문지) (IF: 0.4)"
1828,2023,전기전자공학,272405774,성창현,1,0.0025,0.006218,"[드론-지상 하이브리드 로봇 시스템 개발 및 검증]
   └ 학회: 한국로봇학회(논문지) (IF: 0.4)"
1829,2023,전기전자공학,168351952,김병우,1,0.0025,0.006218,"[드론-지상 하이브리드 로봇 시스템 개발 및 검증]
   └ 학회: 한국로봇학회(논문지) (IF: 0.4)"
1830,2023,전기전자공학,452955099,조동식,2,0.0024,0.004522,"[몰입형 가상 환경에서 버츄얼 핸드 관절 크기 영향 분석]
   └ 학회: 한국정보통신학회 (IF: 0.54)
--------------------------------
[몰입형 가상현실 환경에서 감각 전이에 관한 영향 분석]
   └ 학회: 한국정보통신학회 (IF: 0.54)"
1831,2023,전기전자공학,648325468,Kyoungju Min,2,0.0024,0.004522,"[Optimization for Large-Scale n-ary Family Tree Visualization]
   └ 학회: 한국정보통신학회JICCE (IF: 0.54)
--------------------------------
[Analysis of Impact Between Data Analysis Performance and Database]
   └ 학회: 한국정보통신학회JICCE (IF: 0.54)"
1832,2023,전기전자공학,551771171,Jeongyun Cho,2,0.0024,0.004522,"[Optimization for Large-Scale n-ary Family Tree Visualization]
   └ 학회: 한국정보통신학회JICCE (IF: 0.54)
--------------------------------
[Analysis of Impact Between Data Analysis Performance and Database]
   └ 학회: 한국정보통신학회JICCE (IF: 0.54)"
1833,2023,전기전자공학,281573243,Manho Jung,2,0.0024,0.004522,"[Optimization for Large-Scale n-ary Family Tree Visualization]
   └ 학회: 한국정보통신학회JICCE (IF: 0.54)
--------------------------------
[Analysis of Impact Between Data Analysis Performance and Database]
   └ 학회: 한국정보통신학회JICCE (IF: 0.54)"
1834,2023,전기전자공학,324998354,Hyangbae Lee,2,0.0024,0.004522,"[Optimization for Large-Scale n-ary Family Tree Visualization]
   └ 학회: 한국정보통신학회JICCE (IF: 0.54)
--------------------------------
[Analysis of Impact Between Data Analysis Performance and Database]
   └ 학회: 한국정보통신학회JICCE (IF: 0.54)"
1835,2023,전기전자공학,4598455,김재호,2,0.0024,0.004522,"[심장병질환을 통한 분류 기법 성능비교]
   └ 학회: 한국정보통신학회 (IF: 0.54)
--------------------------------
[물의 음용성 데이터를 통한 분류 기법 성능비교]
   └ 학회: 한국정보통신학회 (IF: 0.54)"
1836,2023,전기전자공학,316970323,김장영,2,0.0024,0.004522,"[심장병질환을 통한 분류 기법 성능비교]
   └ 학회: 한국정보통신학회 (IF: 0.54)
--------------------------------
[물의 음용성 데이터를 통한 분류 기법 성능비교]
   └ 학회: 한국정보통신학회 (IF: 0.54)"
1837,2023,전기전자공학,925747228,GaHyeon Kim,1,0.0024,0.004522,"[몰입형 가상 환경에서 버츄얼 핸드 관절 크기 영향 분석]
   └ 학회: 한국정보통신학회 (IF: 0.54)"
1838,2023,전기전자공학,887061074,JuYoung Kim,1,0.0024,0.004522,"[몰입형 가상 환경에서 버츄얼 핸드 관절 크기 영향 분석]
   └ 학회: 한국정보통신학회 (IF: 0.54)"
1839,2023,전기전자공학,634269161,임종화,1,0.0024,0.004522,"[대전 IT기업의 입지 이동과 특성]
   └ 학회: 한국정보통신학회 (IF: 0.54)"
1840,2023,전기전자공학,437296200,박재수,1,0.0024,0.004522,"[대전 IT기업의 입지 이동과 특성]
   └ 학회: 한국정보통신학회 (IF: 0.54)"
1841,2023,전기전자공학,745957206,박정용,1,0.0024,0.004522,"[대전 IT기업의 입지 이동과 특성]
   └ 학회: 한국정보통신학회 (IF: 0.54)"
1842,2023,전기전자공학,132949821,제예,5,0.0023,0.004522,"[Research on the Correlation Between the Alienation Effect and Immersion of Breaking the Fourth Wall in Games]
   └ 학회: 국제인공지능학회 (IF: 0.51)
--------------------------------
[A Study on the Adaptability of Shadow Puppet Elements to Side-Scrolling Games]
   └ 학회: 국제인공지능학회 (IF: 0.51)
--------------------------------
[Study on the Influence of the Language Symbols on Side-Scrolling Puzzle Games - Focused on the Players' Empathy]
   └ 학회: 국제인공지능학회 (IF: 0.51)
--------------------------------
[Study on the Influence of the Fourth Wall on the Player's Gaming Experience in Side-Scrolling Games]
   └ 학회: 국제인공지능학회 (IF: 0.51)
--------------------------------
[A Study Based on Alienation Theory to Analyze Different Modes in Meta-Fictional Games]
   └ 학회: 국제인공지능학회 (IF: 0.51)"
1843,2023,전기전자공학,384196326,이종우,5,0.0023,0.005653,"[광케이블의 선형분포음향검지기술을 이용한 열차추적검지시스템]
   └ 학회: 한국도시철도학회 (IF: 0.4)
--------------------------------
[궤도회로 경계 구간에서 S-bond 공진회로 특성에 관한 연구]
   └ 학회: 대한전기학회 (IF: 0.39)
--------------------------------
[철도 급전용 Power Cables 임피던스 계산 방법에 관한 연구]
   └ 학회: 대한전기학회 (IF: 0.39)
--------------------------------
[페트리네트를 이용한 철도신호 연동논리 모델링에 관한 연구]
   └ 학회: 대한전기학회 (IF: 0.39)
--------------------------------
[고속열차 정위치 정차를 위한 레이저 센서 적용성 평가]
   └ 학회: 대한전기학회 (IF: 0.39)"
1844,2023,전기전자공학,215074232,박성준,3,0.0023,0.004522,"[귀농인들의 정착 과정을 위한 스마트팜 메타버스 게임]
   └ 학회: 국제인공지능학회 (IF: 0.51)
--------------------------------
[동적‧정적 게임 요소의 퓨전을 통한 RTTC 시스템]
   └ 학회: 국제인공지능학회 (IF: 0.51)
--------------------------------
[혼합현실 기반의 노인을 위한 근골격계 재활 운동 플랫폼]
   └ 학회: 국제인공지능학회 (IF: 0.51)"
1845,2023,전기전자공학,250454185,김영곤,3,0.0023,0.004522,"[이기종 네트워크 장치를 사용하는 시스템의 효율적인 관리를 위한 로그 수집 방법]
   └ 학회: 국제인공지능학회 (IF: 0.51)
--------------------------------
[K-means 클러스터링과 트랜스포머 기반의 교차 도메인 추천]
   └ 학회: 국제인공지능학회 (IF: 0.51)
--------------------------------
[IS 감리 품질 향상을 위한 성숙도 기반의 평가 모델 플랫폼]
   └ 학회: 국제인공지능학회 (IF: 0.51)"
1846,2023,전기전자공학,616656349,최규형,3,0.0023,0.005653,"[열차 출입문 열림제어를 위한 ODL 전송특성에 대한 연구]
   └ 학회: 한국도시철도학회 (IF: 0.4)
--------------------------------
[광케이블의 선형분포음향검지기술을 이용한 열차추적검지시스템]
   └ 학회: 한국도시철도학회 (IF: 0.4)
--------------------------------
[FMECA를 이용한 선로전환기 시스템의 신뢰도 향상]
   └ 학회: 대한전기학회 (IF: 0.39)"
1847,2023,전기전자공학,634011744,Seong-Hoon Lee,2,0.0023,0.004522,"[Characteristic Analysis and Development Direction for Defense UAVs]
   └ 학회: 국제인공지능학회 (IF: 0.51)
--------------------------------
[Impact Analysis of Internet Addiction on Students' Academic Performance]
   └ 학회: 국제인공지능학회 (IF: 0.51)"
1848,2023,전기전자공학,115383953,Seung-Ho Lee,1,0.0023,0.004522,"[AI-BASED Monitoring Of New Plant Growth Management System Design]
   └ 학회: 국제인공지능학회 (IF: 0.51)"
1849,2023,전기전자공학,322029571,Seung-Jung Shin,1,0.0023,0.004522,"[AI-BASED Monitoring Of New Plant Growth Management System Design]
   └ 학회: 국제인공지능학회 (IF: 0.51)"
1850,2023,전기전자공학,332616511,Hyokyung Bahn,1,0.0023,0.004522,"[Memory Allocation in Mobile Multitasking Environments with Real-time Constraints]
   └ 학회: 국제인공지능학회 (IF: 0.51)"
1851,2023,전기전자공학,531533986,Dong-Woo Lee,1,0.0023,0.004522,"[Impact Analysis of Internet Addiction on Students' Academic Performance]
   └ 학회: 국제인공지능학회 (IF: 0.51)"
1852,2023,전기전자공학,500977539,이고은,1,0.0023,0.004522,"[귀농인들의 정착 과정을 위한 스마트팜 메타버스 게임]
   └ 학회: 국제인공지능학회 (IF: 0.51)"
1853,2023,전기전자공학,604467605,김윤섭,1,0.0023,0.004522,"[귀농인들의 정착 과정을 위한 스마트팜 메타버스 게임]
   └ 학회: 국제인공지능학회 (IF: 0.51)"
1854,2023,전기전자공학,908392192,뮨영성,1,0.0023,0.004522,"[귀농인들의 정착 과정을 위한 스마트팜 메타버스 게임]
   └ 학회: 국제인공지능학회 (IF: 0.51)"
1855,2023,전기전자공학,177267630,임효택,1,0.0023,0.004522,"[귀농인들의 정착 과정을 위한 스마트팜 메타버스 게임]
   └ 학회: 국제인공지능학회 (IF: 0.51)"
1856,2023,전기전자공학,910547292,양재호,1,0.0023,0.004522,"[이기종 네트워크 장치를 사용하는 시스템의 효율적인 관리를 위한 로그 수집 방법]
   └ 학회: 국제인공지능학회 (IF: 0.51)"
1857,2023,전기전자공학,679660906,남정원,1,0.0023,0.004522,"[업적 시스템을 강조한 2D 플랫포머 게임 개발]
   └ 학회: 국제인공지능학회 (IF: 0.51)"
1858,2023,전기전자공학,523298651,김혜천,1,0.0023,0.005088,"[공통 모드 전압 및 THD를 고려한 계통연계형 3레벨 NPC 인버터의 운용 알고리즘 연구]
   └ 학회: 전력전자학회 (IF: 0.45)"
1859,2023,전기전자공학,661148460,박정욱,1,0.0023,0.005088,"[공통 모드 전압 및 THD를 고려한 계통연계형 3레벨 NPC 인버터의 운용 알고리즘 연구]
   └ 학회: 전력전자학회 (IF: 0.45)"
1860,2023,전기전자공학,762804417,이수환,1,0.0023,0.005653,"[광케이블의 선형분포음향검지기술을 이용한 열차추적검지시스템]
   └ 학회: 한국도시철도학회 (IF: 0.4)"
1861,2023,전기전자공학,914537536,김유호,1,0.0023,0.005653,"[광케이블의 선형분포음향검지기술을 이용한 열차추적검지시스템]
   └ 학회: 한국도시철도학회 (IF: 0.4)"
1862,2023,전기전자공학,744623294,이남형,1,0.0023,0.005653,"[광케이블의 선형분포음향검지기술을 이용한 열차추적검지시스템]
   └ 학회: 한국도시철도학회 (IF: 0.4)"
1863,2023,전기전자공학,851641579,이대규,1,0.0023,0.005653,"[다층 환경에서의 라스트 마일 배송 서비스를 위한 경로 계획 및 엘리베이터 탑승 알고리즘]
   └ 학회: 한국로봇학회(논문지) (IF: 0.4)"
1864,2023,전기전자공학,968657323,강규리,1,0.0023,0.005653,"[다층 환경에서의 라스트 마일 배송 서비스를 위한 경로 계획 및 엘리베이터 탑승 알고리즘]
   └ 학회: 한국로봇학회(논문지) (IF: 0.4)"
1865,2023,전기전자공학,341437079,김태진,1,0.0023,0.005653,"[다층 환경에서의 라스트 마일 배송 서비스를 위한 경로 계획 및 엘리베이터 탑승 알고리즘]
   └ 학회: 한국로봇학회(논문지) (IF: 0.4)"
1866,2023,전기전자공학,776477437,정훈,1,0.0023,0.005653,"[다층 환경에서의 라스트 마일 배송 서비스를 위한 경로 계획 및 엘리베이터 탑승 알고리즘]
   └ 학회: 한국로봇학회(논문지) (IF: 0.4)"
1867,2023,전기전자공학,966001460,김은혜,1,0.0023,0.005653,"[다층 환경에서의 라스트 마일 배송 서비스를 위한 경로 계획 및 엘리베이터 탑승 알고리즘]
   └ 학회: 한국로봇학회(논문지) (IF: 0.4)"
1868,2023,전기전자공학,198573539,문원식,6,0.0022,0.005653,"[신뢰성 민감도 분석을 이용한 MVDC 변환소 유지보수 전략선정 방안]
   └ 학회: 대한전기학회 (IF: 0.39)
--------------------------------
[수직형 태양광발전 기술동향 (전기설비융복합연구회)]
   └ 학회: 대한전기학회 (IF: 0.39)
--------------------------------
[동-서 지향형 태양광발전 활용기술]
   └ 학회: 대한전기학회 (IF: 0.39)
--------------------------------
[수직형 태양광발전을 이용한 수용성 분석]
   └ 학회: 대한전기학회 (IF: 0.39)
--------------------------------
[태양광 발전 계통운전 유지 기능과 배전계통 보호]
   └ 학회: 대한전기학회 (IF: 0.39)
--------------------------------
[태양광발전 수용성 향상을 위한 배전계통에서의 ESS Aggressive 전압-무효전력 제어 방안 적용]
   └ 학회: 대한전기학회 (IF: 0.39)"
1869,2023,전기전자공학,804402340,황민,3,0.0022,0.005653,"[전기설비 안전관리를 위한 무정전상태의 안전등급 적용방안 연구]
   └ 학회: 대한전기학회 (IF: 0.39)
--------------------------------
[저압 개폐서지 특성 분석을 통한 저압기계기구 소손예방에 관한 연구]
   └ 학회: 대한전기학회 (IF: 0.39)
--------------------------------
[사용후 배터리 산업 활성화와 안전 확보를 위한 제언]
   └ 학회: 대한전기학회 (IF: 0.39)"
1870,2023,전기전자공학,706564311,이한민,3,0.0022,0.005653,"[철도 상태기반 전동차 에너지 특성 분석 연구]
   └ 학회: 대한전기학회 (IF: 0.39)
--------------------------------
[직류 도시철도 전압 제어에 따른 변전소 전력효율 향상 연구]
   └ 학회: 대한전기학회 (IF: 0.39)
--------------------------------
[전기철도시스템 HILS 플랫폼 기반 철도 에너지저장장치 가상운영 연구]
   └ 학회: 대한전기학회 (IF: 0.39)"
1871,2023,전기전자공학,426842407,김영석,2,0.0022,0.005653,"[전기설비 안전관리를 위한 무정전상태의 안전등급 적용방안 연구]
   └ 학회: 대한전기학회 (IF: 0.39)
--------------------------------
[사용후 배터리 산업 활성화와 안전 확보를 위한 제언]
   └ 학회: 대한전기학회 (IF: 0.39)"
1872,2023,전기전자공학,517780012,박범도,2,0.0022,0.005653,"[트랙션용 다자유도 구형 전동기의 구동을 위한 간접 벡터 제어 연구]
   └ 학회: 대한전기학회 (IF: 0.39)
--------------------------------
[트랙션용 다자유도 구형 전동기의 동작 안정성 향상을 위한 제어 기법 연구]
   └ 학회: 대한전기학회 (IF: 0.39)"
1873,2023,전기전자공학,532097764,권용재,2,0.0022,0.005653,"[트랙션용 다자유도 구형 전동기의 구동을 위한 간접 벡터 제어 연구]
   └ 학회: 대한전기학회 (IF: 0.39)
--------------------------------
[트랙션용 다자유도 구형 전동기의 동작 안정성 향상을 위한 제어 기법 연구]
   └ 학회: 대한전기학회 (IF: 0.39)"
1874,2023,전기전자공학,774329805,박승우,2,0.0022,0.005653,"[다자유도 구형 트랙션 전동기의 틸팅 안정성 향상을 위한 구조에 관한 연구]
   └ 학회: 대한전기학회 (IF: 0.39)
--------------------------------
[트랙션용 다자유도 구형 전동기의 동작 안정성 향상을 위한 제어 기법 연구]
   └ 학회: 대한전기학회 (IF: 0.39)"
1875,2023,전기전자공학,661677867,김재원,2,0.0022,0.005653,"[하이브리드 철도차량의 ECMS 기반 소비에너지 최적화 연구]
   └ 학회: 대한전기학회 (IF: 0.39)
--------------------------------
[전기철도시스템 HILS 플랫폼 기반 철도 에너지저장장치 가상운영 연구]
   └ 학회: 대한전기학회 (IF: 0.39)"
1876,2023,전기전자공학,797931321,박진혁,2,0.0022,0.005653,"[수소 연료 전지 기관차용 Partial Power DC-DC 컨버터 설계 및 검증]
   └ 학회: 대한전기학회 (IF: 0.39)
--------------------------------
[전기철도시스템 HILS 플랫폼 기반 철도 에너지저장장치 가상운영 연구]
   └ 학회: 대한전기학회 (IF: 0.39)"
1877,2023,전기전자공학,429948159,조동일,2,0.0022,0.005653,"[신뢰성 민감도 분석을 이용한 MVDC 변환소 유지보수 전략선정 방안]
   └ 학회: 대한전기학회 (IF: 0.39)
--------------------------------
[태양광발전 수용성 향상을 위한 배전계통에서의 ESS Aggressive 전압-무효전력 제어 방안 적용]
   └ 학회: 대한전기학회 (IF: 0.39)"
1878,2023,전기전자공학,711457474,김재철,2,0.0022,0.005653,"[신뢰성 민감도 분석을 이용한 MVDC 변환소 유지보수 전략선정 방안]
   └ 학회: 대한전기학회 (IF: 0.39)
--------------------------------
[태양광발전 수용성 향상을 위한 배전계통에서의 ESS Aggressive 전압-무효전력 제어 방안 적용]
   └ 학회: 대한전기학회 (IF: 0.39)"
1879,2023,전기전자공학,453124386,남태양,2,0.0022,0.005653,"[신뢰성 민감도 분석을 이용한 MVDC 변환소 유지보수 전략선정 방안]
   └ 학회: 대한전기학회 (IF: 0.39)
--------------------------------
[태양광발전 수용성 향상을 위한 배전계통에서의 ESS Aggressive 전압-무효전력 제어 방안 적용]
   └ 학회: 대한전기학회 (IF: 0.39)"
1880,2023,전기전자공학,396519865,황승혜,2,0.0022,0.005653,"[Viologen 음극 전해질의 비대칭성 치환기가 레독스 플로우 특성에 미치는 영향]
   └ 학회: 대한전기학회 (IF: 0.39)
--------------------------------
[전류인가와 전압 측정 단자의 분리 설계를 통한 리튬 이차 전지의 급속 충전 성능 향상]
   └ 학회: 대한전기학회 (IF: 0.39)"
1881,2023,전기전자공학,196291609,진창수,2,0.0022,0.005653,"[Viologen 음극 전해질의 비대칭성 치환기가 레독스 플로우 특성에 미치는 영향]
   └ 학회: 대한전기학회 (IF: 0.39)
--------------------------------
[전류인가와 전압 측정 단자의 분리 설계를 통한 리튬 이차 전지의 급속 충전 성능 향상]
   └ 학회: 대한전기학회 (IF: 0.39)"
1882,2023,전기전자공학,398027483,모영규,2,0.0022,0.005653,"[저압 개폐서지 특성 분석을 통한 저압기계기구 소손예방에 관한 연구]
   └ 학회: 대한전기학회 (IF: 0.39)
--------------------------------
[사용후 배터리 산업 활성화와 안전 확보를 위한 제언]
   └ 학회: 대한전기학회 (IF: 0.39)"
1883,2023,전기전자공학,362721823,우필성,2,0.0022,0.005653,"[저압 개폐서지 특성 분석을 통한 저압기계기구 소손예방에 관한 연구]
   └ 학회: 대한전기학회 (IF: 0.39)
--------------------------------
[사용후 배터리 산업 활성화와 안전 확보를 위한 제언]
   └ 학회: 대한전기학회 (IF: 0.39)"
1884,2023,전기전자공학,347233793,김창환,1,0.0022,0.005653,"[유도전동기의 슬롯 조합에 따른 진동/소음 특성 분석]
   └ 학회: 대한전기학회 (IF: 0.39)"
1885,2023,전기전자공학,674695841,추용하,1,0.0022,0.005653,"[유도전동기의 슬롯 조합에 따른 진동/소음 특성 분석]
   └ 학회: 대한전기학회 (IF: 0.39)"
1886,2023,전기전자공학,722547619,윤경환,1,0.0022,0.005653,"[유도전동기의 슬롯 조합에 따른 진동/소음 특성 분석]
   └ 학회: 대한전기학회 (IF: 0.39)"
1887,2023,전기전자공학,600464760,이상진,1,0.0022,0.005653,"[유도전동기의 슬롯 조합에 따른 진동/소음 특성 분석]
   └ 학회: 대한전기학회 (IF: 0.39)"
1888,2023,전기전자공학,668360616,이치우,1,0.0022,0.005653,"[유도전동기의 슬롯 조합에 따른 진동/소음 특성 분석]
   └ 학회: 대한전기학회 (IF: 0.39)"
1889,2023,전기전자공학,212240323,안정훈,1,0.0022,0.005653,"[안전한 에너지 사회를 위한 BMS 기술의 현재와 미래]
   └ 학회: 대한전기학회 (IF: 0.39)"
1890,2023,전기전자공학,347416343,김재혁,1,0.0022,0.005653,"[트랙션용 다자유도 구형 전동기의 구동을 위한 간접 벡터 제어 연구]
   └ 학회: 대한전기학회 (IF: 0.39)"
1891,2023,전기전자공학,115818836,이택수,1,0.0022,0.005653,"[다자유도 구형 트랙션 전동기의 틸팅 안정성 향상을 위한 구조에 관한 연구]
   └ 학회: 대한전기학회 (IF: 0.39)"
1892,2023,전기전자공학,5478796,문주형,1,0.0022,0.005653,"[다자유도 구형 트랙션 전동기의 틸팅 안정성 향상을 위한 구조에 관한 연구]
   └ 학회: 대한전기학회 (IF: 0.39)"
1893,2023,전기전자공학,832821337,조환희,1,0.0022,0.005653,"[전기철도시스템 HILS 플랫폼 기반 철도 에너지저장장치 가상운영 연구]
   └ 학회: 대한전기학회 (IF: 0.39)"
1894,2023,전기전자공학,1909134,송민섭,1,0.0022,0.005653,"[전기철도시스템 HILS 플랫폼 기반 철도 에너지저장장치 가상운영 연구]
   └ 학회: 대한전기학회 (IF: 0.39)"
1895,2023,전기전자공학,534833610,오민성,1,0.0022,0.005653,"[Viologen 음극 전해질의 비대칭성 치환기가 레독스 플로우 특성에 미치는 영향]
   └ 학회: 대한전기학회 (IF: 0.39)"
1896,2023,전기전자공학,734954974,신경희,1,0.0022,0.005653,"[Viologen 음극 전해질의 비대칭성 치환기가 레독스 플로우 특성에 미치는 영향]
   └ 학회: 대한전기학회 (IF: 0.39)"
1897,2023,전기전자공학,1350631,김성수,1,0.0022,0.005653,"[Viologen 음극 전해질의 비대칭성 치환기가 레독스 플로우 특성에 미치는 영향]
   └ 학회: 대한전기학회 (IF: 0.39)"
1898,2023,전기전자공학,711706199,이재용,2,0.002,0.005088,"[능동위상배열 안테나의 배열면 고속 정렬에 관한 연구]
   └ 학회: 한국정보기술학회 (IF: 0.56)
--------------------------------
[디지털 능동배열레이다의 빔형성을 위한 고정소수점 기반 빔형성 계수 연산기 설계 및 성능 분석]
   └ 학회: 한국전자파학회 (IF: 0.4)"
1899,2023,전기전자공학,787452759,김철수,2,0.002,0.005088,"[5G 대역 차폐 및 흡수 소재 측정 기술 및 장비]
   └ 학회: 한국전자파학회 (IF: 0.4)
--------------------------------
[마이크로스트립 선로를 이용한 EMI 시트의 광대역 자기장 차폐 측정 방법]
   └ 학회: 한국전자파학회 (IF: 0.4)"
1900,2023,전기전자공학,518055255,박종배,2,0.002,0.005088,"[신재생에너지 직접 전력구매계약(PPA)의 송전 이용요금 산정 방법]
   └ 학회: 대한전기학회 (IF: 0.39)
--------------------------------
[인공지능 기반 통계적 방법을 이용한 국내 단기 REC 현물시장 가격 예측]
   └ 학회: 대한전기학회 (IF: 0.39)"
1901,2023,전기전자공학,838201913,최종인,1,0.002,0.005088,"[5G용 위상 조절이 가능한 4T4R 섹터 안테나]
   └ 학회: 한국전자파학회 (IF: 0.4)"
1902,2023,전기전자공학,704171501,이범선,1,0.002,0.005088,"[5G용 위상 조절이 가능한 4T4R 섹터 안테나]
   └ 학회: 한국전자파학회 (IF: 0.4)"
1903,2023,전기전자공학,680001239,양태원,1,0.002,0.005088,"[디지털 능동배열레이다의 빔형성을 위한 고정소수점 기반 빔형성 계수 연산기 설계 및 성능 분석]
   └ 학회: 한국전자파학회 (IF: 0.4)"
1904,2023,전기전자공학,139615413,배찬희,1,0.002,0.005088,"[디지털 능동배열레이다의 빔형성을 위한 고정소수점 기반 빔형성 계수 연산기 설계 및 성능 분석]
   └ 학회: 한국전자파학회 (IF: 0.4)"
1905,2023,전기전자공학,206891835,강성모,1,0.002,0.005088,"[디지털 능동배열레이다의 빔형성을 위한 고정소수점 기반 빔형성 계수 연산기 설계 및 성능 분석]
   └ 학회: 한국전자파학회 (IF: 0.4)"
1906,2023,전기전자공학,705087910,강민교,1,0.002,0.005088,"[다중 로봇 제조 물류 작업을 위한 안전성과 효율성 학습]
   └ 학회: 한국로봇학회(논문지) (IF: 0.4)"
1907,2023,전기전자공학,463099400,황병창,1,0.002,0.005088,"[시각 동기된 다중 양방향 TMDS 데이터 전송기능을 갖는 IED용 TSMB 버스 시스템의 구현 및 성능분석]
   └ 학회: 대한전기학회 (IF: 0.39)"
1908,2023,전기전자공학,581573702,민병기,1,0.002,0.005088,"[시각 동기된 다중 양방향 TMDS 데이터 전송기능을 갖는 IED용 TSMB 버스 시스템의 구현 및 성능분석]
   └ 학회: 대한전기학회 (IF: 0.39)"
1909,2023,전기전자공학,514558251,김동준,1,0.002,0.005088,"[시각 동기된 다중 양방향 TMDS 데이터 전송기능을 갖는 IED용 TSMB 버스 시스템의 구현 및 성능분석]
   └ 학회: 대한전기학회 (IF: 0.39)"
1910,2023,전기전자공학,761566433,윤종호,1,0.002,0.005088,"[시각 동기된 다중 양방향 TMDS 데이터 전송기능을 갖는 IED용 TSMB 버스 시스템의 구현 및 성능분석]
   └ 학회: 대한전기학회 (IF: 0.39)"
1911,2023,전기전자공학,574788931,이재일,1,0.002,0.005088,"[제주지역 자가소비 측면에서의 옥상 태양광 발전시스템 운영 결과 분석]
   └ 학회: 대한전기학회 (IF: 0.39)"
1912,2023,전기전자공학,598362437,이용승,1,0.002,0.005088,"[계절적 특성을 고려한 재생에너지 잉여전력 분석에 관한 연구]
   └ 학회: 대한전기학회 (IF: 0.39)"
1913,2023,전기전자공학,5398830,김동현,1,0.002,0.005088,"[신재생에너지 직접 전력구매계약(PPA)의 송전 이용요금 산정 방법]
   └ 학회: 대한전기학회 (IF: 0.39)"
1914,2023,전기전자공학,738900668,박채운,1,0.002,0.005088,"[신재생에너지 직접 전력구매계약(PPA)의 송전 이용요금 산정 방법]
   └ 학회: 대한전기학회 (IF: 0.39)"
1915,2023,전기전자공학,455820875,노재형,1,0.002,0.005088,"[신재생에너지 직접 전력구매계약(PPA)의 송전 이용요금 산정 방법]
   └ 학회: 대한전기학회 (IF: 0.39)"
1916,2023,전기전자공학,627603409,노수영,1,0.002,0.005088,"[저가형 HILS(Hardware-In Loop Simulation) 시스템을 활용한 제어기 설계 및 성능 검증 기법]
   └ 학회: 대한전기학회 (IF: 0.39)"
1917,2023,전기전자공학,125867853,김창현,1,0.002,0.005088,"[저가형 HILS(Hardware-In Loop Simulation) 시스템을 활용한 제어기 설계 및 성능 검증 기법]
   └ 학회: 대한전기학회 (IF: 0.39)"
1918,2023,전기전자공학,726244,이수호,1,0.002,0.005088,"[재생에너지 수용률을 고려한 EV 스테이션의 적정 용량 산정방안]
   └ 학회: 대한전기학회 (IF: 0.39)"
1919,2023,전기전자공학,322674196,김동관,1,0.002,0.005088,"[어텐션 계층을 통해 이미지에서 코드 생성 기술 향상]
   └ 학회: 대한전기학회 (IF: 0.39)"
1920,2023,전기전자공학,733669552,이용승,1,0.002,0.005088,"[전력망의 재생에너지 수용능력 확대를 위한 풍력 발전 적정 비중과 증가 방안]
   └ 학회: 대한전기학회 (IF: 0.39)"
1921,2023,전기전자공학,589908412,이용승,1,0.002,0.005088,"[중장기 재생에너지 잉여전력 전망 방법론 개발]
   └ 학회: 대한전기학회 (IF: 0.39)"
1922,2023,전기전자공학,633352694,구본길,1,0.002,0.005088,"[밀도 추정에 기반한 전력계통 증감발률 유연성 분석]
   └ 학회: 대한전기학회 (IF: 0.39)"
1923,2023,전기전자공학,302746972,문희성,1,0.002,0.005088,"[밀도 추정에 기반한 전력계통 증감발률 유연성 분석]
   └ 학회: 대한전기학회 (IF: 0.39)"
1924,2023,전기전자공학,855617402,남수철,1,0.002,0.005088,"[밀도 추정에 기반한 전력계통 증감발률 유연성 분석]
   └ 학회: 대한전기학회 (IF: 0.39)"
1925,2023,전기전자공학,662960773,서재완,1,0.002,0.005088,"[밀도 추정에 기반한 전력계통 증감발률 유연성 분석]
   └ 학회: 대한전기학회 (IF: 0.39)"
1926,2023,전기전자공학,379033465,이승민,1,0.002,0.005088,"[수직형 태양광발전 연구사례 및 시사점]
   └ 학회: 대한전기학회 (IF: 0.39)"
1927,2023,전기전자공학,968113005,이의찬,1,0.002,0.005088,"[수직형 태양광발전 연구사례 및 시사점]
   └ 학회: 대한전기학회 (IF: 0.39)"
1928,2023,전기전자공학,957970918,이정훈,1,0.002,0.005088,"[수직형 태양광발전 연구사례 및 시사점]
   └ 학회: 대한전기학회 (IF: 0.39)"
1929,2023,전기전자공학,729895395,정영민,1,0.002,0.005088,"[동적 부하모델 전력계통 주파수 및 관성 영향에 관한 연구]
   └ 학회: 대한전기학회 (IF: 0.39)"
1930,2023,전기전자공학,262063724,김한영,1,0.002,0.005088,"[동적 부하모델 전력계통 주파수 및 관성 영향에 관한 연구]
   └ 학회: 대한전기학회 (IF: 0.39)"
1931,2023,전기전자공학,653763111,이동호,1,0.002,0.005088,"[동적 부하모델 전력계통 주파수 및 관성 영향에 관한 연구]
   └ 학회: 대한전기학회 (IF: 0.39)"
1932,2023,전기전자공학,293615238,정상용,3,0.0018,0.004522,"[와전류 효과에 따른 버니어 모터와 동기기의 전자계 성능 및 손실 특성 비교 분석]
   └ 학회: 대한전기학회 (IF: 0.39)
--------------------------------
[계자권선형 동기전동기의 극 슬롯 조합에 따른 전자계 특성 비교]
   └ 학회: 대한전기학회 (IF: 0.39)
--------------------------------
[기어비 변환을 고려한 마그네틱 기어의 전자석 자화 방향에 따른 영구자석 적용]
   └ 학회: 대한전기학회 (IF: 0.39)"
1933,2023,전기전자공학,802765302,윤한준,2,0.0018,0.004522,"[와전류 효과에 따른 버니어 모터와 동기기의 전자계 성능 및 손실 특성 비교 분석]
   └ 학회: 대한전기학회 (IF: 0.39)
--------------------------------
[계자권선형 동기전동기의 극 슬롯 조합에 따른 전자계 특성 비교]
   └ 학회: 대한전기학회 (IF: 0.39)"
1934,2023,전기전자공학,452414459,황명하,2,0.0018,0.004522,"[EnterRPA: Open-Source Robotic Process Automation for Enterprise]
   └ 학회: 대한전기학회 (IF: 0.39)
--------------------------------
[SMART-ID: R&D 기관 식별을 위한 BERT 응용 기반 시멘틱 매칭]
   └ 학회: 대한전기학회 (IF: 0.39)"
1935,2023,전기전자공학,736010,김남호,1,0.0018,0.004522,"[와전류 효과에 따른 버니어 모터와 동기기의 전자계 성능 및 손실 특성 비교 분석]
   └ 학회: 대한전기학회 (IF: 0.39)"
1936,2023,전기전자공학,847230656,김찬호,1,0.0018,0.004522,"[와전류 효과에 따른 버니어 모터와 동기기의 전자계 성능 및 손실 특성 비교 분석]
   └ 학회: 대한전기학회 (IF: 0.39)"
1937,2023,전기전자공학,825197178,지태혁,1,0.0018,0.004522,"[와전류 효과에 따른 버니어 모터와 동기기의 전자계 성능 및 손실 특성 비교 분석]
   └ 학회: 대한전기학회 (IF: 0.39)"
1938,2023,전기전자공학,991683868,오호진,1,0.0018,0.004522,"[와전류 효과에 따른 버니어 모터와 동기기의 전자계 성능 및 손실 특성 비교 분석]
   └ 학회: 대한전기학회 (IF: 0.39)"
1939,2023,전기전자공학,867190125,신창용,1,0.0018,0.004522,"[단일 클러스터 다중안테나 비직교 다중접속 전송]
   └ 학회: 대한전기학회 (IF: 0.39)"
1940,2023,전기전자공학,140986572,김태경,1,0.0018,0.004522,"[필터링이 적용된 이미지 증대 기법을 통한 태양전지 결함 탐지 시스템]
   └ 학회: 대한전기학회 (IF: 0.39)"
1941,2023,전기전자공학,878619019,박소진,1,0.0018,0.004522,"[복합에너지 허브 내외부 고장에 따른 전력계통 안정도 영향에 관한 연구]
   └ 학회: 대한전기학회 (IF: 0.39)"
1942,2023,전기전자공학,981555063,장광선,1,0.0018,0.004522,"[SMART-ID: R&D 기관 식별을 위한 BERT 응용 기반 시멘틱 매칭]
   └ 학회: 대한전기학회 (IF: 0.39)"
1943,2023,전기전자공학,154834444,김윤정,1,0.0018,0.004522,"[SMART-ID: R&D 기관 식별을 위한 BERT 응용 기반 시멘틱 매칭]
   └ 학회: 대한전기학회 (IF: 0.39)"
1944,2023,전기전자공학,856338049,정영수,7,0.0,0.0,"[평면 방정식을 이용한 S&P 잡음제거 필터 알고리즘]
   └ 학회: 한국정보통신학회 (IF: 0.54)
--------------------------------
[변형된 마스크와 유사 화소 간 그룹화를 통한 S&P 잡음 영상 복원]
   └ 학회: 한국정보통신학회 (IF: 0.54)
--------------------------------
[영상의 영역 특성을 이용한 랜덤 임펄스 잡음 제거 필터]
   └ 학회: 한국정보통신학회 (IF: 0.54)
--------------------------------
[RTOS를 기반한 실시간 대기 환경 원격 모니터링 시스템]
   └ 학회: 한국정보통신학회 (IF: 0.54)
--------------------------------
[공간 및 적응적 가중치를 이용한 AWGN 제거 알고리즘]
   └ 학회: 한국정보통신학회 (IF: 0.54)
--------------------------------
[클러스터링을 이용한 고밀도 Salt and Pepper 잡음 제거]
   └ 학회: 한국정보통신학회 (IF: 0.54)
--------------------------------
[임펄스 잡음 제거를 위한 화소 유사성을 기반한 개선된 보간 필터]
   └ 학회: 한국정보통신학회 (IF: 0.54)"
1945,2023,전기전자공학,773685320,박명훈,6,0.0,0.0,"[레이다 성능과 연관된 대기상태 분석]
   └ 학회: 한국정보통신학회 (IF: 0.54)
--------------------------------
[빔 조향에 따른 레이다 성능 변화에 관한 연구]
   └ 학회: 한국정보통신학회 (IF: 0.54)
--------------------------------
[다중경로 환경에서의 레이다 성능 분석 도구 개발 및 활용]
   └ 학회: 한국정보통신학회 (IF: 0.54)
--------------------------------
[탄도탄 조기 경보 레이다 성능 분석 도구 개발 및 활용]
   └ 학회: 한국정보통신학회 (IF: 0.54)
--------------------------------
[국내 대기 관측 데이터를 활용한 레이다 성능 분석]
   └ 학회: 한국전자파학회 (IF: 0.4)
--------------------------------
[국내 대기 환경을 반영한 레이다 성능 분석도구 개발 및 활용]
   └ 학회: 한국전자파학회 (IF: 0.4)"
1946,2023,전기전자공학,665548641,김능회,6,0.0,0.0,"[Cost-Benefit based User Review Selection Method]
   └ 학회: 국제인공지능학회 (IF: 0.51)
--------------------------------
[실시간 스트리밍 서비스에서 신조어 정보 제공 시스템]
   └ 학회: 국제인공지능학회 (IF: 0.51)
--------------------------------
[확장된 개인 데이터를 활용한 OTT 서비스 추천 시스템]
   └ 학회: 국제인공지능학회 (IF: 0.51)
--------------------------------
[데이터 저장소를 이용한 이상치 및 결측치 보정 시스템]
   └ 학회: 국제인공지능학회 (IF: 0.51)
--------------------------------
[ChatGPT를 활용한 영농 일지 지원 방법]
   └ 학회: 국제인공지능학회 (IF: 0.51)
--------------------------------
[당뇨병 환자의 라이프로그 데이터를 이용한 식단 추천 시스템]
   └ 학회: 국제인공지능학회 (IF: 0.51)"
1947,2023,전기전자공학,922746128,김효성,6,0.0,0.0,"[저압직류계통에서 용량성 부하의 차단아크 특성]
   └ 학회: 전력전자학회 (IF: 0.45)
--------------------------------
[저압직류계통에서 유도성 부하의 차단아크 특성]
   └ 학회: 전력전자학회 (IF: 0.45)
--------------------------------
[저압직류계통에서 접점형 전극의 아크안전 운용을 위한 전압-전력 영역]
   └ 학회: 전력전자학회 (IF: 0.45)
--------------------------------
[저압직류 용량성부하에서 병렬커패시턴스에 따른 아크소호거리의 분기 특성]
   └ 학회: 전력전자학회 (IF: 0.45)
--------------------------------
[저압직류계통에서 습도에 따른 차단아크 특성]
   └ 학회: 전력전자학회 (IF: 0.45)
--------------------------------
[저압직류계통에서 전극형상에 따른 차단아크 특성]
   └ 학회: 전력전자학회 (IF: 0.45)"
1948,2023,전기전자공학,857322819,안달,5,0.0,0.0,"[전자기적 시뮬레이션을 활용한 마이크로스트립 불연속 소자의 등가회로 추출]
   └ 학회: 한국정보기술학회 (IF: 0.56)
--------------------------------
[An Accurate Design Method of Wideband BPF Considering Frequency Dependence of Inverters]
   └ 학회: 한국정보통신학회JICCE (IF: 0.54)
--------------------------------
[Design of a Wideband Balun Using IPD Technology for Compensating the Frequency Dependency]
   └ 학회: 한국전자파학회JEES (IF: 0.4)
--------------------------------
[A New Doherty Combiner with Wide Bandwidth for Magnitude and Phase Balance Compensation]
   └ 학회: 한국전자파학회JEES (IF: 0.4)
--------------------------------
[커플링 매트릭스를 이용한 10단 Waveguide 필터의 설계 방법]
   └ 학회: 대한전기학회 (IF: 0.39)"
1949,2023,전기전자공학,138342785,정경영,5,0.0,0.0,"[변형된 접지면 구조를 이용한 대역폭 확장 특성을 갖는 보우-타이형 준-야기 안테나]
   └ 학회: 한국전자파학회 (IF: 0.4)
--------------------------------
[UHF-Printed Monopole Filtenna for Partial Discharge Detection with LTE Signal Suppression]
   └ 학회: 한국전자파학회JEES (IF: 0.4)
--------------------------------
[Unified GSTC-FDTD Algorithm for the Efficient Electromagnetic Analysis of 2D Dispersive Materials]
   └ 학회: 한국전자파학회JEES (IF: 0.4)
--------------------------------
[High-Isolation 5G Repeater Antenna Using a Novel DGS and an EBG]
   └ 학회: 한국전자파학회JEES (IF: 0.4)
--------------------------------
[Efficient FDTD Simulation for the EM Analysis of Faraday Rotation in the Ionosphere]
   └ 학회: 한국전자파학회JEES (IF: 0.4)"
1950,2023,전기전자공학,165157833,이호준,5,0.0,0.0,"[Power Cycling Test를 통한 4H-SiC MOSFETs의 계면 열화 분석]
   └ 학회: 대한전기학회 (IF: 0.39)
--------------------------------
[마이크로웨이브 캐비티 모드 전환에 의한 웨이퍼 가열 특성]
   └ 학회: 대한전기학회 (IF: 0.39)
--------------------------------
[플라즈마 진단을 위한 VI Sensor]
   └ 학회: 대한전기학회 (IF: 0.39)
--------------------------------
[유체 시뮬레이션을 통한 O₂를 추가한 Ar/CF₄ 플라즈마 분석]
   └ 학회: 대한전기학회 (IF: 0.39)
--------------------------------
[슬랏 안테나 두께에 따른 원통형 TE<SUB>11</SUB> 선형 마이크로웨이브 플라즈마 특성 분석]
   └ 학회: 대한전기학회 (IF: 0.39)"
1951,2023,전기전자공학,779637394,곽상신,5,0.0,0.0,"[Internal State Estimation Method of Film Capacitors used in Three-Phase DC to AC Converters and Comparisons with Electrolytic Capacitors]
   └ 학회: 대한전기학회 (IF: 0.39)
--------------------------------
[Comparative Study of 3-phase 4-wire Converter Topologies for Active Thermal Control Techniques]
   └ 학회: 대한전기학회 (IF: 0.39)
--------------------------------
[Comparative Study of 3-phase 4-wire Converter Topologies for Active Thermal Control Techniques]
   └ 학회: 대한전기학회 (IF: 0.39)
--------------------------------
[Performance Evaluation of Auxiliary Leg based Three-phase Converters for Independent Output Power Control]
   └ 학회: 대한전기학회 (IF: 0.39)
--------------------------------
[Performance Evaluation of Auxiliary Leg based Three-phase Converters for Independent Output Power Control]
   └ 학회: 대한전기학회 (IF: 0.39)"
1952,2023,전기전자공학,799064721,한정규,4,0.0,0.0,"[Semantic 3D City Model Data Visualization for Smar t City Digital Twin]
   └ 학회: 한국멀티미디어학회 (IF: 0.6)
--------------------------------
[SpeeKG: 온라인 강의 영상 추천을 위한 지식그래프 기반 의미적인 음성 번역 기법]
   └ 학회: 한국멀티미디어학회 (IF: 0.6)
--------------------------------
[공공데이터 기반 공영주차장 최적입지 선정을 위한 최대 커버지역 문제(MCLP) 해결 기법]
   └ 학회: 한국멀티미디어학회 (IF: 0.6)
--------------------------------
[공장 대기오염 모니터링 응용의 규모 확대를 위한 컨테이너화된 접근법]
   └ 학회: 한국멀티미디어학회 (IF: 0.6)"
1953,2023,전기전자공학,279395565,안병철,4,0.0,0.0,"[자율주행 시스템 센서 보호용 레이돔 설계 및 측정]
   └ 학회: 한국정보기술학회 (IF: 0.56)
--------------------------------
[4개의 덤벨 슬롯을 갖는 원편파 UHF RFID 리더 안테나 설계]
   └ 학회: 한국정보기술학회 (IF: 0.56)
--------------------------------
[이중반사경용 광대역 주름형 혼 안테나 설계]
   └ 학회: 한국정보기술학회 (IF: 0.56)
--------------------------------
[유선형 레이돔의 설계 및 구현]
   └ 학회: 한국정보기술학회 (IF: 0.56)"
1954,2023,전기전자공학,552698145,오재원,4,0.0,0.0,"[마이크로서비스의 자동 식별을 위한 효과적인 재사용 기반 접근 방법]
   └ 학회: 한국정보통신학회 (IF: 0.54)
--------------------------------
[유스케이스 모델을 활용한 마이크로서비스 기능 식별법]
   └ 학회: 한국정보통신학회 (IF: 0.54)
--------------------------------
[웹 컴포넌트의 내부 구조를 활용한 마이크로서비스 자동 식별]
   └ 학회: 한국정보통신학회 (IF: 0.54)
--------------------------------
[Microservice Identification by Partitioning Monolithic Web Applications Based on Use-Cases]
   └ 학회: 한국정보통신학회JICCE (IF: 0.54)"
1955,2023,전기전자공학,125060120,김정,4,0.0,0.0,"[레이다 성능과 연관된 대기상태 분석]
   └ 학회: 한국정보통신학회 (IF: 0.54)
--------------------------------
[빔 조향에 따른 레이다 성능 변화에 관한 연구]
   └ 학회: 한국정보통신학회 (IF: 0.54)
--------------------------------
[다중경로 환경에서의 레이다 성능 분석 도구 개발 및 활용]
   └ 학회: 한국정보통신학회 (IF: 0.54)
--------------------------------
[탄도탄 조기 경보 레이다 성능 분석 도구 개발 및 활용]
   └ 학회: 한국정보통신학회 (IF: 0.54)"
1956,2023,전기전자공학,702955918,권세웅,4,0.0,0.0,"[레이다 성능과 연관된 대기상태 분석]
   └ 학회: 한국정보통신학회 (IF: 0.54)
--------------------------------
[빔 조향에 따른 레이다 성능 변화에 관한 연구]
   └ 학회: 한국정보통신학회 (IF: 0.54)
--------------------------------
[다중경로 환경에서의 레이다 성능 분석 도구 개발 및 활용]
   └ 학회: 한국정보통신학회 (IF: 0.54)
--------------------------------
[탄도탄 조기 경보 레이다 성능 분석 도구 개발 및 활용]
   └ 학회: 한국정보통신학회 (IF: 0.54)"
1957,2023,전기전자공학,534139755,이기원,4,0.0,0.0,"[레이다 성능과 연관된 대기상태 분석]
   └ 학회: 한국정보통신학회 (IF: 0.54)
--------------------------------
[빔 조향에 따른 레이다 성능 변화에 관한 연구]
   └ 학회: 한국정보통신학회 (IF: 0.54)
--------------------------------
[다중경로 환경에서의 레이다 성능 분석 도구 개발 및 활용]
   └ 학회: 한국정보통신학회 (IF: 0.54)
--------------------------------
[탄도탄 조기 경보 레이다 성능 분석 도구 개발 및 활용]
   └ 학회: 한국정보통신학회 (IF: 0.54)"
1958,2023,전기전자공학,162468677,김광백,4,0.0,0.0,"[Comparison of the Effect of Interpolation on the Mask R-CNN Model]
   └ 학회: 한국정보통신학회JICCE (IF: 0.54)
--------------------------------
[퍼지 스트레칭을 이용한 세라믹 X-선 영상에서의 비파괴 결함 검출]
   └ 학회: 한국정보통신학회 (IF: 0.54)
--------------------------------
[동적 FCM 클러스터링 기반 담낭 추출 방법]
   └ 학회: 한국정보통신학회 (IF: 0.54)
--------------------------------
[Combining Hough Transform and Fuzzy Unsupervised Learning Strategy in Automatic Segmentation of Large Bowel Obstruction Area from Erect Abdominal Radiographs]
   └ 학회: 한국정보통신학회JICCE (IF: 0.54)"
1959,2023,전기전자공학,74098,Young Min Kim,4,0.0,0.0,"[A study of Analysis and Review of Cargo Urban Railway Stations of Korea for Underground Logistics Systems]
   └ 학회: 국제인공지능학회 (IF: 0.51)
--------------------------------
[On the Evaluation Criteria of Test Bed Based on Urban Logistics System Using Underground Space]
   └ 학회: 국제인공지능학회 (IF: 0.51)
--------------------------------
[On the Establishment of LSTM-based Predictive Maintenance Platform to Secure The Operational Reliability of ICT/Cold-Chain Unmanned Storage]
   └ 학회: 국제인공지능학회 (IF: 0.51)
--------------------------------
[The Validation Test process and CTE Suitability Evaluation based on IEC-61508 for Improving Safety and Reliability on Unmanned ICT Parcel Storage]
   └ 학회: 국제인공지능학회 (IF: 0.51)"
1960,2023,전기전자공학,436155356,김현철,4,0.0,0.0,"[Movie Experience Sharing on Social Networking Sites of Cinema: Interplay between Telepresence and Customer Delight]
   └ 학회: 국제인공지능학회 (IF: 0.51)
--------------------------------
[Investigating the Effects of Art Product’s NFT Characteristics on Purchase Intention for Self and Others]
   └ 학회: 국제인공지능학회 (IF: 0.51)
--------------------------------
[Determining How Image of Social Media Influencers Affect Korean Food Purchase Behavior in China: An Image Transfer Perspective]
   └ 학회: 국제인공지능학회 (IF: 0.51)
--------------------------------
[Predicting Continuance Intention of Personal Preventive Behavior after COVID-19: A Framework of Health Belief Model]
   └ 학회: 국제인공지능학회 (IF: 0.51)"
1961,2023,전기전자공학,807027431,윤용호,4,0.0,0.0,"[직류 커패시터 노후화에 따른 PV 인버터 동작]
   └ 학회: 국제인공지능학회 (IF: 0.51)
--------------------------------
[태양광발전장치의 낙뢰보호 시스템]
   └ 학회: 국제인공지능학회 (IF: 0.51)
--------------------------------
[스너버(Snubber) 회로 분석을 통한 회로의 최적설계]
   └ 학회: 국제인공지능학회 (IF: 0.51)
--------------------------------
[시나리오별 충방전에 따른 리튬이온(Li-ion) 배터리 특성]
   └ 학회: 국제인공지능학회 (IF: 0.51)"
1962,2023,전기전자공학,832758175,김경태,4,0.0,0.0,"[이중대역 레이다를 이용한 해상 저고도 고속 표적 탐지 성능 향상 연구]
   └ 학회: 한국전자파학회 (IF: 0.4)
--------------------------------
[바이스태틱 FMCW 레이다 비동기 현상의 신호 모델링 및 ISAR 영상 내 영향 분석]
   └ 학회: 한국전자파학회 (IF: 0.4)
--------------------------------
[SAR-ATR 기반 SAR 잡음 재밍 성능 분석]
   └ 학회: 한국전자파학회 (IF: 0.4)
--------------------------------
[단일 주파수 정현파 기반 SAR 재밍 기법에 관한 연구]
   └ 학회: 한국전자파학회 (IF: 0.4)"
1963,2023,전기전자공학,542347886,최대규,4,0.0,0.0,"[전자전 지원을 위한 초광대역 채널화 수신처리장치 개발]
   └ 학회: 한국전자파학회 (IF: 0.4)
--------------------------------
[DDS를 이용한 초광대역 주파수 합성기 설계 및 구현]
   └ 학회: 한국전자파학회 (IF: 0.4)
--------------------------------
[조합 위상차를 이용한 광대역 고정밀 멀티베이스라인 2차원 방향탐지]
   └ 학회: 한국전자파학회 (IF: 0.4)
--------------------------------
[2차원 인터페로미터 방향탐지 시스템용 광대역 배열 안테나모듈 설계 및 제작]
   └ 학회: 한국전자파학회 (IF: 0.4)"
1964,2023,전기전자공학,681611775,이규송,4,0.0,0.0,"[전자전 지원을 위한 초광대역 채널화 수신처리장치 개발]
   └ 학회: 한국전자파학회 (IF: 0.4)
--------------------------------
[DDS를 이용한 초광대역 주파수 합성기 설계 및 구현]
   └ 학회: 한국전자파학회 (IF: 0.4)
--------------------------------
[조합 위상차를 이용한 광대역 고정밀 멀티베이스라인 2차원 방향탐지]
   └ 학회: 한국전자파학회 (IF: 0.4)
--------------------------------
[2차원 인터페로미터 방향탐지 시스템용 광대역 배열 안테나모듈 설계 및 제작]
   └ 학회: 한국전자파학회 (IF: 0.4)"
1965,2023,전기전자공학,181860889,나완수,4,0.0,0.0,"[EM 시뮬레이션을 이용한 BCI-모니터링 프로브 시스템의 특성에 관한 연구]
   └ 학회: 한국전자파학회 (IF: 0.4)
--------------------------------
[안테나 근역장과 인접 전송선로와의 전자기 결합 분석에 대한 연구]
   └ 학회: 한국전자파학회 (IF: 0.4)
--------------------------------
[능동 EMI 필터를 활용한 TV 전원용 SMPS의 EMI 수동 소자 축소 평가 및 실험 연구]
   └ 학회: 한국전자파학회 (IF: 0.4)
--------------------------------
[FET 패키지의 스위칭 모델 기법에 관한 연구]
   └ 학회: 한국전자파학회 (IF: 0.4)"
1966,2023,전기전자공학,679409586,정성현,4,0.0,0.0,"[마이크로웨이브 캐비티 모드 전환에 의한 웨이퍼 가열 특성]
   └ 학회: 대한전기학회 (IF: 0.39)
--------------------------------
[플라즈마 진단을 위한 VI Sensor]
   └ 학회: 대한전기학회 (IF: 0.39)
--------------------------------
[유체 시뮬레이션을 통한 O₂를 추가한 Ar/CF₄ 플라즈마 분석]
   └ 학회: 대한전기학회 (IF: 0.39)
--------------------------------
[슬랏 안테나 두께에 따른 원통형 TE<SUB>11</SUB> 선형 마이크로웨이브 플라즈마 특성 분석]
   └ 학회: 대한전기학회 (IF: 0.39)"
1967,2023,전기전자공학,626920886,이현재,4,0.0,0.0,"[태양광 발전 시스템의 인버터 단락사고 발생 대응을 위한 레그 절체 방안의 적용 및 검증]
   └ 학회: 대한전기학회 (IF: 0.39)
--------------------------------
[PMSM의 고속 운전 제어 을 위한 증분형 제어기의 적용 검증]
   └ 학회: 대한전기학회 (IF: 0.39)
--------------------------------
[태양광 발전시스템의 전력 생산 증대를 위한 Double Band 제어 방식의 적용 및 검증]
   └ 학회: 대한전기학회 (IF: 0.39)
--------------------------------
[철도차량용 3-level ANPC 인버터의 DC 커패시터 고장 진단을 위한 ESR 측정 방안의 적용 효과 연구]
   └ 학회: 대한전기학회 (IF: 0.39)"
1968,2023,전기전자공학,182292982,손진근,4,0.0,0.0,"[태양광 발전 시스템의 인버터 단락사고 발생 대응을 위한 레그 절체 방안의 적용 및 검증]
   └ 학회: 대한전기학회 (IF: 0.39)
--------------------------------
[PMSM의 고속 운전 제어 을 위한 증분형 제어기의 적용 검증]
   └ 학회: 대한전기학회 (IF: 0.39)
--------------------------------
[태양광 발전시스템의 전력 생산 증대를 위한 Double Band 제어 방식의 적용 및 검증]
   └ 학회: 대한전기학회 (IF: 0.39)
--------------------------------
[철도차량용 3-level ANPC 인버터의 DC 커패시터 고장 진단을 위한 ESR 측정 방안의 적용 효과 연구]
   └ 학회: 대한전기학회 (IF: 0.39)"
1969,2023,전기전자공학,269955,이인호,3,0.0,0.0,"[표준편차 필터와 밀도기반 군집화를 이용한 적외선 영상 소형 단일 표적 탐지 알고리즘]
   └ 학회: 제어로봇시스템학회 (IF: 0.78)
--------------------------------
[순차적 선택 결합 기법을 이용하는 상향링크 비직교 다중접속 시스템에 대한 아웃티지 확률 분석]
   └ 학회: 한국정보통신학회 (IF: 0.54)
--------------------------------
[하향링크 통합 엑세스 및 백홀 네트워크를 위한 전송 기법의 스펙트럼 효율 분석]
   └ 학회: 한국정보통신학회 (IF: 0.54)"
1970,2023,전기전자공학,901725280,김성복,3,0.0,0.0,"[추가 잉여 입력 상태에 따른 직렬형 로봇의 속도 타원 사이의 기하적 관계 분석]
   └ 학회: 제어로봇시스템학회 (IF: 0.78)
--------------------------------
[과도 결정 선형 시스템에서의 보통과 수직 거리 최소 제곱 해에 대한 대수 및 기하적 분석]
   └ 학회: 제어로봇시스템학회 (IF: 0.78)
--------------------------------
[배송용 쿼드 로터 비행체의 추력 제약 아래 허용 제어 입력 범위의 효율적 산정]
   └ 학회: 제어로봇시스템학회 (IF: 0.78)"
1971,2023,전기전자공학,1169217,송진우,3,0.0,0.0,"[위성신호 취약구역 극복을 위한 GNSS-DR/INS 복합 항법 알고리즘]
   └ 학회: 제어로봇시스템학회 (IF: 0.78)
--------------------------------
[고정밀 관성항법시스템 개선을 위한 함 운동 방정식 기반 항법 알고리즘 및 요구성능 분석]
   └ 학회: 제어로봇시스템학회 (IF: 0.78)
--------------------------------
[다중 에이전트 UWB-IMU 융합 기반 3 차원 실내 상대 위치 추정 기법]
   └ 학회: 제어로봇시스템학회 (IF: 0.78)"
1972,2023,전기전자공학,903733014,윤동원,3,0.0,0.0,"[쿠버네티스 클러스터 기반 다수 로봇 원격 제어 및 관리]
   └ 학회: 제어로봇시스템학회 (IF: 0.78)
--------------------------------
[Link-16에서 시간 동기를 위한 충돌 확률 성능 분석]
   └ 학회: 한국정보기술학회 (IF: 0.56)
--------------------------------
[고온-광 복합 시험이 LED 패키지용 실리콘 충진재에 미치는 영향]
   └ 학회: 한국정보기술학회 (IF: 0.56)"
1973,2023,전기전자공학,349448375,김하선,3,0.0,0.0,"[1D CNN-GRU 기반 불특정 비행 거리 궤적을 가진 미사일 분류를 위한 학습 방법에 관한 연구]
   └ 학회: 제어로봇시스템학회 (IF: 0.78)
--------------------------------
[수중 항법을 위한 ROS 기반 시뮬레이터를 이용한 센서 데이터 수집]
   └ 학회: 제어로봇시스템학회 (IF: 0.78)
--------------------------------
[동적 레이더 반사면적 패턴 식별을 위한 시계열 네트워크 성능 분석]
   └ 학회: 제어로봇시스템학회 (IF: 0.78)"
1974,2023,전기전자공학,628007994,김아란,3,0.0,0.0,"[1D CNN-GRU 기반 불특정 비행 거리 궤적을 가진 미사일 분류를 위한 학습 방법에 관한 연구]
   └ 학회: 제어로봇시스템학회 (IF: 0.78)
--------------------------------
[수중 항법을 위한 ROS 기반 시뮬레이터를 이용한 센서 데이터 수집]
   └ 학회: 제어로봇시스템학회 (IF: 0.78)
--------------------------------
[동적 레이더 반사면적 패턴 식별을 위한 시계열 네트워크 성능 분석]
   └ 학회: 제어로봇시스템학회 (IF: 0.78)"
1975,2023,전기전자공학,443033097,황미경,3,0.0,0.0,"[아이트래킹을 활용한 포털사이트 배너광고의 시각적 주의에 관한 연구]
   └ 학회: 한국멀티미디어학회 (IF: 0.6)
--------------------------------
[국내 모바일 성범죄 예방 어플리케이션 사용성 분석]
   └ 학회: 한국멀티미디어학회 (IF: 0.6)
--------------------------------
[시선추적 장치를 활용한 국내 에세이 분야 책 표지의 시각적 주의집중도 분석]
   └ 학회: 한국멀티미디어학회 (IF: 0.6)"
1976,2023,전기전자공학,719573678,권만우,3,0.0,0.0,"[아이트래킹을 활용한 포털사이트 배너광고의 시각적 주의에 관한 연구]
   └ 학회: 한국멀티미디어학회 (IF: 0.6)
--------------------------------
[국내 모바일 성범죄 예방 어플리케이션 사용성 분석]
   └ 학회: 한국멀티미디어학회 (IF: 0.6)
--------------------------------
[시선추적 장치를 활용한 국내 에세이 분야 책 표지의 시각적 주의집중도 분석]
   └ 학회: 한국멀티미디어학회 (IF: 0.6)"
1977,2023,전기전자공학,772782915,김동환,3,0.0,0.0,"[마이데이터 서비스에서 적극적인 자기결정권을 위한 인터랙션 디자인 연구: 금융 약관을 중심으로]
   └ 학회: 한국멀티미디어학회 (IF: 0.6)
--------------------------------
[완전자율주행 택시 서비스의 사용자 경험을 높이는 디자인 가이드라인]
   └ 학회: 한국멀티미디어학회 (IF: 0.6)
--------------------------------
[감정 기반 글꼴 추천 시스템을 위한 매핑 모델 설계 및 적용]
   └ 학회: 한국멀티미디어학회 (IF: 0.6)"
1978,2023,전기전자공학,588207331,백진경,3,0.0,0.0,"[노인층을 대상으로 한 근력 향상 애플리케이션의 사용성 평가 및 디자인 제안]
   └ 학회: 한국멀티미디어학회 (IF: 0.6)
--------------------------------
[노인층을 대상으로 한 근력 향상 애플리케이션의 사용성 평가 및 디자인 제안]
   └ 학회: 한국멀티미디어학회 (IF: 0.6)
--------------------------------
[대학가 1인 가구를 위한 라이프스타일 지원 어플리케이션]
   └ 학회: 한국멀티미디어학회 (IF: 0.6)"
1979,2023,전기전자공학,981759893,윤성욱,3,0.0,0.0,"[포토그래메트리와 3D 모델링을 활용한 경제적인 문화재 아카이빙 연구]
   └ 학회: 한국멀티미디어학회 (IF: 0.6)
--------------------------------
[LoRA 기반 대학 입시 및 관련정보 시스템 설계 및 구현]
   └ 학회: 한국멀티미디어학회 (IF: 0.6)
--------------------------------
[Design and Implementation of an LLM system to Improve Response Time for SMEs Technology Credit Evaluation]
   └ 학회: 국제인공지능학회 (IF: 0.51)"
1980,2023,전기전자공학,748910,한상민,3,0.0,0.0,"[반도체 측정용 블레이드 핀 전송 특성 분석]
   └ 학회: 한국정보기술학회 (IF: 0.56)
--------------------------------
[전자기적 시뮬레이션을 활용한 마이크로스트립 불연속 소자의 등가회로 추출]
   └ 학회: 한국정보기술학회 (IF: 0.56)
--------------------------------
[A New Doherty Combiner with Wide Bandwidth for Magnitude and Phase Balance Compensation]
   └ 학회: 한국전자파학회JEES (IF: 0.4)"
1981,2023,전기전자공학,592302430,임주영,3,0.0,0.0,"[자율주행 시스템 센서 보호용 레이돔 설계 및 측정]
   └ 학회: 한국정보기술학회 (IF: 0.56)
--------------------------------
[전파고도계 개발을 위한 평탄면의 산란계수 측정]
   └ 학회: 한국정보기술학회 (IF: 0.56)
--------------------------------
[이중반사경용 광대역 주름형 혼 안테나 설계]
   └ 학회: 한국정보기술학회 (IF: 0.56)"
1982,2023,전기전자공학,484450289,델겔 오트건밧,3,0.0,0.0,"[4개의 덤벨 슬롯을 갖는 원편파 UHF RFID 리더 안테나 설계]
   └ 학회: 한국정보기술학회 (IF: 0.56)
--------------------------------
[이중반사경용 광대역 주름형 혼 안테나 설계]
   └ 학회: 한국정보기술학회 (IF: 0.56)
--------------------------------
[유선형 레이돔의 설계 및 구현]
   └ 학회: 한국정보기술학회 (IF: 0.56)"
1983,2023,전기전자공학,864384084,이용주,3,0.0,0.0,"[그래프 합성곱 신경망과 임베딩 기법을 적용한 지식 그래프 엔티티 매칭 방법]
   └ 학회: 한국정보기술학회 (IF: 0.56)
--------------------------------
[Semantic-based Mashup Platform for Contents Convergence]
   └ 학회: 국제인공지능학회 (IF: 0.51)
--------------------------------
[Ontology Matching Method Based on Word Embedding and Structural Similarity]
   └ 학회: 국제인공지능학회 (IF: 0.51)"
1984,2023,전기전자공학,510141329,순위샹,3,0.0,0.0,"[그래프 합성곱 신경망과 임베딩 기법을 적용한 지식 그래프 엔티티 매칭 방법]
   └ 학회: 한국정보기술학회 (IF: 0.56)
--------------------------------
[Semantic-based Mashup Platform for Contents Convergence]
   └ 학회: 국제인공지능학회 (IF: 0.51)
--------------------------------
[Ontology Matching Method Based on Word Embedding and Structural Similarity]
   └ 학회: 국제인공지능학회 (IF: 0.51)"
1985,2023,전기전자공학,867490844,이유태,3,0.0,0.0,"[이산 시각 대기 행렬 모형의 정보 신선도]
   └ 학회: 한국정보통신학회 (IF: 0.54)
--------------------------------
[Geo/D/1/1 모형에서의 실시간 원격 추정값의 오차 분석]
   └ 학회: 한국정보통신학회 (IF: 0.54)
--------------------------------
[편성 시간을 제한하는 군집 편성 정책 분석]
   └ 학회: 한국정보통신학회 (IF: 0.54)"
1986,2023,전기전자공학,456675274,김시현,3,0.0,0.0,"[마이크로서비스의 자동 식별을 위한 효과적인 재사용 기반 접근 방법]
   └ 학회: 한국정보통신학회 (IF: 0.54)
--------------------------------
[유스케이스 모델을 활용한 마이크로서비스 기능 식별법]
   └ 학회: 한국정보통신학회 (IF: 0.54)
--------------------------------
[웹 컴포넌트의 내부 구조를 활용한 마이크로서비스 자동 식별]
   └ 학회: 한국정보통신학회 (IF: 0.54)"
1987,2023,전기전자공학,479277681,전우중,3,0.0,0.0,"[레이다 성능과 연관된 대기상태 분석]
   └ 학회: 한국정보통신학회 (IF: 0.54)
--------------------------------
[빔 조향에 따른 레이다 성능 변화에 관한 연구]
   └ 학회: 한국정보통신학회 (IF: 0.54)
--------------------------------
[다중경로 환경에서의 레이다 성능 분석 도구 개발 및 활용]
   └ 학회: 한국정보통신학회 (IF: 0.54)"
1988,2023,전기전자공학,564448329,신경욱,3,0.0,0.0,"[구조적 확장성을 갖는 이진체 타원곡선 암호 프로세서]
   └ 학회: 한국정보통신학회 (IF: 0.54)
--------------------------------
[이진 에드워즈 곡선 공개키 암호를 위한 혼합 ω-좌표계 기반의 점 스칼라 곱셈기]
   └ 학회: 한국정보통신학회 (IF: 0.54)
--------------------------------
[x-좌표만 연산하는 확장형 구조의 소수체 ECC 프로세서]
   └ 학회: 한국정보통신학회 (IF: 0.54)"
1989,2023,전기전자공학,205901153,박현준,3,0.0,0.0,"[Comparison of the Effect of Interpolation on the Mask R-CNN Model]
   └ 학회: 한국정보통신학회JICCE (IF: 0.54)
--------------------------------
[전국 멧돼지 잠재서식지 예측을 위한 군집 및 서식적합성 분석]
   └ 학회: 한국정보통신학회 (IF: 0.54)
--------------------------------
[Combining Hough Transform and Fuzzy Unsupervised Learning Strategy in Automatic Segmentation of Large Bowel Obstruction Area from Erect Abdominal Radiographs]
   └ 학회: 한국정보통신학회JICCE (IF: 0.54)"
1990,2023,전기전자공학,410127827,유승철,3,0.0,0.0,"[Enhancing the Reliability of OTT Viewing Data in the Golden Age of Streaming: A Small Sample AHP Analysis and In-Depth Interview]
   └ 학회: 국제인공지능학회 (IF: 0.51)
--------------------------------
[Generative AI and its Implications for Modern Marketing: Analyzing Potential Challenges and Opportunities]
   └ 학회: 국제인공지능학회 (IF: 0.51)
--------------------------------
[Revising the Korean Newspaper Advertising Code of Ethics: An Empirical Investigation Leveraging Expert Interviews and Analytic Hierarchy Process (AHP) Surveys]
   └ 학회: 국제인공지능학회 (IF: 0.51)"
1991,2023,전기전자공학,507183967,황만수,3,0.0,0.0,"[Cost-Benefit based User Review Selection Method]
   └ 학회: 국제인공지능학회 (IF: 0.51)
--------------------------------
[ChatGPT를 활용한 영농 일지 지원 방법]
   └ 학회: 국제인공지능학회 (IF: 0.51)
--------------------------------
[당뇨병 환자의 라이프로그 데이터를 이용한 식단 추천 시스템]
   └ 학회: 국제인공지능학회 (IF: 0.51)"
1992,2023,전기전자공학,676111873,Xinyi Shan,3,0.0,0.0,"[A Color Study of the Sky Area Focused on the Van Gogh's Paintings]
   └ 학회: 국제인공지능학회 (IF: 0.51)
--------------------------------
[Study on the Influence of the Language Symbols on Side-Scrolling Puzzle Games - Focused on the Players' Empathy]
   └ 학회: 국제인공지능학회 (IF: 0.51)
--------------------------------
[Research on the Application of Fractal Geometry in Digital Arts]
   └ 학회: 국제인공지능학회 (IF: 0.51)"
1993,2023,전기전자공학,803299872,지인호,3,0.0,0.0,"[계층적 트리의 집합 분할 알고리즘(SPIHT)에 기반한 에러에 강하고 가변적인 웨이브렛 비디오 코덱에 관한 연구]
   └ 학회: 국제인공지능학회 (IF: 0.51)
--------------------------------
[리프팅 구조를 경유한 고속의 DCT 계산 알고리즘에 관한 연구]
   └ 학회: 국제인공지능학회 (IF: 0.51)
--------------------------------
[불규칙 점 집합에서의 웨이브렛에 관한 연구]
   └ 학회: 국제인공지능학회 (IF: 0.51)"
1994,2023,전기전자공학,109103852,조경운,3,0.0,0.0,"[멀티 클라우드 렌더링을 위한 분산 파일 시스템 개발]
   └ 학회: 국제인공지능학회 (IF: 0.51)
--------------------------------
[클라우드 기반 리눅스 SW 실습 플랫폼의 설계 및 구현]
   └ 학회: 국제인공지능학회 (IF: 0.51)
--------------------------------
[멀티미디어 스트리밍 환경을 위한 캐쉬 성능평가 모델 설계 및 최적성 분석]
   └ 학회: 국제인공지능학회 (IF: 0.51)"
1995,2023,전기전자공학,259375267,서미희,3,0.0,0.0,"[MMIC 기반 Ka대역 주파수합성기 및 수신기 개발]
   └ 학회: 국제인공지능학회 (IF: 0.51)
--------------------------------
[W-대역 소형 펄스 도플러 레이다용 1 W급 SSPA 개발]
   └ 학회: 한국전자파학회 (IF: 0.4)
--------------------------------
[소형 레이다에서 송신 및 국부발진신호의 불요파 영향성 검토]
   └ 학회: 한국전자파학회 (IF: 0.4)"
1996,2023,전기전자공학,329323177,호광춘,3,0.0,0.0,"[광 MMI와 방향성 결합기에 기초한 새로운 바이오 센서 플랫폼의 구현]
   └ 학회: 국제인공지능학회 (IF: 0.51)
--------------------------------
[광 테이퍼 결합기에 기초한 새로운 바이오-센서 플랫폼의 구현]
   └ 학회: 국제인공지능학회 (IF: 0.51)
--------------------------------
[격자 구조형 스트립 방향성 결합기에 기초한 광 바이오-센서의 고 민감도 분석]
   └ 학회: 국제인공지능학회 (IF: 0.51)"
1997,2023,전기전자공학,628820,문효상,3,0.0,0.0,"[소형화가 가능한 이중 도파관-동축 변환 구조를 갖는 12-way 방사형 결합기 설계 및 제작]
   └ 학회: 국제인공지능학회 (IF: 0.51)
--------------------------------
[실제 지형 환경과 지구 곡률이 반영된 재밍 유효거리 분석을 위한 M&S 기법]
   └ 학회: 한국전자파학회 (IF: 0.4)
--------------------------------
[전후방비 개선 설계 기법을 이용한 ISM 대역 방향 탐지 안테나]
   └ 학회: 한국전자파학회 (IF: 0.4)"
1998,2023,전기전자공학,842457683,변주형,3,0.0,0.0,"[스케일러블 동적 메쉬 압축을 위한 SHVC 기반 텍스처 맵 부호화 방법]
   └ 학회: 한국방송·미디어공학회 (IF: 0.49)
--------------------------------
[저장 및 전송 시스템에서의 해상 영상을 위한 딥 러닝 기반 영상 개선 기술 분석]
   └ 학회: 한국방송·미디어공학회 (IF: 0.49)
--------------------------------
[DRACO 3D 메시 압축 기술 소개]
   └ 학회: 한국방송·미디어공학회 (IF: 0.49)"
1999,2023,전기전자공학,676567951,심동규,3,0.0,0.0,"[스케일러블 동적 메쉬 압축을 위한 SHVC 기반 텍스처 맵 부호화 방법]
   └ 학회: 한국방송·미디어공학회 (IF: 0.49)
--------------------------------
[저장 및 전송 시스템에서의 해상 영상을 위한 딥 러닝 기반 영상 개선 기술 분석]
   └ 학회: 한국방송·미디어공학회 (IF: 0.49)
--------------------------------
[DRACO 3D 메시 압축 기술 소개]
   └ 학회: 한국방송·미디어공학회 (IF: 0.49)"
2000,2023,전기전자공학,4602303,이재범,3,0.0,0.0,"[수소연료전지 기반 철도차량 추진시스템의 국내외 기술 동향]
   └ 학회: 전력전자학회 (IF: 0.45)
--------------------------------
[수소연료전지 철도차량을 위한 병렬-입력 직렬-출력 구조의 다중 공진형 LLC 컨버터 설계 및 제어]
   └ 학회: 전력전자학회 (IF: 0.45)
--------------------------------
[고밀도 배터리 충방전 시스템을 위한 낮은 높이를 갖는 500W급 양방향 DC-DC 컨버터]
   └ 학회: 전력전자학회 (IF: 0.45)"
2001,2023,전기전자공학,385952646,윤영두,3,0.0,0.0,"[자기저항 동기 전동기에서 자속 포화 모델의 상호 포화항에 대한 매개변수 추정]
   └ 학회: 전력전자학회 (IF: 0.45)
--------------------------------
[3레벨 인버터의 비선형성을 고려한 옵셋 전압 기반의 출력 전압 합성 및 직류단 전압 균형제어 기법]
   └ 학회: 전력전자학회 (IF: 0.45)
--------------------------------
[추정된 두 보조 각을 이용한 동기 전동기의 신호 주입 센서리스 제어 기법]
   └ 학회: 전력전자학회 (IF: 0.45)"
2002,2023,전기전자공학,706798550,강태원,3,0.0,0.0,"[웨이퍼상의 D-대역 회로의 전자파 성능 측정]
   └ 학회: 한국전자파학회 (IF: 0.4)
--------------------------------
[물질특성 측정장치를 이용한 D-대역 복소유전율 측정]
   └ 학회: 한국전자파학회 (IF: 0.4)
--------------------------------
[Shielding Effectiveness of a PC Case Using Three-Axis Electro-optic Sensors]
   └ 학회: 한국전자파학회JEES (IF: 0.4)"
2003,2023,전기전자공학,979279617,이재욱,3,0.0,0.0,"[Analysis of Cross-Polarized Field by Panel Misalignment Errors in a Deployable Reflector Antenna]
   └ 학회: 한국전자파학회JEES (IF: 0.4)
--------------------------------
[초목이 포함된 건물에서의 경험적 모델을 적용한 전자파 경로 손실 예측]
   └ 학회: 한국전자파학회 (IF: 0.4)
--------------------------------
[Estimation of Electromagnetic Field Penetration into Concrete Buildings Using a Theoretical Approach Considering External Environmental Factors]
   └ 학회: 한국전자파학회JEES (IF: 0.4)"
2004,2023,전기전자공학,607653888,Ikmo Park,3,0.0,0.0,"[A Wideband Ultra-Low-Profile Solar Cell–Integrated Antenna]
   └ 학회: 한국전자파학회JEES (IF: 0.4)
--------------------------------
[Non-Uniform Metasurface-Integrated Circularly Polarized End-Fire Dipole Array Antenna]
   └ 학회: 한국전자파학회JEES (IF: 0.4)
--------------------------------
[Inverse Design of Terahertz Optical Power Splitters Using the Particle Swarm Optimization Method]
   └ 학회: 한국전자파학회JEES (IF: 0.4)"
2005,2023,전기전자공학,773530997,김상길,3,0.0,0.0,"[A Coupled-Fed Broadband Dual-Polarized Magnetoelectric Dipole Antenna for WLAN and Sub-6 GHz 5G Communication Applications]
   └ 학회: 한국전자파학회JEES (IF: 0.4)
--------------------------------
[다기능 투과배열 안테나 단위셀 소형화 설계를 위한 360° 반사형 축소형 아날로그 위상 천이기 설계]
   └ 학회: 한국전자파학회 (IF: 0.4)
--------------------------------
[Design and Verification of a Miniaturized Multifunctional Transmitarray Unit Cell for the S-Band]
   └ 학회: 한국전자파학회JEES (IF: 0.4)"
2006,2023,전기전자공학,521944785,고일석,3,0.0,0.0,"[Comparison of Linear Iteration Schemes to Improve the Convergence of Iterative Physical Optics for an Impedance Scatterer]
   └ 학회: 한국전자파학회JEES (IF: 0.4)
--------------------------------
[Comparison of Real Experimental and Simulated RCS of Flying Artillery Projectile]
   └ 학회: 한국전자파학회JEES (IF: 0.4)
--------------------------------
[Reaction 이론을 이용한 통합 마스트 배열 안테나 간 간섭도 계산]
   └ 학회: 한국전자파학회 (IF: 0.4)"
2007,2023,전기전자공학,453398809,윤창열,3,0.0,0.0,"[전자전 지원을 위한 초광대역 채널화 수신처리장치 개발]
   └ 학회: 한국전자파학회 (IF: 0.4)
--------------------------------
[조합 위상차를 이용한 광대역 고정밀 멀티베이스라인 2차원 방향탐지]
   └ 학회: 한국전자파학회 (IF: 0.4)
--------------------------------
[2차원 인터페로미터 방향탐지 시스템용 광대역 배열 안테나모듈 설계 및 제작]
   └ 학회: 한국전자파학회 (IF: 0.4)"
2008,2023,전기전자공학,462008219,이경민,3,0.0,0.0,"[바이스태틱 FMCW 레이다 비동기 현상의 신호 모델링 및 ISAR 영상 내 영향 분석]
   └ 학회: 한국전자파학회 (IF: 0.4)
--------------------------------
[SAR-ATR 기반 SAR 잡음 재밍 성능 분석]
   └ 학회: 한국전자파학회 (IF: 0.4)
--------------------------------
[단일 주파수 정현파 기반 SAR 재밍 기법에 관한 연구]
   └ 학회: 한국전자파학회 (IF: 0.4)"
2009,2023,전기전자공학,752863609,이기원,3,0.0,0.0,"[국내 대기 관측 데이터를 활용한 레이다 성능 분석]
   └ 학회: 한국전자파학회 (IF: 0.4)
--------------------------------
[국내 대기 환경을 반영한 레이다 성능 분석도구 개발 및 활용]
   └ 학회: 한국전자파학회 (IF: 0.4)
--------------------------------
[해상감시레이다-II 피아식별기능 개발 및 Mode 5 AIMS 인증시험]
   └ 학회: 한국전자파학회 (IF: 0.4)"
2010,2023,전기전자공학,770113468,홍영기,3,0.0,0.0,"[EM 시뮬레이션을 이용한 BCI-모니터링 프로브 시스템의 특성에 관한 연구]
   └ 학회: 한국전자파학회 (IF: 0.4)
--------------------------------
[능동 EMI 필터를 활용한 TV 전원용 SMPS의 EMI 수동 소자 축소 평가 및 실험 연구]
   └ 학회: 한국전자파학회 (IF: 0.4)
--------------------------------
[FET 패키지의 스위칭 모델 기법에 관한 연구]
   └ 학회: 한국전자파학회 (IF: 0.4)"
2011,2023,전기전자공학,781252823,윤민한,3,0.0,0.0,"[ANN을 이용한 국가 간 연계선의 주파수 제어 파라미터 최적화 연구]
   └ 학회: 대한전기학회 (IF: 0.39)
--------------------------------
[그리드포밍 인버터 자원 기반 전력계통의 블랙스타트 및 계통 동기화 영향 연구]
   └ 학회: 대한전기학회 (IF: 0.39)
--------------------------------
[HVDC 운영 전략에 따른 제주 전력 계통의 출력제어 및 운영비용 분석]
   └ 학회: 대한전기학회 (IF: 0.39)"
2012,2023,전기전자공학,525552049,지평식,3,0.0,0.0,"[제한된 면적에서 심타식 접지봉의 경제성 및 안전전압 유지성능에 관한 연구]
   └ 학회: 대한전기학회 (IF: 0.39)
--------------------------------
[경년변화에 따른 콘크리트 매입 기초접지극의 접지저항 특성분석]
   └ 학회: 대한전기학회 (IF: 0.39)
--------------------------------
[배전선로 임피던스 및 격자판 접지극을 활용한 접지설계에 관한 연구]
   └ 학회: 대한전기학회 (IF: 0.39)"
2013,2023,전기전자공학,816864577,김동일,3,0.0,0.0,"[매트릭스 컨버터의 저전압 영역에 대한 출력 전압 제어 성능 향상]
   └ 학회: 대한전기학회 (IF: 0.39)
--------------------------------
[불평형 전원에서 직접 전력 제어형 PWM 컨버터의 운전 특성]
   └ 학회: 대한전기학회 (IF: 0.39)
--------------------------------
[고속 H/L 펄스 동작을 위한 3상 인터리브 DC-DC 컨버터의 제어방식]
   └ 학회: 대한전기학회 (IF: 0.39)"
2014,2023,전기전자공학,407755538,문상필,3,0.0,0.0,"[매트릭스 컨버터의 저전압 영역에 대한 출력 전압 제어 성능 향상]
   └ 학회: 대한전기학회 (IF: 0.39)
--------------------------------
[불평형 전원에서 직접 전력 제어형 PWM 컨버터의 운전 특성]
   └ 학회: 대한전기학회 (IF: 0.39)
--------------------------------
[고속 H/L 펄스 동작을 위한 3상 인터리브 DC-DC 컨버터의 제어방식]
   └ 학회: 대한전기학회 (IF: 0.39)"
2015,2023,전기전자공학,421693527,우경일,3,0.0,0.0,"[매트릭스 컨버터의 저전압 영역에 대한 출력 전압 제어 성능 향상]
   └ 학회: 대한전기학회 (IF: 0.39)
--------------------------------
[불평형 전원에서 직접 전력 제어형 PWM 컨버터의 운전 특성]
   └ 학회: 대한전기학회 (IF: 0.39)
--------------------------------
[고속 H/L 펄스 동작을 위한 3상 인터리브 DC-DC 컨버터의 제어방식]
   └ 학회: 대한전기학회 (IF: 0.39)"
2016,2023,전기전자공학,624189947,박소진,2,0.0,0.0,"[위성신호 취약구역 극복을 위한 GNSS-DR/INS 복합 항법 알고리즘]
   └ 학회: 제어로봇시스템학회 (IF: 0.78)
--------------------------------
[고정밀 관성항법시스템 개선을 위한 함 운동 방정식 기반 항법 알고리즘 및 요구성능 분석]
   └ 학회: 제어로봇시스템학회 (IF: 0.78)"
2017,2023,전기전자공학,715893954,이주한,2,0.0,0.0,"[위성신호 취약구역 극복을 위한 GNSS-DR/INS 복합 항법 알고리즘]
   └ 학회: 제어로봇시스템학회 (IF: 0.78)
--------------------------------
[고정밀 관성항법시스템 개선을 위한 함 운동 방정식 기반 항법 알고리즘 및 요구성능 분석]
   └ 학회: 제어로봇시스템학회 (IF: 0.78)"
2018,2023,전기전자공학,943031974,최정수,2,0.0,0.0,"[보행 보조 로봇의 보행 시점 판별 성능 향상을 위한 자이로 센서 신호 처리 기법]
   └ 학회: 제어로봇시스템학회 (IF: 0.78)
--------------------------------
[하지 혈액 순환 개선을 위한 사용자 발목 가동범위 맞춤형 종아리 근육 자극 시스템의 개발]
   └ 학회: 제어로봇시스템학회 (IF: 0.78)"
2019,2023,전기전자공학,467006400,박홍성,2,0.0,0.0,"[로봇용 정보 모델 및 정보모델 편집기]
   └ 학회: 제어로봇시스템학회 (IF: 0.78)
--------------------------------
[정보모델과 ROS 간 매핑 방법]
   └ 학회: 제어로봇시스템학회 (IF: 0.78)"
2020,2023,전기전자공학,737965142,이준영,2,0.0,0.0,"[RGB-D 카메라를 이용한 로봇 매니퓰레이터 기구학 캘리브레이션]
   └ 학회: 제어로봇시스템학회 (IF: 0.78)
--------------------------------
[URDF로부터 DH 파라미터를 구성하는 일반적인 방법]
   └ 학회: 한국로봇학회(논문지) (IF: 0.4)"
2021,2023,전기전자공학,252339,박상현,2,0.0,0.0,"[RGB-D 카메라를 이용한 로봇 매니퓰레이터 기구학 캘리브레이션]
   └ 학회: 제어로봇시스템학회 (IF: 0.78)
--------------------------------
[URDF로부터 DH 파라미터를 구성하는 일반적인 방법]
   └ 학회: 한국로봇학회(논문지) (IF: 0.4)"
2022,2023,전기전자공학,622770411,김무림,2,0.0,0.0,"[RGB-D 카메라를 이용한 로봇 매니퓰레이터 기구학 캘리브레이션]
   └ 학회: 제어로봇시스템학회 (IF: 0.78)
--------------------------------
[URDF로부터 DH 파라미터를 구성하는 일반적인 방법]
   └ 학회: 한국로봇학회(논문지) (IF: 0.4)"
2023,2023,전기전자공학,680142981,박일우,2,0.0,0.0,"[무선 모듈형 교육용 로봇 키트 핑퐁의 제어기 하드웨어 설계]
   └ 학회: 제어로봇시스템학회 (IF: 0.78)
--------------------------------
[저조도 환경에서 Visual SLAM을 위한 이미지 개선 방법]
   └ 학회: 한국로봇학회(논문지) (IF: 0.4)"
2024,2023,전기전자공학,904288832,만동우,2,0.0,0.0,"[수중시공현장 적용을 위한 위치 획득 신호 주기와 인식 방법에 관한 연구]
   └ 학회: 제어로봇시스템학회 (IF: 0.78)
--------------------------------
[가속도와 선단저항의 관계를 통한 FFCPT 정상관입 판정 방법에 관한 연구]
   └ 학회: 제어로봇시스템학회 (IF: 0.78)"
2025,2023,전기전자공학,105326567,권오순,2,0.0,0.0,"[수중시공현장 적용을 위한 위치 획득 신호 주기와 인식 방법에 관한 연구]
   └ 학회: 제어로봇시스템학회 (IF: 0.78)
--------------------------------
[가속도와 선단저항의 관계를 통한 FFCPT 정상관입 판정 방법에 관한 연구]
   └ 학회: 제어로봇시스템학회 (IF: 0.78)"
2026,2023,전기전자공학,300893755,신창주,2,0.0,0.0,"[수중시공현장 적용을 위한 위치 획득 신호 주기와 인식 방법에 관한 연구]
   └ 학회: 제어로봇시스템학회 (IF: 0.78)
--------------------------------
[가속도와 선단저항의 관계를 통한 FFCPT 정상관입 판정 방법에 관한 연구]
   └ 학회: 제어로봇시스템학회 (IF: 0.78)"
2027,2023,전기전자공학,751872,임지호,2,0.0,0.0,"[고령자의 착용성을 고려한 플렉서블 낙상 감지 손목 띠 및 낙상 알림 시스템의 설계]
   └ 학회: 제어로봇시스템학회 (IF: 0.78)
--------------------------------
[접촉력 향상을 위한 링크타입 로봇 핸드]
   └ 학회: 한국지능시스템학회 (IF: 0.56)"
2028,2023,전기전자공학,178389939,신동원,2,0.0,0.0,"[고령자의 착용성을 고려한 플렉서블 낙상 감지 손목 띠 및 낙상 알림 시스템의 설계]
   └ 학회: 제어로봇시스템학회 (IF: 0.78)
--------------------------------
[접촉력 향상을 위한 링크타입 로봇 핸드]
   └ 학회: 한국지능시스템학회 (IF: 0.56)"
2029,2023,전기전자공학,469224701,강태영,2,0.0,0.0,"[순환신경망을 이용한 유도 법칙 및 유도 파라미터 추정]
   └ 학회: 제어로봇시스템학회 (IF: 0.78)
--------------------------------
[역동역학과 그리디 알고리즘을 이용한 전방 측추력기 탑재 유도탄의 자세제어 루프 설계]
   └ 학회: 제어로봇시스템학회 (IF: 0.78)"
2030,2023,전기전자공학,919037752,전하민,2,0.0,0.0,"[순환신경망을 이용한 유도 법칙 및 유도 파라미터 추정]
   └ 학회: 제어로봇시스템학회 (IF: 0.78)
--------------------------------
[역동역학과 그리디 알고리즘을 이용한 전방 측추력기 탑재 유도탄의 자세제어 루프 설계]
   └ 학회: 제어로봇시스템학회 (IF: 0.78)"
2031,2023,전기전자공학,997556858,박종호,2,0.0,0.0,"[순환신경망을 이용한 유도 법칙 및 유도 파라미터 추정]
   └ 학회: 제어로봇시스템학회 (IF: 0.78)
--------------------------------
[역동역학과 그리디 알고리즘을 이용한 전방 측추력기 탑재 유도탄의 자세제어 루프 설계]
   └ 학회: 제어로봇시스템학회 (IF: 0.78)"
2032,2023,전기전자공학,103010617,유창경,2,0.0,0.0,"[순환신경망을 이용한 유도 법칙 및 유도 파라미터 추정]
   └ 학회: 제어로봇시스템학회 (IF: 0.78)
--------------------------------
[역동역학과 그리디 알고리즘을 이용한 전방 측추력기 탑재 유도탄의 자세제어 루프 설계]
   └ 학회: 제어로봇시스템학회 (IF: 0.78)"
2033,2023,전기전자공학,320814663,황예지,2,0.0,0.0,"[실시간 탄도 궤적 목표물 추적을 위한 GPU 기반 병렬적 Monte Carlo 최적화 기법]
   └ 학회: 제어로봇시스템학회 (IF: 0.78)
--------------------------------
[ADMM 기반 유도탄 통합 유도 조종 알고리듬의 GPU를 통한 연산 가속화]
   └ 학회: 대한전기학회 (IF: 0.39)"
2034,2023,전기전자공학,899511195,최원석,2,0.0,0.0,"[실시간 탄도 궤적 목표물 추적을 위한 GPU 기반 병렬적 Monte Carlo 최적화 기법]
   └ 학회: 제어로봇시스템학회 (IF: 0.78)
--------------------------------
[ADMM 기반 유도탄 통합 유도 조종 알고리듬의 GPU를 통한 연산 가속화]
   └ 학회: 대한전기학회 (IF: 0.39)"
2035,2023,전기전자공학,646237522,정보영,2,0.0,0.0,"[측각 동특성을 활용한 RCS 기반 다중가설 표적식별 기법]
   └ 학회: 제어로봇시스템학회 (IF: 0.78)
--------------------------------
[복수 탐지정보의 공간분포 사전지식을 활용한 고해상도 차량용 레이더 표적추적 필터 설계]
   └ 학회: 대한전기학회 (IF: 0.39)"
2036,2023,전기전자공학,1433749,이성주,2,0.0,0.0,"[측각 동특성을 활용한 RCS 기반 다중가설 표적식별 기법]
   └ 학회: 제어로봇시스템학회 (IF: 0.78)
--------------------------------
[인지 무선 시스템을 위한 DVB-T2 및 Wi-Fi 6의 최적 스펙트럼 센싱에 관한 연구]
   └ 학회: 한국전자파학회 (IF: 0.4)"
2037,2023,전기전자공학,264439314,나원상,2,0.0,0.0,"[측각 동특성을 활용한 RCS 기반 다중가설 표적식별 기법]
   └ 학회: 제어로봇시스템학회 (IF: 0.78)
--------------------------------
[복수 탐지정보의 공간분포 사전지식을 활용한 고해상도 차량용 레이더 표적추적 필터 설계]
   └ 학회: 대한전기학회 (IF: 0.39)"
2038,2023,전기전자공학,927204674,서정욱,2,0.0,0.0,"[외골격로봇의 안전성 평가를 위한 인간-로봇 상호작용 정역학 모델링 및 실험적 검증]
   └ 학회: 제어로봇시스템학회 (IF: 0.78)
--------------------------------
[전후대칭 구조의 4 륜 조향 모바일 로봇 설계]
   └ 학회: 제어로봇시스템학회 (IF: 0.78)"
2039,2023,전기전자공학,514625683,이권수,2,0.0,0.0,"[자율무인잠수정의 운항 중 위치 기반 정렬 알고리즘 성능 향상 기법]
   └ 학회: 제어로봇시스템학회 (IF: 0.78)
--------------------------------
[자율무인잠수정의 항법성능 사전 검증을 위한 시험치구 개발]
   └ 학회: 한국로봇학회(논문지) (IF: 0.4)"
2040,2023,전기전자공학,246116645,최기환,2,0.0,0.0,"[자율무인잠수정의 운항 중 위치 기반 정렬 알고리즘 성능 향상 기법]
   └ 학회: 제어로봇시스템학회 (IF: 0.78)
--------------------------------
[자율무인잠수정의 항법성능 사전 검증을 위한 시험치구 개발]
   └ 학회: 한국로봇학회(논문지) (IF: 0.4)"
2041,2023,전기전자공학,117957112,김호성,2,0.0,0.0,"[자율무인잠수정의 운항 중 위치 기반 정렬 알고리즘 성능 향상 기법]
   └ 학회: 제어로봇시스템학회 (IF: 0.78)
--------------------------------
[자율무인잠수정의 항법성능 사전 검증을 위한 시험치구 개발]
   └ 학회: 한국로봇학회(논문지) (IF: 0.4)"
2042,2023,전기전자공학,960723859,강형주,2,0.0,0.0,"[자율무인잠수정의 운항 중 위치 기반 정렬 알고리즘 성능 향상 기법]
   └ 학회: 제어로봇시스템학회 (IF: 0.78)
--------------------------------
[자율무인잠수정의 항법성능 사전 검증을 위한 시험치구 개발]
   └ 학회: 한국로봇학회(논문지) (IF: 0.4)"
2043,2023,전기전자공학,616471638,김용훈,2,0.0,0.0,"[고정밀 관성항법시스템 개선을 위한 함 운동 방정식 기반 항법 알고리즘 및 요구성능 분석]
   └ 학회: 제어로봇시스템학회 (IF: 0.78)
--------------------------------
[다중 에이전트 UWB-IMU 융합 기반 3 차원 실내 상대 위치 추정 기법]
   └ 학회: 제어로봇시스템학회 (IF: 0.78)"
2044,2023,전기전자공학,985194070,명현,2,0.0,0.0,"[영상-관성-거리 센서 융합 기반의 다중 무인기 위치 추정]
   └ 학회: 제어로봇시스템학회 (IF: 0.78)
--------------------------------
[소실점 정보의 Loss 함수를 이용한 특징선 기반 SLAM]
   └ 학회: 한국로봇학회(논문지) (IF: 0.4)"
2045,2023,전기전자공학,494050676,이연우,2,0.0,0.0,"[디자인 사례를 통해서 본 지역 문화 콘텐츠의 시각화 방법 연구 - 한 · 중 관광 스탬프를 대상으로 -]
   └ 학회: 한국멀티미디어학회 (IF: 0.6)
--------------------------------
[다국적 각색 영화가 관객 만족도에 미치는 영향 연구 －〈허삼관매혈기〉를 각색한 영화 〈허삼관〉을 중심으로－]
   └ 학회: 한국멀티미디어학회 (IF: 0.6)"
2046,2023,전기전자공학,767293085,신동호,2,0.0,0.0,"[유한요소해석을 이용한 이식형 골전도 보청기 트랜스듀서의 자기공명 안전성과 호환성 향상 연구]
   └ 학회: 한국멀티미디어학회 (IF: 0.6)
--------------------------------
[자기공명 호환성 향상을 위한 롬버스 메커니즘 기반의 이식형 골전도 압전트랜스듀서 설계]
   └ 학회: 한국멀티미디어학회 (IF: 0.6)"
2047,2023,전기전자공학,694965030,김명남,2,0.0,0.0,"[유한요소해석을 이용한 이식형 골전도 보청기 트랜스듀서의 자기공명 안전성과 호환성 향상 연구]
   └ 학회: 한국멀티미디어학회 (IF: 0.6)
--------------------------------
[자기공명 호환성 향상을 위한 롬버스 메커니즘 기반의 이식형 골전도 압전트랜스듀서 설계]
   └ 학회: 한국멀티미디어학회 (IF: 0.6)"
2048,2023,전기전자공학,802433316,성기웅,2,0.0,0.0,"[유한요소해석을 이용한 이식형 골전도 보청기 트랜스듀서의 자기공명 안전성과 호환성 향상 연구]
   └ 학회: 한국멀티미디어학회 (IF: 0.6)
--------------------------------
[자기공명 호환성 향상을 위한 롬버스 메커니즘 기반의 이식형 골전도 압전트랜스듀서 설계]
   └ 학회: 한국멀티미디어학회 (IF: 0.6)"
2049,2023,전기전자공학,321452212,박덕춘,2,0.0,0.0,"[‘4DX 스크린 3D’ 영화 상영포맷이 관객의 프레즌스와 흥미유발에 미치는 영향-영화 ‘아바타 2’를 중심으로-]
   └ 학회: 한국멀티미디어학회 (IF: 0.6)
--------------------------------
[멀티미디어 강의 콘텐츠의 유형별 특성이 학습 효과와 수업 만족도에 미치는 영향 -마이크로러닝과 e-러닝을 중심으로-]
   └ 학회: 한국멀티미디어학회 (IF: 0.6)"
2050,2023,전기전자공학,386764324,박수진,2,0.0,0.0,"[Proposing Improvement to Communication through Animated Infographics by Observing Cultur al Allocation of Attention to Animation]
   └ 학회: 한국멀티미디어학회 (IF: 0.6)
--------------------------------
[이미지 생성형 AI 활용 그래픽 디자인 커리큘럼 개발을 위한 디자인 전공 대학생 수요자 분석 연구]
   └ 학회: 한국멀티미디어학회 (IF: 0.6)"
2051,2023,전기전자공학,813381051,왕영,2,0.0,0.0,"[멀티미디어 영상 조기교육이 유치원생에게 미치는 영향]
   └ 학회: 한국멀티미디어학회 (IF: 0.6)
--------------------------------
[유치원 교육용 멀티미디어 시스템의 하드웨어 디자인 개선방안 연구]
   └ 학회: 한국멀티미디어학회 (IF: 0.6)"
2052,2023,전기전자공학,573523395,임정,2,0.0,0.0,"[델파이법을 적용하여 여성 패션 스타일을 바탕으로 한 영화와 드라마 속 치파오 디자인 기획에 대한 연구]
   └ 학회: 한국멀티미디어학회 (IF: 0.6)
--------------------------------
[기술 수용 모델의 지속 가능한 이념을 바탕으로 하여 현대 치파오 디자인 전략에 관한 연구]
   └ 학회: 한국멀티미디어학회 (IF: 0.6)"
2053,2023,전기전자공학,350220,박수현,2,0.0,0.0,"[동영상 자막 자동 배치 시 발화자 시선에 따른 위치 보정 알고리즘]
   └ 학회: 한국멀티미디어학회 (IF: 0.6)
--------------------------------
[동영상 대사 자막을 발화자 주변에 자동 배치하는 시스템의 개발]
   └ 학회: 한국멀티미디어학회 (IF: 0.6)"
2054,2023,전기전자공학,510828782,김효진,2,0.0,0.0,"[동영상 자막 자동 배치 시 발화자 시선에 따른 위치 보정 알고리즘]
   └ 학회: 한국멀티미디어학회 (IF: 0.6)
--------------------------------
[동영상 대사 자막을 발화자 주변에 자동 배치하는 시스템의 개발]
   └ 학회: 한국멀티미디어학회 (IF: 0.6)"
2055,2023,전기전자공학,428651652,이명호,2,0.0,0.0,"[LLM 기반 하이브리드 아바타 에이전트 시스템의 사용성 평가]
   └ 학회: 한국멀티미디어학회 (IF: 0.6)
--------------------------------
[다중 대화형 에이전트 제어 시스템에서 작업 간격이 작업 부하 및 운용행동에 미치는 영향 분석]
   └ 학회: 한국멀티미디어학회 (IF: 0.6)"
2056,2023,전기전자공학,345903874,김창화,2,0.0,0.0,"[정팔면체 내부에 3차원 점들을 고른 밀도로 무작위 분포시키는 접근방법]
   └ 학회: 한국멀티미디어학회 (IF: 0.6)
--------------------------------
[수중 다중매체 통신에서 U-DTN을 이용한 흐름 제어 기법과 성능 평가]
   └ 학회: 한국멀티미디어학회 (IF: 0.6)"
2057,2023,전기전자공학,871829702,임동현,2,0.0,0.0,"[정팔면체 내부에 3차원 점들을 고른 밀도로 무작위 분포시키는 접근방법]
   └ 학회: 한국멀티미디어학회 (IF: 0.6)
--------------------------------
[수중 다중매체 통신에서 U-DTN을 이용한 흐름 제어 기법과 성능 평가]
   └ 학회: 한국멀티미디어학회 (IF: 0.6)"
2058,2023,전기전자공학,971273632,박재홍,2,0.0,0.0,"[감정 기반 글꼴 추천 시스템을 위한 매핑 모델 설계 및 적용]
   └ 학회: 한국멀티미디어학회 (IF: 0.6)
--------------------------------
[블로그 게시물에서 감정분석을 통한 폰트 추천 서비스의 개발]
   └ 학회: 한국멀티미디어학회 (IF: 0.6)"
2059,2023,전기전자공학,264103206,정원식,2,0.0,0.0,"[보상과 소속감, 기대이론을 통해 바라본 트랜스 미디어 콘텐츠 - 영화 ‘신과 함께’를 중심으로]
   └ 학회: 한국멀티미디어학회 (IF: 0.6)
--------------------------------
[<탑건: 매버릭>의 향수 영화적 스토리텔링 특성 연구 - 상호텍스트성을 중심으로]
   └ 학회: 한국멀티미디어학회 (IF: 0.6)"
2060,2023,전기전자공학,343761586,최동희,2,0.0,0.0,"[전력계통 내 관성확보를 위한 동기조상기 해외사례 검토 및 분석]
   └ 학회: 한국정보기술학회 (IF: 0.56)
--------------------------------
[재생에너지 수용 시 폐지 발전기의 동기조상기 전환에 대한 영향성 분석]
   └ 학회: 대한전기학회 (IF: 0.39)"
2061,2023,전기전자공학,767221475,백승묵,2,0.0,0.0,"[전력계통 내 관성확보를 위한 동기조상기 해외사례 검토 및 분석]
   └ 학회: 한국정보기술학회 (IF: 0.56)
--------------------------------
[커널 밀도 추정 기법을 이용한 풍력발전량에 대한 확률론적 모델]
   └ 학회: 대한전기학회 (IF: 0.39)"
2062,2023,전기전자공학,379126925,임종식,2,0.0,0.0,"[반도체 측정용 블레이드 핀 전송 특성 분석]
   └ 학회: 한국정보기술학회 (IF: 0.56)
--------------------------------
[전자기적 시뮬레이션을 활용한 마이크로스트립 불연속 소자의 등가회로 추출]
   └ 학회: 한국정보기술학회 (IF: 0.56)"
2063,2023,전기전자공학,397664580,유동호,2,0.0,0.0,"[임베디드 시스템의 클럭 보상을 위한 RC 필터 기반의 주파수 검출기]
   └ 학회: 한국정보기술학회 (IF: 0.56)
--------------------------------
[소프트웨어 정의 라디오: 실시간 동영상 데이터 송수신기 구현에 대한 접근]
   └ 학회: 한국방송·미디어공학회 (IF: 0.49)"
2064,2023,전기전자공학,465668301,최재승,2,0.0,0.0,"[통계적 추정기 및 LPC 잔차잡음 억제에 기반한 음성강조 알고리즘의 SNR 효과]
   └ 학회: 한국정보기술학회 (IF: 0.56)
--------------------------------
[잡음음성 최소통계적 추정방식에 기반한 음성개선 알고리즘]
   └ 학회: 한국정보기술학회 (IF: 0.56)"
2065,2023,전기전자공학,939011086,김종성,2,0.0,0.0,"[장영실의 자격루에 있어서 방목의 구조와 작동원리에 대한 새로운 가설]
   └ 학회: 한국정보기술학회 (IF: 0.56)
--------------------------------
[선박 전기의장품 설치도면 해독을 위한 3D 학습자료 개발]
   └ 학회: 한국정보기술학회 (IF: 0.56)"
2066,2023,전기전자공학,414919891,허지원,2,0.0,0.0,"[4개의 덤벨 슬롯을 갖는 원편파 UHF RFID 리더 안테나 설계]
   └ 학회: 한국정보기술학회 (IF: 0.56)
--------------------------------
[이중반사경용 광대역 주름형 혼 안테나 설계]
   └ 학회: 한국정보기술학회 (IF: 0.56)"
2067,2023,전기전자공학,931565564,김진수,2,0.0,0.0,"[심전도의 이상치 신호 제거를 이용한 Xception 기반 스트레스 분류]
   └ 학회: 한국정보기술학회 (IF: 0.56)
--------------------------------
[다중 생체신호의 2D 스펙트로그램을 이용한 멀티스트림 CNN 기반 사용자 식별 시스템]
   └ 학회: 한국정보기술학회 (IF: 0.56)"
2068,2023,전기전자공학,266104655,반성범,2,0.0,0.0,"[심전도의 이상치 신호 제거를 이용한 Xception 기반 스트레스 분류]
   └ 학회: 한국정보기술학회 (IF: 0.56)
--------------------------------
[다중 생체신호의 2D 스펙트로그램을 이용한 멀티스트림 CNN 기반 사용자 식별 시스템]
   └ 학회: 한국정보기술학회 (IF: 0.56)"
2069,2023,전기전자공학,874131457,차상빈,2,0.0,0.0,"[다기능 레이다 자원 관리를 위한 효율적인 드웰 타임 할당 기법]
   └ 학회: 한국정보기술학회 (IF: 0.56)
--------------------------------
[Monostatic/Bistatic/Multistatic 미세도플러 영상을 융합한 효과적인 탄도미사일 식별 연구]
   └ 학회: 한국정보기술학회 (IF: 0.56)"
2070,2023,전기전자공학,454862614,박상홍,2,0.0,0.0,"[다기능 레이다 자원 관리를 위한 효율적인 드웰 타임 할당 기법]
   └ 학회: 한국정보기술학회 (IF: 0.56)
--------------------------------
[Monostatic/Bistatic/Multistatic 미세도플러 영상을 융합한 효과적인 탄도미사일 식별 연구]
   └ 학회: 한국정보기술학회 (IF: 0.56)"
2071,2023,전기전자공학,570131300,정주호,2,0.0,0.0,"[다기능 레이다 자원 관리를 위한 효율적인 드웰 타임 할당 기법]
   └ 학회: 한국정보기술학회 (IF: 0.56)
--------------------------------
[Monostatic/Bistatic/Multistatic 미세도플러 영상을 융합한 효과적인 탄도미사일 식별 연구]
   └ 학회: 한국정보기술학회 (IF: 0.56)"
2072,2023,전기전자공학,239103051,김우찬,2,0.0,0.0,"[다기능 레이다 자원 관리를 위한 효율적인 드웰 타임 할당 기법]
   └ 학회: 한국정보기술학회 (IF: 0.56)
--------------------------------
[잠수함 전투체계의 표적기동분석을 위한 시험환경 구현]
   └ 학회: 한국정보기술학회 (IF: 0.56)"
2073,2023,전기전자공학,1068907,최인오,2,0.0,0.0,"[다기능 레이다 자원 관리를 위한 효율적인 드웰 타임 할당 기법]
   └ 학회: 한국정보기술학회 (IF: 0.56)
--------------------------------
[Monostatic/Bistatic/Multistatic 미세도플러 영상을 융합한 효과적인 탄도미사일 식별 연구]
   └ 학회: 한국정보기술학회 (IF: 0.56)"
2074,2023,전기전자공학,455391216,정강률,2,0.0,0.0,"[디지털 제어 LLC 직렬공진 하프브리지 직류-직류 전력변환기]
   └ 학회: 한국정보기술학회 (IF: 0.56)
--------------------------------
[전압 직렬보상 방식 디지털 제어 교류 저전압보상기]
   └ 학회: 한국정보기술학회 (IF: 0.56)"
2075,2023,전기전자공학,456308,한철수,2,0.0,0.0,"[바이어스 추정을 위한 표본의 수가 자이로 센서의 드리프트 오차에 미치는 영향]
   └ 학회: 한국정보기술학회 (IF: 0.56)
--------------------------------
[자이로 센서를 이용한 가상 음원의 실시간 방향 제어 방법]
   └ 학회: 한국정보기술학회 (IF: 0.56)"
2076,2023,전기전자공학,757891787,신재욱,2,0.0,0.0,"[A Hierarchical Stability Criterion for Time-Delay Systems based on the Affine Bessel-Legendre Inequality]
   └ 학회: 한국정보기술학회 (IF: 0.56)
--------------------------------
[잡음에 강인한 다중 주파수 추정 알고리즘]
   └ 학회: 한국정보기술학회 (IF: 0.56)"
2077,2023,전기전자공학,307663509,노경아,2,0.0,0.0,"[최대가능도 기반 저경사 FMICW 레이다 다중표적 탐지 알고리즘]
   └ 학회: 한국정보기술학회 (IF: 0.56)
--------------------------------
[능동방호장치 레이다의 탐지 추적 정확도 향상을 위한 고속표적 속도 보상 및 탐지 추적 알고리즘에 관한 연구]
   └ 학회: 한국전자파학회 (IF: 0.4)"
2078,2023,전기전자공학,400579530,Aiyared Iampan,2,0.0,0.0,"[Pythagorean Fuzzy Implicative/Comparative/Shift UP-Filters of UP-Algebras with Approximations]
   └ 학회: 한국지능시스템학회 (IF: 0.56)
--------------------------------
[Bipolar Fuzzy Shift UP-Filters]
   └ 학회: 한국지능시스템학회 (IF: 0.56)"
2079,2023,전기전자공학,612670071,박상성,2,0.0,0.0,"[특허분류 체계를 활용한 유망기술 예측에 관한 연구]
   └ 학회: 한국지능시스템학회 (IF: 0.56)
--------------------------------
[데이터기반행정 활성화를 위한 조달 물품 가격 예측에 관한 연구]
   └ 학회: 한국지능시스템학회 (IF: 0.56)"
2080,2023,전기전자공학,458326453,김진율,2,0.0,0.0,"[부스팅 알고리즘을 사용한 폐플라스틱 데이터 패턴 분류기의 비교연구]
   └ 학회: 한국지능시스템학회 (IF: 0.56)
--------------------------------
[부분방전 및 폐플라스틱 신호 데이터를 위한 앙상블 CNN 분류기 설계]
   └ 학회: 한국지능시스템학회 (IF: 0.56)"
2081,2023,전기전자공학,152316532,오성권,2,0.0,0.0,"[부스팅 알고리즘을 사용한 폐플라스틱 데이터 패턴 분류기의 비교연구]
   └ 학회: 한국지능시스템학회 (IF: 0.56)
--------------------------------
[부분방전 및 폐플라스틱 신호 데이터를 위한 앙상블 CNN 분류기 설계]
   └ 학회: 한국지능시스템학회 (IF: 0.56)"
2082,2023,전기전자공학,790811745,김민석,2,0.0,0.0,"[PCA와 Bi-LSTM을 이용한 유동층 보일러의 잔여수명 예측 방법]
   └ 학회: 한국지능시스템학회 (IF: 0.56)
--------------------------------
[효율적인 다중 모드 운영을 위한 Recursive AAKR 기반 모드 식별 방법에 관한 연구]
   └ 학회: 한국지능시스템학회 (IF: 0.56)"
2083,2023,전기전자공학,1630427,이민혜,2,0.0,0.0,"[심층 웹 문서 자동 수집을 위한 크롤링 알고리즘 설계 및 실험]
   └ 학회: 한국정보통신학회 (IF: 0.54)
--------------------------------
[UV-C LED를 이용한 벽걸이형 공기정화시스템]
   └ 학회: 한국정보통신학회 (IF: 0.54)"
2084,2023,전기전자공학,451876344,이현섭,2,0.0,0.0,"[아쿠아포닉스의 생육 환경을 고려한 성장 측정 시스템의 설계]
   └ 학회: 한국정보통신학회 (IF: 0.54)
--------------------------------
[사용자 운동 패턴 클러스트링 분석을 이용한 최적의 운동 기법 제안 시스템 구현]
   └ 학회: 한국정보통신학회 (IF: 0.54)"
2085,2023,전기전자공학,187030777,김윤학,2,0.0,0.0,"[QR 분해에 기반한 저 복잡도 센서 선택 알고리즘]
   └ 학회: 한국정보통신학회 (IF: 0.54)
--------------------------------
[제한적 탐색 범위를 갖는 저 복잡도 그래프 신호 샘플링 알고리즘]
   └ 학회: 한국정보통신학회 (IF: 0.54)"
2086,2023,전기전자공학,575267820,이용걸,2,0.0,0.0,"[이미지 생성을 위한 특징 선택 기반 이진 가중치 보간맵]
   └ 학회: 한국정보통신학회 (IF: 0.54)
--------------------------------
[Imputation Method Using Local Linear Regression Based on Bidirectional k-nearest-components]
   └ 학회: 한국정보통신학회JICCE (IF: 0.54)"
2087,2023,전기전자공학,323462449,김창완,2,0.0,0.0,"[60GHz 대역 LO 누설 제거 기능을 가지는 12Gbps PAM-4 RF 모듈레이터]
   └ 학회: 한국정보통신학회 (IF: 0.54)
--------------------------------
[온도와 코너 변화에 영향이 작은 차동 구조의 포락선 검출기를 활용한 60-GHz 비동기 광대역 수신기]
   └ 학회: 한국정보통신학회 (IF: 0.54)"
2088,2023,전기전자공학,791414,황훈규,2,0.0,0.0,"[선박의 운항 안전성 지원을 위한 지능형 안전관리 시스템 개발]
   └ 학회: 한국정보통신학회 (IF: 0.54)
--------------------------------
[DEVS 형식론을 활용한 IEC 80005-1/2 기반 육상-선박전원공급장치 모델링]
   └ 학회: 한국정보통신학회 (IF: 0.54)"
2089,2023,전기전자공학,720840,이승철,2,0.0,0.0,"[위험 가중치를 이용한 차내 질식 예방 모니터링 시스템 설계 및 구현]
   └ 학회: 한국정보통신학회 (IF: 0.54)
--------------------------------
[RTOS를 기반한 실시간 대기 환경 원격 모니터링 시스템]
   └ 학회: 한국정보통신학회 (IF: 0.54)"
2090,2023,전기전자공학,252867046,장민석,2,0.0,0.0,"[FEC 환경에서 계산 오프로딩 서비스의 비용 모델]
   └ 학회: 한국정보통신학회 (IF: 0.54)
--------------------------------
[계산 오프로딩을 위한 이동에이전트 적용 및 경량화]
   └ 학회: 한국정보통신학회 (IF: 0.54)"
2091,2023,전기전자공학,757832381,한상배,2,0.0,0.0,"[RTOS를 기반한 실시간 대기 환경 원격 모니터링 시스템]
   └ 학회: 한국정보통신학회 (IF: 0.54)
--------------------------------
[암모니아 가스 농도 저감을 위한 원격 모니터링 시스템]
   └ 학회: 한국정보통신학회 (IF: 0.54)"
2092,2023,전기전자공학,929645850,김상현,2,0.0,0.0,"[레이다 성능과 연관된 대기상태 분석]
   └ 학회: 한국정보통신학회 (IF: 0.54)
--------------------------------
[다중경로 환경에서의 레이다 성능 분석 도구 개발 및 활용]
   └ 학회: 한국정보통신학회 (IF: 0.54)"
2093,2023,전기전자공학,321506155,김민주,2,0.0,0.0,"[구조적 확장성을 갖는 이진체 타원곡선 암호 프로세서]
   └ 학회: 한국정보통신학회 (IF: 0.54)
--------------------------------
[이진 에드워즈 곡선 공개키 암호를 위한 혼합 ω-좌표계 기반의 점 스칼라 곱셈기]
   └ 학회: 한국정보통신학회 (IF: 0.54)"
2094,2023,전기전자공학,619217163,장승주,2,0.0,0.0,"[파일 보안을 위한 사용 기간 기반 자동 삭제 기능 설계]
   └ 학회: 한국정보통신학회 (IF: 0.54)
--------------------------------
[Design of Real-Time Video Play System Using Web Camera]
   └ 학회: 국제인공지능학회 (IF: 0.51)"
2095,2023,전기전자공학,409504365,정영수,2,0.0,0.0,"[이진 에드워즈 곡선 공개키 암호를 위한 혼합 ω-좌표계 기반의 점 스칼라 곱셈기]
   └ 학회: 한국정보통신학회 (IF: 0.54)
--------------------------------
[x-좌표만 연산하는 확장형 구조의 소수체 ECC 프로세서]
   └ 학회: 한국정보통신학회 (IF: 0.54)"
2096,2023,전기전자공학,287417253,이지원,2,0.0,0.0,"[C-ITS에서의 운전자 HMI 서비스 시나리오 및 블루프린트 개발]
   └ 학회: 한국정보통신학회 (IF: 0.54)
--------------------------------
[태양광발전 수용성 향상을 위한 배전계통에서의 ESS Aggressive 전압-무효전력 제어 방안 적용]
   └ 학회: 대한전기학회 (IF: 0.39)"
2097,2023,전기전자공학,291308907,장유나,2,0.0,0.0,"[An Accurate Design Method of Wideband BPF Considering Frequency Dependence of Inverters]
   └ 학회: 한국정보통신학회JICCE (IF: 0.54)
--------------------------------
[커플링 매트릭스를 이용한 10단 Waveguide 필터의 설계 방법]
   └ 학회: 대한전기학회 (IF: 0.39)"
2098,2023,전기전자공학,958231007,오진석,2,0.0,0.0,"[함정 추진체계 이상진단을 위한 회귀 모델 설계]
   └ 학회: 한국정보통신학회 (IF: 0.54)
--------------------------------
[선박 에너지 저장 장치 CC 충전 제어 파라미터 최적화 제어 기법 연구]
   └ 학회: 한국정보통신학회 (IF: 0.54)"
2099,2023,전기전자공학,949659190,박찬욱,2,0.0,0.0,"[The Effect of Instatoon Service Quality on Diffusion Intention through Satisfaction and Dissatisfaction Coexistence]
   └ 학회: 국제인공지능학회 (IF: 0.51)
--------------------------------
[A Study on Strategies to Improve the Effectiveness of Influencer Advertising]
   └ 학회: 국제인공지능학회 (IF: 0.51)"
2100,2023,전기전자공학,650969911,이신복,2,0.0,0.0,"[The Effect of Instatoon Service Quality on Diffusion Intention through Satisfaction and Dissatisfaction Coexistence]
   └ 학회: 국제인공지능학회 (IF: 0.51)
--------------------------------
[A Study on Strategies to Improve the Effectiveness of Influencer Advertising]
   └ 학회: 국제인공지능학회 (IF: 0.51)"
2101,2023,전기전자공학,916492601,"Piscarac, Diana",2,0.0,0.0,"[Enhancing the Reliability of OTT Viewing Data in the Golden Age of Streaming: A Small Sample AHP Analysis and In-Depth Interview]
   └ 학회: 국제인공지능학회 (IF: 0.51)
--------------------------------
[Generative AI and its Implications for Modern Marketing: Analyzing Potential Challenges and Opportunities]
   └ 학회: 국제인공지능학회 (IF: 0.51)"
2102,2023,전기전자공학,434496345,김명성,2,0.0,0.0,"[A study of Analysis and Review of Cargo Urban Railway Stations of Korea for Underground Logistics Systems]
   └ 학회: 국제인공지능학회 (IF: 0.51)
--------------------------------
[The Validation Test process and CTE Suitability Evaluation based on IEC-61508 for Improving Safety and Reliability on Unmanned ICT Parcel Storage]
   └ 학회: 국제인공지능학회 (IF: 0.51)"
2103,2023,전기전자공학,521861844,Kyung Ho Jang,2,0.0,0.0,"[A study of Analysis and Review of Cargo Urban Railway Stations of Korea for Underground Logistics Systems]
   └ 학회: 국제인공지능학회 (IF: 0.51)
--------------------------------
[On the Evaluation Criteria of Test Bed Based on Urban Logistics System Using Underground Space]
   └ 학회: 국제인공지능학회 (IF: 0.51)"
2104,2023,전기전자공학,696540900,김주욱,2,0.0,0.0,"[A study of Analysis and Review of Cargo Urban Railway Stations of Korea for Underground Logistics Systems]
   └ 학회: 국제인공지능학회 (IF: 0.51)
--------------------------------
[On the Evaluation Criteria of Test Bed Based on Urban Logistics System Using Underground Space]
   └ 학회: 국제인공지능학회 (IF: 0.51)"
2105,2023,전기전자공학,139741459,김민중,2,0.0,0.0,"[On the Evaluation Criteria of Test Bed Based on Urban Logistics System Using Underground Space]
   └ 학회: 국제인공지능학회 (IF: 0.51)
--------------------------------
[Development of ISO 26262 based Requirements Analysis and Verification Method for Efficient Development of Vehicle Software]
   └ 학회: 국제인공지능학회 (IF: 0.51)"
2106,2023,전기전자공학,298918276,김유라,2,0.0,0.0,"[Short-term Fairness Analysis of Connection-based Slotted-Aloha]
   └ 학회: 국제인공지능학회 (IF: 0.51)
--------------------------------
[A Simulation Study on Queueing Delay Performance of Slotted ALOHA under Time-Correlated Channels]
   └ 학회: 국제인공지능학회 (IF: 0.51)"
2107,2023,전기전자공학,794716484,Md. Mukitul Hoque,2,0.0,0.0,"[Exploring the Influence of Pop-Up Store Experiences on Consumer Word-of-Mouth Intentions: The Mediating Role of Brand Charisma]
   └ 학회: 국제인공지능학회 (IF: 0.51)
--------------------------------
[Signals’ Influence on Crowd Funding Investment Decisions : A comparison of Taiwan and India]
   └ 학회: 국제인공지능학회 (IF: 0.51)"
2108,2023,전기전자공학,243460344,마카,2,0.0,0.0,"[A Research of Real-time Rendering Potentials on 3D Animation Production]
   └ 학회: 국제인공지능학회 (IF: 0.51)
--------------------------------
[A Research on 3D Texture Production Using Artificial Intelligence Softwear]
   └ 학회: 국제인공지능학회 (IF: 0.51)"
2109,2023,전기전자공학,488673412,KiHong Kim,2,0.0,0.0,"[Effect of Forest Road Types on Salivary Cortisol, Blood Lactate and Heart Rate during Walking Exercise]
   └ 학회: 국제인공지능학회 (IF: 0.51)
--------------------------------
[Effects of 8-Week Elastic Resistance Exercise on Knee Isokinetic Rate of Velocity Development and Balance by Age]
   └ 학회: 국제인공지능학회 (IF: 0.51)"
2110,2023,전기전자공학,396851780,Hwan-Jong Jeong,2,0.0,0.0,"[Effects of 8-Week Elastic Resistance Exercise on Knee Isokinetic Rate of Velocity Development and Balance by Age]
   └ 학회: 국제인공지능학회 (IF: 0.51)
--------------------------------
[Differences in Lower Extremity Electromyographic Responses Based on Foot Position and Swing Phase in Golf Driver Swings]
   └ 학회: 국제인공지능학회 (IF: 0.51)"
2111,2023,전기전자공학,663874447,Sang-Hyun Lee,2,0.0,0.0,"[Review of Changing Judging Standards for Bodybuilding and Fitness Competition Category]
   └ 학회: 국제인공지능학회 (IF: 0.51)
--------------------------------
[Difference between absolute and relative muscle strength according to resistance exercise proficiency]
   └ 학회: 국제인공지능학회 (IF: 0.51)"
2112,2023,전기전자공학,609646463,김도의,2,0.0,0.0,"[A Study on Strategies to Improve the Effectiveness of Influencer Advertising]
   └ 학회: 국제인공지능학회 (IF: 0.51)
--------------------------------
[모바일 숙박 앱(App)의 지각된 품질 요인이 PAD 이론을 통해 재이용 의도에 미치는 영향]
   └ 학회: 국제인공지능학회 (IF: 0.51)"
2113,2023,전기전자공학,618517414,Hongzhou Duan,2,0.0,0.0,"[Semantic-based Mashup Platform for Contents Convergence]
   └ 학회: 국제인공지능학회 (IF: 0.51)
--------------------------------
[Ontology Matching Method Based on Word Embedding and Structural Similarity]
   └ 학회: 국제인공지능학회 (IF: 0.51)"
2114,2023,전기전자공학,689611583,강천천,2,0.0,0.0,"[A Case Study of Creative Art Based on AI Generation Technology]
   └ 학회: 국제인공지능학회 (IF: 0.51)
--------------------------------
[A Study on the Scalability of Design Content Using Pixel Art]
   └ 학회: 국제인공지능학회 (IF: 0.51)"
2115,2023,전기전자공학,907199594,Seung-Woo LEE,2,0.0,0.0,"[Strategic Model Design based on Core Competencies for Innovation in Engineering Education]
   └ 학회: 국제인공지능학회 (IF: 0.51)
--------------------------------
[Establishment of ICT Specialized Teaching-Learning System in the Era of Superintelligence, Super-Connectivity, and Super-Convergence]
   └ 학회: 국제인공지능학회 (IF: 0.51)"
2116,2023,전기전자공학,992358304,Zhou Jiani,2,0.0,0.0,"[Research on the Expression Features of Naked-eye 3D Effect of LED Screen Based on Optical Illusion Art]
   └ 학회: 국제인공지능학회 (IF: 0.51)
--------------------------------
[Achieving the Naked-eye 3D Effect for Right-angled LED Screen by Off-line Rendering Production Method]
   └ 학회: 국제인공지능학회 (IF: 0.51)"
2117,2023,전기전자공학,190468641,Tae Soo Yun,2,0.0,0.0,"[Research on the Expression Features of Naked-eye 3D Effect of LED Screen Based on Optical Illusion Art]
   └ 학회: 국제인공지능학회 (IF: 0.51)
--------------------------------
[Achieving the Naked-eye 3D Effect for Right-angled LED Screen by Off-line Rendering Production Method]
   └ 학회: 국제인공지능학회 (IF: 0.51)"
2118,2023,전기전자공학,980959044,선심이,2,0.0,0.0,"[A Study on the Impact of Modern Technological Development on the Form of Music Concerts]
   └ 학회: 국제인공지능학회 (IF: 0.51)
--------------------------------
[A Research of Ink and Wash Elements on the 3D Animation Film <Deep Sea>]
   └ 학회: 국제인공지능학회 (IF: 0.51)"
2119,2023,전기전자공학,352723492,주종일,2,0.0,0.0,"[Traveling to the Hangang River via Metaverse: Interaction Effects between Avatar Self-Congruence and Digital Age Type]
   └ 학회: 국제인공지능학회 (IF: 0.51)
--------------------------------
[Predicting Continuance Intention of Personal Preventive Behavior after COVID-19: A Framework of Health Belief Model]
   └ 학회: 국제인공지능학회 (IF: 0.51)"
2120,2023,전기전자공학,802345113,정진우,2,0.0,0.0,"[Anti-Drone Technology for Drone Threat Response: Current Status and Future Directions]
   └ 학회: 국제인공지능학회 (IF: 0.51)
--------------------------------
[A Survey for Vulnerability Attack and Defense Method of Satellite-Link Based Communication System]
   └ 학회: 국제인공지능학회 (IF: 0.51)"
2121,2023,전기전자공학,373335198,심이삭,2,0.0,0.0,"[Anti-Drone Technology for Drone Threat Response: Current Status and Future Directions]
   └ 학회: 국제인공지능학회 (IF: 0.51)
--------------------------------
[A Survey for Vulnerability Attack and Defense Method of Satellite-Link Based Communication System]
   └ 학회: 국제인공지능학회 (IF: 0.51)"
2122,2023,전기전자공학,407994834,윤상범,2,0.0,0.0,"[Anti-Drone Technology for Drone Threat Response: Current Status and Future Directions]
   └ 학회: 국제인공지능학회 (IF: 0.51)
--------------------------------
[A Survey for Vulnerability Attack and Defense Method of Satellite-Link Based Communication System]
   └ 학회: 국제인공지능학회 (IF: 0.51)"
2123,2023,전기전자공학,319087920,서정현,2,0.0,0.0,"[Anti-Drone Technology for Drone Threat Response: Current Status and Future Directions]
   └ 학회: 국제인공지능학회 (IF: 0.51)
--------------------------------
[A Survey for Vulnerability Attack and Defense Method of Satellite-Link Based Communication System]
   └ 학회: 국제인공지능학회 (IF: 0.51)"
2124,2023,전기전자공학,995610705,임윤식,2,0.0,0.0,"[A Survey for Vulnerability Attack and Defense Method of Satellite-Link Based Communication System]
   └ 학회: 국제인공지능학회 (IF: 0.51)
--------------------------------
[A study on CFRP based lightweight House deck structure design and configuration of Deck body connected IoT sensor data acquisition devices]
   └ 학회: 국제인공지능학회 (IF: 0.51)"
2125,2023,전기전자공학,512765015,김우영,2,0.0,0.0,"[Two Protagonists of “The Old Man and the Sea,” Santiago and Manolin, Used as Metaphors for a Healthy Retirement Life of Husbands and Wives in Korean Society]
   └ 학회: 국제인공지능학회 (IF: 0.51)
--------------------------------
[Comparing the Status and Position of Women in Victorian England and Modern Korean Society with a Focus on the Novel “Tess of the D'Urbervilles”]
   └ 학회: 국제인공지능학회 (IF: 0.51)"
2126,2023,전기전자공학,410257922,김소수,2,0.0,0.0,"[MMIC 기반 Ka대역 주파수합성기 및 수신기 개발]
   └ 학회: 국제인공지능학회 (IF: 0.51)
--------------------------------
[W-대역 소형 펄스 도플러 레이다용 1 W급 SSPA 개발]
   └ 학회: 한국전자파학회 (IF: 0.4)"
2127,2023,전기전자공학,438956404,김재식,2,0.0,0.0,"[원형배열안테나의 편파 특성을 고려한 위상 비교 방향탐지]
   └ 학회: 국제인공지능학회 (IF: 0.51)
--------------------------------
[밀리미터파(W대역) 이중편파 모노펄스 급전 구조 설계 및 제작 방안 연구]
   └ 학회: 국제인공지능학회 (IF: 0.51)"
2128,2023,전기전자공학,772223005,홍경진,2,0.0,0.0,"[프랙탈 차원에 의한 소자 표면의 정량화 분석]
   └ 학회: 국제인공지능학회 (IF: 0.51)
--------------------------------
[실시간 소전력 감시 및 원격제어용 지능형 콘센트 개발]
   └ 학회: 국제인공지능학회 (IF: 0.51)"
2129,2023,전기전자공학,566640989,이다빈,2,0.0,0.0,"[추적 레이다 시스템의 전자기파 내성 설계]
   └ 학회: 국제인공지능학회 (IF: 0.51)
--------------------------------
[소형 추적 레이다 시스템 성능확인을 위한 종합성능시험 장비 개발]
   └ 학회: 국제인공지능학회 (IF: 0.51)"
2130,2023,전기전자공학,789684741,윤의중,2,0.0,0.0,"[접지된 2중 유전체층 사이의 저항띠 격자에 대해 FGMM을 적용한 TE 산란 해]
   └ 학회: 국제인공지능학회 (IF: 0.51)
--------------------------------
[접지된 2중 유전체층 사이의 저항띠 격자에 대해 FGMM과 PMM을 적용한 TM 산란 해]
   └ 학회: 국제인공지능학회 (IF: 0.51)"
2131,2023,전기전자공학,581027537,신용녀,2,0.0,0.0,"[하이퍼 스케일 클라우드에 적합한 정보보호 및 개인정보보호 관리체계 인증 통제항목 연구]
   └ 학회: 국제인공지능학회 (IF: 0.51)
--------------------------------
[불법촬영물 검색 방지를 위한 시험 세트 방안 연구]
   └ 학회: 국제인공지능학회 (IF: 0.51)"
2132,2023,전기전자공학,107354561,정성인,2,0.0,0.0,"[스위치드 릴럭턴스 전동기 최적운전을 위한 연구]
   └ 학회: 국제인공지능학회 (IF: 0.51)
--------------------------------
[C-dump 컨버터를 이용한 BLDC 전동기 구동]
   └ 학회: 국제인공지능학회 (IF: 0.51)"
2133,2023,전기전자공학,737922295,신진섭,2,0.0,0.0,"[전자기기의 전원 노이즈 저감을 위한 EMI 필터 경험적 설계에 관한 연구]
   └ 학회: 국제인공지능학회 (IF: 0.51)
--------------------------------
[RT과 TPSM 알고리즘의 영상구성 속도 분석]
   └ 학회: 국제인공지능학회 (IF: 0.51)"
2134,2023,전기전자공학,214993763,김영곤,2,0.0,0.0,"[저손실 마이크로스트립-도파관 inline 전이구조 설계]
   └ 학회: 국제인공지능학회 (IF: 0.51)
--------------------------------
[W밴드 radial 전력 결합기용 TE10-TEM 모드 변환기 설계]
   └ 학회: 국제인공지능학회 (IF: 0.51)"
2135,2023,전기전자공학,355732416,권세훈,2,0.0,0.0,"[저손실 마이크로스트립-도파관 inline 전이구조 설계]
   └ 학회: 국제인공지능학회 (IF: 0.51)
--------------------------------
[W밴드 radial 전력 결합기용 TE10-TEM 모드 변환기 설계]
   └ 학회: 국제인공지능학회 (IF: 0.51)"
2136,2023,전기전자공학,368021616,우선걸,2,0.0,0.0,"[저손실 마이크로스트립-도파관 inline 전이구조 설계]
   └ 학회: 국제인공지능학회 (IF: 0.51)
--------------------------------
[W밴드 radial 전력 결합기용 TE10-TEM 모드 변환기 설계]
   └ 학회: 국제인공지능학회 (IF: 0.51)"
2137,2023,전기전자공학,383956150,정채현,2,0.0,0.0,"[Ku-대역 FMCW 레이더용 전자식 빔 조향 배열 안테나 특성 검증]
   └ 학회: 국제인공지능학회 (IF: 0.51)
--------------------------------
[Ku-대역 FMCW 레이더용 전자식 빔 조향 배열 안테나 특성 검증]
   └ 학회: 국제인공지능학회 (IF: 0.51)"
2138,2023,전기전자공학,450006621,이재민,2,0.0,0.0,"[Ku-대역 FMCW 레이더용 전자식 빔 조향 배열 안테나 특성 검증]
   └ 학회: 국제인공지능학회 (IF: 0.51)
--------------------------------
[Ku-대역 FMCW 레이더용 전자식 빔 조향 배열 안테나 특성 검증]
   └ 학회: 국제인공지능학회 (IF: 0.51)"
2139,2023,전기전자공학,748784972,김민철,2,0.0,0.0,"[Ku-대역 FMCW 레이더용 전자식 빔 조향 배열 안테나 특성 검증]
   └ 학회: 국제인공지능학회 (IF: 0.51)
--------------------------------
[Ku-대역 FMCW 레이더용 전자식 빔 조향 배열 안테나 특성 검증]
   └ 학회: 국제인공지능학회 (IF: 0.51)"
2140,2023,전기전자공학,755340131,이행수,2,0.0,0.0,"[Ku-대역 FMCW 레이더용 전자식 빔 조향 배열 안테나 특성 검증]
   └ 학회: 국제인공지능학회 (IF: 0.51)
--------------------------------
[Ku-대역 FMCW 레이더용 전자식 빔 조향 배열 안테나 특성 검증]
   └ 학회: 국제인공지능학회 (IF: 0.51)"
2141,2023,전기전자공학,443848314,류성준,2,0.0,0.0,"[Ku-대역 FMCW 레이더용 전자식 빔 조향 배열 안테나 특성 검증]
   └ 학회: 국제인공지능학회 (IF: 0.51)
--------------------------------
[Ku-대역 FMCW 레이더용 전자식 빔 조향 배열 안테나 특성 검증]
   └ 학회: 국제인공지능학회 (IF: 0.51)"
2142,2023,전기전자공학,815541182,장성훈,2,0.0,0.0,"[Ku-대역 FMCW 레이더용 전자식 빔 조향 배열 안테나 특성 검증]
   └ 학회: 국제인공지능학회 (IF: 0.51)
--------------------------------
[Ku-대역 FMCW 레이더용 전자식 빔 조향 배열 안테나 특성 검증]
   └ 학회: 국제인공지능학회 (IF: 0.51)"
2143,2023,전기전자공학,378615357,장진현,2,0.0,0.0,"[디지털콘텐츠 산업육성 사업 구조개편 방안 연구]
   └ 학회: 국제인공지능학회 (IF: 0.51)
--------------------------------
[긴급재난 대응용 5G 이동 기지국을 위한 대기공간 광통신 장치의 제작과 특성평가]
   └ 학회: 국제인공지능학회 (IF: 0.51)"
2144,2023,전기전자공학,308969091,김영완,2,0.0,0.0,"[탐색기용 AESA 안테나 성능 고도화 연구]
   └ 학회: 국제인공지능학회 (IF: 0.51)
--------------------------------
[밀리미터파(W대역) 이중편파 모노펄스 급전 구조 설계 및 제작 방안 연구]
   └ 학회: 국제인공지능학회 (IF: 0.51)"
2145,2023,전기전자공학,999671268,백종균,2,0.0,0.0,"[탐색기용 AESA 안테나 성능 고도화 연구]
   └ 학회: 국제인공지능학회 (IF: 0.51)
--------------------------------
[밀리미터파(W대역) 이중편파 모노펄스 급전 구조 설계 및 제작 방안 연구]
   └ 학회: 국제인공지능학회 (IF: 0.51)"
2146,2023,전기전자공학,330637047,채희덕,2,0.0,0.0,"[탐색기용 AESA 안테나 성능 고도화 연구]
   └ 학회: 국제인공지능학회 (IF: 0.51)
--------------------------------
[밀리미터파(W대역) 이중편파 모노펄스 급전 구조 설계 및 제작 방안 연구]
   └ 학회: 국제인공지능학회 (IF: 0.51)"
2147,2023,전기전자공학,822872013,장일식,2,0.0,0.0,"[2D to 3D 창의적 생성을 위한 탐색적 실험 분석]
   └ 학회: 한국방송·미디어공학회 (IF: 0.49)
--------------------------------
[딥러닝 기반 시설재배 생산량 예측 연구]
   └ 학회: 한국방송·미디어공학회 (IF: 0.49)"
2148,2023,전기전자공학,861602042,이병탁,2,0.0,0.0,"[대규모 언어 모델을 사용하는 인공지능 기반 대화형 챗봇의 편향성 평가 프레임워크 개발 방법]
   └ 학회: 한국방송·미디어공학회 (IF: 0.49)
--------------------------------
[대화형 봇에 의한 대화 주제 정렬 과정에서의 인공지능 윤리 가이드라인에 관한 연구]
   └ 학회: 한국방송·미디어공학회 (IF: 0.49)"
2149,2023,전기전자공학,975609549,김용석,2,0.0,0.0,"[디지털 방송프로그램 음량 자동 측정 시스템 구현]
   └ 학회: 한국방송·미디어공학회 (IF: 0.49)
--------------------------------
[디지털 방송프로그램 음량 자동 측정 시스템 구현]
   └ 학회: 한국방송·미디어공학회 (IF: 0.49)"
2150,2023,전기전자공학,426174,김재곤,2,0.0,0.0,"[대조 학습 기반 자가증류를 이용한 단일 영상 초해상화 모델 경량화 기법]
   └ 학회: 한국방송·미디어공학회 (IF: 0.49)
--------------------------------
[An Advanced Multi-Scale Feature Compression (advMSFC) Method with Backbone Split Point and Its Performance Analysis]
   └ 학회: 한국방송·미디어공학회 (IF: 0.49)"
2151,2023,전기전자공학,691620761,김아영,2,0.0,0.0,"[Performance Improvement and Modification of VVC RPR Technology for Machine Vision Systems]
   └ 학회: 한국방송·미디어공학회 (IF: 0.49)
--------------------------------
[Performance Improvement and Modification of VVC RPR Technology for Machine Vision Systems]
   └ 학회: 한국방송·미디어공학회 (IF: 0.49)"
2152,2023,전기전자공학,208704312,김학원,2,0.0,0.0,"[계통연계 인버터의 주요 부하 불평형 시 상전류 제어를 통한 부하 상전압 평형 제어]
   └ 학회: 전력전자학회 (IF: 0.45)
--------------------------------
[부하전류 및 시비율을 보상한 동기 스위칭 3-레벨 양방향 DC/DC 컨버터의 출력 전압 제어기 설계]
   └ 학회: 전력전자학회 (IF: 0.45)"
2153,2023,전기전자공학,4033030,민성수,2,0.0,0.0,"[SiC 전력반도체의 병렬 구동 시 전류 불균형을 최소화하는 Mezzanine 구조의 방열일체형 스위칭 모듈 개발]
   └ 학회: 전력전자학회 (IF: 0.45)
--------------------------------
[넓은 출력전압을 가지는 전기자동차 초급속충전용 30kW 파워모듈 구현]
   └ 학회: 대한전기학회 (IF: 0.39)"
2154,2023,전기전자공학,411558042,이일운,2,0.0,0.0,"[양방향 경계모드 벅/부스트 컨버터의 디지털 제어기법]
   └ 학회: 전력전자학회 (IF: 0.45)
--------------------------------
[전기자동차 대용량 급속충전기를 위한 40kW, 100-1000V 출력을 갖는 DC/DC 전력 모듈]
   └ 학회: 전력전자학회 (IF: 0.45)"
2155,2023,전기전자공학,5406678,김동희,2,0.0,0.0,"[다상/다단 부스트 컨버터의 DC-Link 리플 전류 분석]
   └ 학회: 전력전자학회 (IF: 0.45)
--------------------------------
[P-HILS를 활용한 전력기술]
   └ 학회: 대한전기학회 (IF: 0.39)"
2156,2023,전기전자공학,555399239,김은수,2,0.0,0.0,"[소형풍력발전을 위한 3상 단일전력단 교류-직류 컨버터]
   └ 학회: 전력전자학회 (IF: 0.45)
--------------------------------
[3-브리지 LLC-LC 공진컨버터 이득특성]
   └ 학회: 전력전자학회 (IF: 0.45)"
2157,2023,전기전자공학,159362320,박영수,2,0.0,0.0,"[BLDC 전동기를 이용한 차량용 파워 슬라이딩 도어의 구동 방법]
   └ 학회: 전력전자학회 (IF: 0.45)
--------------------------------
[퍼스널 모빌리티 디바이스를 위한 넓은 범위의 출력 전압을 갖는 배터리 충전기]
   └ 학회: 전력전자학회 (IF: 0.45)"
2158,2023,전기전자공학,127273875,정세교,2,0.0,0.0,"[LLC 공진형 컨버터를 위한 인덕터 집적 평면형 변압기의 설계 및 구현]
   └ 학회: 전력전자학회 (IF: 0.45)
--------------------------------
[평면형 변압기를 사용한 병렬 LLC 공진형 컨버터의 간단한 교차제어기 설계 및 구현]
   └ 학회: 전력전자학회 (IF: 0.45)"
2159,2023,전기전자공학,676482255,김용중,2,0.0,0.0,"[저압직류계통에서 유도성 부하의 차단아크 특성]
   └ 학회: 전력전자학회 (IF: 0.45)
--------------------------------
[저압직류계통에서 접점형 전극의 아크안전 운용을 위한 전압-전력 영역]
   └ 학회: 전력전자학회 (IF: 0.45)"
2160,2023,전기전자공학,4221533,이은수,2,0.0,0.0,"[태양광 발전용 단일 SiC 스위치 기반 8kW급 ZVZCS 부스트 컨버터]
   └ 학회: 전력전자학회 (IF: 0.45)
--------------------------------
[DQN 강화학습 기반 최대 효율 구동 가능한 최적 IPT 코일 턴 수 설계 연구]
   └ 학회: 전력전자학회 (IF: 0.45)"
2161,2023,전기전자공학,808049076,이준석,2,0.0,0.0,"[Five-Leg Inverter의 스위치 손실 저감을 위한 토크 기반 불연속 펄스 폭 변조 방식]
   └ 학회: 전력전자학회 (IF: 0.45)
--------------------------------
[수소 연료 전지 기관차용 Partial Power DC-DC 컨버터 설계 및 검증]
   └ 학회: 대한전기학회 (IF: 0.39)"
2162,2023,전기전자공학,692553711,김상일,2,0.0,0.0,"[정지 상태에서의 SPMSM 파라미터 추정성능 향상을 위한 고주파 신호 주입 기법]
   └ 학회: 전력전자학회 (IF: 0.45)
--------------------------------
[HILS 기반의 Totem-pole Bridgeless PFC 제어 알고리즘 구현]
   └ 학회: 대한전기학회 (IF: 0.39)"
2163,2023,전기전자공학,4616242,신윤성,2,0.0,0.0,"[저압직류계통에서 습도에 따른 차단아크 특성]
   └ 학회: 전력전자학회 (IF: 0.45)
--------------------------------
[저압직류계통에서 전극형상에 따른 차단아크 특성]
   └ 학회: 전력전자학회 (IF: 0.45)"
2164,2023,전기전자공학,232169570,김대상,2,0.0,0.0,"[열차 충격하중 재하 시 침목 패드의 도상층 침하 저감 효과]
   └ 학회: 한국도시철도학회 (IF: 0.4)
--------------------------------
[열차하중 하 인공자갈이 부설된 자갈궤도의 침하 저감 및 하중 분산 효과]
   └ 학회: 한국도시철도학회 (IF: 0.4)"
2165,2023,전기전자공학,543267739,정기호,2,0.0,0.0,"[무인운전시스템 차륜-레일 인터페이스 최적화 방안에 관한 고찰]
   └ 학회: 한국도시철도학회 (IF: 0.4)
--------------------------------
[고속철도차량 모터 블록 연산오류와 동력전달장치 고장과의 상관성 분석]
   └ 학회: 한국도시철도학회 (IF: 0.4)"
2166,2023,전기전자공학,609739531,박태용,2,0.0,0.0,"[무인운전시스템 차륜-레일 인터페이스 최적화 방안에 관한 고찰]
   └ 학회: 한국도시철도학회 (IF: 0.4)
--------------------------------
[고속철도차량 모터 블록 연산오류와 동력전달장치 고장과의 상관성 분석]
   └ 학회: 한국도시철도학회 (IF: 0.4)"
2167,2023,전기전자공학,347326610,정혁상,2,0.0,0.0,"[수치해석을 통한 모듈러 레일빔 최적 설계에 관한 연구]
   └ 학회: 한국도시철도학회 (IF: 0.4)
--------------------------------
[시공 중인 수직구의 지반 특성에 따른 록볼트 내진 저항성 평가]
   └ 학회: 한국도시철도학회 (IF: 0.4)"
2168,2023,전기전자공학,453380717,안승영,2,0.0,0.0,"[Center for Electromagnetic Compatibility (EMC) Industry Advisory Board (IAB) Meeting 참가기]
   └ 학회: 한국전자파학회 (IF: 0.4)
--------------------------------
[차세대 반도체 패키징 기술 연구 동향]
   └ 학회: 한국전자파학회 (IF: 0.4)"
2169,2023,전기전자공학,369310434,구현지,2,0.0,0.0,"[웨이퍼상의 D-대역 회로의 전자파 성능 측정]
   └ 학회: 한국전자파학회 (IF: 0.4)
--------------------------------
[물질특성 측정장치를 이용한 D-대역 복소유전율 측정]
   └ 학회: 한국전자파학회 (IF: 0.4)"
2170,2023,전기전자공학,316969000,권재용,2,0.0,0.0,"[웨이퍼상의 D-대역 회로의 전자파 성능 측정]
   └ 학회: 한국전자파학회 (IF: 0.4)
--------------------------------
[물질특성 측정장치를 이용한 D-대역 복소유전율 측정]
   └ 학회: 한국전자파학회 (IF: 0.4)"
2171,2023,전기전자공학,517102183,조치현,2,0.0,0.0,"[웨이퍼상의 D-대역 회로의 전자파 성능 측정]
   └ 학회: 한국전자파학회 (IF: 0.4)
--------------------------------
[물질특성 측정장치를 이용한 D-대역 복소유전율 측정]
   └ 학회: 한국전자파학회 (IF: 0.4)"
2172,2023,전기전자공학,953703821,송익환,2,0.0,0.0,"[고주파 근역장 노이즈 측정을 위한 다층 인쇄회로기판 기반 자기장 프로브의 집전부 설계 구조 연구]
   └ 학회: 한국전자파학회 (IF: 0.4)
--------------------------------
[A Modeling and Design Methodology of Double Exponential Pulse Generator for Simulation-Based Conducted Disturbance Immunity Testing]
   └ 학회: 한국전자파학회JEES (IF: 0.4)"
2173,2023,전기전자공학,870459564,민병욱,2,0.0,0.0,"[우수-기수 모드 해석을 통한 표면 실장 소자의 기생 성분 계산 방법]
   └ 학회: 한국전자파학회 (IF: 0.4)
--------------------------------
[밀리미터파 온-보드 측정을 위한 플립-칩 본딩]
   └ 학회: 한국전자파학회 (IF: 0.4)"
2174,2023,전기전자공학,512182686,Heesu Wang,2,0.0,0.0,"[A Wideband Ultra-Low-Profile Solar Cell–Integrated Antenna]
   └ 학회: 한국전자파학회JEES (IF: 0.4)
--------------------------------
[Non-Uniform Metasurface-Integrated Circularly Polarized End-Fire Dipole Array Antenna]
   └ 학회: 한국전자파학회JEES (IF: 0.4)"
2175,2023,전기전자공학,316218516,Yong Bae Park,2,0.0,0.0,"[A Wideband Ultra-Low-Profile Solar Cell–Integrated Antenna]
   └ 학회: 한국전자파학회JEES (IF: 0.4)
--------------------------------
[Non-Uniform Metasurface-Integrated Circularly Polarized End-Fire Dipole Array Antenna]
   └ 학회: 한국전자파학회JEES (IF: 0.4)"
2176,2023,전기전자공학,463557910,장병준,2,0.0,0.0,"[Design of a UWB Antenna with Multiple Ports on a Single Circular Radiator for Direction-Finding Applications]
   └ 학회: 한국전자파학회JEES (IF: 0.4)
--------------------------------
[UWB 통신을 이용한 센서 응용: 자동차 내 좌석 탑승 감지]
   └ 학회: 한국전자파학회 (IF: 0.4)"
2177,2023,전기전자공학,275904217,김상혁,2,0.0,0.0,"[지면 레이다 클러터 신호의 특성 및 생성 방법]
   └ 학회: 한국전자파학회 (IF: 0.4)
--------------------------------
[Review of Antennas for Railway Communications]
   └ 학회: 한국전자파학회JEES (IF: 0.4)"
2178,2023,전기전자공학,616985287,최재훈,2,0.0,0.0,"[변형된 접지면 구조를 이용한 대역폭 확장 특성을 갖는 보우-타이형 준-야기 안테나]
   └ 학회: 한국전자파학회 (IF: 0.4)
--------------------------------
[커플러와 반파장 루프 패턴을 활용한 광대역 샤크핀 안테나 설계]
   └ 학회: 한국전자파학회 (IF: 0.4)"
2179,2023,전기전자공학,771481808,최남우,2,0.0,0.0,"[실제 지형 환경과 지구 곡률이 반영된 재밍 유효거리 분석을 위한 M&S 기법]
   └ 학회: 한국전자파학회 (IF: 0.4)
--------------------------------
[전후방비 개선 설계 기법을 이용한 ISM 대역 방향 탐지 안테나]
   └ 학회: 한국전자파학회 (IF: 0.4)"
2180,2023,전기전자공학,199477457,문현욱,2,0.0,0.0,"[함정용 탐색 레이다를 이용한 대함표적 사격 시 2차 반사 신호 억제에 관한 연구]
   └ 학회: 한국전자파학회 (IF: 0.4)
--------------------------------
[국내 대기 관측 데이터를 활용한 레이다 성능 분석]
   └ 학회: 한국전자파학회 (IF: 0.4)"
2181,2023,전기전자공학,206890070,최진주,2,0.0,0.0,"[Experiments of Sub-THz Wave Folded Waveguide Traveling-Wave Tube Amplifier]
   └ 학회: 한국전자파학회JEES (IF: 0.4)
--------------------------------
[24 GHz Six-Port Topology를 이용한 μm 단위의 초미세 진동 감지]
   └ 학회: 한국전자파학회 (IF: 0.4)"
2182,2023,전기전자공학,430156420,Youngje Sung,2,0.0,0.0,"[Simple Dual-Feed Dual-Circular Polarization Antenna with High Isolation]
   └ 학회: 한국전자파학회JEES (IF: 0.4)
--------------------------------
[Novel Multi-Band Substrate-Integrated Waveguide Antenna and Extension to a Deca-Band Antenna]
   └ 학회: 한국전자파학회JEES (IF: 0.4)"
2183,2023,전기전자공학,351677032,Youna Jang,2,0.0,0.0,"[Design of a Wideband Balun Using IPD Technology for Compensating the Frequency Dependency]
   └ 학회: 한국전자파학회JEES (IF: 0.4)
--------------------------------
[A New Doherty Combiner with Wide Bandwidth for Magnitude and Phase Balance Compensation]
   └ 학회: 한국전자파학회JEES (IF: 0.4)"
2184,2023,전기전자공학,379539560,Taehoon Kang,2,0.0,0.0,"[Design of a Wideband Balun Using IPD Technology for Compensating the Frequency Dependency]
   └ 학회: 한국전자파학회JEES (IF: 0.4)
--------------------------------
[A New Doherty Combiner with Wide Bandwidth for Magnitude and Phase Balance Compensation]
   └ 학회: 한국전자파학회JEES (IF: 0.4)"
2185,2023,전기전자공학,858433422,Seungyong Park,2,0.0,0.0,"[UHF-Printed Monopole Filtenna for Partial Discharge Detection with LTE Signal Suppression]
   └ 학회: 한국전자파학회JEES (IF: 0.4)
--------------------------------
[High-Isolation 5G Repeater Antenna Using a Novel DGS and an EBG]
   └ 학회: 한국전자파학회JEES (IF: 0.4)"
2186,2023,전기전자공학,495199817,김동우,2,0.0,0.0,"[3GPP (3rd Generation Partnership Project) RAN4#106]
   └ 학회: 한국전자파학회 (IF: 0.4)
--------------------------------
[이음5G 4.7 GHz 대역에서 건물간 전달손실 측정 및 분석]
   └ 학회: 한국전자파학회 (IF: 0.4)"
2187,2023,전기전자공학,576635702,오준택,2,0.0,0.0,"[넓은 입력전력 범위를 갖는 S-대역 광대역 고조파 응답기]
   └ 학회: 한국전자파학회 (IF: 0.4)
--------------------------------
[A Compact Low-Loss Reflection-Type Harmonic Transponder for Battery-less RFID Sensors Based on Harmonic Backscattering]
   └ 학회: 한국전자파학회JEES (IF: 0.4)"
2188,2023,전기전자공학,952986165,한지은,2,0.0,0.0,"[급전 위치 변경을 통한 Fabry-Perot Cavity 안테나 이득 개선]
   └ 학회: 한국전자파학회 (IF: 0.4)
--------------------------------
[편파 변환이 가능한 초소형, 고효율 Cube 안테나]
   └ 학회: 한국전자파학회 (IF: 0.4)"
2189,2023,전기전자공학,881528280,김동호,2,0.0,0.0,"[급전 위치 변경을 통한 Fabry-Perot Cavity 안테나 이득 개선]
   └ 학회: 한국전자파학회 (IF: 0.4)
--------------------------------
[편파 변환이 가능한 초소형, 고효율 Cube 안테나]
   └ 학회: 한국전자파학회 (IF: 0.4)"
2190,2023,전기전자공학,355788423,김현주,2,0.0,0.0,"[W-대역 소형 펄스 도플러 레이다용 1 W급 SSPA 개발]
   └ 학회: 한국전자파학회 (IF: 0.4)
--------------------------------
[소형 레이다에서 송신 및 국부발진신호의 불요파 영향성 검토]
   └ 학회: 한국전자파학회 (IF: 0.4)"
2191,2023,전기전자공학,904901055,권종화,2,0.0,0.0,"[초목이 포함된 건물에서의 경험적 모델을 적용한 전자파 경로 손실 예측]
   └ 학회: 한국전자파학회 (IF: 0.4)
--------------------------------
[금속성 함체의 개구부에 적용된 전자파 흡수체에 의한 차폐효과 개선]
   └ 학회: 한국전자파학회 (IF: 0.4)"
2192,2023,전기전자공학,325663903,형창희,2,0.0,0.0,"[초목이 포함된 건물에서의 경험적 모델을 적용한 전자파 경로 손실 예측]
   └ 학회: 한국전자파학회 (IF: 0.4)
--------------------------------
[금속성 함체의 개구부에 적용된 전자파 흡수체에 의한 차폐효과 개선]
   └ 학회: 한국전자파학회 (IF: 0.4)"
2193,2023,전기전자공학,210367231,황정환,2,0.0,0.0,"[초목이 포함된 건물에서의 경험적 모델을 적용한 전자파 경로 손실 예측]
   └ 학회: 한국전자파학회 (IF: 0.4)
--------------------------------
[금속성 함체의 개구부에 적용된 전자파 흡수체에 의한 차폐효과 개선]
   └ 학회: 한국전자파학회 (IF: 0.4)"
2194,2023,전기전자공학,468123838,박현호,2,0.0,0.0,"[금속성 함체의 개구부에 적용된 전자파 흡수체에 의한 차폐효과 개선]
   └ 학회: 한국전자파학회 (IF: 0.4)
--------------------------------
[마이크로스트립 선로를 이용한 EMI 시트의 광대역 자기장 차폐 측정 방법]
   └ 학회: 한국전자파학회 (IF: 0.4)"
2195,2023,전기전자공학,724315240,전우중,2,0.0,0.0,"[국내 대기 관측 데이터를 활용한 레이다 성능 분석]
   └ 학회: 한국전자파학회 (IF: 0.4)
--------------------------------
[국내 대기 환경을 반영한 레이다 성능 분석도구 개발 및 활용]
   └ 학회: 한국전자파학회 (IF: 0.4)"
2196,2023,전기전자공학,494476371,권세웅,2,0.0,0.0,"[국내 대기 관측 데이터를 활용한 레이다 성능 분석]
   └ 학회: 한국전자파학회 (IF: 0.4)
--------------------------------
[국내 대기 환경을 반영한 레이다 성능 분석도구 개발 및 활용]
   └ 학회: 한국전자파학회 (IF: 0.4)"
2197,2023,전기전자공학,224544732,김상현,2,0.0,0.0,"[국내 대기 관측 데이터를 활용한 레이다 성능 분석]
   └ 학회: 한국전자파학회 (IF: 0.4)
--------------------------------
[국내 대기 환경을 반영한 레이다 성능 분석도구 개발 및 활용]
   └ 학회: 한국전자파학회 (IF: 0.4)"
2198,2023,전기전자공학,970249680,최경륜,2,0.0,0.0,"[EM 시뮬레이션을 이용한 BCI-모니터링 프로브 시스템의 특성에 관한 연구]
   └ 학회: 한국전자파학회 (IF: 0.4)
--------------------------------
[FET 패키지의 스위칭 모델 기법에 관한 연구]
   └ 학회: 한국전자파학회 (IF: 0.4)"
2199,2023,전기전자공학,652514393,김찬규,2,0.0,0.0,"[EM 시뮬레이션을 이용한 BCI-모니터링 프로브 시스템의 특성에 관한 연구]
   └ 학회: 한국전자파학회 (IF: 0.4)
--------------------------------
[FET 패키지의 스위칭 모델 기법에 관한 연구]
   └ 학회: 한국전자파학회 (IF: 0.4)"
2200,2023,전기전자공학,962468891,박범준,2,0.0,0.0,"[2차원 인터페로미터 방향탐지 시스템용 광대역 배열 안테나모듈 설계 및 제작]
   └ 학회: 한국전자파학회 (IF: 0.4)
--------------------------------
[크로스 아이 재밍을 위한 멀티밴드 다중채널 송수신기의 정밀 가변 위상 및 진폭 매칭 구조 설계]
   └ 학회: 한국전자파학회 (IF: 0.4)"
2201,2023,전기전자공학,312569039,이인혁,2,0.0,0.0,"[SAR-ATR 기반 SAR 잡음 재밍 성능 분석]
   └ 학회: 한국전자파학회 (IF: 0.4)
--------------------------------
[단일 주파수 정현파 기반 SAR 재밍 기법에 관한 연구]
   └ 학회: 한국전자파학회 (IF: 0.4)"
2202,2023,전기전자공학,628318530,조민곤,2,0.0,0.0,"[SAR-ATR 기반 SAR 잡음 재밍 성능 분석]
   └ 학회: 한국전자파학회 (IF: 0.4)
--------------------------------
[단일 주파수 정현파 기반 SAR 재밍 기법에 관한 연구]
   └ 학회: 한국전자파학회 (IF: 0.4)"
2203,2023,전기전자공학,601845568,김상원,2,0.0,0.0,"[SAR-ATR 기반 SAR 잡음 재밍 성능 분석]
   └ 학회: 한국전자파학회 (IF: 0.4)
--------------------------------
[단일 주파수 정현파 기반 SAR 재밍 기법에 관한 연구]
   └ 학회: 한국전자파학회 (IF: 0.4)"
2204,2023,전기전자공학,907008475,박지성,2,0.0,0.0,"[위성통신 품은 6G, 상용화 준비 ‘스타트’]
   └ 학회: 한국전자파학회 (IF: 0.4)
--------------------------------
[도약 발판 다진 2023년, 새해 6G·위성 등 글로벌 주도권 도전]
   └ 학회: 한국전자파학회 (IF: 0.4)"
2205,2023,전기전자공학,640930087,Dong-Su Choi,2,0.0,0.0,"[Design of a Dual-Mode Waveguide CP Antenna with a Symmetric Beamwidth Using Short Stub for Low-Orbit Satellite TC&R]
   └ 학회: 한국전자파학회JEES (IF: 0.4)
--------------------------------
[The Design of a Sliding Rectangular Waveguide Array Antenna for Beam Steering]
   └ 학회: 한국전자파학회JEES (IF: 0.4)"
2206,2023,전기전자공학,890225219,Yoon-Seon Choi,2,0.0,0.0,"[Design of a Dual-Mode Waveguide CP Antenna with a Symmetric Beamwidth Using Short Stub for Low-Orbit Satellite TC&R]
   └ 학회: 한국전자파학회JEES (IF: 0.4)
--------------------------------
[The Design of a Sliding Rectangular Waveguide Array Antenna for Beam Steering]
   └ 학회: 한국전자파학회JEES (IF: 0.4)"
2207,2023,전기전자공학,397842511,우종명,2,0.0,0.0,"[Design of a Dual-Mode Waveguide CP Antenna with a Symmetric Beamwidth Using Short Stub for Low-Orbit Satellite TC&R]
   └ 학회: 한국전자파학회JEES (IF: 0.4)
--------------------------------
[The Design of a Sliding Rectangular Waveguide Array Antenna for Beam Steering]
   └ 학회: 한국전자파학회JEES (IF: 0.4)"
2208,2023,전기전자공학,267266681,Jeahoon Cho,2,0.0,0.0,"[Unified GSTC-FDTD Algorithm for the Efficient Electromagnetic Analysis of 2D Dispersive Materials]
   └ 학회: 한국전자파학회JEES (IF: 0.4)
--------------------------------
[Efficient FDTD Simulation for the EM Analysis of Faraday Rotation in the Ionosphere]
   └ 학회: 한국전자파학회JEES (IF: 0.4)"
2209,2023,전기전자공학,601280801,Jong Hwa Kwon,2,0.0,0.0,"[Estimation of Electromagnetic Field Penetration into Concrete Buildings Using a Theoretical Approach Considering External Environmental Factors]
   └ 학회: 한국전자파학회JEES (IF: 0.4)
--------------------------------
[A Modeling and Design Methodology of Double Exponential Pulse Generator for Simulation-Based Conducted Disturbance Immunity Testing]
   └ 학회: 한국전자파학회JEES (IF: 0.4)"
2210,2023,전기전자공학,455625143,김성형,2,0.0,0.0,"[Ku 대역 위성통신용 5 W GaN MMIC 전력증폭기]
   └ 학회: 한국전자파학회 (IF: 0.4)
--------------------------------
[Out-Phased Current Combining 방식과 Complex Combining Load 방식을 이용한 3.7∼4.0 GHz 대역 GaN-HEMT Doherty 전력증폭기]
   └ 학회: 한국전자파학회 (IF: 0.4)"
2211,2023,전기전자공학,168621169,진일비,2,0.0,0.0,"[Ku 대역 위성통신용 5 W GaN MMIC 전력증폭기]
   └ 학회: 한국전자파학회 (IF: 0.4)
--------------------------------
[Out-Phased Current Combining 방식과 Complex Combining Load 방식을 이용한 3.7∼4.0 GHz 대역 GaN-HEMT Doherty 전력증폭기]
   └ 학회: 한국전자파학회 (IF: 0.4)"
2212,2023,전기전자공학,657485048,김준식,2,0.0,0.0,"[모델 불확실성을 갖는 6자유도 원격조종 수중로봇의 외란 관측기 기반 제어]
   └ 학회: 한국로봇학회(논문지) (IF: 0.4)
--------------------------------
[착용형 로봇을 제어하기 위한 근경도 기반의 의도 인식 방법]
   └ 학회: 한국로봇학회(논문지) (IF: 0.4)"
2213,2023,전기전자공학,470154053,조규진,2,0.0,0.0,"[소형 곤충형 지상 이동 로봇 주행 메커니즘의 다리 기구 설계 및 분석]
   └ 학회: 한국로봇학회(논문지) (IF: 0.4)
--------------------------------
[전완의 회외 및 회내를 보조하는 유연한 착용형 로봇 개발]
   └ 학회: 한국로봇학회(논문지) (IF: 0.4)"
2214,2023,전기전자공학,921339489,김기찬,2,0.0,0.0,"[토크 리플 저감을 위한 IPMSM 비대칭 노치 분석]
   └ 학회: 대한전기학회 (IF: 0.39)
--------------------------------
[선박용 리튬이온 배터리 모듈의 발열 및 효율 특성에 관한 연구]
   └ 학회: 대한전기학회 (IF: 0.39)"
2215,2023,전기전자공학,771279232,김진훈,2,0.0,0.0,"[새로운 이차 함수 음 조건과 이의 시간 지연 선형 시스템의 안정성에 응용]
   └ 학회: 대한전기학회 (IF: 0.39)
--------------------------------
[두 개의 지연구간 종속 LKF를 이용한 시간지연 선형 시스템의 안정성 해석]
   └ 학회: 대한전기학회 (IF: 0.39)"
2216,2023,전기전자공학,879960815,김지혜,2,0.0,0.0,"[Operating Characteristics of Superconducting Arc-induction Type DC Circuit Breaker According to Contact Opening Speed]
   └ 학회: 대한전기학회 (IF: 0.39)
--------------------------------
[초전도 아크유도형 DC 차단기의 유도침 설계를 위한 방법론]
   └ 학회: 대한전기학회 (IF: 0.39)"
2217,2023,전기전자공학,849320003,최효상,2,0.0,0.0,"[Operating Characteristics of Superconducting Arc-induction Type DC Circuit Breaker According to Contact Opening Speed]
   └ 학회: 대한전기학회 (IF: 0.39)
--------------------------------
[초전도 아크유도형 DC 차단기의 유도침 설계를 위한 방법론]
   └ 학회: 대한전기학회 (IF: 0.39)"
2218,2023,전기전자공학,394435681,이윤영,2,0.0,0.0,"[국내 전력계통의 운영조건을 고려한 변동성 재생발전원의 정상상태 수용한계 평가방법]
   └ 학회: 대한전기학회 (IF: 0.39)
--------------------------------
[국가 간 전력계통의 HVDC 연계를 고려한 변동성 재생발전원의 수용한계 평가 방법]
   └ 학회: 대한전기학회 (IF: 0.39)"
2219,2023,전기전자공학,990428489,양재영,2,0.0,0.0,"[국내 전력계통의 운영조건을 고려한 변동성 재생발전원의 정상상태 수용한계 평가방법]
   └ 학회: 대한전기학회 (IF: 0.39)
--------------------------------
[국가 간 전력계통의 HVDC 연계를 고려한 변동성 재생발전원의 수용한계 평가 방법]
   └ 학회: 대한전기학회 (IF: 0.39)"
2220,2023,전기전자공학,497280565,송유훈,2,0.0,0.0,"[국내 전력계통의 운영조건을 고려한 변동성 재생발전원의 정상상태 수용한계 평가방법]
   └ 학회: 대한전기학회 (IF: 0.39)
--------------------------------
[국가 간 전력계통의 HVDC 연계를 고려한 변동성 재생발전원의 수용한계 평가 방법]
   └ 학회: 대한전기학회 (IF: 0.39)"
2221,2023,전기전자공학,221876998,국경수,2,0.0,0.0,"[국내 전력계통의 운영조건을 고려한 변동성 재생발전원의 정상상태 수용한계 평가방법]
   └ 학회: 대한전기학회 (IF: 0.39)
--------------------------------
[국가 간 전력계통의 HVDC 연계를 고려한 변동성 재생발전원의 수용한계 평가 방법]
   └ 학회: 대한전기학회 (IF: 0.39)"
2222,2023,전기전자공학,366134466,김상우,2,0.0,0.0,"[마이크로웨이브 캐비티 모드 전환에 의한 웨이퍼 가열 특성]
   └ 학회: 대한전기학회 (IF: 0.39)
--------------------------------
[슬랏 안테나 두께에 따른 원통형 TE<SUB>11</SUB> 선형 마이크로웨이브 플라즈마 특성 분석]
   └ 학회: 대한전기학회 (IF: 0.39)"
2223,2023,전기전자공학,424759181,임민규,2,0.0,0.0,"[클라우드 스토리지 시스템에서 능동적 파일 모드 변경을 통한 동기화 성능 분석]
   └ 학회: 대한전기학회 (IF: 0.39)
--------------------------------
[에지 컴퓨팅 환경에서 사용자 시청 기록에 기반한 개인화된 동영상 프리페칭 메커니즘]
   └ 학회: 대한전기학회 (IF: 0.39)"
2224,2023,전기전자공학,5129555,김권철,2,0.0,0.0,"[세계 HVDC 추세와 대한민국 HVDC 현황에 대한 고찰]
   └ 학회: 대한전기학회 (IF: 0.39)
--------------------------------
[인천공항의 154 kV 전력시스템 모델링과 역송 전력 방지대책에 대한 고찰]
   └ 학회: 대한전기학회 (IF: 0.39)"
2225,2023,전기전자공학,285055062,최종용,2,0.0,0.0,"[태양광 발전 시스템의 인버터 단락사고 발생 대응을 위한 레그 절체 방안의 적용 및 검증]
   └ 학회: 대한전기학회 (IF: 0.39)
--------------------------------
[태양광 발전시스템의 전력 생산 증대를 위한 Double Band 제어 방식의 적용 및 검증]
   └ 학회: 대한전기학회 (IF: 0.39)"
2226,2023,전기전자공학,534117425,김명현,2,0.0,0.0,"[국내 공동주택의 안전점검 범위 설정에 관한 연구]
   └ 학회: 대한전기학회 (IF: 0.39)
--------------------------------
[배전계통 내 고장발생시 초전도 한류기가 건전선로의 전압 강하에 미치는 영향에 관한 연구]
   └ 학회: 대한전기학회 (IF: 0.39)"
2227,2023,전기전자공학,491054106,김진석,2,0.0,0.0,"[국내 공동주택의 안전점검 범위 설정에 관한 연구]
   └ 학회: 대한전기학회 (IF: 0.39)
--------------------------------
[배전계통 내 고장발생시 초전도 한류기가 건전선로의 전압 강하에 미치는 영향에 관한 연구]
   └ 학회: 대한전기학회 (IF: 0.39)"
2228,2023,전기전자공학,848572950,김규원,2,0.0,0.0,"[제한된 면적에서 심타식 접지봉의 경제성 및 안전전압 유지성능에 관한 연구]
   └ 학회: 대한전기학회 (IF: 0.39)
--------------------------------
[배전선로 임피던스 및 격자판 접지극을 활용한 접지설계에 관한 연구]
   └ 학회: 대한전기학회 (IF: 0.39)"
2229,2023,전기전자공학,946059255,장정수,2,0.0,0.0,"[그리드포밍 인버터 자원 기반 전력계통의 블랙스타트 및 계통 동기화 영향 연구]
   └ 학회: 대한전기학회 (IF: 0.39)
--------------------------------
[HVDC 운영 전략에 따른 제주 전력 계통의 출력제어 및 운영비용 분석]
   └ 학회: 대한전기학회 (IF: 0.39)"
2230,2023,전기전자공학,397542778,김재호,2,0.0,0.0,"[LED를 이용한 건강기기에 적용 가능한 LED 광원의 전력밀도 및 간섭에 대한 설계]
   └ 학회: 대한전기학회 (IF: 0.39)
--------------------------------
[고출력 적외선 조사기를 위한 구동회로 설계와 검증에 대한 연구]
   └ 학회: 대한전기학회 (IF: 0.39)"
2231,2023,전기전자공학,827404079,황선남,2,0.0,0.0,"[LED를 이용한 건강기기에 적용 가능한 LED 광원의 전력밀도 및 간섭에 대한 설계]
   └ 학회: 대한전기학회 (IF: 0.39)
--------------------------------
[고출력 적외선 조사기를 위한 구동회로 설계와 검증에 대한 연구]
   └ 학회: 대한전기학회 (IF: 0.39)"
2232,2023,전기전자공학,649055685,김경호,2,0.0,0.0,"[LED를 이용한 건강기기에 적용 가능한 LED 광원의 전력밀도 및 간섭에 대한 설계]
   └ 학회: 대한전기학회 (IF: 0.39)
--------------------------------
[고출력 적외선 조사기를 위한 구동회로 설계와 검증에 대한 연구]
   └ 학회: 대한전기학회 (IF: 0.39)"
2233,2023,전기전자공학,599070595,방준호,2,0.0,0.0,"[100W급 DC 아크 발생 시 전극 형태에 따른 케이블 절연체(XLPE)의 착화시간 비교 및 착화확률 분석]
   └ 학회: 대한전기학회 (IF: 0.39)
--------------------------------
[몰드 변압기 내부 온도 추정을 위한 초음파 전파 특성 분석]
   └ 학회: 대한전기학회 (IF: 0.39)"
2234,2023,전기전자공학,243229146,김태형,2,0.0,0.0,"[100W급 DC 아크 발생 시 전극 형태에 따른 케이블 절연체(XLPE)의 착화시간 비교 및 착화확률 분석]
   └ 학회: 대한전기학회 (IF: 0.39)
--------------------------------
[몰드 변압기 내부 온도 추정을 위한 초음파 전파 특성 분석]
   └ 학회: 대한전기학회 (IF: 0.39)"
2235,2023,전기전자공학,837740905,소병문,2,0.0,0.0,"[100W급 DC 아크 발생 시 전극 형태에 따른 케이블 절연체(XLPE)의 착화시간 비교 및 착화확률 분석]
   └ 학회: 대한전기학회 (IF: 0.39)
--------------------------------
[몰드 변압기 내부 온도 추정을 위한 초음파 전파 특성 분석]
   └ 학회: 대한전기학회 (IF: 0.39)"
2236,2023,전기전자공학,337867237,송제호,2,0.0,0.0,"[100W급 DC 아크 발생 시 전극 형태에 따른 케이블 절연체(XLPE)의 착화시간 비교 및 착화확률 분석]
   └ 학회: 대한전기학회 (IF: 0.39)
--------------------------------
[몰드 변압기 내부 온도 추정을 위한 초음파 전파 특성 분석]
   └ 학회: 대한전기학회 (IF: 0.39)"
2237,2023,전기전자공학,123685948,채동주,2,0.0,0.0,"[마이크로그리드 지락고장 발생시 보호 계전요소 효과 분석]
   └ 학회: 대한전기학회 (IF: 0.39)
--------------------------------
[DC/DC 컨버터의 단락특성을 반영한 저압직류계통의 단락용량 산출방안에 관한 연구]
   └ 학회: 대한전기학회 (IF: 0.39)"
2238,2023,전기전자공학,972547960,임승택,2,0.0,0.0,"[마이크로그리드 지락고장 발생시 보호 계전요소 효과 분석]
   └ 학회: 대한전기학회 (IF: 0.39)
--------------------------------
[DC/DC 컨버터의 단락특성을 반영한 저압직류계통의 단락용량 산출방안에 관한 연구]
   └ 학회: 대한전기학회 (IF: 0.39)"
2239,2023,전기전자공학,1773194,오찬혁,2,0.0,0.0,"[마이크로그리드 지락고장 발생시 보호 계전요소 효과 분석]
   └ 학회: 대한전기학회 (IF: 0.39)
--------------------------------
[DC/DC 컨버터의 단락특성을 반영한 저압직류계통의 단락용량 산출방안에 관한 연구]
   └ 학회: 대한전기학회 (IF: 0.39)"
2240,2023,전기전자공학,774653700,이기연,2,0.0,0.0,"[마이크로그리드 지락고장 발생시 보호 계전요소 효과 분석]
   └ 학회: 대한전기학회 (IF: 0.39)
--------------------------------
[DC/DC 컨버터의 단락특성을 반영한 저압직류계통의 단락용량 산출방안에 관한 연구]
   └ 학회: 대한전기학회 (IF: 0.39)"
2241,2023,전기전자공학,299634546,서정진,2,0.0,0.0,"[가변속 DFIM 시스템의 가상관성 모델링]
   └ 학회: 대한전기학회 (IF: 0.39)
--------------------------------
[Analysis of Backward Mode for LLC-based Bidirectional Batteries Charger]
   └ 학회: 대한전기학회 (IF: 0.39)"
2242,2023,전기전자공학,424704565,Seng Chhaya,2,0.0,0.0,"[Cable Impedance Measurement and Verification Method]
   └ 학회: 대한전기학회 (IF: 0.39)
--------------------------------
[Analysis of Backward Mode for LLC-based Bidirectional Batteries Charger]
   └ 학회: 대한전기학회 (IF: 0.39)"
2243,2023,전기전자공학,955192,이영달,2,0.0,0.0,"[A New Receiver-side Post Regulator (RSPR) with Simple Phase Detection Method and High Power Density for WPT Systems]
   └ 학회: 대한전기학회 (IF: 0.39)
--------------------------------
[전기차 무선충전 기술과 상용화 방향]
   └ 학회: 대한전기학회 (IF: 0.39)"
2244,2023,전기전자공학,125215458,Myeong-Soo Choi,2,0.0,0.0,"[A Proof of Utkin’s Theorem for ITSMC with Output Prediction of Second Order Uncertain Plants]
   └ 학회: 대한전기학회 (IF: 0.39)
--------------------------------
[Further Studies of A Proof of Utkin""s Theorem for ITSMC of Second Order Uncertain Plants]
   └ 학회: 대한전기학회 (IF: 0.39)"
2245,2023,전기전자공학,641525692,차영광,2,0.0,0.0,"[KTX-이음 철도차량용 진공인터럽터 축자계 전극의 설계 및 검증]
   └ 학회: 대한전기학회 (IF: 0.39)
--------------------------------
[실드 컨디셔닝을 통한 29㎸ 20㎄ 진공인터럽터의 절연성능 개선 연구]
   └ 학회: 대한전기학회 (IF: 0.39)"
2246,2023,전기전자공학,497857481,방수철,2,0.0,0.0,"[Smart Grid 분산전력의 아크신호 고장분석을 위한 제안된 아크감지 방법]
   └ 학회: 대한전기학회 (IF: 0.39)
--------------------------------
[이차전지 리튬이온 배터리용 시험설비를 이용한 성능 및 신뢰성 분석]
   └ 학회: 대한전기학회 (IF: 0.39)"
2247,2023,전기전자공학,726611,윤용호,2,0.0,0.0,"[Smart Grid 분산전력의 아크신호 고장분석을 위한 제안된 아크감지 방법]
   └ 학회: 대한전기학회 (IF: 0.39)
--------------------------------
[이차전지 리튬이온 배터리용 시험설비를 이용한 성능 및 신뢰성 분석]
   └ 학회: 대한전기학회 (IF: 0.39)"
2248,2023,전기전자공학,193327999,이기영,2,0.0,0.0,"[넓은 출력전압을 가지는 전기자동차 초급속충전용 30kW 파워모듈 구현]
   └ 학회: 대한전기학회 (IF: 0.39)
--------------------------------
[HILS 기반의 Totem-pole Bridgeless PFC 제어 알고리즘 구현]
   └ 학회: 대한전기학회 (IF: 0.39)"
2249,2023,전기전자공학,216136940,손은태,2,0.0,0.0,"[비상시 부하전환 능력 확보를 위한 배전계통 최적 계획 방안]
   └ 학회: 대한전기학회 (IF: 0.39)
--------------------------------
[복원력 향상을 고려한 차세대 전력망의 예비타당성 분석 모델 개발]
   └ 학회: 대한전기학회 (IF: 0.39)"
2250,2023,전기전자공학,739562614,박태근,2,0.0,0.0,"[기울기 기반 허프 변환을 이용한 실시간 차선 검출 시스템 설계]
   └ 학회: 대한전기학회 (IF: 0.39)
--------------------------------
[Disparity Calibration을 이용한 실시간 스테레오 비전 시스템 설계]
   └ 학회: 대한전기학회 (IF: 0.39)"
2251,2023,전기전자공학,735878270,윤치명,2,0.0,0.0,"[직류 전기철도에서의 회생인버터 계통연계 시 전력품질 특성분석]
   └ 학회: 대한전기학회 (IF: 0.39)
--------------------------------
[직류 도시철도 전압 제어에 따른 변전소 전력효율 향상 연구]
   └ 학회: 대한전기학회 (IF: 0.39)"
2252,2023,전기전자공학,599186543,김형철,2,0.0,0.0,"[직류 전기철도에서의 회생인버터 계통연계 시 전력품질 특성분석]
   └ 학회: 대한전기학회 (IF: 0.39)
--------------------------------
[직류 도시철도 전압 제어에 따른 변전소 전력효율 향상 연구]
   └ 학회: 대한전기학회 (IF: 0.39)"
2253,2023,전기전자공학,201690317,박동훈,2,0.0,0.0,"[AF 무절연궤도회로장치의 지상-차상간 코드주파수 제어 안정화에 관한 연구]
   └ 학회: 대한전기학회 (IF: 0.39)
--------------------------------
[철도 VHF와 복합통신설비의 통합운영에 관한 연구]
   └ 학회: 대한전기학회 (IF: 0.39)"
2254,2023,전기전자공학,169214820,한호현,2,0.0,0.0,"[AF 무절연궤도회로장치의 지상-차상간 코드주파수 제어 안정화에 관한 연구]
   └ 학회: 대한전기학회 (IF: 0.39)
--------------------------------
[철도 VHF와 복합통신설비의 통합운영에 관한 연구]
   └ 학회: 대한전기학회 (IF: 0.39)"
2255,2023,전기전자공학,980804574,김선교,2,0.0,0.0,"[AF 무절연궤도회로장치의 지상-차상간 코드주파수 제어 안정화에 관한 연구]
   └ 학회: 대한전기학회 (IF: 0.39)
--------------------------------
[철도 VHF와 복합통신설비의 통합운영에 관한 연구]
   └ 학회: 대한전기학회 (IF: 0.39)"
2256,2023,전기전자공학,736886001,강정원,2,0.0,0.0,"[AF 무절연궤도회로장치의 지상-차상간 코드주파수 제어 안정화에 관한 연구]
   └ 학회: 대한전기학회 (IF: 0.39)
--------------------------------
[철도 VHF와 복합통신설비의 통합운영에 관한 연구]
   └ 학회: 대한전기학회 (IF: 0.39)"
2257,2023,전기전자공학,998450510,이세희,2,0.0,0.0,"[리튬이온배터리의 안전진단 파라미터 선정을 위한 내부저항 특성 분석]
   └ 학회: 대한전기학회 (IF: 0.39)
--------------------------------
[리튬이온배터리의 안전진단 파라미터 선정을 위한 내부저항 특성 분석]
   └ 학회: 대한전기학회 (IF: 0.39)"
2258,2023,전기전자공학,569180686,강자윤,2,0.0,0.0,"[테라헤르츠파를 이용한 고체 절연 전기설비 내부 결함 검출 연구]
   └ 학회: 대한전기학회 (IF: 0.39)
--------------------------------
[22.9kV CN-CV 케이블 단말 결함에 대한 부분방전 특성 분석]
   └ 학회: 대한전기학회 (IF: 0.39)"
2259,2023,전기전자공학,121811233,문영채,2,0.0,0.0,"[테라헤르츠파를 이용한 고체 절연 전기설비 내부 결함 검출 연구]
   └ 학회: 대한전기학회 (IF: 0.39)
--------------------------------
[22.9kV CN-CV 케이블 단말 결함에 대한 부분방전 특성 분석]
   └ 학회: 대한전기학회 (IF: 0.39)"
2260,2023,전기전자공학,983314816,박지만,2,0.0,0.0,"[테라헤르츠파를 이용한 고체 절연 전기설비 내부 결함 검출 연구]
   └ 학회: 대한전기학회 (IF: 0.39)
--------------------------------
[22.9kV CN-CV 케이블 단말 결함에 대한 부분방전 특성 분석]
   └ 학회: 대한전기학회 (IF: 0.39)"
2261,2023,전기전자공학,614914675,전정채,2,0.0,0.0,"[테라헤르츠파를 이용한 고체 절연 전기설비 내부 결함 검출 연구]
   └ 학회: 대한전기학회 (IF: 0.39)
--------------------------------
[22.9kV CN-CV 케이블 단말 결함에 대한 부분방전 특성 분석]
   └ 학회: 대한전기학회 (IF: 0.39)"
2262,2023,전기전자공학,275875392,이승민,2,0.0,0.0,"[동-서 지향형 태양광발전 활용기술]
   └ 학회: 대한전기학회 (IF: 0.39)
--------------------------------
[태양광발전 수용성 향상을 위한 배전계통에서의 ESS Aggressive 전압-무효전력 제어 방안 적용]
   └ 학회: 대한전기학회 (IF: 0.39)"
2263,2023,전기전자공학,908146079,한인수,2,0.0,0.0,"[정전용량 계산을 통한 기울어진 계면을 갖는 유전체에서의 전기장 해석]
   └ 학회: 대한전기학회 (IF: 0.39)
--------------------------------
[유전상수의 내삽을 이용한 기울어진 절연물에서의 전기장 분석]
   └ 학회: 대한전기학회 (IF: 0.39)"
2264,2023,전기전자공학,696921911,전병영,2,0.0,0.0,"[매트릭스 컨버터의 저전압 영역에 대한 출력 전압 제어 성능 향상]
   └ 학회: 대한전기학회 (IF: 0.39)
--------------------------------
[고속 H/L 펄스 동작을 위한 3상 인터리브 DC-DC 컨버터의 제어방식]
   └ 학회: 대한전기학회 (IF: 0.39)"
2265,2023,전기전자공학,136353707,전동훈,2,0.0,0.0,"[매트릭스 컨버터의 저전압 영역에 대한 출력 전압 제어 성능 향상]
   └ 학회: 대한전기학회 (IF: 0.39)
--------------------------------
[고속 H/L 펄스 동작을 위한 3상 인터리브 DC-DC 컨버터의 제어방식]
   └ 학회: 대한전기학회 (IF: 0.39)"
2266,2023,전기전자공학,831236455,이주원,1,0.0,0.0,"[제어기의 입출력 표현을 활용해 Ring-LWE 기반 암호 체계로 암호화된 제어 시스템]
   └ 학회: 제어로봇시스템학회 (IF: 0.78)"
2267,2023,전기전자공학,929221588,이재홍,1,0.0,0.0,"[표준편차 필터와 밀도기반 군집화를 이용한 적외선 영상 소형 단일 표적 탐지 알고리즘]
   └ 학회: 제어로봇시스템학회 (IF: 0.78)"
2268,2023,전기전자공학,501722716,박찬국,1,0.0,0.0,"[표준편차 필터와 밀도기반 군집화를 이용한 적외선 영상 소형 단일 표적 탐지 알고리즘]
   └ 학회: 제어로봇시스템학회 (IF: 0.78)"
2269,2023,전기전자공학,307326796,김근우,1,0.0,0.0,"[경량화 차선이탈시간 기반의 차선 이탈 방지 알고리즘]
   └ 학회: 제어로봇시스템학회 (IF: 0.78)"
2270,2023,전기전자공학,388775765,김윤겸,1,0.0,0.0,"[경량화 차선이탈시간 기반의 차선 이탈 방지 알고리즘]
   └ 학회: 제어로봇시스템학회 (IF: 0.78)"
2271,2023,전기전자공학,5090059,홍준기,1,0.0,0.0,"[경량화 차선이탈시간 기반의 차선 이탈 방지 알고리즘]
   └ 학회: 제어로봇시스템학회 (IF: 0.78)"
2272,2023,전기전자공학,842188810,최우성,1,0.0,0.0,"[컨볼루션 신경망을 활용한 다중의도 뇌-컴퓨터 인터페이스]
   └ 학회: 제어로봇시스템학회 (IF: 0.78)"
2273,2023,전기전자공학,337408522,염홍기,1,0.0,0.0,"[컨볼루션 신경망을 활용한 다중의도 뇌-컴퓨터 인터페이스]
   └ 학회: 제어로봇시스템학회 (IF: 0.78)"
2274,2023,전기전자공학,559185023,Sy-Hung Bach,1,0.0,0.0,"[Flexible Motion of a Cable-driven Parallel Robot on 3D Curved Surface]
   └ 학회: 제어로봇시스템학회 (IF: 0.78)"
2275,2023,전기전자공학,360480887,이수영,1,0.0,0.0,"[Flexible Motion of a Cable-driven Parallel Robot on 3D Curved Surface]
   └ 학회: 제어로봇시스템학회 (IF: 0.78)"
2276,2023,전기전자공학,514369288,김승택,1,0.0,0.0,"[위성신호 취약구역 극복을 위한 GNSS-DR/INS 복합 항법 알고리즘]
   └ 학회: 제어로봇시스템학회 (IF: 0.78)"
2277,2023,전기전자공학,746951168,김영민,1,0.0,0.0,"[위성신호 취약구역 극복을 위한 GNSS-DR/INS 복합 항법 알고리즘]
   └ 학회: 제어로봇시스템학회 (IF: 0.78)"
2278,2023,전기전자공학,769328,김응주,1,0.0,0.0,"[위성신호 취약구역 극복을 위한 GNSS-DR/INS 복합 항법 알고리즘]
   └ 학회: 제어로봇시스템학회 (IF: 0.78)"
2279,2023,전기전자공학,960534021,서원정,1,0.0,0.0,"[보행 보조 로봇의 보행 시점 판별 성능 향상을 위한 자이로 센서 신호 처리 기법]
   └ 학회: 제어로봇시스템학회 (IF: 0.78)"
2280,2023,전기전자공학,894250002,김현철,1,0.0,0.0,"[하지 혈액 순환 개선을 위한 사용자 발목 가동범위 맞춤형 종아리 근육 자극 시스템의 개발]
   └ 학회: 제어로봇시스템학회 (IF: 0.78)"
2281,2023,전기전자공학,748267454,권동현,1,0.0,0.0,"[하지 혈액 순환 개선을 위한 사용자 발목 가동범위 맞춤형 종아리 근육 자극 시스템의 개발]
   └ 학회: 제어로봇시스템학회 (IF: 0.78)"
2282,2023,전기전자공학,564606223,이준화,1,0.0,0.0,"[이미지 센서를 오차 검출기로 사용하는 소형 망원경의 이산시간 가변이득 제어기 설계에 관한 연구]
   └ 학회: 제어로봇시스템학회 (IF: 0.78)"
2283,2023,전기전자공학,952536539,이민영,1,0.0,0.0,"[로봇 주행로 하강/상승면 인식을 위한 라이다 측정값 해석]
   └ 학회: 제어로봇시스템학회 (IF: 0.78)"
2284,2023,전기전자공학,939146903,차무현,1,0.0,0.0,"[로봇 주행로 하강/상승면 인식을 위한 라이다 측정값 해석]
   └ 학회: 제어로봇시스템학회 (IF: 0.78)"
2285,2023,전기전자공학,893709843,이한민,1,0.0,0.0,"[로봇 주행로 하강/상승면 인식을 위한 라이다 측정값 해석]
   └ 학회: 제어로봇시스템학회 (IF: 0.78)"
2286,2023,전기전자공학,1143148,이수용,1,0.0,0.0,"[로봇 주행로 하강/상승면 인식을 위한 라이다 측정값 해석]
   └ 학회: 제어로봇시스템학회 (IF: 0.78)"
2287,2023,전기전자공학,115928836,남승호,1,0.0,0.0,"[로봇용 정보 모델 및 정보모델 편집기]
   └ 학회: 제어로봇시스템학회 (IF: 0.78)"
2288,2023,전기전자공학,5163482,박정현,1,0.0,0.0,"[로봇용 정보 모델 및 정보모델 편집기]
   └ 학회: 제어로봇시스템학회 (IF: 0.78)"
2289,2023,전기전자공학,698993336,임도현,1,0.0,0.0,"[유압시스템을 사용한 고 하중 양팔 로봇의 모션 추종 성능 향상을 위한 슬라이딩 모드 제어]
   └ 학회: 제어로봇시스템학회 (IF: 0.78)"
2290,2023,전기전자공학,204865439,박재범,1,0.0,0.0,"[유압시스템을 사용한 고 하중 양팔 로봇의 모션 추종 성능 향상을 위한 슬라이딩 모드 제어]
   └ 학회: 제어로봇시스템학회 (IF: 0.78)"
2291,2023,전기전자공학,564014309,박종원,1,0.0,0.0,"[유압시스템을 사용한 고 하중 양팔 로봇의 모션 추종 성능 향상을 위한 슬라이딩 모드 제어]
   └ 학회: 제어로봇시스템학회 (IF: 0.78)"
2292,2023,전기전자공학,252971525,김한솔,1,0.0,0.0,"[콘크리트 균열 보수를 위한 혼합 매니퓰레이터 개발 및 실험]
   └ 학회: 제어로봇시스템학회 (IF: 0.78)"
2293,2023,전기전자공학,746595670,조백규,1,0.0,0.0,"[콘크리트 균열 보수를 위한 혼합 매니퓰레이터 개발 및 실험]
   └ 학회: 제어로봇시스템학회 (IF: 0.78)"
2294,2023,전기전자공학,805536869,구세완,1,0.0,0.0,"[쿠버네티스 클러스터 기반 다수 로봇 원격 제어 및 관리]
   └ 학회: 제어로봇시스템학회 (IF: 0.78)"
2295,2023,전기전자공학,772803796,김규리,1,0.0,0.0,"[Denoising Autoencoder를 활용한 RSSI Fingerprinting 기반 실내 위치 인식 기법]
   └ 학회: 제어로봇시스템학회 (IF: 0.78)"
2296,2023,전기전자공학,5114102,정영호,1,0.0,0.0,"[선형 파라미터 변형 시스템에 대한 이벤트-트리거 외란 관측기 기반 강인 제어]
   └ 학회: 제어로봇시스템학회 (IF: 0.78)"
2297,2023,전기전자공학,597660743,반재필,1,0.0,0.0,"[선형 파라미터 변형 시스템에 대한 이벤트-트리거 외란 관측기 기반 강인 제어]
   └ 학회: 제어로봇시스템학회 (IF: 0.78)"
2298,2023,전기전자공학,231416671,민지혜,1,0.0,0.0,"[전동식 두 손가락 그리퍼의 기계장치 설계]
   └ 학회: 제어로봇시스템학회 (IF: 0.78)"
2299,2023,전기전자공학,776682466,김갑순,1,0.0,0.0,"[전동식 두 손가락 그리퍼의 기계장치 설계]
   └ 학회: 제어로봇시스템학회 (IF: 0.78)"
2300,2023,전기전자공학,915610252,장원보,1,0.0,0.0,"[RGB-D 카메라를 이용한 로봇 매니퓰레이터 기구학 캘리브레이션]
   └ 학회: 제어로봇시스템학회 (IF: 0.78)"
2301,2023,전기전자공학,925740987,정성엽,1,0.0,0.0,"[RGB-D 카메라를 이용한 로봇 매니퓰레이터 기구학 캘리브레이션]
   └ 학회: 제어로봇시스템학회 (IF: 0.78)"
2302,2023,전기전자공학,540737346,이성령,1,0.0,0.0,"[2D 카메라 얼굴 영상기반 비접촉형 심박수 측정 방식의 정확도 향상을 위한 ROI 추출 최적화 연구]
   └ 학회: 제어로봇시스템학회 (IF: 0.78)"
2303,2023,전기전자공학,368371026,조상호,1,0.0,0.0,"[2D 카메라 얼굴 영상기반 비접촉형 심박수 측정 방식의 정확도 향상을 위한 ROI 추출 최적화 연구]
   └ 학회: 제어로봇시스템학회 (IF: 0.78)"
2304,2023,전기전자공학,581519787,라해윤,1,0.0,0.0,"[1D CNN-GRU 기반 불특정 비행 거리 궤적을 가진 미사일 분류를 위한 학습 방법에 관한 연구]
   └ 학회: 제어로봇시스템학회 (IF: 0.78)"
2305,2023,전기전자공학,199487362,유세선,1,0.0,0.0,"[원하는 성능을 쉽게 달성하기 위한 적응형 제어 이득 기반 비선형 제어기 설계]
   └ 학회: 제어로봇시스템학회 (IF: 0.78)"
2306,2023,전기전자공학,736430493,김원희,1,0.0,0.0,"[원하는 성능을 쉽게 달성하기 위한 적응형 제어 이득 기반 비선형 제어기 설계]
   └ 학회: 제어로봇시스템학회 (IF: 0.78)"
2307,2023,전기전자공학,965261818,권백순,1,0.0,0.0,"[후륜 조향을 이용한 Steer-by-wire 차량의 고장 허용 제어 전략]
   └ 학회: 제어로봇시스템학회 (IF: 0.78)"
2308,2023,전기전자공학,723249182,이승철,1,0.0,0.0,"[초음파 기반의 트램 승객 승하차 판단 시스템 개발 및 검증]
   └ 학회: 제어로봇시스템학회 (IF: 0.78)"
2309,2023,전기전자공학,468758066,곽재호,1,0.0,0.0,"[초음파 기반의 트램 승객 승하차 판단 시스템 개발 및 검증]
   └ 학회: 제어로봇시스템학회 (IF: 0.78)"
2310,2023,전기전자공학,143588497,황현철,1,0.0,0.0,"[초음파 기반의 트램 승객 승하차 판단 시스템 개발 및 검증]
   └ 학회: 제어로봇시스템학회 (IF: 0.78)"
2311,2023,전기전자공학,129280571,김석영,1,0.0,0.0,"[남극 환경에서 다중 로봇 시스템을 위한 최근접 이웃 알고리즘 기반 효율적 다중 작업 스케줄링]
   └ 학회: 제어로봇시스템학회 (IF: 0.78)"
2312,2023,전기전자공학,597525011,임상빈,1,0.0,0.0,"[무선 모듈형 교육용 로봇 키트 핑퐁의 제어기 하드웨어 설계]
   └ 학회: 제어로봇시스템학회 (IF: 0.78)"
2313,2023,전기전자공학,5107951,정다빈,1,0.0,0.0,"[비선형 자세 공간에서 UKF로 구현한 선박 위치 추적]
   └ 학회: 제어로봇시스템학회 (IF: 0.78)"
2314,2023,전기전자공학,763571296,고낙용,1,0.0,0.0,"[비선형 자세 공간에서 UKF로 구현한 선박 위치 추적]
   └ 학회: 제어로봇시스템학회 (IF: 0.78)"
2315,2023,전기전자공학,742757821,최현택,1,0.0,0.0,"[비선형 자세 공간에서 UKF로 구현한 선박 위치 추적]
   └ 학회: 제어로봇시스템학회 (IF: 0.78)"
2316,2023,전기전자공학,4835827,이창준,1,0.0,0.0,"[순환신경망을 이용한 압력신호기반 벌크 트레일러의 분말 순간배출량 추정]
   └ 학회: 제어로봇시스템학회 (IF: 0.78)"
2317,2023,전기전자공학,372528465,이정근,1,0.0,0.0,"[순환신경망을 이용한 압력신호기반 벌크 트레일러의 분말 순간배출량 추정]
   └ 학회: 제어로봇시스템학회 (IF: 0.78)"
2318,2023,전기전자공학,128919386,Ju-Whan Lee,1,0.0,0.0,"[A Convenient Calibration of a 3D Foot Scanning System using a Solid Paper Object]
   └ 학회: 제어로봇시스템학회 (IF: 0.78)"
2319,2023,전기전자공학,766643263,Seung-Hae Baek,1,0.0,0.0,"[A Convenient Calibration of a 3D Foot Scanning System using a Solid Paper Object]
   └ 학회: 제어로봇시스템학회 (IF: 0.78)"
2320,2023,전기전자공학,134331759,박순용,1,0.0,0.0,"[A Convenient Calibration of a 3D Foot Scanning System using a Solid Paper Object]
   └ 학회: 제어로봇시스템학회 (IF: 0.78)"
2321,2023,전기전자공학,977722797,윤동원,1,0.0,0.0,"[특집호 서문: 퓨처 모빌리티 기술]
   └ 학회: 제어로봇시스템학회 (IF: 0.78)"
2322,2023,전기전자공학,933574753,한태준,1,0.0,0.0,"[입력 포화를 고려한 모핑 쿼드로터의 T‒S 퍼지 모델 기반 강인 제어기 설계]
   └ 학회: 제어로봇시스템학회 (IF: 0.78)"
2323,2023,전기전자공학,687334031,안지호,1,0.0,0.0,"[입력 포화를 고려한 모핑 쿼드로터의 T‒S 퍼지 모델 기반 강인 제어기 설계]
   └ 학회: 제어로봇시스템학회 (IF: 0.78)"
2324,2023,전기전자공학,923432611,이종일,1,0.0,0.0,"[자율주행과 안전 기능을 지니는 퍼스널 모빌리티 스쿠터 개발]
   └ 학회: 제어로봇시스템학회 (IF: 0.78)"
2325,2023,전기전자공학,700382634,차효정,1,0.0,0.0,"[자율주행과 안전 기능을 지니는 퍼스널 모빌리티 스쿠터 개발]
   └ 학회: 제어로봇시스템학회 (IF: 0.78)"
2326,2023,전기전자공학,579305905,이동훈,1,0.0,0.0,"[혼잡한 도심지 네트워크 환경에서 Flexible WLAN을 사용한 안정적인 WAVE 구축 연구]
   └ 학회: 제어로봇시스템학회 (IF: 0.78)"
2327,2023,전기전자공학,4024696,김명준,1,0.0,0.0,"[혼잡한 도심지 네트워크 환경에서 Flexible WLAN을 사용한 안정적인 WAVE 구축 연구]
   └ 학회: 제어로봇시스템학회 (IF: 0.78)"
2328,2023,전기전자공학,430444043,임성순,1,0.0,0.0,"[혼잡한 도심지 네트워크 환경에서 Flexible WLAN을 사용한 안정적인 WAVE 구축 연구]
   └ 학회: 제어로봇시스템학회 (IF: 0.78)"
2329,2023,전기전자공학,495444708,김정하,1,0.0,0.0,"[혼잡한 도심지 네트워크 환경에서 Flexible WLAN을 사용한 안정적인 WAVE 구축 연구]
   └ 학회: 제어로봇시스템학회 (IF: 0.78)"
2330,2023,전기전자공학,402890678,Seong-Ik Han,1,0.0,0.0,"[Design of Fractional-order Sliding Mode Controller and Fractional-order Extended State Observer for a PMSG-based Wind Turbine System with MPPT Control]
   └ 학회: 제어로봇시스템학회 (IF: 0.78)"
2331,2023,전기전자공학,970152618,최연호,1,0.0,0.0,"[최소침습 골절정복 수술에서 나사못 삽입 경로를 유도하는 시스템]
   └ 학회: 제어로봇시스템학회 (IF: 0.78)"
2332,2023,전기전자공학,267440202,이석중,1,0.0,0.0,"[최소침습 골절정복 수술에서 나사못 삽입 경로를 유도하는 시스템]
   └ 학회: 제어로봇시스템학회 (IF: 0.78)"
2333,2023,전기전자공학,197200297,오창욱,1,0.0,0.0,"[최소침습 골절정복 수술에서 나사못 삽입 경로를 유도하는 시스템]
   └ 학회: 제어로봇시스템학회 (IF: 0.78)"
2334,2023,전기전자공학,427274386,방현희,1,0.0,0.0,"[최소침습 골절정복 수술에서 나사못 삽입 경로를 유도하는 시스템]
   └ 학회: 제어로봇시스템학회 (IF: 0.78)"
2335,2023,전기전자공학,612323693,이현우,1,0.0,0.0,"[최소침습 골절정복 수술에서 나사못 삽입 경로를 유도하는 시스템]
   └ 학회: 제어로봇시스템학회 (IF: 0.78)"
2336,2023,전기전자공학,332885514,박철우,1,0.0,0.0,"[최소침습 골절정복 수술에서 나사못 삽입 경로를 유도하는 시스템]
   └ 학회: 제어로봇시스템학회 (IF: 0.78)"
2337,2023,전기전자공학,867792549,서정민,1,0.0,0.0,"[수중시공현장 적용을 위한 위치 획득 신호 주기와 인식 방법에 관한 연구]
   └ 학회: 제어로봇시스템학회 (IF: 0.78)"
2338,2023,전기전자공학,961151142,원성규,1,0.0,0.0,"[수중시공현장 적용을 위한 위치 획득 신호 주기와 인식 방법에 관한 연구]
   └ 학회: 제어로봇시스템학회 (IF: 0.78)"
2339,2023,전기전자공학,921737359,김주현,1,0.0,0.0,"[RGB-D 데이터를 이용한 비전 기반 로봇 간 상대 위치 및 자세 추정 기법 연구]
   └ 학회: 제어로봇시스템학회 (IF: 0.78)"
2340,2023,전기전자공학,400481607,김광기,1,0.0,0.0,"[RGB-D 데이터를 이용한 비전 기반 로봇 간 상대 위치 및 자세 추정 기법 연구]
   └ 학회: 제어로봇시스템학회 (IF: 0.78)"
2341,2023,전기전자공학,152224317,정세진,1,0.0,0.0,"[가속도와 선단저항의 관계를 통한 FFCPT 정상관입 판정 방법에 관한 연구]
   └ 학회: 제어로봇시스템학회 (IF: 0.78)"
2342,2023,전기전자공학,427757639,강현,1,0.0,0.0,"[가속도와 선단저항의 관계를 통한 FFCPT 정상관입 판정 방법에 관한 연구]
   └ 학회: 제어로봇시스템학회 (IF: 0.78)"
2343,2023,전기전자공학,1909576,홍준호,1,0.0,0.0,"[고령자의 착용성을 고려한 플렉서블 낙상 감지 손목 띠 및 낙상 알림 시스템의 설계]
   └ 학회: 제어로봇시스템학회 (IF: 0.78)"
2344,2023,전기전자공학,144014858,박홍범,1,0.0,0.0,"[고령자의 착용성을 고려한 플렉서블 낙상 감지 손목 띠 및 낙상 알림 시스템의 설계]
   └ 학회: 제어로봇시스템학회 (IF: 0.78)"
2345,2023,전기전자공학,750659162,고효상,1,0.0,0.0,"[고속표적의 정보 오차를 고려한 Capture Region 기반의 최적 종말 교전 기하 분석]
   └ 학회: 제어로봇시스템학회 (IF: 0.78)"
2346,2023,전기전자공학,633122711,이명화,1,0.0,0.0,"[고속표적의 정보 오차를 고려한 Capture Region 기반의 최적 종말 교전 기하 분석]
   └ 학회: 제어로봇시스템학회 (IF: 0.78)"
2347,2023,전기전자공학,610957707,최한림,1,0.0,0.0,"[고속표적의 정보 오차를 고려한 Capture Region 기반의 최적 종말 교전 기하 분석]
   └ 학회: 제어로봇시스템학회 (IF: 0.78)"
2348,2023,전기전자공학,402631723,정인호,1,0.0,0.0,"[공력 및 측추력 입력할당기반 유도탄 비선형 자동조종기술]
   └ 학회: 제어로봇시스템학회 (IF: 0.78)"
2349,2023,전기전자공학,724318526,김형근,1,0.0,0.0,"[공력 및 측추력 입력할당기반 유도탄 비선형 자동조종기술]
   └ 학회: 제어로봇시스템학회 (IF: 0.78)"
2350,2023,전기전자공학,147376225,신희민,1,0.0,0.0,"[국가 주요 시설물 보안을 위한 안티드론 시스템 및 운용 프레임워크]
   └ 학회: 제어로봇시스템학회 (IF: 0.78)"
2351,2023,전기전자공학,117485266,최석,1,0.0,0.0,"[국가 주요 시설물 보안을 위한 안티드론 시스템 및 운용 프레임워크]
   └ 학회: 제어로봇시스템학회 (IF: 0.78)"
2352,2023,전기전자공학,982702019,김승범,1,0.0,0.0,"[국가 주요 시설물 보안을 위한 안티드론 시스템 및 운용 프레임워크]
   └ 학회: 제어로봇시스템학회 (IF: 0.78)"
2353,2023,전기전자공학,838904,조성욱,1,0.0,0.0,"[국가 주요 시설물 보안을 위한 안티드론 시스템 및 운용 프레임워크]
   └ 학회: 제어로봇시스템학회 (IF: 0.78)"
2354,2023,전기전자공학,280794346,양하영,1,0.0,0.0,"[순환신경망을 이용한 유도 법칙 및 유도 파라미터 추정]
   └ 학회: 제어로봇시스템학회 (IF: 0.78)"
2355,2023,전기전자공학,394450174,박주현,1,0.0,0.0,"[실시간 탄도 궤적 목표물 추적을 위한 GPU 기반 병렬적 Monte Carlo 최적화 기법]
   └ 학회: 제어로봇시스템학회 (IF: 0.78)"
2356,2023,전기전자공학,345352894,정보라,1,0.0,0.0,"[실시간 탄도 궤적 목표물 추적을 위한 GPU 기반 병렬적 Monte Carlo 최적화 기법]
   └ 학회: 제어로봇시스템학회 (IF: 0.78)"
2357,2023,전기전자공학,965445080,정선교,1,0.0,0.0,"[측각 동특성을 활용한 RCS 기반 다중가설 표적식별 기법]
   └ 학회: 제어로봇시스템학회 (IF: 0.78)"
2358,2023,전기전자공학,721723678,진재현,1,0.0,0.0,"[탄도탄 방어용 직격 요격미사일의 최적 형상설계를 위한 성능분석]
   └ 학회: 제어로봇시스템학회 (IF: 0.78)"
2359,2023,전기전자공학,932578897,방효충,1,0.0,0.0,"[탄도탄 방어용 직격 요격미사일의 최적 형상설계를 위한 성능분석]
   └ 학회: 제어로봇시스템학회 (IF: 0.78)"
2360,2023,전기전자공학,371694993,김영원,1,0.0,0.0,"[탄도탄 방어용 직격 요격미사일의 최적 형상설계를 위한 성능분석]
   └ 학회: 제어로봇시스템학회 (IF: 0.78)"
2361,2023,전기전자공학,4619849,박준우,1,0.0,0.0,"[탄도탄 방어용 직격 요격미사일의 최적 형상설계를 위한 성능분석]
   └ 학회: 제어로봇시스템학회 (IF: 0.78)"
2362,2023,전기전자공학,700562255,김태훈,1,0.0,0.0,"[탄도탄 방어용 직격 요격미사일의 최적 형상설계를 위한 성능분석]
   └ 학회: 제어로봇시스템학회 (IF: 0.78)"
2363,2023,전기전자공학,5148413,유상은,1,0.0,0.0,"[탄도탄 비행 궤적에 따른 탄도탄 다층 방어체계 협동교전 방어 효과 분석]
   └ 학회: 제어로봇시스템학회 (IF: 0.78)"
2364,2023,전기전자공학,261689961,장대성,1,0.0,0.0,"[탄도탄 비행 궤적에 따른 탄도탄 다층 방어체계 협동교전 방어 효과 분석]
   └ 학회: 제어로봇시스템학회 (IF: 0.78)"
2365,2023,전기전자공학,639088495,박규빈,1,0.0,0.0,"[Non-convex 제한 조건을 직접 고려한 수치적 최적화 기반 충돌각 유도 기법]
   └ 학회: 제어로봇시스템학회 (IF: 0.78)"
2366,2023,전기전자공학,4085110,정다훈,1,0.0,0.0,"[Non-convex 제한 조건을 직접 고려한 수치적 최적화 기반 충돌각 유도 기법]
   └ 학회: 제어로봇시스템학회 (IF: 0.78)"
2367,2023,전기전자공학,5477867,김종한,1,0.0,0.0,"[Non-convex 제한 조건을 직접 고려한 수치적 최적화 기반 충돌각 유도 기법]
   └ 학회: 제어로봇시스템학회 (IF: 0.78)"
2368,2023,전기전자공학,739536927,이성렬,1,0.0,0.0,"[스위칭 로직을 이용한 선형 다개체 시스템의 적응 출력 피드백 일치]
   └ 학회: 제어로봇시스템학회 (IF: 0.78)"
2369,2023,전기전자공학,910271132,정종익,1,0.0,0.0,"[LW-RCP를 이용한 2단 도립진자의 천이 제어]
   └ 학회: 제어로봇시스템학회 (IF: 0.78)"
2370,2023,전기전자공학,680191329,Yusuke Fujiyama,1,0.0,0.0,"[LW-RCP를 이용한 2단 도립진자의 천이 제어]
   └ 학회: 제어로봇시스템학회 (IF: 0.78)"
2371,2023,전기전자공학,311716772,박보영,1,0.0,0.0,"[저전력 12비트 SAR 아날로그-디지털 변환기 설계]
   └ 학회: 제어로봇시스템학회 (IF: 0.78)"
2372,2023,전기전자공학,791847246,류지열,1,0.0,0.0,"[저전력 12비트 SAR 아날로그-디지털 변환기 설계]
   └ 학회: 제어로봇시스템학회 (IF: 0.78)"
2373,2023,전기전자공학,773947844,이수진,1,0.0,0.0,"[㎜Wave 레이더 포인트 클라우드 기반 손동작 인식을 위한 경량화 딥러닝 모델]
   └ 학회: 제어로봇시스템학회 (IF: 0.78)"
2374,2023,전기전자공학,729977992,강지헌,1,0.0,0.0,"[㎜Wave 레이더 포인트 클라우드 기반 손동작 인식을 위한 경량화 딥러닝 모델]
   └ 학회: 제어로봇시스템학회 (IF: 0.78)"
2375,2023,전기전자공학,594270345,임승범,1,0.0,0.0,"[외골격로봇의 안전성 평가를 위한 인간-로봇 상호작용 정역학 모델링 및 실험적 검증]
   └ 학회: 제어로봇시스템학회 (IF: 0.78)"
2376,2023,전기전자공학,184506165,정혜인,1,0.0,0.0,"[외골격로봇의 안전성 평가를 위한 인간-로봇 상호작용 정역학 모델링 및 실험적 검증]
   └ 학회: 제어로봇시스템학회 (IF: 0.78)"
2377,2023,전기전자공학,232838116,박신우,1,0.0,0.0,"[인간형 로봇의 경로를 추종하는 이동식 크레인]
   └ 학회: 제어로봇시스템학회 (IF: 0.78)"
2378,2023,전기전자공학,894247729,조현민,1,0.0,0.0,"[인간형 로봇의 경로를 추종하는 이동식 크레인]
   └ 학회: 제어로봇시스템학회 (IF: 0.78)"
2379,2023,전기전자공학,593452383,이필엽,1,0.0,0.0,"[자율무인잠수정의 운항 중 위치 기반 정렬 알고리즘 성능 향상 기법]
   └ 학회: 제어로봇시스템학회 (IF: 0.78)"
2380,2023,전기전자공학,218835759,이한솔,1,0.0,0.0,"[자율무인잠수정의 운항 중 위치 기반 정렬 알고리즘 성능 향상 기법]
   └ 학회: 제어로봇시스템학회 (IF: 0.78)"
2381,2023,전기전자공학,603331610,이지홍,1,0.0,0.0,"[자율무인잠수정의 운항 중 위치 기반 정렬 알고리즘 성능 향상 기법]
   └ 학회: 제어로봇시스템학회 (IF: 0.78)"
2382,2023,전기전자공학,915304041,박송은,1,0.0,0.0,"[전후대칭 구조의 4 륜 조향 모바일 로봇 설계]
   └ 학회: 제어로봇시스템학회 (IF: 0.78)"
2383,2023,전기전자공학,5110875,전현진,1,0.0,0.0,"[온라인 비디오 개체 분할을 위한 동적 앵커 박스 기반 개체 디코딩과 위치 인지 개체 연결]
   └ 학회: 제어로봇시스템학회 (IF: 0.78)"
2384,2023,전기전자공학,329885620,장수지,1,0.0,0.0,"[시각적 장소 인식의 원리와 기술 동향]
   └ 학회: 제어로봇시스템학회 (IF: 0.78)"
2385,2023,전기전자공학,547304432,김의환,1,0.0,0.0,"[시각적 장소 인식의 원리와 기술 동향]
   └ 학회: 제어로봇시스템학회 (IF: 0.78)"
2386,2023,전기전자공학,179038129,Fikih Muhamad,1,0.0,0.0,"[Dynabot: Modular Quadruped Platform With Dynamixel]
   └ 학회: 제어로봇시스템학회 (IF: 0.78)"
2387,2023,전기전자공학,300798547,김정수,1,0.0,0.0,"[Dynabot: Modular Quadruped Platform With Dynamixel]
   └ 학회: 제어로봇시스템학회 (IF: 0.78)"
2388,2023,전기전자공학,1884476,장수호,1,0.0,0.0,"[GPGPU 를 이용한 로컬 노드 연결성 계산 최적화 연구]
   └ 학회: 제어로봇시스템학회 (IF: 0.78)"
2389,2023,전기전자공학,180733668,이수광,1,0.0,0.0,"[GPGPU 를 이용한 로컬 노드 연결성 계산 최적화 연구]
   └ 학회: 제어로봇시스템학회 (IF: 0.78)"
2390,2023,전기전자공학,763170557,이재환,1,0.0,0.0,"[GPGPU 를 이용한 로컬 노드 연결성 계산 최적화 연구]
   └ 학회: 제어로봇시스템학회 (IF: 0.78)"
2391,2023,전기전자공학,2246975,신희석,1,0.0,0.0,"[제조실행시스템(MES) 기반 오염도 추정을 통한 다중 청소로봇의 청소 구역 구분 방법]
   └ 학회: 제어로봇시스템학회 (IF: 0.78)"
2392,2023,전기전자공학,309471195,윤혜원,1,0.0,0.0,"[제조실행시스템(MES) 기반 오염도 추정을 통한 다중 청소로봇의 청소 구역 구분 방법]
   └ 학회: 제어로봇시스템학회 (IF: 0.78)"
2393,2023,전기전자공학,968909335,오장석,1,0.0,0.0,"[제조실행시스템(MES) 기반 오염도 추정을 통한 다중 청소로봇의 청소 구역 구분 방법]
   └ 학회: 제어로봇시스템학회 (IF: 0.78)"
2394,2023,전기전자공학,223781372,이경숙,1,0.0,0.0,"[제조실행시스템(MES) 기반 오염도 추정을 통한 다중 청소로봇의 청소 구역 구분 방법]
   └ 학회: 제어로봇시스템학회 (IF: 0.78)"
2395,2023,전기전자공학,742317419,유동욱,1,0.0,0.0,"[정보모델과 ROS 간 매핑 방법]
   └ 학회: 제어로봇시스템학회 (IF: 0.78)"
2396,2023,전기전자공학,447542603,박명성,1,0.0,0.0,"[보일러 스팀 운영 최적화를 위한 축열기 효율 향상 제어 시스템 개발 및 실증]
   └ 학회: 제어로봇시스템학회 (IF: 0.78)"
2397,2023,전기전자공학,115641115,이정한,1,0.0,0.0,"[보일러 스팀 운영 최적화를 위한 축열기 효율 향상 제어 시스템 개발 및 실증]
   └ 학회: 제어로봇시스템학회 (IF: 0.78)"
2398,2023,전기전자공학,965308771,고보성,1,0.0,0.0,"[고정밀 관성항법시스템 개선을 위한 함 운동 방정식 기반 항법 알고리즘 및 요구성능 분석]
   └ 학회: 제어로봇시스템학회 (IF: 0.78)"
2399,2023,전기전자공학,899260993,박승효,1,0.0,0.0,"[고정밀 관성항법시스템 개선을 위한 함 운동 방정식 기반 항법 알고리즘 및 요구성능 분석]
   └ 학회: 제어로봇시스템학회 (IF: 0.78)"
2400,2023,전기전자공학,579221689,박범진,1,0.0,0.0,"[멀티 에이전트 강화학습에서의 게이트 기반 메시지 교환]
   └ 학회: 제어로봇시스템학회 (IF: 0.78)"
2401,2023,전기전자공학,929003336,강청웅,1,0.0,0.0,"[멀티 에이전트 강화학습에서의 게이트 기반 메시지 교환]
   └ 학회: 제어로봇시스템학회 (IF: 0.78)"
2402,2023,전기전자공학,971000678,최재식,1,0.0,0.0,"[멀티 에이전트 강화학습에서의 게이트 기반 메시지 교환]
   └ 학회: 제어로봇시스템학회 (IF: 0.78)"
2403,2023,전기전자공학,313917456,김장한,1,0.0,0.0,"[손실발생 모바일 SDN에서의 룰 캐싱 기반 신속 라우팅]
   └ 학회: 제어로봇시스템학회 (IF: 0.78)"
2404,2023,전기전자공학,1324713,박형석,1,0.0,0.0,"[손실발생 모바일 SDN에서의 룰 캐싱 기반 신속 라우팅]
   └ 학회: 제어로봇시스템학회 (IF: 0.78)"
2405,2023,전기전자공학,896687134,박경준,1,0.0,0.0,"[손실발생 모바일 SDN에서의 룰 캐싱 기반 신속 라우팅]
   └ 학회: 제어로봇시스템학회 (IF: 0.78)"
2406,2023,전기전자공학,670787804,최준호,1,0.0,0.0,"[영상-관성-거리 센서 융합 기반의 다중 무인기 위치 추정]
   └ 학회: 제어로봇시스템학회 (IF: 0.78)"
2407,2023,전기전자공학,862033168,Kevin Christiansen Marsim,1,0.0,0.0,"[영상-관성-거리 센서 융합 기반의 다중 무인기 위치 추정]
   └ 학회: 제어로봇시스템학회 (IF: 0.78)"
2408,2023,전기전자공학,730516890,정명우,1,0.0,0.0,"[영상-관성-거리 센서 융합 기반의 다중 무인기 위치 추정]
   └ 학회: 제어로봇시스템학회 (IF: 0.78)"
2409,2023,전기전자공학,522904457,류기환,1,0.0,0.0,"[영상-관성-거리 센서 융합 기반의 다중 무인기 위치 추정]
   └ 학회: 제어로봇시스템학회 (IF: 0.78)"
2410,2023,전기전자공학,717949662,김지원,1,0.0,0.0,"[영상-관성-거리 센서 융합 기반의 다중 무인기 위치 추정]
   └ 학회: 제어로봇시스템학회 (IF: 0.78)"
2411,2023,전기전자공학,671408152,여태경,1,0.0,0.0,"[작업용 수중무인로봇 가상물리운용시스템(CPOS) 프레임워크 개발 - 감각 지각 관점]
   └ 학회: 제어로봇시스템학회 (IF: 0.78)"
2412,2023,전기전자공학,860605341,이영준,1,0.0,0.0,"[작업용 수중무인로봇 가상물리운용시스템(CPOS) 프레임워크 개발 - 감각 지각 관점]
   └ 학회: 제어로봇시스템학회 (IF: 0.78)"
2413,2023,전기전자공학,221627988,박대길,1,0.0,0.0,"[작업용 수중무인로봇 가상물리운용시스템(CPOS) 프레임워크 개발 - 감각 지각 관점]
   └ 학회: 제어로봇시스템학회 (IF: 0.78)"
2414,2023,전기전자공학,188916336,한종부,1,0.0,0.0,"[작업용 수중무인로봇 가상물리운용시스템(CPOS) 프레임워크 개발 - 감각 지각 관점]
   └ 학회: 제어로봇시스템학회 (IF: 0.78)"
2415,2023,전기전자공학,943863961,김성순,1,0.0,0.0,"[작업용 수중무인로봇 가상물리운용시스템(CPOS) 프레임워크 개발 - 감각 지각 관점]
   └ 학회: 제어로봇시스템학회 (IF: 0.78)"
2416,2023,전기전자공학,780934293,Soojeong Hyeon,1,0.0,0.0,"[Distributed Estimation of the Geometric Center of Multi-target by a Group of Agents With Bearing Measurements]
   └ 학회: 제어로봇시스템학회 (IF: 0.78)"
2417,2023,전기전자공학,250388861,최예진,1,0.0,0.0,"[접이식 드론 로봇팔의 태양광 패널 청소에 대한 실험연구]
   └ 학회: 제어로봇시스템학회 (IF: 0.78)"
2418,2023,전기전자공학,832568088,임문영,1,0.0,0.0,"[VR을 위한 손동작 기반 웨어러블 마우스 제작]
   └ 학회: 제어로봇시스템학회 (IF: 0.78)"
2419,2023,전기전자공학,338131907,한동인,1,0.0,0.0,"[VR을 위한 손동작 기반 웨어러블 마우스 제작]
   └ 학회: 제어로봇시스템학회 (IF: 0.78)"
2420,2023,전기전자공학,484929275,이상열,1,0.0,0.0,"[VR을 위한 손동작 기반 웨어러블 마우스 제작]
   └ 학회: 제어로봇시스템학회 (IF: 0.78)"
2421,2023,전기전자공학,244993042,최병선,1,0.0,0.0,"[안정적인 이동성과 향상된 인간-로봇 상호작용을 갖춘 병원 안내 로봇 개발]
   └ 학회: 제어로봇시스템학회 (IF: 0.78)"
2422,2023,전기전자공학,619865104,박재병,1,0.0,0.0,"[안정적인 이동성과 향상된 인간-로봇 상호작용을 갖춘 병원 안내 로봇 개발]
   └ 학회: 제어로봇시스템학회 (IF: 0.78)"
2423,2023,전기전자공학,233714405,김찬회,1,0.0,0.0,"[3차원 AOI를 위한 AI 기반 반사 영역 복원 방법]
   └ 학회: 제어로봇시스템학회 (IF: 0.78)"
2424,2023,전기전자공학,602083840,윤성철,1,0.0,0.0,"[3차원 AOI를 위한 AI 기반 반사 영역 복원 방법]
   └ 학회: 제어로봇시스템학회 (IF: 0.78)"
2425,2023,전기전자공학,5113946,윤재현,1,0.0,0.0,"[자기장 왜곡에 강인한 MPS/INS/Range 항법시스템 설계 및 멀티콥터 탑재 실시간 성능검증 연구]
   └ 학회: 제어로봇시스템학회 (IF: 0.78)"
2426,2023,전기전자공학,719203403,정대현,1,0.0,0.0,"[자기장 왜곡에 강인한 MPS/INS/Range 항법시스템 설계 및 멀티콥터 탑재 실시간 성능검증 연구]
   └ 학회: 제어로봇시스템학회 (IF: 0.78)"
2427,2023,전기전자공학,776936,이병진,1,0.0,0.0,"[자기장 왜곡에 강인한 MPS/INS/Range 항법시스템 설계 및 멀티콥터 탑재 실시간 성능검증 연구]
   └ 학회: 제어로봇시스템학회 (IF: 0.78)"
2428,2023,전기전자공학,626041,성상경,1,0.0,0.0,"[자기장 왜곡에 강인한 MPS/INS/Range 항법시스템 설계 및 멀티콥터 탑재 실시간 성능검증 연구]
   └ 학회: 제어로봇시스템학회 (IF: 0.78)"
2429,2023,전기전자공학,157486482,Hyeun Jeong Min,1,0.0,0.0,"[Temporal Difference-based Weighted Instance Segmentation Applied on Consecutive Images for Food Recognition]
   └ 학회: 제어로봇시스템학회 (IF: 0.78)"
2430,2023,전기전자공학,870707428,손성빈,1,0.0,0.0,"[이미지 캡셔닝을 위한 스타일이 반영된 데이터 생성 기술]
   └ 학회: 제어로봇시스템학회 (IF: 0.78)"
2431,2023,전기전자공학,520073568,김경민,1,0.0,0.0,"[이미지 캡셔닝을 위한 스타일이 반영된 데이터 생성 기술]
   └ 학회: 제어로봇시스템학회 (IF: 0.78)"
2432,2023,전기전자공학,151578728,오흥선,1,0.0,0.0,"[이미지 캡셔닝을 위한 스타일이 반영된 데이터 생성 기술]
   └ 학회: 제어로봇시스템학회 (IF: 0.78)"
2433,2023,전기전자공학,453885810,장재훈,1,0.0,0.0,"[6 자유도 자세 추정을 위한 대용량 3D 객체 데이터 구축]
   └ 학회: 제어로봇시스템학회 (IF: 0.78)"
2434,2023,전기전자공학,659112292,김준용,1,0.0,0.0,"[6 자유도 자세 추정을 위한 대용량 3D 객체 데이터 구축]
   └ 학회: 제어로봇시스템학회 (IF: 0.78)"
2435,2023,전기전자공학,125731180,김성흠,1,0.0,0.0,"[6 자유도 자세 추정을 위한 대용량 3D 객체 데이터 구축]
   └ 학회: 제어로봇시스템학회 (IF: 0.78)"
2436,2023,전기전자공학,229880752,오정택,1,0.0,0.0,"[LED와 PD Array 센서를 이용한 속도 측정시스템 개발]
   └ 학회: 제어로봇시스템학회 (IF: 0.78)"
2437,2023,전기전자공학,693681428,고재민,1,0.0,0.0,"[보이스코일모터의 자기장 해석 및 Fuzzy PID 제어를 통한 제어 성능 및 유효작동범위 향상]
   └ 학회: 제어로봇시스템학회 (IF: 0.78)"
2438,2023,전기전자공학,471697329,황달연,1,0.0,0.0,"[보이스코일모터의 자기장 해석 및 Fuzzy PID 제어를 통한 제어 성능 및 유효작동범위 향상]
   └ 학회: 제어로봇시스템학회 (IF: 0.78)"
2439,2023,전기전자공학,313202886,김욱배,1,0.0,0.0,"[보이스코일모터의 자기장 해석 및 Fuzzy PID 제어를 통한 제어 성능 및 유효작동범위 향상]
   └ 학회: 제어로봇시스템학회 (IF: 0.78)"
2440,2023,전기전자공학,5432066,나건우,1,0.0,0.0,"[외란 관측기를 사용한 전기차 배터리 시스템의 전류 센서 고장 감지 방법]
   └ 학회: 제어로봇시스템학회 (IF: 0.78)"
2441,2023,전기전자공학,811774031,최경환,1,0.0,0.0,"[외란 관측기를 사용한 전기차 배터리 시스템의 전류 센서 고장 감지 방법]
   └ 학회: 제어로봇시스템학회 (IF: 0.78)"
2442,2023,전기전자공학,208073043,김우용,1,0.0,0.0,"[외란 관측기를 사용한 전기차 배터리 시스템의 전류 센서 고장 감지 방법]
   └ 학회: 제어로봇시스템학회 (IF: 0.78)"
2443,2023,전기전자공학,985674155,권지욱,1,0.0,0.0,"[남극 탐사 로봇의 온도 유지 시스템과 초저온(-50℃) 테스트를 한 로봇 상태 변화 분석]
   └ 학회: 제어로봇시스템학회 (IF: 0.78)"
2444,2023,전기전자공학,140873916,엄태영,1,0.0,0.0,"[남극 탐사 로봇의 온도 유지 시스템과 초저온(-50℃) 테스트를 한 로봇 상태 변화 분석]
   └ 학회: 제어로봇시스템학회 (IF: 0.78)"
2445,2023,전기전자공학,694737674,노경석,1,0.0,0.0,"[남극 탐사 로봇의 온도 유지 시스템과 초저온(-50℃) 테스트를 한 로봇 상태 변화 분석]
   └ 학회: 제어로봇시스템학회 (IF: 0.78)"
2446,2023,전기전자공학,468829475,황정환,1,0.0,0.0,"[남극 탐사 로봇의 온도 유지 시스템과 초저온(-50℃) 테스트를 한 로봇 상태 변화 분석]
   └ 학회: 제어로봇시스템학회 (IF: 0.78)"
2447,2023,전기전자공학,400888116,배기덕,1,0.0,0.0,"[남극 탐사 로봇의 온도 유지 시스템과 초저온(-50℃) 테스트를 한 로봇 상태 변화 분석]
   └ 학회: 제어로봇시스템학회 (IF: 0.78)"
2448,2023,전기전자공학,503267208,최영호,1,0.0,0.0,"[남극 탐사 로봇의 온도 유지 시스템과 초저온(-50℃) 테스트를 한 로봇 상태 변화 분석]
   └ 학회: 제어로봇시스템학회 (IF: 0.78)"
2449,2023,전기전자공학,557129052,배한욱,1,0.0,0.0,"[다중 에이전트 UWB-IMU 융합 기반 3 차원 실내 상대 위치 추정 기법]
   └ 학회: 제어로봇시스템학회 (IF: 0.78)"
2450,2023,전기전자공학,291831923,김지연,1,0.0,0.0,"[학습자 중심 소그룹 학습을 활용한 문제 해결력 향상 수업 운영 방안 연구]
   └ 학회: 한국멀티미디어학회 (IF: 0.6)"
2451,2023,전기전자공학,607373872,강원석,1,0.0,0.0,"[문단간 연결관계와 세그먼트 정보를 이용한 주관식 문항 채점 시스템에 대한 연구]
   └ 학회: 한국멀티미디어학회 (IF: 0.6)"
2452,2023,전기전자공학,872250,이상호,1,0.0,0.0,"[아이트래킹을 활용한 포털사이트 배너광고의 시각적 주의에 관한 연구]
   └ 학회: 한국멀티미디어학회 (IF: 0.6)"
2453,2023,전기전자공학,309744640,장징윈,1,0.0,0.0,"[디자인 사례를 통해서 본 지역 문화 콘텐츠의 시각화 방법 연구 - 한 · 중 관광 스탬프를 대상으로 -]
   └ 학회: 한국멀티미디어학회 (IF: 0.6)"
2454,2023,전기전자공학,476525,안병진,1,0.0,0.0,"[디자인 사례를 통해서 본 지역 문화 콘텐츠의 시각화 방법 연구 - 한 · 중 관광 스탬프를 대상으로 -]
   └ 학회: 한국멀티미디어학회 (IF: 0.6)"
2455,2023,전기전자공학,763456564,송락빈,1,0.0,0.0,"[MediaPipe Hands 모델 기반의 손 제스처 인식을 이용한 사용자 인터페이스]
   └ 학회: 한국멀티미디어학회 (IF: 0.6)"
2456,2023,전기전자공학,696486001,홍윤아,1,0.0,0.0,"[MediaPipe Hands 모델 기반의 손 제스처 인식을 이용한 사용자 인터페이스]
   └ 학회: 한국멀티미디어학회 (IF: 0.6)"
2457,2023,전기전자공학,238577542,곽노윤,1,0.0,0.0,"[MediaPipe Hands 모델 기반의 손 제스처 인식을 이용한 사용자 인터페이스]
   └ 학회: 한국멀티미디어학회 (IF: 0.6)"
2458,2023,전기전자공학,847904368,Phuoc-Dat Lam,1,0.0,0.0,"[Semantic 3D City Model Data Visualization for Smar t City Digital Twin]
   └ 학회: 한국멀티미디어학회 (IF: 0.6)"
2459,2023,전기전자공학,647153756,김창원,1,0.0,0.0,"[PBP(Patch-wise Br ight Pixels)를 사용한 단일 안개 이미지의 대기광 추정 알고리즘]
   └ 학회: 한국멀티미디어학회 (IF: 0.6)"
2460,2023,전기전자공학,890114160,이상훈,1,0.0,0.0,"[동적 장애물 환경에서 Heat Kernel 및 Costmap 레이어를 이용한 AMR 장애물 회피 방법]
   └ 학회: 한국멀티미디어학회 (IF: 0.6)"
2461,2023,전기전자공학,991194119,옥지원,1,0.0,0.0,"[동적 장애물 환경에서 Heat Kernel 및 Costmap 레이어를 이용한 AMR 장애물 회피 방법]
   └ 학회: 한국멀티미디어학회 (IF: 0.6)"
2462,2023,전기전자공학,766472348,김길호,1,0.0,0.0,"[왼쪽 시프트 연산을 n-1번 사용하여 n비트 유한체 곱셈기 설계 및 구현]
   └ 학회: 한국멀티미디어학회 (IF: 0.6)"
2463,2023,전기전자공학,2036855,정수민,1,0.0,0.0,"[컨테이너 기반 마이크로서비스의 이력 데이터 수집 기법]
   └ 학회: 한국멀티미디어학회 (IF: 0.6)"
2464,2023,전기전자공학,198647832,김정구,1,0.0,0.0,"[컨테이너 기반 마이크로서비스의 이력 데이터 수집 기법]
   └ 학회: 한국멀티미디어학회 (IF: 0.6)"
2465,2023,전기전자공학,219092061,염근혁,1,0.0,0.0,"[컨테이너 기반 마이크로서비스의 이력 데이터 수집 기법]
   └ 학회: 한국멀티미디어학회 (IF: 0.6)"
2466,2023,전기전자공학,401273063,박준석,1,0.0,0.0,"[컨테이너 기반 마이크로서비스의 이력 데이터 수집 기법]
   └ 학회: 한국멀티미디어학회 (IF: 0.6)"
2467,2023,전기전자공학,609525,이유라,1,0.0,0.0,"[마이데이터 서비스에서 적극적인 자기결정권을 위한 인터랙션 디자인 연구: 금융 약관을 중심으로]
   └ 학회: 한국멀티미디어학회 (IF: 0.6)"
2468,2023,전기전자공학,879465690,이성범,1,0.0,0.0,"[SpeeKG: 온라인 강의 영상 추천을 위한 지식그래프 기반 의미적인 음성 번역 기법]
   └ 학회: 한국멀티미디어학회 (IF: 0.6)"
2469,2023,전기전자공학,5479367,구본현,1,0.0,0.0,"[SpeeKG: 온라인 강의 영상 추천을 위한 지식그래프 기반 의미적인 음성 번역 기법]
   └ 학회: 한국멀티미디어학회 (IF: 0.6)"
2470,2023,전기전자공학,833998227,조무연,1,0.0,0.0,"[SpeeKG: 온라인 강의 영상 추천을 위한 지식그래프 기반 의미적인 음성 번역 기법]
   └ 학회: 한국멀티미디어학회 (IF: 0.6)"
2471,2023,전기전자공학,553098104,이해빈,1,0.0,0.0,"[공공데이터 기반 공영주차장 최적입지 선정을 위한 최대 커버지역 문제(MCLP) 해결 기법]
   └ 학회: 한국멀티미디어학회 (IF: 0.6)"
2472,2023,전기전자공학,769237324,김다혜,1,0.0,0.0,"[공공데이터 기반 공영주차장 최적입지 선정을 위한 최대 커버지역 문제(MCLP) 해결 기법]
   └ 학회: 한국멀티미디어학회 (IF: 0.6)"
2473,2023,전기전자공학,981411927,남귀연,1,0.0,0.0,"[공공데이터 기반 공영주차장 최적입지 선정을 위한 최대 커버지역 문제(MCLP) 해결 기법]
   └ 학회: 한국멀티미디어학회 (IF: 0.6)"
2474,2023,전기전자공학,430465943,정유지,1,0.0,0.0,"[공공데이터 기반 공영주차장 최적입지 선정을 위한 최대 커버지역 문제(MCLP) 해결 기법]
   └ 학회: 한국멀티미디어학회 (IF: 0.6)"
2475,2023,전기전자공학,473777963,김응수,1,0.0,0.0,"[4차산업 혁명에 적용되는 센서 기술 동향]
   └ 학회: 한국멀티미디어학회 (IF: 0.6)"
2476,2023,전기전자공학,416404714,전자연,1,0.0,0.0,"[CNN 기반 이미지 임베딩 모델을 이용한 한글 획요소 기반 유사 글꼴 추천 기법]
   └ 학회: 한국멀티미디어학회 (IF: 0.6)"
2477,2023,전기전자공학,462910661,이현우,1,0.0,0.0,"[드라마와 웹툰의 사운드 각색에 의한 인식구조와 연출연구 - 〈이상한 변호사 우영우〉 를 중심으로-]
   └ 학회: 한국멀티미디어학회 (IF: 0.6)"
2478,2023,전기전자공학,380817011,Dong-Qi Guo,1,0.0,0.0,"[A Study on the Influence of In-game Photography Mode Central Flow Exper ience on Player s"" Stickiness - Mediated by Player s"" Emotional Attachment]
   └ 학회: 한국멀티미디어학회 (IF: 0.6)"
2479,2023,전기전자공학,313445876,조영우,1,0.0,0.0,"[산업현장에서 인간-협동로봇 협업 및 상호작용을 위한 감성 컴퓨팅 기술 분석]
   └ 학회: 한국멀티미디어학회 (IF: 0.6)"
2480,2023,전기전자공학,686550267,김수형,1,0.0,0.0,"[산업현장에서 인간-협동로봇 협업 및 상호작용을 위한 감성 컴퓨팅 기술 분석]
   └ 학회: 한국멀티미디어학회 (IF: 0.6)"
2481,2023,전기전자공학,942869928,김경윤,1,0.0,0.0,"[산업현장에서 인간-협동로봇 협업 및 상호작용을 위한 감성 컴퓨팅 기술 분석]
   └ 학회: 한국멀티미디어학회 (IF: 0.6)"
2482,2023,전기전자공학,811331226,양형정,1,0.0,0.0,"[산업현장에서 인간-협동로봇 협업 및 상호작용을 위한 감성 컴퓨팅 기술 분석]
   └ 학회: 한국멀티미디어학회 (IF: 0.6)"
2483,2023,전기전자공학,5085908,김민지,1,0.0,0.0,"[과수화상병 판별을 위한 AI 모델 신뢰성 평가 연구]
   └ 학회: 한국멀티미디어학회 (IF: 0.6)"
2484,2023,전기전자공학,792789654,이도훈,1,0.0,0.0,"[과수화상병 판별을 위한 AI 모델 신뢰성 평가 연구]
   └ 학회: 한국멀티미디어학회 (IF: 0.6)"
2485,2023,전기전자공학,5169116,송명근,1,0.0,0.0,"[주성분 분석을 잠재공간에 적용한 최소제곱 오차 이미지 생성 네트워크]
   └ 학회: 한국멀티미디어학회 (IF: 0.6)"
2486,2023,전기전자공학,266042899,송현철,1,0.0,0.0,"[주성분 분석을 잠재공간에 적용한 최소제곱 오차 이미지 생성 네트워크]
   └ 학회: 한국멀티미디어학회 (IF: 0.6)"
2487,2023,전기전자공학,194932861,최광남,1,0.0,0.0,"[주성분 분석을 잠재공간에 적용한 최소제곱 오차 이미지 생성 네트워크]
   └ 학회: 한국멀티미디어학회 (IF: 0.6)"
2488,2023,전기전자공학,354092597,윤종학,1,0.0,0.0,"[3D-U<SUP>2</SUP>-Net 기반 새로운 뇌종양 분할 모델]
   └ 학회: 한국멀티미디어학회 (IF: 0.6)"
2489,2023,전기전자공학,145048469,안재원,1,0.0,0.0,"[부유선별공정 모니터링을 위한 다변수 가우시안 혼합모델기반 색상 분석]
   └ 학회: 한국멀티미디어학회 (IF: 0.6)"
2490,2023,전기전자공학,817647403,고윤호,1,0.0,0.0,"[부유선별공정 모니터링을 위한 다변수 가우시안 혼합모델기반 색상 분석]
   └ 학회: 한국멀티미디어학회 (IF: 0.6)"
2491,2023,전기전자공학,278384761,이태경,1,0.0,0.0,"[감각치환을 위한 소리 기반 감정 표현 얼굴 생성 연구]
   └ 학회: 한국멀티미디어학회 (IF: 0.6)"
2492,2023,전기전자공학,510030321,엄혜린,1,0.0,0.0,"[감각치환을 위한 소리 기반 감정 표현 얼굴 생성 연구]
   └ 학회: 한국멀티미디어학회 (IF: 0.6)"
2493,2023,전기전자공학,453428327,정치윤,1,0.0,0.0,"[감각치환을 위한 소리 기반 감정 표현 얼굴 생성 연구]
   └ 학회: 한국멀티미디어학회 (IF: 0.6)"
2494,2023,전기전자공학,318130126,김채규,1,0.0,0.0,"[감각치환을 위한 소리 기반 감정 표현 얼굴 생성 연구]
   └ 학회: 한국멀티미디어학회 (IF: 0.6)"
2495,2023,전기전자공학,411544186,김병진,1,0.0,0.0,"[군 등변 컨벌루션을 사용하는 효율적인 군 등변 트랜스포머]
   └ 학회: 한국멀티미디어학회 (IF: 0.6)"
2496,2023,전기전자공학,898653883,조민수,1,0.0,0.0,"[군 등변 컨벌루션을 사용하는 효율적인 군 등변 트랜스포머]
   └ 학회: 한국멀티미디어학회 (IF: 0.6)"
2497,2023,전기전자공학,658140924,왕수연,1,0.0,0.0,"[공장 대기오염 모니터링 응용의 규모 확대를 위한 컨테이너화된 접근법]
   └ 학회: 한국멀티미디어학회 (IF: 0.6)"
2498,2023,전기전자공학,741534193,김원아,1,0.0,0.0,"[공장 대기오염 모니터링 응용의 규모 확대를 위한 컨테이너화된 접근법]
   └ 학회: 한국멀티미디어학회 (IF: 0.6)"
2499,2023,전기전자공학,189979907,Kwekam Tchomdji Luther. Oberlin,1,0.0,0.0,"[Proposing Improvement to Communication through Animated Infographics by Observing Cultur al Allocation of Attention to Animation]
   └ 학회: 한국멀티미디어학회 (IF: 0.6)"
2500,2023,전기전자공학,129372362,Claude Michel Moïse,1,0.0,0.0,"[Proposing Improvement to Communication through Animated Infographics by Observing Cultur al Allocation of Attention to Animation]
   └ 학회: 한국멀티미디어학회 (IF: 0.6)"
2501,2023,전기전자공학,981267489,김영범,1,0.0,0.0,"[6축 및 무한 요(yaw) 운동을 지원하는 공간정위상실 가상훈련 시뮬레이터를 위한 전향성 착각 체험 시나리오]
   └ 학회: 한국멀티미디어학회 (IF: 0.6)"
2502,2023,전기전자공학,306532829,정성오,1,0.0,0.0,"[6축 및 무한 요(yaw) 운동을 지원하는 공간정위상실 가상훈련 시뮬레이터를 위한 전향성 착각 체험 시나리오]
   └ 학회: 한국멀티미디어학회 (IF: 0.6)"
2503,2023,전기전자공학,928725610,조유섭,1,0.0,0.0,"[6축 및 무한 요(yaw) 운동을 지원하는 공간정위상실 가상훈련 시뮬레이터를 위한 전향성 착각 체험 시나리오]
   └ 학회: 한국멀티미디어학회 (IF: 0.6)"
2504,2023,전기전자공학,167996844,박병하,1,0.0,0.0,"[6축 및 무한 요(yaw) 운동을 지원하는 공간정위상실 가상훈련 시뮬레이터를 위한 전향성 착각 체험 시나리오]
   └ 학회: 한국멀티미디어학회 (IF: 0.6)"
2505,2023,전기전자공학,931742615,김지은,1,0.0,0.0,"[잡음 종류와 잡음 제거방식에 따른 영상의 윤곽선 검출 비교]
   └ 학회: 한국멀티미디어학회 (IF: 0.6)"
2506,2023,전기전자공학,857684908,이덕우,1,0.0,0.0,"[잡음 종류와 잡음 제거방식에 따른 영상의 윤곽선 검출 비교]
   └ 학회: 한국멀티미디어학회 (IF: 0.6)"
2507,2023,전기전자공학,573068006,박정희,1,0.0,0.0,"[소규모 다클래스 양성 데이터 및 레이블이 지정되지 않은 데이터로부터 학습]
   └ 학회: 한국멀티미디어학회 (IF: 0.6)"
2508,2023,전기전자공학,298867602,장온,1,0.0,0.0,"[Citespace에 기반한 공공미술 핫이슈와 트렌드의 가시화 분석]
   └ 학회: 한국멀티미디어학회 (IF: 0.6)"
2509,2023,전기전자공학,510570453,왕빈,1,0.0,0.0,"[디지털 전환이 운전면허학원의 혁신 성과에 미치는 영향: 조직 민첩성의 매개 역할]
   └ 학회: 한국멀티미디어학회 (IF: 0.6)"
2510,2023,전기전자공학,523192298,김미연,1,0.0,0.0,"[사용자 맞춤형 AI 생활재활플랫폼의 단위모듈 설계]
   └ 학회: 한국멀티미디어학회 (IF: 0.6)"
2511,2023,전기전자공학,628196990,박예람,1,0.0,0.0,"[완전자율주행 택시 서비스의 사용자 경험을 높이는 디자인 가이드라인]
   └ 학회: 한국멀티미디어학회 (IF: 0.6)"
2512,2023,전기전자공학,831378294,Yiran Feng,1,0.0,0.0,"[Design of Bionic Ray Robot Based on MPF Movement Patterns]
   └ 학회: 한국멀티미디어학회 (IF: 0.6)"
2513,2023,전기전자공학,235561186,Xueheng Tao,1,0.0,0.0,"[Design of Bionic Ray Robot Based on MPF Movement Patterns]
   └ 학회: 한국멀티미디어학회 (IF: 0.6)"
2514,2023,전기전자공학,503163780,Eung Joo Lee,1,0.0,0.0,"[Design of Bionic Ray Robot Based on MPF Movement Patterns]
   └ 학회: 한국멀티미디어학회 (IF: 0.6)"
2515,2023,전기전자공학,542560044,박나훈,1,0.0,0.0,"[“AR Dance Trail”, “Draw Me Close”, “Radio Ballet”의 수행성과 테크놀로지에 대한 문화기호학적 연구]
   └ 학회: 한국멀티미디어학회 (IF: 0.6)"
2516,2023,전기전자공학,935947313,배규한,1,0.0,0.0,"[디지털 인터랙티브 전시콘텐츠에 적용된 인터페이스 제작방식이 관람객 만족도에 미치는 영향에 관한 연구]
   └ 학회: 한국멀티미디어학회 (IF: 0.6)"
2517,2023,전기전자공학,745196097,성종현,1,0.0,0.0,"[지역 영상산업 진흥을 위한 인프라 구축 및 전략 연구 －경북 영상산업 진흥 인프라 사례를 중심으로－]
   └ 학회: 한국멀티미디어학회 (IF: 0.6)"
2518,2023,전기전자공학,271155352,Aroona Ayub,1,0.0,0.0,"[Training and Synthesis Based Vehicle Color Conver sion Technique Using GAN]
   └ 학회: 한국멀티미디어학회 (IF: 0.6)"
2519,2023,전기전자공학,976542772,김형원,1,0.0,0.0,"[Training and Synthesis Based Vehicle Color Conver sion Technique Using GAN]
   └ 학회: 한국멀티미디어학회 (IF: 0.6)"
2520,2023,전기전자공학,390571916,노연희,1,0.0,0.0,"[대학가 1인 가구를 위한 라이프스타일 지원 어플리케이션]
   └ 학회: 한국멀티미디어학회 (IF: 0.6)"
2521,2023,전기전자공학,997127066,우굉방악,1,0.0,0.0,"[젠더리스 형상을 응용한 디자인 연구-톰 브라운 브랜드 중심으로]
   └ 학회: 한국멀티미디어학회 (IF: 0.6)"
2522,2023,전기전자공학,992050228,이예솝,1,0.0,0.0,"[시점 변경을 위한 깊이 정보를 이용한 홀채움 기법]
   └ 학회: 한국멀티미디어학회 (IF: 0.6)"
2523,2023,전기전자공학,511273396,김종희,1,0.0,0.0,"[모바일 GUI Components의 운영체제별 사용성 평가 비교]
   └ 학회: 한국멀티미디어학회 (IF: 0.6)"
2524,2023,전기전자공학,734532993,이화세,1,0.0,0.0,"[모바일 GUI Components의 운영체제별 사용성 평가 비교]
   └ 학회: 한국멀티미디어학회 (IF: 0.6)"
2525,2023,전기전자공학,700817756,최지영,1,0.0,0.0,"[국내 모바일 성범죄 예방 어플리케이션 사용성 분석]
   └ 학회: 한국멀티미디어학회 (IF: 0.6)"
2526,2023,전기전자공학,573934408,최하람,1,0.0,0.0,"[사용자 참여를 위한 어포던스 요소를 기반으로 혼합현실 지역 문화 실감형 콘텐츠 개발]
   └ 학회: 한국멀티미디어학회 (IF: 0.6)"
2527,2023,전기전자공학,465864605,남상훈,1,0.0,0.0,"[사용자 참여를 위한 어포던스 요소를 기반으로 혼합현실 지역 문화 실감형 콘텐츠 개발]
   └ 학회: 한국멀티미디어학회 (IF: 0.6)"
2528,2023,전기전자공학,588315710,금준영,1,0.0,0.0,"[LLM 기반 하이브리드 아바타 에이전트 시스템의 사용성 평가]
   └ 학회: 한국멀티미디어학회 (IF: 0.6)"
2529,2023,전기전자공학,534620677,김태연,1,0.0,0.0,"[LLM 기반 하이브리드 아바타 에이전트 시스템의 사용성 평가]
   └ 학회: 한국멀티미디어학회 (IF: 0.6)"
2530,2023,전기전자공학,917579258,임형규,1,0.0,0.0,"[자기공명 호환성 향상을 위한 롬버스 메커니즘 기반의 이식형 골전도 압전트랜스듀서 설계]
   └ 학회: 한국멀티미디어학회 (IF: 0.6)"
2531,2023,전기전자공학,974126477,이근섭,1,0.0,0.0,"[추천시스템을 위한 효율적인 Low-Rank 행렬완성 업데이트 알고리즘]
   └ 학회: 한국멀티미디어학회 (IF: 0.6)"
2532,2023,전기전자공학,283298183,김규형,1,0.0,0.0,"[다중 대화형 에이전트 제어 시스템에서 작업 간격이 작업 부하 및 운용행동에 미치는 영향 분석]
   └ 학회: 한국멀티미디어학회 (IF: 0.6)"
2533,2023,전기전자공학,434389101,문성호,1,0.0,0.0,"[다중 대화형 에이전트 제어 시스템에서 작업 간격이 작업 부하 및 운용행동에 미치는 영향 분석]
   └ 학회: 한국멀티미디어학회 (IF: 0.6)"
2534,2023,전기전자공학,483486945,유숙현,1,0.0,0.0,"[DNN과 계층 연관성 전파를 이용한 PM<SUB>2.5</SUB> 고농도 사례의 인자 중요도 분석]
   └ 학회: 한국멀티미디어학회 (IF: 0.6)"
2535,2023,전기전자공학,915381118,류안영,1,0.0,0.0,"[디자인 사고의 주요활동 및 핵심요소에 관한 연구]
   └ 학회: 한국멀티미디어학회 (IF: 0.6)"
2536,2023,전기전자공학,897752966,손원준,1,0.0,0.0,"[디자인 사고의 주요활동 및 핵심요소에 관한 연구]
   └ 학회: 한국멀티미디어학회 (IF: 0.6)"
2537,2023,전기전자공학,944814948,김민기,1,0.0,0.0,"[하이브리드 모델에 기반한 스마트폰 센서 데이터를 이용한 사람 행동 인식]
   └ 학회: 한국멀티미디어학회 (IF: 0.6)"
2538,2023,전기전자공학,175307856,박태희,1,0.0,0.0,"[웨이블렛 잔여 채널 융합 기법을 활용한 U-Net 기반의 단일 영상 비 제거 알고리즘]
   └ 학회: 한국멀티미디어학회 (IF: 0.6)"
2539,2023,전기전자공학,360181500,박민희,1,0.0,0.0,"[시선추적 장치를 활용한 국내 에세이 분야 책 표지의 시각적 주의집중도 분석]
   └ 학회: 한국멀티미디어학회 (IF: 0.6)"
2540,2023,전기전자공학,209010834,김현성,1,0.0,0.0,"[시선추적 장치를 활용한 국내 에세이 분야 책 표지의 시각적 주의집중도 분석]
   └ 학회: 한국멀티미디어학회 (IF: 0.6)"
2541,2023,전기전자공학,711594436,황신옌,1,0.0,0.0,"[크로스 컬처럴 커뮤니케이션 관점에서 본 〈뮬란(2020)〉의 비언어 기호 연구－문화 차이를 중심으로]
   └ 학회: 한국멀티미디어학회 (IF: 0.6)"
2542,2023,전기전자공학,384570248,최동혁,1,0.0,0.0,"[크로스 컬처럴 커뮤니케이션 관점에서 본 〈뮬란(2020)〉의 비언어 기호 연구－문화 차이를 중심으로]
   └ 학회: 한국멀티미디어학회 (IF: 0.6)"
2543,2023,전기전자공학,500882120,양천,1,0.0,0.0,"[이용과 충족이론 기반 사용자 탄막(Danmaku) 리뷰 행위의 영향요인에 관한 연구]
   └ 학회: 한국멀티미디어학회 (IF: 0.6)"
2544,2023,전기전자공학,5465095,김윤경,1,0.0,0.0,"[자율주행 셔틀 인포테인먼트 서비스 사용성 평가 지표 개발]
   └ 학회: 한국멀티미디어학회 (IF: 0.6)"
2545,2023,전기전자공학,623464963,박선홍,1,0.0,0.0,"[자율주행 셔틀 인포테인먼트 서비스 사용성 평가 지표 개발]
   └ 학회: 한국멀티미디어학회 (IF: 0.6)"
2546,2023,전기전자공학,249275620,정미영,1,0.0,0.0,"[언택트시대, 교수자의 이미지와 비언어커뮤니케이션 사용이 학습자의 수업만족도와 수업몰입도에 미치는 영향]
   └ 학회: 한국멀티미디어학회 (IF: 0.6)"
2547,2023,전기전자공학,778424737,노정현,1,0.0,0.0,"[Zero-Shot 세포 영상 초해상화 기법]
   └ 학회: 한국멀티미디어학회 (IF: 0.6)"
2548,2023,전기전자공학,829562443,박진선,1,0.0,0.0,"[Zero-Shot 세포 영상 초해상화 기법]
   └ 학회: 한국멀티미디어학회 (IF: 0.6)"
2549,2023,전기전자공학,978531792,지영서,1,0.0,0.0,"[감정 기반 글꼴 추천 시스템을 위한 매핑 모델 설계 및 적용]
   └ 학회: 한국멀티미디어학회 (IF: 0.6)"
2550,2023,전기전자공학,845584804,이학민,1,0.0,0.0,"[유튜브 Shorts를 활용한 지방자치단체 홍보 전략 연구 -경상북도 영주시 공식 유튜브 채널 쇼츠 콘텐츠를 중심으로-]
   └ 학회: 한국멀티미디어학회 (IF: 0.6)"
2551,2023,전기전자공학,4035083,이종훈,1,0.0,0.0,"[유튜브 Shorts를 활용한 지방자치단체 홍보 전략 연구 -경상북도 영주시 공식 유튜브 채널 쇼츠 콘텐츠를 중심으로-]
   └ 학회: 한국멀티미디어학회 (IF: 0.6)"
2552,2023,전기전자공학,895774450,박지회,1,0.0,0.0,"[보상과 소속감, 기대이론을 통해 바라본 트랜스 미디어 콘텐츠 - 영화 ‘신과 함께’를 중심으로]
   └ 학회: 한국멀티미디어학회 (IF: 0.6)"
2553,2023,전기전자공학,237611789,심동하,1,0.0,0.0,"[<탑건: 매버릭>의 향수 영화적 스토리텔링 특성 연구 - 상호텍스트성을 중심으로]
   └ 학회: 한국멀티미디어학회 (IF: 0.6)"
2554,2023,전기전자공학,306905894,조동훈,1,0.0,0.0,"[시청 조건 및 시청자의 이동에 따른 디지털 사이니지 최적의 가독성을 위한 컨텐츠 설계 방안]
   └ 학회: 한국멀티미디어학회 (IF: 0.6)"
2555,2023,전기전자공학,207705968,하재영,1,0.0,0.0,"[시청 조건 및 시청자의 이동에 따른 디지털 사이니지 최적의 가독성을 위한 컨텐츠 설계 방안]
   └ 학회: 한국멀티미디어학회 (IF: 0.6)"
2556,2023,전기전자공학,893126727,윤찬석,1,0.0,0.0,"[시청 조건 및 시청자의 이동에 따른 디지털 사이니지 최적의 가독성을 위한 컨텐츠 설계 방안]
   └ 학회: 한국멀티미디어학회 (IF: 0.6)"
2557,2023,전기전자공학,549641094,유재희,1,0.0,0.0,"[시청 조건 및 시청자의 이동에 따른 디지털 사이니지 최적의 가독성을 위한 컨텐츠 설계 방안]
   └ 학회: 한국멀티미디어학회 (IF: 0.6)"
2558,2023,전기전자공학,511053904,권경범,1,0.0,0.0,"[조준점 전시를 위한 센서 및 특징점 기반 영상 정합 알고리즘]
   └ 학회: 한국멀티미디어학회 (IF: 0.6)"
2559,2023,전기전자공학,528842744,한재웅,1,0.0,0.0,"[조준점 전시를 위한 센서 및 특징점 기반 영상 정합 알고리즘]
   └ 학회: 한국멀티미디어학회 (IF: 0.6)"
2560,2023,전기전자공학,376906994,정신영,1,0.0,0.0,"[조준점 전시를 위한 센서 및 특징점 기반 영상 정합 알고리즘]
   └ 학회: 한국멀티미디어학회 (IF: 0.6)"
2561,2023,전기전자공학,307650167,이현재,1,0.0,0.0,"[조준점 전시를 위한 센서 및 특징점 기반 영상 정합 알고리즘]
   └ 학회: 한국멀티미디어학회 (IF: 0.6)"
2562,2023,전기전자공학,829596857,구형일,1,0.0,0.0,"[조준점 전시를 위한 센서 및 특징점 기반 영상 정합 알고리즘]
   └ 학회: 한국멀티미디어학회 (IF: 0.6)"
2563,2023,전기전자공학,599075435,고상민,1,0.0,0.0,"[배터리 전압변동에 따른 화재 판단 기준값 보정이 가능한 연기 감지 알고리즘 개발]
   └ 학회: 한국멀티미디어학회 (IF: 0.6)"
2564,2023,전기전자공학,365539964,이종원,1,0.0,0.0,"[배터리 전압변동에 따른 화재 판단 기준값 보정이 가능한 연기 감지 알고리즘 개발]
   └ 학회: 한국멀티미디어학회 (IF: 0.6)"
2565,2023,전기전자공학,193011034,김윤수,1,0.0,0.0,"[배터리 전압변동에 따른 화재 판단 기준값 보정이 가능한 연기 감지 알고리즘 개발]
   └ 학회: 한국멀티미디어학회 (IF: 0.6)"
2566,2023,전기전자공학,164383337,트란민,1,0.0,0.0,"[배터리 전압변동에 따른 화재 판단 기준값 보정이 가능한 연기 감지 알고리즘 개발]
   └ 학회: 한국멀티미디어학회 (IF: 0.6)"
2567,2023,전기전자공학,294330089,김세엽,1,0.0,0.0,"[배터리 전압변동에 따른 화재 판단 기준값 보정이 가능한 연기 감지 알고리즘 개발]
   └ 학회: 한국멀티미디어학회 (IF: 0.6)"
2568,2023,전기전자공학,432459720,김경달,1,0.0,0.0,"[배터리 전압변동에 따른 화재 판단 기준값 보정이 가능한 연기 감지 알고리즘 개발]
   └ 학회: 한국멀티미디어학회 (IF: 0.6)"
2569,2023,전기전자공학,687197576,정계명,1,0.0,0.0,"[BLE IoT 컨트롤러를 활용한 클라우드 기반 전기에너지 거래 서비스 O2O 플랫폼 구현]
   └ 학회: 한국멀티미디어학회 (IF: 0.6)"
2570,2023,전기전자공학,216686363,김부민,1,0.0,0.0,"[BLE IoT 컨트롤러를 활용한 클라우드 기반 전기에너지 거래 서비스 O2O 플랫폼 구현]
   └ 학회: 한국멀티미디어학회 (IF: 0.6)"
2571,2023,전기전자공학,136473031,유욱흔,1,0.0,0.0,"[SOR 모델에 기반한 IMAX 영화에 관한 관객 만족도에 대한 영향 연구]
   └ 학회: 한국멀티미디어학회 (IF: 0.6)"
2572,2023,전기전자공학,513677351,왕흥기,1,0.0,0.0,"[애니메이션 이모티콘이 사용자의 긍정적 감정 및 지속적 사용의도에 미치는 요인 연구]
   └ 학회: 한국멀티미디어학회 (IF: 0.6)"
2573,2023,전기전자공학,247892974,박세연,1,0.0,0.0,"[블로그 게시물에서 감정분석을 통한 폰트 추천 서비스의 개발]
   └ 학회: 한국멀티미디어학회 (IF: 0.6)"
2574,2023,전기전자공학,713783967,전은결,1,0.0,0.0,"[블로그 게시물에서 감정분석을 통한 폰트 추천 서비스의 개발]
   └ 학회: 한국멀티미디어학회 (IF: 0.6)"
2575,2023,전기전자공학,120779061,정다은,1,0.0,0.0,"[블로그 게시물에서 감정분석을 통한 폰트 추천 서비스의 개발]
   └ 학회: 한국멀티미디어학회 (IF: 0.6)"
2576,2023,전기전자공학,743012311,송유정,1,0.0,0.0,"[블로그 게시물에서 감정분석을 통한 폰트 추천 서비스의 개발]
   └ 학회: 한국멀티미디어학회 (IF: 0.6)"
2577,2023,전기전자공학,971854073,백승주,1,0.0,0.0,"[3D 아나모픽 기법을 활용한 혼합현실 공간에서의 영상 연출에 관한 연구]
   └ 학회: 한국멀티미디어학회 (IF: 0.6)"
2578,2023,전기전자공학,530779964,Sajid Hussain,1,0.0,0.0,"[Efficiency Enhanced Super Resolution Gener ative Adver sar ial Network via Advanced Knowledge Distillation]
   └ 학회: 한국멀티미디어학회 (IF: 0.6)"
2579,2023,전기전자공학,301732116,Syed Asif Raza Shah,1,0.0,0.0,"[Efficiency Enhanced Super Resolution Gener ative Adver sar ial Network via Advanced Knowledge Distillation]
   └ 학회: 한국멀티미디어학회 (IF: 0.6)"
2580,2023,전기전자공학,678526913,조금원,1,0.0,0.0,"[Efficiency Enhanced Super Resolution Gener ative Adver sar ial Network via Advanced Knowledge Distillation]
   └ 학회: 한국멀티미디어학회 (IF: 0.6)"
2581,2023,전기전자공학,639231853,서수연,1,0.0,0.0,"[이미지 생성형 AI 활용 그래픽 디자인 커리큘럼 개발을 위한 디자인 전공 대학생 수요자 분석 연구]
   └ 학회: 한국멀티미디어학회 (IF: 0.6)"
2582,2023,전기전자공학,944140910,한수진,1,0.0,0.0,"[중소기업 소프트웨어 개발 결과에 대한 품질평가]
   └ 학회: 한국정보기술학회 (IF: 0.56)"
2583,2023,전기전자공학,885491094,이부형,1,0.0,0.0,"[중소기업 소프트웨어 개발 결과에 대한 품질평가]
   └ 학회: 한국정보기술학회 (IF: 0.56)"
2584,2023,전기전자공학,895489780,김선주,1,0.0,0.0,"[초·중·고등학생 대상 데이터 과학 교육 변인에 대한 메타분석]
   └ 학회: 한국정보기술학회 (IF: 0.56)"
2585,2023,전기전자공학,363788510,전석주,1,0.0,0.0,"[초·중·고등학생 대상 데이터 과학 교육 변인에 대한 메타분석]
   └ 학회: 한국정보기술학회 (IF: 0.56)"
2586,2023,전기전자공학,257872411,김송민,1,0.0,0.0,"[공공데이터의 신뢰성 확보를 위한 평가모델 연구]
   └ 학회: 한국정보기술학회 (IF: 0.56)"
2587,2023,전기전자공학,790743958,김진식,1,0.0,0.0,"[공공데이터의 신뢰성 확보를 위한 평가모델 연구]
   └ 학회: 한국정보기술학회 (IF: 0.56)"
2588,2023,전기전자공학,741523773,전혜련,1,0.0,0.0,"[전력계통 내 관성확보를 위한 동기조상기 해외사례 검토 및 분석]
   └ 학회: 한국정보기술학회 (IF: 0.56)"
2589,2023,전기전자공학,213936436,이수형,1,0.0,0.0,"[전력계통 내 관성확보를 위한 동기조상기 해외사례 검토 및 분석]
   └ 학회: 한국정보기술학회 (IF: 0.56)"
2590,2023,전기전자공학,593049713,이희진,1,0.0,0.0,"[전력계통 내 관성확보를 위한 동기조상기 해외사례 검토 및 분석]
   └ 학회: 한국정보기술학회 (IF: 0.56)"
2591,2023,전기전자공학,677842695,이희원,1,0.0,0.0,"[낮은 삽입 손실을 갖는 음의 군 지연 회로 설계]
   └ 학회: 한국정보기술학회 (IF: 0.56)"
2592,2023,전기전자공학,730239306,안진영,1,0.0,0.0,"[체내 심부 표적 광역학 치료를 위한 무선제어 기술 개발]
   └ 학회: 한국정보기술학회 (IF: 0.56)"
2593,2023,전기전자공학,178013757,김사웅,1,0.0,0.0,"[체내 심부 표적 광역학 치료를 위한 무선제어 기술 개발]
   └ 학회: 한국정보기술학회 (IF: 0.56)"
2594,2023,전기전자공학,920674783,사기동,1,0.0,0.0,"[체내 심부 표적 광역학 치료를 위한 무선제어 기술 개발]
   └ 학회: 한국정보기술학회 (IF: 0.56)"
2595,2023,전기전자공학,560645952,정성모,1,0.0,0.0,"[이동객체의 궤적 데이터에 대한 온라인 도로 네트워크 매칭 방법]
   └ 학회: 한국정보기술학회 (IF: 0.56)"
2596,2023,전기전자공학,441564042,김민구,1,0.0,0.0,"[사용자 인식을 위한 스펙트로그램 기반 설명 가능한 심전도 분석에 관한 연구]
   └ 학회: 한국정보기술학회 (IF: 0.56)"
2597,2023,전기전자공학,569866565,정재효,1,0.0,0.0,"[사용자 인식을 위한 스펙트로그램 기반 설명 가능한 심전도 분석에 관한 연구]
   └ 학회: 한국정보기술학회 (IF: 0.56)"
2598,2023,전기전자공학,425161332,유주한,1,0.0,0.0,"[고해상도 단일 카메라 기반의 골프 Impact 검출 방법]
   └ 학회: 한국정보기술학회 (IF: 0.56)"
2599,2023,전기전자공학,162067746,전현정,1,0.0,0.0,"[규칙 기반 문장 단위 무형대용어 해결을 통한 성폭력 피해자 조사 면담 진술서 생략어 복원]
   └ 학회: 한국정보기술학회 (IF: 0.56)"
2600,2023,전기전자공학,818335258,허여솔,1,0.0,0.0,"[규칙 기반 문장 단위 무형대용어 해결을 통한 성폭력 피해자 조사 면담 진술서 생략어 복원]
   └ 학회: 한국정보기술학회 (IF: 0.56)"
2601,2023,전기전자공학,699192323,홍진원,1,0.0,0.0,"[규칙 기반 문장 단위 무형대용어 해결을 통한 성폭력 피해자 조사 면담 진술서 생략어 복원]
   └ 학회: 한국정보기술학회 (IF: 0.56)"
2602,2023,전기전자공학,743629132,양기주,1,0.0,0.0,"[규칙 기반 문장 단위 무형대용어 해결을 통한 성폭력 피해자 조사 면담 진술서 생략어 복원]
   └ 학회: 한국정보기술학회 (IF: 0.56)"
2603,2023,전기전자공학,487536489,성용욱,1,0.0,0.0,"[멀티 코어 DSP 기반 모터 드라이브 감시 시스템 개발]
   └ 학회: 한국정보기술학회 (IF: 0.56)"
2604,2023,전기전자공학,964209199,윤철,1,0.0,0.0,"[멀티 코어 DSP 기반 모터 드라이브 감시 시스템 개발]
   └ 학회: 한국정보기술학회 (IF: 0.56)"
2605,2023,전기전자공학,754972644,최준영,1,0.0,0.0,"[멀티 코어 DSP 기반 모터 드라이브 감시 시스템 개발]
   └ 학회: 한국정보기술학회 (IF: 0.56)"
2606,2023,전기전자공학,139553856,배민지,1,0.0,0.0,"[반도체 측정용 블레이드 핀 전송 특성 분석]
   └ 학회: 한국정보기술학회 (IF: 0.56)"
2607,2023,전기전자공학,119064463,이지연,1,0.0,0.0,"[반도체 측정용 블레이드 핀 전송 특성 분석]
   └ 학회: 한국정보기술학회 (IF: 0.56)"
2608,2023,전기전자공학,649733312,김상현,1,0.0,0.0,"[반도체 측정용 블레이드 핀 전송 특성 분석]
   └ 학회: 한국정보기술학회 (IF: 0.56)"
2609,2023,전기전자공학,761265031,이희준,1,0.0,0.0,"[반도체 측정용 블레이드 핀 전송 특성 분석]
   └ 학회: 한국정보기술학회 (IF: 0.56)"
2610,2023,전기전자공학,957948964,이원표,1,0.0,0.0,"[자율주행 시스템 센서 보호용 레이돔 설계 및 측정]
   └ 학회: 한국정보기술학회 (IF: 0.56)"
2611,2023,전기전자공학,449891925,쉬 송위안,1,0.0,0.0,"[자율주행 시스템 센서 보호용 레이돔 설계 및 측정]
   └ 학회: 한국정보기술학회 (IF: 0.56)"
2612,2023,전기전자공학,383831047,단스란 바야르사이칸,1,0.0,0.0,"[전파고도계 개발을 위한 평탄면의 산란계수 측정]
   └ 학회: 한국정보기술학회 (IF: 0.56)"
2613,2023,전기전자공학,878512848,알탄자야 에르덴수흐,1,0.0,0.0,"[전파고도계 개발을 위한 평탄면의 산란계수 측정]
   └ 학회: 한국정보기술학회 (IF: 0.56)"
2614,2023,전기전자공학,916805694,정호용,1,0.0,0.0,"[전파고도계 개발을 위한 평탄면의 산란계수 측정]
   └ 학회: 한국정보기술학회 (IF: 0.56)"
2615,2023,전기전자공학,123738977,유미화,1,0.0,0.0,"[임베디드 시스템의 클럭 보상을 위한 RC 필터 기반의 주파수 검출기]
   └ 학회: 한국정보기술학회 (IF: 0.56)"
2616,2023,전기전자공학,869943210,박종훈,1,0.0,0.0,"[온톨로지 기반의 이기종 네트워크를 이용한 질병-유전자 상관관계 예측]
   └ 학회: 한국정보기술학회 (IF: 0.56)"
2617,2023,전기전자공학,414910298,유성현,1,0.0,0.0,"[유한기억 필터 기반 DPLL 최적설계]
   └ 학회: 한국정보기술학회 (IF: 0.56)"
2618,2023,전기전자공학,995224649,배동성,1,0.0,0.0,"[유한기억 필터 기반 DPLL 최적설계]
   └ 학회: 한국정보기술학회 (IF: 0.56)"
2619,2023,전기전자공학,833481915,박정호,1,0.0,0.0,"[전자기적 시뮬레이션을 활용한 마이크로스트립 불연속 소자의 등가회로 추출]
   └ 학회: 한국정보기술학회 (IF: 0.56)"
2620,2023,전기전자공학,452113305,문형준,1,0.0,0.0,"[전자기적 시뮬레이션을 활용한 마이크로스트립 불연속 소자의 등가회로 추출]
   └ 학회: 한국정보기술학회 (IF: 0.56)"
2621,2023,전기전자공학,495593477,이길영,1,0.0,0.0,"[전자기적 시뮬레이션을 활용한 마이크로스트립 불연속 소자의 등가회로 추출]
   └ 학회: 한국정보기술학회 (IF: 0.56)"
2622,2023,전기전자공학,198298720,김영민,1,0.0,0.0,"[부유형 풍력 터빈의 블레이드 불균형 회전에 대한 시뮬레이션 및 측정결과 비교]
   └ 학회: 한국정보기술학회 (IF: 0.56)"
2623,2023,전기전자공학,646479979,최인식,1,0.0,0.0,"[부유형 풍력 터빈의 블레이드 불균형 회전에 대한 시뮬레이션 및 측정결과 비교]
   └ 학회: 한국정보기술학회 (IF: 0.56)"
2624,2023,전기전자공학,711685667,정수연,1,0.0,0.0,"[얼굴 구성 요소별 통계적 특징 변환을 적용한 블라인드 폭우 얼굴 영상 복원]
   └ 학회: 한국정보기술학회 (IF: 0.56)"
2625,2023,전기전자공학,945641490,김주희,1,0.0,0.0,"[코로나19와 대중의 교통수단 선택 변화에 대한 인공지능 기반 예측 모델 연구]
   └ 학회: 한국정보기술학회 (IF: 0.56)"
2626,2023,전기전자공학,584862759,이희원,1,0.0,0.0,"[한반도 지역에서의 저궤도 위성 통신 시스템의 도플러 편이 분석 및 보상 방안]
   └ 학회: 한국정보기술학회 (IF: 0.56)"
2627,2023,전기전자공학,686594021,하태식,1,0.0,0.0,"[한반도 지역에서의 저궤도 위성 통신 시스템의 도플러 편이 분석 및 보상 방안]
   └ 학회: 한국정보기술학회 (IF: 0.56)"
2628,2023,전기전자공학,194356453,김영재,1,0.0,0.0,"[한반도 지역에서의 저궤도 위성 통신 시스템의 도플러 편이 분석 및 보상 방안]
   └ 학회: 한국정보기술학회 (IF: 0.56)"
2629,2023,전기전자공학,985014619,김성호,1,0.0,0.0,"[한반도 지역에서의 저궤도 위성 통신 시스템의 도플러 편이 분석 및 보상 방안]
   └ 학회: 한국정보기술학회 (IF: 0.56)"
2630,2023,전기전자공학,239287130,김동영,1,0.0,0.0,"[Link-16에서 시간 동기를 위한 충돌 확률 성능 분석]
   └ 학회: 한국정보기술학회 (IF: 0.56)"
2631,2023,전기전자공학,387358662,김기석,1,0.0,0.0,"[Link-16에서 시간 동기를 위한 충돌 확률 성능 분석]
   └ 학회: 한국정보기술학회 (IF: 0.56)"
2632,2023,전기전자공학,999503119,김진기,1,0.0,0.0,"[Link-16에서 시간 동기를 위한 충돌 확률 성능 분석]
   └ 학회: 한국정보기술학회 (IF: 0.56)"
2633,2023,전기전자공학,321780111,최주영,1,0.0,0.0,"[Link-16에서 시간 동기를 위한 충돌 확률 성능 분석]
   └ 학회: 한국정보기술학회 (IF: 0.56)"
2634,2023,전기전자공학,730322090,송영환,1,0.0,0.0,"[Link-16에서 시간 동기를 위한 충돌 확률 성능 분석]
   └ 학회: 한국정보기술학회 (IF: 0.56)"
2635,2023,전기전자공학,370232830,장진욱,1,0.0,0.0,"[Suggestion on the Software Quality Driving Test Process Improvement]
   └ 학회: 한국정보기술학회 (IF: 0.56)"
2636,2023,전기전자공학,184590781,최승혁,1,0.0,0.0,"[형태보존암호를 이용한 보안 QR 코드 스캔 시스템 구현]
   └ 학회: 한국정보기술학회 (IF: 0.56)"
2637,2023,전기전자공학,442381192,조경욱,1,0.0,0.0,"[형태보존암호를 이용한 보안 QR 코드 스캔 시스템 구현]
   └ 학회: 한국정보기술학회 (IF: 0.56)"
2638,2023,전기전자공학,695681039,한태희,1,0.0,0.0,"[형태보존암호를 이용한 보안 QR 코드 스캔 시스템 구현]
   └ 학회: 한국정보기술학회 (IF: 0.56)"
2639,2023,전기전자공학,705951064,변연희,1,0.0,0.0,"[형태보존암호를 이용한 보안 QR 코드 스캔 시스템 구현]
   └ 학회: 한국정보기술학회 (IF: 0.56)"
2640,2023,전기전자공학,186248433,이선영,1,0.0,0.0,"[형태보존암호를 이용한 보안 QR 코드 스캔 시스템 구현]
   └ 학회: 한국정보기술학회 (IF: 0.56)"
2641,2023,전기전자공학,518759228,최원빈,1,0.0,0.0,"[전국 노인교통사고 사망 및 부상자의 시 · 공간 패턴 분석: 2011~2020년 전국 노인교통사고 데이터 기반의 실증연구]
   └ 학회: 한국정보기술학회 (IF: 0.56)"
2642,2023,전기전자공학,630996226,오현근,1,0.0,0.0,"[전염병 유행 단계별 인간 이동패턴과 COVID-19 전염병 확산의 역학관계 분석: 서울시를 중심으로]
   └ 학회: 한국정보기술학회 (IF: 0.56)"
2643,2023,전기전자공학,190718465,김민경,1,0.0,0.0,"[전염병 유행 단계별 인간 이동패턴과 COVID-19 전염병 확산의 역학관계 분석: 서울시를 중심으로]
   └ 학회: 한국정보기술학회 (IF: 0.56)"
2644,2023,전기전자공학,666576823,이상민,1,0.0,0.0,"[Graph Neural Network 기반 추천시스템 성능 향상을 위한 유저 행동 시간 기반 데이터 사용 방안 분석]
   └ 학회: 한국정보기술학회 (IF: 0.56)"
2645,2023,전기전자공학,975177685,김희찬,1,0.0,0.0,"[Graph Neural Network 기반 추천시스템 성능 향상을 위한 유저 행동 시간 기반 데이터 사용 방안 분석]
   └ 학회: 한국정보기술학회 (IF: 0.56)"
2646,2023,전기전자공학,204523969,김남기,1,0.0,0.0,"[Graph Neural Network 기반 추천시스템 성능 향상을 위한 유저 행동 시간 기반 데이터 사용 방안 분석]
   └ 학회: 한국정보기술학회 (IF: 0.56)"
2647,2023,전기전자공학,170200900,이하은,1,0.0,0.0,"[궤적 예측 및 이미지 유사도 측정에 기반한 다중 카메라 객체 추적 방법]
   └ 학회: 한국정보기술학회 (IF: 0.56)"
2648,2023,전기전자공학,439922588,박경,1,0.0,0.0,"[4개의 덤벨 슬롯을 갖는 원편파 UHF RFID 리더 안테나 설계]
   └ 학회: 한국정보기술학회 (IF: 0.56)"
2649,2023,전기전자공학,348152180,서송원,1,0.0,0.0,"[4개의 덤벨 슬롯을 갖는 원편파 UHF RFID 리더 안테나 설계]
   └ 학회: 한국정보기술학회 (IF: 0.56)"
2650,2023,전기전자공학,649207476,아리운볼드 갈산욘돈,1,0.0,0.0,"[4개의 덤벨 슬롯을 갖는 원편파 UHF RFID 리더 안테나 설계]
   └ 학회: 한국정보기술학회 (IF: 0.56)"
2651,2023,전기전자공학,899836296,송철호,1,0.0,0.0,"[심전도의 이상치 신호 제거를 이용한 Xception 기반 스트레스 분류]
   └ 학회: 한국정보기술학회 (IF: 0.56)"
2652,2023,전기전자공학,580085122,최규호,1,0.0,0.0,"[심전도의 이상치 신호 제거를 이용한 Xception 기반 스트레스 분류]
   └ 학회: 한국정보기술학회 (IF: 0.56)"
2653,2023,전기전자공학,727517097,손제경,1,0.0,0.0,"[저피탐 표적 탐지 레이다를 위한 이동 표적 거리 고해상도 처리 기법]
   └ 학회: 한국정보기술학회 (IF: 0.56)"
2654,2023,전기전자공학,484985261,고현우,1,0.0,0.0,"[다중 수동 탐색빔을 형성하는 다기능 레이더의 정밀한 표적 방위각 선정 기법]
   └ 학회: 한국정보기술학회 (IF: 0.56)"
2655,2023,전기전자공학,790817954,공정환,1,0.0,0.0,"[다중 로봇 커버리지 경로 계획을 위한 유전 알고리즘과 개미 집단 최적화 방법의 조합 성능에 관한 연구]
   └ 학회: 한국정보기술학회 (IF: 0.56)"
2656,2023,전기전자공학,997612257,이승환,1,0.0,0.0,"[다중 로봇 커버리지 경로 계획을 위한 유전 알고리즘과 개미 집단 최적화 방법의 조합 성능에 관한 연구]
   └ 학회: 한국정보기술학회 (IF: 0.56)"
2657,2023,전기전자공학,806278739,최진영,1,0.0,0.0,"[패키지 구조에 따른 PIN 다이오드 특성 분석]
   └ 학회: 한국정보기술학회 (IF: 0.56)"
2658,2023,전기전자공학,887736381,Chul Ho Park,1,0.0,0.0,"[Improvement of the Location Update Delay and Packet Transmission of MH Movement on the Mobile IP Network Mobility Management Server]
   └ 학회: 한국정보기술학회 (IF: 0.56)"
2659,2023,전기전자공학,690713162,오상엽,1,0.0,0.0,"[Improvement of the Location Update Delay and Packet Transmission of MH Movement on the Mobile IP Network Mobility Management Server]
   └ 학회: 한국정보기술학회 (IF: 0.56)"
2660,2023,전기전자공학,151219614,김수종,1,0.0,0.0,"[분절모델 기반의 소리 이벤트 검출]
   └ 학회: 한국정보기술학회 (IF: 0.56)"
2661,2023,전기전자공학,775673692,정용주,1,0.0,0.0,"[분절모델 기반의 소리 이벤트 검출]
   └ 학회: 한국정보기술학회 (IF: 0.56)"
2662,2023,전기전자공학,367761360,정재민,1,0.0,0.0,"[잠재된 특징 지식 전이 기반의 해충 영상 초해상화]
   └ 학회: 한국정보기술학회 (IF: 0.56)"
2663,2023,전기전자공학,555932838,김재명,1,0.0,0.0,"[다중 생체신호의 2D 스펙트로그램을 이용한 멀티스트림 CNN 기반 사용자 식별 시스템]
   └ 학회: 한국정보기술학회 (IF: 0.56)"
2664,2023,전기전자공학,464632088,김윤호,1,0.0,0.0,"[다중 색 분할 알고리즘과 퍼지추론 기반의 하네스 결함검사시스템 구현]
   └ 학회: 한국정보기술학회 (IF: 0.56)"
2665,2023,전기전자공학,654521329,박범용,1,0.0,0.0,"[A Hierarchical Stability Criterion for Time-Delay Systems based on the Affine Bessel-Legendre Inequality]
   └ 학회: 한국정보기술학회 (IF: 0.56)"
2666,2023,전기전자공학,267124689,Won Il Lee,1,0.0,0.0,"[A Hierarchical Stability Criterion for Time-Delay Systems based on the Affine Bessel-Legendre Inequality]
   └ 학회: 한국정보기술학회 (IF: 0.56)"
2667,2023,전기전자공학,661391068,임준석,1,0.0,0.0,"[최소 자승 정준형 상호 상관을 이용한 시간 지연 추정 알고리즘]
   └ 학회: 한국정보기술학회 (IF: 0.56)"
2668,2023,전기전자공학,377242431,편용국,1,0.0,0.0,"[최소 자승 정준형 상호 상관을 이용한 시간 지연 추정 알고리즘]
   └ 학회: 한국정보기술학회 (IF: 0.56)"
2669,2023,전기전자공학,726649714,송화봉,1,0.0,0.0,"[축구선수 경기력예측 시스템 구축을 위한 유효 변수 추출에 관한 연구: 중국 프로축구리그를 중심으로]
   └ 학회: 한국정보기술학회 (IF: 0.56)"
2670,2023,전기전자공학,922159030,곽영식,1,0.0,0.0,"[축구선수 경기력예측 시스템 구축을 위한 유효 변수 추출에 관한 연구: 중국 프로축구리그를 중심으로]
   └ 학회: 한국정보기술학회 (IF: 0.56)"
2671,2023,전기전자공학,164177305,홍재원,1,0.0,0.0,"[축구선수 경기력예측 시스템 구축을 위한 유효 변수 추출에 관한 연구: 중국 프로축구리그를 중심으로]
   └ 학회: 한국정보기술학회 (IF: 0.56)"
2672,2023,전기전자공학,370431904,왕설,1,0.0,0.0,"[축구선수 경기력예측 시스템 구축을 위한 유효 변수 추출에 관한 연구: 중국 프로축구리그를 중심으로]
   └ 학회: 한국정보기술학회 (IF: 0.56)"
2673,2023,전기전자공학,717739949,이종민,1,0.0,0.0,"[선박 전기의장품 설치도면 해독을 위한 3D 학습자료 개발]
   └ 학회: 한국정보기술학회 (IF: 0.56)"
2674,2023,전기전자공학,605574081,김청월,1,0.0,0.0,"[선박 전기의장품 설치도면 해독을 위한 3D 학습자료 개발]
   └ 학회: 한국정보기술학회 (IF: 0.56)"
2675,2023,전기전자공학,696163786,이용창,1,0.0,0.0,"[All-IP 기반의 차세대 방송 제작 시스템 구축에 관한 연구]
   └ 학회: 한국정보기술학회 (IF: 0.56)"
2676,2023,전기전자공학,117128360,이정규,1,0.0,0.0,"[All-IP 기반의 차세대 방송 제작 시스템 구축에 관한 연구]
   └ 학회: 한국정보기술학회 (IF: 0.56)"
2677,2023,전기전자공학,473084985,장인식,1,0.0,0.0,"[다중 소형 로봇 시스템에서 효율적 환경 정보 융합을 위한 객체 중심 스펙트럼 매칭 기법]
   └ 학회: 한국정보기술학회 (IF: 0.56)"
2678,2023,전기전자공학,740465059,김현우,1,0.0,0.0,"[다중 소형 로봇 시스템에서 효율적 환경 정보 융합을 위한 객체 중심 스펙트럼 매칭 기법]
   └ 학회: 한국정보기술학회 (IF: 0.56)"
2679,2023,전기전자공학,882427619,김상헌,1,0.0,0.0,"[상호 정전용량 터치 방식에서 높은 SNR 특성을 갖는 AFE 설계]
   └ 학회: 한국정보기술학회 (IF: 0.56)"
2680,2023,전기전자공학,416695247,손상희,1,0.0,0.0,"[상호 정전용량 터치 방식에서 높은 SNR 특성을 갖는 AFE 설계]
   └ 학회: 한국정보기술학회 (IF: 0.56)"
2681,2023,전기전자공학,604244141,김용태,1,0.0,0.0,"[생산 현장에서 가상화 리소스 할당을 반영한 효율적인 AIoT 리소스 관리 기법]
   └ 학회: 한국정보기술학회 (IF: 0.56)"
2682,2023,전기전자공학,396922133,강철,1,0.0,0.0,"[화성지역의 화재 특성 분석을 통한 대응방안 연구]
   └ 학회: 한국정보기술학회 (IF: 0.56)"
2683,2023,전기전자공학,983549800,안태욱,1,0.0,0.0,"[IEEE 802.11ax 무선 랜에서 업링크 채널 성능 향상을 위한 동적 파라미터 제어 MAC 프로토콜]
   └ 학회: 한국정보기술학회 (IF: 0.56)"
2684,2023,전기전자공학,746862915,김선명,1,0.0,0.0,"[IEEE 802.11ax 무선 랜에서 업링크 채널 성능 향상을 위한 동적 파라미터 제어 MAC 프로토콜]
   └ 학회: 한국정보기술학회 (IF: 0.56)"
2685,2023,전기전자공학,524890421,김대영,1,0.0,0.0,"[적은 파일럿 심벌수를 갖는 IEEE 802.11p/OFDM System에서 TDA-WSUM 기반 채널추정에 관한 연구]
   └ 학회: 한국정보기술학회 (IF: 0.56)"
2686,2023,전기전자공학,865791767,허성철,1,0.0,0.0,"[적은 파일럿 심벌수를 갖는 IEEE 802.11p/OFDM System에서 TDA-WSUM 기반 채널추정에 관한 연구]
   └ 학회: 한국정보기술학회 (IF: 0.56)"
2687,2023,전기전자공학,168836433,왕한호,1,0.0,0.0,"[적은 파일럿 심벌수를 갖는 IEEE 802.11p/OFDM System에서 TDA-WSUM 기반 채널추정에 관한 연구]
   └ 학회: 한국정보기술학회 (IF: 0.56)"
2688,2023,전기전자공학,458731368,고균병,1,0.0,0.0,"[적은 파일럿 심벌수를 갖는 IEEE 802.11p/OFDM System에서 TDA-WSUM 기반 채널추정에 관한 연구]
   └ 학회: 한국정보기술학회 (IF: 0.56)"
2689,2023,전기전자공학,590281736,조정일,1,0.0,0.0,"[무선통신링크용 다중빔수신 능동위상배열 안테나 시스템 개발]
   └ 학회: 한국정보기술학회 (IF: 0.56)"
2690,2023,전기전자공학,527300140,정은태,1,0.0,0.0,"[무선통신링크용 다중빔수신 능동위상배열 안테나 시스템 개발]
   └ 학회: 한국정보기술학회 (IF: 0.56)"
2691,2023,전기전자공학,553369644,이성주,1,0.0,0.0,"[무선통신링크용 다중빔수신 능동위상배열 안테나 시스템 개발]
   └ 학회: 한국정보기술학회 (IF: 0.56)"
2692,2023,전기전자공학,599757785,황찬호,1,0.0,0.0,"[무선통신링크용 다중빔수신 능동위상배열 안테나 시스템 개발]
   └ 학회: 한국정보기술학회 (IF: 0.56)"
2693,2023,전기전자공학,526016550,주태환,1,0.0,0.0,"[무선통신링크용 다중빔수신 능동위상배열 안테나 시스템 개발]
   └ 학회: 한국정보기술학회 (IF: 0.56)"
2694,2023,전기전자공학,977519906,정재수,1,0.0,0.0,"[무선통신링크용 다중빔수신 능동위상배열 안테나 시스템 개발]
   └ 학회: 한국정보기술학회 (IF: 0.56)"
2695,2023,전기전자공학,925677,정준영,1,0.0,0.0,"[최대가능도 기반 저경사 FMICW 레이다 다중표적 탐지 알고리즘]
   └ 학회: 한국정보기술학회 (IF: 0.56)"
2696,2023,전기전자공학,374815933,김지형,1,0.0,0.0,"[최대가능도 기반 저경사 FMICW 레이다 다중표적 탐지 알고리즘]
   └ 학회: 한국정보기술학회 (IF: 0.56)"
2697,2023,전기전자공학,202578986,최정우,1,0.0,0.0,"[수소연료전지의 국가R&D과제와 소셜 데이터의 기술마이닝과 감성분석]
   └ 학회: 한국정보기술학회 (IF: 0.56)"
2698,2023,전기전자공학,614508429,우위항,1,0.0,0.0,"[텍스트 마이닝을 이용한 소셜 미디어 상의 MBTI 성격 유형별 관심 주제 차이 분석]
   └ 학회: 한국정보기술학회 (IF: 0.56)"
2699,2023,전기전자공학,568284200,남인용,1,0.0,0.0,"[텍스트 마이닝을 이용한 소셜 미디어 상의 MBTI 성격 유형별 관심 주제 차이 분석]
   └ 학회: 한국정보기술학회 (IF: 0.56)"
2700,2023,전기전자공학,380605461,이문기,1,0.0,0.0,"[텍스트 마이닝을 이용한 소셜 미디어 상의 MBTI 성격 유형별 관심 주제 차이 분석]
   └ 학회: 한국정보기술학회 (IF: 0.56)"
2701,2023,전기전자공학,972073946,문지훈,1,0.0,0.0,"[분산 딥러닝 환경에서 Straggler 문제해결을 위한 동적 워커 분류 기법]
   └ 학회: 한국정보기술학회 (IF: 0.56)"
2702,2023,전기전자공학,640993342,유헌창,1,0.0,0.0,"[분산 딥러닝 환경에서 Straggler 문제해결을 위한 동적 워커 분류 기법]
   └ 학회: 한국정보기술학회 (IF: 0.56)"
2703,2023,전기전자공학,854427603,김성석,1,0.0,0.0,"[분산 딥러닝 환경에서 Straggler 문제해결을 위한 동적 워커 분류 기법]
   └ 학회: 한국정보기술학회 (IF: 0.56)"
2704,2023,전기전자공학,399094118,김서영,1,0.0,0.0,"[해외 소재 한국 문화재의 디지털 3D 객체 데이터 확보 방법 연구]
   └ 학회: 한국정보기술학회 (IF: 0.56)"
2705,2023,전기전자공학,802386833,김덕기,1,0.0,0.0,"[에세이 창의성 점수 예측 모델을 위한 학습데이터 구축 방안]
   └ 학회: 한국정보기술학회 (IF: 0.56)"
2706,2023,전기전자공학,301297340,박승혁,1,0.0,0.0,"[에세이 창의성 점수 예측 모델을 위한 학습데이터 구축 방안]
   └ 학회: 한국정보기술학회 (IF: 0.56)"
2707,2023,전기전자공학,415748768,박상현,1,0.0,0.0,"[에세이 창의성 점수 예측 모델을 위한 학습데이터 구축 방안]
   └ 학회: 한국정보기술학회 (IF: 0.56)"
2708,2023,전기전자공학,503287801,조준영,1,0.0,0.0,"[에세이 창의성 점수 예측 모델을 위한 학습데이터 구축 방안]
   └ 학회: 한국정보기술학회 (IF: 0.56)"
2709,2023,전기전자공학,968316596,최서인,1,0.0,0.0,"[에세이 창의성 점수 예측 모델을 위한 학습데이터 구축 방안]
   └ 학회: 한국정보기술학회 (IF: 0.56)"
2710,2023,전기전자공학,640323554,이유빈,1,0.0,0.0,"[에세이 창의성 점수 예측 모델을 위한 학습데이터 구축 방안]
   └ 학회: 한국정보기술학회 (IF: 0.56)"
2711,2023,전기전자공학,685228069,이아림,1,0.0,0.0,"[영상레이다의 타이밍 제어 신호 설계 지원 프로그램]
   └ 학회: 한국정보기술학회 (IF: 0.56)"
2712,2023,전기전자공학,2163447,임종관,1,0.0,0.0,"[개인형 이동장치 2인 탑승방지용 무게센서 최적 부착위치 추정]
   └ 학회: 한국정보기술학회 (IF: 0.56)"
2713,2023,전기전자공학,303062814,갈산욘돈 아리운볼드,1,0.0,0.0,"[이중반사경용 광대역 주름형 혼 안테나 설계]
   └ 학회: 한국정보기술학회 (IF: 0.56)"
2714,2023,전기전자공학,615785061,방요한,1,0.0,0.0,"[이중반사경용 광대역 주름형 혼 안테나 설계]
   └ 학회: 한국정보기술학회 (IF: 0.56)"
2715,2023,전기전자공학,576638735,김제민,1,0.0,0.0,"[고온-광 복합 시험이 LED 패키지용 실리콘 충진재에 미치는 영향]
   └ 학회: 한국정보기술학회 (IF: 0.56)"
2716,2023,전기전자공학,968203930,백동식,1,0.0,0.0,"[잠수함 전투체계의 표적기동분석을 위한 시험환경 구현]
   └ 학회: 한국정보기술학회 (IF: 0.56)"
2717,2023,전기전자공학,512232537,김재완,1,0.0,0.0,"[잠수함 전투체계의 표적기동분석을 위한 시험환경 구현]
   └ 학회: 한국정보기술학회 (IF: 0.56)"
2718,2023,전기전자공학,452510772,임종명,1,0.0,0.0,"[잠수함 전투체계의 표적기동분석을 위한 시험환경 구현]
   └ 학회: 한국정보기술학회 (IF: 0.56)"
2719,2023,전기전자공학,288911239,서태일,1,0.0,0.0,"[잠수함 전투체계의 표적기동분석을 위한 시험환경 구현]
   └ 학회: 한국정보기술학회 (IF: 0.56)"
2720,2023,전기전자공학,758949805,김의진,1,0.0,0.0,"[잠수함 전투체계의 표적기동분석을 위한 시험환경 구현]
   └ 학회: 한국정보기술학회 (IF: 0.56)"
2721,2023,전기전자공학,747607556,최현영,1,0.0,0.0,"[철도 보안인증시스템에서 보안인증서의 실시간 유효성 검증 방법]
   └ 학회: 한국정보기술학회 (IF: 0.56)"
2722,2023,전기전자공학,437679091,박준혁,1,0.0,0.0,"[개체 유형 정보를 활용한 다차원 지식 그래프 임베딩]
   └ 학회: 한국정보기술학회 (IF: 0.56)"
2723,2023,전기전자공학,260376000,황종규,1,0.0,0.0,"[SITL 기반 열차자율주행제어 시뮬레이터를 위한 열차주행제어 모듈 설계]
   └ 학회: 한국정보기술학회 (IF: 0.56)"
2724,2023,전기전자공학,998441152,채성윤,1,0.0,0.0,"[SITL 기반 열차자율주행제어 시뮬레이터를 위한 열차주행제어 모듈 설계]
   └ 학회: 한국정보기술학회 (IF: 0.56)"
2725,2023,전기전자공학,383363298,이병훈,1,0.0,0.0,"[SITL 기반 열차자율주행제어 시뮬레이터를 위한 열차주행제어 모듈 설계]
   └ 학회: 한국정보기술학회 (IF: 0.56)"
2726,2023,전기전자공학,320773299,정락교,1,0.0,0.0,"[SITL 기반 열차자율주행제어 시뮬레이터를 위한 열차주행제어 모듈 설계]
   └ 학회: 한국정보기술학회 (IF: 0.56)"
2727,2023,전기전자공학,348363168,임길환,1,0.0,0.0,"[칼만필터를 활용한 LED 조명의 보호회로 감지 정확도 향상 방법]
   └ 학회: 한국정보기술학회 (IF: 0.56)"
2728,2023,전기전자공학,561859176,손재환,1,0.0,0.0,"[Monostatic/Bistatic/Multistatic 미세도플러 영상을 융합한 효과적인 탄도미사일 식별 연구]
   └ 학회: 한국정보기술학회 (IF: 0.56)"
2729,2023,전기전자공학,674676364,김용성,1,0.0,0.0,"[스마트 컨테이너 환경에서 BLE 신호 변화에 대한 연구]
   └ 학회: 한국정보기술학회 (IF: 0.56)"
2730,2023,전기전자공학,433638590,김효준,1,0.0,0.0,"[통신 설비 구축 및 유지보수 업무의 프로세스 개선과 데이터 축적을 위한 모바일 웹 설계]
   └ 학회: 한국정보기술학회 (IF: 0.56)"
2731,2023,전기전자공학,390158699,유철중,1,0.0,0.0,"[통신 설비 구축 및 유지보수 업무의 프로세스 개선과 데이터 축적을 위한 모바일 웹 설계]
   └ 학회: 한국정보기술학회 (IF: 0.56)"
2732,2023,전기전자공학,5120775,남윤수,1,0.0,0.0,"[버퍼 오버플로 취약점 및 변조 펌웨어를 통한 유무선 공유기 사용자 데이터 탈취]
   └ 학회: 한국정보기술학회 (IF: 0.56)"
2733,2023,전기전자공학,371272530,김민수,1,0.0,0.0,"[악의적인 네트워크 터널링 탐지를 위한 특징 비교 방법]
   └ 학회: 한국정보기술학회 (IF: 0.56)"
2734,2023,전기전자공학,261432781,강우승,1,0.0,0.0,"[SBERT 임베딩을 활용한 행렬 분해 추천 방법론]
   └ 학회: 한국정보기술학회 (IF: 0.56)"
2735,2023,전기전자공학,682182331,장동혁,1,0.0,0.0,"[근접전계 측정을 이용한 항공기용 능동위상배열(AESA) 안테나 보정방법]
   └ 학회: 한국정보기술학회 (IF: 0.56)"
2736,2023,전기전자공학,882586533,지성호,1,0.0,0.0,"[5G NR V2X 기반 센서 정보 공유 시스템 설계 및 성능 분석]
   └ 학회: 한국정보기술학회 (IF: 0.56)"
2737,2023,전기전자공학,897724645,김인환,1,0.0,0.0,"[능동위상배열 안테나의 배열면 고속 정렬에 관한 연구]
   └ 학회: 한국정보기술학회 (IF: 0.56)"
2738,2023,전기전자공학,556634631,김태형,1,0.0,0.0,"[능동위상배열 안테나의 배열면 고속 정렬에 관한 연구]
   └ 학회: 한국정보기술학회 (IF: 0.56)"
2739,2023,전기전자공학,837257081,김동혁,1,0.0,0.0,"[능동위상배열 안테나의 배열면 고속 정렬에 관한 연구]
   └ 학회: 한국정보기술학회 (IF: 0.56)"
2740,2023,전기전자공학,456717681,Jong-Kweon Park,1,0.0,0.0,"[Modified H-shaped Antenna Design for Harmonic Suppression]
   └ 학회: 한국정보기술학회 (IF: 0.56)"
2741,2023,전기전자공학,480638415,표수련,1,0.0,0.0,"[유선형 레이돔의 설계 및 구현]
   └ 학회: 한국정보기술학회 (IF: 0.56)"
2742,2023,전기전자공학,917281940,김상기,1,0.0,0.0,"[유선형 레이돔의 설계 및 구현]
   └ 학회: 한국정보기술학회 (IF: 0.56)"
2743,2023,전기전자공학,815074268,손원국,1,0.0,0.0,"[유선형 레이돔의 설계 및 구현]
   └ 학회: 한국정보기술학회 (IF: 0.56)"
2744,2023,전기전자공학,657031728,안병권,1,0.0,0.0,"[유선형 레이돔의 설계 및 구현]
   └ 학회: 한국정보기술학회 (IF: 0.56)"
2745,2023,전기전자공학,509305469,최낙현,1,0.0,0.0,"[블록체인 기반 ERC-721 Token을 사용한 Oauth 2.0 인증]
   └ 학회: 한국정보기술학회 (IF: 0.56)"
2746,2023,전기전자공학,810947419,조동우,1,0.0,0.0,"[블록체인 기반 ERC-721 Token을 사용한 Oauth 2.0 인증]
   └ 학회: 한국정보기술학회 (IF: 0.56)"
2747,2023,전기전자공학,783262002,김영윤,1,0.0,0.0,"[LV4/4+ 자율주행 자동차 개발을 위한 HMI의 가시성 및 요소 인지에 관한 연구]
   └ 학회: 한국정보기술학회 (IF: 0.56)"
2748,2023,전기전자공학,641875777,이혁수,1,0.0,0.0,"[LV4/4+ 자율주행 자동차 개발을 위한 HMI의 가시성 및 요소 인지에 관한 연구]
   └ 학회: 한국정보기술학회 (IF: 0.56)"
2749,2023,전기전자공학,801102541,성시일,1,0.0,0.0,"[정보과학기술의 발전에 따른 국방 분야 활용방안 고찰 - 통합체계지원과 상태 기반 정비 플러스 기법의 적용 관점에서]
   └ 학회: 한국정보기술학회 (IF: 0.56)"
2750,2023,전기전자공학,613870608,서상,1,0.0,0.0,"[뉴스페이스 사이버 보안을 위한 위협 모델링 기술의 활용]
   └ 학회: 한국정보기술학회 (IF: 0.56)"
2751,2023,전기전자공학,123854935,이다인,1,0.0,0.0,"[접촉력 향상을 위한 링크타입 로봇 핸드]
   └ 학회: 한국지능시스템학회 (IF: 0.56)"
2752,2023,전기전자공학,763273214,김장섭,1,0.0,0.0,"[접촉력 향상을 위한 링크타입 로봇 핸드]
   └ 학회: 한국지능시스템학회 (IF: 0.56)"
2753,2023,전기전자공학,786671972,한혜주,1,0.0,0.0,"[Deep SHAP을 통한 Shapley value의 노이즈 강건성 분석]
   └ 학회: 한국지능시스템학회 (IF: 0.56)"
2754,2023,전기전자공학,430230304,김연수,1,0.0,0.0,"[Deep SHAP을 통한 Shapley value의 노이즈 강건성 분석]
   └ 학회: 한국지능시스템학회 (IF: 0.56)"
2755,2023,전기전자공학,443677649,심재원,1,0.0,0.0,"[Deep SHAP을 통한 Shapley value의 노이즈 강건성 분석]
   └ 학회: 한국지능시스템학회 (IF: 0.56)"
2756,2023,전기전자공학,448766980,전성해,1,0.0,0.0,"[행렬 인수분해와 베이지안 모델링을 이용한 텍스트 데이터 분석]
   └ 학회: 한국지능시스템학회 (IF: 0.56)"
2757,2023,전기전자공학,256879885,Manal Ouzaz,1,0.0,0.0,"[Fuzzy Observer Design for State and Fault Estimation for Takagi-Sugeno Implicit Models]
   └ 학회: 한국지능시스템학회 (IF: 0.56)"
2758,2023,전기전자공학,777440072,Abdellatif El Assoudi,1,0.0,0.0,"[Fuzzy Observer Design for State and Fault Estimation for Takagi-Sugeno Implicit Models]
   └ 학회: 한국지능시스템학회 (IF: 0.56)"
2759,2023,전기전자공학,132271486,El Hassane El Yaagoubi,1,0.0,0.0,"[Fuzzy Observer Design for State and Fault Estimation for Takagi-Sugeno Implicit Models]
   └ 학회: 한국지능시스템학회 (IF: 0.56)"
2760,2023,전기전자공학,492813445,Hamzeh Zureigat,1,0.0,0.0,"[Numerical Solution of Fuzzy Heat Equation with Complex Dirichlet Conditions]
   └ 학회: 한국지능시스템학회 (IF: 0.56)"
2761,2023,전기전자공학,249611487,Abd Ulazeez Alkouri,1,0.0,0.0,"[Numerical Solution of Fuzzy Heat Equation with Complex Dirichlet Conditions]
   └ 학회: 한국지능시스템학회 (IF: 0.56)"
2762,2023,전기전자공학,660370592,Areen Al-khateeb,1,0.0,0.0,"[Numerical Solution of Fuzzy Heat Equation with Complex Dirichlet Conditions]
   └ 학회: 한국지능시스템학회 (IF: 0.56)"
2763,2023,전기전자공학,398187420,Eman Abuteen,1,0.0,0.0,"[Numerical Solution of Fuzzy Heat Equation with Complex Dirichlet Conditions]
   └ 학회: 한국지능시스템학회 (IF: 0.56)"
2764,2023,전기전자공학,830815727,Sana Abu-Ghurra,1,0.0,0.0,"[Numerical Solution of Fuzzy Heat Equation with Complex Dirichlet Conditions]
   └ 학회: 한국지능시스템학회 (IF: 0.56)"
2765,2023,전기전자공학,623210828,Iffat Jahan,1,0.0,0.0,"[An Application of Maximality to Nilpotent and Finitely Generated L-Subgroups of an L-Group]
   └ 학회: 한국지능시스템학회 (IF: 0.56)"
2766,2023,전기전자공학,142222657,Ananya Manas,1,0.0,0.0,"[An Application of Maximality to Nilpotent and Finitely Generated L-Subgroups of an L-Group]
   └ 학회: 한국지능시스템학회 (IF: 0.56)"
2767,2023,전기전자공학,719888303,T. Yogashanthi,1,0.0,0.0,"[Generalized Intuitionistic Fuzzy Flow Shop Scheduling Problem with Setup Time and Single Transport Facility]
   └ 학회: 한국지능시스템학회 (IF: 0.56)"
2768,2023,전기전자공학,994165011,Shakeela Sathish,1,0.0,0.0,"[Generalized Intuitionistic Fuzzy Flow Shop Scheduling Problem with Setup Time and Single Transport Facility]
   └ 학회: 한국지능시스템학회 (IF: 0.56)"
2769,2023,전기전자공학,354408838,K. Ganesan,1,0.0,0.0,"[Generalized Intuitionistic Fuzzy Flow Shop Scheduling Problem with Setup Time and Single Transport Facility]
   └ 학회: 한국지능시스템학회 (IF: 0.56)"
2770,2023,전기전자공학,274069670,Seyyed Hamed Abtahi,1,0.0,0.0,"[Uncertain Random Portfolio Optimization Based on Skew Chance Distribution]
   └ 학회: 한국지능시스템학회 (IF: 0.56)"
2771,2023,전기전자공학,434549458,Akarachai Satirad,1,0.0,0.0,"[Pythagorean Fuzzy Implicative/Comparative/Shift UP-Filters of UP-Algebras with Approximations]
   └ 학회: 한국지능시스템학회 (IF: 0.56)"
2772,2023,전기전자공학,740502861,Ronnason Chinram,1,0.0,0.0,"[Pythagorean Fuzzy Implicative/Comparative/Shift UP-Filters of UP-Algebras with Approximations]
   └ 학회: 한국지능시스템학회 (IF: 0.56)"
2773,2023,전기전자공학,982971033,Pongpun Julath,1,0.0,0.0,"[Pythagorean Fuzzy Implicative/Comparative/Shift UP-Filters of UP-Algebras with Approximations]
   └ 학회: 한국지능시스템학회 (IF: 0.56)"
2774,2023,전기전자공학,507079700,K. Kalaiarasi,1,0.0,0.0,"[Conormal Product for Intutionistic Anti-Fuzzy Graphs]
   └ 학회: 한국지능시스템학회 (IF: 0.56)"
2775,2023,전기전자공학,980172264,L. Mahalakshmi,1,0.0,0.0,"[Conormal Product for Intutionistic Anti-Fuzzy Graphs]
   └ 학회: 한국지능시스템학회 (IF: 0.56)"
2776,2023,전기전자공학,456618272,Nasreen Kausar,1,0.0,0.0,"[Conormal Product for Intutionistic Anti-Fuzzy Graphs]
   └ 학회: 한국지능시스템학회 (IF: 0.56)"
2777,2023,전기전자공학,193688052,A. B. M. Saiful Islam,1,0.0,0.0,"[Conormal Product for Intutionistic Anti-Fuzzy Graphs]
   └ 학회: 한국지능시스템학회 (IF: 0.56)"
2778,2023,전기전자공학,799939567,Babita Chaini,1,0.0,0.0,"[Type-2 Fuzzy Stochastic Transportation Problem with Gamma Distribution]
   └ 학회: 한국지능시스템학회 (IF: 0.56)"
2779,2023,전기전자공학,477613505,Narmada Ranarahu,1,0.0,0.0,"[Type-2 Fuzzy Stochastic Transportation Problem with Gamma Distribution]
   └ 학회: 한국지능시스템학회 (IF: 0.56)"
2780,2023,전기전자공학,222099104,김미영,1,0.0,0.0,"[미래 삶의 만족도에 대한 연구 (긍정심리학과 도형심리를 중심으로)]
   └ 학회: 한국지능시스템학회 (IF: 0.56)"
2781,2023,전기전자공학,235973637,이난희,1,0.0,0.0,"[미래 삶의 만족도에 대한 연구 (긍정심리학과 도형심리를 중심으로)]
   └ 학회: 한국지능시스템학회 (IF: 0.56)"
2782,2023,전기전자공학,428156111,최승회,1,0.0,0.0,"[미래 삶의 만족도에 대한 연구 (긍정심리학과 도형심리를 중심으로)]
   └ 학회: 한국지능시스템학회 (IF: 0.56)"
2783,2023,전기전자공학,743016351,김성주,1,0.0,0.0,"[수평유지 플랫폼을 위한 퍼지 제어기 설계]
   └ 학회: 한국지능시스템학회 (IF: 0.56)"
2784,2023,전기전자공학,396505790,채범석,1,0.0,0.0,"[시계열 예측 모델을 이용한 식물생장 환경에서의 LED 수명예측 방안]
   └ 학회: 한국지능시스템학회 (IF: 0.56)"
2785,2023,전기전자공학,310335494,김영진,1,0.0,0.0,"[시계열 예측 모델을 이용한 식물생장 환경에서의 LED 수명예측 방안]
   └ 학회: 한국지능시스템학회 (IF: 0.56)"
2786,2023,전기전자공학,257473,김형진,1,0.0,0.0,"[시계열 예측 모델을 이용한 식물생장 환경에서의 LED 수명예측 방안]
   └ 학회: 한국지능시스템학회 (IF: 0.56)"
2787,2023,전기전자공학,826753599,Peddarapu Rama Krishna,1,0.0,0.0,"[Improved Swarm Intelligence Optimization Model with Mutual Information Estimation for Feature Selection in Microarray Bioinformatics Datasets for Diseases Diagnosis]
   └ 학회: 한국지능시스템학회 (IF: 0.56)"
2788,2023,전기전자공학,539168738,Pothuraju Rajarajeswari,1,0.0,0.0,"[Improved Swarm Intelligence Optimization Model with Mutual Information Estimation for Feature Selection in Microarray Bioinformatics Datasets for Diseases Diagnosis]
   └ 학회: 한국지능시스템학회 (IF: 0.56)"
2789,2023,전기전자공학,389953119,A. Naresh Kumar,1,0.0,0.0,"[Fuzzy Location Algorithm for Cross-Country and Evolving Faults in EHV Transmission Line]
   └ 학회: 한국지능시스템학회 (IF: 0.56)"
2790,2023,전기전자공학,990961507,M. Chakravarthy,1,0.0,0.0,"[Fuzzy Location Algorithm for Cross-Country and Evolving Faults in EHV Transmission Line]
   └ 학회: 한국지능시스템학회 (IF: 0.56)"
2791,2023,전기전자공학,243359274,M. Suresh Kumar,1,0.0,0.0,"[Fuzzy Location Algorithm for Cross-Country and Evolving Faults in EHV Transmission Line]
   └ 학회: 한국지능시스템학회 (IF: 0.56)"
2792,2023,전기전자공학,581977815,M. Nagaraju,1,0.0,0.0,"[Fuzzy Location Algorithm for Cross-Country and Evolving Faults in EHV Transmission Line]
   └ 학회: 한국지능시스템학회 (IF: 0.56)"
2793,2023,전기전자공학,634688695,M. Ramesha,1,0.0,0.0,"[Fuzzy Location Algorithm for Cross-Country and Evolving Faults in EHV Transmission Line]
   └ 학회: 한국지능시스템학회 (IF: 0.56)"
2794,2023,전기전자공학,136491132,Bharathi Gururaj,1,0.0,0.0,"[Fuzzy Location Algorithm for Cross-Country and Evolving Faults in EHV Transmission Line]
   └ 학회: 한국지능시스템학회 (IF: 0.56)"
2795,2023,전기전자공학,758588962,Elemasetty Uday Kiran,1,0.0,0.0,"[Fuzzy Location Algorithm for Cross-Country and Evolving Faults in EHV Transmission Line]
   └ 학회: 한국지능시스템학회 (IF: 0.56)"
2796,2023,전기전자공학,632093456,Mediana Aryuni,1,0.0,0.0,"[Imbalanced Learning in Heart Disease Categorization: Improving Minority Class Prediction Accuracy Using the SMOTE Algorithm]
   └ 학회: 한국지능시스템학회 (IF: 0.56)"
2797,2023,전기전자공학,732633378,Suko Adiarto,1,0.0,0.0,"[Imbalanced Learning in Heart Disease Categorization: Improving Minority Class Prediction Accuracy Using the SMOTE Algorithm]
   └ 학회: 한국지능시스템학회 (IF: 0.56)"
2798,2023,전기전자공학,175243998,Eka Miranda,1,0.0,0.0,"[Imbalanced Learning in Heart Disease Categorization: Improving Minority Class Prediction Accuracy Using the SMOTE Algorithm]
   └ 학회: 한국지능시스템학회 (IF: 0.56)"
2799,2023,전기전자공학,827630532,Evaristus Didik Madyatmadja,1,0.0,0.0,"[Imbalanced Learning in Heart Disease Categorization: Improving Minority Class Prediction Accuracy Using the SMOTE Algorithm]
   └ 학회: 한국지능시스템학회 (IF: 0.56)"
2800,2023,전기전자공학,324292452,Albert Verasius Dian Sano,1,0.0,0.0,"[Imbalanced Learning in Heart Disease Categorization: Improving Minority Class Prediction Accuracy Using the SMOTE Algorithm]
   └ 학회: 한국지능시스템학회 (IF: 0.56)"
2801,2023,전기전자공학,477234191,Elvin Sestomi,1,0.0,0.0,"[Imbalanced Learning in Heart Disease Categorization: Improving Minority Class Prediction Accuracy Using the SMOTE Algorithm]
   └ 학회: 한국지능시스템학회 (IF: 0.56)"
2802,2023,전기전자공학,589685842,N. B. Gnanachristy,1,0.0,0.0,"[Application of Pythagorean Fuzzy G* Compact Space to Identify the Preferred City to Live in India]
   └ 학회: 한국지능시스템학회 (IF: 0.56)"
2803,2023,전기전자공학,402994169,G. K. Revathi,1,0.0,0.0,"[Application of Pythagorean Fuzzy G* Compact Space to Identify the Preferred City to Live in India]
   └ 학회: 한국지능시스템학회 (IF: 0.56)"
2804,2023,전기전자공학,279420005,Radwan Abu-Gdairi,1,0.0,0.0,"[On Fuzzy Point Applications of Fuzzy Topological Spaces]
   └ 학회: 한국지능시스템학회 (IF: 0.56)"
2805,2023,전기전자공학,588983880,Arafa A. Nasef,1,0.0,0.0,"[On Fuzzy Point Applications of Fuzzy Topological Spaces]
   └ 학회: 한국지능시스템학회 (IF: 0.56)"
2806,2023,전기전자공학,221487696,Mostafa A. El-Gayar,1,0.0,0.0,"[On Fuzzy Point Applications of Fuzzy Topological Spaces]
   └ 학회: 한국지능시스템학회 (IF: 0.56)"
2807,2023,전기전자공학,599246271,Mostafa K. El-Bably,1,0.0,0.0,"[On Fuzzy Point Applications of Fuzzy Topological Spaces]
   └ 학회: 한국지능시스템학회 (IF: 0.56)"
2808,2023,전기전자공학,886490391,Diptiranjan Behera,1,0.0,0.0,"[Linear Combination-Based Approach for Solving Imprecisely Defined Algebraic Systems of Linear Equations under Fuzzy Uncertainty]
   └ 학회: 한국지능시스템학회 (IF: 0.56)"
2809,2023,전기전자공학,826784746,Samer Al Ghour,1,0.0,0.0,"[Soft ωb-Openness and Soft b-Lindelofness]
   └ 학회: 한국지능시스템학회 (IF: 0.56)"
2810,2023,전기전자공학,270777784,Shawkat Alkhazaleh,1,0.0,0.0,"[Effective Fuzzy Soft Expert Set Theory and Its Applications]
   └ 학회: 한국지능시스템학회 (IF: 0.56)"
2811,2023,전기전자공학,806110084,Emadeddin Beshtawi,1,0.0,0.0,"[Effective Fuzzy Soft Expert Set Theory and Its Applications]
   └ 학회: 한국지능시스템학회 (IF: 0.56)"
2812,2023,전기전자공학,656316271,Mohammed Abu Saleem,1,0.0,0.0,"[Soft Topological Folding on the Product of Soft Manifolds and Its Soft Fundamental Group]
   └ 학회: 한국지능시스템학회 (IF: 0.56)"
2813,2023,전기전자공학,645844800,강기천,1,0.0,0.0,"[시각장애인을 위한 RF센서 기반 실내 안내 로봇 개발]
   └ 학회: 한국지능시스템학회 (IF: 0.56)"
2814,2023,전기전자공학,669601354,박수빈,1,0.0,0.0,"[시각장애인을 위한 RF센서 기반 실내 안내 로봇 개발]
   └ 학회: 한국지능시스템학회 (IF: 0.56)"
2815,2023,전기전자공학,318984210,구지희,1,0.0,0.0,"[시각장애인을 위한 RF센서 기반 실내 안내 로봇 개발]
   └ 학회: 한국지능시스템학회 (IF: 0.56)"
2816,2023,전기전자공학,417309496,김선형,1,0.0,0.0,"[시각장애인을 위한 RF센서 기반 실내 안내 로봇 개발]
   └ 학회: 한국지능시스템학회 (IF: 0.56)"
2817,2023,전기전자공학,205706696,이상철,1,0.0,0.0,"[시각장애인을 위한 RF센서 기반 실내 안내 로봇 개발]
   └ 학회: 한국지능시스템학회 (IF: 0.56)"
2818,2023,전기전자공학,701502274,최영림,1,0.0,0.0,"[윤리적 의사결정 시스템 기반 노인 건강 돌봄 로봇 개발]
   └ 학회: 한국지능시스템학회 (IF: 0.56)"
2819,2023,전기전자공학,758248621,정상현,1,0.0,0.0,"[윤리적 의사결정 시스템 기반 노인 건강 돌봄 로봇 개발]
   └ 학회: 한국지능시스템학회 (IF: 0.56)"
2820,2023,전기전자공학,599848278,Hyun-Mee Kim,1,0.0,0.0,"[A note on interval-valued generalized fuzzy integral representation]
   └ 학회: 한국지능시스템학회 (IF: 0.56)"
2821,2023,전기전자공학,361517629,김용수,1,0.0,0.0,"[합성곱 신경 회로망 모델을 활용한 흑색종 피부암 진단]
   └ 학회: 한국지능시스템학회 (IF: 0.56)"
2822,2023,전기전자공학,455967397,조우성,1,0.0,0.0,"[합성곱 신경 회로망 모델을 활용한 흑색종 피부암 진단]
   └ 학회: 한국지능시스템학회 (IF: 0.56)"
2823,2023,전기전자공학,205621434,오승민,1,0.0,0.0,"[합성곱 신경 회로망 모델을 활용한 흑색종 피부암 진단]
   └ 학회: 한국지능시스템학회 (IF: 0.56)"
2824,2023,전기전자공학,839266452,조효은,1,0.0,0.0,"[합성곱 신경 회로망 모델을 활용한 흑색종 피부암 진단]
   └ 학회: 한국지능시스템학회 (IF: 0.56)"
2825,2023,전기전자공학,513228641,백용선,1,0.0,0.0,"[합성곱 신경 회로망 모델을 활용한 흑색종 피부암 진단]
   └ 학회: 한국지능시스템학회 (IF: 0.56)"
2826,2023,전기전자공학,784464370,정재원,1,0.0,0.0,"[부스팅 알고리즘을 사용한 폐플라스틱 데이터 패턴 분류기의 비교연구]
   └ 학회: 한국지능시스템학회 (IF: 0.56)"
2827,2023,전기전자공학,499348458,유재웅,1,0.0,0.0,"[의존 관계 정보가 사건 관계 추출에 미치는 영향]
   └ 학회: 한국지능시스템학회 (IF: 0.56)"
2828,2023,전기전자공학,443796099,정동렬,1,0.0,0.0,"[의존 관계 정보가 사건 관계 추출에 미치는 영향]
   └ 학회: 한국지능시스템학회 (IF: 0.56)"
2829,2023,전기전자공학,242446856,오승택,1,0.0,0.0,"[의존 관계 정보가 사건 관계 추출에 미치는 영향]
   └ 학회: 한국지능시스템학회 (IF: 0.56)"
2830,2023,전기전자공학,215206595,이미라,1,0.0,0.0,"[의존 관계 정보가 사건 관계 추출에 미치는 영향]
   └ 학회: 한국지능시스템학회 (IF: 0.56)"
2831,2023,전기전자공학,849878167,정혜동,1,0.0,0.0,"[의존 관계 정보가 사건 관계 추출에 미치는 영향]
   └ 학회: 한국지능시스템학회 (IF: 0.56)"
2832,2023,전기전자공학,924996616,정희영,1,0.0,0.0,"[지식 그래프와 설명가능 인공지능 기반 사이버 범죄 수사를 위한 지능형 의사결정 지원 시스템]
   └ 학회: 한국지능시스템학회 (IF: 0.56)"
2833,2023,전기전자공학,175177591,한명묵,1,0.0,0.0,"[지식 그래프와 설명가능 인공지능 기반 사이버 범죄 수사를 위한 지능형 의사결정 지원 시스템]
   └ 학회: 한국지능시스템학회 (IF: 0.56)"
2834,2023,전기전자공학,1550924,정병국,1,0.0,0.0,"[부분방전 및 폐플라스틱 신호 데이터를 위한 앙상블 CNN 분류기 설계]
   └ 학회: 한국지능시스템학회 (IF: 0.56)"
2835,2023,전기전자공학,934003596,김도엽,1,0.0,0.0,"[IoT 센서 네트워크에서 SWIPT 스케줄링에 관한 연구]
   └ 학회: 한국지능시스템학회 (IF: 0.56)"
2836,2023,전기전자공학,736708935,황연우,1,0.0,0.0,"[임베디드 환경에서 SSD MobileNet V2 및 Deep SORT 기반 객체 추적을 이용한 피플 카운터]
   └ 학회: 한국지능시스템학회 (IF: 0.56)"
2837,2023,전기전자공학,264509783,기재원,1,0.0,0.0,"[임베디드 환경에서 SSD MobileNet V2 및 Deep SORT 기반 객체 추적을 이용한 피플 카운터]
   └ 학회: 한국지능시스템학회 (IF: 0.56)"
2838,2023,전기전자공학,198411311,Nguyen Quoc Toan,1,0.0,0.0,"[임베디드 환경에서 SSD MobileNet V2 및 Deep SORT 기반 객체 추적을 이용한 피플 카운터]
   └ 학회: 한국지능시스템학회 (IF: 0.56)"
2839,2023,전기전자공학,226072529,To Xuan Dung,1,0.0,0.0,"[임베디드 환경에서 SSD MobileNet V2 및 Deep SORT 기반 객체 추적을 이용한 피플 카운터]
   └ 학회: 한국지능시스템학회 (IF: 0.56)"
2840,2023,전기전자공학,530964599,Nhu Van Lang,1,0.0,0.0,"[임베디드 환경에서 SSD MobileNet V2 및 Deep SORT 기반 객체 추적을 이용한 피플 카운터]
   └ 학회: 한국지능시스템학회 (IF: 0.56)"
2841,2023,전기전자공학,866526516,Nguyen Minh Nguyen,1,0.0,0.0,"[임베디드 환경에서 SSD MobileNet V2 및 Deep SORT 기반 객체 추적을 이용한 피플 카운터]
   └ 학회: 한국지능시스템학회 (IF: 0.56)"
2842,2023,전기전자공학,741577002,이기성,1,0.0,0.0,"[임베디드 환경에서 SSD MobileNet V2 및 Deep SORT 기반 객체 추적을 이용한 피플 카운터]
   └ 학회: 한국지능시스템학회 (IF: 0.56)"
2843,2023,전기전자공학,875392335,우예림,1,0.0,0.0,"[데이터기반행정 활성화를 위한 조달 물품 가격 예측에 관한 연구]
   └ 학회: 한국지능시스템학회 (IF: 0.56)"
2844,2023,전기전자공학,204536540,이주현,1,0.0,0.0,"[데이터기반행정 활성화를 위한 조달 물품 가격 예측에 관한 연구]
   └ 학회: 한국지능시스템학회 (IF: 0.56)"
2845,2023,전기전자공학,744896592,Changwon Baek,1,0.0,0.0,"[Online Unstructured Data Analysis Models with KoBERT and Word2vec: A Study on Sentiment Analysis of Public Opinion in Korean]
   └ 학회: 한국지능시스템학회 (IF: 0.56)"
2846,2023,전기전자공학,338140695,강지호,1,0.0,0.0,"[Online Unstructured Data Analysis Models with KoBERT and Word2vec: A Study on Sentiment Analysis of Public Opinion in Korean]
   └ 학회: 한국지능시스템학회 (IF: 0.56)"
2847,2023,전기전자공학,841300701,SangSoo Choi,1,0.0,0.0,"[Online Unstructured Data Analysis Models with KoBERT and Word2vec: A Study on Sentiment Analysis of Public Opinion in Korean]
   └ 학회: 한국지능시스템학회 (IF: 0.56)"
2848,2023,전기전자공학,844654316,JunTak Lee,1,0.0,0.0,"[Clearance-Based Performance-Efficient Path Planning Using Generalized Voronoi Diagram]
   └ 학회: 한국지능시스템학회 (IF: 0.56)"
2849,2023,전기전자공학,427628667,강태원,1,0.0,0.0,"[Clearance-Based Performance-Efficient Path Planning Using Generalized Voronoi Diagram]
   └ 학회: 한국지능시스템학회 (IF: 0.56)"
2850,2023,전기전자공학,394158858,Yong-Sik Choi,1,0.0,0.0,"[Clearance-Based Performance-Efficient Path Planning Using Generalized Voronoi Diagram]
   └ 학회: 한국지능시스템학회 (IF: 0.56)"
2851,2023,전기전자공학,921138054,정진우,1,0.0,0.0,"[Clearance-Based Performance-Efficient Path Planning Using Generalized Voronoi Diagram]
   └ 학회: 한국지능시스템학회 (IF: 0.56)"
2852,2023,전기전자공학,288725135,Faiz Muhammad Khan,1,0.0,0.0,"[Complex Fuzzy Rough Aggregation Operators and their Applications in EDAS for Multi-Criteria Group Decision-Making]
   └ 학회: 한국지능시스템학회 (IF: 0.56)"
2853,2023,전기전자공학,744234393,Naila Bibi,1,0.0,0.0,"[Complex Fuzzy Rough Aggregation Operators and their Applications in EDAS for Multi-Criteria Group Decision-Making]
   └ 학회: 한국지능시스템학회 (IF: 0.56)"
2854,2023,전기전자공학,420164351,Saleem Abdullah,1,0.0,0.0,"[Complex Fuzzy Rough Aggregation Operators and their Applications in EDAS for Multi-Criteria Group Decision-Making]
   └ 학회: 한국지능시스템학회 (IF: 0.56)"
2855,2023,전기전자공학,348080490,Azmat Ullah,1,0.0,0.0,"[Complex Fuzzy Rough Aggregation Operators and their Applications in EDAS for Multi-Criteria Group Decision-Making]
   └ 학회: 한국지능시스템학회 (IF: 0.56)"
2856,2023,전기전자공학,347033311,Thiti Gaketem,1,0.0,0.0,"[Bipolar Fuzzy Shift UP-Filters]
   └ 학회: 한국지능시스템학회 (IF: 0.56)"
2857,2023,전기전자공학,170770062,Pannawit Khamrot,1,0.0,0.0,"[Bipolar Fuzzy Shift UP-Filters]
   └ 학회: 한국지능시스템학회 (IF: 0.56)"
2858,2023,전기전자공학,457256114,Pongpun Julatha,1,0.0,0.0,"[Bipolar Fuzzy Shift UP-Filters]
   └ 학회: 한국지능시스템학회 (IF: 0.56)"
2859,2023,전기전자공학,249584539,Rukchart Prasertpong,1,0.0,0.0,"[Bipolar Fuzzy Shift UP-Filters]
   └ 학회: 한국지능시스템학회 (IF: 0.56)"
2860,2023,전기전자공학,320821804,Yeon Seok Eom,1,0.0,0.0,"[Four Types of Generalized Fuzzy Continuous Mappings]
   └ 학회: 한국지능시스템학회 (IF: 0.56)"
2861,2023,전기전자공학,632940464,Sang Min Yun,1,0.0,0.0,"[Four Types of Generalized Fuzzy Continuous Mappings]
   └ 학회: 한국지능시스템학회 (IF: 0.56)"
2862,2023,전기전자공학,637462966,Seok Jong Lee,1,0.0,0.0,"[Four Types of Generalized Fuzzy Continuous Mappings]
   └ 학회: 한국지능시스템학회 (IF: 0.56)"
2863,2023,전기전자공학,975125834,Mitali Routaray,1,0.0,0.0,"[Study on Fuzzy ℑ<SUP>*</SUP>-Structure Compact-Open Topology]
   └ 학회: 한국지능시스템학회 (IF: 0.56)"
2864,2023,전기전자공학,778741476,Prakash Kumar Sahu,1,0.0,0.0,"[Study on Fuzzy ℑ<SUP>*</SUP>-Structure Compact-Open Topology]
   └ 학회: 한국지능시스템학회 (IF: 0.56)"
2865,2023,전기전자공학,708424505,Sunima Naik,1,0.0,0.0,"[Study on Fuzzy ℑ<SUP>*</SUP>-Structure Compact-Open Topology]
   └ 학회: 한국지능시스템학회 (IF: 0.56)"
2866,2023,전기전자공학,774566620,Zahra Roohanizadeh,1,0.0,0.0,"[(α₁, α₂)-Cut Sets of Reliability Measures in Moore and Bilikam Lifetime Family Using the Generalized Intuitionistic Fuzzy Numbers]
   └ 학회: 한국지능시스템학회 (IF: 0.56)"
2867,2023,전기전자공학,842566497,Ezzatallah Baloui Jamkhaneh,1,0.0,0.0,"[(α₁, α₂)-Cut Sets of Reliability Measures in Moore and Bilikam Lifetime Family Using the Generalized Intuitionistic Fuzzy Numbers]
   └ 학회: 한국지능시스템학회 (IF: 0.56)"
2868,2023,전기전자공학,429384943,Einolah Deiri,1,0.0,0.0,"[(α₁, α₂)-Cut Sets of Reliability Measures in Moore and Bilikam Lifetime Family Using the Generalized Intuitionistic Fuzzy Numbers]
   └ 학회: 한국지능시스템학회 (IF: 0.56)"
2869,2023,전기전자공학,214921845,Sultan H. Almotiri,1,0.0,0.0,"[Analytic Review of Healthcare Software by Using Quantum Computing Security Techniques]
   └ 학회: 한국지능시스템학회 (IF: 0.56)"
2870,2023,전기전자공학,327265179,Mohd Nadeem,1,0.0,0.0,"[Analytic Review of Healthcare Software by Using Quantum Computing Security Techniques]
   └ 학회: 한국지능시스템학회 (IF: 0.56)"
2871,2023,전기전자공학,862636697,Mohammed A. Al Ghamdi,1,0.0,0.0,"[Analytic Review of Healthcare Software by Using Quantum Computing Security Techniques]
   └ 학회: 한국지능시스템학회 (IF: 0.56)"
2872,2023,전기전자공학,209387045,Raees Ahmad Khan,1,0.0,0.0,"[Analytic Review of Healthcare Software by Using Quantum Computing Security Techniques]
   └ 학회: 한국지능시스템학회 (IF: 0.56)"
2873,2023,전기전자공학,630460986,Chayan Bhatt,1,0.0,0.0,"[Hybrid Metaheuristic Technique for Optimization of Virtual Machine Placement in Cloud]
   └ 학회: 한국지능시스템학회 (IF: 0.56)"
2874,2023,전기전자공학,780502836,Sunita Singhal,1,0.0,0.0,"[Hybrid Metaheuristic Technique for Optimization of Virtual Machine Placement in Cloud]
   └ 학회: 한국지능시스템학회 (IF: 0.56)"
2875,2023,전기전자공학,730107743,Alhanouf Alburaikan,1,0.0,0.0,"[Toward Multi-Objective Optimization Approach for Solving Cooperative Continuous Static Games under Fuzzy Environment]
   └ 학회: 한국지능시스템학회 (IF: 0.56)"
2876,2023,전기전자공학,863544833,Hamiden Abd El-Wahed Khalifa,1,0.0,0.0,"[Toward Multi-Objective Optimization Approach for Solving Cooperative Continuous Static Games under Fuzzy Environment]
   └ 학회: 한국지능시스템학회 (IF: 0.56)"
2877,2023,전기전자공학,859426728,Muhammad Saeed,1,0.0,0.0,"[Toward Multi-Objective Optimization Approach for Solving Cooperative Continuous Static Games under Fuzzy Environment]
   └ 학회: 한국지능시스템학회 (IF: 0.56)"
2878,2023,전기전자공학,586079292,정승환,1,0.0,0.0,"[PCA와 Bi-LSTM을 이용한 유동층 보일러의 잔여수명 예측 방법]
   └ 학회: 한국지능시스템학회 (IF: 0.56)"
2879,2023,전기전자공학,648869864,박창희,1,0.0,0.0,"[자율 운항을 위한 U-Net 기반의 deblurring 안정성 연구]
   └ 학회: 한국지능시스템학회 (IF: 0.56)"
2880,2023,전기전자공학,924117825,Pok-Son Kim,1,0.0,0.0,"[On Parity of Expressivity: A Comparative Study of RSV and RCPSV as Logic-Based Scheduling Languages]
   └ 학회: 한국지능시스템학회 (IF: 0.56)"
2881,2023,전기전자공학,849795711,한유진,1,0.0,0.0,"[경로 분산 최소화 군집 알고리즘에 대한 연구]
   └ 학회: 한국지능시스템학회 (IF: 0.56)"
2882,2023,전기전자공학,404592400,김승환,1,0.0,0.0,"[경로 분산 최소화 군집 알고리즘에 대한 연구]
   └ 학회: 한국지능시스템학회 (IF: 0.56)"
2883,2023,전기전자공학,235483088,문기영,1,0.0,0.0,"[해양 안전관리를 위한 복수 인과관계의 클래스 불균형 해소 및 키워드 네트워크]
   └ 학회: 한국지능시스템학회 (IF: 0.56)"
2884,2023,전기전자공학,711471710,김병호,1,0.0,0.0,"[종형의 활성 함수를 사용한 인공 신경망의 학습 효과]
   └ 학회: 한국지능시스템학회 (IF: 0.56)"
2885,2023,전기전자공학,623312010,원성욱,1,0.0,0.0,"[로커-보기 구조의 과일 수확 로봇 설계에 관한 연구]
   └ 학회: 한국지능시스템학회 (IF: 0.56)"
2886,2023,전기전자공학,405541812,최선민,1,0.0,0.0,"[로커-보기 구조의 과일 수확 로봇 설계에 관한 연구]
   └ 학회: 한국지능시스템학회 (IF: 0.56)"
2887,2023,전기전자공학,932782655,이현아,1,0.0,0.0,"[로커-보기 구조의 과일 수확 로봇 설계에 관한 연구]
   └ 학회: 한국지능시스템학회 (IF: 0.56)"
2888,2023,전기전자공학,315117534,이종은,1,0.0,0.0,"[키워드 기반 다크웹과 표면웹 텍스트 관계 연구]
   └ 학회: 한국지능시스템학회 (IF: 0.56)"
2889,2023,전기전자공학,374650997,한명목,1,0.0,0.0,"[키워드 기반 다크웹과 표면웹 텍스트 관계 연구]
   └ 학회: 한국지능시스템학회 (IF: 0.56)"
2890,2023,전기전자공학,565951211,조태호,1,0.0,0.0,"[고속 이동체 위치추정을 위한 TDOA/FDOA 결합 알고리즘]
   └ 학회: 한국지능시스템학회 (IF: 0.56)"
2891,2023,전기전자공학,345817039,박종환,1,0.0,0.0,"[고속 이동체 위치추정을 위한 TDOA/FDOA 결합 알고리즘]
   └ 학회: 한국지능시스템학회 (IF: 0.56)"
2892,2023,전기전자공학,168503062,황석승,1,0.0,0.0,"[고속 이동체 위치추정을 위한 TDOA/FDOA 결합 알고리즘]
   └ 학회: 한국지능시스템학회 (IF: 0.56)"
2893,2023,전기전자공학,808093278,Dae Jong Kim,1,0.0,0.0,"[Fuzzy Moderation and Moderated-Mediation Analysis of Real Estate Variables in South Korea]
   └ 학회: 한국지능시스템학회 (IF: 0.56)"
2894,2023,전기전자공학,491815554,Yoo Young Koo,1,0.0,0.0,"[Fuzzy Moderation and Moderated-Mediation Analysis of Real Estate Variables in South Korea]
   └ 학회: 한국지능시스템학회 (IF: 0.56)"
2895,2023,전기전자공학,633515014,Jin Hee Yoon,1,0.0,0.0,"[Fuzzy Moderation and Moderated-Mediation Analysis of Real Estate Variables in South Korea]
   └ 학회: 한국지능시스템학회 (IF: 0.56)"
2896,2023,전기전자공학,889146256,K. B. Drakshayini,1,0.0,0.0,"[WSOLA for Reconstruction of Prolonged Speech Signal]
   └ 학회: 한국지능시스템학회 (IF: 0.56)"
2897,2023,전기전자공학,774272529,M. A. Anusuya,1,0.0,0.0,"[WSOLA for Reconstruction of Prolonged Speech Signal]
   └ 학회: 한국지능시스템학회 (IF: 0.56)"
2898,2023,전기전자공학,462244210,H. Y. Vani,1,0.0,0.0,"[WSOLA for Reconstruction of Prolonged Speech Signal]
   └ 학회: 한국지능시스템학회 (IF: 0.56)"
2899,2023,전기전자공학,623035666,Hamzeh Husin Zureigat,1,0.0,0.0,"[Modified Natural Daftardar-Jafari Method for Solving Fuzzy Time-Fractional Wave Equation]
   └ 학회: 한국지능시스템학회 (IF: 0.56)"
2900,2023,전기전자공학,307121135,Vimala Jayakumar,1,0.0,0.0,"[Relation Amidst Fuzzy Hyperlattice-Ordered Group and Hyperlattice Ordered Group]
   └ 학회: 한국지능시스템학회 (IF: 0.56)"
2901,2023,전기전자공학,512082706,D. Preethi,1,0.0,0.0,"[Relation Amidst Fuzzy Hyperlattice-Ordered Group and Hyperlattice Ordered Group]
   └ 학회: 한국지능시스템학회 (IF: 0.56)"
2902,2023,전기전자공학,897184985,S. Rajareega,1,0.0,0.0,"[Relation Amidst Fuzzy Hyperlattice-Ordered Group and Hyperlattice Ordered Group]
   └ 학회: 한국지능시스템학회 (IF: 0.56)"
2903,2023,전기전자공학,874414796,Seyyed Ahmad Edalatpanah,1,0.0,0.0,"[Relation Amidst Fuzzy Hyperlattice-Ordered Group and Hyperlattice Ordered Group]
   └ 학회: 한국지능시스템학회 (IF: 0.56)"
2904,2023,전기전자공학,681624236,Sobhy Ahmed Ali El-Sheikh,1,0.0,0.0,"[Increasing and Decreasing Soft Rough Set Approximations]
   └ 학회: 한국지능시스템학회 (IF: 0.56)"
2905,2023,전기전자공학,650988457,Shehab El-deen Ali Kandil,1,0.0,0.0,"[Increasing and Decreasing Soft Rough Set Approximations]
   └ 학회: 한국지능시스템학회 (IF: 0.56)"
2906,2023,전기전자공학,443277269,Salama Hussien Ali Shalil,1,0.0,0.0,"[Increasing and Decreasing Soft Rough Set Approximations]
   └ 학회: 한국지능시스템학회 (IF: 0.56)"
2907,2023,전기전자공학,105744189,Aparna Jain,1,0.0,0.0,"[Prime Ideal Theorem for Fuzzy Lattices]
   └ 학회: 한국지능시스템학회 (IF: 0.56)"
2908,2023,전기전자공학,466360266,Alessandro Cammarata,1,0.0,0.0,"[Sensitivity analysis for calculating the risk of viral infection]
   └ 학회: 한국지능시스템학회 (IF: 0.56)"
2909,2023,전기전자공학,190945126,Giuliano Cammarata,1,0.0,0.0,"[Sensitivity analysis for calculating the risk of viral infection]
   └ 학회: 한국지능시스템학회 (IF: 0.56)"
2910,2023,전기전자공학,368307493,Wiharto Wiharto,1,0.0,0.0,"[Hilbert-Schmidt Independence Criterion Lasso Feature Selection in Parkinson’s Disease Detection System]
   └ 학회: 한국지능시스템학회 (IF: 0.56)"
2911,2023,전기전자공학,214452498,Ahmad Sucipto,1,0.0,0.0,"[Hilbert-Schmidt Independence Criterion Lasso Feature Selection in Parkinson’s Disease Detection System]
   └ 학회: 한국지능시스템학회 (IF: 0.56)"
2912,2023,전기전자공학,117074297,Umi Salamah,1,0.0,0.0,"[Hilbert-Schmidt Independence Criterion Lasso Feature Selection in Parkinson’s Disease Detection System]
   └ 학회: 한국지능시스템학회 (IF: 0.56)"
2913,2023,전기전자공학,781375411,원동현,1,0.0,0.0,"[심층 웹 문서 자동 수집을 위한 크롤링 알고리즘 설계 및 실험]
   └ 학회: 한국정보통신학회 (IF: 0.54)"
2914,2023,전기전자공학,244915942,유준상,1,0.0,0.0,"[베이지안 추론 기반 니켈기 초합금의 열화도 정량화 방법과 열화도 및 크리프 수명 예측의 방법]
   └ 학회: 한국정보통신학회 (IF: 0.54)"
2915,2023,전기전자공학,798603301,김진덕,1,0.0,0.0,"[아쿠아포닉스의 생육 환경을 고려한 성장 측정 시스템의 설계]
   └ 학회: 한국정보통신학회 (IF: 0.54)"
2916,2023,전기전자공학,262291597,경지훈,1,0.0,0.0,"[명함 이미지 회전 판단을 위한 딥러닝 모델 비교]
   └ 학회: 한국정보통신학회 (IF: 0.54)"
2917,2023,전기전자공학,791318953,한상익,1,0.0,0.0,"[위급상황 통신 지원용 공중 통신중계기의 빠른 배치 기법]
   └ 학회: 한국정보통신학회 (IF: 0.54)"
2918,2023,전기전자공학,517511646,임지혜,1,0.0,0.0,"[CVE 동향을 반영한 3-Step 보안 취약점 위험도 스코어링]
   └ 학회: 한국정보통신학회 (IF: 0.54)"
2919,2023,전기전자공학,697617204,임영훈,1,0.0,0.0,"[입력 포화를 고려한 2차 다중 에이전트 시스템을 위한 봉쇄제어]
   └ 학회: 한국정보통신학회 (IF: 0.54)"
2920,2023,전기전자공학,807180749,전성우,1,0.0,0.0,"[Map API를 활용한 최단 거리 알고리즘 기반 보행자 경로 탐색 연구]
   └ 학회: 한국정보통신학회 (IF: 0.54)"
2921,2023,전기전자공학,506623657,강복선,1,0.0,0.0,"[Map API를 활용한 최단 거리 알고리즘 기반 보행자 경로 탐색 연구]
   └ 학회: 한국정보통신학회 (IF: 0.54)"
2922,2023,전기전자공학,115999660,박영하,1,0.0,0.0,"[Map API를 활용한 최단 거리 알고리즘 기반 보행자 경로 탐색 연구]
   └ 학회: 한국정보통신학회 (IF: 0.54)"
2923,2023,전기전자공학,786861656,강미영,1,0.0,0.0,"[무선 센서 네트워크에서의 머신러닝을 활용한 에너지 효율적인 클러스터 라우팅 방안 연구]
   └ 학회: 한국정보통신학회 (IF: 0.54)"
2924,2023,전기전자공학,389848524,장용준,1,0.0,0.0,"[산업현장에서의 실내외 연속측위를 위한 GNSS-UWB 하이브리드 측위 시스템]
   └ 학회: 한국정보통신학회 (IF: 0.54)"
2925,2023,전기전자공학,1409348,이정욱,1,0.0,0.0,"[산업현장에서의 실내외 연속측위를 위한 GNSS-UWB 하이브리드 측위 시스템]
   └ 학회: 한국정보통신학회 (IF: 0.54)"
2926,2023,전기전자공학,607818360,박시용,1,0.0,0.0,"[모바일 엣지 컴퓨팅에서 계층적 부하 분산을 위한 분산형 오프로딩 기법]
   └ 학회: 한국정보통신학회 (IF: 0.54)"
2927,2023,전기전자공학,911372411,안현,1,0.0,0.0,"[일변량 시계열의 다중 특징 추출을 통한 시계열 예측 모델 설명]
   └ 학회: 한국정보통신학회 (IF: 0.54)"
2928,2023,전기전자공학,326682366,강선구,1,0.0,0.0,"[60GHz 대역 LO 누설 제거 기능을 가지는 12Gbps PAM-4 RF 모듈레이터]
   └ 학회: 한국정보통신학회 (IF: 0.54)"
2929,2023,전기전자공학,401663760,엄기윤,1,0.0,0.0,"[온도와 코너 변화에 영향이 작은 차동 구조의 포락선 검출기를 활용한 60-GHz 비동기 광대역 수신기]
   └ 학회: 한국정보통신학회 (IF: 0.54)"
2930,2023,전기전자공학,507121596,유태수,1,0.0,0.0,"[UV-C LED를 이용한 벽걸이형 공기정화시스템]
   └ 학회: 한국정보통신학회 (IF: 0.54)"
2931,2023,전기전자공학,706930855,임순자,1,0.0,0.0,"[UV-C LED를 이용한 벽걸이형 공기정화시스템]
   └ 학회: 한국정보통신학회 (IF: 0.54)"
2932,2023,전기전자공학,658506121,박소영,1,0.0,0.0,"[합리적 행동이론을 적용한 스마트 헬스 의도 연구: 연령의 조절효과를 중심으로]
   └ 학회: 한국정보통신학회 (IF: 0.54)"
2933,2023,전기전자공학,103839852,김민철,1,0.0,0.0,"[합리적 행동이론을 적용한 스마트 헬스 의도 연구: 연령의 조절효과를 중심으로]
   └ 학회: 한국정보통신학회 (IF: 0.54)"
2934,2023,전기전자공학,487666096,Paul Bye,1,0.0,0.0,"[합리적 행동이론을 적용한 스마트 헬스 의도 연구: 연령의 조절효과를 중심으로]
   └ 학회: 한국정보통신학회 (IF: 0.54)"
2935,2023,전기전자공학,988059200,윤동화,1,0.0,0.0,"[합리적 행동이론을 적용한 스마트 헬스 의도 연구: 연령의 조절효과를 중심으로]
   └ 학회: 한국정보통신학회 (IF: 0.54)"
2936,2023,전기전자공학,697384607,Liaq Ridda,1,0.0,0.0,"[합리적 행동이론을 적용한 스마트 헬스 의도 연구: 연령의 조절효과를 중심으로]
   └ 학회: 한국정보통신학회 (IF: 0.54)"
2937,2023,전기전자공학,294107356,Hyungsik Shin,1,0.0,0.0,"[위키백과를 활용한 문서 주제 추출]
   └ 학회: 한국정보통신학회 (IF: 0.54)"
2938,2023,전기전자공학,685891819,장시웅,1,0.0,0.0,"[사용자 운동 패턴 클러스트링 분석을 이용한 최적의 운동 기법 제안 시스템 구현]
   └ 학회: 한국정보통신학회 (IF: 0.54)"
2939,2023,전기전자공학,822044679,정영윤,1,0.0,0.0,"[개인 맞춤형 음식 추천 알고리즘에 대한 비교 평가 연구]
   └ 학회: 한국정보통신학회 (IF: 0.54)"
2940,2023,전기전자공학,451947474,박민규,1,0.0,0.0,"[개인 맞춤형 음식 추천 알고리즘에 대한 비교 평가 연구]
   └ 학회: 한국정보통신학회 (IF: 0.54)"
2941,2023,전기전자공학,571447192,김건우,1,0.0,0.0,"[개인 맞춤형 음식 추천 알고리즘에 대한 비교 평가 연구]
   └ 학회: 한국정보통신학회 (IF: 0.54)"
2942,2023,전기전자공학,507213207,김석환,1,0.0,0.0,"[개인 맞춤형 음식 추천 알고리즘에 대한 비교 평가 연구]
   └ 학회: 한국정보통신학회 (IF: 0.54)"
2943,2023,전기전자공학,591754909,박경신,1,0.0,0.0,"[개인 맞춤형 음식 추천 알고리즘에 대한 비교 평가 연구]
   └ 학회: 한국정보통신학회 (IF: 0.54)"
2944,2023,전기전자공학,435654106,김배성,1,0.0,0.0,"[선박의 운항 안전성 지원을 위한 지능형 안전관리 시스템 개발]
   └ 학회: 한국정보통신학회 (IF: 0.54)"
2945,2023,전기전자공학,785964140,우윤태,1,0.0,0.0,"[선박의 운항 안전성 지원을 위한 지능형 안전관리 시스템 개발]
   └ 학회: 한국정보통신학회 (IF: 0.54)"
2946,2023,전기전자공학,866527629,홍일양,1,0.0,0.0,"[창의성 향상을 위한 AR기반 체험형 교재에 관한 연구]
   └ 학회: 한국정보통신학회 (IF: 0.54)"
2947,2023,전기전자공학,902902518,임헌국,1,0.0,0.0,"[Comprehensive Analysis of Vehicular Named Data Networking Architecture]
   └ 학회: 한국정보통신학회 (IF: 0.54)"
2948,2023,전기전자공학,201512632,신인철,1,0.0,0.0,"[산업제어시스템의 물리적 취약점 분석을 위한 토큰 트리(Token Tree) 기반의 퍼징(fuzzing) 기법]
   └ 학회: 한국정보통신학회 (IF: 0.54)"
2949,2023,전기전자공학,2283353,이종관,1,0.0,0.0,"[동적 전술 네트워크 환경에서 자율 무인체계를 위한 상호인증 기법]
   └ 학회: 한국정보통신학회 (IF: 0.54)"
2950,2023,전기전자공학,492494840,박정규,1,0.0,0.0,"[동적 전술 네트워크 환경에서 자율 무인체계를 위한 상호인증 기법]
   └ 학회: 한국정보통신학회 (IF: 0.54)"
2951,2023,전기전자공학,664179123,이종덕,1,0.0,0.0,"[동적 전술 네트워크 환경에서 자율 무인체계를 위한 상호인증 기법]
   └ 학회: 한국정보통신학회 (IF: 0.54)"
2952,2023,전기전자공학,294462239,남광우,1,0.0,0.0,"[FEC 환경에서 계산 오프로딩 서비스의 비용 모델]
   └ 학회: 한국정보통신학회 (IF: 0.54)"
2953,2023,전기전자공학,788995629,김민지,1,0.0,0.0,"[캐시 관리 시스템 취약점을 이용한 영상 복원 및 재배포 가능성 분석]
   └ 학회: 한국정보통신학회 (IF: 0.54)"
2954,2023,전기전자공학,869767421,윤희서,1,0.0,0.0,"[캐시 관리 시스템 취약점을 이용한 영상 복원 및 재배포 가능성 분석]
   └ 학회: 한국정보통신학회 (IF: 0.54)"
2955,2023,전기전자공학,617937913,신예린,1,0.0,0.0,"[캐시 관리 시스템 취약점을 이용한 영상 복원 및 재배포 가능성 분석]
   └ 학회: 한국정보통신학회 (IF: 0.54)"
2956,2023,전기전자공학,319041662,최정원,1,0.0,0.0,"[캐시 관리 시스템 취약점을 이용한 영상 복원 및 재배포 가능성 분석]
   └ 학회: 한국정보통신학회 (IF: 0.54)"
2957,2023,전기전자공학,991255401,김채영,1,0.0,0.0,"[캐시 관리 시스템 취약점을 이용한 영상 복원 및 재배포 가능성 분석]
   └ 학회: 한국정보통신학회 (IF: 0.54)"
2958,2023,전기전자공학,494844488,박후린,1,0.0,0.0,"[캐시 관리 시스템 취약점을 이용한 영상 복원 및 재배포 가능성 분석]
   └ 학회: 한국정보통신학회 (IF: 0.54)"
2959,2023,전기전자공학,912808904,채광영,1,0.0,0.0,"[다양한 Chirp 신호 기반 수중 음파통신 성능 비교 분석 연구]
   └ 학회: 한국정보통신학회 (IF: 0.54)"
2960,2023,전기전자공학,1201802,정태건,1,0.0,0.0,"[다양한 Chirp 신호 기반 수중 음파통신 성능 비교 분석 연구]
   └ 학회: 한국정보통신학회 (IF: 0.54)"
2961,2023,전기전자공학,633988262,임태호,1,0.0,0.0,"[다양한 Chirp 신호 기반 수중 음파통신 성능 비교 분석 연구]
   └ 학회: 한국정보통신학회 (IF: 0.54)"
2962,2023,전기전자공학,141410376,그데이 크브롬 엘브수,1,0.0,0.0,"[RTOS를 기반한 실시간 대기 환경 원격 모니터링 시스템]
   └ 학회: 한국정보통신학회 (IF: 0.54)"
2963,2023,전기전자공학,649857092,사공병일,1,0.0,0.0,"[RTOS를 기반한 실시간 대기 환경 원격 모니터링 시스템]
   └ 학회: 한국정보통신학회 (IF: 0.54)"
2964,2023,전기전자공학,428208063,이용훈,1,0.0,0.0,"[공통 시뮬레이션 스냅샷 복원을 위한 Tcl 기반 검증 코드를 이용하여 Verilog 시뮬레이션 시간 단축]
   └ 학회: 한국정보통신학회 (IF: 0.54)"
2965,2023,전기전자공학,211347801,오우진,1,0.0,0.0,"[조합 탐색 방식과 MATLAB 병렬처리를 이용한 고정소수점 FIR 필터의 고속 설계]
   └ 학회: 한국정보통신학회 (IF: 0.54)"
2966,2023,전기전자공학,489909031,서주연,1,0.0,0.0,"[사용자 오타를 반영한 한글 타이핑 연습프로그램 설계 및 구현]
   └ 학회: 한국정보통신학회 (IF: 0.54)"
2967,2023,전기전자공학,716669618,윤지원,1,0.0,0.0,"[사용자 오타를 반영한 한글 타이핑 연습프로그램 설계 및 구현]
   └ 학회: 한국정보통신학회 (IF: 0.54)"
2968,2023,전기전자공학,557132863,엄수환,1,0.0,0.0,"[사용자 오타를 반영한 한글 타이핑 연습프로그램 설계 및 구현]
   └ 학회: 한국정보통신학회 (IF: 0.54)"
2969,2023,전기전자공학,464774460,최성용,1,0.0,0.0,"[사용자 오타를 반영한 한글 타이핑 연습프로그램 설계 및 구현]
   └ 학회: 한국정보통신학회 (IF: 0.54)"
2970,2023,전기전자공학,368467458,Hyunwoo Ko,1,0.0,0.0,"[다양한 뉴스데이터를 이용한 자연어 처리모델 성능 비교]
   └ 학회: 한국정보통신학회 (IF: 0.54)"
2971,2023,전기전자공학,454090362,황보준권,1,0.0,0.0,"[다양한 뉴스데이터를 이용한 자연어 처리모델 성능 비교]
   └ 학회: 한국정보통신학회 (IF: 0.54)"
2972,2023,전기전자공학,5138001,김영탁,1,0.0,0.0,"[Shear-Mapping DTW: 동적 시간 왜곡의 병렬 연산을 위한 거리 행렬 변환]
   └ 학회: 한국정보통신학회 (IF: 0.54)"
2973,2023,전기전자공학,878675443,문병두,1,0.0,0.0,"[접지 시스템 평가를 위한 LabVIEW 기반 광대역 접지 임피던스 측정 시스템 개발]
   └ 학회: 한국정보통신학회 (IF: 0.54)"
2974,2023,전기전자공학,394869755,유혜원,1,0.0,0.0,"[멀티모달 딥러닝을 이용한 우울증 진단 모델]
   └ 학회: 한국정보통신학회 (IF: 0.54)"
2975,2023,전기전자공학,906989,김미래,1,0.0,0.0,"[우울 증상 완화를 위한 공감형 챗봇 개발에 관한 연구]
   └ 학회: 한국정보통신학회 (IF: 0.54)"
2976,2023,전기전자공학,778398550,박태희,1,0.0,0.0,"[우울 증상 완화를 위한 공감형 챗봇 개발에 관한 연구]
   └ 학회: 한국정보통신학회 (IF: 0.54)"
2977,2023,전기전자공학,825928225,송치화,1,0.0,0.0,"[라즈베리-파이에서 Plug&Play를 위한 USB 센서/구동기 개발 플랫폼]
   └ 학회: 한국정보통신학회 (IF: 0.54)"
2978,2023,전기전자공학,857396857,은성배,1,0.0,0.0,"[라즈베리-파이에서 Plug&Play를 위한 USB 센서/구동기 개발 플랫폼]
   └ 학회: 한국정보통신학회 (IF: 0.54)"
2979,2023,전기전자공학,217158550,손경아,1,0.0,0.0,"[라즈베리-파이에서 Plug&Play를 위한 USB 센서/구동기 개발 플랫폼]
   └ 학회: 한국정보통신학회 (IF: 0.54)"
2980,2023,전기전자공학,580964703,곽노섭,1,0.0,0.0,"[라즈베리-파이에서 Plug&Play를 위한 USB 센서/구동기 개발 플랫폼]
   └ 학회: 한국정보통신학회 (IF: 0.54)"
2981,2023,전기전자공학,797387399,문상국,1,0.0,0.0,"[자가재구성 센서 주소 생성기를 사용하여 보안을 강화한 적외선 통신]
   └ 학회: 한국정보통신학회 (IF: 0.54)"
2982,2023,전기전자공학,595299350,조현진,1,0.0,0.0,"[형태소 분석기반 외국인 발화 한국어 발음평가 개선 방법]
   └ 학회: 한국정보통신학회 (IF: 0.54)"
2983,2023,전기전자공학,769543884,김병욱,1,0.0,0.0,"[형태소 분석기반 외국인 발화 한국어 발음평가 개선 방법]
   └ 학회: 한국정보통신학회 (IF: 0.54)"
2984,2023,전기전자공학,871090211,유상선,1,0.0,0.0,"[gm-cell 배치에 따른 저전력 DCO의 성능 변화 분석과 최적화 설계 제안]
   └ 학회: 한국정보통신학회 (IF: 0.54)"
2985,2023,전기전자공학,259120920,고귀한,1,0.0,0.0,"[보안 DNS의 데이터를 이용한 동적 감염 클라이언트 격리 기법]
   └ 학회: 한국정보통신학회 (IF: 0.54)"
2986,2023,전기전자공학,81409,김준영,1,0.0,0.0,"[C-ITS에서의 운전자 HMI 서비스 시나리오 및 블루프린트 개발]
   └ 학회: 한국정보통신학회 (IF: 0.54)"
2987,2023,전기전자공학,367628227,김재철,1,0.0,0.0,"[C-ITS에서의 운전자 HMI 서비스 시나리오 및 블루프린트 개발]
   └ 학회: 한국정보통신학회 (IF: 0.54)"
2988,2023,전기전자공학,750645806,이여름,1,0.0,0.0,"[C-ITS에서의 운전자 HMI 서비스 시나리오 및 블루프린트 개발]
   └ 학회: 한국정보통신학회 (IF: 0.54)"
2989,2023,전기전자공학,648462235,Seokbin Hwang,1,0.0,0.0,"[혼합현실기반 비접촉식 협동로봇 조작 시스템]
   └ 학회: 한국정보통신학회 (IF: 0.54)"
2990,2023,전기전자공학,759300793,김성민,1,0.0,0.0,"[혼합현실기반 비접촉식 협동로봇 조작 시스템]
   └ 학회: 한국정보통신학회 (IF: 0.54)"
2991,2023,전기전자공학,711928009,Hyun-Woo Kim,1,0.0,0.0,"[Phase Differences Averaging (PDA) Method for Reducing the Phase Error in Digital Holographic Microscopy (DHM)]
   └ 학회: 한국정보통신학회JICCE (IF: 0.54)"
2992,2023,전기전자공학,469329347,Jaehoon Lee,1,0.0,0.0,"[Phase Differences Averaging (PDA) Method for Reducing the Phase Error in Digital Holographic Microscopy (DHM)]
   └ 학회: 한국정보통신학회JICCE (IF: 0.54)"
2993,2023,전기전자공학,928954768,Arun Anand,1,0.0,0.0,"[Phase Differences Averaging (PDA) Method for Reducing the Phase Error in Digital Holographic Microscopy (DHM)]
   └ 학회: 한국정보통신학회JICCE (IF: 0.54)"
2994,2023,전기전자공학,373244506,Myungjin Cho,1,0.0,0.0,"[Phase Differences Averaging (PDA) Method for Reducing the Phase Error in Digital Holographic Microscopy (DHM)]
   └ 학회: 한국정보통신학회JICCE (IF: 0.54)"
2995,2023,전기전자공학,889135441,Min-Chul Lee,1,0.0,0.0,"[Phase Differences Averaging (PDA) Method for Reducing the Phase Error in Digital Holographic Microscopy (DHM)]
   └ 학회: 한국정보통신학회JICCE (IF: 0.54)"
2996,2023,전기전자공학,586076131,Hyun Ahn,1,0.0,0.0,"[Performance Evaluation of a Feature-Importance-based Feature Selection Method for Time Series Prediction]
   └ 학회: 한국정보통신학회JICCE (IF: 0.54)"
2997,2023,전기전자공학,516784551,Yeon-Ji Lee,1,0.0,0.0,"[Implementation and Evaluation of Harmful-Media Filtering Techniques using Multimodal-Information Extraction]
   └ 학회: 한국정보통신학회JICCE (IF: 0.54)"
2998,2023,전기전자공학,600232359,Ye-Sol Oh,1,0.0,0.0,"[Implementation and Evaluation of Harmful-Media Filtering Techniques using Multimodal-Information Extraction]
   └ 학회: 한국정보통신학회JICCE (IF: 0.54)"
2999,2023,전기전자공학,941305547,Na-Eun Park,1,0.0,0.0,"[Implementation and Evaluation of Harmful-Media Filtering Techniques using Multimodal-Information Extraction]
   └ 학회: 한국정보통신학회JICCE (IF: 0.54)"
3000,2023,전기전자공학,933903442,Nur Faraha Mohd Naim,1,0.0,0.0,"[Emotional Correlation Test from Binary Gender Perspective using Kansei Engineering Approach on IVML Prototype]
   └ 학회: 한국정보통신학회JICCE (IF: 0.54)"
3001,2023,전기전자공학,663985574,Young-Pill Ahn,1,0.0,0.0,"[Comparison of the Effect of Interpolation on the Mask R-CNN Model]
   └ 학회: 한국정보통신학회JICCE (IF: 0.54)"
3002,2023,전기전자공학,856124541,Jae-Pil Chung,1,0.0,0.0,"[Dispersion-managed Optical Link Configured Antipodalsymmetric Dispersion Maps with Respect to Midway Optical Phase Conjugator]
   └ 학회: 한국정보통신학회JICCE (IF: 0.54)"
3003,2023,전기전자공학,547789735,Seong-Real Lee,1,0.0,0.0,"[Dispersion-managed Optical Link Configured Antipodalsymmetric Dispersion Maps with Respect to Midway Optical Phase Conjugator]
   └ 학회: 한국정보통신학회JICCE (IF: 0.54)"
3004,2023,전기전자공학,655114919,Siva S,1,0.0,0.0,"[Multi-Sized cumulative Summary Structure Driven Light Weight in Frequent Closed Itemset Mining to Increase High Utility]
   └ 학회: 한국정보통신학회JICCE (IF: 0.54)"
3005,2023,전기전자공학,534088640,Shilpa Chaudhari,1,0.0,0.0,"[Multi-Sized cumulative Summary Structure Driven Light Weight in Frequent Closed Itemset Mining to Increase High Utility]
   └ 학회: 한국정보통신학회JICCE (IF: 0.54)"
3006,2023,전기전자공학,587547742,Wiharto,1,0.0,0.0,"[Use of Artificial Bee Swarm Optimization (ABSO) for Feature Selection in System Diagnosis for Coronary Heart Disease]
   └ 학회: 한국정보통신학회JICCE (IF: 0.54)"
3007,2023,전기전자공학,790037132,Yaumi A. Z. A. Fajri,1,0.0,0.0,"[Use of Artificial Bee Swarm Optimization (ABSO) for Feature Selection in System Diagnosis for Coronary Heart Disease]
   └ 학회: 한국정보통신학회JICCE (IF: 0.54)"
3008,2023,전기전자공학,618569560,Esti Suryani,1,0.0,0.0,"[Use of Artificial Bee Swarm Optimization (ABSO) for Feature Selection in System Diagnosis for Coronary Heart Disease]
   └ 학회: 한국정보통신학회JICCE (IF: 0.54)"
3009,2023,전기전자공학,831027069,Sigit Setyawan,1,0.0,0.0,"[Use of Artificial Bee Swarm Optimization (ABSO) for Feature Selection in System Diagnosis for Coronary Heart Disease]
   └ 학회: 한국정보통신학회JICCE (IF: 0.54)"
3010,2023,전기전자공학,162023441,Bayarchimeg Kalina,1,0.0,0.0,"[Improving Adversarial Domain Adaptation with Mixup Regularization]
   └ 학회: 한국정보통신학회JICCE (IF: 0.54)"
3011,2023,전기전자공학,813427672,조영복,1,0.0,0.0,"[Improving Adversarial Domain Adaptation with Mixup Regularization]
   └ 학회: 한국정보통신학회JICCE (IF: 0.54)"
3012,2023,전기전자공학,516725570,Tae-Eun Lee,1,0.0,0.0,"[Analysis of the Effectiveness of Conversion of Three-dimensional Puzzles into Immersive Media based on Play Theory for Children’s Experience]
   └ 학회: 한국정보통신학회JICCE (IF: 0.54)"
3013,2023,전기전자공학,825545055,Meijing Li,1,0.0,0.0,"[Classification in Different Genera by Cytochrome Oxidase Subunit I Gene Using CNN-LSTM Hybrid Model]
   └ 학회: 한국정보통신학회JICCE (IF: 0.54)"
3014,2023,전기전자공학,872653259,김동근,1,0.0,0.0,"[Classification in Different Genera by Cytochrome Oxidase Subunit I Gene Using CNN-LSTM Hybrid Model]
   └ 학회: 한국정보통신학회JICCE (IF: 0.54)"
3015,2023,전기전자공학,445171557,Aaron Daniel Snowberger,1,0.0,0.0,"[Handwritten Hangul Graphemes Classification Using Three Artificial Neural Networks]
   └ 학회: 한국정보통신학회JICCE (IF: 0.54)"
3016,2023,전기전자공학,346398038,이충호,1,0.0,0.0,"[Handwritten Hangul Graphemes Classification Using Three Artificial Neural Networks]
   └ 학회: 한국정보통신학회JICCE (IF: 0.54)"
3017,2023,전기전자공학,336180210,Kwang-Seup Byun,1,0.0,0.0,"[Relationship between Risk-causing Factors Perceived by Telecommunications Workers and Safety Motivation and Behavior]
   └ 학회: 한국정보통신학회JICCE (IF: 0.54)"
3018,2023,전기전자공학,602320156,Jin-woo Jung,1,0.0,0.0,"[Relationship between Risk-causing Factors Perceived by Telecommunications Workers and Safety Motivation and Behavior]
   └ 학회: 한국정보통신학회JICCE (IF: 0.54)"
3019,2023,전기전자공학,113840122,최지애,1,0.0,0.0,"[반지도 학습 토픽 모델 기반 우울 증상 발화 자동 라벨링 기법]
   └ 학회: 한국정보통신학회 (IF: 0.54)"
3020,2023,전기전자공학,5138090,한정아,1,0.0,0.0,"[가상 패션 세계에 나타난 아바타]
   └ 학회: 한국정보통신학회 (IF: 0.54)"
3021,2023,전기전자공학,433719078,주보림,1,0.0,0.0,"[가상 패션 세계에 나타난 아바타]
   └ 학회: 한국정보통신학회 (IF: 0.54)"
3022,2023,전기전자공학,532226960,Yunsang Yoo,1,0.0,0.0,"[주식데이터를 활용한 Attention과 LSTM의 성능 비교]
   └ 학회: 한국정보통신학회 (IF: 0.54)"
3023,2023,전기전자공학,266752542,Dong-ho Shin,1,0.0,0.0,"[주식데이터를 활용한 Attention과 LSTM의 성능 비교]
   └ 학회: 한국정보통신학회 (IF: 0.54)"
3024,2023,전기전자공학,442424927,Jae-Hyuk Shin,1,0.0,0.0,"[웹 컴포넌트의 내부 구조를 활용한 마이크로서비스 자동 식별]
   └ 학회: 한국정보통신학회 (IF: 0.54)"
3025,2023,전기전자공학,293584807,심재순,1,0.0,0.0,"[함정 추진체계 이상진단을 위한 회귀 모델 설계]
   └ 학회: 한국정보통신학회 (IF: 0.54)"
3026,2023,전기전자공학,834900360,박찬영,1,0.0,0.0,"[함정 추진체계 이상진단을 위한 회귀 모델 설계]
   └ 학회: 한국정보통신학회 (IF: 0.54)"
3027,2023,전기전자공학,604106819,이헌석,1,0.0,0.0,"[함정 추진체계 이상진단을 위한 회귀 모델 설계]
   └ 학회: 한국정보통신학회 (IF: 0.54)"
3028,2023,전기전자공학,983844654,황성규,1,0.0,0.0,"[VRRP 프로토콜 기반 네트워크 장애 복구 시스템에 관한 분석]
   └ 학회: 한국정보통신학회 (IF: 0.54)"
3029,2023,전기전자공학,174953611,허태상,1,0.0,0.0,"[빅데이터 기반 적층제조 분석 플랫폼]
   └ 학회: 한국정보통신학회 (IF: 0.54)"
3030,2023,전기전자공학,710207896,정대용,1,0.0,0.0,"[빅데이터 기반 적층제조 분석 플랫폼]
   └ 학회: 한국정보통신학회 (IF: 0.54)"
3031,2023,전기전자공학,742314781,김남규,1,0.0,0.0,"[빅데이터 기반 적층제조 분석 플랫폼]
   └ 학회: 한국정보통신학회 (IF: 0.54)"
3032,2023,전기전자공학,299758876,황규현,1,0.0,0.0,"[빅데이터 기반 적층제조 분석 플랫폼]
   └ 학회: 한국정보통신학회 (IF: 0.54)"
3033,2023,전기전자공학,284001835,김명일,1,0.0,0.0,"[빅데이터 기반 적층제조 분석 플랫폼]
   └ 학회: 한국정보통신학회 (IF: 0.54)"
3034,2023,전기전자공학,427646585,서동우,1,0.0,0.0,"[빅데이터 기반 적층제조 분석 플랫폼]
   └ 학회: 한국정보통신학회 (IF: 0.54)"
3035,2023,전기전자공학,433609148,윤성우,1,0.0,0.0,"[성문위기도기 인후두 튜부(SALT)를 이용한 기관내삽관 유용성 평가 –마네킹을 이용한 심폐소생술 시뮬레이션 연구-]
   └ 학회: 한국정보통신학회 (IF: 0.54)"
3036,2023,전기전자공학,423106841,최유정,1,0.0,0.0,"[코로나 바이러스 감염증 위험 상황의 예방 행동 의도 형성 과정에서 SNS의 영향]
   └ 학회: 한국정보통신학회 (IF: 0.54)"
3037,2023,전기전자공학,448246644,백경열,1,0.0,0.0,"[전국 멧돼지 잠재서식지 예측을 위한 군집 및 서식적합성 분석]
   └ 학회: 한국정보통신학회 (IF: 0.54)"
3038,2023,전기전자공학,244088341,김호걸,1,0.0,0.0,"[전국 멧돼지 잠재서식지 예측을 위한 군집 및 서식적합성 분석]
   └ 학회: 한국정보통신학회 (IF: 0.54)"
3039,2023,전기전자공학,264720045,김유진,1,0.0,0.0,"[전국 멧돼지 잠재서식지 예측을 위한 군집 및 서식적합성 분석]
   └ 학회: 한국정보통신학회 (IF: 0.54)"
3040,2023,전기전자공학,513854787,정승규,1,0.0,0.0,"[전국 멧돼지 잠재서식지 예측을 위한 군집 및 서식적합성 분석]
   └ 학회: 한국정보통신학회 (IF: 0.54)"
3041,2023,전기전자공학,102154858,이은주,1,0.0,0.0,"[풀링이 없는 분기 합성곱 신경망을 사용한 딸기 과육 분할]
   └ 학회: 한국정보통신학회 (IF: 0.54)"
3042,2023,전기전자공학,558801067,민정익,1,0.0,0.0,"[풀링이 없는 분기 합성곱 신경망을 사용한 딸기 과육 분할]
   └ 학회: 한국정보통신학회 (IF: 0.54)"
3043,2023,전기전자공학,891831247,고진용,1,0.0,0.0,"[탄도탄 조기 경보 레이다 성능 분석 도구 개발 및 활용]
   └ 학회: 한국정보통신학회 (IF: 0.54)"
3044,2023,전기전자공학,525799272,김석준,1,0.0,0.0,"[플래시 사진과 필터 조합을 통한 비플래시 사진의 개선]
   └ 학회: 한국정보통신학회 (IF: 0.54)"
3045,2023,전기전자공학,114939930,김진욱,1,0.0,0.0,"[플래시 사진과 필터 조합을 통한 비플래시 사진의 개선]
   └ 학회: 한국정보통신학회 (IF: 0.54)"
3046,2023,전기전자공학,697523265,Nanda Fanzury,1,0.0,0.0,"[Measurement of Web Application Usability using Heuristic Evaluation Method]
   └ 학회: 한국정보통신학회 (IF: 0.54)"
3047,2023,전기전자공학,823559881,Aria Bisma Wahyutama,1,0.0,0.0,"[Measurement of Web Application Usability using Heuristic Evaluation Method]
   └ 학회: 한국정보통신학회 (IF: 0.54)"
3048,2023,전기전자공학,771919859,이종길,1,0.0,0.0,"[효율적인 단거리 기상 레이다 모의 신호 발생 방법]
   └ 학회: 한국정보통신학회 (IF: 0.54)"
3049,2023,전기전자공학,669454869,이상훈,1,0.0,0.0,"[임베디드 시스템 내장형 소프트웨어 오류에 의한 오동작 감지용 실시간 전류/전압-레벨 패턴모니터링 및 비교시스템]
   └ 학회: 한국정보통신학회 (IF: 0.54)"
3050,2023,전기전자공학,991146874,유동희,1,0.0,0.0,"[안드로이드 스마트폰의 GNSS 위치 데이터 분석]
   └ 학회: 한국정보통신학회 (IF: 0.54)"
3051,2023,전기전자공학,70841,최진호,1,0.0,0.0,"[플립러닝으로 진행되는 교과의 출석률에 따른 강의 만족도]
   └ 학회: 한국정보통신학회 (IF: 0.54)"
3052,2023,전기전자공학,633365372,박성대,1,0.0,0.0,"[부산광역시교육청-지역대학 공동교육과정 사례 분석(다(多)고른 캠퍼스-영상 제작의 이해)]
   └ 학회: 한국정보통신학회 (IF: 0.54)"
3053,2023,전기전자공학,936190921,Dong-Youp Lee,1,0.0,0.0,"[몰입형 가상현실 환경에서 감각 전이에 관한 영향 분석]
   └ 학회: 한국정보통신학회 (IF: 0.54)"
3054,2023,전기전자공학,385318931,Ziyad Almudayni,1,0.0,0.0,"[A Novel Approach of Using Data Flipping for Efficient Energy on the Internet of Things]
   └ 학회: 한국정보통신학회JICCE (IF: 0.54)"
3055,2023,전기전자공학,290058620,Ben Soh,1,0.0,0.0,"[A Novel Approach of Using Data Flipping for Efficient Energy on the Internet of Things]
   └ 학회: 한국정보통신학회JICCE (IF: 0.54)"
3056,2023,전기전자공학,674329522,Alice Li,1,0.0,0.0,"[A Novel Approach of Using Data Flipping for Efficient Energy on the Internet of Things]
   └ 학회: 한국정보통신학회JICCE (IF: 0.54)"
3057,2023,전기전자공학,419306095,Young-Ryul Choi,1,0.0,0.0,"[Quantitative Approach for Calculating DRDoS Risk]
   └ 학회: 한국정보통신학회JICCE (IF: 0.54)"
3058,2023,전기전자공학,326798266,Nam-Kyun Baik,1,0.0,0.0,"[Quantitative Approach for Calculating DRDoS Risk]
   └ 학회: 한국정보통신학회JICCE (IF: 0.54)"
3059,2023,전기전자공학,800516262,Paphana Yiwsiw,1,0.0,0.0,"[Data-centric Smart Street Light Monitoring and Visualization Platform for Campus Management]
   └ 학회: 한국정보통신학회JICCE (IF: 0.54)"
3060,2023,전기전자공학,930903174,Chanon Tantiwattanapaibul,1,0.0,0.0,"[Data-centric Smart Street Light Monitoring and Visualization Platform for Campus Management]
   └ 학회: 한국정보통신학회JICCE (IF: 0.54)"
3061,2023,전기전자공학,659111644,Suphachok Buaruk,1,0.0,0.0,"[Data-centric Smart Street Light Monitoring and Visualization Platform for Campus Management]
   └ 학회: 한국정보통신학회JICCE (IF: 0.54)"
3062,2023,전기전자공학,826282732,Virach Sornlertlamvanich,1,0.0,0.0,"[Data-centric Smart Street Light Monitoring and Visualization Platform for Campus Management]
   └ 학회: 한국정보통신학회JICCE (IF: 0.54)"
3063,2023,전기전자공학,160617825,Jasmine Aulia,1,0.0,0.0,"[The Bullet Launcher with A Pneumatic System to Detect Objects by Unique Markers]
   └ 학회: 한국정보통신학회JICCE (IF: 0.54)"
3064,2023,전기전자공학,665536093,Zahrah Radila,1,0.0,0.0,"[The Bullet Launcher with A Pneumatic System to Detect Objects by Unique Markers]
   └ 학회: 한국정보통신학회JICCE (IF: 0.54)"
3065,2023,전기전자공학,805281108,Zaenal Afif Azhary,1,0.0,0.0,"[The Bullet Launcher with A Pneumatic System to Detect Objects by Unique Markers]
   └ 학회: 한국정보통신학회JICCE (IF: 0.54)"
3066,2023,전기전자공학,481188166,Aulia M. T. Nasution,1,0.0,0.0,"[The Bullet Launcher with A Pneumatic System to Detect Objects by Unique Markers]
   └ 학회: 한국정보통신학회JICCE (IF: 0.54)"
3067,2023,전기전자공학,296563548,Detak Yan Pratama,1,0.0,0.0,"[The Bullet Launcher with A Pneumatic System to Detect Objects by Unique Markers]
   └ 학회: 한국정보통신학회JICCE (IF: 0.54)"
3068,2023,전기전자공학,288156696,Katherin Indriawati,1,0.0,0.0,"[The Bullet Launcher with A Pneumatic System to Detect Objects by Unique Markers]
   └ 학회: 한국정보통신학회JICCE (IF: 0.54)"
3069,2023,전기전자공학,581049368,Iyon Titok Sugiarto,1,0.0,0.0,"[The Bullet Launcher with A Pneumatic System to Detect Objects by Unique Markers]
   └ 학회: 한국정보통신학회JICCE (IF: 0.54)"
3070,2023,전기전자공학,440515280,Wildan Panji Tresna,1,0.0,0.0,"[The Bullet Launcher with A Pneumatic System to Detect Objects by Unique Markers]
   └ 학회: 한국정보통신학회JICCE (IF: 0.54)"
3071,2023,전기전자공학,210678235,양현동,1,0.0,0.0,"[단락 벡터 기반 DSM-5 우울 진단 멀티 라벨 모델]
   └ 학회: 한국정보통신학회 (IF: 0.54)"
3072,2023,전기전자공학,244436703,조익성,1,0.0,0.0,"[심전도 신호의 시간-주파수 특징 추출과 2차원 합성곱 모델을 이용한 심방 세동 분류]
   └ 학회: 한국정보통신학회 (IF: 0.54)"
3073,2023,전기전자공학,581762671,권혁숭,1,0.0,0.0,"[심전도 신호의 시간-주파수 특징 추출과 2차원 합성곱 모델을 이용한 심방 세동 분류]
   └ 학회: 한국정보통신학회 (IF: 0.54)"
3074,2023,전기전자공학,885745902,조희준,1,0.0,0.0,"[개인정보보호 교육의 효과성에 관한 연구 - 행정처분 분석을 중심으로]
   └ 학회: 한국정보통신학회 (IF: 0.54)"
3075,2023,전기전자공학,769498782,이준화,1,0.0,0.0,"[개인정보보호 교육의 효과성에 관한 연구 - 행정처분 분석을 중심으로]
   └ 학회: 한국정보통신학회 (IF: 0.54)"
3076,2023,전기전자공학,632250824,민대환,1,0.0,0.0,"[개인정보보호 교육의 효과성에 관한 연구 - 행정처분 분석을 중심으로]
   └ 학회: 한국정보통신학회 (IF: 0.54)"
3077,2023,전기전자공학,605710539,김재훈,1,0.0,0.0,"[동일 실행시간과 마감시간을 가지고 도착하는 작업들의 스케줄링]
   └ 학회: 한국정보통신학회 (IF: 0.54)"
3078,2023,전기전자공학,492007883,김동운,1,0.0,0.0,"[XML 기반 스풀 파일을 활용한 디지털 증거분석]
   └ 학회: 한국정보통신학회 (IF: 0.54)"
3079,2023,전기전자공학,1413783,박용석,1,0.0,0.0,"[XML 기반 스풀 파일을 활용한 디지털 증거분석]
   └ 학회: 한국정보통신학회 (IF: 0.54)"
3080,2023,전기전자공학,311678719,홍용근,1,0.0,0.0,"[분산 시스템 크기에 따른 보안 DDS 디스커버리 소요 시간 및 성공률 분석]
   └ 학회: 한국정보통신학회 (IF: 0.54)"
3081,2023,전기전자공학,746656471,최기태,1,0.0,0.0,"[분산 시스템 크기에 따른 보안 DDS 디스커버리 소요 시간 및 성공률 분석]
   └ 학회: 한국정보통신학회 (IF: 0.54)"
3082,2023,전기전자공학,778632350,백승건,1,0.0,0.0,"[분산 시스템 크기에 따른 보안 DDS 디스커버리 소요 시간 및 성공률 분석]
   └ 학회: 한국정보통신학회 (IF: 0.54)"
3083,2023,전기전자공학,661247072,김지윤,1,0.0,0.0,"[선박 에너지 저장 장치 CC 충전 제어 파라미터 최적화 제어 기법 연구]
   └ 학회: 한국정보통신학회 (IF: 0.54)"
3084,2023,전기전자공학,916866382,조홍우,1,0.0,0.0,"[선박 에너지 저장 장치 CC 충전 제어 파라미터 최적화 제어 기법 연구]
   └ 학회: 한국정보통신학회 (IF: 0.54)"
3085,2023,전기전자공학,156837440,김민수,1,0.0,0.0,"[데이터기반 투과도 예측모델 개발을 위한 물리검층 데이터 군집화 연구]
   └ 학회: 한국정보통신학회 (IF: 0.54)"
3086,2023,전기전자공학,178730383,안유빈,1,0.0,0.0,"[데이터기반 투과도 예측모델 개발을 위한 물리검층 데이터 군집화 연구]
   └ 학회: 한국정보통신학회 (IF: 0.54)"
3087,2023,전기전자공학,486257143,김재윤,1,0.0,0.0,"[데이터기반 투과도 예측모델 개발을 위한 물리검층 데이터 군집화 연구]
   └ 학회: 한국정보통신학회 (IF: 0.54)"
3088,2023,전기전자공학,446950264,권순일,1,0.0,0.0,"[데이터기반 투과도 예측모델 개발을 위한 물리검층 데이터 군집화 연구]
   └ 학회: 한국정보통신학회 (IF: 0.54)"
3089,2023,전기전자공학,506646718,이대성,1,0.0,0.0,"[차세대 블록체인 동향]
   └ 학회: 한국정보통신학회 (IF: 0.54)"
3090,2023,전기전자공학,830530379,조광현,1,0.0,0.0,"[Compressed dynamic mode decomposition을 통한 Kirchhoff-Love 판의 효율적인 수치해 예측]
   └ 학회: 한국정보통신학회 (IF: 0.54)"
3091,2023,전기전자공학,834607530,김계태,1,0.0,0.0,"[Compressed dynamic mode decomposition을 통한 Kirchhoff-Love 판의 효율적인 수치해 예측]
   └ 학회: 한국정보통신학회 (IF: 0.54)"
3092,2023,전기전자공학,937175886,서기원,1,0.0,0.0,"[소셜그래프를 활용한 효율적 행렬채움 알고리즘]
   └ 학회: 한국정보통신학회 (IF: 0.54)"
3093,2023,전기전자공학,5109209,신유경,1,0.0,0.0,"[소셜그래프를 활용한 효율적 행렬채움 알고리즘]
   └ 학회: 한국정보통신학회 (IF: 0.54)"
3094,2023,전기전자공학,976542602,진소연,1,0.0,0.0,"[소셜그래프를 활용한 효율적 행렬채움 알고리즘]
   └ 학회: 한국정보통신학회 (IF: 0.54)"
3095,2023,전기전자공학,998816230,안종철,1,0.0,0.0,"[소셜그래프를 활용한 효율적 행렬채움 알고리즘]
   └ 학회: 한국정보통신학회 (IF: 0.54)"
3096,2023,전기전자공학,842066472,서창호,1,0.0,0.0,"[소셜그래프를 활용한 효율적 행렬채움 알고리즘]
   └ 학회: 한국정보통신학회 (IF: 0.54)"
3097,2023,전기전자공학,768631504,이기홍,1,0.0,0.0,"[퍼지 스트레칭을 이용한 세라믹 X-선 영상에서의 비파괴 결함 검출]
   └ 학회: 한국정보통신학회 (IF: 0.54)"
3098,2023,전기전자공학,936396952,변승규,1,0.0,0.0,"[퍼지 스트레칭을 이용한 세라믹 X-선 영상에서의 비파괴 결함 검출]
   └ 학회: 한국정보통신학회 (IF: 0.54)"
3099,2023,전기전자공학,507660094,양희진,1,0.0,0.0,"[적응증강필터기반 영상 안개제거 FPGA시스템 설계 및 구현]
   └ 학회: 한국정보통신학회 (IF: 0.54)"
3100,2023,전기전자공학,333941033,김태완,1,0.0,0.0,"[적응증강필터기반 영상 안개제거 FPGA시스템 설계 및 구현]
   └ 학회: 한국정보통신학회 (IF: 0.54)"
3101,2023,전기전자공학,741375399,조은지,1,0.0,0.0,"[적응증강필터기반 영상 안개제거 FPGA시스템 설계 및 구현]
   └ 학회: 한국정보통신학회 (IF: 0.54)"
3102,2023,전기전자공학,265216586,이소연,1,0.0,0.0,"[적응증강필터기반 영상 안개제거 FPGA시스템 설계 및 구현]
   └ 학회: 한국정보통신학회 (IF: 0.54)"
3103,2023,전기전자공학,848224690,이한슬,1,0.0,0.0,"[적응증강필터기반 영상 안개제거 FPGA시스템 설계 및 구현]
   └ 학회: 한국정보통신학회 (IF: 0.54)"
3104,2023,전기전자공학,548680650,임석현,1,0.0,0.0,"[고속 전역 정합법에서의 다중 매개변수 분석]
   └ 학회: 한국정보통신학회 (IF: 0.54)"
3105,2023,전기전자공학,337709053,박웅희,1,0.0,0.0,"[이중 임피던스 선로를 이용한 출력 단자 가변 브랜치라인 커플러]
   └ 학회: 한국정보통신학회 (IF: 0.54)"
3106,2023,전기전자공학,658532210,서형윤,1,0.0,0.0,"[In-band Network Telemetry에서 전송 오버헤드 감소를 위한 이벤트 기반 모니터링 기법]
   └ 학회: 한국정보통신학회 (IF: 0.54)"
3107,2023,전기전자공학,839421039,이건구,1,0.0,0.0,"[세 명의 동시 사용자를 지원하는 NOMA-CDRT 프로토콜]
   └ 학회: 한국정보통신학회 (IF: 0.54)"
3108,2023,전기전자공학,670736471,정현우,1,0.0,0.0,"[세 명의 동시 사용자를 지원하는 NOMA-CDRT 프로토콜]
   └ 학회: 한국정보통신학회 (IF: 0.54)"
3109,2023,전기전자공학,924623655,김중빈,1,0.0,0.0,"[세 명의 동시 사용자를 지원하는 NOMA-CDRT 프로토콜]
   └ 학회: 한국정보통신학회 (IF: 0.54)"
3110,2023,전기전자공학,789892447,최재무,1,0.0,0.0,"[음성 데이터를 이용한 보안 위협 및 대응 전략]
   └ 학회: 한국정보통신학회 (IF: 0.54)"
3111,2023,전기전자공학,209245313,이승훈,1,0.0,0.0,"[ICT 융합사회의 개인정보 노출 위험평가 매트릭스 개발]
   └ 학회: 한국정보통신학회 (IF: 0.54)"
3112,2023,전기전자공학,119076224,백남균,1,0.0,0.0,"[ICT 융합사회의 개인정보 노출 위험평가 매트릭스 개발]
   └ 학회: 한국정보통신학회 (IF: 0.54)"
3113,2023,전기전자공학,333803363,이동규,1,0.0,0.0,"[지능형 임베디드 장치를 위한 링크 레이어 추상화 기반 실시간 코드 재구성 플랫폼]
   └ 학회: 한국정보통신학회 (IF: 0.54)"
3114,2023,전기전자공학,294917781,김민지,1,0.0,0.0,"[DEVS 형식론을 활용한 IEC 80005-1/2 기반 육상-선박전원공급장치 모델링]
   └ 학회: 한국정보통신학회 (IF: 0.54)"
3115,2023,전기전자공학,369059932,김용환,1,0.0,0.0,"[공공데이터 품질 수준 분석을 이용한 데이터품질관리 연구]
   └ 학회: 한국정보통신학회 (IF: 0.54)"
3116,2023,전기전자공학,414797646,이진희,1,0.0,0.0,"[공공데이터 품질 수준 분석을 이용한 데이터품질관리 연구]
   └ 학회: 한국정보통신학회 (IF: 0.54)"
3117,2023,전기전자공학,232466336,윤영진,1,0.0,0.0,"[공공데이터 품질 수준 분석을 이용한 데이터품질관리 연구]
   └ 학회: 한국정보통신학회 (IF: 0.54)"
3118,2023,전기전자공학,1531544,이상일,1,0.0,0.0,"[공공데이터 품질 수준 분석을 이용한 데이터품질관리 연구]
   └ 학회: 한국정보통신학회 (IF: 0.54)"
3119,2023,전기전자공학,431543861,김성진,1,0.0,0.0,"[공공데이터 품질 수준 분석을 이용한 데이터품질관리 연구]
   └ 학회: 한국정보통신학회 (IF: 0.54)"
3120,2023,전기전자공학,940804572,김혜린,1,0.0,0.0,"[Layer-wise Fine-tuning 기반 사전학습 언어모델 통사적 지식 주입 방법론]
   └ 학회: 한국정보통신학회 (IF: 0.54)"
3121,2023,전기전자공학,259128393,조상현,1,0.0,0.0,"[Layer-wise Fine-tuning 기반 사전학습 언어모델 통사적 지식 주입 방법론]
   └ 학회: 한국정보통신학회 (IF: 0.54)"
3122,2023,전기전자공학,522075129,권혁철,1,0.0,0.0,"[Layer-wise Fine-tuning 기반 사전학습 언어모델 통사적 지식 주입 방법론]
   └ 학회: 한국정보통신학회 (IF: 0.54)"
3123,2023,전기전자공학,824879597,정경석,1,0.0,0.0,"[쌍선형 보간법을 이용한 호모그래피 기반 Salt and Pepper 잡음 제거 기법]
   └ 학회: 한국정보통신학회 (IF: 0.54)"
3124,2023,전기전자공학,327103081,최병윤,1,0.0,0.0,"[16-비트 압축 명령과 32-비트 정수 명령을 지원하는 RISC-V 마이크로프로세서의 하드웨어 설계]
   └ 학회: 한국정보통신학회 (IF: 0.54)"
3125,2023,전기전자공학,310569130,김현재,1,0.0,0.0,"[다중 깊이의 토양 수분 측정을 위한 장치 설계 및 구현]
   └ 학회: 한국정보통신학회 (IF: 0.54)"
3126,2023,전기전자공학,407659489,이정환,1,0.0,0.0,"[다중 깊이의 토양 수분 측정을 위한 장치 설계 및 구현]
   └ 학회: 한국정보통신학회 (IF: 0.54)"
3127,2023,전기전자공학,325361584,백재석,1,0.0,0.0,"[전류적산법 및 확장칼만필터를 적용한 배터리 SOC 추정 오차 최소화 알고리즘]
   └ 학회: 한국정보통신학회 (IF: 0.54)"
3128,2023,전기전자공학,577450819,이옥재,1,0.0,0.0,"[전류적산법 및 확장칼만필터를 적용한 배터리 SOC 추정 오차 최소화 알고리즘]
   └ 학회: 한국정보통신학회 (IF: 0.54)"
3129,2023,전기전자공학,641969517,강영명,1,0.0,0.0,"[차세대 Wi-Fi 8 개발 방향 전망]
   └ 학회: 한국정보통신학회 (IF: 0.54)"
3130,2023,전기전자공학,139521244,Hyungwook Shim,1,0.0,0.0,"[Preferences for Supercomputer Resources Using the Logit Model]
   └ 학회: 한국정보통신학회JICCE (IF: 0.54)"
3131,2023,전기전자공학,449288609,Jaegyoon Hahm,1,0.0,0.0,"[Preferences for Supercomputer Resources Using the Logit Model]
   └ 학회: 한국정보통신학회JICCE (IF: 0.54)"
3132,2023,전기전자공학,808520263,Si-Hyun Kim,1,0.0,0.0,"[Microservice Identification by Partitioning Monolithic Web Applications Based on Use-Cases]
   └ 학회: 한국정보통신학회JICCE (IF: 0.54)"
3133,2023,전기전자공학,396267887,Daeil Jung,1,0.0,0.0,"[Microservice Identification by Partitioning Monolithic Web Applications Based on Use-Cases]
   └ 학회: 한국정보통신학회JICCE (IF: 0.54)"
3134,2023,전기전자공학,718653510,Norhayati Mohd Ali,1,0.0,0.0,"[Microservice Identification by Partitioning Monolithic Web Applications Based on Use-Cases]
   └ 학회: 한국정보통신학회JICCE (IF: 0.54)"
3135,2023,전기전자공학,595063039,Abu Bakar Md Sultan,1,0.0,0.0,"[Microservice Identification by Partitioning Monolithic Web Applications Based on Use-Cases]
   └ 학회: 한국정보통신학회JICCE (IF: 0.54)"
3136,2023,전기전자공학,754455728,Phrimphrai Wongchomphu,1,0.0,0.0,"[SCA Advice System: Ontology Framework for a Computer Curricula Advice System Based on Student Behavior]
   └ 학회: 한국정보통신학회JICCE (IF: 0.54)"
3137,2023,전기전자공학,888328342,Chutima Beokhaimook,1,0.0,0.0,"[SCA Advice System: Ontology Framework for a Computer Curricula Advice System Based on Student Behavior]
   └ 학회: 한국정보통신학회JICCE (IF: 0.54)"
3138,2023,전기전자공학,999552629,Doo Heon Song,1,0.0,0.0,"[Combining Hough Transform and Fuzzy Unsupervised Learning Strategy in Automatic Segmentation of Large Bowel Obstruction Area from Erect Abdominal Radiographs]
   └ 학회: 한국정보통신학회JICCE (IF: 0.54)"
3139,2023,전기전자공학,132775112,Jin Ho Lee,1,0.0,0.0,"[A Scene-Specific Object Detection System Utilizing the Advantages of Fixed-Location Cameras]
   └ 학회: 한국정보통신학회JICCE (IF: 0.54)"
3140,2023,전기전자공학,646265293,In Su Kim,1,0.0,0.0,"[A Scene-Specific Object Detection System Utilizing the Advantages of Fixed-Location Cameras]
   └ 학회: 한국정보통신학회JICCE (IF: 0.54)"
3141,2023,전기전자공학,532855554,Hector Acosta,1,0.0,0.0,"[A Scene-Specific Object Detection System Utilizing the Advantages of Fixed-Location Cameras]
   └ 학회: 한국정보통신학회JICCE (IF: 0.54)"
3142,2023,전기전자공학,166773780,Hyeong Bok Kim,1,0.0,0.0,"[A Scene-Specific Object Detection System Utilizing the Advantages of Fixed-Location Cameras]
   └ 학회: 한국정보통신학회JICCE (IF: 0.54)"
3143,2023,전기전자공학,312501196,Seung Won Lee,1,0.0,0.0,"[A Scene-Specific Object Detection System Utilizing the Advantages of Fixed-Location Cameras]
   └ 학회: 한국정보통신학회JICCE (IF: 0.54)"
3144,2023,전기전자공학,362374105,Soon Ki Jung,1,0.0,0.0,"[A Scene-Specific Object Detection System Utilizing the Advantages of Fixed-Location Cameras]
   └ 학회: 한국정보통신학회JICCE (IF: 0.54)"
3145,2023,전기전자공학,123685518,Thi Thuy Hoang,1,0.0,0.0,"[An Evaluation Method of Taekwondo Poomsae Performance]
   └ 학회: 한국정보통신학회JICCE (IF: 0.54)"
3146,2023,전기전자공학,574273316,Heejune Ahn,1,0.0,0.0,"[An Evaluation Method of Taekwondo Poomsae Performance]
   └ 학회: 한국정보통신학회JICCE (IF: 0.54)"
3147,2023,전기전자공학,140388372,Seokjin Im,1,0.0,0.0,"[A Hybrid Index of Voronoi and Grid Partition for NN Search]
   └ 학회: 국제인공지능학회 (IF: 0.51)"
3148,2023,전기전자공학,403247308,Nhat Duy Nguyen,1,0.0,0.0,"[Research And Design Of Guidance And Control System For Unmanned Surface Vessels]
   └ 학회: 국제인공지능학회 (IF: 0.51)"
3149,2023,전기전자공학,815364410,Soonduck Yoo,1,0.0,0.0,"[Comparative analysis of blockchain trilemma]
   └ 학회: 국제인공지능학회 (IF: 0.51)"
3150,2023,전기전자공학,607943795,Tuguldur Enkhtuya,1,0.0,0.0,"[Experimental Analysis of Bankruptcy Prediction with SHAP framework on Polish Companies]
   └ 학회: 국제인공지능학회 (IF: 0.51)"
3151,2023,전기전자공학,421814710,Jisu Park,1,0.0,0.0,"[Direction of Global Citizenship Education in the Age of Infodemic : A Case Study of the COVID-19 Pandemic in Korea]
   └ 학회: 국제인공지능학회 (IF: 0.51)"
3152,2023,전기전자공학,518083106,Sang Van Nguyen,1,0.0,0.0,"[Effect Of Cut Depth On Rough Quality And Energy Consumption When Turing Cylindrical With The Pinacho S-90/200 Lathe]
   └ 학회: 국제인공지능학회 (IF: 0.51)"
3153,2023,전기전자공학,569420121,Fadhli Ranuharja,1,0.0,0.0,"[Effect Of Cut Depth On Rough Quality And Energy Consumption When Turing Cylindrical With The Pinacho S-90/200 Lathe]
   └ 학회: 국제인공지능학회 (IF: 0.51)"
3154,2023,전기전자공학,158413972,Young-Il Chae,1,0.0,0.0,"[The Effect of Instatoon Service Quality on Diffusion Intention through Satisfaction and Dissatisfaction Coexistence]
   └ 학회: 국제인공지능학회 (IF: 0.51)"
3155,2023,전기전자공학,146192070,Minkyung Cho,1,0.0,0.0,"[Psychometrics of Perspective Taking in Writing: Combining Manual Coding and Computational Approaches]
   └ 학회: 국제인공지능학회 (IF: 0.51)"
3156,2023,전기전자공학,126176393,Haitao Jiang,1,0.0,0.0,"[A Study on Real-time Graphic Workflow For Achieving The Photorealistic Virtual Influencer]
   └ 학회: 국제인공지능학회 (IF: 0.51)"
3157,2023,전기전자공학,774073938,Yoontaek Sung,1,0.0,0.0,"[Enhancing the Reliability of OTT Viewing Data in the Golden Age of Streaming: A Small Sample AHP Analysis and In-Depth Interview]
   └ 학회: 국제인공지능학회 (IF: 0.51)"
3158,2023,전기전자공학,257161861,Hye-Min Byeon,1,0.0,0.0,"[Enhancing the Reliability of OTT Viewing Data in the Golden Age of Streaming: A Small Sample AHP Analysis and In-Depth Interview]
   └ 학회: 국제인공지능학회 (IF: 0.51)"
3159,2023,전기전자공학,1522819,Yoonmo Sang,1,0.0,0.0,"[Enhancing the Reliability of OTT Viewing Data in the Golden Age of Streaming: A Small Sample AHP Analysis and In-Depth Interview]
   └ 학회: 국제인공지능학회 (IF: 0.51)"
3160,2023,전기전자공학,963315371,Sangwon Na,1,0.0,0.0,"[Analysis and Detection of Malicious Data Hidden in Slack Space on OOXML-based Corrupted MS-Office Digital Files]
   └ 학회: 국제인공지능학회 (IF: 0.51)"
3161,2023,전기전자공학,193460264,Hyung-Woo Lee,1,0.0,0.0,"[Analysis and Detection of Malicious Data Hidden in Slack Space on OOXML-based Corrupted MS-Office Digital Files]
   └ 학회: 국제인공지능학회 (IF: 0.51)"
3162,2023,전기전자공학,1274432,Minhee Son,1,0.0,0.0,"[The Joint Effect of Multi-Promotion Offers and Consumer Mindset in Fostering Product Purchase Intention]
   └ 학회: 국제인공지능학회 (IF: 0.51)"
3163,2023,전기전자공학,199587624,Se-Yong Kwon,1,0.0,0.0,"[The Effect of Selection Attributes of Public Delivery Apps and Support for Public Institutions on the Intention of Restaurant Service Providers to Use Public Delivery Apps]
   └ 학회: 국제인공지능학회 (IF: 0.51)"
3164,2023,전기전자공학,650247308,Li-Ping Yu,1,0.0,0.0,"[The Effect of Selection Attributes of Public Delivery Apps and Support for Public Institutions on the Intention of Restaurant Service Providers to Use Public Delivery Apps]
   └ 학회: 국제인공지능학회 (IF: 0.51)"
3165,2023,전기전자공학,467006219,Hyung-Ho Kim,1,0.0,0.0,"[The Effect of Selection Attributes of Public Delivery Apps and Support for Public Institutions on the Intention of Restaurant Service Providers to Use Public Delivery Apps]
   └ 학회: 국제인공지능학회 (IF: 0.51)"
3166,2023,전기전자공학,241974417,Sang Hyun Lee,1,0.0,0.0,"[Effects of Resistance Exercise for 12-weeks on Body Composition, Circumference and Muscle Activity by Age]
   └ 학회: 국제인공지능학회 (IF: 0.51)"
3167,2023,전기전자공학,441245338,Tae Gyu Yu,1,0.0,0.0,"[Prediction of Veterans Care Demand and Supply System for Veterans]
   └ 학회: 국제인공지능학회 (IF: 0.51)"
3168,2023,전기전자공학,622731716,Hong Jae Shin,1,0.0,0.0,"[Ultra-High Resolution and Large Size Organic Light Emitting Diode Panels with Highly Reliable Gate Driver Circuits]
   └ 학회: 국제인공지능학회 (IF: 0.51)"
3169,2023,전기전자공학,122289988,Gaeun Kim,1,0.0,0.0,"[A Study on Optimizing User-Centered Disaster and Safety Information Application Service]
   └ 학회: 국제인공지능학회 (IF: 0.51)"
3170,2023,전기전자공학,137674031,Byungjoo Park,1,0.0,0.0,"[A Study on Optimizing User-Centered Disaster and Safety Information Application Service]
   └ 학회: 국제인공지능학회 (IF: 0.51)"
3171,2023,전기전자공학,406316816,Sun Ho Jeong,1,0.0,0.0,"[Framing National and International Disasters: A Case Study of News Coverage on Post-Disaster Relief]
   └ 학회: 국제인공지능학회 (IF: 0.51)"
3172,2023,전기전자공학,172028789,Jeonghyun LEE,1,0.0,0.0,"[Development of a Model to Predict the Volatility of Housing Prices Using Artificial Intelligence]
   └ 학회: 국제인공지능학회 (IF: 0.51)"
3173,2023,전기전자공학,488213250,Huijuan Ding,1,0.0,0.0,"[Traffic Flow Prediction with Spatio-Temporal Information Fusion using Graph Neural Networks]
   └ 학회: 국제인공지능학회 (IF: 0.51)"
3174,2023,전기전자공학,168691969,노기섭,1,0.0,0.0,"[Traffic Flow Prediction with Spatio-Temporal Information Fusion using Graph Neural Networks]
   └ 학회: 국제인공지능학회 (IF: 0.51)"
3175,2023,전기전자공학,447655305,Dongjin Han,1,0.0,0.0,"[Refinement of Ground Truth Data for X-ray Coronary Artery Angiography (CAG) using Active Contour Model]
   └ 학회: 국제인공지능학회 (IF: 0.51)"
3176,2023,전기전자공학,392303865,Youngjoon Park,1,0.0,0.0,"[Refinement of Ground Truth Data for X-ray Coronary Artery Angiography (CAG) using Active Contour Model]
   └ 학회: 국제인공지능학회 (IF: 0.51)"
3177,2023,전기전자공학,873580623,Min-Su Yu,1,0.0,0.0,"[3D Object Generation and Renderer System based on VAE ResNet-GAN]
   └ 학회: 국제인공지능학회 (IF: 0.51)"
3178,2023,전기전자공학,127685097,Tae-Won Jung,1,0.0,0.0,"[3D Object Generation and Renderer System based on VAE ResNet-GAN]
   └ 학회: 국제인공지능학회 (IF: 0.51)"
3179,2023,전기전자공학,744740450,김경현,1,0.0,0.0,"[3D Object Generation and Renderer System based on VAE ResNet-GAN]
   └ 학회: 국제인공지능학회 (IF: 0.51)"
3180,2023,전기전자공학,730780396,Kye-Dong Jung,1,0.0,0.0,"[3D Object Generation and Renderer System based on VAE ResNet-GAN]
   └ 학회: 국제인공지능학회 (IF: 0.51)"
3181,2023,전기전자공학,526505885,Yo-Seob Lee,1,0.0,0.0,"[Analysis of AI Content Detector Tools]
   └ 학회: 국제인공지능학회 (IF: 0.51)"
3182,2023,전기전자공학,612536124,Phil-Joo Moon,1,0.0,0.0,"[Analysis of AI Content Detector Tools]
   └ 학회: 국제인공지능학회 (IF: 0.51)"
3183,2023,전기전자공학,504061300,Myoungho Oh,1,0.0,0.0,"[Development of Radar-enabled AI Convergence Transportation Entities Detection System for Lv.4 Connected Autonomous Driving in Adverse Weather]
   └ 학회: 국제인공지능학회 (IF: 0.51)"
3184,2023,전기전자공학,576518242,Mun-Yong Park,1,0.0,0.0,"[Development of Radar-enabled AI Convergence Transportation Entities Detection System for Lv.4 Connected Autonomous Driving in Adverse Weather]
   └ 학회: 국제인공지능학회 (IF: 0.51)"
3185,2023,전기전자공학,378520152,Kwang-Hyun Lim,1,0.0,0.0,"[Development of Radar-enabled AI Convergence Transportation Entities Detection System for Lv.4 Connected Autonomous Driving in Adverse Weather]
   └ 학회: 국제인공지능학회 (IF: 0.51)"
3186,2023,전기전자공학,759868166,Hyung-Taek Kim,1,0.0,0.0,"[A Comparison of Simulation Characteristics of VacCAD and VacTran as Vacuum Simulator]
   └ 학회: 국제인공지능학회 (IF: 0.51)"
3187,2023,전기전자공학,767544456,Zong-Yi Zhu,1,0.0,0.0,"[Movie Experience Sharing on Social Networking Sites of Cinema: Interplay between Telepresence and Customer Delight]
   └ 학회: 국제인공지능학회 (IF: 0.51)"
3188,2023,전기전자공학,411257195,Seokjun Lee,1,0.0,0.0,"[Implementing I/O Bandwidth Sharing Scheme between Multiple Linux Containers based on Dm-zoned for Zoned Namespace SSDs]
   └ 학회: 국제인공지능학회 (IF: 0.51)"
3189,2023,전기전자공학,710120630,Sungyong Ahn,1,0.0,0.0,"[Implementing I/O Bandwidth Sharing Scheme between Multiple Linux Containers based on Dm-zoned for Zoned Namespace SSDs]
   └ 학회: 국제인공지능학회 (IF: 0.51)"
3190,2023,전기전자공학,124850254,Yitong Jiang,1,0.0,0.0,"[Exploring the Influence of Pop-Up Store Experiences on Consumer Word-of-Mouth Intentions: The Mediating Role of Brand Charisma]
   └ 학회: 국제인공지능학회 (IF: 0.51)"
3191,2023,전기전자공학,672719226,박복재,1,0.0,0.0,"[Exploring the Influence of Pop-Up Store Experiences on Consumer Word-of-Mouth Intentions: The Mediating Role of Brand Charisma]
   └ 학회: 국제인공지능학회 (IF: 0.51)"
3192,2023,전기전자공학,935882477,Yun-Mi Min,1,0.0,0.0,"[The Impact of Movement Education Programs on the Empathy Ability of Disabled Children]
   └ 학회: 국제인공지능학회 (IF: 0.51)"
3193,2023,전기전자공학,895172614,DaYun Kang,1,0.0,0.0,"[A Comparative Study on Female Character Design in Disney Animation]
   └ 학회: 국제인공지능학회 (IF: 0.51)"
3194,2023,전기전자공학,319872593,Seung-Ho Ryu,1,0.0,0.0,"[Investigating the Effects of Art Product’s NFT Characteristics on Purchase Intention for Self and Others]
   └ 학회: 국제인공지능학회 (IF: 0.51)"
3195,2023,전기전자공학,352862744,"Gyu-sun, Moon",1,0.0,0.0,"[Relationship Between Taekwondo Information Website attributes, Website Immersion, and Website Attitude]
   └ 학회: 국제인공지능학회 (IF: 0.51)"
3196,2023,전기전자공학,880816672,ZhengRan Liu,1,0.0,0.0,"[A study on the Performance of Hybrid Normal Mapping Techniques for Real-time Rendering]
   └ 학회: 국제인공지능학회 (IF: 0.51)"
3197,2023,전기전자공학,714433738,YuanZi Sang,1,0.0,0.0,"[A study on the Performance of Hybrid Normal Mapping Techniques for Real-time Rendering]
   └ 학회: 국제인공지능학회 (IF: 0.51)"
3198,2023,전기전자공학,745429336,JaeHeon Son,1,0.0,0.0,"[Effect of Forest Road Types on Salivary Cortisol, Blood Lactate and Heart Rate during Walking Exercise]
   └ 학회: 국제인공지능학회 (IF: 0.51)"
3199,2023,전기전자공학,371069961,Junwon Min,1,0.0,0.0,"[Effect of Forest Road Types on Salivary Cortisol, Blood Lactate and Heart Rate during Walking Exercise]
   └ 학회: 국제인공지능학회 (IF: 0.51)"
3200,2023,전기전자공학,535100356,Youngmin Choi,1,0.0,0.0,"[Effects of 8-Week Elastic Resistance Exercise on Knee Isokinetic Rate of Velocity Development and Balance by Age]
   └ 학회: 국제인공지능학회 (IF: 0.51)"
3201,2023,전기전자공학,836119604,Keum-Bong Choi,1,0.0,0.0,"[A Study on the Safety Perception, Ethical Awareness, and Safety Activities of Nursing Students]
   └ 학회: 국제인공지능학회 (IF: 0.51)"
3202,2023,전기전자공학,813452040,Young-Jin Chi,1,0.0,0.0,"[Differences in Lower Extremity Electromyographic Responses Based on Foot Position and Swing Phase in Golf Driver Swings]
   └ 학회: 국제인공지능학회 (IF: 0.51)"
3203,2023,전기전자공학,395094567,Byung-Kwan Kim,1,0.0,0.0,"[Differences in Lower Extremity Electromyographic Responses Based on Foot Position and Swing Phase in Golf Driver Swings]
   └ 학회: 국제인공지능학회 (IF: 0.51)"
3204,2023,전기전자공학,485739625,Gabriel D. M. Manalu,1,0.0,0.0,"[Enhancing Acute Kidney Injury Prediction through Integration of Drug Features in Intensive Care Units]
   └ 학회: 국제인공지능학회 (IF: 0.51)"
3205,2023,전기전자공학,140454922,Mulomba Mukendi Christian,1,0.0,0.0,"[Enhancing Acute Kidney Injury Prediction through Integration of Drug Features in Intensive Care Units]
   └ 학회: 국제인공지능학회 (IF: 0.51)"
3206,2023,전기전자공학,365047208,유송희,1,0.0,0.0,"[Enhancing Acute Kidney Injury Prediction through Integration of Drug Features in Intensive Care Units]
   └ 학회: 국제인공지능학회 (IF: 0.51)"
3207,2023,전기전자공학,736709804,Hyebong Choi,1,0.0,0.0,"[Enhancing Acute Kidney Injury Prediction through Integration of Drug Features in Intensive Care Units]
   └ 학회: 국제인공지능학회 (IF: 0.51)"
3208,2023,전기전자공학,886279873,"Kwon, Young Woong",1,0.0,0.0,"[Dimension Enhancement Design of Bracket for Strength Improvement of the Bus Bare Chassis in which Shape is Fixed]
   └ 학회: 국제인공지능학회 (IF: 0.51)"
3209,2023,전기전자공학,327555914,Bu-Seob Sien,1,0.0,0.0,"[Manufacturing of the Prototype for CVT using Spring & Application at Small Electric Vehicle]
   └ 학회: 국제인공지능학회 (IF: 0.51)"
3210,2023,전기전자공학,769580035,June Hwan Kim,1,0.0,0.0,"[A study on the Improvement of Electromyography of Agricultural Work Chairs for the Prevention of Musculoskeletal Disorders]
   └ 학회: 국제인공지능학회 (IF: 0.51)"
3211,2023,전기전자공학,366926747,Eun Suk Lee,1,0.0,0.0,"[A study on the Improvement of Electromyography of Agricultural Work Chairs for the Prevention of Musculoskeletal Disorders]
   └ 학회: 국제인공지능학회 (IF: 0.51)"
3212,2023,전기전자공학,913809066,최원식,1,0.0,0.0,"[A study on the Improvement of Electromyography of Agricultural Work Chairs for the Prevention of Musculoskeletal Disorders]
   └ 학회: 국제인공지능학회 (IF: 0.51)"
3213,2023,전기전자공학,682366348,Zong-Yi Zhu,1,0.0,0.0,"[Determining How Image of Social Media Influencers Affect Korean Food Purchase Behavior in China: An Image Transfer Perspective]
   └ 학회: 국제인공지능학회 (IF: 0.51)"
3214,2023,전기전자공학,900137505,Hoang Tuan Nguyen,1,0.0,0.0,"[Commercialization of Scientific Research Activity Results at Vietnam’s Universities: Current Challenges and Solutions]
   └ 학회: 국제인공지능학회 (IF: 0.51)"
3215,2023,전기전자공학,972725627,Kang Woon Jo,1,0.0,0.0,"[The Effect of manager's Communication Type on Organizational Culture and Innovative Behavior]
   └ 학회: 국제인공지능학회 (IF: 0.51)"
3216,2023,전기전자공학,622971250,Moon Jun Kim,1,0.0,0.0,"[The Effect of manager's Communication Type on Organizational Culture and Innovative Behavior]
   └ 학회: 국제인공지능학회 (IF: 0.51)"
3217,2023,전기전자공학,326750882,"Hwan Cheol, Hwang",1,0.0,0.0,"[The Effect of manager's Communication Type on Organizational Culture and Innovative Behavior]
   └ 학회: 국제인공지능학회 (IF: 0.51)"
3218,2023,전기전자공학,483642409,Se-jong Ahn,1,0.0,0.0,"[Improving safety performance of construction workers through cognitive function training]
   └ 학회: 국제인공지능학회 (IF: 0.51)"
3219,2023,전기전자공학,871244119,Ho-sang Moon,1,0.0,0.0,"[Improving safety performance of construction workers through cognitive function training]
   └ 학회: 국제인공지능학회 (IF: 0.51)"
3220,2023,전기전자공학,355683467,정성택,1,0.0,0.0,"[Improving safety performance of construction workers through cognitive function training]
   └ 학회: 국제인공지능학회 (IF: 0.51)"
3221,2023,전기전자공학,700348427,이재혁,1,0.0,0.0,"[A Study On the Cooling Effect of the Floating Horizontal Solar Cell]
   └ 학회: 국제인공지능학회 (IF: 0.51)"
3222,2023,전기전자공학,497112224,Jun-Chen Lin,1,0.0,0.0,"[The Effects of ESG on Returns : Focusing on Chinese IT Companies]
   └ 학회: 국제인공지능학회 (IF: 0.51)"
3223,2023,전기전자공학,466798535,Ji-Young Kwak,1,0.0,0.0,"[The Effects of ESG on Returns : Focusing on Chinese IT Companies]
   └ 학회: 국제인공지능학회 (IF: 0.51)"
3224,2023,전기전자공학,817465409,Seungwon Lee,1,0.0,0.0,"[Implementation of Public Address System Using Anchor Technology]
   └ 학회: 국제인공지능학회 (IF: 0.51)"
3225,2023,전기전자공학,800406353,Junhyung Kim,1,0.0,0.0,"[Comparison Gait Analysis of Normal and Amputee: Filtering Graph Data Based on Joint Angle]
   └ 학회: 국제인공지능학회 (IF: 0.51)"
3226,2023,전기전자공학,731959124,Hyunjung Lee,1,0.0,0.0,"[Qualitative content analysis of journals of cadaver practice experiences in nursing students]
   └ 학회: 국제인공지능학회 (IF: 0.51)"
3227,2023,전기전자공학,805225250,Heonyong Jung,1,0.0,0.0,"[The Environmental, Social, and Governance (ESG) Rating, Firm Value and the Corporate Ownership Concentration]
   └ 학회: 국제인공지능학회 (IF: 0.51)"
3228,2023,전기전자공학,440555316,JINHO LEE,1,0.0,0.0,"[The study on Analysis of factors of restaurant start-ups using big data]
   └ 학회: 국제인공지능학회 (IF: 0.51)"
3229,2023,전기전자공학,174692067,Sung-Woo Park,1,0.0,0.0,"[The study on Analysis of factors of restaurant start-ups using big data]
   └ 학회: 국제인공지능학회 (IF: 0.51)"
3230,2023,전기전자공학,166376775,Jun-Young Lee,1,0.0,0.0,"[The Effect of the CEO's Entrepreneurship on Corporate Performance in the Restaurant Industry]
   └ 학회: 국제인공지능학회 (IF: 0.51)"
3231,2023,전기전자공학,312852620,Sung-Ho Ban,1,0.0,0.0,"[The Effect of the CEO's Entrepreneurship on Corporate Performance in the Restaurant Industry]
   └ 학회: 국제인공지능학회 (IF: 0.51)"
3232,2023,전기전자공학,578404386,Ji-Woo Han,1,0.0,0.0,"[The Mediating Effects of Subjective Health Perception on the Relationship between Physical Activity, Eating Habits and Mental Health in Gangwon-do Youth]
   └ 학회: 국제인공지능학회 (IF: 0.51)"
3233,2023,전기전자공학,352829700,Hyuntae Kim,1,0.0,0.0,"[Linguistical approach with Automatic MBTI Identification Model based on Measuring Bioelectricity Patterns]
   └ 학회: 국제인공지능학회 (IF: 0.51)"
3234,2023,전기전자공학,891904431,Ye-Jin Jin,1,0.0,0.0,"[Linguistical approach with Automatic MBTI Identification Model based on Measuring Bioelectricity Patterns]
   └ 학회: 국제인공지능학회 (IF: 0.51)"
3235,2023,전기전자공학,288099376,Hye-Jin Jeon,1,0.0,0.0,"[Linguistical approach with Automatic MBTI Identification Model based on Measuring Bioelectricity Patterns]
   └ 학회: 국제인공지능학회 (IF: 0.51)"
3236,2023,전기전자공학,847046249,Janghwan Kim,1,0.0,0.0,"[Linguistical approach with Automatic MBTI Identification Model based on Measuring Bioelectricity Patterns]
   └ 학회: 국제인공지능학회 (IF: 0.51)"
3237,2023,전기전자공학,402209086,R. Young Chul Kim,1,0.0,0.0,"[Linguistical approach with Automatic MBTI Identification Model based on Measuring Bioelectricity Patterns]
   └ 학회: 국제인공지능학회 (IF: 0.51)"
3238,2023,전기전자공학,487974370,Hidetoshi Nagai,1,0.0,0.0,"[Visualization of Motor Unit Activities in a Single-channel Surface EMG Signal]
   └ 학회: 국제인공지능학회 (IF: 0.51)"
3239,2023,전기전자공학,866031024,Sunwoo Hwang,1,0.0,0.0,"[On the Establishment of LSTM-based Predictive Maintenance Platform to Secure The Operational Reliability of ICT/Cold-Chain Unmanned Storage]
   └ 학회: 국제인공지능학회 (IF: 0.51)"
3240,2023,전기전자공학,167722692,Chansook Lim,1,0.0,0.0,"[A simulation study on TCP performance for constrained IoT networks]
   └ 학회: 국제인공지능학회 (IF: 0.51)"
3241,2023,전기전자공학,715774680,Eunyoung Lee,1,0.0,0.0,"[A Study of the factors affecting the satisfaction of online classes]
   └ 학회: 국제인공지능학회 (IF: 0.51)"
3242,2023,전기전자공학,738060036,GANTUMUR GANTSEND,1,0.0,0.0,"[The Effect of Beauty Influencer Characteristics on Relationship Continuation Intention and Purchase Intention - Focusing on Mongolian Consumers -]
   └ 학회: 국제인공지능학회 (IF: 0.51)"
3243,2023,전기전자공학,997278954,Min Jung Kang,1,0.0,0.0,"[The Effect of Beauty Influencer Characteristics on Relationship Continuation Intention and Purchase Intention - Focusing on Mongolian Consumers -]
   └ 학회: 국제인공지능학회 (IF: 0.51)"
3244,2023,전기전자공학,510516996,Yeong-Ae Ku,1,0.0,0.0,"[The Effect of Service Quality of Convenience Stores on Customer Loyalty Through the Emotional Response of Customers - Focusing on GS Convenience Stores-]
   └ 학회: 국제인공지능학회 (IF: 0.51)"
3245,2023,전기전자공학,841295184,Soo-Mok Jung,1,0.0,0.0,"[An Improved Reversible Data Hiding Technique using Histogram Characteristics of Image]
   └ 학회: 국제인공지능학회 (IF: 0.51)"
3246,2023,전기전자공학,924254108,Sun Xiangbo,1,0.0,0.0,"[Research on the impact of digital media art on tourism cultural communication]
   └ 학회: 국제인공지능학회 (IF: 0.51)"
3247,2023,전기전자공학,593164700,"Hong,Chang-kee",1,0.0,0.0,"[Research on the impact of digital media art on tourism cultural communication]
   └ 학회: 국제인공지능학회 (IF: 0.51)"
3248,2023,전기전자공학,516747549,Geumbi Lee,1,0.0,0.0,"[Design of Public Transportation Route Guidance System for Wheelchair Users Utilizing Public Data of Seoul City]
   └ 학회: 국제인공지능학회 (IF: 0.51)"
3249,2023,전기전자공학,281637762,Seunghyun Kim,1,0.0,0.0,"[Design of Public Transportation Route Guidance System for Wheelchair Users Utilizing Public Data of Seoul City]
   └ 학회: 국제인공지능학회 (IF: 0.51)"
3250,2023,전기전자공학,366144042,Kisu Kim,1,0.0,0.0,"[Design of Public Transportation Route Guidance System for Wheelchair Users Utilizing Public Data of Seoul City]
   └ 학회: 국제인공지능학회 (IF: 0.51)"
3251,2023,전기전자공학,973118272,Jaehyeong Go,1,0.0,0.0,"[Design of Public Transportation Route Guidance System for Wheelchair Users Utilizing Public Data of Seoul City]
   └ 학회: 국제인공지능학회 (IF: 0.51)"
3252,2023,전기전자공학,797090307,Yongjoo Jun,1,0.0,0.0,"[Design of Public Transportation Route Guidance System for Wheelchair Users Utilizing Public Data of Seoul City]
   └ 학회: 국제인공지능학회 (IF: 0.51)"
3253,2023,전기전자공학,222049126,Xiaodi Cui,1,0.0,0.0,"[A Color Study of the Sky Area Focused on the Van Gogh's Paintings]
   └ 학회: 국제인공지능학회 (IF: 0.51)"
3254,2023,전기전자공학,968631946,Jeanhun Chung,1,0.0,0.0,"[A Color Study of the Sky Area Focused on the Van Gogh's Paintings]
   └ 학회: 국제인공지능학회 (IF: 0.51)"
3255,2023,전기전자공학,354904823,Jeanhun Chung,1,0.0,0.0,"[Study on the Influence of the Language Symbols on Side-Scrolling Puzzle Games - Focused on the Players' Empathy]
   └ 학회: 국제인공지능학회 (IF: 0.51)"
3256,2023,전기전자공학,526096673,Fu Linwei,1,0.0,0.0,"[Research on the Expression Features of Naked-eye 3D Effect of LED Screen Based on Optical Illusion Art]
   └ 학회: 국제인공지능학회 (IF: 0.51)"
3257,2023,전기전자공학,553024012,Vu Hoang Phuong,1,0.0,0.0,"[Research and Calculate 29/34-Seat Passenger Cars to Ensure Safety for Occupants in the Event of a Collision According to ECE R94 Standards]
   └ 학회: 국제인공지능학회 (IF: 0.51)"
3258,2023,전기전자공학,548394650,Nguyen Cong Thanh,1,0.0,0.0,"[Research and Calculate 29/34-Seat Passenger Cars to Ensure Safety for Occupants in the Event of a Collision According to ECE R94 Standards]
   └ 학회: 국제인공지능학회 (IF: 0.51)"
3259,2023,전기전자공학,851975076,Nguyen Quoc Tuan,1,0.0,0.0,"[Research and Calculate 29/34-Seat Passenger Cars to Ensure Safety for Occupants in the Event of a Collision According to ECE R94 Standards]
   └ 학회: 국제인공지능학회 (IF: 0.51)"
3260,2023,전기전자공학,432881723,Ta Hong Thanh Tu,1,0.0,0.0,"[Research and Calculate 29/34-Seat Passenger Cars to Ensure Safety for Occupants in the Event of a Collision According to ECE R94 Standards]
   └ 학회: 국제인공지능학회 (IF: 0.51)"
3261,2023,전기전자공학,868033363,Minh - Tran Anh,1,0.0,0.0,"[The Study of Transmission Spectrum of Twisted Nematic Liquid Crystal Doped with Phosphorus Micro Particles Apply for Vehicle Lamp]
   └ 학회: 국제인공지능학회 (IF: 0.51)"
3262,2023,전기전자공학,252412027,Jae Hyun Cho,1,0.0,0.0,"[A Study on the Corporate Management Strategy of OTT Service: Focusing on Coupang Play]
   └ 학회: 국제인공지능학회 (IF: 0.51)"
3263,2023,전기전자공학,469291418,Min Jung Kang,1,0.0,0.0,"[A Study on the Corporate Management Strategy of OTT Service: Focusing on Coupang Play]
   └ 학회: 국제인공지능학회 (IF: 0.51)"
3264,2023,전기전자공학,207932700,Dong-Woo Lee,1,0.0,0.0,"[Characteristic Analysis and Development Direction for Defense UAVs]
   └ 학회: 국제인공지능학회 (IF: 0.51)"
3265,2023,전기전자공학,944938275,Jin-Soek Choi,1,0.0,0.0,"[Effects of 8-week resistance exercise on gait-related isokinetic muscle function in males by age]
   └ 학회: 국제인공지능학회 (IF: 0.51)"
3266,2023,전기전자공학,893257965,Hwan-Jong Jeong,1,0.0,0.0,"[Effects of 8-week resistance exercise on gait-related isokinetic muscle function in males by age]
   └ 학회: 국제인공지능학회 (IF: 0.51)"
3267,2023,전기전자공학,314704262,Ki-Hong Kim,1,0.0,0.0,"[Effects of 8-week resistance exercise on gait-related isokinetic muscle function in males by age]
   └ 학회: 국제인공지능학회 (IF: 0.51)"
3268,2023,전기전자공학,537649239,Byung-Kwan Kim,1,0.0,0.0,"[Effects of 8-week resistance exercise on gait-related isokinetic muscle function in males by age]
   └ 학회: 국제인공지능학회 (IF: 0.51)"
3269,2023,전기전자공학,360014005,Chanuk Park,1,0.0,0.0,"[A Study on the Acceptance of the 52-Hour Workweek System in Game Industry]
   └ 학회: 국제인공지능학회 (IF: 0.51)"
3270,2023,전기전자공학,469304953,You-Jung Kim,1,0.0,0.0,"[Analysis of learning flow and learning satisfaction according to the non-face- to-face class operation method]
   └ 학회: 국제인공지능학회 (IF: 0.51)"
3271,2023,전기전자공학,542763145,Su-Jin Won,1,0.0,0.0,"[Analysis of learning flow and learning satisfaction according to the non-face- to-face class operation method]
   └ 학회: 국제인공지능학회 (IF: 0.51)"
3272,2023,전기전자공학,256532433,Eun-Young Choi,1,0.0,0.0,"[Analysis of learning flow and learning satisfaction according to the non-face- to-face class operation method]
   └ 학회: 국제인공지능학회 (IF: 0.51)"
3273,2023,전기전자공학,667083643,Eom Soyeon,1,0.0,0.0,"[The Effects of Self-Regulated Learning on Career Decision-Making Efficacy through Positive and Negative Attitudes in the Fourth Industrial Era]
   └ 학회: 국제인공지능학회 (IF: 0.51)"
3274,2023,전기전자공학,660093084,Oh Hyungjin,1,0.0,0.0,"[The Effects of Self-Regulated Learning on Career Decision-Making Efficacy through Positive and Negative Attitudes in the Fourth Industrial Era]
   └ 학회: 국제인공지능학회 (IF: 0.51)"
3275,2023,전기전자공학,725246625,Jeong Dongwook,1,0.0,0.0,"[The Effects of Self-Regulated Learning on Career Decision-Making Efficacy through Positive and Negative Attitudes in the Fourth Industrial Era]
   └ 학회: 국제인공지능학회 (IF: 0.51)"
3276,2023,전기전자공학,533157855,Kim Sohui,1,0.0,0.0,"[The Effects of Self-Regulated Learning on Career Decision-Making Efficacy through Positive and Negative Attitudes in the Fourth Industrial Era]
   └ 학회: 국제인공지능학회 (IF: 0.51)"
3277,2023,전기전자공학,269946032,Hahm Sangwoo,1,0.0,0.0,"[The Effects of Self-Regulated Learning on Career Decision-Making Efficacy through Positive and Negative Attitudes in the Fourth Industrial Era]
   └ 학회: 국제인공지능학회 (IF: 0.51)"
3278,2023,전기전자공학,330200975,Sang-Joon Lee,1,0.0,0.0,"[Signals’ Influence on Crowd Funding Investment Decisions : A comparison of Taiwan and India]
   └ 학회: 국제인공지능학회 (IF: 0.51)"
3279,2023,전기전자공학,260952639,Natascha Ginelia Pérez-Ríos,1,0.0,0.0,"[The Effects of Hispanics’ Social TV Participation on Ethnic Identifications]
   └ 학회: 국제인공지능학회 (IF: 0.51)"
3280,2023,전기전자공학,390252152,Eunice (Eun-Sil) Kim,1,0.0,0.0,"[The Effects of Hispanics’ Social TV Participation on Ethnic Identifications]
   └ 학회: 국제인공지능학회 (IF: 0.51)"
3281,2023,전기전자공학,128431393,Byung-Kwan Kim,1,0.0,0.0,"[Effects of 8-Week Resistance Training on Neuromuscular Fatigue in Young and Middle-Age Men]
   └ 학회: 국제인공지능학회 (IF: 0.51)"
3282,2023,전기전자공학,892638086,Si-Nae Ahn,1,0.0,0.0,"[The relationship between visual perception and social skills in late adolescence]
   └ 학회: 국제인공지능학회 (IF: 0.51)"
3283,2023,전기전자공학,356818583,Hwa Jung Lee,1,0.0,0.0,"[A Study on the Establishment of a New Quarantine System in the COVID-19 Era]
   └ 학회: 국제인공지능학회 (IF: 0.51)"
3284,2023,전기전자공학,503635335,Tae Gyu Yu,1,0.0,0.0,"[A Study on the Establishment of a New Quarantine System in the COVID-19 Era]
   └ 학회: 국제인공지능학회 (IF: 0.51)"
3285,2023,전기전자공학,895937357,Seung-Jea Lee,1,0.0,0.0,"[The Effect of Trainer's Communication Style on Rehabilitation Ability and Rehabilitation Satisfaction of Elite Athletes]
   └ 학회: 국제인공지능학회 (IF: 0.51)"
3286,2023,전기전자공학,744032372,Minhee Son,1,0.0,0.0,"[What Influences YouTube Viewers’ Job Engagement? The Role of Vlog Content Characteristics, Vlogger Characteristics, and Educational Value]
   └ 학회: 국제인공지능학회 (IF: 0.51)"
3287,2023,전기전자공학,471647622,Moon-Yong Kim,1,0.0,0.0,"[What Influences YouTube Viewers’ Job Engagement? The Role of Vlog Content Characteristics, Vlogger Characteristics, and Educational Value]
   └ 학회: 국제인공지능학회 (IF: 0.51)"
3288,2023,전기전자공학,680102615,Seokjin Im,1,0.0,0.0,"[Design and Implement of a Framework for a Hybrid Broadcast System using Voronoi Diagram for NN Search]
   └ 학회: 국제인공지능학회 (IF: 0.51)"
3289,2023,전기전자공학,240156834,Jihyeon Lee,1,0.0,0.0,"[Real-Time Arbitrary Face Swapping System For Video Influencers Utilizing Arbitrary Generated Face Image Selection]
   └ 학회: 국제인공지능학회 (IF: 0.51)"
3290,2023,전기전자공학,797280887,Seunghoo Lee,1,0.0,0.0,"[Real-Time Arbitrary Face Swapping System For Video Influencers Utilizing Arbitrary Generated Face Image Selection]
   └ 학회: 국제인공지능학회 (IF: 0.51)"
3291,2023,전기전자공학,149242295,Hongju Nam,1,0.0,0.0,"[Real-Time Arbitrary Face Swapping System For Video Influencers Utilizing Arbitrary Generated Face Image Selection]
   └ 학회: 국제인공지능학회 (IF: 0.51)"
3292,2023,전기전자공학,814807958,Suk-Ho Lee,1,0.0,0.0,"[Real-Time Arbitrary Face Swapping System For Video Influencers Utilizing Arbitrary Generated Face Image Selection]
   └ 학회: 국제인공지능학회 (IF: 0.51)"
3293,2023,전기전자공학,891817116,Min Kyeong Kim,1,0.0,0.0,"[Study on Promotion of ESG Tourism in Bhutan through Big Data Analysis - Focusing on comparison with ESG Tourism status in Korea -]
   └ 학회: 국제인공지능학회 (IF: 0.51)"
3294,2023,전기전자공학,967122158,Hong-Sang Lee,1,0.0,0.0,"[Analysis of evacuation time for New publicly used establishments according to whether safety facilities, etc. are installed]
   └ 학회: 국제인공지능학회 (IF: 0.51)"
3295,2023,전기전자공학,640436861,"Ha-Sung, Kong",1,0.0,0.0,"[Analysis of evacuation time for New publicly used establishments according to whether safety facilities, etc. are installed]
   └ 학회: 국제인공지능학회 (IF: 0.51)"
3296,2023,전기전자공학,798048024,Seon-Yong Jeong,1,0.0,0.0,"[Evaluation of Evacuation Safety of High School According to Change in the Width of Hallway]
   └ 학회: 국제인공지능학회 (IF: 0.51)"
3297,2023,전기전자공학,324078685,Hong-Sang Lee,1,0.0,0.0,"[Evaluation of Evacuation Safety of High School According to Change in the Width of Hallway]
   └ 학회: 국제인공지능학회 (IF: 0.51)"
3298,2023,전기전자공학,526303185,Ha-Sung Kong,1,0.0,0.0,"[Evaluation of Evacuation Safety of High School According to Change in the Width of Hallway]
   └ 학회: 국제인공지능학회 (IF: 0.51)"
3299,2023,전기전자공학,592253452,Sung Hyun Park,1,0.0,0.0,"[Analysis of the Effect of Local Universities on the Local Economy - Based on the Daranee Analysis -]
   └ 학회: 국제인공지능학회 (IF: 0.51)"
3300,2023,전기전자공학,518058437,Ki beom Kim,1,0.0,0.0,"[Analysis of the Effect of Local Universities on the Local Economy - Based on the Daranee Analysis -]
   └ 학회: 국제인공지능학회 (IF: 0.51)"
3301,2023,전기전자공학,431879129,Sung Hyun Park,1,0.0,0.0,"[The role of Universities in the Development of Local Economies : A Case Study in the western of Jeonnam]
   └ 학회: 국제인공지능학회 (IF: 0.51)"
3302,2023,전기전자공학,960299053,Ki Kibeom Kim,1,0.0,0.0,"[The role of Universities in the Development of Local Economies : A Case Study in the western of Jeonnam]
   └ 학회: 국제인공지능학회 (IF: 0.51)"
3303,2023,전기전자공학,290936625,Jong Young Yoo,1,0.0,0.0,"[Empirical Study on Factors Affecting Housing Transactions Based on Theory of Reasoned Action]
   └ 학회: 국제인공지능학회 (IF: 0.51)"
3304,2023,전기전자공학,205811174,Chang Geun Jeong,1,0.0,0.0,"[Empirical Study on Factors Affecting Housing Transactions Based on Theory of Reasoned Action]
   └ 학회: 국제인공지능학회 (IF: 0.51)"
3305,2023,전기전자공학,659225559,Jun-Young Lee,1,0.0,0.0,"[The Study of Restaurant Start-up Education on Restaurant Start-up : Focus on Entrepreneurship]
   └ 학회: 국제인공지능학회 (IF: 0.51)"
3306,2023,전기전자공학,871880900,Sung-Ho Bang,1,0.0,0.0,"[The Study of Restaurant Start-up Education on Restaurant Start-up : Focus on Entrepreneurship]
   └ 학회: 국제인공지능학회 (IF: 0.51)"
3307,2023,전기전자공학,942649319,Gi-Hwan Ryu,1,0.0,0.0,"[The Study of Restaurant Start-up Education on Restaurant Start-up : Focus on Entrepreneurship]
   └ 학회: 국제인공지능학회 (IF: 0.51)"
3308,2023,전기전자공학,961603785,Jeanhun Chung,1,0.0,0.0,"[Study on the Influence of the Fourth Wall on the Player's Gaming Experience in Side-Scrolling Games]
   └ 학회: 국제인공지능학회 (IF: 0.51)"
3309,2023,전기전자공학,669461431,Tengis Tserendondog,1,0.0,0.0,"[Making Thoughts Real – a Machine Learning Approach for Brain-Computer Interface Systems]
   └ 학회: 국제인공지능학회 (IF: 0.51)"
3310,2023,전기전자공학,637881669,Uurstaikh Luvsansambuu,1,0.0,0.0,"[Making Thoughts Real – a Machine Learning Approach for Brain-Computer Interface Systems]
   └ 학회: 국제인공지능학회 (IF: 0.51)"
3311,2023,전기전자공학,968535829,Munkhbayar Bat-Erdende,1,0.0,0.0,"[Making Thoughts Real – a Machine Learning Approach for Brain-Computer Interface Systems]
   └ 학회: 국제인공지능학회 (IF: 0.51)"
3312,2023,전기전자공학,504728906,Batmunkh Amar,1,0.0,0.0,"[Making Thoughts Real – a Machine Learning Approach for Brain-Computer Interface Systems]
   └ 학회: 국제인공지능학회 (IF: 0.51)"
3313,2023,전기전자공학,692318563,Fu Linwei,1,0.0,0.0,"[Achieving the Naked-eye 3D Effect for Right-angled LED Screen by Off-line Rendering Production Method]
   └ 학회: 국제인공지능학회 (IF: 0.51)"
3314,2023,전기전자공학,590069627,Jeanhun Chung,1,0.0,0.0,"[Research on the Application of Fractal Geometry in Digital Arts]
   └ 학회: 국제인공지능학회 (IF: 0.51)"
3315,2023,전기전자공학,907560288,Lee Sang Hyun,1,0.0,0.0,"[Theoretical Study of Effective Resistance Exercise for Sarcopenia]
   └ 학회: 국제인공지능학회 (IF: 0.51)"
3316,2023,전기전자공학,192148137,Jeong Hwan Jong,1,0.0,0.0,"[Theoretical Study of Effective Resistance Exercise for Sarcopenia]
   └ 학회: 국제인공지능학회 (IF: 0.51)"
3317,2023,전기전자공학,593895391,Jeongwoon Yang,1,0.0,0.0,"[Development of a physical activity program for problem drinkers living in a single room (Jjokbang) based on a health belief model]
   └ 학회: 국제인공지능학회 (IF: 0.51)"
3318,2023,전기전자공학,500402124,R. Young Chul Kim,1,0.0,0.0,"[Cost Estimation and Validation based on Natural Language Requirement Specifications]
   └ 학회: 국제인공지능학회 (IF: 0.51)"
3319,2023,전기전자공학,553063213,Taemin Kim,1,0.0,0.0,"[The Effect of Cross-Model's Product Demonstration and Product Involvement on Attitudes toward the Ad]
   └ 학회: 국제인공지능학회 (IF: 0.51)"
3320,2023,전기전자공학,689245967,Im-yeoreum Kim,1,0.0,0.0,"[Changes in the marketing direction and form of exhibitions using social media]
   └ 학회: 국제인공지능학회 (IF: 0.51)"
3321,2023,전기전자공학,364877452,Gi-Hwan Ryu,1,0.0,0.0,"[Changes in the marketing direction and form of exhibitions using social media]
   └ 학회: 국제인공지능학회 (IF: 0.51)"
3322,2023,전기전자공학,661278752,이준영,1,0.0,0.0,"[The Impact of Franchise Education on Corporate Performance and CEO Competency]
   └ 학회: 국제인공지능학회 (IF: 0.51)"
3323,2023,전기전자공학,373070043,이상현,1,0.0,0.0,"[Reflections on Sports for All Bodybuilding Participants and Doping]
   └ 학회: 국제인공지능학회 (IF: 0.51)"
3324,2023,전기전자공학,721528946,김영준,1,0.0,0.0,"[A Study on Impedance Change Trend and Battery Life Analysis through Battery Performance Deterioration Factors]
   └ 학회: 국제인공지능학회 (IF: 0.51)"
3325,2023,전기전자공학,111416761,최경락,1,0.0,0.0,"[Development of ISO 26262 based Requirements Analysis and Verification Method for Efficient Development of Vehicle Software]
   └ 학회: 국제인공지능학회 (IF: 0.51)"
3326,2023,전기전자공학,337265918,김영민,1,0.0,0.0,"[Development of ISO 26262 based Requirements Analysis and Verification Method for Efficient Development of Vehicle Software]
   └ 학회: 국제인공지능학회 (IF: 0.51)"
3327,2023,전기전자공학,166683157,강승미,1,0.0,0.0,"[Revising the Korean Newspaper Advertising Code of Ethics: An Empirical Investigation Leveraging Expert Interviews and Analytic Hierarchy Process (AHP) Surveys]
   └ 학회: 국제인공지능학회 (IF: 0.51)"
3328,2023,전기전자공학,349696217,차인표,1,0.0,0.0,"[A study on Removal Method of Humidifier Particles Using Electrostatic Precipitation Technology]
   └ 학회: 국제인공지능학회 (IF: 0.51)"
3329,2023,전기전자공학,843515283,정태권,1,0.0,0.0,"[A study on Removal Method of Humidifier Particles Using Electrostatic Precipitation Technology]
   └ 학회: 국제인공지능학회 (IF: 0.51)"
3330,2023,전기전자공학,679965931,윤현준,1,0.0,0.0,"[A study on Removal Method of Humidifier Particles Using Electrostatic Precipitation Technology]
   └ 학회: 국제인공지능학회 (IF: 0.51)"
3331,2023,전기전자공학,192599233,최철준,1,0.0,0.0,"[A study on Removal Method of Humidifier Particles Using Electrostatic Precipitation Technology]
   └ 학회: 국제인공지능학회 (IF: 0.51)"
3332,2023,전기전자공학,896571274,Yifan Cui,1,0.0,0.0,"[A Study on the Impact of Modern Technological Development on the Form of Music Concerts]
   └ 학회: 국제인공지능학회 (IF: 0.51)"
3333,2023,전기전자공학,310383829,Yaw Darkwah Jnr,1,0.0,0.0,"[Triplet Class-Wise Difficulty-Based Loss for Long-Tail Classification]
   └ 학회: 국제인공지능학회 (IF: 0.51)"
3334,2023,전기전자공학,224436269,박준우,1,0.0,0.0,"[ESG Performance and Corporate Value: Evidence from Korean IT Companies]
   └ 학회: 국제인공지능학회 (IF: 0.51)"
3335,2023,전기전자공학,529466380,Tuguldur Enkhtuya,1,0.0,0.0,"[Bankruptcy Prediction with Explainable Artificial Intelligence for Early-Stage Business Models]
   └ 학회: 국제인공지능학회 (IF: 0.51)"
3336,2023,전기전자공학,850442765,이관형,1,0.0,0.0,"[A Signal Detection of Minimum Variance Algorithm on Linear Constraints]
   └ 학회: 국제인공지능학회 (IF: 0.51)"
3337,2023,전기전자공학,210014402,박홍식,1,0.0,0.0,"[Classification of Behavioral Lexicon and Definition of Upper, Lower Body Structures in Animation Character]
   └ 학회: 국제인공지능학회 (IF: 0.51)"
3338,2023,전기전자공학,884595041,최수현,1,0.0,0.0,"[Classification of Behavioral Lexicon and Definition of Upper, Lower Body Structures in Animation Character]
   └ 학회: 국제인공지능학회 (IF: 0.51)"
3339,2023,전기전자공학,830743630,이태구,1,0.0,0.0,"[Classification of Behavioral Lexicon and Definition of Upper, Lower Body Structures in Animation Character]
   └ 학회: 국제인공지능학회 (IF: 0.51)"
3340,2023,전기전자공학,386192416,조규상,1,0.0,0.0,"[Development of a Stock Auto-Trading System using Condition-Search]
   └ 학회: 국제인공지능학회 (IF: 0.51)"
3341,2023,전기전자공학,355459903,Biying Guo,1,0.0,0.0,"[A Research of Ink and Wash Elements on the 3D Animation Film <Deep Sea>]
   └ 학회: 국제인공지능학회 (IF: 0.51)"
3342,2023,전기전자공학,373509746,DOI THI LAN,1,0.0,0.0,"[Detecting Abnormal Human Movements Based on Variational Autoencoder]
   └ 학회: 국제인공지능학회 (IF: 0.51)"
3343,2023,전기전자공학,417726480,윤석훈,1,0.0,0.0,"[Detecting Abnormal Human Movements Based on Variational Autoencoder]
   └ 학회: 국제인공지능학회 (IF: 0.51)"
3344,2023,전기전자공학,544363021,김수미,1,0.0,0.0,"[Traveling to the Hangang River via Metaverse: Interaction Effects between Avatar Self-Congruence and Digital Age Type]
   └ 학회: 국제인공지능학회 (IF: 0.51)"
3345,2023,전기전자공학,654841784,이소영,1,0.0,0.0,"[Application of Risk Information Seeking and Processing Model to the Health Preventive Behavior: How Risk Susceptibility and Political Identity affect Vaccination]
   └ 학회: 국제인공지능학회 (IF: 0.51)"
3346,2023,전기전자공학,120744645,홍서연,1,0.0,0.0,"[Application of Risk Information Seeking and Processing Model to the Health Preventive Behavior: How Risk Susceptibility and Political Identity affect Vaccination]
   └ 학회: 국제인공지능학회 (IF: 0.51)"
3347,2023,전기전자공학,355431612,김보경,1,0.0,0.0,"[Application of Risk Information Seeking and Processing Model to the Health Preventive Behavior: How Risk Susceptibility and Political Identity affect Vaccination]
   └ 학회: 국제인공지능학회 (IF: 0.51)"
3348,2023,전기전자공학,783256683,전나진,1,0.0,0.0,"[An exploratory study on the factors influencing credibility of television news and portal news]
   └ 학회: 국제인공지능학회 (IF: 0.51)"
3349,2023,전기전자공학,573857740,문준환,1,0.0,0.0,"[The Association between Addictive, Habitual Smartphone Behaviors and Psychiatric Distress and The Role of Self-control in Association.]
   └ 학회: 국제인공지능학회 (IF: 0.51)"
3350,2023,전기전자공학,113060996,박지환,1,0.0,0.0,"[The Association between Addictive, Habitual Smartphone Behaviors and Psychiatric Distress and The Role of Self-control in Association.]
   └ 학회: 국제인공지능학회 (IF: 0.51)"
3351,2023,전기전자공학,356433161,노미정,1,0.0,0.0,"[The Association between Addictive, Habitual Smartphone Behaviors and Psychiatric Distress and The Role of Self-control in Association.]
   └ 학회: 국제인공지능학회 (IF: 0.51)"
3352,2023,전기전자공학,675020553,Indra Imanuel,1,0.0,0.0,"[Demosaicing based Image Compression with Channel-wise Decoder]
   └ 학회: 국제인공지능학회 (IF: 0.51)"
3353,2023,전기전자공학,942683524,김종배,1,0.0,0.0,"[Improvement of Digital Identify Proofing Service through Trend Analysis of Online Personal Identification]
   └ 학회: 국제인공지능학회 (IF: 0.51)"
3354,2023,전기전자공학,170021843,고범준,1,0.0,0.0,"[Performance of RF Interference Reduction Module in Indoor and Outdoor Environments]
   └ 학회: 국제인공지능학회 (IF: 0.51)"
3355,2023,전기전자공학,469676490,홍헌진,1,0.0,0.0,"[Performance of RF Interference Reduction Module in Indoor and Outdoor Environments]
   └ 학회: 국제인공지능학회 (IF: 0.51)"
3356,2023,전기전자공학,816938253,정영준,1,0.0,0.0,"[Performance of RF Interference Reduction Module in Indoor and Outdoor Environments]
   └ 학회: 국제인공지능학회 (IF: 0.51)"
3357,2023,전기전자공학,898689251,강상기,1,0.0,0.0,"[Performance of RF Interference Reduction Module in Indoor and Outdoor Environments]
   └ 학회: 국제인공지능학회 (IF: 0.51)"
3358,2023,전기전자공학,402167323,이성미,1,0.0,0.0,"[Impact of Image Type and Brand Familiarity on the Effectiveness of Bundling]
   └ 학회: 국제인공지능학회 (IF: 0.51)"
3359,2023,전기전자공학,299416264,이상호,1,0.0,0.0,"[Robot Software Framework using Robot Operation System(ROS2) based on Behavior Tree]
   └ 학회: 국제인공지능학회 (IF: 0.51)"
3360,2023,전기전자공학,672242267,장혜진,1,0.0,0.0,"[Robot Software Framework using Robot Operation System(ROS2) based on Behavior Tree]
   └ 학회: 국제인공지능학회 (IF: 0.51)"
3361,2023,전기전자공학,905362367,전슬기,1,0.0,0.0,"[Robot Software Framework using Robot Operation System(ROS2) based on Behavior Tree]
   └ 학회: 국제인공지능학회 (IF: 0.51)"
3362,2023,전기전자공학,814433726,전승유,1,0.0,0.0,"[Assessing the Impact of Network Effects on Brand Choice in the Growth Market: A Multi-Brand Diffusion Model]
   └ 학회: 국제인공지능학회 (IF: 0.51)"
3363,2023,전기전자공학,929786809,조성민,1,0.0,0.0,"[Analysis and Estimation of Reservoir Sedimentation Using Remote Sensing and GIS]
   └ 학회: 국제인공지능학회 (IF: 0.51)"
3364,2023,전기전자공학,746674359,Suleimen Madina,1,0.0,0.0,"[Predicting Continuance Intention of Personal Preventive Behavior after COVID-19: A Framework of Health Belief Model]
   └ 학회: 국제인공지능학회 (IF: 0.51)"
3365,2023,전기전자공학,568015607,차재상,1,0.0,0.0,"[A study on CFRP based lightweight House deck structure design and configuration of Deck body connected IoT sensor data acquisition devices]
   └ 학회: 국제인공지능학회 (IF: 0.51)"
3366,2023,전기전자공학,522718937,안창준,1,0.0,0.0,"[A study on CFRP based lightweight House deck structure design and configuration of Deck body connected IoT sensor data acquisition devices]
   └ 학회: 국제인공지능학회 (IF: 0.51)"
3367,2023,전기전자공학,144568661,Quoc Cuong Nguyen,1,0.0,0.0,"[A study on CFRP based lightweight House deck structure design and configuration of Deck body connected IoT sensor data acquisition devices]
   └ 학회: 국제인공지능학회 (IF: 0.51)"
3368,2023,전기전자공학,541516275,조혜정,1,0.0,0.0,"[A study on CFRP based lightweight House deck structure design and configuration of Deck body connected IoT sensor data acquisition devices]
   └ 학회: 국제인공지능학회 (IF: 0.51)"
3369,2023,전기전자공학,329379034,양승윤,1,0.0,0.0,"[A study on CFRP based lightweight House deck structure design and configuration of Deck body connected IoT sensor data acquisition devices]
   └ 학회: 국제인공지능학회 (IF: 0.51)"
3370,2023,전기전자공학,742457356,조주필,1,0.0,0.0,"[A study on CFRP based lightweight House deck structure design and configuration of Deck body connected IoT sensor data acquisition devices]
   └ 학회: 국제인공지능학회 (IF: 0.51)"
3371,2023,전기전자공학,164911138,박종대,1,0.0,0.0,"[Differences in Self-Esteem, Body Composition and Lower Extremity Muscle Strength based on The Type of Physical Labor in Middle-Aged Women in Their 50s]
   └ 학회: 국제인공지능학회 (IF: 0.51)"
3372,2023,전기전자공학,665497461,김기홍,1,0.0,0.0,"[Differences in Self-Esteem, Body Composition and Lower Extremity Muscle Strength based on The Type of Physical Labor in Middle-Aged Women in Their 50s]
   └ 학회: 국제인공지능학회 (IF: 0.51)"
3373,2023,전기전자공학,781989273,정환종,1,0.0,0.0,"[Differences in Self-Esteem, Body Composition and Lower Extremity Muscle Strength based on The Type of Physical Labor in Middle-Aged Women in Their 50s]
   └ 학회: 국제인공지능학회 (IF: 0.51)"
3374,2023,전기전자공학,352899778,이상현,1,0.0,0.0,"[Differences in Self-Esteem, Body Composition and Lower Extremity Muscle Strength based on The Type of Physical Labor in Middle-Aged Women in Their 50s]
   └ 학회: 국제인공지능학회 (IF: 0.51)"
3375,2023,전기전자공학,536053951,전우천,1,0.0,0.0,"[Study on Current Status and Cause Analysis of Digital Divide for Low-Income Class in Korea]
   └ 학회: 국제인공지능학회 (IF: 0.51)"
3376,2023,전기전자공학,649012247,김창욱,1,0.0,0.0,"[A Study on the Construction Plan of Machinery Public Platform through the Survey of the Construction Machinery Rental Market]
   └ 학회: 국제인공지능학회 (IF: 0.51)"
3377,2023,전기전자공학,888863154,정명진,1,0.0,0.0,"[A Study on the Construction Plan of Machinery Public Platform through the Survey of the Construction Machinery Rental Market]
   └ 학회: 국제인공지능학회 (IF: 0.51)"
3378,2023,전기전자공학,751174005,이효배,1,0.0,0.0,"[A Study on the Construction Plan of Machinery Public Platform through the Survey of the Construction Machinery Rental Market]
   └ 학회: 국제인공지능학회 (IF: 0.51)"
3379,2023,전기전자공학,300053959,호종관,1,0.0,0.0,"[A Study on the Construction Plan of Machinery Public Platform through the Survey of the Construction Machinery Rental Market]
   └ 학회: 국제인공지능학회 (IF: 0.51)"
3380,2023,전기전자공학,601546188,이명구,1,0.0,0.0,"[A Study on the Construction Plan of Machinery Public Platform through the Survey of the Construction Machinery Rental Market]
   └ 학회: 국제인공지능학회 (IF: 0.51)"
3381,2023,전기전자공학,367270142,이주연,1,0.0,0.0,"[The Effect of the Perceived Waiting Time of Viewers on Negative Emotions, Viewing Satisfaction, Viewing Attitude, and Continuous Viewing Intention When an e-Sports Game Pause]
   └ 학회: 국제인공지능학회 (IF: 0.51)"
3382,2023,전기전자공학,299248768,김세윤,1,0.0,0.0,"[The Effect of the Perceived Waiting Time of Viewers on Negative Emotions, Viewing Satisfaction, Viewing Attitude, and Continuous Viewing Intention When an e-Sports Game Pause]
   └ 학회: 국제인공지능학회 (IF: 0.51)"
3383,2023,전기전자공학,911298851,서지원,1,0.0,0.0,"[가상 캐릭터 그래픽에서의 언캐니 밸리 효과 분석 -언리얼 엔진 마켓플레이스의 캐릭터 모델링을 중심으로-]
   └ 학회: 국제인공지능학회 (IF: 0.51)"
3384,2023,전기전자공학,709824192,임연수,1,0.0,0.0,"[유튜브에서 다루어지는 갈등은 무엇인가?: 갈등 관련 유튜브 콘텐츠에 대한 토픽모델링]
   └ 학회: 국제인공지능학회 (IF: 0.51)"
3385,2023,전기전자공학,286426330,안채은,1,0.0,0.0,"[코딩 교육을 위한 챗봇 모델 구현]
   └ 학회: 국제인공지능학회 (IF: 0.51)"
3386,2023,전기전자공학,754992889,전현인,1,0.0,0.0,"[코딩 교육을 위한 챗봇 모델 구현]
   └ 학회: 국제인공지능학회 (IF: 0.51)"
3387,2023,전기전자공학,628254494,김태훈,1,0.0,0.0,"[딥러닝을 이용한 화재 발생 예측 이미지 분할]
   └ 학회: 국제인공지능학회 (IF: 0.51)"
3388,2023,전기전자공학,323168457,현승현,1,0.0,0.0,"[계단 하강 시 성별차이와 중량 변화가 하지역학에 미치는 영향]
   └ 학회: 국제인공지능학회 (IF: 0.51)"
3389,2023,전기전자공학,963017930,서영신,1,0.0,0.0,"[스마트워치의 진동과 안전 경로 우선 알고리즘을 이용한 시각 장애인 길 안내 시스템의 개선]
   └ 학회: 국제인공지능학회 (IF: 0.51)"
3390,2023,전기전자공학,187052710,임슬아,1,0.0,0.0,"[스마트워치의 진동과 안전 경로 우선 알고리즘을 이용한 시각 장애인 길 안내 시스템의 개선]
   └ 학회: 국제인공지능학회 (IF: 0.51)"
3391,2023,전기전자공학,644088133,이한별,1,0.0,0.0,"[스마트워치의 진동과 안전 경로 우선 알고리즘을 이용한 시각 장애인 길 안내 시스템의 개선]
   └ 학회: 국제인공지능학회 (IF: 0.51)"
3392,2023,전기전자공학,646942075,정해창,1,0.0,0.0,"[MMIC 기반 Ka대역 주파수합성기 및 수신기 개발]
   └ 학회: 국제인공지능학회 (IF: 0.51)"
3393,2023,전기전자공학,871571209,나경일,1,0.0,0.0,"[MMIC 기반 Ka대역 주파수합성기 및 수신기 개발]
   └ 학회: 국제인공지능학회 (IF: 0.51)"
3394,2023,전기전자공학,106354139,우대웅,1,0.0,0.0,"[원형배열안테나의 편파 특성을 고려한 위상 비교 방향탐지]
   └ 학회: 국제인공지능학회 (IF: 0.51)"
3395,2023,전기전자공학,611315245,박진성,1,0.0,0.0,"[원형배열안테나의 편파 특성을 고려한 위상 비교 방향탐지]
   └ 학회: 국제인공지능학회 (IF: 0.51)"
3396,2023,전기전자공학,730525938,한석민,1,0.0,0.0,"[형상모듈 조합의 이용 가능 여부를 활용한 생산 스케줄링 방법]
   └ 학회: 국제인공지능학회 (IF: 0.51)"
3397,2023,전기전자공학,981469356,성창조,1,0.0,0.0,"[동적‧정적 게임 요소의 퓨전을 통한 RTTC 시스템]
   └ 학회: 국제인공지능학회 (IF: 0.51)"
3398,2023,전기전자공학,925958019,박경수,1,0.0,0.0,"[동적‧정적 게임 요소의 퓨전을 통한 RTTC 시스템]
   └ 학회: 국제인공지능학회 (IF: 0.51)"
3399,2023,전기전자공학,565558946,김서현,1,0.0,0.0,"[동적‧정적 게임 요소의 퓨전을 통한 RTTC 시스템]
   └ 학회: 국제인공지능학회 (IF: 0.51)"
3400,2023,전기전자공학,233626004,이채림,1,0.0,0.0,"[동적‧정적 게임 요소의 퓨전을 통한 RTTC 시스템]
   └ 학회: 국제인공지능학회 (IF: 0.51)"
3401,2023,전기전자공학,492260375,허지혜,1,0.0,0.0,"[동적‧정적 게임 요소의 퓨전을 통한 RTTC 시스템]
   └ 학회: 국제인공지능학회 (IF: 0.51)"
3402,2023,전기전자공학,164240599,정우성,1,0.0,0.0,"[피아노 코드 연습 데이터를 활용한 맞춤형 학습 지원]
   └ 학회: 국제인공지능학회 (IF: 0.51)"
3403,2023,전기전자공학,205166035,이은주,1,0.0,0.0,"[피아노 코드 연습 데이터를 활용한 맞춤형 학습 지원]
   └ 학회: 국제인공지능학회 (IF: 0.51)"
3404,2023,전기전자공학,294390530,최수아,1,0.0,0.0,"[피아노 코드 연습 데이터를 활용한 맞춤형 학습 지원]
   └ 학회: 국제인공지능학회 (IF: 0.51)"
3405,2023,전기전자공학,759165510,이승용,1,0.0,0.0,"[실시간 스트리밍 서비스에서 신조어 정보 제공 시스템]
   └ 학회: 국제인공지능학회 (IF: 0.51)"
3406,2023,전기전자공학,900268409,박성준,1,0.0,0.0,"[대역통과 필터를 이용한 S-Band 레이더 간의 간섭 회피방안 연구]
   └ 학회: 국제인공지능학회 (IF: 0.51)"
3407,2023,전기전자공학,558385269,김재연,1,0.0,0.0,"[대역통과 필터를 이용한 S-Band 레이더 간의 간섭 회피방안 연구]
   └ 학회: 국제인공지능학회 (IF: 0.51)"
3408,2023,전기전자공학,970292271,장대순,1,0.0,0.0,"[대역통과 필터를 이용한 S-Band 레이더 간의 간섭 회피방안 연구]
   └ 학회: 국제인공지능학회 (IF: 0.51)"
3409,2023,전기전자공학,579461523,주정명,1,0.0,0.0,"[능동위상배열 안테나의 저피탐 특성 구현 및 검증]
   └ 학회: 국제인공지능학회 (IF: 0.51)"
3410,2023,전기전자공학,658317085,권시원,1,0.0,0.0,"[능동위상배열 안테나의 저피탐 특성 구현 및 검증]
   └ 학회: 국제인공지능학회 (IF: 0.51)"
3411,2023,전기전자공학,122038439,채희덕,1,0.0,0.0,"[능동위상배열 안테나의 저피탐 특성 구현 및 검증]
   └ 학회: 국제인공지능학회 (IF: 0.51)"
3412,2023,전기전자공학,489484536,박종국,1,0.0,0.0,"[능동위상배열 안테나의 저피탐 특성 구현 및 검증]
   └ 학회: 국제인공지능학회 (IF: 0.51)"
3413,2023,전기전자공학,267032978,최영조,1,0.0,0.0,"[능동위상배열 안테나의 저피탐 특성 구현 및 검증]
   └ 학회: 국제인공지능학회 (IF: 0.51)"
3414,2023,전기전자공학,798076624,이형기,1,0.0,0.0,"[능동위상배열 안테나의 저피탐 특성 구현 및 검증]
   └ 학회: 국제인공지능학회 (IF: 0.51)"
3415,2023,전기전자공학,634386493,한정윤,1,0.0,0.0,"[능동위상배열 안테나의 저피탐 특성 구현 및 검증]
   └ 학회: 국제인공지능학회 (IF: 0.51)"
3416,2023,전기전자공학,473254841,전정환,1,0.0,0.0,"[능동위상배열 안테나의 저피탐 특성 구현 및 검증]
   └ 학회: 국제인공지능학회 (IF: 0.51)"
3417,2023,전기전자공학,119955164,임재중,1,0.0,0.0,"[PVDF 필름을 이용한 기관음 검출 및 수면무호흡 판정 알고리즘 수립]
   └ 학회: 국제인공지능학회 (IF: 0.51)"
3418,2023,전기전자공학,418582790,리웅,1,0.0,0.0,"[PVDF 필름을 이용한 기관음 검출 및 수면무호흡 판정 알고리즘 수립]
   └ 학회: 국제인공지능학회 (IF: 0.51)"
3419,2023,전기전자공학,457765808,채수민,1,0.0,0.0,"[PVDF 필름을 이용한 기관음 검출 및 수면무호흡 판정 알고리즘 수립]
   └ 학회: 국제인공지능학회 (IF: 0.51)"
3420,2023,전기전자공학,976759327,주혜민,1,0.0,0.0,"[다이어트 리얼리티 프로그램 시청행위가 시청자의 심리와 시청 효과에 미치는 영향 - 중국 <오, 좋은 몸매;哎呀,好身材>를 중심으로]
   └ 학회: 국제인공지능학회 (IF: 0.51)"
3421,2023,전기전자공학,640607191,이혜은,1,0.0,0.0,"[다이어트 리얼리티 프로그램 시청행위가 시청자의 심리와 시청 효과에 미치는 영향 - 중국 <오, 좋은 몸매;哎呀,好身材>를 중심으로]
   └ 학회: 국제인공지능학회 (IF: 0.51)"
3422,2023,전기전자공학,399260653,조민화,1,0.0,0.0,"[풍부한 메타데이터를 가진 동영상 추천 시스템의 성능 평가]
   └ 학회: 국제인공지능학회 (IF: 0.51)"
3423,2023,전기전자공학,324000508,김다연,1,0.0,0.0,"[풍부한 메타데이터를 가진 동영상 추천 시스템의 성능 평가]
   └ 학회: 국제인공지능학회 (IF: 0.51)"
3424,2023,전기전자공학,746451562,이화랑,1,0.0,0.0,"[풍부한 메타데이터를 가진 동영상 추천 시스템의 성능 평가]
   └ 학회: 국제인공지능학회 (IF: 0.51)"
3425,2023,전기전자공학,970583621,오하늘,1,0.0,0.0,"[풍부한 메타데이터를 가진 동영상 추천 시스템의 성능 평가]
   └ 학회: 국제인공지능학회 (IF: 0.51)"
3426,2023,전기전자공학,909041218,이선영,1,0.0,0.0,"[풍부한 메타데이터를 가진 동영상 추천 시스템의 성능 평가]
   └ 학회: 국제인공지능학회 (IF: 0.51)"
3427,2023,전기전자공학,312970627,김종태,1,0.0,0.0,"[WiFi fingerprint에서 데이터의 사전 처리 기술 연구]
   └ 학회: 국제인공지능학회 (IF: 0.51)"
3428,2023,전기전자공학,110517075,엄종석,1,0.0,0.0,"[WiFi fingerprint에서 데이터의 사전 처리 기술 연구]
   └ 학회: 국제인공지능학회 (IF: 0.51)"
3429,2023,전기전자공학,624788248,윤혜정,1,0.0,0.0,"[중소기업의 정보보호 관리체계 개선방안 연구]
   └ 학회: 국제인공지능학회 (IF: 0.51)"
3430,2023,전기전자공학,749109323,이용우,1,0.0,0.0,"[중소기업의 정보보호 관리체계 개선방안 연구]
   └ 학회: 국제인공지능학회 (IF: 0.51)"
3431,2023,전기전자공학,424602499,허희도,1,0.0,0.0,"[중소기업의 정보보호 관리체계 개선방안 연구]
   └ 학회: 국제인공지능학회 (IF: 0.51)"
3432,2023,전기전자공학,348310231,김지우,1,0.0,0.0,"[지도 API의 경로 탐색 시스템을 활용한 일정 별 동선 추천 애플리케이션]
   └ 학회: 국제인공지능학회 (IF: 0.51)"
3433,2023,전기전자공학,212744138,김태은,1,0.0,0.0,"[구독 서비스에 대한 커뮤니케이션 효과 : 구독 서비스의 시간 제시 방식과 구독 유형을 중심으로]
   └ 학회: 국제인공지능학회 (IF: 0.51)"
3434,2023,전기전자공학,989986276,박태희,1,0.0,0.0,"[구독 서비스에 대한 커뮤니케이션 효과 : 구독 서비스의 시간 제시 방식과 구독 유형을 중심으로]
   └ 학회: 국제인공지능학회 (IF: 0.51)"
3435,2023,전기전자공학,286570160,김용희,1,0.0,0.0,"[방송 산업 내 플랫폼사업자와 콘텐츠사업자 간 공정거래환경 조성 연구]
   └ 학회: 국제인공지능학회 (IF: 0.51)"
3436,2023,전기전자공학,386236208,도준호,1,0.0,0.0,"[방송 산업 내 플랫폼사업자와 콘텐츠사업자 간 공정거래환경 조성 연구]
   └ 학회: 국제인공지능학회 (IF: 0.51)"
3437,2023,전기전자공학,756302292,허신혜,1,0.0,0.0,"[에듀테크 담론의 쟁점과 교육현장의 과제]
   └ 학회: 국제인공지능학회 (IF: 0.51)"
3438,2023,전기전자공학,448346284,이신복,1,0.0,0.0,"[모바일 숙박 앱(App)의 지각된 품질 요인이 PAD 이론을 통해 재이용 의도에 미치는 영향]
   └ 학회: 국제인공지능학회 (IF: 0.51)"
3439,2023,전기전자공학,594998597,홍지영,1,0.0,0.0,"[디지털 미디어 환경에서 사용자 환경 모드에 따른 색채 인지 특성 연구]
   └ 학회: 국제인공지능학회 (IF: 0.51)"
3440,2023,전기전자공학,600777596,정영규,1,0.0,0.0,"[무선단말기 RF-fingerprinting 특징의 비지도 클러스터링을 위한 차원축소 알고리즘 연구]
   └ 학회: 국제인공지능학회 (IF: 0.51)"
3441,2023,전기전자공학,478629989,신학철,1,0.0,0.0,"[무선단말기 RF-fingerprinting 특징의 비지도 클러스터링을 위한 차원축소 알고리즘 연구]
   └ 학회: 국제인공지능학회 (IF: 0.51)"
3442,2023,전기전자공학,187111297,나선필,1,0.0,0.0,"[무선단말기 RF-fingerprinting 특징의 비지도 클러스터링을 위한 차원축소 알고리즘 연구]
   └ 학회: 국제인공지능학회 (IF: 0.51)"
3443,2023,전기전자공학,389419956,양승도,1,0.0,0.0,"[AoIP/UDP 기반 오디오 통신의 다중 채널 Low-Latency 구현]
   └ 학회: 국제인공지능학회 (IF: 0.51)"
3444,2023,전기전자공학,856564860,최진구,1,0.0,0.0,"[AoIP/UDP 기반 오디오 통신의 다중 채널 Low-Latency 구현]
   └ 학회: 국제인공지능학회 (IF: 0.51)"
3445,2023,전기전자공학,919374508,김용길,1,0.0,0.0,"[이미지 생성을 위한 변동 자동 인코더 분산 제약]
   └ 학회: 국제인공지능학회 (IF: 0.51)"
3446,2023,전기전자공학,356471844,김진환,1,0.0,0.0,"[클라우드와 P2P 구조 기반의 MMORPG에서 소영역을 활용하는 관심 구역의 관리 기법]
   └ 학회: 국제인공지능학회 (IF: 0.51)"
3447,2023,전기전자공학,719197601,정영지,1,0.0,0.0,"[3D-CNN에서 동적 손 제스처의 시공간적 특징이 학습 정확성에 미치는 영향]
   └ 학회: 국제인공지능학회 (IF: 0.51)"
3448,2023,전기전자공학,814166194,김민정,1,0.0,0.0,"[해외직구 이용 여부에 영향을 미치는 소비자 특성 분석]
   └ 학회: 국제인공지능학회 (IF: 0.51)"
3449,2023,전기전자공학,659675146,남종훈,1,0.0,0.0,"[기대확신모형(ECM)에 의한 인도네시아에서 K-Pop 소셜 미디어의 사용 연구]
   └ 학회: 국제인공지능학회 (IF: 0.51)"
3450,2023,전기전자공학,471417106,김권웅,1,0.0,0.0,"[시계열 Big Data에 기반한 핵심영향인자 추출을 위한 변동재화 가치 분석 Modeling]
   └ 학회: 국제인공지능학회 (IF: 0.51)"
3451,2023,전기전자공학,443349395,김영곤,1,0.0,0.0,"[시계열 Big Data에 기반한 핵심영향인자 추출을 위한 변동재화 가치 분석 Modeling]
   └ 학회: 국제인공지능학회 (IF: 0.51)"
3452,2023,전기전자공학,205663735,조응영,1,0.0,0.0,"[도시철도 이용자의 위치정보를 활용한 모바일 기반 스마트 일제방송 서비스]
   └ 학회: 국제인공지능학회 (IF: 0.51)"
3453,2023,전기전자공학,599422027,이중윤,1,0.0,0.0,"[도시철도 이용자의 위치정보를 활용한 모바일 기반 스마트 일제방송 서비스]
   └ 학회: 국제인공지능학회 (IF: 0.51)"
3454,2023,전기전자공학,369975505,이주연,1,0.0,0.0,"[도시철도 이용자의 위치정보를 활용한 모바일 기반 스마트 일제방송 서비스]
   └ 학회: 국제인공지능학회 (IF: 0.51)"
3455,2023,전기전자공학,623970899,유희정,1,0.0,0.0,"[확장된 개인 데이터를 활용한 OTT 서비스 추천 시스템]
   └ 학회: 국제인공지능학회 (IF: 0.51)"
3456,2023,전기전자공학,137373443,허지용,1,0.0,0.0,"[클라우드 도입이 서비스 연속성에 미치는 영향에 관한 사례 분석 - 장애 중심으로]
   └ 학회: 국제인공지능학회 (IF: 0.51)"
3457,2023,전기전자공학,230385359,윤준희,1,0.0,0.0,"[클라우드 도입이 서비스 연속성에 미치는 영향에 관한 사례 분석 - 장애 중심으로]
   └ 학회: 국제인공지능학회 (IF: 0.51)"
3458,2023,전기전자공학,359069992,한은경,1,0.0,0.0,"[클라우드 도입이 서비스 연속성에 미치는 영향에 관한 사례 분석 - 장애 중심으로]
   └ 학회: 국제인공지능학회 (IF: 0.51)"
3459,2023,전기전자공학,804351601,황민경,1,0.0,0.0,"[원예 게임에서 힐링의 특성을 갖는 사용자 경험 분석 연구]
   └ 학회: 국제인공지능학회 (IF: 0.51)"
3460,2023,전기전자공학,668615129,박인규,1,0.0,0.0,"[의존성 주입을 활용한 서바이벌 게임 API 설계 및 구현]
   └ 학회: 국제인공지능학회 (IF: 0.51)"
3461,2023,전기전자공학,523686630,최규석,1,0.0,0.0,"[의존성 주입을 활용한 서바이벌 게임 API 설계 및 구현]
   └ 학회: 국제인공지능학회 (IF: 0.51)"
3462,2023,전기전자공학,741507608,송인국,1,0.0,0.0,"[프로파일링 기반 추천서비스 규제에 대한 기업의 인식도 분석]
   └ 학회: 국제인공지능학회 (IF: 0.51)"
3463,2023,전기전자공학,491299315,홍유식,1,0.0,0.0,"[데이터마이닝 기법 및 요인분석을 이용한우울증 및 심장병 질환 예측]
   └ 학회: 국제인공지능학회 (IF: 0.51)"
3464,2023,전기전자공학,170725178,이현숙,1,0.0,0.0,"[데이터마이닝 기법 및 요인분석을 이용한우울증 및 심장병 질환 예측]
   └ 학회: 국제인공지능학회 (IF: 0.51)"
3465,2023,전기전자공학,269340747,이상석,1,0.0,0.0,"[데이터마이닝 기법 및 요인분석을 이용한우울증 및 심장병 질환 예측]
   └ 학회: 국제인공지능학회 (IF: 0.51)"
3466,2023,전기전자공학,722317495,김동원,1,0.0,0.0,"[Wi-SUN에서 비동기 RIT 모드 MAC의 전력소모 분석]
   └ 학회: 국제인공지능학회 (IF: 0.51)"
3467,2023,전기전자공학,881697751,이윤민,1,0.0,0.0,"[전자기기의 전원 노이즈 저감을 위한 EMI 필터 경험적 설계에 관한 연구]
   └ 학회: 국제인공지능학회 (IF: 0.51)"
3468,2023,전기전자공학,617123165,오명훈,1,0.0,0.0,"[클라우드 컴퓨팅 응용 구동을 위한 마이크로서버 성능평가]
   └ 학회: 국제인공지능학회 (IF: 0.51)"
3469,2023,전기전자공학,816239822,이상운,1,0.0,0.0,"[라디오방송서비스 이용현황 비교와 이용 제고 방안]
   └ 학회: 국제인공지능학회 (IF: 0.51)"
3470,2023,전기전자공학,798230299,이창현,1,0.0,0.0,"[W대역 자율주행 레이다용 MIMO 안테나 설계 및 빔 패턴 검증 방법]
   └ 학회: 국제인공지능학회 (IF: 0.51)"
3471,2023,전기전자공학,552727013,최준혁,1,0.0,0.0,"[W대역 자율주행 레이다용 MIMO 안테나 설계 및 빔 패턴 검증 방법]
   └ 학회: 국제인공지능학회 (IF: 0.51)"
3472,2023,전기전자공학,862016081,이미림,1,0.0,0.0,"[W대역 자율주행 레이다용 MIMO 안테나 설계 및 빔 패턴 검증 방법]
   └ 학회: 국제인공지능학회 (IF: 0.51)"
3473,2023,전기전자공학,727643108,박신명,1,0.0,0.0,"[W대역 자율주행 레이다용 MIMO 안테나 설계 및 빔 패턴 검증 방법]
   └ 학회: 국제인공지능학회 (IF: 0.51)"
3474,2023,전기전자공학,181986672,백승열,1,0.0,0.0,"[W대역 자율주행 레이다용 MIMO 안테나 설계 및 빔 패턴 검증 방법]
   └ 학회: 국제인공지능학회 (IF: 0.51)"
3475,2023,전기전자공학,645819289,김준수,1,0.0,0.0,"[직관적 UI와 추천 기능을 가진 모바일 슈팅 게임]
   └ 학회: 국제인공지능학회 (IF: 0.51)"
3476,2023,전기전자공학,669022997,정구일,1,0.0,0.0,"[직관적 UI와 추천 기능을 가진 모바일 슈팅 게임]
   └ 학회: 국제인공지능학회 (IF: 0.51)"
3477,2023,전기전자공학,601107562,윤석준,1,0.0,0.0,"[직관적 UI와 추천 기능을 가진 모바일 슈팅 게임]
   └ 학회: 국제인공지능학회 (IF: 0.51)"
3478,2023,전기전자공학,262919229,김봉목,1,0.0,0.0,"[미팅 장소 추천 시스템 구현]
   └ 학회: 국제인공지능학회 (IF: 0.51)"
3479,2023,전기전자공학,733234623,강대엽,1,0.0,0.0,"[미팅 장소 추천 시스템 구현]
   └ 학회: 국제인공지능학회 (IF: 0.51)"
3480,2023,전기전자공학,803274813,박지원,1,0.0,0.0,"[미팅 장소 추천 시스템 구현]
   └ 학회: 국제인공지능학회 (IF: 0.51)"
3481,2023,전기전자공학,502617017,이상호,1,0.0,0.0,"[미팅 장소 추천 시스템 구현]
   └ 학회: 국제인공지능학회 (IF: 0.51)"
3482,2023,전기전자공학,544878824,김태훈,1,0.0,0.0,"[K-means 클러스터링과 트랜스포머 기반의 교차 도메인 추천]
   └ 학회: 국제인공지능학회 (IF: 0.51)"
3483,2023,전기전자공학,1886486,김예솔란,1,0.0,0.0,"[누가 OTT 서비스를 이용하고, 얼마나 시간을 보내는가? 인구사회학적 및 성격 특성을 중심으로]
   └ 학회: 국제인공지능학회 (IF: 0.51)"
3484,2023,전기전자공학,951428662,기장근,1,0.0,0.0,"[가상 시리얼 무선랜 통신 모듈 설계]
   └ 학회: 국제인공지능학회 (IF: 0.51)"
3485,2023,전기전자공학,943298215,홍승표,1,0.0,0.0,"[해상환경에서 안전한 통신을 위한 보안체계 연구]
   └ 학회: 국제인공지능학회 (IF: 0.51)"
3486,2023,전기전자공학,806741960,김광호,1,0.0,0.0,"[데이터 저장소를 이용한 이상치 및 결측치 보정 시스템]
   └ 학회: 국제인공지능학회 (IF: 0.51)"
3487,2023,전기전자공학,143170699,이치호,1,0.0,0.0,"[영상처리 및 머신러닝 기술을 이용하는 운동 및 식단 보조 애플리케이션]
   └ 학회: 국제인공지능학회 (IF: 0.51)"
3488,2023,전기전자공학,895523317,김동현,1,0.0,0.0,"[영상처리 및 머신러닝 기술을 이용하는 운동 및 식단 보조 애플리케이션]
   └ 학회: 국제인공지능학회 (IF: 0.51)"
3489,2023,전기전자공학,589685411,최승호,1,0.0,0.0,"[영상처리 및 머신러닝 기술을 이용하는 운동 및 식단 보조 애플리케이션]
   └ 학회: 국제인공지능학회 (IF: 0.51)"
3490,2023,전기전자공학,691550505,황인웅,1,0.0,0.0,"[영상처리 및 머신러닝 기술을 이용하는 운동 및 식단 보조 애플리케이션]
   └ 학회: 국제인공지능학회 (IF: 0.51)"
3491,2023,전기전자공학,204929032,이종석,1,0.0,0.0,"[IS 감리 품질 향상을 위한 성숙도 기반의 평가 모델 플랫폼]
   └ 학회: 국제인공지능학회 (IF: 0.51)"
3492,2023,전기전자공학,666245138,이수현,1,0.0,0.0,"[소형화가 가능한 이중 도파관-동축 변환 구조를 갖는 12-way 방사형 결합기 설계 및 제작]
   └ 학회: 국제인공지능학회 (IF: 0.51)"
3493,2023,전기전자공학,713532049,강병주,1,0.0,0.0,"[소형화가 가능한 이중 도파관-동축 변환 구조를 갖는 12-way 방사형 결합기 설계 및 제작]
   └ 학회: 국제인공지능학회 (IF: 0.51)"
3494,2023,전기전자공학,292436737,최남우,1,0.0,0.0,"[소형화가 가능한 이중 도파관-동축 변환 구조를 갖는 12-way 방사형 결합기 설계 및 제작]
   └ 학회: 국제인공지능학회 (IF: 0.51)"
3495,2023,전기전자공학,812210145,양훈기,1,0.0,0.0,"[소형화가 가능한 이중 도파관-동축 변환 구조를 갖는 12-way 방사형 결합기 설계 및 제작]
   └ 학회: 국제인공지능학회 (IF: 0.51)"
3496,2023,전기전자공학,356170507,박기덕,1,0.0,0.0,"[일월오봉도를 활용한 미디어아트 연구]
   └ 학회: 국제인공지능학회 (IF: 0.51)"
3497,2023,전기전자공학,386409902,이성준,1,0.0,0.0,"[키워드 추출을 통한 그림을 그려주는 그림일기의 구현]
   └ 학회: 국제인공지능학회 (IF: 0.51)"
3498,2023,전기전자공학,570790506,이재진,1,0.0,0.0,"[키워드 추출을 통한 그림을 그려주는 그림일기의 구현]
   └ 학회: 국제인공지능학회 (IF: 0.51)"
3499,2023,전기전자공학,223918570,김혜진,1,0.0,0.0,"[키워드 추출을 통한 그림을 그려주는 그림일기의 구현]
   └ 학회: 국제인공지능학회 (IF: 0.51)"
3500,2023,전기전자공학,777866209,양지윤,1,0.0,0.0,"[키워드 추출을 통한 그림을 그려주는 그림일기의 구현]
   └ 학회: 국제인공지능학회 (IF: 0.51)"
3501,2023,전기전자공학,309229070,용명훈,1,0.0,0.0,"[W밴드 radial 전력 결합기용 TE10-TEM 모드 변환기 설계]
   └ 학회: 국제인공지능학회 (IF: 0.51)"
3502,2023,전기전자공학,326524821,김성민,1,0.0,0.0,"[ChatGPT를 활용한 영농 일지 지원 방법]
   └ 학회: 국제인공지능학회 (IF: 0.51)"
3503,2023,전기전자공학,146848784,김상근,1,0.0,0.0,"[ChatGPT를 활용한 영농 일지 지원 방법]
   └ 학회: 국제인공지능학회 (IF: 0.51)"
3504,2023,전기전자공학,366527500,김선아,1,0.0,0.0,"[당뇨병 환자의 라이프로그 데이터를 이용한 식단 추천 시스템]
   └ 학회: 국제인공지능학회 (IF: 0.51)"
3505,2023,전기전자공학,912523800,정영준,1,0.0,0.0,"[개방형 SW를 이용한 IoT 네트워크 성능시험기 개선에 관한 연구]
   └ 학회: 국제인공지능학회 (IF: 0.51)"
3506,2023,전기전자공학,575005484,정이도,1,0.0,0.0,"[개방형 SW를 이용한 IoT 네트워크 성능시험기 개선에 관한 연구]
   └ 학회: 국제인공지능학회 (IF: 0.51)"
3507,2023,전기전자공학,527457410,이성화,1,0.0,0.0,"[개방형 SW를 이용한 IoT 네트워크 성능시험기 개선에 관한 연구]
   └ 학회: 국제인공지능학회 (IF: 0.51)"
3508,2023,전기전자공학,588653837,김진태,1,0.0,0.0,"[개방형 SW를 이용한 IoT 네트워크 성능시험기 개선에 관한 연구]
   └ 학회: 국제인공지능학회 (IF: 0.51)"
3509,2023,전기전자공학,879982288,표기두,1,0.0,0.0,"[반려동물 질병예측서비스 및 통합관리 어플리케이션]
   └ 학회: 국제인공지능학회 (IF: 0.51)"
3510,2023,전기전자공학,737775589,이동영,1,0.0,0.0,"[반려동물 질병예측서비스 및 통합관리 어플리케이션]
   └ 학회: 국제인공지능학회 (IF: 0.51)"
3511,2023,전기전자공학,347933071,정원세,1,0.0,0.0,"[반려동물 질병예측서비스 및 통합관리 어플리케이션]
   └ 학회: 국제인공지능학회 (IF: 0.51)"
3512,2023,전기전자공학,740937502,권오준,1,0.0,0.0,"[반려동물 질병예측서비스 및 통합관리 어플리케이션]
   └ 학회: 국제인공지능학회 (IF: 0.51)"
3513,2023,전기전자공학,774965029,이형기,1,0.0,0.0,"[밀리미터파(W대역) 이중편파 모노펄스 급전 구조 설계 및 제작 방안 연구]
   └ 학회: 국제인공지능학회 (IF: 0.51)"
3514,2023,전기전자공학,831223640,황하진,1,0.0,0.0,"[수소충전소와 수소전기차간의 안전통신을 위한 WiFi 프로토콜 비교]
   └ 학회: 국제인공지능학회 (IF: 0.51)"
3515,2023,전기전자공학,596348196,소동건,1,0.0,0.0,"[수소충전소와 수소전기차간의 안전통신을 위한 WiFi 프로토콜 비교]
   └ 학회: 국제인공지능학회 (IF: 0.51)"
3516,2023,전기전자공학,175693019,차도호,1,0.0,0.0,"[수소충전소와 수소전기차간의 안전통신을 위한 WiFi 프로토콜 비교]
   └ 학회: 국제인공지능학회 (IF: 0.51)"
3517,2023,전기전자공학,503414381,채혜진,1,0.0,0.0,"[수소충전소와 수소전기차간의 안전통신을 위한 WiFi 프로토콜 비교]
   └ 학회: 국제인공지능학회 (IF: 0.51)"
3518,2023,전기전자공학,300911903,정서희,1,0.0,0.0,"[수소충전소와 수소전기차간의 안전통신을 위한 WiFi 프로토콜 비교]
   └ 학회: 국제인공지능학회 (IF: 0.51)"
3519,2023,전기전자공학,315978641,황성호,1,0.0,0.0,"[수소충전소와 수소전기차간의 안전통신을 위한 WiFi 프로토콜 비교]
   └ 학회: 국제인공지능학회 (IF: 0.51)"
3520,2023,전기전자공학,700180860,이재홍,1,0.0,0.0,"[회절연산 정밀도에 따른 CGH 기반 홀로그램 생성 품질 분석]
   └ 학회: 한국방송·미디어공학회 (IF: 0.49)"
3521,2023,전기전자공학,441434574,김덕수,1,0.0,0.0,"[회절연산 정밀도에 따른 CGH 기반 홀로그램 생성 품질 분석]
   └ 학회: 한국방송·미디어공학회 (IF: 0.49)"
3522,2023,전기전자공학,329290502,배영규,1,0.0,0.0,"[Light-field 이미지로 변환된 다중 평면 홀로그램 영상에 대해 객체 검출 알고리즘을 적용한 평면별 객체의 깊이 정보 해석 및 조절 기법]
   └ 학회: 한국방송·미디어공학회 (IF: 0.49)"
3523,2023,전기전자공학,877185518,신동하,1,0.0,0.0,"[Light-field 이미지로 변환된 다중 평면 홀로그램 영상에 대해 객체 검출 알고리즘을 적용한 평면별 객체의 깊이 정보 해석 및 조절 기법]
   └ 학회: 한국방송·미디어공학회 (IF: 0.49)"
3524,2023,전기전자공학,613684629,이승열,1,0.0,0.0,"[Light-field 이미지로 변환된 다중 평면 홀로그램 영상에 대해 객체 검출 알고리즘을 적용한 평면별 객체의 깊이 정보 해석 및 조절 기법]
   └ 학회: 한국방송·미디어공학회 (IF: 0.49)"
3525,2023,전기전자공학,559803037,박수용,1,0.0,0.0,"[신경망 기반 블록 단위 위상 홀로그램 이미지 압축]
   └ 학회: 한국방송·미디어공학회 (IF: 0.49)"
3526,2023,전기전자공학,653913566,김영민,1,0.0,0.0,"[DHM을 위한 간섭무늬 압축 방법과 위상 압축 방법의 성능 비교]
   └ 학회: 한국방송·미디어공학회 (IF: 0.49)"
3527,2023,전기전자공학,524778234,구희연,1,0.0,0.0,"[DHM을 위한 간섭무늬 압축 방법과 위상 압축 방법의 성능 비교]
   └ 학회: 한국방송·미디어공학회 (IF: 0.49)"
3528,2023,전기전자공학,453565254,오관정,1,0.0,0.0,"[DHM을 위한 간섭무늬 압축 방법과 위상 압축 방법의 성능 비교]
   └ 학회: 한국방송·미디어공학회 (IF: 0.49)"
3529,2023,전기전자공학,306132863,임용준,1,0.0,0.0,"[DHM을 위한 간섭무늬 압축 방법과 위상 압축 방법의 성능 비교]
   └ 학회: 한국방송·미디어공학회 (IF: 0.49)"
3530,2023,전기전자공학,401273118,이건희,1,0.0,0.0,"[광학 모듈 어레이를 이용한 넓은 시야 부피의 다시점 볼 렌즈 디스플레이]
   └ 학회: 한국방송·미디어공학회 (IF: 0.49)"
3531,2023,전기전자공학,766423362,허대락,1,0.0,0.0,"[광학 모듈 어레이를 이용한 넓은 시야 부피의 다시점 볼 렌즈 디스플레이]
   └ 학회: 한국방송·미디어공학회 (IF: 0.49)"
3532,2023,전기전자공학,396042982,박정혁,1,0.0,0.0,"[광학 모듈 어레이를 이용한 넓은 시야 부피의 다시점 볼 렌즈 디스플레이]
   └ 학회: 한국방송·미디어공학회 (IF: 0.49)"
3533,2023,전기전자공학,862518873,정민우,1,0.0,0.0,"[광학 모듈 어레이를 이용한 넓은 시야 부피의 다시점 볼 렌즈 디스플레이]
   └ 학회: 한국방송·미디어공학회 (IF: 0.49)"
3534,2023,전기전자공학,374271304,한준구,1,0.0,0.0,"[광학 모듈 어레이를 이용한 넓은 시야 부피의 다시점 볼 렌즈 디스플레이]
   └ 학회: 한국방송·미디어공학회 (IF: 0.49)"
3535,2023,전기전자공학,544603174,송현주,1,0.0,0.0,"[곱셈 연산을 고려한 고속 역변환 방법]
   └ 학회: 한국방송·미디어공학회 (IF: 0.49)"
3536,2023,전기전자공학,622649976,이영렬,1,0.0,0.0,"[곱셈 연산을 고려한 고속 역변환 방법]
   └ 학회: 한국방송·미디어공학회 (IF: 0.49)"
3537,2023,전기전자공학,658879730,조형래,1,0.0,0.0,"[2D to 3D 창의적 생성을 위한 탐색적 실험 분석]
   └ 학회: 한국방송·미디어공학회 (IF: 0.49)"
3538,2023,전기전자공학,982800407,강현석,1,0.0,0.0,"[2D to 3D 창의적 생성을 위한 탐색적 실험 분석]
   └ 학회: 한국방송·미디어공학회 (IF: 0.49)"
3539,2023,전기전자공학,799469179,고영찬,1,0.0,0.0,"[2D to 3D 창의적 생성을 위한 탐색적 실험 분석]
   └ 학회: 한국방송·미디어공학회 (IF: 0.49)"
3540,2023,전기전자공학,845673398,강경옥,1,0.0,0.0,"[MPEG-I AEP 기반 실시간 6 자유도 공간음향 렌더링 시스템]
   └ 학회: 한국방송·미디어공학회 (IF: 0.49)"
3541,2023,전기전자공학,780358651,유재현,1,0.0,0.0,"[MPEG-I AEP 기반 실시간 6 자유도 공간음향 렌더링 시스템]
   └ 학회: 한국방송·미디어공학회 (IF: 0.49)"
3542,2023,전기전자공학,448675774,장대영,1,0.0,0.0,"[MPEG-I AEP 기반 실시간 6 자유도 공간음향 렌더링 시스템]
   └ 학회: 한국방송·미디어공학회 (IF: 0.49)"
3543,2023,전기전자공학,648597327,이용주,1,0.0,0.0,"[MPEG-I AEP 기반 실시간 6 자유도 공간음향 렌더링 시스템]
   └ 학회: 한국방송·미디어공학회 (IF: 0.49)"
3544,2023,전기전자공학,675107454,이태진,1,0.0,0.0,"[MPEG-I AEP 기반 실시간 6 자유도 공간음향 렌더링 시스템]
   └ 학회: 한국방송·미디어공학회 (IF: 0.49)"
3545,2023,전기전자공학,248459220,김찬호,1,0.0,0.0,"[특징 분해를 이용한 얼굴 나이 분류 및 합성]
   └ 학회: 한국방송·미디어공학회 (IF: 0.49)"
3546,2023,전기전자공학,877500255,박인규,1,0.0,0.0,"[특징 분해를 이용한 얼굴 나이 분류 및 합성]
   └ 학회: 한국방송·미디어공학회 (IF: 0.49)"
3547,2023,전기전자공학,536678158,이진서,1,0.0,0.0,"[XR Stage와 연계한 볼류메트릭 비디오 활용 전망]
   └ 학회: 한국방송·미디어공학회 (IF: 0.49)"
3548,2023,전기전자공학,544477080,박태춘,1,0.0,0.0,"[버추얼 프로덕션 솔루션 VIT(Vivestudios Immersive Technology) 소개 및 제작사례를 통한 국산 솔루션의 가능성]
   └ 학회: 한국방송·미디어공학회 (IF: 0.49)"
3549,2023,전기전자공학,664195591,김창수,1,0.0,0.0,"[NDI 및 AV over IP 기술 비교 및 현황]
   └ 학회: 한국방송·미디어공학회 (IF: 0.49)"
3550,2023,전기전자공학,595808693,이재아,1,0.0,0.0,"[라디오 청취자 문자 사연을 활용한 KoBERT 기반 한국어 다중 감정 분석 연구]
   └ 학회: 한국방송·미디어공학회 (IF: 0.49)"
3551,2023,전기전자공학,601715671,봉현수,1,0.0,0.0,"[유전자 발현량 데이터 증대를 위한 Conditional VAE 기반 생성 모델]
   └ 학회: 한국방송·미디어공학회 (IF: 0.49)"
3552,2023,전기전자공학,574884473,오민식,1,0.0,0.0,"[유전자 발현량 데이터 증대를 위한 Conditional VAE 기반 생성 모델]
   └ 학회: 한국방송·미디어공학회 (IF: 0.49)"
3553,2023,전기전자공학,714318756,이한주,1,0.0,0.0,"[기상 및 미세먼지 정보를 활용한 서울시의 미세먼지 농도 조기 예측]
   └ 학회: 한국방송·미디어공학회 (IF: 0.49)"
3554,2023,전기전자공학,747652032,지민규,1,0.0,0.0,"[기상 및 미세먼지 정보를 활용한 서울시의 미세먼지 농도 조기 예측]
   └ 학회: 한국방송·미디어공학회 (IF: 0.49)"
3555,2023,전기전자공학,813107488,김학동,1,0.0,0.0,"[기상 및 미세먼지 정보를 활용한 서울시의 미세먼지 농도 조기 예측]
   └ 학회: 한국방송·미디어공학회 (IF: 0.49)"
3556,2023,전기전자공학,925863225,전태흘,1,0.0,0.0,"[기상 및 미세먼지 정보를 활용한 서울시의 미세먼지 농도 조기 예측]
   └ 학회: 한국방송·미디어공학회 (IF: 0.49)"
3557,2023,전기전자공학,351775880,김청원,1,0.0,0.0,"[기상 및 미세먼지 정보를 활용한 서울시의 미세먼지 농도 조기 예측]
   └ 학회: 한국방송·미디어공학회 (IF: 0.49)"
3558,2023,전기전자공학,4633705,김가나,1,0.0,0.0,"[자율주행 영상데이터의 신뢰도 향상을 위한 AI모델 기반 데이터 자동 정제]
   └ 학회: 한국방송·미디어공학회 (IF: 0.49)"
3559,2023,전기전자공학,830026230,권나성,1,0.0,0.0,"[스케일러블 동적 메쉬 압축을 위한 SHVC 기반 텍스처 맵 부호화 방법]
   └ 학회: 한국방송·미디어공학회 (IF: 0.49)"
3560,2023,전기전자공학,136048083,최한솔,1,0.0,0.0,"[스케일러블 동적 메쉬 압축을 위한 SHVC 기반 텍스처 맵 부호화 방법]
   └ 학회: 한국방송·미디어공학회 (IF: 0.49)"
3561,2023,전기전자공학,351813276,박세진,1,0.0,0.0,"[클래스별 평균 전경 맵을 이용한 약 지도학습 기반 객체 로컬라이제이션]
   └ 학회: 한국방송·미디어공학회 (IF: 0.49)"
3562,2023,전기전자공학,403684336,이소은,1,0.0,0.0,"[클래스별 평균 전경 맵을 이용한 약 지도학습 기반 객체 로컬라이제이션]
   └ 학회: 한국방송·미디어공학회 (IF: 0.49)"
3563,2023,전기전자공학,648642259,강병근,1,0.0,0.0,"[클래스별 평균 전경 맵을 이용한 약 지도학습 기반 객체 로컬라이제이션]
   └ 학회: 한국방송·미디어공학회 (IF: 0.49)"
3564,2023,전기전자공학,648745558,이영복,1,0.0,0.0,"[저장 및 전송 시스템에서의 해상 영상을 위한 딥 러닝 기반 영상 개선 기술 분석]
   └ 학회: 한국방송·미디어공학회 (IF: 0.49)"
3565,2023,전기전자공학,354406453,이은성,1,0.0,0.0,"[저장 및 전송 시스템에서의 해상 영상을 위한 딥 러닝 기반 영상 개선 기술 분석]
   └ 학회: 한국방송·미디어공학회 (IF: 0.49)"
3566,2023,전기전자공학,830148389,이민훈,1,0.0,0.0,"[저장 및 전송 시스템에서의 해상 영상을 위한 딥 러닝 기반 영상 개선 기술 분석]
   └ 학회: 한국방송·미디어공학회 (IF: 0.49)"
3567,2023,전기전자공학,945141918,안현모,1,0.0,0.0,"[저장 및 전송 시스템에서의 해상 영상을 위한 딥 러닝 기반 영상 개선 기술 분석]
   └ 학회: 한국방송·미디어공학회 (IF: 0.49)"
3568,2023,전기전자공학,981828667,최건찬,1,0.0,0.0,"[촬영 환경 변화에 강인한 NetVLAD 제작 기술]
   └ 학회: 한국방송·미디어공학회 (IF: 0.49)"
3569,2023,전기전자공학,739470403,방건,1,0.0,0.0,"[신경망 비디오 표현 기술 및 MPEG-INVR 표준화 동향]
   └ 학회: 한국방송·미디어공학회 (IF: 0.49)"
3570,2023,전기전자공학,586656379,남귀중,1,0.0,0.0,"[비디오 기반 포인트 클라우드 압축(V-PCC) 콘텐츠의 스트리밍 플랫폼]
   └ 학회: 한국방송·미디어공학회 (IF: 0.49)"
3571,2023,전기전자공학,763020046,김준호,1,0.0,0.0,"[교육용 메타버스 플랫폼 개발에 관한 연구]
   └ 학회: 한국방송·미디어공학회 (IF: 0.49)"
3572,2023,전기전자공학,601651962,조현진,1,0.0,0.0,"[교육용 메타버스 플랫폼 개발에 관한 연구]
   └ 학회: 한국방송·미디어공학회 (IF: 0.49)"
3573,2023,전기전자공학,103807855,최성진,1,0.0,0.0,"[교육용 메타버스 플랫폼 개발에 관한 연구]
   └ 학회: 한국방송·미디어공학회 (IF: 0.49)"
3574,2023,전기전자공학,153471259,이호준,1,0.0,0.0,"[테스트 단계 도메인 적응 모델의 성능 향상을 위한 기법 분석]
   └ 학회: 한국방송·미디어공학회 (IF: 0.49)"
3575,2023,전기전자공학,490421748,이승환,1,0.0,0.0,"[테스트 단계 도메인 적응 모델의 성능 향상을 위한 기법 분석]
   └ 학회: 한국방송·미디어공학회 (IF: 0.49)"
3576,2023,전기전자공학,147504927,정인영,1,0.0,0.0,"[테스트 단계 도메인 적응 모델의 성능 향상을 위한 기법 분석]
   └ 학회: 한국방송·미디어공학회 (IF: 0.49)"
3577,2023,전기전자공학,651846438,최이현,1,0.0,0.0,"[동적 메쉬 생성을 위한 동적 포인트 클라우드의 효율적 변환 방법]
   └ 학회: 한국방송·미디어공학회 (IF: 0.49)"
3578,2023,전기전자공학,705420905,최민지,1,0.0,0.0,"[한옥을 중심으로 한 한국형 재난 이미지 생성 결과 : 파인 튜닝 기술의 성능 비교 분석과 적용 가능성]
   └ 학회: 한국방송·미디어공학회 (IF: 0.49)"
3579,2023,전기전자공학,219667133,원루빈,1,0.0,0.0,"[한옥을 중심으로 한 한국형 재난 이미지 생성 결과 : 파인 튜닝 기술의 성능 비교 분석과 적용 가능성]
   └ 학회: 한국방송·미디어공학회 (IF: 0.49)"
3580,2023,전기전자공학,366519029,최지훈,1,0.0,0.0,"[한옥을 중심으로 한 한국형 재난 이미지 생성 결과 : 파인 튜닝 기술의 성능 비교 분석과 적용 가능성]
   └ 학회: 한국방송·미디어공학회 (IF: 0.49)"
3581,2023,전기전자공학,169825112,배병준,1,0.0,0.0,"[한옥을 중심으로 한 한국형 재난 이미지 생성 결과 : 파인 튜닝 기술의 성능 비교 분석과 적용 가능성]
   └ 학회: 한국방송·미디어공학회 (IF: 0.49)"
3582,2023,전기전자공학,176081236,김재원,1,0.0,0.0,"[머신러닝을 이용한 음성 생성 모델 기반의 음성 향상 기술]
   └ 학회: 한국방송·미디어공학회 (IF: 0.49)"
3583,2023,전기전자공학,210960177,문희연,1,0.0,0.0,"[머신러닝을 이용한 음성 생성 모델 기반의 음성 향상 기술]
   └ 학회: 한국방송·미디어공학회 (IF: 0.49)"
3584,2023,전기전자공학,885270650,A. F. M. Shahab Uddin,1,0.0,0.0,"[Full-Reference Video Quality Assessment for Military Surveillance Video Compressed with Ultra Narrow Bandwidth]
   └ 학회: 한국방송·미디어공학회 (IF: 0.49)"
3585,2023,전기전자공학,529629169,Donghyun Kim,1,0.0,0.0,"[Full-Reference Video Quality Assessment for Military Surveillance Video Compressed with Ultra Narrow Bandwidth]
   └ 학회: 한국방송·미디어공학회 (IF: 0.49)"
3586,2023,전기전자공학,997243219,Mst. Sirazam Monira,1,0.0,0.0,"[Full-Reference Video Quality Assessment for Military Surveillance Video Compressed with Ultra Narrow Bandwidth]
   └ 학회: 한국방송·미디어공학회 (IF: 0.49)"
3587,2023,전기전자공학,494238844,최증원,1,0.0,0.0,"[Full-Reference Video Quality Assessment for Military Surveillance Video Compressed with Ultra Narrow Bandwidth]
   └ 학회: 한국방송·미디어공학회 (IF: 0.49)"
3588,2023,전기전자공학,399662946,TaeChoong Chung,1,0.0,0.0,"[Full-Reference Video Quality Assessment for Military Surveillance Video Compressed with Ultra Narrow Bandwidth]
   └ 학회: 한국방송·미디어공학회 (IF: 0.49)"
3589,2023,전기전자공학,485081402,배성호,1,0.0,0.0,"[Full-Reference Video Quality Assessment for Military Surveillance Video Compressed with Ultra Narrow Bandwidth]
   └ 학회: 한국방송·미디어공학회 (IF: 0.49)"
3590,2023,전기전자공학,549091440,배해욱,1,0.0,0.0,"[IPTV 서비스 가입에 영향을 미치는 요인에 관한 연구]
   └ 학회: 한국방송·미디어공학회 (IF: 0.49)"
3591,2023,전기전자공학,534689761,김동호,1,0.0,0.0,"[IPTV 서비스 가입에 영향을 미치는 요인에 관한 연구]
   └ 학회: 한국방송·미디어공학회 (IF: 0.49)"
3592,2023,전기전자공학,768097243,Ju-Hee Lee,1,0.0,0.0,"[Video Question Answering with Overcoming Spatial and Temporal Redundancy in Feature Extraction]
   └ 학회: 한국방송·미디어공학회 (IF: 0.49)"
3593,2023,전기전자공학,870712767,Seong Jong Ha,1,0.0,0.0,"[Video Question Answering with Overcoming Spatial and Temporal Redundancy in Feature Extraction]
   └ 학회: 한국방송·미디어공학회 (IF: 0.49)"
3594,2023,전기전자공학,183871362,강제원,1,0.0,0.0,"[Video Question Answering with Overcoming Spatial and Temporal Redundancy in Feature Extraction]
   └ 학회: 한국방송·미디어공학회 (IF: 0.49)"
3595,2023,전기전자공학,247725605,HaYoung Park,1,0.0,0.0,"[A Deepfake Video Detection Considering Sequential Keyframes and An Estimation of Fake Area by Input Attribution]
   └ 학회: 한국방송·미디어공학회 (IF: 0.49)"
3596,2023,전기전자공학,638823246,Young Han Lee,1,0.0,0.0,"[A Deepfake Video Detection Considering Sequential Keyframes and An Estimation of Fake Area by Input Attribution]
   └ 학회: 한국방송·미디어공학회 (IF: 0.49)"
3597,2023,전기전자공학,635609056,Sangkeun Lee,1,0.0,0.0,"[A Deepfake Video Detection Considering Sequential Keyframes and An Estimation of Fake Area by Input Attribution]
   └ 학회: 한국방송·미디어공학회 (IF: 0.49)"
3598,2023,전기전자공학,626969207,Choongsang Cho,1,0.0,0.0,"[A Deepfake Video Detection Considering Sequential Keyframes and An Estimation of Fake Area by Input Attribution]
   └ 학회: 한국방송·미디어공학회 (IF: 0.49)"
3599,2023,전기전자공학,839324717,이동민,1,0.0,0.0,"[Exploring the Video Coding for Machines Standard: Current Status and Future Directions]
   └ 학회: 한국방송·미디어공학회 (IF: 0.49)"
3600,2023,전기전자공학,307999118,전상균,1,0.0,0.0,"[Exploring the Video Coding for Machines Standard: Current Status and Future Directions]
   └ 학회: 한국방송·미디어공학회 (IF: 0.49)"
3601,2023,전기전자공학,473770162,정영훈,1,0.0,0.0,"[Exploring the Video Coding for Machines Standard: Current Status and Future Directions]
   └ 학회: 한국방송·미디어공학회 (IF: 0.49)"
3602,2023,전기전자공학,275935737,김준수,1,0.0,0.0,"[Exploring the Video Coding for Machines Standard: Current Status and Future Directions]
   └ 학회: 한국방송·미디어공학회 (IF: 0.49)"
3603,2023,전기전자공학,942737418,Youngkwon Lim,1,0.0,0.0,"[An Overview of MPEG-I Scene Description, a Standard for MPEG Immersive Media Integration]
   └ 학회: 한국방송·미디어공학회 (IF: 0.49)"
3604,2023,전기전자공학,268201955,정순흥,1,0.0,0.0,"[Performance Improvement and Modification of VVC RPR Technology for Machine Vision Systems]
   └ 학회: 한국방송·미디어공학회 (IF: 0.49)"
3605,2023,전기전자공학,968354006,서광덕,1,0.0,0.0,"[Performance Improvement and Modification of VVC RPR Technology for Machine Vision Systems]
   └ 학회: 한국방송·미디어공학회 (IF: 0.49)"
3606,2023,전기전자공학,878017125,한규웅,1,0.0,0.0,"[An Advanced Multi-Scale Feature Compression (advMSFC) Method with Backbone Split Point and Its Performance Analysis]
   └ 학회: 한국방송·미디어공학회 (IF: 0.49)"
3607,2023,전기전자공학,912696598,Yong-Uk Yoon,1,0.0,0.0,"[An Advanced Multi-Scale Feature Compression (advMSFC) Method with Backbone Split Point and Its Performance Analysis]
   └ 학회: 한국방송·미디어공학회 (IF: 0.49)"
3608,2023,전기전자공학,131629666,임한신,1,0.0,0.0,"[A Simple and Efficient Method to Combine Depth Map with Planar Prior for Multi-View Stereo]
   └ 학회: 한국방송·미디어공학회 (IF: 0.49)"
3609,2023,전기전자공학,523053285,이승용,1,0.0,0.0,"[3D Mesh Texturing]
   └ 학회: 한국방송·미디어공학회 (IF: 0.49)"
3610,2023,전기전자공학,304469659,김영진,1,0.0,0.0,"[비대칭 PWM 방식을 이용한 이중 승압 기능을 갖는 PFC 컨버터]
   └ 학회: 전력전자학회 (IF: 0.45)"
3611,2023,전기전자공학,107477146,임재성,1,0.0,0.0,"[비대칭 PWM 방식을 이용한 이중 승압 기능을 갖는 PFC 컨버터]
   └ 학회: 전력전자학회 (IF: 0.45)"
3612,2023,전기전자공학,202409940,임종수,1,0.0,0.0,"[단상/삼상 계통 전력 품질 평가를 위한 고조파 분석 알고리즘 개발]
   └ 학회: 전력전자학회 (IF: 0.45)"
3613,2023,전기전자공학,620660304,이택기,1,0.0,0.0,"[단상/삼상 계통 전력 품질 평가를 위한 고조파 분석 알고리즘 개발]
   └ 학회: 전력전자학회 (IF: 0.45)"
3614,2023,전기전자공학,388209261,박태현,1,0.0,0.0,"[계통연계 인버터의 주요 부하 불평형 시 상전류 제어를 통한 부하 상전압 평형 제어]
   └ 학회: 전력전자학회 (IF: 0.45)"
3615,2023,전기전자공학,971712018,조관열,1,0.0,0.0,"[계통연계 인버터의 주요 부하 불평형 시 상전류 제어를 통한 부하 상전압 평형 제어]
   └ 학회: 전력전자학회 (IF: 0.45)"
3616,2023,전기전자공학,594300356,민준기,1,0.0,0.0,"[계통연계 인버터의 주요 부하 불평형 시 상전류 제어를 통한 부하 상전압 평형 제어]
   └ 학회: 전력전자학회 (IF: 0.45)"
3617,2023,전기전자공학,838462451,최원일,1,0.0,0.0,"[계통연계 인버터의 주요 부하 불평형 시 상전류 제어를 통한 부하 상전압 평형 제어]
   └ 학회: 전력전자학회 (IF: 0.45)"
3618,2023,전기전자공학,280858883,조영훈,1,0.0,0.0,"[1차 측 제어 플라이벅 컨버터의 정전류 및 정전압 제어]
   └ 학회: 전력전자학회 (IF: 0.45)"
3619,2023,전기전자공학,230404229,장바울,1,0.0,0.0,"[1차 측 제어 플라이벅 컨버터의 정전류 및 정전압 제어]
   └ 학회: 전력전자학회 (IF: 0.45)"
3620,2023,전기전자공학,249205719,이정호,1,0.0,0.0,"[SiC 전력반도체의 병렬 구동 시 전류 불균형을 최소화하는 Mezzanine 구조의 방열일체형 스위칭 모듈 개발]
   └ 학회: 전력전자학회 (IF: 0.45)"
3621,2023,전기전자공학,153746987,이기영,1,0.0,0.0,"[SiC 전력반도체의 병렬 구동 시 전류 불균형을 최소화하는 Mezzanine 구조의 방열일체형 스위칭 모듈 개발]
   └ 학회: 전력전자학회 (IF: 0.45)"
3622,2023,전기전자공학,783082082,이상연,1,0.0,0.0,"[양방향 경계모드 벅/부스트 컨버터의 디지털 제어기법]
   └ 학회: 전력전자학회 (IF: 0.45)"
3623,2023,전기전자공학,224867,이우석,1,0.0,0.0,"[양방향 경계모드 벅/부스트 컨버터의 디지털 제어기법]
   └ 학회: 전력전자학회 (IF: 0.45)"
3624,2023,전기전자공학,4206592,김승민,1,0.0,0.0,"[다상/다단 부스트 컨버터의 DC-Link 리플 전류 분석]
   └ 학회: 전력전자학회 (IF: 0.45)"
3625,2023,전기전자공학,753000124,문유진,1,0.0,0.0,"[소형풍력발전을 위한 3상 단일전력단 교류-직류 컨버터]
   └ 학회: 전력전자학회 (IF: 0.45)"
3626,2023,전기전자공학,728400838,박범수,1,0.0,0.0,"[소형풍력발전을 위한 3상 단일전력단 교류-직류 컨버터]
   └ 학회: 전력전자학회 (IF: 0.45)"
3627,2023,전기전자공학,540565835,김상규,1,0.0,0.0,"[소형풍력발전을 위한 3상 단일전력단 교류-직류 컨버터]
   └ 학회: 전력전자학회 (IF: 0.45)"
3628,2023,전기전자공학,343989505,임덕진,1,0.0,0.0,"[소형풍력발전을 위한 3상 단일전력단 교류-직류 컨버터]
   └ 학회: 전력전자학회 (IF: 0.45)"
3629,2023,전기전자공학,4616351,배치환,1,0.0,0.0,"[MMC 기반 HVDC 전력변환기의 밸브 성능 시험회로]
   └ 학회: 전력전자학회 (IF: 0.45)"
3630,2023,전기전자공학,862568344,조광래,1,0.0,0.0,"[MMC 기반 HVDC 전력변환기의 밸브 성능 시험회로]
   └ 학회: 전력전자학회 (IF: 0.45)"
3631,2023,전기전자공학,271095881,김학수,1,0.0,0.0,"[MMC 기반 HVDC 전력변환기의 밸브 성능 시험회로]
   └ 학회: 전력전자학회 (IF: 0.45)"
3632,2023,전기전자공학,769633119,노의철,1,0.0,0.0,"[MMC 기반 HVDC 전력변환기의 밸브 성능 시험회로]
   └ 학회: 전력전자학회 (IF: 0.45)"
3633,2023,전기전자공학,223597,문주영,1,0.0,0.0,"[IBR 증가에 따른 태양광 연계 GFM 기술 및 요구사항]
   └ 학회: 전력전자학회 (IF: 0.45)"
3634,2023,전기전자공학,854998825,이효영,1,0.0,0.0,"[전기차 충전 제품, 서비스, 솔루션 혁신기업]
   └ 학회: 전력전자학회 (IF: 0.45)"
3635,2023,전기전자공학,162141496,정윤도,1,0.0,0.0,"[초고속 자기부상열차용 다중 무선충전장치에서 차폐 장벽조건에 따른 동작특성 조사]
   └ 학회: 전력전자학회 (IF: 0.45)"
3636,2023,전기전자공학,834559466,이창영,1,0.0,0.0,"[초고속 자기부상열차용 다중 무선충전장치에서 차폐 장벽조건에 따른 동작특성 조사]
   └ 학회: 전력전자학회 (IF: 0.45)"
3637,2023,전기전자공학,4212037,김동균,1,0.0,0.0,"[수소연료전지 철도차량을 위한 병렬-입력 직렬-출력 구조의 다중 공진형 LLC 컨버터 설계 및 제어]
   └ 학회: 전력전자학회 (IF: 0.45)"
3638,2023,전기전자공학,309297218,김진출,1,0.0,0.0,"[수소연료전지 철도차량을 위한 병렬-입력 직렬-출력 구조의 다중 공진형 LLC 컨버터 설계 및 제어]
   └ 학회: 전력전자학회 (IF: 0.45)"
3639,2023,전기전자공학,352762288,문관영,1,0.0,0.0,"[BLDC 전동기를 이용한 차량용 파워 슬라이딩 도어의 구동 방법]
   └ 학회: 전력전자학회 (IF: 0.45)"
3640,2023,전기전자공학,979710838,엄현수,1,0.0,0.0,"[BLDC 전동기를 이용한 차량용 파워 슬라이딩 도어의 구동 방법]
   └ 학회: 전력전자학회 (IF: 0.45)"
3641,2023,전기전자공학,335179094,최희원,1,0.0,0.0,"[13.56 MHz RF 플라즈마 임피던스 정합기용 전자식 가변 커패시터의 가변 속도 최적화를 위한 인덕터 설계 방법]
   └ 학회: 전력전자학회 (IF: 0.45)"
3642,2023,전기전자공학,340546363,서용석,1,0.0,0.0,"[13.56 MHz RF 플라즈마 임피던스 정합기용 전자식 가변 커패시터의 가변 속도 최적화를 위한 인덕터 설계 방법]
   └ 학회: 전력전자학회 (IF: 0.45)"
3643,2023,전기전자공학,597071040,민주화,1,0.0,0.0,"[13.56 MHz RF 플라즈마 임피던스 정합기용 전자식 가변 커패시터의 가변 속도 최적화를 위한 인덕터 설계 방법]
   └ 학회: 전력전자학회 (IF: 0.45)"
3644,2023,전기전자공학,152332623,홍성용,1,0.0,0.0,"[고밀도 배터리 충방전 시스템을 위한 낮은 높이를 갖는 500W급 양방향 DC-DC 컨버터]
   └ 학회: 전력전자학회 (IF: 0.45)"
3645,2023,전기전자공학,552762454,류상균,1,0.0,0.0,"[고밀도 배터리 충방전 시스템을 위한 낮은 높이를 갖는 500W급 양방향 DC-DC 컨버터]
   └ 학회: 전력전자학회 (IF: 0.45)"
3646,2023,전기전자공학,426664,박찬배,1,0.0,0.0,"[고밀도 배터리 충방전 시스템을 위한 낮은 높이를 갖는 500W급 양방향 DC-DC 컨버터]
   └ 학회: 전력전자학회 (IF: 0.45)"
3647,2023,전기전자공학,648298174,김상오,1,0.0,0.0,"[신재생 에너지용 비대칭 구조의 배전압 회로를 지닌 넓은 입력 전압 범위에서 동작하는 공진형 DC-DC 컨버터]
   └ 학회: 전력전자학회 (IF: 0.45)"
3648,2023,전기전자공학,186624797,한병철,1,0.0,0.0,"[신재생 에너지용 비대칭 구조의 배전압 회로를 지닌 넓은 입력 전압 범위에서 동작하는 공진형 DC-DC 컨버터]
   └ 학회: 전력전자학회 (IF: 0.45)"
3649,2023,전기전자공학,959280312,방재현,1,0.0,0.0,"[단상 멀티 레벨 인버터의 출력 전력 전향 보상]
   └ 학회: 전력전자학회 (IF: 0.45)"
3650,2023,전기전자공학,182050009,이도홍,1,0.0,0.0,"[단상 멀티 레벨 인버터의 출력 전력 전향 보상]
   └ 학회: 전력전자학회 (IF: 0.45)"
3651,2023,전기전자공학,199698968,조영훈,1,0.0,0.0,"[단상 멀티 레벨 인버터의 출력 전력 전향 보상]
   └ 학회: 전력전자학회 (IF: 0.45)"
3652,2023,전기전자공학,605487954,우태겸,1,0.0,0.0,"[자기저항 동기 전동기에서 자속 포화 모델의 상호 포화항에 대한 매개변수 추정]
   └ 학회: 전력전자학회 (IF: 0.45)"
3653,2023,전기전자공학,569809683,정준봉,1,0.0,0.0,"[고효율 및 슬림형 전압 평형 3-레벨 벅 컨버터]
   └ 학회: 전력전자학회 (IF: 0.45)"
3654,2023,전기전자공학,152055764,김찬규,1,0.0,0.0,"[고효율 및 슬림형 전압 평형 3-레벨 벅 컨버터]
   └ 학회: 전력전자학회 (IF: 0.45)"
3655,2023,전기전자공학,494453945,하가산,1,0.0,0.0,"[고효율 및 슬림형 전압 평형 3-레벨 벅 컨버터]
   └ 학회: 전력전자학회 (IF: 0.45)"
3656,2023,전기전자공학,984818256,우원명,1,0.0,0.0,"[고효율 및 슬림형 전압 평형 3-레벨 벅 컨버터]
   └ 학회: 전력전자학회 (IF: 0.45)"
3657,2023,전기전자공학,780570022,강정일,1,0.0,0.0,"[고효율 및 슬림형 전압 평형 3-레벨 벅 컨버터]
   └ 학회: 전력전자학회 (IF: 0.45)"
3658,2023,전기전자공학,771993337,한상규,1,0.0,0.0,"[고효율 및 슬림형 전압 평형 3-레벨 벅 컨버터]
   └ 학회: 전력전자학회 (IF: 0.45)"
3659,2023,전기전자공학,745901545,조강철,1,0.0,0.0,"[록인 앰프를 이용한 새로운 전력 측정 방법]
   └ 학회: 전력전자학회 (IF: 0.45)"
3660,2023,전기전자공학,770563215,최우진,1,0.0,0.0,"[록인 앰프를 이용한 새로운 전력 측정 방법]
   └ 학회: 전력전자학회 (IF: 0.45)"
3661,2023,전기전자공학,439903964,김진리,1,0.0,0.0,"[LLC 공진형 컨버터를 위한 인덕터 집적 평면형 변압기의 설계 및 구현]
   └ 학회: 전력전자학회 (IF: 0.45)"
3662,2023,전기전자공학,816716104,김태완,1,0.0,0.0,"[LLC 공진형 컨버터를 위한 인덕터 집적 평면형 변압기의 설계 및 구현]
   └ 학회: 전력전자학회 (IF: 0.45)"
3663,2023,전기전자공학,129763687,최재성,1,0.0,0.0,"[SOC 밸런싱 기능을 갖춘 새로운 배터리 스위칭 시스템]
   └ 학회: 전력전자학회 (IF: 0.45)"
3664,2023,전기전자공학,307127237,김재국,1,0.0,0.0,"[SOC 밸런싱 기능을 갖춘 새로운 배터리 스위칭 시스템]
   └ 학회: 전력전자학회 (IF: 0.45)"
3665,2023,전기전자공학,140440581,나석진,1,0.0,0.0,"[전기자동차 직접 충전기술 동향 분석 및 고전압 배터리팩 설계기술 검토]
   └ 학회: 전력전자학회 (IF: 0.45)"
3666,2023,전기전자공학,5475899,김범준,1,0.0,0.0,"[전기자동차 직접 충전기술 동향 분석 및 고전압 배터리팩 설계기술 검토]
   └ 학회: 전력전자학회 (IF: 0.45)"
3667,2023,전기전자공학,841592844,조인호,1,0.0,0.0,"[전기자동차 직접 충전기술 동향 분석 및 고전압 배터리팩 설계기술 검토]
   └ 학회: 전력전자학회 (IF: 0.45)"
3668,2023,전기전자공학,517926215,박혜령,1,0.0,0.0,"[선박용 연료전지 시스템을 위한 대전류 전력변환기 개발]
   └ 학회: 전력전자학회 (IF: 0.45)"
3669,2023,전기전자공학,679126340,허환,1,0.0,0.0,"[선박용 연료전지 시스템을 위한 대전류 전력변환기 개발]
   └ 학회: 전력전자학회 (IF: 0.45)"
3670,2023,전기전자공학,976037141,권민호,1,0.0,0.0,"[선박용 연료전지 시스템을 위한 대전류 전력변환기 개발]
   └ 학회: 전력전자학회 (IF: 0.45)"
3671,2023,전기전자공학,544569214,이종필,1,0.0,0.0,"[선박용 연료전지 시스템을 위한 대전류 전력변환기 개발]
   └ 학회: 전력전자학회 (IF: 0.45)"
3672,2023,전기전자공학,4591975,이채은,1,0.0,0.0,"[개선된 유전 알고리즘 기반 태양광 발전 전역 최대 발전 전력 추종 기법]
   └ 학회: 전력전자학회 (IF: 0.45)"
3673,2023,전기전자공학,1201703,장요한,1,0.0,0.0,"[개선된 유전 알고리즘 기반 태양광 발전 전역 최대 발전 전력 추종 기법]
   └ 학회: 전력전자학회 (IF: 0.45)"
3674,2023,전기전자공학,547567583,정승훈,1,0.0,0.0,"[개선된 유전 알고리즘 기반 태양광 발전 전역 최대 발전 전력 추종 기법]
   └ 학회: 전력전자학회 (IF: 0.45)"
3675,2023,전기전자공학,4611147,배성우,1,0.0,0.0,"[개선된 유전 알고리즘 기반 태양광 발전 전역 최대 발전 전력 추종 기법]
   └ 학회: 전력전자학회 (IF: 0.45)"
3676,2023,전기전자공학,532652333,김재준,1,0.0,0.0,"[태양광 발전용 단일 SiC 스위치 기반 8kW급 ZVZCS 부스트 컨버터]
   └ 학회: 전력전자학회 (IF: 0.45)"
3677,2023,전기전자공학,544173542,표기현,1,0.0,0.0,"[태양광 발전용 단일 SiC 스위치 기반 8kW급 ZVZCS 부스트 컨버터]
   └ 학회: 전력전자학회 (IF: 0.45)"
3678,2023,전기전자공학,168825773,전준혁,1,0.0,0.0,"[태양광 발전용 단일 SiC 스위치 기반 8kW급 ZVZCS 부스트 컨버터]
   └ 학회: 전력전자학회 (IF: 0.45)"
3679,2023,전기전자공학,282626582,경신수,1,0.0,0.0,"[태양광 발전용 단일 SiC 스위치 기반 8kW급 ZVZCS 부스트 컨버터]
   └ 학회: 전력전자학회 (IF: 0.45)"
3680,2023,전기전자공학,218754005,최태준,1,0.0,0.0,"[태양광 인버터의 IEC 및 KS 표준 동향]
   └ 학회: 전력전자학회 (IF: 0.45)"
3681,2023,전기전자공학,573355970,박화평,1,0.0,0.0,"[태양광 발전 화재 저감 기술]
   └ 학회: 전력전자학회 (IF: 0.45)"
3682,2023,전기전자공학,370907933,홍다헌,1,0.0,0.0,"[스위칭-셀 전류형 백투백 컨버터]
   └ 학회: 전력전자학회 (IF: 0.45)"
3683,2023,전기전자공학,130903514,장진혁,1,0.0,0.0,"[DQN 강화학습 기반 최대 효율 구동 가능한 최적 IPT 코일 턴 수 설계 연구]
   └ 학회: 전력전자학회 (IF: 0.45)"
3684,2023,전기전자공학,467000756,이은우,1,0.0,0.0,"[Five-Leg Inverter의 스위치 손실 저감을 위한 토크 기반 불연속 펄스 폭 변조 방식]
   └ 학회: 전력전자학회 (IF: 0.45)"
3685,2023,전기전자공학,843589802,김태형,1,0.0,0.0,"[Five-Leg Inverter의 스위치 손실 저감을 위한 토크 기반 불연속 펄스 폭 변조 방식]
   └ 학회: 전력전자학회 (IF: 0.45)"
3686,2023,전기전자공학,389644458,김도현,1,0.0,0.0,"[Five-Leg Inverter의 스위치 손실 저감을 위한 토크 기반 불연속 펄스 폭 변조 방식]
   └ 학회: 전력전자학회 (IF: 0.45)"
3687,2023,전기전자공학,209258360,김채린,1,0.0,0.0,"[병렬 운전 시 LLC 공진형 컨버터 모듈 간 출력 순환 전류 리플 저감을 위한 PWM 동기화 방법]
   └ 학회: 전력전자학회 (IF: 0.45)"
3688,2023,전기전자공학,948393850,노용수,1,0.0,0.0,"[병렬 운전 시 LLC 공진형 컨버터 모듈 간 출력 순환 전류 리플 저감을 위한 PWM 동기화 방법]
   └ 학회: 전력전자학회 (IF: 0.45)"
3689,2023,전기전자공학,318743933,양형규,1,0.0,0.0,"[병렬 운전 시 LLC 공진형 컨버터 모듈 간 출력 순환 전류 리플 저감을 위한 PWM 동기화 방법]
   └ 학회: 전력전자학회 (IF: 0.45)"
3690,2023,전기전자공학,290671787,박준성,1,0.0,0.0,"[병렬 운전 시 LLC 공진형 컨버터 모듈 간 출력 순환 전류 리플 저감을 위한 PWM 동기화 방법]
   └ 학회: 전력전자학회 (IF: 0.45)"
3691,2023,전기전자공학,487213503,김진홍,1,0.0,0.0,"[병렬 운전 시 LLC 공진형 컨버터 모듈 간 출력 순환 전류 리플 저감을 위한 PWM 동기화 방법]
   └ 학회: 전력전자학회 (IF: 0.45)"
3692,2023,전기전자공학,224877,최준혁,1,0.0,0.0,"[병렬 운전 시 LLC 공진형 컨버터 모듈 간 출력 순환 전류 리플 저감을 위한 PWM 동기화 방법]
   └ 학회: 전력전자학회 (IF: 0.45)"
3693,2023,전기전자공학,642127236,주동명,1,0.0,0.0,"[병렬 운전 시 LLC 공진형 컨버터 모듈 간 출력 순환 전류 리플 저감을 위한 PWM 동기화 방법]
   └ 학회: 전력전자학회 (IF: 0.45)"
3694,2023,전기전자공학,140793226,조병극,1,0.0,0.0,"[가정용 태양광 인버터에 관한 연구]
   └ 학회: 전력전자학회 (IF: 0.45)"
3695,2023,전기전자공학,244199439,권국민,1,0.0,0.0,"[가정용 태양광 인버터에 관한 연구]
   └ 학회: 전력전자학회 (IF: 0.45)"
3696,2023,전기전자공학,776496687,이승명,1,0.0,0.0,"[가정용 태양광 인버터에 관한 연구]
   └ 학회: 전력전자학회 (IF: 0.45)"
3697,2023,전기전자공학,318790238,윤동근,1,0.0,0.0,"[가정용 태양광 인버터에 관한 연구]
   └ 학회: 전력전자학회 (IF: 0.45)"
3698,2023,전기전자공학,348490518,김호경,1,0.0,0.0,"[가정용 태양광 인버터에 관한 연구]
   └ 학회: 전력전자학회 (IF: 0.45)"
3699,2023,전기전자공학,750619928,장주영,1,0.0,0.0,"[가정용 태양광 인버터에 관한 연구]
   └ 학회: 전력전자학회 (IF: 0.45)"
3700,2023,전기전자공학,680705227,변병주,1,0.0,0.0,"[22.9㎸ac 연계 ㎿급 대용량 전기차 급속충전용 전력변환기]
   └ 학회: 전력전자학회 (IF: 0.45)"
3701,2023,전기전자공학,185205970,현예지,1,0.0,0.0,"[PFC 컨버터용 부스트 인덕터 파레토 최적화 방안 연구]
   └ 학회: 전력전자학회 (IF: 0.45)"
3702,2023,전기전자공학,502835618,이동인,1,0.0,0.0,"[PFC 컨버터용 부스트 인덕터 파레토 최적화 방안 연구]
   └ 학회: 전력전자학회 (IF: 0.45)"
3703,2023,전기전자공학,980726367,정성욱,1,0.0,0.0,"[PFC 컨버터용 부스트 인덕터 파레토 최적화 방안 연구]
   └ 학회: 전력전자학회 (IF: 0.45)"
3704,2023,전기전자공학,246836912,김원준,1,0.0,0.0,"[PFC 컨버터용 부스트 인덕터 파레토 최적화 방안 연구]
   └ 학회: 전력전자학회 (IF: 0.45)"
3705,2023,전기전자공학,974226888,이상윤,1,0.0,0.0,"[PFC 컨버터용 부스트 인덕터 파레토 최적화 방안 연구]
   └ 학회: 전력전자학회 (IF: 0.45)"
3706,2023,전기전자공학,911813613,장근호,1,0.0,0.0,"[PFC 컨버터용 부스트 인덕터 파레토 최적화 방안 연구]
   └ 학회: 전력전자학회 (IF: 0.45)"
3707,2023,전기전자공학,718550483,최현준,1,0.0,0.0,"[PFC 컨버터용 부스트 인덕터 파레토 최적화 방안 연구]
   └ 학회: 전력전자학회 (IF: 0.45)"
3708,2023,전기전자공학,148376344,윤한신,1,0.0,0.0,"[PFC 컨버터용 부스트 인덕터 파레토 최적화 방안 연구]
   └ 학회: 전력전자학회 (IF: 0.45)"
3709,2023,전기전자공학,198050071,김태란,1,0.0,0.0,"[3-브리지 LLC-LC 공진컨버터 이득특성]
   └ 학회: 전력전자학회 (IF: 0.45)"
3710,2023,전기전자공학,431024792,박경수,1,0.0,0.0,"[3-브리지 LLC-LC 공진컨버터 이득특성]
   └ 학회: 전력전자학회 (IF: 0.45)"
3711,2023,전기전자공학,400071424,김정연,1,0.0,0.0,"[정지 상태에서의 SPMSM 파라미터 추정성능 향상을 위한 고주파 신호 주입 기법]
   └ 학회: 전력전자학회 (IF: 0.45)"
3712,2023,전기전자공학,377834134,정영찬,1,0.0,0.0,"[3레벨 인버터의 비선형성을 고려한 옵셋 전압 기반의 출력 전압 합성 및 직류단 전압 균형제어 기법]
   └ 학회: 전력전자학회 (IF: 0.45)"
3713,2023,전기전자공학,128223969,최승철,1,0.0,0.0,"[3레벨 인버터의 비선형성을 고려한 옵셋 전압 기반의 출력 전압 합성 및 직류단 전압 균형제어 기법]
   └ 학회: 전력전자학회 (IF: 0.45)"
3714,2023,전기전자공학,515798079,오윤재,1,0.0,0.0,"[3레벨 인버터의 비선형성을 고려한 옵셋 전압 기반의 출력 전압 합성 및 직류단 전압 균형제어 기법]
   └ 학회: 전력전자학회 (IF: 0.45)"
3715,2023,전기전자공학,770075274,김예찬,1,0.0,0.0,"[풍력터빈 및 전력계통 동특성 분석을 통한 주파수 기반 합성 관성 해외 기술기준의 타당성 연구]
   └ 학회: 전력전자학회 (IF: 0.45)"
3716,2023,전기전자공학,676299948,송승호,1,0.0,0.0,"[풍력터빈 및 전력계통 동특성 분석을 통한 주파수 기반 합성 관성 해외 기술기준의 타당성 연구]
   └ 학회: 전력전자학회 (IF: 0.45)"
3717,2023,전기전자공학,274886216,전찬오,1,0.0,0.0,"[PHIL 모의시험을 이용한 다중 컨버터로 연결된 LVDC 그리드용 Test-bed 시스템 개발]
   └ 학회: 전력전자학회 (IF: 0.45)"
3718,2023,전기전자공학,886022668,이학송,1,0.0,0.0,"[EV 충방전기의 아크 고장 검출을 위한 출력 필터 설계]
   └ 학회: 전력전자학회 (IF: 0.45)"
3719,2023,전기전자공학,640476650,박화평,1,0.0,0.0,"[EV 충방전기의 아크 고장 검출을 위한 출력 필터 설계]
   └ 학회: 전력전자학회 (IF: 0.45)"
3720,2023,전기전자공학,775789608,변정현,1,0.0,0.0,"[전기차 충전 솔루션 전문기업 에바]
   └ 학회: 전력전자학회 (IF: 0.45)"
3721,2023,전기전자공학,432128890,김규리,1,0.0,0.0,"[퍼스널 모빌리티 디바이스를 위한 넓은 범위의 출력 전압을 갖는 배터리 충전기]
   └ 학회: 전력전자학회 (IF: 0.45)"
3722,2023,전기전자공학,350472453,정현우,1,0.0,0.0,"[낮은 공통 모드 노이즈를 갖는 인터리빙 평면 변압기 권선 기법]
   └ 학회: 전력전자학회 (IF: 0.45)"
3723,2023,전기전자공학,860766538,임천용,1,0.0,0.0,"[낮은 공통 모드 노이즈를 갖는 인터리빙 평면 변압기 권선 기법]
   └ 학회: 전력전자학회 (IF: 0.45)"
3724,2023,전기전자공학,187483157,김수환,1,0.0,0.0,"[부하전류 및 시비율을 보상한 동기 스위칭 3-레벨 양방향 DC/DC 컨버터의 출력 전압 제어기 설계]
   └ 학회: 전력전자학회 (IF: 0.45)"
3725,2023,전기전자공학,842808508,최성호,1,0.0,0.0,"[부하전류 및 시비율을 보상한 동기 스위칭 3-레벨 양방향 DC/DC 컨버터의 출력 전압 제어기 설계]
   └ 학회: 전력전자학회 (IF: 0.45)"
3726,2023,전기전자공학,363314571,조인호,1,0.0,0.0,"[부하전류 및 시비율을 보상한 동기 스위칭 3-레벨 양방향 DC/DC 컨버터의 출력 전압 제어기 설계]
   └ 학회: 전력전자학회 (IF: 0.45)"
3727,2023,전기전자공학,561370577,김해인,1,0.0,0.0,"[부하전류 및 시비율을 보상한 동기 스위칭 3-레벨 양방향 DC/DC 컨버터의 출력 전압 제어기 설계]
   └ 학회: 전력전자학회 (IF: 0.45)"
3728,2023,전기전자공학,824616,이현준,1,0.0,0.0,"[추정된 두 보조 각을 이용한 동기 전동기의 신호 주입 센서리스 제어 기법]
   └ 학회: 전력전자학회 (IF: 0.45)"
3729,2023,전기전자공학,831305418,김용호,1,0.0,0.0,"[추정된 두 보조 각을 이용한 동기 전동기의 신호 주입 센서리스 제어 기법]
   └ 학회: 전력전자학회 (IF: 0.45)"
3730,2023,전기전자공학,651091789,최정훈,1,0.0,0.0,"[추정된 두 보조 각을 이용한 동기 전동기의 신호 주입 센서리스 제어 기법]
   └ 학회: 전력전자학회 (IF: 0.45)"
3731,2023,전기전자공학,974271603,김진영,1,0.0,0.0,"[FCEV용 100kW, 100kHz, 99% 소프트스위칭 부스트컨버터 개발 및 성능 분석]
   └ 학회: 전력전자학회 (IF: 0.45)"
3732,2023,전기전자공학,297815145,기에우 흐우 푹,1,0.0,0.0,"[FCEV용 100kW, 100kHz, 99% 소프트스위칭 부스트컨버터 개발 및 성능 분석]
   └ 학회: 전력전자학회 (IF: 0.45)"
3733,2023,전기전자공학,892718047,응웬 딩 바오 흥,1,0.0,0.0,"[FCEV용 100kW, 100kHz, 99% 소프트스위칭 부스트컨버터 개발 및 성능 분석]
   └ 학회: 전력전자학회 (IF: 0.45)"
3734,2023,전기전자공학,758781545,이동한,1,0.0,0.0,"[FCEV용 100kW, 100kHz, 99% 소프트스위칭 부스트컨버터 개발 및 성능 분석]
   └ 학회: 전력전자학회 (IF: 0.45)"
3735,2023,전기전자공학,215746593,시단트 판데,1,0.0,0.0,"[FCEV용 100kW, 100kHz, 99% 소프트스위칭 부스트컨버터 개발 및 성능 분석]
   └ 학회: 전력전자학회 (IF: 0.45)"
3736,2023,전기전자공학,641014800,최세완,1,0.0,0.0,"[FCEV용 100kW, 100kHz, 99% 소프트스위칭 부스트컨버터 개발 및 성능 분석]
   └ 학회: 전력전자학회 (IF: 0.45)"
3737,2023,전기전자공학,961586825,배세영,1,0.0,0.0,"[전기자동차 대용량 급속충전기를 위한 40kW, 100-1000V 출력을 갖는 DC/DC 전력 모듈]
   └ 학회: 전력전자학회 (IF: 0.45)"
3738,2023,전기전자공학,326514091,조달현,1,0.0,0.0,"[전기자동차 대용량 급속충전기를 위한 40kW, 100-1000V 출력을 갖는 DC/DC 전력 모듈]
   └ 학회: 전력전자학회 (IF: 0.45)"
3739,2023,전기전자공학,191328877,최민기,1,0.0,0.0,"[전기자동차 대용량 급속충전기를 위한 40kW, 100-1000V 출력을 갖는 DC/DC 전력 모듈]
   └ 학회: 전력전자학회 (IF: 0.45)"
3740,2023,전기전자공학,931658476,김주은,1,0.0,0.0,"[전기자동차 대용량 급속충전기를 위한 40kW, 100-1000V 출력을 갖는 DC/DC 전력 모듈]
   └ 학회: 전력전자학회 (IF: 0.45)"
3741,2023,전기전자공학,134155184,나재호,1,0.0,0.0,"[전기차 충전기용 2-Stage DC-DC 컨버터의 제어기법에 대한 연구]
   └ 학회: 전력전자학회 (IF: 0.45)"
3742,2023,전기전자공학,393656542,신외경,1,0.0,0.0,"[전기차 충전기용 2-Stage DC-DC 컨버터의 제어기법에 대한 연구]
   └ 학회: 전력전자학회 (IF: 0.45)"
3743,2023,전기전자공학,428644963,이준석,1,0.0,0.0,"[유도 가열용 직렬 공진형 인버터의 동작 주파수 변동 최소화를 위한 하이브리드 스위칭 기법]
   └ 학회: 전력전자학회 (IF: 0.45)"
3744,2023,전기전자공학,892357059,정원식,1,0.0,0.0,"[유도 가열용 직렬 공진형 인버터의 동작 주파수 변동 최소화를 위한 하이브리드 스위칭 기법]
   └ 학회: 전력전자학회 (IF: 0.45)"
3745,2023,전기전자공학,267655345,김태완,1,0.0,0.0,"[평면형 변압기를 사용한 병렬 LLC 공진형 컨버터의 간단한 교차제어기 설계 및 구현]
   └ 학회: 전력전자학회 (IF: 0.45)"
3746,2023,전기전자공학,692277375,김민아,1,0.0,0.0,"[전기차 급속충전 플랫폼 개발을 위한 전력전자 기술 개발 동향]
   └ 학회: 전력전자학회 (IF: 0.45)"
3747,2023,전기전자공학,145523102,고창남,1,0.0,0.0,"[탄소중립 기반의 MaaS 구축시 대중교통수단 선택요인 AHP 분석]
   └ 학회: 한국도시철도학회 (IF: 0.4)"
3748,2023,전기전자공학,661596259,박동주,1,0.0,0.0,"[탄소중립 기반의 MaaS 구축시 대중교통수단 선택요인 AHP 분석]
   └ 학회: 한국도시철도학회 (IF: 0.4)"
3749,2023,전기전자공학,229688169,김웅진,1,0.0,0.0,"[열차 충격하중 재하 시 침목 패드의 도상층 침하 저감 효과]
   └ 학회: 한국도시철도학회 (IF: 0.4)"
3750,2023,전기전자공학,312684199,김만철,1,0.0,0.0,"[열차 충격하중 재하 시 침목 패드의 도상층 침하 저감 효과]
   └ 학회: 한국도시철도학회 (IF: 0.4)"
3751,2023,전기전자공학,711803,장승엽,1,0.0,0.0,"[열차 충격하중 재하 시 침목 패드의 도상층 침하 저감 효과]
   └ 학회: 한국도시철도학회 (IF: 0.4)"
3752,2023,전기전자공학,538829856,김철영,1,0.0,0.0,"[열차 충격하중 재하 시 침목 패드의 도상층 침하 저감 효과]
   └ 학회: 한국도시철도학회 (IF: 0.4)"
3753,2023,전기전자공학,232192394,신현두,1,0.0,0.0,"[공공봉사동기가 안전행동에 미치는 영향 : 인구통제학적 특성의 조절효과 분석]
   └ 학회: 한국도시철도학회 (IF: 0.4)"
3754,2023,전기전자공학,407126345,하계성,1,0.0,0.0,"[열차 출입문 열림제어를 위한 ODL 전송특성에 대한 연구]
   └ 학회: 한국도시철도학회 (IF: 0.4)"
3755,2023,전기전자공학,817541569,이광호,1,0.0,0.0,"[수치해석을 통한 모듈러 레일빔 최적 설계에 관한 연구]
   └ 학회: 한국도시철도학회 (IF: 0.4)"
3756,2023,전기전자공학,211714132,백인철,1,0.0,0.0,"[수치해석을 통한 모듈러 레일빔 최적 설계에 관한 연구]
   └ 학회: 한국도시철도학회 (IF: 0.4)"
3757,2023,전기전자공학,133598139,최규문,1,0.0,0.0,"[수치해석을 통한 모듈러 레일빔 최적 설계에 관한 연구]
   └ 학회: 한국도시철도학회 (IF: 0.4)"
3758,2023,전기전자공학,805560883,김태건,1,0.0,0.0,"[마모차륜을 적용한 도시철도차량 주행안전성 해석]
   └ 학회: 한국도시철도학회 (IF: 0.4)"
3759,2023,전기전자공학,488589059,이희성,1,0.0,0.0,"[마모차륜을 적용한 도시철도차량 주행안전성 해석]
   └ 학회: 한국도시철도학회 (IF: 0.4)"
3760,2023,전기전자공학,285647494,김진태,1,0.0,0.0,"[리더십과 분배공정성이 건설적 조직문화와 조직몰입에 미치는 영향 : 철도기관사와 관제사의 비교]
   └ 학회: 한국도시철도학회 (IF: 0.4)"
3761,2023,전기전자공학,800905493,지유선,1,0.0,0.0,"[리더십과 분배공정성이 건설적 조직문화와 조직몰입에 미치는 영향 : 철도기관사와 관제사의 비교]
   └ 학회: 한국도시철도학회 (IF: 0.4)"
3762,2023,전기전자공학,956685964,윤장열,1,0.0,0.0,"[도시철도·철도역의 장애인 편의시설 개선 방향 연구]
   └ 학회: 한국도시철도학회 (IF: 0.4)"
3763,2023,전기전자공학,332233035,진장원,1,0.0,0.0,"[도시철도·철도역의 장애인 편의시설 개선 방향 연구]
   └ 학회: 한국도시철도학회 (IF: 0.4)"
3764,2023,전기전자공학,277667000,최강식,1,0.0,0.0,"[도시철도·철도역의 장애인 편의시설 개선 방향 연구]
   └ 학회: 한국도시철도학회 (IF: 0.4)"
3765,2023,전기전자공학,548492915,백승필,1,0.0,0.0,"[도시철도·철도역의 장애인 편의시설 개선 방향 연구]
   └ 학회: 한국도시철도학회 (IF: 0.4)"
3766,2023,전기전자공학,912516315,김진석,1,0.0,0.0,"[시공 중인 수직구의 지반 특성에 따른 록볼트 내진 저항성 평가]
   └ 학회: 한국도시철도학회 (IF: 0.4)"
3767,2023,전기전자공학,722927221,권세곤,1,0.0,0.0,"[시공 중인 수직구의 지반 특성에 따른 록볼트 내진 저항성 평가]
   └ 학회: 한국도시철도학회 (IF: 0.4)"
3768,2023,전기전자공학,950650668,장성규,1,0.0,0.0,"[시공 중인 수직구의 지반 특성에 따른 록볼트 내진 저항성 평가]
   └ 학회: 한국도시철도학회 (IF: 0.4)"
3769,2023,전기전자공학,434191241,노갑진,1,0.0,0.0,"[철도차량기지 내 HUD 기반 안전 운행 정보시스템 개발 연구]
   └ 학회: 한국도시철도학회 (IF: 0.4)"
3770,2023,전기전자공학,284502058,변홍구,1,0.0,0.0,"[철도차량기지 내 HUD 기반 안전 운행 정보시스템 개발 연구]
   └ 학회: 한국도시철도학회 (IF: 0.4)"
3771,2023,전기전자공학,216947106,김호수,1,0.0,0.0,"[철도차량기지 내 HUD 기반 안전 운행 정보시스템 개발 연구]
   └ 학회: 한국도시철도학회 (IF: 0.4)"
3772,2023,전기전자공학,915526729,이용우,1,0.0,0.0,"[철도차량기지 내 HUD 기반 안전 운행 정보시스템 개발 연구]
   └ 학회: 한국도시철도학회 (IF: 0.4)"
3773,2023,전기전자공학,479788688,오석문,1,0.0,0.0,"[철도차량기지 내 HUD 기반 안전 운행 정보시스템 개발 연구]
   └ 학회: 한국도시철도학회 (IF: 0.4)"
3774,2023,전기전자공학,996558233,정해원,1,0.0,0.0,"[도시철도역 승강장 안전문 초기 설치 조건과 고장에 관한 분석]
   └ 학회: 한국도시철도학회 (IF: 0.4)"
3775,2023,전기전자공학,601234219,박동길,1,0.0,0.0,"[도시철도역 승강장 안전문 초기 설치 조건과 고장에 관한 분석]
   └ 학회: 한국도시철도학회 (IF: 0.4)"
3776,2023,전기전자공학,254406846,김부선,1,0.0,0.0,"[도시철도역 승강장 안전문 초기 설치 조건과 고장에 관한 분석]
   └ 학회: 한국도시철도학회 (IF: 0.4)"
3777,2023,전기전자공학,858908761,권혁빈,1,0.0,0.0,"[도시철도역 승강장 안전문 초기 설치 조건과 고장에 관한 분석]
   └ 학회: 한국도시철도학회 (IF: 0.4)"
3778,2023,전기전자공학,509236033,윤재찬,1,0.0,0.0,"[PIC-T 궤도의 구조 및 동적 안정성에 대한 연구]
   └ 학회: 한국도시철도학회 (IF: 0.4)"
3779,2023,전기전자공학,502860864,황윤태,1,0.0,0.0,"[PIC-T 궤도의 구조 및 동적 안정성에 대한 연구]
   └ 학회: 한국도시철도학회 (IF: 0.4)"
3780,2023,전기전자공학,157331064,이안호,1,0.0,0.0,"[PIC-T 궤도의 구조 및 동적 안정성에 대한 연구]
   └ 학회: 한국도시철도학회 (IF: 0.4)"
3781,2023,전기전자공학,582730223,이원만,1,0.0,0.0,"[PIC-T 궤도의 구조 및 동적 안정성에 대한 연구]
   └ 학회: 한국도시철도학회 (IF: 0.4)"
3782,2023,전기전자공학,387469672,김병배,1,0.0,0.0,"[PIC-T 궤도의 구조 및 동적 안정성에 대한 연구]
   └ 학회: 한국도시철도학회 (IF: 0.4)"
3783,2023,전기전자공학,206524812,신광호,1,0.0,0.0,"[철도 부지에서의 수소 충전소 구축에 대한 사고 심각도 분석]
   └ 학회: 한국도시철도학회 (IF: 0.4)"
3784,2023,전기전자공학,508237242,전철,1,0.0,0.0,"[철도 부지에서의 수소 충전소 구축에 대한 사고 심각도 분석]
   └ 학회: 한국도시철도학회 (IF: 0.4)"
3785,2023,전기전자공학,530291960,안진,1,0.0,0.0,"[철도 부지에서의 수소 충전소 구축에 대한 사고 심각도 분석]
   └ 학회: 한국도시철도학회 (IF: 0.4)"
3786,2023,전기전자공학,836619178,이은백,1,0.0,0.0,"[고속열차 역무 종사자의 직무특성이 직무만족과 일-생활 균형 및 정서적 조직몰입에 미치는 영향]
   └ 학회: 한국도시철도학회 (IF: 0.4)"
3787,2023,전기전자공학,1796527,김영택,1,0.0,0.0,"[고속열차 역무 종사자의 직무특성이 직무만족과 일-생활 균형 및 정서적 조직몰입에 미치는 영향]
   └ 학회: 한국도시철도학회 (IF: 0.4)"
3788,2023,전기전자공학,823096652,박상아,1,0.0,0.0,"[고속열차 역무 종사자의 직무특성이 직무만족과 일-생활 균형 및 정서적 조직몰입에 미치는 영향]
   └ 학회: 한국도시철도학회 (IF: 0.4)"
3789,2023,전기전자공학,296970952,윤화현,1,0.0,0.0,"[도시철도 차량의 스마트 유지보수 시스템과 기존 관리 시스템의 기능적 연계에 관한 연구]
   └ 학회: 한국도시철도학회 (IF: 0.4)"
3790,2023,전기전자공학,1987610,서경수,1,0.0,0.0,"[도시철도 차량의 스마트 유지보수 시스템과 기존 관리 시스템의 기능적 연계에 관한 연구]
   └ 학회: 한국도시철도학회 (IF: 0.4)"
3791,2023,전기전자공학,115932352,송정훈,1,0.0,0.0,"[도시철도 차량의 스마트 유지보수 시스템과 기존 관리 시스템의 기능적 연계에 관한 연구]
   └ 학회: 한국도시철도학회 (IF: 0.4)"
3792,2023,전기전자공학,893369711,신세현,1,0.0,0.0,"[도시철도 차량의 스마트 유지보수 시스템과 기존 관리 시스템의 기능적 연계에 관한 연구]
   └ 학회: 한국도시철도학회 (IF: 0.4)"
3793,2023,전기전자공학,583980463,김양수,1,0.0,0.0,"[도시철도 냉.난방 민원의 효율적 대응에 관한 연구: 공항철도 사례를 중심으로]
   └ 학회: 한국도시철도학회 (IF: 0.4)"
3794,2023,전기전자공학,295815184,이한수,1,0.0,0.0,"[체계적 위험 베타를 이용한 철도사업의 적정 운임수입 추정 연구]
   └ 학회: 한국도시철도학회 (IF: 0.4)"
3795,2023,전기전자공학,389348,김동희,1,0.0,0.0,"[체계적 위험 베타를 이용한 철도사업의 적정 운임수입 추정 연구]
   └ 학회: 한국도시철도학회 (IF: 0.4)"
3796,2023,전기전자공학,847001423,이경철,1,0.0,0.0,"[체계적 위험 베타를 이용한 철도사업의 적정 운임수입 추정 연구]
   └ 학회: 한국도시철도학회 (IF: 0.4)"
3797,2023,전기전자공학,559262752,강성욱,1,0.0,0.0,"[체계적 위험 베타를 이용한 철도사업의 적정 운임수입 추정 연구]
   └ 학회: 한국도시철도학회 (IF: 0.4)"
3798,2023,전기전자공학,288352880,이호욱,1,0.0,0.0,"[체계적 위험 베타를 이용한 철도사업의 적정 운임수입 추정 연구]
   └ 학회: 한국도시철도학회 (IF: 0.4)"
3799,2023,전기전자공학,719166901,한승용,1,0.0,0.0,"[체계적 위험 베타를 이용한 철도사업의 적정 운임수입 추정 연구]
   └ 학회: 한국도시철도학회 (IF: 0.4)"
3800,2023,전기전자공학,975808723,박동렬,1,0.0,0.0,"[Center for Electromagnetic Compatibility (EMC) Industry Advisory Board (IAB) Meeting 참가기]
   └ 학회: 한국전자파학회 (IF: 0.4)"
3801,2023,전기전자공학,125167805,김현웅,1,0.0,0.0,"[Center for Electromagnetic Compatibility (EMC) Industry Advisory Board (IAB) Meeting 참가기]
   └ 학회: 한국전자파학회 (IF: 0.4)"
3802,2023,전기전자공학,235632979,허성렬,1,0.0,0.0,"[Center for Electromagnetic Compatibility (EMC) Industry Advisory Board (IAB) Meeting 참가기]
   └ 학회: 한국전자파학회 (IF: 0.4)"
3803,2023,전기전자공학,396542535,우성호,1,0.0,0.0,"[Center for Electromagnetic Compatibility (EMC) Industry Advisory Board (IAB) Meeting 참가기]
   └ 학회: 한국전자파학회 (IF: 0.4)"
3804,2023,전기전자공학,144344877,이재훈,1,0.0,0.0,"[WiMAX 어플리케이션을 위한 소형 기판 집적형 도파관 대역통과 여파기 설계]
   └ 학회: 한국전자파학회 (IF: 0.4)"
3805,2023,전기전자공학,130026639,Phanam Pech,1,0.0,0.0,"[WiMAX 어플리케이션을 위한 소형 기판 집적형 도파관 대역통과 여파기 설계]
   └ 학회: 한국전자파학회 (IF: 0.4)"
3806,2023,전기전자공학,480495741,차우다리기르다리,1,0.0,0.0,"[WiMAX 어플리케이션을 위한 소형 기판 집적형 도파관 대역통과 여파기 설계]
   └ 학회: 한국전자파학회 (IF: 0.4)"
3807,2023,전기전자공학,615986878,정용채,1,0.0,0.0,"[WiMAX 어플리케이션을 위한 소형 기판 집적형 도파관 대역통과 여파기 설계]
   └ 학회: 한국전자파학회 (IF: 0.4)"
3808,2023,전기전자공학,386953696,엄성식,1,0.0,0.0,"[2.45/5.8 GHz 무선전력전송 시스템에 적용 가능한 광대역 고이득 인쇄형 안티포달 비발디 안테나 설계]
   └ 학회: 한국전자파학회 (IF: 0.4)"
3809,2023,전기전자공학,398644997,강은정,1,0.0,0.0,"[2.45/5.8 GHz 무선전력전송 시스템에 적용 가능한 광대역 고이득 인쇄형 안티포달 비발디 안테나 설계]
   └ 학회: 한국전자파학회 (IF: 0.4)"
3810,2023,전기전자공학,199014348,이준용,1,0.0,0.0,"[2.45/5.8 GHz 무선전력전송 시스템에 적용 가능한 광대역 고이득 인쇄형 안티포달 비발디 안테나 설계]
   └ 학회: 한국전자파학회 (IF: 0.4)"
3811,2023,전기전자공학,330788056,김일권,1,0.0,0.0,"[웨이퍼상의 D-대역 회로의 전자파 성능 측정]
   └ 학회: 한국전자파학회 (IF: 0.4)"
3812,2023,전기전자공학,508265520,김완식,1,0.0,0.0,"[웨이퍼상의 D-대역 회로의 전자파 성능 측정]
   └ 학회: 한국전자파학회 (IF: 0.4)"
3813,2023,전기전자공학,555943385,장경찬,1,0.0,0.0,"[고주파 근역장 노이즈 측정을 위한 다층 인쇄회로기판 기반 자기장 프로브의 집전부 설계 구조 연구]
   └ 학회: 한국전자파학회 (IF: 0.4)"
3814,2023,전기전자공학,751523771,양기성,1,0.0,0.0,"[우수-기수 모드 해석을 통한 표면 실장 소자의 기생 성분 계산 방법]
   └ 학회: 한국전자파학회 (IF: 0.4)"
3815,2023,전기전자공학,822280685,전중남,1,0.0,0.0,"[Xilinx RFSoC를 사용한 레이다 펄스 신호 실시간 스펙트럼 탐색기 개발]
   └ 학회: 한국전자파학회 (IF: 0.4)"
3816,2023,전기전자공학,113800309,서보석,1,0.0,0.0,"[Xilinx RFSoC를 사용한 레이다 펄스 신호 실시간 스펙트럼 탐색기 개발]
   └ 학회: 한국전자파학회 (IF: 0.4)"
3817,2023,전기전자공학,888831992,주영관,1,0.0,0.0,"[Xilinx RFSoC를 사용한 레이다 펄스 신호 실시간 스펙트럼 탐색기 개발]
   └ 학회: 한국전자파학회 (IF: 0.4)"
3818,2023,전기전자공학,155174142,임경철,1,0.0,0.0,"[Xilinx RFSoC를 사용한 레이다 펄스 신호 실시간 스펙트럼 탐색기 개발]
   └ 학회: 한국전자파학회 (IF: 0.4)"
3819,2023,전기전자공학,5521931,이성준,1,0.0,0.0,"[Xilinx RFSoC를 사용한 레이다 펄스 신호 실시간 스펙트럼 탐색기 개발]
   └ 학회: 한국전자파학회 (IF: 0.4)"
3820,2023,전기전자공학,743111104,Hee Jung Lee,1,0.0,0.0,"[Shielding Effectiveness of a PC Case Using Three-Axis Electro-optic Sensors]
   └ 학회: 한국전자파학회JEES (IF: 0.4)"
3821,2023,전기전자공학,520690191,Jin Soo Choi,1,0.0,0.0,"[Shielding Effectiveness of a PC Case Using Three-Axis Electro-optic Sensors]
   └ 학회: 한국전자파학회JEES (IF: 0.4)"
3822,2023,전기전자공학,350076975,Young-Pyo Hong,1,0.0,0.0,"[Shielding Effectiveness of a PC Case Using Three-Axis Electro-optic Sensors]
   └ 학회: 한국전자파학회JEES (IF: 0.4)"
3823,2023,전기전자공학,803843711,Woosang Lee,1,0.0,0.0,"[Shielding Effectiveness of a PC Case Using Three-Axis Electro-optic Sensors]
   └ 학회: 한국전자파학회JEES (IF: 0.4)"
3824,2023,전기전자공학,864981292,Byeong Jae Seo,1,0.0,0.0,"[A Fully Integrated 7–9 GHz UWB Radar IC with an LO Correlation Receiver]
   └ 학회: 한국전자파학회JEES (IF: 0.4)"
3825,2023,전기전자공학,562546007,Dong Wuk Park,1,0.0,0.0,"[A Fully Integrated 7–9 GHz UWB Radar IC with an LO Correlation Receiver]
   └ 학회: 한국전자파학회JEES (IF: 0.4)"
3826,2023,전기전자공학,783918141,어윤성,1,0.0,0.0,"[A Fully Integrated 7–9 GHz UWB Radar IC with an LO Correlation Receiver]
   └ 학회: 한국전자파학회JEES (IF: 0.4)"
3827,2023,전기전자공학,995832556,Si-A Lee,1,0.0,0.0,"[Analysis of Cross-Polarized Field by Panel Misalignment Errors in a Deployable Reflector Antenna]
   └ 학회: 한국전자파학회JEES (IF: 0.4)"
3828,2023,전기전자공학,787126375,Seung-Joo Jo,1,0.0,0.0,"[Analysis of Cross-Polarized Field by Panel Misalignment Errors in a Deployable Reflector Antenna]
   └ 학회: 한국전자파학회JEES (IF: 0.4)"
3829,2023,전기전자공학,447834360,Suk-Jin Kim,1,0.0,0.0,"[Analysis of Cross-Polarized Field by Panel Misalignment Errors in a Deployable Reflector Antenna]
   └ 학회: 한국전자파학회JEES (IF: 0.4)"
3830,2023,전기전자공학,874093537,Taek-Kyung Lee,1,0.0,0.0,"[Analysis of Cross-Polarized Field by Panel Misalignment Errors in a Deployable Reflector Antenna]
   └ 학회: 한국전자파학회JEES (IF: 0.4)"
3831,2023,전기전자공학,924346945,Chang-Kyun Noh,1,0.0,0.0,"[CMOS Wideband Low-Pass Filter Using Complementary Structured OPAMP for Wideband System Applications]
   └ 학회: 한국전자파학회JEES (IF: 0.4)"
3832,2023,전기전자공학,199323868,Hyun-Yeop Lee,1,0.0,0.0,"[CMOS Wideband Low-Pass Filter Using Complementary Structured OPAMP for Wideband System Applications]
   └ 학회: 한국전자파학회JEES (IF: 0.4)"
3833,2023,전기전자공학,855310748,Ho-Jin Kang,1,0.0,0.0,"[CMOS Wideband Low-Pass Filter Using Complementary Structured OPAMP for Wideband System Applications]
   └ 학회: 한국전자파학회JEES (IF: 0.4)"
3834,2023,전기전자공학,425077531,Seong-Tae Kim,1,0.0,0.0,"[CMOS Wideband Low-Pass Filter Using Complementary Structured OPAMP for Wideband System Applications]
   └ 학회: 한국전자파학회JEES (IF: 0.4)"
3835,2023,전기전자공학,408897764,Ho-Seon Baek,1,0.0,0.0,"[CMOS Wideband Low-Pass Filter Using Complementary Structured OPAMP for Wideband System Applications]
   └ 학회: 한국전자파학회JEES (IF: 0.4)"
3836,2023,전기전자공학,336996875,김영진,1,0.0,0.0,"[CMOS Wideband Low-Pass Filter Using Complementary Structured OPAMP for Wideband System Applications]
   └ 학회: 한국전자파학회JEES (IF: 0.4)"
3837,2023,전기전자공학,992096568,Yuseok Jeon,1,0.0,0.0,"[Design of Front-End Receiver and Matrix for 2–18 GHz with a Searching and Tracking Function for an ELINT System]
   └ 학회: 한국전자파학회JEES (IF: 0.4)"
3838,2023,전기전자공학,869051395,Jaejin Koo,1,0.0,0.0,"[Design of Front-End Receiver and Matrix for 2–18 GHz with a Searching and Tracking Function for an ELINT System]
   └ 학회: 한국전자파학회JEES (IF: 0.4)"
3839,2023,전기전자공학,243933021,Ahmed Ali,1,0.0,0.0,"[A Wideband Ultra-Low-Profile Solar Cell–Integrated Antenna]
   └ 학회: 한국전자파학회JEES (IF: 0.4)"
3840,2023,전기전자공학,258861633,Yeojun Yun,1,0.0,0.0,"[A Wideband Ultra-Low-Profile Solar Cell–Integrated Antenna]
   └ 학회: 한국전자파학회JEES (IF: 0.4)"
3841,2023,전기전자공학,673080009,Sungjun Park,1,0.0,0.0,"[A Wideband Ultra-Low-Profile Solar Cell–Integrated Antenna]
   └ 학회: 한국전자파학회JEES (IF: 0.4)"
3842,2023,전기전자공학,755546085,Jaejin Lee,1,0.0,0.0,"[A Wideband Ultra-Low-Profile Solar Cell–Integrated Antenna]
   └ 학회: 한국전자파학회JEES (IF: 0.4)"
3843,2023,전기전자공학,602383179,Xiao-Yu Zhang,1,0.0,0.0,"[A Dual-Band Branch-Line Coupler with Ultra-Wideband Harmonic Suppression]
   └ 학회: 한국전자파학회JEES (IF: 0.4)"
3844,2023,전기전자공학,486757748,Jong-Chul Lee,1,0.0,0.0,"[A Dual-Band Branch-Line Coupler with Ultra-Wideband Harmonic Suppression]
   └ 학회: 한국전자파학회JEES (IF: 0.4)"
3845,2023,전기전자공학,582915421,Sangwoon Youn,1,0.0,0.0,"[Design of a UWB Antenna with Multiple Ports on a Single Circular Radiator for Direction-Finding Applications]
   └ 학회: 한국전자파학회JEES (IF: 0.4)"
3846,2023,전기전자공학,830575862,Ho Yeol Kim,1,0.0,0.0,"[Efficiency Bound Estimation for a Practical Microwave and mmWave Wireless Power Transfer System Design]
   └ 학회: 한국전자파학회JEES (IF: 0.4)"
3847,2023,전기전자공학,117010129,Youngseok Lee,1,0.0,0.0,"[Efficiency Bound Estimation for a Practical Microwave and mmWave Wireless Power Transfer System Design]
   └ 학회: 한국전자파학회JEES (IF: 0.4)"
3848,2023,전기전자공학,990377869,남상욱,1,0.0,0.0,"[Efficiency Bound Estimation for a Practical Microwave and mmWave Wireless Power Transfer System Design]
   └ 학회: 한국전자파학회JEES (IF: 0.4)"
3849,2023,전기전자공학,189320906,Sion Park,1,0.0,0.0,"[A Coupled-Fed Broadband Dual-Polarized Magnetoelectric Dipole Antenna for WLAN and Sub-6 GHz 5G Communication Applications]
   └ 학회: 한국전자파학회JEES (IF: 0.4)"
3850,2023,전기전자공학,447012294,Jeong-Un Yoo,1,0.0,0.0,"[Comparison of Linear Iteration Schemes to Improve the Convergence of Iterative Physical Optics for an Impedance Scatterer]
   └ 학회: 한국전자파학회JEES (IF: 0.4)"
3851,2023,전기전자공학,953732825,김태인,1,0.0,0.0,"[지면 레이다 클러터 신호의 특성 및 생성 방법]
   └ 학회: 한국전자파학회 (IF: 0.4)"
3852,2023,전기전자공학,689914066,박덕규,1,0.0,0.0,"[일본의 이동통신기지국 정기검사 제도 변화와 시사점]
   └ 학회: 한국전자파학회 (IF: 0.4)"
3853,2023,전기전자공학,671291750,이지수,1,0.0,0.0,"[변형된 접지면 구조를 이용한 대역폭 확장 특성을 갖는 보우-타이형 준-야기 안테나]
   └ 학회: 한국전자파학회 (IF: 0.4)"
3854,2023,전기전자공학,374228718,조제훈,1,0.0,0.0,"[변형된 접지면 구조를 이용한 대역폭 확장 특성을 갖는 보우-타이형 준-야기 안테나]
   └ 학회: 한국전자파학회 (IF: 0.4)"
3855,2023,전기전자공학,146891325,황명하,1,0.0,0.0,"[다기능 투과배열 안테나 단위셀 소형화 설계를 위한 360° 반사형 축소형 아날로그 위상 천이기 설계]
   └ 학회: 한국전자파학회 (IF: 0.4)"
3856,2023,전기전자공학,555495930,김경득,1,0.0,0.0,"[다기능 투과배열 안테나 단위셀 소형화 설계를 위한 360° 반사형 축소형 아날로그 위상 천이기 설계]
   └ 학회: 한국전자파학회 (IF: 0.4)"
3857,2023,전기전자공학,382848717,이인곤,1,0.0,0.0,"[다기능 투과배열 안테나 단위셀 소형화 설계를 위한 360° 반사형 축소형 아날로그 위상 천이기 설계]
   └ 학회: 한국전자파학회 (IF: 0.4)"
3858,2023,전기전자공학,432193329,이경준,1,0.0,0.0,"[광대역 수직 장착 평면 결합기 설계]
   └ 학회: 한국전자파학회 (IF: 0.4)"
3859,2023,전기전자공학,606699187,박정훈,1,0.0,0.0,"[광대역 수직 장착 평면 결합기 설계]
   └ 학회: 한국전자파학회 (IF: 0.4)"
3860,2023,전기전자공학,318713690,이문규,1,0.0,0.0,"[광대역 수직 장착 평면 결합기 설계]
   └ 학회: 한국전자파학회 (IF: 0.4)"
3861,2023,전기전자공학,980558120,서소연,1,0.0,0.0,"[60 GHz 대역 28 dBm 출력전력을 갖는 GaAs 증가형 pHEMT 전력증폭기 MMIC 설계]
   └ 학회: 한국전자파학회 (IF: 0.4)"
3862,2023,전기전자공학,670249714,이용호,1,0.0,0.0,"[60 GHz 대역 28 dBm 출력전력을 갖는 GaAs 증가형 pHEMT 전력증폭기 MMIC 설계]
   └ 학회: 한국전자파학회 (IF: 0.4)"
3863,2023,전기전자공학,928143108,신현철,1,0.0,0.0,"[60 GHz 대역 28 dBm 출력전력을 갖는 GaAs 증가형 pHEMT 전력증폭기 MMIC 설계]
   └ 학회: 한국전자파학회 (IF: 0.4)"
3864,2023,전기전자공학,485107192,김상수,1,0.0,0.0,"[실제 지형 환경과 지구 곡률이 반영된 재밍 유효거리 분석을 위한 M&S 기법]
   └ 학회: 한국전자파학회 (IF: 0.4)"
3865,2023,전기전자공학,407245814,조인철,1,0.0,0.0,"[함정용 탐색 레이다를 이용한 대함표적 사격 시 2차 반사 신호 억제에 관한 연구]
   └ 학회: 한국전자파학회 (IF: 0.4)"
3866,2023,전기전자공학,950453113,이충현,1,0.0,0.0,"[함정용 탐색 레이다를 이용한 대함표적 사격 시 2차 반사 신호 억제에 관한 연구]
   └ 학회: 한국전자파학회 (IF: 0.4)"
3867,2023,전기전자공학,428026523,신재엽,1,0.0,0.0,"[함정용 탐색 레이다를 이용한 대함표적 사격 시 2차 반사 신호 억제에 관한 연구]
   └ 학회: 한국전자파학회 (IF: 0.4)"
3868,2023,전기전자공학,954752586,손성환,1,0.0,0.0,"[함정용 탐색 레이다를 이용한 대함표적 사격 시 2차 반사 신호 억제에 관한 연구]
   └ 학회: 한국전자파학회 (IF: 0.4)"
3869,2023,전기전자공학,704734297,류성준,1,0.0,0.0,"[포토닉스 기반 송수신기 연동 광대역 능동위상배열 시스템]
   └ 학회: 한국전자파학회 (IF: 0.4)"
3870,2023,전기전자공학,100631524,김민철,1,0.0,0.0,"[포토닉스 기반 송수신기 연동 광대역 능동위상배열 시스템]
   └ 학회: 한국전자파학회 (IF: 0.4)"
3871,2023,전기전자공학,916288699,정채현,1,0.0,0.0,"[포토닉스 기반 송수신기 연동 광대역 능동위상배열 시스템]
   └ 학회: 한국전자파학회 (IF: 0.4)"
3872,2023,전기전자공학,738097597,박재욱,1,0.0,0.0,"[포토닉스 기반 송수신기 연동 광대역 능동위상배열 시스템]
   └ 학회: 한국전자파학회 (IF: 0.4)"
3873,2023,전기전자공학,842979117,이재민,1,0.0,0.0,"[포토닉스 기반 송수신기 연동 광대역 능동위상배열 시스템]
   └ 학회: 한국전자파학회 (IF: 0.4)"
3874,2023,전기전자공학,824998816,장성훈,1,0.0,0.0,"[포토닉스 기반 송수신기 연동 광대역 능동위상배열 시스템]
   └ 학회: 한국전자파학회 (IF: 0.4)"
3875,2023,전기전자공학,743215984,라기준,1,0.0,0.0,"[이중대역 레이다를 이용한 해상 저고도 고속 표적 탐지 성능 향상 연구]
   └ 학회: 한국전자파학회 (IF: 0.4)"
3876,2023,전기전자공학,184729524,이건,1,0.0,0.0,"[이중대역 레이다를 이용한 해상 저고도 고속 표적 탐지 성능 향상 연구]
   └ 학회: 한국전자파학회 (IF: 0.4)"
3877,2023,전기전자공학,157235858,강기봉,1,0.0,0.0,"[이중대역 레이다를 이용한 해상 저고도 고속 표적 탐지 성능 향상 연구]
   └ 학회: 한국전자파학회 (IF: 0.4)"
3878,2023,전기전자공학,783737335,김민,1,0.0,0.0,"[이중대역 레이다를 이용한 해상 저고도 고속 표적 탐지 성능 향상 연구]
   └ 학회: 한국전자파학회 (IF: 0.4)"
3879,2023,전기전자공학,413942735,김시호,1,0.0,0.0,"[이중대역 레이다를 이용한 해상 저고도 고속 표적 탐지 성능 향상 연구]
   └ 학회: 한국전자파학회 (IF: 0.4)"
3880,2023,전기전자공학,888341134,이동근,1,0.0,0.0,"[전후방비 개선 설계 기법을 이용한 ISM 대역 방향 탐지 안테나]
   └ 학회: 한국전자파학회 (IF: 0.4)"
3881,2023,전기전자공학,799280049,박원빈,1,0.0,0.0,"[전후방비 개선 설계 기법을 이용한 ISM 대역 방향 탐지 안테나]
   └ 학회: 한국전자파학회 (IF: 0.4)"
3882,2023,전기전자공학,235675143,이창용,1,0.0,0.0,"[전후방비 개선 설계 기법을 이용한 ISM 대역 방향 탐지 안테나]
   └ 학회: 한국전자파학회 (IF: 0.4)"
3883,2023,전기전자공학,162284926,황금철,1,0.0,0.0,"[전후방비 개선 설계 기법을 이용한 ISM 대역 방향 탐지 안테나]
   └ 학회: 한국전자파학회 (IF: 0.4)"
3884,2023,전기전자공학,968711449,Seung-Jun Park,1,0.0,0.0,"[Millimeter-Wave Monopulse Filtenna Array with Directive Dielectric Resonators]
   └ 학회: 한국전자파학회JEES (IF: 0.4)"
3885,2023,전기전자공학,529900521,Jeong-Hun Park,1,0.0,0.0,"[Millimeter-Wave Monopulse Filtenna Array with Directive Dielectric Resonators]
   └ 학회: 한국전자파학회JEES (IF: 0.4)"
3886,2023,전기전자공학,340622635,Moon-Que Lee,1,0.0,0.0,"[Millimeter-Wave Monopulse Filtenna Array with Directive Dielectric Resonators]
   └ 학회: 한국전자파학회JEES (IF: 0.4)"
3887,2023,전기전자공학,999915586,Ashwini K. Arya,1,0.0,0.0,"[Review of Antennas for Railway Communications]
   └ 학회: 한국전자파학회JEES (IF: 0.4)"
3888,2023,전기전자공학,732650899,Soyul Han,1,0.0,0.0,"[Review of Antennas for Railway Communications]
   └ 학회: 한국전자파학회JEES (IF: 0.4)"
3889,2023,전기전자공학,411125683,Cho Hilary Scott Nkimbeng,1,0.0,0.0,"[Non-Uniform Metasurface-Integrated Circularly Polarized End-Fire Dipole Array Antenna]
   └ 학회: 한국전자파학회JEES (IF: 0.4)"
3890,2023,전기전자공학,150766604,Gangil Byun,1,0.0,0.0,"[Non-Uniform Metasurface-Integrated Circularly Polarized End-Fire Dipole Array Antenna]
   └ 학회: 한국전자파학회JEES (IF: 0.4)"
3891,2023,전기전자공학,569115386,Kwang-Ho Jang,1,0.0,0.0,"[Experiments of Sub-THz Wave Folded Waveguide Traveling-Wave Tube Amplifier]
   └ 학회: 한국전자파학회JEES (IF: 0.4)"
3892,2023,전기전자공학,619918792,Jong-Hyun Kim,1,0.0,0.0,"[Experiments of Sub-THz Wave Folded Waveguide Traveling-Wave Tube Amplifier]
   └ 학회: 한국전자파학회JEES (IF: 0.4)"
3893,2023,전기전자공학,415066227,Geun-Ju Kim,1,0.0,0.0,"[Experiments of Sub-THz Wave Folded Waveguide Traveling-Wave Tube Amplifier]
   └ 학회: 한국전자파학회JEES (IF: 0.4)"
3894,2023,전기전자공학,354811272,Jung-Il Kim,1,0.0,0.0,"[Experiments of Sub-THz Wave Folded Waveguide Traveling-Wave Tube Amplifier]
   └ 학회: 한국전자파학회JEES (IF: 0.4)"
3895,2023,전기전자공학,540906659,Tan-Binh Ngo,1,0.0,0.0,"[Leakage Power Canceling Module with a Negative Capacitor for a Circulator’s Isolation]
   └ 학회: 한국전자파학회JEES (IF: 0.4)"
3896,2023,전기전자공학,562380086,Quang-Huy Do,1,0.0,0.0,"[Leakage Power Canceling Module with a Negative Capacitor for a Circulator’s Isolation]
   └ 학회: 한국전자파학회JEES (IF: 0.4)"
3897,2023,전기전자공학,522418111,Sang-Woong Yoon,1,0.0,0.0,"[Leakage Power Canceling Module with a Negative Capacitor for a Circulator’s Isolation]
   └ 학회: 한국전자파학회JEES (IF: 0.4)"
3898,2023,전기전자공학,243625748,Kiyanoush Goudarzi,1,0.0,0.0,"[Inverse Design of Terahertz Optical Power Splitters Using the Particle Swarm Optimization Method]
   └ 학회: 한국전자파학회JEES (IF: 0.4)"
3899,2023,전기전자공학,337176388,Han-eol Lee,1,0.0,0.0,"[Inverse Design of Terahertz Optical Power Splitters Using the Particle Swarm Optimization Method]
   └ 학회: 한국전자파학회JEES (IF: 0.4)"
3900,2023,전기전자공학,983704087,Doyoung Kim,1,0.0,0.0,"[Inverse Design of Terahertz Optical Power Splitters Using the Particle Swarm Optimization Method]
   └ 학회: 한국전자파학회JEES (IF: 0.4)"
3901,2023,전기전자공학,319332754,Haewook Han,1,0.0,0.0,"[Inverse Design of Terahertz Optical Power Splitters Using the Particle Swarm Optimization Method]
   └ 학회: 한국전자파학회JEES (IF: 0.4)"
3902,2023,전기전자공학,710721780,Bochao Guo,1,0.0,0.0,"[A Novel Curved-Coil Transmitter for Quasiomnidirectional Wireless Power Transfer]
   └ 학회: 한국전자파학회JEES (IF: 0.4)"
3903,2023,전기전자공학,192211673,Yubo Zhao,1,0.0,0.0,"[A Novel Curved-Coil Transmitter for Quasiomnidirectional Wireless Power Transfer]
   └ 학회: 한국전자파학회JEES (IF: 0.4)"
3904,2023,전기전자공학,135957417,Wei Chen,1,0.0,0.0,"[A Novel Curved-Coil Transmitter for Quasiomnidirectional Wireless Power Transfer]
   └ 학회: 한국전자파학회JEES (IF: 0.4)"
3905,2023,전기전자공학,859979638,Ni Guo,1,0.0,0.0,"[A Novel Curved-Coil Transmitter for Quasiomnidirectional Wireless Power Transfer]
   └ 학회: 한국전자파학회JEES (IF: 0.4)"
3906,2023,전기전자공학,690432326,Zijian Tian,1,0.0,0.0,"[A Novel Curved-Coil Transmitter for Quasiomnidirectional Wireless Power Transfer]
   └ 학회: 한국전자파학회JEES (IF: 0.4)"
3907,2023,전기전자공학,159226143,Sang Won Choi,1,0.0,0.0,"[Simple Dual-Feed Dual-Circular Polarization Antenna with High Isolation]
   └ 학회: 한국전자파학회JEES (IF: 0.4)"
3908,2023,전기전자공학,502939075,Kwanhun Jeong,1,0.0,0.0,"[Design of a Wideband Balun Using IPD Technology for Compensating the Frequency Dependency]
   └ 학회: 한국전자파학회JEES (IF: 0.4)"
3909,2023,전기전자공학,309630515,Yea-ji Lee,1,0.0,0.0,"[Design of a Wideband Balun Using IPD Technology for Compensating the Frequency Dependency]
   └ 학회: 한국전자파학회JEES (IF: 0.4)"
3910,2023,전기전자공학,321016581,Sangmin Lee,1,0.0,0.0,"[Design of a Wideband Balun Using IPD Technology for Compensating the Frequency Dependency]
   └ 학회: 한국전자파학회JEES (IF: 0.4)"
3911,2023,전기전자공학,521539434,Seo Koo,1,0.0,0.0,"[Design of a Wideband Balun Using IPD Technology for Compensating the Frequency Dependency]
   └ 학회: 한국전자파학회JEES (IF: 0.4)"
3912,2023,전기전자공학,667039836,Qingle Wu,1,0.0,0.0,"[A Novel Design of Permanent Magnet Linear Synchronous Motor with Reduced End Effect]
   └ 학회: 한국전자파학회JEES (IF: 0.4)"
3913,2023,전기전자공학,301663914,Liqun Wang,1,0.0,0.0,"[A Novel Design of Permanent Magnet Linear Synchronous Motor with Reduced End Effect]
   └ 학회: 한국전자파학회JEES (IF: 0.4)"
3914,2023,전기전자공학,380840987,Guolai Yang,1,0.0,0.0,"[A Novel Design of Permanent Magnet Linear Synchronous Motor with Reduced End Effect]
   └ 학회: 한국전자파학회JEES (IF: 0.4)"
3915,2023,전기전자공학,905845815,Enling Tang,1,0.0,0.0,"[A Novel Design of Permanent Magnet Linear Synchronous Motor with Reduced End Effect]
   └ 학회: 한국전자파학회JEES (IF: 0.4)"
3916,2023,전기전자공학,776730605,Lei Li,1,0.0,0.0,"[A Novel Design of Permanent Magnet Linear Synchronous Motor with Reduced End Effect]
   └ 학회: 한국전자파학회JEES (IF: 0.4)"
3917,2023,전기전자공학,579835874,Ahmed Al-Zahrani,1,0.0,0.0,"[A Novel Design of Permanent Magnet Linear Synchronous Motor with Reduced End Effect]
   └ 학회: 한국전자파학회JEES (IF: 0.4)"
3918,2023,전기전자공학,734413819,Junmo Choi,1,0.0,0.0,"[UHF-Printed Monopole Filtenna for Partial Discharge Detection with LTE Signal Suppression]
   └ 학회: 한국전자파학회JEES (IF: 0.4)"
3919,2023,전기전자공학,761463097,Jisu Lee,1,0.0,0.0,"[UHF-Printed Monopole Filtenna for Partial Discharge Detection with LTE Signal Suppression]
   └ 학회: 한국전자파학회JEES (IF: 0.4)"
3920,2023,전기전자공학,627514406,Iftikhar Ud Din,1,0.0,0.0,"[A Novel Compact Ultra-Wideband Frequency-Selective Surface-Based Antenna for Gain Enhancement Applications]
   └ 학회: 한국전자파학회JEES (IF: 0.4)"
3921,2023,전기전자공학,139829320,Waheed Ullah,1,0.0,0.0,"[A Novel Compact Ultra-Wideband Frequency-Selective Surface-Based Antenna for Gain Enhancement Applications]
   └ 학회: 한국전자파학회JEES (IF: 0.4)"
3922,2023,전기전자공학,864251224,Nisar Ahmad Abbasi,1,0.0,0.0,"[A Novel Compact Ultra-Wideband Frequency-Selective Surface-Based Antenna for Gain Enhancement Applications]
   └ 학회: 한국전자파학회JEES (IF: 0.4)"
3923,2023,전기전자공학,186484423,Sadiq Ullah,1,0.0,0.0,"[A Novel Compact Ultra-Wideband Frequency-Selective Surface-Based Antenna for Gain Enhancement Applications]
   └ 학회: 한국전자파학회JEES (IF: 0.4)"
3924,2023,전기전자공학,993360937,Waleed Shihzad,1,0.0,0.0,"[A Novel Compact Ultra-Wideband Frequency-Selective Surface-Based Antenna for Gain Enhancement Applications]
   └ 학회: 한국전자파학회JEES (IF: 0.4)"
3925,2023,전기전자공학,372372388,Bilawal Khan,1,0.0,0.0,"[A Novel Compact Ultra-Wideband Frequency-Selective Surface-Based Antenna for Gain Enhancement Applications]
   └ 학회: 한국전자파학회JEES (IF: 0.4)"
3926,2023,전기전자공학,791881795,Dushantha Nalin K. Jayakody,1,0.0,0.0,"[A Novel Compact Ultra-Wideband Frequency-Selective Surface-Based Antenna for Gain Enhancement Applications]
   └ 학회: 한국전자파학회JEES (IF: 0.4)"
3927,2023,전기전자공학,553899063,Jeong-Hun Nam,1,0.0,0.0,"[Comparison of Real Experimental and Simulated RCS of Flying Artillery Projectile]
   └ 학회: 한국전자파학회JEES (IF: 0.4)"
3928,2023,전기전자공학,430505876,Ki-Ho Kim,1,0.0,0.0,"[Comparison of Real Experimental and Simulated RCS of Flying Artillery Projectile]
   └ 학회: 한국전자파학회JEES (IF: 0.4)"
3929,2023,전기전자공학,764128689,Sang-Hyun Chun,1,0.0,0.0,"[Comparison of Real Experimental and Simulated RCS of Flying Artillery Projectile]
   └ 학회: 한국전자파학회JEES (IF: 0.4)"
3930,2023,전기전자공학,863700528,Hyun Kim,1,0.0,0.0,"[Comparison of Real Experimental and Simulated RCS of Flying Artillery Projectile]
   └ 학회: 한국전자파학회JEES (IF: 0.4)"
3931,2023,전기전자공학,372952363,이성희,1,0.0,0.0,"[차세대 반도체 패키징 기술 연구 동향]
   └ 학회: 한국전자파학회 (IF: 0.4)"
3932,2023,전기전자공학,5463333,류승훈,1,0.0,0.0,"[차세대 반도체 패키징 기술 연구 동향]
   └ 학회: 한국전자파학회 (IF: 0.4)"
3933,2023,전기전자공학,525151929,김민경,1,0.0,0.0,"[밀리미터파 및 Sub-THz 대역 안테나 패키징 기술 현황]
   └ 학회: 한국전자파학회 (IF: 0.4)"
3934,2023,전기전자공학,633878635,홍원빈,1,0.0,0.0,"[밀리미터파 및 Sub-THz 대역 안테나 패키징 기술 현황]
   └ 학회: 한국전자파학회 (IF: 0.4)"
3935,2023,전기전자공학,700358922,반인모,1,0.0,0.0,"[이동 표적 탐지 및 추적을 위한 단일 채널 기반 고해상도 위성 SAR 영상 모드 구현]
   └ 학회: 한국전자파학회 (IF: 0.4)"
3936,2023,전기전자공학,568260511,조휘정,1,0.0,0.0,"[이동 표적 탐지 및 추적을 위한 단일 채널 기반 고해상도 위성 SAR 영상 모드 구현]
   └ 학회: 한국전자파학회 (IF: 0.4)"
3937,2023,전기전자공학,963721708,이석원,1,0.0,0.0,"[이동 표적 탐지 및 추적을 위한 단일 채널 기반 고해상도 위성 SAR 영상 모드 구현]
   └ 학회: 한국전자파학회 (IF: 0.4)"
3938,2023,전기전자공학,77909,이명진,1,0.0,0.0,"[이동 표적 탐지 및 추적을 위한 단일 채널 기반 고해상도 위성 SAR 영상 모드 구현]
   └ 학회: 한국전자파학회 (IF: 0.4)"
3939,2023,전기전자공학,592962910,이우경,1,0.0,0.0,"[이동 표적 탐지 및 추적을 위한 단일 채널 기반 고해상도 위성 SAR 영상 모드 구현]
   └ 학회: 한국전자파학회 (IF: 0.4)"
3940,2023,전기전자공학,365199814,여광구,1,0.0,0.0,"[이동 표적 탐지 및 추적을 위한 단일 채널 기반 고해상도 위성 SAR 영상 모드 구현]
   └ 학회: 한국전자파학회 (IF: 0.4)"
3941,2023,전기전자공학,387762934,김예원,1,0.0,0.0,"[24 GHz Six-Port Topology를 이용한 μm 단위의 초미세 진동 감지]
   └ 학회: 한국전자파학회 (IF: 0.4)"
3942,2023,전기전자공학,413427051,방인우,1,0.0,0.0,"[24 GHz Six-Port Topology를 이용한 μm 단위의 초미세 진동 감지]
   └ 학회: 한국전자파학회 (IF: 0.4)"
3943,2023,전기전자공학,881960494,이인성,1,0.0,0.0,"[바이스태틱 FMCW 레이다 비동기 현상의 신호 모델링 및 ISAR 영상 내 영향 분석]
   └ 학회: 한국전자파학회 (IF: 0.4)"
3944,2023,전기전자공학,848129927,신희섭,1,0.0,0.0,"[바이스태틱 FMCW 레이다 비동기 현상의 신호 모델링 및 ISAR 영상 내 영향 분석]
   └ 학회: 한국전자파학회 (IF: 0.4)"
3945,2023,전기전자공학,444772971,옥재우,1,0.0,0.0,"[바이스태틱 FMCW 레이다 비동기 현상의 신호 모델링 및 ISAR 영상 내 영향 분석]
   └ 학회: 한국전자파학회 (IF: 0.4)"
3946,2023,전기전자공학,258735655,윤재혁,1,0.0,0.0,"[바이스태틱 FMCW 레이다 비동기 현상의 신호 모델링 및 ISAR 영상 내 영향 분석]
   └ 학회: 한국전자파학회 (IF: 0.4)"
3947,2023,전기전자공학,560109462,유응노,1,0.0,0.0,"[바이스태틱 FMCW 레이다 비동기 현상의 신호 모델링 및 ISAR 영상 내 영향 분석]
   └ 학회: 한국전자파학회 (IF: 0.4)"
3948,2023,전기전자공학,465050836,양종렬,1,0.0,0.0,"[바이스태틱 FMCW 레이다 비동기 현상의 신호 모델링 및 ISAR 영상 내 영향 분석]
   └ 학회: 한국전자파학회 (IF: 0.4)"
3949,2023,전기전자공학,606516029,이재덕,1,0.0,0.0,"[위성 탑재 영상레이다의 보정 경로 패턴 합성 기법]
   └ 학회: 한국전자파학회 (IF: 0.4)"
3950,2023,전기전자공학,446864564,최선규,1,0.0,0.0,"[26.5∼29.5 GHz 6비트 스위치 필터형 위상천이기]
   └ 학회: 한국전자파학회 (IF: 0.4)"
3951,2023,전기전자공학,611220463,김창진,1,0.0,0.0,"[UWB 통신을 이용한 센서 응용: 자동차 내 좌석 탑승 감지]
   └ 학회: 한국전자파학회 (IF: 0.4)"
3952,2023,전기전자공학,129970655,한병근,1,0.0,0.0,"[UWB 통신을 이용한 센서 응용: 자동차 내 좌석 탑승 감지]
   └ 학회: 한국전자파학회 (IF: 0.4)"
3953,2023,전기전자공학,552805770,이준영,1,0.0,0.0,"[UWB 통신을 이용한 센서 응용: 자동차 내 좌석 탑승 감지]
   └ 학회: 한국전자파학회 (IF: 0.4)"
3954,2023,전기전자공학,561292148,정선우,1,0.0,0.0,"[UWB 통신을 이용한 센서 응용: 자동차 내 좌석 탑승 감지]
   └ 학회: 한국전자파학회 (IF: 0.4)"
3955,2023,전기전자공학,276089132,이혁,1,0.0,0.0,"[커플러와 반파장 루프 패턴을 활용한 광대역 샤크핀 안테나 설계]
   └ 학회: 한국전자파학회 (IF: 0.4)"
3956,2023,전기전자공학,580980230,정원선,1,0.0,0.0,"[커플러와 반파장 루프 패턴을 활용한 광대역 샤크핀 안테나 설계]
   └ 학회: 한국전자파학회 (IF: 0.4)"
3957,2023,전기전자공학,1391419,김재현,1,0.0,0.0,"[커플러와 반파장 루프 패턴을 활용한 광대역 샤크핀 안테나 설계]
   └ 학회: 한국전자파학회 (IF: 0.4)"
3958,2023,전기전자공학,744596304,나혜선,1,0.0,0.0,"[3차원 다층 유전체 코팅 구조의 전자파 산란 해석을 위한 유한요소법 적용]
   └ 학회: 한국전자파학회 (IF: 0.4)"
3959,2023,전기전자공학,534850849,이은정,1,0.0,0.0,"[3차원 다층 유전체 코팅 구조의 전자파 산란 해석을 위한 유한요소법 적용]
   └ 학회: 한국전자파학회 (IF: 0.4)"
3960,2023,전기전자공학,729464209,김주원,1,0.0,0.0,"[밀리미터파 온-보드 측정을 위한 플립-칩 본딩]
   └ 학회: 한국전자파학회 (IF: 0.4)"
3961,2023,전기전자공학,325438585,신의호,1,0.0,0.0,"[응답시간이 개선된 액정 기반 능동 반사 배열 안테나 단위 셀 구조]
   └ 학회: 한국전자파학회 (IF: 0.4)"
3962,2023,전기전자공학,398011127,오정석,1,0.0,0.0,"[응답시간이 개선된 액정 기반 능동 반사 배열 안테나 단위 셀 구조]
   └ 학회: 한국전자파학회 (IF: 0.4)"
3963,2023,전기전자공학,414684101,김선규,1,0.0,0.0,"[넓은 입력전력 범위를 갖는 S-대역 광대역 고조파 응답기]
   └ 학회: 한국전자파학회 (IF: 0.4)"
3964,2023,전기전자공학,591104231,김지수,1,0.0,0.0,"[넓은 입력전력 범위를 갖는 S-대역 광대역 고조파 응답기]
   └ 학회: 한국전자파학회 (IF: 0.4)"
3965,2023,전기전자공학,501078643,장성민,1,0.0,0.0,"[딕슨 정류기를 이용한 433 MHz 초저전력 Wake-Up 수신기 설계]
   └ 학회: 한국전자파학회 (IF: 0.4)"
3966,2023,전기전자공학,748051582,김신웅,1,0.0,0.0,"[딕슨 정류기를 이용한 433 MHz 초저전력 Wake-Up 수신기 설계]
   └ 학회: 한국전자파학회 (IF: 0.4)"
3967,2023,전기전자공학,105966761,전영수,1,0.0,0.0,"[28-nm CMOS 공정을 이용한 고속 첩 신호 합성기 설계]
   └ 학회: 한국전자파학회 (IF: 0.4)"
3968,2023,전기전자공학,682056082,문준호,1,0.0,0.0,"[28-nm CMOS 공정을 이용한 고속 첩 신호 합성기 설계]
   └ 학회: 한국전자파학회 (IF: 0.4)"
3969,2023,전기전자공학,104266037,박세준,1,0.0,0.0,"[28-nm CMOS 공정을 이용한 고속 첩 신호 합성기 설계]
   └ 학회: 한국전자파학회 (IF: 0.4)"
3970,2023,전기전자공학,953287205,신진욱,1,0.0,0.0,"[28-nm CMOS 공정을 이용한 고속 첩 신호 합성기 설계]
   └ 학회: 한국전자파학회 (IF: 0.4)"
3971,2023,전기전자공학,623788465,소홈 바타차지,1,0.0,0.0,"[자기장 감소 없이 발열을 최소화한 경두개 자기 자극용 중공 코일의 설계]
   └ 학회: 한국전자파학회 (IF: 0.4)"
3972,2023,전기전자공학,214751746,조춘식,1,0.0,0.0,"[자기장 감소 없이 발열을 최소화한 경두개 자기 자극용 중공 코일의 설계]
   └ 학회: 한국전자파학회 (IF: 0.4)"
3973,2023,전기전자공학,339594633,이찬종,1,0.0,0.0,"[8체배기를 내장한 Ka 밴드 레이다 수신기]
   └ 학회: 한국전자파학회 (IF: 0.4)"
3974,2023,전기전자공학,168339961,양동열,1,0.0,0.0,"[8체배기를 내장한 Ka 밴드 레이다 수신기]
   └ 학회: 한국전자파학회 (IF: 0.4)"
3975,2023,전기전자공학,170913888,강석원,1,0.0,0.0,"[8체배기를 내장한 Ka 밴드 레이다 수신기]
   └ 학회: 한국전자파학회 (IF: 0.4)"
3976,2023,전기전자공학,471246289,최다은,1,0.0,0.0,"[급전 위치 변경을 통한 Fabry-Perot Cavity 안테나 이득 개선]
   └ 학회: 한국전자파학회 (IF: 0.4)"
3977,2023,전기전자공학,790590895,정성훈,1,0.0,0.0,"[DDS를 이용한 초광대역 주파수 합성기 설계 및 구현]
   └ 학회: 한국전자파학회 (IF: 0.4)"
3978,2023,전기전자공학,253543,김용환,1,0.0,0.0,"[DDS를 이용한 초광대역 주파수 합성기 설계 및 구현]
   └ 학회: 한국전자파학회 (IF: 0.4)"
3979,2023,전기전자공학,753005896,최혁재,1,0.0,0.0,"[DDS를 이용한 초광대역 주파수 합성기 설계 및 구현]
   └ 학회: 한국전자파학회 (IF: 0.4)"
3980,2023,전기전자공학,834434726,박종진,1,0.0,0.0,"[전압체배기 구조를 이용한 5.8 ㎓ GaN HEMT F급 정류기]
   └ 학회: 한국전자파학회 (IF: 0.4)"
3981,2023,전기전자공학,135281479,임원섭,1,0.0,0.0,"[전압체배기 구조를 이용한 5.8 ㎓ GaN HEMT F급 정류기]
   └ 학회: 한국전자파학회 (IF: 0.4)"
3982,2023,전기전자공학,768581506,변희섭,1,0.0,0.0,"[주파수 이용효율 평가의 정합성과 개선방향]
   └ 학회: 한국전자파학회 (IF: 0.4)"
3983,2023,전기전자공학,916992892,우정민,1,0.0,0.0,"[가공전선로에 의한 유도전압의 영향 평가]
   └ 학회: 한국전자파학회 (IF: 0.4)"
3984,2023,전기전자공학,822870974,주문노,1,0.0,0.0,"[가공전선로에 의한 유도전압의 영향 평가]
   └ 학회: 한국전자파학회 (IF: 0.4)"
3985,2023,전기전자공학,446231819,강성만,1,0.0,0.0,"[가공전선로에 의한 유도전압의 영향 평가]
   └ 학회: 한국전자파학회 (IF: 0.4)"
3986,2023,전기전자공학,5193491,박기태,1,0.0,0.0,"[초목이 포함된 건물에서의 경험적 모델을 적용한 전자파 경로 손실 예측]
   └ 학회: 한국전자파학회 (IF: 0.4)"
3987,2023,전기전자공학,959343102,이한희,1,0.0,0.0,"[초목이 포함된 건물에서의 경험적 모델을 적용한 전자파 경로 손실 예측]
   └ 학회: 한국전자파학회 (IF: 0.4)"
3988,2023,전기전자공학,101694908,강윤수,1,0.0,0.0,"[다기능 장거리 차량 레이다의 레이돔 최적설계]
   └ 학회: 한국전자파학회 (IF: 0.4)"
3989,2023,전기전자공학,857211807,김형주,1,0.0,0.0,"[EM 시뮬레이션을 이용한 BCI-모니터링 프로브 시스템의 특성에 관한 연구]
   └ 학회: 한국전자파학회 (IF: 0.4)"
3990,2023,전기전자공학,276613127,최성수,1,0.0,0.0,"[EM 시뮬레이션을 이용한 BCI-모니터링 프로브 시스템의 특성에 관한 연구]
   └ 학회: 한국전자파학회 (IF: 0.4)"
3991,2023,전기전자공학,838412869,황주성,1,0.0,0.0,"[EM 시뮬레이션을 이용한 BCI-모니터링 프로브 시스템의 특성에 관한 연구]
   └ 학회: 한국전자파학회 (IF: 0.4)"
3992,2023,전기전자공학,76134,김태형,1,0.0,0.0,"[선박에 장착된 모노펄스 레이다의 해수면 고도 정밀 측정법 연구]
   └ 학회: 한국전자파학회 (IF: 0.4)"
3993,2023,전기전자공학,272776810,박준현,1,0.0,0.0,"[선박에 장착된 모노펄스 레이다의 해수면 고도 정밀 측정법 연구]
   └ 학회: 한국전자파학회 (IF: 0.4)"
3994,2023,전기전자공학,479681313,박준태,1,0.0,0.0,"[선박에 장착된 모노펄스 레이다의 해수면 고도 정밀 측정법 연구]
   └ 학회: 한국전자파학회 (IF: 0.4)"
3995,2023,전기전자공학,872358965,강명일,1,0.0,0.0,"[선박에 장착된 모노펄스 레이다의 해수면 고도 정밀 측정법 연구]
   └ 학회: 한국전자파학회 (IF: 0.4)"
3996,2023,전기전자공학,134014269,이행수,1,0.0,0.0,"[선박에 장착된 모노펄스 레이다의 해수면 고도 정밀 측정법 연구]
   └ 학회: 한국전자파학회 (IF: 0.4)"
3997,2023,전기전자공학,964809379,유홍균,1,0.0,0.0,"[2차원 인터페로미터 방향탐지 시스템용 광대역 배열 안테나모듈 설계 및 제작]
   └ 학회: 한국전자파학회 (IF: 0.4)"
3998,2023,전기전자공학,246346801,조흥열,1,0.0,0.0,"[대전류 대칭형 HEMP 필터의 소형화 설계]
   └ 학회: 한국전자파학회 (IF: 0.4)"
3999,2023,전기전자공학,102387611,조성인,1,0.0,0.0,"[대전류 대칭형 HEMP 필터의 소형화 설계]
   └ 학회: 한국전자파학회 (IF: 0.4)"
4000,2023,전기전자공학,654620249,박재현,1,0.0,0.0,"[대전류 대칭형 HEMP 필터의 소형화 설계]
   └ 학회: 한국전자파학회 (IF: 0.4)"
4001,2023,전기전자공학,873443067,안병진,1,0.0,0.0,"[대전류 대칭형 HEMP 필터의 소형화 설계]
   └ 학회: 한국전자파학회 (IF: 0.4)"
4002,2023,전기전자공학,304164770,장원,1,0.0,0.0,"[이음5G 4.7 GHz 대역에서 건물간 전달손실 측정 및 분석]
   └ 학회: 한국전자파학회 (IF: 0.4)"
4003,2023,전기전자공학,531073146,조병록,1,0.0,0.0,"[이음5G 4.7 GHz 대역에서 건물간 전달손실 측정 및 분석]
   └ 학회: 한국전자파학회 (IF: 0.4)"
4004,2023,전기전자공학,435808580,오순수,1,0.0,0.0,"[이음5G 4.7 GHz 대역에서 건물간 전달손실 측정 및 분석]
   └ 학회: 한국전자파학회 (IF: 0.4)"
4005,2023,전기전자공학,928199354,변성완,1,0.0,0.0,"[안테나 근역장과 인접 전송선로와의 전자기 결합 분석에 대한 연구]
   └ 학회: 한국전자파학회 (IF: 0.4)"
4006,2023,전기전자공학,240281642,이현재,1,0.0,0.0,"[안테나 근역장과 인접 전송선로와의 전자기 결합 분석에 대한 연구]
   └ 학회: 한국전자파학회 (IF: 0.4)"
4007,2023,전기전자공학,113967015,김정,1,0.0,0.0,"[국내 대기 환경을 반영한 레이다 성능 분석도구 개발 및 활용]
   └ 학회: 한국전자파학회 (IF: 0.4)"
4008,2023,전기전자공학,447546948,박진성,1,0.0,0.0,"[소형 레이다에서 송신 및 국부발진신호의 불요파 영향성 검토]
   └ 학회: 한국전자파학회 (IF: 0.4)"
4009,2023,전기전자공학,170825016,정형진,1,0.0,0.0,"[X-대역 공랭식 항공기탑재용 소형/경량화 능동위상배열안테나장치 설계 및 제작]
   └ 학회: 한국전자파학회 (IF: 0.4)"
4010,2023,전기전자공학,654073375,한재섭,1,0.0,0.0,"[X-대역 공랭식 항공기탑재용 소형/경량화 능동위상배열안테나장치 설계 및 제작]
   └ 학회: 한국전자파학회 (IF: 0.4)"
4011,2023,전기전자공학,285403377,강맹창,1,0.0,0.0,"[X-대역 공랭식 항공기탑재용 소형/경량화 능동위상배열안테나장치 설계 및 제작]
   └ 학회: 한국전자파학회 (IF: 0.4)"
4012,2023,전기전자공학,637647671,이창현,1,0.0,0.0,"[X-대역 공랭식 항공기탑재용 소형/경량화 능동위상배열안테나장치 설계 및 제작]
   └ 학회: 한국전자파학회 (IF: 0.4)"
4013,2023,전기전자공학,163532869,박병학,1,0.0,0.0,"[X-대역 공랭식 항공기탑재용 소형/경량화 능동위상배열안테나장치 설계 및 제작]
   └ 학회: 한국전자파학회 (IF: 0.4)"
4014,2023,전기전자공학,110184138,김영완,1,0.0,0.0,"[X-대역 공랭식 항공기탑재용 소형/경량화 능동위상배열안테나장치 설계 및 제작]
   └ 학회: 한국전자파학회 (IF: 0.4)"
4015,2023,전기전자공학,5418851,김혜빈,1,0.0,0.0,"[X-대역 공랭식 항공기탑재용 소형/경량화 능동위상배열안테나장치 설계 및 제작]
   └ 학회: 한국전자파학회 (IF: 0.4)"
4016,2023,전기전자공학,164428562,정구호,1,0.0,0.0,"[능동 전자주사식 위상배열 레이다용 N-Way 보정선로 설계 및 제작]
   └ 학회: 한국전자파학회 (IF: 0.4)"
4017,2023,전기전자공학,687137507,정윤권,1,0.0,0.0,"[능동 전자주사식 위상배열 레이다용 N-Way 보정선로 설계 및 제작]
   └ 학회: 한국전자파학회 (IF: 0.4)"
4018,2023,전기전자공학,664128336,김태완,1,0.0,0.0,"[능동 전자주사식 위상배열 레이다용 N-Way 보정선로 설계 및 제작]
   └ 학회: 한국전자파학회 (IF: 0.4)"
4019,2023,전기전자공학,887215004,최준호,1,0.0,0.0,"[능동 전자주사식 위상배열 레이다용 N-Way 보정선로 설계 및 제작]
   └ 학회: 한국전자파학회 (IF: 0.4)"
4020,2023,전기전자공학,853730729,원진주,1,0.0,0.0,"[AESA 레이다 동시 운용 모드 부하 기반 빔 운용 알고리즘 설계 및 시험 결과 분석]
   └ 학회: 한국전자파학회 (IF: 0.4)"
4021,2023,전기전자공학,705961979,우종찬,1,0.0,0.0,"[모노펄스 레이다 추정각도의 최빈값과 산란점들 각도의 원형 평균과의 관계]
   └ 학회: 한국전자파학회 (IF: 0.4)"
4022,2023,전기전자공학,255305694,박상우,1,0.0,0.0,"[모노펄스 레이다 추정각도의 최빈값과 산란점들 각도의 원형 평균과의 관계]
   └ 학회: 한국전자파학회 (IF: 0.4)"
4023,2023,전기전자공학,453194862,김성주,1,0.0,0.0,"[편파 변환이 가능한 초소형, 고효율 Cube 안테나]
   └ 학회: 한국전자파학회 (IF: 0.4)"
4024,2023,전기전자공학,243337113,오경현,1,0.0,0.0,"[편파 변환이 가능한 초소형, 고효율 Cube 안테나]
   └ 학회: 한국전자파학회 (IF: 0.4)"
4025,2023,전기전자공학,296448014,이정호,1,0.0,0.0,"[능동 EMI 필터를 활용한 TV 전원용 SMPS의 EMI 수동 소자 축소 평가 및 실험 연구]
   └ 학회: 한국전자파학회 (IF: 0.4)"
4026,2023,전기전자공학,305378317,김우태,1,0.0,0.0,"[Reaction 이론을 이용한 통합 마스트 배열 안테나 간 간섭도 계산]
   └ 학회: 한국전자파학회 (IF: 0.4)"
4027,2023,전기전자공학,316217233,고정호,1,0.0,0.0,"[Reaction 이론을 이용한 통합 마스트 배열 안테나 간 간섭도 계산]
   └ 학회: 한국전자파학회 (IF: 0.4)"
4028,2023,전기전자공학,450600396,배기웅,1,0.0,0.0,"[Reaction 이론을 이용한 통합 마스트 배열 안테나 간 간섭도 계산]
   └ 학회: 한국전자파학회 (IF: 0.4)"
4029,2023,전기전자공학,391566687,하창훈,1,0.0,0.0,"[능동방호장치 레이다의 탐지 추적 정확도 향상을 위한 고속표적 속도 보상 및 탐지 추적 알고리즘에 관한 연구]
   └ 학회: 한국전자파학회 (IF: 0.4)"
4030,2023,전기전자공학,864549304,이기홍,1,0.0,0.0,"[해상감시레이다-II 피아식별기능 개발 및 Mode 5 AIMS 인증시험]
   └ 학회: 한국전자파학회 (IF: 0.4)"
4031,2023,전기전자공학,303969393,조명훈,1,0.0,0.0,"[해상감시레이다-II 피아식별기능 개발 및 Mode 5 AIMS 인증시험]
   └ 학회: 한국전자파학회 (IF: 0.4)"
4032,2023,전기전자공학,642614527,권용욱,1,0.0,0.0,"[해상감시레이다-II 피아식별기능 개발 및 Mode 5 AIMS 인증시험]
   └ 학회: 한국전자파학회 (IF: 0.4)"
4033,2023,전기전자공학,366988776,심성호,1,0.0,0.0,"[해상감시레이다-II 피아식별기능 개발 및 Mode 5 AIMS 인증시험]
   └ 학회: 한국전자파학회 (IF: 0.4)"
4034,2023,전기전자공학,155462595,Junhyuk Ahn,1,0.0,0.0,"[A Concise and Time-Efficient Method for Characterizing the Permittivity of Unknown Materials]
   └ 학회: 한국전자파학회JEES (IF: 0.4)"
4035,2023,전기전자공학,312887909,Youngno Youn,1,0.0,0.0,"[A Concise and Time-Efficient Method for Characterizing the Permittivity of Unknown Materials]
   └ 학회: 한국전자파학회JEES (IF: 0.4)"
4036,2023,전기전자공학,565397406,Wonbin Hong,1,0.0,0.0,"[A Concise and Time-Efficient Method for Characterizing the Permittivity of Unknown Materials]
   └ 학회: 한국전자파학회JEES (IF: 0.4)"
4037,2023,전기전자공학,390369151,Jatupon Em-Udom,1,0.0,0.0,"[An Investigation of Harmonic Oscillation of an Ion Particle in a Non-uniform Electrostatic Field]
   └ 학회: 한국전자파학회JEES (IF: 0.4)"
4038,2023,전기전자공학,108573336,Nattapon Jaisumroum,1,0.0,0.0,"[An Investigation of Harmonic Oscillation of an Ion Particle in a Non-uniform Electrostatic Field]
   └ 학회: 한국전자파학회JEES (IF: 0.4)"
4039,2023,전기전자공학,703162352,Hyo-Jin Lee,1,0.0,0.0,"[Design of a Dual-Mode Waveguide CP Antenna with a Symmetric Beamwidth Using Short Stub for Low-Orbit Satellite TC&R]
   └ 학회: 한국전자파학회JEES (IF: 0.4)"
4040,2023,전기전자공학,442431254,Sun-Ik Lee,1,0.0,0.0,"[Design of a Dual-Mode Waveguide CP Antenna with a Symmetric Beamwidth Using Short Stub for Low-Orbit Satellite TC&R]
   └ 학회: 한국전자파학회JEES (IF: 0.4)"
4041,2023,전기전자공학,182281037,Doyoung Jang,1,0.0,0.0,"[Broadband All-Metal Vivaldi Array Antenna with Pyramidal-Shaped Wings for LEO Satellite Applications]
   └ 학회: 한국전자파학회JEES (IF: 0.4)"
4042,2023,전기전자공학,679990769,Tae Heung Lim,1,0.0,0.0,"[Broadband All-Metal Vivaldi Array Antenna with Pyramidal-Shaped Wings for LEO Satellite Applications]
   └ 학회: 한국전자파학회JEES (IF: 0.4)"
4043,2023,전기전자공학,559188135,Seulgi Park,1,0.0,0.0,"[Broadband All-Metal Vivaldi Array Antenna with Pyramidal-Shaped Wings for LEO Satellite Applications]
   └ 학회: 한국전자파학회JEES (IF: 0.4)"
4044,2023,전기전자공학,381608299,Daewoong Woo,1,0.0,0.0,"[Hybrid Sidelobe Recognition Method Using Boresight Error and Quadrant Signal Difference for Monopulse Array]
   └ 학회: 한국전자파학회JEES (IF: 0.4)"
4045,2023,전기전자공학,541844093,Jung-Won Lee,1,0.0,0.0,"[Hybrid Sidelobe Recognition Method Using Boresight Error and Quadrant Signal Difference for Monopulse Array]
   └ 학회: 한국전자파학회JEES (IF: 0.4)"
4046,2023,전기전자공학,429390972,Kyu Young Hwang,1,0.0,0.0,"[Hybrid Sidelobe Recognition Method Using Boresight Error and Quadrant Signal Difference for Monopulse Array]
   └ 학회: 한국전자파학회JEES (IF: 0.4)"
4047,2023,전기전자공학,447584513,Deok Kyu Kong,1,0.0,0.0,"[Hybrid Sidelobe Recognition Method Using Boresight Error and Quadrant Signal Difference for Monopulse Array]
   └ 학회: 한국전자파학회JEES (IF: 0.4)"
4048,2023,전기전자공학,202829568,Daju Lee,1,0.0,0.0,"[A Compact Low-Loss Reflection-Type Harmonic Transponder for Battery-less RFID Sensors Based on Harmonic Backscattering]
   └ 학회: 한국전자파학회JEES (IF: 0.4)"
4049,2023,전기전자공학,312283685,Sangeun Jang,1,0.0,0.0,"[Unified GSTC-FDTD Algorithm for the Efficient Electromagnetic Analysis of 2D Dispersive Materials]
   └ 학회: 한국전자파학회JEES (IF: 0.4)"
4050,2023,전기전자공학,812320280,Jae-Woo Baek,1,0.0,0.0,"[Unified GSTC-FDTD Algorithm for the Efficient Electromagnetic Analysis of 2D Dispersive Materials]
   └ 학회: 한국전자파학회JEES (IF: 0.4)"
4051,2023,전기전자공학,484680042,Chaewon Jung,1,0.0,0.0,"[Detecting Sleep-Related Breathing Disorders Using FMCW Radar]
   └ 학회: 한국전자파학회JEES (IF: 0.4)"
4052,2023,전기전자공학,562175794,Youngkeun Yoo,1,0.0,0.0,"[Detecting Sleep-Related Breathing Disorders Using FMCW Radar]
   └ 학회: 한국전자파학회JEES (IF: 0.4)"
4053,2023,전기전자공학,404005835,Hyun-Woo Kim,1,0.0,0.0,"[Detecting Sleep-Related Breathing Disorders Using FMCW Radar]
   └ 학회: 한국전자파학회JEES (IF: 0.4)"
4054,2023,전기전자공학,937541691,Hyun-Chool Shin,1,0.0,0.0,"[Detecting Sleep-Related Breathing Disorders Using FMCW Radar]
   └ 학회: 한국전자파학회JEES (IF: 0.4)"
4055,2023,전기전자공학,657094409,Seokju Wi,1,0.0,0.0,"[Improved Ground Radiation Antenna Performance for a Vertically Attached PCB]
   └ 학회: 한국전자파학회JEES (IF: 0.4)"
4056,2023,전기전자공학,208248630,Hoseung Lee,1,0.0,0.0,"[Improved Ground Radiation Antenna Performance for a Vertically Attached PCB]
   └ 학회: 한국전자파학회JEES (IF: 0.4)"
4057,2023,전기전자공학,890782074,Jeonghwan Kim,1,0.0,0.0,"[Improved Ground Radiation Antenna Performance for a Vertically Attached PCB]
   └ 학회: 한국전자파학회JEES (IF: 0.4)"
4058,2023,전기전자공학,121361507,Rui Li,1,0.0,0.0,"[Improved Ground Radiation Antenna Performance for a Vertically Attached PCB]
   └ 학회: 한국전자파학회JEES (IF: 0.4)"
4059,2023,전기전자공학,134807511,Hyunwoong Shin,1,0.0,0.0,"[Improved Ground Radiation Antenna Performance for a Vertically Attached PCB]
   └ 학회: 한국전자파학회JEES (IF: 0.4)"
4060,2023,전기전자공학,168523799,김형동,1,0.0,0.0,"[Improved Ground Radiation Antenna Performance for a Vertically Attached PCB]
   └ 학회: 한국전자파학회JEES (IF: 0.4)"
4061,2023,전기전자공학,491243480,Mohamed Elkattan,1,0.0,0.0,"[Characterization of Induced Polarization Parameters from Electromagnetic Data Using Evolutionary Approach]
   └ 학회: 한국전자파학회JEES (IF: 0.4)"
4062,2023,전기전자공학,383397891,Aladin H. Kamel,1,0.0,0.0,"[Characterization of Induced Polarization Parameters from Electromagnetic Data Using Evolutionary Approach]
   └ 학회: 한국전자파학회JEES (IF: 0.4)"
4063,2023,전기전자공학,890095462,Tien Dat Nguyen,1,0.0,0.0,"[Transparent and Flexible Patch Antenna Using MMF for Conformal Wi-Fi 6E Applications]
   └ 학회: 한국전자파학회JEES (IF: 0.4)"
4064,2023,전기전자공학,519229181,Yongkeun Lee,1,0.0,0.0,"[Transparent and Flexible Patch Antenna Using MMF for Conformal Wi-Fi 6E Applications]
   └ 학회: 한국전자파학회JEES (IF: 0.4)"
4065,2023,전기전자공학,154531124,Chang Won Jung,1,0.0,0.0,"[Transparent and Flexible Patch Antenna Using MMF for Conformal Wi-Fi 6E Applications]
   └ 학회: 한국전자파학회JEES (IF: 0.4)"
4066,2023,전기전자공학,393603189,Ngoc Tien Le,1,0.0,0.0,"[Gain and Frequency-Selectivity Enhancement of Dual-Polarized Filtering IBFD Antenna Using PRS]
   └ 학회: 한국전자파학회JEES (IF: 0.4)"
4067,2023,전기전자공학,275717227,Truong Le-Huu,1,0.0,0.0,"[Gain and Frequency-Selectivity Enhancement of Dual-Polarized Filtering IBFD Antenna Using PRS]
   └ 학회: 한국전자파학회JEES (IF: 0.4)"
4068,2023,전기전자공학,493192705,Ngoc An Nguyen,1,0.0,0.0,"[Gain and Frequency-Selectivity Enhancement of Dual-Polarized Filtering IBFD Antenna Using PRS]
   └ 학회: 한국전자파학회JEES (IF: 0.4)"
4069,2023,전기전자공학,896145709,Son Xuat Ta,1,0.0,0.0,"[Gain and Frequency-Selectivity Enhancement of Dual-Polarized Filtering IBFD Antenna Using PRS]
   └ 학회: 한국전자파학회JEES (IF: 0.4)"
4070,2023,전기전자공학,975753425,Khac Kiem Nguyen,1,0.0,0.0,"[Gain and Frequency-Selectivity Enhancement of Dual-Polarized Filtering IBFD Antenna Using PRS]
   └ 학회: 한국전자파학회JEES (IF: 0.4)"
4071,2023,전기전자공학,437200604,Nghia Nguyen-Trong,1,0.0,0.0,"[Gain and Frequency-Selectivity Enhancement of Dual-Polarized Filtering IBFD Antenna Using PRS]
   └ 학회: 한국전자파학회JEES (IF: 0.4)"
4072,2023,전기전자공학,202947515,Yongchao Wang,1,0.0,0.0,"[Magnetic Field Analysis of Hollow Halbach Long Stator Permanent Magnet Synchronous Linear Motor for Suspension Permanent Magnet Maglev Train]
   └ 학회: 한국전자파학회JEES (IF: 0.4)"
4073,2023,전기전자공학,951568719,Kuangang Fan,1,0.0,0.0,"[Magnetic Field Analysis of Hollow Halbach Long Stator Permanent Magnet Synchronous Linear Motor for Suspension Permanent Magnet Maglev Train]
   └ 학회: 한국전자파학회JEES (IF: 0.4)"
4074,2023,전기전자공학,681361180,Qishou Pang,1,0.0,0.0,"[Magnetic Field Analysis of Hollow Halbach Long Stator Permanent Magnet Synchronous Linear Motor for Suspension Permanent Magnet Maglev Train]
   └ 학회: 한국전자파학회JEES (IF: 0.4)"
4075,2023,전기전자공학,827581806,Bo Han,1,0.0,0.0,"[Design of Compact Fragment-Type Antenna Array for Microwave-Based Head Imaging Application]
   └ 학회: 한국전자파학회JEES (IF: 0.4)"
4076,2023,전기전자공학,641510580,Shibing Wang,1,0.0,0.0,"[Design of Compact Fragment-Type Antenna Array for Microwave-Based Head Imaging Application]
   └ 학회: 한국전자파학회JEES (IF: 0.4)"
4077,2023,전기전자공학,110377555,Xiaofeng Shi,1,0.0,0.0,"[Design of Compact Fragment-Type Antenna Array for Microwave-Based Head Imaging Application]
   └ 학회: 한국전자파학회JEES (IF: 0.4)"
4078,2023,전기전자공학,203218085,Directional Monopole Antenna Using a,1,0.0,0.0,"[Directional Monopole Antenna Using a Planar Lossy Magnetic (PLM) Surface]
   └ 학회: 한국전자파학회JEES (IF: 0.4)"
4079,2023,전기전자공학,324128630,Cha Hye Seong,1,0.0,0.0,"[A New Doherty Combiner with Wide Bandwidth for Magnitude and Phase Balance Compensation]
   └ 학회: 한국전자파학회JEES (IF: 0.4)"
4080,2023,전기전자공학,158452997,Saber Dakhli,1,0.0,0.0,"[Design of Compact and Superdirective Metamaterial-Inspired Two- and Three-Elements Antenna Arrays]
   └ 학회: 한국전자파학회JEES (IF: 0.4)"
4081,2023,전기전자공학,380141839,Jean Marie Floc’h,1,0.0,0.0,"[Design of Compact and Superdirective Metamaterial-Inspired Two- and Three-Elements Antenna Arrays]
   └ 학회: 한국전자파학회JEES (IF: 0.4)"
4082,2023,전기전자공학,740188897,Mohammed Aseeri,1,0.0,0.0,"[Design of Compact and Superdirective Metamaterial-Inspired Two- and Three-Elements Antenna Arrays]
   └ 학회: 한국전자파학회JEES (IF: 0.4)"
4083,2023,전기전자공학,871134162,Ameni Mersani,1,0.0,0.0,"[Design of Compact and Superdirective Metamaterial-Inspired Two- and Three-Elements Antenna Arrays]
   └ 학회: 한국전자파학회JEES (IF: 0.4)"
4084,2023,전기전자공학,747228548,Hatem Rmili,1,0.0,0.0,"[Design of Compact and Superdirective Metamaterial-Inspired Two- and Three-Elements Antenna Arrays]
   └ 학회: 한국전자파학회JEES (IF: 0.4)"
4085,2023,전기전자공학,379359742,İlkcan Coşkun,1,0.0,0.0,"[Implementation Possibilities of Standard Site Method Sub-cases for EMC Antenna Calibrations in Non-ideal Site Conditions]
   └ 학회: 한국전자파학회JEES (IF: 0.4)"
4086,2023,전기전자공학,845503760,Serhat İkizoğlu,1,0.0,0.0,"[Implementation Possibilities of Standard Site Method Sub-cases for EMC Antenna Calibrations in Non-ideal Site Conditions]
   └ 학회: 한국전자파학회JEES (IF: 0.4)"
4087,2023,전기전자공학,207887279,Euiho Shin,1,0.0,0.0,"[Broadband Beamforming Using the Least Square Method Improved via Adaptive Diagonal Loading]
   └ 학회: 한국전자파학회JEES (IF: 0.4)"
4088,2023,전기전자공학,112320092,Young-Seek Chung,1,0.0,0.0,"[Broadband Beamforming Using the Least Square Method Improved via Adaptive Diagonal Loading]
   └ 학회: 한국전자파학회JEES (IF: 0.4)"
4089,2023,전기전자공학,914888547,Cheolsun Park,1,0.0,0.0,"[Broadband Beamforming Using the Least Square Method Improved via Adaptive Diagonal Loading]
   └ 학회: 한국전자파학회JEES (IF: 0.4)"
4090,2023,전기전자공학,775986482,Seonkyo Kim,1,0.0,0.0,"[Broadband Beamforming Using the Least Square Method Improved via Adaptive Diagonal Loading]
   └ 학회: 한국전자파학회JEES (IF: 0.4)"
4091,2023,전기전자공학,281208623,Jungsuek Oh,1,0.0,0.0,"[Broadband Beamforming Using the Least Square Method Improved via Adaptive Diagonal Loading]
   └ 학회: 한국전자파학회JEES (IF: 0.4)"
4092,2023,전기전자공학,893703729,Hong-Sun Yoon,1,0.0,0.0,"[Compact Asymmetrical Quasi-MMIC Doherty Power Amplifier]
   └ 학회: 한국전자파학회JEES (IF: 0.4)"
4093,2023,전기전자공학,883180194,Min-Soo Park,1,0.0,0.0,"[Compact Asymmetrical Quasi-MMIC Doherty Power Amplifier]
   └ 학회: 한국전자파학회JEES (IF: 0.4)"
4094,2023,전기전자공학,443546381,Jong-Min Yook,1,0.0,0.0,"[Compact Asymmetrical Quasi-MMIC Doherty Power Amplifier]
   └ 학회: 한국전자파학회JEES (IF: 0.4)"
4095,2023,전기전자공학,682593089,Dongsu Kim,1,0.0,0.0,"[Compact Asymmetrical Quasi-MMIC Doherty Power Amplifier]
   └ 학회: 한국전자파학회JEES (IF: 0.4)"
4096,2023,전기전자공학,182417075,Min-Ji Kim,1,0.0,0.0,"[Analysis Method for Determining Optimal Synthetic Aperture Time Using Estimated Range and Doppler Cone Angle at the Center of Synthetic Aperture Length]
   └ 학회: 한국전자파학회JEES (IF: 0.4)"
4097,2023,전기전자공학,808135294,Sangho Lim,1,0.0,0.0,"[Analysis Method for Determining Optimal Synthetic Aperture Time Using Estimated Range and Doppler Cone Angle at the Center of Synthetic Aperture Length]
   └ 학회: 한국전자파학회JEES (IF: 0.4)"
4098,2023,전기전자공학,685857238,Dong-Cho Shin,1,0.0,0.0,"[Analysis Method for Determining Optimal Synthetic Aperture Time Using Estimated Range and Doppler Cone Angle at the Center of Synthetic Aperture Length]
   └ 학회: 한국전자파학회JEES (IF: 0.4)"
4099,2023,전기전자공학,112043696,Han-Hee Lee,1,0.0,0.0,"[Estimation of Electromagnetic Field Penetration into Concrete Buildings Using a Theoretical Approach Considering External Environmental Factors]
   └ 학회: 한국전자파학회JEES (IF: 0.4)"
4100,2023,전기전자공학,633261276,Jung-Hwan Lim,1,0.0,0.0,"[Estimation of Electromagnetic Field Penetration into Concrete Buildings Using a Theoretical Approach Considering External Environmental Factors]
   └ 학회: 한국전자파학회JEES (IF: 0.4)"
4101,2023,전기전자공학,127231705,Jung-Hwan Hwang,1,0.0,0.0,"[Estimation of Electromagnetic Field Penetration into Concrete Buildings Using a Theoretical Approach Considering External Environmental Factors]
   └ 학회: 한국전자파학회JEES (IF: 0.4)"
4102,2023,전기전자공학,383298489,Chang Hee Hyoung,1,0.0,0.0,"[Estimation of Electromagnetic Field Penetration into Concrete Buildings Using a Theoretical Approach Considering External Environmental Factors]
   └ 학회: 한국전자파학회JEES (IF: 0.4)"
4103,2023,전기전자공학,244843441,Hyun Ho Park,1,0.0,0.0,"[Estimation of Electromagnetic Field Penetration into Concrete Buildings Using a Theoretical Approach Considering External Environmental Factors]
   └ 학회: 한국전자파학회JEES (IF: 0.4)"
4104,2023,전기전자공학,650828123,이철수,1,0.0,0.0,"[Multiparametric Design of an All-Metal, Broadband, Slant Dual-Polarized Vivaldi Array Antenna]
   └ 학회: 한국전자파학회JEES (IF: 0.4)"
4105,2023,전기전자공학,656098431,Joo-Rae Park,1,0.0,0.0,"[Multiparametric Design of an All-Metal, Broadband, Slant Dual-Polarized Vivaldi Array Antenna]
   └ 학회: 한국전자파학회JEES (IF: 0.4)"
4106,2023,전기전자공학,217329931,Chuang Bi,1,0.0,0.0,"[Modeling and Prediction of Common Mode Electromagnetic Interference in GaN-Based Switching Power Converters]
   └ 학회: 한국전자파학회JEES (IF: 0.4)"
4107,2023,전기전자공학,734672509,Heyang Shan,1,0.0,0.0,"[Modeling and Prediction of Common Mode Electromagnetic Interference in GaN-Based Switching Power Converters]
   └ 학회: 한국전자파학회JEES (IF: 0.4)"
4108,2023,전기전자공학,936755924,Kai Gao,1,0.0,0.0,"[Modeling and Prediction of Common Mode Electromagnetic Interference in GaN-Based Switching Power Converters]
   └ 학회: 한국전자파학회JEES (IF: 0.4)"
4109,2023,전기전자공학,339491454,Shaojing Wang,1,0.0,0.0,"[Modeling and Prediction of Common Mode Electromagnetic Interference in GaN-Based Switching Power Converters]
   └ 학회: 한국전자파학회JEES (IF: 0.4)"
4110,2023,전기전자공학,620324934,Peng Xu,1,0.0,0.0,"[Modeling and Prediction of Common Mode Electromagnetic Interference in GaN-Based Switching Power Converters]
   └ 학회: 한국전자파학회JEES (IF: 0.4)"
4111,2023,전기전자공학,223147306,Yuheng Li,1,0.0,0.0,"[Dual-Band Antenna with OAM Mode Radiated by Ground Plane]
   └ 학회: 한국전자파학회JEES (IF: 0.4)"
4112,2023,전기전자공학,454009590,Guang Yang,1,0.0,0.0,"[Dual-Band Antenna with OAM Mode Radiated by Ground Plane]
   └ 학회: 한국전자파학회JEES (IF: 0.4)"
4113,2023,전기전자공학,251347525,Weiwen Li,1,0.0,0.0,"[Dual-Band Antenna with OAM Mode Radiated by Ground Plane]
   └ 학회: 한국전자파학회JEES (IF: 0.4)"
4114,2023,전기전자공학,934948639,Qing Huo Liu,1,0.0,0.0,"[Dual-Band Antenna with OAM Mode Radiated by Ground Plane]
   └ 학회: 한국전자파학회JEES (IF: 0.4)"
4115,2023,전기전자공학,780407808,Hyun Gyu Jang,1,0.0,0.0,"[LTCC-Based DC-DC Converter for Reduction of Switching Noise and Radiated Emissions]
   └ 학회: 한국전자파학회JEES (IF: 0.4)"
4116,2023,전기전자공학,697199551,Dong Yun Jung,1,0.0,0.0,"[LTCC-Based DC-DC Converter for Reduction of Switching Noise and Radiated Emissions]
   └ 학회: 한국전자파학회JEES (IF: 0.4)"
4117,2023,전기전자공학,361471079,Yong Ha Lee,1,0.0,0.0,"[LTCC-Based DC-DC Converter for Reduction of Switching Noise and Radiated Emissions]
   └ 학회: 한국전자파학회JEES (IF: 0.4)"
4118,2023,전기전자공학,572118999,Doohyung Cho,1,0.0,0.0,"[LTCC-Based DC-DC Converter for Reduction of Switching Noise and Radiated Emissions]
   └ 학회: 한국전자파학회JEES (IF: 0.4)"
4119,2023,전기전자공학,976911287,Kun Sik Park,1,0.0,0.0,"[LTCC-Based DC-DC Converter for Reduction of Switching Noise and Radiated Emissions]
   └ 학회: 한국전자파학회JEES (IF: 0.4)"
4120,2023,전기전자공학,292701277,Jong-Won Lim,1,0.0,0.0,"[LTCC-Based DC-DC Converter for Reduction of Switching Noise and Radiated Emissions]
   └ 학회: 한국전자파학회JEES (IF: 0.4)"
4121,2023,전기전자공학,367029879,Wonkyo Kim,1,0.0,0.0,"[LTCC-Based DC-DC Converter for Reduction of Switching Noise and Radiated Emissions]
   └ 학회: 한국전자파학회JEES (IF: 0.4)"
4122,2023,전기전자공학,847593992,Joomin Park,1,0.0,0.0,"[LTCC-Based DC-DC Converter for Reduction of Switching Noise and Radiated Emissions]
   └ 학회: 한국전자파학회JEES (IF: 0.4)"
4123,2023,전기전자공학,324754098,윤익재,1,0.0,0.0,"[LTCC-Based DC-DC Converter for Reduction of Switching Noise and Radiated Emissions]
   └ 학회: 한국전자파학회JEES (IF: 0.4)"
4124,2023,전기전자공학,984546616,In-Hee Han,1,0.0,0.0,"[The Design of a Sliding Rectangular Waveguide Array Antenna for Beam Steering]
   └ 학회: 한국전자파학회JEES (IF: 0.4)"
4125,2023,전기전자공학,168226922,Jaesik Moon,1,0.0,0.0,"[A Modeling and Design Methodology of Double Exponential Pulse Generator for Simulation-Based Conducted Disturbance Immunity Testing]
   └ 학회: 한국전자파학회JEES (IF: 0.4)"
4126,2023,전기전자공학,309864636,Myeong-Jun Kang,1,0.0,0.0,"[High-Isolation 5G Repeater Antenna Using a Novel DGS and an EBG]
   └ 학회: 한국전자파학회JEES (IF: 0.4)"
4127,2023,전기전자공학,154290305,Kab-Goo Cho,1,0.0,0.0,"[High-Isolation 5G Repeater Antenna Using a Novel DGS and an EBG]
   └ 학회: 한국전자파학회JEES (IF: 0.4)"
4128,2023,전기전자공학,722145271,Francis E. Chinda,1,0.0,0.0,"[Design of Compact Parallel-Connected Chained Function Filters]
   └ 학회: 한국전자파학회JEES (IF: 0.4)"
4129,2023,전기전자공학,979089192,Socheatra Seoung,1,0.0,0.0,"[Design of Compact Parallel-Connected Chained Function Filters]
   └ 학회: 한국전자파학회JEES (IF: 0.4)"
4130,2023,전기전자공학,606507423,Sovuthy Cheab,1,0.0,0.0,"[Design of Compact Parallel-Connected Chained Function Filters]
   └ 학회: 한국전자파학회JEES (IF: 0.4)"
4131,2023,전기전자공학,444122153,Muhammad S. Yahya,1,0.0,0.0,"[Design of Compact Parallel-Connected Chained Function Filters]
   └ 학회: 한국전자파학회JEES (IF: 0.4)"
4132,2023,전기전자공학,768098986,Huzein F. Hawari,1,0.0,0.0,"[Design of Compact Parallel-Connected Chained Function Filters]
   └ 학회: 한국전자파학회JEES (IF: 0.4)"
4133,2023,전기전자공학,528993998,Sagini E. Mochumbe,1,0.0,0.0,"[Design of a Load Modulated Balanced Amplifier with a Two-Stage Control Power Amplifier]
   └ 학회: 한국전자파학회JEES (IF: 0.4)"
4134,2023,전기전자공학,753240925,김현우,1,0.0,0.0,"[배열 전력 증폭기 그룹별 바이어싱 제어를 이용한 빔포밍 송신기 효율 향상 기법]
   └ 학회: 한국전자파학회 (IF: 0.4)"
4135,2023,전기전자공학,579438608,구현철,1,0.0,0.0,"[배열 전력 증폭기 그룹별 바이어싱 제어를 이용한 빔포밍 송신기 효율 향상 기법]
   └ 학회: 한국전자파학회 (IF: 0.4)"
4136,2023,전기전자공학,837945074,심의석,1,0.0,0.0,"[광대역 위성통신탑재체용 디지털신호처리장치(DPE) 설계]
   └ 학회: 한국전자파학회 (IF: 0.4)"
4137,2023,전기전자공학,828516890,김민혁,1,0.0,0.0,"[광대역 위성통신탑재체용 디지털신호처리장치(DPE) 설계]
   └ 학회: 한국전자파학회 (IF: 0.4)"
4138,2023,전기전자공학,196344246,허금숙,1,0.0,0.0,"[광대역 위성통신탑재체용 디지털신호처리장치(DPE) 설계]
   └ 학회: 한국전자파학회 (IF: 0.4)"
4139,2023,전기전자공학,117510235,김병학,1,0.0,0.0,"[광대역 위성통신탑재체용 디지털신호처리장치(DPE) 설계]
   └ 학회: 한국전자파학회 (IF: 0.4)"
4140,2023,전기전자공학,334297541,진광자,1,0.0,0.0,"[광대역 위성통신탑재체용 디지털신호처리장치(DPE) 설계]
   └ 학회: 한국전자파학회 (IF: 0.4)"
4141,2023,전기전자공학,377474072,유경덕,1,0.0,0.0,"[광대역 위성통신탑재체용 디지털신호처리장치(DPE) 설계]
   └ 학회: 한국전자파학회 (IF: 0.4)"
4142,2023,전기전자공학,754079773,우하늘,1,0.0,0.0,"[Interdigital Capacitor 기반의 공진기를 이용한 염화나트륨과 포도당 수용액의 농도 감지]
   └ 학회: 한국전자파학회 (IF: 0.4)"
4143,2023,전기전자공학,521691447,장초롬,1,0.0,0.0,"[Interdigital Capacitor 기반의 공진기를 이용한 염화나트륨과 포도당 수용액의 농도 감지]
   └ 학회: 한국전자파학회 (IF: 0.4)"
4144,2023,전기전자공학,831550081,이상흥,1,0.0,0.0,"[94 GHz SiGe BiCMOS PLL의 고온 특성 평가 및 분석]
   └ 학회: 한국전자파학회 (IF: 0.4)"
4145,2023,전기전자공학,605126554,최한길,1,0.0,0.0,"[94 GHz SiGe BiCMOS PLL의 고온 특성 평가 및 분석]
   └ 학회: 한국전자파학회 (IF: 0.4)"
4146,2023,전기전자공학,275966853,이주호,1,0.0,0.0,"[94 GHz SiGe BiCMOS PLL의 고온 특성 평가 및 분석]
   └ 학회: 한국전자파학회 (IF: 0.4)"
4147,2023,전기전자공학,437819561,정규채,1,0.0,0.0,"[94 GHz SiGe BiCMOS PLL의 고온 특성 평가 및 분석]
   └ 학회: 한국전자파학회 (IF: 0.4)"
4148,2023,전기전자공학,300286546,조성환,1,0.0,0.0,"[94 GHz SiGe BiCMOS PLL의 고온 특성 평가 및 분석]
   └ 학회: 한국전자파학회 (IF: 0.4)"
4149,2023,전기전자공학,779195202,김동휘,1,0.0,0.0,"[결함 접지 스트립선로를 사용한 초광대역 고조파 억제 저역통과 필터]
   └ 학회: 한국전자파학회 (IF: 0.4)"
4150,2023,전기전자공학,239876374,이정석,1,0.0,0.0,"[결함 접지 스트립선로를 사용한 초광대역 고조파 억제 저역통과 필터]
   └ 학회: 한국전자파학회 (IF: 0.4)"
4151,2023,전기전자공학,291572811,김문주,1,0.0,0.0,"[결함 접지 스트립선로를 사용한 초광대역 고조파 억제 저역통과 필터]
   └ 학회: 한국전자파학회 (IF: 0.4)"
4152,2023,전기전자공학,161655498,민병철,1,0.0,0.0,"[결함 접지 스트립선로를 사용한 초광대역 고조파 억제 저역통과 필터]
   └ 학회: 한국전자파학회 (IF: 0.4)"
4153,2023,전기전자공학,376581609,김강욱,1,0.0,0.0,"[결함 접지 스트립선로를 사용한 초광대역 고조파 억제 저역통과 필터]
   └ 학회: 한국전자파학회 (IF: 0.4)"
4154,2023,전기전자공학,150591639,최현철,1,0.0,0.0,"[결함 접지 스트립선로를 사용한 초광대역 고조파 억제 저역통과 필터]
   └ 학회: 한국전자파학회 (IF: 0.4)"
4155,2023,전기전자공학,367742802,이재우,1,0.0,0.0,"[위성통신용 항공기 탑재 소형 적층 구조 능동위상배열 안테나 설계]
   └ 학회: 한국전자파학회 (IF: 0.4)"
4156,2023,전기전자공학,195496572,윤현상,1,0.0,0.0,"[위성통신용 항공기 탑재 소형 적층 구조 능동위상배열 안테나 설계]
   └ 학회: 한국전자파학회 (IF: 0.4)"
4157,2023,전기전자공학,510552083,노성민,1,0.0,0.0,"[위성통신용 항공기 탑재 소형 적층 구조 능동위상배열 안테나 설계]
   └ 학회: 한국전자파학회 (IF: 0.4)"
4158,2023,전기전자공학,931702152,변성철,1,0.0,0.0,"[비이진 극 부호를 위한 새로운 고정 심볼 선택 방법]
   └ 학회: 한국전자파학회 (IF: 0.4)"
4159,2023,전기전자공학,474679751,노재현,1,0.0,0.0,"[비이진 극 부호를 위한 새로운 고정 심볼 선택 방법]
   └ 학회: 한국전자파학회 (IF: 0.4)"
4160,2023,전기전자공학,271123108,김동호,1,0.0,0.0,"[비이진 극 부호를 위한 새로운 고정 심볼 선택 방법]
   └ 학회: 한국전자파학회 (IF: 0.4)"
4161,2023,전기전자공학,434004184,강현진,1,0.0,0.0,"[비이진 극 부호를 위한 새로운 고정 심볼 선택 방법]
   └ 학회: 한국전자파학회 (IF: 0.4)"
4162,2023,전기전자공학,538398228,차승호,1,0.0,0.0,"[수신 8채널 송신 1채널 79 GHz Sparse Array FMCW 레이다 시스템]
   └ 학회: 한국전자파학회 (IF: 0.4)"
4163,2023,전기전자공학,945608148,박재현,1,0.0,0.0,"[수신 8채널 송신 1채널 79 GHz Sparse Array FMCW 레이다 시스템]
   └ 학회: 한국전자파학회 (IF: 0.4)"
4164,2023,전기전자공학,590229985,김승연,1,0.0,0.0,"[수신 8채널 송신 1채널 79 GHz Sparse Array FMCW 레이다 시스템]
   └ 학회: 한국전자파학회 (IF: 0.4)"
4165,2023,전기전자공학,5429141,한예주,1,0.0,0.0,"[수신 8채널 송신 1채널 79 GHz Sparse Array FMCW 레이다 시스템]
   └ 학회: 한국전자파학회 (IF: 0.4)"
4166,2023,전기전자공학,732973604,이재원,1,0.0,0.0,"[수신 8채널 송신 1채널 79 GHz Sparse Array FMCW 레이다 시스템]
   └ 학회: 한국전자파학회 (IF: 0.4)"
4167,2023,전기전자공학,275239423,김주성,1,0.0,0.0,"[실리콘 기반 광대역, 고성능 유전율 분광학 시스템 및 구현]
   └ 학회: 한국전자파학회 (IF: 0.4)"
4168,2023,전기전자공학,678759909,이동호,1,0.0,0.0,"[실리콘 기반 광대역, 고성능 유전율 분광학 시스템 및 구현]
   └ 학회: 한국전자파학회 (IF: 0.4)"
4169,2023,전기전자공학,909074538,홍성철,1,0.0,0.0,"[실리콘 기반 광대역, 고성능 유전율 분광학 시스템 및 구현]
   └ 학회: 한국전자파학회 (IF: 0.4)"
4170,2023,전기전자공학,350879437,최재혁,1,0.0,0.0,"[Out-Phased Current Combining 방식과 Complex Combining Load 방식을 이용한 3.7∼4.0 GHz 대역 GaN-HEMT Doherty 전력증폭기]
   └ 학회: 한국전자파학회 (IF: 0.4)"
4171,2023,전기전자공학,919054481,송재성,1,0.0,0.0,"[Out-Phased Current Combining 방식과 Complex Combining Load 방식을 이용한 3.7∼4.0 GHz 대역 GaN-HEMT Doherty 전력증폭기]
   └ 학회: 한국전자파학회 (IF: 0.4)"
4172,2023,전기전자공학,633517560,임서균,1,0.0,0.0,"[Out-Phased Current Combining 방식과 Complex Combining Load 방식을 이용한 3.7∼4.0 GHz 대역 GaN-HEMT Doherty 전력증폭기]
   └ 학회: 한국전자파학회 (IF: 0.4)"
4173,2023,전기전자공학,825339848,안승범,1,0.0,0.0,"[통신·항법 안테나의 항공기 체계성능 검증방안 연구]
   └ 학회: 한국전자파학회 (IF: 0.4)"
4174,2023,전기전자공학,740312614,양지현,1,0.0,0.0,"[FET 패키지의 스위칭 모델 기법에 관한 연구]
   └ 학회: 한국전자파학회 (IF: 0.4)"
4175,2023,전기전자공학,925685674,김의혁,1,0.0,0.0,"[FET 패키지의 스위칭 모델 기법에 관한 연구]
   └ 학회: 한국전자파학회 (IF: 0.4)"
4176,2023,전기전자공학,199755146,박준영,1,0.0,0.0,"[X대역 위성용 SAR 송수신모듈 조립체 공학 모델 설계 및 제작]
   └ 학회: 한국전자파학회 (IF: 0.4)"
4177,2023,전기전자공학,312382640,양호준,1,0.0,0.0,"[X대역 위성용 SAR 송수신모듈 조립체 공학 모델 설계 및 제작]
   └ 학회: 한국전자파학회 (IF: 0.4)"
4178,2023,전기전자공학,918332809,김수연,1,0.0,0.0,"[X대역 위성용 SAR 송수신모듈 조립체 공학 모델 설계 및 제작]
   └ 학회: 한국전자파학회 (IF: 0.4)"
4179,2023,전기전자공학,732202922,강권구,1,0.0,0.0,"[X대역 위성용 SAR 송수신모듈 조립체 공학 모델 설계 및 제작]
   └ 학회: 한국전자파학회 (IF: 0.4)"
4180,2023,전기전자공학,747617653,이유리,1,0.0,0.0,"[X대역 위성용 SAR 송수신모듈 조립체 공학 모델 설계 및 제작]
   └ 학회: 한국전자파학회 (IF: 0.4)"
4181,2023,전기전자공학,342337412,김종필,1,0.0,0.0,"[X대역 위성용 SAR 송수신모듈 조립체 공학 모델 설계 및 제작]
   └ 학회: 한국전자파학회 (IF: 0.4)"
4182,2023,전기전자공학,668720500,유태호,1,0.0,0.0,"[광대역 균일 빔 생성을 위한 최적의 평면형 배열 설계 방안]
   └ 학회: 한국전자파학회 (IF: 0.4)"
4183,2023,전기전자공학,302339467,이원진,1,0.0,0.0,"[광대역 균일 빔 생성을 위한 최적의 평면형 배열 설계 방안]
   └ 학회: 한국전자파학회 (IF: 0.4)"
4184,2023,전기전자공학,882167069,조상왕,1,0.0,0.0,"[광대역 균일 빔 생성을 위한 최적의 평면형 배열 설계 방안]
   └ 학회: 한국전자파학회 (IF: 0.4)"
4185,2023,전기전자공학,879523011,변강일,1,0.0,0.0,"[광대역 균일 빔 생성을 위한 최적의 평면형 배열 설계 방안]
   └ 학회: 한국전자파학회 (IF: 0.4)"
4186,2023,전기전자공학,242121867,박재윤,1,0.0,0.0,"[스트립 전송선의 정전용량에 대한 모드정합 분석]
   └ 학회: 한국전자파학회 (IF: 0.4)"
4187,2023,전기전자공학,841325471,주재율,1,0.0,0.0,"[스트립 전송선의 정전용량에 대한 모드정합 분석]
   └ 학회: 한국전자파학회 (IF: 0.4)"
4188,2023,전기전자공학,708231972,김인선,1,0.0,0.0,"[크로스 아이 재밍을 위한 멀티밴드 다중채널 송수신기의 정밀 가변 위상 및 진폭 매칭 구조 설계]
   └ 학회: 한국전자파학회 (IF: 0.4)"
4189,2023,전기전자공학,289142070,장연수,1,0.0,0.0,"[크로스 아이 재밍을 위한 멀티밴드 다중채널 송수신기의 정밀 가변 위상 및 진폭 매칭 구조 설계]
   └ 학회: 한국전자파학회 (IF: 0.4)"
4190,2023,전기전자공학,382280181,박진태,1,0.0,0.0,"[크로스 아이 재밍을 위한 멀티밴드 다중채널 송수신기의 정밀 가변 위상 및 진폭 매칭 구조 설계]
   └ 학회: 한국전자파학회 (IF: 0.4)"
4191,2023,전기전자공학,248160257,김기백,1,0.0,0.0,"[크로스 아이 재밍을 위한 멀티밴드 다중채널 송수신기의 정밀 가변 위상 및 진폭 매칭 구조 설계]
   └ 학회: 한국전자파학회 (IF: 0.4)"
4192,2023,전기전자공학,757527559,윤종현,1,0.0,0.0,"[재밍 억제를 위한 비지도 학습 기반 컨볼루션 신경망 이용 적응형 빔형성 기술]
   └ 학회: 한국전자파학회 (IF: 0.4)"
4193,2023,전기전자공학,391520822,이재승,1,0.0,0.0,"[재밍 억제를 위한 비지도 학습 기반 컨볼루션 신경망 이용 적응형 빔형성 기술]
   └ 학회: 한국전자파학회 (IF: 0.4)"
4194,2023,전기전자공학,469960624,주종한,1,0.0,0.0,"[재밍 억제를 위한 비지도 학습 기반 컨볼루션 신경망 이용 적응형 빔형성 기술]
   └ 학회: 한국전자파학회 (IF: 0.4)"
4195,2023,전기전자공학,310176800,정태환,1,0.0,0.0,"[재밍 억제를 위한 비지도 학습 기반 컨볼루션 신경망 이용 적응형 빔형성 기술]
   └ 학회: 한국전자파학회 (IF: 0.4)"
4196,2023,전기전자공학,810261272,박정용,1,0.0,0.0,"[재밍 억제를 위한 비지도 학습 기반 컨볼루션 신경망 이용 적응형 빔형성 기술]
   └ 학회: 한국전자파학회 (IF: 0.4)"
4197,2023,전기전자공학,553263402,이동휘,1,0.0,0.0,"[재밍 억제를 위한 비지도 학습 기반 컨볼루션 신경망 이용 적응형 빔형성 기술]
   └ 학회: 한국전자파학회 (IF: 0.4)"
4198,2023,전기전자공학,400782522,우규식,1,0.0,0.0,"[비선형 레이다용 CRLH 전송선로 필터를 이용한 광대역 저잡음증폭기 설계]
   └ 학회: 한국전자파학회 (IF: 0.4)"
4199,2023,전기전자공학,887785349,박종철,1,0.0,0.0,"[폭우 기상클러터 오플롯 제거 알고리듬]
   └ 학회: 한국전자파학회 (IF: 0.4)"
4200,2023,전기전자공학,908961057,서영광,1,0.0,0.0,"[폭우 기상클러터 오플롯 제거 알고리듬]
   └ 학회: 한국전자파학회 (IF: 0.4)"
4201,2023,전기전자공학,829076333,박지원,1,0.0,0.0,"[폭우 기상클러터 오플롯 제거 알고리듬]
   └ 학회: 한국전자파학회 (IF: 0.4)"
4202,2023,전기전자공학,234015343,윤지환,1,0.0,0.0,"[Clutter Rejection for FM Ranging Airborne Radar]
   └ 학회: 한국전자파학회JEES (IF: 0.4)"
4203,2023,전기전자공학,135930110,Yongmin Kim,1,0.0,0.0,"[Clutter Rejection for FM Ranging Airborne Radar]
   └ 학회: 한국전자파학회JEES (IF: 0.4)"
4204,2023,전기전자공학,871569955,Srujana Vahini Nandigama,1,0.0,0.0,"[Pattern Similarity and Gain Enhancement of Dual-Band Antenna Using an ENZ Metamaterial]
   └ 학회: 한국전자파학회JEES (IF: 0.4)"
4205,2023,전기전자공학,207838648,Bharath Kunooru,1,0.0,0.0,"[Pattern Similarity and Gain Enhancement of Dual-Band Antenna Using an ENZ Metamaterial]
   └ 학회: 한국전자파학회JEES (IF: 0.4)"
4206,2023,전기전자공학,788927361,Dasari Ramakrishna,1,0.0,0.0,"[Pattern Similarity and Gain Enhancement of Dual-Band Antenna Using an ENZ Metamaterial]
   └ 학회: 한국전자파학회JEES (IF: 0.4)"
4207,2023,전기전자공학,994049558,Vijay M. Pandharipande,1,0.0,0.0,"[Pattern Similarity and Gain Enhancement of Dual-Band Antenna Using an ENZ Metamaterial]
   └ 학회: 한국전자파학회JEES (IF: 0.4)"
4208,2023,전기전자공학,337418464,Sooyeon Kim,1,0.0,0.0,"[Packaging of an Amplifier Module for Sub-THz Wireless Transmission Based on Photonics]
   └ 학회: 한국전자파학회JEES (IF: 0.4)"
4209,2023,전기전자공학,467596098,Chan-Gyu Choi,1,0.0,0.0,"[Packaging of an Amplifier Module for Sub-THz Wireless Transmission Based on Photonics]
   └ 학회: 한국전자파학회JEES (IF: 0.4)"
4210,2023,전기전자공학,270421898,Sang-Rok Moon,1,0.0,0.0,"[Packaging of an Amplifier Module for Sub-THz Wireless Transmission Based on Photonics]
   └ 학회: 한국전자파학회JEES (IF: 0.4)"
4211,2023,전기전자공학,395232603,Minkyu Sung,1,0.0,0.0,"[Packaging of an Amplifier Module for Sub-THz Wireless Transmission Based on Photonics]
   └ 학회: 한국전자파학회JEES (IF: 0.4)"
4212,2023,전기전자공학,867554241,Eon-sang Kim,1,0.0,0.0,"[Packaging of an Amplifier Module for Sub-THz Wireless Transmission Based on Photonics]
   └ 학회: 한국전자파학회JEES (IF: 0.4)"
4213,2023,전기전자공학,604418247,Ho-Jin Song,1,0.0,0.0,"[Packaging of an Amplifier Module for Sub-THz Wireless Transmission Based on Photonics]
   └ 학회: 한국전자파학회JEES (IF: 0.4)"
4214,2023,전기전자공학,702643077,Hyunhak Jeong,1,0.0,0.0,"[Packaging of an Amplifier Module for Sub-THz Wireless Transmission Based on Photonics]
   └ 학회: 한국전자파학회JEES (IF: 0.4)"
4215,2023,전기전자공학,589040015,Seung Hwan Kim,1,0.0,0.0,"[Packaging of an Amplifier Module for Sub-THz Wireless Transmission Based on Photonics]
   └ 학회: 한국전자파학회JEES (IF: 0.4)"
4216,2023,전기전자공학,974385903,Seung-Hyun Cho,1,0.0,0.0,"[Packaging of an Amplifier Module for Sub-THz Wireless Transmission Based on Photonics]
   └ 학회: 한국전자파학회JEES (IF: 0.4)"
4217,2023,전기전자공학,411671492,Taejoo Sim,1,0.0,0.0,"[High-Q Transformer Neutralization Technique for W-Band Dual-Band LNA Using 0.1 μm GaAs pHEMT Technology]
   └ 학회: 한국전자파학회JEES (IF: 0.4)"
4218,2023,전기전자공학,301254219,Dong-min Lee,1,0.0,0.0,"[High-Q Transformer Neutralization Technique for W-Band Dual-Band LNA Using 0.1 μm GaAs pHEMT Technology]
   └ 학회: 한국전자파학회JEES (IF: 0.4)"
4219,2023,전기전자공학,241035342,Wansik Kim,1,0.0,0.0,"[High-Q Transformer Neutralization Technique for W-Band Dual-Band LNA Using 0.1 μm GaAs pHEMT Technology]
   └ 학회: 한국전자파학회JEES (IF: 0.4)"
4220,2023,전기전자공학,496631009,Kichul Kim,1,0.0,0.0,"[High-Q Transformer Neutralization Technique for W-Band Dual-Band LNA Using 0.1 μm GaAs pHEMT Technology]
   └ 학회: 한국전자파학회JEES (IF: 0.4)"
4221,2023,전기전자공학,854053775,Jeung Won Choi,1,0.0,0.0,"[High-Q Transformer Neutralization Technique for W-Band Dual-Band LNA Using 0.1 μm GaAs pHEMT Technology]
   └ 학회: 한국전자파학회JEES (IF: 0.4)"
4222,2023,전기전자공학,475472743,김민수,1,0.0,0.0,"[High-Q Transformer Neutralization Technique for W-Band Dual-Band LNA Using 0.1 μm GaAs pHEMT Technology]
   └ 학회: 한국전자파학회JEES (IF: 0.4)"
4223,2023,전기전자공학,230833,Junghyun Kim,1,0.0,0.0,"[High-Q Transformer Neutralization Technique for W-Band Dual-Band LNA Using 0.1 μm GaAs pHEMT Technology]
   └ 학회: 한국전자파학회JEES (IF: 0.4)"
4224,2023,전기전자공학,361024404,Gyoungdeuk Kim,1,0.0,0.0,"[Design and Verification of a Miniaturized Multifunctional Transmitarray Unit Cell for the S-Band]
   └ 학회: 한국전자파학회JEES (IF: 0.4)"
4225,2023,전기전자공학,797921929,Myeongha Hwang,1,0.0,0.0,"[Design and Verification of a Miniaturized Multifunctional Transmitarray Unit Cell for the S-Band]
   └ 학회: 한국전자파학회JEES (IF: 0.4)"
4226,2023,전기전자공학,493966457,Ingon Lee,1,0.0,0.0,"[Design and Verification of a Miniaturized Multifunctional Transmitarray Unit Cell for the S-Band]
   └ 학회: 한국전자파학회JEES (IF: 0.4)"
4227,2023,전기전자공학,991816563,Wen Li,1,0.0,0.0,"[A Wideband Differentially Fed Circularly Polarized Slotted Patch Antenna with a Large Beamwidth]
   └ 학회: 한국전자파학회JEES (IF: 0.4)"
4228,2023,전기전자공학,116336813,Wei Xue,1,0.0,0.0,"[A Wideband Differentially Fed Circularly Polarized Slotted Patch Antenna with a Large Beamwidth]
   └ 학회: 한국전자파학회JEES (IF: 0.4)"
4229,2023,전기전자공학,501346872,Yingsong Li,1,0.0,0.0,"[A Wideband Differentially Fed Circularly Polarized Slotted Patch Antenna with a Large Beamwidth]
   └ 학회: 한국전자파학회JEES (IF: 0.4)"
4230,2023,전기전자공학,155923770,Kwok L. Chung,1,0.0,0.0,"[A Wideband Differentially Fed Circularly Polarized Slotted Patch Antenna with a Large Beamwidth]
   └ 학회: 한국전자파학회JEES (IF: 0.4)"
4231,2023,전기전자공학,529056961,Zhixiang Huang,1,0.0,0.0,"[A Wideband Differentially Fed Circularly Polarized Slotted Patch Antenna with a Large Beamwidth]
   └ 학회: 한국전자파학회JEES (IF: 0.4)"
4232,2023,전기전자공학,981187005,Jiwoong Park,1,0.0,0.0,"[Efficient FDTD Simulation for the EM Analysis of Faraday Rotation in the Ionosphere]
   └ 학회: 한국전자파학회JEES (IF: 0.4)"
4233,2023,전기전자공학,812642085,Hyoungseuk Jin,1,0.0,0.0,"[Efficient FDTD Simulation for the EM Analysis of Faraday Rotation in the Ionosphere]
   └ 학회: 한국전자파학회JEES (IF: 0.4)"
4234,2023,전기전자공학,183373602,Junhyeong Bae,1,0.0,0.0,"[Efficient FDTD Simulation for the EM Analysis of Faraday Rotation in the Ionosphere]
   └ 학회: 한국전자파학회JEES (IF: 0.4)"
4235,2023,전기전자공학,5098610,Jang-Yeol Kim,1,0.0,0.0,"[Experimental Results of Magnetic Communication Using the Giant Magnetoimpedance Receiver in Underwater Environments]
   └ 학회: 한국전자파학회JEES (IF: 0.4)"
4236,2023,전기전자공학,342541081,Hyun Joon Lee,1,0.0,0.0,"[Experimental Results of Magnetic Communication Using the Giant Magnetoimpedance Receiver in Underwater Environments]
   └ 학회: 한국전자파학회JEES (IF: 0.4)"
4237,2023,전기전자공학,591850271,Jung Hoon Oh,1,0.0,0.0,"[Experimental Results of Magnetic Communication Using the Giant Magnetoimpedance Receiver in Underwater Environments]
   └ 학회: 한국전자파학회JEES (IF: 0.4)"
4238,2023,전기전자공학,163070598,Jae-Ho Lee,1,0.0,0.0,"[Experimental Results of Magnetic Communication Using the Giant Magnetoimpedance Receiver in Underwater Environments]
   └ 학회: 한국전자파학회JEES (IF: 0.4)"
4239,2023,전기전자공학,472656906,In-Kui Cho,1,0.0,0.0,"[Experimental Results of Magnetic Communication Using the Giant Magnetoimpedance Receiver in Underwater Environments]
   └ 학회: 한국전자파학회JEES (IF: 0.4)"
4240,2023,전기전자공학,827458512,이두진,1,0.0,0.0,"[Investigation of Pulse Characteristics of a Novel Cylindrically Slotted Cloaked Antenna]
   └ 학회: 한국전자파학회JEES (IF: 0.4)"
4241,2023,전기전자공학,5163571,강윤,1,0.0,0.0,"[실시간 손 제스처 인식을 위하여 손목 피부 표면의 높낮이 변화를 고려한 스마트 손목 밴드]
   └ 학회: 한국로봇학회(논문지) (IF: 0.4)"
4242,2023,전기전자공학,521708419,정주노,1,0.0,0.0,"[실시간 손 제스처 인식을 위하여 손목 피부 표면의 높낮이 변화를 고려한 스마트 손목 밴드]
   └ 학회: 한국로봇학회(논문지) (IF: 0.4)"
4243,2023,전기전자공학,539488802,심예리,1,0.0,0.0,"[비정형 택배 상자 디팔레타이징을 위한 작업 면적 조절 그리퍼 설계]
   └ 학회: 한국로봇학회(논문지) (IF: 0.4)"
4244,2023,전기전자공학,454301894,유병기,1,0.0,0.0,"[URDF로부터 DH 파라미터를 구성하는 일반적인 방법]
   └ 학회: 한국로봇학회(논문지) (IF: 0.4)"
4245,2023,전기전자공학,388667871,이승현,1,0.0,0.0,"[열화상 영상의 Image Translation을 통한 Pseudo-RGB 기반 장소 인식 시스템]
   └ 학회: 한국로봇학회(논문지) (IF: 0.4)"
4246,2023,전기전자공학,693043891,김태주,1,0.0,0.0,"[열화상 영상의 Image Translation을 통한 Pseudo-RGB 기반 장소 인식 시스템]
   └ 학회: 한국로봇학회(논문지) (IF: 0.4)"
4247,2023,전기전자공학,203784090,최유경,1,0.0,0.0,"[열화상 영상의 Image Translation을 통한 Pseudo-RGB 기반 장소 인식 시스템]
   └ 학회: 한국로봇학회(논문지) (IF: 0.4)"
4248,2023,전기전자공학,135542728,박주용,1,0.0,0.0,"[모바일 자율 주행 로봇의 지면 표현을 위한 확장된 적응형 역투영 맵핑 방법]
   └ 학회: 한국로봇학회(논문지) (IF: 0.4)"
4249,2023,전기전자공학,223547876,조영근,1,0.0,0.0,"[모바일 자율 주행 로봇의 지면 표현을 위한 확장된 적응형 역투영 맵핑 방법]
   └ 학회: 한국로봇학회(논문지) (IF: 0.4)"
4250,2023,전기전자공학,961240956,정지훈,1,0.0,0.0,"[저조도 환경에서 Visual SLAM을 위한 이미지 개선 방법]
   └ 학회: 한국로봇학회(논문지) (IF: 0.4)"
4251,2023,전기전자공학,729565666,전형준,1,0.0,0.0,"[저조도 환경에서 Visual SLAM을 위한 이미지 개선 방법]
   └ 학회: 한국로봇학회(논문지) (IF: 0.4)"
4252,2023,전기전자공학,329652827,한창완,1,0.0,0.0,"[저조도 환경에서 Visual SLAM을 위한 이미지 개선 방법]
   └ 학회: 한국로봇학회(논문지) (IF: 0.4)"
4253,2023,전기전자공학,572031173,이동철,1,0.0,0.0,"[모델 불확실성을 갖는 6자유도 원격조종 수중로봇의 외란 관측기 기반 제어]
   └ 학회: 한국로봇학회(논문지) (IF: 0.4)"
4254,2023,전기전자공학,123644376,최영진,1,0.0,0.0,"[모델 불확실성을 갖는 6자유도 원격조종 수중로봇의 외란 관측기 기반 제어]
   └ 학회: 한국로봇학회(논문지) (IF: 0.4)"
4255,2023,전기전자공학,179388761,최성모,1,0.0,0.0,"[과수 수확을 위한 주머니 방식의 로봇 그리퍼 설계 및 검증]
   └ 학회: 한국로봇학회(논문지) (IF: 0.4)"
4256,2023,전기전자공학,783438442,김태환,1,0.0,0.0,"[어깨 근력보조를 위한 엑소수트 설계]
   └ 학회: 한국로봇학회(논문지) (IF: 0.4)"
4257,2023,전기전자공학,407892874,김승우,1,0.0,0.0,"[어깨 근력보조를 위한 엑소수트 설계]
   └ 학회: 한국로봇학회(논문지) (IF: 0.4)"
4258,2023,전기전자공학,880577098,김정준,1,0.0,0.0,"[어깨 근력보조를 위한 엑소수트 설계]
   └ 학회: 한국로봇학회(논문지) (IF: 0.4)"
4259,2023,전기전자공학,814169509,정현준,1,0.0,0.0,"[어깨 근력보조를 위한 엑소수트 설계]
   └ 학회: 한국로봇학회(논문지) (IF: 0.4)"
4260,2023,전기전자공학,712051883,강혜선,1,0.0,0.0,"[인체 근골격 시뮬레이션을 활용한 인체 보행 시 외골격의 고관절 굴곡/신장 토크 최적화]
   └ 학회: 한국로봇학회(논문지) (IF: 0.4)"
4261,2023,전기전자공학,278316924,김정훈,1,0.0,0.0,"[폐색 이미지 분류를 위한 강건한 가중치 전환 학습]
   └ 학회: 한국로봇학회(논문지) (IF: 0.4)"
4262,2023,전기전자공학,657808073,유제광,1,0.0,0.0,"[폐색 이미지 분류를 위한 강건한 가중치 전환 학습]
   └ 학회: 한국로봇학회(논문지) (IF: 0.4)"
4263,2023,전기전자공학,934052160,박성식,1,0.0,0.0,"[폐색 이미지 분류를 위한 강건한 가중치 전환 학습]
   └ 학회: 한국로봇학회(논문지) (IF: 0.4)"
4264,2023,전기전자공학,154734452,강병현,1,0.0,0.0,"[임의 성형시간에 잔류진동을 제거할 수 있는 SD성형기]
   └ 학회: 한국로봇학회(논문지) (IF: 0.4)"
4265,2023,전기전자공학,237772598,이로운,1,0.0,0.0,"[실내 환경에서의 레이저 반사도를 고려한 라이다 기반 지도 작성]
   └ 학회: 한국로봇학회(논문지) (IF: 0.4)"
4266,2023,전기전자공학,148465762,박정홍,1,0.0,0.0,"[실내 환경에서의 레이저 반사도를 고려한 라이다 기반 지도 작성]
   └ 학회: 한국로봇학회(논문지) (IF: 0.4)"
4267,2023,전기전자공학,618815007,홍성훈,1,0.0,0.0,"[실내 환경에서의 레이저 반사도를 고려한 라이다 기반 지도 작성]
   └ 학회: 한국로봇학회(논문지) (IF: 0.4)"
4268,2023,전기전자공학,540822786,천효석,1,0.0,0.0,"[상태 공간 외란관측기 기반의 임피던스 제어와 ISMC를 이용한 메카넘 휠 AGV의 강인 궤도 추적 제어]
   └ 학회: 한국로봇학회(논문지) (IF: 0.4)"
4269,2023,전기전자공학,355915646,박승규,1,0.0,0.0,"[상태 공간 외란관측기 기반의 임피던스 제어와 ISMC를 이용한 메카넘 휠 AGV의 강인 궤도 추적 제어]
   └ 학회: 한국로봇학회(논문지) (IF: 0.4)"
4270,2023,전기전자공학,430758411,이호석,1,0.0,0.0,"[다자유도 비강 자동 검체 채취 로봇 메커니즘 개발]
   └ 학회: 한국로봇학회(논문지) (IF: 0.4)"
4271,2023,전기전자공학,110398301,김용재,1,0.0,0.0,"[다자유도 비강 자동 검체 채취 로봇 메커니즘 개발]
   └ 학회: 한국로봇학회(논문지) (IF: 0.4)"
4272,2023,전기전자공학,851642662,강호선,1,0.0,0.0,"[강인한 다리 구조 설계에 따른 사족 보행 로봇 제어 안정성 연구]
   └ 학회: 한국로봇학회(논문지) (IF: 0.4)"
4273,2023,전기전자공학,608461345,안재훈,1,0.0,0.0,"[강인한 다리 구조 설계에 따른 사족 보행 로봇 제어 안정성 연구]
   └ 학회: 한국로봇학회(논문지) (IF: 0.4)"
4274,2023,전기전자공학,778836634,차현제,1,0.0,0.0,"[강인한 다리 구조 설계에 따른 사족 보행 로봇 제어 안정성 연구]
   └ 학회: 한국로봇학회(논문지) (IF: 0.4)"
4275,2023,전기전자공학,341908996,안욱진,1,0.0,0.0,"[강인한 다리 구조 설계에 따른 사족 보행 로봇 제어 안정성 연구]
   └ 학회: 한국로봇학회(논문지) (IF: 0.4)"
4276,2023,전기전자공학,372028121,송화영,1,0.0,0.0,"[강인한 다리 구조 설계에 따른 사족 보행 로봇 제어 안정성 연구]
   └ 학회: 한국로봇학회(논문지) (IF: 0.4)"
4277,2023,전기전자공학,841793663,이인호,1,0.0,0.0,"[강인한 다리 구조 설계에 따른 사족 보행 로봇 제어 안정성 연구]
   └ 학회: 한국로봇학회(논문지) (IF: 0.4)"
4278,2023,전기전자공학,674333953,김주완,1,0.0,0.0,"[요부 안정화를 위한 복대형 입는 로봇 개발]
   └ 학회: 한국로봇학회(논문지) (IF: 0.4)"
4279,2023,전기전자공학,767702773,심재훈,1,0.0,0.0,"[요부 안정화를 위한 복대형 입는 로봇 개발]
   └ 학회: 한국로봇학회(논문지) (IF: 0.4)"
4280,2023,전기전자공학,872231437,김기원,1,0.0,0.0,"[요부 안정화를 위한 복대형 입는 로봇 개발]
   └ 학회: 한국로봇학회(논문지) (IF: 0.4)"
4281,2023,전기전자공학,690375645,정선근,1,0.0,0.0,"[요부 안정화를 위한 복대형 입는 로봇 개발]
   └ 학회: 한국로봇학회(논문지) (IF: 0.4)"
4282,2023,전기전자공학,171501281,Temirlan Dzhoroev,1,0.0,0.0,"[The Implementation and Analysis of Facial Expression Customization for a Social Robot]
   └ 학회: 한국로봇학회(논문지) (IF: 0.4)"
4283,2023,전기전자공학,821857103,조미영,1,0.0,0.0,"[인공지능 안내 로봇 서비스 만족도와 품질 속성 분석]
   └ 학회: 한국로봇학회(논문지) (IF: 0.4)"
4284,2023,전기전자공학,153714,김재홍,1,0.0,0.0,"[인공지능 안내 로봇 서비스 만족도와 품질 속성 분석]
   └ 학회: 한국로봇학회(논문지) (IF: 0.4)"
4285,2023,전기전자공학,861637807,이대하,1,0.0,0.0,"[인공지능 안내 로봇 서비스 만족도와 품질 속성 분석]
   └ 학회: 한국로봇학회(논문지) (IF: 0.4)"
4286,2023,전기전자공학,5487192,장민수,1,0.0,0.0,"[인공지능 안내 로봇 서비스 만족도와 품질 속성 분석]
   └ 학회: 한국로봇학회(논문지) (IF: 0.4)"
4287,2023,전기전자공학,995771080,김근태,1,0.0,0.0,"[이족 트랜스포머 로봇의 외란 대응 자세 안정화 제어]
   └ 학회: 한국로봇학회(논문지) (IF: 0.4)"
4288,2023,전기전자공학,799462695,여명훈,1,0.0,0.0,"[이족 트랜스포머 로봇의 외란 대응 자세 안정화 제어]
   └ 학회: 한국로봇학회(논문지) (IF: 0.4)"
4289,2023,전기전자공학,956834975,김정엽,1,0.0,0.0,"[이족 트랜스포머 로봇의 외란 대응 자세 안정화 제어]
   └ 학회: 한국로봇학회(논문지) (IF: 0.4)"
4290,2023,전기전자공학,526196723,이규호,1,0.0,0.0,"[차동 구동형 로봇의 비정형 환경 주행 경로 추종 성능 향상을 위한 Pure pursuit와 속도 계획의 융합 알고리즘]
   └ 학회: 한국로봇학회(논문지) (IF: 0.4)"
4291,2023,전기전자공학,559666310,신재호,1,0.0,0.0,"[열화상 이미지 히스토그램의 가우시안 혼합 모델 근사를 통한 열화상-관성 센서 오도메트리]
   └ 학회: 한국로봇학회(논문지) (IF: 0.4)"
4292,2023,전기전자공학,898138828,전명환,1,0.0,0.0,"[열화상 이미지 히스토그램의 가우시안 혼합 모델 근사를 통한 열화상-관성 센서 오도메트리]
   └ 학회: 한국로봇학회(논문지) (IF: 0.4)"
4293,2023,전기전자공학,534588807,경윤진,1,0.0,0.0,"[오픈소스 기반의 실시간 EtherCAT 제어 시스템의 구현]
   └ 학회: 한국로봇학회(논문지) (IF: 0.4)"
4294,2023,전기전자공학,487000073,최동일,1,0.0,0.0,"[오픈소스 기반의 실시간 EtherCAT 제어 시스템의 구현]
   └ 학회: 한국로봇학회(논문지) (IF: 0.4)"
4295,2023,전기전자공학,630330770,임소정,1,0.0,0.0,"[소형 곤충형 지상 이동 로봇 주행 메커니즘의 다리 기구 설계 및 분석]
   └ 학회: 한국로봇학회(논문지) (IF: 0.4)"
4296,2023,전기전자공학,748066131,이성준,1,0.0,0.0,"[소형 곤충형 지상 이동 로봇 주행 메커니즘의 다리 기구 설계 및 분석]
   └ 학회: 한국로봇학회(논문지) (IF: 0.4)"
4297,2023,전기전자공학,157222330,백상민,1,0.0,0.0,"[소형 곤충형 지상 이동 로봇 주행 메커니즘의 다리 기구 설계 및 분석]
   └ 학회: 한국로봇학회(논문지) (IF: 0.4)"
4298,2023,전기전자공학,973410125,허석행,1,0.0,0.0,"[소형 곤충형 지상 이동 로봇 주행 메커니즘의 다리 기구 설계 및 분석]
   └ 학회: 한국로봇학회(논문지) (IF: 0.4)"
4299,2023,전기전자공학,446663362,유재관,1,0.0,0.0,"[소형 곤충형 지상 이동 로봇 주행 메커니즘의 다리 기구 설계 및 분석]
   └ 학회: 한국로봇학회(논문지) (IF: 0.4)"
4300,2023,전기전자공학,740046241,조상근,1,0.0,0.0,"[군사혁신(RMA) 측면에서 바라본 우크라이나군의 지능화 전투사례 연구]
   └ 학회: 한국로봇학회(논문지) (IF: 0.4)"
4301,2023,전기전자공학,850883053,Andrii Zhytko,1,0.0,0.0,"[군사혁신(RMA) 측면에서 바라본 우크라이나군의 지능화 전투사례 연구]
   └ 학회: 한국로봇학회(논문지) (IF: 0.4)"
4302,2023,전기전자공학,722917781,김기원,1,0.0,0.0,"[군사혁신(RMA) 측면에서 바라본 우크라이나군의 지능화 전투사례 연구]
   └ 학회: 한국로봇학회(논문지) (IF: 0.4)"
4303,2023,전기전자공학,975186196,손인근,1,0.0,0.0,"[군사혁신(RMA) 측면에서 바라본 우크라이나군의 지능화 전투사례 연구]
   └ 학회: 한국로봇학회(논문지) (IF: 0.4)"
4304,2023,전기전자공학,807775522,박상혁,1,0.0,0.0,"[군사혁신(RMA) 측면에서 바라본 우크라이나군의 지능화 전투사례 연구]
   └ 학회: 한국로봇학회(논문지) (IF: 0.4)"
4305,2023,전기전자공학,927380577,김민혁,1,0.0,0.0,"[소포 하차업무 지원을 위한 협동 로봇 적용 연구]
   └ 학회: 한국로봇학회(논문지) (IF: 0.4)"
4306,2023,전기전자공학,385083330,유창욱,1,0.0,0.0,"[소포 하차업무 지원을 위한 협동 로봇 적용 연구]
   └ 학회: 한국로봇학회(논문지) (IF: 0.4)"
4307,2023,전기전자공학,315582619,이철기,1,0.0,0.0,"[소포 하차업무 지원을 위한 협동 로봇 적용 연구]
   └ 학회: 한국로봇학회(논문지) (IF: 0.4)"
4308,2023,전기전자공학,324556707,임현준,1,0.0,0.0,"[소실점 정보의 Loss 함수를 이용한 특징선 기반 SLAM]
   └ 학회: 한국로봇학회(논문지) (IF: 0.4)"
4309,2023,전기전자공학,853151791,표승현,1,0.0,0.0,"[이벤트 스트림의 이미지 재구성을 이용한 환경 인식]
   └ 학회: 한국로봇학회 (IF: 0.4)"
4310,2023,전기전자공학,707505785,박병재,1,0.0,0.0,"[이벤트 스트림의 이미지 재구성을 이용한 환경 인식]
   └ 학회: 한국로봇학회 (IF: 0.4)"
4311,2023,전기전자공학,225651388,이유철,1,0.0,0.0,"[산업현장 SLAM 기술: 동적환경 대상 로봇 위치인식 방법]
   └ 학회: 한국로봇학회 (IF: 0.4)"
4312,2023,전기전자공학,149035912,김규범,1,0.0,0.0,"[전완의 회외 및 회내를 보조하는 유연한 착용형 로봇 개발]
   └ 학회: 한국로봇학회(논문지) (IF: 0.4)"
4313,2023,전기전자공학,504756263,박지훈,1,0.0,0.0,"[전완의 회외 및 회내를 보조하는 유연한 착용형 로봇 개발]
   └ 학회: 한국로봇학회(논문지) (IF: 0.4)"
4314,2023,전기전자공학,277025552,최서영,1,0.0,0.0,"[부분 손 절단자를 위한 프로토 타입의 손목 회전 모듈 디자인 제안과 상지 움직임의 영향 분석]
   └ 학회: 한국로봇학회(논문지) (IF: 0.4)"
4315,2023,전기전자공학,561793903,조원우,1,0.0,0.0,"[부분 손 절단자를 위한 프로토 타입의 손목 회전 모듈 디자인 제안과 상지 움직임의 영향 분석]
   └ 학회: 한국로봇학회(논문지) (IF: 0.4)"
4316,2023,전기전자공학,844760000,김기훈,1,0.0,0.0,"[부분 손 절단자를 위한 프로토 타입의 손목 회전 모듈 디자인 제안과 상지 움직임의 영향 분석]
   └ 학회: 한국로봇학회(논문지) (IF: 0.4)"
4317,2023,전기전자공학,978403513,송준용,1,0.0,0.0,"[NREH: 다양한 운동과 데이터 수집이 가능한 가정용 상지재활로봇]
   └ 학회: 한국로봇학회(논문지) (IF: 0.4)"
4318,2023,전기전자공학,301475404,이성훈,1,0.0,0.0,"[NREH: 다양한 운동과 데이터 수집이 가능한 가정용 상지재활로봇]
   └ 학회: 한국로봇학회(논문지) (IF: 0.4)"
4319,2023,전기전자공학,650653350,송원경,1,0.0,0.0,"[NREH: 다양한 운동과 데이터 수집이 가능한 가정용 상지재활로봇]
   └ 학회: 한국로봇학회(논문지) (IF: 0.4)"
4320,2023,전기전자공학,494853407,이용현,1,0.0,0.0,"[Pilot Study – 고관절 각도 및 각속도 기반 기립(Sit-To-Stand) 및 착석(Stand-To-Sit) 근력 지원 웨어러블 로봇 알고리즘 개발]
   └ 학회: 한국로봇학회(논문지) (IF: 0.4)"
4321,2023,전기전자공학,969074836,최진탁,1,0.0,0.0,"[Pilot Study – 고관절 각도 및 각속도 기반 기립(Sit-To-Stand) 및 착석(Stand-To-Sit) 근력 지원 웨어러블 로봇 알고리즘 개발]
   └ 학회: 한국로봇학회(논문지) (IF: 0.4)"
4322,2023,전기전자공학,933581524,신동빈,1,0.0,0.0,"[Pilot Study – 고관절 각도 및 각속도 기반 기립(Sit-To-Stand) 및 착석(Stand-To-Sit) 근력 지원 웨어러블 로봇 알고리즘 개발]
   └ 학회: 한국로봇학회(논문지) (IF: 0.4)"
4323,2023,전기전자공학,791373107,지영훈,1,0.0,0.0,"[Pilot Study – 고관절 각도 및 각속도 기반 기립(Sit-To-Stand) 및 착석(Stand-To-Sit) 근력 지원 웨어러블 로봇 알고리즘 개발]
   └ 학회: 한국로봇학회(논문지) (IF: 0.4)"
4324,2023,전기전자공학,123558275,장혜연,1,0.0,0.0,"[Pilot Study – 고관절 각도 및 각속도 기반 기립(Sit-To-Stand) 및 착석(Stand-To-Sit) 근력 지원 웨어러블 로봇 알고리즘 개발]
   └ 학회: 한국로봇학회(논문지) (IF: 0.4)"
4325,2023,전기전자공학,649787835,한창수,1,0.0,0.0,"[Pilot Study – 고관절 각도 및 각속도 기반 기립(Sit-To-Stand) 및 착석(Stand-To-Sit) 근력 지원 웨어러블 로봇 알고리즘 개발]
   └ 학회: 한국로봇학회(논문지) (IF: 0.4)"
4326,2023,전기전자공학,101401071,이연준,1,0.0,0.0,"[Pilot Study – 고관절 각도 및 각속도 기반 기립(Sit-To-Stand) 및 착석(Stand-To-Sit) 근력 지원 웨어러블 로봇 알고리즘 개발]
   └ 학회: 한국로봇학회(논문지) (IF: 0.4)"
4327,2023,전기전자공학,643312990,곽은영,1,0.0,0.0,"[시설 거주노인 돌봄 제공자의 돌봄 로봇 및 기기 활용에 관한 탐색적 연구]
   └ 학회: 한국로봇학회(논문지) (IF: 0.4)"
4328,2023,전기전자공학,719228266,홍(손)귀령,1,0.0,0.0,"[시설 거주노인 돌봄 제공자의 돌봄 로봇 및 기기 활용에 관한 탐색적 연구]
   └ 학회: 한국로봇학회(논문지) (IF: 0.4)"
4329,2023,전기전자공학,303857404,콘차녹 보라사와드,1,0.0,0.0,"[와상환자의 이승 및 이송 작업을 위한 돌봄로봇 개발]
   └ 학회: 한국로봇학회(논문지) (IF: 0.4)"
4330,2023,전기전자공학,722707737,권혁동,1,0.0,0.0,"[와상환자의 이승 및 이송 작업을 위한 돌봄로봇 개발]
   └ 학회: 한국로봇학회(논문지) (IF: 0.4)"
4331,2023,전기전자공학,549611323,김창원,1,0.0,0.0,"[와상환자의 이승 및 이송 작업을 위한 돌봄로봇 개발]
   └ 학회: 한국로봇학회(논문지) (IF: 0.4)"
4332,2023,전기전자공학,876206224,김민정,1,0.0,0.0,"[욕창예방 돌봄로봇의 사용성 평가 및 개선사항 도출]
   └ 학회: 한국로봇학회(논문지) (IF: 0.4)"
4333,2023,전기전자공학,688176872,신용순,1,0.0,0.0,"[욕창예방 돌봄로봇의 사용성 평가 및 개선사항 도출]
   └ 학회: 한국로봇학회(논문지) (IF: 0.4)"
4334,2023,전기전자공학,360425263,홍태화,1,0.0,0.0,"[조립 공정을 위한 로봇-사람 간 작업 공유 시스템]
   └ 학회: 한국로봇학회(논문지) (IF: 0.4)"
4335,2023,전기전자공학,371332406,백재욱,1,0.0,0.0,"[트랜스포머 기반 MUM-T 상황인식 기술: 에이전트 상태 예측]
   └ 학회: 한국로봇학회(논문지) (IF: 0.4)"
4336,2023,전기전자공학,728556500,전성우,1,0.0,0.0,"[트랜스포머 기반 MUM-T 상황인식 기술: 에이전트 상태 예측]
   └ 학회: 한국로봇학회(논문지) (IF: 0.4)"
4337,2023,전기전자공학,832379435,김광용,1,0.0,0.0,"[트랜스포머 기반 MUM-T 상황인식 기술: 에이전트 상태 예측]
   └ 학회: 한국로봇학회(논문지) (IF: 0.4)"
4338,2023,전기전자공학,169046220,차도완,1,0.0,0.0,"[임무유형별 착용로봇 특성화 방안 연구]
   └ 학회: 한국로봇학회(논문지) (IF: 0.4)"
4339,2023,전기전자공학,332911462,이경택,1,0.0,0.0,"[임무유형별 착용로봇 특성화 방안 연구]
   └ 학회: 한국로봇학회(논문지) (IF: 0.4)"
4340,2023,전기전자공학,730080310,계중읍,1,0.0,0.0,"[임무유형별 착용로봇 특성화 방안 연구]
   └ 학회: 한국로봇학회(논문지) (IF: 0.4)"
4341,2023,전기전자공학,719688924,홍태화 ,1,0.0,0.0,"[단일 펌프를 이용하여 공압 그리퍼와 진공 그리퍼의 동시 구현이 가능한 그리핑 시스템의 개발]
   └ 학회: 한국로봇학회(논문지) (IF: 0.4)"
4342,2023,전기전자공학,983831366,이한솔,1,0.0,0.0,"[자율무인잠수정의 항법성능 사전 검증을 위한 시험치구 개발]
   └ 학회: 한국로봇학회(논문지) (IF: 0.4)"
4343,2023,전기전자공학,274097152,추진우,1,0.0,0.0,"[자율무인잠수정의 항법성능 사전 검증을 위한 시험치구 개발]
   └ 학회: 한국로봇학회(논문지) (IF: 0.4)"
4344,2023,전기전자공학,902989089,유혜정,1,0.0,0.0,"[실내 환경에서의 주행가능성을 고려한 라이다 기반 이동 로봇 탐사 기법]
   └ 학회: 한국로봇학회(논문지) (IF: 0.4)"
4345,2023,전기전자공학,591785067,최진우,1,0.0,0.0,"[실내 환경에서의 주행가능성을 고려한 라이다 기반 이동 로봇 탐사 기법]
   └ 학회: 한국로봇학회(논문지) (IF: 0.4)"
4346,2023,전기전자공학,5419468,김태현,1,0.0,0.0,"[실내 환경에서의 주행가능성을 고려한 라이다 기반 이동 로봇 탐사 기법]
   └ 학회: 한국로봇학회(논문지) (IF: 0.4)"
4347,2023,전기전자공학,136045720,최유나,1,0.0,0.0,"[착용형 로봇을 제어하기 위한 근경도 기반의 의도 인식 방법]
   └ 학회: 한국로봇학회(논문지) (IF: 0.4)"
4348,2023,전기전자공학,787274805,이대훈,1,0.0,0.0,"[착용형 로봇을 제어하기 위한 근경도 기반의 의도 인식 방법]
   └ 학회: 한국로봇학회(논문지) (IF: 0.4)"
4349,2023,전기전자공학,702394543,최영진&nbsp;&nbsp;,1,0.0,0.0,"[착용형 로봇을 제어하기 위한 근경도 기반의 의도 인식 방법]
   └ 학회: 한국로봇학회(논문지) (IF: 0.4)"
4350,2023,전기전자공학,579616053,박성식,1,0.0,0.0,"[표면 근전도 신호 기반 동작 의도 인식과 로봇 제어]
   └ 학회: 한국로봇학회 (IF: 0.4)"
4351,2023,전기전자공학,230701350,김성일,1,0.0,0.0,"[단일동조 저차 고조파 필터뱅크 과도회복전압]
   └ 학회: 대한전기학회 (IF: 0.39)"
4352,2023,전기전자공학,995558361,박영호,1,0.0,0.0,"[단일동조 저차 고조파 필터뱅크 과도회복전압]
   └ 학회: 대한전기학회 (IF: 0.39)"
4353,2023,전기전자공학,377668705,박준수,1,0.0,0.0,"[ANN을 이용한 국가 간 연계선의 주파수 제어 파라미터 최적화 연구]
   └ 학회: 대한전기학회 (IF: 0.39)"
4354,2023,전기전자공학,687666881,라마드한,1,0.0,0.0,"[ANN을 이용한 국가 간 연계선의 주파수 제어 파라미터 최적화 연구]
   └ 학회: 대한전기학회 (IF: 0.39)"
4355,2023,전기전자공학,391214565,황성철,1,0.0,0.0,"[ANN을 이용한 국가 간 연계선의 주파수 제어 파라미터 최적화 연구]
   └ 학회: 대한전기학회 (IF: 0.39)"
4356,2023,전기전자공학,473827336,이재형,1,0.0,0.0,"[ANN을 이용한 국가 간 연계선의 주파수 제어 파라미터 최적화 연구]
   └ 학회: 대한전기학회 (IF: 0.39)"
4357,2023,전기전자공학,570191409,이광호,1,0.0,0.0,"[전력시장에서 탄소배출권 할당량의 최적 배분에 관한 연구]
   └ 학회: 대한전기학회 (IF: 0.39)"
4358,2023,전기전자공학,640202870,츄방제,1,0.0,0.0,"[Whale Optimization Algorithm을 이용한 배전계통 정전복구 방식에 관한 연구]
   └ 학회: 대한전기학회 (IF: 0.39)"
4359,2023,전기전자공학,905405627,오윤식,1,0.0,0.0,"[Whale Optimization Algorithm을 이용한 배전계통 정전복구 방식에 관한 연구]
   └ 학회: 대한전기학회 (IF: 0.39)"
4360,2023,전기전자공학,602872437,이충희,1,0.0,0.0,"[토크 리플 저감을 위한 IPMSM 비대칭 노치 분석]
   └ 학회: 대한전기학회 (IF: 0.39)"
4361,2023,전기전자공학,535860140,신희성,1,0.0,0.0,"[토크 리플 저감을 위한 IPMSM 비대칭 노치 분석]
   └ 학회: 대한전기학회 (IF: 0.39)"
4362,2023,전기전자공학,349971319,조재훈,1,0.0,0.0,"[계자권선형 동기전동기의 극 슬롯 조합에 따른 전자계 특성 비교]
   └ 학회: 대한전기학회 (IF: 0.39)"
4363,2023,전기전자공학,558023508,전성배,1,0.0,0.0,"[계자권선형 동기전동기의 극 슬롯 조합에 따른 전자계 특성 비교]
   └ 학회: 대한전기학회 (IF: 0.39)"
4364,2023,전기전자공학,548671299,송민근,1,0.0,0.0,"[RL 부하 연동 단상 태양광 발전 시스템의 부하 전류 센서리스 무효 전류 보상기법]
   └ 학회: 대한전기학회 (IF: 0.39)"
4365,2023,전기전자공학,998291629,이우철,1,0.0,0.0,"[RL 부하 연동 단상 태양광 발전 시스템의 부하 전류 센서리스 무효 전류 보상기법]
   └ 학회: 대한전기학회 (IF: 0.39)"
4366,2023,전기전자공학,364548429,최주승,1,0.0,0.0,"[커널 밀도 추정 기법을 이용한 풍력발전량에 대한 확률론적 모델]
   └ 학회: 대한전기학회 (IF: 0.39)"
4367,2023,전기전자공학,347676925,차우신,1,0.0,0.0,"[Oxide/Metal/Oxide 구조의 유연하고 투명한 히터]
   └ 학회: 대한전기학회 (IF: 0.39)"
4368,2023,전기전자공학,902997068,이준식,1,0.0,0.0,"[Oxide/Metal/Oxide 구조의 유연하고 투명한 히터]
   └ 학회: 대한전기학회 (IF: 0.39)"
4369,2023,전기전자공학,378449492,Malkeshkumar Patel,1,0.0,0.0,"[Oxide/Metal/Oxide 구조의 유연하고 투명한 히터]
   └ 학회: 대한전기학회 (IF: 0.39)"
4370,2023,전기전자공학,340346818,이기범,1,0.0,0.0,"[Oxide/Metal/Oxide 구조의 유연하고 투명한 히터]
   └ 학회: 대한전기학회 (IF: 0.39)"
4371,2023,전기전자공학,673494163,김준동,1,0.0,0.0,"[Oxide/Metal/Oxide 구조의 유연하고 투명한 히터]
   └ 학회: 대한전기학회 (IF: 0.39)"
4372,2023,전기전자공학,949580226,조기룡,1,0.0,0.0,"[전기설비 안전관리를 위한 무정전상태의 안전등급 적용방안 연구]
   └ 학회: 대한전기학회 (IF: 0.39)"
4373,2023,전기전자공학,685551331,Sang-Yong Park,1,0.0,0.0,"[Operating Characteristics of Superconducting Arc-induction Type DC Circuit Breaker According to Contact Opening Speed]
   └ 학회: 대한전기학회 (IF: 0.39)"
4374,2023,전기전자공학,583491747,Geon-Woong Kim,1,0.0,0.0,"[Operating Characteristics of Superconducting Arc-induction Type DC Circuit Breaker According to Contact Opening Speed]
   └ 학회: 대한전기학회 (IF: 0.39)"
4375,2023,전기전자공학,223939325,Ji-Sol Jeong,1,0.0,0.0,"[Operating Characteristics of Superconducting Arc-induction Type DC Circuit Breaker According to Contact Opening Speed]
   └ 학회: 대한전기학회 (IF: 0.39)"
4376,2023,전기전자공학,596421208,정현영,1,0.0,0.0,"[고조파 비율을 이용한 고신뢰성의 A형 누전차단기 알고리즘에 관한 연구]
   └ 학회: 대한전기학회 (IF: 0.39)"
4377,2023,전기전자공학,373185666,박진영,1,0.0,0.0,"[고조파 비율을 이용한 고신뢰성의 A형 누전차단기 알고리즘에 관한 연구]
   └ 학회: 대한전기학회 (IF: 0.39)"
4378,2023,전기전자공학,615443039,안길영,1,0.0,0.0,"[고조파 비율을 이용한 고신뢰성의 A형 누전차단기 알고리즘에 관한 연구]
   └ 학회: 대한전기학회 (IF: 0.39)"
4379,2023,전기전자공학,106671964,홍종필,1,0.0,0.0,"[고조파 비율을 이용한 고신뢰성의 A형 누전차단기 알고리즘에 관한 연구]
   └ 학회: 대한전기학회 (IF: 0.39)"
4380,2023,전기전자공학,457989830,남수철,1,0.0,0.0,"[영동권 실 계통 PMU 측정정보를 활용한 울진, 삼척 산불 시 SSR 위험성 검토]
   └ 학회: 대한전기학회 (IF: 0.39)"
4381,2023,전기전자공학,686095815,구본길,1,0.0,0.0,"[영동권 실 계통 PMU 측정정보를 활용한 울진, 삼척 산불 시 SSR 위험성 검토]
   └ 학회: 대한전기학회 (IF: 0.39)"
4382,2023,전기전자공학,388923905,한준,1,0.0,0.0,"[영동권 실 계통 PMU 측정정보를 활용한 울진, 삼척 산불 시 SSR 위험성 검토]
   └ 학회: 대한전기학회 (IF: 0.39)"
4383,2023,전기전자공학,876266,강성범,1,0.0,0.0,"[영동권 실 계통 PMU 측정정보를 활용한 울진, 삼척 산불 시 SSR 위험성 검토]
   └ 학회: 대한전기학회 (IF: 0.39)"
4384,2023,전기전자공학,152576259,차승태,1,0.0,0.0,"[영동권 실 계통 PMU 측정정보를 활용한 울진, 삼척 산불 시 SSR 위험성 검토]
   └ 학회: 대한전기학회 (IF: 0.39)"
4385,2023,전기전자공학,768818968,권용오,1,0.0,0.0,"[적정 투자보수율 변동성과 요금충격 및 변동성 완화]
   └ 학회: 대한전기학회 (IF: 0.39)"
4386,2023,전기전자공학,946839745,김태형,1,0.0,0.0,"[적정 투자보수율 변동성과 요금충격 및 변동성 완화]
   └ 학회: 대한전기학회 (IF: 0.39)"
4387,2023,전기전자공학,5416059,도경택,1,0.0,0.0,"[소수력발전 기반 그린수소 생산을 위한 수전해장치 및 에너지저장장치 최적 설비용량 산정]
   └ 학회: 대한전기학회 (IF: 0.39)"
4388,2023,전기전자공학,957088684,유승열,1,0.0,0.0,"[소수력발전 기반 그린수소 생산을 위한 수전해장치 및 에너지저장장치 최적 설비용량 산정]
   └ 학회: 대한전기학회 (IF: 0.39)"
4389,2023,전기전자공학,421166605,강문식,1,0.0,0.0,"[압축구조 개선을 통한 분로리액터의 소음 저감에 관한 연구]
   └ 학회: 대한전기학회 (IF: 0.39)"
4390,2023,전기전자공학,280633441,박철준,1,0.0,0.0,"[압축구조 개선을 통한 분로리액터의 소음 저감에 관한 연구]
   └ 학회: 대한전기학회 (IF: 0.39)"
4391,2023,전기전자공학,472436521,이정화,1,0.0,0.0,"[압축구조 개선을 통한 분로리액터의 소음 저감에 관한 연구]
   └ 학회: 대한전기학회 (IF: 0.39)"
4392,2023,전기전자공학,626670916,조윤현,1,0.0,0.0,"[압축구조 개선을 통한 분로리액터의 소음 저감에 관한 연구]
   └ 학회: 대한전기학회 (IF: 0.39)"
4393,2023,전기전자공학,305627865,김미진,1,0.0,0.0,"[Power Cycling Test를 통한 4H-SiC MOSFETs의 계면 열화 분석]
   └ 학회: 대한전기학회 (IF: 0.39)"
4394,2023,전기전자공학,311960389,유다희,1,0.0,0.0,"[Power Cycling Test를 통한 4H-SiC MOSFETs의 계면 열화 분석]
   └ 학회: 대한전기학회 (IF: 0.39)"
4395,2023,전기전자공학,217133421,조형찬,1,0.0,0.0,"[복수 탐지정보의 공간분포 사전지식을 활용한 고해상도 차량용 레이더 표적추적 필터 설계]
   └ 학회: 대한전기학회 (IF: 0.39)"
4396,2023,전기전자공학,144421435,이찬석,1,0.0,0.0,"[복수 탐지정보의 공간분포 사전지식을 활용한 고해상도 차량용 레이더 표적추적 필터 설계]
   └ 학회: 대한전기학회 (IF: 0.39)"
4397,2023,전기전자공학,913224021,한슬기,1,0.0,0.0,"[복수 탐지정보의 공간분포 사전지식을 활용한 고해상도 차량용 레이더 표적추적 필터 설계]
   └ 학회: 대한전기학회 (IF: 0.39)"
4398,2023,전기전자공학,568613371,조장훈,1,0.0,0.0,"[Motor cad를 이용한 11,000[V]급 수중 펌프용 전동기 개발]
   └ 학회: 대한전기학회 (IF: 0.39)"
4399,2023,전기전자공학,585437226,오훈,1,0.0,0.0,"[Motor cad를 이용한 11,000[V]급 수중 펌프용 전동기 개발]
   └ 학회: 대한전기학회 (IF: 0.39)"
4400,2023,전기전자공학,326629903,조휘만,1,0.0,0.0,"[아파트 비상 동력 변압기 사용량 조사를 통한 전기차 충전시설 증설 대응의 연구]
   └ 학회: 대한전기학회 (IF: 0.39)"
4401,2023,전기전자공학,594431464,진상윤,1,0.0,0.0,"[아파트 비상 동력 변압기 사용량 조사를 통한 전기차 충전시설 증설 대응의 연구]
   └ 학회: 대한전기학회 (IF: 0.39)"
4402,2023,전기전자공학,810570429,이천구,1,0.0,0.0,"[아파트 비상 동력 변압기 사용량 조사를 통한 전기차 충전시설 증설 대응의 연구]
   └ 학회: 대한전기학회 (IF: 0.39)"
4403,2023,전기전자공학,561546253,김법수,1,0.0,0.0,"[세계 HVDC 추세와 대한민국 HVDC 현황에 대한 고찰]
   └ 학회: 대한전기학회 (IF: 0.39)"
4404,2023,전기전자공학,988955760,서경주,1,0.0,0.0,"[3D 프린팅 출력물을 위한 3D 모델링의 오류 분석과 해결방안]
   └ 학회: 대한전기학회 (IF: 0.39)"
4405,2023,전기전자공학,950812743,최균석,1,0.0,0.0,"[3D 프린팅 출력물을 위한 3D 모델링의 오류 분석과 해결방안]
   └ 학회: 대한전기학회 (IF: 0.39)"
4406,2023,전기전자공학,343904761,김호영,1,0.0,0.0,"[3D 프린팅 출력물을 위한 3D 모델링의 오류 분석과 해결방안]
   └ 학회: 대한전기학회 (IF: 0.39)"
4407,2023,전기전자공학,668250185,김경열,1,0.0,0.0,"[연구개발 성과의 탄소배출 저감 기여도 분석 방법론 개발]
   └ 학회: 대한전기학회 (IF: 0.39)"
4408,2023,전기전자공학,185211210,우정욱,1,0.0,0.0,"[연구개발 성과의 탄소배출 저감 기여도 분석 방법론 개발]
   └ 학회: 대한전기학회 (IF: 0.39)"
4409,2023,전기전자공학,439881703,김준수,1,0.0,0.0,"[암호제어 접근법 소개와 비교]
   └ 학회: 대한전기학회 (IF: 0.39)"
4410,2023,전기전자공학,945740249,이영우,1,0.0,0.0,"[비선형 매개변수를 가지는 비선형 시스템의 LPV 기반 H<SUB>∞</SUB> 최적제어]
   └ 학회: 대한전기학회 (IF: 0.39)"
4411,2023,전기전자공학,766316452,김원희,1,0.0,0.0,"[비선형 매개변수를 가지는 비선형 시스템의 LPV 기반 H<SUB>∞</SUB> 최적제어]
   └ 학회: 대한전기학회 (IF: 0.39)"
4412,2023,전기전자공학,143890275,홍미선,1,0.0,0.0,"[하이브리드 러닝 환경에서의 CT-EL 기반 AI 교육 체제 설계 전략]
   └ 학회: 대한전기학회 (IF: 0.39)"
4413,2023,전기전자공학,784987602,조정원,1,0.0,0.0,"[하이브리드 러닝 환경에서의 CT-EL 기반 AI 교육 체제 설계 전략]
   └ 학회: 대한전기학회 (IF: 0.39)"
4414,2023,전기전자공학,5171381,지준성,1,0.0,0.0,"[Ag paste 및 사포를 이용하여 제작한 Schottky diode의 열처리에 따른 전기적 특성 분석]
   └ 학회: 대한전기학회 (IF: 0.39)"
4415,2023,전기전자공학,976925246,김선권,1,0.0,0.0,"[Ag paste 및 사포를 이용하여 제작한 Schottky diode의 열처리에 따른 전기적 특성 분석]
   └ 학회: 대한전기학회 (IF: 0.39)"
4416,2023,전기전자공학,391467735,김무진,1,0.0,0.0,"[Ag paste 및 사포를 이용하여 제작한 Schottky diode의 열처리에 따른 전기적 특성 분석]
   └ 학회: 대한전기학회 (IF: 0.39)"
4417,2023,전기전자공학,864034187,최현수,1,0.0,0.0,"[IoT 기반 반려 동물 추적 시스템 설계]
   └ 학회: 대한전기학회 (IF: 0.39)"
4418,2023,전기전자공학,114799458,이주영,1,0.0,0.0,"[IoT 기반 반려 동물 추적 시스템 설계]
   └ 학회: 대한전기학회 (IF: 0.39)"
4419,2023,전기전자공학,967693540,김지훈,1,0.0,0.0,"[IoT 기반 반려 동물 추적 시스템 설계]
   └ 학회: 대한전기학회 (IF: 0.39)"
4420,2023,전기전자공학,884498364,김동휘,1,0.0,0.0,"[그리드포밍 인버터 자원 기반 전력계통의 블랙스타트 및 계통 동기화 영향 연구]
   └ 학회: 대한전기학회 (IF: 0.39)"
4421,2023,전기전자공학,998784078,허진,1,0.0,0.0,"[그리드포밍 인버터 자원 기반 전력계통의 블랙스타트 및 계통 동기화 영향 연구]
   └ 학회: 대한전기학회 (IF: 0.39)"
4422,2023,전기전자공학,630398863,정승민,1,0.0,0.0,"[그리드포밍 인버터 자원 기반 전력계통의 블랙스타트 및 계통 동기화 영향 연구]
   └ 학회: 대한전기학회 (IF: 0.39)"
4423,2023,전기전자공학,178889510,곽순혁,1,0.0,0.0,"[분산형전원 사업자와 소비자 간 전력거래에서 전력도매가격과 계시별 요금제를 고려한 사회후생 최대화 전략에 대한 연구]
   └ 학회: 대한전기학회 (IF: 0.39)"
4424,2023,전기전자공학,592033921,고웅,1,0.0,0.0,"[분산형전원 사업자와 소비자 간 전력거래에서 전력도매가격과 계시별 요금제를 고려한 사회후생 최대화 전략에 대한 연구]
   └ 학회: 대한전기학회 (IF: 0.39)"
4425,2023,전기전자공학,554997243,노상수,1,0.0,0.0,"[전력계통 운전환경 분석을 통한 계통안정화 ESS 배터리 수명 산정기준 수립]
   └ 학회: 대한전기학회 (IF: 0.39)"
4426,2023,전기전자공학,362236781,한재웅,1,0.0,0.0,"[전력계통 운전환경 분석을 통한 계통안정화 ESS 배터리 수명 산정기준 수립]
   └ 학회: 대한전기학회 (IF: 0.39)"
4427,2023,전기전자공학,870839783,조승민,1,0.0,0.0,"[전력계통 운전환경 분석을 통한 계통안정화 ESS 배터리 수명 산정기준 수립]
   └ 학회: 대한전기학회 (IF: 0.39)"
4428,2023,전기전자공학,313806552,송화창,1,0.0,0.0,"[전력계통 운전환경 분석을 통한 계통안정화 ESS 배터리 수명 산정기준 수립]
   └ 학회: 대한전기학회 (IF: 0.39)"
4429,2023,전기전자공학,948945767,신은결,1,0.0,0.0,"[매입형 영구자석 동기 전동기에서 속응성이 향상된 일정 스위칭 주파수를 가지는 DTC 기법]
   └ 학회: 대한전기학회 (IF: 0.39)"
4430,2023,전기전자공학,391444349,박지환,1,0.0,0.0,"[산화물 박막 소자의 단기 열화 특성 분석 및 예측식 모델링]
   └ 학회: 대한전기학회 (IF: 0.39)"
4431,2023,전기전자공학,211149524,강경수,1,0.0,0.0,"[산화물 박막 소자의 단기 열화 특성 분석 및 예측식 모델링]
   └ 학회: 대한전기학회 (IF: 0.39)"
4432,2023,전기전자공학,825254205,박준형,1,0.0,0.0,"[산화물 박막 소자의 단기 열화 특성 분석 및 예측식 모델링]
   └ 학회: 대한전기학회 (IF: 0.39)"
4433,2023,전기전자공학,718634664,이수연,1,0.0,0.0,"[산화물 박막 소자의 단기 열화 특성 분석 및 예측식 모델링]
   └ 학회: 대한전기학회 (IF: 0.39)"
4434,2023,전기전자공학,350206937,김민기,1,0.0,0.0,"[나트륨 이온 배터리의 성능 개선을 위한 전이 금속 기반 음극 소재 개발 동향]
   └ 학회: 대한전기학회 (IF: 0.39)"
4435,2023,전기전자공학,966893252,박정호,1,0.0,0.0,"[나트륨 이온 배터리의 성능 개선을 위한 전이 금속 기반 음극 소재 개발 동향]
   └ 학회: 대한전기학회 (IF: 0.39)"
4436,2023,전기전자공학,777800189,장민영,1,0.0,0.0,"[LSTM과 GRU를 활용한 업종별 전력사용량 데이터 보간 방법]
   └ 학회: 대한전기학회 (IF: 0.39)"
4437,2023,전기전자공학,198414624,이정일,1,0.0,0.0,"[LSTM과 GRU를 활용한 업종별 전력사용량 데이터 보간 방법]
   └ 학회: 대한전기학회 (IF: 0.39)"
4438,2023,전기전자공학,982077222,정남준,1,0.0,0.0,"[LSTM과 GRU를 활용한 업종별 전력사용량 데이터 보간 방법]
   └ 학회: 대한전기학회 (IF: 0.39)"
4439,2023,전기전자공학,538192737,고영준,1,0.0,0.0,"[LSTM과 GRU를 활용한 업종별 전력사용량 데이터 보간 방법]
   └ 학회: 대한전기학회 (IF: 0.39)"
4440,2023,전기전자공학,109772628,Jikang Shin,1,0.0,0.0,"[EnterRPA: Open-Source Robotic Process Automation for Enterprise]
   └ 학회: 대한전기학회 (IF: 0.39)"
4441,2023,전기전자공학,115071809,Sungho Lee,1,0.0,0.0,"[EnterRPA: Open-Source Robotic Process Automation for Enterprise]
   └ 학회: 대한전기학회 (IF: 0.39)"
4442,2023,전기전자공학,281399138,Hojin Seo,1,0.0,0.0,"[EnterRPA: Open-Source Robotic Process Automation for Enterprise]
   └ 학회: 대한전기학회 (IF: 0.39)"
4443,2023,전기전자공학,164005388,Jeong-Seon Im,1,0.0,0.0,"[EnterRPA: Open-Source Robotic Process Automation for Enterprise]
   └ 학회: 대한전기학회 (IF: 0.39)"
4444,2023,전기전자공학,408045624,Hee Cho,1,0.0,0.0,"[EnterRPA: Open-Source Robotic Process Automation for Enterprise]
   └ 학회: 대한전기학회 (IF: 0.39)"
4445,2023,전기전자공학,5207958,강민성,1,0.0,0.0,"[가축분뇨 활용 돈사 RE100 인증에 관한 연구]
   └ 학회: 대한전기학회 (IF: 0.39)"
4446,2023,전기전자공학,648799051,박상호,1,0.0,0.0,"[가축분뇨 활용 돈사 RE100 인증에 관한 연구]
   └ 학회: 대한전기학회 (IF: 0.39)"
4447,2023,전기전자공학,567211646,박광묵,1,0.0,0.0,"[100W급 DC 아크 발생 시 전극 형태에 따른 케이블 절연체(XLPE)의 착화시간 비교 및 착화확률 분석]
   └ 학회: 대한전기학회 (IF: 0.39)"
4448,2023,전기전자공학,836040715,최동환,1,0.0,0.0,"[100W급 DC 아크 발생 시 전극 형태에 따른 케이블 절연체(XLPE)의 착화시간 비교 및 착화확률 분석]
   └ 학회: 대한전기학회 (IF: 0.39)"
4449,2023,전기전자공학,179074633,박형균,1,0.0,0.0,"[100W급 DC 아크 발생 시 전극 형태에 따른 케이블 절연체(XLPE)의 착화시간 비교 및 착화확률 분석]
   └ 학회: 대한전기학회 (IF: 0.39)"
4450,2023,전기전자공학,528242263,신항식,1,0.0,0.0,"[수면 모니터링시스템 기술개발 동향]
   └ 학회: 대한전기학회 (IF: 0.39)"
4451,2023,전기전자공학,144779221,정민성,1,0.0,0.0,"[대한민국 에너지 전환의 필수 경로 : P2G 시스템 연계 검토 및 비용 분석]
   └ 학회: 대한전기학회 (IF: 0.39)"
4452,2023,전기전자공학,410956983,서상수,1,0.0,0.0,"[대한민국 에너지 전환의 필수 경로 : P2G 시스템 연계 검토 및 비용 분석]
   └ 학회: 대한전기학회 (IF: 0.39)"
4453,2023,전기전자공학,487915331,조벽근,1,0.0,0.0,"[대한민국 에너지 전환의 필수 경로 : P2G 시스템 연계 검토 및 비용 분석]
   └ 학회: 대한전기학회 (IF: 0.39)"
4454,2023,전기전자공학,209767838,김슬기,1,0.0,0.0,"[대한민국 에너지 전환의 필수 경로 : P2G 시스템 연계 검토 및 비용 분석]
   └ 학회: 대한전기학회 (IF: 0.39)"
4455,2023,전기전자공학,224762737,박민로,1,0.0,0.0,"[비희토류 매입형 영구자석 동기 모터의 다층 회전자 설계 기술]
   └ 학회: 대한전기학회 (IF: 0.39)"
4456,2023,전기전자공학,506317221,정영훈,1,0.0,0.0,"[비희토류 매입형 영구자석 동기 모터의 다층 회전자 설계 기술]
   └ 학회: 대한전기학회 (IF: 0.39)"
4457,2023,전기전자공학,508420891,임명섭,1,0.0,0.0,"[비희토류 매입형 영구자석 동기 모터의 다층 회전자 설계 기술]
   └ 학회: 대한전기학회 (IF: 0.39)"
4458,2023,전기전자공학,954301446,김원호,1,0.0,0.0,"[비희토류 및 희토류 저감 영구자석 전동기 연구 동향]
   └ 학회: 대한전기학회 (IF: 0.39)"
4459,2023,전기전자공학,4628299,윤효정,1,0.0,0.0,"[용량이 다른 PV-ESS의 연계운전을 위한 pu단위 제어기 설계법]
   └ 학회: 대한전기학회 (IF: 0.39)"
4460,2023,전기전자공학,647784148,이예신,1,0.0,0.0,"[용량이 다른 PV-ESS의 연계운전을 위한 pu단위 제어기 설계법]
   └ 학회: 대한전기학회 (IF: 0.39)"
4461,2023,전기전자공학,1138077,심재웅,1,0.0,0.0,"[용량이 다른 PV-ESS의 연계운전을 위한 pu단위 제어기 설계법]
   └ 학회: 대한전기학회 (IF: 0.39)"
4462,2023,전기전자공학,371826308,박종일,1,0.0,0.0,"[고조파원의 등가 전류원 모델 추정에 기반한 고조파 전류 기여도 평가]
   └ 학회: 대한전기학회 (IF: 0.39)"
4463,2023,전기전자공학,808227607,박창현,1,0.0,0.0,"[고조파원의 등가 전류원 모델 추정에 기반한 고조파 전류 기여도 평가]
   └ 학회: 대한전기학회 (IF: 0.39)"
4464,2023,전기전자공학,305464738,김동민,1,0.0,0.0,"[가변속 DFIM 시스템의 가상관성 모델링]
   └ 학회: 대한전기학회 (IF: 0.39)"
4465,2023,전기전자공학,816036748,Bernard Arhin,1,0.0,0.0,"[Cable Impedance Measurement and Verification Method]
   └ 학회: 대한전기학회 (IF: 0.39)"
4466,2023,전기전자공학,599267708,황현석,1,0.0,0.0,"[초고속차단기와 바이패스 사이리스터를 이용한 MMC의 DC-Link 고장전류 차단 방법]
   └ 학회: 대한전기학회 (IF: 0.39)"
4467,2023,전기전자공학,185729114,이수형,1,0.0,0.0,"[초고속차단기와 바이패스 사이리스터를 이용한 MMC의 DC-Link 고장전류 차단 방법]
   └ 학회: 대한전기학회 (IF: 0.39)"
4468,2023,전기전자공학,659539833,김충식,1,0.0,0.0,"[실시간 동적 송전용량 산정 시스템을 위한 가공 송전선 감시 시스템 개발]
   └ 학회: 대한전기학회 (IF: 0.39)"
4469,2023,전기전자공학,277678120,김영홍,1,0.0,0.0,"[실시간 동적 송전용량 산정 시스템을 위한 가공 송전선 감시 시스템 개발]
   └ 학회: 대한전기학회 (IF: 0.39)"
4470,2023,전기전자공학,136146125,금의연,1,0.0,0.0,"[실시간 동적 송전용량 산정 시스템을 위한 가공 송전선 감시 시스템 개발]
   └ 학회: 대한전기학회 (IF: 0.39)"
4471,2023,전기전자공학,969939180,최선규,1,0.0,0.0,"[22.9 kV 배전계통의 피뢰기 접지저항에 따른 섬락률 분석]
   └ 학회: 대한전기학회 (IF: 0.39)"
4472,2023,전기전자공학,643696166,권구영,1,0.0,0.0,"[반사파 계측법 기반의 케이블 전파 상수 추정 및 절연 성능 평가 기법]
   └ 학회: 대한전기학회 (IF: 0.39)"
4473,2023,전기전자공학,752626479,장승진,1,0.0,0.0,"[반사파 계측법 기반의 케이블 전파 상수 추정 및 절연 성능 평가 기법]
   └ 학회: 대한전기학회 (IF: 0.39)"
4474,2023,전기전자공학,422465430,이춘권,1,0.0,0.0,"[반사파 계측법 기반의 케이블 전파 상수 추정 및 절연 성능 평가 기법]
   └ 학회: 대한전기학회 (IF: 0.39)"
4475,2023,전기전자공학,587323782,정주영,1,0.0,0.0,"[커플링 매트릭스를 이용한 10단 Waveguide 필터의 설계 방법]
   └ 학회: 대한전기학회 (IF: 0.39)"
4476,2023,전기전자공학,378400785,강태훈,1,0.0,0.0,"[커플링 매트릭스를 이용한 10단 Waveguide 필터의 설계 방법]
   └ 학회: 대한전기학회 (IF: 0.39)"
4477,2023,전기전자공학,169684007,김성훈,1,0.0,0.0,"[유전체 장벽 방전 내 미세플라스틱 입자량에 따른 분해 특성]
   └ 학회: 대한전기학회 (IF: 0.39)"
4478,2023,전기전자공학,112454583,윤웅희,1,0.0,0.0,"[유전체 장벽 방전 내 미세플라스틱 입자량에 따른 분해 특성]
   └ 학회: 대한전기학회 (IF: 0.39)"
4479,2023,전기전자공학,528461225,김진규,1,0.0,0.0,"[유전체 장벽 방전 내 미세플라스틱 입자량에 따른 분해 특성]
   └ 학회: 대한전기학회 (IF: 0.39)"
4480,2023,전기전자공학,519825415,문양찬,1,0.0,0.0,"[에지 컴퓨팅 환경에서 사용자 시청 기록에 기반한 개인화된 동영상 프리페칭 메커니즘]
   └ 학회: 대한전기학회 (IF: 0.39)"
4481,2023,전기전자공학,246438206,Jung-Hoon Lee,1,0.0,0.0,"[A Proof of Utkin’s Theorem for ITSMC with Output Prediction of Second Order Uncertain Plants]
   └ 학회: 대한전기학회 (IF: 0.39)"
4482,2023,전기전자공학,380539469,김홍성,1,0.0,0.0,"[인공 신경망 예측기를 이용한 새로운 데이터 모델 기반 PV 어레이 고장 진단용 기준 신호 발생 방법]
   └ 학회: 대한전기학회 (IF: 0.39)"
4483,2023,전기전자공학,153873248,김유하,1,0.0,0.0,"[인공 신경망 예측기를 이용한 새로운 데이터 모델 기반 PV 어레이 고장 진단용 기준 신호 발생 방법]
   └ 학회: 대한전기학회 (IF: 0.39)"
4484,2023,전기전자공학,748733,최해용,1,0.0,0.0,"[인공 신경망 예측기를 이용한 새로운 데이터 모델 기반 PV 어레이 고장 진단용 기준 신호 발생 방법]
   └ 학회: 대한전기학회 (IF: 0.39)"
4485,2023,전기전자공학,469846730,이승요,1,0.0,0.0,"[인공 신경망 예측기를 이용한 새로운 데이터 모델 기반 PV 어레이 고장 진단용 기준 신호 발생 방법]
   └ 학회: 대한전기학회 (IF: 0.39)"
4486,2023,전기전자공학,175668701,김재영,1,0.0,0.0,"[도시철도차량 운영환경을 적용한 리튬배터리 SoC 고찰]
   └ 학회: 대한전기학회 (IF: 0.39)"
4487,2023,전기전자공학,347016478,문병민,1,0.0,0.0,"[도시철도차량 운영환경을 적용한 리튬배터리 SoC 고찰]
   └ 학회: 대한전기학회 (IF: 0.39)"
4488,2023,전기전자공학,763081601,권부석,1,0.0,0.0,"[궤도회로 경계 구간에서 S-bond 공진회로 특성에 관한 연구]
   └ 학회: 대한전기학회 (IF: 0.39)"
4489,2023,전기전자공학,710170714,박건원,1,0.0,0.0,"[FMECA를 이용한 선로전환기 시스템의 신뢰도 향상]
   └ 학회: 대한전기학회 (IF: 0.39)"
4490,2023,전기전자공학,529143494,이태훈,1,0.0,0.0,"[KTX-이음 철도차량용 진공인터럽터 축자계 전극의 설계 및 검증]
   └ 학회: 대한전기학회 (IF: 0.39)"
4491,2023,전기전자공학,100599256,주흥진,1,0.0,0.0,"[KTX-이음 철도차량용 진공인터럽터 축자계 전극의 설계 및 검증]
   └ 학회: 대한전기학회 (IF: 0.39)"
4492,2023,전기전자공학,661521833,한소연,1,0.0,0.0,"[Smart Grid 분산전력의 아크신호 고장분석을 위한 제안된 아크감지 방법]
   └ 학회: 대한전기학회 (IF: 0.39)"
4493,2023,전기전자공학,568243954,오윤식,1,0.0,0.0,"[분산전원 단독운전을 이용한 배전계통 정전복구 방식 연구동향]
   └ 학회: 대한전기학회 (IF: 0.39)"
4494,2023,전기전자공학,922768404,허훈,1,0.0,0.0,"[산불 예방을 위한 배전망 안전성 강화 노력]
   └ 학회: 대한전기학회 (IF: 0.39)"
4495,2023,전기전자공학,329904038,이상혁,1,0.0,0.0,"[넓은 출력전압을 가지는 전기자동차 초급속충전용 30kW 파워모듈 구현]
   └ 학회: 대한전기학회 (IF: 0.39)"
4496,2023,전기전자공학,204359363,박해찬,1,0.0,0.0,"[넓은 출력전압을 가지는 전기자동차 초급속충전용 30kW 파워모듈 구현]
   └ 학회: 대한전기학회 (IF: 0.39)"
4497,2023,전기전자공학,2129948,조영찬,1,0.0,0.0,"[넓은 출력전압을 가지는 전기자동차 초급속충전용 30kW 파워모듈 구현]
   └ 학회: 대한전기학회 (IF: 0.39)"
4498,2023,전기전자공학,712911200,이상택,1,0.0,0.0,"[넓은 출력전압을 가지는 전기자동차 초급속충전용 30kW 파워모듈 구현]
   └ 학회: 대한전기학회 (IF: 0.39)"
4499,2023,전기전자공학,195856013,전송민,1,0.0,0.0,"[경년변화에 따른 콘크리트 매입 기초접지극의 접지저항 특성분석]
   └ 학회: 대한전기학회 (IF: 0.39)"
4500,2023,전기전자공학,386643782,이창성,1,0.0,0.0,"[경년변화에 따른 콘크리트 매입 기초접지극의 접지저항 특성분석]
   └ 학회: 대한전기학회 (IF: 0.39)"
4501,2023,전기전자공학,697584448,우천희,1,0.0,0.0,"[상하수처리시스템용 현장제어반의 복합이상감시 기술 개발]
   └ 학회: 대한전기학회 (IF: 0.39)"
4502,2023,전기전자공학,2258882,오병찬,1,0.0,0.0,"[비상시 부하전환 능력 확보를 위한 배전계통 최적 계획 방안]
   └ 학회: 대한전기학회 (IF: 0.39)"
4503,2023,전기전자공학,499160488,김홍주,1,0.0,0.0,"[비상시 부하전환 능력 확보를 위한 배전계통 최적 계획 방안]
   └ 학회: 대한전기학회 (IF: 0.39)"
4504,2023,전기전자공학,437278054,이지원,1,0.0,0.0,"[비상시 부하전환 능력 확보를 위한 배전계통 최적 계획 방안]
   └ 학회: 대한전기학회 (IF: 0.39)"
4505,2023,전기전자공학,310620284,조진태,1,0.0,0.0,"[비상시 부하전환 능력 확보를 위한 배전계통 최적 계획 방안]
   └ 학회: 대한전기학회 (IF: 0.39)"
4506,2023,전기전자공학,795608602,장한상,1,0.0,0.0,"[PMSM의 고속 운전 제어 을 위한 증분형 제어기의 적용 검증]
   └ 학회: 대한전기학회 (IF: 0.39)"
4507,2023,전기전자공학,625995018,어진명,1,0.0,0.0,"[PMSM의 고속 운전 제어 을 위한 증분형 제어기의 적용 검증]
   └ 학회: 대한전기학회 (IF: 0.39)"
4508,2023,전기전자공학,219364378,박대전,1,0.0,0.0,"[태양광 발전시스템의 전력 생산 증대를 위한 Double Band 제어 방식의 적용 및 검증]
   └ 학회: 대한전기학회 (IF: 0.39)"
4509,2023,전기전자공학,1155742,박시현,1,0.0,0.0,"[OCR 및 Average Hash 기법을 사용한 이미지 기반 유해사이트 판별 방법]
   └ 학회: 대한전기학회 (IF: 0.39)"
4510,2023,전기전자공학,272261386,이광재,1,0.0,0.0,"[OCR 및 Average Hash 기법을 사용한 이미지 기반 유해사이트 판별 방법]
   └ 학회: 대한전기학회 (IF: 0.39)"
4511,2023,전기전자공학,728126898,최윤성,1,0.0,0.0,"[전력시스템 진동 해석을 위한 RMS 필터링 기반 Prony 분석 차수 선택]
   └ 학회: 대한전기학회 (IF: 0.39)"
4512,2023,전기전자공학,423066088,류신호,1,0.0,0.0,"[전력시스템 진동 해석을 위한 RMS 필터링 기반 Prony 분석 차수 선택]
   └ 학회: 대한전기학회 (IF: 0.39)"
4513,2023,전기전자공학,721674851,김성환,1,0.0,0.0,"[전력시스템 진동 해석을 위한 RMS 필터링 기반 Prony 분석 차수 선택]
   └ 학회: 대한전기학회 (IF: 0.39)"
4514,2023,전기전자공학,803291,이동호,1,0.0,0.0,"[전력시스템 진동 해석을 위한 RMS 필터링 기반 Prony 분석 차수 선택]
   └ 학회: 대한전기학회 (IF: 0.39)"
4515,2023,전기전자공학,5352144,최지웅,1,0.0,0.0,"[HVDC 운영 전략에 따른 제주 전력 계통의 출력제어 및 운영비용 분석]
   └ 학회: 대한전기학회 (IF: 0.39)"
4516,2023,전기전자공학,457234610,이호준,1,0.0,0.0,"[HVDC 운영 전략에 따른 제주 전력 계통의 출력제어 및 운영비용 분석]
   └ 학회: 대한전기학회 (IF: 0.39)"
4517,2023,전기전자공학,926867173,김현중,1,0.0,0.0,"[한국의 전력계통에서 재생에너지 보급확산에 대한 양수전원의 계통운영 효과 및 경제성 분석]
   └ 학회: 대한전기학회 (IF: 0.39)"
4518,2023,전기전자공학,508486407,오재영,1,0.0,0.0,"[한국의 전력계통에서 재생에너지 보급확산에 대한 양수전원의 계통운영 효과 및 경제성 분석]
   └ 학회: 대한전기학회 (IF: 0.39)"
4519,2023,전기전자공학,133700273,윤용태,1,0.0,0.0,"[한국의 전력계통에서 재생에너지 보급확산에 대한 양수전원의 계통운영 효과 및 경제성 분석]
   └ 학회: 대한전기학회 (IF: 0.39)"
4520,2023,전기전자공학,627122711,윤용범,1,0.0,0.0,"[한국의 전력계통에서 재생에너지 보급확산에 대한 양수전원의 계통운영 효과 및 경제성 분석]
   └ 학회: 대한전기학회 (IF: 0.39)"
4521,2023,전기전자공학,998650396,박상해,1,0.0,0.0,"[배터리 입력단에 전달되는 전도 노이즈 분석을 위한 단상 인버터의 고주파 회로 모델]
   └ 학회: 대한전기학회 (IF: 0.39)"
4522,2023,전기전자공학,688207798,원동호,1,0.0,0.0,"[스마트 인버터의 연계점 전압 안정화를 위한 Volt-VAR 및 Volt-Watt 결합 제어]
   └ 학회: 대한전기학회 (IF: 0.39)"
4523,2023,전기전자공학,826740671,Hoang-Long Dang,1,0.0,0.0,"[Internal State Estimation Method of Film Capacitors used in Three-Phase DC to AC Converters and Comparisons with Electrolytic Capacitors]
   └ 학회: 대한전기학회 (IF: 0.39)"
4524,2023,전기전자공학,893388266,성현모,1,0.0,0.0,"[전파 거리에 따른 신호의 감쇠와 분산이 고려된 순시 주파수 추정 알고리즘 및 장거리 전파용 반사파 계측법 시뮬레이터 개발]
   └ 학회: 대한전기학회 (IF: 0.39)"
4525,2023,전기전자공학,766579903,심연섭,1,0.0,0.0,"[전파 거리에 따른 신호의 감쇠와 분산이 고려된 순시 주파수 추정 알고리즘 및 장거리 전파용 반사파 계측법 시뮬레이터 개발]
   └ 학회: 대한전기학회 (IF: 0.39)"
4526,2023,전기전자공학,228880325,장승진,1,0.0,0.0,"[전파 거리에 따른 신호의 감쇠와 분산이 고려된 순시 주파수 추정 알고리즘 및 장거리 전파용 반사파 계측법 시뮬레이터 개발]
   └ 학회: 대한전기학회 (IF: 0.39)"
4527,2023,전기전자공학,1436157,김예지,1,0.0,0.0,"[기울기 기반 허프 변환을 이용한 실시간 차선 검출 시스템 설계]
   └ 학회: 대한전기학회 (IF: 0.39)"
4528,2023,전기전자공학,405678527,공민성,1,0.0,0.0,"[기울기 기반 허프 변환을 이용한 실시간 차선 검출 시스템 설계]
   └ 학회: 대한전기학회 (IF: 0.39)"
4529,2023,전기전자공학,978275482,김현욱,1,0.0,0.0,"[한글 모음 및 표정 변화에 따른 안면 분석 시스템]
   └ 학회: 대한전기학회 (IF: 0.39)"
4530,2023,전기전자공학,179640115,오용국,1,0.0,0.0,"[하이브리드 철도차량의 ECMS 기반 소비에너지 최적화 연구]
   └ 학회: 대한전기학회 (IF: 0.39)"
4531,2023,전기전자공학,102803606,류준형,1,0.0,0.0,"[하이브리드 철도차량의 ECMS 기반 소비에너지 최적화 연구]
   └ 학회: 대한전기학회 (IF: 0.39)"
4532,2023,전기전자공학,409075226,이형철,1,0.0,0.0,"[하이브리드 철도차량의 ECMS 기반 소비에너지 최적화 연구]
   └ 학회: 대한전기학회 (IF: 0.39)"
4533,2023,전기전자공학,426327558,이성구,1,0.0,0.0,"[영구자석 착자를 위한 자기장 생성기술]
   └ 학회: 대한전기학회 (IF: 0.39)"
4534,2023,전기전자공학,298647647,김동환,1,0.0,0.0,"[희토자석 기술자립화에 의한 탈중국 공급망 형성 전망]
   └ 학회: 대한전기학회 (IF: 0.39)"
4535,2023,전기전자공학,609504989,이성호,1,0.0,0.0,"[양산용 영구자석 전동기의 착자 및 검사기술]
   └ 학회: 대한전기학회 (IF: 0.39)"
4536,2023,전기전자공학,535366901,김화성,1,0.0,0.0,"[초고온열분해를 이용한 수소생산]
   └ 학회: 대한전기학회 (IF: 0.39)"
4537,2023,전기전자공학,834743118,정기헌,1,0.0,0.0,"[전기차 발열 유리의 기능 신뢰성 확보를 위한 3레그 2상 인버터의 허용제어]
   └ 학회: 대한전기학회 (IF: 0.39)"
4538,2023,전기전자공학,471125455,이형우,1,0.0,0.0,"[전기차 발열 유리의 기능 신뢰성 확보를 위한 3레그 2상 인버터의 허용제어]
   └ 학회: 대한전기학회 (IF: 0.39)"
4539,2023,전기전자공학,285370802,한성희,1,0.0,0.0,"[0.1 μm GaAs pHEMT 공정을 활용한 W-대역 구동 및 전력 증폭기]
   └ 학회: 대한전기학회 (IF: 0.39)"
4540,2023,전기전자공학,73756,김동욱,1,0.0,0.0,"[0.1 μm GaAs pHEMT 공정을 활용한 W-대역 구동 및 전력 증폭기]
   └ 학회: 대한전기학회 (IF: 0.39)"
4541,2023,전기전자공학,729037254,정우열,1,0.0,0.0,"[딥 러닝을 이용한 영상 디블러링을 위한 새로운 U-Net]
   └ 학회: 대한전기학회 (IF: 0.39)"
4542,2023,전기전자공학,5532128,김성주,1,0.0,0.0,"[딥 러닝을 이용한 영상 디블러링을 위한 새로운 U-Net]
   └ 학회: 대한전기학회 (IF: 0.39)"
4543,2023,전기전자공학,862465618,이창우,1,0.0,0.0,"[딥 러닝을 이용한 영상 디블러링을 위한 새로운 U-Net]
   └ 학회: 대한전기학회 (IF: 0.39)"
4544,2023,전기전자공학,5486694,정도진,1,0.0,0.0,"[0.5 Nm 토크를 생성하는 소형 가위쌍 CMG 구동기 설계 및 구현]
   └ 학회: 대한전기학회 (IF: 0.39)"
4545,2023,전기전자공학,787393847,서기덕,1,0.0,0.0,"[Disparity Calibration을 이용한 실시간 스테레오 비전 시스템 설계]
   └ 학회: 대한전기학회 (IF: 0.39)"
4546,2023,전기전자공학,201824533,임준범,1,0.0,0.0,"[Disparity Calibration을 이용한 실시간 스테레오 비전 시스템 설계]
   └ 학회: 대한전기학회 (IF: 0.39)"
4547,2023,전기전자공학,303681874,정승하,1,0.0,0.0,"[Disparity Calibration을 이용한 실시간 스테레오 비전 시스템 설계]
   └ 학회: 대한전기학회 (IF: 0.39)"
4548,2023,전기전자공학,479949351,백현일,1,0.0,0.0,"[효율적인 군용차량 운용을 위한 하이브리드 시스템 적용에 관한 연구]
   └ 학회: 대한전기학회 (IF: 0.39)"
4549,2023,전기전자공학,982462325,한상태,1,0.0,0.0,"[효율적인 군용차량 운용을 위한 하이브리드 시스템 적용에 관한 연구]
   └ 학회: 대한전기학회 (IF: 0.39)"
4550,2023,전기전자공학,664672537,유제호,1,0.0,0.0,"[발전기 동기투입시간 단축을 위한 제어 신호 최적화 알고리즘에 관한 연구]
   └ 학회: 대한전기학회 (IF: 0.39)"
4551,2023,전기전자공학,444014284,이준석,1,0.0,0.0,"[발전기 동기투입시간 단축을 위한 제어 신호 최적화 알고리즘에 관한 연구]
   └ 학회: 대한전기학회 (IF: 0.39)"
4552,2023,전기전자공학,558917544,위영민,1,0.0,0.0,"[발전기 동기투입시간 단축을 위한 제어 신호 최적화 알고리즘에 관한 연구]
   └ 학회: 대한전기학회 (IF: 0.39)"
4553,2023,전기전자공학,860893840,조수환,1,0.0,0.0,"[발전기 동기투입시간 단축을 위한 제어 신호 최적화 알고리즘에 관한 연구]
   └ 학회: 대한전기학회 (IF: 0.39)"
4554,2023,전기전자공학,191795510,연진욱,1,0.0,0.0,"[온도 보상 과충전 보호 간접 측정 회로]
   └ 학회: 대한전기학회 (IF: 0.39)"
4555,2023,전기전자공학,117076301,오인열,1,0.0,0.0,"[온도 보상 과충전 보호 간접 측정 회로]
   └ 학회: 대한전기학회 (IF: 0.39)"
4556,2023,전기전자공학,935092750,박민상,1,0.0,0.0,"[플라즈마 진단을 위한 VI Sensor]
   └ 학회: 대한전기학회 (IF: 0.39)"
4557,2023,전기전자공학,909375108,Soon-Sinl Lee,1,0.0,0.0,"[플라즈마 진단을 위한 VI Sensor]
   └ 학회: 대한전기학회 (IF: 0.39)"
4558,2023,전기전자공학,384393986,차현우,1,0.0,0.0,"[초음파 진동자를 이용한 초음파 에너지 측정 방법의 연구]
   └ 학회: 대한전기학회 (IF: 0.39)"
4559,2023,전기전자공학,988683963,장경배,1,0.0,0.0,"[초음파 진동자를 이용한 초음파 에너지 측정 방법의 연구]
   └ 학회: 대한전기학회 (IF: 0.39)"
4560,2023,전기전자공학,692179529,후지야마 유우스케,1,0.0,0.0,"[3 자유도 Stewart Platform과 LW-RCP를 이용한 Ball and Plate 시스템 구현에 관한 연구]
   └ 학회: 대한전기학회 (IF: 0.39)"
4561,2023,전기전자공학,4603548,김민수,1,0.0,0.0,"[충돌 회피를 위한 전방향 모바일 매니퓰레이터의 최적 궤적 계획]
   └ 학회: 대한전기학회 (IF: 0.39)"
4562,2023,전기전자공학,817377263,성영휘,1,0.0,0.0,"[충돌 회피를 위한 전방향 모바일 매니퓰레이터의 최적 궤적 계획]
   └ 학회: 대한전기학회 (IF: 0.39)"
4563,2023,전기전자공학,654753815,김민욱,1,0.0,0.0,"[컨테이너 운반선의 운항 데이터를 활용한 하이브리드 선박의 연료 저감 효과 연구]
   └ 학회: 대한전기학회 (IF: 0.39)"
4564,2023,전기전자공학,779118199,전경원,1,0.0,0.0,"[컨테이너 운반선의 운항 데이터를 활용한 하이브리드 선박의 연료 저감 효과 연구]
   └ 학회: 대한전기학회 (IF: 0.39)"
4565,2023,전기전자공학,866600000,이대종,1,0.0,0.0,"[LTE Cat M1 무선모듈을 이용한 태양광 발전 설비 원격 모니터링 시스템 개발]
   └ 학회: 대한전기학회 (IF: 0.39)"
4566,2023,전기전자공학,140302131,전명근,1,0.0,0.0,"[LTE Cat M1 무선모듈을 이용한 태양광 발전 설비 원격 모니터링 시스템 개발]
   └ 학회: 대한전기학회 (IF: 0.39)"
4567,2023,전기전자공학,430249394,전영신,1,0.0,0.0,"[수도권 열제약 발전의 전력계통 안정도에 대한 영향 검토]
   └ 학회: 대한전기학회 (IF: 0.39)"
4568,2023,전기전자공학,350730910,김길동,1,0.0,0.0,"[철도차량용 3-level ANPC 인버터의 DC 커패시터 고장 진단을 위한 ESR 측정 방안의 적용 효과 연구]
   └ 학회: 대한전기학회 (IF: 0.39)"
4569,2023,전기전자공학,508000616,이건복,1,0.0,0.0,"[철도차량용 3-level ANPC 인버터의 DC 커패시터 고장 진단을 위한 ESR 측정 방안의 적용 효과 연구]
   └ 학회: 대한전기학회 (IF: 0.39)"
4570,2023,전기전자공학,3478750,박성민,1,0.0,0.0,"[CVM을 이용한 교통망 HVDC 지중 송전선로 기술 도입에 따른 경제적 가치 추정에 관한 연구]
   └ 학회: 대한전기학회 (IF: 0.39)"
4571,2023,전기전자공학,214470938,김재현,1,0.0,0.0,"[CVM을 이용한 교통망 HVDC 지중 송전선로 기술 도입에 따른 경제적 가치 추정에 관한 연구]
   └ 학회: 대한전기학회 (IF: 0.39)"
4572,2023,전기전자공학,680152304,전혜련,1,0.0,0.0,"[재생에너지 수용 시 폐지 발전기의 동기조상기 전환에 대한 영향성 분석]
   └ 학회: 대한전기학회 (IF: 0.39)"
4573,2023,전기전자공학,724355759,유재현,1,0.0,0.0,"[다양한 분산형전원과 분산형전원 연계 조건을 고려한 배전계통 해석 장치 개발]
   └ 학회: 대한전기학회 (IF: 0.39)"
4574,2023,전기전자공학,724540419,최승연,1,0.0,0.0,"[다양한 분산형전원과 분산형전원 연계 조건을 고려한 배전계통 해석 장치 개발]
   └ 학회: 대한전기학회 (IF: 0.39)"
4575,2023,전기전자공학,976634881,이성희,1,0.0,0.0,"[인공지능 기반 통계적 방법을 이용한 국내 단기 REC 현물시장 가격 예측]
   └ 학회: 대한전기학회 (IF: 0.39)"
4576,2023,전기전자공학,777399297,이우남,1,0.0,0.0,"[인공지능 기반 통계적 방법을 이용한 국내 단기 REC 현물시장 가격 예측]
   └ 학회: 대한전기학회 (IF: 0.39)"
4577,2023,전기전자공학,5083882,심상우,1,0.0,0.0,"[인공지능 기반 통계적 방법을 이용한 국내 단기 REC 현물시장 가격 예측]
   └ 학회: 대한전기학회 (IF: 0.39)"
4578,2023,전기전자공학,283636103,원종집,1,0.0,0.0,"[인공지능 기반 통계적 방법을 이용한 국내 단기 REC 현물시장 가격 예측]
   └ 학회: 대한전기학회 (IF: 0.39)"
4579,2023,전기전자공학,2258980,양유정,1,0.0,0.0,"[인공지능 기반 통계적 방법을 이용한 국내 단기 REC 현물시장 가격 예측]
   └ 학회: 대한전기학회 (IF: 0.39)"
4580,2023,전기전자공학,692318151,김도인,1,0.0,0.0,"[다중채널 CNN-LSTM 및 웨이브렛 이미지 기반 전력계통 이벤트 분류]
   └ 학회: 대한전기학회 (IF: 0.39)"
4581,2023,전기전자공학,365827546,박소진,1,0.0,0.0,"[DTW-클러스터링 기반 순수요 패턴 생성을 이용한 관성 제약 기동정지계획]
   └ 학회: 대한전기학회 (IF: 0.39)"
4582,2023,전기전자공학,831584124,류호선,1,0.0,0.0,"[도서지역 전력계통의 주파수 안정도 개선을 위한 가상동기기 기술 현장 적용]
   └ 학회: 대한전기학회 (IF: 0.39)"
4583,2023,전기전자공학,121196159,이경규,1,0.0,0.0,"[도서지역 전력계통의 주파수 안정도 개선을 위한 가상동기기 기술 현장 적용]
   └ 학회: 대한전기학회 (IF: 0.39)"
4584,2023,전기전자공학,550281500,허건,1,0.0,0.0,"[도서지역 전력계통의 주파수 안정도 개선을 위한 가상동기기 기술 현장 적용]
   └ 학회: 대한전기학회 (IF: 0.39)"
4585,2023,전기전자공학,231538311,박용순,1,0.0,0.0,"[도서지역 전력계통의 주파수 안정도 개선을 위한 가상동기기 기술 현장 적용]
   └ 학회: 대한전기학회 (IF: 0.39)"
4586,2023,전기전자공학,426625933,최나모,1,0.0,0.0,"[극피치가 다른 영구자석 선형동기전동기의 공극에 따른 추력 변화 비율 분석]
   └ 학회: 대한전기학회 (IF: 0.39)"
4587,2023,전기전자공학,309074828,원요섭,1,0.0,0.0,"[극피치가 다른 영구자석 선형동기전동기의 공극에 따른 추력 변화 비율 분석]
   └ 학회: 대한전기학회 (IF: 0.39)"
4588,2023,전기전자공학,863386834,김성일,1,0.0,0.0,"[극피치가 다른 영구자석 선형동기전동기의 공극에 따른 추력 변화 비율 분석]
   └ 학회: 대한전기학회 (IF: 0.39)"
4589,2023,전기전자공학,613134171,최형진,1,0.0,0.0,"[배전반 에너지 하베스팅을 위한 Quadratic Boost 컨버터의 스위칭 손실 저감에 관한 연구]
   └ 학회: 대한전기학회 (IF: 0.39)"
4590,2023,전기전자공학,256363057,방정율,1,0.0,0.0,"[수소 연료 전지 기관차용 Partial Power DC-DC 컨버터 설계 및 검증]
   └ 학회: 대한전기학회 (IF: 0.39)"
4591,2023,전기전자공학,786511,최동호,1,0.0,0.0,"[수소 연료 전지 기관차용 Partial Power DC-DC 컨버터 설계 및 검증]
   └ 학회: 대한전기학회 (IF: 0.39)"
4592,2023,전기전자공학,622071044,최광식,1,0.0,0.0,"[IEC60270 규격에 따른 직류부분방전 측정 장치용 임펄스 잡음 제거 기술]
   └ 학회: 대한전기학회 (IF: 0.39)"
4593,2023,전기전자공학,266172531,조재철,1,0.0,0.0,"[IEC60270 규격에 따른 직류부분방전 측정 장치용 임펄스 잡음 제거 기술]
   └ 학회: 대한전기학회 (IF: 0.39)"
4594,2023,전기전자공학,817802541,이창열,1,0.0,0.0,"[ADMM 기반 유도탄 통합 유도 조종 알고리듬의 GPU를 통한 연산 가속화]
   └ 학회: 대한전기학회 (IF: 0.39)"
4595,2023,전기전자공학,338362522,권혁훈,1,0.0,0.0,"[ADMM 기반 유도탄 통합 유도 조종 알고리듬의 GPU를 통한 연산 가속화]
   └ 학회: 대한전기학회 (IF: 0.39)"
4596,2023,전기전자공학,344586447,김한수,1,0.0,0.0,"[직류 전기철도에서의 회생인버터 계통연계 시 전력품질 특성분석]
   └ 학회: 대한전기학회 (IF: 0.39)"
4597,2023,전기전자공학,913074629,김말수,1,0.0,0.0,"[직류 전기철도에서의 회생인버터 계통연계 시 전력품질 특성분석]
   └ 학회: 대한전기학회 (IF: 0.39)"
4598,2023,전기전자공학,843040944,홍석진,1,0.0,0.0,"[철도 급전용 Power Cables 임피던스 계산 방법에 관한 연구]
   └ 학회: 대한전기학회 (IF: 0.39)"
4599,2023,전기전자공학,545125726,김시환,1,0.0,0.0,"[HILS 기반 제주 HVDC 제어 성능 분석 플랫폼 개발 동향]
   └ 학회: 대한전기학회 (IF: 0.39)"
4600,2023,전기전자공학,218198316,박병건,1,0.0,0.0,"[MV급 대용량 전동기 구동용 모듈러 멀티레벨 컨버터 기술]
   └ 학회: 대한전기학회 (IF: 0.39)"
4601,2023,전기전자공학,355034067,이원석,1,0.0,0.0,"[전기화학 센서 기술 동향]
   └ 학회: 대한전기학회 (IF: 0.39)"
4602,2023,전기전자공학,231565694,양성진,1,0.0,0.0,"[전동기 열관리 기술 동향 및 개발 사례]
   └ 학회: 대한전기학회 (IF: 0.39)"
4603,2023,전기전자공학,455083799,서정무,1,0.0,0.0,"[전동기 열관리 기술 동향 및 개발 사례]
   └ 학회: 대한전기학회 (IF: 0.39)"
4604,2023,전기전자공학,393573425,김한성,1,0.0,0.0,"[스마트 로봇툴 및 멀티협동로봇 시스템 개발 사례]
   └ 학회: 대한전기학회 (IF: 0.39)"
4605,2023,전기전자공학,225366816,김무림,1,0.0,0.0,"[재난 안전 로봇 기술 동향]
   └ 학회: 대한전기학회 (IF: 0.39)"
4606,2023,전기전자공학,198533017,윤인식,1,0.0,0.0,"[1차 데드비트 토크 관측기를 이용한 IPMSM에 연결된 베어링 고장 진단 방법에 대한 연구]
   └ 학회: 대한전기학회 (IF: 0.39)"
4607,2023,전기전자공학,908855914,배홍주,1,0.0,0.0,"[1차 데드비트 토크 관측기를 이용한 IPMSM에 연결된 베어링 고장 진단 방법에 대한 연구]
   └ 학회: 대한전기학회 (IF: 0.39)"
4608,2023,전기전자공학,829885444,김승택,1,0.0,0.0,"[1차 데드비트 토크 관측기를 이용한 IPMSM에 연결된 베어링 고장 진단 방법에 대한 연구]
   └ 학회: 대한전기학회 (IF: 0.39)"
4609,2023,전기전자공학,840289670,오귀운,1,0.0,0.0,"[1차 데드비트 토크 관측기를 이용한 IPMSM에 연결된 베어링 고장 진단 방법에 대한 연구]
   └ 학회: 대한전기학회 (IF: 0.39)"
4610,2023,전기전자공학,319969069,고종선,1,0.0,0.0,"[1차 데드비트 토크 관측기를 이용한 IPMSM에 연결된 베어링 고장 진단 방법에 대한 연구]
   └ 학회: 대한전기학회 (IF: 0.39)"
4611,2023,전기전자공학,210464955,김동욱,1,0.0,0.0,"[독립전원 기반 소형 선박의 초음파 방오 시스템 전원 공급용 500W급 컨버터에 관한 연구]
   └ 학회: 대한전기학회 (IF: 0.39)"
4612,2023,전기전자공학,457273197,김배성,1,0.0,0.0,"[독립전원 기반 소형 선박의 초음파 방오 시스템 전원 공급용 500W급 컨버터에 관한 연구]
   └ 학회: 대한전기학회 (IF: 0.39)"
4613,2023,전기전자공학,123571888,신덕식,1,0.0,0.0,"[독립전원 기반 소형 선박의 초음파 방오 시스템 전원 공급용 500W급 컨버터에 관한 연구]
   └ 학회: 대한전기학회 (IF: 0.39)"
4614,2023,전기전자공학,609111167,왕태희,1,0.0,0.0,"[유체 시뮬레이션을 통한 O₂를 추가한 Ar/CF₄ 플라즈마 분석]
   └ 학회: 대한전기학회 (IF: 0.39)"
4615,2023,전기전자공학,334323531,Jung-Hoon Lee,1,0.0,0.0,"[Further Studies of A Proof of Utkin""s Theorem for ITSMC of Second Order Uncertain Plants]
   └ 학회: 대한전기학회 (IF: 0.39)"
4616,2023,전기전자공학,73009,김영선,1,0.0,0.0,"[전기철도 급전선용 원격감시제어장치의 자가전원 충전회로 설계]
   └ 학회: 대한전기학회 (IF: 0.39)"
4617,2023,전기전자공학,844227696,오완식,1,0.0,0.0,"[철도시설 성능평가 데이터 자동화 구현을 위한 논리ERD 개발]
   └ 학회: 대한전기학회 (IF: 0.39)"
4618,2023,전기전자공학,897539892,권정윤,1,0.0,0.0,"[철도시설 성능평가 데이터 자동화 구현을 위한 논리ERD 개발]
   └ 학회: 대한전기학회 (IF: 0.39)"
4619,2023,전기전자공학,818361276,김종운,1,0.0,0.0,"[철도시설 성능평가 데이터 자동화 구현을 위한 논리ERD 개발]
   └ 학회: 대한전기학회 (IF: 0.39)"
4620,2023,전기전자공학,571873153,이은규,1,0.0,0.0,"[철도 상태기반 전동차 에너지 특성 분석 연구]
   └ 학회: 대한전기학회 (IF: 0.39)"
4621,2023,전기전자공학,758206063,김정태,1,0.0,0.0,"[철도 상태기반 전동차 에너지 특성 분석 연구]
   └ 학회: 대한전기학회 (IF: 0.39)"
4622,2023,전기전자공학,218814816,원선묵,1,0.0,0.0,"[직류 도시철도 전압 제어에 따른 변전소 전력효율 향상 연구]
   └ 학회: 대한전기학회 (IF: 0.39)"
4623,2023,전기전자공학,854191175,오완식,1,0.0,0.0,"[고속철도 전차선로 부품의 3D CAD 파일 제작 사례 분석]
   └ 학회: 대한전기학회 (IF: 0.39)"
4624,2023,전기전자공학,156945958,성동일,1,0.0,0.0,"[고속철도 전차선로 부품의 3D CAD 파일 제작 사례 분석]
   └ 학회: 대한전기학회 (IF: 0.39)"
4625,2023,전기전자공학,637548284,류경현,1,0.0,0.0,"[고속철도 전차선로 부품의 3D CAD 파일 제작 사례 분석]
   └ 학회: 대한전기학회 (IF: 0.39)"
4626,2023,전기전자공학,487487480,김시현,1,0.0,0.0,"[열화에 따른 바리스터의 고조파 및 비선형 특성에 관한 연구]
   └ 학회: 대한전기학회 (IF: 0.39)"
4627,2023,전기전자공학,685996242,강신동,1,0.0,0.0,"[열화에 따른 바리스터의 고조파 및 비선형 특성에 관한 연구]
   └ 학회: 대한전기학회 (IF: 0.39)"
4628,2023,전기전자공학,583983852,김재호,1,0.0,0.0,"[열화에 따른 바리스터의 고조파 및 비선형 특성에 관한 연구]
   └ 학회: 대한전기학회 (IF: 0.39)"
4629,2023,전기전자공학,976750616,곽동걸,1,0.0,0.0,"[노이즈 학습 알고리즘을 적용한 아크검출 장치에 관한 연구]
   └ 학회: 대한전기학회 (IF: 0.39)"
4630,2023,전기전자공학,812295721,정민상,1,0.0,0.0,"[노이즈 학습 알고리즘을 적용한 아크검출 장치에 관한 연구]
   └ 학회: 대한전기학회 (IF: 0.39)"
4631,2023,전기전자공학,879045295,백원종,1,0.0,0.0,"[노이즈 학습 알고리즘을 적용한 아크검출 장치에 관한 연구]
   └ 학회: 대한전기학회 (IF: 0.39)"
4632,2023,전기전자공학,2214034,류진규,1,0.0,0.0,"[노이즈 학습 알고리즘을 적용한 아크검출 장치에 관한 연구]
   └ 학회: 대한전기학회 (IF: 0.39)"
4633,2023,전기전자공학,179310912,박태용,1,0.0,0.0,"[고속철도차량 제어카드 회로 개선을 통한 트리포드 고장 검지 신뢰성 향상에 관한 연구]
   └ 학회: 대한전기학회 (IF: 0.39)"
4634,2023,전기전자공학,197869308,이현구,1,0.0,0.0,"[전기기관차 고장사례를 통한 인쇄회로기판 품질향상 방안 고찰]
   └ 학회: 대한전기학회 (IF: 0.39)"
4635,2023,전기전자공학,773483406,김광원,1,0.0,0.0,"[계시별 요금제에서 공장의 부하계획을 위한 혼합 정수계획법 모형]
   └ 학회: 대한전기학회 (IF: 0.39)"
4636,2023,전기전자공학,610220893,변범석,1,0.0,0.0,"[기어비 변환을 고려한 마그네틱 기어의 전자석 자화 방향에 따른 영구자석 적용]
   └ 학회: 대한전기학회 (IF: 0.39)"
4637,2023,전기전자공학,5431124,박의종,1,0.0,0.0,"[기어비 변환을 고려한 마그네틱 기어의 전자석 자화 방향에 따른 영구자석 적용]
   └ 학회: 대한전기학회 (IF: 0.39)"
4638,2023,전기전자공학,794485854,김용재,1,0.0,0.0,"[기어비 변환을 고려한 마그네틱 기어의 전자석 자화 방향에 따른 영구자석 적용]
   └ 학회: 대한전기학회 (IF: 0.39)"
4639,2023,전기전자공학,738032098,이상혁,1,0.0,0.0,"[추출된 파라미터 기반의 확장칼만필터를 이용한 리튬인산철 배터리의 SOC추정]
   └ 학회: 대한전기학회 (IF: 0.39)"
4640,2023,전기전자공학,133753741,이정훈,1,0.0,0.0,"[LED 실내 조명 시스템을 위한 새로운 열간 전류 평형 회로]
   └ 학회: 대한전기학회 (IF: 0.39)"
4641,2023,전기전자공학,995798506,유재곤,1,0.0,0.0,"[LED 실내 조명 시스템을 위한 새로운 열간 전류 평형 회로]
   └ 학회: 대한전기학회 (IF: 0.39)"
4642,2023,전기전자공학,178397184,노수진,1,0.0,0.0,"[2MW급 완전공심형 초전도 전동기 설계 및 특성 비교]
   └ 학회: 대한전기학회 (IF: 0.39)"
4643,2023,전기전자공학,212183330,신경훈,1,0.0,0.0,"[2MW급 완전공심형 초전도 전동기 설계 및 특성 비교]
   └ 학회: 대한전기학회 (IF: 0.39)"
4644,2023,전기전자공학,951551965,방태경,1,0.0,0.0,"[2MW급 완전공심형 초전도 전동기 설계 및 특성 비교]
   └ 학회: 대한전기학회 (IF: 0.39)"
4645,2023,전기전자공학,707875359,조한욱,1,0.0,0.0,"[2MW급 완전공심형 초전도 전동기 설계 및 특성 비교]
   └ 학회: 대한전기학회 (IF: 0.39)"
4646,2023,전기전자공학,358668997,하민우,1,0.0,0.0,"[X7R 적층 세라믹 커패시터의 유전 흡수]
   └ 학회: 대한전기학회 (IF: 0.39)"
4647,2023,전기전자공학,308746945,공소정,1,0.0,0.0,"[X7R 적층 세라믹 커패시터의 유전 흡수]
   └ 학회: 대한전기학회 (IF: 0.39)"
4648,2023,전기전자공학,707071399,이준영,1,0.0,0.0,"[X7R 적층 세라믹 커패시터의 유전 흡수]
   └ 학회: 대한전기학회 (IF: 0.39)"
4649,2023,전기전자공학,947206420,김민기,1,0.0,0.0,"[X7R 적층 세라믹 커패시터의 유전 흡수]
   └ 학회: 대한전기학회 (IF: 0.39)"
4650,2023,전기전자공학,214911192,석오균,1,0.0,0.0,"[X7R 적층 세라믹 커패시터의 유전 흡수]
   └ 학회: 대한전기학회 (IF: 0.39)"
4651,2023,전기전자공학,154554448,호종갑,1,0.0,0.0,"[1D CNN을 이용한 보행 중 족저압 데이터 기반의 보폭 추정]
   └ 학회: 대한전기학회 (IF: 0.39)"
4652,2023,전기전자공학,803906506,정아현,1,0.0,0.0,"[1D CNN을 이용한 보행 중 족저압 데이터 기반의 보폭 추정]
   └ 학회: 대한전기학회 (IF: 0.39)"
4653,2023,전기전자공학,510644923,최지희,1,0.0,0.0,"[1D CNN을 이용한 보행 중 족저압 데이터 기반의 보폭 추정]
   └ 학회: 대한전기학회 (IF: 0.39)"
4654,2023,전기전자공학,239105631,임하민,1,0.0,0.0,"[가속도 센서 기반 일상생활 활동 군집 특징 분석]
   └ 학회: 대한전기학회 (IF: 0.39)"
4655,2023,전기전자공학,783641849,이수연,1,0.0,0.0,"[외부 압력에 대한 혈관 팽창 특성을 활용한 커프리스 동맥압 추정에 관한 연구]
   └ 학회: 대한전기학회 (IF: 0.39)"
4656,2023,전기전자공학,836901410,문종민,1,0.0,0.0,"[외부 압력에 대한 혈관 팽창 특성을 활용한 커프리스 동맥압 추정에 관한 연구]
   └ 학회: 대한전기학회 (IF: 0.39)"
4657,2023,전기전자공학,972713315,이상엽,1,0.0,0.0,"[외부 압력에 대한 혈관 팽창 특성을 활용한 커프리스 동맥압 추정에 관한 연구]
   └ 학회: 대한전기학회 (IF: 0.39)"
4658,2023,전기전자공학,815736301,윤종서,1,0.0,0.0,"[외부 압력에 대한 혈관 팽창 특성을 활용한 커프리스 동맥압 추정에 관한 연구]
   └ 학회: 대한전기학회 (IF: 0.39)"
4659,2023,전기전자공학,527340281,이진수,1,0.0,0.0,"[외부 압력에 대한 혈관 팽창 특성을 활용한 커프리스 동맥압 추정에 관한 연구]
   └ 학회: 대한전기학회 (IF: 0.39)"
4660,2023,전기전자공학,953141175,이정은,1,0.0,0.0,"[외부 압력에 대한 혈관 팽창 특성을 활용한 커프리스 동맥압 추정에 관한 연구]
   └ 학회: 대한전기학회 (IF: 0.39)"
4661,2023,전기전자공학,499145463,이정환,1,0.0,0.0,"[외부 압력에 대한 혈관 팽창 특성을 활용한 커프리스 동맥압 추정에 관한 연구]
   └ 학회: 대한전기학회 (IF: 0.39)"
4662,2023,전기전자공학,706205532,이현영,1,0.0,0.0,"[IMU 센서를 활용한 신발 종류별 장애물에 따른 발 높이 평가 예비 연구]
   └ 학회: 대한전기학회 (IF: 0.39)"
4663,2023,전기전자공학,720347252,이경은,1,0.0,0.0,"[IMU 센서를 활용한 신발 종류별 장애물에 따른 발 높이 평가 예비 연구]
   └ 학회: 대한전기학회 (IF: 0.39)"
4664,2023,전기전자공학,266128900,김훈,1,0.0,0.0,"[IMU 센서를 활용한 신발 종류별 장애물에 따른 발 높이 평가 예비 연구]
   └ 학회: 대한전기학회 (IF: 0.39)"
4665,2023,전기전자공학,728027592,김영,1,0.0,0.0,"[IMU 센서를 활용한 신발 종류별 장애물에 따른 발 높이 평가 예비 연구]
   └ 학회: 대한전기학회 (IF: 0.39)"
4666,2023,전기전자공학,204020083,박정수,1,0.0,0.0,"[저압 직류배전 수용가에서의 인체감전 보호를 위한 직류 누전차단기에 관한 연구]
   └ 학회: 대한전기학회 (IF: 0.39)"
4667,2023,전기전자공학,119436604,최유림,1,0.0,0.0,"[저압 직류배전 수용가에서의 인체감전 보호를 위한 직류 누전차단기에 관한 연구]
   └ 학회: 대한전기학회 (IF: 0.39)"
4668,2023,전기전자공학,704732711,이진식,1,0.0,0.0,"[22.9kV CN-CV 케이블 단말 결함에 대한 부분방전 특성 분석]
   └ 학회: 대한전기학회 (IF: 0.39)"
4669,2023,전기전자공학,796335941,박중성,1,0.0,0.0,"[실계통 적용을 위한 배전계통운영자의 가상발전소 관제기술]
   └ 학회: 대한전기학회 (IF: 0.39)"
4670,2023,전기전자공학,977890131,김발호,1,0.0,0.0,"[실계통 적용을 위한 배전계통운영자의 가상발전소 관제기술]
   └ 학회: 대한전기학회 (IF: 0.39)"
4671,2023,전기전자공학,477963548,조호령,1,0.0,0.0,"[비상복구용 경량 전철주 개발 및 적용방안 연구]
   └ 학회: 대한전기학회 (IF: 0.39)"
4672,2023,전기전자공학,799550289,남한석,1,0.0,0.0,"[비상복구용 경량 전철주 개발 및 적용방안 연구]
   └ 학회: 대한전기학회 (IF: 0.39)"
4673,2023,전기전자공학,669081871,김종남,1,0.0,0.0,"[비상복구용 경량 전철주 개발 및 적용방안 연구]
   └ 학회: 대한전기학회 (IF: 0.39)"
4674,2023,전기전자공학,692730487,유홍국,1,0.0,0.0,"[비상복구용 경량 전철주 개발 및 적용방안 연구]
   └ 학회: 대한전기학회 (IF: 0.39)"
4675,2023,전기전자공학,488766121,나영재,1,0.0,0.0,"[비상복구용 경량 전철주 개발 및 적용방안 연구]
   └ 학회: 대한전기학회 (IF: 0.39)"
4676,2023,전기전자공학,322041798,강병욱,1,0.0,0.0,"[페트리네트를 이용한 철도신호 연동논리 모델링에 관한 연구]
   └ 학회: 대한전기학회 (IF: 0.39)"
4677,2023,전기전자공학,876292373,김효상,1,0.0,0.0,"[고속열차 정위치 정차를 위한 레이저 센서 적용성 평가]
   └ 학회: 대한전기학회 (IF: 0.39)"
4678,2023,전기전자공학,535942693,김시혁,1,0.0,0.0,"[유해가스 감지를 위한 반도체식 가스 센서 기술 동향]
   └ 학회: 대한전기학회 (IF: 0.39)"
4679,2023,전기전자공학,238737019,전일,1,0.0,0.0,"[유해가스 감지를 위한 반도체식 가스 센서 기술 동향]
   └ 학회: 대한전기학회 (IF: 0.39)"
4680,2023,전기전자공학,721472390,강용철,1,0.0,0.0,"[캐나다 HQT(Hydro-Quebec TransEnergie)의 풍력발전기 합성 관성에 관한 계통 연계 기준의 성능 분석]
   └ 학회: 대한전기학회 (IF: 0.39)"
4681,2023,전기전자공학,140710871,조동호,1,0.0,0.0,"[캐나다 HQT(Hydro-Quebec TransEnergie)의 풍력발전기 합성 관성에 관한 계통 연계 기준의 성능 분석]
   └ 학회: 대한전기학회 (IF: 0.39)"
4682,2023,전기전자공학,770101006,김규호,1,0.0,0.0,"[캐나다 HQT(Hydro-Quebec TransEnergie)의 풍력발전기 합성 관성에 관한 계통 연계 기준의 성능 분석]
   └ 학회: 대한전기학회 (IF: 0.39)"
4683,2023,전기전자공학,986785,이주성,1,0.0,0.0,"[기상 조건에 따른 선로 저항 변동을 고려한 국내 전력 계통의 유효 전력 손실 분석]
   └ 학회: 대한전기학회 (IF: 0.39)"
4684,2023,전기전자공학,240593783,김수배,1,0.0,0.0,"[기상 조건에 따른 선로 저항 변동을 고려한 국내 전력 계통의 유효 전력 손실 분석]
   └ 학회: 대한전기학회 (IF: 0.39)"
4685,2023,전기전자공학,443215105,고백경,1,0.0,0.0,"[전남지역 과도안정도 향상을 위한 FACTS 대체 동기조상기 용량 검토]
   └ 학회: 대한전기학회 (IF: 0.39)"
4686,2023,전기전자공학,385859827,김경훈,1,0.0,0.0,"[전남지역 과도안정도 향상을 위한 FACTS 대체 동기조상기 용량 검토]
   └ 학회: 대한전기학회 (IF: 0.39)"
4687,2023,전기전자공학,982937292,오거룡,1,0.0,0.0,"[전남지역 과도안정도 향상을 위한 FACTS 대체 동기조상기 용량 검토]
   └ 학회: 대한전기학회 (IF: 0.39)"
4688,2023,전기전자공학,518487866,박형일,1,0.0,0.0,"[전남지역 과도안정도 향상을 위한 FACTS 대체 동기조상기 용량 검토]
   └ 학회: 대한전기학회 (IF: 0.39)"
4689,2023,전기전자공학,376484946,송대일,1,0.0,0.0,"[전남지역 과도안정도 향상을 위한 FACTS 대체 동기조상기 용량 검토]
   └ 학회: 대한전기학회 (IF: 0.39)"
4690,2023,전기전자공학,407555718,김경열,1,0.0,0.0,"[전남지역 과도안정도 향상을 위한 FACTS 대체 동기조상기 용량 검토]
   └ 학회: 대한전기학회 (IF: 0.39)"
4691,2023,전기전자공학,632219747,이진호,1,0.0,0.0,"[수력 및 양수발전소의 디지털 조속기 제어기용 고장진단장치 구현 및 특성분석]
   └ 학회: 대한전기학회 (IF: 0.39)"
4692,2023,전기전자공학,490232078,전진택,1,0.0,0.0,"[수력 및 양수발전소의 디지털 조속기 제어기용 고장진단장치 구현 및 특성분석]
   └ 학회: 대한전기학회 (IF: 0.39)"
4693,2023,전기전자공학,640136571,김창업,1,0.0,0.0,"[원가절감을 위한 산업용 고압 유도전동기의 다중목적 형상 최적 설계]
   └ 학회: 대한전기학회 (IF: 0.39)"
4694,2023,전기전자공학,856314988,김민석,1,0.0,0.0,"[원가절감을 위한 산업용 고압 유도전동기의 다중목적 형상 최적 설계]
   └ 학회: 대한전기학회 (IF: 0.39)"
4695,2023,전기전자공학,845147120,노영우,1,0.0,0.0,"[매입형 영구자석 동기전동기의 속응성 향상을 위한 비특이 터미널 슬라이딩 모드 속도 제어와 벡터제어에 관한 연구]
   └ 학회: 대한전기학회 (IF: 0.39)"
4696,2023,전기전자공학,264735733,박근석,1,0.0,0.0,"[선박용 리튬이온 배터리 모듈의 발열 및 효율 특성에 관한 연구]
   └ 학회: 대한전기학회 (IF: 0.39)"
4697,2023,전기전자공학,575800332,김시경,1,0.0,0.0,"[선박용 리튬이온 배터리 모듈의 발열 및 효율 특성에 관한 연구]
   └ 학회: 대한전기학회 (IF: 0.39)"
4698,2023,전기전자공학,748205248,강유식,1,0.0,0.0,"[선박용 리튬이온 배터리 모듈의 발열 및 효율 특성에 관한 연구]
   └ 학회: 대한전기학회 (IF: 0.39)"
4699,2023,전기전자공학,791572406,박은주,1,0.0,0.0,"[고체산화물 연료전지의 음극 과전압 내구성 특성 실험]
   └ 학회: 대한전기학회 (IF: 0.39)"
4700,2023,전기전자공학,1396302,차주홍,1,0.0,0.0,"[슬랏 안테나 두께에 따른 원통형 TE<SUB>11</SUB> 선형 마이크로웨이브 플라즈마 특성 분석]
   └ 학회: 대한전기학회 (IF: 0.39)"
4701,2023,전기전자공학,400004935,전기범,1,0.0,0.0,"[실드 컨디셔닝을 통한 29㎸ 20㎄ 진공인터럽터의 절연성능 개선 연구]
   └ 학회: 대한전기학회 (IF: 0.39)"
4702,2023,전기전자공학,193151965,이일회,1,0.0,0.0,"[실드 컨디셔닝을 통한 29㎸ 20㎄ 진공인터럽터의 절연성능 개선 연구]
   └ 학회: 대한전기학회 (IF: 0.39)"
4703,2023,전기전자공학,501883150,구치욱,1,0.0,0.0,"[실드 컨디셔닝을 통한 29㎸ 20㎄ 진공인터럽터의 절연성능 개선 연구]
   └ 학회: 대한전기학회 (IF: 0.39)"
4704,2023,전기전자공학,339849546,주흥진,1,0.0,0.0,"[실드 컨디셔닝을 통한 29㎸ 20㎄ 진공인터럽터의 절연성능 개선 연구]
   └ 학회: 대한전기학회 (IF: 0.39)"
4705,2023,전기전자공학,487298737,권욱빈,1,0.0,0.0,"[향상된 계측성능을 위한 새로운 상보 필터 설계]
   └ 학회: 대한전기학회 (IF: 0.39)"
4706,2023,전기전자공학,428779426,조남훈,1,0.0,0.0,"[향상된 계측성능을 위한 새로운 상보 필터 설계]
   └ 학회: 대한전기학회 (IF: 0.39)"
4707,2023,전기전자공학,532009612,배준한,1,0.0,0.0,"[자기에너지 하베스팅을 이용한 전기설비의 무선 누전과열 경보기 개발]
   └ 학회: 대한전기학회 (IF: 0.39)"
4708,2023,전기전자공학,292832130,문성춘,1,0.0,0.0,"[자기에너지 하베스팅을 이용한 전기설비의 무선 누전과열 경보기 개발]
   └ 학회: 대한전기학회 (IF: 0.39)"
4709,2023,전기전자공학,526188674,안한열,1,0.0,0.0,"[자기에너지 하베스팅을 이용한 전기설비의 무선 누전과열 경보기 개발]
   └ 학회: 대한전기학회 (IF: 0.39)"
4710,2023,전기전자공학,426700058,이수운,1,0.0,0.0,"[전기화재 통계분석을 통한 효율적인 전기설비 원격감시 방안 도출]
   └ 학회: 대한전기학회 (IF: 0.39)"
4711,2023,전기전자공학,869592014,이득광,1,0.0,0.0,"[전기화재 통계분석을 통한 효율적인 전기설비 원격감시 방안 도출]
   └ 학회: 대한전기학회 (IF: 0.39)"
4712,2023,전기전자공학,374149501,정범진,1,0.0,0.0,"[전기화재 통계분석을 통한 효율적인 전기설비 원격감시 방안 도출]
   └ 학회: 대한전기학회 (IF: 0.39)"
4713,2023,전기전자공학,333650239,송형준,1,0.0,0.0,"[전기화재 통계분석을 통한 효율적인 전기설비 원격감시 방안 도출]
   └ 학회: 대한전기학회 (IF: 0.39)"
4714,2023,전기전자공학,372846557,신경희,1,0.0,0.0,"[전류인가와 전압 측정 단자의 분리 설계를 통한 리튬 이차 전지의 급속 충전 성능 향상]
   └ 학회: 대한전기학회 (IF: 0.39)"
4715,2023,전기전자공학,648367158,조유정,1,0.0,0.0,"[배전계통에 트리거형 한류기 적용시 과전류계전기 보호협조 분석]
   └ 학회: 대한전기학회 (IF: 0.39)"
4716,2023,전기전자공학,345588811,박민기,1,0.0,0.0,"[배전계통에 트리거형 한류기 적용시 과전류계전기 보호협조 분석]
   └ 학회: 대한전기학회 (IF: 0.39)"
4717,2023,전기전자공학,812615100,임성훈,1,0.0,0.0,"[배전계통에 트리거형 한류기 적용시 과전류계전기 보호협조 분석]
   └ 학회: 대한전기학회 (IF: 0.39)"
4718,2023,전기전자공학,704056105,김유나,1,0.0,0.0,"[저압 개폐서지 특성 분석을 통한 저압기계기구 소손예방에 관한 연구]
   └ 학회: 대한전기학회 (IF: 0.39)"
4719,2023,전기전자공학,442789202,김영석,1,0.0,0.0,"[저압 개폐서지 특성 분석을 통한 저압기계기구 소손예방에 관한 연구]
   └ 학회: 대한전기학회 (IF: 0.39)"
4720,2023,전기전자공학,234806787,박성준,1,0.0,0.0,"[태양광발전 수용성 향상을 위한 배전계통에서의 ESS Aggressive 전압-무효전력 제어 방안 적용]
   └ 학회: 대한전기학회 (IF: 0.39)"
4721,2023,전기전자공학,228082859,김병기,1,0.0,0.0,"[태양광발전 수용성 향상을 위한 배전계통에서의 ESS Aggressive 전압-무효전력 제어 방안 적용]
   └ 학회: 대한전기학회 (IF: 0.39)"
4722,2023,전기전자공학,568895196,남길동,1,0.0,0.0,"[불평형 전원에서 직접 전력 제어형 PWM 컨버터의 운전 특성]
   └ 학회: 대한전기학회 (IF: 0.39)"
4723,2023,전기전자공학,186282727,황정원,1,0.0,0.0,"[불평형 전원에서 직접 전력 제어형 PWM 컨버터의 운전 특성]
   └ 학회: 대한전기학회 (IF: 0.39)"
4724,2023,전기전자공학,964645789,유의정,1,0.0,0.0,"[불평형 전원에서 직접 전력 제어형 PWM 컨버터의 운전 특성]
   └ 학회: 대한전기학회 (IF: 0.39)"
4725,2023,전기전자공학,739550929,조주희,1,0.0,0.0,"[MVDC급 Fluxgate 방식 전류센서의 여자권선 턴수에 따른 선형성 분석]
   └ 학회: 대한전기학회 (IF: 0.39)"
4726,2023,전기전자공학,868949233,김수용,1,0.0,0.0,"[MVDC급 Fluxgate 방식 전류센서의 여자권선 턴수에 따른 선형성 분석]
   └ 학회: 대한전기학회 (IF: 0.39)"
4727,2023,전기전자공학,486124876,이승재,1,0.0,0.0,"[MVDC급 Fluxgate 방식 전류센서의 여자권선 턴수에 따른 선형성 분석]
   └ 학회: 대한전기학회 (IF: 0.39)"
4728,2023,전기전자공학,243883343,김병택,1,0.0,0.0,"[MVDC급 Fluxgate 방식 전류센서의 여자권선 턴수에 따른 선형성 분석]
   └ 학회: 대한전기학회 (IF: 0.39)"
4729,2023,전기전자공학,921318184,김청훈,1,0.0,0.0,"[HILS 기반의 Totem-pole Bridgeless PFC 제어 알고리즘 구현]
   └ 학회: 대한전기학회 (IF: 0.39)"
4730,2023,전기전자공학,502033737,배인수,1,0.0,0.0,"[복원력 향상을 고려한 차세대 전력망의 예비타당성 분석 모델 개발]
   └ 학회: 대한전기학회 (IF: 0.39)"
4731,2023,전기전자공학,467613201,김욱원,1,0.0,0.0,"[복원력 향상을 고려한 차세대 전력망의 예비타당성 분석 모델 개발]
   └ 학회: 대한전기학회 (IF: 0.39)"
4732,2023,전기전자공학,215965604,김동민,1,0.0,0.0,"[복원력 향상을 고려한 차세대 전력망의 예비타당성 분석 모델 개발]
   └ 학회: 대한전기학회 (IF: 0.39)"
4733,2023,전기전자공학,976962398,백찬수,1,0.0,0.0,"[UV LED 기반의 웨이퍼 엣지 노광용 광원장치 개발]
   └ 학회: 대한전기학회 (IF: 0.39)"
