Rank,Year,Class_Name,Author_ID,Author_Name,Total_Papers,Final_Score,Raw_Trend_Score,Paper_List_Details
1,2023,공학 일반,488852589,마정목,8,0.2019,0.221842,"[SinGAN을 활용한 군사장애물 데이터 부족 문제 해결 및 실증 연구]
   └ 학회: 한국산학기술학회 (IF: 0.91)
--------------------------------
[포병 무기체계 분류를 위한 CNN 모델의 성능 비교 연구]
   └ 학회: 한국산학기술학회 (IF: 0.91)
--------------------------------
[초해상화 기반 CNN을 이용한 GPR 영상에서의 지뢰 분류]
   └ 학회: 한국산학기술학회 (IF: 0.91)
--------------------------------
[딥러닝 모델 기반 항공사진 분석을 통한 포병 진지 적합지역 분석]
   └ 학회: 한국산학기술학회 (IF: 0.91)
--------------------------------
[데이터 증강을 이용한 공중촬영 이미지 내 전차탐지 성능 향상 연구]
   └ 학회: 한국산학기술학회 (IF: 0.91)
--------------------------------
[딥러닝 기반 객체탐지 및 추적기법을 활용한 군 제대규모 판단]
   └ 학회: 한국산학기술학회 (IF: 0.91)
--------------------------------
[DQN기반 차량배차 자동화 모델]
   └ 학회: 한국산학기술학회 (IF: 0.91)
--------------------------------
[Sim2Real 학습을 활용한 무기체계 탐지성능 향상에 대한 연구]
   └ 학회: 한국산학기술학회 (IF: 0.91)"
2,2023,공학 일반,167198220,송미옥,3,0.1972,0.21672399999999997,"[COVID-19에 대한 두려움, 사회적지지, 극복력이 간호사의 소진에 미치는 영향]
   └ 학회: 한국산학기술학회 (IF: 0.91)
--------------------------------
[간호대학생의 서비스 디자인 기반 간호관리학실습 경험 : 텍스트 네트워크 분석의 적용]
   └ 학회: 한국산학기술학회 (IF: 0.91)
--------------------------------
[임상간호사의 환자중심간호역량과 안전문화풍토 및 직무만족이 환자참여에 미치는 영향]
   └ 학회: 한국산학기술학회 (IF: 0.91)"
3,2023,공학 일반,742455312,장희경,3,0.1429,0.156997,"[간호대학생을 위한 한국어판 간호제공자와 대상자간 돌봄 상호작용 측정도구의 타당도와 신뢰도 검증]
   └ 학회: 한국산학기술학회 (IF: 0.91)
--------------------------------
[COVID-19 대유행 시기 장기요양시설 요양보호사의 노인과의 상호작용과 연결 경험에 대한 질적 연구]
   └ 학회: 한국산학기술학회 (IF: 0.91)
--------------------------------
[간호대학생의 디지털 과몰입, 공감능력, 사회적 지지가 임상수행능력에 미치는 영향]
   └ 학회: 한국산학기술학회 (IF: 0.91)"
4,2023,공학 일반,562194301,김계하,3,0.1367,0.150171,"[개정판 수술실 간호사의 직무만족도 측정도구 타당도와 신뢰도 연구]
   └ 학회: 한국산학기술학회 (IF: 0.91)
--------------------------------
[간호대학생의 윤리적 민감성과 간호전문직관이 연명의료 중단 태도에 미치는 영향]
   └ 학회: 한국산학기술학회 (IF: 0.91)
--------------------------------
[폐경여성의 지각된 건강상태, 자아존중감, 가족기능이 삶의 의미에 미치는 영향]
   └ 학회: 한국산학기술학회 (IF: 0.91)"
5,2023,공학 일반,396882861,배한주,2,0.1367,0.150172,"[간호대학생의 임상실습스트레스, 플로리시가 간호전문직관에 미치는 영향]
   └ 학회: 한국산학기술학회 (IF: 0.91)
--------------------------------
[간호대학생의 눈치와 그릿이 문제해결능력에 미치는 영향]
   └ 학회: 한국산학기술학회 (IF: 0.91)"
6,2023,공학 일반,411068809,김종임,2,0.1211,0.133105,"[간호대학생의 학업스트레스와 전공만족도와의 관계에서 자기효능감의 매개효과]
   └ 학회: 한국산학기술학회 (IF: 0.91)
--------------------------------
[간호대학생의 자아존중감, 사회적지지, 생활스트레스가 주관적 행복감에 미치는 영향]
   └ 학회: 한국산학기술학회 (IF: 0.91)"
7,2023,공학 일반,464080804,성경미,2,0.118,0.129693,"[팬데믹 상황에서 간호대학생의 실습스트레스와 실습만족도가 자기효능감에 미치는 영향: 임상실습과 교내실습 비교]
   └ 학회: 한국산학기술학회 (IF: 0.91)
--------------------------------
[COVID-19 유행 시기 노인의 우울과 외로움]
   └ 학회: 한국산학기술학회 (IF: 0.91)"
8,2023,공학 일반,704122567,박효정,4,0.1165,0.127986,"[조기진통 임부의 사회적지지, 회복탄력성, 태아애착이 상태불안에 미치는 영향]
   └ 학회: 한국산학기술학회 (IF: 0.91)
--------------------------------
[위절제술을 받은 위암 환자의 위장관 증상 경험, 디스트레스, 암에 대한 대처가 삶의 질에 미치는 영향]
   └ 학회: 한국산학기술학회 (IF: 0.91)
--------------------------------
[간호사의 직무착근도와 역경지수가 조직몰입에 미치는 영향]
   └ 학회: 한국산학기술학회 (IF: 0.91)
--------------------------------
[병원간호사의 조직공정성, 긍정심리자본, 일의 의미가 재직의도에 미치는 영향]
   └ 학회: 한국산학기술학회 (IF: 0.91)"
9,2023,공학 일반,553969046,이미향,2,0.1165,0.127987,"[종합병원 간호사의 공감력, 노인에 대한 태도가 노인간호실천에 미치는 영향]
   └ 학회: 한국산학기술학회 (IF: 0.91)
--------------------------------
[간호사의 일의 의미와 동기부여 언어가 재직의도에 미치는 영향]
   └ 학회: 한국산학기술학회 (IF: 0.91)"
10,2023,공학 일반,910088337,조성제,7,0.1118,0.122865,"[위기 청소년의 자기효능감과 그릿이 학교적응 유연성에 미치는 영향]
   └ 학회: 한국산학기술학회 (IF: 0.91)
--------------------------------
[청소년의 마음챙김이 사회성 발달에 미치는 영향]
   └ 학회: 한국산학기술학회 (IF: 0.91)
--------------------------------
[비행 청소년의 그릿과 대인관계 성향 관계 연구 -마음 챙김의 매개 효과분석을 중심으로-]
   └ 학회: 한국산학기술학회 (IF: 0.91)
--------------------------------
[중국 대학생의 긍정심리자본, 사회적지지가 취업준비행동에 미치는 영향]
   └ 학회: 한국산학기술학회 (IF: 0.91)
--------------------------------
[보육교사의 그릿이 조직몰입에 미치는 영향 -U시 어린이집 보육교사 322명 대상을 조사 중심으로-]
   └ 학회: 한국산학기술학회 (IF: 0.91)
--------------------------------
[중국 대학생의 긍정심리자본이 진로성숙도에 미치는 영향: 마음챙김 매개효과 검증]
   └ 학회: 한국산학기술학회 (IF: 0.91)
--------------------------------
[중국 대학생의 사회적 지지가 진로성숙도에 미치는 영향]
   └ 학회: 한국산학기술학회 (IF: 0.91)"
11,2023,공학 일반,378037825,조은희,2,0.1118,0.122867,"[간호대학생의 좋은 죽음 인식, 생명의료 윤리의식이 사전의료의향서 태도에 미치는 영향]
   └ 학회: 한국산학기술학회 (IF: 0.91)
--------------------------------
[COVID-19를 경험한 대학생의 우울 및 대인관계가 자살생각에 미치는 영향]
   └ 학회: 한국산학기술학회 (IF: 0.91)"
12,2023,공학 일반,332787102,정경숙,1,0.1118,0.12286799999999999,"[간호대학생의 전공선택동기, 간호사 이미지가 직업존중감에 미치는 영향]
   └ 학회: 한국산학기술학회 (IF: 0.91)"
13,2023,공학 일반,759820408,이재겸,1,0.1072,0.11774799999999999,"[간호대학생의 코로나 우울과 전공만족도가 학업 지연에 미치는 영향]
   └ 학회: 한국산학기술학회 (IF: 0.91)"
14,2023,공학 일반,628475460,김중경,1,0.1072,0.11774799999999999,"[간호대학생의 코로나 우울과 전공만족도가 학업 지연에 미치는 영향]
   └ 학회: 한국산학기술학회 (IF: 0.91)"
15,2023,공학 일반,147843159,송민선,2,0.0978,0.10750799999999999,"[대학병원 간호사의 직무스트레스, 소진 및 동료지지가 월경전증후군에 미치는 영향]
   └ 학회: 한국산학기술학회 (IF: 0.91)
--------------------------------
[코로나19를 경험한 고학년 대학생들의 취업불안, 우울 및 역기능적 진로사고가 취업준비행동에 미치는 영향]
   └ 학회: 한국산학기술학회 (IF: 0.91)"
16,2023,공학 일반,244077333,이용준,8,0.0963,0.10580200000000001,"[기업보안사고 예측을 위한 시나리오 기반 평가 시스템에 대한 연구]
   └ 학회: 한국산학기술학회 (IF: 0.91)
--------------------------------
[APT(Advanced Persistent Threat) 공격 시나리오 검증 시스템 연구]
   └ 학회: 한국산학기술학회 (IF: 0.91)
--------------------------------
[거주시설 단지망에 대한 사이버 공격포인트 연구]
   └ 학회: 한국산학기술학회 (IF: 0.91)
--------------------------------
[국제 다자회의 발전을 통한 국방 사이버안보 향상 방안 연구]
   └ 학회: 한국산학기술학회 (IF: 0.91)
--------------------------------
[방산업체 클라우드 업무환경 도입에 따른 기술보호 방안 연구]
   └ 학회: 한국산학기술학회 (IF: 0.91)
--------------------------------
[보안운영센터(SOC)의 효율성 향상을 위한 관제 지원 인텔리전스 설계 및 구현]
   └ 학회: 한국산학기술학회 (IF: 0.91)
--------------------------------
[딥러닝 기반 소스코드 취약점 자동 패치 시스템 설계 및 구현]
   └ 학회: 한국산학기술학회 (IF: 0.91)
--------------------------------
[IoT 펌웨어 업데이트의 블록체인 적용을 위한 성능 연구 - 플랫폼을 중심으로]
   └ 학회: 한국산학기술학회 (IF: 0.91)"
17,2023,공학 일반,605339503,김선웅,5,0.0947,0.104095,"[캔들스틱 차트와 합성곱 신경망을 이용한 주가 갭 예측 연구]
   └ 학회: 한국산학기술학회 (IF: 0.91)
--------------------------------
[NFT 코인과 암호화폐: 가격 역학과 예측]
   └ 학회: 한국산학기술학회 (IF: 0.91)
--------------------------------
[한국주식시장에서의 마법공식 투자전략 성과분석]
   └ 학회: 한국산학기술학회 (IF: 0.91)
--------------------------------
[랜덤 포레스트 모델을 활용한 채권형펀드 성과 예측 연구]
   └ 학회: 한국산학기술학회 (IF: 0.91)
--------------------------------
[위클리 옵션의 만기일 투자전략 성과 분석]
   └ 학회: 한국산학기술학회 (IF: 0.91)"
18,2023,공학 일반,919337691,최흥식,4,0.0947,0.104095,"[캔들스틱 차트와 합성곱 신경망을 이용한 주가 갭 예측 연구]
   └ 학회: 한국산학기술학회 (IF: 0.91)
--------------------------------
[한국주식시장에서의 마법공식 투자전략 성과분석]
   └ 학회: 한국산학기술학회 (IF: 0.91)
--------------------------------
[랜덤 포레스트 모델을 활용한 채권형펀드 성과 예측 연구]
   └ 학회: 한국산학기술학회 (IF: 0.91)
--------------------------------
[위클리 옵션의 만기일 투자전략 성과 분석]
   └ 학회: 한국산학기술학회 (IF: 0.91)"
19,2023,공학 일반,606625187,임경희,3,0.0947,0.104096,"[신생아중환자실 간호사의 감염관리수행 영향요인]
   └ 학회: 한국산학기술학회 (IF: 0.91)
--------------------------------
[요양병원 간호사의 자기효능감과 노인돌봄태도가 느린 간호에 미치는 영향]
   └ 학회: 한국산학기술학회 (IF: 0.91)
--------------------------------
[유방암 수술 후 환자를 위한 통합교육 프로그램 효과]
   └ 학회: 한국산학기술학회 (IF: 0.91)"
20,2023,공학 일반,838521009,김보람,1,0.0947,0.104096,"[간호대학생의 디지털 과몰입, 공감능력, 사회적 지지가 임상수행능력에 미치는 영향]
   └ 학회: 한국산학기술학회 (IF: 0.91)"
21,2023,공학 일반,902502224,전혜진,1,0.0916,0.100682,"[COVID-19에 대한 두려움, 사회적지지, 극복력이 간호사의 소진에 미치는 영향]
   └ 학회: 한국산학기술학회 (IF: 0.91)"
22,2023,공학 일반,862174525,박송이,1,0.0885,0.09727,"[개정판 수술실 간호사의 직무만족도 측정도구 타당도와 신뢰도 연구]
   └ 학회: 한국산학기술학회 (IF: 0.91)"
23,2023,공학 일반,5364888,최청석,5,0.0839,0.09214800000000001,"[전자지원체계 연구개발 동향 분석과 국산화 방안에 대한 연구]
   └ 학회: 한국산학기술학회 (IF: 0.91)
--------------------------------
[국방 중소기업자 우선선정 품목지정 제도 개선을 위한 후보군 강화 방안 연구]
   └ 학회: 한국산학기술학회 (IF: 0.91)
--------------------------------
[방위산업 분야 부품공급망 정보관리 방안 연구]
   └ 학회: 한국산학기술학회 (IF: 0.91)
--------------------------------
[함정용 추진시스템 연구개발 동향 분석과 국산화 방안에 대한 연구]
   └ 학회: 한국산학기술학회 (IF: 0.91)
--------------------------------
[함정용 추진전동기 적용형태 및 개발동향에 대한 연구]
   └ 학회: 한국산학기술학회 (IF: 0.91)"
24,2023,공학 일반,343033031,홍진의,2,0.0839,0.092151,"[남자 간호대학생의 남자 간호사에 대한 인식과 장기 진로 계획의 관련성]
   └ 학회: 한국산학기술학회 (IF: 0.91)
--------------------------------
[간호대학생의 아동학대 경험, 예방교육 경험, 신고 관련 지식, 아동학대 인식에 따른 방임 인식 수준의 차이]
   └ 학회: 한국산학기술학회 (IF: 0.91)"
25,2023,공학 일반,280612900,박정민,1,0.0839,0.092151,"[남자 간호대학생의 남자 간호사에 대한 인식과 장기 진로 계획의 관련성]
   └ 학회: 한국산학기술학회 (IF: 0.91)"
26,2023,공학 일반,874937261,박신지,1,0.0839,0.092151,"[남자 간호대학생의 남자 간호사에 대한 인식과 장기 진로 계획의 관련성]
   └ 학회: 한국산학기술학회 (IF: 0.91)"
27,2023,공학 일반,185575879,박소연,1,0.0839,0.092151,"[남자 간호대학생의 남자 간호사에 대한 인식과 장기 진로 계획의 관련성]
   └ 학회: 한국산학기술학회 (IF: 0.91)"
28,2023,공학 일반,541454479,박서현,1,0.0839,0.092151,"[남자 간호대학생의 남자 간호사에 대한 인식과 장기 진로 계획의 관련성]
   └ 학회: 한국산학기술학회 (IF: 0.91)"
29,2023,공학 일반,317986912,김민영,1,0.0839,0.092151,"[간호대학생의 심리적 독립, 자아존중감 및 대인관계 유능성의 관계에 대한 연구]
   └ 학회: 한국산학기술학회 (IF: 0.91)"
30,2023,공학 일반,759772473,조영미,2,0.0808,0.088738,"[간호대학생의 법의식과 인권의식이 성인지 감수성에 미치는 영향]
   └ 학회: 한국산학기술학회 (IF: 0.91)
--------------------------------
[간호대학생의 법의식과 양성평등의식이 인성에 미치는 영향]
   └ 학회: 한국산학기술학회 (IF: 0.91)"
31,2023,공학 일반,1932614,김재동,3,0.0792,0.08703,"[앙상블 기법을 활용한 무인항공기 수리부속 수요예측 연구]
   └ 학회: 한국산학기술학회 (IF: 0.91)
--------------------------------
[무인항공기의 불균형 수리부속에 대한 수요예측]
   └ 학회: 한국산학기술학회 (IF: 0.91)
--------------------------------
[자료포락분석 기반의 항공정비창 특성화 방안 연구: 비용 경제성 중심으로]
   └ 학회: 한국산학기술학회 (IF: 0.91)"
32,2023,공학 일반,723860658,전해옥,2,0.0792,0.087031,"[간호대학생과 임상간호사의 환자안전역량에 대한 시뮬레이션 교육요구도 비교: IPA 기법을 활용하여]
   └ 학회: 한국산학기술학회 (IF: 0.91)
--------------------------------
[노인성 난청 환자의 가족 관계적 요인과 건강행태가 우울에 미치는 영향: 2020년 노인실태조사를 근거로]
   └ 학회: 한국산학기술학회 (IF: 0.91)"
33,2023,공학 일반,557350586,유지훈,2,0.0792,0.08703,"[앙상블 기법을 활용한 무인항공기 수리부속 수요예측 연구]
   └ 학회: 한국산학기술학회 (IF: 0.91)
--------------------------------
[무인항공기의 불균형 수리부속에 대한 수요예측]
   └ 학회: 한국산학기술학회 (IF: 0.91)"
34,2023,공학 일반,241094324,최정호,2,0.0792,0.08703,"[앙상블 기법을 활용한 무인항공기 수리부속 수요예측 연구]
   └ 학회: 한국산학기술학회 (IF: 0.91)
--------------------------------
[무인항공기의 불균형 수리부속에 대한 수요예측]
   └ 학회: 한국산학기술학회 (IF: 0.91)"
35,2023,공학 일반,912539761,조혜덕,3,0.0776,0.08532400000000001,"[중국 대학생의 긍정심리자본, 사회적지지가 취업준비행동에 미치는 영향]
   └ 학회: 한국산학기술학회 (IF: 0.91)
--------------------------------
[중국 대학생의 긍정심리자본이 진로성숙도에 미치는 영향: 마음챙김 매개효과 검증]
   └ 학회: 한국산학기술학회 (IF: 0.91)
--------------------------------
[중국 대학생의 사회적 지지가 진로성숙도에 미치는 영향]
   └ 학회: 한국산학기술학회 (IF: 0.91)"
36,2023,공학 일반,865170209,장경오,3,0.073,0.080205,"[노인재가복지센터 요양보호사의 치매지식, 치매태도, 치매두려움이 치매예방행위에 미치는 영향]
   └ 학회: 한국산학기술학회 (IF: 0.91)
--------------------------------
[간호∙간병통합서비스 병동 간호사의 역할갈등과 간호 전문직관이 직무만족에 미치는 영향]
   └ 학회: 한국산학기술학회 (IF: 0.91)
--------------------------------
[중소병원 수술실 간호사의 방사선 방어행위 영향요인]
   └ 학회: 한국산학기술학회 (IF: 0.91)"
37,2023,공학 일반,242904605,하은호,1,0.073,0.080204,"[지역사회 중년기 성인의 생활스트레스, 우울, 사회적지지가 치매 인식에 미치는 영향]
   └ 학회: 한국산학기술학회 (IF: 0.91)"
38,2023,공학 일반,5337091,임강희,8,0.0714,0.078498,"[텍스트마이닝을 활용한 중국의 핵심 과학기술 확보 동향 연구]
   └ 학회: 한국산학기술학회 (IF: 0.91)
--------------------------------
[전력지원체계 연구개발 사업 비용평가 개선 방안에 대한 연구]
   └ 학회: 한국산학기술학회 (IF: 0.91)
--------------------------------
[커브피팅을 활용한 특정 포병 탄도분석 연구]
   └ 학회: 한국산학기술학회 (IF: 0.91)
--------------------------------
[「중국 우주백서」 분석을 통한 중국 우주기술 발전방향 연구]
   └ 학회: 한국산학기술학회 (IF: 0.91)
--------------------------------
[중국공산당 주요 보고서 분석을 통한 중국 과학기술 발전방향 연구 -텍스트마이닝 기법을 활용하여-]
   └ 학회: 한국산학기술학회 (IF: 0.91)
--------------------------------
[전운량을 고려한 정찰위성 작전효과 분석 방법론 연구: ① 북한지역 전운량 빅데이터 분석을 통한 취약요인 분석]
   └ 학회: 한국산학기술학회 (IF: 0.91)
--------------------------------
[전운량을 고려한 정찰위성 작전효과 분석 방법론 연구: ② 위성관측 취약요인에 기반한 정찰위성 작전효과 분석]
   └ 학회: 한국산학기술학회 (IF: 0.91)
--------------------------------
[기상학적 요소를 고려한 무인항공기 운용효율 최적화 방안 연구]
   └ 학회: 한국산학기술학회 (IF: 0.91)"
39,2023,공학 일반,382637452,강경환,8,0.0714,0.078498,"[텍스트마이닝을 활용한 중국의 핵심 과학기술 확보 동향 연구]
   └ 학회: 한국산학기술학회 (IF: 0.91)
--------------------------------
[전력지원체계 연구개발 사업 비용평가 개선 방안에 대한 연구]
   └ 학회: 한국산학기술학회 (IF: 0.91)
--------------------------------
[커브피팅을 활용한 특정 포병 탄도분석 연구]
   └ 학회: 한국산학기술학회 (IF: 0.91)
--------------------------------
[「중국 우주백서」 분석을 통한 중국 우주기술 발전방향 연구]
   └ 학회: 한국산학기술학회 (IF: 0.91)
--------------------------------
[중국공산당 주요 보고서 분석을 통한 중국 과학기술 발전방향 연구 -텍스트마이닝 기법을 활용하여-]
   └ 학회: 한국산학기술학회 (IF: 0.91)
--------------------------------
[전운량을 고려한 정찰위성 작전효과 분석 방법론 연구: ① 북한지역 전운량 빅데이터 분석을 통한 취약요인 분석]
   └ 학회: 한국산학기술학회 (IF: 0.91)
--------------------------------
[전운량을 고려한 정찰위성 작전효과 분석 방법론 연구: ② 위성관측 취약요인에 기반한 정찰위성 작전효과 분석]
   └ 학회: 한국산학기술학회 (IF: 0.91)
--------------------------------
[기상학적 요소를 고려한 무인항공기 운용효율 최적화 방안 연구]
   └ 학회: 한국산학기술학회 (IF: 0.91)"
40,2023,공학 일반,217644529,김경희,1,0.0714,0.078498,"[보건계열 대학생의 우울 및 불안이 행복에 미치는 영향]
   └ 학회: 한국산학기술학회 (IF: 0.91)"
41,2023,공학 일반,211566942,박서아,1,0.0699,0.076792,"[간호대학생의 진로결정 자기효능감, 전공만족도 및 사회적 지지가 진로결정수준에 미치는 영향]
   └ 학회: 한국산학기술학회 (IF: 0.91)"
42,2023,공학 일반,712348084,신경숙,1,0.0699,0.076792,"[간호대학생의 진로결정 자기효능감, 전공만족도 및 사회적 지지가 진로결정수준에 미치는 영향]
   └ 학회: 한국산학기술학회 (IF: 0.91)"
43,2023,공학 일반,430598280,조금이,1,0.0683,0.075086,"[간호대학생의 임상실습스트레스, 플로리시가 간호전문직관에 미치는 영향]
   └ 학회: 한국산학기술학회 (IF: 0.91)"
44,2023,공학 일반,440051632,김연하,1,0.0683,0.075086,"[간호대학생의 눈치와 그릿이 문제해결능력에 미치는 영향]
   └ 학회: 한국산학기술학회 (IF: 0.91)"
45,2023,공학 일반,258842360,이덕규,2,0.0669,0.047782,"[건강보험 청구 데이터를 활용한 머신러닝 기반 유방암 환자의 생존 여부 예측]
   └ 학회: 한국산업정보학회 (IF: 1.4)
--------------------------------
[자동차 사고 경상환자의 장기입원 예측 모델 개발]
   └ 학회: 한국산업정보학회 (IF: 1.4)"
46,2023,공학 일반,768251089,이영자,1,0.0652,0.071673,"[간호사의 일의 의미와 동기부여 언어가 재직의도에 미치는 영향]
   └ 학회: 한국산학기술학회 (IF: 0.91)"
47,2023,공학 일반,543921883,김미성,1,0.0652,0.071673,"[간호사의 일의 의미와 동기부여 언어가 재직의도에 미치는 영향]
   └ 학회: 한국산학기술학회 (IF: 0.91)"
48,2023,공학 일반,921188476,이지선,1,0.0652,0.071673,"[건강사정 가상현실 시뮬레이션 교육에 대한 간호학생의 인식과 요구도 분석]
   └ 학회: 한국산학기술학회 (IF: 0.91)"
49,2023,공학 일반,489814542,양경수,1,0.0652,0.071673,"[임상간호사의 환자중심간호역량과 안전문화풍토 및 직무만족이 환자참여에 미치는 영향]
   └ 학회: 한국산학기술학회 (IF: 0.91)"
50,2023,공학 일반,761753683,안수지,1,0.0637,0.069966,"[팬데믹 상황에서 간호대학생의 실습스트레스와 실습만족도가 자기효능감에 미치는 영향: 임상실습과 교내실습 비교]
   └ 학회: 한국산학기술학회 (IF: 0.91)"
51,2023,공학 일반,420839652,이지예,1,0.0637,0.069966,"[COVID-19를 경험한 대학생의 우울 및 대인관계가 자살생각에 미치는 영향]
   └ 학회: 한국산학기술학회 (IF: 0.91)"
52,2023,공학 일반,601020011,서예진,1,0.0637,0.069966,"[COVID-19를 경험한 대학생의 우울 및 대인관계가 자살생각에 미치는 영향]
   └ 학회: 한국산학기술학회 (IF: 0.91)"
53,2023,공학 일반,515450267,박정빈,1,0.0637,0.069966,"[COVID-19를 경험한 대학생의 우울 및 대인관계가 자살생각에 미치는 영향]
   └ 학회: 한국산학기술학회 (IF: 0.91)"
54,2023,공학 일반,803164852,이서정,1,0.0637,0.069966,"[COVID-19를 경험한 대학생의 우울 및 대인관계가 자살생각에 미치는 영향]
   └ 학회: 한국산학기술학회 (IF: 0.91)"
55,2023,공학 일반,307800753,노대석,9,0.0621,0.06826,"[연축전지와 슈퍼커패시터를 이용한 하이브리드형 전동 휠체어의 구현]
   └ 학회: 한국산학기술학회 (IF: 0.91)
--------------------------------
[±35kV급 MVDC 하이브리드 배전망의 보호협조 운용방안에 관한 연구]
   └ 학회: 한국산학기술학회 (IF: 0.91)
--------------------------------
[LVDC 선로용 4kW급 사고구간 분리용 보호장치의 설계 및 구현]
   └ 학회: 한국산학기술학회 (IF: 0.91)
--------------------------------
[Sharing용 ESS의 CMV 발생 메커니즘 및 모델링에 관한 연구]
   └ 학회: 한국산학기술학회 (IF: 0.91)
--------------------------------
[±35kV급 MVDC 실증 배전망의 보호협조기기 운용알고리즘에 관한 연구]
   └ 학회: 한국산학기술학회 (IF: 0.91)
--------------------------------
[CMV에 의한 ESS 안전성 평가에 관한 연구]
   └ 학회: 한국산학기술학회 (IF: 0.91)
--------------------------------
[중대형 배터리의 형태에 따른 열화 패턴분석에 관한 연구]
   └ 학회: 한국산학기술학회 (IF: 0.91)
--------------------------------
[DR과 피크저감을 고려한 ESS의 운용 알고리즘에 관한 연구]
   └ 학회: 한국산학기술학회 (IF: 0.91)
--------------------------------
[누설 및 순환전류에 따른 ESS의 안전성 평가방안에 관한 연구]
   └ 학회: 한국산학기술학회 (IF: 0.91)"
56,2023,공학 일반,948203520,정민경,4,0.0621,0.068259,"[평면형 발진기 적용을 통한 국방 무기체계 품질 향상 방안 연구]
   └ 학회: 한국산학기술학회 (IF: 0.91)
--------------------------------
[인공지능(AI) 기술 도입을 위한 정책 및 적용사례와 한계점에 대한 연구]
   └ 학회: 한국산학기술학회 (IF: 0.91)
--------------------------------
[열화학 기상 증착법을 이용한 베타갈륨옥사이드 나노구조 증착]
   └ 학회: 한국산학기술학회 (IF: 0.91)
--------------------------------
[인공지능 기반 무기체계 데이터 품질평가 지표에 대한 고찰]
   └ 학회: 한국산학기술학회 (IF: 0.91)"
57,2023,공학 일반,5426724,김찬수,2,0.0621,0.068259,"[캔들스틱 차트와 합성곱 신경망을 이용한 주가 갭 예측 연구]
   └ 학회: 한국산학기술학회 (IF: 0.91)
--------------------------------
[메타모형을 이용한 옵션 양매도 전략의 마켓타이밍 예측연구]
   └ 학회: 한국산학기술학회 (IF: 0.91)"
58,2023,공학 일반,469455722,김성재,2,0.0621,0.068259,"[예비유아교사의 대인불안과 놀이성이 대인관계에 미치는 영향]
   └ 학회: 한국산학기술학회 (IF: 0.91)
--------------------------------
[유아교사의 우울과 스트레스가 신체화 증상에 미치는 영향]
   └ 학회: 한국산학기술학회 (IF: 0.91)"
59,2023,공학 일반,817357628,김지순,1,0.0621,0.068259,"[간호대학생의 COVID-19로 인한 스트레스, 회복탄력성이 대학생활적응에 미치는 영향]
   └ 학회: 한국산학기술학회 (IF: 0.91)"
60,2023,공학 일반,885376096,김진화,1,0.0621,0.068259,"[유아교사의 우울과 스트레스가 신체화 증상에 미치는 영향]
   └ 학회: 한국산학기술학회 (IF: 0.91)"
61,2023,공학 일반,642154413,김경아,1,0.059,0.064847,"[일 지역 간호대학생의 COVID-19 스트레스, 감성지능, 대인관계능력과 대학생활적응능력과의 관계]
   └ 학회: 한국산학기술학회 (IF: 0.91)"
62,2023,공학 일반,790645125,이한인,1,0.059,0.064847,"[웹크롤링과 텍스트마이닝을 활용한 국군간호사관학교와 간호장교 인식도 조사]
   └ 학회: 한국산학기술학회 (IF: 0.91)"
63,2023,공학 일반,683173514,차진호,1,0.059,0.064847,"[웹크롤링과 텍스트마이닝을 활용한 국군간호사관학교와 간호장교 인식도 조사]
   └ 학회: 한국산학기술학회 (IF: 0.91)"
64,2023,공학 일반,234804225,이미라,1,0.059,0.064847,"[종합병원 간호사의 노인간호 스트레스와 돌봄 태도가 노인간호 실천에 미치는 영향]
   └ 학회: 한국산학기술학회 (IF: 0.91)"
65,2023,공학 일반,775081521,조혜영,6,0.0575,0.06314,"[대학 행정직원의 특성화 사업 인식이 재학생을 위한 진로탐색에 미치는 영향: 대학 특성화 정책에 대한 인식도, 만족도, 중요도의 매개효과]
   └ 학회: 한국산학기술학회 (IF: 0.91)
--------------------------------
[성인학습자의 플립러닝 인식과 수준, 협력적 자기효능감 및 융합전공 교육과정 인식 간의 구조적 관계]
   └ 학회: 한국산학기술학회 (IF: 0.91)
--------------------------------
[S대학교 재학생의 코로나19 대응 학사운영과 원격수업 만족도, 비대면 수업에 대한 인식, 학습지속 의향 간의 구조적 관계]
   └ 학회: 한국산학기술학회 (IF: 0.91)
--------------------------------
[대학생의 진로결정 자기효능감과 소속학과 및 대학 만족도, 대학생활 적응 간의 구조적 관계]
   └ 학회: 한국산학기술학회 (IF: 0.91)
--------------------------------
[아동복지학 전공자의 코로나19 이후 불안통제감이 전공만족도에 미치는 영향: 교우관계와 교수-학생 상호작용의 매개효과를 중심으로]
   └ 학회: 한국산학기술학회 (IF: 0.91)
--------------------------------
[아동복지학 전공자의 코로나19 이후 스트레스와 진로결정 자기효능감, 진로동기, 중도탈락의도 간의 구조적 관계]
   └ 학회: 한국산학기술학회 (IF: 0.91)"
66,2023,공학 일반,998135679,김세일,3,0.0575,0.06314,"[효율적인 과제기획을 위한 국방 상향식 핵심기술 과제기획 개선방안 연구]
   └ 학회: 한국산학기술학회 (IF: 0.91)
--------------------------------
[고온 안정성을 가지는 고에너지밀도 NaS전지 개발 동향]
   └ 학회: 한국산학기술학회 (IF: 0.91)
--------------------------------
[기상 데이터를 활용한 CNN-LSTM 기반 유량 예측 모델 연구]
   └ 학회: 한국산학기술학회 (IF: 0.91)"
67,2023,공학 일반,938279432,김대호,3,0.0575,0.06314,"[효율적인 과제기획을 위한 국방 상향식 핵심기술 과제기획 개선방안 연구]
   └ 학회: 한국산학기술학회 (IF: 0.91)
--------------------------------
[고온 안정성을 가지는 고에너지밀도 NaS전지 개발 동향]
   └ 학회: 한국산학기술학회 (IF: 0.91)
--------------------------------
[기상 데이터를 활용한 CNN-LSTM 기반 유량 예측 모델 연구]
   └ 학회: 한국산학기술학회 (IF: 0.91)"
68,2023,공학 일반,784864748,이유진,1,0.0575,0.063139,"[청소년의 신체이미지 왜곡에 따른 정신건강과의 관계 : 제 17차 청소년건강행태(2021) 조사자료 이용]
   └ 학회: 한국산학기술학회 (IF: 0.91)"
69,2023,공학 일반,150126140,윤경순,1,0.0575,0.063139,"[청소년의 신체이미지 왜곡에 따른 정신건강과의 관계 : 제 17차 청소년건강행태(2021) 조사자료 이용]
   └ 학회: 한국산학기술학회 (IF: 0.91)"
70,2023,공학 일반,233272166,지은선,1,0.0575,0.06314,"[경력간호사의 이직위기 극복 경험: 포커스 그룹 면담을 이용하여]
   └ 학회: 한국산학기술학회 (IF: 0.91)"
71,2023,공학 일반,875309215,김경진,1,0.0575,0.06314,"[경력간호사의 이직위기 극복 경험: 포커스 그룹 면담을 이용하여]
   └ 학회: 한국산학기술학회 (IF: 0.91)"
72,2023,공학 일반,335821113,김미소,1,0.0575,0.06314,"[경력간호사의 이직위기 극복 경험: 포커스 그룹 면담을 이용하여]
   └ 학회: 한국산학기술학회 (IF: 0.91)"
73,2023,공학 일반,310115340,신우섭,1,0.0575,0.06314,"[경력간호사의 이직위기 극복 경험: 포커스 그룹 면담을 이용하여]
   └ 학회: 한국산학기술학회 (IF: 0.91)"
74,2023,공학 일반,460845310,이상래,1,0.0575,0.06314,"[경력간호사의 이직위기 극복 경험: 포커스 그룹 면담을 이용하여]
   └ 학회: 한국산학기술학회 (IF: 0.91)"
75,2023,공학 일반,684390962,문형주,1,0.0575,0.06314,"[경력간호사의 이직위기 극복 경험: 포커스 그룹 면담을 이용하여]
   └ 학회: 한국산학기술학회 (IF: 0.91)"
76,2023,공학 일반,828238561,김은정,2,0.0559,0.061432999999999995,"[간호대학생이 지각한 부모의 양육태도와 아동권리인식, 아동학대인식과의 관계]
   └ 학회: 한국산학기술학회 (IF: 0.91)
--------------------------------
[간호대학생의 디지털 기반 팀학습에서 팀효능감, 팀몰입이 학습만족도에 미치는 영향]
   └ 학회: 한국산학기술학회 (IF: 0.91)"
77,2023,공학 일반,122352815,김해란,2,0.0559,0.061432999999999995,"[간호대학생이 지각한 부모의 양육태도와 아동권리인식, 아동학대인식과의 관계]
   └ 학회: 한국산학기술학회 (IF: 0.91)
--------------------------------
[간호대학생의 디지털 기반 팀학습에서 팀효능감, 팀몰입이 학습만족도에 미치는 영향]
   └ 학회: 한국산학기술학회 (IF: 0.91)"
78,2023,공학 일반,479015243,신동철,1,0.0544,0.059727,"[한 부모 가족과 양 부모 가족 부모의 우울 실태 및 관련 요인 분석]
   └ 학회: 한국산학기술학회 (IF: 0.91)"
79,2023,공학 일반,136221703,신지연,1,0.0544,0.059727,"[한 부모 가족과 양 부모 가족 부모의 우울 실태 및 관련 요인 분석]
   └ 학회: 한국산학기술학회 (IF: 0.91)"
80,2023,공학 일반,830923082,박정혜,1,0.0544,0.059727,"[노인의 가구 형태별 여가 유형과 만족도에 따른 우울 위험]
   └ 학회: 한국산학기술학회 (IF: 0.91)"
81,2023,공학 일반,335800747,강선화,1,0.0544,0.059727,"[방송통신중·고등학교에 재학 중인 장·노년층의 우울, 스트레스, 자기효능감이 스마트폰 과의존에 미치는 영향]
   └ 학회: 한국산학기술학회 (IF: 0.91)"
82,2023,공학 일반,519090931,이지원,1,0.0544,0.059727,"[방송통신중·고등학교에 재학 중인 장·노년층의 우울, 스트레스, 자기효능감이 스마트폰 과의존에 미치는 영향]
   └ 학회: 한국산학기술학회 (IF: 0.91)"
83,2023,공학 일반,577620236,김은숙,1,0.0544,0.059727,"[당뇨병 성인의 골관절염 동반 여부에 따른 삶의 질 차이와 영향 요인]
   └ 학회: 한국산학기술학회 (IF: 0.91)"
84,2023,공학 일반,130230786,문종윤,1,0.0544,0.059727,"[랜덤 포레스트 모델을 활용한 채권형펀드 성과 예측 연구]
   └ 학회: 한국산학기술학회 (IF: 0.91)"
85,2023,공학 일반,110836957,성민경,1,0.0544,0.059727,"[COVID-19 유행 시기 노인의 우울과 외로움]
   └ 학회: 한국산학기술학회 (IF: 0.91)"
86,2023,공학 일반,828512587,최은진,4,0.0528,0.05802,"[평면형 발진기 적용을 통한 국방 무기체계 품질 향상 방안 연구]
   └ 학회: 한국산학기술학회 (IF: 0.91)
--------------------------------
[인공지능(AI) 기술 도입을 위한 정책 및 적용사례와 한계점에 대한 연구]
   └ 학회: 한국산학기술학회 (IF: 0.91)
--------------------------------
[인공지능 기반 무기체계 데이터 품질평가 지표에 대한 고찰]
   └ 학회: 한국산학기술학회 (IF: 0.91)
--------------------------------
[국내 무기체계 소프트웨어 산출물의 RMF 적용 방안 연구]
   └ 학회: 한국산학기술학회 (IF: 0.91)"
87,2023,공학 일반,598015814,이원영,3,0.0528,0.05802,"[평면형 발진기 적용을 통한 국방 무기체계 품질 향상 방안 연구]
   └ 학회: 한국산학기술학회 (IF: 0.91)
--------------------------------
[인공지능(AI) 기술 도입을 위한 정책 및 적용사례와 한계점에 대한 연구]
   └ 학회: 한국산학기술학회 (IF: 0.91)
--------------------------------
[인공지능 기반 무기체계 데이터 품질평가 지표에 대한 고찰]
   └ 학회: 한국산학기술학회 (IF: 0.91)"
88,2023,공학 일반,858802372,이상도,2,0.0528,0.05802,"[보안운영센터(SOC)의 효율성 향상을 위한 관제 지원 인텔리전스 설계 및 구현]
   └ 학회: 한국산학기술학회 (IF: 0.91)
--------------------------------
[딥러닝 기반 소스코드 취약점 자동 패치 시스템 설계 및 구현]
   └ 학회: 한국산학기술학회 (IF: 0.91)"
89,2023,공학 일반,403826581,김영희,1,0.0528,0.058020999999999996,"[기본간호학실습 교육에서의 동료지지학습과 그릿이 학업적 자기효능감에 미치는 영향]
   └ 학회: 한국산학기술학회 (IF: 0.91)"
90,2023,공학 일반,157843015,이상호,2,0.0512,0.056313,"[스마트 수도미터 계측 데이터 품질관리 기술 개발]
   └ 학회: 한국산학기술학회 (IF: 0.91)
--------------------------------
[물 재이용을 위한 다중수원 혼합 비율 산정 기술 개발]
   └ 학회: 한국산학기술학회 (IF: 0.91)"
91,2023,공학 일반,702290006,이주영,2,0.0512,0.056313,"[스마트 수도미터 계측 데이터 품질관리 기술 개발]
   └ 학회: 한국산학기술학회 (IF: 0.91)
--------------------------------
[물 재이용을 위한 다중수원 혼합 비율 산정 기술 개발]
   └ 학회: 한국산학기술학회 (IF: 0.91)"
92,2023,공학 일반,488515781,이보람,1,0.0512,0.056313999999999996,"[종합병원 간호사의 공감력, 노인에 대한 태도가 노인간호실천에 미치는 영향]
   └ 학회: 한국산학기술학회 (IF: 0.91)"
93,2023,공학 일반,485674006,임효남,1,0.0512,0.056313999999999996,"[종합병원 간호사의 공감력, 노인에 대한 태도가 노인간호실천에 미치는 영향]
   └ 학회: 한국산학기술학회 (IF: 0.91)"
94,2023,공학 일반,244022671,이경화,1,0.0512,0.056313999999999996,"[종합병원 간호사의 공감력, 노인에 대한 태도가 노인간호실천에 미치는 영향]
   └ 학회: 한국산학기술학회 (IF: 0.91)"
95,2023,공학 일반,469686543,박지인,1,0.0512,0.056313999999999996,"[간호사의 직무착근도와 역경지수가 조직몰입에 미치는 영향]
   └ 학회: 한국산학기술학회 (IF: 0.91)"
96,2023,공학 일반,571420641,이미숙,1,0.0512,0.056313999999999996,"[간호대학생들의 그릿, 학업적 자기효능감, 임상실습 스트레스, 대학생활적응과의 관계]
   └ 학회: 한국산학기술학회 (IF: 0.91)"
97,2023,공학 일반,247493463,이정은,1,0.0512,0.056313999999999996,"[대학병원 간호사의 직무스트레스, 소진 및 동료지지가 월경전증후군에 미치는 영향]
   └ 학회: 한국산학기술학회 (IF: 0.91)"
98,2023,공학 일반,599700082,권순각,2,0.0502,0.035836,"[문서 처리 자동화를 위한 인보이스 이미지의 구조 인식 방법]
   └ 학회: 한국산업정보학회 (IF: 1.4)
--------------------------------
[임베디드 기기를 위한 딥러닝 점자블록 인식 방법]
   └ 학회: 한국산업정보학회 (IF: 1.4)"
99,2023,공학 일반,551551834,박재석,1,0.0502,0.035836,"[영상신호를 입력으로 하는 3D ResNet기반 유아 행동 인식 기법]
   └ 학회: 한국산업정보학회 (IF: 1.4)"
100,2023,공학 일반,369874765,차기주,1,0.0502,0.035836,"[영상신호를 입력으로 하는 3D ResNet기반 유아 행동 인식 기법]
   └ 학회: 한국산업정보학회 (IF: 1.4)"
101,2023,공학 일반,644618207,최아영,1,0.0502,0.035836,"[영상신호를 입력으로 하는 3D ResNet기반 유아 행동 인식 기법]
   └ 학회: 한국산업정보학회 (IF: 1.4)"
102,2023,공학 일반,932107132,김희진,1,0.0502,0.035836,"[임베디드 기기를 위한 딥러닝 점자블록 인식 방법]
   └ 학회: 한국산업정보학회 (IF: 1.4)"
103,2023,공학 일반,598979355,윤재혁,1,0.0502,0.035836,"[임베디드 기기를 위한 딥러닝 점자블록 인식 방법]
   └ 학회: 한국산업정보학회 (IF: 1.4)"
104,2023,공학 일반,171313009,이대영,1,0.0502,0.035836,"[원전 디지털 I&C 계통 고장예측을 위한 신뢰도 함수 추정 인공지능 모델 비교연구]
   └ 학회: 한국산업정보학회 (IF: 1.4)"
105,2023,공학 일반,636335497,이정훈,1,0.0502,0.035836,"[원전 디지털 I&C 계통 고장예측을 위한 신뢰도 함수 추정 인공지능 모델 비교연구]
   └ 학회: 한국산업정보학회 (IF: 1.4)"
106,2023,공학 일반,277453401,양승혁,1,0.0502,0.035836,"[원전 디지털 I&C 계통 고장예측을 위한 신뢰도 함수 추정 인공지능 모델 비교연구]
   └ 학회: 한국산업정보학회 (IF: 1.4)"
107,2023,공학 일반,779643206,정희용,1,0.0502,0.035836,"[곡면 용기에 표시된 성분표 자동 인식을 위한 인공지능 기반 스마트폰 애플리케이션]
   └ 학회: 한국산업정보학회 (IF: 1.4)"
108,2023,공학 일반,792048613,신춘성,1,0.0502,0.035836,"[곡면 용기에 표시된 성분표 자동 인식을 위한 인공지능 기반 스마트폰 애플리케이션]
   └ 학회: 한국산업정보학회 (IF: 1.4)"
109,2023,공학 일반,725152303,김태호,2,0.0497,0.054606,"[무기체계 획득 의사결정의 신뢰성 향상을 위한 M&S와 AHP를 조합한 효과 분석 방법론: 전차 능동방호체계 사례를 중심으로]
   └ 학회: 한국산학기술학회 (IF: 0.91)
--------------------------------
[작전운용성능 수정 원인 분석과 진화적 획득 평가항목지표 개발 연구]
   └ 학회: 한국산학기술학회 (IF: 0.91)"
110,2023,공학 일반,418081059,한승우,2,0.0497,0.054607,"[COVID-19 상황에서 대학생의 객관적 사회적 고립이 우울에 미치는 영향 - 회복 탄력성의 매개효과 중심으로]
   └ 학회: 한국산학기술학회 (IF: 0.91)
--------------------------------
[The Effects of Gender, Hospitalization Experience Due to Violence, and Loneliness on Suicidal Ideation in Korean Multicultural Adolescents]
   └ 학회: 한국산학기술학회 (IF: 0.91)"
111,2023,공학 일반,168928215,이상일,2,0.0481,0.052901000000000004,"[온라인 심리상담 플랫폼의 기능적 요소들에 대한 상담자들의 인식 조사]
   └ 학회: 한국산학기술학회 (IF: 0.91)
--------------------------------
[한국어판 학생 프리젠티즘 척도(K-PSS)의 신뢰도와 타당도: 대학 재학생을 대상으로]
   └ 학회: 한국산학기술학회 (IF: 0.91)"
112,2023,공학 일반,326011394,도영주,2,0.0481,0.052901000000000004,"[간호대학생을 위한 한국어판 간호제공자와 대상자간 돌봄 상호작용 측정도구의 타당도와 신뢰도 검증]
   └ 학회: 한국산학기술학회 (IF: 0.91)
--------------------------------
[COVID-19 대유행 시기 장기요양시설 요양보호사의 노인과의 상호작용과 연결 경험에 대한 질적 연구]
   └ 학회: 한국산학기술학회 (IF: 0.91)"
113,2023,공학 일반,159071796,안진영,2,0.0481,0.052901000000000004,"[간호대학생을 위한 한국어판 간호제공자와 대상자간 돌봄 상호작용 측정도구의 타당도와 신뢰도 검증]
   └ 학회: 한국산학기술학회 (IF: 0.91)
--------------------------------
[COVID-19 대유행 시기 장기요양시설 요양보호사의 노인과의 상호작용과 연결 경험에 대한 질적 연구]
   └ 학회: 한국산학기술학회 (IF: 0.91)"
114,2023,공학 일반,830284946,김두리,1,0.0481,0.052901,"[간호대학생의 좋은 죽음 인식, 생명의료 윤리의식이 사전의료의향서 태도에 미치는 영향]
   └ 학회: 한국산학기술학회 (IF: 0.91)"
115,2023,공학 일반,789127035,양채연,1,0.0481,0.052901,"[간호대학생의 좋은 죽음 인식, 생명의료 윤리의식이 사전의료의향서 태도에 미치는 영향]
   └ 학회: 한국산학기술학회 (IF: 0.91)"
116,2023,공학 일반,284706696,채희원,1,0.0481,0.052901,"[간호대학생의 좋은 죽음 인식, 생명의료 윤리의식이 사전의료의향서 태도에 미치는 영향]
   └ 학회: 한국산학기술학회 (IF: 0.91)"
117,2023,공학 일반,669249648,장지은,1,0.0481,0.052901,"[간호대학생의 좋은 죽음 인식, 생명의료 윤리의식이 사전의료의향서 태도에 미치는 영향]
   └ 학회: 한국산학기술학회 (IF: 0.91)"
118,2023,공학 일반,619675402,윤지수,1,0.0481,0.052901,"[간호대학생의 좋은 죽음 인식, 생명의료 윤리의식이 사전의료의향서 태도에 미치는 영향]
   └ 학회: 한국산학기술학회 (IF: 0.91)"
119,2023,공학 일반,596273631,유미옥,1,0.0481,0.052901,"[간호대학생의 그릿과 성격유형이 대학생활적응에 미치는 영향]
   └ 학회: 한국산학기술학회 (IF: 0.91)"
120,2023,공학 일반,944781918,김아라,1,0.0481,0.052901,"[간호대학생의 윤리적 민감성과 간호전문직관이 연명의료 중단 태도에 미치는 영향]
   └ 학회: 한국산학기술학회 (IF: 0.91)"
121,2023,공학 일반,855477570,김지명,7,0.0466,0.051195000000000004,"[연축전지와 슈퍼커패시터를 이용한 하이브리드형 전동 휠체어의 구현]
   └ 학회: 한국산학기술학회 (IF: 0.91)
--------------------------------
[±35kV급 MVDC 하이브리드 배전망의 보호협조 운용방안에 관한 연구]
   └ 학회: 한국산학기술학회 (IF: 0.91)
--------------------------------
[LVDC 선로용 4kW급 사고구간 분리용 보호장치의 설계 및 구현]
   └ 학회: 한국산학기술학회 (IF: 0.91)
--------------------------------
[±35kV급 MVDC 실증 배전망의 보호협조기기 운용알고리즘에 관한 연구]
   └ 학회: 한국산학기술학회 (IF: 0.91)
--------------------------------
[중대형 배터리의 형태에 따른 열화 패턴분석에 관한 연구]
   └ 학회: 한국산학기술학회 (IF: 0.91)
--------------------------------
[DR과 피크저감을 고려한 ESS의 운용 알고리즘에 관한 연구]
   └ 학회: 한국산학기술학회 (IF: 0.91)
--------------------------------
[누설 및 순환전류에 따른 ESS의 안전성 평가방안에 관한 연구]
   └ 학회: 한국산학기술학회 (IF: 0.91)"
122,2023,공학 일반,144247593,최성문,4,0.0466,0.051195000000000004,"[Sharing용 ESS의 CMV 발생 메커니즘 및 모델링에 관한 연구]
   └ 학회: 한국산학기술학회 (IF: 0.91)
--------------------------------
[CMV에 의한 ESS 안전성 평가에 관한 연구]
   └ 학회: 한국산학기술학회 (IF: 0.91)
--------------------------------
[DR과 피크저감을 고려한 ESS의 운용 알고리즘에 관한 연구]
   └ 학회: 한국산학기술학회 (IF: 0.91)
--------------------------------
[누설 및 순환전류에 따른 ESS의 안전성 평가방안에 관한 연구]
   └ 학회: 한국산학기술학회 (IF: 0.91)"
123,2023,공학 일반,664007545,이승희,1,0.0466,0.051193999999999996,"[노인의 정보화기기 활용능력이 삶의 만족도에 미치는 영향: 사회참여활동과 우울의 연속 다중매개효과]
   └ 학회: 한국산학기술학회 (IF: 0.91)"
124,2023,공학 일반,384431740,한미진,1,0.0466,0.051193999999999996,"[노인의 정보화기기 활용능력이 삶의 만족도에 미치는 영향: 사회참여활동과 우울의 연속 다중매개효과]
   └ 학회: 한국산학기술학회 (IF: 0.91)"
125,2023,공학 일반,635065964,이점숙,1,0.0466,0.051193999999999996,"[노인의 정보화기기 활용능력이 삶의 만족도에 미치는 영향: 사회참여활동과 우울의 연속 다중매개효과]
   └ 학회: 한국산학기술학회 (IF: 0.91)"
126,2023,공학 일반,249203587,김선호,1,0.0466,0.051193999999999996,"[노인의 정보화기기 활용능력이 삶의 만족도에 미치는 영향: 사회참여활동과 우울의 연속 다중매개효과]
   └ 학회: 한국산학기술학회 (IF: 0.91)"
127,2023,공학 일반,300204103,정헌식,1,0.0466,0.051193999999999996,"[코로나19를 경험한 고학년 대학생들의 취업불안, 우울 및 역기능적 진로사고가 취업준비행동에 미치는 영향]
   └ 학회: 한국산학기술학회 (IF: 0.91)"
128,2023,공학 일반,315412327,최현주,6,0.045,0.049488000000000004,"[커브피팅을 활용한 특정 포병 탄도분석 연구]
   └ 학회: 한국산학기술학회 (IF: 0.91)
--------------------------------
[「중국 우주백서」 분석을 통한 중국 우주기술 발전방향 연구]
   └ 학회: 한국산학기술학회 (IF: 0.91)
--------------------------------
[중국공산당 주요 보고서 분석을 통한 중국 과학기술 발전방향 연구 -텍스트마이닝 기법을 활용하여-]
   └ 학회: 한국산학기술학회 (IF: 0.91)
--------------------------------
[전운량을 고려한 정찰위성 작전효과 분석 방법론 연구: ① 북한지역 전운량 빅데이터 분석을 통한 취약요인 분석]
   └ 학회: 한국산학기술학회 (IF: 0.91)
--------------------------------
[전운량을 고려한 정찰위성 작전효과 분석 방법론 연구: ② 위성관측 취약요인에 기반한 정찰위성 작전효과 분석]
   └ 학회: 한국산학기술학회 (IF: 0.91)
--------------------------------
[기상학적 요소를 고려한 무인항공기 운용효율 최적화 방안 연구]
   └ 학회: 한국산학기술학회 (IF: 0.91)"
129,2023,공학 일반,1257831,김정수,1,0.045,0.049488,"[세그멘테이션과 객체 감지 모델의 콘크리트 균열 검출 성능 비교]
   └ 학회: 한국산학기술학회 (IF: 0.91)"
130,2023,공학 일반,588672712,이경재,1,0.045,0.049488,"[Sim2Real 학습을 활용한 무기체계 탐지성능 향상에 대한 연구]
   └ 학회: 한국산학기술학회 (IF: 0.91)"
131,2023,공학 일반,947906251,박소연,2,0.0435,0.047782,"[재취업 산업재해근로자의 일자리 만족을 위한 긍정적 자아개념과 동료 관계에 대한 고찰]
   └ 학회: 한국산학기술학회 (IF: 0.91)
--------------------------------
[직업복귀 산업재해근로자의 일자리만족 영향요인에 대한 연구]
   └ 학회: 한국산학기술학회 (IF: 0.91)"
132,2023,공학 일반,871999806,김혜영,2,0.0435,0.047782,"[재취업 산업재해근로자의 일자리 만족을 위한 긍정적 자아개념과 동료 관계에 대한 고찰]
   └ 학회: 한국산학기술학회 (IF: 0.91)
--------------------------------
[직업복귀 산업재해근로자의 일자리만족 영향요인에 대한 연구]
   └ 학회: 한국산학기술학회 (IF: 0.91)"
133,2023,공학 일반,142919781,이병록,2,0.0435,0.047782,"[노인복지관 종사자의 셀프리더십과 직무만족의 관계에서 직무소진의 매개효과]
   └ 학회: 한국산학기술학회 (IF: 0.91)
--------------------------------
[사회복지시설 종사자를 대상으로 한 인적자원관리의 연구동향에 관한 비판적 고찰: 직무만족을 중심으로]
   └ 학회: 한국산학기술학회 (IF: 0.91)"
134,2023,공학 일반,625878054,윤정환,1,0.0435,0.047781000000000004,"[스마트 수도미터 계측 데이터 품질관리 기술 개발]
   └ 학회: 한국산학기술학회 (IF: 0.91)"
135,2023,공학 일반,945826799,김요진,1,0.0435,0.047781000000000004,"[기계학습을 활용한 레이더 공기건조기 이상 탐지]
   └ 학회: 한국산학기술학회 (IF: 0.91)"
136,2023,공학 일반,103190911,강필성,1,0.0435,0.047781000000000004,"[기계학습을 활용한 레이더 공기건조기 이상 탐지]
   └ 학회: 한국산학기술학회 (IF: 0.91)"
137,2023,공학 일반,559023711,염동원,1,0.0435,0.047781000000000004,"[기계학습을 활용한 레이더 공기건조기 이상 탐지]
   └ 학회: 한국산학기술학회 (IF: 0.91)"
138,2023,공학 일반,666911520,김건우,1,0.0435,0.047781000000000004,"[기계학습을 활용한 레이더 공기건조기 이상 탐지]
   └ 학회: 한국산학기술학회 (IF: 0.91)"
139,2023,공학 일반,955412636,김지희,1,0.0435,0.047782,"[신생아중환자실 간호사의 감염관리수행 영향요인]
   └ 학회: 한국산학기술학회 (IF: 0.91)"
140,2023,공학 일반,471911109,천경민,1,0.0435,0.047782,"[병원간호사의 조직공정성, 긍정심리자본, 일의 의미가 재직의도에 미치는 영향]
   └ 학회: 한국산학기술학회 (IF: 0.91)"
141,2023,공학 일반,339871796,김효춘,1,0.0435,0.047782,"[요양병원 간호사의 자기효능감과 노인돌봄태도가 느린 간호에 미치는 영향]
   └ 학회: 한국산학기술학회 (IF: 0.91)"
142,2023,공학 일반,858964831,김소진,1,0.0435,0.047782,"[중소병원 수술실 간호사의 방사선 방어행위 영향요인]
   └ 학회: 한국산학기술학회 (IF: 0.91)"
143,2023,공학 일반,985765103,박창승,1,0.0435,0.047782,"[구급대원으로 활동하는 간호사가 실무에서 경험한 어려움과 대처]
   └ 학회: 한국산학기술학회 (IF: 0.91)"
144,2023,공학 일반,145797188,고영주,1,0.0435,0.047782,"[구급대원으로 활동하는 간호사가 실무에서 경험한 어려움과 대처]
   └ 학회: 한국산학기술학회 (IF: 0.91)"
145,2023,공학 일반,399418298,김진수,1,0.0435,0.047782,"[요양병원 간호사의 감염관리 경험]
   └ 학회: 한국산학기술학회 (IF: 0.91)"
146,2023,공학 일반,947198602,김정수,1,0.0435,0.047782,"[요양병원 간호사의 감염관리 경험]
   └ 학회: 한국산학기술학회 (IF: 0.91)"
147,2023,공학 일반,252822141,박경실,2,0.0419,0.046075000000000005,"[젊은 성인의 COVID-19 대유행 전후 건강행동 변화: 2019-2020년 지역사회건강조사를 활용한 성별 분석]
   └ 학회: 한국산학기술학회 (IF: 0.91)
--------------------------------
[20-30대의 COVID-19 예방행위에 미치는 영향요인: 2020년 지역사회건강조사 자료 활용한 분석]
   └ 학회: 한국산학기술학회 (IF: 0.91)"
148,2023,공학 일반,999324891,박주영,2,0.0419,0.046075000000000005,"[인공지능(AI) 기술 도입을 위한 정책 및 적용사례와 한계점에 대한 연구]
   └ 학회: 한국산학기술학회 (IF: 0.91)
--------------------------------
[인공지능 기반 무기체계 데이터 품질평가 지표에 대한 고찰]
   └ 학회: 한국산학기술학회 (IF: 0.91)"
149,2023,공학 일반,282303515,배만재,3,0.0404,0.044368000000000005,"[신뢰성 분석을 통한 침투성보호의 저장수명에 대한 연구]
   └ 학회: 한국산학기술학회 (IF: 0.91)
--------------------------------
[자동 추출 및 증류장비를 활용한 DPA 함량 측정법 비교 연구]
   └ 학회: 한국산학기술학회 (IF: 0.91)
--------------------------------
[개인 제독키트의 피부자극 및 안점막자극에 대한 위해성 평가 연구]
   └ 학회: 한국산학기술학회 (IF: 0.91)"
150,2023,공학 일반,440624974,채명옥,2,0.0404,0.044369,"[간호대학생과 임상간호사의 환자안전역량에 대한 시뮬레이션 교육요구도 비교: IPA 기법을 활용하여]
   └ 학회: 한국산학기술학회 (IF: 0.91)
--------------------------------
[성인 1인 가구의 생애주기별 체중 조절 행동 영향 요인]
   └ 학회: 한국산학기술학회 (IF: 0.91)"
151,2023,공학 일반,875191438,한정희,1,0.0404,0.044369,"[간호대학생의 학습실재감, 학습몰입, 학습효과 간의 관계 연구 - e-learning 환경의 학습자 중심으로]
   └ 학회: 한국산학기술학회 (IF: 0.91)"
152,2023,공학 일반,938479085,정승은,1,0.0404,0.044369,"[간호대학생의 학습실재감, 학습몰입, 학습효과 간의 관계 연구 - e-learning 환경의 학습자 중심으로]
   └ 학회: 한국산학기술학회 (IF: 0.91)"
153,2023,공학 일반,146842169,김아린,1,0.0404,0.044369,"[간호대학생과 임상간호사의 환자안전역량에 대한 시뮬레이션 교육요구도 비교: IPA 기법을 활용하여]
   └ 학회: 한국산학기술학회 (IF: 0.91)"
154,2023,공학 일반,754627804,김순희,1,0.0404,0.044369,"[간호대학생의 법의식과 인권의식이 성인지 감수성에 미치는 영향]
   └ 학회: 한국산학기술학회 (IF: 0.91)"
155,2023,공학 일반,163100348,이현기,1,0.0404,0.044368,"[초해상화 기반 CNN을 이용한 GPR 영상에서의 지뢰 분류]
   └ 학회: 한국산학기술학회 (IF: 0.91)"
156,2023,공학 일반,591272217,박휘랑,1,0.0404,0.044368,"[훈련데이터의 속성 재배열 방법에 따른 CNN 기반의 IDS 성능 비교]
   └ 학회: 한국산학기술학회 (IF: 0.91)"
157,2023,공학 일반,2280796,조영호,1,0.0404,0.044368,"[훈련데이터의 속성 재배열 방법에 따른 CNN 기반의 IDS 성능 비교]
   └ 학회: 한국산학기술학회 (IF: 0.91)"
158,2023,공학 일반,124227507,구옥희,1,0.0404,0.044369,"[Z 세대 간호대학생의 정치적 · 경제적 · 사회문화적 관심이 전문직 정체성에 미치는 영향]
   └ 학회: 한국산학기술학회 (IF: 0.91)"
159,2023,공학 일반,891725126,서명희,1,0.0404,0.044369,"[간호대학생의 HIV/AIDS 인권교육의 효과와 지속성 연구: HIV/AIDS 지식, 두려움, 개인적 낙인인식, 낙인 의사소통 중심으로]
   └ 학회: 한국산학기술학회 (IF: 0.91)"
160,2023,공학 일반,466873268,서보경,1,0.0404,0.044369,"[간호대학생의 공감능력이 다문화 역량에 미치는 영향: 사회적 관심과 다문화 수용성의 매개효과를 중심으로]
   └ 학회: 한국산학기술학회 (IF: 0.91)"
161,2023,공학 일반,751243267,정추영,1,0.0404,0.044369,"[간호대학생의 공감능력이 다문화 역량에 미치는 영향: 사회적 관심과 다문화 수용성의 매개효과를 중심으로]
   └ 학회: 한국산학기술학회 (IF: 0.91)"
162,2023,공학 일반,550832017,이신애,1,0.0404,0.044369,"[하브루타 학습법을 적용한 기본간호학실습이 간호대학생의 핵심간호술기 수행자신감, 의사소통능력, 학업적 자기효능감에 미치는 효과]
   └ 학회: 한국산학기술학회 (IF: 0.91)"
163,2023,공학 일반,429013883,김나영,1,0.0404,0.044369,"[간호대학생을 위한 시뮬레이션 기반 한국전문소생술 교육에서 임상판단모델을 적용한 디브리핑의 효과]
   └ 학회: 한국산학기술학회 (IF: 0.91)"
164,2023,공학 일반,588672965,김영지,1,0.0404,0.044369,"[간호대학생을 위한 시뮬레이션 기반 한국전문소생술 교육에서 임상판단모델을 적용한 디브리핑의 효과]
   └ 학회: 한국산학기술학회 (IF: 0.91)"
165,2023,공학 일반,754168771,한명희,3,0.0388,0.042662000000000005,"[코로나19 시대 노인인구의 디지털 정보화 역량에 따른 삶의 만족도 분석]
   └ 학회: 한국산학기술학회 (IF: 0.91)
--------------------------------
[노인인구의 복합만성질환 유형에 따른 건강 특성, 의료기관 이용 및 의료비 지출 특성 분석]
   └ 학회: 한국산학기술학회 (IF: 0.91)
--------------------------------
[자살 생각에 따른 자살 시도 고위험군 규명]
   └ 학회: 한국산학기술학회 (IF: 0.91)"
166,2023,공학 일반,140834707,김은영,1,0.0388,0.042662,"[COVID-19 상황에서 대학생의 객관적 사회적 고립이 우울에 미치는 영향 - 회복 탄력성의 매개효과 중심으로]
   └ 학회: 한국산학기술학회 (IF: 0.91)"
167,2023,공학 일반,784775935,최금자,1,0.0388,0.042662,"[Coronavirus disease 2019(COVID-19) 대유행으로 인한 성인 우울증 유병률 변화: 제 8기(2019~2020) 국민건강영양조사 자료]
   └ 학회: 한국산학기술학회 (IF: 0.91)"
168,2023,공학 일반,838960889,이정욱,1,0.0388,0.042662,"[중년 1인 가구원의 자살 생각 영향요인에 관한 연구 -국민건강영양조사 6기~8기 자료를 활용하여-]
   └ 학회: 한국산학기술학회 (IF: 0.91)"
169,2023,공학 일반,221629915,김은경,1,0.0388,0.042662,"[고령 친화적 지역사회 환경이 노인 삶의 우울에 미치는 영향: 2020년 전국 17개 시·도 노인실태 조사를 중심으로]
   └ 학회: 한국산학기술학회 (IF: 0.91)"
170,2023,공학 일반,958197469,조현성,1,0.0373,0.040956,"[필터류를 이용한 철강공장 압연 생산 데이터의 취득과 머신러닝의 효율화로 예방적 유지보수 방안 연구]
   └ 학회: 한국산학기술학회 (IF: 0.91)"
171,2023,공학 일반,700906456,신인태,5,0.0357,0.039248000000000005,"[국방기술자료 관리체계 개선을 위한 국방분야 표준개발협력기관 적용방안 연구]
   └ 학회: 한국산학기술학회 (IF: 0.91)
--------------------------------
[기술 수준 평가 기반 국방 항공 유·무인 복합체계 발전방안 연구]
   └ 학회: 한국산학기술학회 (IF: 0.91)
--------------------------------
[기술패권 경쟁 우위 확보를 위한 선택과 집중의 국방전략기술 연구]
   └ 학회: 한국산학기술학회 (IF: 0.91)
--------------------------------
[협력 인지 무선 네트워크 양자화 비트 수 할당기법의 감지성능분석]
   └ 학회: 한국산학기술학회 (IF: 0.91)
--------------------------------
[국방 우주 분야의 무기체계 개발동향 및 국방전략기술 발전방향]
   └ 학회: 한국산학기술학회 (IF: 0.91)"
172,2023,공학 일반,749224593,김계경,1,0.0357,0.039249,"[청소년 대상 월경곤란증 연구에 대한 통합적 고찰]
   └ 학회: 한국산학기술학회 (IF: 0.91)"
173,2023,공학 일반,804830795,김영아,1,0.0357,0.039249,"[청소년 대상 월경곤란증 연구에 대한 통합적 고찰]
   └ 학회: 한국산학기술학회 (IF: 0.91)"
174,2023,공학 일반,365609702,김정숙,1,0.0342,0.037542,"[중년여성의 생활스트레스, 사회적지지, 노화불안이 삶의 질에 미치는 영향]
   └ 학회: 한국산학기술학회 (IF: 0.91)"
175,2023,공학 일반,349463068,김국태,1,0.0342,0.037542000000000006,"[원통형 박판 제품의 통합 용접 모니터링 시스템 구축 -스마트 공장 구현 중심으로-]
   └ 학회: 한국산학기술학회 (IF: 0.91)"
176,2023,공학 일반,987887348,김충민,1,0.0342,0.037542000000000006,"[원통형 박판 제품의 통합 용접 모니터링 시스템 구축 -스마트 공장 구현 중심으로-]
   └ 학회: 한국산학기술학회 (IF: 0.91)"
177,2023,공학 일반,5417041,이현수,1,0.0342,0.037542000000000006,"[원통형 박판 제품의 통합 용접 모니터링 시스템 구축 -스마트 공장 구현 중심으로-]
   └ 학회: 한국산학기술학회 (IF: 0.91)"
178,2023,공학 일반,191524926,유재필,2,0.0334,0.023891,"[인공신경망을 이용한 메자닌 상품의 행사 알고리즘]
   └ 학회: 한국산업정보학회 (IF: 1.4)
--------------------------------
[연관규칙분석을 이용한 가상화폐의 가격 변동에 대한 패턴분석]
   └ 학회: 한국산학기술학회 (IF: 0.91)"
179,2023,공학 일반,753570823,변경근,1,0.0334,0.023891,"[건강보험 청구 데이터를 활용한 머신러닝 기반 유방암 환자의 생존 여부 예측]
   └ 학회: 한국산업정보학회 (IF: 1.4)"
180,2023,공학 일반,132776979,이형동,1,0.0334,0.023891,"[건강보험 청구 데이터를 활용한 머신러닝 기반 유방암 환자의 생존 여부 예측]
   └ 학회: 한국산업정보학회 (IF: 1.4)"
181,2023,공학 일반,394042799,신선희,1,0.0334,0.023891,"[건강보험 청구 데이터를 활용한 머신러닝 기반 유방암 환자의 생존 여부 예측]
   └ 학회: 한국산업정보학회 (IF: 1.4)"
182,2023,공학 일반,687350,김현지,1,0.0334,0.023891,"[개인의 감성 분석 기반 향 추천 미러 설계]
   └ 학회: 한국산업정보학회 (IF: 1.4)"
183,2023,공학 일반,175419209,오유수,1,0.0334,0.023891,"[개인의 감성 분석 기반 향 추천 미러 설계]
   └ 학회: 한국산업정보학회 (IF: 1.4)"
184,2023,공학 일반,880038573,남동현,1,0.0334,0.023891,"[자동차 사고 경상환자의 장기입원 예측 모델 개발]
   └ 학회: 한국산업정보학회 (IF: 1.4)"
185,2023,공학 일반,493963190,허성필,1,0.0334,0.023891,"[자동차 사고 경상환자의 장기입원 예측 모델 개발]
   └ 학회: 한국산업정보학회 (IF: 1.4)"
186,2023,공학 일반,234794963,오세원,3,0.0326,0.035836,"[대학 행정직원의 특성화 사업 인식이 재학생을 위한 진로탐색에 미치는 영향: 대학 특성화 정책에 대한 인식도, 만족도, 중요도의 매개효과]
   └ 학회: 한국산학기술학회 (IF: 0.91)
--------------------------------
[성인학습자의 플립러닝 인식과 수준, 협력적 자기효능감 및 융합전공 교육과정 인식 간의 구조적 관계]
   └ 학회: 한국산학기술학회 (IF: 0.91)
--------------------------------
[S대학교 재학생의 코로나19 대응 학사운영과 원격수업 만족도, 비대면 수업에 대한 인식, 학습지속 의향 간의 구조적 관계]
   └ 학회: 한국산학기술학회 (IF: 0.91)"
187,2023,공학 일반,587867635,김종운,2,0.0326,0.035836,"[시험단계에서의 철도부품 고장 데이터 수집 및 분석 체계 지원을 위한 S/W개발]
   └ 학회: 한국산학기술학회 (IF: 0.91)
--------------------------------
[RAM-C 분석을 통해 무기체계에 CBM+ 적용 효과도에 관한 연구]
   └ 학회: 한국산학기술학회 (IF: 0.91)"
188,2023,공학 일반,187536968,조관준,2,0.0326,0.035836,"[유도탄 저장신뢰성평가 로트 기준 설정 연구]
   └ 학회: 한국산학기술학회 (IF: 0.91)
--------------------------------
[일반 탄약의 신뢰도와 신뢰수준을 고려한 시험기준 연구]
   └ 학회: 한국산학기술학회 (IF: 0.91)"
189,2023,공학 일반,246568439,고진환,2,0.0326,0.035836,"[초분해능 기법을 이용한 전동기 정밀 상태진단]
   └ 학회: 한국산학기술학회 (IF: 0.91)
--------------------------------
[기상 데이터를 활용한 CNN-LSTM 기반 유량 예측 모델 연구]
   └ 학회: 한국산학기술학회 (IF: 0.91)"
190,2023,공학 일반,304776655,박연경,2,0.0326,0.035836,"[레이더 체계 운용데이터 기반 냉매 누설 사전 감지 연구]
   └ 학회: 한국산학기술학회 (IF: 0.91)
--------------------------------
[RAM-C 분석을 통해 무기체계에 CBM+ 적용 효과도에 관한 연구]
   └ 학회: 한국산학기술학회 (IF: 0.91)"
191,2023,공학 일반,116065855,조일훈,2,0.0326,0.035836,"[레이더 체계 운용데이터 기반 냉매 누설 사전 감지 연구]
   └ 학회: 한국산학기술학회 (IF: 0.91)
--------------------------------
[RAM-C 분석을 통해 무기체계에 CBM+ 적용 효과도에 관한 연구]
   └ 학회: 한국산학기술학회 (IF: 0.91)"
192,2023,공학 일반,5416831,황재민,1,0.0326,0.035836,"[SinGAN을 활용한 군사장애물 데이터 부족 문제 해결 및 실증 연구]
   └ 학회: 한국산학기술학회 (IF: 0.91)"
193,2023,공학 일반,423461362,조영준,1,0.0326,0.035836,"[ARM 모델을 활용한 한우의 활동량 데이터 수집과 발정 예측]
   └ 학회: 한국산학기술학회 (IF: 0.91)"
194,2023,공학 일반,924422528,김종원,1,0.0326,0.035836,"[ARM 모델을 활용한 한우의 활동량 데이터 수집과 발정 예측]
   └ 학회: 한국산학기술학회 (IF: 0.91)"
195,2023,공학 일반,221760246,김기선,1,0.0326,0.035836,"[딥러닝 모델 기반 항공사진 분석을 통한 포병 진지 적합지역 분석]
   └ 학회: 한국산학기술학회 (IF: 0.91)"
196,2023,공학 일반,572603754,이관목,1,0.0326,0.035836,"[딥러닝 기반 소스코드 취약점 자동 패치 시스템 설계 및 구현]
   └ 학회: 한국산학기술학회 (IF: 0.91)"
197,2023,공학 일반,919829624,엔드하르타 알폰수스 주란토,1,0.0326,0.035836,"[RAM-C 분석을 통해 무기체계에 CBM+ 적용 효과도에 관한 연구]
   └ 학회: 한국산학기술학회 (IF: 0.91)"
198,2023,공학 일반,434421710,김영선,1,0.0326,0.035836,"[RAM-C 분석을 통해 무기체계에 CBM+ 적용 효과도에 관한 연구]
   └ 학회: 한국산학기술학회 (IF: 0.91)"
199,2023,공학 일반,357757547,정희철,1,0.0326,0.035836,"[일반 탄약의 신뢰도와 신뢰수준을 고려한 시험기준 연구]
   └ 학회: 한국산학기술학회 (IF: 0.91)"
200,2023,공학 일반,902641131,홍희현,1,0.0326,0.035836,"[일반 탄약의 신뢰도와 신뢰수준을 고려한 시험기준 연구]
   └ 학회: 한국산학기술학회 (IF: 0.91)"
201,2023,공학 일반,475242138,최낙훈,2,0.0311,0.03413,"[ｋNN과 앙상블을 이용한 항결핵약 캡슐제의 용출 예측 연구]
   └ 학회: 한국산학기술학회 (IF: 0.91)
--------------------------------
[전기차 내장 감성 조명용 CRASH PAD GARNISH BODY 제조기술에 관한 연구]
   └ 학회: 한국산학기술학회 (IF: 0.91)"
202,2023,공학 일반,254111343,유현상,2,0.0311,0.03413,"[CMV에 의한 ESS 안전성 평가에 관한 연구]
   └ 학회: 한국산학기술학회 (IF: 0.91)
--------------------------------
[DR과 피크저감을 고려한 ESS의 운용 알고리즘에 관한 연구]
   └ 학회: 한국산학기술학회 (IF: 0.91)"
203,2023,공학 일반,886216439,이호찬,1,0.0311,0.034129,"[무기체계 획득 의사결정의 신뢰성 향상을 위한 M&S와 AHP를 조합한 효과 분석 방법론: 전차 능동방호체계 사례를 중심으로]
   └ 학회: 한국산학기술학회 (IF: 0.91)"
204,2023,공학 일반,539060127,강태호,1,0.0311,0.034129,"[무기체계 획득 의사결정의 신뢰성 향상을 위한 M&S와 AHP를 조합한 효과 분석 방법론: 전차 능동방호체계 사례를 중심으로]
   └ 학회: 한국산학기술학회 (IF: 0.91)"
205,2023,공학 일반,755272978,박진선,1,0.0311,0.034129,"[무기체계 획득 의사결정의 신뢰성 향상을 위한 M&S와 AHP를 조합한 효과 분석 방법론: 전차 능동방호체계 사례를 중심으로]
   └ 학회: 한국산학기술학회 (IF: 0.91)"
206,2023,공학 일반,158885289,박태웅,1,0.0311,0.034129,"[무기체계 획득 의사결정의 신뢰성 향상을 위한 M&S와 AHP를 조합한 효과 분석 방법론: 전차 능동방호체계 사례를 중심으로]
   └ 학회: 한국산학기술학회 (IF: 0.91)"
207,2023,공학 일반,138262178,공경배,1,0.0311,0.03413,"[요양보호사의 보상체계가 직무만족도에 미치는 영향: 임파워먼트의 매개효과를 중심으로]
   └ 학회: 한국산학기술학회 (IF: 0.91)"
208,2023,공학 일반,322316136,박윤희,2,0.0295,0.032423,"[경력자본에 관한 연구동향 분석: 국내 · 외 학술지를 중심으로]
   └ 학회: 한국산학기술학회 (IF: 0.91)
--------------------------------
[HR부서 역량이 조직의 인적자원역량에 미치는 영향: 직무만족과 조직몰입의 매개효과]
   └ 학회: 한국산학기술학회 (IF: 0.91)"
209,2023,공학 일반,446540050,김지영,1,0.0295,0.032423,"[HR부서 역량이 조직의 인적자원역량에 미치는 영향: 직무만족과 조직몰입의 매개효과]
   └ 학회: 한국산학기술학회 (IF: 0.91)"
210,2023,공학 일반,946781859,김지수,1,0.0295,0.032423,"[HR부서 역량이 조직의 인적자원역량에 미치는 영향: 직무만족과 조직몰입의 매개효과]
   └ 학회: 한국산학기술학회 (IF: 0.91)"
211,2023,공학 일반,835475134,고은희,1,0.0295,0.032423,"[보육교사의 직무스트레스가 직무만족도에 미치는 영향: 행복감의 매개효과]
   └ 학회: 한국산학기술학회 (IF: 0.91)"
212,2023,공학 일반,849123264,이진희,1,0.0295,0.032423,"[보육교사의 직무스트레스가 직무만족도에 미치는 영향: 행복감의 매개효과]
   └ 학회: 한국산학기술학회 (IF: 0.91)"
213,2023,공학 일반,166116363,김동욱,3,0.028,0.030716,"[전자지원체계 연구개발 동향 분석과 국산화 방안에 대한 연구]
   └ 학회: 한국산학기술학회 (IF: 0.91)
--------------------------------
[국방 중소기업자 우선선정 품목지정 제도 개선을 위한 후보군 강화 방안 연구]
   └ 학회: 한국산학기술학회 (IF: 0.91)
--------------------------------
[방위산업 분야 부품공급망 정보관리 방안 연구]
   └ 학회: 한국산학기술학회 (IF: 0.91)"
214,2023,공학 일반,576358361,우정완,3,0.028,0.030716,"[전자지원체계 연구개발 동향 분석과 국산화 방안에 대한 연구]
   └ 학회: 한국산학기술학회 (IF: 0.91)
--------------------------------
[국방 중소기업자 우선선정 품목지정 제도 개선을 위한 후보군 강화 방안 연구]
   └ 학회: 한국산학기술학회 (IF: 0.91)
--------------------------------
[방위산업 분야 부품공급망 정보관리 방안 연구]
   └ 학회: 한국산학기술학회 (IF: 0.91)"
215,2023,공학 일반,753614791,서영욱,2,0.028,0.030717,"[영상처리를 이용한 5령 누에 움직임 검출 및 병잠 검출을 위한 기초 연구]
   └ 학회: 한국산학기술학회 (IF: 0.91)
--------------------------------
[밀 종자 품종 및 물성 분류를 위한 ResNet50 모델 기반의 이미지 분석]
   └ 학회: 한국산학기술학회 (IF: 0.91)"
216,2023,공학 일반,127259379,정관희,3,0.0264,0.029009,"[위기 청소년의 자기효능감과 그릿이 학교적응 유연성에 미치는 영향]
   └ 학회: 한국산학기술학회 (IF: 0.91)
--------------------------------
[청소년의 마음챙김이 사회성 발달에 미치는 영향]
   └ 학회: 한국산학기술학회 (IF: 0.91)
--------------------------------
[비행 청소년의 그릿과 대인관계 성향 관계 연구 -마음 챙김의 매개 효과분석을 중심으로-]
   └ 학회: 한국산학기술학회 (IF: 0.91)"
217,2023,공학 일반,687397580,강경자,2,0.0264,0.02901,"[일차두통환자의 두통 예방 및 관리 자기효능감, 수면위생실천과 수면의 질]
   └ 학회: 한국산학기술학회 (IF: 0.91)
--------------------------------
[청소년의 건강행태와 정신건강요인이 비만에 영향을 미치는 요인 : 제18차 청소년건강행태 온라인 조사자료 활용]
   └ 학회: 한국산학기술학회 (IF: 0.91)"
218,2023,공학 일반,567577347,문혁준,2,0.0264,0.02901,"[유아교사의 교직헌신도와 직무환경이 역할수행에 미치는 영향]
   └ 학회: 한국산학기술학회 (IF: 0.91)
--------------------------------
[대학생이 지각한 어머니의 양육행동과 사회적 지지가 진로결정자기효능감에 미치는 영향]
   └ 학회: 한국산학기술학회 (IF: 0.91)"
219,2023,공학 일반,705821907,최윤희,1,0.0264,0.02901,"[대학생이 지각한 어머니의 양육행동과 사회적 지지가 진로결정자기효능감에 미치는 영향]
   └ 학회: 한국산학기술학회 (IF: 0.91)"
220,2023,공학 일반,122907601,정나나,1,0.0264,0.02901,"[코로나 시대의 가정에서 어머니가 지각한 가족건강성이 양육스트레스에 미치는 영향: 사회적 지지의 매개효과를 중심으로]
   └ 학회: 한국산학기술학회 (IF: 0.91)"
221,2023,공학 일반,479450543,고은숙,1,0.0264,0.02901,"[청소년의 건강행태와 정신건강요인이 비만에 영향을 미치는 요인 : 제18차 청소년건강행태 온라인 조사자료 활용]
   └ 학회: 한국산학기술학회 (IF: 0.91)"
222,2023,공학 일반,240882317,서석호,1,0.0264,0.02901,"[인공지능 기반 무기체계 데이터 품질평가 지표에 대한 고찰]
   └ 학회: 한국산학기술학회 (IF: 0.91)"
223,2023,공학 일반,494882232,염서희,2,0.0248,0.027303,"[Chlorella miniata 의 고농도 배양을 위한 배양조건의 통계학적 최적화]
   └ 학회: 한국산학기술학회 (IF: 0.91)
--------------------------------
[반응표면분석법을 이용한 김으로부터 생리활성물질 생산증대를 위한 초음파 추출 조건 최적화]
   └ 학회: 한국산학기술학회 (IF: 0.91)"
224,2023,공학 일반,256179650,김소희,2,0.0248,0.027303,"[Chlorella miniata 의 고농도 배양을 위한 배양조건의 통계학적 최적화]
   └ 학회: 한국산학기술학회 (IF: 0.91)
--------------------------------
[반응표면분석법을 이용한 김으로부터 생리활성물질 생산증대를 위한 초음파 추출 조건 최적화]
   └ 학회: 한국산학기술학회 (IF: 0.91)"
225,2023,공학 일반,196242542,박하영,2,0.0248,0.027303,"[Chlorella miniata 의 고농도 배양을 위한 배양조건의 통계학적 최적화]
   └ 학회: 한국산학기술학회 (IF: 0.91)
--------------------------------
[반응표면분석법을 이용한 김으로부터 생리활성물질 생산증대를 위한 초음파 추출 조건 최적화]
   └ 학회: 한국산학기술학회 (IF: 0.91)"
226,2023,공학 일반,893230115,김진우,2,0.0248,0.027303,"[Chlorella miniata 의 고농도 배양을 위한 배양조건의 통계학적 최적화]
   └ 학회: 한국산학기술학회 (IF: 0.91)
--------------------------------
[반응표면분석법을 이용한 김으로부터 생리활성물질 생산증대를 위한 초음파 추출 조건 최적화]
   └ 학회: 한국산학기술학회 (IF: 0.91)"
227,2023,공학 일반,317775272,김설희,2,0.0248,0.027304,"[웰에이징 구강보건교육 인식과 요구도 연구 -구강보건교육 전문가 중심으로-]
   └ 학회: 한국산학기술학회 (IF: 0.91)
--------------------------------
[대학 연계교육 적용을 위한 네트워크 주제어 분석]
   └ 학회: 한국산학기술학회 (IF: 0.91)"
228,2023,공학 일반,268730482,홍명수,1,0.0248,0.027304000000000002,"[기업보안사고 예측을 위한 시나리오 기반 평가 시스템에 대한 연구]
   └ 학회: 한국산학기술학회 (IF: 0.91)"
229,2023,공학 일반,170665790,송효숙,1,0.0248,0.027304,"[Z세대 대학생이 경험하는 기부 및 기부 의도에 관한 현상학 연구]
   └ 학회: 한국산학기술학회 (IF: 0.91)"
230,2023,공학 일반,1871397,임소희,1,0.0248,0.027304,"[Z세대 대학생이 경험하는 기부 및 기부 의도에 관한 현상학 연구]
   └ 학회: 한국산학기술학회 (IF: 0.91)"
231,2023,공학 일반,567779317,이돈희,2,0.0239,0.017065,"[우즈베키스탄 물류산업의 기술혁신운영 현황 고찰: 기회와 도전]
   └ 학회: 한국산업정보학회 (IF: 1.4)
--------------------------------
[서비스 분야의 주요 이슈와 주제에 대한 흐름 분석: 유튜브 동영상과 학술연구 비교]
   └ 학회: 한국산업정보학회 (IF: 1.4)"
232,2023,공학 일반,782318997,정의범,2,0.0239,0.017065,"[서비스 분야의 주요 이슈와 주제에 대한 흐름 분석: 유튜브 동영상과 학술연구 비교]
   └ 학회: 한국산업정보학회 (IF: 1.4)
--------------------------------
[코로나19 이후 공급사슬 리스크에 대한 현황 연구: 네트워크 분석을 중심으로]
   └ 학회: 한국산업정보학회 (IF: 1.4)"
233,2023,공학 일반,190087205,최동현,1,0.0239,0.017065,"[텍스트 마이닝을 활용한 항공 화물 운임에 영향을 미치는 요인 분석: L.A. 및 프랑크푸르트 노선을 중심으로]
   └ 학회: 한국산업정보학회 (IF: 1.4)"
234,2023,공학 일반,4582547,박다현,1,0.0239,0.017065,"[텍스트 마이닝을 활용한 항공 화물 운임에 영향을 미치는 요인 분석: L.A. 및 프랑크푸르트 노선을 중심으로]
   └ 학회: 한국산업정보학회 (IF: 1.4)"
235,2023,공학 일반,825307401,전문석,1,0.0239,0.017065,"[인공지능 기반 콩 생장분석 방법 연구]
   └ 학회: 한국산업정보학회 (IF: 1.4)"
236,2023,공학 일반,664856387,김영태,1,0.0239,0.017065,"[인공지능 기반 콩 생장분석 방법 연구]
   └ 학회: 한국산업정보학회 (IF: 1.4)"
237,2023,공학 일반,159093792,정유석,1,0.0239,0.017065,"[인공지능 기반 콩 생장분석 방법 연구]
   └ 학회: 한국산업정보학회 (IF: 1.4)"
238,2023,공학 일반,596205853,배효준,1,0.0239,0.017065,"[인공지능 기반 콩 생장분석 방법 연구]
   └ 학회: 한국산업정보학회 (IF: 1.4)"
239,2023,공학 일반,738962273,이채원,1,0.0239,0.017065,"[인공지능 기반 콩 생장분석 방법 연구]
   └ 학회: 한국산업정보학회 (IF: 1.4)"
240,2023,공학 일반,195535818,김송림,1,0.0239,0.017065,"[인공지능 기반 콩 생장분석 방법 연구]
   └ 학회: 한국산업정보학회 (IF: 1.4)"
241,2023,공학 일반,645096430,최인찬,1,0.0239,0.017065,"[인공지능 기반 콩 생장분석 방법 연구]
   └ 학회: 한국산업정보학회 (IF: 1.4)"
242,2023,공학 일반,803281302,최성준,1,0.0239,0.017065,"[텍스트 마이닝과 네트워크 군집 분석을 활용한 한국의 데이터 관련 정책사업 분석]
   └ 학회: 한국산업정보학회 (IF: 1.4)"
243,2023,공학 일반,395468670,신기윤,1,0.0239,0.017065,"[텍스트 마이닝과 네트워크 군집 분석을 활용한 한국의 데이터 관련 정책사업 분석]
   └ 학회: 한국산업정보학회 (IF: 1.4)"
244,2023,공학 일반,235382887,오윤환,1,0.0239,0.017065,"[텍스트 마이닝과 네트워크 군집 분석을 활용한 한국의 데이터 관련 정책사업 분석]
   └ 학회: 한국산업정보학회 (IF: 1.4)"
245,2023,공학 일반,843355301,조은별,2,0.0233,0.025597,"[야전운용제원 RAM 분석 결과를 활용한 함정 무기체계 신뢰도 할당 방안 및 사례 연구]
   └ 학회: 한국산학기술학회 (IF: 0.91)
--------------------------------
[통계 분석을 통한 함정 무기체계 신뢰도 목표값 설정 방안에 관한 연구]
   └ 학회: 한국산학기술학회 (IF: 0.91)"
246,2023,공학 일반,866664965,홍윤식,2,0.0233,0.025597,"[빅데이터 분석을 통한 소량다품종 주문생산 납기 개선]
   └ 학회: 한국산학기술학회 (IF: 0.91)
--------------------------------
[이미지 인식 기반 국내 자생종 소나무 종 분류]
   └ 학회: 한국산학기술학회 (IF: 0.91)"
247,2023,공학 일반,520941222,김도현,2,0.0233,0.025597,"[신뢰성 분석을 통한 침투성보호의 저장수명에 대한 연구]
   └ 학회: 한국산학기술학회 (IF: 0.91)
--------------------------------
[개인 제독키트의 피부자극 및 안점막자극에 대한 위해성 평가 연구]
   └ 학회: 한국산학기술학회 (IF: 0.91)"
248,2023,공학 일반,914389512,권미현,2,0.0233,0.025597,"[신뢰성 분석을 통한 침투성보호의 저장수명에 대한 연구]
   └ 학회: 한국산학기술학회 (IF: 0.91)
--------------------------------
[개인 제독키트의 피부자극 및 안점막자극에 대한 위해성 평가 연구]
   └ 학회: 한국산학기술학회 (IF: 0.91)"
249,2023,공학 일반,206049016,하성철,1,0.0233,0.025597,"[RAM 분석 신뢰성 향상을 위한 지상무기체계 야전운용제원 자료관리 방안 연구]
   └ 학회: 한국산학기술학회 (IF: 0.91)"
250,2023,공학 일반,599294917,정영인,1,0.0233,0.025597,"[야전운용제원 RAM 분석 결과를 활용한 함정 무기체계 신뢰도 할당 방안 및 사례 연구]
   └ 학회: 한국산학기술학회 (IF: 0.91)"
251,2023,공학 일반,976441053,김용현,1,0.0233,0.025597,"[야전운용제원 RAM 분석 결과를 활용한 함정 무기체계 신뢰도 할당 방안 및 사례 연구]
   └ 학회: 한국산학기술학회 (IF: 0.91)"
252,2023,공학 일반,2081858,서양우,1,0.0233,0.025597,"[무고장 시험 기반의 무기체계 신뢰성 시험 적용 방안]
   └ 학회: 한국산학기술학회 (IF: 0.91)"
253,2023,공학 일반,913592889,전동주,1,0.0233,0.025597,"[무고장 시험 기반의 무기체계 신뢰성 시험 적용 방안]
   └ 학회: 한국산학기술학회 (IF: 0.91)"
254,2023,공학 일반,320346342,김소정,1,0.0233,0.025597,"[무고장 시험 기반의 무기체계 신뢰성 시험 적용 방안]
   └ 학회: 한국산학기술학회 (IF: 0.91)"
255,2023,공학 일반,602498040,김용근,1,0.0233,0.025597,"[무고장 시험 기반의 무기체계 신뢰성 시험 적용 방안]
   └ 학회: 한국산학기술학회 (IF: 0.91)"
256,2023,공학 일반,304187571,안석찬,1,0.0233,0.025597,"[유도조종장치 회로카드조립체 고장률 분석]
   └ 학회: 한국산학기술학회 (IF: 0.91)"
257,2023,공학 일반,460014394,강영란,1,0.0233,0.025597,"[빅데이터를 활용한 유보통합 관련 사회적 담론 의미 분석]
   └ 학회: 한국산학기술학회 (IF: 0.91)"
258,2023,공학 일반,512283450,김숙령,1,0.0233,0.025597,"[빅데이터를 활용한 유보통합 관련 사회적 담론 의미 분석]
   └ 학회: 한국산학기술학회 (IF: 0.91)"
259,2023,공학 일반,455839887,장계석,1,0.0233,0.025597,"[BIM 기반 도로설계 협업 업무 개선을 위한 통합 BIM 뷰어 및 이슈연동 시스템 설계 및 구현]
   └ 학회: 한국산학기술학회 (IF: 0.91)"
260,2023,공학 일반,595482097,김민성,1,0.0233,0.025597,"[BIM 기반 도로설계 협업 업무 개선을 위한 통합 BIM 뷰어 및 이슈연동 시스템 설계 및 구현]
   └ 학회: 한국산학기술학회 (IF: 0.91)"
261,2023,공학 일반,623201182,김일태,1,0.0233,0.025597,"[BIM 기반 도로설계 협업 업무 개선을 위한 통합 BIM 뷰어 및 이슈연동 시스템 설계 및 구현]
   └ 학회: 한국산학기술학회 (IF: 0.91)"
262,2023,공학 일반,567643800,이호성,1,0.0233,0.025597,"[BIM 기반 도로설계 협업 업무 개선을 위한 통합 BIM 뷰어 및 이슈연동 시스템 설계 및 구현]
   └ 학회: 한국산학기술학회 (IF: 0.91)"
263,2023,공학 일반,976199548,최효준,1,0.0233,0.025597,"[인공위성 이중화 아이템의 고장률 적용 방안 사례 연구]
   └ 학회: 한국산학기술학회 (IF: 0.91)"
264,2023,공학 일반,132026606,이수중,1,0.0233,0.025597,"[인공위성 이중화 아이템의 고장률 적용 방안 사례 연구]
   └ 학회: 한국산학기술학회 (IF: 0.91)"
265,2023,공학 일반,640542081,안재현,1,0.0233,0.025597,"[인공위성 이중화 아이템의 고장률 적용 방안 사례 연구]
   └ 학회: 한국산학기술학회 (IF: 0.91)"
266,2023,공학 일반,467622902,이정훈,1,0.0233,0.025597,"[인공위성 이중화 아이템의 고장률 적용 방안 사례 연구]
   └ 학회: 한국산학기술학회 (IF: 0.91)"
267,2023,공학 일반,159614831,문태영,2,0.0217,0.023891,"[코로나19 유행에 따른 119구급대원들의 심리변인이 업무능력과 직무만족 및 삶의 질에 미치는 영향]
   └ 학회: 한국산학기술학회 (IF: 0.91)
--------------------------------
[대학 운동선수들의 자기조절능력이 자기효능감, 대인관계능력 및 운동성취에 미치는 영향]
   └ 학회: 한국산학기술학회 (IF: 0.91)"
268,2023,공학 일반,288626623,이영림,2,0.0217,0.02389,"[진동 노즐을 이용한 리니어 압축기의 예압축 타당성 연구]
   └ 학회: 한국산학기술학회 (IF: 0.91)
--------------------------------
[리니어 압축기에서 예압축을 위한 체크 밸브 피스톤 성능 연구]
   └ 학회: 한국산학기술학회 (IF: 0.91)"
269,2023,공학 일반,519206052,박인환,2,0.0217,0.023891,"[물리치료사의 직업전문성이 직무만족도에 미치는 영향]
   └ 학회: 한국산학기술학회 (IF: 0.91)
--------------------------------
[물리치료사의 감정노동과 피로가 수면의 질에 미치는 영향]
   └ 학회: 한국산학기술학회 (IF: 0.91)"
270,2023,공학 일반,928546047,임동호,2,0.0217,0.023891,"[물리치료사의 직업전문성이 직무만족도에 미치는 영향]
   └ 학회: 한국산학기술학회 (IF: 0.91)
--------------------------------
[물리치료사의 감정노동과 피로가 수면의 질에 미치는 영향]
   └ 학회: 한국산학기술학회 (IF: 0.91)"
271,2023,공학 일반,111545044,고응규,2,0.0217,0.02389,"[한우에서 Ovum Pick-Up 유래 수정란의 임신 시기별 임신율 비교]
   └ 학회: 한국산학기술학회 (IF: 0.91)
--------------------------------
[한우 저수태우 임신율 개선을 위한 CIDR PLUS와 CIDR GnRH 발정동기화 비교]
   └ 학회: 한국산학기술학회 (IF: 0.91)"
272,2023,공학 일반,666996136,김선호,1,0.0217,0.023891,"[ｋNN과 앙상블을 이용한 항결핵약 캡슐제의 용출 예측 연구]
   └ 학회: 한국산학기술학회 (IF: 0.91)"
273,2023,공학 일반,410360746,오종석,1,0.0217,0.023891,"[ｋNN과 앙상블을 이용한 항결핵약 캡슐제의 용출 예측 연구]
   └ 학회: 한국산학기술학회 (IF: 0.91)"
274,2023,공학 일반,639458934,유지현,1,0.0217,0.023891,"[재취업 산업재해근로자의 일자리 만족을 위한 긍정적 자아개념과 동료 관계에 대한 고찰]
   └ 학회: 한국산학기술학회 (IF: 0.91)"
275,2023,공학 일반,745550840,유영미,1,0.0217,0.02389,"[조기진통 임부의 사회적지지, 회복탄력성, 태아애착이 상태불안에 미치는 영향]
   └ 학회: 한국산학기술학회 (IF: 0.91)"
276,2023,공학 일반,694694840,김경미,1,0.0217,0.023891,"[코로나19 유행에 따른 119구급대원들의 심리변인이 업무능력과 직무만족 및 삶의 질에 미치는 영향]
   └ 학회: 한국산학기술학회 (IF: 0.91)"
277,2023,공학 일반,862830874,이수빈,1,0.0217,0.023891,"[코로나19 유행에 따른 119구급대원들의 심리변인이 업무능력과 직무만족 및 삶의 질에 미치는 영향]
   └ 학회: 한국산학기술학회 (IF: 0.91)"
278,2023,공학 일반,509576171,장준혁,1,0.0217,0.023891,"[코로나19 유행에 따른 119구급대원들의 심리변인이 업무능력과 직무만족 및 삶의 질에 미치는 영향]
   └ 학회: 한국산학기술학회 (IF: 0.91)"
279,2023,공학 일반,995104892,도무환,1,0.0217,0.023891,"[코로나19 유행에 따른 119구급대원들의 심리변인이 업무능력과 직무만족 및 삶의 질에 미치는 영향]
   └ 학회: 한국산학기술학회 (IF: 0.91)"
280,2023,공학 일반,448188306,정화민,1,0.0217,0.023891,"[COVID-19 팬데믹에 따른 스마트 호흡보호구의 필요성과 머신러닝 기법을 이용한 공기노출 예측/분류에 관한 연구]
   └ 학회: 한국산학기술학회 (IF: 0.91)"
281,2023,공학 일반,684180239,김태엽,1,0.0217,0.023891,"[COVID-19 팬데믹에 따른 스마트 호흡보호구의 필요성과 머신러닝 기법을 이용한 공기노출 예측/분류에 관한 연구]
   └ 학회: 한국산학기술학회 (IF: 0.91)"
282,2023,공학 일반,675937099,박철우,1,0.0217,0.023891,"[COVID-19 팬데믹에 따른 스마트 호흡보호구의 필요성과 머신러닝 기법을 이용한 공기노출 예측/분류에 관한 연구]
   └ 학회: 한국산학기술학회 (IF: 0.91)"
283,2023,공학 일반,667948988,박미화,1,0.0217,0.023891,"[간호∙간병통합서비스 병동 간호사의 역할갈등과 간호 전문직관이 직무만족에 미치는 영향]
   └ 학회: 한국산학기술학회 (IF: 0.91)"
284,2023,공학 일반,973603700,이숙정,1,0.0217,0.023891,"[직업복귀 산업재해근로자의 일자리만족 영향요인에 대한 연구]
   └ 학회: 한국산학기술학회 (IF: 0.91)"
285,2023,공학 일반,671222107,박유영,1,0.0217,0.023891,"[유아교사의 미디어 리터러시와 교수효능감 및 직무만족도와의 관계]
   └ 학회: 한국산학기술학회 (IF: 0.91)"
286,2023,공학 일반,581936977,김화선,1,0.0202,0.022184,"[결혼 이주 여성을 위한 맞춤형 출산 스마트 케어 프로그램의 개발과 평가]
   └ 학회: 한국산학기술학회 (IF: 0.91)"
287,2023,공학 일반,766184884,김수관,1,0.0202,0.022184000000000002,"[국방 AI 핵심기술개발 현황 분석과 발전 방안 고찰]
   └ 학회: 한국산학기술학회 (IF: 0.91)"
288,2023,공학 일반,767538321,김진원,1,0.0202,0.022184000000000002,"[보안운영센터(SOC)의 효율성 향상을 위한 관제 지원 인텔리전스 설계 및 구현]
   └ 학회: 한국산학기술학회 (IF: 0.91)"
289,2023,공학 일반,307354786,김현수,2,0.0186,0.020478,"[강화학습을 이용해 개발한 준능동 제어알고리즘의 성능평가]
   └ 학회: 한국산학기술학회 (IF: 0.91)
--------------------------------
[유니티를 이용한 스마트 면진제어 시스템의 강화학습 환경개발]
   └ 학회: 한국산학기술학회 (IF: 0.91)"
290,2023,공학 일반,756193705,전오환,2,0.0186,0.020478,"[전기차 내장 감성 조명용 CRASH PAD GARNISH BODY 제조기술에 관한 연구]
   └ 학회: 한국산학기술학회 (IF: 0.91)
--------------------------------
[전기차 내장 감성 조명용 FILM DECO GARNISH의 휘도 균일도 향상에 관한 연구]
   └ 학회: 한국산학기술학회 (IF: 0.91)"
291,2023,공학 일반,181079019,전상권,2,0.0186,0.020478,"[전기차 내장 감성 조명용 CRASH PAD GARNISH BODY 제조기술에 관한 연구]
   └ 학회: 한국산학기술학회 (IF: 0.91)
--------------------------------
[전기차 내장 감성 조명용 FILM DECO GARNISH의 휘도 균일도 향상에 관한 연구]
   └ 학회: 한국산학기술학회 (IF: 0.91)"
292,2023,공학 일반,929916806,김옥환,2,0.0186,0.020478,"[전기차 내장 감성 조명용 CRASH PAD GARNISH BODY 제조기술에 관한 연구]
   └ 학회: 한국산학기술학회 (IF: 0.91)
--------------------------------
[전기차 내장 감성 조명용 FILM DECO GARNISH의 휘도 균일도 향상에 관한 연구]
   └ 학회: 한국산학기술학회 (IF: 0.91)"
293,2023,공학 일반,869028502,한수현,2,0.0186,0.020478,"[전기차 내장 감성 조명용 CRASH PAD GARNISH BODY 제조기술에 관한 연구]
   └ 학회: 한국산학기술학회 (IF: 0.91)
--------------------------------
[전기차 내장 감성 조명용 FILM DECO GARNISH의 휘도 균일도 향상에 관한 연구]
   └ 학회: 한국산학기술학회 (IF: 0.91)"
294,2023,공학 일반,170405762,김진세,2,0.0186,0.020478,"[밀 종자 품종 및 물성 분류를 위한 ResNet50 모델 기반의 이미지 분석]
   └ 학회: 한국산학기술학회 (IF: 0.91)
--------------------------------
[다중 깊이 카메라 기반 배 과실의 실시간 3차원 복원 및 부피 측정 기술 개발]
   └ 학회: 한국산학기술학회 (IF: 0.91)"
295,2023,공학 일반,695668888,홍석주,2,0.0186,0.020478,"[밀 종자 품종 및 물성 분류를 위한 ResNet50 모델 기반의 이미지 분석]
   └ 학회: 한국산학기술학회 (IF: 0.91)
--------------------------------
[다중 깊이 카메라 기반 배 과실의 실시간 3차원 복원 및 부피 측정 기술 개발]
   └ 학회: 한국산학기술학회 (IF: 0.91)"
296,2023,공학 일반,383746600,이아영,2,0.0186,0.020478,"[밀 종자 품종 및 물성 분류를 위한 ResNet50 모델 기반의 이미지 분석]
   └ 학회: 한국산학기술학회 (IF: 0.91)
--------------------------------
[다중 깊이 카메라 기반 배 과실의 실시간 3차원 복원 및 부피 측정 기술 개발]
   └ 학회: 한국산학기술학회 (IF: 0.91)"
297,2023,공학 일반,779751106,정종훈,1,0.0186,0.020478,"[국방 분야 소재 국산화 확대를 위한 발전 방향 연구]
   └ 학회: 한국산학기술학회 (IF: 0.91)"
298,2023,공학 일반,580726491,이상후,1,0.0186,0.020478,"[국방 분야 소재 국산화 확대를 위한 발전 방향 연구]
   └ 학회: 한국산학기술학회 (IF: 0.91)"
299,2023,공학 일반,874076003,최윤혁,1,0.0186,0.020478,"[국방 분야 소재 국산화 확대를 위한 발전 방향 연구]
   └ 학회: 한국산학기술학회 (IF: 0.91)"
300,2023,공학 일반,331593439,김종직,1,0.0186,0.020478,"[안정성과 보안이 강화된 IoT 기반 수납식 관람석 통합 관제 모니터링 시스템 설계에 관한 연구]
   └ 학회: 한국산학기술학회 (IF: 0.91)"
301,2023,공학 일반,233886855,박의준,1,0.0186,0.020478,"[안정성과 보안이 강화된 IoT 기반 수납식 관람석 통합 관제 모니터링 시스템 설계에 관한 연구]
   └ 학회: 한국산학기술학회 (IF: 0.91)"
302,2023,공학 일반,191477174,송제호,1,0.0186,0.020478,"[안정성과 보안이 강화된 IoT 기반 수납식 관람석 통합 관제 모니터링 시스템 설계에 관한 연구]
   └ 학회: 한국산학기술학회 (IF: 0.91)"
303,2023,공학 일반,547358559,유진호,1,0.0186,0.020477000000000002,"[방산수출 진흥을 위한 DQ마크 인증제도 개선방안 연구]
   └ 학회: 한국산학기술학회 (IF: 0.91)"
304,2023,공학 일반,787136692,김영강,1,0.0186,0.020477000000000002,"[방산수출 진흥을 위한 DQ마크 인증제도 개선방안 연구]
   └ 학회: 한국산학기술학회 (IF: 0.91)"
305,2023,공학 일반,700040715,이민경,1,0.0186,0.020477000000000002,"[방산수출 진흥을 위한 DQ마크 인증제도 개선방안 연구]
   └ 학회: 한국산학기술학회 (IF: 0.91)"
306,2023,공학 일반,100165765,박태웅,1,0.0186,0.020477000000000002,"[작전운용성능 수정 원인 분석과 진화적 획득 평가항목지표 개발 연구]
   └ 학회: 한국산학기술학회 (IF: 0.91)"
307,2023,공학 일반,755472442,이호찬,1,0.0186,0.020477000000000002,"[작전운용성능 수정 원인 분석과 진화적 획득 평가항목지표 개발 연구]
   └ 학회: 한국산학기술학회 (IF: 0.91)"
308,2023,공학 일반,824922447,유현채,1,0.0186,0.020478,"[밀 종자 품종 및 물성 분류를 위한 ResNet50 모델 기반의 이미지 분석]
   └ 학회: 한국산학기술학회 (IF: 0.91)"
309,2023,공학 일반,582250886,김지량,1,0.0186,0.020478,"[IoT 펌웨어 업데이트의 블록체인 적용을 위한 성능 연구 - 플랫폼을 중심으로]
   └ 학회: 한국산학기술학회 (IF: 0.91)"
310,2023,공학 일반,734427666,강장묵,1,0.0186,0.020478,"[IoT 펌웨어 업데이트의 블록체인 적용을 위한 성능 연구 - 플랫폼을 중심으로]
   └ 학회: 한국산학기술학회 (IF: 0.91)"
311,2023,공학 일반,707815368,이영균,1,0.0171,0.018771,"[포병 무기체계 분류를 위한 CNN 모델의 성능 비교 연구]
   └ 학회: 한국산학기술학회 (IF: 0.91)"
312,2023,공학 일반,206339105,구민상,1,0.0171,0.018771,"[네트워크 분석을 이용한 국내 전기차 특허 동향 분석]
   └ 학회: 한국산학기술학회 (IF: 0.91)"
313,2023,공학 일반,4580269,황혜원,1,0.0171,0.018771,"[네트워크 분석을 이용한 국내 전기차 특허 동향 분석]
   └ 학회: 한국산학기술학회 (IF: 0.91)"
314,2023,공학 일반,332419656,전정환,1,0.0171,0.018771,"[네트워크 분석을 이용한 국내 전기차 특허 동향 분석]
   └ 학회: 한국산학기술학회 (IF: 0.91)"
315,2023,공학 일반,581627168,문수희,1,0.0171,0.018771,"[가치기반수용모형을 활용한 치유농업 이용의도에 미치는 영향분석]
   └ 학회: 한국산학기술학회 (IF: 0.91)"
316,2023,공학 일반,249927450,이동현,1,0.0171,0.018771,"[가치기반수용모형을 활용한 치유농업 이용의도에 미치는 영향분석]
   └ 학회: 한국산학기술학회 (IF: 0.91)"
317,2023,공학 일반,779032216,박제훈,1,0.0171,0.018771,"[반응표면분석법을 이용한 김으로부터 생리활성물질 생산증대를 위한 초음파 추출 조건 최적화]
   └ 학회: 한국산학기술학회 (IF: 0.91)"
318,2023,공학 일반,113375293,천보하,1,0.0171,0.018771,"[자동 추출 및 증류장비를 활용한 DPA 함량 측정법 비교 연구]
   └ 학회: 한국산학기술학회 (IF: 0.91)"
319,2023,공학 일반,108580570,서지영,1,0.0171,0.018771,"[자동 추출 및 증류장비를 활용한 DPA 함량 측정법 비교 연구]
   └ 학회: 한국산학기술학회 (IF: 0.91)"
320,2023,공학 일반,722231624,한병길,6,0.0155,0.017065,"[연축전지와 슈퍼커패시터를 이용한 하이브리드형 전동 휠체어의 구현]
   └ 학회: 한국산학기술학회 (IF: 0.91)
--------------------------------
[±35kV급 MVDC 하이브리드 배전망의 보호협조 운용방안에 관한 연구]
   └ 학회: 한국산학기술학회 (IF: 0.91)
--------------------------------
[LVDC 선로용 4kW급 사고구간 분리용 보호장치의 설계 및 구현]
   └ 학회: 한국산학기술학회 (IF: 0.91)
--------------------------------
[Sharing용 ESS의 CMV 발생 메커니즘 및 모델링에 관한 연구]
   └ 학회: 한국산학기술학회 (IF: 0.91)
--------------------------------
[±35kV급 MVDC 실증 배전망의 보호협조기기 운용알고리즘에 관한 연구]
   └ 학회: 한국산학기술학회 (IF: 0.91)
--------------------------------
[CMV에 의한 ESS 안전성 평가에 관한 연구]
   └ 학회: 한국산학기술학회 (IF: 0.91)"
321,2023,공학 일반,824487955,박준규,3,0.0155,0.017064,"[교량 시공관리 및 유지보수를 위한 포인트클라우드 데이터의 활용]
   └ 학회: 한국산학기술학회 (IF: 0.91)
--------------------------------
[모바일 맵핑 시스템을 활용한 임도의 시공관리 데이터 생성]
   └ 학회: 한국산학기술학회 (IF: 0.91)
--------------------------------
[다양한 3D 레이저 스캐닝 방법에 의한 임도건설용 산림공간정보 구축의 활용성 평가]
   └ 학회: 한국산학기술학회 (IF: 0.91)"
322,2023,공학 일반,307769957,방정혜,2,0.0155,0.017064,"[온라인 쇼핑시 지각된 소비비전의 효과에 대한 연구]
   └ 학회: 한국산학기술학회 (IF: 0.91)
--------------------------------
[온라인 게임에서의 명품브랜드 아이템은 명품브랜드에 어떤 효과가 있을 것인가?]
   └ 학회: 한국산학기술학회 (IF: 0.91)"
323,2023,공학 일반,617670969,김민선,2,0.0155,0.017064,"[온라인 쇼핑시 지각된 소비비전의 효과에 대한 연구]
   └ 학회: 한국산학기술학회 (IF: 0.91)
--------------------------------
[온라인 게임에서의 명품브랜드 아이템은 명품브랜드에 어떤 효과가 있을 것인가?]
   └ 학회: 한국산학기술학회 (IF: 0.91)"
324,2023,공학 일반,737444593,이민행,2,0.0155,0.017065,"[연축전지와 슈퍼커패시터를 이용한 하이브리드형 전동 휠체어의 구현]
   └ 학회: 한국산학기술학회 (IF: 0.91)
--------------------------------
[중대형 배터리의 형태에 따른 열화 패턴분석에 관한 연구]
   └ 학회: 한국산학기술학회 (IF: 0.91)"
325,2023,공학 일반,947363995,이나경,2,0.0155,0.017065,"[LVDC 선로용 4kW급 사고구간 분리용 보호장치의 설계 및 구현]
   └ 학회: 한국산학기술학회 (IF: 0.91)
--------------------------------
[누설 및 순환전류에 따른 ESS의 안전성 평가방안에 관한 연구]
   └ 학회: 한국산학기술학회 (IF: 0.91)"
326,2023,공학 일반,414255829,김경화,2,0.0155,0.017065,"[LVDC 선로용 4kW급 사고구간 분리용 보호장치의 설계 및 구현]
   └ 학회: 한국산학기술학회 (IF: 0.91)
--------------------------------
[누설 및 순환전류에 따른 ESS의 안전성 평가방안에 관한 연구]
   └ 학회: 한국산학기술학회 (IF: 0.91)"
327,2023,공학 일반,714595148,김찬수,2,0.0155,0.017065,"[계통연계인버터의 안정도 및 고조파억제 성능 향상을 위한 DSOGI-FLL 기반 상태궤환 제어기법 연구]
   └ 학회: 한국산학기술학회 (IF: 0.91)
--------------------------------
[중대형 배터리의 형태에 따른 열화 패턴분석에 관한 연구]
   └ 학회: 한국산학기술학회 (IF: 0.91)"
328,2023,공학 일반,304657324,장계석,2,0.0155,0.017065,"[지하수 현장조사 개선을 위한 GNSS기반 관리 시스템 설계 및 구현]
   └ 학회: 한국산학기술학회 (IF: 0.91)
--------------------------------
[빅데이터 기반 고속도로 휴게소 및 졸음쉼터 분석 시스템 설계 및 구현]
   └ 학회: 한국산학기술학회 (IF: 0.91)"
329,2023,공학 일반,489929383,문용,2,0.0155,0.017065,"[지하수 현장조사 개선을 위한 GNSS기반 관리 시스템 설계 및 구현]
   └ 학회: 한국산학기술학회 (IF: 0.91)
--------------------------------
[빅데이터 기반 고속도로 휴게소 및 졸음쉼터 분석 시스템 설계 및 구현]
   └ 학회: 한국산학기술학회 (IF: 0.91)"
330,2023,공학 일반,959083157,황지은,2,0.0155,0.017065,"[제 2형 당뇨병 근로자의 혈당조절에 영향을 주는 생활습관요인: 2016~2020 국민건강영양조사 자료를 이용하여]
   └ 학회: 한국산학기술학회 (IF: 0.91)
--------------------------------
[노인 손상의 특성 및 치료결과에 미치는 영향 요인: 성별 중심으로]
   └ 학회: 한국산학기술학회 (IF: 0.91)"
331,2023,공학 일반,778908925,김성봉,2,0.0155,0.017065,"[텍스트마이닝을 활용한 스마트폰 중독 연구 동향 분석]
   └ 학회: 한국산학기술학회 (IF: 0.91)
--------------------------------
[청소년의 또래애착이 학교생활적응에 미치는 영향: 자아존중감의 매개 효과]
   └ 학회: 한국산학기술학회 (IF: 0.91)"
332,2023,공학 일반,174863627,한나,1,0.0155,0.017065,"[중국 대학의 인공지능 인재 양성 정책 분석: 베이징대 및 칭화대를 중심으로]
   └ 학회: 한국산학기술학회 (IF: 0.91)"
333,2023,공학 일반,934791854,백수은,1,0.0155,0.017065,"[중국 대학의 인공지능 인재 양성 정책 분석: 베이징대 및 칭화대를 중심으로]
   └ 학회: 한국산학기술학회 (IF: 0.91)"
334,2023,공학 일반,811224239,김수정,1,0.0155,0.017065,"[초등 자녀를 둔 어머니의 일상에서 인식하는 스트레스의 정도와 가정 내 자녀와의 일상적인 상호작용 간의 관계 연구: 양육효능감의 조절효과를 중심으로]
   └ 학회: 한국산학기술학회 (IF: 0.91)"
335,2023,공학 일반,158320542,Hyo-Lyun Roh,1,0.0155,0.017064,"[Effects of Physical Therapists"" Psychological Empowerment on Burnout and Organizational Commitment]
   └ 학회: 한국산학기술학회 (IF: 0.91)"
336,2023,공학 일반,961158098,강종수,1,0.0155,0.017064,"[Effects of Physical Therapists"" Psychological Empowerment on Burnout and Organizational Commitment]
   └ 학회: 한국산학기술학회 (IF: 0.91)"
337,2023,공학 일반,367191668,간바타르 나란자야,1,0.0155,0.017064,"[온라인 쇼핑시 지각된 소비비전의 효과에 대한 연구]
   └ 학회: 한국산학기술학회 (IF: 0.91)"
338,2023,공학 일반,629392515,김현주,1,0.0155,0.017065,"[간호·간병통합서비스병동 노인입원환자의 낙상위험지각, 낙상관련 효능감 및 낙상예방행위에 대한 연구]
   └ 학회: 한국산학기술학회 (IF: 0.91)"
339,2023,공학 일반,243099205,최경원,1,0.0155,0.017065,"[간호·간병통합서비스병동 노인입원환자의 낙상위험지각, 낙상관련 효능감 및 낙상예방행위에 대한 연구]
   └ 학회: 한국산학기술학회 (IF: 0.91)"
340,2023,공학 일반,144374622,이재식,1,0.0155,0.017065,"[빅데이터 분석을 통한 소량다품종 주문생산 납기 개선]
   └ 학회: 한국산학기술학회 (IF: 0.91)"
341,2023,공학 일반,110738375,김지현,1,0.0155,0.017065,"[빅데이터 분석을 통한 소량다품종 주문생산 납기 개선]
   └ 학회: 한국산학기술학회 (IF: 0.91)"
342,2023,공학 일반,280343368,민혜영,1,0.0155,0.017065,"[간호학과 신입생의 성격강점, 지각된 스트레스, 스트레스 대처가 대학생활적응에 미치는 영향]
   └ 학회: 한국산학기술학회 (IF: 0.91)"
343,2023,공학 일반,495989904,김미영,1,0.0155,0.017065,"[CMV에 의한 ESS 안전성 평가에 관한 연구]
   └ 학회: 한국산학기술학회 (IF: 0.91)"
344,2023,공학 일반,686773434,노성은,1,0.0155,0.017065,"[중대형 배터리의 형태에 따른 열화 패턴분석에 관한 연구]
   └ 학회: 한국산학기술학회 (IF: 0.91)"
345,2023,공학 일반,805894783,유경상,1,0.0155,0.017065,"[중대형 배터리의 형태에 따른 열화 패턴분석에 관한 연구]
   └ 학회: 한국산학기술학회 (IF: 0.91)"
346,2023,공학 일반,262046778,송다인,1,0.0155,0.017065,"[고온 안정성을 가지는 고에너지밀도 NaS전지 개발 동향]
   └ 학회: 한국산학기술학회 (IF: 0.91)"
347,2023,공학 일반,168284108,조숙,1,0.0155,0.017065,"[텍스트마이닝을 활용한 스마트폰 중독 연구 동향 분석]
   └ 학회: 한국산학기술학회 (IF: 0.91)"
348,2023,공학 일반,119743598,박정모,1,0.0155,0.017065,"[노인 복합취약 계층 탐색을 위한 연구]
   └ 학회: 한국산학기술학회 (IF: 0.91)"
349,2023,공학 일반,744788190,김미원,1,0.0155,0.017065,"[노인 복합취약 계층 탐색을 위한 연구]
   └ 학회: 한국산학기술학회 (IF: 0.91)"
350,2023,공학 일반,826612599,원종흥,1,0.0155,0.017065,"[DR과 피크저감을 고려한 ESS의 운용 알고리즘에 관한 연구]
   └ 학회: 한국산학기술학회 (IF: 0.91)"
351,2023,공학 일반,652110051,박현석,1,0.0155,0.017065,"[Hybrid 센서 및 과적검문소 연계 정보 기반 차축 조작 과적 판단 시스템 개발]
   └ 학회: 한국산학기술학회 (IF: 0.91)"
352,2023,공학 일반,481346764,강지훈,1,0.0155,0.017065,"[인공지능(AI) 기술 도입을 위한 정책 및 적용사례와 한계점에 대한 연구]
   └ 학회: 한국산학기술학회 (IF: 0.91)"
353,2023,공학 일반,506783245,조한철,1,0.0155,0.017064,"[방산업체 연구개발 투자와 경영성과에 관한 연구 -협력 네트워크를 통한 조절효과를 중심으로-]
   └ 학회: 한국산학기술학회 (IF: 0.91)"
354,2023,공학 일반,480985836,이경희,1,0.0155,0.017065,"[노인 손상의 특성 및 치료결과에 미치는 영향 요인: 성별 중심으로]
   └ 학회: 한국산학기술학회 (IF: 0.91)"
355,2023,공학 일반,737092933,김도영,1,0.0143,0.010239,"[흡습제 투입량에 따른 포장용기의 투습도 시험 방법 고찰]
   └ 학회: 한국산업정보학회 (IF: 1.4)"
356,2023,공학 일반,261995309,노예은,1,0.0143,0.010239,"[흡습제 투입량에 따른 포장용기의 투습도 시험 방법 고찰]
   └ 학회: 한국산업정보학회 (IF: 1.4)"
357,2023,공학 일반,266436235,김경민,1,0.0143,0.010239,"[흡습제 투입량에 따른 포장용기의 투습도 시험 방법 고찰]
   └ 학회: 한국산업정보학회 (IF: 1.4)"
358,2023,공학 일반,889247663,장지민,1,0.0143,0.010239,"[흡습제 투입량에 따른 포장용기의 투습도 시험 방법 고찰]
   └ 학회: 한국산업정보학회 (IF: 1.4)"
359,2023,공학 일반,377127224,김대원,3,0.014,0.015358,"[기술 수준 평가 기반 국방 항공 유·무인 복합체계 발전방안 연구]
   └ 학회: 한국산학기술학회 (IF: 0.91)
--------------------------------
[기술패권 경쟁 우위 확보를 위한 선택과 집중의 국방전략기술 연구]
   └ 학회: 한국산학기술학회 (IF: 0.91)
--------------------------------
[국방 우주 분야의 무기체계 개발동향 및 국방전략기술 발전방향]
   └ 학회: 한국산학기술학회 (IF: 0.91)"
360,2023,공학 일반,984759253,김문국,2,0.014,0.015358,"[기술 수준 평가 기반 국방 항공 유·무인 복합체계 발전방안 연구]
   └ 학회: 한국산학기술학회 (IF: 0.91)
--------------------------------
[기술패권 경쟁 우위 확보를 위한 선택과 집중의 국방전략기술 연구]
   └ 학회: 한국산학기술학회 (IF: 0.91)"
361,2023,공학 일반,400105917,원창희,1,0.014,0.015358,"[실측기반 노후저수지의 퇴사량 산정 연구]
   └ 학회: 한국산학기술학회 (IF: 0.91)"
362,2023,공학 일반,556044209,윤현철,1,0.014,0.015358,"[실측기반 노후저수지의 퇴사량 산정 연구]
   └ 학회: 한국산학기술학회 (IF: 0.91)"
363,2023,공학 일반,289231717,김미정,1,0.014,0.015358,"[실측기반 노후저수지의 퇴사량 산정 연구]
   └ 학회: 한국산학기술학회 (IF: 0.91)"
364,2023,공학 일반,789874801,김원범,1,0.014,0.015358,"[실측기반 노후저수지의 퇴사량 산정 연구]
   └ 학회: 한국산학기술학회 (IF: 0.91)"
365,2023,공학 일반,847139069,양우현,1,0.014,0.015358,"[실측기반 노후저수지의 퇴사량 산정 연구]
   └ 학회: 한국산학기술학회 (IF: 0.91)"
366,2023,공학 일반,674397908,박현진,1,0.014,0.015358,"[유아기 자녀를 둔 어머니의 양육스트레스, 회복탄력성, 자기조절력, 양육효능감이 양육행동에 미치는 영향]
   └ 학회: 한국산학기술학회 (IF: 0.91)"
367,2023,공학 일반,149310131,김지연,1,0.014,0.015358,"[유아기 자녀를 둔 어머니의 양육스트레스, 회복탄력성, 자기조절력, 양육효능감이 양육행동에 미치는 영향]
   └ 학회: 한국산학기술학회 (IF: 0.91)"
368,2023,공학 일반,411586124,이재영,1,0.014,0.015358,"[입체적 도시계획을 위한 무인비행장치 기반 3차원 실사 모델의 활용성 분석]
   └ 학회: 한국산학기술학회 (IF: 0.91)"
369,2023,공학 일반,467070448,이제선,1,0.014,0.015358,"[입체적 도시계획을 위한 무인비행장치 기반 3차원 실사 모델의 활용성 분석]
   └ 학회: 한국산학기술학회 (IF: 0.91)"
370,2023,공학 일반,824011261,정명진,1,0.014,0.015358,"[무인기 근거리 운용 간 데이터링크 단절 원인 분석 및 개선 연구]
   └ 학회: 한국산학기술학회 (IF: 0.91)"
371,2023,공학 일반,947263801,유인제,1,0.014,0.015358,"[기술 수준 평가 기반 국방 항공 유·무인 복합체계 발전방안 연구]
   └ 학회: 한국산학기술학회 (IF: 0.91)"
372,2023,공학 일반,539955738,김대한,1,0.014,0.015358,"[미세조직 분석을 통한 무인항공기 크랙 원인 분석]
   └ 학회: 한국산학기술학회 (IF: 0.91)"
373,2023,공학 일반,471948159,강주환,1,0.014,0.015358,"[미세조직 분석을 통한 무인항공기 크랙 원인 분석]
   └ 학회: 한국산학기술학회 (IF: 0.91)"
374,2023,공학 일반,365268065,김형석,1,0.014,0.015358,"[남자간호사의 성 고정관념, 회복탄력성 및 동료지지가 이직의도에 미치는 영향]
   └ 학회: 한국산학기술학회 (IF: 0.91)"
375,2023,공학 일반,272464546,이연희,1,0.014,0.015358,"[남자간호사의 성 고정관념, 회복탄력성 및 동료지지가 이직의도에 미치는 영향]
   └ 학회: 한국산학기술학회 (IF: 0.91)"
376,2023,공학 일반,471803274,김광환,4,0.0124,0.013652,"[노인일자리 사업과 교육 활동에 대한 인식 연구: 웰에이징 전문가를 중심으로]
   └ 학회: 한국산학기술학회 (IF: 0.91)
--------------------------------
[웰에이징 구강보건교육 인식과 요구도 연구 -구강보건교육 전문가 중심으로-]
   └ 학회: 한국산학기술학회 (IF: 0.91)
--------------------------------
[웰에이징 교수자의 자기성찰지능이 교육역량에 미치는 영향]
   └ 학회: 한국산학기술학회 (IF: 0.91)
--------------------------------
[웰에이징 전문가의 장례문화사업 교육운영 인식 연구]
   └ 학회: 한국산학기술학회 (IF: 0.91)"
377,2023,공학 일반,726219549,안상윤,1,0.0124,0.013652,"[웰에이징 구강보건교육 인식과 요구도 연구 -구강보건교육 전문가 중심으로-]
   └ 학회: 한국산학기술학회 (IF: 0.91)"
378,2023,공학 일반,510400749,최수환,1,0.0124,0.013652,"[데이터 증강을 이용한 공중촬영 이미지 내 전차탐지 성능 향상 연구]
   └ 학회: 한국산학기술학회 (IF: 0.91)"
379,2023,공학 일반,359943558,김민우,1,0.0124,0.013652,"[딥러닝 기반 객체탐지 및 추적기법을 활용한 군 제대규모 판단]
   └ 학회: 한국산학기술학회 (IF: 0.91)"
380,2023,공학 일반,242240772,오성택,1,0.0124,0.013652,"[대학 입학자원 감소에 따른 실용음악과 개선방안]
   └ 학회: 한국산학기술학회 (IF: 0.91)"
381,2023,공학 일반,339127269,권선희,1,0.0124,0.013652,"[텍스트 마이닝 분석을 통한 LINC+사업 분석 연구]
   └ 학회: 한국산학기술학회 (IF: 0.91)"
382,2023,공학 일반,561586142,중이민,1,0.0119,0.008532,"[공유 E-스쿠터의 위치 재분배에 의한 탄소배출제로 공급망 네트워크의 최적화 방안]
   └ 학회: 한국산업정보학회 (IF: 1.4)"
383,2023,공학 일반,245791969,진성,1,0.0119,0.008532,"[공유 E-스쿠터의 위치 재분배에 의한 탄소배출제로 공급망 네트워크의 최적화 방안]
   └ 학회: 한국산업정보학회 (IF: 1.4)"
384,2023,공학 일반,323601012,이영민,2,0.0109,0.011945,"[Wi-Fi 6 및 6E용 이중광대역 모노폴 안테나]
   └ 학회: 한국산학기술학회 (IF: 0.91)
--------------------------------
[평면형 발진기 적용을 통한 국방 무기체계 품질 향상 방안 연구]
   └ 학회: 한국산학기술학회 (IF: 0.91)"
385,2023,공학 일반,572691055,염슬기,2,0.0109,0.011945,"[국방기술자료 관리체계 개선을 위한 국방분야 표준개발협력기관 적용방안 연구]
   └ 학회: 한국산학기술학회 (IF: 0.91)
--------------------------------
[2.5MW급 블레이드 설계 및 전산해석에 관한 연구]
   └ 학회: 한국산학기술학회 (IF: 0.91)"
386,2023,공학 일반,921538972,손원애,2,0.0109,0.011945,"[미 해군교범 분석을 통한 수리온 보존절차 개선방안 연구]
   └ 학회: 한국산학기술학회 (IF: 0.91)
--------------------------------
[회전익 항공기 연료계통의 STPA 적용 연구]
   └ 학회: 한국산학기술학회 (IF: 0.91)"
387,2023,공학 일반,637890397,나성현,2,0.0109,0.011945,"[회전익항공기 진동저감장치 장착부 구조 개선 연구]
   └ 학회: 한국산학기술학회 (IF: 0.91)
--------------------------------
[회전익 항공기 연료계통의 STPA 적용 연구]
   └ 학회: 한국산학기술학회 (IF: 0.91)"
388,2023,공학 일반,503520957,김일겸,1,0.0109,0.011945,"[폐수처리용 기계적 증기 재압축 터보 송풍기 개발에 관한 연구]
   └ 학회: 한국산학기술학회 (IF: 0.91)"
389,2023,공학 일반,842726664,박우철,1,0.0109,0.011945,"[폐수처리용 기계적 증기 재압축 터보 송풍기 개발에 관한 연구]
   └ 학회: 한국산학기술학회 (IF: 0.91)"
390,2023,공학 일반,424808759,손상석,1,0.0109,0.011945,"[폐수처리용 기계적 증기 재압축 터보 송풍기 개발에 관한 연구]
   └ 학회: 한국산학기술학회 (IF: 0.91)"
391,2023,공학 일반,489514421,김용남,1,0.0109,0.011945,"[폐수처리용 기계적 증기 재압축 터보 송풍기 개발에 관한 연구]
   └ 학회: 한국산학기술학회 (IF: 0.91)"
392,2023,공학 일반,460066254,박성근,1,0.0109,0.011945,"[수치해석을 통한 정현파 형상 유로를 가지는 IGBT 히트싱크의 방열성능 분석]
   └ 학회: 한국산학기술학회 (IF: 0.91)"
393,2023,공학 일반,633429203,김영범,1,0.0109,0.011945,"[수치해석을 통한 정현파 형상 유로를 가지는 IGBT 히트싱크의 방열성능 분석]
   └ 학회: 한국산학기술학회 (IF: 0.91)"
394,2023,공학 일반,576099262,백설화,1,0.0109,0.011945,"[코로나19 유행상황에서 청소년의 인지된 건강행태와 변화된 일상생활과의 관계]
   └ 학회: 한국산학기술학회 (IF: 0.91)"
395,2023,공학 일반,520581477,이진영,1,0.0109,0.011945,"[코로나19 유행상황에서 청소년의 인지된 건강행태와 변화된 일상생활과의 관계]
   └ 학회: 한국산학기술학회 (IF: 0.91)"
396,2023,공학 일반,986913792,박진규,1,0.0109,0.011945,"[진동 노즐을 이용한 리니어 압축기의 예압축 타당성 연구]
   └ 학회: 한국산학기술학회 (IF: 0.91)"
397,2023,공학 일반,5272828,신재영,1,0.0109,0.011945,"[국내 건설분야 AI 활성화를 위한 실무자 인식에 관한 연구]
   └ 학회: 한국산학기술학회 (IF: 0.91)"
398,2023,공학 일반,482665982,원지선,1,0.0109,0.011945,"[국내 건설분야 AI 활성화를 위한 실무자 인식에 관한 연구]
   └ 학회: 한국산학기술학회 (IF: 0.91)"
399,2023,공학 일반,298528826,이재영,1,0.0109,0.011945,"[한우에서 Ovum Pick-Up 유래 수정란의 임신 시기별 임신율 비교]
   └ 학회: 한국산학기술학회 (IF: 0.91)"
400,2023,공학 일반,365685617,김남태,1,0.0109,0.011945,"[한우에서 Ovum Pick-Up 유래 수정란의 임신 시기별 임신율 비교]
   └ 학회: 한국산학기술학회 (IF: 0.91)"
401,2023,공학 일반,370679597,김찬란,1,0.0109,0.011945,"[한우에서 Ovum Pick-Up 유래 수정란의 임신 시기별 임신율 비교]
   └ 학회: 한국산학기술학회 (IF: 0.91)"
402,2023,공학 일반,450452094,이세영,1,0.0109,0.011945,"[한우에서 Ovum Pick-Up 유래 수정란의 임신 시기별 임신율 비교]
   └ 학회: 한국산학기술학회 (IF: 0.91)"
403,2023,공학 일반,645974865,최창용,1,0.0109,0.011945,"[한우에서 Ovum Pick-Up 유래 수정란의 임신 시기별 임신율 비교]
   └ 학회: 한국산학기술학회 (IF: 0.91)"
404,2023,공학 일반,216321659,조상래,1,0.0109,0.011945,"[한우 저수태우 임신율 개선을 위한 CIDR PLUS와 CIDR GnRH 발정동기화 비교]
   └ 학회: 한국산학기술학회 (IF: 0.91)"
405,2023,공학 일반,916963997,유대중,1,0.0109,0.011945,"[한우 저수태우 임신율 개선을 위한 CIDR PLUS와 CIDR GnRH 발정동기화 비교]
   └ 학회: 한국산학기술학회 (IF: 0.91)"
406,2023,공학 일반,951504296,김동규,1,0.0109,0.011945,"[리니어 압축기에서 예압축을 위한 체크 밸브 피스톤 성능 연구]
   └ 학회: 한국산학기술학회 (IF: 0.91)"
407,2023,공학 일반,873964729,김기목,1,0.0109,0.011945,"[기술협력생산의 체계공학 적용 방안 연구]
   └ 학회: 한국산학기술학회 (IF: 0.91)"
408,2023,공학 일반,242466773,손민정,1,0.0109,0.011945,"[기술협력생산의 체계공학 적용 방안 연구]
   └ 학회: 한국산학기술학회 (IF: 0.91)"
409,2023,공학 일반,806151311,Eun-Young Kim,1,0.0109,0.011945,"[The Effects of Gender, Hospitalization Experience Due to Violence, and Loneliness on Suicidal Ideation in Korean Multicultural Adolescents]
   └ 학회: 한국산학기술학회 (IF: 0.91)"
410,2023,공학 일반,940339056,김아림,1,0.0109,0.011945,"[Z세대인 10대 청소년의 장래 출산의향 관련 요인 탐색: 한국청소년정책연구원 패널 데이터의 청소년 가치관 중심으로]
   └ 학회: 한국산학기술학회 (IF: 0.91)"
411,2023,공학 일반,403170864,주용원,4,0.0093,0.010239,"[장갑차 유니버셜 조인트 캡이탈 방지를 위한 와이어 용접강도 개선]
   └ 학회: 한국산학기술학회 (IF: 0.91)
--------------------------------
[SCM을 활용한 군수품 공급업체 리스크 관리 체계 구축 연구]
   └ 학회: 한국산학기술학회 (IF: 0.91)
--------------------------------
[소규모 사업체 규모별 국방 서비스품질에 관한 연구]
   └ 학회: 한국산학기술학회 (IF: 0.91)
--------------------------------
[화재감지선 S/W 개선을 통한 자동소화장치 오동작 방지]
   └ 학회: 한국산학기술학회 (IF: 0.91)"
412,2023,공학 일반,806719093,문성암,3,0.0093,0.010239,"[장비 운용가용도 영향요인에 관한 시스템 다이나믹스적인 접근]
   └ 학회: 한국산학기술학회 (IF: 0.91)
--------------------------------
[전시 작전지속지원 전략에 관한 동적 시뮬레이션]
   └ 학회: 한국산학기술학회 (IF: 0.91)
--------------------------------
[시스템다이나믹스를 활용한 도태예정장비 수리부속 적정 구매중단시점 산정 연구]
   └ 학회: 한국산학기술학회 (IF: 0.91)"
413,2023,공학 일반,805943261,박만춘,3,0.0093,0.010239,"[개발단계 무기체계의 소프트웨어 품질검증체계 연구]
   └ 학회: 한국산학기술학회 (IF: 0.91)
--------------------------------
[소프트웨어 품질검증체계의 양산단계 소프트웨어 기술변경 적용 확대에 따른 품질관리 강화 방안 연구]
   └ 학회: 한국산학기술학회 (IF: 0.91)
--------------------------------
[자료교환체계 개선 및 OTP 다중인증을 통한 보안강화 메일시스템 구현]
   └ 학회: 한국산학기술학회 (IF: 0.91)"
414,2023,공학 일반,118542576,조현솔,2,0.0093,0.010239,"[동애등에 유산균 발효물의 산천어 체지방 개선 효과]
   └ 학회: 한국산학기술학회 (IF: 0.91)
--------------------------------
[해방풍 유산균 발효물의 항균 및 항산화 증진 효과]
   └ 학회: 한국산학기술학회 (IF: 0.91)"
415,2023,공학 일반,4616077,홍선미,2,0.0093,0.010239,"[동애등에 유산균 발효물의 산천어 체지방 개선 효과]
   └ 학회: 한국산학기술학회 (IF: 0.91)
--------------------------------
[해방풍 유산균 발효물의 항균 및 항산화 증진 효과]
   └ 학회: 한국산학기술학회 (IF: 0.91)"
416,2023,공학 일반,757113511,하창우,2,0.0093,0.010239,"[인간 섬유아세포 및 인간 각질형성세포에 대한 코브라 오일의 주름개선 및 노화 방지 효과]
   └ 학회: 한국산학기술학회 (IF: 0.91)
--------------------------------
[청양고추의 항산화 및 미백효과]
   └ 학회: 한국산학기술학회 (IF: 0.91)"
417,2023,공학 일반,164252445,김성혁,2,0.0093,0.010239,"[인간 섬유아세포 및 인간 각질형성세포에 대한 코브라 오일의 주름개선 및 노화 방지 효과]
   └ 학회: 한국산학기술학회 (IF: 0.91)
--------------------------------
[청양고추의 항산화 및 미백효과]
   └ 학회: 한국산학기술학회 (IF: 0.91)"
418,2023,공학 일반,639908116,장소희,2,0.0093,0.010239,"[인간 섬유아세포 및 인간 각질형성세포에 대한 코브라 오일의 주름개선 및 노화 방지 효과]
   └ 학회: 한국산학기술학회 (IF: 0.91)
--------------------------------
[청양고추의 항산화 및 미백효과]
   └ 학회: 한국산학기술학회 (IF: 0.91)"
419,2023,공학 일반,875726272,최정훈,2,0.0093,0.010239,"[인간 섬유아세포 및 인간 각질형성세포에 대한 코브라 오일의 주름개선 및 노화 방지 효과]
   └ 학회: 한국산학기술학회 (IF: 0.91)
--------------------------------
[청양고추의 항산화 및 미백효과]
   └ 학회: 한국산학기술학회 (IF: 0.91)"
420,2023,공학 일반,882089,손은화,2,0.0093,0.010239,"[인간 섬유아세포 및 인간 각질형성세포에 대한 코브라 오일의 주름개선 및 노화 방지 효과]
   └ 학회: 한국산학기술학회 (IF: 0.91)
--------------------------------
[청양고추의 항산화 및 미백효과]
   └ 학회: 한국산학기술학회 (IF: 0.91)"
421,2023,공학 일반,245930207,고동현,2,0.0093,0.010239,"[소규모 사업체 규모별 국방 서비스품질에 관한 연구]
   └ 학회: 한국산학기술학회 (IF: 0.91)
--------------------------------
[소구경화기 분산도 향상방안에 관한 연구]
   └ 학회: 한국산학기술학회 (IF: 0.91)"
422,2023,공학 일반,132849644,박회만,1,0.0093,0.010239,"[영상처리를 이용한 5령 누에 움직임 검출 및 병잠 검출을 위한 기초 연구]
   └ 학회: 한국산학기술학회 (IF: 0.91)"
423,2023,공학 일반,166058757,권민석,1,0.0093,0.010239,"[장비 운용가용도 영향요인에 관한 시스템 다이나믹스적인 접근]
   └ 학회: 한국산학기술학회 (IF: 0.91)"
424,2023,공학 일반,272968595,최종근,1,0.0093,0.010239,"[범부채 뿌리에 존재하는 이소플라보노이드들의 DPPH 라디칼 소거 활성에 대한 in vitro 및 DFT 연구]
   └ 학회: 한국산학기술학회 (IF: 0.91)"
425,2023,공학 일반,634565221,정난희,1,0.0093,0.010239,"[골프장의 서비스품질과 관계지속의도의 관계에서 지각된 가치의 매개효과 연구]
   └ 학회: 한국산학기술학회 (IF: 0.91)"
426,2023,공학 일반,669379230,Seo-Yeon Lee,1,0.0093,0.010239,"[The Effects of Service Quality of Companion Dog Website on Consumer’s Trust: Focused on the Mediating Effect of Consumer’s Loneliness]
   └ 학회: 한국산학기술학회 (IF: 0.91)"
427,2023,공학 일반,502761197,김희종,1,0.0093,0.010239,"[유산균 발효한 거봉 착즙액의 항산화 활성에 관한 연구]
   └ 학회: 한국산학기술학회 (IF: 0.91)"
428,2023,공학 일반,597713884,안용후,1,0.0093,0.010239,"[유산균 발효한 거봉 착즙액의 항산화 활성에 관한 연구]
   └ 학회: 한국산학기술학회 (IF: 0.91)"
429,2023,공학 일반,222378890,조항혁,1,0.0093,0.010239,"[유산균 발효한 거봉 착즙액의 항산화 활성에 관한 연구]
   └ 학회: 한국산학기술학회 (IF: 0.91)"
430,2023,공학 일반,132767247,권상철,1,0.0093,0.010239,"[유산균 발효한 거봉 착즙액의 항산화 활성에 관한 연구]
   └ 학회: 한국산학기술학회 (IF: 0.91)"
431,2023,공학 일반,5092371,김태용,1,0.0093,0.010239,"[국방통합재정정보시스템의 품질 요인이 사용자 만족과 업무성과에 미치는 영향: 정보시스템 성공모델 관점으로]
   └ 학회: 한국산학기술학회 (IF: 0.91)"
432,2023,공학 일반,887177475,최화준,1,0.0093,0.010239,"[국방통합재정정보시스템의 품질 요인이 사용자 만족과 업무성과에 미치는 영향: 정보시스템 성공모델 관점으로]
   └ 학회: 한국산학기술학회 (IF: 0.91)"
433,2023,공학 일반,260253957,제승완,1,0.0093,0.010239,"[악보 인식을 위한 잡음 제거 및 분류 알고리즘 비교]
   └ 학회: 한국산학기술학회 (IF: 0.91)"
434,2023,공학 일반,857684908,이덕우,1,0.0093,0.010239,"[악보 인식을 위한 잡음 제거 및 분류 알고리즘 비교]
   └ 학회: 한국산학기술학회 (IF: 0.91)"
435,2023,공학 일반,345005807,김의영,1,0.0093,0.010239,"[스트릿 댄스 공연의 서비스 품질이 관람충성도에 미치는 영향: 사회적 가치와 감정적 가치의 매개효과를 중심으로]
   └ 학회: 한국산학기술학회 (IF: 0.91)"
436,2023,공학 일반,671855581,박성진,1,0.0093,0.010239,"[스트릿 댄스 공연의 서비스 품질이 관람충성도에 미치는 영향: 사회적 가치와 감정적 가치의 매개효과를 중심으로]
   └ 학회: 한국산학기술학회 (IF: 0.91)"
437,2023,공학 일반,974996993,박승진,1,0.0093,0.010239,"[DQN기반 차량배차 자동화 모델]
   └ 학회: 한국산학기술학회 (IF: 0.91)"
438,2023,공학 일반,550026437,김효진,1,0.0093,0.010239,"[청양고추의 항산화 및 미백효과]
   └ 학회: 한국산학기술학회 (IF: 0.91)"
439,2023,공학 일반,687765891,이태성,1,0.0093,0.010239,"[청양고추의 항산화 및 미백효과]
   └ 학회: 한국산학기술학회 (IF: 0.91)"
440,2023,공학 일반,323548274,고은미,1,0.0093,0.010239,"[국방상호조달협정 기체결국 협정문 비교 연구 -일본, 호주 협정문을 중심으로-]
   └ 학회: 한국산학기술학회 (IF: 0.91)"
441,2023,공학 일반,295382978,이지수,1,0.0093,0.010239,"[잠재계층분석을 활용한 한국 청년 1인 가구의 대사증후군 위험요인 유형화 및 영향요인 분석]
   └ 학회: 한국산학기술학회 (IF: 0.91)"
442,2023,공학 일반,4628833,김지준,1,0.0093,0.010239,"[그리스의 생산 균질도 파악을 위한 실시간 색추적 알고리즘 연구]
   └ 학회: 한국산학기술학회 (IF: 0.91)"
443,2023,공학 일반,480052632,이진,1,0.0093,0.010239,"[그리스의 생산 균질도 파악을 위한 실시간 색추적 알고리즘 연구]
   └ 학회: 한국산학기술학회 (IF: 0.91)"
444,2023,공학 일반,987244609,주광민,1,0.0093,0.010239,"[DDQN을 활용한 강화학습 기반의 다기능 레이더 임무 스케줄링 방법]
   └ 학회: 한국산학기술학회 (IF: 0.91)"
445,2023,공학 일반,898756478,심호섭,1,0.0093,0.010239,"[자료교환체계 개선 및 OTP 다중인증을 통한 보안강화 메일시스템 구현]
   └ 학회: 한국산학기술학회 (IF: 0.91)"
446,2023,공학 일반,129878943,송세관,1,0.0093,0.010239,"[북한 무인기 도발에 관한 Z세대의 안보 의식 조사]
   └ 학회: 한국산학기술학회 (IF: 0.91)"
447,2023,공학 일반,642777242,남윤욱,1,0.0093,0.010239,"[소규모 사업체 규모별 국방 서비스품질에 관한 연구]
   └ 학회: 한국산학기술학회 (IF: 0.91)"
448,2023,공학 일반,668689724,김현민,1,0.0093,0.010239,"[소규모 사업체 규모별 국방 서비스품질에 관한 연구]
   └ 학회: 한국산학기술학회 (IF: 0.91)"
449,2023,공학 일반,2084463,김성현,1,0.0093,0.010239,"[물류 및 생산시스템의 효율 향상을 위한 RRT-GRID 알고리즘 기반 자율주행로봇 경로 계획]
   └ 학회: 한국산학기술학회 (IF: 0.91)"
450,2023,공학 일반,829031345,권익현,1,0.0093,0.010239,"[물류 및 생산시스템의 효율 향상을 위한 RRT-GRID 알고리즘 기반 자율주행로봇 경로 계획]
   └ 학회: 한국산학기술학회 (IF: 0.91)"
451,2023,공학 일반,290557079,정수진,3,0.0078,0.008532,"[대학생의 흡연경험이 구강건강에 대한 인식 및 실천행동과 주관적 구강건강수준에 미치는 영향]
   └ 학회: 한국산학기술학회 (IF: 0.91)
--------------------------------
[대학생의 구강보건 교육경험, 지식, 실천행동이 구강건강관리 자기효능감에 미치는 영향]
   └ 학회: 한국산학기술학회 (IF: 0.91)
--------------------------------
[일부 대학생의 구강건강관리행동과 식습관 및 물 섭취정도에 따른 구취자각에 관한 연구]
   └ 학회: 한국산학기술학회 (IF: 0.91)"
452,2023,공학 일반,763233547,유연승,3,0.0078,0.008532,"[드론 사고 사례와 기술 동향에 따른 안티드론 대응 방안]
   └ 학회: 한국산학기술학회 (IF: 0.91)
--------------------------------
[국내 테러 대응체계 및 개선방안에 관한 연구 -사이버테러를 중심으로-]
   └ 학회: 한국산학기술학회 (IF: 0.91)
--------------------------------
[중소기업에 일반적으로 나타나는 정보보호 취약점 분석 - 방산관련업체를 중심으로 -]
   └ 학회: 한국산학기술학회 (IF: 0.91)"
453,2023,공학 일반,1578410,홍석무,2,0.0078,0.008532,"[반응표면법을 이용한 레그레스트 모듈의 경량화 설계]
   └ 학회: 한국산학기술학회 (IF: 0.91)
--------------------------------
[유한요소 해석과 역설계 기법을 활용한 ERW파이프 열영향부 기계적 물성 획득]
   └ 학회: 한국산학기술학회 (IF: 0.91)"
454,2023,공학 일반,764345385,이근왕,2,0.0078,0.008532,"[모바일 맵핑 시스템을 활용한 임도의 시공관리 데이터 생성]
   └ 학회: 한국산학기술학회 (IF: 0.91)
--------------------------------
[다양한 3D 레이저 스캐닝 방법에 의한 임도건설용 산림공간정보 구축의 활용성 평가]
   └ 학회: 한국산학기술학회 (IF: 0.91)"
455,2023,공학 일반,229688169,김웅진,2,0.0078,0.008532,"[철도보강노반의 BIM 설계를 위한 라이브러리 개발]
   └ 학회: 한국산학기술학회 (IF: 0.91)
--------------------------------
[면진층 구조를 가진 다중쉘 해저터널의 응력 저감 효과]
   └ 학회: 한국산학기술학회 (IF: 0.91)"
456,2023,공학 일반,232169570,김대상,2,0.0078,0.008532,"[철도보강노반의 BIM 설계를 위한 라이브러리 개발]
   └ 학회: 한국산학기술학회 (IF: 0.91)
--------------------------------
[면진층 구조를 가진 다중쉘 해저터널의 응력 저감 효과]
   └ 학회: 한국산학기술학회 (IF: 0.91)"
457,2023,공학 일반,865489174,엄대용,1,0.0078,0.008532,"[교량 시공관리 및 유지보수를 위한 포인트클라우드 데이터의 활용]
   └ 학회: 한국산학기술학회 (IF: 0.91)"
458,2023,공학 일반,364447165,정유진,1,0.0078,0.008532,"[유아교사의 변화몰입과 강점활용에 따른 놀이지원방법 이해도]
   └ 학회: 한국산학기술학회 (IF: 0.91)"
459,2023,공학 일반,878920154,이상욱,1,0.0078,0.008532,"[대퇴골 골절치료용 형상기억합금 골고정재의 접촉압 설계인자 연구]
   └ 학회: 한국산학기술학회 (IF: 0.91)"
460,2023,공학 일반,721505707,고철웅,1,0.0078,0.008532,"[대퇴골 골절치료용 형상기억합금 골고정재의 접촉압 설계인자 연구]
   └ 학회: 한국산학기술학회 (IF: 0.91)"
461,2023,공학 일반,729788926,이현택,1,0.0078,0.008532,"[반응표면법을 이용한 레그레스트 모듈의 경량화 설계]
   └ 학회: 한국산학기술학회 (IF: 0.91)"
462,2023,공학 일반,506207766,박수헌,1,0.0078,0.008532,"[반응표면법을 이용한 레그레스트 모듈의 경량화 설계]
   └ 학회: 한국산학기술학회 (IF: 0.91)"
463,2023,공학 일반,626352704,최봉호,1,0.0078,0.008532,"[반응표면법을 이용한 레그레스트 모듈의 경량화 설계]
   └ 학회: 한국산학기술학회 (IF: 0.91)"
464,2023,공학 일반,298698633,김봉구,1,0.0078,0.008532,"[반응표면법을 이용한 레그레스트 모듈의 경량화 설계]
   └ 학회: 한국산학기술학회 (IF: 0.91)"
465,2023,공학 일반,379223168,김한상,1,0.0078,0.008532,"[반응표면법을 이용한 레그레스트 모듈의 경량화 설계]
   └ 학회: 한국산학기술학회 (IF: 0.91)"
466,2023,공학 일반,933769794,심준형,1,0.0078,0.008532,"[드론 사고 사례와 기술 동향에 따른 안티드론 대응 방안]
   └ 학회: 한국산학기술학회 (IF: 0.91)"
467,2023,공학 일반,160143750,황의천,1,0.0078,0.008532,"[드론 사고 사례와 기술 동향에 따른 안티드론 대응 방안]
   └ 학회: 한국산학기술학회 (IF: 0.91)"
468,2023,공학 일반,530110918,손창근,1,0.0078,0.008532,"[드론 사고 사례와 기술 동향에 따른 안티드론 대응 방안]
   └ 학회: 한국산학기술학회 (IF: 0.91)"
469,2023,공학 일반,158377361,문원희,1,0.0078,0.008532,"[COVID-19로 인한 가정 경제 상태 변화에 따른 청소년의 불안 관련 요인]
   └ 학회: 한국산학기술학회 (IF: 0.91)"
470,2023,공학 일반,456071901,권명진,1,0.0078,0.008532,"[COVID-19로 인한 가정 경제 상태 변화에 따른 청소년의 불안 관련 요인]
   └ 학회: 한국산학기술학회 (IF: 0.91)"
471,2023,공학 일반,616205077,김기봉,1,0.0078,0.008532,"[COVID-19로 인한 가정 경제 상태 변화에 따른 청소년의 불안 관련 요인]
   └ 학회: 한국산학기술학회 (IF: 0.91)"
472,2023,공학 일반,808963714,김선애,1,0.0078,0.008532,"[COVID-19로 인한 가정 경제 상태 변화에 따른 청소년의 불안 관련 요인]
   └ 학회: 한국산학기술학회 (IF: 0.91)"
473,2023,공학 일반,721277571,윤현경,1,0.0078,0.008532,"[베이비붐 세대의 스마트기기 이용과 정보검색 이용이 정신건강에 미치는 영향]
   └ 학회: 한국산학기술학회 (IF: 0.91)"
474,2023,공학 일반,332565961,김민자,1,0.0078,0.008532,"[노인재가복지센터 요양보호사의 치매지식, 치매태도, 치매두려움이 치매예방행위에 미치는 영향]
   └ 학회: 한국산학기술학회 (IF: 0.91)"
475,2023,공학 일반,898973871,오은정,1,0.0078,0.008532,"[노인재가복지센터 요양보호사의 치매지식, 치매태도, 치매두려움이 치매예방행위에 미치는 영향]
   └ 학회: 한국산학기술학회 (IF: 0.91)"
476,2023,공학 일반,799215349,안승호,1,0.0078,0.008532,"[파형관의 충돌안전도 해석 및 최적설계의 실험적 검증]
   └ 학회: 한국산학기술학회 (IF: 0.91)"
477,2023,공학 일반,634984008,정현승,1,0.0078,0.008532,"[파형관의 충돌안전도 해석 및 최적설계의 실험적 검증]
   └ 학회: 한국산학기술학회 (IF: 0.91)"
478,2023,공학 일반,104216877,김진성,1,0.0078,0.008532,"[파형관의 충돌안전도 해석 및 최적설계의 실험적 검증]
   └ 학회: 한국산학기술학회 (IF: 0.91)"
479,2023,공학 일반,633730462,황준혁,1,0.0078,0.008532,"[파형관의 충돌안전도 해석 및 최적설계의 실험적 검증]
   └ 학회: 한국산학기술학회 (IF: 0.91)"
480,2023,공학 일반,155892248,송민규,1,0.0078,0.008532,"[신산업 혁신과정에 대한 탐색적 연구: 미국 수소에너지 산업을 중심으로]
   └ 학회: 한국산학기술학회 (IF: 0.91)"
481,2023,공학 일반,2160742,봉강호,1,0.0078,0.008532,"[신산업 혁신과정에 대한 탐색적 연구: 미국 수소에너지 산업을 중심으로]
   └ 학회: 한국산학기술학회 (IF: 0.91)"
482,2023,공학 일반,263324175,유미령,1,0.0078,0.008532,"[싱잉볼 자애 명상 프로그램이 성인들의 생활스트레스와 뇌파에 미치는 효과]
   └ 학회: 한국산학기술학회 (IF: 0.91)"
483,2023,공학 일반,609049581,윤상일,1,0.0078,0.008532,"[싱잉볼 자애 명상 프로그램이 성인들의 생활스트레스와 뇌파에 미치는 효과]
   └ 학회: 한국산학기술학회 (IF: 0.91)"
484,2023,공학 일반,529449673,원희욱,1,0.0078,0.008532,"[싱잉볼 자애 명상 프로그램이 성인들의 생활스트레스와 뇌파에 미치는 효과]
   └ 학회: 한국산학기술학회 (IF: 0.91)"
485,2023,공학 일반,880024779,조윤혜,1,0.0078,0.008532,"[문화예술 관람이 자아존중감과 삶의 만족도에 미치는 영향 연구]
   └ 학회: 한국산학기술학회 (IF: 0.91)"
486,2023,공학 일반,335066426,김지훈,1,0.0078,0.008532,"[Chlorella miniata 의 고농도 배양을 위한 배양조건의 통계학적 최적화]
   └ 학회: 한국산학기술학회 (IF: 0.91)"
487,2023,공학 일반,343540955,남현주,1,0.0078,0.008532,"[Chlorella miniata 의 고농도 배양을 위한 배양조건의 통계학적 최적화]
   └ 학회: 한국산학기술학회 (IF: 0.91)"
488,2023,공학 일반,294012980,이창수,1,0.0078,0.008532,"[Chlorella miniata 의 고농도 배양을 위한 배양조건의 통계학적 최적화]
   └ 학회: 한국산학기술학회 (IF: 0.91)"
489,2023,공학 일반,861204425,홍세연,1,0.0078,0.008532,"[서비스 종사자의 성인애착이 조직몰입에 미치는 영향에 관한 연구]
   └ 학회: 한국산학기술학회 (IF: 0.91)"
490,2023,공학 일반,356207618,조동혁,1,0.0078,0.008532,"[서비스 종사자의 성인애착이 조직몰입에 미치는 영향에 관한 연구]
   └ 학회: 한국산학기술학회 (IF: 0.91)"
491,2023,공학 일반,891843202,이성준,1,0.0078,0.008532,"[가상 인플루언서 특성이 브랜드 태도에 미치는 영향과 혁신성의 조절효과]
   └ 학회: 한국산학기술학회 (IF: 0.91)"
492,2023,공학 일반,647560098,신기호,1,0.0078,0.008532,"[방산 新시장 개척을 위한 SWOT 기반 남미 수출 전략 연구 -페루, 브라질 방산협력을 중심으로-]
   └ 학회: 한국산학기술학회 (IF: 0.91)"
493,2023,공학 일반,1792170,엄진욱,1,0.0078,0.008532,"[신속획득 사업선정 평가지표 항목의 중요도 분석]
   └ 학회: 한국산학기술학회 (IF: 0.91)"
494,2023,공학 일반,412559351,이중윤,1,0.0078,0.008532,"[신속획득 사업선정 평가지표 항목의 중요도 분석]
   └ 학회: 한국산학기술학회 (IF: 0.91)"
495,2023,공학 일반,171058544,박범,1,0.0078,0.008532,"[신속획득 사업선정 평가지표 항목의 중요도 분석]
   └ 학회: 한국산학기술학회 (IF: 0.91)"
496,2023,공학 일반,702995374,허소현,1,0.0078,0.008532,"[댐과 수압철관의 내진성능기법 적용성 및 취약도 분석]
   └ 학회: 한국산학기술학회 (IF: 0.91)"
497,2023,공학 일반,948112554,최동영,1,0.0078,0.008532,"[댐과 수압철관의 내진성능기법 적용성 및 취약도 분석]
   └ 학회: 한국산학기술학회 (IF: 0.91)"
498,2023,공학 일반,243321701,팍멩하이,1,0.0078,0.008532,"[댐과 수압철관의 내진성능기법 적용성 및 취약도 분석]
   └ 학회: 한국산학기술학회 (IF: 0.91)"
499,2023,공학 일반,986880027,권민호,1,0.0078,0.008532,"[댐과 수압철관의 내진성능기법 적용성 및 취약도 분석]
   └ 학회: 한국산학기술학회 (IF: 0.91)"
500,2023,공학 일반,379828575,권명희,1,0.0078,0.008532,"[보육교사의 그릿이 조직몰입에 미치는 영향 -U시 어린이집 보육교사 322명 대상을 조사 중심으로-]
   └ 학회: 한국산학기술학회 (IF: 0.91)"
501,2023,공학 일반,5133353,신우철,1,0.0078,0.008532,"[이미지 인식 기반 국내 자생종 소나무 종 분류]
   └ 학회: 한국산학기술학회 (IF: 0.91)"
502,2023,공학 일반,101909052,장동석,1,0.0078,0.008532,"[이미지 인식 기반 국내 자생종 소나무 종 분류]
   └ 학회: 한국산학기술학회 (IF: 0.91)"
503,2023,공학 일반,511287889,유건재,1,0.0078,0.008532,"[외부지식탐색의 폭이 혁신성과에 미치는 영향: 차별화전략과 기업규모의 조절효과]
   └ 학회: 한국산학기술학회 (IF: 0.91)"
504,2023,공학 일반,159900334,박영곤,1,0.0078,0.008532,"[철도보강노반의 BIM 설계를 위한 라이브러리 개발]
   └ 학회: 한국산학기술학회 (IF: 0.91)"
505,2023,공학 일반,427710353,이윤희,1,0.0078,0.008532,"[치위생과 재학생의 COVID-19관련 지식, 건강신념이 예방행동에 미치는 영향]
   └ 학회: 한국산학기술학회 (IF: 0.91)"
506,2023,공학 일반,478013734,최성숙,1,0.0078,0.008532,"[치위생과 재학생의 COVID-19관련 지식, 건강신념이 예방행동에 미치는 영향]
   └ 학회: 한국산학기술학회 (IF: 0.91)"
507,2023,공학 일반,769956918,김은임,1,0.0078,0.008532,"[베이비부머세대 중 은퇴예정자의 평생교육 참여동기가 삶의 만족도에 미치는 영향: 자기효능감의 매개효과를 중심으로]
   └ 학회: 한국산학기술학회 (IF: 0.91)"
508,2023,공학 일반,177459671,류수영,1,0.0078,0.008532,"[정보통신기술 활용이 집단지성 발현에 미치는 영향]
   └ 학회: 한국산학기술학회 (IF: 0.91)"
509,2023,공학 일반,584528298,문동규,1,0.0078,0.008532,"[영유아교사의 자아존중감 영향요인에 대한 효과분석]
   └ 학회: 한국산학기술학회 (IF: 0.91)"
510,2023,공학 일반,824717314,조규선,5,0.0,0.0,"[대형 화학공장 고소 작업시 수평 생명줄 처짐에 따른 떨어짐 여유 거리에 관한 연구]
   └ 학회: 한국산학기술학회 (IF: 0.91)
--------------------------------
[천연물합성 실험에서 유기화합물의 작업환경 노출수준에 관한 연구]
   └ 학회: 한국산학기술학회 (IF: 0.91)
--------------------------------
[질식재해 예방을 위한 맨홀 관리시스템 필요성에 대한 연구]
   └ 학회: 한국산학기술학회 (IF: 0.91)
--------------------------------
[VDT 작업환경의 전방 머리 자세 변화에 관한 연구]
   └ 학회: 한국산학기술학회 (IF: 0.91)
--------------------------------
[A제철사 위험성평가 운영 실태 및 유해성 위험성 개선방안 연구]
   └ 학회: 한국산학기술학회 (IF: 0.91)"
511,2023,공학 일반,213219434,구승환,5,0.0,0.0,"[유도탄 저장신뢰성평가 로트 기준 설정 연구]
   └ 학회: 한국산학기술학회 (IF: 0.91)
--------------------------------
[염수가 방탄복의 방탄성능에 미치는 영향에 관한 연구]
   └ 학회: 한국산학기술학회 (IF: 0.91)
--------------------------------
[안전 및 효율성 확보를 위한 방탄시험장 개선방안 연구]
   └ 학회: 한국산학기술학회 (IF: 0.91)
--------------------------------
[부력방탄복의 시험방법 개선에 관한 연구]
   └ 학회: 한국산학기술학회 (IF: 0.91)
--------------------------------
[시험탄 제조사 및 탄착점 위치에 따른 방탄복 방탄 성능 차이 연구]
   └ 학회: 한국산학기술학회 (IF: 0.91)"
512,2023,공학 일반,987364986,황인호,3,0.0,0.0,"[분배 불공정성과 관계 갈등이 지식축적에 미치는 영향: 인센티브 민감성 및 업무 의존도의 역할]
   └ 학회: 한국산업정보학회 (IF: 1.4)
--------------------------------
[메타버스의 프라이버시 및 보안 우려 완화: 사회적 정체성과 디지털 역량의 역할]
   └ 학회: 한국산학기술학회 (IF: 0.91)
--------------------------------
[라이브 커머스 판매자의 정보 원천 신뢰도의 영향: 준사회적 관계, 진정성, 몰입 경험의 역할]
   └ 학회: 한국산학기술학회 (IF: 0.91)"
513,2023,공학 일반,874468018,김기출,3,0.0,0.0,"[바이오 응용을 위한 형광 실리카 나노 입자의 최적 합성]
   └ 학회: 한국산학기술학회 (IF: 0.91)
--------------------------------
[SnO₂ 나노구조의 성장에서 기판 표면의 효과]
   └ 학회: 한국산학기술학회 (IF: 0.91)
--------------------------------
[고굴절 폴리머 안경렌즈를 위한 효과적인 점진적 굴절률 반사방지 코팅]
   └ 학회: 한국산학기술학회 (IF: 0.91)"
514,2023,공학 일반,256029328,홍성우,3,0.0,0.0,"[준지도 학습 모델을 사용한 차량 내부 네트워크에서의 이상 징후 탐지]
   └ 학회: 한국산학기술학회 (IF: 0.91)
--------------------------------
[신원 확인 공격에 안전한 클라우드 데이터 중복 제거 기술]
   └ 학회: 한국산학기술학회 (IF: 0.91)
--------------------------------
[다중 피처 딥러닝 모델을 이용한 전자기파 기반의 명령어 역어셈블러 구현]
   └ 학회: 한국산학기술학회 (IF: 0.91)"
515,2023,공학 일반,860947430,하재철,3,0.0,0.0,"[준지도 학습 모델을 사용한 차량 내부 네트워크에서의 이상 징후 탐지]
   └ 학회: 한국산학기술학회 (IF: 0.91)
--------------------------------
[신원 확인 공격에 안전한 클라우드 데이터 중복 제거 기술]
   └ 학회: 한국산학기술학회 (IF: 0.91)
--------------------------------
[다중 피처 딥러닝 모델을 이용한 전자기파 기반의 명령어 역어셈블러 구현]
   └ 학회: 한국산학기술학회 (IF: 0.91)"
516,2023,공학 일반,175718910,서영욱,3,0.0,0.0,"[개방형혁신이 기업성과에 미치는 영향: 비즈니스모델혁신과 네트워크개발역량의 매개효과]
   └ 학회: 한국산학기술학회 (IF: 0.91)
--------------------------------
[중소기업의 수출 시장지향성이 시장성과에 미치는 영향: 네트워크의 매개효과]
   └ 학회: 한국산학기술학회 (IF: 0.91)
--------------------------------
[온라인 쇼핑몰의 학습, 온라인 리뷰, 소비자 커뮤니케이션이 지각된 혜택을 통해 고객 e-충성도에 미치는 영향 - 상품정보 중요성의 조절효과 -]
   └ 학회: 한국산학기술학회 (IF: 0.91)"
517,2023,공학 일반,305685741,오진우,3,0.0,0.0,"[무기체계 SW 결함의 효과적인 환류 방안 연구]
   └ 학회: 한국산학기술학회 (IF: 0.91)
--------------------------------
[개발단계 무기체계의 소프트웨어 품질검증체계 연구]
   └ 학회: 한국산학기술학회 (IF: 0.91)
--------------------------------
[소프트웨어 품질검증체계의 양산단계 소프트웨어 기술변경 적용 확대에 따른 품질관리 강화 방안 연구]
   └ 학회: 한국산학기술학회 (IF: 0.91)"
518,2023,공학 일반,551525309,윤재형,3,0.0,0.0,"[무기체계 SW 결함의 효과적인 환류 방안 연구]
   └ 학회: 한국산학기술학회 (IF: 0.91)
--------------------------------
[개발단계 무기체계의 소프트웨어 품질검증체계 연구]
   └ 학회: 한국산학기술학회 (IF: 0.91)
--------------------------------
[소프트웨어 품질검증체계의 양산단계 소프트웨어 기술변경 적용 확대에 따른 품질관리 강화 방안 연구]
   └ 학회: 한국산학기술학회 (IF: 0.91)"
519,2023,공학 일반,511743666,김종규,3,0.0,0.0,"[무기체계 SW 결함의 효과적인 환류 방안 연구]
   └ 학회: 한국산학기술학회 (IF: 0.91)
--------------------------------
[개발단계 무기체계의 소프트웨어 품질검증체계 연구]
   └ 학회: 한국산학기술학회 (IF: 0.91)
--------------------------------
[소프트웨어 품질검증체계의 양산단계 소프트웨어 기술변경 적용 확대에 따른 품질관리 강화 방안 연구]
   └ 학회: 한국산학기술학회 (IF: 0.91)"
520,2023,공학 일반,647329504,허장욱,3,0.0,0.0,"[MIL-STD-810H를 적용한 전력차단기 조립 자동화 설비의 진동해석]
   └ 학회: 한국산학기술학회 (IF: 0.91)
--------------------------------
[군용하중급수 크기에 따른 장간조립교의 안전성 검토]
   └ 학회: 한국산학기술학회 (IF: 0.91)
--------------------------------
[군용 안테나의 Random Vibration 해석에 관한 연구]
   └ 학회: 한국산학기술학회 (IF: 0.91)"
521,2023,공학 일반,138448386,이기림,3,0.0,0.0,"[방산분야에서 수리순환부품이 신품과 동등한 품질 수준임에 대한 검증방안 연구]
   └ 학회: 한국산학기술학회 (IF: 0.91)
--------------------------------
[산악지형 조건을 고려한 복합형 CFAR 적용에 관한 연구]
   └ 학회: 한국산학기술학회 (IF: 0.91)
--------------------------------
[초음파센서에 도플러 효과를 적용한 방위각 추정 연구]
   └ 학회: 한국산학기술학회 (IF: 0.91)"
522,2023,공학 일반,441036786,이상민,3,0.0,0.0,"[방산분야에서 수리순환부품이 신품과 동등한 품질 수준임에 대한 검증방안 연구]
   └ 학회: 한국산학기술학회 (IF: 0.91)
--------------------------------
[초음파센서에 도플러 효과를 적용한 방위각 추정 연구]
   └ 학회: 한국산학기술학회 (IF: 0.91)
--------------------------------
[성능개량 된 피아식별장비의 전시거리 인식 오류 개선에 관한 연구]
   └ 학회: 한국산학기술학회 (IF: 0.91)"
523,2023,공학 일반,549223883,송승환,3,0.0,0.0,"[염수가 방탄복의 방탄성능에 미치는 영향에 관한 연구]
   └ 학회: 한국산학기술학회 (IF: 0.91)
--------------------------------
[안전 및 효율성 확보를 위한 방탄시험장 개선방안 연구]
   └ 학회: 한국산학기술학회 (IF: 0.91)
--------------------------------
[시험탄 제조사 및 탄착점 위치에 따른 방탄복 방탄 성능 차이 연구]
   └ 학회: 한국산학기술학회 (IF: 0.91)"
524,2023,공학 일반,361928636,조성환,3,0.0,0.0,"[안전 및 효율성 확보를 위한 방탄시험장 개선방안 연구]
   └ 학회: 한국산학기술학회 (IF: 0.91)
--------------------------------
[부력방탄복의 시험방법 개선에 관한 연구]
   └ 학회: 한국산학기술학회 (IF: 0.91)
--------------------------------
[시험탄 제조사 및 탄착점 위치에 따른 방탄복 방탄 성능 차이 연구]
   └ 학회: 한국산학기술학회 (IF: 0.91)"
525,2023,공학 일반,5420390,김기승,3,0.0,0.0,"[3차원 측정에서의 화이트 노이즈 평가 방법에 관한 연구]
   └ 학회: 한국산학기술학회 (IF: 0.91)
--------------------------------
[그림자를 이용한 Mini-LED의 기울기 측정]
   └ 학회: 한국산학기술학회 (IF: 0.91)
--------------------------------
[고광택 물체 3D 형상 측정시 발생되는 잡음개선에 관한 연구]
   └ 학회: 한국산학기술학회 (IF: 0.91)"
526,2023,공학 일반,500730,박윤창,3,0.0,0.0,"[3차원 측정에서의 화이트 노이즈 평가 방법에 관한 연구]
   └ 학회: 한국산학기술학회 (IF: 0.91)
--------------------------------
[그림자를 이용한 Mini-LED의 기울기 측정]
   └ 학회: 한국산학기술학회 (IF: 0.91)
--------------------------------
[고광택 물체 3D 형상 측정시 발생되는 잡음개선에 관한 연구]
   └ 학회: 한국산학기술학회 (IF: 0.91)"
527,2023,공학 일반,286920906,양가영,3,0.0,0.0,"[The effect of inorganic and organic mineral premix in broiler diets on growth performance, and fecal mineral excretion]
   └ 학회: 한국산학기술학회 (IF: 0.91)
--------------------------------
[육계일령이 깔짚 수분, 발바닥 피부염 및 스트레스 호르몬에 미치는 영향]
   └ 학회: 한국산학기술학회 (IF: 0.91)
--------------------------------
[돈사 내 암모니아 농도가 육성 · 비육돈의 행동 변화에 미치는 영향]
   └ 학회: 한국산학기술학회 (IF: 0.91)"
528,2023,공학 일반,361277997,김광,2,0.0,0.0,"[불확실성을 갖는 작업 할당 문제를 위한 표본 평균 근사법]
   └ 학회: 한국산업정보학회 (IF: 1.4)
--------------------------------
[에어 택시 이용률 최대화를 위한 수직이착륙장 위치 결정 문제]
   └ 학회: 한국산업정보학회 (IF: 1.4)"
529,2023,공학 일반,974815554,이숭근,2,0.0,0.0,"[고용량 영구자석형 모터의 회전자 착자를 위한 200kJ급 착자기의 착자요크 회로정수 설계 방법에 관한 연구]
   └ 학회: 한국산업정보학회 (IF: 1.4)
--------------------------------
[토크 벡터링 시스템이 적용된 차량의 선회 성능 향상을 위한 토크 분배에 관한 연구]
   └ 학회: 한국산업정보학회 (IF: 1.4)"
530,2023,공학 일반,585720374,백권후,2,0.0,0.0,"[고용량 영구자석형 모터의 회전자 착자를 위한 200kJ급 착자기의 착자요크 회로정수 설계 방법에 관한 연구]
   └ 학회: 한국산업정보학회 (IF: 1.4)
--------------------------------
[선박용 디젤 발전기 병렬운전 최적 운영방안에 관한 연구]
   └ 학회: 한국산업정보학회 (IF: 1.4)"
531,2023,공학 일반,339379,김태규,2,0.0,0.0,"[고용량 영구자석형 모터의 회전자 착자를 위한 200kJ급 착자기의 착자요크 회로정수 설계 방법에 관한 연구]
   └ 학회: 한국산업정보학회 (IF: 1.4)
--------------------------------
[선박용 디젤 발전기 병렬운전 최적 운영방안에 관한 연구]
   └ 학회: 한국산업정보학회 (IF: 1.4)"
532,2023,공학 일반,259363302,최동건,2,0.0,0.0,"[선박용 디젤 발전기 병렬운전 최적 운영방안에 관한 연구]
   └ 학회: 한국산업정보학회 (IF: 1.4)
--------------------------------
[토크 벡터링 시스템이 적용된 차량의 선회 성능 향상을 위한 토크 분배에 관한 연구]
   └ 학회: 한국산업정보학회 (IF: 1.4)"
533,2023,공학 일반,833286204,최인규,2,0.0,0.0,"[선박용 디젤 발전기 병렬운전 최적 운영방안에 관한 연구]
   └ 학회: 한국산업정보학회 (IF: 1.4)
--------------------------------
[토크 벡터링 시스템이 적용된 차량의 선회 성능 향상을 위한 토크 분배에 관한 연구]
   └ 학회: 한국산업정보학회 (IF: 1.4)"
534,2023,공학 일반,273070675,윤석태,2,0.0,0.0,"[적외선 신호저감 장치 모형시험을 위한 계측기의 성능평가]
   └ 학회: 한국산업정보학회 (IF: 1.4)
--------------------------------
[원통 아크릴 수조로 주입된 고온 기포의 수면 배출 온도 측정에 관한 실험적 연구]
   └ 학회: 한국산업정보학회 (IF: 1.4)"
535,2023,공학 일반,104635,이종호,2,0.0,0.0,"[감염병 재난 시 신속한 대응을 위한 선별진료소 공급 및 비축 · 재사용 체계에 관한 연구]
   └ 학회: 한국산학기술학회 (IF: 0.91)
--------------------------------
[도심항공교통(UAM: Urban Air Mobility)의 인프라 구축을 위한 기존 고층건축물 헬리포트 활용 및 위치 선정 방안 연구]
   └ 학회: 한국산학기술학회 (IF: 0.91)"
536,2023,공학 일반,552927361,황은경,2,0.0,0.0,"[감염병 재난 시 신속한 대응을 위한 선별진료소 공급 및 비축 · 재사용 체계에 관한 연구]
   └ 학회: 한국산학기술학회 (IF: 0.91)
--------------------------------
[전문가 설문조사를 통한 주거서비스 활성화 방안 연구]
   └ 학회: 한국산학기술학회 (IF: 0.91)"
537,2023,공학 일반,5539147,박동진,2,0.0,0.0,"[다문화 청소년의 문화적응 스트레스가 학교생활적응에 미치는 영향 : 사회적 역량과 자아존중감의 연속다중매개효과]
   └ 학회: 한국산학기술학회 (IF: 0.91)
--------------------------------
[미등록 정신질환자의 고용활성화 방안에 관한 연구: 직업재활실무자의 인식을 중심으로]
   └ 학회: 한국산학기술학회 (IF: 0.91)"
538,2023,공학 일반,759391828,김병곤,2,0.0,0.0,"[가족통제기업의 초과지배권과 투자-현금흐름 민감도]
   └ 학회: 한국산학기술학회 (IF: 0.91)
--------------------------------
[대주주 기관투자자는 기업투자에 영향을 미치는가?]
   └ 학회: 한국산학기술학회 (IF: 0.91)"
539,2023,공학 일반,687771988,양리,2,0.0,0.0,"[Determinants of Adoption of Agricultural Technology in Cameroon; The case of Improved Rice Variety Adoption in the Upper Nun Valley Areas of the West and North West Regions]
   └ 학회: 한국산학기술학회 (IF: 0.91)
--------------------------------
[DEA와 Malmquist지수를 이용한 대한민국 도별 연도별 논벼의 효율성 분석]
   └ 학회: 한국산학기술학회 (IF: 0.91)"
540,2023,공학 일반,934223585,심지연,2,0.0,0.0,"[Determinants of Adoption of Agricultural Technology in Cameroon; The case of Improved Rice Variety Adoption in the Upper Nun Valley Areas of the West and North West Regions]
   └ 학회: 한국산학기술학회 (IF: 0.91)
--------------------------------
[DEA와 Malmquist지수를 이용한 대한민국 도별 연도별 논벼의 효율성 분석]
   └ 학회: 한국산학기술학회 (IF: 0.91)"
541,2023,공학 일반,427261031,이종인,2,0.0,0.0,"[Determinants of Adoption of Agricultural Technology in Cameroon; The case of Improved Rice Variety Adoption in the Upper Nun Valley Areas of the West and North West Regions]
   └ 학회: 한국산학기술학회 (IF: 0.91)
--------------------------------
[DEA와 Malmquist지수를 이용한 대한민국 도별 연도별 논벼의 효율성 분석]
   └ 학회: 한국산학기술학회 (IF: 0.91)"
542,2023,공학 일반,556183984,송양,2,0.0,0.0,"[SLS 발성법과 CVT 발성법의 비교 분석]
   └ 학회: 한국산학기술학회 (IF: 0.91)
--------------------------------
[전통적인 성악 발성법과 SLS 발성법의 비교 분석: 계승과 변화를 중심으로]
   └ 학회: 한국산학기술학회 (IF: 0.91)"
543,2023,공학 일반,861929937,김현태,2,0.0,0.0,"[SLS 발성법과 CVT 발성법의 비교 분석]
   └ 학회: 한국산학기술학회 (IF: 0.91)
--------------------------------
[전통적인 성악 발성법과 SLS 발성법의 비교 분석: 계승과 변화를 중심으로]
   └ 학회: 한국산학기술학회 (IF: 0.91)"
544,2023,공학 일반,882389762,이미숙,2,0.0,0.0,"[경도인지장애 환자의 의사소통 파트너 교육 모델에 대한 내용타당도 연구]
   └ 학회: 한국산학기술학회 (IF: 0.91)
--------------------------------
[주관적 인지 저하 노인에 대한 가정 기반 언어 중재의 유지 효과를 예측하는 인지 요인]
   └ 학회: 한국산학기술학회 (IF: 0.91)"
545,2023,공학 일반,828560970,이헌민,2,0.0,0.0,"[건설정보모델의 속성입력 간소화에 관한 연구-Ⅰ : 옹벽의 BIM 속성분류체계 및 변수모델 개발]
   └ 학회: 한국산학기술학회 (IF: 0.91)
--------------------------------
[건설정보모델의 속성입력 간소화에 관한 연구-Ⅱ : 구조계산식이 반영된 옹벽 변수모델의 개발]
   └ 학회: 한국산학기술학회 (IF: 0.91)"
546,2023,공학 일반,800874418,박미령,2,0.0,0.0,"[돼지 각막을 이용한 이종이식 모델에서 수혜 원숭이 혈액으로 PERV의 비 감염 확인]
   └ 학회: 한국산학기술학회 (IF: 0.91)
--------------------------------
[CRISPR/Cas9 시스템을 이용한 돼지 수정란에서의 cd163 발현 효율 분석]
   └ 학회: 한국산학기술학회 (IF: 0.91)"
547,2023,공학 일반,784112152,이민국,2,0.0,0.0,"[돼지 각막을 이용한 이종이식 모델에서 수혜 원숭이 혈액으로 PERV의 비 감염 확인]
   └ 학회: 한국산학기술학회 (IF: 0.91)
--------------------------------
[CRISPR/Cas9 시스템을 이용한 돼지 수정란에서의 cd163 발현 효율 분석]
   └ 학회: 한국산학기술학회 (IF: 0.91)"
548,2023,공학 일반,399049530,조수민,2,0.0,0.0,"[특성 불안이 진로 준비 자세, 진로 인식, 학과 만족도, 학과 추천에 미치는 영향: 치위생과 학생 중심으로]
   └ 학회: 한국산학기술학회 (IF: 0.91)
--------------------------------
[병원근로자의 일터 영성이 개인의 회복탄력성에 미치는 영향]
   └ 학회: 한국산학기술학회 (IF: 0.91)"
549,2023,공학 일반,355007365,김민,2,0.0,0.0,"[교사를 대상으로 한 한국형 정신장애 도구(K-MDI) 타당화 연구]
   └ 학회: 한국산학기술학회 (IF: 0.91)
--------------------------------
[ICF기반 한국 장애출현율 산출에 대한 연구: Model Disability Survey를 중심으로]
   └ 학회: 한국산학기술학회 (IF: 0.91)"
550,2023,공학 일반,797249445,배진우,2,0.0,0.0,"[고체산화물 연료전지용 460FC계 금속분리판에서 무전해 코발트 코팅 두께의 영향]
   └ 학회: 한국산학기술학회 (IF: 0.91)
--------------------------------
[압출 공정온도와 스크류 조합에 따른 자원 순환형 탄소필러기반 폴리아마이드66 복합소재의 열전도도 및 기계적 물성]
   └ 학회: 한국산학기술학회 (IF: 0.91)"
551,2023,공학 일반,410327853,은종호,2,0.0,0.0,"[대추 가치사슬을 위한 부가가치 추정 및 수급전망 모형 구축]
   └ 학회: 한국산학기술학회 (IF: 0.91)
--------------------------------
[RCEP 체결에 따른 제주 감귤산업 영향 분석]
   └ 학회: 한국산학기술학회 (IF: 0.91)"
552,2023,공학 일반,274696780,박영수,2,0.0,0.0,"[교량용 거더 원격 정밀거치 로봇의 수평위치 조정 기능 검증]
   └ 학회: 한국산학기술학회 (IF: 0.91)
--------------------------------
[거더원격정밀거치를 위한 LiDAR 기반의 상대위치 추정 방법에 관한 연구]
   └ 학회: 한국산학기술학회 (IF: 0.91)"
553,2023,공학 일반,460503275,이상윤,2,0.0,0.0,"[교량용 거더 원격 정밀거치 로봇의 수평위치 조정 기능 검증]
   └ 학회: 한국산학기술학회 (IF: 0.91)
--------------------------------
[거더원격정밀거치를 위한 LiDAR 기반의 상대위치 추정 방법에 관한 연구]
   └ 학회: 한국산학기술학회 (IF: 0.91)"
554,2023,공학 일반,665797204,이현로,2,0.0,0.0,"[준지도 학습 모델을 사용한 차량 내부 네트워크에서의 이상 징후 탐지]
   └ 학회: 한국산학기술학회 (IF: 0.91)
--------------------------------
[다중 피처 딥러닝 모델을 이용한 전자기파 기반의 명령어 역어셈블러 구현]
   └ 학회: 한국산학기술학회 (IF: 0.91)"
555,2023,공학 일반,2087609,이재열,2,0.0,0.0,"[EPC기업이 엔지니어링 산업의 고용 및 정책에 미친 영향]
   └ 학회: 한국산학기술학회 (IF: 0.91)
--------------------------------
[국가 기술자관리시스템 개선방안에 대한 실증연구]
   └ 학회: 한국산학기술학회 (IF: 0.91)"
556,2023,공학 일반,857322819,안달,2,0.0,0.0,"[LTCC를 이용한 소형화된 적층형 세라믹 칩 발룬 설계]
   └ 학회: 한국산학기술학회 (IF: 0.91)
--------------------------------
[마이크로파 회로의 성능 측정을 위한 테스트 픽스춰의 개발]
   └ 학회: 한국산학기술학회 (IF: 0.91)"
557,2023,공학 일반,849709835,유영기,2,0.0,0.0,"[유아동 교육 교구를 위한 전자기유도방식을 이용한 2차원 블록인식 장치 개발]
   └ 학회: 한국산학기술학회 (IF: 0.91)
--------------------------------
[전자기유도방식을 이용한 유아동 교육 교구의 2차원 블록 검사 시스템 개발]
   └ 학회: 한국산학기술학회 (IF: 0.91)"
558,2023,공학 일반,166345702,정민혁,2,0.0,0.0,"[유아동 교육 교구를 위한 전자기유도방식을 이용한 2차원 블록인식 장치 개발]
   └ 학회: 한국산학기술학회 (IF: 0.91)
--------------------------------
[전자기유도방식을 이용한 유아동 교육 교구의 2차원 블록 검사 시스템 개발]
   └ 학회: 한국산학기술학회 (IF: 0.91)"
559,2023,공학 일반,609453549,김현기,2,0.0,0.0,"[eVTOL 블레이드 피치 제어용 전기식 작동기 피로수명 해석]
   └ 학회: 한국산학기술학회 (IF: 0.91)
--------------------------------
[개별 블레이드 피치제어용 전기식 작동기 치명부품 분석]
   └ 학회: 한국산학기술학회 (IF: 0.91)"
560,2023,공학 일반,924999298,신동관,2,0.0,0.0,"[캄보디아의 장립종 쌀의 도정 공정 분석]
   └ 학회: 한국산학기술학회 (IF: 0.91)
--------------------------------
[국산 밀 병행건조를 위한 순환식 횡류형 곡물건조기 온도별 건조속도 분석]
   └ 학회: 한국산학기술학회 (IF: 0.91)"
561,2023,공학 일반,557811054,한재웅,2,0.0,0.0,"[캄보디아의 장립종 쌀의 도정 공정 분석]
   └ 학회: 한국산학기술학회 (IF: 0.91)
--------------------------------
[국산 밀 병행건조를 위한 순환식 횡류형 곡물건조기 온도별 건조속도 분석]
   └ 학회: 한국산학기술학회 (IF: 0.91)"
562,2023,공학 일반,2116063,엄원용,2,0.0,0.0,"[무기체계 SW 결함의 효과적인 환류 방안 연구]
   └ 학회: 한국산학기술학회 (IF: 0.91)
--------------------------------
[개발단계 무기체계의 소프트웨어 품질검증체계 연구]
   └ 학회: 한국산학기술학회 (IF: 0.91)"
563,2023,공학 일반,331922096,Gi-Hwal Son,2,0.0,0.0,"[Relationship Between Blood Metabolic Profile and Milking Performance in Holstein Cows]
   └ 학회: 한국산학기술학회 (IF: 0.91)
--------------------------------
[Effects of nutrient supply level on growth performance, blood metabolites, and carcass characteristics of Hanwoo heifers]
   └ 학회: 한국산학기술학회 (IF: 0.91)"
564,2023,공학 일반,489586866,Jong-Suh Shin,2,0.0,0.0,"[Relationship Between Blood Metabolic Profile and Milking Performance in Holstein Cows]
   └ 학회: 한국산학기술학회 (IF: 0.91)
--------------------------------
[Effects of nutrient supply level on growth performance, blood metabolites, and carcass characteristics of Hanwoo heifers]
   └ 학회: 한국산학기술학회 (IF: 0.91)"
565,2023,공학 일반,676783360,Byung-Ki Park,2,0.0,0.0,"[Relationship Between Blood Metabolic Profile and Milking Performance in Holstein Cows]
   └ 학회: 한국산학기술학회 (IF: 0.91)
--------------------------------
[Effects of nutrient supply level on growth performance, blood metabolites, and carcass characteristics of Hanwoo heifers]
   └ 학회: 한국산학기술학회 (IF: 0.91)"
566,2023,공학 일반,692477275,정선정,2,0.0,0.0,"[직업훈련 교강사 특성별 훈련생 만족도 차이 분석]
   └ 학회: 한국산학기술학회 (IF: 0.91)
--------------------------------
[국민내일배움카드 훈련 참여자 만족도 차이 분석]
   └ 학회: 한국산학기술학회 (IF: 0.91)"
567,2023,공학 일반,126806209,나영종,2,0.0,0.0,"[텐션 레벨러 인터메쉬 레벨링과 스트립 웨이브와의 상관 관계 연구]
   └ 학회: 한국산학기술학회 (IF: 0.91)
--------------------------------
[텐션 레벨러 제로 포인트 수동 설정 및 인터메쉬 계산 방법 해석]
   └ 학회: 한국산학기술학회 (IF: 0.91)"
568,2023,공학 일반,947231914,황재훈,2,0.0,0.0,"[수도권 및 비수도권 지역 주거점유유형 결정 요인분석]
   └ 학회: 한국산학기술학회 (IF: 0.91)
--------------------------------
[공공시설의 접근성 분석을 통한 서비스 이용 가능 범위 분석 연구 - 청주시를 대상으로]
   └ 학회: 한국산학기술학회 (IF: 0.91)"
569,2023,공학 일반,179848270,김종배,2,0.0,0.0,"[수·전동 휠체어 개발을 위한 수동휠체어 간 비교 사용성 평가 : 지체장애인을 중심으로]
   └ 학회: 한국산학기술학회 (IF: 0.91)
--------------------------------
[척수손상 장애인의 독립적인 일상생활 활동을 위한 음성인식 웨어러블 디바이스 도출: 포커스 그룹 인터뷰]
   └ 학회: 한국산학기술학회 (IF: 0.91)"
570,2023,공학 일반,295908619,김상현,2,0.0,0.0,"[대형 화학공장 고소 작업시 수평 생명줄 처짐에 따른 떨어짐 여유 거리에 관한 연구]
   └ 학회: 한국산학기술학회 (IF: 0.91)
--------------------------------
[질식재해 예방을 위한 맨홀 관리시스템 필요성에 대한 연구]
   └ 학회: 한국산학기술학회 (IF: 0.91)"
571,2023,공학 일반,421148927,이승현,2,0.0,0.0,"[석축의 설계높이에 대한 해석적 연구]
   └ 학회: 한국산학기술학회 (IF: 0.91)
--------------------------------
[석축의 설계단면에 대한 수치해석]
   └ 학회: 한국산학기술학회 (IF: 0.91)"
572,2023,공학 일반,724846164,이후동,2,0.0,0.0,"[±35kV급 MVDC 하이브리드 배전망의 보호협조 운용방안에 관한 연구]
   └ 학회: 한국산학기술학회 (IF: 0.91)
--------------------------------
[±35kV급 MVDC 실증 배전망의 보호협조기기 운용알고리즘에 관한 연구]
   └ 학회: 한국산학기술학회 (IF: 0.91)"
573,2023,공학 일반,473595992,조성덕,2,0.0,0.0,"[±35kV급 MVDC 하이브리드 배전망의 보호협조 운용방안에 관한 연구]
   └ 학회: 한국산학기술학회 (IF: 0.91)
--------------------------------
[Sharing용 ESS의 CMV 발생 메커니즘 및 모델링에 관한 연구]
   └ 학회: 한국산학기술학회 (IF: 0.91)"
574,2023,공학 일반,247698915,오용택,2,0.0,0.0,"[교육용 수용가 ESS 용량설계에 관한 연구]
   └ 학회: 한국산학기술학회 (IF: 0.91)
--------------------------------
[케이블 수명예측을 위한 수트리 동적해석 모델링에 관한 연구]
   └ 학회: 한국산학기술학회 (IF: 0.91)"
575,2023,공학 일반,165802960,유해연,2,0.0,0.0,"[리모델링 아파트단지의 커뮤니티시설 내 리빙랩 계획방안 연구]
   └ 학회: 한국산학기술학회 (IF: 0.91)
--------------------------------
[산업집적지 내 1인 주거 블록 배치 및 프로그램 제안 연구]
   └ 학회: 한국산학기술학회 (IF: 0.91)"
576,2023,공학 일반,183122404,송미령,2,0.0,0.0,"[아동복지교사의 역할 인식, 전문성, 직무만족도의 관계]
   └ 학회: 한국산학기술학회 (IF: 0.91)
--------------------------------
[아동학대행위자 분리방안을 위한 탐색적 연구]
   └ 학회: 한국산학기술학회 (IF: 0.91)"
577,2023,공학 일반,357012168,고성보,2,0.0,0.0,"[제주도내 하나로마트가 지역경제 미치는 영향 분석]
   └ 학회: 한국산학기술학회 (IF: 0.91)
--------------------------------
[월동 양배추 중장기 수급전망모형 개발]
   └ 학회: 한국산학기술학회 (IF: 0.91)"
578,2023,공학 일반,400495944,양성준,2,0.0,0.0,"[제주도내 하나로마트가 지역경제 미치는 영향 분석]
   └ 학회: 한국산학기술학회 (IF: 0.91)
--------------------------------
[RCEP 체결에 따른 제주 감귤산업 영향 분석]
   └ 학회: 한국산학기술학회 (IF: 0.91)"
579,2023,공학 일반,291428052,김배성,2,0.0,0.0,"[제주도내 하나로마트가 지역경제 미치는 영향 분석]
   └ 학회: 한국산학기술학회 (IF: 0.91)
--------------------------------
[RCEP 체결에 따른 제주 감귤산업 영향 분석]
   └ 학회: 한국산학기술학회 (IF: 0.91)"
580,2023,공학 일반,672393086,장경희,2,0.0,0.0,"[노인일자리 사업과 교육 활동에 대한 인식 연구: 웰에이징 전문가를 중심으로]
   └ 학회: 한국산학기술학회 (IF: 0.91)
--------------------------------
[웰에이징 전문가의 장례문화사업 교육운영 인식 연구]
   └ 학회: 한국산학기술학회 (IF: 0.91)"
581,2023,공학 일반,367069683,강남미,2,0.0,0.0,"[임산부와 영아 건강증진을 위한 모유 통합관리시스템 설계 -모유성분관리시스템 및 애플리케이션 개발을 중심으로-]
   └ 학회: 한국산학기술학회 (IF: 0.91)
--------------------------------
[유럽 및 북미 모유은행에 대한 체계적 고찰]
   └ 학회: 한국산학기술학회 (IF: 0.91)"
582,2023,공학 일반,924835465,박현순,2,0.0,0.0,"[임산부와 영아 건강증진을 위한 모유 통합관리시스템 설계 -모유성분관리시스템 및 애플리케이션 개발을 중심으로-]
   └ 학회: 한국산학기술학회 (IF: 0.91)
--------------------------------
[유럽 및 북미 모유은행에 대한 체계적 고찰]
   └ 학회: 한국산학기술학회 (IF: 0.91)"
583,2023,공학 일반,143910090,구소연,2,0.0,0.0,"[임산부와 영아 건강증진을 위한 모유 통합관리시스템 설계 -모유성분관리시스템 및 애플리케이션 개발을 중심으로-]
   └ 학회: 한국산학기술학회 (IF: 0.91)
--------------------------------
[유럽 및 북미 모유은행에 대한 체계적 고찰]
   └ 학회: 한국산학기술학회 (IF: 0.91)"
584,2023,공학 일반,618218758,한원호,2,0.0,0.0,"[임산부와 영아 건강증진을 위한 모유 통합관리시스템 설계 -모유성분관리시스템 및 애플리케이션 개발을 중심으로-]
   └ 학회: 한국산학기술학회 (IF: 0.91)
--------------------------------
[유럽 및 북미 모유은행에 대한 체계적 고찰]
   └ 학회: 한국산학기술학회 (IF: 0.91)"
585,2023,공학 일반,593136919,김가연,2,0.0,0.0,"[COVID-19 유행 전과 후 분리된 호흡기 병원미생물에 대한 항균제 내성 패턴]
   └ 학회: 한국산학기술학회 (IF: 0.91)
--------------------------------
[베이비부머 세대의 웰다잉 준비인식에 미치는 삶의 질의 영향]
   └ 학회: 한국산학기술학회 (IF: 0.91)"
586,2023,공학 일반,161005192,장현태,2,0.0,0.0,"[방향족 아민계 산화방지제에 의한 갈탄의 자연 발화 방지 효과]
   └ 학회: 한국산학기술학회 (IF: 0.91)
--------------------------------
[기포 유동층 연소로에서 유기성 슬러지와 역청탄 혼합 연소 특성]
   └ 학회: 한국산학기술학회 (IF: 0.91)"
587,2023,공학 일반,899977799,홍영선,2,0.0,0.0,"[잔존수명을 고려한 선로보수 장비 유압작동유의 상태평가]
   └ 학회: 한국산학기술학회 (IF: 0.91)
--------------------------------
[스위치 타이 탬퍼 작업주행용 카르단 샤프트의 고장 데이터 분석에 의한 교환주기 예측]
   └ 학회: 한국산학기술학회 (IF: 0.91)"
588,2023,공학 일반,418287657,김재문,2,0.0,0.0,"[잔존수명을 고려한 선로보수 장비 유압작동유의 상태평가]
   └ 학회: 한국산학기술학회 (IF: 0.91)
--------------------------------
[스위치 타이 탬퍼 작업주행용 카르단 샤프트의 고장 데이터 분석에 의한 교환주기 예측]
   └ 학회: 한국산학기술학회 (IF: 0.91)"
589,2023,공학 일반,904288832,만동우,2,0.0,0.0,"[스마트 부이로봇의 추진기 고장 감지 및 위치제어에 관한 연구]
   └ 학회: 한국산학기술학회 (IF: 0.91)
--------------------------------
[세일부이 메커니즘 개발 및 위치제어에 관한 연구]
   └ 학회: 한국산학기술학회 (IF: 0.91)"
590,2023,공학 일반,300893755,신창주,2,0.0,0.0,"[스마트 부이로봇의 추진기 고장 감지 및 위치제어에 관한 연구]
   └ 학회: 한국산학기술학회 (IF: 0.91)
--------------------------------
[세일부이 메커니즘 개발 및 위치제어에 관한 연구]
   └ 학회: 한국산학기술학회 (IF: 0.91)"
591,2023,공학 일반,105326567,권오순,2,0.0,0.0,"[스마트 부이로봇의 추진기 고장 감지 및 위치제어에 관한 연구]
   └ 학회: 한국산학기술학회 (IF: 0.91)
--------------------------------
[세일부이 메커니즘 개발 및 위치제어에 관한 연구]
   └ 학회: 한국산학기술학회 (IF: 0.91)"
592,2023,공학 일반,847830,김의석,2,0.0,0.0,"[대학의 기술지식 생산 속성 및 동적 변화 분석]
   └ 학회: 한국산학기술학회 (IF: 0.91)
--------------------------------
[반도체 장비 기업의 유형별 혁신 속성 및 기술지식 영향력 요인 연구]
   └ 학회: 한국산학기술학회 (IF: 0.91)"
593,2023,공학 일반,421592463,채한화,2,0.0,0.0,"[약물 유사 화합물의 물리화학적 성질 기반 다양성 평가]
   └ 학회: 한국산학기술학회 (IF: 0.91)
--------------------------------
[인산분해효소 첨가에 따른 1주령 육계의 맹장 내 에너지 대사 관련 유전자 발현에 미치는 영향]
   └ 학회: 한국산학기술학회 (IF: 0.91)"
594,2023,공학 일반,493186469,박원철,2,0.0,0.0,"[약물 유사 화합물의 물리화학적 성질 기반 다양성 평가]
   └ 학회: 한국산학기술학회 (IF: 0.91)
--------------------------------
[인산분해효소 첨가에 따른 1주령 육계의 맹장 내 에너지 대사 관련 유전자 발현에 미치는 영향]
   └ 학회: 한국산학기술학회 (IF: 0.91)"
595,2023,공학 일반,110450451,임다정,2,0.0,0.0,"[약물 유사 화합물의 물리화학적 성질 기반 다양성 평가]
   └ 학회: 한국산학기술학회 (IF: 0.91)
--------------------------------
[인산분해효소 첨가에 따른 1주령 육계의 맹장 내 에너지 대사 관련 유전자 발현에 미치는 영향]
   └ 학회: 한국산학기술학회 (IF: 0.91)"
596,2023,공학 일반,5499488,유도진,2,0.0,0.0,"[중국 해킹그룹 샤오치잉 사이버 무기체계 대응방안 연구: SQL Injection 및 OSINT기반 Known Vulnerability 공격]
   └ 학회: 한국산학기술학회 (IF: 0.91)
--------------------------------
[국제 다자회의 발전을 통한 국방 사이버안보 향상 방안 연구]
   └ 학회: 한국산학기술학회 (IF: 0.91)"
597,2023,공학 일반,164708102,정원용,2,0.0,0.0,"[방산분야에서 수리순환부품이 신품과 동등한 품질 수준임에 대한 검증방안 연구]
   └ 학회: 한국산학기술학회 (IF: 0.91)
--------------------------------
[카플란-마이어(Kaplan-Meier) 생존분석 기법을 통한 군수품 적정재고 모델링]
   └ 학회: 한국산학기술학회 (IF: 0.91)"
598,2023,공학 일반,491442169,이찬호,2,0.0,0.0,"[염수가 방탄복의 방탄성능에 미치는 영향에 관한 연구]
   └ 학회: 한국산학기술학회 (IF: 0.91)
--------------------------------
[시험탄 제조사 및 탄착점 위치에 따른 방탄복 방탄 성능 차이 연구]
   └ 학회: 한국산학기술학회 (IF: 0.91)"
599,2023,공학 일반,661923406,이민영,2,0.0,0.0,"[저항전분 함량이 높은 옥수수의 급여가 비글의 장내 미생물 환경 및 기능 변화에 미치는 영향]
   └ 학회: 한국산학기술학회 (IF: 0.91)
--------------------------------
[The effect of inorganic and organic mineral premix in broiler diets on growth performance, and fecal mineral excretion]
   └ 학회: 한국산학기술학회 (IF: 0.91)"
600,2023,공학 일반,449804797,천주란,2,0.0,0.0,"[저항전분 함량이 높은 옥수수의 급여가 비글의 장내 미생물 환경 및 기능 변화에 미치는 영향]
   └ 학회: 한국산학기술학회 (IF: 0.91)
--------------------------------
[The effect of inorganic and organic mineral premix in broiler diets on growth performance, and fecal mineral excretion]
   └ 학회: 한국산학기술학회 (IF: 0.91)"
601,2023,공학 일반,702451867,김기현,2,0.0,0.0,"[저항전분 함량이 높은 옥수수의 급여가 비글의 장내 미생물 환경 및 기능 변화에 미치는 영향]
   └ 학회: 한국산학기술학회 (IF: 0.91)
--------------------------------
[The effect of inorganic and organic mineral premix in broiler diets on growth performance, and fecal mineral excretion]
   └ 학회: 한국산학기술학회 (IF: 0.91)"
602,2023,공학 일반,910864672,김종욱,2,0.0,0.0,"[1인 미디어 크리에이터에 대한 소비자 반응 연구 : 콘텐츠 특성과 소비자 팬십, 행동지속성을 중심으로]
   └ 학회: 한국산학기술학회 (IF: 0.91)
--------------------------------
[SNS 브랜드 루머의 속성과 루머 수용태도 및 확산의도에 관한 연구]
   └ 학회: 한국산학기술학회 (IF: 0.91)"
603,2023,공학 일반,262814287,김장현,2,0.0,0.0,"[3D 가상 의상 소프트웨어를 활용한 남자 테니스복 3D 디자인 제안 -태극기를 중심으로-]
   └ 학회: 한국산학기술학회 (IF: 0.91)
--------------------------------
[대학생들의 미용 성형에 대한 심리적 태도]
   └ 학회: 한국산학기술학회 (IF: 0.91)"
604,2023,공학 일반,873284551,김석환,2,0.0,0.0,"[학대, 부모방임, 사이버불링이 청소년 삶의 만족도에 미치는 영향]
   └ 학회: 한국산학기술학회 (IF: 0.91)
--------------------------------
[가구소득수준에 따른 성인의 음주와 당뇨병과의 관련성 : 국민건강영양조사 제8기 2차년도(2020)이용]
   └ 학회: 한국산학기술학회 (IF: 0.91)"
605,2023,공학 일반,136133573,정현정,2,0.0,0.0,"[학대, 부모방임, 사이버불링이 청소년 삶의 만족도에 미치는 영향]
   └ 학회: 한국산학기술학회 (IF: 0.91)
--------------------------------
[가구소득수준에 따른 성인의 음주와 당뇨병과의 관련성 : 국민건강영양조사 제8기 2차년도(2020)이용]
   └ 학회: 한국산학기술학회 (IF: 0.91)"
606,2023,공학 일반,615644933,서정미,2,0.0,0.0,"[미 해군교범 분석을 통한 수리온 보존절차 개선방안 연구]
   └ 학회: 한국산학기술학회 (IF: 0.91)
--------------------------------
[회전익항공기 진동저감장치 장착부 구조 개선 연구]
   └ 학회: 한국산학기술학회 (IF: 0.91)"
607,2023,공학 일반,289660674,손성현,2,0.0,0.0,"[기술수요 융합형 국방 핵심기술 과제기획 방안]
   └ 학회: 한국산학기술학회 (IF: 0.91)
--------------------------------
[국방 우주 분야의 무기체계 개발동향 및 국방전략기술 발전방향]
   └ 학회: 한국산학기술학회 (IF: 0.91)"
608,2023,공학 일반,524423112,조국환,2,0.0,0.0,"[도시철도 차량의 사행동을 고려한 강아치 철도교의 동적응답]
   └ 학회: 한국산학기술학회 (IF: 0.91)
--------------------------------
[도시철도 차량의 사행동을 고려한 강아치 철도교의 동적응답]
   └ 학회: 한국산학기술학회 (IF: 0.91)"
609,2023,공학 일반,803507357,김찬호,2,0.0,0.0,"[The effect of inorganic and organic mineral premix in broiler diets on growth performance, and fecal mineral excretion]
   └ 학회: 한국산학기술학회 (IF: 0.91)
--------------------------------
[육계일령이 깔짚 수분, 발바닥 피부염 및 스트레스 호르몬에 미치는 영향]
   └ 학회: 한국산학기술학회 (IF: 0.91)"
610,2023,공학 일반,379912203,박정수,2,0.0,0.0,"[수치해석을 통한 수소 직분사 엔진의 분무각도에 따른 실린더 내 혼합도 및 연소 특성 예측]
   └ 학회: 한국산학기술학회 (IF: 0.91)
--------------------------------
[PWHT 대체 원자로 냉각계통 예방정비를 위한 와이어 아크 적층 제조를 통한 용접부 상분율 제어]
   └ 학회: 한국산학기술학회 (IF: 0.91)"
611,2023,공학 일반,196652415,안상억,2,0.0,0.0,"[충북 보청천 유역의 유출 분석을 통한 초소수력 에너지 평가]
   └ 학회: 한국산학기술학회 (IF: 0.91)
--------------------------------
[충북 보청천 유역의 유출 분석을 통한 초소수력 에너지 평가]
   └ 학회: 한국산학기술학회 (IF: 0.91)"
612,2023,공학 일반,678168241,조상옥,2,0.0,0.0,"[코로나19 상황에서 보건소 직원과 지역주민의 코로나 블루 및 레드 유병 수준과 관련 요인]
   └ 학회: 한국산학기술학회 (IF: 0.91)
--------------------------------
[은퇴기 임금근로자의 고용상태 변화와 좌식생활 시간 변화의 관계]
   └ 학회: 한국산학기술학회 (IF: 0.91)"
613,2023,공학 일반,914455231,이희연,2,0.0,0.0,"[아동복지학 전공자의 코로나19 이후 불안통제감이 전공만족도에 미치는 영향: 교우관계와 교수-학생 상호작용의 매개효과를 중심으로]
   └ 학회: 한국산학기술학회 (IF: 0.91)
--------------------------------
[아동복지학 전공자의 코로나19 이후 스트레스와 진로결정 자기효능감, 진로동기, 중도탈락의도 간의 구조적 관계]
   └ 학회: 한국산학기술학회 (IF: 0.91)"
614,2023,공학 일반,796711131,Jonghun Lee,1,0.0,0.0,"[Experimental Test and Performance Evaluation of Mid-Range Automotive Radar Systems Using 2D FFT ROI]
   └ 학회: 한국산업정보학회 (IF: 1.4)"
615,2023,공학 일반,784723797,Youngseok Jin,1,0.0,0.0,"[Experimental Test and Performance Evaluation of Mid-Range Automotive Radar Systems Using 2D FFT ROI]
   └ 학회: 한국산업정보학회 (IF: 1.4)"
616,2023,공학 일반,239964809,Seoungeon Song,1,0.0,0.0,"[Experimental Test and Performance Evaluation of Mid-Range Automotive Radar Systems Using 2D FFT ROI]
   └ 학회: 한국산업정보학회 (IF: 1.4)"
617,2023,공학 일반,220617815,Seokjun Ko,1,0.0,0.0,"[Experimental Test and Performance Evaluation of Mid-Range Automotive Radar Systems Using 2D FFT ROI]
   └ 학회: 한국산업정보학회 (IF: 1.4)"
618,2023,공학 일반,722720879,조상진,1,0.0,0.0,"[저비용 대화 상호작용 정보 수집 시스템 설계]
   └ 학회: 한국산업정보학회 (IF: 1.4)"
619,2023,공학 일반,981235688,박재현,1,0.0,0.0,"[저비용 대화 상호작용 정보 수집 시스템 설계]
   └ 학회: 한국산업정보학회 (IF: 1.4)"
620,2023,공학 일반,830803391,홍운기,1,0.0,0.0,"[저비용 대화 상호작용 정보 수집 시스템 설계]
   └ 학회: 한국산업정보학회 (IF: 1.4)"
621,2023,공학 일반,911123822,김민지,1,0.0,0.0,"[심층신경망을 활용한 도심용 무인항공기의 전력 소모 예측 모델링 및 분석]
   └ 학회: 한국산업정보학회 (IF: 1.4)"
622,2023,공학 일반,974133191,백돈규,1,0.0,0.0,"[심층신경망을 활용한 도심용 무인항공기의 전력 소모 예측 모델링 및 분석]
   └ 학회: 한국산업정보학회 (IF: 1.4)"
623,2023,공학 일반,889234026,왕첸양,1,0.0,0.0,"[중국 내 자동차 산업 동향과 월별 판매량 시계열 분석]
   └ 학회: 한국산업정보학회 (IF: 1.4)"
624,2023,공학 일반,491495869,이세원,1,0.0,0.0,"[중국 내 자동차 산업 동향과 월별 판매량 시계열 분석]
   └ 학회: 한국산업정보학회 (IF: 1.4)"
625,2023,공학 일반,677288067,최석원,1,0.0,0.0,"[AI 중소기업 바우처 지원이 기업성과에 미치는 영향: PSM-DID 결합모형을 활용한 정책효과 분석]
   └ 학회: 한국산업정보학회 (IF: 1.4)"
626,2023,공학 일반,717881806,이주연,1,0.0,0.0,"[AI 중소기업 바우처 지원이 기업성과에 미치는 영향: PSM-DID 결합모형을 활용한 정책효과 분석]
   └ 학회: 한국산업정보학회 (IF: 1.4)"
627,2023,공학 일반,849633233,이원희,1,0.0,0.0,"[사회성과인센티브 참여기업의 사회적 가치 효율성]
   └ 학회: 한국산업정보학회 (IF: 1.4)"
628,2023,공학 일반,534229654,이성희,1,0.0,0.0,"[사회성과인센티브 참여기업의 사회적 가치 효율성]
   └ 학회: 한국산업정보학회 (IF: 1.4)"
629,2023,공학 일반,167995142,"카리모바, 세바라",1,0.0,0.0,"[우즈베키스탄 물류산업의 기술혁신운영 현황 고찰: 기회와 도전]
   └ 학회: 한국산업정보학회 (IF: 1.4)"
630,2023,공학 일반,645372275,이동석,1,0.0,0.0,"[문서 처리 자동화를 위한 인보이스 이미지의 구조 인식 방법]
   └ 학회: 한국산업정보학회 (IF: 1.4)"
631,2023,공학 일반,829809855,정민욱,1,0.0,0.0,"[고용량 영구자석형 모터의 회전자 착자를 위한 200kJ급 착자기의 착자요크 회로정수 설계 방법에 관한 연구]
   └ 학회: 한국산업정보학회 (IF: 1.4)"
632,2023,공학 일반,311820606,배승주,1,0.0,0.0,"[유튜브의 개인화 알고리즘이 유도하는 적극이용 경로에 대한 실증분석]
   └ 학회: 한국산업정보학회 (IF: 1.4)"
633,2023,공학 일반,955257657,이동환,1,0.0,0.0,"[블록체인을 활용한 국가연구개발사업 연구지원시스템 개선 방안 연구]
   └ 학회: 한국산업정보학회 (IF: 1.4)"
634,2023,공학 일반,895550180,박승욱,1,0.0,0.0,"[블록체인을 활용한 국가연구개발사업 연구지원시스템 개선 방안 연구]
   └ 학회: 한국산업정보학회 (IF: 1.4)"
635,2023,공학 일반,542376920,정현석,1,0.0,0.0,"[고령층 연령에 따른 뱅킹앱 사용성 인식에 대한 차이 분석 – PACMAD 모델을 중심으로 -]
   └ 학회: 한국산업정보학회 (IF: 1.4)"
636,2023,공학 일반,140593887,김나랑,1,0.0,0.0,"[메타버스 플랫폼 게더타운 기반 비대면수업의 학습 만족도와 지속이용의도에 미치는 요인 연구]
   └ 학회: 한국산업정보학회 (IF: 1.4)"
637,2023,공학 일반,470770820,김연국,1,0.0,0.0,"[메타버스 플랫폼 게더타운 기반 비대면수업의 학습 만족도와 지속이용의도에 미치는 요인 연구]
   └ 학회: 한국산업정보학회 (IF: 1.4)"
638,2023,공학 일반,601194883,고제경,1,0.0,0.0,"[수출유망중소기업 지원프로그램이 수출성과에 미치는 영향에 관한 연구]
   └ 학회: 한국산업정보학회 (IF: 1.4)"
639,2023,공학 일반,650045620,박철형,1,0.0,0.0,"[수출유망중소기업 지원프로그램이 수출성과에 미치는 영향에 관한 연구]
   └ 학회: 한국산업정보학회 (IF: 1.4)"
640,2023,공학 일반,661643288,한창용,1,0.0,0.0,"[수출유망중소기업 지원프로그램이 수출성과에 미치는 영향에 관한 연구]
   └ 학회: 한국산업정보학회 (IF: 1.4)"
641,2023,공학 일반,592720722,원성근,1,0.0,0.0,"[염료감응 태양전지용 고효율 광산란층에 대한 연구]
   └ 학회: 한국산업정보학회 (IF: 1.4)"
642,2023,공학 일반,537734862,강현수,1,0.0,0.0,"[염료감응 태양전지용 고효율 광산란층에 대한 연구]
   └ 학회: 한국산업정보학회 (IF: 1.4)"
643,2023,공학 일반,813151765,이신호,1,0.0,0.0,"[연구개발 중간조직의 혁신 요인 분석 및 시사점 - 중소기업 협동조합의 혁신 사례를 중심으로 -]
   └ 학회: 한국산업정보학회 (IF: 1.4)"
644,2023,공학 일반,865599158,강다연,1,0.0,0.0,"[국내 증권사의 경영 효율성 분석]
   └ 학회: 한국산업정보학회 (IF: 1.4)"
645,2023,공학 일반,318578377,이기세,1,0.0,0.0,"[국내 증권사의 경영 효율성 분석]
   └ 학회: 한국산업정보학회 (IF: 1.4)"
646,2023,공학 일반,976547790,김효상,1,0.0,0.0,"[Κ-비동기식 연합학습의 동적 윈도우 조절과 모델 안정성 향상 알고리즘]
   └ 학회: 한국산업정보학회 (IF: 1.4)"
647,2023,공학 일반,351039922,김태준,1,0.0,0.0,"[Κ-비동기식 연합학습의 동적 윈도우 조절과 모델 안정성 향상 알고리즘]
   └ 학회: 한국산업정보학회 (IF: 1.4)"
648,2023,공학 일반,541596198,김세현,1,0.0,0.0,"[토크 벡터링 시스템이 적용된 차량의 선회 성능 향상을 위한 토크 분배에 관한 연구]
   └ 학회: 한국산업정보학회 (IF: 1.4)"
649,2023,공학 일반,557911093,김태규,1,0.0,0.0,"[토크 벡터링 시스템이 적용된 차량의 선회 성능 향상을 위한 토크 분배에 관한 연구]
   └ 학회: 한국산업정보학회 (IF: 1.4)"
650,2023,공학 일반,182022001,곽군평,1,0.0,0.0,"[토크 벡터링 시스템이 적용된 차량의 선회 성능 향상을 위한 토크 분배에 관한 연구]
   └ 학회: 한국산업정보학회 (IF: 1.4)"
651,2023,공학 일반,107544561,최영민,1,0.0,0.0,"[공유리더십이 팀효능감과 팀조직시민행동, 이직의도에 미치는 영향]
   └ 학회: 한국산업정보학회 (IF: 1.4)"
652,2023,공학 일반,789726679,한나영,1,0.0,0.0,"[공유리더십이 팀효능감과 팀조직시민행동, 이직의도에 미치는 영향]
   └ 학회: 한국산업정보학회 (IF: 1.4)"
653,2023,공학 일반,587349829,오건택,1,0.0,0.0,"[코로나19 이후 공급사슬 리스크에 대한 현황 연구: 네트워크 분석을 중심으로]
   └ 학회: 한국산업정보학회 (IF: 1.4)"
654,2023,공학 일반,837700509,김종수,1,0.0,0.0,"[한글 텍스트 감정 이진 분류 모델 생성을 위한 미세 조정과 전이학습에 관한 연구]
   └ 학회: 한국산업정보학회 (IF: 1.4)"
655,2023,공학 일반,250190146,김홍비,1,0.0,0.0,"[거대언어모델과 문서검색 알고리즘을 활용한 한국원자력연구원 규정 질의응답 시스템 개발]
   └ 학회: 한국산업정보학회 (IF: 1.4)"
656,2023,공학 일반,428108722,유용균,1,0.0,0.0,"[거대언어모델과 문서검색 알고리즘을 활용한 한국원자력연구원 규정 질의응답 시스템 개발]
   └ 학회: 한국산업정보학회 (IF: 1.4)"
657,2023,공학 일반,502857092,김종현,1,0.0,0.0,"[스마트 그리드 환경에서 블록체인 기반 스마트 미터 인증 프로토콜]
   └ 학회: 한국산업정보학회 (IF: 1.4)"
658,2023,공학 일반,677471552,김명현,1,0.0,0.0,"[스마트 그리드 환경에서 블록체인 기반 스마트 미터 인증 프로토콜]
   └ 학회: 한국산업정보학회 (IF: 1.4)"
659,2023,공학 일반,665702807,박영호,1,0.0,0.0,"[스마트 그리드 환경에서 블록체인 기반 스마트 미터 인증 프로토콜]
   └ 학회: 한국산업정보학회 (IF: 1.4)"
660,2023,공학 일반,5150745,김무건,1,0.0,0.0,"[은행 채널 별 주 이용고객의 특성 분석]
   └ 학회: 한국산업정보학회 (IF: 1.4)"
661,2023,공학 일반,5168871,김소희,1,0.0,0.0,"[은행 채널 별 주 이용고객의 특성 분석]
   └ 학회: 한국산업정보학회 (IF: 1.4)"
662,2023,공학 일반,779337301,류민호,1,0.0,0.0,"[은행 채널 별 주 이용고객의 특성 분석]
   └ 학회: 한국산업정보학회 (IF: 1.4)"
663,2023,공학 일반,444583222,Manh-Tuan Ngo,1,0.0,0.0,"[Comparison of the effectiveness of various neural network models applied to wind turbine condition diagnosis]
   └ 학회: 한국산업정보학회 (IF: 1.4)"
664,2023,공학 일반,706128320,Changhyun Kim,1,0.0,0.0,"[Comparison of the effectiveness of various neural network models applied to wind turbine condition diagnosis]
   └ 학회: 한국산업정보학회 (IF: 1.4)"
665,2023,공학 일반,689584297,Minh-Chau Dinh,1,0.0,0.0,"[Comparison of the effectiveness of various neural network models applied to wind turbine condition diagnosis]
   └ 학회: 한국산업정보학회 (IF: 1.4)"
666,2023,공학 일반,103323097,Minwon Park,1,0.0,0.0,"[Comparison of the effectiveness of various neural network models applied to wind turbine condition diagnosis]
   └ 학회: 한국산업정보학회 (IF: 1.4)"
667,2023,공학 일반,460134211,조용복,1,0.0,0.0,"[공식발표 통계지표의 적시성 확보를 위한 대안 데이터 파이프라인 구축제안]
   └ 학회: 한국산업정보학회 (IF: 1.4)"
668,2023,공학 일반,396400599,김도완,1,0.0,0.0,"[공식발표 통계지표의 적시성 확보를 위한 대안 데이터 파이프라인 구축제안]
   └ 학회: 한국산업정보학회 (IF: 1.4)"
669,2023,공학 일반,300377154,장진명,1,0.0,0.0,"[인적요인을 고려한 머신러닝 활용 산림화재 예측]
   └ 학회: 한국산업정보학회 (IF: 1.4)"
670,2023,공학 일반,497757875,김주찬,1,0.0,0.0,"[인적요인을 고려한 머신러닝 활용 산림화재 예측]
   └ 학회: 한국산업정보학회 (IF: 1.4)"
671,2023,공학 일반,586368474,김화중,1,0.0,0.0,"[인적요인을 고려한 머신러닝 활용 산림화재 예측]
   └ 학회: 한국산업정보학회 (IF: 1.4)"
672,2023,공학 일반,892650,김광태,1,0.0,0.0,"[인적요인을 고려한 머신러닝 활용 산림화재 예측]
   └ 학회: 한국산업정보학회 (IF: 1.4)"
673,2023,공학 일반,210284708,황지연,1,0.0,0.0,"[도시 스트리트뷰 영상을 이용한 딥러닝 기반 보행환경 평가 요소 분석]
   └ 학회: 한국산업정보학회 (IF: 1.4)"
674,2023,공학 일반,264969172,최철웅,1,0.0,0.0,"[도시 스트리트뷰 영상을 이용한 딥러닝 기반 보행환경 평가 요소 분석]
   └ 학회: 한국산업정보학회 (IF: 1.4)"
675,2023,공학 일반,294462239,남광우,1,0.0,0.0,"[도시 스트리트뷰 영상을 이용한 딥러닝 기반 보행환경 평가 요소 분석]
   └ 학회: 한국산업정보학회 (IF: 1.4)"
676,2023,공학 일반,530152359,이창우,1,0.0,0.0,"[도시 스트리트뷰 영상을 이용한 딥러닝 기반 보행환경 평가 요소 분석]
   └ 학회: 한국산업정보학회 (IF: 1.4)"
677,2023,공학 일반,494789819,이종민,1,0.0,0.0,"[윈치를 활용한 케이블 포설을 중심으로 고찰한 XR 기반 훈련 콘텐츠 도입의 필요성]
   └ 학회: 한국산업정보학회 (IF: 1.4)"
678,2023,공학 일반,129187925,김종성,1,0.0,0.0,"[윈치를 활용한 케이블 포설을 중심으로 고찰한 XR 기반 훈련 콘텐츠 도입의 필요성]
   └ 학회: 한국산업정보학회 (IF: 1.4)"
679,2023,공학 일반,568801405,박상원,1,0.0,0.0,"[스마트냉동컨테이너의 적재부 온도 편차 최적화에 관한 연구]
   └ 학회: 한국산업정보학회 (IF: 1.4)"
680,2023,공학 일반,805114144,김태훈,1,0.0,0.0,"[스마트냉동컨테이너의 적재부 온도 편차 최적화에 관한 연구]
   └ 학회: 한국산업정보학회 (IF: 1.4)"
681,2023,공학 일반,796857277,박도명,1,0.0,0.0,"[스마트냉동컨테이너의 적재부 온도 편차 최적화에 관한 연구]
   └ 학회: 한국산업정보학회 (IF: 1.4)"
682,2023,공학 일반,566827167,한동섭,1,0.0,0.0,"[스마트냉동컨테이너의 적재부 온도 편차 최적화에 관한 연구]
   └ 학회: 한국산업정보학회 (IF: 1.4)"
683,2023,공학 일반,461456990,허병노,1,0.0,0.0,"[입지 및 설치방식에 따른 태양광 발전량 분석 방법에 관한 연구]
   └ 학회: 한국산업정보학회 (IF: 1.4)"
684,2023,공학 일반,890977016,이재현,1,0.0,0.0,"[입지 및 설치방식에 따른 태양광 발전량 분석 방법에 관한 연구]
   └ 학회: 한국산업정보학회 (IF: 1.4)"
685,2023,공학 일반,490231730,조용진,1,0.0,0.0,"[원통 아크릴 수조로 주입된 고온 기포의 수면 배출 온도 측정에 관한 실험적 연구]
   └ 학회: 한국산업정보학회 (IF: 1.4)"
686,2023,공학 일반,261474555,조하현,1,0.0,0.0,"[Carbon Pricing Score를 이용한 우리나라 탄소세 도입에 관한 연구]
   └ 학회: 한국산업정보학회 (IF: 1.4)"
687,2023,공학 일반,368050668,김해동,1,0.0,0.0,"[Carbon Pricing Score를 이용한 우리나라 탄소세 도입에 관한 연구]
   └ 학회: 한국산업정보학회 (IF: 1.4)"
688,2023,공학 일반,752035923,박운학,1,0.0,0.0,"[대응분석을 이용한 은행 채널전략 수립연구 : 고객의 은행채널 선택요인을 바탕으로]
   └ 학회: 한국산업정보학회 (IF: 1.4)"
689,2023,공학 일반,881506715,박영배,1,0.0,0.0,"[대응분석을 이용한 은행 채널전략 수립연구 : 고객의 은행채널 선택요인을 바탕으로]
   └ 학회: 한국산업정보학회 (IF: 1.4)"
690,2023,공학 일반,579854254,박정빈,1,0.0,0.0,"[ESG 성과와 외국인지분율 간의 관계에 있어서 TCFD 정보 공시 여부의 조절효과]
   └ 학회: 한국산업정보학회 (IF: 1.4)"
691,2023,공학 일반,993514333,김종대,1,0.0,0.0,"[ESG 성과와 외국인지분율 간의 관계에 있어서 TCFD 정보 공시 여부의 조절효과]
   └ 학회: 한국산업정보학회 (IF: 1.4)"
692,2023,공학 일반,232054144,오동규,1,0.0,0.0,"[실외공간 적용 청정공기 공급장치 성능평가]
   └ 학회: 한국산학기술학회 (IF: 0.91)"
693,2023,공학 일반,348051174,김세영,1,0.0,0.0,"[실외공간 적용 청정공기 공급장치 성능평가]
   └ 학회: 한국산학기술학회 (IF: 0.91)"
694,2023,공학 일반,105844280,권순박,1,0.0,0.0,"[실외공간 적용 청정공기 공급장치 성능평가]
   └ 학회: 한국산학기술학회 (IF: 0.91)"
695,2023,공학 일반,962659381,정양훈,1,0.0,0.0,"[실외공간 적용 청정공기 공급장치 성능평가]
   └ 학회: 한국산학기술학회 (IF: 0.91)"
696,2023,공학 일반,452468260,박일환,1,0.0,0.0,"[교량전차용 저유기에 사용되는 직경 16 mm 316L 스테인레스강 유압 튜브 굽힘 해석에 관한 연구]
   └ 학회: 한국산학기술학회 (IF: 0.91)"
697,2023,공학 일반,342837384,김태우,1,0.0,0.0,"[교량전차용 저유기에 사용되는 직경 16 mm 316L 스테인레스강 유압 튜브 굽힘 해석에 관한 연구]
   └ 학회: 한국산학기술학회 (IF: 0.91)"
698,2023,공학 일반,935602245,설상석,1,0.0,0.0,"[교량전차용 저유기에 사용되는 직경 16 mm 316L 스테인레스강 유압 튜브 굽힘 해석에 관한 연구]
   └ 학회: 한국산학기술학회 (IF: 0.91)"
699,2023,공학 일반,164768902,홍대선,1,0.0,0.0,"[교량전차용 저유기에 사용되는 직경 16 mm 316L 스테인레스강 유압 튜브 굽힘 해석에 관한 연구]
   └ 학회: 한국산학기술학회 (IF: 0.91)"
700,2023,공학 일반,646791279,조성수,1,0.0,0.0,"[특허 빅데이터를 이용한 스마트시티 기술 산업의 융합 특성 분석]
   └ 학회: 한국산학기술학회 (IF: 0.91)"
701,2023,공학 일반,348844430,박무억,1,0.0,0.0,"[동애등에 유산균 발효물의 산천어 체지방 개선 효과]
   └ 학회: 한국산학기술학회 (IF: 0.91)"
702,2023,공학 일반,585419238,임승현,1,0.0,0.0,"[도시재생 주민공모사업의 효과 및 영향요인 분석 - 천안 남산지구를 대상으로]
   └ 학회: 한국산학기술학회 (IF: 0.91)"
703,2023,공학 일반,307710679,이경환,1,0.0,0.0,"[도시재생 주민공모사업의 효과 및 영향요인 분석 - 천안 남산지구를 대상으로]
   └ 학회: 한국산학기술학회 (IF: 0.91)"
704,2023,공학 일반,712872787,이은철,1,0.0,0.0,"[플랫폼 입점 디지털 기업가가 플랫폼에 대해 느끼는 브랜드 매력과 감사하는 마음이 입점 기업가의 플랫폼 충성도에 미치는 영향 -네이버 스마트스토어 판매자를 대상으로-]
   └ 학회: 한국산학기술학회 (IF: 0.91)"
705,2023,공학 일반,4639206,김병근,1,0.0,0.0,"[플랫폼 입점 디지털 기업가가 플랫폼에 대해 느끼는 브랜드 매력과 감사하는 마음이 입점 기업가의 플랫폼 충성도에 미치는 영향 -네이버 스마트스토어 판매자를 대상으로-]
   └ 학회: 한국산학기술학회 (IF: 0.91)"
706,2023,공학 일반,240303232,배창욱,1,0.0,0.0,"[피부미용사의 일과 삶의 균형이 직무열의에 미치는 영향]
   └ 학회: 한국산학기술학회 (IF: 0.91)"
707,2023,공학 일반,199273140,김봉찬,1,0.0,0.0,"[감염병 재난 시 신속한 대응을 위한 선별진료소 공급 및 비축 · 재사용 체계에 관한 연구]
   └ 학회: 한국산학기술학회 (IF: 0.91)"
708,2023,공학 일반,525619041,서동구,1,0.0,0.0,"[감염병 재난 시 신속한 대응을 위한 선별진료소 공급 및 비축 · 재사용 체계에 관한 연구]
   └ 학회: 한국산학기술학회 (IF: 0.91)"
709,2023,공학 일반,476656022,김송미,1,0.0,0.0,"[다문화 청소년의 문화적응 스트레스가 학교생활적응에 미치는 영향 : 사회적 역량과 자아존중감의 연속다중매개효과]
   └ 학회: 한국산학기술학회 (IF: 0.91)"
710,2023,공학 일반,114643984,이원홍,1,0.0,0.0,"[산업부산물을 이용한 유동화토의 압축강도 특성에 대한 실험적 연구]
   └ 학회: 한국산학기술학회 (IF: 0.91)"
711,2023,공학 일반,609851269,정연득,1,0.0,0.0,"[산업부산물을 이용한 유동화토의 압축강도 특성에 대한 실험적 연구]
   └ 학회: 한국산학기술학회 (IF: 0.91)"
712,2023,공학 일반,234274302,문홍득,1,0.0,0.0,"[산업부산물을 이용한 유동화토의 압축강도 특성에 대한 실험적 연구]
   └ 학회: 한국산학기술학회 (IF: 0.91)"
713,2023,공학 일반,316501580,이승열,1,0.0,0.0,"[산업부산물을 이용한 유동화토의 압축강도 특성에 대한 실험적 연구]
   └ 학회: 한국산학기술학회 (IF: 0.91)"
714,2023,공학 일반,255195472,이현기,1,0.0,0.0,"[산업부산물을 이용한 유동화토의 압축강도 특성에 대한 실험적 연구]
   └ 학회: 한국산학기술학회 (IF: 0.91)"
715,2023,공학 일반,631006898,정민규,1,0.0,0.0,"[가족통제기업의 초과지배권과 투자-현금흐름 민감도]
   └ 학회: 한국산학기술학회 (IF: 0.91)"
716,2023,공학 일반,974012660,김동욱,1,0.0,0.0,"[가족통제기업의 초과지배권과 투자-현금흐름 민감도]
   └ 학회: 한국산학기술학회 (IF: 0.91)"
717,2023,공학 일반,821948041,한재환,1,0.0,0.0,"[미국인의 유기농식품 소비 의향 분석과 시사점 -오리건주(Oregon State) 소비자를 중심으로-]
   └ 학회: 한국산학기술학회 (IF: 0.91)"
718,2023,공학 일반,786611101,정학균,1,0.0,0.0,"[미국인의 유기농식품 소비 의향 분석과 시사점 -오리건주(Oregon State) 소비자를 중심으로-]
   └ 학회: 한국산학기술학회 (IF: 0.91)"
719,2023,공학 일반,744389899,김용철,1,0.0,0.0,"[혼합한 첨가제를 이용한 바나듐레독스 흐름전지용 열적안전성 전해액제조]
   └ 학회: 한국산학기술학회 (IF: 0.91)"
720,2023,공학 일반,429079650,강형선,1,0.0,0.0,"[혼합한 첨가제를 이용한 바나듐레독스 흐름전지용 열적안전성 전해액제조]
   └ 학회: 한국산학기술학회 (IF: 0.91)"
721,2023,공학 일반,240213061,강웅일,1,0.0,0.0,"[혼합한 첨가제를 이용한 바나듐레독스 흐름전지용 열적안전성 전해액제조]
   └ 학회: 한국산학기술학회 (IF: 0.91)"
722,2023,공학 일반,237223036,Bobah Brillant Sisang,1,0.0,0.0,"[Determinants of Adoption of Agricultural Technology in Cameroon; The case of Improved Rice Variety Adoption in the Upper Nun Valley Areas of the West and North West Regions]
   └ 학회: 한국산학기술학회 (IF: 0.91)"
723,2023,공학 일반,733265647,문난영,1,0.0,0.0,"[일반 성인의 정신질환자에 대한 차별행동과 편견: 정신질환 유사 범죄 시나리오 활용]
   └ 학회: 한국산학기술학회 (IF: 0.91)"
724,2023,공학 일반,731425837,김석선,1,0.0,0.0,"[일반 성인의 정신질환자에 대한 차별행동과 편견: 정신질환 유사 범죄 시나리오 활용]
   └ 학회: 한국산학기술학회 (IF: 0.91)"
725,2023,공학 일반,590401249,길민지,1,0.0,0.0,"[일반 성인의 정신질환자에 대한 차별행동과 편견: 정신질환 유사 범죄 시나리오 활용]
   └ 학회: 한국산학기술학회 (IF: 0.91)"
726,2023,공학 일반,970967907,김다은,1,0.0,0.0,"[일반 성인의 정신질환자에 대한 차별행동과 편견: 정신질환 유사 범죄 시나리오 활용]
   └ 학회: 한국산학기술학회 (IF: 0.91)"
727,2023,공학 일반,133082109,이상호,1,0.0,0.0,"[영농형 태양광의 농가의향 및 비용-편익 분석]
   └ 학회: 한국산학기술학회 (IF: 0.91)"
728,2023,공학 일반,709366369,김가람,1,0.0,0.0,"[대학생의 흡연경험이 구강건강에 대한 인식 및 실천행동과 주관적 구강건강수준에 미치는 영향]
   └ 학회: 한국산학기술학회 (IF: 0.91)"
729,2023,공학 일반,526272787,정수연,1,0.0,0.0,"[대학생의 흡연경험이 구강건강에 대한 인식 및 실천행동과 주관적 구강건강수준에 미치는 영향]
   └ 학회: 한국산학기술학회 (IF: 0.91)"
730,2023,공학 일반,862016028,고재선,1,0.0,0.0,"[고밀도 폴리에틸렌(HDPE) 플렌트 중합공정의 안전건전성수준(SIL)을 이용한 반정량적 신뢰도 분석에 관한 연구]
   └ 학회: 한국산학기술학회 (IF: 0.91)"
731,2023,공학 일반,898503388,신근화,1,0.0,0.0,"[사회복지전담공무원의 코로나 19 이후 위기개입경험에 관한 탐색적 연구]
   └ 학회: 한국산학기술학회 (IF: 0.91)"
732,2023,공학 일반,319019708,권현수,1,0.0,0.0,"[사회복지전담공무원의 코로나 19 이후 위기개입경험에 관한 탐색적 연구]
   └ 학회: 한국산학기술학회 (IF: 0.91)"
733,2023,공학 일반,773779478,김휘진,1,0.0,0.0,"[함정 전투체계의 임무중요도 기반 전자광학추적장비(EOTS) CBM+ 적용에 관한 연구]
   └ 학회: 한국산학기술학회 (IF: 0.91)"
734,2023,공학 일반,450523654,김종철,1,0.0,0.0,"[함정 전투체계의 임무중요도 기반 전자광학추적장비(EOTS) CBM+ 적용에 관한 연구]
   └ 학회: 한국산학기술학회 (IF: 0.91)"
735,2023,공학 일반,512989553,박수석,1,0.0,0.0,"[함정 전투체계의 임무중요도 기반 전자광학추적장비(EOTS) CBM+ 적용에 관한 연구]
   └ 학회: 한국산학기술학회 (IF: 0.91)"
736,2023,공학 일반,157697649,유창환,1,0.0,0.0,"[상품 김치 구매 소비자 특성에 따른 유통채널 선택분석]
   └ 학회: 한국산학기술학회 (IF: 0.91)"
737,2023,공학 일반,361650628,김장영,1,0.0,0.0,"[하수처리장 부하 저감을 위한 음식물쓰레기 배수 전처리시스템 개발 연구]
   └ 학회: 한국산학기술학회 (IF: 0.91)"
738,2023,공학 일반,752404860,정원식,1,0.0,0.0,"[하수처리장 부하 저감을 위한 음식물쓰레기 배수 전처리시스템 개발 연구]
   └ 학회: 한국산학기술학회 (IF: 0.91)"
739,2023,공학 일반,514088080,안재윤,1,0.0,0.0,"[건설정보모델의 속성입력 간소화에 관한 연구-Ⅰ : 옹벽의 BIM 속성분류체계 및 변수모델 개발]
   └ 학회: 한국산학기술학회 (IF: 0.91)"
740,2023,공학 일반,223487413,정영욱,1,0.0,0.0,"[건설정보모델의 속성입력 간소화에 관한 연구-Ⅰ : 옹벽의 BIM 속성분류체계 및 변수모델 개발]
   └ 학회: 한국산학기술학회 (IF: 0.91)"
741,2023,공학 일반,494081872,김상은,1,0.0,0.0,"[돼지 각막을 이용한 이종이식 모델에서 수혜 원숭이 혈액으로 PERV의 비 감염 확인]
   └ 학회: 한국산학기술학회 (IF: 0.91)"
742,2023,공학 일반,562565703,이해선,1,0.0,0.0,"[돼지 각막을 이용한 이종이식 모델에서 수혜 원숭이 혈액으로 PERV의 비 감염 확인]
   └ 학회: 한국산학기술학회 (IF: 0.91)"
743,2023,공학 일반,876237677,오건봉,1,0.0,0.0,"[돼지 각막을 이용한 이종이식 모델에서 수혜 원숭이 혈액으로 PERV의 비 감염 확인]
   └ 학회: 한국산학기술학회 (IF: 0.91)"
744,2023,공학 일반,664211397,정남균,1,0.0,0.0,"[과립 적체현상을 해결하기위한 유동층장비 전산유동해석]
   └ 학회: 한국산학기술학회 (IF: 0.91)"
745,2023,공학 일반,455384321,진홍종,1,0.0,0.0,"[과립 적체현상을 해결하기위한 유동층장비 전산유동해석]
   └ 학회: 한국산학기술학회 (IF: 0.91)"
746,2023,공학 일반,349025970,채혜선,1,0.0,0.0,"[델파이 기법을 활용한 농업 노동환경 실태 조사항목 개발]
   └ 학회: 한국산학기술학회 (IF: 0.91)"
747,2023,공학 일반,629385644,고명선,1,0.0,0.0,"[델파이 기법을 활용한 농업 노동환경 실태 조사항목 개발]
   └ 학회: 한국산학기술학회 (IF: 0.91)"
748,2023,공학 일반,2249709,박수인,1,0.0,0.0,"[델파이 기법을 활용한 농업 노동환경 실태 조사항목 개발]
   └ 학회: 한국산학기술학회 (IF: 0.91)"
749,2023,공학 일반,393966396,김인수,1,0.0,0.0,"[델파이 기법을 활용한 농업 노동환경 실태 조사항목 개발]
   └ 학회: 한국산학기술학회 (IF: 0.91)"
750,2023,공학 일반,104137004,손은교,1,0.0,0.0,"[특성 불안이 진로 준비 자세, 진로 인식, 학과 만족도, 학과 추천에 미치는 영향: 치위생과 학생 중심으로]
   └ 학회: 한국산학기술학회 (IF: 0.91)"
751,2023,공학 일반,138933825,박세원,1,0.0,0.0,"[1990년대 한국 노동가요의 변화와 의미에 관한 고찰 -일상가요 · 서정가요 · 풍자가요를 중심으로-]
   └ 학회: 한국산학기술학회 (IF: 0.91)"
752,2023,공학 일반,111666306,홍성규,1,0.0,0.0,"[1990년대 한국 노동가요의 변화와 의미에 관한 고찰 -일상가요 · 서정가요 · 풍자가요를 중심으로-]
   └ 학회: 한국산학기술학회 (IF: 0.91)"
753,2023,공학 일반,360660744,양용필,1,0.0,0.0,"[머리척추각의 변화에 따른 목 주변근육의 활성도와 가슴우리 가동성에 미치는 영향]
   └ 학회: 한국산학기술학회 (IF: 0.91)"
754,2023,공학 일반,767883282,서동열,1,0.0,0.0,"[머리척추각의 변화에 따른 목 주변근육의 활성도와 가슴우리 가동성에 미치는 영향]
   └ 학회: 한국산학기술학회 (IF: 0.91)"
755,2023,공학 일반,154684920,조성재,1,0.0,0.0,"[교사를 대상으로 한 한국형 정신장애 도구(K-MDI) 타당화 연구]
   └ 학회: 한국산학기술학회 (IF: 0.91)"
756,2023,공학 일반,144663725,김민중,1,0.0,0.0,"[직접전단 시험결과를 이용한 전단강도 산정식의 적용성 검증]
   └ 학회: 한국산학기술학회 (IF: 0.91)"
757,2023,공학 일반,121985313,이기열,1,0.0,0.0,"[직접전단 시험결과를 이용한 전단강도 산정식의 적용성 검증]
   └ 학회: 한국산학기술학회 (IF: 0.91)"
758,2023,공학 일반,188916336,한종부,1,0.0,0.0,"[유압액추에이터 사양분석을 위한 수중궤도차량의 다물체동역학 모델링 및 해석 연구]
   └ 학회: 한국산학기술학회 (IF: 0.91)"
759,2023,공학 일반,221627988,박대길,1,0.0,0.0,"[유압액추에이터 사양분석을 위한 수중궤도차량의 다물체동역학 모델링 및 해석 연구]
   └ 학회: 한국산학기술학회 (IF: 0.91)"
760,2023,공학 일반,860605341,이영준,1,0.0,0.0,"[유압액추에이터 사양분석을 위한 수중궤도차량의 다물체동역학 모델링 및 해석 연구]
   └ 학회: 한국산학기술학회 (IF: 0.91)"
761,2023,공학 일반,131401975,김성순,1,0.0,0.0,"[유압액추에이터 사양분석을 위한 수중궤도차량의 다물체동역학 모델링 및 해석 연구]
   └ 학회: 한국산학기술학회 (IF: 0.91)"
762,2023,공학 일반,671408152,여태경,1,0.0,0.0,"[유압액추에이터 사양분석을 위한 수중궤도차량의 다물체동역학 모델링 및 해석 연구]
   └ 학회: 한국산학기술학회 (IF: 0.91)"
763,2023,공학 일반,192160455,송귀숙,1,0.0,0.0,"[치면열구전색의 급여화에 따른 치면열구전색 수혜량 및 치아우식 경험량에 관한 연구: 국민건강영양조사 제7기 자료를 활용하여]
   └ 학회: 한국산학기술학회 (IF: 0.91)"
764,2023,공학 일반,473854775,박수옥,1,0.0,0.0,"[치면열구전색의 급여화에 따른 치면열구전색 수혜량 및 치아우식 경험량에 관한 연구: 국민건강영양조사 제7기 자료를 활용하여]
   └ 학회: 한국산학기술학회 (IF: 0.91)"
765,2023,공학 일반,1842976,손주리,1,0.0,0.0,"[치면열구전색의 급여화에 따른 치면열구전색 수혜량 및 치아우식 경험량에 관한 연구: 국민건강영양조사 제7기 자료를 활용하여]
   └ 학회: 한국산학기술학회 (IF: 0.91)"
766,2023,공학 일반,809822138,오승주,1,0.0,0.0,"[고체산화물 연료전지용 460FC계 금속분리판에서 무전해 코발트 코팅 두께의 영향]
   └ 학회: 한국산학기술학회 (IF: 0.91)"
767,2023,공학 일반,187622667,한동헌,1,0.0,0.0,"[고체산화물 연료전지용 460FC계 금속분리판에서 무전해 코발트 코팅 두께의 영향]
   └ 학회: 한국산학기술학회 (IF: 0.91)"
768,2023,공학 일반,949051737,노현정,1,0.0,0.0,"[Fe₃O₄ 자성 나노입자에 고정화된 재조합 Levansucrase를 이용한 Levan의 합성]
   └ 학회: 한국산학기술학회 (IF: 0.91)"
769,2023,공학 일반,159606382,이우일,1,0.0,0.0,"[Fe₃O₄ 자성 나노입자에 고정화된 재조합 Levansucrase를 이용한 Levan의 합성]
   └ 학회: 한국산학기술학회 (IF: 0.91)"
770,2023,공학 일반,108850396,정호근,1,0.0,0.0,"[대추 가치사슬을 위한 부가가치 추정 및 수급전망 모형 구축]
   └ 학회: 한국산학기술학회 (IF: 0.91)"
771,2023,공학 일반,159493401,김욱태,1,0.0,0.0,"[두 종의 밀링 시스템으로 제작된 3본 고정성 치과보철물의 내면 정확도 비교]
   └ 학회: 한국산학기술학회 (IF: 0.91)"
772,2023,공학 일반,818454240,유상희,1,0.0,0.0,"[한국 남성 노인의 의치 장착에 관련된 요인: 2016-2019년 국민건강영양조사]
   └ 학회: 한국산학기술학회 (IF: 0.91)"
773,2023,공학 일반,422377101,백민정,1,0.0,0.0,"[지식재산기반 창업영재교육프로그램 체계화 -한국과학기술원 IP영재기업인교육원을 중심으로-]
   └ 학회: 한국산학기술학회 (IF: 0.91)"
774,2023,공학 일반,478091804,김범석,1,0.0,0.0,"[지식재산기반 창업영재교육프로그램 체계화 -한국과학기술원 IP영재기업인교육원을 중심으로-]
   └ 학회: 한국산학기술학회 (IF: 0.91)"
775,2023,공학 일반,333675127,강경균,1,0.0,0.0,"[지식재산기반 창업영재교육프로그램 체계화 -한국과학기술원 IP영재기업인교육원을 중심으로-]
   └ 학회: 한국산학기술학회 (IF: 0.91)"
776,2023,공학 일반,254748466,조승호,1,0.0,0.0,"[국내 주식시장에서 거래유형과 총변동성의 관계]
   └ 학회: 한국산학기술학회 (IF: 0.91)"
777,2023,공학 일반,860183177,유시용,1,0.0,0.0,"[국내 주식시장에서 거래유형과 총변동성의 관계]
   └ 학회: 한국산학기술학회 (IF: 0.91)"
778,2023,공학 일반,375945903,김현수,1,0.0,0.0,"[냉간 및 열간 시동 조건에서 자동차 연료에 따른 배출가스 및 입자상 물질 (PM) 발생 특성]
   └ 학회: 한국산학기술학회 (IF: 0.91)"
779,2023,공학 일반,144255697,이석환,1,0.0,0.0,"[냉간 및 열간 시동 조건에서 자동차 연료에 따른 배출가스 및 입자상 물질 (PM) 발생 특성]
   └ 학회: 한국산학기술학회 (IF: 0.91)"
780,2023,공학 일반,328313584,이진우,1,0.0,0.0,"[냉간 및 열간 시동 조건에서 자동차 연료에 따른 배출가스 및 입자상 물질 (PM) 발생 특성]
   └ 학회: 한국산학기술학회 (IF: 0.91)"
781,2023,공학 일반,585882508,노정휘,1,0.0,0.0,"[Bow-Tie형식의 수평회전연결재를 이용한 프리캐스트 콘크리트 연결부 개발 및 해석적 성능 검증]
   └ 학회: 한국산학기술학회 (IF: 0.91)"
782,2023,공학 일반,882607595,배영훈,1,0.0,0.0,"[Bow-Tie형식의 수평회전연결재를 이용한 프리캐스트 콘크리트 연결부 개발 및 해석적 성능 검증]
   └ 학회: 한국산학기술학회 (IF: 0.91)"
783,2023,공학 일반,238360010,이나현,1,0.0,0.0,"[Bow-Tie형식의 수평회전연결재를 이용한 프리캐스트 콘크리트 연결부 개발 및 해석적 성능 검증]
   └ 학회: 한국산학기술학회 (IF: 0.91)"
784,2023,공학 일반,746734419,이성진,1,0.0,0.0,"[Bow-Tie형식의 수평회전연결재를 이용한 프리캐스트 콘크리트 연결부 개발 및 해석적 성능 검증]
   └ 학회: 한국산학기술학회 (IF: 0.91)"
785,2023,공학 일반,456189533,김창수,1,0.0,0.0,"[Bow-Tie형식의 수평회전연결재를 이용한 프리캐스트 콘크리트 연결부 개발 및 해석적 성능 검증]
   └ 학회: 한국산학기술학회 (IF: 0.91)"
786,2023,공학 일반,349162011,이승열,1,0.0,0.0,"[준지도 학습 모델을 사용한 차량 내부 네트워크에서의 이상 징후 탐지]
   └ 학회: 한국산학기술학회 (IF: 0.91)"
787,2023,공학 일반,201402107,안소연,1,0.0,0.0,"[화장품 소재로의 생체분자 활용 동향]
   └ 학회: 한국산학기술학회 (IF: 0.91)"
788,2023,공학 일반,658380777,박종순,1,0.0,0.0,"[화장품 소재로의 생체분자 활용 동향]
   └ 학회: 한국산학기술학회 (IF: 0.91)"
789,2023,공학 일반,481739970,정영미,1,0.0,0.0,"[화장품 소재로의 생체분자 활용 동향]
   └ 학회: 한국산학기술학회 (IF: 0.91)"
790,2023,공학 일반,782501275,남은택,1,0.0,0.0,"[전기자동차 배터리 팩 SOC 추정 기반 Buck-Boost 능동형 셀 밸런싱]
   └ 학회: 한국산학기술학회 (IF: 0.91)"
791,2023,공학 일반,298553406,이세진,1,0.0,0.0,"[전기자동차 배터리 팩 SOC 추정 기반 Buck-Boost 능동형 셀 밸런싱]
   └ 학회: 한국산학기술학회 (IF: 0.91)"
792,2023,공학 일반,345398553,권용성,1,0.0,0.0,"[전기자동차 배터리 팩 SOC 추정 기반 Buck-Boost 능동형 셀 밸런싱]
   └ 학회: 한국산학기술학회 (IF: 0.91)"
793,2023,공학 일반,639211800,정유진,1,0.0,0.0,"[고밀도 폴리에틸렌 배관의 기계적 물성에 미치는 오존의 영향]
   └ 학회: 한국산학기술학회 (IF: 0.91)"
794,2023,공학 일반,4628252,방우석,1,0.0,0.0,"[고밀도 폴리에틸렌 배관의 기계적 물성에 미치는 오존의 영향]
   └ 학회: 한국산학기술학회 (IF: 0.91)"
795,2023,공학 일반,334733625,이광주,1,0.0,0.0,"[고밀도 폴리에틸렌 배관의 기계적 물성에 미치는 오존의 영향]
   └ 학회: 한국산학기술학회 (IF: 0.91)"
796,2023,공학 일반,5167998,정상진,1,0.0,0.0,"[총수명주기관리업무 훈령 제정에 따른 RAM-C 분석 Tool을 활용한 PBL 제도 연계방안]
   └ 학회: 한국산학기술학회 (IF: 0.91)"
797,2023,공학 일반,927416845,하종섭,1,0.0,0.0,"[총수명주기관리업무 훈령 제정에 따른 RAM-C 분석 Tool을 활용한 PBL 제도 연계방안]
   └ 학회: 한국산학기술학회 (IF: 0.91)"
798,2023,공학 일반,817745726,도희종,1,0.0,0.0,"[총수명주기관리업무 훈령 제정에 따른 RAM-C 분석 Tool을 활용한 PBL 제도 연계방안]
   └ 학회: 한국산학기술학회 (IF: 0.91)"
799,2023,공학 일반,402111823,김지섭,1,0.0,0.0,"[총수명주기관리업무 훈령 제정에 따른 RAM-C 분석 Tool을 활용한 PBL 제도 연계방안]
   └ 학회: 한국산학기술학회 (IF: 0.91)"
800,2023,공학 일반,764830054,박현영,1,0.0,0.0,"[3D프린팅 기법의 파라메트릭 의자 유형분석에 관한 연구]
   └ 학회: 한국산학기술학회 (IF: 0.91)"
801,2023,공학 일반,489330050,이태희,1,0.0,0.0,"[3D프린팅 기법의 파라메트릭 의자 유형분석에 관한 연구]
   └ 학회: 한국산학기술학회 (IF: 0.91)"
802,2023,공학 일반,287249778,조현미,1,0.0,0.0,"[전문가 설문조사를 통한 주거서비스 활성화 방안 연구]
   └ 학회: 한국산학기술학회 (IF: 0.91)"
803,2023,공학 일반,392600075,김현승,1,0.0,0.0,"[건설정보모델의 속성입력 간소화에 관한 연구-Ⅱ : 구조계산식이 반영된 옹벽 변수모델의 개발]
   └ 학회: 한국산학기술학회 (IF: 0.91)"
804,2023,공학 일반,903749236,이일수,1,0.0,0.0,"[건설정보모델의 속성입력 간소화에 관한 연구-Ⅱ : 구조계산식이 반영된 옹벽 변수모델의 개발]
   └ 학회: 한국산학기술학회 (IF: 0.91)"
805,2023,공학 일반,557337789,최운지,1,0.0,0.0,"[중소석유화학기업의 최고경영자의 지원과 품질경영활동이 기업성과에 미치는 영향 연구: 혁신문화의 매개효과를 중심으로]
   └ 학회: 한국산학기술학회 (IF: 0.91)"
806,2023,공학 일반,994788921,박주경,1,0.0,0.0,"[중소석유화학기업의 최고경영자의 지원과 품질경영활동이 기업성과에 미치는 영향 연구: 혁신문화의 매개효과를 중심으로]
   └ 학회: 한국산학기술학회 (IF: 0.91)"
807,2023,공학 일반,804327,이정수,1,0.0,0.0,"[장애인 피난행태 특성분석 연구 - 장애인 직업교육시설 사례를 중심으로 -]
   └ 학회: 한국산학기술학회 (IF: 0.91)"
808,2023,공학 일반,989242255,권용원,1,0.0,0.0,"[장애인 피난행태 특성분석 연구 - 장애인 직업교육시설 사례를 중심으로 -]
   └ 학회: 한국산학기술학회 (IF: 0.91)"
809,2023,공학 일반,717065363,하승용,1,0.0,0.0,"[장애인 피난행태 특성분석 연구 - 장애인 직업교육시설 사례를 중심으로 -]
   └ 학회: 한국산학기술학회 (IF: 0.91)"
810,2023,공학 일반,961301785,민알렉산더명준,1,0.0,0.0,"[맥주박, 홍삼박, 쌀겨의 영양성분, 기능성 성분 및 항산화 활성 탐색]
   └ 학회: 한국산학기술학회 (IF: 0.91)"
811,2023,공학 일반,590928145,남규봉,1,0.0,0.0,"[맥주박, 홍삼박, 쌀겨의 영양성분, 기능성 성분 및 항산화 활성 탐색]
   └ 학회: 한국산학기술학회 (IF: 0.91)"
812,2023,공학 일반,932977349,임성현,1,0.0,0.0,"[맥주박, 홍삼박, 쌀겨의 영양성분, 기능성 성분 및 항산화 활성 탐색]
   └ 학회: 한국산학기술학회 (IF: 0.91)"
813,2023,공학 일반,121381212,손은심,1,0.0,0.0,"[맥주박, 홍삼박, 쌀겨의 영양성분, 기능성 성분 및 항산화 활성 탐색]
   └ 학회: 한국산학기술학회 (IF: 0.91)"
814,2023,공학 일반,814645208,김현석,1,0.0,0.0,"[전문대학 LINC+ 사업에 관한 성과분석 연구]
   └ 학회: 한국산학기술학회 (IF: 0.91)"
815,2023,공학 일반,933225644,주태욱,1,0.0,0.0,"[전문대학 LINC+ 사업에 관한 성과분석 연구]
   └ 학회: 한국산학기술학회 (IF: 0.91)"
816,2023,공학 일반,803888163,이성훈,1,0.0,0.0,"[일일 1회 복용이 가능한 페노피브레이트와 고정용량복합제형의 개발을 위한 아토르바스타틴 칼슘의 주성분 코팅연구]
   └ 학회: 한국산학기술학회 (IF: 0.91)"
817,2023,공학 일반,502354307,김범규,1,0.0,0.0,"[SWOT 분석을 활용한 국방 의무군수지원체계 발전 방향 연구]
   └ 학회: 한국산학기술학회 (IF: 0.91)"
818,2023,공학 일반,893572738,최경환,1,0.0,0.0,"[SWOT 분석을 활용한 국방 의무군수지원체계 발전 방향 연구]
   └ 학회: 한국산학기술학회 (IF: 0.91)"
819,2023,공학 일반,547571889,김성찬,1,0.0,0.0,"[DEA와 Malmquist지수를 이용한 대한민국 도별 연도별 논벼의 효율성 분석]
   └ 학회: 한국산학기술학회 (IF: 0.91)"
820,2023,공학 일반,985674207,이해준,1,0.0,0.0,"[방탄소년단(BTS) 노래에 나타난 월드뮤직의 양상: 뎀보우와 클라베 리듬을 중심으로]
   └ 학회: 한국산학기술학회 (IF: 0.91)"
821,2023,공학 일반,992765091,한경훈,1,0.0,0.0,"[방탄소년단(BTS) 노래에 나타난 월드뮤직의 양상: 뎀보우와 클라베 리듬을 중심으로]
   └ 학회: 한국산학기술학회 (IF: 0.91)"
822,2023,공학 일반,964206587,김선휘,1,0.0,0.0,"[제한된 적응형 해상도를 가진 격자맵 기반의 경로 계획 연구]
   └ 학회: 한국산학기술학회 (IF: 0.91)"
823,2023,공학 일반,228462768,이강빈,1,0.0,0.0,"[제한된 적응형 해상도를 가진 격자맵 기반의 경로 계획 연구]
   └ 학회: 한국산학기술학회 (IF: 0.91)"
824,2023,공학 일반,393359,김태현,1,0.0,0.0,"[제한된 적응형 해상도를 가진 격자맵 기반의 경로 계획 연구]
   └ 학회: 한국산학기술학회 (IF: 0.91)"
825,2023,공학 일반,855144557,강창근,1,0.0,0.0,"[제한된 적응형 해상도를 가진 격자맵 기반의 경로 계획 연구]
   └ 학회: 한국산학기술학회 (IF: 0.91)"
826,2023,공학 일반,611484273,전정환,1,0.0,0.0,"[제한된 적응형 해상도를 가진 격자맵 기반의 경로 계획 연구]
   └ 학회: 한국산학기술학회 (IF: 0.91)"
827,2023,공학 일반,296306123,김승환,1,0.0,0.0,"[12주간 케틀벨 트레이닝이 20대 남성의 근력과 무산소성 파워에 미치는 영향]
   └ 학회: 한국산학기술학회 (IF: 0.91)"
828,2023,공학 일반,176730271,김대열,1,0.0,0.0,"[12주간 케틀벨 트레이닝이 20대 남성의 근력과 무산소성 파워에 미치는 영향]
   └ 학회: 한국산학기술학회 (IF: 0.91)"
829,2023,공학 일반,585403995,장재경,1,0.0,0.0,"[시설원예 배액 배출량을 줄이기 위한 주요 인자 탐색에 관한 연구 - 온도, 풍속, 일사량 중심으로 -]
   └ 학회: 한국산학기술학회 (IF: 0.91)"
830,2023,공학 일반,288576982,이동관,1,0.0,0.0,"[시설원예 배액 배출량을 줄이기 위한 주요 인자 탐색에 관한 연구 - 온도, 풍속, 일사량 중심으로 -]
   └ 학회: 한국산학기술학회 (IF: 0.91)"
831,2023,공학 일반,270796201,유영선,1,0.0,0.0,"[시설원예 배액 배출량을 줄이기 위한 주요 인자 탐색에 관한 연구 - 온도, 풍속, 일사량 중심으로 -]
   └ 학회: 한국산학기술학회 (IF: 0.91)"
832,2023,공학 일반,454036741,박민정,1,0.0,0.0,"[시설원예 배액 배출량을 줄이기 위한 주요 인자 탐색에 관한 연구 - 온도, 풍속, 일사량 중심으로 -]
   └ 학회: 한국산학기술학회 (IF: 0.91)"
833,2023,공학 일반,697458726,문종필,1,0.0,0.0,"[시설원예 배액 배출량을 줄이기 위한 주요 인자 탐색에 관한 연구 - 온도, 풍속, 일사량 중심으로 -]
   └ 학회: 한국산학기술학회 (IF: 0.91)"
834,2023,공학 일반,863962141,황정수,1,0.0,0.0,"[시설원예 배액 배출량을 줄이기 위한 주요 인자 탐색에 관한 연구 - 온도, 풍속, 일사량 중심으로 -]
   └ 학회: 한국산학기술학회 (IF: 0.91)"
835,2023,공학 일반,845543652,최희철,1,0.0,0.0,"[미등록 정신질환자의 고용활성화 방안에 관한 연구: 직업재활실무자의 인식을 중심으로]
   └ 학회: 한국산학기술학회 (IF: 0.91)"
836,2023,공학 일반,894928600,이지현,1,0.0,0.0,"[해양치유 프로그램의 정신건강 증진 효과 : 완도 해양치유 프로그램 리빙랩 운영 결과]
   └ 학회: 한국산학기술학회 (IF: 0.91)"
837,2023,공학 일반,773805274,안홍수,1,0.0,0.0,"[해양치유 프로그램의 정신건강 증진 효과 : 완도 해양치유 프로그램 리빙랩 운영 결과]
   └ 학회: 한국산학기술학회 (IF: 0.91)"
838,2023,공학 일반,326603987,어승섭,1,0.0,0.0,"[해양치유 프로그램의 정신건강 증진 효과 : 완도 해양치유 프로그램 리빙랩 운영 결과]
   └ 학회: 한국산학기술학회 (IF: 0.91)"
839,2023,공학 일반,764575850,성시윤,1,0.0,0.0,"[해양치유 프로그램의 정신건강 증진 효과 : 완도 해양치유 프로그램 리빙랩 운영 결과]
   └ 학회: 한국산학기술학회 (IF: 0.91)"
840,2023,공학 일반,983253030,염성규,1,0.0,0.0,"[전시 작전지속지원 전략에 관한 동적 시뮬레이션]
   └ 학회: 한국산학기술학회 (IF: 0.91)"
841,2023,공학 일반,914596110,하은정,1,0.0,0.0,"[위절제술을 받은 위암 환자의 위장관 증상 경험, 디스트레스, 암에 대한 대처가 삶의 질에 미치는 영향]
   └ 학회: 한국산학기술학회 (IF: 0.91)"
842,2023,공학 일반,802587477,김귀현,1,0.0,0.0,"[ICF기반 한국 장애출현율 산출에 대한 연구: Model Disability Survey를 중심으로]
   └ 학회: 한국산학기술학회 (IF: 0.91)"
843,2023,공학 일반,147498128,김훈,1,0.0,0.0,"[캄보디아의 장립종 쌀의 도정 공정 분석]
   └ 학회: 한국산학기술학회 (IF: 0.91)"
844,2023,공학 일반,680657192,김숙희,1,0.0,0.0,"[A Study on the Eating Habits’ Regularity and Balance of Some College Students by Residential type in Chungcheongnam-do]
   └ 학회: 한국산학기술학회 (IF: 0.91)"
845,2023,공학 일반,841417452,손혜민,1,0.0,0.0,"[데이터마이닝을 이용한 메뉴 설계 방법에 관한 연구]
   └ 학회: 한국산학기술학회 (IF: 0.91)"
846,2023,공학 일반,397687684,구교찬,1,0.0,0.0,"[데이터마이닝을 이용한 메뉴 설계 방법에 관한 연구]
   └ 학회: 한국산학기술학회 (IF: 0.91)"
847,2023,공학 일반,781586101,최요한,1,0.0,0.0,"[후보돈 사육기 사료 내 에너지 수준이 번식성적에 미치는 영향]
   └ 학회: 한국산학기술학회 (IF: 0.91)"
848,2023,공학 일반,837467806,정용대,1,0.0,0.0,"[후보돈 사육기 사료 내 에너지 수준이 번식성적에 미치는 영향]
   └ 학회: 한국산학기술학회 (IF: 0.91)"
849,2023,공학 일반,702203897,박현주,1,0.0,0.0,"[후보돈 사육기 사료 내 에너지 수준이 번식성적에 미치는 영향]
   └ 학회: 한국산학기술학회 (IF: 0.91)"
850,2023,공학 일반,478537123,정학재,1,0.0,0.0,"[후보돈 사육기 사료 내 에너지 수준이 번식성적에 미치는 영향]
   └ 학회: 한국산학기술학회 (IF: 0.91)"
851,2023,공학 일반,769605894,사수진,1,0.0,0.0,"[후보돈 사육기 사료 내 에너지 수준이 번식성적에 미치는 영향]
   └ 학회: 한국산학기술학회 (IF: 0.91)"
852,2023,공학 일반,439983121,김조은,1,0.0,0.0,"[후보돈 사육기 사료 내 에너지 수준이 번식성적에 미치는 영향]
   └ 학회: 한국산학기술학회 (IF: 0.91)"
853,2023,공학 일반,851240793,민예진,1,0.0,0.0,"[후보돈 사육기 사료 내 에너지 수준이 번식성적에 미치는 영향]
   └ 학회: 한국산학기술학회 (IF: 0.91)"
854,2023,공학 일반,828210182,전다연,1,0.0,0.0,"[후보돈 사육기 사료 내 에너지 수준이 번식성적에 미치는 영향]
   └ 학회: 한국산학기술학회 (IF: 0.91)"
855,2023,공학 일반,525290425,진현주,1,0.0,0.0,"[후보돈 사육기 사료 내 에너지 수준이 번식성적에 미치는 영향]
   └ 학회: 한국산학기술학회 (IF: 0.91)"
856,2023,공학 일반,234368543,황홍구,1,0.0,0.0,"[성인의 소셜미디어의 유형, 생산, 평가 활동이 프라이버시 침해 우려에 미치는 영향]
   └ 학회: 한국산학기술학회 (IF: 0.91)"
857,2023,공학 일반,127052563,박지영,1,0.0,0.0,"[성인의 소셜미디어의 유형, 생산, 평가 활동이 프라이버시 침해 우려에 미치는 영향]
   └ 학회: 한국산학기술학회 (IF: 0.91)"
858,2023,공학 일반,573068174,이세정,1,0.0,0.0,"[제로에너지건축물 성능확보를 위한 공공주택사업자의 역할 모색 - 에너지 절약과 효율향상 중심으로 -]
   └ 학회: 한국산학기술학회 (IF: 0.91)"
859,2023,공학 일반,297471298,강동현,1,0.0,0.0,"[사회적 자본이 대학생 게임 사용자의 게임 과몰입에 미치는 영향: 자기 효능감과 게임보상 경험의 다중매개효과 탐색을 중심으로]
   └ 학회: 한국산학기술학회 (IF: 0.91)"
860,2023,공학 일반,139289913,김은영,1,0.0,0.0,"[사회적 자본이 대학생 게임 사용자의 게임 과몰입에 미치는 영향: 자기 효능감과 게임보상 경험의 다중매개효과 탐색을 중심으로]
   └ 학회: 한국산학기술학회 (IF: 0.91)"
861,2023,공학 일반,569151346,Jae-Young Park,1,0.0,0.0,"[Effect on muscle activity of lower extremities during squat and lunge exercises on unstable support surfaces]
   └ 학회: 한국산학기술학회 (IF: 0.91)"
862,2023,공학 일반,290558429,이남주,1,0.0,0.0,"[낙동강 실측자료 기반 간편탁도예측모형 Py_STPS의 적용성 검토]
   └ 학회: 한국산학기술학회 (IF: 0.91)"
863,2023,공학 일반,926135947,김창성,1,0.0,0.0,"[낙동강 실측자료 기반 간편탁도예측모형 Py_STPS의 적용성 검토]
   └ 학회: 한국산학기술학회 (IF: 0.91)"
864,2023,공학 일반,222519544,김현경,1,0.0,0.0,"[피부관리실 종사자의 역할스트레스와 이직의도의 관계에서 전문직 정체성의 매개효과 연구]
   └ 학회: 한국산학기술학회 (IF: 0.91)"
865,2023,공학 일반,5096338,김동훈,1,0.0,0.0,"[웨어러블 디바이스를 활용한 미래 군 전투원 무기체계 발전 방향에 관한 연구]
   └ 학회: 한국산학기술학회 (IF: 0.91)"
866,2023,공학 일반,777192623,진현정,1,0.0,0.0,"[예비교사의 개인 혁신성, 자기효능감, 교수효능감이 교육 현장의 기술수용에 미치는 영향 - Covid-19 유행 전후의 차이를 중심으로 -]
   └ 학회: 한국산학기술학회 (IF: 0.91)"
867,2023,공학 일반,796011780,방희석,1,0.0,0.0,"[예비교사의 개인 혁신성, 자기효능감, 교수효능감이 교육 현장의 기술수용에 미치는 영향 - Covid-19 유행 전후의 차이를 중심으로 -]
   └ 학회: 한국산학기술학회 (IF: 0.91)"
868,2023,공학 일반,357063062,이승아,1,0.0,0.0,"[볼밀에 의한 흑연의 특성변화와 제트밀을 이용한 흑연 분쇄]
   └ 학회: 한국산학기술학회 (IF: 0.91)"
869,2023,공학 일반,558398709,한현각,1,0.0,0.0,"[볼밀에 의한 흑연의 특성변화와 제트밀을 이용한 흑연 분쇄]
   └ 학회: 한국산학기술학회 (IF: 0.91)"
870,2023,공학 일반,927273254,이규범,1,0.0,0.0,"[CCTV기반 터널 유고상황 감지 성능에 대한 관심영역의 영향성 검토]
   └ 학회: 한국산학기술학회 (IF: 0.91)"
871,2023,공학 일반,492338666,신휴성,1,0.0,0.0,"[CCTV기반 터널 유고상황 감지 성능에 대한 관심영역의 영향성 검토]
   └ 학회: 한국산학기술학회 (IF: 0.91)"
872,2023,공학 일반,688023316,이영주,1,0.0,0.0,"[신원 확인 공격에 안전한 클라우드 데이터 중복 제거 기술]
   └ 학회: 한국산학기술학회 (IF: 0.91)"
873,2023,공학 일반,909947925,김윤현,1,0.0,0.0,"[영구자석 매입형 동기전동기 적용 범용 구동 장치 개발]
   └ 학회: 한국산학기술학회 (IF: 0.91)"
874,2023,공학 일반,460873270,이재욱,1,0.0,0.0,"[다중 피처 딥러닝 모델을 이용한 전자기파 기반의 명령어 역어셈블러 구현]
   └ 학회: 한국산학기술학회 (IF: 0.91)"
875,2023,공학 일반,489048767,이석기,1,0.0,0.0,"[악천후 도로 시인성 개선을 위한 발광 차선 적용성 평가]
   └ 학회: 한국산학기술학회 (IF: 0.91)"
876,2023,공학 일반,473797551,박원일,1,0.0,0.0,"[악천후 도로 시인성 개선을 위한 발광 차선 적용성 평가]
   └ 학회: 한국산학기술학회 (IF: 0.91)"
877,2023,공학 일반,707432543,박기수,1,0.0,0.0,"[악천후 도로 시인성 개선을 위한 발광 차선 적용성 평가]
   └ 학회: 한국산학기술학회 (IF: 0.91)"
878,2023,공학 일반,250042043,김용석,1,0.0,0.0,"[악천후 도로 시인성 개선을 위한 발광 차선 적용성 평가]
   └ 학회: 한국산학기술학회 (IF: 0.91)"
879,2023,공학 일반,152735990,이예빈,1,0.0,0.0,"[연축전지와 슈퍼커패시터를 이용한 하이브리드형 전동 휠체어의 구현]
   └ 학회: 한국산학기술학회 (IF: 0.91)"
880,2023,공학 일반,770568524,고은지,1,0.0,0.0,"[스마트폰 중독이 불면증에 미치는 영향]
   └ 학회: 한국산학기술학회 (IF: 0.91)"
881,2023,공학 일반,159423034,최혜라,1,0.0,0.0,"[스마트폰 중독이 불면증에 미치는 영향]
   └ 학회: 한국산학기술학회 (IF: 0.91)"
882,2023,공학 일반,647360017,한수미,1,0.0,0.0,"[스마트폰 중독이 불면증에 미치는 영향]
   └ 학회: 한국산학기술학회 (IF: 0.91)"
883,2023,공학 일반,630739703,김환,1,0.0,0.0,"[스마트폰 중독이 불면증에 미치는 영향]
   └ 학회: 한국산학기술학회 (IF: 0.91)"
884,2023,공학 일반,625804006,박현옥,1,0.0,0.0,"[성인학습자의 플립러닝 인식과 수준, 협력적 자기효능감 및 융합전공 교육과정 인식 간의 구조적 관계]
   └ 학회: 한국산학기술학회 (IF: 0.91)"
885,2023,공학 일반,610438964,이종관,1,0.0,0.0,"[개방형혁신이 기업성과에 미치는 영향: 비즈니스모델혁신과 네트워크개발역량의 매개효과]
   └ 학회: 한국산학기술학회 (IF: 0.91)"
886,2023,공학 일반,220845984,윤소영,1,0.0,0.0,"[일차두통환자의 두통 예방 및 관리 자기효능감, 수면위생실천과 수면의 질]
   └ 학회: 한국산학기술학회 (IF: 0.91)"
887,2023,공학 일반,692442653,류재국,1,0.0,0.0,"[토끼를 이용한 가용화 플루오로메톨론 점안제의 효능 연구]
   └ 학회: 한국산학기술학회 (IF: 0.91)"
888,2023,공학 일반,621522406,전진명,1,0.0,0.0,"[코로나19 시대 항공사 객실승무원의 비언어적 커뮤니케이션이 승객과의 라포형성과 충성도에 미치는 영향 연구]
   └ 학회: 한국산학기술학회 (IF: 0.91)"
889,2023,공학 일반,983890393,이상욱,1,0.0,0.0,"[우리나라 기업의 합병 요인 분석 -2010~2019년 합병을 중심으로-]
   └ 학회: 한국산학기술학회 (IF: 0.91)"
890,2023,공학 일반,941806404,서정환,1,0.0,0.0,"[공연장 무료회원제에 관한 실증연구 -공공극장의 대중예술공연과 만족요인을 중심으로-]
   └ 학회: 한국산학기술학회 (IF: 0.91)"
891,2023,공학 일반,747021967,이진수,1,0.0,0.0,"[공연장 무료회원제에 관한 실증연구 -공공극장의 대중예술공연과 만족요인을 중심으로-]
   └ 학회: 한국산학기술학회 (IF: 0.91)"
892,2023,공학 일반,936103220,이명호,1,0.0,0.0,"[스킬 기반의 풀스택 환경에서 NCS 학습모듈 참조 모델의 설계]
   └ 학회: 한국산학기술학회 (IF: 0.91)"
893,2023,공학 일반,258224484,김문숙,1,0.0,0.0,"[국내 학술지에 게재된 밀키트(Meal-Kit) 연구에 대한 문헌고찰]
   └ 학회: 한국산학기술학회 (IF: 0.91)"
894,2023,공학 일반,332542909,국정근,1,0.0,0.0,"[구조해석을 이용한 제연용 축류팬 설계에 관한 연구]
   └ 학회: 한국산학기술학회 (IF: 0.91)"
895,2023,공학 일반,507524812,조병관,1,0.0,0.0,"[구조해석을 이용한 제연용 축류팬 설계에 관한 연구]
   └ 학회: 한국산학기술학회 (IF: 0.91)"
896,2023,공학 일반,277909506,Duk-Yoon Kil,1,0.0,0.0,"[Relationship Between Blood Metabolic Profile and Milking Performance in Holstein Cows]
   └ 학회: 한국산학기술학회 (IF: 0.91)"
897,2023,공학 일반,825528912,염재선,1,0.0,0.0,"[티타늄합금 레저보트의 구조강도 평가]
   └ 학회: 한국산학기술학회 (IF: 0.91)"
898,2023,공학 일반,792883557,김경환,1,0.0,0.0,"[조건부가치측정법(CVM)을 이용한 정부지원 연구윤리교육사업의 경제적 가치 추정 연구]
   └ 학회: 한국산학기술학회 (IF: 0.91)"
899,2023,공학 일반,453248642,채수복,1,0.0,0.0,"[조건부가치측정법(CVM)을 이용한 정부지원 연구윤리교육사업의 경제적 가치 추정 연구]
   └ 학회: 한국산학기술학회 (IF: 0.91)"
900,2023,공학 일반,970135568,신준석,1,0.0,0.0,"[조건부가치측정법(CVM)을 이용한 정부지원 연구윤리교육사업의 경제적 가치 추정 연구]
   └ 학회: 한국산학기술학회 (IF: 0.91)"
901,2023,공학 일반,379939118,김금진,1,0.0,0.0,"[건강노령화에 대한 진화론적 개념분석]
   └ 학회: 한국산학기술학회 (IF: 0.91)"
902,2023,공학 일반,703432191,김현리,1,0.0,0.0,"[건강노령화에 대한 진화론적 개념분석]
   └ 학회: 한국산학기술학회 (IF: 0.91)"
903,2023,공학 일반,712109189,이춘옥,1,0.0,0.0,"[건강노령화에 대한 진화론적 개념분석]
   └ 학회: 한국산학기술학회 (IF: 0.91)"
904,2023,공학 일반,134408399,안동호,1,0.0,0.0,"[도시개발사업 공공 공간 부족 해결을 위한 단지 경계부 특성 및 입주자 만족도 조사 연구]
   └ 학회: 한국산학기술학회 (IF: 0.91)"
905,2023,공학 일반,260906,김진욱,1,0.0,0.0,"[도시개발사업 공공 공간 부족 해결을 위한 단지 경계부 특성 및 입주자 만족도 조사 연구]
   └ 학회: 한국산학기술학회 (IF: 0.91)"
906,2023,공학 일반,322984056,이상혁,1,0.0,0.0,"[수도권 및 비수도권 지역 주거점유유형 결정 요인분석]
   └ 학회: 한국산학기술학회 (IF: 0.91)"
907,2023,공학 일반,739339837,류경무,1,0.0,0.0,"[수도권 및 비수도권 지역 주거점유유형 결정 요인분석]
   └ 학회: 한국산학기술학회 (IF: 0.91)"
908,2023,공학 일반,879668014,김동완,1,0.0,0.0,"[수·전동 휠체어 개발을 위한 수동휠체어 간 비교 사용성 평가 : 지체장애인을 중심으로]
   └ 학회: 한국산학기술학회 (IF: 0.91)"
909,2023,공학 일반,746986000,이윤환,1,0.0,0.0,"[수·전동 휠체어 개발을 위한 수동휠체어 간 비교 사용성 평가 : 지체장애인을 중심으로]
   └ 학회: 한국산학기술학회 (IF: 0.91)"
910,2023,공학 일반,1257275,장완호,1,0.0,0.0,"[수·전동 휠체어 개발을 위한 수동휠체어 간 비교 사용성 평가 : 지체장애인을 중심으로]
   └ 학회: 한국산학기술학회 (IF: 0.91)"
911,2023,공학 일반,593880133,문광태,1,0.0,0.0,"[수·전동 휠체어 개발을 위한 수동휠체어 간 비교 사용성 평가 : 지체장애인을 중심으로]
   └ 학회: 한국산학기술학회 (IF: 0.91)"
912,2023,공학 일반,816438561,정성우,1,0.0,0.0,"[수·전동 휠체어 개발을 위한 수동휠체어 간 비교 사용성 평가 : 지체장애인을 중심으로]
   └ 학회: 한국산학기술학회 (IF: 0.91)"
913,2023,공학 일반,411004229,김정호,1,0.0,0.0,"[A Study on The Evaluation of The Concentration of Dust According to The 3D Print Open Shape]
   └ 학회: 한국산학기술학회 (IF: 0.91)"
914,2023,공학 일반,723335662,Seon-Youl Seo,1,0.0,0.0,"[A Study on The Evaluation of The Concentration of Dust According to The 3D Print Open Shape]
   └ 학회: 한국산학기술학회 (IF: 0.91)"
915,2023,공학 일반,295400645,지근호,1,0.0,0.0,"[항균동과 티트리 추출물을 이용해 제작한 황토볼의 세균 증식 억제 활성]
   └ 학회: 한국산학기술학회 (IF: 0.91)"
916,2023,공학 일반,476728685,김영태,1,0.0,0.0,"[항균동과 티트리 추출물을 이용해 제작한 황토볼의 세균 증식 억제 활성]
   └ 학회: 한국산학기술학회 (IF: 0.91)"
917,2023,공학 일반,994188921,이원구,1,0.0,0.0,"[In-Line Recondenser와 Pre-cooler가 적용된 LNG선 연료관리 시스템 설계]
   └ 학회: 한국산학기술학회 (IF: 0.91)"
918,2023,공학 일반,427898511,선현준,1,0.0,0.0,"[In-Line Recondenser와 Pre-cooler가 적용된 LNG선 연료관리 시스템 설계]
   └ 학회: 한국산학기술학회 (IF: 0.91)"
919,2023,공학 일반,694385440,이권영,1,0.0,0.0,"[In-Line Recondenser와 Pre-cooler가 적용된 LNG선 연료관리 시스템 설계]
   └ 학회: 한국산학기술학회 (IF: 0.91)"
920,2023,공학 일반,531505915,김시연,1,0.0,0.0,"[시험단계에서의 철도부품 고장 데이터 수집 및 분석 체계 지원을 위한 S/W개발]
   └ 학회: 한국산학기술학회 (IF: 0.91)"
921,2023,공학 일반,747576736,허우녕,1,0.0,0.0,"[기술성숙도 위험도 평가지표 개선 및 사례적용 연구]
   └ 학회: 한국산학기술학회 (IF: 0.91)"
922,2023,공학 일반,956158138,배정훈,1,0.0,0.0,"[기술성숙도 위험도 평가지표 개선 및 사례적용 연구]
   └ 학회: 한국산학기술학회 (IF: 0.91)"
923,2023,공학 일반,430414521,안단,1,0.0,0.0,"[기술성숙도 위험도 평가지표 개선 및 사례적용 연구]
   └ 학회: 한국산학기술학회 (IF: 0.91)"
924,2023,공학 일반,150528868,심규성,1,0.0,0.0,"[GIS 홍수범람 경계 영향인자 선정 및 경계 조정방법에 관한 연구]
   └ 학회: 한국산학기술학회 (IF: 0.91)"
925,2023,공학 일반,629453145,정순찬,1,0.0,0.0,"[GIS 홍수범람 경계 영향인자 선정 및 경계 조정방법에 관한 연구]
   └ 학회: 한국산학기술학회 (IF: 0.91)"
926,2023,공학 일반,739451177,임동화,1,0.0,0.0,"[GIS 홍수범람 경계 영향인자 선정 및 경계 조정방법에 관한 연구]
   └ 학회: 한국산학기술학회 (IF: 0.91)"
927,2023,공학 일반,696826899,신희재,1,0.0,0.0,"[GIS 홍수범람 경계 영향인자 선정 및 경계 조정방법에 관한 연구]
   └ 학회: 한국산학기술학회 (IF: 0.91)"
928,2023,공학 일반,749292872,김은호,1,0.0,0.0,"[전자기유도방식을 이용한 유아동 교육 교구의 2차원 블록 검사 시스템 개발]
   └ 학회: 한국산학기술학회 (IF: 0.91)"
929,2023,공학 일반,605309659,황순호,1,0.0,0.0,"[전자기유도방식을 이용한 유아동 교육 교구의 2차원 블록 검사 시스템 개발]
   └ 학회: 한국산학기술학회 (IF: 0.91)"
930,2023,공학 일반,484084429,우동호,1,0.0,0.0,"[한국주식시장에서의 마법공식 투자전략 성과분석]
   └ 학회: 한국산학기술학회 (IF: 0.91)"
931,2023,공학 일반,703743,신동기,1,0.0,0.0,"[Wi-Fi 6 및 6E용 이중광대역 모노폴 안테나]
   └ 학회: 한국산학기술학회 (IF: 0.91)"
932,2023,공학 일반,240997459,정영탁,1,0.0,0.0,"[Wi-Fi 6 및 6E용 이중광대역 모노폴 안테나]
   └ 학회: 한국산학기술학회 (IF: 0.91)"
933,2023,공학 일반,118129809,이영순,1,0.0,0.0,"[Wi-Fi 6 및 6E용 이중광대역 모노폴 안테나]
   └ 학회: 한국산학기술학회 (IF: 0.91)"
934,2023,공학 일반,5174218,이상민,1,0.0,0.0,"[유한요소 해석과 역설계 기법을 활용한 ERW파이프 열영향부 기계적 물성 획득]
   └ 학회: 한국산학기술학회 (IF: 0.91)"
935,2023,공학 일반,449490184,오재훈,1,0.0,0.0,"[철물류 제작 및 설치 공사비산정기준 적용성 향상을 위한 연구]
   └ 학회: 한국산학기술학회 (IF: 0.91)"
936,2023,공학 일반,263676417,송태석,1,0.0,0.0,"[철물류 제작 및 설치 공사비산정기준 적용성 향상을 위한 연구]
   └ 학회: 한국산학기술학회 (IF: 0.91)"
937,2023,공학 일반,136425317,안방율,1,0.0,0.0,"[철물류 제작 및 설치 공사비산정기준 적용성 향상을 위한 연구]
   └ 학회: 한국산학기술학회 (IF: 0.91)"
938,2023,공학 일반,4004456,김성환,1,0.0,0.0,"[건설산업 4대 정보시스템의 공공데이터 구현 현황 분석]
   └ 학회: 한국산학기술학회 (IF: 0.91)"
939,2023,공학 일반,345078360,유위성,1,0.0,0.0,"[건설산업 4대 정보시스템의 공공데이터 구현 현황 분석]
   └ 학회: 한국산학기술학회 (IF: 0.91)"
940,2023,공학 일반,219773085,최석인,1,0.0,0.0,"[건설산업 4대 정보시스템의 공공데이터 구현 현황 분석]
   └ 학회: 한국산학기술학회 (IF: 0.91)"
941,2023,공학 일반,932299961,안정운,1,0.0,0.0,"[교육용 수용가 ESS 용량설계에 관한 연구]
   └ 학회: 한국산학기술학회 (IF: 0.91)"
942,2023,공학 일반,474888220,임건홍,1,0.0,0.0,"[PNF 패턴 걷기가 노인의 보행능력 및 족저압 균형에 미치는 영향]
   └ 학회: 한국산학기술학회 (IF: 0.91)"
943,2023,공학 일반,652142984,이홍균,1,0.0,0.0,"[PNF 패턴 걷기가 노인의 보행능력 및 족저압 균형에 미치는 영향]
   └ 학회: 한국산학기술학회 (IF: 0.91)"
944,2023,공학 일반,781913902,이재영,1,0.0,0.0,"[리모델링 아파트단지의 커뮤니티시설 내 리빙랩 계획방안 연구]
   └ 학회: 한국산학기술학회 (IF: 0.91)"
945,2023,공학 일반,5121134,정지원,1,0.0,0.0,"[리모델링 아파트단지의 커뮤니티시설 내 리빙랩 계획방안 연구]
   └ 학회: 한국산학기술학회 (IF: 0.91)"
946,2023,공학 일반,858328782,김효진,1,0.0,0.0,"[아동복지교사의 역할 인식, 전문성, 직무만족도의 관계]
   └ 학회: 한국산학기술학회 (IF: 0.91)"
947,2023,공학 일반,862134345,원경섭,1,0.0,0.0,"[크리스티안 케레즈(Christian Kerez) 건축에 나타난 구축성(構築性)에 관한 연구 - 재료, 공간, 구조, 시공, 빌딩통합시스템 측면에서]
   └ 학회: 한국산학기술학회 (IF: 0.91)"
948,2023,공학 일반,956695570,문태완,1,0.0,0.0,"[제주도내 하나로마트가 지역경제 미치는 영향 분석]
   └ 학회: 한국산학기술학회 (IF: 0.91)"
949,2023,공학 일반,663120325,김화년,1,0.0,0.0,"[제주도내 하나로마트가 지역경제 미치는 영향 분석]
   └ 학회: 한국산학기술학회 (IF: 0.91)"
950,2023,공학 일반,140363298,하오현,1,0.0,0.0,"[자동차보험 환자의 의료기관 종류별 이용실적 비교분석]
   └ 학회: 한국산학기술학회 (IF: 0.91)"
951,2023,공학 일반,471881451,염주희,1,0.0,0.0,"[노인일자리 사업과 교육 활동에 대한 인식 연구: 웰에이징 전문가를 중심으로]
   └ 학회: 한국산학기술학회 (IF: 0.91)"
952,2023,공학 일반,561808366,김두리,1,0.0,0.0,"[노인일자리 사업과 교육 활동에 대한 인식 연구: 웰에이징 전문가를 중심으로]
   └ 학회: 한국산학기술학회 (IF: 0.91)"
953,2023,공학 일반,556718087,장윤덕,1,0.0,0.0,"[응급실 급성 호흡곤란 환자를 대상으로 한 비강 캐뉼라와 비재호흡 마스크를 동시에 적용한 산소 제공 요법의 효과]
   └ 학회: 한국산학기술학회 (IF: 0.91)"
954,2023,공학 일반,475611898,정웅빈,1,0.0,0.0,"[응급실 급성 호흡곤란 환자를 대상으로 한 비강 캐뉼라와 비재호흡 마스크를 동시에 적용한 산소 제공 요법의 효과]
   └ 학회: 한국산학기술학회 (IF: 0.91)"
955,2023,공학 일반,914305322,지재구,1,0.0,0.0,"[응급실 급성 호흡곤란 환자를 대상으로 한 비강 캐뉼라와 비재호흡 마스크를 동시에 적용한 산소 제공 요법의 효과]
   └ 학회: 한국산학기술학회 (IF: 0.91)"
956,2023,공학 일반,592651604,김성주,1,0.0,0.0,"[응급실 급성 호흡곤란 환자를 대상으로 한 비강 캐뉼라와 비재호흡 마스크를 동시에 적용한 산소 제공 요법의 효과]
   └ 학회: 한국산학기술학회 (IF: 0.91)"
957,2023,공학 일반,155918977,박나원,1,0.0,0.0,"[역겨움의 인식 여부에 따른 도덕적 평가]
   └ 학회: 한국산학기술학회 (IF: 0.91)"
958,2023,공학 일반,470049392,최원일,1,0.0,0.0,"[역겨움의 인식 여부에 따른 도덕적 평가]
   └ 학회: 한국산학기술학회 (IF: 0.91)"
959,2023,공학 일반,392302700,김태훈,1,0.0,0.0,"[역겨움의 인식 여부에 따른 도덕적 평가]
   └ 학회: 한국산학기술학회 (IF: 0.91)"
960,2023,공학 일반,592614338,김영철,1,0.0,0.0,"[유도탄 저장신뢰성평가 로트 기준 설정 연구]
   └ 학회: 한국산학기술학회 (IF: 0.91)"
961,2023,공학 일반,178277032,황옥경,1,0.0,0.0,"[아동학대행위자 분리방안을 위한 탐색적 연구]
   └ 학회: 한국산학기술학회 (IF: 0.91)"
962,2023,공학 일반,889504885,문영길,1,0.0,0.0,"[보호등급 “ia”의 2선식 신호전송기 및 릴레이 개폐기용 본질안전 제너배리어 개발]
   └ 학회: 한국산학기술학회 (IF: 0.91)"
963,2023,공학 일반,411947581,김응식,1,0.0,0.0,"[보호등급 “ia”의 2선식 신호전송기 및 릴레이 개폐기용 본질안전 제너배리어 개발]
   └ 학회: 한국산학기술학회 (IF: 0.91)"
964,2023,공학 일반,324734489,윤경환,1,0.0,0.0,"[개발단계 무기체계의 소프트웨어 품질검증체계 연구]
   └ 학회: 한국산학기술학회 (IF: 0.91)"
965,2023,공학 일반,338480759,주진천,1,0.0,0.0,"[개발단계 무기체계의 소프트웨어 품질검증체계 연구]
   └ 학회: 한국산학기술학회 (IF: 0.91)"
966,2023,공학 일반,913259744,황영선,1,0.0,0.0,"[전력지원체계의 체계적 획득전략 수립을 위한 기술조사·분석 기법의 개발 및 적용]
   └ 학회: 한국산학기술학회 (IF: 0.91)"
967,2023,공학 일반,689224054,이동헌,1,0.0,0.0,"[전력지원체계의 체계적 획득전략 수립을 위한 기술조사·분석 기법의 개발 및 적용]
   └ 학회: 한국산학기술학회 (IF: 0.91)"
968,2023,공학 일반,140281590,김기연,1,0.0,0.0,"[COVID-19 유행 전과 후 분리된 호흡기 병원미생물에 대한 항균제 내성 패턴]
   └ 학회: 한국산학기술학회 (IF: 0.91)"
969,2023,공학 일반,433111356,김재수,1,0.0,0.0,"[COVID-19 유행 전과 후 분리된 호흡기 병원미생물에 대한 항균제 내성 패턴]
   └ 학회: 한국산학기술학회 (IF: 0.91)"
970,2023,공학 일반,120244863,정보경,1,0.0,0.0,"[COVID-19 유행 전과 후 분리된 호흡기 병원미생물에 대한 항균제 내성 패턴]
   └ 학회: 한국산학기술학회 (IF: 0.91)"
971,2023,공학 일반,449516183,정성록,1,0.0,0.0,"[무인항공기 시스템 발사장비 댐퍼조립체 품질개선 연구]
   └ 학회: 한국산학기술학회 (IF: 0.91)"
972,2023,공학 일반,506926960,이승민,1,0.0,0.0,"[무인항공기 시스템 발사장비 댐퍼조립체 품질개선 연구]
   └ 학회: 한국산학기술학회 (IF: 0.91)"
973,2023,공학 일반,142027814,이보람,1,0.0,0.0,"[CRISPR/Cas9 시스템을 이용한 돼지 수정란에서의 cd163 발현 효율 분석]
   └ 학회: 한국산학기술학회 (IF: 0.91)"
974,2023,공학 일반,706592686,옥선아,1,0.0,0.0,"[CRISPR/Cas9 시스템을 이용한 돼지 수정란에서의 cd163 발현 효율 분석]
   └ 학회: 한국산학기술학회 (IF: 0.91)"
975,2023,공학 일반,754628592,변승준,1,0.0,0.0,"[CRISPR/Cas9 시스템을 이용한 돼지 수정란에서의 cd163 발현 효율 분석]
   └ 학회: 한국산학기술학회 (IF: 0.91)"
976,2023,공학 일반,818630174,유미,1,0.0,0.0,"[고령자의 안전한 피난을 위한 승강식 피난기의 개선방안 연구]
   └ 학회: 한국산학기술학회 (IF: 0.91)"
977,2023,공학 일반,761046489,권대규,1,0.0,0.0,"[고령자의 안전한 피난을 위한 승강식 피난기의 개선방안 연구]
   └ 학회: 한국산학기술학회 (IF: 0.91)"
978,2023,공학 일반,486825693,류영숙,1,0.0,0.0,"[구강질환 예방을 위한 식물추출물의 생리활성 평가]
   └ 학회: 한국산학기술학회 (IF: 0.91)"
979,2023,공학 일반,501160155,여명구,1,0.0,0.0,"[구강질환 예방을 위한 식물추출물의 생리활성 평가]
   └ 학회: 한국산학기술학회 (IF: 0.91)"
980,2023,공학 일반,827703021,박시연,1,0.0,0.0,"[화성성역의궤에 나타난 성리학의 직업윤리 분석]
   └ 학회: 한국산학기술학회 (IF: 0.91)"
981,2023,공학 일반,294323242,정종신,1,0.0,0.0,"[한국 중년 남성의 골감소증 및 골다공증 관련 요인분석]
   └ 학회: 한국산학기술학회 (IF: 0.91)"
982,2023,공학 일반,418608402,이수정,1,0.0,0.0,"[한국 중년 남성의 골감소증 및 골다공증 관련 요인분석]
   └ 학회: 한국산학기술학회 (IF: 0.91)"
983,2023,공학 일반,324073746,김재희,1,0.0,0.0,"[한국 중년 남성의 골감소증 및 골다공증 관련 요인분석]
   └ 학회: 한국산학기술학회 (IF: 0.91)"
984,2023,공학 일반,554644994,지일용,1,0.0,0.0,"[특허 지표와 동시분류 네트워크를 활용한 안전 기술 분야 국가별 경쟁력과 핵심기술 분석]
   └ 학회: 한국산학기술학회 (IF: 0.91)"
985,2023,공학 일반,150069482,장석우,1,0.0,0.0,"[APT(Advanced Persistent Threat) 공격 시나리오 검증 시스템 연구]
   └ 학회: 한국산학기술학회 (IF: 0.91)"
986,2023,공학 일반,441553661,신건,1,0.0,0.0,"[Sharing용 ESS의 CMV 발생 메커니즘 및 모델링에 관한 연구]
   └ 학회: 한국산학기술학회 (IF: 0.91)"
987,2023,공학 일반,780200240,전수민,1,0.0,0.0,"[콘크리트용 순환잔골재 밀도 및 흡수율 품질기준 변경 전후 사후관리 시험결과 비교]
   └ 학회: 한국산학기술학회 (IF: 0.91)"
988,2023,공학 일반,778790015,이광희,1,0.0,0.0,"[방향족 아민계 산화방지제에 의한 갈탄의 자연 발화 방지 효과]
   └ 학회: 한국산학기술학회 (IF: 0.91)"
989,2023,공학 일반,161690610,장준호,1,0.0,0.0,"[방향족 아민계 산화방지제에 의한 갈탄의 자연 발화 방지 효과]
   └ 학회: 한국산학기술학회 (IF: 0.91)"
990,2023,공학 일반,329744251,조정익,1,0.0,0.0,"[방향족 아민계 산화방지제에 의한 갈탄의 자연 발화 방지 효과]
   └ 학회: 한국산학기술학회 (IF: 0.91)"
991,2023,공학 일반,707138717,서동주,1,0.0,0.0,"[방향족 아민계 산화방지제에 의한 갈탄의 자연 발화 방지 효과]
   └ 학회: 한국산학기술학회 (IF: 0.91)"
992,2023,공학 일반,922544219,한수영,1,0.0,0.0,"[방향족 아민계 산화방지제에 의한 갈탄의 자연 발화 방지 효과]
   └ 학회: 한국산학기술학회 (IF: 0.91)"
993,2023,공학 일반,679585222,정민지,1,0.0,0.0,"[방향족 아민계 산화방지제에 의한 갈탄의 자연 발화 방지 효과]
   └ 학회: 한국산학기술학회 (IF: 0.91)"
994,2023,공학 일반,680920035,박태성,1,0.0,0.0,"[방향족 아민계 산화방지제에 의한 갈탄의 자연 발화 방지 효과]
   └ 학회: 한국산학기술학회 (IF: 0.91)"
995,2023,공학 일반,427522652,윤승진,1,0.0,0.0,"[계통연계인버터의 안정도 및 고조파억제 성능 향상을 위한 DSOGI-FLL 기반 상태궤환 제어기법 연구]
   └ 학회: 한국산학기술학회 (IF: 0.91)"
996,2023,공학 일반,336409150,김병기,1,0.0,0.0,"[계통연계인버터의 안정도 및 고조파억제 성능 향상을 위한 DSOGI-FLL 기반 상태궤환 제어기법 연구]
   └ 학회: 한국산학기술학회 (IF: 0.91)"
997,2023,공학 일반,901820645,남양현,1,0.0,0.0,"[계통연계인버터의 안정도 및 고조파억제 성능 향상을 위한 DSOGI-FLL 기반 상태궤환 제어기법 연구]
   └ 학회: 한국산학기술학회 (IF: 0.91)"
998,2023,공학 일반,733099242,김대진,1,0.0,0.0,"[계통연계인버터의 안정도 및 고조파억제 성능 향상을 위한 DSOGI-FLL 기반 상태궤환 제어기법 연구]
   └ 학회: 한국산학기술학회 (IF: 0.91)"
999,2023,공학 일반,696815418,김성삼,1,0.0,0.0,"[고성능 RTK 드론을 이용한 3차원 지형지물 모델링 품질평가]
   └ 학회: 한국산학기술학회 (IF: 0.91)"
1000,2023,공학 일반,515189176,석재욱,1,0.0,0.0,"[고성능 RTK 드론을 이용한 3차원 지형지물 모델링 품질평가]
   └ 학회: 한국산학기술학회 (IF: 0.91)"
1001,2023,공학 일반,374068443,임언택,1,0.0,0.0,"[고성능 RTK 드론을 이용한 3차원 지형지물 모델링 품질평가]
   └ 학회: 한국산학기술학회 (IF: 0.91)"
1002,2023,공학 일반,505461467,정용한,1,0.0,0.0,"[고성능 RTK 드론을 이용한 3차원 지형지물 모델링 품질평가]
   └ 학회: 한국산학기술학회 (IF: 0.91)"
1003,2023,공학 일반,502244803,구슬,1,0.0,0.0,"[고성능 RTK 드론을 이용한 3차원 지형지물 모델링 품질평가]
   └ 학회: 한국산학기술학회 (IF: 0.91)"
1004,2023,공학 일반,791283372,이선우,1,0.0,0.0,"[MIL-STD-810H를 적용한 전력차단기 조립 자동화 설비의 진동해석]
   └ 학회: 한국산학기술학회 (IF: 0.91)"
1005,2023,공학 일반,575309620,엄윤성,1,0.0,0.0,"[로보어드바이저 펀드 상품의 설득 메시지 유형이 소비자 반응에 미치는 영향]
   └ 학회: 한국산학기술학회 (IF: 0.91)"
1006,2023,공학 일반,918552389,유혜지,1,0.0,0.0,"[로보어드바이저 펀드 상품의 설득 메시지 유형이 소비자 반응에 미치는 영향]
   └ 학회: 한국산학기술학회 (IF: 0.91)"
1007,2023,공학 일반,353193001,강영선,1,0.0,0.0,"[로보어드바이저 펀드 상품의 설득 메시지 유형이 소비자 반응에 미치는 영향]
   └ 학회: 한국산학기술학회 (IF: 0.91)"
1008,2023,공학 일반,421986819,박용기,1,0.0,0.0,"[초분해능 기법을 이용한 전동기 정밀 상태진단]
   └ 학회: 한국산학기술학회 (IF: 0.91)"
1009,2023,공학 일반,865959759,감혜미,1,0.0,0.0,"[기술패권 경쟁 우위 확보를 위한 선택과 집중의 국방전략기술 연구]
   └ 학회: 한국산학기술학회 (IF: 0.91)"
1010,2023,공학 일반,127827082,이재국,1,0.0,0.0,"[기술패권 경쟁 우위 확보를 위한 선택과 집중의 국방전략기술 연구]
   └ 학회: 한국산학기술학회 (IF: 0.91)"
1011,2023,공학 일반,5422363,이일로,1,0.0,0.0,"[기술패권 경쟁 우위 확보를 위한 선택과 집중의 국방전략기술 연구]
   └ 학회: 한국산학기술학회 (IF: 0.91)"
1012,2023,공학 일반,965330745,김승렬,1,0.0,0.0,"[국제 항만산업에서의 친환경기술과 공공정책]
   └ 학회: 한국산학기술학회 (IF: 0.91)"
1013,2023,공학 일반,994855367,이용직,1,0.0,0.0,"[대학원에 재학중인 유학생의 영어매개강의 (EMI: English as a Medium of Instruction) 수업 경험에 대한 탐색적 연구]
   └ 학회: 한국산학기술학회 (IF: 0.91)"
1014,2023,공학 일반,791477855,김영룡,1,0.0,0.0,"[대학원에 재학중인 유학생의 영어매개강의 (EMI: English as a Medium of Instruction) 수업 경험에 대한 탐색적 연구]
   └ 학회: 한국산학기술학회 (IF: 0.91)"
1015,2023,공학 일반,787130263,유홍국,1,0.0,0.0,"[잔존수명을 고려한 선로보수 장비 유압작동유의 상태평가]
   └ 학회: 한국산학기술학회 (IF: 0.91)"
1016,2023,공학 일반,966211222,심규석,1,0.0,0.0,"[잔존수명을 고려한 선로보수 장비 유압작동유의 상태평가]
   └ 학회: 한국산학기술학회 (IF: 0.91)"
1017,2023,공학 일반,772295388,김한수,1,0.0,0.0,"[워리어플랫폼 전투수행기능별 설계방안 연구]
   └ 학회: 한국산학기술학회 (IF: 0.91)"
1018,2023,공학 일반,380099182,Hyeon-Ji Cha,1,0.0,0.0,"[Effects of nutrient supply level on growth performance, blood metabolites, and carcass characteristics of Hanwoo heifers]
   └ 학회: 한국산학기술학회 (IF: 0.91)"
1019,2023,공학 일반,191682688,박태현,1,0.0,0.0,"[충청남도 이차전지 산업 경쟁력 분석 및 발전방안 연구]
   └ 학회: 한국산학기술학회 (IF: 0.91)"
1020,2023,공학 일반,755556720,유재상,1,0.0,0.0,"[올림픽 픽토그램의 형태가 기억에 미치는 영향 -fMRI 실증을 중심으로-]
   └ 학회: 한국산학기술학회 (IF: 0.91)"
1021,2023,공학 일반,901880438,박명철,1,0.0,0.0,"[올림픽 픽토그램의 형태가 기억에 미치는 영향 -fMRI 실증을 중심으로-]
   └ 학회: 한국산학기술학회 (IF: 0.91)"
1022,2023,공학 일반,509008795,배석환,1,0.0,0.0,"[올림픽 픽토그램의 형태가 기억에 미치는 영향 -fMRI 실증을 중심으로-]
   └ 학회: 한국산학기술학회 (IF: 0.91)"
1023,2023,공학 일반,146046551,백준호,1,0.0,0.0,"[대학생의 좌절된 대인관계 욕구가 스마트폰 과의존에 미치는 영향: 스트레스 대처방식의 매개효과 및 조절효과]
   └ 학회: 한국산학기술학회 (IF: 0.91)"
1024,2023,공학 일반,111714465,서미아,1,0.0,0.0,"[대학생의 좌절된 대인관계 욕구가 스마트폰 과의존에 미치는 영향: 스트레스 대처방식의 매개효과 및 조절효과]
   └ 학회: 한국산학기술학회 (IF: 0.91)"
1025,2023,공학 일반,443967953,유지연,1,0.0,0.0,"[경기도 극저신용대출 결정요인 분석]
   └ 학회: 한국산학기술학회 (IF: 0.91)"
1026,2023,공학 일반,126239598,석희정,1,0.0,0.0,"[경기도 극저신용대출 결정요인 분석]
   └ 학회: 한국산학기술학회 (IF: 0.91)"
1027,2023,공학 일반,639972035,최정희,1,0.0,0.0,"[청소년의 건강위험행동이 구강질환증상 경험에 미치는 영향]
   └ 학회: 한국산학기술학회 (IF: 0.91)"
1028,2023,공학 일반,748596150,이미라,1,0.0,0.0,"[청소년의 건강위험행동이 구강질환증상 경험에 미치는 영향]
   └ 학회: 한국산학기술학회 (IF: 0.91)"
1029,2023,공학 일반,598844798,이정수,1,0.0,0.0,"[로봇산업이 지역인구이동 효과 및 임금수준에 미치는 영향: 패널데이터 능형회귀분석을 이용한 영향요인분석]
   └ 학회: 한국산학기술학회 (IF: 0.91)"
1030,2023,공학 일반,446032445,박민정,1,0.0,0.0,"[로봇산업이 지역인구이동 효과 및 임금수준에 미치는 영향: 패널데이터 능형회귀분석을 이용한 영향요인분석]
   └ 학회: 한국산학기술학회 (IF: 0.91)"
1031,2023,공학 일반,507748556,박규희,1,0.0,0.0,"[로봇산업이 지역인구이동 효과 및 임금수준에 미치는 영향: 패널데이터 능형회귀분석을 이용한 영향요인분석]
   └ 학회: 한국산학기술학회 (IF: 0.91)"
1032,2023,공학 일반,295405509,손동섭,1,0.0,0.0,"[로봇산업이 지역인구이동 효과 및 임금수준에 미치는 영향: 패널데이터 능형회귀분석을 이용한 영향요인분석]
   └ 학회: 한국산학기술학회 (IF: 0.91)"
1033,2023,공학 일반,878708577,김윤호,1,0.0,0.0,"[±35kV급 MVDC 실증 배전망의 보호협조기기 운용알고리즘에 관한 연구]
   └ 학회: 한국산학기술학회 (IF: 0.91)"
1034,2023,공학 일반,781361276,임현종,1,0.0,0.0,"[천연물합성 실험에서 유기화합물의 작업환경 노출수준에 관한 연구]
   └ 학회: 한국산학기술학회 (IF: 0.91)"
1035,2023,공학 일반,565399972,구혜란,1,0.0,0.0,"[닭 도체 날개 탈골 검출 알고리즘]
   └ 학회: 한국산학기술학회 (IF: 0.91)"
1036,2023,공학 일반,879465495,이호영,1,0.0,0.0,"[닭 도체 날개 탈골 검출 알고리즘]
   └ 학회: 한국산학기술학회 (IF: 0.91)"
1037,2023,공학 일반,148293671,조성호,1,0.0,0.0,"[닭 도체 날개 탈골 검출 알고리즘]
   └ 학회: 한국산학기술학회 (IF: 0.91)"
1038,2023,공학 일반,473337830,박동민,1,0.0,0.0,"[장갑차 유니버셜 조인트 캡이탈 방지를 위한 와이어 용접강도 개선]
   └ 학회: 한국산학기술학회 (IF: 0.91)"
1039,2023,공학 일반,4676020,김윤석,1,0.0,0.0,"[장갑차 유니버셜 조인트 캡이탈 방지를 위한 와이어 용접강도 개선]
   └ 학회: 한국산학기술학회 (IF: 0.91)"
1040,2023,공학 일반,642466374,장세린,1,0.0,0.0,"[행정중심복합도시 상업지역 보행자전용도로의 이용행태 문제점 분석 및 개선방향]
   └ 학회: 한국산학기술학회 (IF: 0.91)"
1041,2023,공학 일반,421373972,홍성조,1,0.0,0.0,"[행정중심복합도시 상업지역 보행자전용도로의 이용행태 문제점 분석 및 개선방향]
   └ 학회: 한국산학기술학회 (IF: 0.91)"
1042,2023,공학 일반,314498111,홍종유,1,0.0,0.0,"[동적주제도 시스템의 통합 관리를 위한 DB 구축 연구]
   └ 학회: 한국산학기술학회 (IF: 0.91)"
1043,2023,공학 일반,696931253,김성환,1,0.0,0.0,"[동적주제도 시스템의 통합 관리를 위한 DB 구축 연구]
   └ 학회: 한국산학기술학회 (IF: 0.91)"
1044,2023,공학 일반,770073861,김은서,1,0.0,0.0,"[간호대학생의 아동학대 경험, 예방교육 경험, 신고 관련 지식, 아동학대 인식에 따른 방임 인식 수준의 차이]
   └ 학회: 한국산학기술학회 (IF: 0.91)"
1045,2023,공학 일반,713138550,이진우,1,0.0,0.0,"[간호대학생의 아동학대 경험, 예방교육 경험, 신고 관련 지식, 아동학대 인식에 따른 방임 인식 수준의 차이]
   └ 학회: 한국산학기술학회 (IF: 0.91)"
1046,2023,공학 일반,412562851,문하민,1,0.0,0.0,"[간호대학생의 아동학대 경험, 예방교육 경험, 신고 관련 지식, 아동학대 인식에 따른 방임 인식 수준의 차이]
   └ 학회: 한국산학기술학회 (IF: 0.91)"
1047,2023,공학 일반,100551069,조한울,1,0.0,0.0,"[질량비 변화에 따른 산사태 모형으로 인해 발생하는 충격파 특성분석]
   └ 학회: 한국산학기술학회 (IF: 0.91)"
1048,2023,공학 일반,859563364,이호진,1,0.0,0.0,"[질량비 변화에 따른 산사태 모형으로 인해 발생하는 충격파 특성분석]
   └ 학회: 한국산학기술학회 (IF: 0.91)"
1049,2023,공학 일반,397782353,김성덕,1,0.0,0.0,"[질량비 변화에 따른 산사태 모형으로 인해 발생하는 충격파 특성분석]
   └ 학회: 한국산학기술학회 (IF: 0.91)"
1050,2023,공학 일반,5229191,이선경,1,0.0,0.0,"[웹 3.0 시대 환경 변화에 따른 차세대 분산형 스토리지 프로젝트 비교분석 -BTFS(Bit Torrent File System)을 중심으로-]
   └ 학회: 한국산학기술학회 (IF: 0.91)"
1051,2023,공학 일반,115458633,김종성,1,0.0,0.0,"[웹 3.0 시대 환경 변화에 따른 차세대 분산형 스토리지 프로젝트 비교분석 -BTFS(Bit Torrent File System)을 중심으로-]
   └ 학회: 한국산학기술학회 (IF: 0.91)"
1052,2023,공학 일반,967232356,정세희,1,0.0,0.0,"[웹 3.0 시대 환경 변화에 따른 차세대 분산형 스토리지 프로젝트 비교분석 -BTFS(Bit Torrent File System)을 중심으로-]
   └ 학회: 한국산학기술학회 (IF: 0.91)"
1053,2023,공학 일반,867792549,서정민,1,0.0,0.0,"[스마트 부이로봇의 추진기 고장 감지 및 위치제어에 관한 연구]
   └ 학회: 한국산학기술학회 (IF: 0.91)"
1054,2023,공학 일반,171681325,남경화,1,0.0,0.0,"[국내 성인 녹내장 환자의 건강관련 삶의 질 관련요인: 제7기(2016-2018) 국민건강영양조사 자료 활용]
   └ 학회: 한국산학기술학회 (IF: 0.91)"
1055,2023,공학 일반,803654323,배선형,1,0.0,0.0,"[국내 성인 녹내장 환자의 건강관련 삶의 질 관련요인: 제7기(2016-2018) 국민건강영양조사 자료 활용]
   └ 학회: 한국산학기술학회 (IF: 0.91)"
1056,2023,공학 일반,440195646,이휘재,1,0.0,0.0,"[SoC 반도체 모듈화 개발형태가 조직 효과성에 미치는 영향에 관한 연구]
   └ 학회: 한국산학기술학회 (IF: 0.91)"
1057,2023,공학 일반,335884227,이정훈,1,0.0,0.0,"[SoC 반도체 모듈화 개발형태가 조직 효과성에 미치는 영향에 관한 연구]
   └ 학회: 한국산학기술학회 (IF: 0.91)"
1058,2023,공학 일반,5253298,임정빈,1,0.0,0.0,"[대학의 기술지식 생산 속성 및 동적 변화 분석]
   └ 학회: 한국산학기술학회 (IF: 0.91)"
1059,2023,공학 일반,666155904,문광태,1,0.0,0.0,"[척수손상 장애인의 독립적인 일상생활 활동을 위한 음성인식 웨어러블 디바이스 도출: 포커스 그룹 인터뷰]
   └ 학회: 한국산학기술학회 (IF: 0.91)"
1060,2023,공학 일반,170200504,배진,1,0.0,0.0,"[전투기 능동위상배열 안테나의 신뢰도 분석을 위한 송수신모듈 허용 고장 기준 설정 방안 연구]
   └ 학회: 한국산학기술학회 (IF: 0.91)"
1061,2023,공학 일반,286361858,김종수,1,0.0,0.0,"[전투기 능동위상배열 안테나의 신뢰도 분석을 위한 송수신모듈 허용 고장 기준 설정 방안 연구]
   └ 학회: 한국산학기술학회 (IF: 0.91)"
1062,2023,공학 일반,909271058,박홍우,1,0.0,0.0,"[전투기 능동위상배열 안테나의 신뢰도 분석을 위한 송수신모듈 허용 고장 기준 설정 방안 연구]
   └ 학회: 한국산학기술학회 (IF: 0.91)"
1063,2023,공학 일반,979537158,최효준,1,0.0,0.0,"[공공시설의 접근성 분석을 통한 서비스 이용 가능 범위 분석 연구 - 청주시를 대상으로]
   └ 학회: 한국산학기술학회 (IF: 0.91)"
1064,2023,공학 일반,796672376,이종연,1,0.0,0.0,"[공공시설의 접근성 분석을 통한 서비스 이용 가능 범위 분석 연구 - 청주시를 대상으로]
   └ 학회: 한국산학기술학회 (IF: 0.91)"
1065,2023,공학 일반,197251003,조민경,1,0.0,0.0,"[공공시설의 접근성 분석을 통한 서비스 이용 가능 범위 분석 연구 - 청주시를 대상으로]
   └ 학회: 한국산학기술학회 (IF: 0.91)"
1066,2023,공학 일반,511205015,정경연,1,0.0,0.0,"[공공시설의 접근성 분석을 통한 서비스 이용 가능 범위 분석 연구 - 청주시를 대상으로]
   └ 학회: 한국산학기술학회 (IF: 0.91)"
1067,2023,공학 일반,854233121,김정인,1,0.0,0.0,"[탑상형, 판상형, 혼합형 공동주택단지의 배치유형별 바람길 효용성 분석: CFD 시뮬레이션을 기반으로]
   └ 학회: 한국산학기술학회 (IF: 0.91)"
1068,2023,공학 일반,130963894,이건원,1,0.0,0.0,"[탑상형, 판상형, 혼합형 공동주택단지의 배치유형별 바람길 효용성 분석: CFD 시뮬레이션을 기반으로]
   └ 학회: 한국산학기술학회 (IF: 0.91)"
1069,2023,공학 일반,490015439,이하린,1,0.0,0.0,"[경력자본에 관한 연구동향 분석: 국내 · 외 학술지를 중심으로]
   └ 학회: 한국산학기술학회 (IF: 0.91)"
1070,2023,공학 일반,701760196,장운민,1,0.0,0.0,"[경력자본에 관한 연구동향 분석: 국내 · 외 학술지를 중심으로]
   └ 학회: 한국산학기술학회 (IF: 0.91)"
1071,2023,공학 일반,779403636,김지수,1,0.0,0.0,"[경력자본에 관한 연구동향 분석: 국내 · 외 학술지를 중심으로]
   └ 학회: 한국산학기술학회 (IF: 0.91)"
1072,2023,공학 일반,552382760,박초롱,1,0.0,0.0,"[도심항공교통(UAM: Urban Air Mobility)의 인프라 구축을 위한 기존 고층건축물 헬리포트 활용 및 위치 선정 방안 연구]
   └ 학회: 한국산학기술학회 (IF: 0.91)"
1073,2023,공학 일반,863630803,이재욱,1,0.0,0.0,"[도심항공교통(UAM: Urban Air Mobility)의 인프라 구축을 위한 기존 고층건축물 헬리포트 활용 및 위치 선정 방안 연구]
   └ 학회: 한국산학기술학회 (IF: 0.91)"
1074,2023,공학 일반,582859191,손동욱,1,0.0,0.0,"[도심항공교통(UAM: Urban Air Mobility)의 인프라 구축을 위한 기존 고층건축물 헬리포트 활용 및 위치 선정 방안 연구]
   └ 학회: 한국산학기술학회 (IF: 0.91)"
1075,2023,공학 일반,5345423,백청강,1,0.0,0.0,"[웰에이징 교수자의 자기성찰지능이 교육역량에 미치는 영향]
   └ 학회: 한국산학기술학회 (IF: 0.91)"
1076,2023,공학 일반,964830757,구진희,1,0.0,0.0,"[웰에이징 교수자의 자기성찰지능이 교육역량에 미치는 영향]
   └ 학회: 한국산학기술학회 (IF: 0.91)"
1077,2023,공학 일반,703553963,송현동,1,0.0,0.0,"[웰에이징 전문가의 장례문화사업 교육운영 인식 연구]
   └ 학회: 한국산학기술학회 (IF: 0.91)"
1078,2023,공학 일반,327216191,김두리,1,0.0,0.0,"[웰에이징 전문가의 장례문화사업 교육운영 인식 연구]
   └ 학회: 한국산학기술학회 (IF: 0.91)"
1079,2023,공학 일반,252546601,김주나,1,0.0,0.0,"[병원근로자의 일터 영성이 개인의 회복탄력성에 미치는 영향]
   └ 학회: 한국산학기술학회 (IF: 0.91)"
1080,2023,공학 일반,675451751,서영준,1,0.0,0.0,"[병원근로자의 일터 영성이 개인의 회복탄력성에 미치는 영향]
   └ 학회: 한국산학기술학회 (IF: 0.91)"
1081,2023,공학 일반,514009929,장석우,1,0.0,0.0,"[거주시설 단지망에 대한 사이버 공격포인트 연구]
   └ 학회: 한국산학기술학회 (IF: 0.91)"
1082,2023,공학 일반,745196097,성종현,1,0.0,0.0,"[디지털 미디어 기업육성과 커뮤니케이션을 위한 클러스터 구축 계획방안 연구 -경상북도 사례를 중심으로-]
   └ 학회: 한국산학기술학회 (IF: 0.91)"
1083,2023,공학 일반,2087613,이상규,1,0.0,0.0,"[가상현실 기반 대심도 시뮬레이션의 사용자 만족에 영향을 미치는 요인에 관한 연구]
   └ 학회: 한국산학기술학회 (IF: 0.91)"
1084,2023,공학 일반,867190125,신창용,1,0.0,0.0,"[하이브리드 사용자 클러스터로의 동시 전송을 위한 다중안테나 기반 비직교 다중접속]
   └ 학회: 한국산학기술학회 (IF: 0.91)"
1085,2023,공학 일반,480489446,안수진,1,0.0,0.0,"[Kano 모델과 QFD를 활용한 수소 차단밸브의 감성품질 핵심요인에 관한 연구]
   └ 학회: 한국산학기술학회 (IF: 0.91)"
1086,2023,공학 일반,109615434,김채수,1,0.0,0.0,"[Kano 모델과 QFD를 활용한 수소 차단밸브의 감성품질 핵심요인에 관한 연구]
   └ 학회: 한국산학기술학회 (IF: 0.91)"
1087,2023,공학 일반,174814458,아비도프 아지즈 슈쿠로비치,1,0.0,0.0,"[기포 유동층 연소로에서 유기성 슬러지와 역청탄 혼합 연소 특성]
   └ 학회: 한국산학기술학회 (IF: 0.91)"
1088,2023,공학 일반,430691069,이찬주,1,0.0,0.0,"[식생 활착 여부에 따른 식생 매트-망태형 호안재료의 수리학적 성능 평가]
   └ 학회: 한국산학기술학회 (IF: 0.91)"
1089,2023,공학 일반,876843308,김명환,1,0.0,0.0,"[식생 활착 여부에 따른 식생 매트-망태형 호안재료의 수리학적 성능 평가]
   └ 학회: 한국산학기술학회 (IF: 0.91)"
1090,2023,공학 일반,736816288,김성중,1,0.0,0.0,"[식생 활착 여부에 따른 식생 매트-망태형 호안재료의 수리학적 성능 평가]
   └ 학회: 한국산학기술학회 (IF: 0.91)"
1091,2023,공학 일반,601994387,김동구,1,0.0,0.0,"[식생 활착 여부에 따른 식생 매트-망태형 호안재료의 수리학적 성능 평가]
   └ 학회: 한국산학기술학회 (IF: 0.91)"
1092,2023,공학 일반,853883414,황지애,1,0.0,0.0,"[예비유아교사의 대인불안과 놀이성이 대인관계에 미치는 영향]
   └ 학회: 한국산학기술학회 (IF: 0.91)"
1093,2023,공학 일반,450368115,유현철,1,0.0,0.0,"[질식재해 예방을 위한 맨홀 관리시스템 필요성에 대한 연구]
   └ 학회: 한국산학기술학회 (IF: 0.91)"
1094,2023,공학 일반,220022659,김영경,1,0.0,0.0,"[모의 일-가정 갈등, 모의 전반적 행복감, 아동의 문제행동, 아동의 학교적응에 대한 구조적 관계]
   └ 학회: 한국산학기술학회 (IF: 0.91)"
1095,2023,공학 일반,681752050,김희주,1,0.0,0.0,"[제 2형 당뇨병 근로자의 혈당조절에 영향을 주는 생활습관요인: 2016~2020 국민건강영양조사 자료를 이용하여]
   └ 학회: 한국산학기술학회 (IF: 0.91)"
1096,2023,공학 일반,307144625,부유경,1,0.0,0.0,"[제 2형 당뇨병 근로자의 혈당조절에 영향을 주는 생활습관요인: 2016~2020 국민건강영양조사 자료를 이용하여]
   └ 학회: 한국산학기술학회 (IF: 0.91)"
1097,2023,공학 일반,521515885,강문식,1,0.0,0.0,"[레이더 체계 운용데이터 기반 냉매 누설 사전 감지 연구]
   └ 학회: 한국산학기술학회 (IF: 0.91)"
1098,2023,공학 일반,940186035,노웅석,1,0.0,0.0,"[레이더 체계 운용데이터 기반 냉매 누설 사전 감지 연구]
   └ 학회: 한국산학기술학회 (IF: 0.91)"
1099,2023,공학 일반,785084991,강태호,1,0.0,0.0,"[레이더 체계 운용데이터 기반 냉매 누설 사전 감지 연구]
   └ 학회: 한국산학기술학회 (IF: 0.91)"
1100,2023,공학 일반,815533358,전건수,1,0.0,0.0,"[레이더 체계 운용데이터 기반 냉매 누설 사전 감지 연구]
   └ 학회: 한국산학기술학회 (IF: 0.91)"
1101,2023,공학 일반,136887633,남재우,1,0.0,0.0,"[메타버스를 활용한 대학 강의 수용요인에 관한 연구]
   └ 학회: 한국산학기술학회 (IF: 0.91)"
1102,2023,공학 일반,399422380,김형준,1,0.0,0.0,"[15분 도시의 개념과 적용에 관한 연구]
   └ 학회: 한국산학기술학회 (IF: 0.91)"
1103,2023,공학 일반,412429726,최옥분,1,0.0,0.0,"[베이비부머 세대의 웰다잉 준비인식에 미치는 삶의 질의 영향]
   └ 학회: 한국산학기술학회 (IF: 0.91)"
1104,2023,공학 일반,5356113,문승진,1,0.0,0.0,"[대주주 기관투자자는 기업투자에 영향을 미치는가?]
   └ 학회: 한국산학기술학회 (IF: 0.91)"
1105,2023,공학 일반,878350091,허성호,1,0.0,0.0,"[지속가능성 의식과 조직 호감성, 조직 가치성이 조직 평판성에 미치는 영향 분석: 사회적 기업가정신과 ESG 환경의 MO-ABC 모형을 중심으로]
   └ 학회: 한국산학기술학회 (IF: 0.91)"
1106,2023,공학 일반,787023113,남광식,1,0.0,0.0,"[시스템다이나믹스를 활용한 도태예정장비 수리부속 적정 구매중단시점 산정 연구]
   └ 학회: 한국산학기술학회 (IF: 0.91)"
1107,2023,공학 일반,483682296,이중호,1,0.0,0.0,"[어깨관절 모음근 강화훈련이 어깨 주위 근육의 근력 향상에 미치는 영향]
   └ 학회: 한국산학기술학회 (IF: 0.91)"
1108,2023,공학 일반,338842669,김경인,1,0.0,0.0,"[인간 섬유아세포 및 인간 각질형성세포에 대한 코브라 오일의 주름개선 및 노화 방지 효과]
   └ 학회: 한국산학기술학회 (IF: 0.91)"
1109,2023,공학 일반,609591866,윤보섭,1,0.0,0.0,"[인간 섬유아세포 및 인간 각질형성세포에 대한 코브라 오일의 주름개선 및 노화 방지 효과]
   └ 학회: 한국산학기술학회 (IF: 0.91)"
1110,2023,공학 일반,309672155,최영훈,1,0.0,0.0,"[인간 섬유아세포 및 인간 각질형성세포에 대한 코브라 오일의 주름개선 및 노화 방지 효과]
   └ 학회: 한국산학기술학회 (IF: 0.91)"
1111,2023,공학 일반,489079322,이진우,1,0.0,0.0,"[인간 섬유아세포 및 인간 각질형성세포에 대한 코브라 오일의 주름개선 및 노화 방지 효과]
   └ 학회: 한국산학기술학회 (IF: 0.91)"
1112,2023,공학 일반,483561661,김수남,1,0.0,0.0,"[인간 섬유아세포 및 인간 각질형성세포에 대한 코브라 오일의 주름개선 및 노화 방지 효과]
   └ 학회: 한국산학기술학회 (IF: 0.91)"
1113,2023,공학 일반,539842674,강소라,1,0.0,0.0,"[온라인 중고제품 가치지각, 구매만족 그리고 신제품 구매의도간 관계]
   └ 학회: 한국산학기술학회 (IF: 0.91)"
1114,2023,공학 일반,443051,한수진,1,0.0,0.0,"[온라인 중고제품 가치지각, 구매만족 그리고 신제품 구매의도간 관계]
   └ 학회: 한국산학기술학회 (IF: 0.91)"
1115,2023,공학 일반,945957572,김원빈,1,0.0,0.0,"[영농형 태양광 마을공동사업에 대한 농가 참여 의향 요인분석]
   └ 학회: 한국산학기술학회 (IF: 0.91)"
1116,2023,공학 일반,5356120,엄지범,1,0.0,0.0,"[영농형 태양광 마을공동사업에 대한 농가 참여 의향 요인분석]
   └ 학회: 한국산학기술학회 (IF: 0.91)"
1117,2023,공학 일반,910141127,이승현,1,0.0,0.0,"[여자 단거리 핀수영 선수와 수영 선수의 기초체력과 무산소성파워 및 등속성 근기능의 비교 분석]
   └ 학회: 한국산학기술학회 (IF: 0.91)"
1118,2023,공학 일반,681118605,황병권,1,0.0,0.0,"[중소기업의 조직공정성이 경영성과에 미치는 영향: 기술혁신역량의 매개효과 중심으로]
   └ 학회: 한국산학기술학회 (IF: 0.91)"
1119,2023,공학 일반,498007208,현병환,1,0.0,0.0,"[중소기업의 조직공정성이 경영성과에 미치는 영향: 기술혁신역량의 매개효과 중심으로]
   └ 학회: 한국산학기술학회 (IF: 0.91)"
1120,2023,공학 일반,766765472,한창운,1,0.0,0.0,"[개별 블레이드 피치제어용 전기식 작동기 치명부품 분석]
   └ 학회: 한국산학기술학회 (IF: 0.91)"
1121,2023,공학 일반,808328178,최현지,1,0.0,0.0,"[인산분해효소 첨가에 따른 1주령 육계의 맹장 내 에너지 대사 관련 유전자 발현에 미치는 영향]
   └ 학회: 한국산학기술학회 (IF: 0.91)"
1122,2023,공학 일반,681407334,김희진,1,0.0,0.0,"[인산분해효소 첨가에 따른 1주령 육계의 맹장 내 에너지 대사 관련 유전자 발현에 미치는 영향]
   └ 학회: 한국산학기술학회 (IF: 0.91)"
1123,2023,공학 일반,288093469,차지혜,1,0.0,0.0,"[인산분해효소 첨가에 따른 1주령 육계의 맹장 내 에너지 대사 관련 유전자 발현에 미치는 영향]
   └ 학회: 한국산학기술학회 (IF: 0.91)"
1124,2023,공학 일반,479671725,조현우,1,0.0,0.0,"[저항전분 함량이 높은 옥수수의 급여가 비글의 장내 미생물 환경 및 기능 변화에 미치는 영향]
   └ 학회: 한국산학기술학회 (IF: 0.91)"
1125,2023,공학 일반,408444769,서강민,1,0.0,0.0,"[저항전분 함량이 높은 옥수수의 급여가 비글의 장내 미생물 환경 및 기능 변화에 미치는 영향]
   └ 학회: 한국산학기술학회 (IF: 0.91)"
1126,2023,공학 일반,343602350,박준수,1,0.0,0.0,"[중량조끼를 착용한 전신진동 운동이 노인들의 다리 근두께, 균형능력 및 기능적 이동성에 미치는 영향]
   └ 학회: 한국산학기술학회 (IF: 0.91)"
1127,2023,공학 일반,430573139,박대현,1,0.0,0.0,"[중량조끼를 착용한 전신진동 운동이 노인들의 다리 근두께, 균형능력 및 기능적 이동성에 미치는 영향]
   └ 학회: 한국산학기술학회 (IF: 0.91)"
1128,2023,공학 일반,954714577,강태욱,1,0.0,0.0,"[건축물 부재 역설계를 위한 반자동 Scan to BIM 기술 연구]
   └ 학회: 한국산학기술학회 (IF: 0.91)"
1129,2023,공학 일반,716130560,문인오,1,0.0,0.0,"[간호대학생의 환자안전역량과 환자안전관리 실천과의 관계에서 시스템 사고와 환자안전 의사소통역량의 매개효과]
   └ 학회: 한국산학기술학회 (IF: 0.91)"
1130,2023,공학 일반,505869164,류정림,1,0.0,0.0,"[간호대학생의 환자안전역량과 환자안전관리 실천과의 관계에서 시스템 사고와 환자안전 의사소통역량의 매개효과]
   └ 학회: 한국산학기술학회 (IF: 0.91)"
1131,2023,공학 일반,129715621,황정이,1,0.0,0.0,"[중증 발달장애 아동 음악치료사의 음악 개입 경험 : 도전적 행동을 중심으로]
   └ 학회: 한국산학기술학회 (IF: 0.91)"
1132,2023,공학 일반,873435580,박지원,1,0.0,0.0,"[중증 발달장애 아동 음악치료사의 음악 개입 경험 : 도전적 행동을 중심으로]
   └ 학회: 한국산학기술학회 (IF: 0.91)"
1133,2023,공학 일반,967512799,문소영,1,0.0,0.0,"[중증 발달장애 아동 음악치료사의 음악 개입 경험 : 도전적 행동을 중심으로]
   └ 학회: 한국산학기술학회 (IF: 0.91)"
1134,2023,공학 일반,322816508,서청정,1,0.0,0.0,"[제로트러스트 네트워크 기반 기업 업무시스템 보안성 강화 연구]
   └ 학회: 한국산학기술학회 (IF: 0.91)"
1135,2023,공학 일반,607351581,임건표,1,0.0,0.0,"[리튬이온배터리의 화재 감지, 방지 및 소화 방법에 관한 실증연구]
   └ 학회: 한국산학기술학회 (IF: 0.91)"
1136,2023,공학 일반,597459065,김미성,1,0.0,0.0,"[리튬이온배터리의 화재 감지, 방지 및 소화 방법에 관한 실증연구]
   └ 학회: 한국산학기술학회 (IF: 0.91)"
1137,2023,공학 일반,123554377,김성수,1,0.0,0.0,"[도심항공교통(UAM) 항공기의 감항을 위한 안전성 평가 프로세스 연구]
   └ 학회: 한국산학기술학회 (IF: 0.91)"
1138,2023,공학 일반,916866382,조홍우,1,0.0,0.0,"[SOPTD 프로세스의 외란억제용 IMC 기반 2 DOF PIDC 제어기 설계]
   └ 학회: 한국산학기술학회 (IF: 0.91)"
1139,2023,공학 일반,622445871,박근형,1,0.0,0.0,"[SOPTD 프로세스의 외란억제용 IMC 기반 2 DOF PIDC 제어기 설계]
   └ 학회: 한국산학기술학회 (IF: 0.91)"
1140,2023,공학 일반,174058778,소건백,1,0.0,0.0,"[SOPTD 프로세스의 외란억제용 IMC 기반 2 DOF PIDC 제어기 설계]
   └ 학회: 한국산학기술학회 (IF: 0.91)"
1141,2023,공학 일반,972840396,이찬하,1,0.0,0.0,"[SOPTD 프로세스의 외란억제용 IMC 기반 2 DOF PIDC 제어기 설계]
   └ 학회: 한국산학기술학회 (IF: 0.91)"
1142,2023,공학 일반,664911294,소명옥,1,0.0,0.0,"[SOPTD 프로세스의 외란억제용 IMC 기반 2 DOF PIDC 제어기 설계]
   └ 학회: 한국산학기술학회 (IF: 0.91)"
1143,2023,공학 일반,365107601,이종인,1,0.0,0.0,"[압출 공정온도와 스크류 조합에 따른 자원 순환형 탄소필러기반 폴리아마이드66 복합소재의 열전도도 및 기계적 물성]
   └ 학회: 한국산학기술학회 (IF: 0.91)"
1144,2023,공학 일반,594764239,양세준,1,0.0,0.0,"[압출 공정온도와 스크류 조합에 따른 자원 순환형 탄소필러기반 폴리아마이드66 복합소재의 열전도도 및 기계적 물성]
   └ 학회: 한국산학기술학회 (IF: 0.91)"
1145,2023,공학 일반,370123270,최인규,1,0.0,0.0,"[압출 공정온도와 스크류 조합에 따른 자원 순환형 탄소필러기반 폴리아마이드66 복합소재의 열전도도 및 기계적 물성]
   └ 학회: 한국산학기술학회 (IF: 0.91)"
1146,2023,공학 일반,901433065,오승주,1,0.0,0.0,"[압출 공정온도와 스크류 조합에 따른 자원 순환형 탄소필러기반 폴리아마이드66 복합소재의 열전도도 및 기계적 물성]
   └ 학회: 한국산학기술학회 (IF: 0.91)"
1147,2023,공학 일반,403859390,남병욱,1,0.0,0.0,"[압출 공정온도와 스크류 조합에 따른 자원 순환형 탄소필러기반 폴리아마이드66 복합소재의 열전도도 및 기계적 물성]
   └ 학회: 한국산학기술학회 (IF: 0.91)"
1148,2023,공학 일반,433888394,오원준,1,0.0,0.0,"[기반시설의 선제적 유지관리를 위한 방법론 개발]
   └ 학회: 한국산학기술학회 (IF: 0.91)"
1149,2023,공학 일반,295905961,조중연,1,0.0,0.0,"[기반시설의 선제적 유지관리를 위한 방법론 개발]
   └ 학회: 한국산학기술학회 (IF: 0.91)"
1150,2023,공학 일반,921351739,이민재,1,0.0,0.0,"[기반시설의 선제적 유지관리를 위한 방법론 개발]
   └ 학회: 한국산학기술학회 (IF: 0.91)"
1151,2023,공학 일반,608681581,박정호,1,0.0,0.0,"[소프트웨어 품질검증체계의 양산단계 소프트웨어 기술변경 적용 확대에 따른 품질관리 강화 방안 연구]
   └ 학회: 한국산학기술학회 (IF: 0.91)"
1152,2023,공학 일반,321670209,서진배,1,0.0,0.0,"[공공기관 조직원의 ESG 관련 제언 행동에 관한 연구: ESG 인식과 협력 지향성 관점에서]
   └ 학회: 한국산학기술학회 (IF: 0.91)"
1153,2023,공학 일반,741577608,차수봉,1,0.0,0.0,"[공공기관 조직원의 ESG 관련 제언 행동에 관한 연구: ESG 인식과 협력 지향성 관점에서]
   └ 학회: 한국산학기술학회 (IF: 0.91)"
1154,2023,공학 일반,670907705,윤재복,1,0.0,0.0,"[산악지형 조건을 고려한 복합형 CFAR 적용에 관한 연구]
   └ 학회: 한국산학기술학회 (IF: 0.91)"
1155,2023,공학 일반,378863654,김성균,1,0.0,0.0,"[산악지형 조건을 고려한 복합형 CFAR 적용에 관한 연구]
   └ 학회: 한국산학기술학회 (IF: 0.91)"
1156,2023,공학 일반,426454447,오세홍,1,0.0,0.0,"[요제프 2세의 개혁이 모차르트에게 미친 영향]
   └ 학회: 한국산학기술학회 (IF: 0.91)"
1157,2023,공학 일반,5097071,김성천,1,0.0,0.0,"[스타트업의 외부환경과 경쟁력이 경영성과에 미치는 영향: 정부의 창업지원의 조절효과를 중심으로]
   └ 학회: 한국산학기술학회 (IF: 0.91)"
1158,2023,공학 일반,708481509,황희곤,1,0.0,0.0,"[스타트업의 외부환경과 경쟁력이 경영성과에 미치는 영향: 정부의 창업지원의 조절효과를 중심으로]
   └ 학회: 한국산학기술학회 (IF: 0.91)"
1159,2023,공학 일반,729005439,김상재,1,0.0,0.0,"[GPS기반 콜드체인 물류 추적 관제센터 웹서버구축에 관한 연구]
   └ 학회: 한국산학기술학회 (IF: 0.91)"
1160,2023,공학 일반,132646833,송영진,1,0.0,0.0,"[GPS기반 콜드체인 물류 추적 관제센터 웹서버구축에 관한 연구]
   └ 학회: 한국산학기술학회 (IF: 0.91)"
1161,2023,공학 일반,831181957,영덩톨,1,0.0,0.0,"[온라인 쇼핑몰 만족도가 재구매에 미치는 영향 -몽골 소비자 중심으로-]
   └ 학회: 한국산학기술학회 (IF: 0.91)"
1162,2023,공학 일반,868509803,강태구,1,0.0,0.0,"[온라인 쇼핑몰 만족도가 재구매에 미치는 영향 -몽골 소비자 중심으로-]
   └ 학회: 한국산학기술학회 (IF: 0.91)"
1163,2023,공학 일반,919881119,박중화,1,0.0,0.0,"[부력방탄복의 시험방법 개선에 관한 연구]
   └ 학회: 한국산학기술학회 (IF: 0.91)"
1164,2023,공학 일반,629914950,박호연,1,0.0,0.0,"[부력방탄복의 시험방법 개선에 관한 연구]
   └ 학회: 한국산학기술학회 (IF: 0.91)"
1165,2023,공학 일반,112604990,금연욱,1,0.0,0.0,"[반도체 장비 기업의 유형별 혁신 속성 및 기술지식 영향력 요인 연구]
   └ 학회: 한국산학기술학회 (IF: 0.91)"
1166,2023,공학 일반,676209265,이인희,1,0.0,0.0,"[메디컬에스테틱의 서비스스케이프가 관계지속의도와 고객신뢰에 미치는 영향]
   └ 학회: 한국산학기술학회 (IF: 0.91)"
1167,2023,공학 일반,193428256,박의현,1,0.0,0.0,"[메디컬에스테틱의 서비스스케이프가 관계지속의도와 고객신뢰에 미치는 영향]
   └ 학회: 한국산학기술학회 (IF: 0.91)"
1168,2023,공학 일반,666437000,홍순중,1,0.0,0.0,"[트랙터 부착형 양파 줄기절단기 개발에 관한 기초 연구]
   └ 학회: 한국산학기술학회 (IF: 0.91)"
1169,2023,공학 일반,655871763,백이,1,0.0,0.0,"[트랙터 부착형 양파 줄기절단기 개발에 관한 기초 연구]
   └ 학회: 한국산학기술학회 (IF: 0.91)"
1170,2023,공학 일반,918141836,강동현,1,0.0,0.0,"[트랙터 부착형 양파 줄기절단기 개발에 관한 기초 연구]
   └ 학회: 한국산학기술학회 (IF: 0.91)"
1171,2023,공학 일반,642452703,김효철,1,0.0,0.0,"[트랙터 부착형 양파 줄기절단기 개발에 관한 기초 연구]
   └ 학회: 한국산학기술학회 (IF: 0.91)"
1172,2023,공학 일반,253392684,이상희,1,0.0,0.0,"[트랙터 부착형 양파 줄기절단기 개발에 관한 기초 연구]
   └ 학회: 한국산학기술학회 (IF: 0.91)"
1173,2023,공학 일반,264352051,문석표,1,0.0,0.0,"[트랙터 부착형 양파 줄기절단기 개발에 관한 기초 연구]
   └ 학회: 한국산학기술학회 (IF: 0.91)"
1174,2023,공학 일반,322094607,민병규,1,0.0,0.0,"[트랙터 부착형 양파 줄기절단기 개발에 관한 기초 연구]
   └ 학회: 한국산학기술학회 (IF: 0.91)"
1175,2023,공학 일반,983582758,남영조,1,0.0,0.0,"[트랙터 부착형 양파 줄기절단기 개발에 관한 기초 연구]
   └ 학회: 한국산학기술학회 (IF: 0.91)"
1176,2023,공학 일반,422554953,권승귀,1,0.0,0.0,"[트랙터 부착형 양파 줄기절단기 개발에 관한 기초 연구]
   └ 학회: 한국산학기술학회 (IF: 0.91)"
1177,2023,공학 일반,881078576,김동억,1,0.0,0.0,"[트랙터 부착형 양파 줄기절단기 개발에 관한 기초 연구]
   └ 학회: 한국산학기술학회 (IF: 0.91)"
1178,2023,공학 일반,622807437,전효진,1,0.0,0.0,"[6G 이동통신 연구개발 동향분석 및 발전방안 연구 -미래 국방사업 적용방안-]
   └ 학회: 한국산학기술학회 (IF: 0.91)"
1179,2023,공학 일반,922929871,김건태,1,0.0,0.0,"[SCM을 활용한 군수품 공급업체 리스크 관리 체계 구축 연구]
   └ 학회: 한국산학기술학회 (IF: 0.91)"
1180,2023,공학 일반,304107692,나라별,1,0.0,0.0,"[SCM을 활용한 군수품 공급업체 리스크 관리 체계 구축 연구]
   └ 학회: 한국산학기술학회 (IF: 0.91)"
1181,2023,공학 일반,214480968,김민선,1,0.0,0.0,"[후기 청소년기 이주배경 청소년 상담 및 진로지원 프로그램 개발을 위한 예비 연구: 이주배경 청소년 지원기관 관계자 인터뷰를 중심으로]
   └ 학회: 한국산학기술학회 (IF: 0.91)"
1182,2023,공학 일반,231322893,송영호,1,0.0,0.0,"[후기 청소년기 이주배경 청소년 상담 및 진로지원 프로그램 개발을 위한 예비 연구: 이주배경 청소년 지원기관 관계자 인터뷰를 중심으로]
   └ 학회: 한국산학기술학회 (IF: 0.91)"
1183,2023,공학 일반,918985336,박지영,1,0.0,0.0,"[게임 활동이 만 5세 유아의 인지적, 정서적 실행기능에 미치는 영향]
   └ 학회: 한국산학기술학회 (IF: 0.91)"
1184,2023,공학 일반,164416533,김용숙,1,0.0,0.0,"[게임 활동이 만 5세 유아의 인지적, 정서적 실행기능에 미치는 영향]
   └ 학회: 한국산학기술학회 (IF: 0.91)"
1185,2023,공학 일반,287923540,박은하,1,0.0,0.0,"[스마트폰 과의존과 청소년 애착 연구 동향]
   └ 학회: 한국산학기술학회 (IF: 0.91)"
1186,2023,공학 일반,740709183,유동주,1,0.0,0.0,"[친환경 전기자동차 고전압 절연안정성 측정시스템에 관한 연구]
   └ 학회: 한국산학기술학회 (IF: 0.91)"
1187,2023,공학 일반,126658522,채현병,1,0.0,0.0,"[친환경 전기자동차 고전압 절연안정성 측정시스템에 관한 연구]
   └ 학회: 한국산학기술학회 (IF: 0.91)"
1188,2023,공학 일반,248098099,류기탁,1,0.0,0.0,"[직접토크제어를 이용한 저압용 친환경 선박 추진 전동기의 속도제어]
   └ 학회: 한국산학기술학회 (IF: 0.91)"
1189,2023,공학 일반,542602771,이윤형,1,0.0,0.0,"[직접토크제어를 이용한 저압용 친환경 선박 추진 전동기의 속도제어]
   └ 학회: 한국산학기술학회 (IF: 0.91)"
1190,2023,공학 일반,253827175,추태호,1,0.0,0.0,"[로지스틱 회귀분석과 다중회귀분석을 활용한 부산, 가덕도, 거제도의 조위예측력 평가에 관한 연구]
   └ 학회: 한국산학기술학회 (IF: 0.91)"
1191,2023,공학 일반,400767532,김종구,1,0.0,0.0,"[로지스틱 회귀분석과 다중회귀분석을 활용한 부산, 가덕도, 거제도의 조위예측력 평가에 관한 연구]
   └ 학회: 한국산학기술학회 (IF: 0.91)"
1192,2023,공학 일반,927832536,박원석,1,0.0,0.0,"[로지스틱 회귀분석과 다중회귀분석을 활용한 부산, 가덕도, 거제도의 조위예측력 평가에 관한 연구]
   └ 학회: 한국산학기술학회 (IF: 0.91)"
1193,2023,공학 일반,949284662,최현구,1,0.0,0.0,"[로지스틱 회귀분석과 다중회귀분석을 활용한 부산, 가덕도, 거제도의 조위예측력 평가에 관한 연구]
   └ 학회: 한국산학기술학회 (IF: 0.91)"
1194,2023,공학 일반,724642033,전태식,1,0.0,0.0,"[국내 테러 대응체계 및 개선방안에 관한 연구 -사이버테러를 중심으로-]
   └ 학회: 한국산학기술학회 (IF: 0.91)"
1195,2023,공학 일반,380146397,김찬우,1,0.0,0.0,"[국내 테러 대응체계 및 개선방안에 관한 연구 -사이버테러를 중심으로-]
   └ 학회: 한국산학기술학회 (IF: 0.91)"
1196,2023,공학 일반,403019601,하정희,1,0.0,0.0,"[한국성인의 선호색이 스트레스 반응과 충동성에 미치는 영향]
   └ 학회: 한국산학기술학회 (IF: 0.91)"
1197,2023,공학 일반,898924193,주리애,1,0.0,0.0,"[한국성인의 선호색이 스트레스 반응과 충동성에 미치는 영향]
   └ 학회: 한국산학기술학회 (IF: 0.91)"
1198,2023,공학 일반,887775973,김석준,1,0.0,0.0,"[한국성인의 선호색이 스트레스 반응과 충동성에 미치는 영향]
   └ 학회: 한국산학기술학회 (IF: 0.91)"
1199,2023,공학 일반,301246313,조인경,1,0.0,0.0,"[한국성인의 선호색이 스트레스 반응과 충동성에 미치는 영향]
   └ 학회: 한국산학기술학회 (IF: 0.91)"
1200,2023,공학 일반,212775530,김수완,1,0.0,0.0,"[월동 양배추 중장기 수급전망모형 개발]
   └ 학회: 한국산학기술학회 (IF: 0.91)"
1201,2023,공학 일반,677757826,김유겸,1,0.0,0.0,"[세일부이 메커니즘 개발 및 위치제어에 관한 연구]
   └ 학회: 한국산학기술학회 (IF: 0.91)"
1202,2023,공학 일반,169955581,김현식,1,0.0,0.0,"[세일부이 메커니즘 개발 및 위치제어에 관한 연구]
   └ 학회: 한국산학기술학회 (IF: 0.91)"
1203,2023,공학 일반,337353627,왕평안,1,0.0,0.0,"[초분광 이미지와 Logistic Regression 모델 기반 마늘 표면 손상 검출 모델 개발]
   └ 학회: 한국산학기술학회 (IF: 0.91)"
1204,2023,공학 일반,371823302,한웅철,1,0.0,0.0,"[초분광 이미지와 Logistic Regression 모델 기반 마늘 표면 손상 검출 모델 개발]
   └ 학회: 한국산학기술학회 (IF: 0.91)"
1205,2023,공학 일반,180704024,김시인,1,0.0,0.0,"[소셜로봇 개인화 서비스를 위한 성격 모델링과 표현에 대한 체계적 문헌 검토]
   └ 학회: 한국산학기술학회 (IF: 0.91)"
1206,2023,공학 일반,839232077,정진우,1,0.0,0.0,"[소셜로봇 개인화 서비스를 위한 성격 모델링과 표현에 대한 체계적 문헌 검토]
   └ 학회: 한국산학기술학회 (IF: 0.91)"
1207,2023,공학 일반,527690388,김현기,1,0.0,0.0,"[횡토압을 받는 소일시멘트벽체(SCW)의 설계식에 대한 적정성 평가 및 제안]
   └ 학회: 한국산학기술학회 (IF: 0.91)"
1208,2023,공학 일반,540902924,강경선,1,0.0,0.0,"[초음파센서에 도플러 효과를 적용한 방위각 추정 연구]
   └ 학회: 한국산학기술학회 (IF: 0.91)"
1209,2023,공학 일반,107919801,김경민,1,0.0,0.0,"[거더원격정밀거치를 위한 LiDAR 기반의 상대위치 추정 방법에 관한 연구]
   └ 학회: 한국산학기술학회 (IF: 0.91)"
1210,2023,공학 일반,700907796,안동우,1,0.0,0.0,"[3차원 측정에서의 화이트 노이즈 평가 방법에 관한 연구]
   └ 학회: 한국산학기술학회 (IF: 0.91)"
1211,2023,공학 일반,965989920,김정민,1,0.0,0.0,"[미 해군교범 분석을 통한 수리온 보존절차 개선방안 연구]
   └ 학회: 한국산학기술학회 (IF: 0.91)"
1212,2023,공학 일반,169724560,이건용,1,0.0,0.0,"[기술준비수용모델(TRAM)을 이용한 인터넷전문은행 사용의도 분석]
   └ 학회: 한국산학기술학회 (IF: 0.91)"
1213,2023,공학 일반,490503092,박재표,1,0.0,0.0,"[기술준비수용모델(TRAM)을 이용한 인터넷전문은행 사용의도 분석]
   └ 학회: 한국산학기술학회 (IF: 0.91)"
1214,2023,공학 일반,232655648,박호성,1,0.0,0.0,"[기술준비수용모델(TRAM)을 이용한 인터넷전문은행 사용의도 분석]
   └ 학회: 한국산학기술학회 (IF: 0.91)"
1215,2023,공학 일반,855213828,한송이,1,0.0,0.0,"[석결명이 TGF-β1로 유도된 망막색소상피세포의 증식에 미치는 영향]
   └ 학회: 한국산학기술학회 (IF: 0.91)"
1216,2023,공학 일반,925319305,이중회,1,0.0,0.0,"[석결명이 TGF-β1로 유도된 망막색소상피세포의 증식에 미치는 영향]
   └ 학회: 한국산학기술학회 (IF: 0.91)"
1217,2023,공학 일반,921200529,김재훈,1,0.0,0.0,"[석결명이 TGF-β1로 유도된 망막색소상피세포의 증식에 미치는 영향]
   └ 학회: 한국산학기술학회 (IF: 0.91)"
1218,2023,공학 일반,708391255,이미옥,1,0.0,0.0,"[경관색채계획의 수립 실태 및 특성 분석: 경기도 사례를 중심으로]
   └ 학회: 한국산학기술학회 (IF: 0.91)"
1219,2023,공학 일반,610033660,이임정,1,0.0,0.0,"[경관색채계획의 수립 실태 및 특성 분석: 경기도 사례를 중심으로]
   └ 학회: 한국산학기술학회 (IF: 0.91)"
1220,2023,공학 일반,965409482,김효실,1,0.0,0.0,"[퇴원손상 심층 조사자료를 이용한 의도적 자해손상에 관한 연구]
   └ 학회: 한국산학기술학회 (IF: 0.91)"
1221,2023,공학 일반,955591623,이영아,1,0.0,0.0,"[퇴원손상 심층 조사자료를 이용한 의도적 자해손상에 관한 연구]
   └ 학회: 한국산학기술학회 (IF: 0.91)"
1222,2023,공학 일반,938049696,맹준성,1,0.0,0.0,"[위클리 옵션의 만기일 투자전략 성과 분석]
   └ 학회: 한국산학기술학회 (IF: 0.91)"
1223,2023,공학 일반,618344831,유영상,1,0.0,0.0,"[디자인 비전공자의 제품디자인에 사용되는 프로그램에 대한 연구 - (Tinkercad를 중심으로)]
   └ 학회: 한국산학기술학회 (IF: 0.91)"
1224,2023,공학 일반,217174522,윤정식,1,0.0,0.0,"[디자인 비전공자의 제품디자인에 사용되는 프로그램에 대한 연구 - (Tinkercad를 중심으로)]
   └ 학회: 한국산학기술학회 (IF: 0.91)"
1225,2023,공학 일반,222694298,홍주표,1,0.0,0.0,"[디자인 비전공자의 제품디자인에 사용되는 프로그램에 대한 연구 - (Tinkercad를 중심으로)]
   └ 학회: 한국산학기술학회 (IF: 0.91)"
1226,2023,공학 일반,938178815,최승원,1,0.0,0.0,"[재료모델과 인장증강효과를 반영한 유효단면2차모멘트에 대한 고찰]
   └ 학회: 한국산학기술학회 (IF: 0.91)"
1227,2023,공학 일반,560513936,강선병,1,0.0,0.0,"[전산유체역학(CFD)을 이용한 수소사용 GC(Gas Chromatography)분석기의 폭발위험장소에 관한 연구]
   └ 학회: 한국산학기술학회 (IF: 0.91)"
1228,2023,공학 일반,507312713,김기성,1,0.0,0.0,"[전산유체역학(CFD)을 이용한 수소사용 GC(Gas Chromatography)분석기의 폭발위험장소에 관한 연구]
   └ 학회: 한국산학기술학회 (IF: 0.91)"
1229,2023,공학 일반,694989576,이영석,1,0.0,0.0,"[전산유체역학(CFD)을 이용한 수소사용 GC(Gas Chromatography)분석기의 폭발위험장소에 관한 연구]
   └ 학회: 한국산학기술학회 (IF: 0.91)"
1230,2023,공학 일반,808523917,송인회,1,0.0,0.0,"[전산유체역학(CFD)을 이용한 수소사용 GC(Gas Chromatography)분석기의 폭발위험장소에 관한 연구]
   └ 학회: 한국산학기술학회 (IF: 0.91)"
1231,2023,공학 일반,268915678,박성영,1,0.0,0.0,"[전산유체역학(CFD)을 이용한 수소사용 GC(Gas Chromatography)분석기의 폭발위험장소에 관한 연구]
   └ 학회: 한국산학기술학회 (IF: 0.91)"
1232,2023,공학 일반,741494403,이수민,1,0.0,0.0,"[무정형 고체분산체를 이용한 엔잘루타마이드 고함량 정제의 개발]
   └ 학회: 한국산학기술학회 (IF: 0.91)"
1233,2023,공학 일반,120396770,이정균,1,0.0,0.0,"[무정형 고체분산체를 이용한 엔잘루타마이드 고함량 정제의 개발]
   └ 학회: 한국산학기술학회 (IF: 0.91)"
1234,2023,공학 일반,260975813,김경수,1,0.0,0.0,"[무정형 고체분산체를 이용한 엔잘루타마이드 고함량 정제의 개발]
   └ 학회: 한국산학기술학회 (IF: 0.91)"
1235,2023,공학 일반,102436125,허승욱,1,0.0,0.0,"[충남 소재 대학의 경제적 파급효과 분석: 단국대학교(천안) 사례를 중심으로]
   └ 학회: 한국산학기술학회 (IF: 0.91)"
1236,2023,공학 일반,969084104,양성범,1,0.0,0.0,"[충남 소재 대학의 경제적 파급효과 분석: 단국대학교(천안) 사례를 중심으로]
   └ 학회: 한국산학기술학회 (IF: 0.91)"
1237,2023,공학 일반,598573553,최혜정,1,0.0,0.0,"[Recombinant Human Bone Morphogenetic Protein-2와 Alendronate 조합에 따른 MC3T3-E1의 세포의 Alkaline Phosphatase 활성도 및 생존력]
   └ 학회: 한국산학기술학회 (IF: 0.91)"
1238,2023,공학 일반,430644376,이상민,1,0.0,0.0,"[Recombinant Human Bone Morphogenetic Protein-2와 Alendronate 조합에 따른 MC3T3-E1의 세포의 Alkaline Phosphatase 활성도 및 생존력]
   └ 학회: 한국산학기술학회 (IF: 0.91)"
1239,2023,공학 일반,973206462,지동준,1,0.0,0.0,"[메타버스 환경에서 지식 그래프 기반 AI 챗봇을 이용한 민원 서비스 구현 및 최적화]
   └ 학회: 한국산학기술학회 (IF: 0.91)"
1240,2023,공학 일반,596336297,정선우,1,0.0,0.0,"[메타버스 환경에서 지식 그래프 기반 AI 챗봇을 이용한 민원 서비스 구현 및 최적화]
   └ 학회: 한국산학기술학회 (IF: 0.91)"
1241,2023,공학 일반,297722810,김민규,1,0.0,0.0,"[메타버스 환경에서 지식 그래프 기반 AI 챗봇을 이용한 민원 서비스 구현 및 최적화]
   └ 학회: 한국산학기술학회 (IF: 0.91)"
1242,2023,공학 일반,786974062,안진현,1,0.0,0.0,"[메타버스 환경에서 지식 그래프 기반 AI 챗봇을 이용한 민원 서비스 구현 및 최적화]
   └ 학회: 한국산학기술학회 (IF: 0.91)"
1243,2023,공학 일반,609308309,이세제,1,0.0,0.0,"[메타버스 환경에서 지식 그래프 기반 AI 챗봇을 이용한 민원 서비스 구현 및 최적화]
   └ 학회: 한국산학기술학회 (IF: 0.91)"
1244,2023,공학 일반,919895659,전대성,1,0.0,0.0,"[메타버스 환경에서 지식 그래프 기반 AI 챗봇을 이용한 민원 서비스 구현 및 최적화]
   └ 학회: 한국산학기술학회 (IF: 0.91)"
1245,2023,공학 일반,299368936,임동혁,1,0.0,0.0,"[메타버스 환경에서 지식 그래프 기반 AI 챗봇을 이용한 민원 서비스 구현 및 최적화]
   └ 학회: 한국산학기술학회 (IF: 0.91)"
1246,2023,공학 일반,402677324,안대희,1,0.0,0.0,"[AA-/BB- MM 박격포탄 C1 지연관 성능개선에 관한 연구]
   └ 학회: 한국산학기술학회 (IF: 0.91)"
1247,2023,공학 일반,554107691,이재관,1,0.0,0.0,"[AA-/BB- MM 박격포탄 C1 지연관 성능개선에 관한 연구]
   └ 학회: 한국산학기술학회 (IF: 0.91)"
1248,2023,공학 일반,530175862,서정선,1,0.0,0.0,"[생태순간평가 일기법을 활용한 베이비부머의 억울 경험 분석]
   └ 학회: 한국산학기술학회 (IF: 0.91)"
1249,2023,공학 일반,942971117,김은하,1,0.0,0.0,"[생태순간평가 일기법을 활용한 베이비부머의 억울 경험 분석]
   └ 학회: 한국산학기술학회 (IF: 0.91)"
1250,2023,공학 일반,934003312,윤두원,1,0.0,0.0,"[행정중심복합도시 복합커뮤니티단지 특화계획에 대한 점유 후 평가: 세종시 해밀동 중심으로]
   └ 학회: 한국산학기술학회 (IF: 0.91)"
1251,2023,공학 일반,2240296,권기욱,1,0.0,0.0,"[소나무좀 피해 저감을 위한 천연식물추출물 함유 파스형 수목 보호 황토조성물 개발 연구]
   └ 학회: 한국산학기술학회 (IF: 0.91)"
1252,2023,공학 일반,277570743,마지순,1,0.0,0.0,"[예비유아교사의 메타인지전략과 대인관계유능성이 협동학습태도에 미치는 영향]
   └ 학회: 한국산학기술학회 (IF: 0.91)"
1253,2023,공학 일반,680970082,박동진,1,0.0,0.0,"[중소기업의 수출 시장지향성이 시장성과에 미치는 영향: 네트워크의 매개효과]
   └ 학회: 한국산학기술학회 (IF: 0.91)"
1254,2023,공학 일반,575712775,정창현,1,0.0,0.0,"[도시철도 차량의 사행동을 고려한 강아치 철도교의 동적응답]
   └ 학회: 한국산학기술학회 (IF: 0.91)"
1255,2023,공학 일반,113713370,김무선,1,0.0,0.0,"[DED 공정기술을 적용한 레일 유지보수 시편의 경도 특성 연구]
   └ 학회: 한국산학기술학회 (IF: 0.91)"
1256,2023,공학 일반,824466417,채희원,1,0.0,0.0,"[대학생의 직업가치 유형별 직업적응역량에 미치는 영향 -진로성숙의 매개효과-]
   └ 학회: 한국산학기술학회 (IF: 0.91)"
1257,2023,공학 일반,236586005,Se Jin Lim,1,0.0,0.0,"[The effect of inorganic and organic mineral premix in broiler diets on growth performance, and fecal mineral excretion]
   └ 학회: 한국산학기술학회 (IF: 0.91)"
1258,2023,공학 일반,638245929,Jung Hwan Jeon,1,0.0,0.0,"[The effect of inorganic and organic mineral premix in broiler diets on growth performance, and fecal mineral excretion]
   └ 학회: 한국산학기술학회 (IF: 0.91)"
1259,2023,공학 일반,953482118,이광은,1,0.0,0.0,"[회전익항공기 진동저감장치 장착부 구조 개선 연구]
   └ 학회: 한국산학기술학회 (IF: 0.91)"
1260,2023,공학 일반,179932002,한원태,1,0.0,0.0,"[코로나19 위기가 대면 산업 및 비대면 산업에 미친 영향]
   └ 학회: 한국산학기술학회 (IF: 0.91)"
1261,2023,공학 일반,135970300,김지현,1,0.0,0.0,"[주관적 인지감퇴를 호소하는 중년여성의 수면의 질 영향요인: 2018년 지역사회건강조사 자료 활용]
   └ 학회: 한국산학기술학회 (IF: 0.91)"
1262,2023,공학 일반,738517897,김선희,1,0.0,0.0,"[주관적 인지감퇴를 호소하는 중년여성의 수면의 질 영향요인: 2018년 지역사회건강조사 자료 활용]
   └ 학회: 한국산학기술학회 (IF: 0.91)"
1263,2023,공학 일반,785287698,이경민,1,0.0,0.0,"[방산업체 클라우드 업무환경 도입에 따른 기술보호 방안 연구]
   └ 학회: 한국산학기술학회 (IF: 0.91)"
1264,2023,공학 일반,715694790,바얌밧소 셀렝게,1,0.0,0.0,"[온라인 게임에서의 명품브랜드 아이템은 명품브랜드에 어떤 효과가 있을 것인가?]
   └ 학회: 한국산학기술학회 (IF: 0.91)"
1265,2023,공학 일반,159832586,이신자,1,0.0,0.0,"[동물매개 치료를 중심으로 텍스트 마이닝 기반 치유농업 인식 분석]
   └ 학회: 한국산학기술학회 (IF: 0.91)"
1266,2023,공학 일반,374203706,김근현,1,0.0,0.0,"[동물매개 치료를 중심으로 텍스트 마이닝 기반 치유농업 인식 분석]
   └ 학회: 한국산학기술학회 (IF: 0.91)"
1267,2023,공학 일반,904967941,문여황,1,0.0,0.0,"[동물매개 치료를 중심으로 텍스트 마이닝 기반 치유농업 인식 분석]
   └ 학회: 한국산학기술학회 (IF: 0.91)"
1268,2023,공학 일반,339902279,이성실,1,0.0,0.0,"[동물매개 치료를 중심으로 텍스트 마이닝 기반 치유농업 인식 분석]
   └ 학회: 한국산학기술학회 (IF: 0.91)"
1269,2023,공학 일반,518894686,김주영,1,0.0,0.0,"[초등초임교사 심층면담을 통한 교직과목에 대한 인식과 개선요구]
   └ 학회: 한국산학기술학회 (IF: 0.91)"
1270,2023,공학 일반,886540729,김경남,1,0.0,0.0,"[초등초임교사 심층면담을 통한 교직과목에 대한 인식과 개선요구]
   └ 학회: 한국산학기술학회 (IF: 0.91)"
1271,2023,공학 일반,797728108,박정환,1,0.0,0.0,"[초등초임교사 심층면담을 통한 교직과목에 대한 인식과 개선요구]
   └ 학회: 한국산학기술학회 (IF: 0.91)"
1272,2023,공학 일반,193526679,이재혁,1,0.0,0.0,"[그림자를 이용한 Mini-LED의 기울기 측정]
   └ 학회: 한국산학기술학회 (IF: 0.91)"
1273,2023,공학 일반,646033808,이병석,1,0.0,0.0,"[암반 불연속면 특성 조사를 위한 RPAS LiDAR 데이터의 활용]
   └ 학회: 한국산학기술학회 (IF: 0.91)"
1274,2023,공학 일반,943527777,고건우,1,0.0,0.0,"[암반 불연속면 특성 조사를 위한 RPAS LiDAR 데이터의 활용]
   └ 학회: 한국산학기술학회 (IF: 0.91)"
1275,2023,공학 일반,434106284,이주현,1,0.0,0.0,"[안테나 배열형 고출력 모듈의 냉각을 위한 공랭식 유로 형상 최적화 연구]
   └ 학회: 한국산학기술학회 (IF: 0.91)"
1276,2023,공학 일반,777145467,윤세진,1,0.0,0.0,"[안테나 배열형 고출력 모듈의 냉각을 위한 공랭식 유로 형상 최적화 연구]
   └ 학회: 한국산학기술학회 (IF: 0.91)"
1277,2023,공학 일반,464795723,이정민,1,0.0,0.0,"[안테나 배열형 고출력 모듈의 냉각을 위한 공랭식 유로 형상 최적화 연구]
   └ 학회: 한국산학기술학회 (IF: 0.91)"
1278,2023,공학 일반,848699657,허재훈,1,0.0,0.0,"[안테나 배열형 고출력 모듈의 냉각을 위한 공랭식 유로 형상 최적화 연구]
   └ 학회: 한국산학기술학회 (IF: 0.91)"
1279,2023,공학 일반,841466519,박혜령,1,0.0,0.0,"[코로나19 상황에서 온라인 쇼핑몰의 품질요인이 패션제품 구매자의 행동의도에 미치는 영향]
   └ 학회: 한국산학기술학회 (IF: 0.91)"
1280,2023,공학 일반,994027223,박미령,1,0.0,0.0,"[코로나19 상황에서 온라인 쇼핑몰의 품질요인이 패션제품 구매자의 행동의도에 미치는 영향]
   └ 학회: 한국산학기술학회 (IF: 0.91)"
1281,2023,공학 일반,152987595,이정우,1,0.0,0.0,"[케이블 수명예측을 위한 수트리 동적해석 모델링에 관한 연구]
   └ 학회: 한국산학기술학회 (IF: 0.91)"
1282,2023,공학 일반,502903233,오세현,1,0.0,0.0,"[수치해석을 통한 수소 직분사 엔진의 분무각도에 따른 실린더 내 혼합도 및 연소 특성 예측]
   └ 학회: 한국산학기술학회 (IF: 0.91)"
1283,2023,공학 일반,254049554,임병찬,1,0.0,0.0,"[지그비 메쉬 네트워크를 이용한 대형건물의 실시간 실내 환경 모니터링]
   └ 학회: 한국산학기술학회 (IF: 0.91)"
1284,2023,공학 일반,324338913,조성우,1,0.0,0.0,"[지그비 메쉬 네트워크를 이용한 대형건물의 실시간 실내 환경 모니터링]
   └ 학회: 한국산학기술학회 (IF: 0.91)"
1285,2023,공학 일반,313206795,이성호,1,0.0,0.0,"[노후산업단지 재생사업 추진요인 우선순위 연구 - 노후산업단지 재생사업 시행주체와 입주기업의 중요요인 인식차이를 중심으로 -]
   └ 학회: 한국산학기술학회 (IF: 0.91)"
1286,2023,공학 일반,238867405,김경배,1,0.0,0.0,"[노후산업단지 재생사업 추진요인 우선순위 연구 - 노후산업단지 재생사업 시행주체와 입주기업의 중요요인 인식차이를 중심으로 -]
   └ 학회: 한국산학기술학회 (IF: 0.91)"
1287,2023,공학 일반,676865175,박영혜,1,0.0,0.0,"[향기요법과 스트레칭 프로그램이 병원 여성근로자의 피로물질 (혈중 젖산과 암모니아 중심)에 미치는 효과]
   └ 학회: 한국산학기술학회 (IF: 0.91)"
1288,2023,공학 일반,646281956,고정옥,1,0.0,0.0,"[향기요법과 스트레칭 프로그램이 병원 여성근로자의 피로물질 (혈중 젖산과 암모니아 중심)에 미치는 효과]
   └ 학회: 한국산학기술학회 (IF: 0.91)"
1289,2023,공학 일반,778664333,김민욱,1,0.0,0.0,"[안티탬퍼링의 동향 및 발전 방향 연구]
   └ 학회: 한국산학기술학회 (IF: 0.91)"
1290,2023,공학 일반,841141638,이유림,1,0.0,0.0,"[대학생들의 미용 성형에 대한 심리적 태도]
   └ 학회: 한국산학기술학회 (IF: 0.91)"
1291,2023,공학 일반,246445948,이동현,1,0.0,0.0,"[돈분 퇴비화 중 공기 공급량에 따른 질소거동 특성]
   └ 학회: 한국산학기술학회 (IF: 0.91)"
1292,2023,공학 일반,732425660,김현종,1,0.0,0.0,"[돈분 퇴비화 중 공기 공급량에 따른 질소거동 특성]
   └ 학회: 한국산학기술학회 (IF: 0.91)"
1293,2023,공학 일반,357528636,김중곤,1,0.0,0.0,"[돈분 퇴비화 중 공기 공급량에 따른 질소거동 특성]
   └ 학회: 한국산학기술학회 (IF: 0.91)"
1294,2023,공학 일반,355009229,임세진,1,0.0,0.0,"[육계일령이 깔짚 수분, 발바닥 피부염 및 스트레스 호르몬에 미치는 영향]
   └ 학회: 한국산학기술학회 (IF: 0.91)"
1295,2023,공학 일반,725136661,전중환,1,0.0,0.0,"[육계일령이 깔짚 수분, 발바닥 피부염 및 스트레스 호르몬에 미치는 영향]
   └ 학회: 한국산학기술학회 (IF: 0.91)"
1296,2023,공학 일반,959699768,황재원,1,0.0,0.0,"[다각화된 기업에서의 시너지 창출 프로세스: 다각화, 유사성, 자원공유 및 성과의 순차적 관계에 대한 연구]
   └ 학회: 한국산학기술학회 (IF: 0.91)"
1297,2023,공학 일반,797291149,박경미,1,0.0,0.0,"[다각화된 기업에서의 시너지 창출 프로세스: 다각화, 유사성, 자원공유 및 성과의 순차적 관계에 대한 연구]
   └ 학회: 한국산학기술학회 (IF: 0.91)"
1298,2023,공학 일반,320021888,김수완,1,0.0,0.0,"[IoT 센서 기반 돌봄서비스를 이용한 독거노인의 일상생활 변화와 만족도 연구]
   └ 학회: 한국산학기술학회 (IF: 0.91)"
1299,2023,공학 일반,485247078,박화옥,1,0.0,0.0,"[IoT 센서 기반 돌봄서비스를 이용한 독거노인의 일상생활 변화와 만족도 연구]
   └ 학회: 한국산학기술학회 (IF: 0.91)"
1300,2023,공학 일반,682103962,윤수인,1,0.0,0.0,"[IoT 센서 기반 돌봄서비스를 이용한 독거노인의 일상생활 변화와 만족도 연구]
   └ 학회: 한국산학기술학회 (IF: 0.91)"
1301,2023,공학 일반,318243710,배영민,1,0.0,0.0,"[DEA를 활용한 신속시범획득 사업에 대한 운영 효율성 분석 연구]
   └ 학회: 한국산학기술학회 (IF: 0.91)"
1302,2023,공학 일반,305500314,박경환,1,0.0,0.0,"[유도탄 신뢰성평가 분야 중성자 비파괴검사 기법 적용 연구]
   └ 학회: 한국산학기술학회 (IF: 0.91)"
1303,2023,공학 일반,996245274,김종열,1,0.0,0.0,"[유도탄 신뢰성평가 분야 중성자 비파괴검사 기법 적용 연구]
   └ 학회: 한국산학기술학회 (IF: 0.91)"
1304,2023,공학 일반,360649865,문명국,1,0.0,0.0,"[유도탄 신뢰성평가 분야 중성자 비파괴검사 기법 적용 연구]
   └ 학회: 한국산학기술학회 (IF: 0.91)"
1305,2023,공학 일반,198349238,이남례,1,0.0,0.0,"[유도탄 신뢰성평가 분야 중성자 비파괴검사 기법 적용 연구]
   └ 학회: 한국산학기술학회 (IF: 0.91)"
1306,2023,공학 일반,433554502,김철승,1,0.0,0.0,"[양성발작성두위어지럼증과 연령, 예후 인자, 치료 횟수와의 상관성 조사]
   └ 학회: 한국산학기술학회 (IF: 0.91)"
1307,2023,공학 일반,279971137,최희영,1,0.0,0.0,"[양성발작성두위어지럼증과 연령, 예후 인자, 치료 횟수와의 상관성 조사]
   └ 학회: 한국산학기술학회 (IF: 0.91)"
1308,2023,공학 일반,1994328,이용우,1,0.0,0.0,"[유한요소해석을 이용한 복합소재의 기계적 물성 평가 연구]
   └ 학회: 한국산학기술학회 (IF: 0.91)"
1309,2023,공학 일반,532895775,김현준,1,0.0,0.0,"[유한요소해석을 이용한 복합소재의 기계적 물성 평가 연구]
   └ 학회: 한국산학기술학회 (IF: 0.91)"
1310,2023,공학 일반,104266040,김진솔,1,0.0,0.0,"[Bacillus velezensis L2 접종량에 따른 발효 대두의 품질 특성 및 생리활성 분석]
   └ 학회: 한국산학기술학회 (IF: 0.91)"
1311,2023,공학 일반,736547220,양은주,1,0.0,0.0,"[Bacillus velezensis L2 접종량에 따른 발효 대두의 품질 특성 및 생리활성 분석]
   └ 학회: 한국산학기술학회 (IF: 0.91)"
1312,2023,공학 일반,936528443,이현화,1,0.0,0.0,"[Bacillus velezensis L2 접종량에 따른 발효 대두의 품질 특성 및 생리활성 분석]
   └ 학회: 한국산학기술학회 (IF: 0.91)"
1313,2023,공학 일반,409871728,임유리,1,0.0,0.0,"[충북 보청천 유역의 유출 분석을 통한 초소수력 에너지 평가]
   └ 학회: 한국산학기술학회 (IF: 0.91)"
1314,2023,공학 일반,824917973,이효상,1,0.0,0.0,"[충북 보청천 유역의 유출 분석을 통한 초소수력 에너지 평가]
   └ 학회: 한국산학기술학회 (IF: 0.91)"
1315,2023,공학 일반,187636558,양혜경,1,0.0,0.0,"[경찰 공무원들의 감정노동, 직업 전문성 인식도 및 직무만족도가 소진에 미치는 영향]
   └ 학회: 한국산학기술학회 (IF: 0.91)"
1316,2023,공학 일반,340701820,정의돈,1,0.0,0.0,"[경찰 공무원들의 감정노동, 직업 전문성 인식도 및 직무만족도가 소진에 미치는 영향]
   └ 학회: 한국산학기술학회 (IF: 0.91)"
1317,2023,공학 일반,178703539,김정선,1,0.0,0.0,"[경찰 공무원들의 감정노동, 직업 전문성 인식도 및 직무만족도가 소진에 미치는 영향]
   └ 학회: 한국산학기술학회 (IF: 0.91)"
1318,2023,공학 일반,168445184,오한승,1,0.0,0.0,"[K-POP시대의 새로운 실용음악 보컬 교육 개념에 대한 제안]
   └ 학회: 한국산학기술학회 (IF: 0.91)"
1319,2023,공학 일반,427606200,이상열,1,0.0,0.0,"[중소기업에 일반적으로 나타나는 정보보호 취약점 분석 - 방산관련업체를 중심으로 -]
   └ 학회: 한국산학기술학회 (IF: 0.91)"
1320,2023,공학 일반,5420351,제환주,1,0.0,0.0,"[美 국방 혁신 생태계 분석을 중심으로 한 국내 국방기술 R&D 체계 발전 방안 연구]
   └ 학회: 한국산학기술학회 (IF: 0.91)"
1321,2023,공학 일반,501599539,임정택,1,0.0,0.0,"[VDT 작업환경의 전방 머리 자세 변화에 관한 연구]
   └ 학회: 한국산학기술학회 (IF: 0.91)"
1322,2023,공학 일반,514883999,김영규,1,0.0,0.0,"[VDT 작업환경의 전방 머리 자세 변화에 관한 연구]
   └ 학회: 한국산학기술학회 (IF: 0.91)"
1323,2023,공학 일반,240887379,김상길,1,0.0,0.0,"[VDT 작업환경의 전방 머리 자세 변화에 관한 연구]
   └ 학회: 한국산학기술학회 (IF: 0.91)"
1324,2023,공학 일반,491105131,서민지,1,0.0,0.0,"[코로나19 상황에서 보건소 직원과 지역주민의 코로나 블루 및 레드 유병 수준과 관련 요인]
   └ 학회: 한국산학기술학회 (IF: 0.91)"
1325,2023,공학 일반,232768521,주찬희,1,0.0,0.0,"[일본의 외국인 돌봄인력 수용 정책에 대한 탐색적 연구 - 재류자격개호 정책을 중심으로 -]
   └ 학회: 한국산학기술학회 (IF: 0.91)"
1326,2023,공학 일반,412181050,채윤정,1,0.0,0.0,"[윤석열 정부의 지방대학 정책의 전망과 과제 - RISE와 글로컬대학 30 정책 추진을 중심으로 -]
   └ 학회: 한국산학기술학회 (IF: 0.91)"
1327,2023,공학 일반,205858730,정종성,1,0.0,0.0,"[천안지역 논에서 청보리 후작으로 사료용 벼 및 사료 피를 이용한 조사료 생산 작부체계에 관한 연구]
   └ 학회: 한국산학기술학회 (IF: 0.91)"
1328,2023,공학 일반,789797666,이배훈,1,0.0,0.0,"[천안지역 논에서 청보리 후작으로 사료용 벼 및 사료 피를 이용한 조사료 생산 작부체계에 관한 연구]
   └ 학회: 한국산학기술학회 (IF: 0.91)"
1329,2023,공학 일반,913933547,최보람,1,0.0,0.0,"[천안지역 논에서 청보리 후작으로 사료용 벼 및 사료 피를 이용한 조사료 생산 작부체계에 관한 연구]
   └ 학회: 한국산학기술학회 (IF: 0.91)"
1330,2023,공학 일반,934385793,한옥규,1,0.0,0.0,"[천안지역 논에서 청보리 후작으로 사료용 벼 및 사료 피를 이용한 조사료 생산 작부체계에 관한 연구]
   └ 학회: 한국산학기술학회 (IF: 0.91)"
1331,2023,공학 일반,372357053,박형수,1,0.0,0.0,"[천안지역 논에서 청보리 후작으로 사료용 벼 및 사료 피를 이용한 조사료 생산 작부체계에 관한 연구]
   └ 학회: 한국산학기술학회 (IF: 0.91)"
1332,2023,공학 일반,395615431,최기춘,1,0.0,0.0,"[천안지역 논에서 청보리 후작으로 사료용 벼 및 사료 피를 이용한 조사료 생산 작부체계에 관한 연구]
   └ 학회: 한국산학기술학회 (IF: 0.91)"
1333,2023,공학 일반,138391064,성수미,1,0.0,0.0,"[코로나바이러스감염증-19 환자의 간호기록 양과 중증도 간 관련성]
   └ 학회: 한국산학기술학회 (IF: 0.91)"
1334,2023,공학 일반,435166866,정혜실,1,0.0,0.0,"[코로나바이러스감염증-19 환자의 간호기록 양과 중증도 간 관련성]
   └ 학회: 한국산학기술학회 (IF: 0.91)"
1335,2023,공학 일반,5352009,정자훈,1,0.0,0.0,"[한정된 군사 데이터를 활용한 이미지 분류 AI의 성능 향상 방안: Grad-CAM을 활용한 준지도학습 적용]
   └ 학회: 한국산학기술학회 (IF: 0.91)"
1336,2023,공학 일반,828143707,김용기,1,0.0,0.0,"[한정된 군사 데이터를 활용한 이미지 분류 AI의 성능 향상 방안: Grad-CAM을 활용한 준지도학습 적용]
   └ 학회: 한국산학기술학회 (IF: 0.91)"
1337,2023,공학 일반,568994040,나성중,1,0.0,0.0,"[한정된 군사 데이터를 활용한 이미지 분류 AI의 성능 향상 방안: Grad-CAM을 활용한 준지도학습 적용]
   └ 학회: 한국산학기술학회 (IF: 0.91)"
1338,2023,공학 일반,275027455,류준열,1,0.0,0.0,"[한정된 군사 데이터를 활용한 이미지 분류 AI의 성능 향상 방안: Grad-CAM을 활용한 준지도학습 적용]
   └ 학회: 한국산학기술학회 (IF: 0.91)"
1339,2023,공학 일반,904207403,박준수,1,0.0,0.0,"[유도무기체계 적외선 탐색기 PHM 적용방안 연구]
   └ 학회: 한국산학기술학회 (IF: 0.91)"
1340,2023,공학 일반,967744876,한승규,1,0.0,0.0,"[유도무기체계 적외선 탐색기 PHM 적용방안 연구]
   └ 학회: 한국산학기술학회 (IF: 0.91)"
1341,2023,공학 일반,555411324,이원,1,0.0,0.0,"[유도무기체계 적외선 탐색기 PHM 적용방안 연구]
   └ 학회: 한국산학기술학회 (IF: 0.91)"
1342,2023,공학 일반,255820142,문경민,1,0.0,0.0,"[유도무기체계 적외선 탐색기 PHM 적용방안 연구]
   └ 학회: 한국산학기술학회 (IF: 0.91)"
1343,2023,공학 일반,544659336,부력,1,0.0,0.0,"[음악치료가 치매노인에게 미치는 효과: 메타분석]
   └ 학회: 한국산학기술학회 (IF: 0.91)"
1344,2023,공학 일반,970027135,이정건,1,0.0,0.0,"[음악치료가 치매노인에게 미치는 효과: 메타분석]
   └ 학회: 한국산학기술학회 (IF: 0.91)"
1345,2023,공학 일반,772309049,정성빈,1,0.0,0.0,"[성능개량 된 피아식별장비의 전시거리 인식 오류 개선에 관한 연구]
   └ 학회: 한국산학기술학회 (IF: 0.91)"
1346,2023,공학 일반,736995944,이동윤,1,0.0,0.0,"[A제철사 위험성평가 운영 실태 및 유해성 위험성 개선방안 연구]
   └ 학회: 한국산학기술학회 (IF: 0.91)"
1347,2023,공학 일반,940689000,고혜지,1,0.0,0.0,"[한국과 미국 전투복 디자인 비교분석을 통한 개발 방향 고찰]
   └ 학회: 한국산학기술학회 (IF: 0.91)"
1348,2023,공학 일반,929976338,이민희,1,0.0,0.0,"[한국과 미국 전투복 디자인 비교분석을 통한 개발 방향 고찰]
   └ 학회: 한국산학기술학회 (IF: 0.91)"
1349,2023,공학 일반,920149483,홍성돈,1,0.0,0.0,"[한국과 미국 전투복 디자인 비교분석을 통한 개발 방향 고찰]
   └ 학회: 한국산학기술학회 (IF: 0.91)"
1350,2023,공학 일반,192349532,김도현,1,0.0,0.0,"[아로마블렌딩오일을 적용한 스톤테라피의 면역력과 혈관건강에 대한 변화 연구 - 20대 여대생을 대상으로 -]
   └ 학회: 한국산학기술학회 (IF: 0.91)"
1351,2023,공학 일반,238157294,김준환,1,0.0,0.0,"[포르투 사례 분석을 통한 도시브랜드 진화의 방향성 고찰]
   └ 학회: 한국산학기술학회 (IF: 0.91)"
1352,2023,공학 일반,597788708,길기영,1,0.0,0.0,"[온라인 쇼핑몰의 학습, 온라인 리뷰, 소비자 커뮤니케이션이 지각된 혜택을 통해 고객 e-충성도에 미치는 영향 - 상품정보 중요성의 조절효과 -]
   └ 학회: 한국산학기술학회 (IF: 0.91)"
1353,2023,공학 일반,372914426,김병현,1,0.0,0.0,"[돈사 내 암모니아 농도가 육성 · 비육돈의 행동 변화에 미치는 영향]
   └ 학회: 한국산학기술학회 (IF: 0.91)"
1354,2023,공학 일반,770278073,김종복,1,0.0,0.0,"[돈사 내 암모니아 농도가 육성 · 비육돈의 행동 변화에 미치는 영향]
   └ 학회: 한국산학기술학회 (IF: 0.91)"
1355,2023,공학 일반,426833402,권경석,1,0.0,0.0,"[돈사 내 암모니아 농도가 육성 · 비육돈의 행동 변화에 미치는 영향]
   └ 학회: 한국산학기술학회 (IF: 0.91)"
1356,2023,공학 일반,555009087,장동화,1,0.0,0.0,"[돈사 내 암모니아 농도가 육성 · 비육돈의 행동 변화에 미치는 영향]
   └ 학회: 한국산학기술학회 (IF: 0.91)"
1357,2023,공학 일반,999770538,판반뎃,1,0.0,0.0,"[돈사 내 암모니아 농도가 육성 · 비육돈의 행동 변화에 미치는 영향]
   └ 학회: 한국산학기술학회 (IF: 0.91)"
1358,2023,공학 일반,487398229,장인영,1,0.0,0.0,"[연관규칙분석을 이용한 가상화폐의 가격 변동에 대한 패턴분석]
   └ 학회: 한국산학기술학회 (IF: 0.91)"
1359,2023,공학 일반,261302323,이붕주,1,0.0,0.0,"[자연광을 고려한 유리온실 구조물에 따른 광특성 연구]
   └ 학회: 한국산학기술학회 (IF: 0.91)"
1360,2023,공학 일반,740905123,이현준,1,0.0,0.0,"[포스트 코로나 시대의 건강기능식품 구매 의사결정 메커니즘 연구 : 잠재집단분석(LCA)을 중심으로]
   └ 학회: 한국산학기술학회 (IF: 0.91)"
1361,2023,공학 일반,121133864,이혜선,1,0.0,0.0,"[은퇴기 임금근로자의 고용상태 변화와 좌식생활 시간 변화의 관계]
   └ 학회: 한국산학기술학회 (IF: 0.91)"
1362,2023,공학 일반,474224279,이현지,1,0.0,0.0,"[대학 운동선수들의 자기조절능력이 자기효능감, 대인관계능력 및 운동성취에 미치는 영향]
   └ 학회: 한국산학기술학회 (IF: 0.91)"
1363,2023,공학 일반,1452556,최미영,1,0.0,0.0,"[대학 운동선수들의 자기조절능력이 자기효능감, 대인관계능력 및 운동성취에 미치는 영향]
   └ 학회: 한국산학기술학회 (IF: 0.91)"
1364,2023,공학 일반,253517975,양진향,1,0.0,0.0,"[혈액투석 환자 대상 모바일 앱 기반 자가관리 프로그램의 효과]
   └ 학회: 한국산학기술학회 (IF: 0.91)"
1365,2023,공학 일반,827121925,박정준,1,0.0,0.0,"[혈액투석 환자 대상 모바일 앱 기반 자가관리 프로그램의 효과]
   └ 학회: 한국산학기술학회 (IF: 0.91)"
1366,2023,공학 일반,920632308,안재근,1,0.0,0.0,"[수송문제의 치명 수요마디를 찾는 문제의 해법]
   └ 학회: 한국산학기술학회 (IF: 0.91)"
1367,2023,공학 일반,573595280,김삼근,1,0.0,0.0,"[수송문제의 치명 수요마디를 찾는 문제의 해법]
   └ 학회: 한국산학기술학회 (IF: 0.91)"
1368,2023,공학 일반,534101935,이재영,1,0.0,0.0,"[산업집적지 내 1인 주거 블록 배치 및 프로그램 제안 연구]
   └ 학회: 한국산학기술학회 (IF: 0.91)"
1369,2023,공학 일반,259377451,이성운,1,0.0,0.0,"[다중서버 환경의 E-헬스케어를 위한 안전하고 효율적인 인증 및 키동의 기법]
   └ 학회: 한국산학기술학회 (IF: 0.91)"
1370,2023,공학 일반,738807919,이은도,1,0.0,0.0,"[재래흑염소의 사육형태와 포유방법에 따른 자축의 폐사율 및 성장률 조사]
   └ 학회: 한국산학기술학회 (IF: 0.91)"
1371,2023,공학 일반,244069736,김동교,1,0.0,0.0,"[재래흑염소의 사육형태와 포유방법에 따른 자축의 폐사율 및 성장률 조사]
   └ 학회: 한국산학기술학회 (IF: 0.91)"
1372,2023,공학 일반,1626415,김가은,1,0.0,0.0,"[재래흑염소의 사육형태와 포유방법에 따른 자축의 폐사율 및 성장률 조사]
   └ 학회: 한국산학기술학회 (IF: 0.91)"
1373,2023,공학 일반,248725862,정상욱,1,0.0,0.0,"[재래흑염소의 사육형태와 포유방법에 따른 자축의 폐사율 및 성장률 조사]
   └ 학회: 한국산학기술학회 (IF: 0.91)"
1374,2023,공학 일반,995745455,최봉환,1,0.0,0.0,"[재래흑염소의 사육형태와 포유방법에 따른 자축의 폐사율 및 성장률 조사]
   └ 학회: 한국산학기술학회 (IF: 0.91)"
1375,2023,공학 일반,231731813,김관우,1,0.0,0.0,"[재래흑염소의 사육형태와 포유방법에 따른 자축의 폐사율 및 성장률 조사]
   └ 학회: 한국산학기술학회 (IF: 0.91)"
1376,2023,공학 일반,891572275,홍성민,1,0.0,0.0,"[VAR 모형을 이용한 산지별 양파의 선도가격 분석]
   └ 학회: 한국산학기술학회 (IF: 0.91)"
1377,2023,공학 일반,244862372,김종화,1,0.0,0.0,"[VAR 모형을 이용한 산지별 양파의 선도가격 분석]
   └ 학회: 한국산학기술학회 (IF: 0.91)"
1378,2023,공학 일반,730732410,이상헌,1,0.0,0.0,"[카플란-마이어(Kaplan-Meier) 생존분석 기법을 통한 군수품 적정재고 모델링]
   └ 학회: 한국산학기술학회 (IF: 0.91)"
1379,2023,공학 일반,787765977,박현정,1,0.0,0.0,"[카플란-마이어(Kaplan-Meier) 생존분석 기법을 통한 군수품 적정재고 모델링]
   └ 학회: 한국산학기술학회 (IF: 0.91)"
1380,2023,공학 일반,447251808,김유미,1,0.0,0.0,"[COVID-19 대유행 시기 장기요양시설 요양보호사의 노인과의 상호작용과 연결 경험에 대한 질적 연구]
   └ 학회: 한국산학기술학회 (IF: 0.91)"
1381,2023,공학 일반,808967342,문태수,1,0.0,0.0,"[고광택 물체 3D 형상 측정시 발생되는 잡음개선에 관한 연구]
   └ 학회: 한국산학기술학회 (IF: 0.91)"
1382,2023,공학 일반,130772825,임재성,1,0.0,0.0,"[딥러닝 기반 영상개선 네트워크를 활용한 저조도 영상개선 기법에 관한 연구]
   └ 학회: 한국산학기술학회 (IF: 0.91)"
1383,2023,공학 일반,913018954,김진환,1,0.0,0.0,"[딥러닝 기반 영상개선 네트워크를 활용한 저조도 영상개선 기법에 관한 연구]
   └ 학회: 한국산학기술학회 (IF: 0.91)"
1384,2023,공학 일반,641232962,김준영,1,0.0,0.0,"[PWHT 대체 원자로 냉각계통 예방정비를 위한 와이어 아크 적층 제조를 통한 용접부 상분율 제어]
   └ 학회: 한국산학기술학회 (IF: 0.91)"
1385,2023,공학 일반,255241186,김동진,1,0.0,0.0,"[PWHT 대체 원자로 냉각계통 예방정비를 위한 와이어 아크 적층 제조를 통한 용접부 상분율 제어]
   └ 학회: 한국산학기술학회 (IF: 0.91)"
1386,2023,공학 일반,264765619,최정석,1,0.0,0.0,"[BERT 기반 국내 스타트업-해외 바이어간 B2B 매칭 모델]
   └ 학회: 한국산학기술학회 (IF: 0.91)"
1387,2023,공학 일반,557678391,문남미,1,0.0,0.0,"[BERT 기반 국내 스타트업-해외 바이어간 B2B 매칭 모델]
   └ 학회: 한국산학기술학회 (IF: 0.91)"
1388,2023,공학 일반,232711,김성진,1,0.0,0.0,"[공공건설 사업정보의 디지털화 전략 수립에 관한 연구]
   └ 학회: 한국산학기술학회 (IF: 0.91)"
1389,2023,공학 일반,928124831,김범수,1,0.0,0.0,"[공공건설 사업정보의 디지털화 전략 수립에 관한 연구]
   └ 학회: 한국산학기술학회 (IF: 0.91)"
1390,2023,공학 일반,216534545,옥현,1,0.0,0.0,"[공공건설 사업정보의 디지털화 전략 수립에 관한 연구]
   └ 학회: 한국산학기술학회 (IF: 0.91)"
1391,2023,공학 일반,758480352,김태학,1,0.0,0.0,"[공공건설 사업정보의 디지털화 전략 수립에 관한 연구]
   └ 학회: 한국산학기술학회 (IF: 0.91)"
1392,2023,공학 일반,763282035,최용은,1,0.0,0.0,"[스위치 타이 탬퍼 작업주행용 카르단 샤프트의 고장 데이터 분석에 의한 교환주기 예측]
   └ 학회: 한국산학기술학회 (IF: 0.91)"
1393,2023,공학 일반,877034925,오효석,1,0.0,0.0,"[스위치 타이 탬퍼 작업주행용 카르단 샤프트의 고장 데이터 분석에 의한 교환주기 예측]
   └ 학회: 한국산학기술학회 (IF: 0.91)"
1394,2023,공학 일반,955807996,강병준,1,0.0,0.0,"[심층 신경망을 이용한 인간의 특정 행동에 따른 EEG 분석]
   └ 학회: 한국산학기술학회 (IF: 0.91)"
1395,2023,공학 일반,792154739,조현찬,1,0.0,0.0,"[심층 신경망을 이용한 인간의 특정 행동에 따른 EEG 분석]
   └ 학회: 한국산학기술학회 (IF: 0.91)"
1396,2023,공학 일반,542432213,박성수,1,0.0,0.0,"[서로 다른 축척비를 갖는 수평축 풍력발전기 축소모형의 후류 특성에 대한 실험적 연구]
   └ 학회: 한국산학기술학회 (IF: 0.91)"
1397,2023,공학 일반,989978520,김진옥,1,0.0,0.0,"[서로 다른 축척비를 갖는 수평축 풍력발전기 축소모형의 후류 특성에 대한 실험적 연구]
   └ 학회: 한국산학기술학회 (IF: 0.91)"
1398,2023,공학 일반,380050703,강상균,1,0.0,0.0,"[서로 다른 축척비를 갖는 수평축 풍력발전기 축소모형의 후류 특성에 대한 실험적 연구]
   └ 학회: 한국산학기술학회 (IF: 0.91)"
1399,2023,공학 일반,753609121,서대원,1,0.0,0.0,"[서로 다른 축척비를 갖는 수평축 풍력발전기 축소모형의 후류 특성에 대한 실험적 연구]
   └ 학회: 한국산학기술학회 (IF: 0.91)"
1400,2023,공학 일반,545192264,오정근,1,0.0,0.0,"[서로 다른 축척비를 갖는 수평축 풍력발전기 축소모형의 후류 특성에 대한 실험적 연구]
   └ 학회: 한국산학기술학회 (IF: 0.91)"
1401,2023,공학 일반,669957929,이장호,1,0.0,0.0,"[서로 다른 축척비를 갖는 수평축 풍력발전기 축소모형의 후류 특성에 대한 실험적 연구]
   └ 학회: 한국산학기술학회 (IF: 0.91)"
1402,2023,공학 일반,507552609,김선희,1,0.0,0.0,"[일반 아동의 음식 재질별 섭식 기능과 조음 능력의 관련 연구]
   └ 학회: 한국산학기술학회 (IF: 0.91)"
1403,2023,공학 일반,109192294,백용익,1,0.0,0.0,"[관절가동술이 만성 뇌졸중 환자 발목관절의 즉각적인 기능에 미치는 영향: 관절가동범위, 족저압과 보행능력]
   └ 학회: 한국산학기술학회 (IF: 0.91)"
1404,2023,공학 일반,463561149,이관우,1,0.0,0.0,"[관절가동술이 만성 뇌졸중 환자 발목관절의 즉각적인 기능에 미치는 영향: 관절가동범위, 족저압과 보행능력]
   └ 학회: 한국산학기술학회 (IF: 0.91)"
1405,2023,공학 일반,379126925,임종식,1,0.0,0.0,"[마이크로파 회로의 성능 측정을 위한 테스트 픽스춰의 개발]
   └ 학회: 한국산학기술학회 (IF: 0.91)"
1406,2023,공학 일반,146614345,박형식,1,0.0,0.0,"[마이크로파 회로의 성능 측정을 위한 테스트 픽스춰의 개발]
   └ 학회: 한국산학기술학회 (IF: 0.91)"
1407,2023,공학 일반,529265632,진철호,1,0.0,0.0,"[마이크로파 회로의 성능 측정을 위한 테스트 픽스춰의 개발]
   └ 학회: 한국산학기술학회 (IF: 0.91)"
1408,2023,공학 일반,711358152,한상민,1,0.0,0.0,"[마이크로파 회로의 성능 측정을 위한 테스트 픽스춰의 개발]
   └ 학회: 한국산학기술학회 (IF: 0.91)"
1409,2023,공학 일반,241878357,김주연,1,0.0,0.0,"[폐경여성의 지각된 건강상태, 자아존중감, 가족기능이 삶의 의미에 미치는 영향]
   └ 학회: 한국산학기술학회 (IF: 0.91)"
1410,2023,공학 일반,308858271,김훈,1,0.0,0.0,"[국산 밀 병행건조를 위한 순환식 횡류형 곡물건조기 온도별 건조속도 분석]
   └ 학회: 한국산학기술학회 (IF: 0.91)"
1411,2023,공학 일반,553288698,한영인,1,0.0,0.0,"[글로벌 시민 역량 함양 교과목의 효과 분석]
   └ 학회: 한국산학기술학회 (IF: 0.91)"
1412,2023,공학 일반,660272750,김선진,1,0.0,0.0,"[군용 전술 차량 전복 시 안전성 평가 방안에 관한 연구]
   └ 학회: 한국산학기술학회 (IF: 0.91)"
1413,2023,공학 일반,599835190,박진원,1,0.0,0.0,"[군용 전술 차량 전복 시 안전성 평가 방안에 관한 연구]
   └ 학회: 한국산학기술학회 (IF: 0.91)"
1414,2023,공학 일반,326543545,김록한,1,0.0,0.0,"[군용 전술 차량 전복 시 안전성 평가 방안에 관한 연구]
   └ 학회: 한국산학기술학회 (IF: 0.91)"
1415,2023,공학 일반,967139181,최영섭,1,0.0,0.0,"[국민내일배움카드 훈련 참여자 만족도 차이 분석]
   └ 학회: 한국산학기술학회 (IF: 0.91)"
1416,2023,공학 일반,297751937,함윤영,1,0.0,0.0,"[비지배 정렬 유전 알고리즘(NSGA-II)을 이용한 이중연료 RCCI 엔진의 연소성능 최적화에 대한 수치적 연구]
   └ 학회: 한국산학기술학회 (IF: 0.91)"
1417,2023,공학 일반,506874620,장효정,1,0.0,0.0,"[비지배 정렬 유전 알고리즘(NSGA-II)을 이용한 이중연료 RCCI 엔진의 연소성능 최적화에 대한 수치적 연구]
   └ 학회: 한국산학기술학회 (IF: 0.91)"
1418,2023,공학 일반,384022975,김종훈,1,0.0,0.0,"[영유아교사의 부모상담역량에 대한 교육요구도 분석]
   └ 학회: 한국산학기술학회 (IF: 0.91)"
1419,2023,공학 일반,859544815,곽대환,1,0.0,0.0,"[화재감지선 S/W 개선을 통한 자동소화장치 오동작 방지]
   └ 학회: 한국산학기술학회 (IF: 0.91)"
1420,2023,공학 일반,584090703,신형철,1,0.0,0.0,"[12m급 FRP 쌍동선의 구조강도 평가]
   └ 학회: 한국산학기술학회 (IF: 0.91)"
1421,2023,공학 일반,184050860,김호경,1,0.0,0.0,"[12m급 FRP 쌍동선의 구조강도 평가]
   └ 학회: 한국산학기술학회 (IF: 0.91)"
1422,2023,공학 일반,387410511,고대은,1,0.0,0.0,"[12m급 FRP 쌍동선의 구조강도 평가]
   └ 학회: 한국산학기술학회 (IF: 0.91)"
1423,2023,공학 일반,830954095,김순미,1,0.0,0.0,"[사상체질별 성격 및 소증(素證) 특성 -사상체질 진단 도구(SCAT)와 민간전문가에 의해 공통 체질로 판정된 대상자를 중심으로-]
   └ 학회: 한국산학기술학회 (IF: 0.91)"
1424,2023,공학 일반,472386885,김대현,1,0.0,0.0,"[자료포락분석 기반의 항공정비창 특성화 방안 연구: 비용 경제성 중심으로]
   └ 학회: 한국산학기술학회 (IF: 0.91)"
1425,2023,공학 일반,927215078,김진규,1,0.0,0.0,"[기술사업화 지원사업의 운영요소가 사업만족도와 취업가능성 인지에 미치는 영향에 관한 실증연구]
   └ 학회: 한국산학기술학회 (IF: 0.91)"
1426,2023,공학 일반,880930333,허은영,1,0.0,0.0,"[기술사업화 지원사업의 운영요소가 사업만족도와 취업가능성 인지에 미치는 영향에 관한 실증연구]
   └ 학회: 한국산학기술학회 (IF: 0.91)"
1427,2023,공학 일반,838785020,양종곤,1,0.0,0.0,"[기술사업화 지원사업의 운영요소가 사업만족도와 취업가능성 인지에 미치는 영향에 관한 실증연구]
   └ 학회: 한국산학기술학회 (IF: 0.91)"
1428,2023,공학 일반,134707518,정선우,1,0.0,0.0,"[군용하중급수 크기에 따른 장간조립교의 안전성 검토]
   └ 학회: 한국산학기술학회 (IF: 0.91)"
1429,2023,공학 일반,126429762,이준혁,1,0.0,0.0,"[군용하중급수 크기에 따른 장간조립교의 안전성 검토]
   └ 학회: 한국산학기술학회 (IF: 0.91)"
1430,2023,공학 일반,182236036,김동윤,1,0.0,0.0,"[군용하중급수 크기에 따른 장간조립교의 안전성 검토]
   └ 학회: 한국산학기술학회 (IF: 0.91)"
1431,2023,공학 일반,189479915,윤효진,1,0.0,0.0,"[개인 제독키트의 피부자극 및 안점막자극에 대한 위해성 평가 연구]
   └ 학회: 한국산학기술학회 (IF: 0.91)"
1432,2023,공학 일반,297738876,신재원,1,0.0,0.0,"[소구경화기 분산도 향상방안에 관한 연구]
   └ 학회: 한국산학기술학회 (IF: 0.91)"
1433,2023,공학 일반,985000974,김주석,1,0.0,0.0,"[염기성 물질 누출사고 대응을 위한 최적의 중화제 선정연구]
   └ 학회: 한국산학기술학회 (IF: 0.91)"
1434,2023,공학 일반,602076644,최아영,1,0.0,0.0,"[염기성 물질 누출사고 대응을 위한 최적의 중화제 선정연구]
   └ 학회: 한국산학기술학회 (IF: 0.91)"
1435,2023,공학 일반,731615893,엄수현,1,0.0,0.0,"[염기성 물질 누출사고 대응을 위한 최적의 중화제 선정연구]
   └ 학회: 한국산학기술학회 (IF: 0.91)"
1436,2023,공학 일반,451527354,박민지,1,0.0,0.0,"[결혼 여부에 따른 취업 여성의 의료 이용 영향요인 분석]
   └ 학회: 한국산학기술학회 (IF: 0.91)"
1437,2023,공학 일반,504195592,Doyoung Gim,1,0.0,0.0,"[The Effect of Social Capital as ‘Trust’ on the Attitude Determination for the Welfare State : Compared before and after the COVID-19 Pandemic]
   └ 학회: 한국산학기술학회 (IF: 0.91)"
1438,2023,공학 일반,202581482,조기정,1,0.0,0.0,"[김치프리미엄과 환율 변동 예측을 활용한 가상화폐의 통계적 차익거래 연구]
   └ 학회: 한국산학기술학회 (IF: 0.91)"
1439,2023,공학 일반,237271488,박종현,1,0.0,0.0,"[김치프리미엄과 환율 변동 예측을 활용한 가상화폐의 통계적 차익거래 연구]
   └ 학회: 한국산학기술학회 (IF: 0.91)"
1440,2023,공학 일반,241778319,안현철,1,0.0,0.0,"[김치프리미엄과 환율 변동 예측을 활용한 가상화폐의 통계적 차익거래 연구]
   └ 학회: 한국산학기술학회 (IF: 0.91)"
1441,2023,공학 일반,283047745,송성욱,1,0.0,0.0,"[군용 안테나의 Random Vibration 해석에 관한 연구]
   └ 학회: 한국산학기술학회 (IF: 0.91)"
1442,2023,공학 일반,417266544,정선우,1,0.0,0.0,"[군용 안테나의 Random Vibration 해석에 관한 연구]
   └ 학회: 한국산학기술학회 (IF: 0.91)"
1443,2023,공학 일반,762928638,주학,1,0.0,0.0,"[청소년의 또래애착이 학교생활적응에 미치는 영향: 자아존중감의 매개 효과]
   └ 학회: 한국산학기술학회 (IF: 0.91)"
1444,2023,공학 일반,909550504,고희숙,1,0.0,0.0,"[청소년의 또래애착이 학교생활적응에 미치는 영향: 자아존중감의 매개 효과]
   └ 학회: 한국산학기술학회 (IF: 0.91)"
1445,2023,공학 일반,533452614,유리호,1,0.0,0.0,"[한국 성인의 연령대별 건강식생활 실천과 이상지질혈증과의 관련성 연구: 심혈관계 질환을 진단 받지 않은 성인을 중심으로]
   └ 학회: 한국산학기술학회 (IF: 0.91)"
1446,2023,공학 일반,612632237,백다인,1,0.0,0.0,"[한국 성인의 연령대별 건강식생활 실천과 이상지질혈증과의 관련성 연구: 심혈관계 질환을 진단 받지 않은 성인을 중심으로]
   └ 학회: 한국산학기술학회 (IF: 0.91)"
1447,2023,공학 일반,605752884,이미지,1,0.0,0.0,"[한국 성인의 연령대별 건강식생활 실천과 이상지질혈증과의 관련성 연구: 심혈관계 질환을 진단 받지 않은 성인을 중심으로]
   └ 학회: 한국산학기술학회 (IF: 0.91)"
1448,2023,공학 일반,802667732,김영태,1,0.0,0.0,"[예비유아교사의 교사동기와 교직열정이 교직관에 미치는 영향]
   └ 학회: 한국산학기술학회 (IF: 0.91)"
1449,2023,공학 일반,779874946,이재용,1,0.0,0.0,"[자율운항 선박의 접안 시뮬레이션에 사용되는 경계 체적의 생성]
   └ 학회: 한국산학기술학회 (IF: 0.91)"
1450,2023,공학 일반,556642120,오재이,1,0.0,0.0,"[대중음악 보컬의 정량적 평가 기준을 위한 연구 -공간과 “OJ 플로우”에 관한 가설-]
   └ 학회: 한국산학기술학회 (IF: 0.91)"
1451,2023,공학 일반,991241919,홍기철,1,0.0,0.0,"[대중음악 보컬의 정량적 평가 기준을 위한 연구 -공간과 “OJ 플로우”에 관한 가설-]
   └ 학회: 한국산학기술학회 (IF: 0.91)"
1452,2023,공학 일반,654498143,박선향,1,0.0,0.0,"[대학 교수학습센터 비교과 프로그램의 통합적 성과평가 모형 연구]
   └ 학회: 한국산학기술학회 (IF: 0.91)"
1453,2023,공학 일반,350209353,김소영,1,0.0,0.0,"[비서의 직무스트레스에 관한 연구동향 분석]
   └ 학회: 한국산학기술학회 (IF: 0.91)"
1454,2023,공학 일반,470424126,송원익,1,0.0,0.0,"[여가활동 참여자의 라이프스타일, 여가촉진, 여가만족에 관한 연구]
   └ 학회: 한국산학기술학회 (IF: 0.91)"
1455,2023,공학 일반,184631488,안병욱,1,0.0,0.0,"[여가활동 참여자의 라이프스타일, 여가촉진, 여가만족에 관한 연구]
   └ 학회: 한국산학기술학회 (IF: 0.91)"
